kommun;kommun original;age;metric;1999;2000;2001;2002;2003;2004;2005;2006;2007;2008;2009;2010;2011;2012;2013;2014;2015;2016;2017;2018;2019;2020;2021;2022;2023
AarborteHattfjelldal;1826 Aarborte - Hattfjelldal;All ages;Average Gross income;151900;165100;175500;188100;188200;194100;203100;215100;239400;260100;261700;275600;288800;296400;300400;296400;311000;320700;353200;362000;386800;389300;409500;434800;458600
Åfjord;5018 Åfjord (2018-2019);All ages;Average Gross income;0;0;0;0;0;0;0;0;0;0;0;0;0;0;0;0;0;0;0;419600;444100;0;0;0;0
Åfjord;5058 Åfjord;All ages;Average Gross income;0;0;0;0;0;0;0;0;0;0;0;0;0;0;0;0;0;0;0;0;0;451100;488900;500500;522700
Åfjord;1630 Åfjord (-2017);All ages;Average Gross income;174300;187100;196500;207600;208500;221800;242500;235200;258000;280200;294600;297600;312600;335100;348700;374000;379100;395500;406500;0;0;0;0;0;0
Agdenes;5016 Agdenes (2018-2019);All ages;Average Gross income;0;0;0;0;0;0;0;0;0;0;0;0;0;0;0;0;0;0;0;402800;422800;0;0;0;0
Agdenes;1622 Agdenes (-2017);All ages;Average Gross income;168400;181500;193800;206600;200700;209300;242000;240200;255500;276100;273500;287700;305900;323500;339300;349100;358500;371800;384100;0;0;0;0;0;0
Ål;3043 Ål (2020-2023);All ages;Average Gross income;0;0;0;0;0;0;0;0;0;0;0;0;0;0;0;0;0;0;0;0;0;467500;507800;508800;522700
Ål;0619 Ål (-2019);All ages;Average Gross income;192100;211500;216400;232000;235300;240900;276700;260200;286100;306100;309100;324000;337800;347800;359700;377000;410500;409100;427700;438900;457900;0;0;0;0
Ål;3328 Ål;All ages;Average Gross income;0;0;0;0;0;0;0;0;0;0;0;0;0;0;0;0;0;0;0;0;0;0;0;0;0
Ålesund;1501 Ålesund (-1976);All ages;Average Gross income;0;0;0;0;0;0;0;0;0;0;0;0;0;0;0;0;0;0;0;0;0;0;0;0;0
Ålesund;1504 Ålesund (1977-2019);All ages;Average Gross income;225100;249900;249100;265900;286800;287700;326300;294500;330100;354700;356400;367300;388800;399100;415900;426600;442600;440000;457000;474000;490100;0;0;0;0
Ålesund;1507 Ålesund (2020-2023);All ages;Average Gross income;0;0;0;0;0;0;0;0;0;0;0;0;0;0;0;0;0;0;0;0;0;490800;539500;545600;582600
Ålesund;1508 Ålesund;All ages;Average Gross income;0;0;0;0;0;0;0;0;0;0;0;0;0;0;0;0;0;0;0;0;0;0;0;0;0
Alstahaug;1820 Alstahaug;All ages;Average Gross income;193100;199800;215700;226100;232800;236300;250100;255100;280700;305500;310700;327900;341700;357000;370900;376900;392500;395500;406300;425600;443700;452800;488000;499300;537600
Alta;5601 Alta;All ages;Average Gross income;0;0;0;0;0;0;0;0;0;0;0;0;0;0;0;0;0;0;0;0;0;0;0;0;0
Alta;5403 Alta (2020-2023);All ages;Average Gross income;0;0;0;0;0;0;0;0;0;0;0;0;0;0;0;0;0;0;0;0;0;475400;505900;530900;557800
Alta;2012 Alta (-2019);All ages;Average Gross income;197300;209700;221200;234000;244600;249100;267400;271600;292600;314100;320600;334300;352800;360600;371700;385400;402600;411600;426100;443100;460300;0;0;0;0
Alvdal;3428 Alvdal;All ages;Average Gross income;0;0;0;0;0;0;0;0;0;0;0;0;0;0;0;0;0;0;0;0;0;453200;476600;494000;523200
Alvdal;0438 Alvdal (-2019);All ages;Average Gross income;191100;203600;211700;223800;231100;233800;247400;250100;272500;291900;295100;306700;320500;339900;353100;362500;378000;395200;398900;413800;433800;0;0;0;0
Alver;4631 Alver;All ages;Average Gross income;0;0;0;0;0;0;0;0;0;0;0;0;0;0;0;0;0;0;0;0;0;475700;509700;529600;563200
Åmli;4217 Åmli;All ages;Average Gross income;0;0;0;0;0;0;0;0;0;0;0;0;0;0;0;0;0;0;0;0;0;425800;477700;479200;500800
Åmli;0929 Åmli (-2019);All ages;Average Gross income;184900;188600;192000;203000;203100;206300;231000;235400;255700;276800;286800;293800;315000;324900;332700;357600;386500;371600;405700;393200;413700;0;0;0;0
Åmot;3422 Åmot;All ages;Average Gross income;0;0;0;0;0;0;0;0;0;0;0;0;0;0;0;0;0;0;0;0;0;409300;432800;500300;522800
Åmot;0429 Åmot (-2019);All ages;Average Gross income;181200;191200;205500;214300;221700;238200;249200;250600;274700;291000;297100;302700;321100;345500;345200;359500;367100;371100;374600;389600;403100;0;0;0;0
Andebu;0719 Andebu (-2016);All ages;Average Gross income;200200;214900;222000;235900;246000;248400;270700;265800;293600;322700;319500;328300;342100;353600;367400;375300;393300;406800;0;0;0;0;0;0;0
Andøy;1871 Andøy;All ages;Average Gross income;189700;199600;212500;224800;227900;230300;251800;259900;278500;299200;313100;318900;341300;350700;358000;371700;381000;386700;424700;414500;441400;460700;488600;518900;545100
Ankenes;1855 Ankenes (-1973);All ages;Average Gross income;0;0;0;0;0;0;0;0;0;0;0;0;0;0;0;0;0;0;0;0;0;0;0;0;0
Årdal;4643 Årdal;All ages;Average Gross income;0;0;0;0;0;0;0;0;0;0;0;0;0;0;0;0;0;0;0;0;0;496100;525600;544500;585300
Årdal;1424 Årdal (-2019);All ages;Average Gross income;227800;239500;251600;265500;282300;280300;293300;297400;320200;350100;358400;364600;376700;384800;384200;396900;414000;424900;442900;467900;489000;0;0;0;0
Aremark;3124 Aremark;All ages;Average Gross income;0;0;0;0;0;0;0;0;0;0;0;0;0;0;0;0;0;0;0;0;0;0;0;0;0
Aremark;3012 Aremark (2020-2023);All ages;Average Gross income;0;0;0;0;0;0;0;0;0;0;0;0;0;0;0;0;0;0;0;0;0;438900;504800;483900;516500
Aremark;0118 Aremark (-2019);All ages;Average Gross income;404400;310800;216700;239500;240000;258900;360600;302900;309200;307900;308800;321500;352500;344600;347300;371100;392700;398700;408100;422700;434200;0;0;0;0
Arendal;4203 Arendal;All ages;Average Gross income;0;0;0;0;0;0;0;0;0;0;0;0;0;0;0;0;0;0;0;0;0;455700;491400;502800;534200
Arendal;0903 Arendal (-1991);All ages;Average Gross income;0;0;0;0;0;0;0;0;0;0;0;0;0;0;0;0;0;0;0;0;0;0;0;0;0
Arendal;0906 Arendal (1992-2019);All ages;Average Gross income;205300;217800;228900;242800;254000;256800;278500;276200;301300;327900;332100;338900;353900;369000;384100;394000;411300;410700;417100;429500;441600;0;0;0;0
Arna;1250 Arna (1964-1971);All ages;Average Gross income;0;0;0;0;0;0;0;0;0;0;0;0;0;0;0;0;0;0;0;0;0;0;0;0;0
Ås;3218 Ås;All ages;Average Gross income;0;0;0;0;0;0;0;0;0;0;0;0;0;0;0;0;0;0;0;0;0;0;0;0;0
Ås;3021 Ås (2020-2023);All ages;Average Gross income;0;0;0;0;0;0;0;0;0;0;0;0;0;0;0;0;0;0;0;0;0;479400;517900;529000;553500
Ås;0214 Ås (-2019);All ages;Average Gross income;241700;253600;263700;279400;286400;288200;307600;304500;329200;348900;346100;355200;371300;384000;405800;417200;427400;434300;453500;448100;461300;0;0;0;0
Åsane;1255 Åsane (-1971);All ages;Average Gross income;0;0;0;0;0;0;0;0;0;0;0;0;0;0;0;0;0;0;0;0;0;0;0;0;0
Åseral;4224 Åseral;All ages;Average Gross income;0;0;0;0;0;0;0;0;0;0;0;0;0;0;0;0;0;0;0;0;0;450000;508300;516900;546500
Åseral;1026 Åseral (-2019);All ages;Average Gross income;184200;192300;209300;220000;218900;229500;258100;255400;294300;318300;334500;336000;345400;355000;368200;374100;377700;379500;406900;415400;439900;0;0;0;0
Asker;3203 Asker;All ages;Average Gross income;0;0;0;0;0;0;0;0;0;0;0;0;0;0;0;0;0;0;0;0;0;0;0;0;0
Asker;3025 Asker (2020-2023);All ages;Average Gross income;0;0;0;0;0;0;0;0;0;0;0;0;0;0;0;0;0;0;0;0;0;602100;674800;662900;702400
Asker;0220 Asker (-2019);All ages;Average Gross income;302500;341200;329700;376100;370200;393200;447900;387500;432900;455900;447700;466400;487500;501900;529800;554700;590600;576600;596100;601400;632500;0;0;0;0
Askim;0124 Askim (-2019);All ages;Average Gross income;206400;219300;229000;240000;248300;251900;272000;264500;291400;311500;310300;322200;334500;347200;359300;371900;391400;393500;412700;416900;432100;0;0;0;0
Askøy;4627 Askøy;All ages;Average Gross income;0;0;0;0;0;0;0;0;0;0;0;0;0;0;0;0;0;0;0;0;0;482800;519900;536900;571100
Askøy;1247 Askøy (-2019);All ages;Average Gross income;205500;217500;228200;242400;252000;261200;277500;289600;315300;342200;345900;358900;374800;395600;415100;426600;436700;441000;445900;455100;473400;0;0;0;0
Askvoll;4645 Askvoll;All ages;Average Gross income;0;0;0;0;0;0;0;0;0;0;0;0;0;0;0;0;0;0;0;0;0;467700;542600;524000;549400
Askvoll;1428 Askvoll (-2019);All ages;Average Gross income;180000;194600;209700;217500;215600;230800;246300;244600;264400;288800;297600;312100;328900;345400;358700;370300;402200;398200;410900;424400;447200;0;0;0;0
Åsnes;3418 Åsnes;All ages;Average Gross income;0;0;0;0;0;0;0;0;0;0;0;0;0;0;0;0;0;0;0;0;0;414000;441700;461700;485100
Åsnes;0425 Åsnes (-2019);All ages;Average Gross income;179200;189300;198700;212000;215200;222800;234200;235100;257700;277400;278400;287600;301100;314300;327600;335200;349100;363900;379800;390700;406100;0;0;0;0
Audnedal;1027 Audnedal (1964-2019);All ages;Average Gross income;185100;196600;208400;219500;219800;231000;254700;258800;286300;310800;311600;321900;343800;354200;372600;376300;391300;393900;410700;416500;440300;0;0;0;0
Aukra;1547 Aukra;All ages;Average Gross income;201200;208700;216500;234400;242300;258300;265500;279700;310700;336200;340400;355200;368600;387900;407800;422100;440000;431900;430100;456600;463700;477100;505200;520400;551700
Aure;1569 Aure (-2005);All ages;Average Gross income;178100;194000;203600;215400;219200;227400;0;0;0;0;0;0;0;0;0;0;0;0;0;0;0;0;0;0;0
Aure;1576 Aure;All ages;Average Gross income;0;0;0;0;0;0;242900;259400;279300;300800;307100;317000;334500;350400;365300;377100;400900;396000;406400;424000;449900;457500;483000;511600;536000
Aurland;4641 Aurland;All ages;Average Gross income;0;0;0;0;0;0;0;0;0;0;0;0;0;0;0;0;0;0;0;0;0;446900;475400;503300;557500
Aurland;1421 Aurland (-2019);All ages;Average Gross income;190700;200800;214700;229100;239300;246200;261700;258500;287100;311700;317000;329200;342900;355600;370500;377200;400500;408300;422100;438600;450900;0;0;0;0
AurskogHøland;3226 Aurskog-Høland;All ages;Average Gross income;0;0;0;0;0;0;0;0;0;0;0;0;0;0;0;0;0;0;0;0;0;0;0;0;0
AurskogHøland;3026 Aurskog-Høland (2020-2023);All ages;Average Gross income;0;0;0;0;0;0;0;0;0;0;0;0;0;0;0;0;0;0;0;0;0;450000;483400;503800;526200
AurskogHøland;0221 Aurskog-Høland (1966-2019);All ages;Average Gross income;202800;216300;226600;239200;245700;251300;270700;270100;291700;313500;314800;325300;337300;352600;367800;378600;392600;400700;414600;424300;443400;0;0;0;0
Austevoll;4625 Austevoll;All ages;Average Gross income;0;0;0;0;0;0;0;0;0;0;0;0;0;0;0;0;0;0;0;0;0;637900;678900;685800;740100
Austevoll;1244 Austevoll (-2019);All ages;Average Gross income;237100;266100;277400;294000;327700;306100;359200;314800;360200;395900;402000;439700;471500;457700;475200;505200;532500;540900;547600;593200;615400;0;0;0;0
Austrheim;4632 Austrheim;All ages;Average Gross income;0;0;0;0;0;0;0;0;0;0;0;0;0;0;0;0;0;0;0;0;0;487400;535900;567100;605400
Austrheim;1264 Austrheim (1910-2019);All ages;Average Gross income;245000;244800;256600;311700;281200;289700;384200;309200;343700;364600;372800;378500;398500;419800;440000;443900;465900;444400;447400;461400;486000;0;0;0;0
Averøy;1554 Averøy;All ages;Average Gross income;194600;205200;217900;230000;238100;244400;273000;270200;297900;323400;324600;341600;377000;380800;400800;415400;431500;431700;441700;451600;476000;485800;522400;535700;570400
Bærum;3201 Bærum;All ages;Average Gross income;0;0;0;0;0;0;0;0;0;0;0;0;0;0;0;0;0;0;0;0;0;0;0;0;0
Bærum;3024 Bærum (2020-2023);All ages;Average Gross income;0;0;0;0;0;0;0;0;0;0;0;0;0;0;0;0;0;0;0;0;0;688200;787200;763900;806700
Bærum;0219 Bærum (-2019);All ages;Average Gross income;309200;352800;341200;370300;385600;401300;440800;407500;453700;478200;465600;489000;508800;528500;548300;572300;629200;606400;634400;642500;661500;0;0;0;0
Balestrand;1418 Balestrand (-2019);All ages;Average Gross income;190000;202000;212200;220000;221200;225700;242300;247800;275400;294800;299900;313500;327100;340300;349900;360300;371200;377200;391100;400600;428800;0;0;0;0
Ballangen;1854 Ballangen (1925-2019);All ages;Average Gross income;172100;181700;193700;206900;213100;219000;222200;232400;250500;271500;282400;291600;301400;320800;330700;346600;361100;370400;373700;378900;400600;0;0;0;0
Balsfjord;5532 Balsfjord;All ages;Average Gross income;0;0;0;0;0;0;0;0;0;0;0;0;0;0;0;0;0;0;0;0;0;0;0;0;0
Balsfjord;5422 Balsfjord (2020-2023);All ages;Average Gross income;0;0;0;0;0;0;0;0;0;0;0;0;0;0;0;0;0;0;0;0;0;433100;451900;471100;498200
Balsfjord;1933 Balsfjord (-2019);All ages;Average Gross income;173700;186800;193800;204800;209300;218400;228600;236900;258700;278600;283500;296600;313400;327100;339000;349200;369000;372800;383000;397300;419700;0;0;0;0
Bamble;3813 Bamble (2020-2023);All ages;Average Gross income;0;0;0;0;0;0;0;0;0;0;0;0;0;0;0;0;0;0;0;0;0;475200;525800;532700;553400
Bamble;4012 Bamble;All ages;Average Gross income;0;0;0;0;0;0;0;0;0;0;0;0;0;0;0;0;0;0;0;0;0;0;0;0;0
Bamble;0814 Bamble (-2019);All ages;Average Gross income;213100;224100;236300;249300;253800;259100;278000;284300;311000;333700;352600;344100;360100;375000;388900;401100;413800;420500;428300;440500;459800;0;0;0;0
Bardu;5520 Bardu;All ages;Average Gross income;0;0;0;0;0;0;0;0;0;0;0;0;0;0;0;0;0;0;0;0;0;0;0;0;0
Bardu;5416 Bardu (2020-2023);All ages;Average Gross income;0;0;0;0;0;0;0;0;0;0;0;0;0;0;0;0;0;0;0;0;0;479000;502100;529100;561100
Bardu;1922 Bardu (-2019);All ages;Average Gross income;203700;218200;230600;246800;253300;259600;269100;283800;310400;324700;332500;343500;362100;372900;375100;388400;404700;421800;432600;457100;468600;0;0;0;0
Båtsfjord;5632 Båtsfjord;All ages;Average Gross income;0;0;0;0;0;0;0;0;0;0;0;0;0;0;0;0;0;0;0;0;0;0;0;0;0
Båtsfjord;5443 Båtsfjord (2020-2023);All ages;Average Gross income;0;0;0;0;0;0;0;0;0;0;0;0;0;0;0;0;0;0;0;0;0;436200;466900;494700;511600
Båtsfjord;2028 Båtsfjord (1955-2019);All ages;Average Gross income;210500;221800;231000;237000;237600;244300;249100;254100;272300;292000;306000;311900;330500;340300;343500;361400;376700;395600;413100;419800;425100;0;0;0;0
Beiarn;1839 Beiarn;All ages;Average Gross income;146700;155500;164900;178500;177400;185700;196000;206800;228800;254700;266300;278300;289400;301600;340600;326300;334200;338700;350200;364900;377300;388300;404900;411000;432100
Berg;0116 Berg  (-1966);All ages;Average Gross income;0;0;0;0;0;0;0;0;0;0;0;0;0;0;0;0;0;0;0;0;0;0;0;0;0
Berg;1929 Berg (-2019);All ages;Average Gross income;190900;200900;210100;225000;216800;227800;246400;248600;276900;287700;293200;315200;324700;335500;347400;354800;370600;379900;395700;427900;453700;0;0;0;0
Bergen;4601 Bergen;All ages;Average Gross income;0;0;0;0;0;0;0;0;0;0;0;0;0;0;0;0;0;0;0;0;0;505400;555600;558500;596600
Bergen;1201 Bergen (1972-2019);All ages;Average Gross income;228700;245100;252100;271100;286900;295900;330000;307700;334900;360500;363200;375300;393600;410900;427800;442200;462600;452900;463400;477100;491700;0;0;0;0
Bergen;1301 Bergen (-1971);All ages;Average Gross income;0;0;0;0;0;0;0;0;0;0;0;0;0;0;0;0;0;0;0;0;0;0;0;0;0
Berlevåg;5630 Berlevåg;All ages;Average Gross income;0;0;0;0;0;0;0;0;0;0;0;0;0;0;0;0;0;0;0;0;0;0;0;0;0
Berlevåg;5440 Berlevåg (2020-2023);All ages;Average Gross income;0;0;0;0;0;0;0;0;0;0;0;0;0;0;0;0;0;0;0;0;0;449500;488600;500800;535400
Berlevåg;2024 Berlevåg (1914-2019);All ages;Average Gross income;188700;196000;211300;222600;220700;222800;235200;242700;259700;286600;290300;300700;323500;335000;339600;343100;367600;390900;412600;426900;436100;0;0;0;0
Bindal;1811 Bindal;All ages;Average Gross income;161300;168600;179000;190500;191500;200000;217000;217700;240600;259300;266600;278400;293300;307200;316600;329300;349000;360800;383500;384300;398500;415700;509700;448000;489600
Birkenes;4216 Birkenes;All ages;Average Gross income;0;0;0;0;0;0;0;0;0;0;0;0;0;0;0;0;0;0;0;0;0;433200;470800;471200;498400
Birkenes;0928 Birkenes (-2019);All ages;Average Gross income;183300;196700;206300;218700;228400;233600;248700;255200;282300;305800;304700;311000;328000;340600;351300;363300;375400;373900;393800;414500;430000;0;0;0;0
Bjarkøy;1915 Bjarkøy (-2012);All ages;Average Gross income;165700;176000;189300;206100;208300;220000;227500;237900;265000;287200;293000;312600;323900;0;0;0;0;0;0;0;0;0;0;0;0
Bjerkreim;1114 Bjerkreim;All ages;Average Gross income;204100;214400;221300;244400;247500;259500;283800;279000;318300;348000;345500;357200;377500;397100;418800;430100;450300;440700;446200;451900;471800;499400;540500;552400;586600
Bjørnafjorden;4624 Bjørnafjorden;All ages;Average Gross income;0;0;0;0;0;0;0;0;0;0;0;0;0;0;0;0;0;0;0;0;0;495500;534300;547600;583200
Bjørnøyanaturereserve;2121 Bjørnøya naturereserve;All ages;Average Gross income;0;0;0;0;0;0;0;0;0;0;0;0;0;0;0;0;0;0;0;0;0;0;0;0;0
Bjugn;5017 Bjugn (2018-2019);All ages;Average Gross income;0;0;0;0;0;0;0;0;0;0;0;0;0;0;0;0;0;0;0;423400;435400;0;0;0;0
Bjugn;1627 Bjugn (-2017);All ages;Average Gross income;174800;185500;196200;210600;216300;220700;234800;242200;261600;283500;294600;301800;318200;334600;346300;363600;376600;390200;408800;0;0;0;0;0;0
Bodin;1843 Bodin (-1967);All ages;Average Gross income;0;0;0;0;0;0;0;0;0;0;0;0;0;0;0;0;0;0;0;0;0;0;0;0;0
Bodø;1804 Bodø;All ages;Average Gross income;223600;234700;250700;264300;277000;277200;302100;298700;320400;342700;348100;357800;377000;389100;405800;417900;434700;441100;452100;472300;485700;502400;542400;544500;579400
Bokn;1145 Bokn;All ages;Average Gross income;198000;206700;218900;238100;252900;239900;256700;276300;330900;325700;324800;351300;368700;381900;394200;409800;421400;427500;430400;446700;472500;500300;523500;562200;590100
Bømlo;4613 Bømlo;All ages;Average Gross income;0;0;0;0;0;0;0;0;0;0;0;0;0;0;0;0;0;0;0;0;0;491500;532700;544600;583300
Bømlo;1219 Bømlo (1916-2019);All ages;Average Gross income;202500;211900;224200;244700;267700;295300;312900;283100;317500;338900;350600;359500;380100;393300;411700;427900;471700;431500;435600;449500;470900;0;0;0;0
BøNordland;1867 Bø (Nordland);All ages;Average Gross income;163700;196300;185700;194200;194400;201900;217500;221400;239500;269200;264300;273600;295100;309300;316300;329800;344000;353500;368000;379000;404700;413100;622600;478600;532600
Borge;0113 Borge (-1993);All ages;Average Gross income;0;0;0;0;0;0;0;0;0;0;0;0;0;0;0;0;0;0;0;0;0;0;0;0;0
Borre;0717 Borre (-1987);All ages;Average Gross income;0;0;0;0;0;0;0;0;0;0;0;0;0;0;0;0;0;0;0;0;0;0;0;0;0
BøTelemark;0821 Bø (Telemark) (-2019);All ages;Average Gross income;191700;203900;212900;224900;228000;233600;260800;206100;282100;301200;304700;311900;326800;334300;346900;358600;378400;378000;384200;388800;402200;0;0;0;0
Bremanger;4648 Bremanger;All ages;Average Gross income;0;0;0;0;0;0;0;0;0;0;0;0;0;0;0;0;0;0;0;0;0;453200;477500;494000;531500
Bremanger;1438 Bremanger (-2019);All ages;Average Gross income;192600;204700;218100;224900;227100;232500;247800;255500;281900;302600;303900;314200;334300;342900;347400;374300;383800;388700;397100;409500;434100;0;0;0;0
Brønnøy;1813 Brønnøy;All ages;Average Gross income;187500;198900;210900;219300;228800;241600;255800;255300;280500;302000;307800;319600;339100;353700;368300;379600;399800;403700;411100;423600;444100;458300;584700;504200;541500
Brønnøy;1814 Brønnøy (-1976);All ages;Average Gross income;0;0;0;0;0;0;0;0;0;0;0;0;0;0;0;0;0;0;0;0;0;0;0;0;0
Brunlanes;0726 Brunlanes (-1987);All ages;Average Gross income;0;0;0;0;0;0;0;0;0;0;0;0;0;0;0;0;0;0;0;0;0;0;0;0;0
Bygland;4220 Bygland;All ages;Average Gross income;0;0;0;0;0;0;0;0;0;0;0;0;0;0;0;0;0;0;0;0;0;441900;468600;474100;516100
Bygland;0938 Bygland (-2019);All ages;Average Gross income;173800;181300;198000;206400;217600;223300;248200;251800;282900;299000;303100;310900;332500;343900;357300;373300;368500;363400;389900;410800;426500;0;0;0;0
Bykle;4222 Bykle;All ages;Average Gross income;0;0;0;0;0;0;0;0;0;0;0;0;0;0;0;0;0;0;0;0;0;508200;536800;515200;568800
Bykle;0941 Bykle (-2019);All ages;Average Gross income;203800;229300;233900;252500;264500;302400;397700;352800;327800;365300;358500;358800;404000;407100;446100;432100;439500;431400;456900;509400;493200;0;0;0;0
Continentalshelf;2300 Continental shelf;All ages;Average Gross income;0;0;0;0;0;0;0;0;0;0;0;0;0;0;0;0;0;0;0;0;0;0;0;0;0
DeatnuTana;5628 Deatnu - Tana;All ages;Average Gross income;0;0;0;0;0;0;0;0;0;0;0;0;0;0;0;0;0;0;0;0;0;0;0;0;0
DeatnuTana;5441 Deatnu - Tana (2020-2023);All ages;Average Gross income;0;0;0;0;0;0;0;0;0;0;0;0;0;0;0;0;0;0;0;0;0;438900;474900;498200;521200
DeatnuTana;2025 Deatnu - Tana (-2019);All ages;Average Gross income;180700;189500;200200;208900;220300;231900;239900;244000;267800;284400;295700;309400;328600;342900;350400;371600;379400;391400;393700;413900;427100;0;0;0;0
DielddanuorriTjeldsund;5512 Dielddanuorri - Tjeldsund;All ages;Average Gross income;0;0;0;0;0;0;0;0;0;0;0;0;0;0;0;0;0;0;0;0;0;0;0;0;0
DielddanuorriTjeldsund;5412 Dielddanuorri - Tjeldsund (2020-2023);All ages;Average Gross income;0;0;0;0;0;0;0;0;0;0;0;0;0;0;0;0;0;0;0;0;0;432900;467100;490100;503300
DivtasvuodnaTysfjord;1850 Divtasvuodna - Tysfjord (-2019);All ages;Average Gross income;169900;180900;192600;207900;210900;215800;223600;237700;252000;276200;282000;293100;308000;318400;331200;344700;361200;367800;372800;390900;408000;0;0;0;0
Dønna;1827 Dønna;All ages;Average Gross income;168500;179300;189700;202500;205900;209700;223700;227200;262100;281400;287600;299800;327800;332700;355400;369400;379900;391500;397400;475500;447300;455200;512100;506400;553300
Dovre;3431 Dovre;All ages;Average Gross income;0;0;0;0;0;0;0;0;0;0;0;0;0;0;0;0;0;0;0;0;0;415700;440400;461200;495200
Dovre;0511 Dovre (-2019);All ages;Average Gross income;181800;196800;205600;215900;218300;224800;238500;241300;263200;280600;281300;292200;308200;315800;332800;343500;358100;360200;376400;392300;409200;0;0;0;0
Drammen;3005 Drammen (2020-2023);All ages;Average Gross income;0;0;0;0;0;0;0;0;0;0;0;0;0;0;0;0;0;0;0;0;0;477700;523300;526300;554900
Drammen;0602 Drammen (-2019);All ages;Average Gross income;226800;247000;248700;271200;276600;292900;315100;289100;316300;344400;344600;354800;371100;388000;400200;410200;435800;432500;442100;456100;475700;0;0;0;0
Drammen;3301 Drammen;All ages;Average Gross income;0;0;0;0;0;0;0;0;0;0;0;0;0;0;0;0;0;0;0;0;0;0;0;0;0
Drangedal;3815 Drangedal (2020-2023);All ages;Average Gross income;0;0;0;0;0;0;0;0;0;0;0;0;0;0;0;0;0;0;0;0;0;421500;440700;460600;494600
Drangedal;4016 Drangedal;All ages;Average Gross income;0;0;0;0;0;0;0;0;0;0;0;0;0;0;0;0;0;0;0;0;0;0;0;0;0
Drangedal;0817 Drangedal (-2019);All ages;Average Gross income;175200;187100;195500;210100;217400;219500;243900;243000;265400;283900;285300;298800;314900;328300;343200;352100;362000;369700;382200;394900;411900;0;0;0;0
Dyrøy;5528 Dyrøy;All ages;Average Gross income;0;0;0;0;0;0;0;0;0;0;0;0;0;0;0;0;0;0;0;0;0;0;0;0;0
Dyrøy;5420 Dyrøy (2020-2023);All ages;Average Gross income;0;0;0;0;0;0;0;0;0;0;0;0;0;0;0;0;0;0;0;0;0;422100;450400;454100;499000
Dyrøy;1926 Dyrøy (-2019);All ages;Average Gross income;167000;176200;190800;195200;203500;209300;217400;229600;252000;276100;280900;293400;309600;320400;334200;349600;360600;376800;383300;397400;412400;0;0;0;0
Eid;1443 Eid (-2019);All ages;Average Gross income;195100;205400;216600;232600;242300;250200;257500;256700;282900;304900;307900;320500;343800;354700;375400;385000;396100;400900;412300;429000;437600;0;0;0;0
Eide;1551 Eide (-2019);All ages;Average Gross income;201300;209600;221400;234600;238000;254900;273000;266300;293000;319900;326400;332500;347000;361400;375900;398100;416000;420900;429600;445100;465200;0;0;0;0
Eidfjord;4619 Eidfjord;All ages;Average Gross income;0;0;0;0;0;0;0;0;0;0;0;0;0;0;0;0;0;0;0;0;0;493100;551500;570100;565700
Eidfjord;1232 Eidfjord (-2019);All ages;Average Gross income;188000;203000;214600;228700;237100;242800;283800;267600;294300;319200;320700;333300;352200;376400;396900;415300;441700;472400;457100;461300;486000;0;0;0;0
Eidsberg;0125 Eidsberg (-2019);All ages;Average Gross income;201400;219100;224800;242300;253200;257800;279600;262100;286000;308800;306100;315700;328700;334800;348100;359100;381500;384000;400700;410800;429300;0;0;0;0
Eidskog;3416 Eidskog;All ages;Average Gross income;0;0;0;0;0;0;0;0;0;0;0;0;0;0;0;0;0;0;0;0;0;401800;434500;446400;479300
Eidskog;0420 Eidskog (-2019);All ages;Average Gross income;176400;187900;203900;207500;212300;220300;231500;230400;251700;268300;272600;281200;299700;310200;318600;329700;347100;355100;365300;377000;391600;0;0;0;0
Eidsvoll;3240 Eidsvoll;All ages;Average Gross income;0;0;0;0;0;0;0;0;0;0;0;0;0;0;0;0;0;0;0;0;0;0;0;0;0
Eidsvoll;3035 Eidsvoll (2020-2023);All ages;Average Gross income;0;0;0;0;0;0;0;0;0;0;0;0;0;0;0;0;0;0;0;0;0;459000;486500;507900;534700
Eidsvoll;0237 Eidsvoll (-2019);All ages;Average Gross income;214400;235500;237800;257300;261500;262500;281000;280300;303600;326100;327000;337700;353900;368400;381100;393500;408500;415400;423700;440100;451900;0;0;0;0
Eigersund;1101 Eigersund;All ages;Average Gross income;214300;224900;236400;259200;262200;267500;301500;285800;316700;345200;349500;359600;374900;399700;416100;432800;445800;435000;438400;453400;499000;490000;520700;525600;560700
Elverum;3420 Elverum;All ages;Average Gross income;0;0;0;0;0;0;0;0;0;0;0;0;0;0;0;0;0;0;0;0;0;446700;478000;489200;521800
Elverum;0427 Elverum (-2019);All ages;Average Gross income;197500;209300;221000;235600;247500;250500;263000;263600;286100;306900;312800;323100;337800;351600;364500;376500;391300;395200;407200;419200;433800;0;0;0;0
Enebakk;3220 Enebakk;All ages;Average Gross income;0;0;0;0;0;0;0;0;0;0;0;0;0;0;0;0;0;0;0;0;0;0;0;0;0
Enebakk;3028 Enebakk (2020-2023);All ages;Average Gross income;0;0;0;0;0;0;0;0;0;0;0;0;0;0;0;0;0;0;0;0;0;476600;515500;520400;551800
Enebakk;0229 Enebakk (-2019);All ages;Average Gross income;226900;246900;253800;270600;286900;283100;295000;299900;328400;350900;351600;361600;376100;389500;405800;419000;437500;434900;444900;455700;467400;0;0;0;0
Engerdal;3425 Engerdal;All ages;Average Gross income;0;0;0;0;0;0;0;0;0;0;0;0;0;0;0;0;0;0;0;0;0;386700;418700;406500;415700
Engerdal;0434 Engerdal (1911-2019);All ages;Average Gross income;157700;167000;178400;188700;192300;199900;220500;218900;234300;256200;257500;272700;287900;296300;304400;312200;327900;335500;348000;372100;380500;0;0;0;0
Etne;4611 Etne;All ages;Average Gross income;0;0;0;0;0;0;0;0;0;0;0;0;0;0;0;0;0;0;0;0;0;467600;543300;524700;582300
Etne;1211 Etne (-2019);All ages;Average Gross income;192300;208000;231600;230400;239300;241400;258400;260100;304600;320400;322000;334800;357300;375200;385500;405700;415100;411600;418700;439700;462600;0;0;0;0
Etnedal;3450 Etnedal;All ages;Average Gross income;0;0;0;0;0;0;0;0;0;0;0;0;0;0;0;0;0;0;0;0;0;407600;431900;439700;448700
Etnedal;0541 Etnedal (-2019);All ages;Average Gross income;163800;174400;186000;196600;215700;214800;244400;234100;255800;271400;267700;270200;279900;283200;286000;295900;336600;361600;379300;386800;396400;0;0;0;0
EvenesEvenássi;1853 Evenes - Evenássi;All ages;Average Gross income;169900;176400;189600;204400;214100;219200;236400;240400;267200;284600;291500;298800;313100;328000;336700;344000;357200;366600;372600;383500;393200;401300;426200;512600;498200
EvjeogHornnes;4219 Evje og Hornnes;All ages;Average Gross income;0;0;0;0;0;0;0;0;0;0;0;0;0;0;0;0;0;0;0;0;0;428700;464000;455600;473500
EvjeogHornnes;0937 Evje og Hornnes (1960-2019);All ages;Average Gross income;187500;201200;208400;225800;234200;240300;262600;256800;279800;303400;309700;320800;329800;344200;355700;361700;374600;383600;384900;402400;419500;0;0;0;0
Færder;3811 Færder (2020-2023);All ages;Average Gross income;0;0;0;0;0;0;0;0;0;0;0;0;0;0;0;0;0;0;0;0;0;507900;569300;568600;590500
Færder;3911 Færder;All ages;Average Gross income;0;0;0;0;0;0;0;0;0;0;0;0;0;0;0;0;0;0;0;0;0;0;0;0;0
Færder;0729 Færder (2018-2019);All ages;Average Gross income;0;0;0;0;0;0;0;0;0;0;0;0;0;0;0;0;0;0;0;474700;496200;0;0;0;0
Fana;1249 Fana (-1971);All ages;Average Gross income;0;0;0;0;0;0;0;0;0;0;0;0;0;0;0;0;0;0;0;0;0;0;0;0;0
Farsund;4206 Farsund;All ages;Average Gross income;0;0;0;0;0;0;0;0;0;0;0;0;0;0;0;0;0;0;0;0;0;454100;488300;503100;523700
Farsund;1003 Farsund (-2019);All ages;Average Gross income;203200;212200;223100;237300;239200;247000;278000;270300;299800;323700;327400;336900;354000;376000;387300;400200;408600;399400;405900;424100;445500;0;0;0;0
FauskeFuosko;1841 Fauske - Fuosko;All ages;Average Gross income;185500;203400;207200;220800;230100;231300;247000;253600;278400;302400;311800;320800;336700;350300;366800;378000;393200;397300;408700;424700;442500;456000;483400;500100;522600
Fedje;4633 Fedje;All ages;Average Gross income;0;0;0;0;0;0;0;0;0;0;0;0;0;0;0;0;0;0;0;0;0;449300;512900;493700;531100
Fedje;1265 Fedje (1948-2019);All ages;Average Gross income;196800;201300;222100;235600;232600;234700;256100;267200;293500;320000;334400;354400;377300;384700;388800;405300;405900;405900;417100;437400;472600;0;0;0;0
Fet;0227 Fet (-2019);All ages;Average Gross income;242200;265000;266800;347200;300500;345000;319400;311100;338300;365700;371800;376500;388900;409000;421600;435300;461400;457200;478400;500200;521400;0;0;0;0
Finnøy;1141 Finnøy (-2019);All ages;Average Gross income;197100;208700;218700;235400;236100;242500;273400;280000;310600;338700;338300;365700;391800;412100;436000;448300;455800;456800;463600;470900;493400;0;0;0;0
Fitjar;4615 Fitjar;All ages;Average Gross income;0;0;0;0;0;0;0;0;0;0;0;0;0;0;0;0;0;0;0;0;0;465700;505300;511400;551400
Fitjar;1222 Fitjar (-2019);All ages;Average Gross income;199700;205600;220000;239100;255200;256900;289700;277400;326300;337400;357200;376300;379600;388000;404300;429000;437800;422800;424900;437400;458600;0;0;0;0
Fjære;0923 Fjære (-1970);All ages;Average Gross income;0;0;0;0;0;0;0;0;0;0;0;0;0;0;0;0;0;0;0;0;0;0;0;0;0
Fjaler;4646 Fjaler;All ages;Average Gross income;0;0;0;0;0;0;0;0;0;0;0;0;0;0;0;0;0;0;0;0;0;417800;562100;455800;506100
Fjaler;1429 Fjaler (-2019);All ages;Average Gross income;168100;180700;195800;211500;211100;218200;227100;228100;246700;271700;272500;278600;303400;319700;330600;346400;377800;370900;383800;396100;420900;0;0;0;0
Fjell;1246 Fjell (-2019);All ages;Average Gross income;225800;241200;252800;268500;282700;288200;322800;307700;341500;361200;367500;376300;401700;417200;435800;447700;463200;455100;464000;475000;490800;0;0;0;0
Fjord;1578 Fjord;All ages;Average Gross income;0;0;0;0;0;0;0;0;0;0;0;0;0;0;0;0;0;0;0;0;0;423400;453800;488300;507400
Flå;3039 Flå (2020-2023);All ages;Average Gross income;0;0;0;0;0;0;0;0;0;0;0;0;0;0;0;0;0;0;0;0;0;474700;514500;513600;548700
Flå;0615 Flå (-2019);All ages;Average Gross income;190400;202500;204300;221000;225100;234000;292600;256500;290100;303200;313900;324800;338500;355800;364800;390100;382600;388000;405000;423200;450200;0;0;0;0
Flå;3320 Flå;All ages;Average Gross income;0;0;0;0;0;0;0;0;0;0;0;0;0;0;0;0;0;0;0;0;0;0;0;0;0
Flakstad;1859 Flakstad;All ages;Average Gross income;195100;217200;219700;232000;225800;251000;257800;253700;273000;289500;289900;301800;326000;337100;337100;357400;387200;408500;427000;453300;474500;464700;480000;515300;543200
Flatanger;5049 Flatanger;All ages;Average Gross income;0;0;0;0;0;0;0;0;0;0;0;0;0;0;0;0;0;0;0;416000;440700;479500;548200;505100;537700
Flatanger;1749 Flatanger (-2017);All ages;Average Gross income;165900;176800;191500;198200;202800;214800;226300;228100;253000;265400;267700;279700;296700;310100;323500;348900;376300;375600;409700;0;0;0;0;0;0
Flekkefjord;4207 Flekkefjord;All ages;Average Gross income;0;0;0;0;0;0;0;0;0;0;0;0;0;0;0;0;0;0;0;0;0;458800;492800;502000;539500
Flekkefjord;1004 Flekkefjord (-2019);All ages;Average Gross income;198900;208600;218800;235400;247000;249300;269200;273900;303000;325800;350300;337400;356100;376300;389300;404900;416100;415500;422800;434300;459400;0;0;0;0
Flesberg;3050 Flesberg (2020-2023);All ages;Average Gross income;0;0;0;0;0;0;0;0;0;0;0;0;0;0;0;0;0;0;0;0;0;489000;522200;530700;552900
Flesberg;0631 Flesberg (-2019);All ages;Average Gross income;203900;217100;249900;236400;242500;246700;269500;272800;294100;317200;324300;334600;353100;375300;391100;401000;417200;421600;426800;459700;475700;0;0;0;0
Flesberg;3334 Flesberg;All ages;Average Gross income;0;0;0;0;0;0;0;0;0;0;0;0;0;0;0;0;0;0;0;0;0;0;0;0;0
Flora;1401 Flora (1964-2019);All ages;Average Gross income;226200;241100;246700;251200;266700;263300;286700;276000;306800;331400;344000;347100;368900;382000;400200;416500;439700;427100;436600;453900;482800;0;0;0;0
Folldal;3429 Folldal;All ages;Average Gross income;0;0;0;0;0;0;0;0;0;0;0;0;0;0;0;0;0;0;0;0;0;409900;450200;464400;491900
Folldal;0439 Folldal (1914-2019);All ages;Average Gross income;164900;180200;190900;202200;200800;212000;219900;230200;258700;273600;276200;288000;302800;321800;330300;342800;353800;356900;364200;390100;403400;0;0;0;0
Førde;1432 Førde (-2019);All ages;Average Gross income;220100;237100;244200;264400;271900;277800;312400;291600;320700;342400;349500;357700;378900;394800;411100;424600;454300;447200;458100;479400;495200;0;0;0;0
Foreigncountries,unspecified;2599 Foreign countries, unspecified;All ages;Average Gross income;0;0;0;0;0;0;0;0;0;0;0;0;0;0;0;0;0;0;0;0;0;0;0;0;0
Forsand;1129 Forsand (-2019);All ages;Average Gross income;214400;223400;230600;264900;245600;258700;301600;280700;321100;345500;341800;353900;375000;392300;413800;433800;465900;478700;435000;447500;481200;0;0;0;0
Fosnes;5048 Fosnes (2018-2019);All ages;Average Gross income;0;0;0;0;0;0;0;0;0;0;0;0;0;0;0;0;0;0;0;368500;398800;0;0;0;0
Fosnes;1748 Fosnes (-2017);All ages;Average Gross income;163300;172900;178000;193600;194700;202700;216800;222500;239000;260900;263500;273300;291800;311100;313600;326900;332400;344800;363600;0;0;0;0;0;0
Fræna;1548 Fræna (-2019);All ages;Average Gross income;199800;208400;221000;238600;240400;244700;272500;270100;300400;321800;323400;338300;355300;372300;387000;400300;416200;422500;428000;444500;452600;0;0;0;0
Fredrikstad;3107 Fredrikstad;All ages;Average Gross income;0;0;0;0;0;0;0;0;0;0;0;0;0;0;0;0;0;0;0;0;0;0;0;0;0
Fredrikstad;3004 Fredrikstad (2020-2023);All ages;Average Gross income;0;0;0;0;0;0;0;0;0;0;0;0;0;0;0;0;0;0;0;0;0;448200;491900;497500;527500
Fredrikstad;0103 Fredrikstad (-1993);All ages;Average Gross income;0;0;0;0;0;0;0;0;0;0;0;0;0;0;0;0;0;0;0;0;0;0;0;0;0
Fredrikstad;0106 Fredrikstad (1994-2019);All ages;Average Gross income;202500;218600;224600;240400;252400;257000;275700;269500;292300;312400;316800;323000;338400;353200;369800;377500;396600;400900;409900;427200;435100;0;0;0;0
Frei;1556 Frei (-2007);All ages;Average Gross income;203700;228400;231700;242300;249500;254700;270200;279300;0;0;0;0;0;0;0;0;0;0;0;0;0;0;0;0;0
Frogn;3214 Frogn;All ages;Average Gross income;0;0;0;0;0;0;0;0;0;0;0;0;0;0;0;0;0;0;0;0;0;0;0;0;0
Frogn;3022 Frogn (2020-2023);All ages;Average Gross income;0;0;0;0;0;0;0;0;0;0;0;0;0;0;0;0;0;0;0;0;0;570400;626400;621000;656400
Frogn;0215 Frogn (-2019);All ages;Average Gross income;269900;285100;293100;313500;324500;336100;370600;344600;385200;415800;395700;414800;434700;448000;463700;479500;511900;510000;523800;538800;552600;0;0;0;0
Froland;4214 Froland;All ages;Average Gross income;0;0;0;0;0;0;0;0;0;0;0;0;0;0;0;0;0;0;0;0;0;436300;471300;479200;515900
Froland;0919 Froland (-2019);All ages;Average Gross income;190100;201800;211000;222300;230100;238000;255100;256800;279300;309200;320000;320900;335800;348600;364000;372300;387700;393600;396500;406500;421400;0;0;0;0
Fron;0518 Fron (1966-1976);All ages;Average Gross income;0;0;0;0;0;0;0;0;0;0;0;0;0;0;0;0;0;0;0;0;0;0;0;0;0
Frosta;5036 Frosta;All ages;Average Gross income;0;0;0;0;0;0;0;0;0;0;0;0;0;0;0;0;0;0;0;387000;405200;425500;471400;471300;511100
Frosta;1717 Frosta (-2017);All ages;Average Gross income;174000;179900;195700;210600;209100;216000;230900;240100;262000;288800;285500;293000;308000;314800;332400;336500;349200;369400;374700;0;0;0;0;0;0
Frøya;5014 Frøya;All ages;Average Gross income;0;0;0;0;0;0;0;0;0;0;0;0;0;0;0;0;0;0;0;523500;557800;593900;881100;567800;631200
Frøya;1620 Frøya (1964-2017);All ages;Average Gross income;183500;190300;201300;216800;224400;256100;255700;250700;284800;294400;294400;320500;358600;361400;386000;416000;482000;483800;491600;0;0;0;0;0;0
Fusa;1241 Fusa (-2019);All ages;Average Gross income;202200;216300;228500;248700;254900;265900;307100;280400;317800;342200;337500;349800;363800;380300;399800;423100;436100;452900;445200;462500;482100;0;0;0;0
Fyresdal;3823 Fyresdal (2020-2023);All ages;Average Gross income;0;0;0;0;0;0;0;0;0;0;0;0;0;0;0;0;0;0;0;0;0;425900;511600;480000;514000
Fyresdal;4032 Fyresdal;All ages;Average Gross income;0;0;0;0;0;0;0;0;0;0;0;0;0;0;0;0;0;0;0;0;0;0;0;0;0
Fyresdal;0831 Fyresdal (-2019);All ages;Average Gross income;178900;188900;198900;213100;213900;215900;234000;243500;268100;287900;293300;302900;314300;330100;344200;354000;367800;371900;390000;410300;414900;0;0;0;0
GáivuotnaKåfjordKaivuono;5540 Gáivuotna - Kåfjord - Kaivuono;All ages;Average Gross income;0;0;0;0;0;0;0;0;0;0;0;0;0;0;0;0;0;0;0;0;0;0;0;0;0
GáivuotnaKåfjordKaivuono;5426 Gáivuotna - Kåfjord - Kaivuono (2020-2023);All ages;Average Gross income;0;0;0;0;0;0;0;0;0;0;0;0;0;0;0;0;0;0;0;0;0;401900;422100;441400;474500
GáivuotnaKåfjordKaivuono;1940 Gáivuotna - Kåfjord - Kaivuono (1931-2019);All ages;Average Gross income;157800;169000;177400;185900;190700;199300;207600;216700;236400;254900;266100;276000;287600;293100;306100;324200;334100;351800;363900;380500;391100;0;0;0;0
Gamvik;5626 Gamvik;All ages;Average Gross income;0;0;0;0;0;0;0;0;0;0;0;0;0;0;0;0;0;0;0;0;0;0;0;0;0
Gamvik;5439 Gamvik (2020-2023);All ages;Average Gross income;0;0;0;0;0;0;0;0;0;0;0;0;0;0;0;0;0;0;0;0;0;407000;428400;477600;509300
Gamvik;2023 Gamvik (1914-2019);All ages;Average Gross income;180500;191400;203500;217000;218400;225700;240400;244400;262800;284400;286500;300400;317800;316000;319000;334500;339100;377000;373500;394700;427800;0;0;0;0
Gaular;1430 Gaular (-2019);All ages;Average Gross income;188300;201900;212100;223300;229700;232100;247000;257400;282100;303900;311600;322700;337500;354000;369500;380400;402900;405300;416900;433300;452200;0;0;0;0
Gausdal;3441 Gausdal;All ages;Average Gross income;0;0;0;0;0;0;0;0;0;0;0;0;0;0;0;0;0;0;0;0;0;452900;475900;495200;525200
Gausdal;0522 Gausdal (1962-2019);All ages;Average Gross income;178200;191200;200500;229300;226100;229100;253800;244100;268500;288900;295100;305000;321400;335300;350400;363500;378800;390100;403900;415700;433900;0;0;0;0
Gildeskål;1838 Gildeskål;All ages;Average Gross income;167400;179500;189200;203200;215200;212400;227800;232000;256800;279500;290800;302100;319400;334500;366800;358500;377000;377000;394000;412400;431900;459300;472400;490600;511000
Giske;1532 Giske;All ages;Average Gross income;213800;243700;241100;249300;250400;250300;268000;280600;311100;344800;342000;356100;376900;391400;407400;435000;447700;446100;462900;479400;495200;503800;540200;570700;596400
Gjemnes;1557 Gjemnes;All ages;Average Gross income;181400;194900;204500;241300;239300;231000;257100;255300;288500;310500;317700;328400;345500;364600;390700;411200;401800;408000;416700;420100;435000;445000;466800;483700;506200
Gjerdrum;3230 Gjerdrum;All ages;Average Gross income;0;0;0;0;0;0;0;0;0;0;0;0;0;0;0;0;0;0;0;0;0;0;0;0;0
Gjerdrum;3032 Gjerdrum (2020-2023);All ages;Average Gross income;0;0;0;0;0;0;0;0;0;0;0;0;0;0;0;0;0;0;0;0;0;548200;599200;608800;628300
Gjerdrum;0234 Gjerdrum (-2019);All ages;Average Gross income;254500;274500;284000;298200;306400;307200;335200;324500;368100;390500;380600;394300;409700;431900;449000;467100;495100;504800;544000;529400;544000;0;0;0;0
Gjerstad;4211 Gjerstad;All ages;Average Gross income;0;0;0;0;0;0;0;0;0;0;0;0;0;0;0;0;0;0;0;0;0;408200;431100;450600;478500
Gjerstad;0911 Gjerstad (-2019);All ages;Average Gross income;175700;182500;195000;211600;212400;222400;251100;245300;264900;282500;285800;289900;304300;321900;330000;348200;362500;352400;355900;380800;401800;0;0;0;0
Gjesdal;1122 Gjesdal;All ages;Average Gross income;219800;234800;240300;267000;266300;271500;306800;302500;335900;361800;364000;371000;391300;413000;437100;450800;454800;445900;446800;461900;479900;487600;523700;543500;575600
Gjøvik;3407 Gjøvik;All ages;Average Gross income;0;0;0;0;0;0;0;0;0;0;0;0;0;0;0;0;0;0;0;0;0;446300;481700;494500;525700
Gjøvik;0502 Gjøvik (-2019);All ages;Average Gross income;196300;210800;221100;236400;245400;253900;270600;266900;291000;309900;313700;324000;339800;351700;362100;375200;395300;401500;410000;428600;435800;0;0;0;0
Gloppen;4650 Gloppen;All ages;Average Gross income;0;0;0;0;0;0;0;0;0;0;0;0;0;0;0;0;0;0;0;0;0;446000;481400;496400;544100
Gloppen;1445 Gloppen (-2019);All ages;Average Gross income;189600;202900;211100;223600;225900;239100;253900;254500;277700;302600;307200;319400;335300;355100;365400;378800;400800;405800;443300;423600;438000;0;0;0;0
Gol;3041 Gol (2020-2023);All ages;Average Gross income;0;0;0;0;0;0;0;0;0;0;0;0;0;0;0;0;0;0;0;0;0;464400;512800;515600;534700
Gol;0617 Gol (-2019);All ages;Average Gross income;203200;222500;224200;244700;248700;259900;300000;272500;303400;317600;312100;328500;342100;355800;370000;383500;398600;402900;419900;436600;455500;0;0;0;0
Gol;3324 Gol;All ages;Average Gross income;0;0;0;0;0;0;0;0;0;0;0;0;0;0;0;0;0;0;0;0;0;0;0;0;0
Gran;3446 Gran;All ages;Average Gross income;0;0;0;0;0;0;0;0;0;0;0;0;0;0;0;0;0;0;0;0;0;467800;492000;514500;538900
Gran;0534 Gran (-2019);All ages;Average Gross income;195600;208600;217300;232500;237500;248000;263400;265700;292000;311800;316900;324600;341900;354500;369600;384000;402500;412500;418200;435600;450600;0;0;0;0
Grane;1825 Grane;All ages;Average Gross income;172200;182700;194700;208000;209300;222000;225900;232200;255200;276000;276100;291900;309400;328100;340200;355500;368600;381600;383200;391800;410300;411300;440600;453700;484100
Granvin;1234 Granvin (-2019);All ages;Average Gross income;180200;190600;194900;206800;212700;218100;228700;246200;264300;285400;297300;308700;325500;339600;356700;366200;380100;394800;393600;412600;436200;0;0;0;0
Gratangen;5414 Gratangen (2020-2023);All ages;Average Gross income;0;0;0;0;0;0;0;0;0;0;0;0;0;0;0;0;0;0;0;0;0;430100;463300;502600;561400
Gratangen;1919 Gratangen (1926-2019);All ages;Average Gross income;159900;172500;183200;195600;197800;205100;225900;226300;248800;265000;276600;278800;291600;309000;325800;342200;355500;366600;378500;396100;412000;0;0;0;0
GratangenRivtták;5516 Gratangen - Rivtták;All ages;Average Gross income;0;0;0;0;0;0;0;0;0;0;0;0;0;0;0;0;0;0;0;0;0;0;0;0;0
Grimstad;4202 Grimstad;All ages;Average Gross income;0;0;0;0;0;0;0;0;0;0;0;0;0;0;0;0;0;0;0;0;0;455300;493900;497100;528500
Grimstad;0904 Grimstad (-2019);All ages;Average Gross income;212100;220000;228500;252400;265100;274400;298800;295500;320800;331100;348300;334000;366500;364000;395100;416100;423400;454900;414600;429900;438700;0;0;0;0
Grong;5045 Grong;All ages;Average Gross income;0;0;0;0;0;0;0;0;0;0;0;0;0;0;0;0;0;0;0;414600;429400;439700;470200;487100;505900
Grong;1742 Grong (-2017);All ages;Average Gross income;181900;184800;193500;209400;214300;227200;240200;247100;268500;290800;292700;303700;318100;322500;331500;335100;348100;364400;396100;0;0;0;0;0;0
Grue;3417 Grue;All ages;Average Gross income;0;0;0;0;0;0;0;0;0;0;0;0;0;0;0;0;0;0;0;0;0;425600;490400;467800;512800
Grue;0423 Grue (-2019);All ages;Average Gross income;179400;188700;198300;214000;224300;225600;232600;236700;264200;279500;279800;289400;307600;322800;332400;342400;355900;362700;376900;386500;406700;0;0;0;0
Gulen;4635 Gulen;All ages;Average Gross income;0;0;0;0;0;0;0;0;0;0;0;0;0;0;0;0;0;0;0;0;0;478500;534100;529800;566600
Gulen;1411 Gulen (-2019);All ages;Average Gross income;189500;200400;211400;225400;230000;229600;256600;254800;283600;313400;310500;336000;350200;364200;383600;390800;426300;412600;420000;438300;459000;0;0;0;0
GuovdageaidnuKautokeino;5612 Guovdageaidnu - Kautokeino;All ages;Average Gross income;0;0;0;0;0;0;0;0;0;0;0;0;0;0;0;0;0;0;0;0;0;0;0;0;0
GuovdageaidnuKautokeino;5430 Guovdageaidnu - Kautokeino (2020-2023);All ages;Average Gross income;0;0;0;0;0;0;0;0;0;0;0;0;0;0;0;0;0;0;0;0;0;386500;407100;438200;461900
GuovdageaidnuKautokeino;2011 Guovdageaidnu - Kautokeino (-2019);All ages;Average Gross income;152300;161500;170000;182700;183900;191700;200100;208200;227900;242700;260200;263900;273200;283600;296500;305700;319900;331800;341300;355600;374800;0;0;0;0
Hå;1119 Hå;All ages;Average Gross income;212300;228300;236700;256800;268200;267500;292500;293900;331900;358700;353000;363700;378800;399600;417600;427800;442100;429300;438300;453500;468700;483800;518100;525700;558200
HábmerHamarøy;1875 Hábmer - Hamarøy;All ages;Average Gross income;0;0;0;0;0;0;0;0;0;0;0;0;0;0;0;0;0;0;0;0;0;420400;441500;465300;500300
Hadsel;1866 Hadsel;All ages;Average Gross income;186800;193500;206300;219600;225700;231800;241000;252100;278900;293400;297500;320900;335800;344100;352700;371700;390200;394400;400100;421200;438500;453800;538200;498900;526100
Hægebostad;4226 Hægebostad;All ages;Average Gross income;0;0;0;0;0;0;0;0;0;0;0;0;0;0;0;0;0;0;0;0;0;460500;510700;518000;559600
Hægebostad;1034 Hægebostad (-2019);All ages;Average Gross income;181000;191500;200700;219600;217300;233300;259700;260700;294100;314200;342700;340400;349600;370200;383500;395100;405000;408100;416900;436200;449600;0;0;0;0
Halden;3101 Halden;All ages;Average Gross income;0;0;0;0;0;0;0;0;0;0;0;0;0;0;0;0;0;0;0;0;0;0;0;0;0
Halden;3001 Halden (2020-2023);All ages;Average Gross income;0;0;0;0;0;0;0;0;0;0;0;0;0;0;0;0;0;0;0;0;0;423400;458700;473500;502800
Halden;0101 Halden (-2019);All ages;Average Gross income;192100;205400;218300;228200;242200;246200;258800;256400;277300;296300;300600;310000;325100;339700;350700;361300;380500;383300;397500;406200;417200;0;0;0;0
Halsa;1571 Halsa (-2019);All ages;Average Gross income;169000;196700;196300;207200;210400;229700;259700;230800;335900;289400;291100;301200;322000;333500;348100;366200;366800;358500;375100;403600;404600;0;0;0;0
Haltdalen;1645 Haltdalen (-1971);All ages;Average Gross income;0;0;0;0;0;0;0;0;0;0;0;0;0;0;0;0;0;0;0;0;0;0;0;0;0
Hamar;3403 Hamar;All ages;Average Gross income;0;0;0;0;0;0;0;0;0;0;0;0;0;0;0;0;0;0;0;0;0;482500;521300;529100;561000
Hamar;0401 Hamar (-1991);All ages;Average Gross income;0;0;0;0;0;0;0;0;0;0;0;0;0;0;0;0;0;0;0;0;0;0;0;0;0
Hamar;0403 Hamar (1992-2019);All ages;Average Gross income;210100;228000;236100;249700;261600;268300;286100;279100;304400;326700;329700;339500;359100;371700;386800;400700;420700;425300;437200;447200;465600;0;0;0;0
HamarøyHábmer;1849 Hamarøy - Hábmer (-2019);All ages;Average Gross income;175900;186500;197000;207900;211800;213600;223000;233400;259600;282200;294000;309900;321100;331100;343100;356500;368600;389000;395800;412500;418600;0;0;0;0
Hammerfest;2001 Hammerfest (-1991);All ages;Average Gross income;0;0;0;0;0;0;0;0;0;0;0;0;0;0;0;0;0;0;0;0;0;0;0;0;0
Hammerfest;2004 Hammerfest (1992-2019);All ages;Average Gross income;208600;219400;234800;247400;261000;269200;287500;307900;327700;348200;349500;357500;379300;393500;408600;425200;436700;442700;459700;467300;482000;0;0;0;0
HammerfestHámmerfeasta;5603 Hammerfest - Hámmerfeasta;All ages;Average Gross income;0;0;0;0;0;0;0;0;0;0;0;0;0;0;0;0;0;0;0;0;0;0;0;0;0
HammerfestHámmerfeasta;5406 Hammerfest - Hámmerfeasta (2020-2023);All ages;Average Gross income;0;0;0;0;0;0;0;0;0;0;0;0;0;0;0;0;0;0;0;0;0;493300;522200;556300;582300
Haram;1534 Haram (-2019);All ages;Average Gross income;207500;220100;227700;250100;248500;255900;275000;284100;320300;335900;337300;344400;361100;383600;391200;405900;413500;414600;426200;445900;457500;0;0;0;0
Haram;1580 Haram;All ages;Average Gross income;0;0;0;0;0;0;0;0;0;0;0;0;0;0;0;0;0;0;0;0;0;0;0;0;0
Hareid;1517 Hareid;All ages;Average Gross income;210300;213200;222800;239000;238000;250000;257100;271600;307100;329500;336100;345200;364700;371500;394500;407100;412000;401000;413000;425600;447600;453900;484100;494900;521200
Harstad;1901 Harstad (-2012);All ages;Average Gross income;203800;217300;224300;238600;252600;254100;267600;271500;296200;319700;325300;337400;354200;0;0;0;0;0;0;0;0;0;0;0;0
HarstadHárstták;5503 Harstad - Hárstták;All ages;Average Gross income;0;0;0;0;0;0;0;0;0;0;0;0;0;0;0;0;0;0;0;0;0;0;0;0;0
HarstadHárstták;5402 Harstad - Hárstták (2020-2023);All ages;Average Gross income;0;0;0;0;0;0;0;0;0;0;0;0;0;0;0;0;0;0;0;0;0;471200;512100;523000;560700
HarstadHárstták;1903 Harstad - Hárstták (2013-2019);All ages;Average Gross income;0;0;0;0;0;0;0;0;0;0;0;0;0;369000;381900;400800;413300;417800;431000;443700;459100;0;0;0;0
Hasvik;5616 Hasvik;All ages;Average Gross income;0;0;0;0;0;0;0;0;0;0;0;0;0;0;0;0;0;0;0;0;0;0;0;0;0
Hasvik;5433 Hasvik (2020-2023);All ages;Average Gross income;0;0;0;0;0;0;0;0;0;0;0;0;0;0;0;0;0;0;0;0;0;410500;438300;483300;503900
Hasvik;2015 Hasvik (-2019);All ages;Average Gross income;184000;189000;281000;229900;209800;217300;239500;247500;270100;286200;287900;311300;311500;319500;316500;325700;347000;367600;375800;383700;394400;0;0;0;0
Haugesund;1106 Haugesund;All ages;Average Gross income;215100;227500;235000;253500;265600;276100;310200;289700;323300;345000;349700;359700;377200;391600;409200;420000;431900;428100;436900;453800;471200;484700;528900;544000;577100
Hedrum;0727 Hedrum (-1987);All ages;Average Gross income;0;0;0;0;0;0;0;0;0;0;0;0;0;0;0;0;0;0;0;0;0;0;0;0;0
Heim;5055 Heim;All ages;Average Gross income;0;0;0;0;0;0;0;0;0;0;0;0;0;0;0;0;0;0;0;0;0;449400;488900;498100;526500
Hemne;5011 Hemne (2018-2019);All ages;Average Gross income;0;0;0;0;0;0;0;0;0;0;0;0;0;0;0;0;0;0;0;434000;452300;0;0;0;0
Hemne;1612 Hemne (-2017);All ages;Average Gross income;179500;195400;203100;217100;217100;224900;243400;243600;268600;290700;298500;315800;333900;351100;364200;368900;376300;391600;413800;0;0;0;0;0;0
Hemnes;1832 Hemnes;All ages;Average Gross income;170800;182200;191900;203200;211400;226500;226600;235800;259800;284100;286000;297900;310000;326500;339000;352000;371600;374600;382000;396000;410900;420400;451700;462100;493700
Hemsedal;3042 Hemsedal (2020-2023);All ages;Average Gross income;0;0;0;0;0;0;0;0;0;0;0;0;0;0;0;0;0;0;0;0;0;511800;573600;597200;601800
Hemsedal;0618 Hemsedal (-2019);All ages;Average Gross income;202800;251100;251800;272600;306600;294900;395500;303400;331900;352800;336600;349100;352100;362500;383000;379300;395500;397400;421100;459300;497000;0;0;0;0
Hemsedal;3326 Hemsedal;All ages;Average Gross income;0;0;0;0;0;0;0;0;0;0;0;0;0;0;0;0;0;0;0;0;0;0;0;0;0
Herefoss;0933 Herefoss (-1966);All ages;Average Gross income;0;0;0;0;0;0;0;0;0;0;0;0;0;0;0;0;0;0;0;0;0;0;0;0;0
HerøyMøreogRomsdal;1515 Herøy (Møre og Romsdal);All ages;Average Gross income;223000;243000;255100;264700;273100;282300;341900;300500;330800;357100;355800;373600;403300;404500;416100;434000;456900;445700;448000;483700;491000;506500;549800;550500;613200
HerøyNordland;1818 Herøy (Nordland);All ages;Average Gross income;204600;221900;211800;215800;229300;225700;254200;247100;264700;286400;290900;306400;322600;329700;342900;359300;379500;387300;421000;432500;446700;455300;502100;495200;536500
Hisøy;0922 Hisøy (-1991);All ages;Average Gross income;0;0;0;0;0;0;0;0;0;0;0;0;0;0;0;0;0;0;0;0;0;0;0;0;0
Hitra;5013 Hitra (2018-2019);All ages;Average Gross income;0;0;0;0;0;0;0;0;0;0;0;0;0;0;0;0;0;0;0;424900;444000;0;0;0;0
Hitra;5056 Hitra;All ages;Average Gross income;0;0;0;0;0;0;0;0;0;0;0;0;0;0;0;0;0;0;0;0;0;461600;494700;508300;538000
Hitra;1617 Hitra (-2017);All ages;Average Gross income;178200;195500;203200;212300;220300;226900;245300;248100;267400;289400;295300;306900;324800;335100;348600;365100;391100;389300;402100;0;0;0;0;0;0
Hjartdal;3819 Hjartdal (2020-2023);All ages;Average Gross income;0;0;0;0;0;0;0;0;0;0;0;0;0;0;0;0;0;0;0;0;0;460300;498000;508700;519800
Hjartdal;4024 Hjartdal;All ages;Average Gross income;0;0;0;0;0;0;0;0;0;0;0;0;0;0;0;0;0;0;0;0;0;0;0;0;0
Hjartdal;0827 Hjartdal (-2019);All ages;Average Gross income;177700;186800;200400;220200;233400;226200;264700;249000;268600;289400;295800;313100;325000;339100;360100;371400;389000;397100;409900;425800;443700;0;0;0;0
Hjelmeland;1133 Hjelmeland;All ages;Average Gross income;205300;215000;227100;235400;240900;279900;279800;281700;314700;340700;335400;350700;371700;390000;415200;437900;448800;446600;451300;461300;482700;501600;525500;550300;589500
Hobøl;0138 Hobøl (-2019);All ages;Average Gross income;221900;233000;247900;261500;274500;279000;287300;287400;307700;334400;326300;336800;355100;365600;376100;388800;405800;409700;428000;439400;459900;0;0;0;0
Hof;0714 Hof (-2017);All ages;Average Gross income;200300;212200;227200;241100;246800;262600;263800;271700;291900;320300;323100;340000;361800;394000;383300;395700;409700;411900;424100;0;0;0;0;0;0
Hol;3044 Hol (2020-2023);All ages;Average Gross income;0;0;0;0;0;0;0;0;0;0;0;0;0;0;0;0;0;0;0;0;0;499100;567800;577300;595900
Hol;0620 Hol (-2019);All ages;Average Gross income;203800;222300;237000;250100;258800;286800;370400;286800;316800;327700;326400;335800;355600;370100;384100;399900;419300;420300;430800;464600;481100;0;0;0;0
Hol;3330 Hol;All ages;Average Gross income;0;0;0;0;0;0;0;0;0;0;0;0;0;0;0;0;0;0;0;0;0;0;0;0;0
Hole;3038 Hole (2020-2023);All ages;Average Gross income;0;0;0;0;0;0;0;0;0;0;0;0;0;0;0;0;0;0;0;0;0;553100;617600;599300;647900
Hole;0612 Hole (1977-2019);All ages;Average Gross income;284900;316100;318100;353100;357200;365500;656800;332400;359500;383000;390900;396600;414600;419400;443200;462600;480700;505600;503500;540000;551600;0;0;0;0
Hole;3310 Hole;All ages;Average Gross income;0;0;0;0;0;0;0;0;0;0;0;0;0;0;0;0;0;0;0;0;0;0;0;0;0
Holmestrand;3802 Holmestrand (2020-2023);All ages;Average Gross income;0;0;0;0;0;0;0;0;0;0;0;0;0;0;0;0;0;0;0;0;0;481700;522000;537300;563200
Holmestrand;3903 Holmestrand;All ages;Average Gross income;0;0;0;0;0;0;0;0;0;0;0;0;0;0;0;0;0;0;0;0;0;0;0;0;0
Holmestrand;0702 Holmestrand (-2017);All ages;Average Gross income;209600;222000;232400;249100;254100;258100;272300;278000;303300;325700;326300;337100;358300;369000;384100;397200;412400;420700;438000;0;0;0;0;0;0
Holmestrand;0715 Holmestrand (2018-2019);All ages;Average Gross income;0;0;0;0;0;0;0;0;0;0;0;0;0;0;0;0;0;0;0;441700;455200;0;0;0;0
Holtålen;5026 Holtålen;All ages;Average Gross income;0;0;0;0;0;0;0;0;0;0;0;0;0;0;0;0;0;0;0;388400;413900;424300;450000;467000;490400
Holtålen;1644 Holtålen (1972-2017);All ages;Average Gross income;167800;180900;190700;207100;210000;221300;232100;241500;261500;279800;281100;296400;312100;329300;345100;351500;360700;367800;373400;0;0;0;0;0;0
Hopennaturereserve;2131 Hopen naturereserve;All ages;Average Gross income;0;0;0;0;0;0;0;0;0;0;0;0;0;0;0;0;0;0;0;0;0;0;0;0;0
Hornindal;1444 Hornindal (-2019);All ages;Average Gross income;176900;191100;199200;211600;209700;224800;233400;240500;260600;280600;279300;295700;313600;335300;345300;357400;364200;372200;384600;396700;412700;0;0;0;0
Horten;3801 Horten (2020-2023);All ages;Average Gross income;0;0;0;0;0;0;0;0;0;0;0;0;0;0;0;0;0;0;0;0;0;443300;477600;499100;527600
Horten;3901 Horten;All ages;Average Gross income;0;0;0;0;0;0;0;0;0;0;0;0;0;0;0;0;0;0;0;0;0;0;0;0;0
Horten;0701 Horten (2002-2019);All ages;Average Gross income;216200;228900;238100;251400;258100;262700;284900;283100;305000;327500;325600;334100;346500;363900;372800;381200;400400;402500;404600;418400;432800;0;0;0;0
Horten;0703 Horten (-1987);All ages;Average Gross income;0;0;0;0;0;0;0;0;0;0;0;0;0;0;0;0;0;0;0;0;0;0;0;0;0
Høyanger;4638 Høyanger;All ages;Average Gross income;0;0;0;0;0;0;0;0;0;0;0;0;0;0;0;0;0;0;0;0;0;448700;484900;501300;537100
Høyanger;1416 Høyanger (1964-2019);All ages;Average Gross income;213800;226400;234500;244600;249400;254300;262600;272800;298100;313400;321800;328400;344600;361100;375500;384800;388000;384100;398300;424700;441600;0;0;0;0
Høylandet;5046 Høylandet;All ages;Average Gross income;0;0;0;0;0;0;0;0;0;0;0;0;0;0;0;0;0;0;0;407900;430300;436500;461200;462100;485000
Høylandet;1743 Høylandet (-2017);All ages;Average Gross income;173400;183200;191200;204800;202600;220000;235400;248100;269700;288400;294600;311900;333800;366900;366100;372200;405800;405100;401600;0;0;0;0;0;0
Hurdal;3242 Hurdal;All ages;Average Gross income;0;0;0;0;0;0;0;0;0;0;0;0;0;0;0;0;0;0;0;0;0;0;0;0;0
Hurdal;3037 Hurdal (2020-2023);All ages;Average Gross income;0;0;0;0;0;0;0;0;0;0;0;0;0;0;0;0;0;0;0;0;0;427900;455800;476500;490000
Hurdal;0239 Hurdal (-2019);All ages;Average Gross income;192100;201700;217300;230300;231600;237700;246700;251900;275400;291100;297500;307800;321300;335900;353200;357100;383800;369500;378500;419600;427900;0;0;0;0
Hurum;0628 Hurum (-2019);All ages;Average Gross income;221100;235600;243800;258500;265800;274100;291700;295200;321300;346400;345700;354600;373200;387500;403800;412000;422800;427100;433400;449800;468500;0;0;0;0
Hustadvika;1579 Hustadvika;All ages;Average Gross income;0;0;0;0;0;0;0;0;0;0;0;0;0;0;0;0;0;0;0;0;0;473900;499200;523200;547700
Hvaler;3110 Hvaler;All ages;Average Gross income;0;0;0;0;0;0;0;0;0;0;0;0;0;0;0;0;0;0;0;0;0;0;0;0;0
Hvaler;3011 Hvaler (2020-2023);All ages;Average Gross income;0;0;0;0;0;0;0;0;0;0;0;0;0;0;0;0;0;0;0;0;0;506700;547100;545800;575500
Hvaler;0111 Hvaler (-2019);All ages;Average Gross income;199700;217400;228100;243200;248800;258700;295900;274700;304300;329900;341600;342100;365900;384800;418200;415800;434400;442300;460000;471100;498000;0;0;0;0
Hyllestad;4637 Hyllestad;All ages;Average Gross income;0;0;0;0;0;0;0;0;0;0;0;0;0;0;0;0;0;0;0;0;0;433700;483600;462800;490800
Hyllestad;1413 Hyllestad (-2019);All ages;Average Gross income;184600;195900;198500;225200;216000;214800;234000;240500;270200;297500;298500;305700;323600;344600;361700;375600;386300;375300;372900;391100;416100;0;0;0;0
Ibestad;5514 Ibestad;All ages;Average Gross income;0;0;0;0;0;0;0;0;0;0;0;0;0;0;0;0;0;0;0;0;0;0;0;0;0
Ibestad;5413 Ibestad (2020-2023);All ages;Average Gross income;0;0;0;0;0;0;0;0;0;0;0;0;0;0;0;0;0;0;0;0;0;411500;482400;484000;509800
Ibestad;1917 Ibestad (-2019);All ages;Average Gross income;162700;174300;185400;199200;208800;207800;227500;224300;240300;256800;267200;279300;299200;316300;346800;344600;362300;374300;393600;390000;414100;0;0;0;0
Idd;0117 Idd (-1966);All ages;Average Gross income;0;0;0;0;0;0;0;0;0;0;0;0;0;0;0;0;0;0;0;0;0;0;0;0;0
Inderøy;5053 Inderøy;All ages;Average Gross income;0;0;0;0;0;0;0;0;0;0;0;0;0;0;0;0;0;0;0;413800;436100;451000;500200;500800;533000
Inderøy;1729 Inderøy (-2011);All ages;Average Gross income;181000;192700;204900;220200;227900;236100;255600;253300;280600;297100;303400;316400;0;0;0;0;0;0;0;0;0;0;0;0;0
Inderøy;1756 Inderøy (2012-2017);All ages;Average Gross income;0;0;0;0;0;0;0;0;0;0;0;0;327800;347000;358900;375000;390900;394600;409600;0;0;0;0;0;0
IndreFosen;5054 Indre Fosen;All ages;Average Gross income;0;0;0;0;0;0;0;0;0;0;0;0;0;0;0;0;0;0;0;405600;421300;427300;458200;467700;496900
IndreØstfold;3118 Indre Østfold;All ages;Average Gross income;0;0;0;0;0;0;0;0;0;0;0;0;0;0;0;0;0;0;0;0;0;0;0;0;0
IndreØstfold;3014 Indre Østfold (2020-2023);All ages;Average Gross income;0;0;0;0;0;0;0;0;0;0;0;0;0;0;0;0;0;0;0;0;0;451100;505200;497000;521400
Iveland;4218 Iveland;All ages;Average Gross income;0;0;0;0;0;0;0;0;0;0;0;0;0;0;0;0;0;0;0;0;0;425000;445000;471800;485900
Iveland;0935 Iveland (-2019);All ages;Average Gross income;178000;183900;194400;205800;215300;219300;235500;249400;280500;298200;303900;303300;322800;336400;342600;354600;370200;374700;381800;402300;411100;0;0;0;0
JanMayen;2211 Jan Mayen;All ages;Average Gross income;0;0;0;0;0;0;0;0;0;0;0;0;0;0;0;0;0;0;0;0;0;0;0;0;0
Jevnaker;3236 Jevnaker;All ages;Average Gross income;0;0;0;0;0;0;0;0;0;0;0;0;0;0;0;0;0;0;0;0;0;0;0;0;0
Jevnaker;3053 Jevnaker (2020-2023);All ages;Average Gross income;0;0;0;0;0;0;0;0;0;0;0;0;0;0;0;0;0;0;0;0;0;454700;490000;504000;531000
Jevnaker;0532 Jevnaker (-2019);All ages;Average Gross income;201400;211000;221300;238100;245200;249100;263100;266300;293200;309000;312000;327200;337000;349400;361100;368700;388100;396400;413700;422800;439500;0;0;0;0
Jølster;1431 Jølster (-2019);All ages;Average Gross income;191800;210600;210200;225700;227400;236900;256100;262500;283700;308800;320100;325500;346400;350700;365300;385300;398600;394800;415000;440200;467700;0;0;0;0
Jondal;1227 Jondal (-2019);All ages;Average Gross income;185800;199700;208400;222400;219800;224600;261400;257100;280700;300500;307100;323800;329000;342500;356800;366500;381000;385000;400500;421600;443200;0;0;0;0
KárásjohkaKarasjok;5610 Kárásjohka - Karasjok;All ages;Average Gross income;0;0;0;0;0;0;0;0;0;0;0;0;0;0;0;0;0;0;0;0;0;0;0;0;0
KárásjohkaKarasjok;5437 Kárásjohka - Karasjok (2020-2023);All ages;Average Gross income;0;0;0;0;0;0;0;0;0;0;0;0;0;0;0;0;0;0;0;0;0;425300;452500;472700;496400
KárásjohkaKarasjok;2021 Kárásjohka - Karasjok (-2019);All ages;Average Gross income;181700;188200;193300;207600;214400;218500;226000;236900;252700;273800;281600;294400;307600;319100;330800;339400;351800;366000;370400;388000;414000;0;0;0;0
Karlsøy;5534 Karlsøy;All ages;Average Gross income;0;0;0;0;0;0;0;0;0;0;0;0;0;0;0;0;0;0;0;0;0;0;0;0;0
Karlsøy;5423 Karlsøy (2020-2023);All ages;Average Gross income;0;0;0;0;0;0;0;0;0;0;0;0;0;0;0;0;0;0;0;0;0;431600;468700;485200;515600
Karlsøy;1936 Karlsøy (-2019);All ages;Average Gross income;188900;197300;205700;215400;210900;218300;229700;242300;258000;281700;287300;299000;318300;330100;335900;352000;371400;380200;403000;405400;424300;0;0;0;0
Karmøy;1149 Karmøy;All ages;Average Gross income;208100;218300;228500;246600;254200;260200;286100;283000;316900;338900;342900;351200;367500;382100;401000;410900;424800;420500;429200;445900;464500;475200;515900;531100;566000
Kinn;4602 Kinn;All ages;Average Gross income;0;0;0;0;0;0;0;0;0;0;0;0;0;0;0;0;0;0;0;0;0;489400;527700;532700;574500
Klæbu;5030 Klæbu (2018-2019);All ages;Average Gross income;0;0;0;0;0;0;0;0;0;0;0;0;0;0;0;0;0;0;0;446500;461700;0;0;0;0
Klæbu;1662 Klæbu (-2017);All ages;Average Gross income;211700;228400;234200;245600;255500;259700;280400;282400;306600;325200;327900;341100;361100;375200;391800;401600;420200;420100;430900;0;0;0;0;0;0
Klepp;1120 Klepp;All ages;Average Gross income;229400;240600;249700;269100;280200;282100;319500;311800;351700;371000;369000;384300;402000;428300;447700;460500;474700;454300;459900;476400;497000;509000;549500;559200;598700
Kongsberg;3006 Kongsberg (2020-2023);All ages;Average Gross income;0;0;0;0;0;0;0;0;0;0;0;0;0;0;0;0;0;0;0;0;0;510100;551600;549800;585300
Kongsberg;0604 Kongsberg (-2019);All ages;Average Gross income;234000;249100;278700;273400;285700;288600;316100;311100;338900;365500;370500;390900;406100;425100;441700;451600;467700;458700;467700;481100;496000;0;0;0;0
Kongsberg;3303 Kongsberg;All ages;Average Gross income;0;0;0;0;0;0;0;0;0;0;0;0;0;0;0;0;0;0;0;0;0;0;0;0;0
Kongsvinger;3401 Kongsvinger;All ages;Average Gross income;0;0;0;0;0;0;0;0;0;0;0;0;0;0;0;0;0;0;0;0;0;439400;487300;485200;516000
Kongsvinger;0402 Kongsvinger (-2019);All ages;Average Gross income;195400;208800;232000;238600;241800;252300;265700;252200;275800;296600;299600;310600;324600;336500;348000;358500;381500;393300;396100;415900;430900;0;0;0;0
Kragerø;3814 Kragerø (2020-2023);All ages;Average Gross income;0;0;0;0;0;0;0;0;0;0;0;0;0;0;0;0;0;0;0;0;0;434700;463800;489300;513700
Kragerø;4014 Kragerø;All ages;Average Gross income;0;0;0;0;0;0;0;0;0;0;0;0;0;0;0;0;0;0;0;0;0;0;0;0;0
Kragerø;0815 Kragerø (1960-2019);All ages;Average Gross income;185400;200500;213000;223800;227600;233900;252200;253500;280900;301600;300100;309000;322700;339500;349100;362200;376400;380900;394400;407200;423200;0;0;0;0
Kråkerøy;0133 Kråkerøy (1908-1993);All ages;Average Gross income;0;0;0;0;0;0;0;0;0;0;0;0;0;0;0;0;0;0;0;0;0;0;0;0;0
Kristiansand;4204 Kristiansand;All ages;Average Gross income;0;0;0;0;0;0;0;0;0;0;0;0;0;0;0;0;0;0;0;0;0;459900;503500;508900;541000
Kristiansand;1001 Kristiansand (-2019);All ages;Average Gross income;215500;231600;236200;253800;266200;277200;319000;288300;318500;343700;347200;353800;368500;381100;395800;408300;427200;418900;428300;431600;449500;0;0;0;0
Kristiansund;1503 Kristiansund  (-2007);All ages;Average Gross income;201700;212700;223400;238000;249000;248800;271800;276000;0;0;0;0;0;0;0;0;0;0;0;0;0;0;0;0;0
Kristiansund;1505 Kristiansund;All ages;Average Gross income;0;0;0;0;0;0;0;0;305900;331600;337500;347100;367800;381000;400900;410900;422200;418300;422900;438100;459500;467600;504500;518300;547800
Krødsherad;3046 Krødsherad (2020-2023);All ages;Average Gross income;0;0;0;0;0;0;0;0;0;0;0;0;0;0;0;0;0;0;0;0;0;500000;602600;524200;549800
Krødsherad;0622 Krødsherad (-2019);All ages;Average Gross income;198800;210300;218800;240300;259600;279100;323000;264800;293600;312300;307700;331700;346100;363600;380100;394000;425800;424400;437700;459600;474400;0;0;0;0
Krødsherad;3318 Krødsherad;All ages;Average Gross income;0;0;0;0;0;0;0;0;0;0;0;0;0;0;0;0;0;0;0;0;0;0;0;0;0
Kvæfjord;5510 Kvæfjord;All ages;Average Gross income;0;0;0;0;0;0;0;0;0;0;0;0;0;0;0;0;0;0;0;0;0;0;0;0;0
Kvæfjord;5411 Kvæfjord (2020-2023);All ages;Average Gross income;0;0;0;0;0;0;0;0;0;0;0;0;0;0;0;0;0;0;0;0;0;427000;449700;465400;489000
Kvæfjord;1911 Kvæfjord (-2019);All ages;Average Gross income;178100;188600;201300;217800;220000;227800;234700;248600;266100;282700;287600;294700;312800;324000;331700;338900;350400;366300;379600;391700;412800;0;0;0;0
Kvænangen;5546 Kvænangen;All ages;Average Gross income;0;0;0;0;0;0;0;0;0;0;0;0;0;0;0;0;0;0;0;0;0;0;0;0;0
Kvænangen;5429 Kvænangen (2020-2023);All ages;Average Gross income;0;0;0;0;0;0;0;0;0;0;0;0;0;0;0;0;0;0;0;0;0;407500;432000;457200;463700
Kvænangen;1943 Kvænangen (-2019);All ages;Average Gross income;161900;173000;185700;197900;197300;201300;225500;223900;247200;273200;280500;301100;783200;314500;324700;340300;368900;361300;391900;381800;406000;0;0;0;0
Kvalsund;2017 Kvalsund (-2019);All ages;Average Gross income;168400;179100;189300;199300;204700;210700;233600;242500;257300;282200;294500;299700;322400;339200;349700;363900;378700;389900;403500;398200;414100;0;0;0;0
Kvam;4622 Kvam;All ages;Average Gross income;0;0;0;0;0;0;0;0;0;0;0;0;0;0;0;0;0;0;0;0;0;470800;509900;516700;552300
Kvam;1238 Kvam (-2019);All ages;Average Gross income;193500;207900;217100;228400;238200;243200;275000;269900;292600;314300;320800;328500;342600;357400;375300;386000;404900;410700;426700;435000;458500;0;0;0;0
Kvinesdal;4227 Kvinesdal;All ages;Average Gross income;0;0;0;0;0;0;0;0;0;0;0;0;0;0;0;0;0;0;0;0;0;446300;481100;492900;522600
Kvinesdal;1037 Kvinesdal (-2019);All ages;Average Gross income;189400;199800;211200;225000;232000;237700;256400;261700;291300;322800;310600;318700;339900;350200;370200;378300;388000;387300;401800;420800;435400;0;0;0;0
Kvinnherad;4617 Kvinnherad;All ages;Average Gross income;0;0;0;0;0;0;0;0;0;0;0;0;0;0;0;0;0;0;0;0;0;465100;528000;524400;562100
Kvinnherad;1224 Kvinnherad (-2019);All ages;Average Gross income;195700;204200;216300;235400;240600;246600;254100;269600;301400;321700;323800;335600;352200;366900;383000;395400;404400;406500;413000;429700;453000;0;0;0;0
Kviteseid;3821 Kviteseid (2020-2023);All ages;Average Gross income;0;0;0;0;0;0;0;0;0;0;0;0;0;0;0;0;0;0;0;0;0;447600;475800;489100;535700
Kviteseid;4028 Kviteseid;All ages;Average Gross income;0;0;0;0;0;0;0;0;0;0;0;0;0;0;0;0;0;0;0;0;0;0;0;0;0
Kviteseid;0829 Kviteseid (-2019);All ages;Average Gross income;179500;187000;198900;212400;216200;228500;247100;247500;271600;292600;297400;309200;324600;338100;355000;368100;381000;389400;400000;418500;438100;0;0;0;0
Kvitsøy;1144 Kvitsøy;All ages;Average Gross income;200900;219700;222900;227000;236100;241900;275800;264300;291700;322300;319500;341400;351500;364300;395000;418500;436100;467400;434600;445500;469100;481700;517800;536700;584800
Lærdal;4642 Lærdal;All ages;Average Gross income;0;0;0;0;0;0;0;0;0;0;0;0;0;0;0;0;0;0;0;0;0;467400;491900;510400;549600
Lærdal;1422 Lærdal (-2019);All ages;Average Gross income;192400;204100;213300;229500;233700;239700;257000;259000;284100;313000;321300;329300;348600;358700;378900;388300;398900;406800;432800;442200;455500;0;0;0;0
Laksevåg;1248 Laksevåg (1918-1971);All ages;Average Gross income;0;0;0;0;0;0;0;0;0;0;0;0;0;0;0;0;0;0;0;0;0;0;0;0;0
Landvik;0924 Landvik (-1970);All ages;Average Gross income;0;0;0;0;0;0;0;0;0;0;0;0;0;0;0;0;0;0;0;0;0;0;0;0;0
Lardal;0728 Lardal (-2017);All ages;Average Gross income;189600;202900;212300;226800;230700;239100;246500;258700;289200;316000;320100;327300;340400;360500;374100;387800;404900;412800;422900;0;0;0;0;0;0
Larvik;3805 Larvik (2020-2023);All ages;Average Gross income;0;0;0;0;0;0;0;0;0;0;0;0;0;0;0;0;0;0;0;0;0;456000;499900;520500;535500
Larvik;3909 Larvik;All ages;Average Gross income;0;0;0;0;0;0;0;0;0;0;0;0;0;0;0;0;0;0;0;0;0;0;0;0;0
Larvik;0707 Larvik (-1987);All ages;Average Gross income;0;0;0;0;0;0;0;0;0;0;0;0;0;0;0;0;0;0;0;0;0;0;0;0;0
Larvik;0709 Larvik (1988-2017);All ages;Average Gross income;208700;223100;230300;261000;261100;271600;293800;271900;297500;324200;317700;329000;345600;357800;369500;385200;402400;406800;423600;0;0;0;0;0;0
Larvik;0712 Larvik (2018-2019);All ages;Average Gross income;0;0;0;0;0;0;0;0;0;0;0;0;0;0;0;0;0;0;0;428100;445600;0;0;0;0
Lebesby;5624 Lebesby;All ages;Average Gross income;0;0;0;0;0;0;0;0;0;0;0;0;0;0;0;0;0;0;0;0;0;0;0;0;0
Lebesby;5438 Lebesby (2020-2023);All ages;Average Gross income;0;0;0;0;0;0;0;0;0;0;0;0;0;0;0;0;0;0;0;0;0;443200;457500;508400;523700
Lebesby;2022 Lebesby (-2019);All ages;Average Gross income;184100;191200;202000;209200;219000;219000;227600;239300;251800;269700;282600;290600;309800;318500;324900;343400;346300;375900;382900;411200;426600;0;0;0;0
Leikanger;1419 Leikanger (-2019);All ages;Average Gross income;211200;221000;231200;241800;250700;256900;276400;278100;308900;332400;344100;360700;374900;392000;401400;419400;439400;451500;464100;453200;476800;0;0;0;0
Leirfjord;1822 Leirfjord;All ages;Average Gross income;169100;189200;189900;196500;196600;201100;215000;223800;244100;269400;272500;288600;310200;331000;339800;345200;360400;371500;381200;397200;417600;429300;461000;485300;513200
Leka;5052 Leka;All ages;Average Gross income;0;0;0;0;0;0;0;0;0;0;0;0;0;0;0;0;0;0;0;402600;425400;456900;500100;478200;513900
Leka;1755 Leka (-2017);All ages;Average Gross income;172600;220400;193700;205200;196000;205900;217200;220700;249300;261700;267800;279500;298600;327100;334000;349600;364200;380900;395500;0;0;0;0;0;0
Leksvik;1718 Leksvik (-2017);All ages;Average Gross income;182300;199400;202100;214100;244800;226200;244600;245300;266600;285200;290600;299200;320000;336100;347200;360300;371500;399500;394000;0;0;0;0;0;0
Lenvik;1931 Lenvik (-2019);All ages;Average Gross income;193000;209600;213100;225300;236000;240700;255500;256700;279900;303700;306000;324600;336300;352900;359900;374600;402800;407100;416300;432000;451000;0;0;0;0
Lesja;3432 Lesja;All ages;Average Gross income;0;0;0;0;0;0;0;0;0;0;0;0;0;0;0;0;0;0;0;0;0;423400;496500;489000;510300
Lesja;0512 Lesja (-2019);All ages;Average Gross income;169200;182600;193700;209800;201100;212900;228300;231600;259300;280700;285000;299400;310300;326200;342600;357100;388600;382900;399200;408600;425200;0;0;0;0
Levanger;1719 Levanger (1962-2017);All ages;Average Gross income;195200;204100;216500;230600;235900;242900;256400;261600;285400;303800;310700;323100;335400;354500;369900;382200;398500;405100;418700;0;0;0;0;0;0
LevangerLevangke;5037 Levanger - Levangke;All ages;Average Gross income;0;0;0;0;0;0;0;0;0;0;0;0;0;0;0;0;0;0;0;431700;448900;459000;493500;507600;541200
Lier;3049 Lier (2020-2023);All ages;Average Gross income;0;0;0;0;0;0;0;0;0;0;0;0;0;0;0;0;0;0;0;0;0;545100;596900;607300;629000
Lier;0626 Lier (-2019);All ages;Average Gross income;245900;263700;268300;284300;300000;314500;338300;322400;353500;373300;376700;391800;407600;429200;437500;456400;482800;482300;492900;511100;528500;0;0;0;0
Lier;3312 Lier;All ages;Average Gross income;0;0;0;0;0;0;0;0;0;0;0;0;0;0;0;0;0;0;0;0;0;0;0;0;0
Lierne;5042 Lierne;All ages;Average Gross income;0;0;0;0;0;0;0;0;0;0;0;0;0;0;0;0;0;0;0;399200;408600;421300;449400;474200;501900
Lierne;1738 Lierne (1964-2017);All ages;Average Gross income;164900;174800;184100;198800;198600;213000;224800;230100;246600;271400;275600;297200;312300;342000;357200;368400;377800;373200;380000;0;0;0;0;0;0
Lillehammer;3405 Lillehammer;All ages;Average Gross income;0;0;0;0;0;0;0;0;0;0;0;0;0;0;0;0;0;0;0;0;0;472300;505900;518800;551900
Lillehammer;0501 Lillehammer (-2019);All ages;Average Gross income;207200;223100;232200;251100;262200;266300;291200;280900;302700;328800;326300;336700;351900;368000;384500;395900;418900;418700;431800;447000;458900;0;0;0;0
Lillesand;4215 Lillesand;All ages;Average Gross income;0;0;0;0;0;0;0;0;0;0;0;0;0;0;0;0;0;0;0;0;0;484200;533700;533600;560200
Lillesand;0926 Lillesand (1962-2019);All ages;Average Gross income;212400;227800;232200;258900;267300;268200;295600;281000;310900;341100;347800;358400;377000;394300;405500;420600;438000;430800;440700;453700;470300;0;0;0;0
Lillestrøm;3205 Lillestrøm;All ages;Average Gross income;0;0;0;0;0;0;0;0;0;0;0;0;0;0;0;0;0;0;0;0;0;0;0;0;0
Lillestrøm;3030 Lillestrøm (2020-2023);All ages;Average Gross income;0;0;0;0;0;0;0;0;0;0;0;0;0;0;0;0;0;0;0;0;0;514200;555400;564300;591600
Lindås;1263 Lindås (-2019);All ages;Average Gross income;209200;219300;231700;250500;259200;264500;282400;292300;319500;348000;357700;366100;382000;400700;414800;433300;437700;432900;436600;456600;481300;0;0;0;0
Lindesnes;4205 Lindesnes;All ages;Average Gross income;0;0;0;0;0;0;0;0;0;0;0;0;0;0;0;0;0;0;0;0;0;450200;491000;499600;527100
Lindesnes;1029 Lindesnes (1964-2019);All ages;Average Gross income;181300;191600;204700;223100;237900;235300;269000;249900;277900;293300;296700;305400;324500;343900;354000;374400;396300;394900;400900;417700;426600;0;0;0;0
LoabákLavangen;5518 Loabák - Lavangen;All ages;Average Gross income;0;0;0;0;0;0;0;0;0;0;0;0;0;0;0;0;0;0;0;0;0;0;0;0;0
LoabákLavangen;5415 Loabák - Lavangen (2020-2023);All ages;Average Gross income;0;0;0;0;0;0;0;0;0;0;0;0;0;0;0;0;0;0;0;0;0;397100;421300;429800;459300
LoabákLavangen;1920 Loabák - Lavangen (1907-2019);All ages;Average Gross income;169600;181100;187300;199300;201100;207900;226700;224900;252900;269500;270900;282400;300600;308300;321600;337400;350000;358200;371600;376600;405800;0;0;0;0
Lødingen;1851 Lødingen;All ages;Average Gross income;191700;199300;210300;224400;225200;229800;242800;248300;270800;290600;298200;314600;318100;327200;331100;351900;366900;374100;399200;409600;429500;438500;472400;465100;483100
Lom;3434 Lom;All ages;Average Gross income;0;0;0;0;0;0;0;0;0;0;0;0;0;0;0;0;0;0;0;0;0;420700;441900;466300;504400
Lom;0514 Lom (-2019);All ages;Average Gross income;169000;176400;192200;204200;209900;230500;229900;235800;256000;276500;284200;293000;308000;321200;338400;355000;364900;374800;381700;395600;413700;0;0;0;0
Longyearbyenplanningarea;2111 Longyearbyen planning area;All ages;Average Gross income;0;0;0;0;0;0;0;0;0;0;0;0;0;0;0;0;0;0;0;0;0;0;0;0;0
Loppa;5614 Loppa;All ages;Average Gross income;0;0;0;0;0;0;0;0;0;0;0;0;0;0;0;0;0;0;0;0;0;0;0;0;0
Loppa;5432 Loppa (2020-2023);All ages;Average Gross income;0;0;0;0;0;0;0;0;0;0;0;0;0;0;0;0;0;0;0;0;0;412200;429200;454600;521200
Loppa;2014 Loppa (-2019);All ages;Average Gross income;173700;185600;200100;206100;206000;212100;216900;230100;256100;279300;278600;298700;310500;323900;325100;335500;357800;368300;370000;377200;389200;0;0;0;0
Lørenskog;3222 Lørenskog;All ages;Average Gross income;0;0;0;0;0;0;0;0;0;0;0;0;0;0;0;0;0;0;0;0;0;0;0;0;0
Lørenskog;3029 Lørenskog (2020-2023);All ages;Average Gross income;0;0;0;0;0;0;0;0;0;0;0;0;0;0;0;0;0;0;0;0;0;519000;562200;564600;591400
Lørenskog;0230 Lørenskog (1908-2019);All ages;Average Gross income;259500;278300;287100;307300;316400;319700;339400;329700;356800;379200;380200;386900;408400;421800;438800;450100;472100;467100;480600;495200;504200;0;0;0;0
Løten;3412 Løten;All ages;Average Gross income;0;0;0;0;0;0;0;0;0;0;0;0;0;0;0;0;0;0;0;0;0;437400;461000;477000;501200
Løten;0415 Løten (-2019);All ages;Average Gross income;184900;199100;205100;219900;228800;232000;243000;250600;269300;288800;292900;303900;320100;333100;347600;357300;370300;380100;392300;404400;420600;0;0;0;0
Lund;1112 Lund;All ages;Average Gross income;190100;202000;210900;223500;279600;233800;263900;258100;284300;308100;308800;324400;339000;353100;369900;381300;387600;387500;398900;422000;428800;443800;506700;514100;549200
Lunner;3234 Lunner;All ages;Average Gross income;0;0;0;0;0;0;0;0;0;0;0;0;0;0;0;0;0;0;0;0;0;0;0;0;0
Lunner;3054 Lunner (2020-2023);All ages;Average Gross income;0;0;0;0;0;0;0;0;0;0;0;0;0;0;0;0;0;0;0;0;0;478400;503900;516400;549000
Lunner;0533 Lunner (-2019);All ages;Average Gross income;214000;227500;239500;254400;260100;271600;280200;285200;308500;332000;336600;346800;364600;379600;388900;404500;418400;429500;441300;456700;468600;0;0;0;0
Lurøy;1834 Lurøy;All ages;Average Gross income;168200;219400;205300;208300;208200;219100;240300;241900;270700;288100;296200;319000;341600;358100;363400;390800;425100;419800;457200;486500;537600;521400;626300;568100;650500
Luster;4644 Luster;All ages;Average Gross income;0;0;0;0;0;0;0;0;0;0;0;0;0;0;0;0;0;0;0;0;0;442400;470000;492700;541200
Luster;1426 Luster (-2019);All ages;Average Gross income;181800;194200;205200;221000;220200;227600;239500;247200;269900;295400;302800;310000;326400;343200;353600;369300;383600;390200;399300;413900;434600;0;0;0;0
Lyngdal;4225 Lyngdal;All ages;Average Gross income;0;0;0;0;0;0;0;0;0;0;0;0;0;0;0;0;0;0;0;0;0;439800;472500;480500;502700
Lyngdal;1032 Lyngdal (-2019);All ages;Average Gross income;192800;206900;213600;231500;237100;246700;265000;258100;285600;306300;308900;322400;338500;357000;366700;378000;391500;392600;397600;411800;431000;0;0;0;0
Lyngen;5536 Lyngen;All ages;Average Gross income;0;0;0;0;0;0;0;0;0;0;0;0;0;0;0;0;0;0;0;0;0;0;0;0;0
Lyngen;5424 Lyngen (2020-2023);All ages;Average Gross income;0;0;0;0;0;0;0;0;0;0;0;0;0;0;0;0;0;0;0;0;0;422900;448800;470400;498300
Lyngen;1938 Lyngen (-2019);All ages;Average Gross income;176500;183100;192900;204200;209500;220000;234000;239000;255600;276900;285000;297600;311500;328800;341300;360800;376000;387600;379900;390200;408800;0;0;0;0
Målselv;5524 Målselv;All ages;Average Gross income;0;0;0;0;0;0;0;0;0;0;0;0;0;0;0;0;0;0;0;0;0;0;0;0;0
Målselv;5418 Målselv (2020-2023);All ages;Average Gross income;0;0;0;0;0;0;0;0;0;0;0;0;0;0;0;0;0;0;0;0;0;475000;497500;506600;540300
Målselv;1924 Målselv (-2019);All ages;Average Gross income;207000;219300;229400;249300;257400;259300;270000;280600;300300;320300;324300;335700;353700;374300;378200;393300;428200;416300;428500;451200;461000;0;0;0;0
Malvik;5031 Malvik;All ages;Average Gross income;0;0;0;0;0;0;0;0;0;0;0;0;0;0;0;0;0;0;0;475800;495600;501900;544100;561700;596200
Malvik;1663 Malvik (-2017);All ages;Average Gross income;215400;226100;242000;252400;269500;271800;308300;296200;322400;344300;352500;367100;383000;403500;419000;429400;445900;451500;468700;0;0;0;0;0;0
Mandal;1002 Mandal (-2019);All ages;Average Gross income;196400;209700;218500;234800;243200;249900;275800;273500;296500;319400;320400;332300;345100;361100;376300;389500;406100;403900;416700;429600;447300;0;0;0;0
Marker;3122 Marker;All ages;Average Gross income;0;0;0;0;0;0;0;0;0;0;0;0;0;0;0;0;0;0;0;0;0;0;0;0;0
Marker;3013 Marker (2020-2023);All ages;Average Gross income;0;0;0;0;0;0;0;0;0;0;0;0;0;0;0;0;0;0;0;0;0;440800;475700;493300;521700
Marker;0119 Marker (1964-2019);All ages;Average Gross income;187900;207100;213900;225600;230000;244800;249400;248600;272000;291000;292900;300200;317400;331100;344700;364500;390600;376200;398300;412000;426600;0;0;0;0
Marnardal;1021 Marnardal (1964-2019);All ages;Average Gross income;185600;193500;203100;217600;228900;227800;248300;252500;278600;295200;302800;316100;332500;340500;353500;365400;382700;383700;397300;421100;437100;0;0;0;0
Masfjorden;4634 Masfjorden;All ages;Average Gross income;0;0;0;0;0;0;0;0;0;0;0;0;0;0;0;0;0;0;0;0;0;473400;523200;526900;578000
Masfjorden;1266 Masfjorden (-2019);All ages;Average Gross income;186000;195500;207700;221800;223100;232000;247400;265100;290300;317000;322100;335400;349500;370900;391800;402300;426300;419200;426800;441700;466500;0;0;0;0
Måsøy;5618 Måsøy;All ages;Average Gross income;0;0;0;0;0;0;0;0;0;0;0;0;0;0;0;0;0;0;0;0;0;0;0;0;0
Måsøy;5434 Måsøy (2020-2023);All ages;Average Gross income;0;0;0;0;0;0;0;0;0;0;0;0;0;0;0;0;0;0;0;0;0;453300;485100;511600;547600
Måsøy;2018 Måsøy (-2019);All ages;Average Gross income;191000;199500;209800;227800;224000;222500;240500;244400;262900;283700;277700;301200;314500;330300;341400;358900;368500;378500;393200;428800;445600;0;0;0;0
Meland;1256 Meland (1924-2019);All ages;Average Gross income;202000;214500;227200;252100;255500;260200;282300;292800;315400;336500;346900;358600;370300;388300;405000;419500;433800;434600;445200;457200;487300;0;0;0;0
Meldal;5023 Meldal (2018-2019);All ages;Average Gross income;0;0;0;0;0;0;0;0;0;0;0;0;0;0;0;0;0;0;0;399100;415600;0;0;0;0
Meldal;1636 Meldal (-2017);All ages;Average Gross income;170800;181100;192000;205000;210900;230200;243300;235500;259100;283700;287200;302600;317000;336200;338200;355700;388100;395100;388300;0;0;0;0;0;0
Melhus;5028 Melhus;All ages;Average Gross income;0;0;0;0;0;0;0;0;0;0;0;0;0;0;0;0;0;0;0;437300;453800;462500;494800;514400;548700
Melhus;1653 Melhus (-2017);All ages;Average Gross income;194500;206500;219100;233400;242500;261400;270300;267900;294400;315100;316000;327200;342200;360100;379000;391300;405200;412500;427800;0;0;0;0;0;0
Meløy;1837 Meløy;All ages;Average Gross income;193200;203900;220300;235700;240200;240400;262300;269800;299400;323000;332700;347400;365000;372300;374600;386200;401300;409400;419000;433700;449400;464700;496500;512200;547200
Meråker;5034 Meråker;All ages;Average Gross income;0;0;0;0;0;0;0;0;0;0;0;0;0;0;0;0;0;0;0;372500;380900;396700;418800;425400;457100
Meråker;1711 Meråker (-2017);All ages;Average Gross income;170200;178800;193400;203300;209800;225700;229700;243900;252700;277600;280200;287700;298300;308300;317100;322500;333100;338000;369300;0;0;0;0;0;0
Midsund;1545 Midsund (1965-2019);All ages;Average Gross income;200000;233300;241400;247600;233100;239300;265200;271700;316500;321400;333500;343200;365300;375900;387900;399000;413600;418600;427100;447800;486300;0;0;0;0
MidtreGauldal;5027 Midtre Gauldal;All ages;Average Gross income;0;0;0;0;0;0;0;0;0;0;0;0;0;0;0;0;0;0;0;408700;425900;438100;466100;478200;512600
MidtreGauldal;1648 Midtre Gauldal (1964-2017);All ages;Average Gross income;170100;181700;193500;211400;211400;221900;239200;240200;263100;278800;284500;298200;317600;331000;349900;360500;385000;383300;395000;0;0;0;0;0;0
MidtTelemark;3817 Midt-Telemark (2020-2023);All ages;Average Gross income;0;0;0;0;0;0;0;0;0;0;0;0;0;0;0;0;0;0;0;0;0;419300;453200;464800;493500
MidtTelemark;4020 Midt-Telemark;All ages;Average Gross income;0;0;0;0;0;0;0;0;0;0;0;0;0;0;0;0;0;0;0;0;0;0;0;0;0
Modalen;4629 Modalen;All ages;Average Gross income;0;0;0;0;0;0;0;0;0;0;0;0;0;0;0;0;0;0;0;0;0;464000;623800;484500;525200
Modalen;1252 Modalen (1910-2019);All ages;Average Gross income;188400;202100;213800;215500;226500;237200;245200;254500;275900;319600;311200;321900;321400;353300;376700;401900;448100;403000;393500;429500;462100;0;0;0;0
Modum;3047 Modum (2020-2023);All ages;Average Gross income;0;0;0;0;0;0;0;0;0;0;0;0;0;0;0;0;0;0;0;0;0;445300;484000;483800;513800
Modum;0623 Modum (-2019);All ages;Average Gross income;197500;212400;221200;238900;245300;251700;272300;265500;287300;310700;312700;325500;340900;355000;367300;374800;396600;396400;413800;428100;433700;0;0;0;0
Modum;3316 Modum;All ages;Average Gross income;0;0;0;0;0;0;0;0;0;0;0;0;0;0;0;0;0;0;0;0;0;0;0;0;0
Moland;0918 Moland (1962-1991);All ages;Average Gross income;0;0;0;0;0;0;0;0;0;0;0;0;0;0;0;0;0;0;0;0;0;0;0;0;0
Molde;1502 Molde (-2019);All ages;Average Gross income;216200;233800;240600;259200;266700;272300;301400;291400;325200;349100;350300;360200;377800;392500;411800;425300;441000;440200;446900;458700;478400;0;0;0;0
Molde;1506 Molde;All ages;Average Gross income;0;0;0;0;0;0;0;0;0;0;0;0;0;0;0;0;0;0;0;0;0;484100;531300;537700;565800
Moskenes;1858 Moskenes (1916-1975);All ages;Average Gross income;0;0;0;0;0;0;0;0;0;0;0;0;0;0;0;0;0;0;0;0;0;0;0;0;0
Moskenes;1874 Moskenes;All ages;Average Gross income;181700;194800;219700;225900;220400;227500;240700;252600;271600;297800;290400;311700;335200;349400;352600;373800;382800;398600;423200;443000;467400;469500;499000;521600;576800
Moss;3103 Moss;All ages;Average Gross income;0;0;0;0;0;0;0;0;0;0;0;0;0;0;0;0;0;0;0;0;0;0;0;0;0
Moss;3002 Moss (2020-2023);All ages;Average Gross income;0;0;0;0;0;0;0;0;0;0;0;0;0;0;0;0;0;0;0;0;0;468600;522200;519800;561100
Moss;0104 Moss (-2019);All ages;Average Gross income;209900;222000;232500;245500;256500;264800;281800;280400;305800;324000;323200;330900;347100;360900;373300;386300;405300;404100;416500;434200;448200;0;0;0;0
Mosvik;1723 Mosvik  (-2011);All ages;Average Gross income;171700;180900;189600;203500;207400;210200;226600;229600;254300;274800;278900;291300;0;0;0;0;0;0;0;0;0;0;0;0;0
Mykland;0932 Mykland (-1966);All ages;Average Gross income;0;0;0;0;0;0;0;0;0;0;0;0;0;0;0;0;0;0;0;0;0;0;0;0;0
Nærøy;5051 Nærøy (2018-2019);All ages;Average Gross income;0;0;0;0;0;0;0;0;0;0;0;0;0;0;0;0;0;0;0;424100;441800;0;0;0;0
Nærøy;1751 Nærøy (-2017);All ages;Average Gross income;179000;195000;195600;210900;212400;219900;234300;238100;265300;285900;289300;306800;322500;339200;357500;365700;379200;393900;408900;0;0;0;0;0;0
Nærøysund;5060 Nærøysund;All ages;Average Gross income;0;0;0;0;0;0;0;0;0;0;0;0;0;0;0;0;0;0;0;0;0;483300;567200;561100;594500
Namdalseid;5040 Namdalseid (2018-2019);All ages;Average Gross income;0;0;0;0;0;0;0;0;0;0;0;0;0;0;0;0;0;0;0;393100;404900;0;0;0;0
Namdalseid;1725 Namdalseid (-2017);All ages;Average Gross income;165900;176800;186400;199400;199400;209300;222000;229700;255600;268700;281700;289900;307300;324900;339300;351500;360200;366900;381700;0;0;0;0;0;0
Namsos;5005 Namsos (2018-2019);All ages;Average Gross income;0;0;0;0;0;0;0;0;0;0;0;0;0;0;0;0;0;0;0;430700;441300;0;0;0;0
Namsos;1703 Namsos (-2017);All ages;Average Gross income;192000;203600;213300;227800;242700;242500;268000;263800;285500;307200;313100;324500;340700;361100;365800;374600;392800;399200;419800;0;0;0;0;0;0
NamsosNåavmesjenjaelmie;5007 Namsos - Nåavmesjenjaelmie;All ages;Average Gross income;0;0;0;0;0;0;0;0;0;0;0;0;0;0;0;0;0;0;0;0;0;448200;482100;498300;531300
Namsskogan;5044 Namsskogan;All ages;Average Gross income;0;0;0;0;0;0;0;0;0;0;0;0;0;0;0;0;0;0;0;390300;417400;422200;459900;475700;497800
Namsskogan;1740 Namsskogan (1923-2017);All ages;Average Gross income;172400;179000;189800;202800;205800;210700;217400;228600;248000;270800;287700;296800;311000;320800;343500;352500;373300;372500;382600;0;0;0;0;0;0
Nannestad;3238 Nannestad;All ages;Average Gross income;0;0;0;0;0;0;0;0;0;0;0;0;0;0;0;0;0;0;0;0;0;0;0;0;0
Nannestad;3036 Nannestad (2020-2023);All ages;Average Gross income;0;0;0;0;0;0;0;0;0;0;0;0;0;0;0;0;0;0;0;0;0;463200;497800;524500;545600
Nannestad;0238 Nannestad (-2019);All ages;Average Gross income;229600;238100;248900;265900;273500;275800;293000;291500;317700;343000;340900;351100;363700;380300;390000;404500;424200;431200;438400;450500;467400;0;0;0;0
Narvik;1805 Narvik (-2019);All ages;Average Gross income;200700;211600;221800;236700;245300;250900;268300;269800;292900;317700;322900;337600;354100;364800;375700;387000;399100;413300;419500;436200;455600;0;0;0;0
Narvik;1806 Narvik;All ages;Average Gross income;0;0;0;0;0;0;0;0;0;0;0;0;0;0;0;0;0;0;0;0;0;463200;496100;513900;544500
Naustdal;1433 Naustdal (-2019);All ages;Average Gross income;190300;208100;211900;227400;230300;234300;255400;258100;284900;304000;314300;327600;338700;361400;379400;382400;415700;403300;411900;431800;448700;0;0;0;0
NedreEiker;0625 Nedre Eiker (-2019);All ages;Average Gross income;211000;228300;236100;251300;258600;261600;280000;278400;300300;327200;328900;339200;357600;369500;380800;396500;406800;410200;420600;439600;450300;0;0;0;0
Nes;3228 Nes;All ages;Average Gross income;0;0;0;0;0;0;0;0;0;0;0;0;0;0;0;0;0;0;0;0;0;0;0;0;0
Nes;3034 Nes (2020-2023);All ages;Average Gross income;0;0;0;0;0;0;0;0;0;0;0;0;0;0;0;0;0;0;0;0;0;470500;497600;520000;543800
NesAkershus;0236 Nes (Akershus) (-2019);All ages;Average Gross income;218600;231800;241800;257300;263300;266900;283800;283700;308000;327100;329600;338900;353300;368500;382000;392700;410800;421300;429600;444900;462400;0;0;0;0
NesBuskerud;0616 Nes (Buskerud) (-2019);All ages;Average Gross income;197300;208400;216900;275100;276000;286000;338100;261900;286100;306400;309400;313000;329200;340400;352900;359300;382200;394600;418000;427000;442700;0;0;0;0
Nesbyen;3040 Nesbyen (2020-2023);All ages;Average Gross income;0;0;0;0;0;0;0;0;0;0;0;0;0;0;0;0;0;0;0;0;0;465300;528300;517900;547800
Nesbyen;3322 Nesbyen;All ages;Average Gross income;0;0;0;0;0;0;0;0;0;0;0;0;0;0;0;0;0;0;0;0;0;0;0;0;0
Nesna;1828 Nesna;All ages;Average Gross income;177000;182700;198200;214400;215100;214400;237500;234200;252000;269800;266400;278000;288300;310400;301300;311000;330800;339200;383800;386200;412400;430300;465200;454900;496200
Nesodden;3212 Nesodden;All ages;Average Gross income;0;0;0;0;0;0;0;0;0;0;0;0;0;0;0;0;0;0;0;0;0;0;0;0;0
Nesodden;3023 Nesodden (2020-2023);All ages;Average Gross income;0;0;0;0;0;0;0;0;0;0;0;0;0;0;0;0;0;0;0;0;0;546600;605700;594500;627800
Nesodden;0216 Nesodden (-2019);All ages;Average Gross income;252300;264400;272800;287600;293900;299900;317000;319000;344200;372000;366800;377900;401800;419100;436700;450100;467500;475200;487800;503300;522900;0;0;0;0
Nesset;1543 Nesset (-2019);All ages;Average Gross income;186200;200800;209400;221400;221000;226800;239400;255100;274800;297500;301700;316400;334000;350700;362200;380600;392000;389600;401200;419300;438000;0;0;0;0
Nissedal;3822 Nissedal (2020-2023);All ages;Average Gross income;0;0;0;0;0;0;0;0;0;0;0;0;0;0;0;0;0;0;0;0;0;447400;484100;479000;510500
Nissedal;4030 Nissedal;All ages;Average Gross income;0;0;0;0;0;0;0;0;0;0;0;0;0;0;0;0;0;0;0;0;0;0;0;0;0
Nissedal;0830 Nissedal (-2019);All ages;Average Gross income;174900;187900;195400;212500;216500;230700;288100;261500;270400;290500;294400;313400;334600;343100;362500;365500;382900;393600;396300;414900;441200;0;0;0;0
Nittedal;3232 Nittedal;All ages;Average Gross income;0;0;0;0;0;0;0;0;0;0;0;0;0;0;0;0;0;0;0;0;0;0;0;0;0
Nittedal;3031 Nittedal (2020-2023);All ages;Average Gross income;0;0;0;0;0;0;0;0;0;0;0;0;0;0;0;0;0;0;0;0;0;544900;584900;597200;626900
Nittedal;0233 Nittedal (-2019);All ages;Average Gross income;252000;271300;280500;299500;303600;312300;330400;329000;355500;380800;380100;394100;410000;429300;450400;462400;481600;491300;502600;514500;531400;0;0;0;0
Nome;3816 Nome (2020-2023);All ages;Average Gross income;0;0;0;0;0;0;0;0;0;0;0;0;0;0;0;0;0;0;0;0;0;425600;465000;482000;504700
Nome;4018 Nome;All ages;Average Gross income;0;0;0;0;0;0;0;0;0;0;0;0;0;0;0;0;0;0;0;0;0;0;0;0;0
Nome;0819 Nome (1964-2019);All ages;Average Gross income;191200;204000;215200;229900;239500;241600;259400;260200;279700;297800;296400;309600;320500;335300;346900;359100;375900;373300;384000;398900;414600;0;0;0;0
NordAurdal;3451 Nord-Aurdal;All ages;Average Gross income;0;0;0;0;0;0;0;0;0;0;0;0;0;0;0;0;0;0;0;0;0;438600;468100;478300;504800
NordAurdal;0542 Nord-Aurdal (-2019);All ages;Average Gross income;195300;208500;213100;230000;235100;246800;269200;254300;277400;297600;304100;312800;326100;338800;350800;363400;385400;388900;402700;413700;424800;0;0;0;0
Norddal;1524 Norddal (-2019);All ages;Average Gross income;184000;196300;205600;219000;218100;228000;245900;250000;285900;300000;306200;309900;332600;347900;357700;371700;379200;420500;385700;398700;419800;0;0;0;0
NordFron;3436 Nord-Fron;All ages;Average Gross income;0;0;0;0;0;0;0;0;0;0;0;0;0;0;0;0;0;0;0;0;0;433300;471500;487700;510400
NordFron;0516 Nord-Fron (1977-2019);All ages;Average Gross income;184300;196700;207000;221900;223500;236300;261900;254600;276300;307100;301700;315300;325600;343500;361400;384700;393400;398700;402200;414600;430900;0;0;0;0
Nordkapp;5620 Nordkapp;All ages;Average Gross income;0;0;0;0;0;0;0;0;0;0;0;0;0;0;0;0;0;0;0;0;0;0;0;0;0
Nordkapp;5435 Nordkapp (2020-2023);All ages;Average Gross income;0;0;0;0;0;0;0;0;0;0;0;0;0;0;0;0;0;0;0;0;0;453800;481900;518400;554300
Nordkapp;2019 Nordkapp (-2019);All ages;Average Gross income;201500;216300;222700;228000;235900;237800;248000;256100;281600;309400;307000;318700;341700;352100;361700;376200;391400;399000;414100;429700;450600;0;0;0;0
NordOdal;3414 Nord-Odal;All ages;Average Gross income;0;0;0;0;0;0;0;0;0;0;0;0;0;0;0;0;0;0;0;0;0;412800;440700;457100;487400
NordOdal;0418 Nord-Odal (-2019);All ages;Average Gross income;180600;194400;205500;213800;219200;225900;234700;240700;260700;282200;286800;292500;309700;324700;337500;348500;363400;366800;374300;393400;404600;0;0;0;0
NordreFollo;3207 Nordre Follo;All ages;Average Gross income;0;0;0;0;0;0;0;0;0;0;0;0;0;0;0;0;0;0;0;0;0;0;0;0;0
NordreFollo;3020 Nordre Follo (2020-2023);All ages;Average Gross income;0;0;0;0;0;0;0;0;0;0;0;0;0;0;0;0;0;0;0;0;0;555400;607100;615300;645500
NordreisaRáisaRaisi;5544 Nordreisa - Ráisa - Raisi;All ages;Average Gross income;0;0;0;0;0;0;0;0;0;0;0;0;0;0;0;0;0;0;0;0;0;0;0;0;0
NordreisaRáisaRaisi;5428 Nordreisa - Ráisa - Raisi (2020-2023);All ages;Average Gross income;0;0;0;0;0;0;0;0;0;0;0;0;0;0;0;0;0;0;0;0;0;446900;468800;487100;515400
NordreisaRáisaRaisi;1942 Nordreisa - Ráisa - Raisi (-2019);All ages;Average Gross income;174000;207200;201400;209600;216900;224500;242100;245300;267900;290300;295300;307200;322500;334500;349900;360500;376200;382500;396900;410000;442300;0;0;0;0
NordreLand;3448 Nordre Land;All ages;Average Gross income;0;0;0;0;0;0;0;0;0;0;0;0;0;0;0;0;0;0;0;0;0;409400;431600;446200;474800
NordreLand;0538 Nordre Land (-2019);All ages;Average Gross income;171500;181400;192800;205300;208900;215200;229000;233800;258100;275200;279900;289700;302500;315200;328500;339400;353300;362300;366300;389200;400300;0;0;0;0
NoreogUvdal;3052 Nore og Uvdal (2020-2023);All ages;Average Gross income;0;0;0;0;0;0;0;0;0;0;0;0;0;0;0;0;0;0;0;0;0;452200;489900;481600;512300
NoreogUvdal;0633 Nore og Uvdal (1962-2019);All ages;Average Gross income;178300;188900;198800;215200;217300;222500;251400;243100;270200;286800;297000;305000;320600;333700;348100;357400;376900;383000;397200;413900;433400;0;0;0;0
NoreogUvdal;3338 Nore og Uvdal;All ages;Average Gross income;0;0;0;0;0;0;0;0;0;0;0;0;0;0;0;0;0;0;0;0;0;0;0;0;0
Notodden;3808 Notodden (2020-2023);All ages;Average Gross income;0;0;0;0;0;0;0;0;0;0;0;0;0;0;0;0;0;0;0;0;0;442600;475900;483300;515800
Notodden;4005 Notodden;All ages;Average Gross income;0;0;0;0;0;0;0;0;0;0;0;0;0;0;0;0;0;0;0;0;0;0;0;0;0
Notodden;0807 Notodden (1913-2019);All ages;Average Gross income;198200;207800;217200;234800;244000;244700;264800;262400;285400;306900;313600;322900;338400;350000;362100;373700;390800;383700;395100;413100;428600;0;0;0;0
Nøtterøy;0722 Nøtterøy (-2017);All ages;Average Gross income;231600;254800;257500;277000;295800;294600;331800;305000;330900;356000;354800;362700;382800;403800;420100;436600;462200;458400;474700;0;0;0;0;0;0
NyÅlesundplanningarea;2112 Ny-Ålesund planning area;All ages;Average Gross income;0;0;0;0;0;0;0;0;0;0;0;0;0;0;0;0;0;0;0;0;0;0;0;0;0
Odda;1228 Odda (1913-2019);All ages;Average Gross income;199700;209000;217700;232100;237500;243400;253700;266400;302100;312200;318500;329100;343500;357200;368700;381400;404200;401300;411800;430500;452100;0;0;0;0
Øksnes;1868 Øksnes;All ages;Average Gross income;193900;199600;212900;227600;228800;233400;260300;253400;275500;295000;303800;322600;335700;351300;352600;367700;387800;392000;416800;431800;449300;454500;494000;517300;542500
Ølen;1159 Ølen (2002-2005);All ages;Average Gross income;0;0;219100;235800;248600;265700;0;0;0;0;0;0;0;0;0;0;0;0;0;0;0;0;0;0;0
Ølen;1214 Ølen (1916-2001);All ages;Average Gross income;201900;212200;0;0;0;0;0;0;0;0;0;0;0;0;0;0;0;0;0;0;0;0;0;0;0
Onsøy;0134 Onsøy (-1993);All ages;Average Gross income;0;0;0;0;0;0;0;0;0;0;0;0;0;0;0;0;0;0;0;0;0;0;0;0;0
Oppdal;5021 Oppdal;All ages;Average Gross income;0;0;0;0;0;0;0;0;0;0;0;0;0;0;0;0;0;0;0;418800;441900;452900;484700;500600;519500
Oppdal;1634 Oppdal (-2017);All ages;Average Gross income;187100;202400;209500;224600;228900;243000;269300;253300;283200;299300;299000;313000;330100;340000;354900;362900;380500;392000;403400;0;0;0;0;0;0
Oppegård;0217 Oppegård (1915-2019);All ages;Average Gross income;281800;306600;306700;323600;332900;339400;384800;362800;394900;426700;418500;434200;459300;471700;486100;500500;528900;533900;539800;554200;577200;0;0;0;0
Orkdal;5024 Orkdal (2018-2019);All ages;Average Gross income;0;0;0;0;0;0;0;0;0;0;0;0;0;0;0;0;0;0;0;433700;444600;0;0;0;0
Orkdal;1638 Orkdal (-2017);All ages;Average Gross income;189000;198800;211300;226200;231100;239600;252300;260900;285900;308100;311200;323400;339000;357600;371100;386300;402300;408300;415200;0;0;0;0;0;0
Orkland;5059 Orkland;All ages;Average Gross income;0;0;0;0;0;0;0;0;0;0;0;0;0;0;0;0;0;0;0;0;0;445800;478900;496500;529100
Ørland;5015 Ørland (2018-2019);All ages;Average Gross income;0;0;0;0;0;0;0;0;0;0;0;0;0;0;0;0;0;0;0;441600;455300;0;0;0;0
Ørland;5057 Ørland;All ages;Average Gross income;0;0;0;0;0;0;0;0;0;0;0;0;0;0;0;0;0;0;0;0;0;456100;484900;506100;544700
Ørland;1621 Ørland (-2017);All ages;Average Gross income;200400;210900;228900;240600;258700;257600;266800;268600;287800;307300;312500;320900;339900;360200;365900;380000;392200;409300;423200;0;0;0;0;0;0
Ørskog;1523 Ørskog (1977-2019);All ages;Average Gross income;195900;218600;219100;236200;241300;246800;269600;276200;299200;316600;319200;329200;343700;357800;375400;403000;399500;403400;424500;428700;456900;0;0;0;0
Ørskog;1527 Ørskog (-1976);All ages;Average Gross income;0;0;0;0;0;0;0;0;0;0;0;0;0;0;0;0;0;0;0;0;0;0;0;0;0
Ørsta;1520 Ørsta;All ages;Average Gross income;190600;205800;211500;226200;232400;237800;258700;258800;287600;314900;314200;323700;345900;360100;379400;396100;407800;415200;420000;433400;446400;455100;493600;504400;543000
Os;3430 Os;All ages;Average Gross income;0;0;0;0;0;0;0;0;0;0;0;0;0;0;0;0;0;0;0;0;0;418400;454200;465800;499800
Osen;5020 Osen;All ages;Average Gross income;0;0;0;0;0;0;0;0;0;0;0;0;0;0;0;0;0;0;0;393500;415400;420700;453700;479700;510700
Osen;1633 Osen (-2017);All ages;Average Gross income;173800;177400;199900;219500;210000;213200;232400;245400;260500;282300;287000;302200;323800;329400;338400;347600;367300;380600;378900;0;0;0;0;0;0
OsHedmark;0441 Os (Hedmark) (1976-2019);All ages;Average Gross income;165900;176400;187700;193500;210100;206100;224900;228200;250400;277100;278000;289200;306600;316300;330100;343500;354700;357500;366000;387700;482400;0;0;0;0
OsHordaland;1243 Os (Hordaland) (-2019);All ages;Average Gross income;219700;235500;246000;271300;277100;295400;314700;316000;335800;356300;358400;365700;390800;402000;422700;434100;464000;449700;457300;469800;486600;0;0;0;0
Oslomunicipality;0301 Oslo municipality;All ages;Average Gross income;266600;297400;292300;324200;330300;351400;388900;340100;376100;395900;389900;407700;422000;437400;452500;470200;504200;499200;510300;529400;541800;568300;649900;634100;670600
Osterøy;4630 Osterøy;All ages;Average Gross income;0;0;0;0;0;0;0;0;0;0;0;0;0;0;0;0;0;0;0;0;0;453000;486500;495400;528300
Osterøy;1253 Osterøy (1964-2019);All ages;Average Gross income;190500;206300;260100;225900;236600;242300;263700;265900;287900;310100;314700;324100;348900;359700;373700;389400;401300;403400;408000;424100;438200;0;0;0;0
ØstreToten;3442 Østre Toten;All ages;Average Gross income;0;0;0;0;0;0;0;0;0;0;0;0;0;0;0;0;0;0;0;0;0;451900;484000;493100;527200
ØstreToten;0528 Østre Toten (-2019);All ages;Average Gross income;187900;202600;211300;227500;233900;242400;261000;256700;280300;301300;306400;317700;331100;344000;354300;366300;383600;392400;410500;424100;437700;0;0;0;0
Overhalla;5047 Overhalla;All ages;Average Gross income;0;0;0;0;0;0;0;0;0;0;0;0;0;0;0;0;0;0;0;434300;450000;461000;495300;513800;546900
Overhalla;1744 Overhalla (-2017);All ages;Average Gross income;184700;196700;203400;216700;226300;235700;255000;256800;285700;306400;302100;318500;334300;348900;369100;378600;395900;413300;430700;0;0;0;0;0;0
ØvreEiker;3048 Øvre Eiker (2020-2023);All ages;Average Gross income;0;0;0;0;0;0;0;0;0;0;0;0;0;0;0;0;0;0;0;0;0;475800;532300;520400;549300
ØvreEiker;0624 Øvre Eiker (-2019);All ages;Average Gross income;209300;233300;233000;252800;259500;263700;287000;274500;299600;324900;327300;337700;354900;373600;385300;394000;420100;428000;430000;445200;472100;0;0;0;0
ØvreEiker;3314 Øvre Eiker;All ages;Average Gross income;0;0;0;0;0;0;0;0;0;0;0;0;0;0;0;0;0;0;0;0;0;0;0;0;0
Øyer;3440 Øyer;All ages;Average Gross income;0;0;0;0;0;0;0;0;0;0;0;0;0;0;0;0;0;0;0;0;0;443700;470100;488400;513900
Øyer;0521 Øyer (-2019);All ages;Average Gross income;187800;202000;212800;225100;231200;243200;274800;255300;280400;303900;298400;309700;323200;335800;351800;362500;380900;389000;402300;421000;437000;0;0;0;0
Øyestad;0920 Øyestad (-1991);All ages;Average Gross income;0;0;0;0;0;0;0;0;0;0;0;0;0;0;0;0;0;0;0;0;0;0;0;0;0
Øygarden;4626 Øygarden;All ages;Average Gross income;0;0;0;0;0;0;0;0;0;0;0;0;0;0;0;0;0;0;0;0;0;491100;536100;545300;584600
Øygarden;1259 Øygarden (1964-2019);All ages;Average Gross income;201600;208700;224900;237600;252600;255200;267700;284200;309400;339300;338700;349500;368600;393100;401800;416300;435000;417100;422700;428700;463600;0;0;0;0
ØystreSlidre;3453 Øystre Slidre;All ages;Average Gross income;0;0;0;0;0;0;0;0;0;0;0;0;0;0;0;0;0;0;0;0;0;458400;491300;501100;527800
ØystreSlidre;0544 Øystre Slidre (-2019);All ages;Average Gross income;189300;206200;217300;233100;232300;251600;293800;260200;284100;304000;309900;320500;331000;350300;360400;373600;388700;397300;417300;437300;452300;0;0;0;0
PorsangerPorsánguPorsanki;5622 Porsanger - Porsángu - Porsanki;All ages;Average Gross income;0;0;0;0;0;0;0;0;0;0;0;0;0;0;0;0;0;0;0;0;0;0;0;0;0
PorsangerPorsánguPorsanki;5436 Porsanger - Porsángu - Porsanki (2020-2023);All ages;Average Gross income;0;0;0;0;0;0;0;0;0;0;0;0;0;0;0;0;0;0;0;0;0;444800;470900;497000;535200
PorsangerPorsánguPorsanki;2020 Porsanger - Porsángu - Porsanki (1964-2019);All ages;Average Gross income;193700;202300;215300;227300;235100;239700;249700;256800;279100;302000;307400;320100;335700;350500;357100;372000;387700;392100;402100;415800;429100;0;0;0;0
Porsgrunn;3806 Porsgrunn (2020-2023);All ages;Average Gross income;0;0;0;0;0;0;0;0;0;0;0;0;0;0;0;0;0;0;0;0;0;470900;512000;518000;551800
Porsgrunn;4001 Porsgrunn;All ages;Average Gross income;0;0;0;0;0;0;0;0;0;0;0;0;0;0;0;0;0;0;0;0;0;0;0;0;0
Porsgrunn;0805 Porsgrunn (-2019);All ages;Average Gross income;208800;222700;235300;249100;255400;261800;278900;281800;306600;332100;336200;344100;358700;373300;383900;394200;410400;414200;424600;441700;459400;0;0;0;0
RaarvihkeRøyrvik;5043 Raarvihke - Røyrvik;All ages;Average Gross income;0;0;0;0;0;0;0;0;0;0;0;0;0;0;0;0;0;0;0;402900;400500;406900;426200;439000;459800
RaarvihkeRøyrvik;1739 Raarvihke - Røyrvik (1923-2017);All ages;Average Gross income;175100;180500;189900;200100;202000;208900;216900;228800;255000;283600;287700;300900;314500;338300;345000;361800;370100;383000;390700;0;0;0;0;0;0
Råde;3112 Råde;All ages;Average Gross income;0;0;0;0;0;0;0;0;0;0;0;0;0;0;0;0;0;0;0;0;0;0;0;0;0
Råde;3017 Råde (2020-2023);All ages;Average Gross income;0;0;0;0;0;0;0;0;0;0;0;0;0;0;0;0;0;0;0;0;0;468300;504500;481200;523300
Råde;0135 Råde (-2019);All ages;Average Gross income;206100;224600;232500;251800;257600;269900;302300;278800;310700;325900;334600;340300;354700;373500;386500;398400;421100;419800;428300;441800;457600;0;0;0;0
Radøy;1260 Radøy (1964-2019);All ages;Average Gross income;194800;207400;214800;227300;227600;236800;251900;261800;284700;316300;318900;323700;349700;366400;382700;391500;402900;391400;399300;413700;436300;0;0;0;0
Rælingen;3224 Rælingen;All ages;Average Gross income;0;0;0;0;0;0;0;0;0;0;0;0;0;0;0;0;0;0;0;0;0;0;0;0;0
Rælingen;3027 Rælingen (2020-2023);All ages;Average Gross income;0;0;0;0;0;0;0;0;0;0;0;0;0;0;0;0;0;0;0;0;0;523000;565500;581600;602800
Rælingen;0228 Rælingen (1929-2019);All ages;Average Gross income;247100;261300;269000;282600;295200;296400;313900;312900;339500;365500;370900;378400;392800;410200;426900;436200;459300;461200;473700;492400;516000;0;0;0;0
Rakkestad;3120 Rakkestad;All ages;Average Gross income;0;0;0;0;0;0;0;0;0;0;0;0;0;0;0;0;0;0;0;0;0;0;0;0;0
Rakkestad;3016 Rakkestad (2020-2023);All ages;Average Gross income;0;0;0;0;0;0;0;0;0;0;0;0;0;0;0;0;0;0;0;0;0;444200;477300;498100;528400
Rakkestad;0128 Rakkestad (-2019);All ages;Average Gross income;193400;209100;218100;234300;244900;257500;269000;260400;282800;308500;308700;320200;339600;350400;363200;372600;408600;402500;404000;437400;438900;0;0;0;0
Ramnes;0718 Ramnes (-2001);All ages;Average Gross income;203800;221700;0;0;0;0;0;0;0;0;0;0;0;0;0;0;0;0;0;0;0;0;0;0;0
RanaRaane;1833 Rana - Raane;All ages;Average Gross income;196600;206500;215800;228500;238900;243200;256100;257700;281000;312800;311200;325200;341700;354800;368800;380400;401200;401600;414200;430600;449600;460500;490900;512000;553300
Randaberg;1127 Randaberg;All ages;Average Gross income;251700;270100;267800;297400;308700;321000;374600;349800;383200;412600;415000;423500;445900;473900;504500;517000;526300;499100;494100;515600;543200;541300;600200;595700;626700
Rauma;1539 Rauma;All ages;Average Gross income;193600;212200;214500;229300;250900;268800;278900;262800;289700;306400;312600;324200;343300;362000;370100;387300;399500;403400;418900;434900;448600;457700;501700;504400;525100
Re;0716 Re (2002-2019);All ages;Average Gross income;213300;231300;234100;251300;258500;272200;288500;277100;302200;323300;327200;336800;354200;368000;380400;400100;416700;431600;429900;443300;461900;0;0;0;0
Rendalen;3424 Rendalen;All ages;Average Gross income;0;0;0;0;0;0;0;0;0;0;0;0;0;0;0;0;0;0;0;0;0;394500;413900;438200;473700
Rendalen;0432 Rendalen (1965-2019);All ages;Average Gross income;164500;177700;185100;197000;199300;208500;215400;223800;243100;261300;269600;281300;298300;313300;324300;335600;348600;352100;360300;380100;385700;0;0;0;0
Rennebu;5022 Rennebu;All ages;Average Gross income;0;0;0;0;0;0;0;0;0;0;0;0;0;0;0;0;0;0;0;384900;400900;408900;446400;459200;476400
Rennebu;1635 Rennebu (-2017);All ages;Average Gross income;165500;179100;186700;200000;204300;210700;228500;231800;255000;276500;272300;286100;301600;318500;331500;344900;360100;362700;374700;0;0;0;0;0;0
Rennesøy;1142 Rennesøy (-2019);All ages;Average Gross income;223800;245800;250800;271700;278200;306900;382600;336200;369700;403400;409400;421600;450300;471000;487800;524800;521600;505000;509800;514200;542100;0;0;0;0
Rindal;1567 Rindal (-2018);All ages;Average Gross income;174900;185900;195400;209400;213900;216800;227900;235100;259500;286200;286800;297900;314500;333500;347400;357900;373700;382800;392100;399000;0;0;0;0;0
Rindal;5061 Rindal;All ages;Average Gross income;0;0;0;0;0;0;0;0;0;0;0;0;0;0;0;0;0;0;0;0;412800;421800;451400;468700;500500
Ringebu;3439 Ringebu;All ages;Average Gross income;0;0;0;0;0;0;0;0;0;0;0;0;0;0;0;0;0;0;0;0;0;434400;448300;476600;501800
Ringebu;0520 Ringebu (-2019);All ages;Average Gross income;179000;191900;202900;219000;242000;288400;248900;239500;266100;290000;286500;294500;307900;320500;331500;351000;366200;363600;383800;401500;424800;0;0;0;0
Ringerike;3007 Ringerike (2020-2023);All ages;Average Gross income;0;0;0;0;0;0;0;0;0;0;0;0;0;0;0;0;0;0;0;0;0;458900;500500;500000;537900
Ringerike;0601 Ringerike (1964-1976);All ages;Average Gross income;0;0;0;0;0;0;0;0;0;0;0;0;0;0;0;0;0;0;0;0;0;0;0;0;0
Ringerike;0605 Ringerike (1977-2019);All ages;Average Gross income;211200;227400;234300;251700;260500;265700;287500;274300;295200;314100;316300;326500;340700;355800;369100;382000;399000;406500;414300;429200;446500;0;0;0;0
Ringerike;3305 Ringerike;All ages;Average Gross income;0;0;0;0;0;0;0;0;0;0;0;0;0;0;0;0;0;0;0;0;0;0;0;0;0
Ringsaker;3411 Ringsaker;All ages;Average Gross income;0;0;0;0;0;0;0;0;0;0;0;0;0;0;0;0;0;0;0;0;0;447700;478600;498800;528300
Ringsaker;0412 Ringsaker (-2019);All ages;Average Gross income;189500;202100;211600;226200;235700;240800;250700;255500;279300;300000;302700;310800;327200;342200;354800;366800;385800;393200;406800;422100;439400;0;0;0;0
Risør;4201 Risør;All ages;Average Gross income;0;0;0;0;0;0;0;0;0;0;0;0;0;0;0;0;0;0;0;0;0;431100;478600;486700;508100
Risør;0901 Risør (-2019);All ages;Average Gross income;196500;202200;212400;221400;230000;231300;250000;250600;272900;295000;298500;307500;325600;339400;354700;372000;392300;381800;394800;409500;422300;0;0;0;0
Rissa;1624 Rissa (-2017);All ages;Average Gross income;176400;190000;204800;220400;220600;223900;247700;244400;270200;291600;293900;304700;314300;331500;351100;358400;370000;386400;388900;0;0;0;0;0;0
Roan;5019 Roan (2018-2019);All ages;Average Gross income;0;0;0;0;0;0;0;0;0;0;0;0;0;0;0;0;0;0;0;420500;423700;0;0;0;0
Roan;1632 Roan (-2017);All ages;Average Gross income;164800;178300;187000;196000;195500;206300;220500;233100;256000;271300;270100;295100;308800;327300;329100;337200;359700;371200;385300;0;0;0;0;0;0
Rødøy;1836 Rødøy;All ages;Average Gross income;161000;169200;187500;190500;192700;198400;219100;224100;253200;276100;279700;297000;323500;334800;341000;356600;376100;373600;387100;403800;433200;453100;465000;492700;528900
Rollag;3051 Rollag (2020-2023);All ages;Average Gross income;0;0;0;0;0;0;0;0;0;0;0;0;0;0;0;0;0;0;0;0;0;444900;466100;480300;504500
Rollag;0632 Rollag (-2019);All ages;Average Gross income;192500;203000;214400;226000;225900;243500;277000;260600;289500;306400;304700;319900;346600;361900;373100;372500;377600;389300;408400;412400;428100;0;0;0;0
Rollag;3336 Rollag;All ages;Average Gross income;0;0;0;0;0;0;0;0;0;0;0;0;0;0;0;0;0;0;0;0;0;0;0;0;0
Rolvsøy;0131 Rolvsøy (1911-1993);All ages;Average Gross income;0;0;0;0;0;0;0;0;0;0;0;0;0;0;0;0;0;0;0;0;0;0;0;0;0
Rømskog;0121 Rømskog (-2019);All ages;Average Gross income;181200;194600;212600;222400;229700;245400;279900;264900;280800;294400;318000;327800;351700;354900;356000;373200;432900;395500;411200;447400;437200;0;0;0;0
Røros;1640 Røros (-2017);All ages;Average Gross income;190100;203900;211000;224600;230700;244400;269200;256900;281400;303500;304900;317000;329900;350300;361100;371000;383300;387500;402500;0;0;0;0;0;0
RørosRosse;5025 Røros - Rosse;All ages;Average Gross income;0;0;0;0;0;0;0;0;0;0;0;0;0;0;0;0;0;0;0;412300;431400;443100;480000;490500;521800
Røst;1856 Røst;All ages;Average Gross income;219300;255700;228200;253100;225600;236600;308400;272700;317000;323800;316800;313900;348100;359800;354400;374300;448600;423600;437800;474000;506500;515000;522400;532400;556200
Røyken;0627 Røyken (-2019);All ages;Average Gross income;245900;264700;277200;288200;294000;303400;322600;321000;353000;375700;377500;388500;406600;421400;442300;452100;468600;479900;481100;494500;512700;0;0;0;0
Rygge;0136 Rygge (-2019);All ages;Average Gross income;217500;236100;244400;260800;270700;276100;302000;292500;325400;344100;341300;352000;367500;379300;390900;411300;429800;431700;449500;453200;477500;0;0;0;0
Salangen;5522 Salangen;All ages;Average Gross income;0;0;0;0;0;0;0;0;0;0;0;0;0;0;0;0;0;0;0;0;0;0;0;0;0
Salangen;5417 Salangen (2020-2023);All ages;Average Gross income;0;0;0;0;0;0;0;0;0;0;0;0;0;0;0;0;0;0;0;0;0;409900;449400;462200;500100
Salangen;1921 Salangen (-1976);All ages;Average Gross income;0;0;0;0;0;0;0;0;0;0;0;0;0;0;0;0;0;0;0;0;0;0;0;0;0
Salangen;1923 Salangen (1977-2019);All ages;Average Gross income;185900;186100;200500;212900;220600;223000;233000;242200;271000;286000;288400;299900;307700;313500;317900;329800;341800;364000;372400;391900;413200;0;0;0;0
Saltdal;1840 Saltdal;All ages;Average Gross income;180200;192500;204100;236200;216100;218900;230500;239500;259600;279400;296400;301600;319400;324000;336400;350000;373500;370000;398000;407600;427900;437200;468300;483300;497700
Samnanger;4623 Samnanger;All ages;Average Gross income;0;0;0;0;0;0;0;0;0;0;0;0;0;0;0;0;0;0;0;0;0;454800;481400;501800;536800
Samnanger;1242 Samnanger (1907-2019);All ages;Average Gross income;196600;207000;213900;228400;244700;246700;265600;270700;292400;316500;321500;330500;367600;371100;387000;407100;423100;412400;415000;424800;442400;0;0;0;0
Sandar;0724 Sandar (-1967);All ages;Average Gross income;0;0;0;0;0;0;0;0;0;0;0;0;0;0;0;0;0;0;0;0;0;0;0;0;0
Sande;1514 Sande;All ages;Average Gross income;193900;201700;215800;221800;222900;232100;242900;258100;296200;314800;318900;333100;379300;356000;367900;387600;410500;398300;422800;434400;442200;459000;476500;494200;535300
Sandefjord;3804 Sandefjord (2020-2023);All ages;Average Gross income;0;0;0;0;0;0;0;0;0;0;0;0;0;0;0;0;0;0;0;0;0;465500;511600;514800;545400
Sandefjord;3907 Sandefjord;All ages;Average Gross income;0;0;0;0;0;0;0;0;0;0;0;0;0;0;0;0;0;0;0;0;0;0;0;0;0
Sandefjord;0706 Sandefjord (-2016);All ages;Average Gross income;217600;235300;240100;258500;272200;277800;306900;284300;311600;332800;331500;338900;357200;372300;387400;397300;422700;418200;0;0;0;0;0;0;0
Sandefjord;0710 Sandefjord (2017-2019);All ages;Average Gross income;0;0;0;0;0;0;0;0;0;0;0;0;0;0;0;0;0;0;417900;434400;453900;0;0;0;0
SandeVestfold;0713 Sande (Vestfold) (-2019);All ages;Average Gross income;217900;239700;242800;264600;272900;280300;318300;285500;310000;335900;331300;343800;360200;379800;391700;406900;435100;437100;441600;461000;490600;0;0;0;0
Sandnes;1102 Sandnes (-2019);All ages;Average Gross income;238400;253000;262300;277900;287000;293300;323900;326900;365300;390900;396500;403900;427100;449800;473500;485700;498300;480100;480700;494200;513200;0;0;0;0
Sandnes;1108 Sandnes;All ages;Average Gross income;0;0;0;0;0;0;0;0;0;0;0;0;0;0;0;0;0;0;0;0;0;523200;571600;581400;613600
Sandøy;1546 Sandøy (-2019);All ages;Average Gross income;212100;230300;237600;250800;280300;282900;504500;296500;326700;352400;355400;368200;392600;421300;435300;457200;478700;467200;474100;498400;519900;0;0;0;0
Sarpsborg;3105 Sarpsborg;All ages;Average Gross income;0;0;0;0;0;0;0;0;0;0;0;0;0;0;0;0;0;0;0;0;0;0;0;0;0
Sarpsborg;3003 Sarpsborg (2020-2023);All ages;Average Gross income;0;0;0;0;0;0;0;0;0;0;0;0;0;0;0;0;0;0;0;0;0;434000;470300;480800;509600
Sarpsborg;0102 Sarpsborg (-1991);All ages;Average Gross income;0;0;0;0;0;0;0;0;0;0;0;0;0;0;0;0;0;0;0;0;0;0;0;0;0
Sarpsborg;0105 Sarpsborg (1992-2019);All ages;Average Gross income;194800;210400;217700;230500;241500;244200;259400;259100;282200;302000;302800;312700;328100;338800;349800;361600;381400;385700;395800;410000;422100;0;0;0;0
Sauda;1135 Sauda;All ages;Average Gross income;197400;205700;215900;226200;232800;237400;255600;267300;295900;322300;324700;337900;349700;369400;388200;402000;411100;408400;418400;444700;460300;475200;499400;522100;553100
Sauherad;0822 Sauherad (-2019);All ages;Average Gross income;187900;204400;211100;221000;225500;229000;246700;251200;273200;296200;306300;316400;328200;343500;357600;370500;376100;391900;398800;412000;422900;0;0;0;0
Sel;3437 Sel;All ages;Average Gross income;0;0;0;0;0;0;0;0;0;0;0;0;0;0;0;0;0;0;0;0;0;399500;419800;441800;458100
Sel;0517 Sel (1908-2019);All ages;Average Gross income;172800;185600;194900;207200;209800;218800;233700;232600;254300;274000;277900;284000;297500;310100;319200;329700;337800;346800;361700;371900;389300;0;0;0;0
Selbu;5032 Selbu;All ages;Average Gross income;0;0;0;0;0;0;0;0;0;0;0;0;0;0;0;0;0;0;0;412700;438300;437400;475200;494200;519500
Selbu;1664 Selbu (-2017);All ages;Average Gross income;174600;188800;199100;209700;215800;219800;236700;245700;269200;291800;294100;307700;324000;338000;353900;368800;385300;388700;399400;0;0;0;0;0;0
Selje;1441 Selje (-2019);All ages;Average Gross income;198300;204200;217100;226300;237700;228900;254400;249800;277500;302000;307200;323500;338000;357800;366200;383600;401300;397100;410000;430800;457600;0;0;0;0
Seljord;3820 Seljord (2020-2023);All ages;Average Gross income;0;0;0;0;0;0;0;0;0;0;0;0;0;0;0;0;0;0;0;0;0;447900;486800;504700;523600
Seljord;4022 Seljord;All ages;Average Gross income;0;0;0;0;0;0;0;0;0;0;0;0;0;0;0;0;0;0;0;0;0;0;0;0;0
Seljord;0828 Seljord (-2019);All ages;Average Gross income;189700;201000;210400;228100;237100;240800;262300;250100;276800;307900;301500;314900;337300;348600;361300;370500;401000;396800;408000;422900;444500;0;0;0;0
Sem;0721 Sem (-1987);All ages;Average Gross income;0;0;0;0;0;0;0;0;0;0;0;0;0;0;0;0;0;0;0;0;0;0;0;0;0
Senja;5530 Senja;All ages;Average Gross income;0;0;0;0;0;0;0;0;0;0;0;0;0;0;0;0;0;0;0;0;0;0;0;0;0
Senja;5421 Senja (2020-2023);All ages;Average Gross income;0;0;0;0;0;0;0;0;0;0;0;0;0;0;0;0;0;0;0;0;0;464400;494400;511800;542000
Sigdal;3045 Sigdal (2020-2023);All ages;Average Gross income;0;0;0;0;0;0;0;0;0;0;0;0;0;0;0;0;0;0;0;0;0;472000;520200;517500;535700
Sigdal;0621 Sigdal (-2019);All ages;Average Gross income;191600;253300;220600;288600;238300;253200;295100;270000;294400;314600;311800;325100;343900;359500;371300;386000;442600;412400;421100;438700;452800;0;0;0;0
Sigdal;3332 Sigdal;All ages;Average Gross income;0;0;0;0;0;0;0;0;0;0;0;0;0;0;0;0;0;0;0;0;0;0;0;0;0
Siljan;3812 Siljan (2020-2023);All ages;Average Gross income;0;0;0;0;0;0;0;0;0;0;0;0;0;0;0;0;0;0;0;0;0;449400;487900;508700;546800
Siljan;4010 Siljan;All ages;Average Gross income;0;0;0;0;0;0;0;0;0;0;0;0;0;0;0;0;0;0;0;0;0;0;0;0;0
Siljan;0811 Siljan (-2019);All ages;Average Gross income;202000;214100;225000;239500;247500;250700;265800;274500;292100;310900;314300;321700;341600;353400;364700;374200;393000;404700;410500;432000;445600;0;0;0;0
Sirdal;4228 Sirdal;All ages;Average Gross income;0;0;0;0;0;0;0;0;0;0;0;0;0;0;0;0;0;0;0;0;0;501100;570200;577500;597700
Sirdal;1046 Sirdal (1960-2019);All ages;Average Gross income;202700;216100;228200;248500;248000;266200;337000;289700;331400;344900;360500;367200;392400;399500;426300;453800;449800;469300;482400;487200;498500;0;0;0;0
Skånland;1913 Skånland (1926-2019);All ages;Average Gross income;174800;182400;195700;207600;213600;218900;234800;243000;267900;289800;295100;306800;319900;334000;347800;362300;380300;388900;394200;406000;424200;0;0;0;0
Skaun;5029 Skaun;All ages;Average Gross income;0;0;0;0;0;0;0;0;0;0;0;0;0;0;0;0;0;0;0;450400;468700;484600;514500;536700;568400
Skaun;1657 Skaun (-2017);All ages;Average Gross income;189400;199200;210800;226300;232100;244100;269200;269000;289600;317300;319500;332600;349700;367900;385900;396500;413100;424100;437200;0;0;0;0;0;0
Skedsmo;0231 Skedsmo (-2019);All ages;Average Gross income;246300;262400;273500;289700;295600;300500;323900;317100;343400;367800;367300;376600;392200;409900;424700;436900;455500;459800;470100;483500;498500;0;0;0;0
Ski;0213 Ski (1931-2019);All ages;Average Gross income;255400;277300;280800;304800;309200;316700;332200;324600;352900;380300;377700;385900;407700;421000;434900;445900;473100;474700;483000;502200;519000;0;0;0;0
Skien;3807 Skien (2020-2023);All ages;Average Gross income;0;0;0;0;0;0;0;0;0;0;0;0;0;0;0;0;0;0;0;0;0;454400;497900;503800;531400
Skien;4003 Skien;All ages;Average Gross income;0;0;0;0;0;0;0;0;0;0;0;0;0;0;0;0;0;0;0;0;0;0;0;0;0
Skien;0806 Skien (-2019);All ages;Average Gross income;206200;219000;228400;246900;253800;258500;276700;273100;295600;317100;321700;331000;345000;359400;370200;383200;398500;405200;412500;427400;442600;0;0;0;0
Skiptvet;3116 Skiptvet;All ages;Average Gross income;0;0;0;0;0;0;0;0;0;0;0;0;0;0;0;0;0;0;0;0;0;0;0;0;0
Skiptvet;3015 Skiptvet (2020-2023);All ages;Average Gross income;0;0;0;0;0;0;0;0;0;0;0;0;0;0;0;0;0;0;0;0;0;449100;488500;500500;529400
Skiptvet;0127 Skiptvet (-2019);All ages;Average Gross income;197400;214800;222500;238700;243200;251700;260700;264500;289100;312000;311400;323500;342400;349100;365000;382800;406700;401900;411300;419800;439200;0;0;0;0
Skjåk;3433 Skjåk;All ages;Average Gross income;0;0;0;0;0;0;0;0;0;0;0;0;0;0;0;0;0;0;0;0;0;408800;441900;466300;499600
Skjåk;0513 Skjåk (-2019);All ages;Average Gross income;168900;179600;189700;202300;210200;221800;244200;239000;258000;274400;281700;293100;311800;321400;337800;355800;366000;367000;375000;391300;412300;0;0;0;0
Skjeberg;0115 Skjeberg (-1991);All ages;Average Gross income;0;0;0;0;0;0;0;0;0;0;0;0;0;0;0;0;0;0;0;0;0;0;0;0;0
Skjerstad;1842 Skjerstad (-2004);All ages;Average Gross income;160600;176300;182800;202000;211800;0;0;0;0;0;0;0;0;0;0;0;0;0;0;0;0;0;0;0;0
Skjervøy;5542 Skjervøy;All ages;Average Gross income;0;0;0;0;0;0;0;0;0;0;0;0;0;0;0;0;0;0;0;0;0;0;0;0;0
Skjervøy;5427 Skjervøy (2020-2023);All ages;Average Gross income;0;0;0;0;0;0;0;0;0;0;0;0;0;0;0;0;0;0;0;0;0;441800;461000;479100;504600
Skjervøy;1941 Skjervøy (-2019);All ages;Average Gross income;180900;191000;207100;215300;216000;222200;239000;243000;266700;287500;295000;304100;317400;325500;333400;348000;376500;378200;396100;403900;426800;0;0;0;0
Skodje;1529 Skodje (-2019);All ages;Average Gross income;201000;215900;222000;236300;240700;249900;264700;266600;327300;321100;332700;388100;368500;380500;392900;408500;427100;417200;426800;455400;473800;0;0;0;0
Smøla;1573 Smøla;All ages;Average Gross income;184100;188500;208500;227500;224200;236700;278500;260100;281600;313700;312400;328200;341400;362400;368700;381700;398100;411000;422500;434700;452000;480800;493500;522800;548100
SnåaseSnåsa;5041 Snåase - Snåsa;All ages;Average Gross income;0;0;0;0;0;0;0;0;0;0;0;0;0;0;0;0;0;0;0;386600;408600;418200;467300;478300;494600
SnåaseSnåsa;1736 Snåase - Snåsa (-2017);All ages;Average Gross income;171100;178800;190400;205100;206000;216600;233800;234100;256200;274600;278700;292500;309500;326800;341400;349100;359900;350900;381100;0;0;0;0;0;0
Snillfjord;5012 Snillfjord (2018-2019);All ages;Average Gross income;0;0;0;0;0;0;0;0;0;0;0;0;0;0;0;0;0;0;0;443100;457800;0;0;0;0
Snillfjord;1613 Snillfjord (1924-2017);All ages;Average Gross income;169900;179200;194000;205600;202300;217500;229200;233200;258400;286700;282300;292000;313000;332700;349000;366200;380800;397900;422800;0;0;0;0;0;0
Sogndal;4640 Sogndal;All ages;Average Gross income;0;0;0;0;0;0;0;0;0;0;0;0;0;0;0;0;0;0;0;0;0;456000;488500;505000;542000
Sogndal;1420 Sogndal (-2019);All ages;Average Gross income;204400;213400;223100;237500;242400;250400;268300;268800;293000;313500;315000;333300;341000;357700;371000;384600;401900;409100;419900;432100;452800;0;0;0;0
Søgne;1018 Søgne (-2019);All ages;Average Gross income;218900;229200;238900;253500;263400;271700;298800;295300;325500;354000;348200;355500;371800;396100;395600;409800;424900;417100;467800;440500;461700;0;0;0;0
Sokndal;1111 Sokndal;All ages;Average Gross income;196000;208000;219000;231000;234900;237800;255700;265900;293000;315200;317700;333400;354900;373100;393000;407700;425000;416600;428300;432800;452800;473300;506900;527700;551100
Sola;1124 Sola;All ages;Average Gross income;264700;283000;284500;312600;323900;323700;395700;366400;411700;432700;429700;448600;478800;501100;534000;587700;571700;538400;540400;554200;581900;591200;651300;657900;696900
Solund;4636 Solund;All ages;Average Gross income;0;0;0;0;0;0;0;0;0;0;0;0;0;0;0;0;0;0;0;0;0;475000;490300;534300;565000
Solund;1412 Solund (-2019);All ages;Average Gross income;194500;200500;226300;237400;251900;251500;264200;249000;275600;297400;304400;319500;348100;360800;369100;386100;403800;427200;414300;433700;453900;0;0;0;0
Sømna;1812 Sømna;All ages;Average Gross income;171400;179400;190500;203400;203600;212700;225700;235400;259700;276600;281200;296800;315800;328400;359000;359500;368400;381300;389300;407200;422400;438000;498200;489800;511100
SøndreLand;3447 Søndre Land;All ages;Average Gross income;0;0;0;0;0;0;0;0;0;0;0;0;0;0;0;0;0;0;0;0;0;411900;431000;451500;476000
SøndreLand;0536 Søndre Land (-2019);All ages;Average Gross income;178000;187500;198900;212300;215700;221200;236000;238600;260000;277300;282500;287700;303300;312600;322400;330400;345500;354300;365000;389700;402000;0;0;0;0
Songdalen;1017 Songdalen (1964-2019);All ages;Average Gross income;195900;203700;213900;227800;234400;242700;256100;265100;292100;319300;318600;323300;338900;347400;355000;365800;380900;382300;386000;400600;413900;0;0;0;0
SørAurdal;3449 Sør-Aurdal;All ages;Average Gross income;0;0;0;0;0;0;0;0;0;0;0;0;0;0;0;0;0;0;0;0;0;416400;449100;470100;505000
SørAurdal;0540 Sør-Aurdal (-2019);All ages;Average Gross income;176700;194300;201600;214600;215400;223800;257600;240900;260500;280100;284300;292700;309900;322100;334100;351800;353300;365700;379900;388700;404800;0;0;0;0
SørfoldFuolldá;1845 Sørfold - Fuolldá;All ages;Average Gross income;176100;246800;197500;205500;208600;213800;225000;234200;262700;277700;282700;297700;315400;329600;345900;355600;376200;381100;390600;403200;418500;424000;441800;461100;500100
SørFron;3438 Sør-Fron;All ages;Average Gross income;0;0;0;0;0;0;0;0;0;0;0;0;0;0;0;0;0;0;0;0;0;429100;469000;457500;498500
SørFron;0519 Sør-Fron (-2019);All ages;Average Gross income;181900;191500;199000;216300;217900;237100;253000;244600;265200;285800;286200;293200;313300;325000;352900;369500;382500;390000;401400;411900;422000;0;0;0;0
SørOdal;3415 Sør-Odal;All ages;Average Gross income;0;0;0;0;0;0;0;0;0;0;0;0;0;0;0;0;0;0;0;0;0;443200;477700;489600;524800
SørOdal;0419 Sør-Odal (-2019);All ages;Average Gross income;196800;212500;222200;235100;243800;251000;259800;256400;283100;304100;300100;311400;328000;339300;355600;369200;387500;388600;399800;414100;429900;0;0;0;0
Sørøysund;2016 Sørøysund (-1991);All ages;Average Gross income;0;0;0;0;0;0;0;0;0;0;0;0;0;0;0;0;0;0;0;0;0;0;0;0;0
Sørreisa;5526 Sørreisa;All ages;Average Gross income;0;0;0;0;0;0;0;0;0;0;0;0;0;0;0;0;0;0;0;0;0;0;0;0;0
Sørreisa;5419 Sørreisa (2020-2023);All ages;Average Gross income;0;0;0;0;0;0;0;0;0;0;0;0;0;0;0;0;0;0;0;0;0;449200;480600;495300;519400
Sørreisa;1925 Sørreisa (-2019);All ages;Average Gross income;188600;204500;214000;226500;243800;246700;272200;260200;281100;302900;310900;319200;340800;355700;362100;376700;404500;398900;409700;421700;440000;0;0;0;0
SortlandSuortá;1870 Sortland - Suortá;All ages;Average Gross income;192300;207200;215200;228800;243700;252400;276700;272400;284700;308600;314500;325200;343000;351000;364400;381300;403400;404200;419000;432700;454200;465200;520100;503700;538000
Sørum;0226 Sørum (-2019);All ages;Average Gross income;250700;254400;261100;275600;307600;292200;319700;311100;336400;359300;359600;372700;389900;411600;427800;432900;453000;457900;467100;487500;504100;0;0;0;0
SørVaranger;5605 Sør-Varanger;All ages;Average Gross income;0;0;0;0;0;0;0;0;0;0;0;0;0;0;0;0;0;0;0;0;0;0;0;0;0
SørVaranger;5444 Sør-Varanger (2020-2023);All ages;Average Gross income;0;0;0;0;0;0;0;0;0;0;0;0;0;0;0;0;0;0;0;0;0;453700;485100;500700;531200
SørVaranger;2030 Sør-Varanger (-2019);All ages;Average Gross income;193800;204100;218100;230100;242200;242700;257300;269100;291800;312800;328700;340200;355400;371000;383800;390700;403200;409300;412200;425500;445700;0;0;0;0
Spydeberg;0123 Spydeberg (-2019);All ages;Average Gross income;212400;233700;245300;256900;266000;283000;290900;281800;310200;335900;329600;344700;360700;372800;383700;393100;411700;411300;428400;444800;463700;0;0;0;0
Stad;4649 Stad;All ages;Average Gross income;0;0;0;0;0;0;0;0;0;0;0;0;0;0;0;0;0;0;0;0;0;455200;488500;509000;539100
Stange;3413 Stange;All ages;Average Gross income;0;0;0;0;0;0;0;0;0;0;0;0;0;0;0;0;0;0;0;0;0;450500;478500;497300;527000
Stange;0417 Stange (-2019);All ages;Average Gross income;189900;203200;211500;226600;234000;240000;253100;255700;276200;301000;302900;313900;329200;344700;357500;368000;387400;398200;406400;421200;440200;0;0;0;0
Stavanger;1103 Stavanger;All ages;Average Gross income;253500;270200;274700;300800;314300;326400;368200;356000;394700;426100;428300;445500;469100;497200;519400;538100;552700;522700;520700;538500;559100;569800;624000;636100;677400
Stavern;0708 Stavern (1944-1987);All ages;Average Gross income;0;0;0;0;0;0;0;0;0;0;0;0;0;0;0;0;0;0;0;0;0;0;0;0;0
Steigen;1848 Steigen;All ages;Average Gross income;166000;176500;195800;203200;204500;206500;215200;222700;250900;275500;280400;294600;315100;329600;346200;352700;374000;384200;400100;411300;442300;456100;494300;508900;532800
Steinkjer;5004 Steinkjer (2018-2019);All ages;Average Gross income;0;0;0;0;0;0;0;0;0;0;0;0;0;0;0;0;0;0;0;408400;430100;0;0;0;0
Steinkjer;5006 Steinkjer;All ages;Average Gross income;0;0;0;0;0;0;0;0;0;0;0;0;0;0;0;0;0;0;0;0;0;434100;466600;482800;513400
Steinkjer;1702 Steinkjer (-2017);All ages;Average Gross income;186800;196800;207600;220700;227500;234700;248800;253800;277400;295600;299700;312400;328200;342000;354400;367000;383100;388100;400800;0;0;0;0;0;0
Stjørdal;5035 Stjørdal;All ages;Average Gross income;0;0;0;0;0;0;0;0;0;0;0;0;0;0;0;0;0;0;0;437000;449600;455600;486200;512300;543500
Stjørdal;1714 Stjørdal (-2017);All ages;Average Gross income;197600;211600;222700;238500;248700;253300;270200;274200;298500;319700;326400;336000;355900;369200;384400;395900;405400;414800;425600;0;0;0;0;0;0
Stokke;0720 Stokke (-2016);All ages;Average Gross income;205900;219800;233700;247200;257700;267200;279200;279900;299700;312000;311400;327100;343400;353800;370800;385000;410600;406900;0;0;0;0;0;0;0
Stord;4614 Stord;All ages;Average Gross income;0;0;0;0;0;0;0;0;0;0;0;0;0;0;0;0;0;0;0;0;0;471700;508800;530600;572900
Stord;1221 Stord (-2019);All ages;Average Gross income;216900;219300;231200;249400;254000;261600;279400;290600;317400;347800;350500;360300;383300;389800;405900;424300;435100;428500;433900;445600;465000;0;0;0;0
Stordal;1526 Stordal (-2019);All ages;Average Gross income;194500;209200;215600;223600;263300;243400;308900;269000;277100;296500;302700;308000;324700;343700;333200;345800;364000;371900;390000;388400;412000;0;0;0;0
StorElvdal;3423 Stor-Elvdal;All ages;Average Gross income;0;0;0;0;0;0;0;0;0;0;0;0;0;0;0;0;0;0;0;0;0;400800;427100;441800;470700
StorElvdal;0430 Stor-Elvdal (-2019);All ages;Average Gross income;174800;188500;201300;220400;222300;221900;240200;236300;258700;276300;281100;290700;294800;302400;305800;311700;319400;341600;351200;369300;385100;0;0;0;0
StorfjordOmasvuotnaOmasvuono;5538 Storfjord - Omasvuotna - Omasvuono;All ages;Average Gross income;0;0;0;0;0;0;0;0;0;0;0;0;0;0;0;0;0;0;0;0;0;0;0;0;0
StorfjordOmasvuotnaOmasvuono;5425 Storfjord - Omasvuotna - Omasvuono (2020-2023);All ages;Average Gross income;0;0;0;0;0;0;0;0;0;0;0;0;0;0;0;0;0;0;0;0;0;420900;436200;455900;488100
StorfjordOmasvuotnaOmasvuono;1939 Storfjord - Omasvuotna - Omasvuono (1931-2019);All ages;Average Gross income;167300;178800;190500;207900;212600;217500;227900;244800;262800;279500;283900;292500;306100;318000;328400;348000;363000;370800;388300;403300;424800;0;0;0;0
Strand;1130 Strand;All ages;Average Gross income;208100;219100;228600;248600;254100;261800;291800;293800;324800;348200;354300;364000;386700;408100;427100;435200;447800;435700;438200;454200;480900;491000;532300;535400;573800
Stranda;1525 Stranda;All ages;Average Gross income;202900;218500;225700;247400;244000;257800;284700;270900;296100;311600;310500;325600;340500;356300;365500;378200;397200;410100;412300;426200;446700;463700;491700;506600;543600
Stryn;4651 Stryn;All ages;Average Gross income;0;0;0;0;0;0;0;0;0;0;0;0;0;0;0;0;0;0;0;0;0;446600;498000;481500;525600
Stryn;1448 Stryn (-1976);All ages;Average Gross income;0;0;0;0;0;0;0;0;0;0;0;0;0;0;0;0;0;0;0;0;0;0;0;0;0
Stryn;1449 Stryn (1977-2019);All ages;Average Gross income;193300;209200;214100;227000;235900;251900;266700;259400;280000;299900;301000;311400;328100;347100;360100;368100;417900;385600;403200;416000;439700;0;0;0;0
Sula;1531 Sula;All ages;Average Gross income;200500;215400;222900;236400;248900;244400;259700;264300;296300;318800;328400;337100;354600;370900;385400;400500;415300;421000;431500;448100;462700;473900;509900;518700;555100
Suldal;1134 Suldal;All ages;Average Gross income;184600;194100;205100;220200;217000;231000;254000;270000;302700;312400;317400;335000;358800;361400;385200;397900;409900;417900;430800;440700;457700;466900;492200;520900;549700
Sund;1245 Sund (-2019);All ages;Average Gross income;209700;221800;239700;251500;252300;260800;274300;286800;314900;341400;341400;350800;371700;393500;409000;420700;427100;423000;431600;448100;468600;0;0;0;0
Sunndal;1563 Sunndal;All ages;Average Gross income;198800;209800;224700;244500;256300;258100;271300;275000;297800;326300;327700;332900;345300;355600;365200;377500;398900;403900;420600;439000;461500;469100;503000;521500;565400
Sunnfjord;4647 Sunnfjord;All ages;Average Gross income;0;0;0;0;0;0;0;0;0;0;0;0;0;0;0;0;0;0;0;0;0;498200;547200;547000;575200
Surnadal;1566 Surnadal;All ages;Average Gross income;175200;184700;194900;208300;211100;217200;237000;240000;262600;287200;290900;298900;313600;331300;343800;359900;373100;380600;399000;400600;419700;433500;472700;478900;515000
Sveagruvaplanningarea;2115 Sveagruva planning area;All ages;Average Gross income;0;0;0;0;0;0;0;0;0;0;0;0;0;0;0;0;0;0;0;0;0;0;0;0;0
Sveio;4612 Sveio;All ages;Average Gross income;0;0;0;0;0;0;0;0;0;0;0;0;0;0;0;0;0;0;0;0;0;462600;580400;516400;560600
Sveio;1216 Sveio (-2019);All ages;Average Gross income;193500;203800;213000;229500;233000;247500;262600;274000;314500;338000;337100;349300;366300;381200;398200;411600;426100;427800;472700;439700;456100;0;0;0;0
Svelvik;0711 Svelvik (1964-2019);All ages;Average Gross income;220400;234000;242000;255600;264800;296500;278400;277300;298800;322800;325100;336800;352100;368600;378900;390200;408800;406000;417000;431700;455000;0;0;0;0
Sykkylven;1528 Sykkylven;All ages;Average Gross income;206700;219800;230200;247400;254500;281000;287200;285000;309500;323600;320500;336200;355700;367300;374500;384600;401400;399300;415300;424700;445000;453300;485200;492700;530400
Thecontinentalshelf,unspecified;2399 The continental shelf, unspecified;All ages;Average Gross income;0;0;0;0;0;0;0;0;0;0;0;0;0;0;0;0;0;0;0;0;0;0;0;0;0
Thecontinentalshelfnorthofdegreesnorthlatitude;2321 The continental shelf north of 62 degrees north latitude;All ages;Average Gross income;0;0;0;0;0;0;0;0;0;0;0;0;0;0;0;0;0;0;0;0;0;0;0;0;0
Thecontinentalshelfsouthofdegreesnorthlatitude;2311 The continental shelf south of 62 degrees north latitude;All ages;Average Gross income;0;0;0;0;0;0;0;0;0;0;0;0;0;0;0;0;0;0;0;0;0;0;0;0;0
Time;1121 Time;All ages;Average Gross income;231100;243600;247800;269400;276400;285200;309600;310700;350700;371600;374400;390800;408700;437000;455100;469000;488000;469900;471700;487900;504200;525300;579800;583300;612700
Tingvoll;1560 Tingvoll;All ages;Average Gross income;168700;185400;191200;205900;208700;219900;241500;235200;256700;280200;288900;299700;311700;331700;341900;357100;370500;367800;386900;402600;433000;443000;464400;478900;513200
Tinn;3818 Tinn (2020-2023);All ages;Average Gross income;0;0;0;0;0;0;0;0;0;0;0;0;0;0;0;0;0;0;0;0;0;450900;482100;502800;530800
Tinn;4026 Tinn;All ages;Average Gross income;0;0;0;0;0;0;0;0;0;0;0;0;0;0;0;0;0;0;0;0;0;0;0;0;0
Tinn;0826 Tinn (-2019);All ages;Average Gross income;201400;212700;220800;236300;238800;247600;280600;261000;283800;306600;315200;322700;335300;348000;365900;374300;386100;391400;403900;418800;442600;0;0;0;0
Tjeldsund;1852 Tjeldsund (1909-2019);All ages;Average Gross income;182700;192400;199900;213100;225500;229800;238600;249000;260400;280900;291100;303100;318900;331100;343200;359200;374800;377300;388500;398500;409700;0;0;0;0
Tjølling;0725 Tjølling (-1987);All ages;Average Gross income;0;0;0;0;0;0;0;0;0;0;0;0;0;0;0;0;0;0;0;0;0;0;0;0;0
Tjøme;0723 Tjøme (-2017);All ages;Average Gross income;225800;247300;244100;262600;269000;289600;323300;285100;311200;338500;335700;346000;361000;378600;392700;394100;419400;426400;427600;0;0;0;0;0;0
Tokke;3824 Tokke (2020-2023);All ages;Average Gross income;0;0;0;0;0;0;0;0;0;0;0;0;0;0;0;0;0;0;0;0;0;472600;505500;517600;549100
Tokke;4034 Tokke;All ages;Average Gross income;0;0;0;0;0;0;0;0;0;0;0;0;0;0;0;0;0;0;0;0;0;0;0;0;0
Tokke;0833 Tokke (1964-2019);All ages;Average Gross income;185600;195300;203800;215000;219800;230100;241100;254600;279600;305100;316300;326000;345500;366000;378200;390200;398100;403500;415600;432700;454100;0;0;0;0
Tolga;3426 Tolga;All ages;Average Gross income;0;0;0;0;0;0;0;0;0;0;0;0;0;0;0;0;0;0;0;0;0;415300;443100;471800;496200
Tolga;0436 Tolga (-2019);All ages;Average Gross income;170100;180000;187200;200900;195600;205200;210500;219300;238200;264000;265800;279400;295100;309300;327500;337500;349200;347600;360200;382500;400000;0;0;0;0
TolgaOs;0435 Tolga-Os (1966-1975);All ages;Average Gross income;0;0;0;0;0;0;0;0;0;0;0;0;0;0;0;0;0;0;0;0;0;0;0;0;0
Tønsberg;3803 Tønsberg (2020-2023);All ages;Average Gross income;0;0;0;0;0;0;0;0;0;0;0;0;0;0;0;0;0;0;0;0;0;492200;547200;549000;574800
Tønsberg;3905 Tønsberg;All ages;Average Gross income;0;0;0;0;0;0;0;0;0;0;0;0;0;0;0;0;0;0;0;0;0;0;0;0;0
Tønsberg;0704 Tønsberg (1988-2019);All ages;Average Gross income;219300;240800;247200;265100;276600;281700;303900;292300;321500;342800;342100;353400;371700;385000;399300;412600;439400;438500;451000;465300;483200;0;0;0;0
Tønsberg;0705 Tønsberg (-1987);All ages;Average Gross income;0;0;0;0;0;0;0;0;0;0;0;0;0;0;0;0;0;0;0;0;0;0;0;0;0
Torsken;1928 Torsken (-2019);All ages;Average Gross income;179500;190700;198700;209800;203000;212800;226400;237200;258600;290000;296000;297700;313200;324800;332500;351500;357900;367700;383600;385400;400500;0;0;0;0
Træna;1835 Træna;All ages;Average Gross income;186600;205200;220700;228400;227400;226200;274400;262700;280300;299300;294800;300100;323500;386000;337200;349400;371800;401100;418200;424200;480200;461800;486600;483500;503200
Tranøy;1927 Tranøy (-2019);All ages;Average Gross income;172700;187800;196700;207100;212700;216300;225800;235300;251600;275200;275300;284800;306400;326700;335200;347700;364900;374200;383600;399500;416900;0;0;0;0
Trøgstad;0122 Trøgstad (-2019);All ages;Average Gross income;203900;216400;224600;236700;249400;248700;267900;262700;289800;314200;309700;321100;339300;350900;363500;374100;393500;408600;415200;422900;439300;0;0;0;0
Tromøy;0921 Tromøy (-1991);All ages;Average Gross income;0;0;0;0;0;0;0;0;0;0;0;0;0;0;0;0;0;0;0;0;0;0;0;0;0
Tromsø;5501 Tromsø;All ages;Average Gross income;0;0;0;0;0;0;0;0;0;0;0;0;0;0;0;0;0;0;0;0;0;0;0;0;0
Tromsø;5401 Tromsø (2020-2023);All ages;Average Gross income;0;0;0;0;0;0;0;0;0;0;0;0;0;0;0;0;0;0;0;0;0;496600;529600;550000;582500
Tromsø;1902 Tromsø (-2019);All ages;Average Gross income;224000;239900;248700;261900;272300;278600;303800;299800;322500;341500;344800;355900;376100;389400;402600;418700;434300;445900;456500;472000;486500;0;0;0;0
Trondheim;1601 Trondheim (-2017);All ages;Average Gross income;219200;235000;245300;260800;275300;282000;309000;296100;323300;343400;346100;358300;375800;389800;407500;420900;439900;444800;456100;0;0;0;0;0;0
TrondheimTråante;5001 Trondheim - Tråante;All ages;Average Gross income;0;0;0;0;0;0;0;0;0;0;0;0;0;0;0;0;0;0;0;465200;478400;494400;536800;547300;584800
Trysil;3421 Trysil;All ages;Average Gross income;0;0;0;0;0;0;0;0;0;0;0;0;0;0;0;0;0;0;0;0;0;410300;440600;465100;494100
Trysil;0428 Trysil (-2019);All ages;Average Gross income;174000;187500;195100;211600;216000;220100;244700;246700;254000;280400;280500;288300;298500;304300;319100;329100;348100;356100;377400;390500;403800;0;0;0;0
Tune;0130 Tune (-1991);All ages;Average Gross income;0;0;0;0;0;0;0;0;0;0;0;0;0;0;0;0;0;0;0;0;0;0;0;0;0
Tustna;1572 Tustna (-2005);All ages;Average Gross income;170500;179100;185900;202800;204000;217800;0;0;0;0;0;0;0;0;0;0;0;0;0;0;0;0;0;0;0
Tvedestrand;4213 Tvedestrand;All ages;Average Gross income;0;0;0;0;0;0;0;0;0;0;0;0;0;0;0;0;0;0;0;0;0;440700;473800;481300;502800
Tvedestrand;0914 Tvedestrand (-2019);All ages;Average Gross income;193100;203600;213400;223300;232300;238600;261000;257600;280900;302400;308200;318200;333900;347000;357500;370700;391200;381000;385400;413900;422000;0;0;0;0
Tydal;5033 Tydal;All ages;Average Gross income;0;0;0;0;0;0;0;0;0;0;0;0;0;0;0;0;0;0;0;418600;431600;435600;460700;485600;517200
Tydal;1665 Tydal (-2017);All ages;Average Gross income;179800;188200;198400;209500;215200;219200;235700;232400;258900;281200;291500;294700;315100;323800;336100;353600;383000;384600;402900;0;0;0;0;0;0
Tynset;3427 Tynset;All ages;Average Gross income;0;0;0;0;0;0;0;0;0;0;0;0;0;0;0;0;0;0;0;0;0;438000;462200;481600;512700
Tynset;0437 Tynset (-2019);All ages;Average Gross income;183200;196900;210700;222400;227200;236500;250200;251800;273600;297500;299900;315000;325000;340400;353900;360500;378100;385700;396200;410800;423200;0;0;0;0
Tysnes;4616 Tysnes;All ages;Average Gross income;0;0;0;0;0;0;0;0;0;0;0;0;0;0;0;0;0;0;0;0;0;502400;589700;632400;583800
Tysnes;1223 Tysnes (-2019);All ages;Average Gross income;187100;191900;205600;225500;226800;228600;255100;253100;285100;309500;316500;330400;353100;368900;381300;403700;415600;419800;435600;457100;481900;0;0;0;0
Tysvær;1146 Tysvær;All ages;Average Gross income;205800;216400;225100;241700;247300;256400;271800;281800;316300;340000;348800;415000;377100;394600;412400;424900;429800;443400;446500;459700;477300;491100;539600;549800;578900
Ullensaker;3209 Ullensaker;All ages;Average Gross income;0;0;0;0;0;0;0;0;0;0;0;0;0;0;0;0;0;0;0;0;0;0;0;0;0
Ullensaker;3033 Ullensaker (2020-2023);All ages;Average Gross income;0;0;0;0;0;0;0;0;0;0;0;0;0;0;0;0;0;0;0;0;0;485400;522800;533100;562000
Ullensaker;0235 Ullensaker (-2019);All ages;Average Gross income;239700;257400;270900;285100;290100;299300;319700;314000;339400;363500;366100;375300;386900;401700;414500;424400;443800;446600;463400;475300;484600;0;0;0;0
Ullensvang;4618 Ullensvang;All ages;Average Gross income;0;0;0;0;0;0;0;0;0;0;0;0;0;0;0;0;0;0;0;0;0;465500;500700;517500;565400
Ullensvang;1230 Ullensvang (-1976);All ages;Average Gross income;0;0;0;0;0;0;0;0;0;0;0;0;0;0;0;0;0;0;0;0;0;0;0;0;0
Ullensvang;1231 Ullensvang (1977-2019);All ages;Average Gross income;185300;193700;203600;220200;236500;236100;247700;254700;283300;305900;309400;327800;338600;354500;364100;378300;381400;384300;393200;421500;444800;0;0;0;0
Ulstein;1516 Ulstein;All ages;Average Gross income;310800;239900;243200;264700;273300;273100;346200;311600;344200;389300;370500;374400;390500;409300;432500;447900;449200;437900;443300;458300;485000;490200;533300;519500;561200
Ulvik;4620 Ulvik;All ages;Average Gross income;0;0;0;0;0;0;0;0;0;0;0;0;0;0;0;0;0;0;0;0;0;426200;455500;477300;502200
Ulvik;1233 Ulvik (-2019);All ages;Average Gross income;179800;186900;196300;210400;215800;226300;231500;245300;275900;288500;293800;303100;321200;334500;351600;364200;365100;378400;382200;391400;414700;0;0;0;0
UnjárgaNesseby;5636 Unjárga - Nesseby;All ages;Average Gross income;0;0;0;0;0;0;0;0;0;0;0;0;0;0;0;0;0;0;0;0;0;0;0;0;0
UnjárgaNesseby;5442 Unjárga - Nesseby (2020-2023);All ages;Average Gross income;0;0;0;0;0;0;0;0;0;0;0;0;0;0;0;0;0;0;0;0;0;426100;449100;493800;537800
UnjárgaNesseby;2027 Unjárga - Nesseby (-2019);All ages;Average Gross income;169900;184900;188000;200600;205000;211000;223000;233500;250600;269000;278600;294400;310700;314900;334000;345800;356200;369900;378700;384100;388100;0;0;0;0
UnknowninJanMayen;2299 Unknown  in Jan Mayen;All ages;Average Gross income;0;0;0;0;0;0;0;0;0;0;0;0;0;0;0;0;0;0;0;0;0;0;0;0;0
Unknownmunicipalities,Akershus;0299 Unknown municipalities, Akershus;All ages;Average Gross income;0;0;0;0;0;0;0;0;0;0;0;0;0;0;0;0;0;0;0;0;0;0;0;0;0
Unknownmunicipalities,AustAgder;0999 Unknown municipalities, Aust-Agder;All ages;Average Gross income;0;0;0;0;0;0;0;0;0;0;0;0;0;0;0;0;0;0;0;0;0;0;0;0;0
Unknownmunicipalities,Buskerud;0699 Unknown municipalities, Buskerud;All ages;Average Gross income;0;0;0;0;0;0;0;0;0;0;0;0;0;0;0;0;0;0;0;0;0;0;0;0;0
Unknownmunicipalities,Finnmark;2099 Unknown municipalities, Finnmark;All ages;Average Gross income;0;0;0;0;0;0;0;0;0;0;0;0;0;0;0;0;0;0;0;0;0;0;0;0;0
Unknownmunicipalities,Hedmark;0499 Unknown municipalities, Hedmark;All ages;Average Gross income;0;0;0;0;0;0;0;0;0;0;0;0;0;0;0;0;0;0;0;0;0;0;0;0;0
Unknownmunicipalities,Hordaland;1299 Unknown municipalities, Hordaland;All ages;Average Gross income;0;0;0;0;0;0;0;0;0;0;0;0;0;0;0;0;0;0;0;0;0;0;0;0;0
Unknownmunicipalities,MøreogRomsdal;1599 Unknown municipalities, Møre og Romsdal;All ages;Average Gross income;0;0;0;0;0;0;0;0;0;0;0;0;0;0;0;0;0;0;0;0;0;0;0;0;0
Unknownmunicipalities,Nordland;1899 Unknown municipalities, Nordland;All ages;Average Gross income;0;0;0;0;0;0;0;0;0;0;0;0;0;0;0;0;0;0;0;0;0;0;0;0;0
Unknownmunicipalities,NordTrøndelag;1799 Unknown municipalities, Nord-Trøndelag;All ages;Average Gross income;0;0;0;0;0;0;0;0;0;0;0;0;0;0;0;0;0;0;0;0;0;0;0;0;0
Unknownmunicipalities,Oppland;0599 Unknown municipalities, Oppland;All ages;Average Gross income;0;0;0;0;0;0;0;0;0;0;0;0;0;0;0;0;0;0;0;0;0;0;0;0;0
Unknownmunicipalities,Østfold;0199 Unknown municipalities, Østfold;All ages;Average Gross income;0;0;0;0;0;0;0;0;0;0;0;0;0;0;0;0;0;0;0;0;0;0;0;0;0
Unknownmunicipalities,Rogaland;1199 Unknown municipalities, Rogaland;All ages;Average Gross income;0;0;0;0;0;0;0;0;0;0;0;0;0;0;0;0;0;0;0;0;0;0;0;0;0
Unknownmunicipalities,SognogFjordane;1499 Unknown municipalities, Sogn og Fjordane;All ages;Average Gross income;0;0;0;0;0;0;0;0;0;0;0;0;0;0;0;0;0;0;0;0;0;0;0;0;0
Unknownmunicipalities,SørTrøndelag;1699 Unknown municipalities, Sør-Trøndelag;All ages;Average Gross income;0;0;0;0;0;0;0;0;0;0;0;0;0;0;0;0;0;0;0;0;0;0;0;0;0
Unknownmunicipalities,Telemark;0899 Unknown municipalities, Telemark;All ages;Average Gross income;0;0;0;0;0;0;0;0;0;0;0;0;0;0;0;0;0;0;0;0;0;0;0;0;0
Unknownmunicipalities,Troms;1999 Unknown municipalities, Troms;All ages;Average Gross income;0;0;0;0;0;0;0;0;0;0;0;0;0;0;0;0;0;0;0;0;0;0;0;0;0
Unknownmunicipalities,VestAgder;1099 Unknown municipalities, Vest-Agder;All ages;Average Gross income;0;0;0;0;0;0;0;0;0;0;0;0;0;0;0;0;0;0;0;0;0;0;0;0;0
Unknownmunicipalities,Vestfold;0799 Unknown municipalities, Vestfold;All ages;Average Gross income;0;0;0;0;0;0;0;0;0;0;0;0;0;0;0;0;0;0;0;0;0;0;0;0;0
Unknownmunicipality;9999 Unknown municipality;All ages;Average Gross income;0;0;0;0;0;0;0;0;0;0;0;0;0;0;0;0;0;0;0;0;0;0;0;0;0
UnknownmunipalitiesinSvalbard;2199 Unknown munipalities in Svalbard;All ages;Average Gross income;0;0;0;0;0;0;0;0;0;0;0;0;0;0;0;0;0;0;0;0;0;0;0;0;0
Uoppgittkomm.Oslo;0399 Uoppgitt komm. Oslo;All ages;Average Gross income;0;0;0;0;0;0;0;0;0;0;0;0;0;0;0;0;0;0;0;0;0;0;0;0;0
Utsira;1151 Utsira;All ages;Average Gross income;203000;213400;227200;245400;254800;264400;301200;302200;332600;351500;362400;363700;412500;414300;435100;444800;426600;428200;436400;461900;486300;524500;573700;537000;596100
uVåle;0716u Våle (-2001);All ages;Average Gross income;0;0;0;0;0;0;0;0;0;0;0;0;0;0;0;0;0;0;0;0;0;0;0;0;0
Vadsø;5607 Vadsø;All ages;Average Gross income;0;0;0;0;0;0;0;0;0;0;0;0;0;0;0;0;0;0;0;0;0;0;0;0;0
Vadsø;5405 Vadsø (2020-2023);All ages;Average Gross income;0;0;0;0;0;0;0;0;0;0;0;0;0;0;0;0;0;0;0;0;0;456000;487500;514400;522600
Vadsø;2003 Vadsø (-2019);All ages;Average Gross income;212200;220000;231700;243500;251300;255300;265900;268300;291100;312800;319900;335800;348600;355000;361600;370300;381300;385400;397000;419300;442100;0;0;0;0
Værøy;1857 Værøy;All ages;Average Gross income;185700;202600;219800;228500;212700;235700;277900;269100;271700;294500;295000;325000;345700;347700;355300;367700;406000;422600;436300;433400;486600;477700;495900;529600;544400
Vågå;3435 Vågå;All ages;Average Gross income;0;0;0;0;0;0;0;0;0;0;0;0;0;0;0;0;0;0;0;0;0;423600;451000;465700;497000
Vågå;0515 Vågå (-2019);All ages;Average Gross income;169700;185600;190100;201500;203600;212800;228600;232700;252800;273700;276400;287800;304100;319400;334000;344200;370100;371400;384200;401600;412700;0;0;0;0
Vågan;1865 Vågan;All ages;Average Gross income;194200;199500;207200;222300;226600;232000;252200;248300;272500;294400;304600;316700;341100;344600;353700;370300;392900;399200;422600;441700;455900;457600;515200;510800;541300
Vågsøy;1439 Vågsøy (1964-2019);All ages;Average Gross income;218500;248600;230300;247200;256400;270700;280700;267600;298000;313500;319000;335100;351900;370200;375800;390700;415300;420300;435600;457300;470200;0;0;0;0
Vaksdal;4628 Vaksdal;All ages;Average Gross income;0;0;0;0;0;0;0;0;0;0;0;0;0;0;0;0;0;0;0;0;0;435400;459400;478000;514300
Vaksdal;1251 Vaksdal (1964-2019);All ages;Average Gross income;183600;193600;202400;212600;219900;223100;232400;245100;269700;287000;299600;305900;323700;334900;350700;362600;375000;382500;386900;402200;421700;0;0;0;0
VålerHedmark;0426 Våler (Hedmark) (-2019);All ages;Average Gross income;187300;193100;205000;218600;219500;226700;238200;238000;257900;279100;281600;289600;306200;320900;333200;344500;359100;367300;376600;394200;404400;0;0;0;0
VålerInnlandet;3419 Våler (Innlandet);All ages;Average Gross income;0;0;0;0;0;0;0;0;0;0;0;0;0;0;0;0;0;0;0;0;0;420600;456300;453800;481900
VålerØstfold;3114 Våler (Østfold);All ages;Average Gross income;0;0;0;0;0;0;0;0;0;0;0;0;0;0;0;0;0;0;0;0;0;0;0;0;0
VålerØstfold;0137 Våler (Østfold) (-2019);All ages;Average Gross income;216000;231600;245000;257500;266200;268300;303400;287800;310900;343600;336600;345500;359000;375000;388400;405300;427200;437500;458200;457800;481100;0;0;0;0
VålerViken;3018 Våler (Viken) (2020-2023);All ages;Average Gross income;0;0;0;0;0;0;0;0;0;0;0;0;0;0;0;0;0;0;0;0;0;485000;522100;532000;557700
Valle;4221 Valle;All ages;Average Gross income;0;0;0;0;0;0;0;0;0;0;0;0;0;0;0;0;0;0;0;0;0;469900;528900;532400;572600
Valle;0940 Valle (-2019);All ages;Average Gross income;193200;203300;210400;222300;225900;237000;278900;269200;294000;322600;330100;333000;350200;362700;379400;390600;408800;404700;406800;424900;460600;0;0;0;0
Vang;3454 Vang;All ages;Average Gross income;0;0;0;0;0;0;0;0;0;0;0;0;0;0;0;0;0;0;0;0;0;416500;455900;468300;495000
Vang;0414 Vang (-1991);All ages;Average Gross income;0;0;0;0;0;0;0;0;0;0;0;0;0;0;0;0;0;0;0;0;0;0;0;0;0
Vang;0545 Vang (-2019);All ages;Average Gross income;166300;176000;188800;203200;203300;211400;247100;222900;244100;271300;272000;281300;290000;304900;317500;328800;341300;340400;363300;380600;408900;0;0;0;0
Vanylven;1511 Vanylven;All ages;Average Gross income;186200;198900;207800;219500;220800;227600;251500;256100;291700;312200;316700;326800;346900;362900;375000;385900;392700;396100;415700;422100;439700;449200;481800;503300;536000
Vardø;5634 Vardø;All ages;Average Gross income;0;0;0;0;0;0;0;0;0;0;0;0;0;0;0;0;0;0;0;0;0;0;0;0;0
Vardø;5404 Vardø (2020-2023);All ages;Average Gross income;0;0;0;0;0;0;0;0;0;0;0;0;0;0;0;0;0;0;0;0;0;409700;436700;463400;499700
Vardø;2002 Vardø (-2019);All ages;Average Gross income;200700;208000;213500;226000;220400;226200;239500;246700;264300;279700;283300;299000;319700;326800;332500;342800;359400;373400;366600;383100;392100;0;0;0;0
Varteig;0114 Varteig (-1991);All ages;Average Gross income;0;0;0;0;0;0;0;0;0;0;0;0;0;0;0;0;0;0;0;0;0;0;0;0;0
Vefsn;1824 Vefsn;All ages;Average Gross income;195900;206400;218400;233600;242900;245700;258900;264700;286000;306900;309900;321100;338100;353600;367900;378200;394700;396100;411000;424300;444900;453600;488400;498200;537100
Vega;1815 Vega;All ages;Average Gross income;170200;177800;189700;205100;205900;209100;223200;236100;258000;273500;280100;300000;314900;334700;338400;352100;360800;364500;382200;395100;416500;429900;554700;469200;500900
Vegårshei;4212 Vegårshei;All ages;Average Gross income;0;0;0;0;0;0;0;0;0;0;0;0;0;0;0;0;0;0;0;0;0;438300;456300;467200;486300
Vegårshei;0912 Vegårshei (-2019);All ages;Average Gross income;181300;190300;198300;207700;212900;219100;240600;241100;267700;296900;297600;328100;322000;333800;345900;355900;362500;379300;395700;406000;421600;0;0;0;0
Vennesla;4223 Vennesla;All ages;Average Gross income;0;0;0;0;0;0;0;0;0;0;0;0;0;0;0;0;0;0;0;0;0;428600;456600;468700;495700
Vennesla;1014 Vennesla (-2019);All ages;Average Gross income;190400;199600;207100;222800;237100;236600;252100;255700;286300;306800;314200;321600;334100;348100;358600;369800;378900;379900;390800;402700;421400;0;0;0;0
Verdal;5038 Verdal;All ages;Average Gross income;0;0;0;0;0;0;0;0;0;0;0;0;0;0;0;0;0;0;0;405300;422600;430100;467200;479100;513200
Verdal;1721 Verdal (-2017);All ages;Average Gross income;182200;188100;197400;213200;219900;229600;244900;250100;277500;293200;296600;305700;322200;338800;352600;360900;371700;379900;395400;0;0;0;0;0;0
Verran;5039 Verran (2018-2019);All ages;Average Gross income;0;0;0;0;0;0;0;0;0;0;0;0;0;0;0;0;0;0;0;366400;391100;0;0;0;0
Verran;1724 Verran (-2017);All ages;Average Gross income;163000;174000;184200;196200;199500;205700;216300;223800;244000;264200;258100;274700;282800;300300;310400;317100;328800;337600;354600;0;0;0;0;0;0
Vestby;3216 Vestby;All ages;Average Gross income;0;0;0;0;0;0;0;0;0;0;0;0;0;0;0;0;0;0;0;0;0;0;0;0;0
Vestby;3019 Vestby (2020-2023);All ages;Average Gross income;0;0;0;0;0;0;0;0;0;0;0;0;0;0;0;0;0;0;0;0;0;514200;562700;562000;592600
Vestby;0211 Vestby (-2019);All ages;Average Gross income;227600;246500;257600;275000;286200;292300;314100;313000;344500;369600;373300;376900;399100;405300;420800;440000;471800;470200;482900;492500;511900;0;0;0;0
Vestnes;1535 Vestnes;All ages;Average Gross income;199200;205000;214800;237700;253500;262800;260800;262400;287900;305500;317100;324500;332900;350100;366700;376900;385500;391200;411700;427200;446800;454800;492000;493300;527400
VestreSlidre;3452 Vestre Slidre;All ages;Average Gross income;0;0;0;0;0;0;0;0;0;0;0;0;0;0;0;0;0;0;0;0;0;474000;492300;502800;530800
VestreSlidre;0543 Vestre Slidre (-2019);All ages;Average Gross income;176800;195600;211800;232500;224200;232100;288900;250200;278600;295000;297500;308400;317500;326900;344000;364100;380500;389900;411500;441600;448300;0;0;0;0
VestreToten;3443 Vestre Toten;All ages;Average Gross income;0;0;0;0;0;0;0;0;0;0;0;0;0;0;0;0;0;0;0;0;0;437900;461400;482500;512900
VestreToten;0529 Vestre Toten (-2019);All ages;Average Gross income;200200;211000;221900;236000;243200;247600;260900;264000;285100;305700;305600;313900;329400;341500;353600;366600;380700;388700;402900;419600;430100;0;0;0;0
Vestvågøy;1860 Vestvågøy;All ages;Average Gross income;182100;192600;201400;216700;222800;228700;250800;245800;270300;293000;299400;310100;330300;344100;352000;367900;386100;392600;406600;423900;442300;455500;494000;507800;534200
Vevelstad;1816 Vevelstad;All ages;Average Gross income;164500;199800;191100;202200;197700;199000;213400;220000;256400;277300;278600;297400;321900;320100;332600;346900;360800;365000;378900;430700;452000;433900;546200;480100;508000
Vik;4639 Vik;All ages;Average Gross income;0;0;0;0;0;0;0;0;0;0;0;0;0;0;0;0;0;0;0;0;0;461600;511800;517400;540800
Vik;1417 Vik (-2019);All ages;Average Gross income;182500;194100;200900;215000;213900;219100;234700;251500;273200;299100;304900;317500;332900;353900;363500;379500;406500;395000;422100;424200;450300;0;0;0;0
Vikna;5050 Vikna (2018-2019);All ages;Average Gross income;0;0;0;0;0;0;0;0;0;0;0;0;0;0;0;0;0;0;0;464600;481700;0;0;0;0
Vikna;1750 Vikna (-2017);All ages;Average Gross income;187800;203600;221200;231300;236500;240600;273600;261600;292000;310800;316000;333000;356400;368900;381600;392900;413000;422600;454600;0;0;0;0;0;0
Vindafjord;1154 Vindafjord (1965-2005);All ages;Average Gross income;202800;235500;231500;253900;292100;267200;0;0;0;0;0;0;0;0;0;0;0;0;0;0;0;0;0;0;0
Vindafjord;1160 Vindafjord;All ages;Average Gross income;0;0;0;0;0;0;321600;277100;309200;335000;339700;352000;370200;386000;402900;416100;440000;469200;458000;450700;485400;496900;596400;554900;599400
Vinje;3825 Vinje (2020-2023);All ages;Average Gross income;0;0;0;0;0;0;0;0;0;0;0;0;0;0;0;0;0;0;0;0;0;472400;509100;520300;558100
Vinje;4036 Vinje;All ages;Average Gross income;0;0;0;0;0;0;0;0;0;0;0;0;0;0;0;0;0;0;0;0;0;0;0;0;0
Vinje;0834 Vinje (-2019);All ages;Average Gross income;188800;199900;213300;226100;225200;239200;287600;266300;289500;311700;315600;329400;343700;359900;380700;400500;410900;411100;428700;438700;457500;0;0;0;0
Volda;1519 Volda (-2019);All ages;Average Gross income;194000;208800;217600;228700;237200;238700;257700;258700;286500;306000;314100;321400;356700;351400;366200;375600;381900;382600;393000;406500;424800;0;0;0;0
Volda;1577 Volda;All ages;Average Gross income;0;0;0;0;0;0;0;0;0;0;0;0;0;0;0;0;0;0;0;0;0;430300;452200;467700;492200
Voss;4621 Voss;All ages;Average Gross income;0;0;0;0;0;0;0;0;0;0;0;0;0;0;0;0;0;0;0;0;0;458700;491000;511400;545000
Voss;1235 Voss (-2019);All ages;Average Gross income;191500;201500;211900;233200;233100;237500;254700;259800;283300;308200;310800;323000;344800;359200;374200;388300;403400;406700;420400;437500;457100;0;0;0;0