HändelseID,Individ,Fynddatum,Undersökt,Undersökt datum,Anmält till,Datum mottaget,Skada på,Ange vad som skadats,Ras,Ange ras,"Skadedatum, från","Skadedatum, till",Osäkert skadedatum,Skadeorsak,Skadeorsak art,Ange skadeorsak,Betestyp,Kontrolltyp,Bedömning,KommunID,Fyndplats,Nord (original),Öst (original),Nord (UTM33/SWEREF99 TM),Öst (UTM33/SWEREF99 TM),Nord (RT90),Öst (RT90),Koordinatsystem,Platskvalitet,Godkänd datum,Visa publikt,Uppgifterna tillgängliga från,Låst,Låst datum,Senast sparad datum,Senast sparad av,Döda under 1 år Hona,Döda under 1 år Hane,Döda under 1 år Okänt,Döda 1 till 2 år Hona,Döda 1 till 2 år Hane,Döda 1 till 2 år Okänt,Döda över 2 år Hona,Döda över 2 år Hane,Döda över 2 år Okänt,Döda körren,Skadade under 1 år Hona,Skadade under 1 år Hane,Skadade under 1 år Okänt,Skadade 1 till 2 år Hona,Skadade 1 till 2 år Hane,Skadade 1 till 2 år Okänt,Skadade över 2 år Hona,Skadade över 2 år Hane,Skadade över 2 år Okänt,Skadade körren,Saknade under 1 år Hona,Saknade under 1 år Hane,Saknade under 1 år Okänt,Saknade 1 till 2 år Hona,Saknade 1 till 2 år Hane,Saknade 1 till 2 år Okänt,Saknade över 2 år Hona,Saknade över 2 år Hane,Saknade över 2 år Okänt,Saknade körren,Skadeomfattning antal (inte djur),Akutåtgärder vidtagna,Akutåtgärdtyp,Akutåtgärdtyp annat,Kommunenummer,Kommune,Fylkenummer,Fylke,Number of injured or killed or missing sheep,Year
V483704,,1995.10.01,Ja,1995.10.01,,,Får,,,,1995.10.01,1995.10.01,Nej,Fredat vilt,Varg,,Bete utan stängsel,Fältkontroll - LST,Bedömd som säker,2-2023,Kråkbrickan,6777500,1346000,6773789,389471,6777500,1346000,RT90,Mindre bra,1995.10.01,Nej,,Ja,2017.12.14,,,2,0,0,0,0,0,7,0,0,0,0,0,0,0,0,0,1,2,0,0,0,2,0,0,0,0,1,0,0,0,0,Historiska data - ej angivet,,,2-2023,Malung (S),2-20,Dalarnas län (S),15,1995
V484437,,1995.12.29,Ja,1995.12.30,,,Får,,Annan,Lantras,1995.12.28,1995.12.29,Nej,Fredat vilt,Varg,,Bete innanför stängsel,Fältkontroll - LST,Bedömd som säker,2-1081,Hjortabråne,6236000,1462000,6233985,511911,6236000,1462000,RT90,Mindre bra,1995.12.30,Nej,,Ja,2017.12.14,,,0,0,0,1,1,0,3,0,0,0,0,0,0,0,0,0,0,0,0,0,0,0,0,0,0,0,0,0,0,0,0,Historiska data - ej angivet,,,2-1081,Ronneby (S),2-10,Blekinge län (S),5,1995
V484188,,1999.08.25,Ja,1999.08.26,,,Får,,Annan,Svensk lantras,1999.08.25,1999.08.25,Nej,Fredat vilt,Varg,,Bete utan stängsel,Fältkontroll - LST,Bedömd som säker,2-2085,"Stockgropen, Gagnef",6696800,1459400,6694526,503798,6696800,1459400,RT90,Mindre bra,1999.08.26,Nej,,Ja,2017.12.14,,,0,0,0,0,0,0,1,0,0,0,0,0,0,0,0,0,0,0,0,0,0,0,0,0,0,0,0,0,0,0,0,Historiska data - ej angivet,,,2-2085,Ludvika (S),2-20,Dalarnas län (S),1,1999
V483561,,1999.09.15,Ja,1999.09.15,,,Får,,,,1999.09.13,1999.09.15,Nej,Fredat vilt,Varg,,Bete utan stängsel,Fältkontroll - LST,Bedömd som säker,2-2085,No. Stockgropen,6696400,1459500,6694127,503903,6696400,1459500,RT90,Mindre bra,1999.09.15,Nej,,Ja,2017.12.14,,,0,0,0,0,0,0,7,0,0,0,0,0,0,0,0,0,0,0,0,0,0,0,0,0,0,0,2,0,0,0,0,Historiska data - ej angivet,,,2-2085,Ludvika (S),2-20,Dalarnas län (S),9,1999
V480048,,1999.09.28,Ja,1999.09.29,,,Får,,Annan,Gute,1999.09.27,1999.09.28,Nej,Fredat vilt,Varg,,Bete innanför stängsel,Fältkontroll - LST,Bedömd som säker,2-0331,Sälja,6683800,1564200,6682813,608710,6683800,1564200,RT90,Mindre bra,1999.09.29,Nej,,Ja,2017.12.14,,,0,0,0,0,0,0,1,0,0,0,0,0,0,0,0,0,0,0,0,0,0,0,0,0,0,0,0,0,0,0,0,Historiska data - ej angivet,,,2-0331,Heby (S),2-03,Uppsala län (S),1,1999
V484105,,1999.10.04,Ja,1999.10.04,,,Får,,,,1999.10.03,1999.10.04,Nej,Fredat vilt,Varg,,Bete innanför stängsel,Fältkontroll - LST,Bedömd som säker,2-2305,Grimnäs,6973600,1472600,6971352,513566,6973600,1472600,RT90,Mindre bra,1999.10.04,Nej,,Ja,2017.12.14,,,1,1,0,0,0,0,0,0,0,0,0,0,0,0,0,0,0,0,0,0,0,0,0,0,0,0,0,0,0,0,0,Historiska data - ej angivet,,,2-2305,Bräcke (S),2-23,Jämtlands län (S),2,1999
V484609,,1999.10.26,Ja,1999.10.26,,,Får,,Annan,Gute korsning,1999.10.25,1999.10.26,Nej,Fredat vilt,Varg,,Bete innanför stängsel,Fältkontroll - LST,Bedömd som säker,2-0331,Sälja,6683400,1564200,6682413,608715,6683400,1564200,RT90,Mindre bra,1999.10.26,Nej,,Ja,2017.12.14,,,4,0,0,0,0,0,0,0,0,0,0,0,0,0,0,0,0,0,0,0,0,0,0,0,0,0,0,0,0,0,0,Historiska data - ej angivet,,,2-0331,Heby (S),2-03,Uppsala län (S),4,1999
V480047,,1999.11.14,Ja,1999.11.26,,,Får,,Annan,Gute korsning,1999.11.13,1999.11.14,Nej,Fredat vilt,Varg,,Bete innanför stängsel,Fältkontroll - LST,Bedömd som säker,2-0331,Sälja,6683400,1564200,6682413,608715,6683400,1564200,RT90,Mindre bra,1999.11.26,Nej,,Ja,2017.12.14,,,1,1,0,0,0,0,1,0,0,0,1,0,0,0,0,0,0,0,0,0,0,0,0,0,0,0,0,0,0,0,0,Historiska data - ej angivet,,,2-0331,Heby (S),2-03,Uppsala län (S),4,1999
V484101,,2000.06.05,Ja,2000.06.06,,,Får,,,,2000.06.03,2000.06.05,Nej,Fredat vilt,Varg,,Bete utan stängsel,Fältkontroll - LST,Bedömd som säker,2-2361,Morvallen,6946800,1375200,6943348,416553,6946800,1375200,RT90,Mindre bra,2000.06.06,Nej,,Ja,2017.12.14,,,0,0,0,0,0,0,1,0,0,0,0,0,0,0,0,0,0,0,0,0,0,1,0,0,0,0,1,0,0,0,0,Historiska data - ej angivet,,,2-2361,Härjedalen (S),2-23,Jämtlands län (S),3,2000
V483552,,2000.07.05,Ja,2000.07.05,,,Får,,Annan,Dala pälsfår,2000.07.05,2000.07.05,Nej,Fredat vilt,Varg,,Bete innanför stängsel,Fältkontroll - LST,Bedömd som säker,2-2023,"Bu, öster om gården",6755200,1369500,6751791,413231,6755200,1369500,RT90,Mindre bra,2000.07.05,Nej,,Ja,2017.12.14,,,0,0,0,1,0,0,0,0,0,0,0,0,0,0,0,0,0,0,0,0,0,0,0,0,0,0,0,0,0,0,0,Historiska data - ej angivet,,,2-2023,Malung (S),2-20,Dalarnas län (S),1,2000
V483731,,2001.08.27,Ja,2001.08.28,,,Får,,Annan,Rya,2001.08.27,2001.08.27,Nej,Fredat vilt,Varg,,Bete innanför stängsel,Fältkontroll - LST,Bedömd som säker,2-2085,Låsen,6676180,1427467,6673526,472133,6676180,1427467,RT90,Mindre bra,2001.08.28,Nej,,Ja,2017.12.14,,,0,0,0,0,1,0,0,0,0,0,0,0,0,0,0,0,0,0,0,0,0,0,0,0,0,0,0,0,0,0,0,Historiska data - ej angivet,,,2-2085,Ludvika (S),2-20,Dalarnas län (S),1,2001
V483794,,2001.08.28,Ja,2001.08.29,,,Får,,Annan,Svensk Lantras,2001.08.12,2001.08.28,Nej,Fredat vilt,Varg,,Bete utan stängsel,Fältkontroll - LST,Bedömd som säker,2-2021,Brudskogens fäbod,6696400,1401250,6693415,445684,6696400,1401250,RT90,Mindre bra,2001.08.29,Nej,,Ja,2017.12.14,,,2,1,0,0,0,0,1,0,0,0,0,0,0,0,0,0,0,0,0,0,2,4,0,1,0,0,3,0,0,0,0,Historiska data - ej angivet,,,2-2021,Vansbro (S),2-20,Dalarnas län (S),14,2001
V484010,,2001.09.15,Ja,2001.09.15,,,Får,,,,2001.09.14,2001.09.15,Nej,Fredat vilt,Varg,,Bete innanför stängsel,Fältkontroll - LST,Bedömd som säker,2-1492,Strand,6559000,1308000,6554966,354161,6559000,1308000,RT90,Mindre bra,2001.09.15,Nej,,Ja,2017.12.14,,,0,1,0,0,0,0,0,0,0,0,0,0,0,0,0,0,0,0,0,0,0,0,0,0,0,0,0,0,0,0,0,Historiska data - ej angivet,,,2-1492,Åmål (S),2-14,Västra Götalands län (S),1,2001
V484422,,2001.09.23,Ja,2001.09.25,,,Får,,,,2001.09.22,2001.09.23,Nej,Fredat vilt,Varg,,Bete innanför stängsel,Fältkontroll - LST,Bedömd som säker,2-0382,Charlottendal,6668625,1634712,6668504,679383,6668625,1634712,RT90,Mindre bra,2001.09.25,Nej,,Ja,2017.12.14,,,2,0,0,0,0,0,1,0,0,0,0,0,0,0,0,0,0,0,0,0,0,0,0,0,0,0,0,0,0,0,0,Historiska data - ej angivet,,,2-0382,Östhammar (S),2-03,Uppsala län (S),3,2001
V484014,,2001.10.07,Ja,2002.10.10,,,Får,,Annan,Texel x finull,2001.10.06,2001.10.07,Nej,Fredat vilt,Varg,,Bete innanför stängsel,Fältkontroll - LST,Bedömd som säker,2-1440,Nödinge,6420093,1275897,6415770,323747,6420093,1275897,RT90,Mindre bra,2002.10.10,Nej,,Ja,2017.12.14,,,0,0,0,0,0,0,12,0,0,0,0,0,0,0,0,0,0,0,0,0,0,0,0,0,0,0,0,0,0,0,0,Historiska data - ej angivet,,,2-1440,Ale (S),2-14,Västra Götalands län (S),12,2001
V480015,,2002.01.31,Ja,2002.02.01,,,Får,,Annan,Pälsfår,2002.01.30,2002.01.31,Nej,Fredat vilt,Varg,,Bete innanför stängsel,Fältkontroll - LST,Bedömd som säker,2-0562,Bete vi sjö,6534300,1493000,6532512,539354,6534300,1493000,RT90,Mindre bra,2002.02.01,Nej,,Ja,2017.12.14,,,0,0,0,0,0,0,1,0,0,0,1,0,0,0,0,0,0,0,0,0,0,0,0,0,0,0,0,0,0,0,0,Historiska data - ej angivet,,,2-0562,Finspång (S),2-05,Östergötlands län (S),2,2002
V484424,,2002.04.16,Ja,2002.04.17,,,Får,,,,2002.04.16,2002.04.16,Nej,Fredat vilt,Varg,,Bete innanför stängsel,Fältkontroll - LST,Bedömd som säker,2-1060,Olofström Skrubbeboda 1:6,6244235,1430645,6241849,480476,6244235,1430645,RT90,Mindre bra,2002.04.17,Nej,,Ja,2017.12.14,,,0,0,0,0,0,0,2,0,0,0,0,0,0,0,0,0,0,0,0,0,0,0,0,0,0,0,0,0,0,0,0,Historiska data - ej angivet,,,2-1060,Olofström (S),2-10,Blekinge län (S),2,2002
V484430,,2002.05.11,Ja,2002.05.12,,,Får,,Annan,Rya och päls,2002.05.11,2002.05.11,Nej,Fredat vilt,Varg,,Bete innanför stängsel,Fältkontroll - LST,Bedömd som säker,2-0360,Larsbo,6696737,1606612,6696263,650949,6696737,1606612,RT90,Mindre bra,2002.05.12,Nej,,Ja,2017.12.14,,,0,0,0,0,0,0,1,0,0,0,0,0,0,0,0,0,0,0,0,0,0,0,0,0,0,0,0,0,0,0,0,Historiska data - ej angivet,,,2-0360,Tierp (S),2-03,Uppsala län (S),1,2002
V480086,,2002.05.13,Ja,2002.05.13,,,Får,,Annan,Pälsfår,2002.05.13,2002.05.13,Nej,Fredat vilt,Varg,,Bete innanför stängsel,Fältkontroll - LST,Bedömd som säker,2-0582,Bete intill ladugård,6464000,1552400,6462955,599573,6464000,1552400,RT90,Mindre bra,2002.05.13,Nej,,Ja,2017.12.14,,,1,1,0,0,0,0,0,0,0,0,0,0,0,0,0,0,0,0,0,0,0,0,0,0,0,0,0,0,0,0,0,Historiska data - ej angivet,,,2-0582,Söderköping (S),2-05,Östergötlands län (S),2,2002
V484560,,2002.05.15,Ja,2002.05.16,,,Får,,Annan,Blandras,2002.05.14,2002.05.15,Nej,Fredat vilt,Varg,,Bete innanför stängsel,Fältkontroll - LST,Bedömd som säker,2-0582,Bete på gårdsplan,6472700,1548400,6471604,595471,6472700,1548400,RT90,Mindre bra,2002.05.16,Nej,,Ja,2017.12.14,,,2,2,0,0,0,0,2,0,0,0,0,0,0,0,0,0,0,0,0,0,0,0,0,0,0,0,0,0,0,0,0,Historiska data - ej angivet,,,2-0582,Söderköping (S),2-05,Östergötlands län (S),6,2002
V480014,,2002.05.17,Ja,2002.05.19,,,Får,,Annan,Oxford Down,2002.05.16,2002.05.17,Nej,Fredat vilt,Varg,,Bete innanför stängsel,Fältkontroll - LST,Bedömd som säker,2-0581,Bete i trädgård,6480500,1545200,6479362,592179,6480500,1545200,RT90,Mindre bra,2002.05.19,Nej,,Ja,2017.12.14,,,0,0,0,0,0,0,0,0,0,0,0,0,0,0,0,0,1,0,0,0,0,2,0,0,0,0,0,0,0,0,0,Historiska data - ej angivet,,,2-0581,Norrköping (S),2-05,Östergötlands län (S),3,2002
V484350,,2002.05.19,Ja,2004.02.26,,,Får,,,,2002.05.18,2002.05.19,Nej,Fredat vilt,Varg,,Bete innanför stängsel,Fältkontroll - LST,Bedömd som säker,2-1484,Brastad,6483200,1248300,6478501,295415,6483200,1248300,RT90,Mindre bra,2004.02.26,Nej,,Ja,2017.12.14,,,0,0,0,0,0,0,1,0,0,0,0,0,0,0,0,0,0,0,0,0,0,0,0,0,0,0,0,0,0,0,0,Historiska data - ej angivet,,,2-1484,Lysekil (S),2-14,Västra Götalands län (S),1,2002
V484432,,2002.05.20,Ja,2002.05.20,,,Får,,Annan,Finull och bladras,2002.05.19,2002.05.20,Nej,Fredat vilt,Varg,,Bete innanför stängsel,Fältkontroll - LST,Bedömd som säker,2-0382,Skållbo,6692362,1620350,6692058,664736,6692362,1620350,RT90,Mindre bra,2002.05.20,Nej,,Ja,2017.12.14,,,1,1,0,1,0,0,0,0,0,0,2,1,0,0,0,0,2,0,0,0,4,3,0,0,0,0,2,0,0,0,0,Historiska data - ej angivet,,,2-0382,Östhammar (S),2-03,Uppsala län (S),17,2002
V484409,,2002.06.01,Ja,2002.08.18,,,Får,,Annan,Pälsfår,2002.05.31,2002.06.01,Nej,Fredat vilt,Varg,,Bete innanför stängsel,Fältkontroll - LST,Bedömd som säker,2-1435,Älgemon,6525700,1262900,6521146,309494,6525700,1262900,RT90,Mindre bra,2002.08.18,Nej,,Ja,2017.12.14,,,0,1,0,0,0,0,3,0,0,0,1,0,0,0,0,0,2,0,0,0,2,1,0,0,0,0,1,0,0,0,0,Historiska data - ej angivet,,,2-1435,Tanum (S),2-14,Västra Götalands län (S),11,2002
V484287,,2002.06.03,Ja,2002.06.27,,,Får,,,,2002.06.02,2002.06.03,Nej,Fredat vilt,Varg,,Bete innanför stängsel,Fältkontroll - LST,Bedömd som säker,2-0360,Larsbo,6696824,1606587,6696350,650923,6696824,1606587,RT90,Mindre bra,2002.06.27,Nej,,Ja,2017.12.14,,,0,0,0,0,0,0,0,0,0,0,1,0,0,0,0,0,0,0,0,0,0,0,0,0,0,0,0,0,0,0,0,Historiska data - ej angivet,,,2-0360,Tierp (S),2-03,Uppsala län (S),1,2002
V484433,,2002.06.03,Ja,2002.06.03,,,Får,,,,2002.06.02,2002.06.03,Nej,Fredat vilt,Varg,,Bete innanför stängsel,Fältkontroll - LST,Bedömd som säker,2-0360,Larsbo,6696824,1606587,6696350,650923,6696824,1606587,RT90,Mindre bra,2002.06.03,Nej,,Ja,2017.12.14,,,9,7,0,0,0,0,1,0,0,0,0,0,0,0,0,0,0,0,0,0,0,0,0,0,0,0,0,0,0,0,0,Historiska data - ej angivet,,,2-0360,Tierp (S),2-03,Uppsala län (S),17,2002
V484442,,2002.06.25,Ja,2002.06.26,,,Får,,,,2002.06.24,2002.06.25,Nej,Fredat vilt,Varg,,Bete utan stängsel,Fältkontroll - LST,Bedömd som säker,2-1080,Torhamns udde,6216850,1502435,6215317,552551,6216850,1502435,RT90,Mindre bra,2002.06.26,Nej,,Ja,2017.12.14,,,1,2,0,0,0,0,0,0,0,0,0,0,0,0,0,0,0,0,0,0,0,0,0,0,0,0,0,0,0,0,0,Historiska data - ej angivet,,,2-1080,Karlskrona (S),2-10,Blekinge län (S),3,2002
V484277,,2002.06.26,Ja,2002.06.26,,,Får,,,,2002.06.24,2002.06.26,Nej,Fredat vilt,Varg,,Bete innanför stängsel,Fältkontroll - LST,Bedömd som säker,2-1080,Torhamns udde,6228000,1494000,6226363,543990,6228000,1494000,RT90,Mindre bra,2002.06.26,Nej,,Ja,2017.12.14,,,0,0,0,0,0,0,1,0,0,0,0,0,0,0,0,0,0,0,0,0,0,0,0,0,0,0,0,0,0,0,0,Historiska data - ej angivet,,,2-1080,Karlskrona (S),2-10,Blekinge län (S),1,2002
V484288,,2002.07.01,Ja,2002.07.01,,,Får,,,,2002.06.30,2002.07.01,Nej,Fredat vilt,Varg,,Bete innanför stängsel,Fältkontroll - LST,Bedömd som säker,2-0382,Skållbo,6692437,1620312,6692132,664697,6692437,1620312,RT90,Mindre bra,2002.07.01,Nej,,Ja,2017.12.14,,,1,1,0,2,0,0,1,0,0,0,1,1,0,0,0,0,1,0,0,0,0,1,0,0,0,0,0,0,0,0,0,Historiska data - ej angivet,,,2-0382,Östhammar (S),2-03,Uppsala län (S),9,2002
V484007,,2002.07.03,Ja,2002.08.16,,,Får,,Annan,Oxrördan/Texel,2002.07.02,2002.08.03,Nej,Fredat vilt,Varg,,Bete innanför stängsel,Fältkontroll - LST,Bedömd som säker,2-1438,Törmon,6536000,1264000,6531451,310469,6536000,1264000,RT90,Mindre bra,2002.08.16,Nej,,Ja,2017.12.14,,,0,0,0,6,3,0,0,0,0,0,0,0,0,0,0,0,0,0,0,0,0,0,0,0,0,0,0,0,0,0,0,Historiska data - ej angivet,,,2-1438,Dals-Ed (S),2-14,Västra Götalands län (S),9,2002
V484280,,2002.07.03,Ja,2002.07.04,,,Får,,Annan,Gute,2002.07.02,2002.07.03,Nej,Fredat vilt,Varg,,Bete utan stängsel,Fältkontroll - LST,Bedömd som säker,2-1080,Stubbemåla 1:3,6239620,1515381,6238228,565225,6239620,1515381,RT90,Mindre bra,2002.07.04,Nej,,Ja,2017.12.14,,,0,0,0,0,2,0,0,0,0,0,0,0,0,0,1,0,0,0,0,0,0,0,0,0,0,0,0,0,0,0,0,Historiska data - ej angivet,,,2-1080,Karlskrona (S),2-10,Blekinge län (S),3,2002
V480010,,2002.07.26,Ja,2002.07.26,,,Får,,Annan,Blandras,2002.07.25,2002.07.26,Nej,Fredat vilt,Varg,,Bete innanför stängsel,Fältkontroll - LST,Bedömd som säker,2-0581,Bete vid gården,6486500,1539200,6485288,586109,6486500,1539200,RT90,Mindre bra,2002.07.26,Nej,,Ja,2017.12.14,,,0,0,0,0,0,0,3,0,0,0,0,2,0,0,0,0,0,0,0,0,0,0,0,0,0,0,0,0,0,0,0,Historiska data - ej angivet,,,2-0581,Norrköping (S),2-05,Östergötlands län (S),5,2002
V480009,,2002.07.27,Ja,2002.07.27,,,Får,,Annan,Blandras,2002.07.26,2002.07.27,Nej,Fredat vilt,Varg,,Bete innanför stängsel,Fältkontroll - LST,Bedömd som säker,2-0581,Bete vid gården,6486400,1541100,6485211,588009,6486400,1541100,RT90,Mindre bra,2002.07.27,Nej,,Ja,2017.12.14,,,0,0,0,0,0,0,1,0,0,0,0,0,0,0,0,0,0,0,0,0,0,0,0,0,0,0,1,0,0,0,0,Historiska data - ej angivet,,,2-0581,Norrköping (S),2-05,Östergötlands län (S),2,2002
V484584,,2002.07.29,Ja,2002.08.03,,,Får,,Annan,Korsning,2002.07.28,2002.07.29,Nej,Fredat vilt,Varg,,Bete innanför stängsel,Fältkontroll - LST,Bedömd som säker,2-0581,Mönnerums gård,6487800,1556500,6486795,603387,6487800,1556500,RT90,Mindre bra,2002.08.03,Nej,,Ja,2017.12.14,,,0,0,0,0,0,0,2,0,0,0,0,0,0,0,0,0,2,0,0,0,0,0,0,0,0,0,0,0,0,0,0,Historiska data - ej angivet,,,2-0581,Norrköping (S),2-05,Östergötlands län (S),4,2002
V484008,,2002.08.01,Ja,2002.08.01,,,Får,,,,2002.07.31,2002.08.01,Nej,Fredat vilt,Varg,,Bete innanför stängsel,Fältkontroll - LST,Bedömd som säker,2-1438,Delefors,6527000,1272000,6522554,318572,6527000,1272000,RT90,Mindre bra,2002.08.01,Nej,,Ja,2017.12.14,,,2,0,0,0,0,0,4,0,0,0,0,0,0,0,0,0,0,0,0,0,0,0,0,0,0,0,0,0,0,0,0,Historiska data - ej angivet,,,2-1438,Dals-Ed (S),2-14,Västra Götalands län (S),6,2002
V484407,,2002.08.05,Ja,2002.08.05,,,Får,,,,2002.08.05,2002.08.05,Nej,Fredat vilt,Varg,,Bete innanför stängsel,Fältkontroll - LST,Bedömd som säker,2-1438,Västra Fjälla Stommen,6524000,1271350,6519549,317958,6524000,1271350,RT90,Mindre bra,2002.08.05,Nej,,Ja,2017.12.14,,,0,0,0,0,0,0,1,0,0,0,0,0,0,0,0,0,1,0,0,0,0,0,0,0,0,0,0,0,0,0,0,Historiska data - ej angivet,,,2-1438,Dals-Ed (S),2-14,Västra Götalands län (S),2,2002
V484497,,2002.08.05,Ja,2002.08.05,,,Får,,Annan,Lantras Finull,2002.08.05,2002.08.05,Nej,Fredat vilt,Varg,,Bete innanför stängsel,Fältkontroll - LST,Bedömd som säker,2-0360,Skämsta,6692100,1595700,6691494,640097,6692100,1595700,RT90,Mindre bra,2002.08.05,Nej,,Ja,2017.12.14,,,6,0,0,4,0,0,4,0,0,0,0,0,0,0,0,0,0,0,0,0,0,0,0,0,0,0,0,0,0,0,0,Historiska data - ej angivet,,,2-0360,Tierp (S),2-03,Uppsala län (S),14,2002
V484496,,2002.08.09,Ja,2002.08.09,,,Får,,,,2002.08.09,2002.08.09,Nej,Fredat vilt,Varg,,Bete innanför stängsel,Fältkontroll - LST,Bedömd som säker,2-0360,Valparbo Österlövsta,6696000,1606400,6695524,650746,6696000,1606400,RT90,Mindre bra,2002.08.09,Nej,,Ja,2017.12.14,,,10,11,0,0,0,0,0,0,0,0,0,0,0,0,0,0,0,0,0,0,0,0,0,0,0,0,0,0,0,0,0,Historiska data - ej angivet,,,2-0360,Tierp (S),2-03,Uppsala län (S),21,2002
V483971,,2002.08.10,Ja,2002.08.10,,,Får,,Annan,Pälsfår,2002.08.10,2002.08.10,Nej,Fredat vilt,Varg,,Bete innanför stängsel,Fältkontroll - LST,Bedömd som säker,2-2023,Södra Löten 1:16. Vid gården,6767900,1341100,6764134,384692,6767900,1341100,RT90,Mindre bra,2002.08.10,Nej,,Ja,2017.12.14,,,0,1,0,0,0,0,1,0,0,0,0,0,0,0,0,0,0,0,0,0,0,0,0,0,0,0,0,0,0,0,0,Historiska data - ej angivet,,,2-2023,Malung (S),2-20,Dalarnas län (S),2,2002
V484553,,2002.08.14,Ja,2002.08.20,,,Får,,,,2002.08.14,2002.08.14,Nej,Fredat vilt,Varg,,Bete innanför stängsel,Fältkontroll - LST,Bedömd som säker,2-1760,Storfors,6595900,1414100,6593127,459750,6595900,1414100,RT90,Mindre bra,2002.08.20,Nej,,Ja,2017.12.14,,,0,0,0,0,0,0,2,1,0,0,0,0,0,0,0,0,0,0,0,0,0,0,0,0,0,0,1,0,0,0,0,Historiska data - ej angivet,,,2-1760,Storfors (S),2-17,Värmlands län (S),4,2002
V484500,,2002.08.25,Ja,2002.08.25,,,Får,,Annan,Roslagsfår,2002.08.22,2002.08.23,Nej,Fredat vilt,Varg,,Bete innanför stängsel,Fältkontroll - LST,Bedömd som säker,2-0382,Yttersby Börstil,6682700,1650800,6682771,695294,6682700,1650800,RT90,Mindre bra,2002.08.25,Nej,,Ja,2017.12.14,,,0,1,0,0,0,0,0,0,0,0,0,0,0,0,0,0,0,0,0,0,0,0,0,0,0,0,0,0,0,0,0,Historiska data - ej angivet,,,2-0382,Östhammar (S),2-03,Uppsala län (S),1,2002
V484501,,2002.08.25,Ja,2002.08.25,,,Får,,,,2002.08.24,2002.08.25,Nej,Fredat vilt,Varg,,Bete innanför stängsel,Fältkontroll - LST,Bedömd som säker,2-0382,Norrboda,6708800,1642300,6708759,686478,6708800,1642300,RT90,Mindre bra,2002.08.25,Nej,,Ja,2017.12.14,,,0,1,0,0,0,0,3,0,0,0,0,0,0,0,0,0,0,0,0,0,0,0,0,0,0,0,0,0,0,0,0,Historiska data - ej angivet,,,2-0382,Östhammar (S),2-03,Uppsala län (S),4,2002
V484499,,2002.08.26,Ja,2002.08.27,,,Får,,,,2002.08.23,2002.08.24,Nej,Fredat vilt,Varg,,Bete innanför stängsel,Fältkontroll - LST,Bedömd som säker,2-0382,Rosten Gräsö,6697600,1651400,6697674,695712,6697600,1651400,RT90,Mindre bra,2002.08.27,Nej,,Ja,2017.12.14,,,0,1,0,0,0,0,4,0,0,0,0,0,0,0,0,0,0,0,0,0,0,0,0,0,0,0,0,0,0,0,0,Historiska data - ej angivet,,,2-0382,Östhammar (S),2-03,Uppsala län (S),5,2002
V484535,,2002.09.15,Ja,2002.09.15,,,Får,,Annan,Gotlandsfår,2002.09.15,2002.09.15,Nej,Fredat vilt,Varg,,Bete innanför stängsel,Fältkontroll - LST,Bedömd som säker,2-0382,Karö Fårhagen,6692200,1629000,6692002,673385,6692200,1629000,RT90,Mindre bra,2002.09.15,Nej,,Ja,2017.12.14,,,15,11,0,1,0,0,1,0,0,0,0,0,0,0,0,0,0,0,0,0,0,0,0,0,0,0,0,0,0,0,0,Historiska data - ej angivet,,,2-0382,Östhammar (S),2-03,Uppsala län (S),28,2002
V484536,,2002.09.16,Ja,2002.09.17,,,Får,,Annan,Finull,2002.09.16,2002.09.16,Nej,Fredat vilt,Varg,,Bete innanför stängsel,Fältkontroll - LST,Bedömd som säker,2-0382,Väsby,6667200,1624700,6666957,669392,6667200,1624700,RT90,Mindre bra,2002.09.17,Nej,,Ja,2017.12.14,,,0,0,0,0,0,0,3,0,0,0,0,0,0,1,0,0,7,0,0,0,0,0,0,0,0,0,0,0,0,0,0,Historiska data - ej angivet,,,2-0382,Östhammar (S),2-03,Uppsala län (S),11,2002
V484498,,2002.09.29,Ja,2002.09.29,,,Får,,Annan,Lantras Finull mm,2002.09.29,2002.09.29,Nej,Fredat vilt,Varg,,Bete innanför stängsel,Fältkontroll - LST,Bedömd som säker,2-0360,Skämsta,6691400,1595140,6690788,639546,6691400,1595140,RT90,Mindre bra,2002.09.29,Nej,,Ja,2017.12.14,,,3,0,0,1,0,0,3,0,0,0,0,0,0,0,0,0,0,0,0,0,0,0,0,0,0,0,0,0,0,0,0,Historiska data - ej angivet,,,2-0360,Tierp (S),2-03,Uppsala län (S),7,2002
V484404,,2002.10.05,Ja,2002.10.05,,,Får,,Annan,Gutefår,2002.10.04,2002.10.05,Nej,Fredat vilt,Varg,,Bete innanför stängsel,Fältkontroll - LST,Bedömd som säker,2-1438,Udden,6551251,1271749,6546785,318029,6551251,1271749,RT90,Mindre bra,2002.10.05,Nej,,Ja,2017.12.14,,,0,2,0,0,0,0,2,0,0,0,0,0,0,0,0,0,0,0,0,0,2,0,0,0,0,0,0,0,0,0,0,Historiska data - ej angivet,,,2-1438,Dals-Ed (S),2-14,Västra Götalands län (S),6,2002
V484304,,2002.10.07,Ja,2003.12.23,,,Får,,,,2002.10.07,2002.10.07,Nej,Fredat vilt,Varg,,Bete innanför stängsel,Fältkontroll - LST,Bedömd som säker,2-1737,utanför stugan,6685650,1346600,6682003,391198,6685650,1346600,RT90,Mindre bra,2003.12.23,Nej,,Ja,2017.12.14,,,0,0,0,0,0,0,1,0,0,0,0,0,0,0,0,0,0,0,0,0,0,0,0,0,0,0,0,0,0,0,0,Historiska data - ej angivet,,,2-1737,Torsby (S),2-17,Värmlands län (S),1,2002
V484526,,2002.10.08,Ja,2002.10.08,,,Får,,Annan,Texel_ korsning,2002.10.08,2002.10.08,Nej,Fredat vilt,Varg,,Bete innanför stängsel,Fältkontroll - LST,Bedömd som säker,2-1465,Bäck,6361900,1343600,6358421,392096,6361900,1343600,RT90,Mindre bra,2002.10.08,Nej,,Ja,2017.12.14,,,0,0,0,0,0,0,1,0,0,0,0,0,0,0,0,0,0,0,0,0,0,0,0,0,0,0,0,0,0,0,0,Historiska data - ej angivet,,,2-1465,Svenljunga (S),2-14,Västra Götalands län (S),1,2002
V484177,,2002.10.09,Ja,2002.10.09,,,Får,,,,2002.10.09,2002.10.09,Nej,Fredat vilt,Varg,,Bete utan stängsel,Fältkontroll - LST,Bedömd som säker,2-1460,Lingen,6559200,1300800,6555079,346963,6559200,1300800,RT90,Mindre bra,2002.10.09,Nej,,Ja,2017.12.14,,,0,0,0,0,0,0,1,0,0,0,0,0,0,0,0,0,0,0,0,0,0,0,0,0,0,0,0,0,0,0,0,Historiska data - ej angivet,,,2-1460,Bengtsfors (S),2-14,Västra Götalands län (S),1,2002
V484340,,2002.10.19,Ja,2002.10.21,,,Får,,,,2002.10.18,2002.10.19,Nej,Fredat vilt,Varg,,Bete innanför stängsel,Fältkontroll - LST,Bedömd som säker,2-1882,"Ängen, Askersunds kn",6533400,1445000,6531034,491389,6533400,1445000,RT90,Mindre bra,2002.10.21,Nej,,Ja,2017.12.14,,,0,0,0,1,0,0,0,0,0,0,0,0,0,0,0,0,0,0,0,0,0,0,0,0,0,0,0,0,0,0,0,Historiska data - ej angivet,,,2-1882,Askersund (S),2-18,Örebro län (S),1,2002
V480051,,2003.01.27,Ja,2003.01.27,,,Får,,,,2003.01.26,2003.01.27,Nej,Fredat vilt,Varg,,Bete innanför stängsel,Fältkontroll - LST,Bedömd som säker,2-0382,Gräsbo,6690300,1619100,6689981,663511,6690300,1619100,RT90,Mindre bra,2003.01.27,Nej,,Ja,2017.12.14,,,0,0,0,2,0,0,0,0,0,0,0,0,0,4,0,0,0,0,0,0,0,0,0,0,0,0,0,0,0,0,0,Historiska data - ej angivet,,,2-0382,Östhammar (S),2-03,Uppsala län (S),6,2003
V484617,,2003.01.27,Ja,2003.01.27,,,Får,,,,2003.01.26,2003.01.27,Nej,Fredat vilt,Varg,,Bete innanför stängsel,Fältkontroll - LST,Bedömd som säker,2-0382,Gräsbo,6690250,1619099,6689931,663511,6690250,1619099,RT90,Mindre bra,2003.01.27,Nej,,Ja,2017.12.14,,,0,0,0,2,0,0,0,0,0,0,0,0,0,4,0,0,0,0,0,0,0,0,0,0,0,0,0,0,0,0,0,Historiska data - ej angivet,,,2-0382,Östhammar (S),2-03,Uppsala län (S),6,2003
V484585,,2003.03.20,Ja,2003.03.20,,,Får,,,,2003.03.03,2003.03.03,Nej,Fredat vilt,Varg,,Bete innanför stängsel,Fältkontroll - LST,Bedömd som säker,2-1438,Nössemarks-Dalen,6570100,1272100,6565625,318152,6570100,1272100,RT90,Mindre bra,2003.03.20,Nej,,Ja,2017.12.14,,,0,0,0,0,0,0,1,0,0,0,0,0,0,0,0,0,0,0,0,0,0,0,0,0,0,0,0,0,0,0,0,Historiska data - ej angivet,,,2-1438,Dals-Ed (S),2-14,Västra Götalands län (S),1,2003
V484518,,2003.05.08,Ja,2003.05.09,,,Får,,,,2003.05.08,2003.05.08,Nej,Fredat vilt,Varg,,Bete innanför stängsel,Fältkontroll - LST,Bedömd som säker,2-1883,Rådehult 1:17,6586000,1434200,6583476,479959,6586000,1434200,RT90,Mindre bra,2003.05.09,Nej,,Ja,2017.12.14,,,1,2,0,0,0,0,0,0,0,0,0,0,0,0,0,0,0,0,0,0,0,0,0,0,0,0,0,0,0,0,0,Historiska data - ej angivet,,,2-1883,Karlskoga (S),2-18,Örebro län (S),3,2003
V484586,,2003.05.09,Ja,2003.05.09,,,Får,,,,2003.05.08,2003.05.09,Nej,Fredat vilt,Varg,,Bete innanför stängsel,Fältkontroll - LST,Bedömd som säker,2-1438,Uddalen,6529700,1272400,6525257,318939,6529700,1272400,RT90,Mindre bra,2003.05.09,Nej,,Ja,2017.12.14,,,0,0,0,0,0,0,0,0,0,0,0,0,0,0,0,0,9,0,0,0,0,0,0,0,0,0,1,0,0,0,0,Historiska data - ej angivet,,,2-1438,Dals-Ed (S),2-14,Västra Götalands län (S),10,2003
V484587,,2003.05.12,Ja,2003.05.12,,,Får,,,,2003.05.12,2003.05.12,Nej,Fredat vilt,Varg,,Bete innanför stängsel,Fältkontroll - LST,Bedömd som säker,2-1438,Brunnberg,6529600,1273800,6525174,320339,6529600,1273800,RT90,Mindre bra,2003.05.12,Nej,,Ja,2017.12.14,,,0,0,0,0,0,0,2,0,0,0,0,0,0,0,0,0,1,0,0,0,0,0,0,0,0,0,0,0,0,0,0,Historiska data - ej angivet,,,2-1438,Dals-Ed (S),2-14,Västra Götalands län (S),3,2003
V484519,,2003.05.20,Ja,2003.05.23,,,Får,,,,2003.05.19,2003.05.20,Nej,Fredat vilt,Varg,,Bete innanför stängsel,Fältkontroll - LST,Bedömd som säker,2-1883,Nolby 1:2,6598900,1424100,6596247,469708,6598900,1424100,RT90,Mindre bra,2003.05.23,Nej,,Ja,2017.12.14,,,0,0,0,0,1,0,0,0,0,0,0,0,0,1,0,0,0,0,0,0,1,0,0,1,0,0,0,1,0,0,0,Historiska data - ej angivet,,,2-1883,Karlskoga (S),2-18,Örebro län (S),5,2003
V480032,,2003.05.31,Ja,2003.05.31,,,Får,,,,2003.05.30,2003.05.31,Nej,Fredat vilt,Varg,,Bete innanför stängsel,Fältkontroll - LST,Bedömd som säker,2-1452,Hyltegärde,6380700,1348600,6377268,396870,6380700,1348600,RT90,Mindre bra,2003.05.31,Nej,,Ja,2017.12.14,,,0,0,0,0,0,0,1,0,0,0,0,0,0,0,0,0,0,0,0,0,0,0,0,0,0,0,0,0,0,0,0,Historiska data - ej angivet,,,2-1452,Tranemo (S),2-14,Västra Götalands län (S),1,2003
V484520,,2003.06.07,Ja,2003.06.07,,,Får,,,,2003.06.07,2003.06.07,Nej,Fredat vilt,Varg,,Bete innanför stängsel,Fältkontroll - LST,Bedömd som säker,2-1883,"Mossberga 65934/14289, Hållsjötorp 65965/14275",6593400,1428900,6590808,474572,6593400,1428900,RT90,Mindre bra,2003.06.07,Nej,,Ja,2017.12.14,,,0,0,0,0,0,0,0,0,0,0,0,0,0,0,0,0,10,0,0,0,0,0,0,0,0,0,7,0,0,0,0,Historiska data - ej angivet,,,2-1883,Karlskoga (S),2-18,Örebro län (S),17,2003
V480030,,2003.06.10,Ja,2003.06.10,,,Får,,,,2003.06.10,2003.06.10,Nej,Fredat vilt,Varg,,Bete innanför stängsel,Fältkontroll - LST,Bedömd som säker,2-1460,Alsbyn,6570700,1281600,6566339,327638,6570700,1281600,RT90,Mindre bra,2003.06.10,Nej,,Ja,2017.12.14,,,0,0,0,0,0,0,1,0,0,0,0,0,0,0,0,0,0,0,0,0,0,0,0,0,0,0,0,0,0,0,0,Historiska data - ej angivet,,,2-1460,Bengtsfors (S),2-14,Västra Götalands län (S),1,2003
V484576,,2003.06.27,Ja,2003.06.27,,,Får,,,,2003.06.26,2003.06.27,Nej,Fredat vilt,Varg,,Bete innanför stängsel,Fältkontroll - LST,Bedömd som säker,2-1884,"Lindesby, Järnboås",6616300,1446300,6613907,491685,6616300,1446300,RT90,Mindre bra,2003.06.27,Nej,,Ja,2017.12.14,,,0,9,0,0,0,0,5,0,0,0,0,1,0,0,0,0,0,0,0,0,0,0,0,0,0,0,1,0,0,0,0,Historiska data - ej angivet,,,2-1884,Nora (S),2-18,Örebro län (S),16,2003
V480056,,2003.07.04,Ja,2003.07.04,,,Får,,Annan,Texel,2003.07.03,2003.07.04,Nej,Fredat vilt,Varg,,Bete innanför stängsel,Fältkontroll - LST,Bedömd som säker,2-2132,Kråkbäcksvallen,6885600,1561200,6884496,603224,6885600,1561200,RT90,Mindre bra,2003.07.04,Nej,,Ja,2017.12.14,,,0,0,0,0,0,0,3,0,0,0,0,0,0,0,0,0,4,0,0,0,0,0,0,0,0,0,0,0,0,0,0,Historiska data - ej angivet,,,2-2132,Nordanstig (S),2-21,Gävleborgs län (S),7,2003
V484489,,2003.07.20,Ja,2003.08.01,,,Får,,Annan,Korsning,2003.07.17,2003.07.18,Nej,Fredat vilt,Varg,,Bete innanför stängsel,Fältkontroll - LST,Bedömd som säker,2-1384,Kungsbacka,6367300,1285000,6363123,333471,6367300,1285000,RT90,Mindre bra,2003.08.01,Nej,,Ja,2017.12.14,,,0,0,0,1,0,0,0,0,0,0,0,0,0,0,0,0,0,0,0,0,0,0,0,0,0,0,0,0,0,0,0,Historiska data - ej angivet,,,2-1384,Kungsbacka (S),2-13,Hallands län (S),1,2003
V484571,,2003.07.25,Ja,2003.07.26,,,Får,,Annan,gutefår,2003.07.25,2003.07.25,Nej,Fredat vilt,Varg,,Bete innanför stängsel,Fältkontroll - LST,Bedömd som säker,2-1884,"200 m NNO om Hammartorp, mellan Rastälven och vägen",6614000,1447700,6611625,493113,6614000,1447700,RT90,Mindre bra,2003.07.26,Nej,,Ja,2017.12.14,,,1,0,0,0,0,0,4,1,0,0,0,0,0,0,0,0,0,0,0,0,0,0,0,0,0,0,0,0,0,0,0,Historiska data - ej angivet,,,2-1884,Nora (S),2-18,Örebro län (S),6,2003
V484572,,2003.08.01,Ja,2003.08.01,,,Får,,Annan,Spelsau,2003.08.01,2003.08.01,Nej,Fredat vilt,Varg,,Bete innanför stängsel,Fältkontroll - LST,Bedömd som säker,2-1860,"Limmingsviken, Grythyttan",6508000,1429700,6505463,476402,6508000,1429700,RT90,Mindre bra,2003.08.01,Nej,,Ja,2017.12.14,,,3,2,0,0,0,0,6,1,0,0,0,0,0,0,0,0,0,0,0,0,0,0,0,0,0,0,0,0,0,0,0,Historiska data - ej angivet,,,2-1860,Laxå (S),2-18,Örebro län (S),12,2003
V480088,,2003.08.02,Ja,2003.08.02,,,Får,,Annan,korsning,2003.08.01,2003.08.02,Nej,Fredat vilt,Varg,,Bete innanför stängsel,Fältkontroll - LST,Bedömd som säker,2-1463,Torestorp,6366112,1311037,6362244,359504,6366112,1311037,RT90,Mindre bra,2003.08.02,Nej,,Ja,2017.12.14,,,0,1,0,0,0,0,0,0,0,0,0,0,0,0,0,0,0,0,0,0,0,0,0,0,0,0,0,0,0,0,0,Historiska data - ej angivet,,,2-1463,Mark (S),2-14,Västra Götalands län (S),1,2003
V484573,,2003.08.10,Ja,2003.08.11,,,Får,,,,2003.08.09,2003.08.10,Nej,Fredat vilt,Varg,,Bete utan stängsel,Fältkontroll - LST,Bedömd som säker,2-2421,"Vid Joranträsk, ca 10 km väst Grundfors",7207900,1574400,7206834,612360,7207900,1574400,RT90,Mindre bra,2003.08.11,Nej,,Ja,2017.12.14,,,1,2,0,0,0,0,6,0,0,0,0,0,0,0,0,0,0,0,0,0,2,2,0,0,0,0,0,0,0,0,0,Historiska data - ej angivet,,,2-2421,Storuman (S),2-24,Västerbottens län (S),13,2003
V484139,,2003.08.28,Ja,2003.08.29,,,Får,,,,2003.08.26,2003.08.28,Nej,Fredat vilt,Varg,,Bete innanför stängsel,Fältkontroll - LST,Bedömd som säker,2-1860,"Tolsgården, Finnerödja",6530700,1421800,6528056,468233,6530700,1421800,RT90,Mindre bra,2003.08.29,Nej,,Ja,2017.12.14,,,0,1,0,0,0,0,0,0,0,0,0,0,0,0,0,0,0,0,0,0,0,0,0,0,0,0,0,0,0,0,0,Historiska data - ej angivet,,,2-1860,Laxå (S),2-18,Örebro län (S),1,2003
V484412,,2003.09.11,Ja,2003.09.11,,,Får,,Annan,Skogsfår,2003.09.10,2003.09.11,Nej,Fredat vilt,Varg,,Bete utan stängsel,Fältkontroll - LST,Bedömd som säker,2-1783,Björklångsberg,6664437,1361259,6660982,406106,6664437,1361259,RT90,Mindre bra,2003.09.11,Nej,,Ja,2017.12.14,,,0,1,0,0,0,0,0,0,0,0,0,0,0,0,0,0,0,0,0,0,0,0,0,0,0,0,0,0,0,0,0,Historiska data - ej angivet,,,2-1783,Hagfors (S),2-17,Värmlands län (S),1,2003
V480067,,2003.09.22,Ja,2003.09.22,,,Får,,,,2003.09.18,2003.09.21,Nej,Fredat vilt,Varg,,Bete innanför stängsel,Fältkontroll - LST,Bedömd som säker,2-1782,Liljendal,6669999,1403925,6667061,448680,6669999,1403925,RT90,Mindre bra,2003.09.22,Nej,,Ja,2017.12.14,,,1,0,0,0,0,0,1,0,0,0,0,0,0,0,0,0,0,0,0,0,2,1,0,0,0,0,0,0,0,0,0,Historiska data - ej angivet,,,2-1782,Filipstad (S),2-17,Värmlands län (S),5,2003
V484577,,2003.10.10,Ja,2003.10.10,,,Får,,,,2003.10.09,2003.10.10,Nej,Fredat vilt,Varg,,Bete innanför stängsel,Fältkontroll - LST,Bedömd som säker,2-1863,"Björnfallet, Hällefors",6632400,1424400,6629732,469601,6632400,1424400,RT90,Mindre bra,2003.10.10,Nej,,Ja,2017.12.14,,,0,0,0,0,0,0,1,0,0,0,0,0,0,0,0,0,0,0,0,0,0,0,0,0,0,0,0,0,0,0,0,Historiska data - ej angivet,,,2-1863,Hällefors (S),2-18,Örebro län (S),1,2003
V484504,,2003.10.12,Ja,2003.10.12,,,Får,,Annan,Shopshire,2003.10.11,2003.10.12,Nej,Fredat vilt,Varg,,Bete innanför stängsel,Fältkontroll - LST,Bedömd som säker,2-1981,Invid gården,6640400,1536100,6639087,581151,6640400,1536100,RT90,Mindre bra,2003.10.12,Nej,,Ja,2017.12.14,,,1,0,0,0,0,0,0,0,0,0,0,0,0,0,0,0,0,0,0,0,0,0,0,0,0,0,0,0,0,0,0,Historiska data - ej angivet,,,2-1981,Sala (S),2-19,Västmanlands län (S),1,2003
V484274,,2003.10.15,Ja,2003.10.17,,,Får,,,,2003.10.15,2003.10.15,Nej,Fredat vilt,Varg,,Bete innanför stängsel,Fältkontroll - LST,Bedömd som säker,2-2034,Skattungbyn,6785558,1448218,6783101,491532,6785558,1448218,RT90,Mindre bra,2003.10.17,Nej,,Ja,2017.12.14,,,0,0,0,1,0,0,0,0,0,0,0,0,0,0,0,0,0,0,0,0,0,0,0,0,0,0,0,0,0,0,0,Historiska data - ej angivet,,,2-2034,Orsa (S),2-20,Dalarnas län (S),1,2003
V484276,,2003.10.19,Ja,2003.10.19,,,Får,,Annan,Norskt skogsfår,2003.10.18,2003.10.19,Nej,Fredat vilt,Varg,,Bete innanför stängsel,Fältkontroll - LST,Bedömd som säker,2-2085,Holmtjärn,6659472,1439903,6656979,484767,6659472,1439903,RT90,Mindre bra,2003.10.19,Nej,,Ja,2017.12.14,,,0,1,0,0,0,0,0,0,0,0,0,0,0,0,0,0,0,0,0,0,0,0,0,0,0,0,0,0,0,0,0,Historiska data - ej angivet,,,2-2085,Ludvika (S),2-20,Dalarnas län (S),1,2003
V484289,,2003.11.02,Ja,2003.11.02,,,Får,,Annan,lantras,2003.11.01,2003.11.02,Nej,Fredat vilt,Varg,,Bete innanför stängsel,Fältkontroll - LST,Bedömd som säker,2-2161,Ålock 1685,6867594,1506549,6865819,548820,6867594,1506549,RT90,Mindre bra,2003.11.02,Nej,,Ja,2017.12.14,,,0,0,0,1,0,0,0,0,0,0,0,0,0,0,0,0,0,0,0,0,0,0,0,0,0,0,0,0,0,0,0,Historiska data - ej angivet,,,2-2161,Ljusdal (S),2-21,Gävleborgs län (S),1,2003
V484532,,2003.11.14,Ja,2003.11.16,,,Får,,,,2003.11.14,2003.11.14,Nej,Fredat vilt,Varg,,Bete innanför stängsel,Fältkontroll - LST,Bedömd som säker,2-1737,Långsjöhöjden,6681744,1321503,6677793,366164,6681744,1321503,RT90,Mindre bra,2003.11.16,Nej,,Ja,2017.12.14,,,0,0,0,0,0,0,0,0,0,0,0,0,0,1,0,0,0,0,0,0,0,0,0,0,0,0,0,0,0,0,0,Historiska data - ej angivet,,,2-1737,Torsby (S),2-17,Värmlands län (S),1,2003
V484542,,2003.11.14,Ja,2003.11.16,,,Får,,,,2003.11.14,2003.11.14,Nej,Fredat vilt,Varg,,Bete utan stängsel,Fältkontroll - LST,Bedömd som säker,2-1737,Smedsrud 91,6678024,1337143,6674267,381840,6678024,1337143,RT90,Mindre bra,2003.11.16,Nej,,Ja,2017.12.14,,,0,0,0,0,0,0,2,0,0,0,0,0,0,0,0,0,0,0,0,0,0,0,0,0,0,0,0,0,0,0,0,Historiska data - ej angivet,,,2-1737,Torsby (S),2-17,Värmlands län (S),2,2003
V484155,,2004.05.03,Ja,2004.05.03,,,Får,,,,2004.05.03,2004.05.03,Nej,Fredat vilt,Varg,,Bete innanför stängsel,Fältkontroll - LST,Bedömd som säker,2-1766,Näveråsen,6640276,1339004,6636565,384160,6640276,1339004,RT90,Mindre bra,2004.05.03,Nej,,Ja,2017.12.14,,,0,1,0,0,0,0,1,0,0,0,0,0,0,0,0,0,0,0,0,0,0,0,0,0,0,0,0,0,0,0,0,Historiska data - ej angivet,,,2-1766,Sunne (S),2-17,Värmlands län (S),2,2004
V483811,,2004.05.14,Ja,2004.05.14,,,Får,,,,2004.05.13,2004.05.14,Nej,Fredat vilt,Varg,,Bete utan stängsel,Fältkontroll - LST,Bedömd som säker,2-1783,Patriktorp,6664474,1361291,6661020,406138,6664474,1361291,RT90,Mindre bra,2004.05.14,Nej,,Ja,2017.12.14,,,2,0,0,0,0,0,0,0,0,0,0,0,0,0,0,0,0,0,0,0,0,0,0,0,0,0,0,0,0,0,0,Historiska data - ej angivet,,,2-1783,Hagfors (S),2-17,Värmlands län (S),2,2004
V484511,,2004.05.17,Ja,2004.05.17,,,Får,,Annan,Dala-Finull,2004.05.16,2004.05.17,Nej,Fredat vilt,Varg,,Bete innanför stängsel,Fältkontroll - LST,Bedömd som säker,2-1766,Elvnäs,6639427,1338927,6635716,384093,6639427,1338927,RT90,Mindre bra,2004.05.17,Nej,,Ja,2017.12.14,,,1,0,0,0,0,0,1,0,0,0,0,0,0,0,0,0,0,0,0,0,0,1,0,0,0,0,0,0,0,0,0,Historiska data - ej angivet,,,2-1766,Sunne (S),2-17,Värmlands län (S),3,2004
V484017,,2004.05.26,Ja,2004.05.26,,,Får,,Annan,Finull,2004.05.25,2004.05.26,Nej,Fredat vilt,Varg,,Bete innanför stängsel,Fältkontroll - LST,Bedömd som säker,2-1884,Yxsjötorp,6618200,1447800,6615824,493162,6618200,1447800,RT90,Mindre bra,2004.05.26,Nej,,Ja,2017.12.14,,,1,1,0,6,0,0,0,0,0,0,1,2,0,1,0,0,0,0,0,0,0,0,0,0,0,0,0,0,0,0,0,Historiska data - ej angivet,,,2-1884,Nora (S),2-18,Örebro län (S),12,2004
V483974,,2004.06.03,Ja,2004.06.05,,,Får,,Annan,pälsfår,2004.06.03,2004.06.03,Nej,Fredat vilt,Varg,,Bete innanför stängsel,Fältkontroll - LST,Bedömd som säker,2-1380,"Jonstorp, Eldsberga",6283939,1330633,6280357,380057,6283939,1330633,RT90,Mindre bra,2004.06.05,Nej,,Ja,2017.12.14,,,6,5,0,0,0,0,5,2,0,0,0,0,0,0,0,0,2,0,0,0,0,1,0,0,0,0,0,0,0,0,0,Historiska data - ej angivet,,,2-1380,Halmstad (S),2-13,Hallands län (S),21,2004
V483980,,2004.06.11,Ja,2004.06.11,,,Får,,Annan,Pälsfår,2004.06.10,2004.06.11,Nej,Fredat vilt,Varg,,Bete innanför stängsel,Fältkontroll - LST,Bedömd som säker,2-1460,Torrskog,6569682,1282621,6565334,328670,6569682,1282621,RT90,Mindre bra,2004.06.11,Nej,,Ja,2017.12.14,,,0,1,0,0,0,0,1,0,0,0,0,0,0,0,0,0,0,0,0,0,0,0,0,0,0,0,0,0,0,0,0,Historiska data - ej angivet,,,2-1460,Bengtsfors (S),2-14,Västra Götalands län (S),2,2004
V484370,,2004.06.16,Ja,2004.06.16,,,Får,,,,2004.06.15,2004.06.16,Nej,Fredat vilt,Varg,,Bete innanför stängsel,Fältkontroll - LST,Bedömd som säker,2-1496,öst om Stöpen,6485970,1387653,6482941,434643,6485970,1387653,RT90,Mindre bra,2004.06.16,Nej,,Ja,2017.12.14,,,2,1,0,0,0,0,0,0,0,0,6,6,0,0,0,0,1,0,0,0,1,0,0,0,0,0,0,0,0,0,0,Historiska data - ej angivet,,,2-1496,Skövde (S),2-14,Västra Götalands län (S),17,2004
V484369,,2004.06.20,Ja,2004.06.21,,,Får,,Annan,Blandras,2004.06.19,2004.06.20,Nej,Fredat vilt,Varg,,Bete innanför stängsel,Fältkontroll - LST,Bedömd som säker,2-1430,Hedekas,6518700,1267300,6514204,313975,6518700,1267300,RT90,Mindre bra,2004.06.21,Nej,,Ja,2017.12.14,,,0,1,0,0,0,0,0,0,0,0,0,0,0,0,0,0,0,0,0,0,0,0,0,0,0,0,0,0,0,0,0,Historiska data - ej angivet,,,2-1430,Munkedal (S),2-14,Västra Götalands län (S),1,2004
V483989,,2004.07.23,Ja,2004.07.23,,,Får,,,,2004.07.22,2007.07.23,Nej,Fredat vilt,Varg,,Bete innanför stängsel,Fältkontroll - LST,Bedömd som säker,2-2121,Homna,6803300,1490800,6801360,533874,6803300,1490800,RT90,Mindre bra,2004.07.23,Nej,,Ja,2017.12.14,,,1,0,0,0,0,0,0,0,0,0,0,0,0,0,0,0,0,0,0,0,0,0,0,0,0,0,0,0,0,0,0,Historiska data - ej angivet,,,2-2121,Ovanåker (S),2-21,Gävleborgs län (S),1,2004
V483988,,2004.08.05,Ja,2004.08.05,,,Får,,,,2004.08.04,2004.08.05,Nej,Fredat vilt,Varg,,Bete innanför stängsel,Fältkontroll - LST,Bedömd som säker,2-1737,Arnsjön,6691475,1324527,6687555,369067,6691475,1324527,RT90,Mindre bra,2004.08.05,Nej,,Ja,2017.12.14,,,3,0,0,0,0,0,0,0,0,0,0,0,0,0,0,0,0,0,0,0,0,0,0,0,0,0,0,0,0,0,0,Historiska data - ej angivet,,,2-1737,Torsby (S),2-17,Värmlands län (S),3,2004
V484179,,2004.08.15,Ja,2004.08.15,,,Får,,,,2004.08.13,2004.08.15,Nej,Fredat vilt,Varg,,Bete innanför stängsel,Fältkontroll - LST,Bedömd som säker,2-1860,Undevi - Tived,6513863,1424847,6511265,471481,6513863,1424847,RT90,Mindre bra,2004.08.15,Nej,,Ja,2017.12.14,,,0,0,0,0,0,0,0,1,0,0,0,0,0,0,0,0,0,0,0,0,0,0,0,0,0,0,0,0,0,0,0,Historiska data - ej angivet,,,2-1860,Laxå (S),2-18,Örebro län (S),1,2004
V484203,,2004.08.15,Ja,2004.08.15,,,Får,,Annan,"Texel, Finull, Rya",2004.08.15,2004.08.15,Nej,Fredat vilt,Varg,,Bete innanför stängsel,Fältkontroll - LST,Bedömd som säker,2-0380,Korsängen,6639714,1637868,6639640,682891,6639714,1637868,RT90,Mindre bra,2004.08.15,Nej,,Ja,2017.12.14,,,0,1,0,1,0,0,6,0,0,0,0,0,0,0,0,0,0,0,0,0,0,0,0,0,0,0,0,0,0,0,0,Historiska data - ej angivet,,,2-0380,Uppsala (S),2-03,Uppsala län (S),8,2004
V484004,,2004.08.17,Ja,2004.08.17,,,Får,,Annan,LANTRAS,2004.08.15,2004.08.17,Nej,Fredat vilt,Varg,,Bete utan stängsel,Fältkontroll - LST,Bedömd som säker,2-2034,TÄKTSBERG,6782400,1458900,6780077,502247,6782400,1458900,RT90,Mindre bra,2004.08.17,Nej,,Ja,2017.12.14,,,1,0,0,0,0,0,1,0,0,0,0,0,0,0,0,0,0,0,0,0,0,0,0,0,0,0,0,0,0,0,0,Historiska data - ej angivet,,,2-2034,Orsa (S),2-20,Dalarnas län (S),2,2004
V484044,,2004.08.18,Ja,2004.08.18,,,Får,,,,2004.08.18,2004.08.18,Nej,Fredat vilt,Varg,,Bete innanför stängsel,Fältkontroll - LST,Bedömd som säker,2-1883,Immen,6598900,1424100,6596247,469708,6598900,1424100,RT90,Mindre bra,2004.08.18,Nej,,Ja,2017.12.14,,,0,1,0,0,0,0,0,0,0,0,0,0,0,0,0,0,0,0,0,0,0,0,0,0,0,0,0,0,0,0,0,Historiska data - ej angivet,,,2-1883,Karlskoga (S),2-18,Örebro län (S),1,2004
V484012,,2004.08.22,Ja,2004.08.22,,,Får,,Annan,blandras,2004.08.20,2004.08.21,Nej,Fredat vilt,Varg,,Bete innanför stängsel,Fältkontroll - LST,Bedömd som säker,2-1782,Hålbäcken,6625893,1407227,6623020,452517,6625893,1407227,RT90,Mindre bra,2004.08.22,Nej,,Ja,2017.12.14,,,0,2,0,0,0,0,0,0,0,0,0,0,0,0,0,0,0,0,0,0,0,0,0,0,0,0,0,0,0,0,0,Historiska data - ej angivet,,,2-1782,Filipstad (S),2-17,Värmlands län (S),2,2004
V484201,,2004.08.25,Ja,2004.08.25,,,Får,,,,2004.08.24,2004.08.25,Nej,Fredat vilt,Varg,,Bete innanför stängsel,Fältkontroll - LST,Bedömd som säker,2-1760,Ackkärr,6600320,1406927,6597458,452527,6600320,1406927,RT90,Mindre bra,2004.08.25,Nej,,Ja,2017.12.14,,,2,2,0,0,0,0,6,0,0,0,1,0,0,0,0,0,1,0,0,0,0,0,0,0,0,0,0,0,0,0,0,Historiska data - ej angivet,,,2-1760,Storfors (S),2-17,Värmlands län (S),12,2004
V484023,,2004.09.03,Ja,2004.09.03,,,Får,,,,2004.09.01,2004.09.02,Nej,Fredat vilt,Varg,,Bete innanför stängsel,Fältkontroll - LST,Bedömd som säker,2-1760,Ackkärr,6600323,1406897,6597461,452497,6600323,1406897,RT90,Mindre bra,2004.09.03,Nej,,Ja,2017.12.14,,,0,2,0,0,0,0,1,0,0,0,0,0,0,0,0,0,0,0,0,0,0,0,0,0,0,0,0,0,0,0,0,Historiska data - ej angivet,,,2-1760,Storfors (S),2-17,Värmlands län (S),3,2004
V484458,,2004.09.04,Ja,2004.09.04,,,Får,,,,2004.09.03,2004.09.04,Nej,Fredat vilt,Varg,,Bete innanför stängsel,Fältkontroll - LST,Bedömd som säker,2-1438,Brunnberg,6529900,1273700,6525473,320236,6529900,1273700,RT90,Mindre bra,2004.09.04,Nej,,Ja,2017.12.14,,,1,2,0,0,0,0,0,0,0,0,0,0,0,0,0,0,0,0,0,0,0,0,0,0,0,0,0,0,0,0,0,Historiska data - ej angivet,,,2-1438,Dals-Ed (S),2-14,Västra Götalands län (S),3,2004
V483833,,2004.09.13,Ja,2004.09.13,,,Får,,,,2004.08.15,2004.08.15,Nej,Fredat vilt,Varg,,Bete innanför stängsel,Fältkontroll - LST,Bedömd som säker,2-0380,"Korsängen, Gavel 2:1",6639714,1637868,6639640,682891,6639714,1637868,RT90,Mindre bra,2004.09.13,Nej,,Ja,2017.12.14,,,0,0,0,0,0,0,0,0,0,0,0,0,0,0,1,0,0,0,0,0,0,0,0,0,0,0,0,0,0,0,0,Historiska data - ej angivet,,,2-0380,Uppsala (S),2-03,Uppsala län (S),1,2004
V484045,,2004.09.16,Ja,2004.09.16,,,Får,,,,2004.09.15,2004.09.16,Nej,Fredat vilt,Varg,,Bete innanför stängsel,Fältkontroll - LST,Bedömd som säker,2-1883,Granbergsdal,6598900,1424100,6596247,469708,6598900,1424100,RT90,Mindre bra,2004.09.16,Nej,,Ja,2017.12.14,,,1,0,0,0,0,0,1,0,0,0,0,0,0,0,0,0,0,0,0,0,1,0,0,0,0,0,0,0,0,0,0,Historiska data - ej angivet,,,2-1883,Karlskoga (S),2-18,Örebro län (S),3,2004
V484022,,2004.09.17,Ja,2004.09.18,,,Får,,,,2004.09.16,2004.09.17,Nej,Fredat vilt,Varg,,Bete innanför stängsel,Fältkontroll - LST,Bedömd som säker,2-1782,Lersjöed,6629720,1406287,6626834,451531,6629720,1406287,RT90,Mindre bra,2004.09.18,Nej,,Ja,2017.12.14,,,3,3,0,0,0,0,2,0,0,0,0,0,0,0,0,0,0,0,0,0,0,0,0,0,0,0,0,0,0,0,0,Historiska data - ej angivet,,,2-1782,Filipstad (S),2-17,Värmlands län (S),8,2004
V484026,,2004.09.21,Ja,2004.09.21,,,Får,,,,2004.09.20,2004.09.21,Nej,Fredat vilt,Varg,,Bete innanför stängsel,Fältkontroll - LST,Bedömd som säker,2-2034,Skattungbyn,6786284,1448191,6783827,491496,6786284,1448191,RT90,Mindre bra,2004.09.21,Nej,,Ja,2017.12.14,,,0,0,0,0,0,0,1,0,0,0,0,0,0,0,0,0,0,0,0,0,0,0,0,0,0,0,0,0,0,0,0,Historiska data - ej angivet,,,2-2034,Orsa (S),2-20,Dalarnas län (S),1,2004
V484466,,2004.10.05,Ja,2004.10.05,,,Får,,,,2004.10.04,2004.10.05,Nej,Fredat vilt,Varg,,Bete innanför stängsel,Fältkontroll - LST,Bedömd som säker,2-1737,Metbäcken,6692119,1331682,6688286,376210,6692119,1331682,RT90,Mindre bra,2004.10.05,Nej,,Ja,2017.12.14,,,0,8,0,0,0,0,0,1,0,0,0,0,0,0,0,0,0,0,0,0,0,1,0,0,0,0,0,0,0,0,0,Historiska data - ej angivet,,,2-1737,Torsby (S),2-17,Värmlands län (S),10,2004
V484040,,2004.10.11,Ja,2004.10.11,,,Får,,,,2004.10.10,2004.10.11,Nej,Fredat vilt,Varg,,Bete innanför stängsel,Fältkontroll - LST,Bedömd som säker,2-1814,Bäckatorp,6557500,1434300,6554992,480404,6557500,1434300,RT90,Mindre bra,2004.10.11,Nej,,Ja,2017.12.14,,,0,0,0,0,0,0,1,0,0,0,0,0,0,0,0,0,0,0,0,0,0,0,0,0,0,0,0,0,0,0,0,Historiska data - ej angivet,,,2-1814,Lekeberg (S),2-18,Örebro län (S),1,2004
V483849,,2004.10.16,Ja,2004.10.16,,,Får,,,,2004.10.15,2004.10.16,Nej,Fredat vilt,Varg,,Bete innanför stängsel,Fältkontroll - LST,Bedömd som säker,2-1495,N. om Varnhem,6477107,1374527,6473925,421631,6477107,1374527,RT90,Mindre bra,2004.10.16,Nej,,Ja,2017.12.14,,,0,0,0,0,0,0,1,0,0,0,0,0,0,0,0,0,0,0,0,0,0,0,0,0,0,0,0,0,0,0,0,Historiska data - ej angivet,,,2-1495,Skara (S),2-14,Västra Götalands län (S),1,2004
V483696,,2005.01.01,Ja,2005.01.02,,,Får,,,,2005.01.01,2005.01.01,Nej,Fredat vilt,Varg,,Bete innanför stängsel,Fältkontroll - LST,Bedömd som säker,2-0181,Edhamra Gård,6543157,1597776,6542628,643982,6543157,1597776,RT90,Mindre bra,2005.01.02,Nej,,Ja,2017.12.14,,,0,0,0,0,0,0,4,0,0,0,0,0,0,0,0,0,0,0,0,0,0,0,0,0,0,0,0,0,0,0,0,Historiska data - ej angivet,,,2-0181,Södertälje (S),2-01,Stockholms län (S),4,2005
V483870,,2005.01.14,Ja,2005.01.14,,,Får,,,,2005.01.13,2005.01.14,Nej,Fredat vilt,Varg,,Bete utan stängsel,Fältkontroll - LST,Bedömd som säker,2-1737,Trång,6694200,1348100,6690566,392592,6694200,1348100,RT90,Mindre bra,2005.01.14,Nej,,Ja,2017.12.14,,,0,1,0,0,0,0,1,0,0,0,0,0,0,0,0,0,0,0,0,0,0,0,0,0,0,0,0,0,0,0,0,Historiska data - ej angivet,,,2-1737,Torsby (S),2-17,Värmlands län (S),2,2005
V483808,,2005.04.29,Ja,2006.04.29,,,Får,,,,2005.04.28,2005.04.29,Nej,Fredat vilt,Varg,,Bete utan stängsel,Fältkontroll - LST,Bedömd som säker,2-1783,Patriktorp,6664151,1361524,6660700,406375,6664151,1361524,RT90,Mindre bra,2006.04.29,Nej,,Ja,2017.12.14,,,0,0,0,0,0,0,0,3,0,0,0,0,0,0,0,0,0,0,0,0,0,0,0,0,0,0,0,0,0,0,0,Historiska data - ej angivet,,,2-1783,Hagfors (S),2-17,Värmlands län (S),3,2005
V483710,,2005.05.05,Ja,2005.05.05,,,Får,,,,2005.05.01,2005.05.05,Nej,Fredat vilt,Varg,,Bete innanför stängsel,Fältkontroll - LST,Bedömd som säker,2-1460,Svarttjärn,6562115,1297827,6557956,343957,6562115,1297827,RT90,Mindre bra,2005.05.05,Nej,,Ja,2017.12.14,,,0,1,0,1,0,0,0,0,0,0,0,0,0,0,0,0,0,0,0,0,0,0,0,0,0,0,0,0,0,0,0,Historiska data - ej angivet,,,2-1460,Bengtsfors (S),2-14,Västra Götalands län (S),2,2005
V483791,,2005.05.13,Ja,2005.05.14,,,Får,,Annan,Gotlandsfår,2005.05.12,2005.05.13,Nej,Fredat vilt,Varg,,Bete innanför stängsel,Fältkontroll - LST,Bedömd som säker,2-2281,"Nyland, Kvissleby",6909950,1583590,6909116,625302,6909950,1583590,RT90,Mindre bra,2005.05.14,Nej,,Ja,2017.12.14,,,0,1,0,0,0,0,0,0,0,0,0,0,0,0,0,0,0,0,0,0,0,0,0,0,0,0,0,0,0,0,0,Historiska data - ej angivet,,,2-2281,Sundsvall (S),2-22,Västernorrlands län (S),1,2005
V483887,,2005.05.15,Ja,2005.05.15,,,Får,,,,2005.05.15,2005.05.15,Nej,Fredat vilt,Varg,,Bete innanför stängsel,Fältkontroll - LST,Bedömd som säker,2-1782,Norra Mosserud,6611087,1398423,6608116,443898,6611087,1398423,RT90,Mindre bra,2005.05.15,Nej,,Ja,2017.12.14,,,4,4,0,0,0,0,5,0,0,0,0,0,0,0,0,0,0,0,0,0,1,0,0,0,0,0,0,0,0,0,0,Historiska data - ej angivet,,,2-1782,Filipstad (S),2-17,Värmlands län (S),14,2005
V483889,,2005.05.17,Ja,2005.05.17,,,Får,,,,2005.05.16,2005.05.17,Nej,Fredat vilt,Varg,,Bete innanför stängsel,Fältkontroll - LST,Bedömd som säker,2-1782,Norra Mosserud,6611117,1398627,6608148,444101,6611117,1398627,RT90,Mindre bra,2005.05.17,Nej,,Ja,2017.12.14,,,5,5,0,0,0,0,8,0,0,0,0,0,0,0,0,0,0,0,0,0,0,0,0,0,0,0,0,0,0,0,0,Historiska data - ej angivet,,,2-1782,Filipstad (S),2-17,Värmlands län (S),18,2005
V484071,,2005.06.07,Ja,2005.06.08,,,Får,,,,2005.06.06,2005.06.07,Nej,Fredat vilt,Varg,,Bete innanför stängsel,Fältkontroll - LST,Bedömd som säker,2-1492,Rådetorp,6552786,1310572,6548788,356806,6552786,1310572,RT90,Mindre bra,2005.06.08,Nej,,Ja,2017.12.14,,,0,1,0,0,0,0,0,0,0,0,0,0,0,0,0,0,0,0,0,0,0,0,0,0,0,0,0,0,0,0,0,Historiska data - ej angivet,,,2-1492,Åmål (S),2-14,Västra Götalands län (S),1,2005
V484122,,2005.06.20,Ja,2005.06.21,,,Får,,,,2005.06.18,2005.06.19,Nej,Fredat vilt,Varg,,Bete innanför stängsel,Fältkontroll - LST,Bedömd som säker,2-1497,Löpareskogen,6463657,1401507,6460806,448756,6463657,1401507,RT90,Mindre bra,2005.06.21,Nej,,Ja,2017.12.14,,,0,1,0,0,0,0,0,0,0,0,0,0,0,0,0,0,0,0,0,0,0,0,0,0,0,0,0,0,0,0,0,Historiska data - ej angivet,,,2-1497,Hjo (S),2-14,Västra Götalands län (S),1,2005
V484238,,2005.06.25,Ja,2005.06.25,,,Får,,,,2005.06.24,2005.06.25,Nej,Fredat vilt,Varg,,Bete utan stängsel,Fältkontroll - LST,Bedömd som säker,2-1783,Björklångsberg,6664180,1361500,6660728,406350,6664180,1361500,RT90,Mindre bra,2005.06.25,Nej,,Ja,2017.12.14,,,0,0,0,0,0,0,1,0,0,0,0,0,0,0,0,0,0,0,0,0,0,1,0,0,0,0,0,0,0,0,0,Historiska data - ej angivet,,,2-1783,Hagfors (S),2-17,Värmlands län (S),2,2005
V484303,,2005.06.29,Ja,2005.06.29,,,Får,,Annan,Texel,2005.06.28,2005.06.29,Nej,Fredat vilt,Varg,,Bete innanför stängsel,Fältkontroll - LST,Bedömd som säker,2-2121,Mållångsstuga,6784700,1497500,6782851,540800,6784700,1497500,RT90,Mindre bra,2005.06.29,Nej,,Ja,2017.12.14,,,3,0,0,0,0,0,2,0,0,0,0,0,0,0,0,0,0,0,0,0,2,0,0,0,0,0,0,0,0,0,0,Historiska data - ej angivet,,,2-2121,Ovanåker (S),2-21,Gävleborgs län (S),7,2005
V483861,,2005.07.04,Ja,2005.07.04,,,Får,,Annan,x,2005.07.03,2005.07.04,Nej,Fredat vilt,Varg,,Bete innanför stängsel,Fältkontroll - LST,Bedömd som säker,2-1765,Svensbyn,6614408,1274287,6609928,319800,6614408,1274287,RT90,Mindre bra,2005.07.04,Nej,,Ja,2017.12.14,,,0,0,0,0,0,0,1,0,0,0,0,0,0,0,0,0,0,0,0,0,0,0,0,0,0,0,0,0,0,0,0,Historiska data - ej angivet,,,2-1765,Årjäng (S),2-17,Värmlands län (S),1,2005
V483897,,2005.07.28,Ja,2005.07.28,,,Får,,,,2005.07.26,2005.07.28,Nej,Fredat vilt,Varg,,Bete innanför stängsel,Fältkontroll - LST,Bedömd som säker,2-1864,SV Bångbro,6636347,1458327,6634090,503463,6636347,1458327,RT90,Mindre bra,2005.07.28,Nej,,Ja,2017.12.14,,,3,2,0,0,0,0,3,0,0,0,0,0,0,0,0,0,0,0,0,0,0,0,0,0,0,0,0,0,0,0,0,Historiska data - ej angivet,,,2-1864,Ljusnarsberg (S),2-18,Örebro län (S),8,2005
V483720,,2005.07.30,Ja,2005.07.30,,,Får,,,,2005.07.30,2005.07.30,Nej,Fredat vilt,Varg,,Bete utan stängsel,Fältkontroll - LST,Bedömd som säker,2-1783,Patrikstorp,6664222,1361345,6660768,406195,6664222,1361345,RT90,Mindre bra,2005.07.30,Nej,,Ja,2017.12.14,,,0,0,0,0,0,0,1,0,0,0,0,0,0,0,0,0,0,0,0,0,0,0,0,0,0,0,0,0,0,0,0,Historiska data - ej angivet,,,2-1783,Hagfors (S),2-17,Värmlands län (S),1,2005
V483900,,2005.08.07,Ja,2005.08.07,,,Får,,Annan,Blandras,2005.08.06,2005.08.07,Nej,Fredat vilt,Varg,,Bete innanför stängsel,Fältkontroll - LST,Bedömd som säker,2-1864,Gustavsdal,6636183,1458520,6633928,503658,6636183,1458520,RT90,Mindre bra,2005.08.07,Nej,,Ja,2017.12.14,,,0,3,0,0,0,0,2,1,0,0,0,0,0,0,0,0,0,0,0,0,0,0,0,0,0,0,0,0,0,0,0,Historiska data - ej angivet,,,2-1864,Ljusnarsberg (S),2-18,Örebro län (S),6,2005
V484020,,2005.08.11,Ja,2005.08.11,,,Får,,,,2005.08.11,2005.08.11,Nej,Fredat vilt,Varg,,Bete innanför stängsel,Fältkontroll - LST,Bedömd som säker,2-1737,Åsteby,6685482,1346657,6681836,391257,6685482,1346657,RT90,Mindre bra,2005.08.11,Nej,,Ja,2017.12.14,,,1,0,0,0,0,0,0,0,0,0,1,0,0,0,0,0,0,0,0,0,0,0,0,0,0,0,0,0,0,0,0,Historiska data - ej angivet,,,2-1737,Torsby (S),2-17,Värmlands län (S),2,2005
V483914,,2005.08.13,Ja,2005.08.16,,,Får,,,,2005.08.12,2005.08.13,Nej,Fredat vilt,Varg,,Bete utan stängsel,Fältkontroll - LST,Bedömd som säker,2-2034,Kruppa,6782282,1454653,6779906,498004,6782282,1454653,RT90,Mindre bra,2005.08.16,Nej,,Ja,2017.12.14,,,0,0,0,6,0,0,0,0,0,0,0,0,0,0,0,0,0,0,0,0,0,0,0,4,0,0,0,0,0,0,0,Historiska data - ej angivet,,,2-2034,Orsa (S),2-20,Dalarnas län (S),10,2005
V483915,,2005.08.14,Ja,2005.08.14,,,Får,,,,2005.08.14,2005.08.14,Nej,Fredat vilt,Varg,,Bete innanför stängsel,Fältkontroll - LST,Bedömd som säker,2-2034,Täktsberg,6782220,1459020,6779898,502370,6782220,1459020,RT90,Mindre bra,2005.08.14,Nej,,Ja,2017.12.14,,,1,0,0,0,3,0,0,0,0,0,0,0,0,0,0,0,0,0,0,0,0,0,0,0,1,0,0,0,0,0,0,Historiska data - ej angivet,,,2-2034,Orsa (S),2-20,Dalarnas län (S),5,2005
V484080,,2005.08.23,Ja,2005.08.23,,,Får,,,,2005.08.23,2005.08.23,Nej,Fredat vilt,Varg,,Bete utan stängsel,Fältkontroll - LST,Bedömd som säker,2-2034,Östra Grunuberg,6777055,1449281,6774616,492699,6777055,1449281,RT90,Mindre bra,2005.08.23,Nej,,Ja,2017.12.14,,,1,0,0,0,0,0,1,0,0,0,0,0,0,0,0,0,0,0,0,0,0,0,0,0,0,0,4,2,0,0,0,Historiska data - ej angivet,,,2-2034,Orsa (S),2-20,Dalarnas län (S),8,2005
V480110,,2005.08.26,Ja,2005.08.26,,,Får,,Annan,Blandras,2005.08.22,2005.08.26,Nej,Fredat vilt,Varg,,Bete innanför stängsel,Fältkontroll - LST,Bedömd som säker,2-2121,Älvkarhed,6799400,1509800,6797696,552914,6799400,1509800,RT90,Mindre bra,2005.08.26,Nej,,Ja,2017.12.14,,,2,11,0,0,0,0,6,0,0,0,1,1,0,0,0,0,0,0,0,0,0,0,0,0,0,0,0,0,0,0,0,Historiska data - ej angivet,,,2-2121,Ovanåker (S),2-21,Gävleborgs län (S),21,2005
V483942,,2005.08.31,Ja,2005.08.31,,,Får,,Annan,Texel fin ull,2005.08.31,2005.08.31,Nej,Fredat vilt,Varg,,Bete innanför stängsel,Fältkontroll - LST,Bedömd som säker,2-2121,Skalen,6797900,1502400,6796106,545535,6797900,1502400,RT90,Mindre bra,2005.08.31,Nej,,Ja,2017.12.14,,,0,0,0,3,0,0,0,0,0,0,0,0,0,0,0,0,0,0,0,0,0,0,0,0,0,0,0,0,0,0,0,Historiska data - ej angivet,,,2-2121,Ovanåker (S),2-21,Gävleborgs län (S),3,2005
V483729,,2005.09.05,Ja,2005.09.06,,,Får,,Annan,blandras,2005.08.30,2005.09.05,Nej,Fredat vilt,Varg,,Bete innanför stängsel,Fältkontroll - LST,Bedömd som säker,2-1864,Utanäng,6635800,1458747,6633548,503889,6635800,1458747,RT90,Mindre bra,2005.09.06,Nej,,Ja,2017.12.14,,,1,0,0,0,0,0,1,0,0,0,0,0,0,0,0,0,0,0,0,0,0,1,0,0,0,0,0,0,0,0,0,Historiska data - ej angivet,,,2-1864,Ljusnarsberg (S),2-18,Örebro län (S),3,2005
V483925,,2005.09.10,Ja,2005.09.11,,,Får,,Annan,Texel,2005.09.10,2005.09.12,Nej,Fredat vilt,Varg,,Bete innanför stängsel,Fältkontroll - LST,Bedömd som säker,2-2121,Kammahav,6795300,1504400,6793531,547567,6795300,1504400,RT90,Mindre bra,2005.09.11,Nej,,Ja,2017.12.14,,,0,2,0,0,0,0,4,0,0,0,0,1,0,1,0,0,0,0,0,0,0,0,0,0,0,0,0,0,0,0,0,Historiska data - ej angivet,,,2-2121,Ovanåker (S),2-21,Gävleborgs län (S),8,2005
V483728,,2005.09.11,Ja,2005.09.11,,,Får,,,,2005.09.09,2005.09.10,Nej,Fredat vilt,Varg,,Bete innanför stängsel,Fältkontroll - LST,Bedömd som säker,2-2031,Dådran,6757400,1486200,6755425,529842,6757400,1486200,RT90,Mindre bra,2005.09.11,Nej,,Ja,2017.12.14,,,0,0,0,0,0,0,1,0,0,0,0,0,0,0,0,0,0,0,0,0,1,0,0,0,0,0,1,0,0,0,0,Historiska data - ej angivet,,,2-2031,Rättvik (S),2-20,Dalarnas län (S),3,2005
V483924,,2005.09.20,Ja,2005.09.20,,,Får,,,,2005.09.19,2005.09.20,Nej,Fredat vilt,Varg,,Bete utan stängsel,Fältkontroll - LST,Bedömd som säker,2-1737,"Metbäcken, Östmark",6693800,1331900,6689969,376407,6693800,1331900,RT90,Mindre bra,2005.09.20,Nej,,Ja,2017.12.14,,,0,0,0,0,0,0,1,0,0,0,0,0,0,0,0,0,0,0,0,0,0,0,0,0,0,0,0,0,0,0,0,Historiska data - ej angivet,,,2-1737,Torsby (S),2-17,Värmlands län (S),1,2005
V483959,,2005.09.27,Ja,2005.09.27,,,Får,,,,2005.09.26,2005.09.27,Nej,Fredat vilt,Varg,,Bete innanför stängsel,Fältkontroll - LST,Bedömd som säker,2-1782,Bålbäcken,6612500,1402200,6609574,447655,6612500,1402200,RT90,Mindre bra,2005.09.27,Nej,,Ja,2017.12.14,,,0,0,0,1,0,0,0,0,0,0,0,0,0,0,0,0,0,0,0,0,0,0,0,0,0,0,0,0,0,0,0,Historiska data - ej angivet,,,2-1782,Filipstad (S),2-17,Värmlands län (S),1,2005
V483960,,2005.09.27,Ja,2005.09.27,,,Får,,Annan,X,2005.09.26,2005.09.27,Nej,Fredat vilt,Varg,,Bete utan stängsel,Fältkontroll - LST,Bedömd som säker,2-1737,Trång,6694030,1348020,6690395,392514,6694030,1348020,RT90,Mindre bra,2005.09.27,Nej,,Ja,2017.12.14,,,0,0,0,0,0,0,1,0,0,0,0,0,0,0,0,0,0,0,0,0,0,0,0,0,0,0,0,0,0,0,0,Historiska data - ej angivet,,,2-1737,Torsby (S),2-17,Värmlands län (S),1,2005
V483961,,2005.09.30,Ja,2005.10.01,,,Får,,Annan,X,2005.09.29,2005.09.30,Nej,Fredat vilt,Varg,,Bete utan stängsel,Fältkontroll - LST,Bedömd som säker,2-1737,Trång,6694030,1348030,6690396,392524,6694030,1348030,RT90,Mindre bra,2005.10.01,Nej,,Ja,2017.12.14,,,1,1,0,0,0,0,1,0,0,0,0,0,0,0,0,0,0,0,0,0,0,0,0,0,0,0,0,0,0,0,0,Historiska data - ej angivet,,,2-1737,Torsby (S),2-17,Värmlands län (S),3,2005
V484089,,2005.10.07,Ja,2005.10.07,,,Får,,,,2005.10.06,2005.10.07,Nej,Fredat vilt,Varg,,Bete innanför stängsel,Fältkontroll - LST,Bedömd som säker,2-1864,Rällen,6630807,1458363,6628553,503566,6630807,1458363,RT90,Mindre bra,2005.10.07,Nej,,Ja,2017.12.14,,,0,0,0,0,0,0,1,0,0,0,0,0,0,0,0,0,0,0,0,0,0,0,0,0,0,0,0,0,0,0,0,Historiska data - ej angivet,,,2-1864,Ljusnarsberg (S),2-18,Örebro län (S),1,2005
V483616,,2005.10.21,Ja,2005.10.22,,,Får,,,,2005.10.20,2005.10.21,Nej,Fredat vilt,Varg,,Bete innanför stängsel,Fältkontroll - LST,Bedömd som säker,2-1737,"Lämbacken, Östmark",6691520,1328224,6687645,372761,6691520,1328224,RT90,Mindre bra,2005.10.22,Nej,,Ja,2017.12.14,,,2,0,0,0,0,0,0,0,0,0,0,0,0,0,0,0,0,0,0,0,0,0,0,0,0,0,0,0,0,0,0,Historiska data - ej angivet,,,2-1737,Torsby (S),2-17,Värmlands län (S),2,2005
V484248,,2005.10.21,Ja,2005.10.22,,,Får,,Annan,texel X,2005.10.20,2005.10.21,Nej,Fredat vilt,Varg,,Bete innanför stängsel,Fältkontroll - LST,Bedömd som säker,2-1737,Lämbacken Östmark,6691520,1328224,6687645,372761,6691520,1328224,RT90,Mindre bra,2005.10.22,Nej,,Ja,2017.12.14,,,1,2,0,0,0,0,1,0,0,0,0,0,0,0,0,0,1,0,0,0,0,0,0,0,0,0,0,0,0,0,0,Historiska data - ej angivet,,,2-1737,Torsby (S),2-17,Värmlands län (S),5,2005
V484251,,2005.10.21,Ja,2005.10.21,,,Får,,Annan,blandras,2005.10.20,2005.10.20,Nej,Fredat vilt,Varg,,Bete innanför stängsel,Fältkontroll - LST,Bedömd som säker,2-1783,Lakheden,6653540,1379023,6650308,423993,6653540,1379023,RT90,Mindre bra,2005.10.21,Nej,,Ja,2017.12.14,,,2,0,0,0,0,0,3,0,0,0,0,0,0,0,0,0,0,0,0,0,0,0,0,0,0,0,0,0,0,0,0,Historiska data - ej angivet,,,2-1783,Hagfors (S),2-17,Värmlands län (S),5,2005
V484249,,2005.10.23,Ja,2005.10.23,,,Får,,,,2005.10.22,2005.10.23,Nej,Fredat vilt,Varg,,Bete innanför stängsel,Fältkontroll - LST,Bedömd som säker,2-2031,Lenåsen,6764236,1469796,6762056,513362,6764236,1469796,RT90,Mindre bra,2005.10.23,Nej,,Ja,2017.12.14,,,0,1,0,0,0,0,0,0,0,0,0,0,0,0,0,0,2,0,0,0,0,0,0,0,0,0,0,0,0,0,0,Historiska data - ej angivet,,,2-2031,Rättvik (S),2-20,Dalarnas län (S),3,2005
V484250,,2005.10.25,Ja,2005.10.26,,,Får,,Annan,X,2005.10.24,2005.10.25,Nej,Fredat vilt,Varg,,Bete utan stängsel,Fältkontroll - LST,Bedömd som säker,2-1737,Trång,6694030,1348030,6690396,392524,6694030,1348030,RT90,Mindre bra,2005.10.26,Nej,,Ja,2017.12.14,,,0,1,0,0,1,0,1,0,0,0,0,0,0,0,0,0,0,0,0,0,0,1,0,0,0,0,0,0,0,0,0,Historiska data - ej angivet,,,2-1737,Torsby (S),2-17,Värmlands län (S),4,2005
V483935,,2005.10.27,Ja,2005.10.31,,,Får,,,,2005.10.27,2005.10.27,Nej,Fredat vilt,Varg,,Bete innanför stängsel,Fältkontroll - LST,Bedömd som säker,2-1860,Skagersholm,6537957,1418413,6535268,464761,6537957,1418413,RT90,Mindre bra,2005.10.31,Nej,,Ja,2017.12.14,,,1,0,0,0,0,0,2,0,0,0,0,0,0,0,0,0,0,0,0,0,0,0,0,0,0,0,0,0,0,0,0,Historiska data - ej angivet,,,2-1860,Laxå (S),2-18,Örebro län (S),3,2005
V484095,,2005.11.05,Ja,2005.11.05,,,Får,,,,2005.11.04,2005.11.05,Nej,Fredat vilt,Varg,,Bete innanför stängsel,Fältkontroll - LST,Bedömd som säker,2-2031,Nedre Gärdsjö,6757000,1469000,6754814,512655,6757000,1469000,RT90,Mindre bra,2005.11.05,Nej,,Ja,2017.12.14,,,1,0,0,1,0,0,3,0,0,0,0,0,0,0,0,0,3,0,0,0,0,0,0,0,1,0,0,0,0,0,0,Historiska data - ej angivet,,,2-2031,Rättvik (S),2-20,Dalarnas län (S),9,2005
V483866,,2006.01.29,Ja,2006.04.17,,,Får,,,,2006.01.28,2006.01.29,Nej,Fredat vilt,Varg,,Bete innanför stängsel,Fältkontroll - LST,Bedömd som säker,2-1880,Fårhägn i Suttarboda,6576100,1448000,6573748,493872,6576100,1448000,RT90,Mindre bra,2006.04.17,Nej,,Ja,2017.12.14,,,4,5,0,0,0,0,2,0,0,0,0,0,0,0,0,0,0,0,0,0,0,0,0,0,0,0,0,0,0,0,0,Historiska data - ej angivet,,,2-1880,Örebro (S),2-18,Örebro län (S),11,2006
V483907,,2006.01.30,Ja,2006.01.30,,,Får,,,,2006.01.29,2006.01.30,Nej,Fredat vilt,Varg,,Bete innanför stängsel,Fältkontroll - LST,Bedömd som säker,2-1880,Fårhägn vid Suttarboda,6576100,1448000,6573748,493872,6576100,1448000,RT90,Mindre bra,2006.01.30,Nej,,Ja,2017.12.14,,,2,1,0,0,0,0,1,0,0,0,0,0,0,0,0,0,0,0,0,0,0,0,0,0,0,0,0,0,0,0,0,Historiska data - ej angivet,,,2-1880,Örebro (S),2-18,Örebro län (S),4,2006
V483851,,2006.04.19,Ja,2006.04.19,,,Får,,,,2006.04.18,2006.04.19,Nej,Fredat vilt,Varg,,Bete utan stängsel,Fältkontroll - LST,Bedömd som säker,2-1783,Björklångsberg,6664064,1361435,6660612,406287,6664064,1361435,RT90,Mindre bra,2006.04.19,Nej,,Ja,2017.12.14,,,0,1,0,0,0,0,0,1,0,0,0,0,0,0,0,0,0,0,0,0,0,0,0,0,0,0,0,0,0,0,0,Historiska data - ej angivet,,,2-1783,Hagfors (S),2-17,Värmlands län (S),2,2006
V483857,,2006.06.01,Ja,2006.06.01,,,Får,,,,2006.05.31,2006.06.01,Nej,Fredat vilt,Varg,,Bete innanför stängsel,Fältkontroll - LST,Bedömd som säker,2-1781,Kolerud,6552570,1410673,6549780,456849,6552570,1410673,RT90,Mindre bra,2006.06.01,Nej,,Ja,2017.12.14,,,2,1,0,18,0,0,0,0,0,0,0,0,0,2,0,0,0,0,0,0,0,0,0,0,0,0,0,0,0,0,0,Historiska data - ej angivet,,,2-1781,Kristinehamn (S),2-17,Värmlands län (S),23,2006
V483595,,2006.06.14,Ja,2006.06.14,,,Får,,,,2006.06.13,2006.06.14,Nej,Fredat vilt,Varg,,Bete utan stängsel,Fältkontroll - LST,Bedömd som säker,2-1783,Patriktorp,6664163,1361510,6660712,406361,6664163,1361510,RT90,Mindre bra,2006.06.14,Nej,,Ja,2017.12.14,,,0,0,0,0,0,0,1,0,0,0,0,0,0,0,0,0,0,0,0,0,0,2,0,0,0,0,0,0,0,0,0,Historiska data - ej angivet,,,2-1783,Hagfors (S),2-17,Värmlands län (S),3,2006
V483736,,2006.06.23,Ja,2006.06.23,,,Får,,,,2006.06.22,2006.06.23,Nej,Fredat vilt,Varg,,Bete innanför stängsel,Fältkontroll - LST,Bedömd som säker,2-1737,Metbäcken,6692282,1331642,6688448,376168,6692282,1331642,RT90,Mindre bra,2006.06.23,Nej,,Ja,2017.12.14,,,1,3,0,0,0,0,1,0,0,0,1,0,0,0,0,0,1,0,0,0,0,0,0,0,0,0,0,0,0,0,0,Historiska data - ej angivet,,,2-1737,Torsby (S),2-17,Värmlands län (S),7,2006
V483626,,2006.07.10,Ja,2006.07.10,,,Får,,,,2006.07.09,2006.07.10,Nej,Fredat vilt,Varg,,Bete innanför stängsel,Fältkontroll - LST,Bedömd som säker,2-1737,Lekvattnet,6675927,1328099,6672061,372827,6675927,1328099,RT90,Mindre bra,2006.07.10,Nej,,Ja,2017.12.14,,,0,0,0,0,0,0,0,1,0,0,0,0,0,0,0,0,0,0,0,0,0,0,0,0,0,0,0,0,0,0,0,Historiska data - ej angivet,,,2-1737,Torsby (S),2-17,Värmlands län (S),1,2006
V483815,,2006.07.15,Ja,2006.07.15,,,Får,,Annan,X-ras,2006.07.15,2006.07.15,Nej,Fredat vilt,Varg,,Bete innanför stängsel,Fältkontroll - LST,Bedömd som säker,2-2080,Björsberg,6740620,1481617,6738597,525467,6740620,1481617,RT90,Mindre bra,2006.07.15,Nej,,Ja,2017.12.14,,,0,0,0,0,0,0,5,0,0,0,0,0,0,0,0,0,0,0,0,0,0,0,0,0,0,0,0,0,0,0,0,Historiska data - ej angivet,,,2-2080,Falun (S),2-20,Dalarnas län (S),5,2006
V483334,,2006.07.25,Ja,2006.07.25,,,Får,,,,2006.07.24,2006.07.24,Nej,Fredat vilt,Varg,,Bete utan stängsel,Fältkontroll - LST,Bedömd som säker,2-2080,Lumshedens fäbodar,6736449,1530113,6735023,573992,6736449,1530113,RT90,Mindre bra,2006.07.25,Nej,,Ja,2017.12.14,,,1,0,0,0,0,0,0,0,0,0,0,0,0,0,0,0,1,0,0,0,0,0,0,0,0,0,0,0,0,0,0,Historiska data - ej angivet,,,2-2080,Falun (S),2-20,Dalarnas län (S),2,2006
V483433,,2006.07.25,Ja,2006.07.26,,,Får,,,,2006.07.24,2006.07.25,Nej,Fredat vilt,Varg,,Bete innanför stängsel,Fältkontroll - LST,Bedömd som säker,2-1493,Siggaruds gård 1,6525552,1402259,6522675,448765,6525552,1402259,RT90,Mindre bra,2006.07.26,Nej,,Ja,2017.12.14,,,0,0,0,0,0,0,9,0,0,0,0,0,0,0,0,0,2,0,0,0,0,0,0,0,0,0,0,0,0,0,0,Historiska data - ej angivet,,,2-1493,Mariestad (S),2-14,Västra Götalands län (S),11,2006
V483429,,2006.07.26,Ja,2006.07.26,,,Får,,Annan,Vet ej,2006.07.25,2006.07.26,Nej,Fredat vilt,Varg,,Bete innanför stängsel,Fältkontroll - LST,Bedömd som säker,2-1438,Stora Säm,6565500,1270800,6561012,316908,6565500,1270800,RT90,Mindre bra,2006.07.26,Nej,,Ja,2017.12.14,,,2,1,0,0,0,0,0,0,0,0,0,0,0,0,0,0,1,0,0,0,0,0,0,0,0,0,0,0,0,0,0,Historiska data - ej angivet,,,2-1438,Dals-Ed (S),2-14,Västra Götalands län (S),4,2006
V483638,,2006.08.06,Ja,2006.08.08,,,Får,,Annan,Gute,2006.07.31,2006.08.01,Nej,Fredat vilt,Varg,,Bete utan stängsel,Fältkontroll - LST,Bedömd som säker,2-2080,Kurbergets fäbod,6753800,1501300,6752012,544979,6753800,1501300,RT90,Mindre bra,2006.08.08,Nej,,Ja,2017.12.14,,,0,1,0,0,0,0,0,0,0,0,0,0,0,0,0,0,0,0,0,0,0,1,0,0,0,0,0,0,0,0,0,Historiska data - ej angivet,,,2-2080,Falun (S),2-20,Dalarnas län (S),2,2006
V483418,,2006.08.09,Ja,2006.08.09,,,Får,,Annan,Texel,2006.08.08,2006.08.09,Nej,Fredat vilt,Varg,,Bete innanför stängsel,Fältkontroll - LST,Bedömd som säker,2-2080,Björkboda,6746200,1492710,6744310,536486,6746200,1492710,RT90,Mindre bra,2006.08.09,Nej,,Ja,2017.12.14,,,4,5,0,3,0,0,3,0,0,0,0,1,0,0,0,0,0,0,0,0,0,0,0,0,0,0,0,0,0,0,0,Historiska data - ej angivet,,,2-2080,Falun (S),2-20,Dalarnas län (S),16,2006
V483780,,2006.08.10,Ja,2006.08.10,,,Får,,,,2006.08.10,2006.08.10,Nej,Fredat vilt,Varg,,Bete innanför stängsel,Fältkontroll - LST,Bedömd som säker,2-1439,Järbo,6517700,1288800,6513463,335472,6517700,1288800,RT90,Mindre bra,2006.08.10,Nej,,Ja,2017.12.14,,,0,1,0,0,0,0,0,0,0,0,1,0,0,0,0,0,0,0,0,0,0,0,0,1,0,0,0,0,0,0,0,Historiska data - ej angivet,,,2-1439,Färgelanda (S),2-14,Västra Götalands län (S),3,2006
V483781,,2006.08.11,Ja,2006.08.11,,,Får,,,,2006.08.10,2006.08.11,Nej,Fredat vilt,Varg,,Bete innanför stängsel,Fältkontroll - LST,Bedömd som säker,2-1765,Bön,6620256,1277755,6615814,323195,6620256,1277755,RT90,Mindre bra,2006.08.11,Nej,,Ja,2017.12.14,,,0,2,0,0,0,0,3,0,0,0,0,0,0,0,0,0,0,0,0,0,0,0,0,0,0,0,0,0,0,0,0,Historiska data - ej angivet,,,2-1765,Årjäng (S),2-17,Värmlands län (S),5,2006
V483755,,2006.08.12,Ja,2006.08.12,,,Får,,Annan,Lantras,2006.08.03,2006.08.12,Nej,Fredat vilt,Varg,,Bete utan stängsel,Fältkontroll - LST,Bedömd som säker,2-2080,Alderbacka fäbodar,6753100,1503000,6751333,546687,6753100,1503000,RT90,Mindre bra,2006.08.12,Nej,,Ja,2017.12.14,,,0,0,0,0,0,0,1,0,0,0,0,0,0,0,0,0,0,0,0,0,0,0,0,0,0,0,1,0,0,0,0,Historiska data - ej angivet,,,2-2080,Falun (S),2-20,Dalarnas län (S),2,2006
V480119,,2006.08.16,Ja,2006.08.16,,,Får,,,,2006.08.16,2006.08.16,Nej,Fredat vilt,Varg,,Bete innanför stängsel,Fältkontroll - LST,Bedömd som säker,2-1439,Järbo,6517700,1288800,6513463,335472,6517700,1288800,RT90,Mindre bra,2006.08.16,Nej,,Ja,2017.12.14,,,0,0,0,0,0,0,1,0,0,0,0,0,0,0,0,0,0,0,0,0,0,0,0,0,0,0,0,0,0,0,0,Historiska data - ej angivet,,,2-1439,Färgelanda (S),2-14,Västra Götalands län (S),1,2006
V483757,,2006.08.25,Ja,2006.08.25,,,Får,,,,2006.08.24,2006.08.25,Nej,Fredat vilt,Varg,,Bete innanför stängsel,Fältkontroll - LST,Bedömd som säker,2-1447,"Gullspång, Lökstad",6542996,1402841,6540117,449137,6542996,1402841,RT90,Mindre bra,2006.08.25,Nej,,Ja,2017.12.14,,,0,0,0,0,0,0,2,0,0,0,1,2,0,0,0,0,2,0,0,0,1,1,0,0,0,0,1,1,0,0,0,Historiska data - ej angivet,,,2-1447,Gullspång (S),2-14,Västra Götalands län (S),11,2006
V483753,,2006.08.26,Ja,2006.08.26,,,Får,,Annan,Gute,2006.08.24,2006.08.26,Nej,Fredat vilt,Varg,,Bete innanför stängsel,Fältkontroll - LST,Bedömd som säker,2-1490,"Nilsagården, Vämmenhult, Bredared",6415839,1322708,6412077,370576,6415839,1322708,RT90,Mindre bra,2006.08.26,Nej,,Ja,2017.12.14,,,0,0,0,0,0,0,0,1,0,0,0,0,0,0,0,0,0,0,0,0,0,0,0,0,0,0,0,0,0,0,0,Historiska data - ej angivet,,,2-1490,Borås (S),2-14,Västra Götalands län (S),1,2006
V483758,,2006.08.26,Ja,2006.08.26,,,Får,,,,2006.08.24,2006.08.26,Nej,Fredat vilt,Varg,,Bete innanför stängsel,Fältkontroll - LST,Bedömd som säker,2-1447,Lökstad. Gullspång,6543181,1402870,6540302,449163,6543181,1402870,RT90,Mindre bra,2006.08.26,Nej,,Ja,2017.12.14,,,0,0,0,0,0,0,0,0,0,0,1,0,0,0,0,0,1,0,0,0,0,0,0,0,0,0,0,0,0,0,0,Historiska data - ej angivet,,,2-1447,Gullspång (S),2-14,Västra Götalands län (S),2,2006
V483440,,2006.08.29,Ja,2006.08.29,,,Får,,Annan,Lantras,2006.08.28,2006.08.29,Nej,Fredat vilt,Varg,,Bete innanför stängsel,Fältkontroll - LST,Bedömd som säker,2-2080,Självbo,6738300,1477800,6736231,521680,6738300,1477800,RT90,Mindre bra,2006.08.29,Nej,,Ja,2017.12.14,,,0,2,0,0,0,0,0,0,0,0,0,0,0,0,0,0,0,0,0,0,0,0,0,0,0,0,0,0,0,0,0,Historiska data - ej angivet,,,2-2080,Falun (S),2-20,Dalarnas län (S),2,2006
V483443,,2006.08.31,Ja,2006.09.01,,,Får,,Annan,Blandras,2006.08.30,2006.08.31,Nej,Fredat vilt,Varg,,Bete innanför stängsel,Fältkontroll - LST,Bedömd som säker,2-2080,Skärbacken,6732400,1478400,6730341,522353,6732400,1478400,RT90,Mindre bra,2006.09.01,Nej,,Ja,2017.12.14,,,1,0,0,0,0,0,1,0,0,0,0,0,0,0,0,0,0,0,0,0,0,0,0,0,0,0,0,0,0,0,0,Historiska data - ej angivet,,,2-2080,Falun (S),2-20,Dalarnas län (S),2,2006
V483601,,2006.09.02,Ja,2006.09.02,,,Får,,Annan,Blandras,2006.09.01,2006.09.02,Nej,Fredat vilt,Varg,,Bete innanför stängsel,Fältkontroll - LST,Bedömd som säker,2-2080,Skärbacken,6732400,1477700,6730332,521653,6732400,1477700,RT90,Mindre bra,2006.09.02,Nej,,Ja,2017.12.14,,,0,0,0,1,0,0,1,0,0,0,0,0,0,0,0,0,0,0,0,0,0,0,0,0,0,0,0,0,0,0,0,Historiska data - ej angivet,,,2-2080,Falun (S),2-20,Dalarnas län (S),2,2006
V483286,,2006.09.08,Ja,2006.09.28,,,Får,,,,2006.09.08,2006.09.08,Nej,Fredat vilt,Varg,,Bete innanför stängsel,Fältkontroll - LST,Bedömd som säker,2-1862,Lämås,6545000,1418400,6542307,464663,6545000,1418400,RT90,Mindre bra,2006.09.28,Nej,,Ja,2017.12.14,,,0,0,0,0,0,0,1,0,0,0,0,0,0,0,0,0,0,0,0,0,0,0,0,0,0,0,0,0,0,0,0,Historiska data - ej angivet,,,2-1862,Degerfors (S),2-18,Örebro län (S),1,2006
V483683,,2006.09.08,Ja,2006.09.08,,,Får,,Annan,Blandras,2006.09.07,2006.09.08,Nej,Fredat vilt,Varg,,Bete innanför stängsel,Fältkontroll - LST,Bedömd som säker,2-2080,Backabro,6733500,1496100,6731658,540031,6733500,1496100,RT90,Mindre bra,2006.09.08,Nej,,Ja,2017.12.14,,,0,1,0,0,0,0,0,0,0,0,0,0,0,0,0,0,0,0,0,0,0,0,0,0,0,0,0,0,0,0,0,Historiska data - ej angivet,,,2-2080,Falun (S),2-20,Dalarnas län (S),1,2006
V483684,,2006.09.09,Ja,2006.09.09,,,Får,,Annan,Svea,2006.09.09,2006.09.09,Nej,Fredat vilt,Varg,,Bete innanför stängsel,Fältkontroll - LST,Bedömd som säker,2-2080,Björsberg,6739900,1481600,6737877,525459,6739900,1481600,RT90,Mindre bra,2006.09.09,Nej,,Ja,2017.12.14,,,5,0,0,2,0,0,4,0,0,0,0,0,0,0,0,0,0,0,0,0,0,0,0,0,0,0,0,0,0,0,0,Historiska data - ej angivet,,,2-2080,Falun (S),2-20,Dalarnas län (S),11,2006
V483686,,2006.09.11,Ja,2006.09.11,,,Får,,Annan,Blandras,2006.09.10,2006.09.11,Nej,Fredat vilt,Varg,,Bete innanför stängsel,Fältkontroll - LST,Bedömd som säker,2-2080,Bjursås,6736400,1478400,6734339,522303,6736400,1478400,RT90,Mindre bra,2006.09.11,Nej,,Ja,2017.12.14,,,0,2,0,0,0,0,0,0,0,0,0,0,0,0,0,0,0,0,0,0,0,0,0,0,0,0,0,0,0,0,0,Historiska data - ej angivet,,,2-2080,Falun (S),2-20,Dalarnas län (S),2,2006
V483521,,2006.09.14,Ja,2006.09.15,,,Får,,,,2006.09.13,2006.09.14,Nej,Fredat vilt,Varg,,Bete utan stängsel,Fältkontroll - LST,Bedömd som säker,2-2080,Lumshedens fäbod,6736449,1530113,6735023,573992,6736449,1530113,RT90,Mindre bra,2006.09.15,Nej,,Ja,2017.12.14,,,0,0,0,0,0,0,3,0,0,0,0,0,0,0,0,0,0,0,0,0,0,0,0,0,0,0,0,0,0,0,0,Historiska data - ej angivet,,,2-2080,Falun (S),2-20,Dalarnas län (S),3,2006
V483603,,2006.09.15,Ja,2006.09.15,,,Får,,,,2006.09.14,2006.09.15,Nej,Fredat vilt,Varg,,Bete innanför stängsel,Fältkontroll - LST,Bedömd som säker,2-1461,Ed,6512400,1296300,6508257,343030,6512400,1296300,RT90,Mindre bra,2006.09.15,Nej,,Ja,2017.12.14,,,0,2,0,0,0,0,0,0,0,0,0,5,0,0,0,0,0,0,0,0,0,0,0,0,0,0,0,0,0,0,0,Historiska data - ej angivet,,,2-1461,Mellerud (S),2-14,Västra Götalands län (S),7,2006
V483497,,2006.09.19,Ja,2006.09.19,,,Får,,,,2006.09.18,2006.09.19,Nej,Fredat vilt,Varg,,Bete innanför stängsel,Fältkontroll - LST,Bedömd som säker,2-1783,Västansjö,6673628,1366157,6670227,410889,6673628,1366157,RT90,Mindre bra,2006.09.19,Nej,,Ja,2017.12.14,,,1,0,0,0,0,0,0,0,0,0,2,0,0,0,0,0,0,0,0,0,0,0,0,0,0,0,0,0,0,0,0,Historiska data - ej angivet,,,2-1783,Hagfors (S),2-17,Värmlands län (S),3,2006
V483458,,2006.09.25,Ja,2006.09.26,,,Får,,,,2006.09.25,2006.09.25,Nej,Fredat vilt,Varg,,Bete innanför stängsel,Fältkontroll - LST,Bedömd som säker,2-1730,Nyhem,6618432,1292914,6614175,338365,6618432,1292914,RT90,Mindre bra,2006.09.26,Nej,,Ja,2017.12.14,,,0,3,0,0,0,0,0,0,0,0,0,0,0,0,0,0,0,0,0,0,0,0,0,0,0,0,0,0,0,0,0,Historiska data - ej angivet,,,2-1730,Eda (S),2-17,Värmlands län (S),3,2006
V483602,,2006.09.29,Ja,2006.09.29,,,Får,,Annan,Värmlänska skogsfår,2006.09.27,2006.09.27,Nej,Fredat vilt,Varg,,Bete utan stängsel,Fältkontroll - LST,Bedömd som säker,2-2031,Lisskog,6751316,1472454,6749175,516177,6751316,1472454,RT90,Mindre bra,2006.09.29,Nej,,Ja,2017.12.14,,,0,0,0,0,0,0,1,0,0,0,0,0,0,0,0,0,0,0,0,0,0,0,0,0,0,0,0,0,0,0,0,Historiska data - ej angivet,,,2-2031,Rättvik (S),2-20,Dalarnas län (S),1,2006
V483643,,2006.10.05,Ja,2006.10.05,,,Får,,,,2006.10.05,2006.10.05,Nej,Fredat vilt,Varg,,Bete innanför stängsel,Fältkontroll - LST,Bedömd som säker,2-0331,Rödmossa 198,6661737,1556870,6660669,601652,6661737,1556870,RT90,Mindre bra,2006.10.05,Nej,,Ja,2017.12.14,,,0,0,0,0,0,0,1,0,0,0,0,0,0,0,0,0,0,0,0,0,0,0,0,0,0,0,0,0,0,0,0,Historiska data - ej angivet,,,2-0331,Heby (S),2-03,Uppsala län (S),1,2006
V483675,,2006.10.05,Ja,2006.10.06,,,Får,,Annan,Finull_ Texel.,2006.10.04,2006.10.05,Nej,Fredat vilt,Varg,,Bete innanför stängsel,Fältkontroll - LST,Bedömd som säker,2-0580,Bete vid gården,6492600,1483600,6490718,530460,6492600,1483600,RT90,Mindre bra,2006.10.06,Nej,,Ja,2017.12.14,,,0,0,0,0,0,0,1,0,0,0,0,0,0,0,0,0,3,0,0,0,0,0,0,0,0,0,0,0,0,0,0,Historiska data - ej angivet,,,2-0580,Linköping (S),2-05,Östergötlands län (S),4,2006
V483642,,2006.10.28,Ja,2006.10.28,,,Får,,Annan,Blandras,2006.10.27,2006.10.28,Nej,Fredat vilt,Varg,,Bete innanför stängsel,Fältkontroll - LST,Bedömd som säker,2-1438,Rot-Haget,6530000,1279900,6525647,326430,6530000,1279900,RT90,Mindre bra,2006.10.28,Nej,,Ja,2017.12.14,,,0,0,0,0,0,0,1,0,0,0,0,0,0,0,0,0,0,0,0,0,0,0,0,0,0,0,0,0,0,0,0,Historiska data - ej angivet,,,2-1438,Dals-Ed (S),2-14,Västra Götalands län (S),1,2006
V483304,,2006.11.16,Ja,2006.11.17,,,Får,,Annan,Texel-Finull,2006.11.16,2006.11.16,Nej,Fredat vilt,Varg,,Bete innanför stängsel,Fältkontroll - LST,Bedömd som säker,2-0881,Köl,6291000,1512527,6289553,561770,6291000,1512527,RT90,Mindre bra,2006.11.17,Nej,,Ja,2017.12.14,,,0,0,0,0,0,0,1,0,0,0,0,0,0,0,0,0,0,0,0,0,0,0,0,0,0,0,0,0,0,0,0,Historiska data - ej angivet,,,2-0881,Nybro (S),2-08,Kalmar län (S),1,2006
V480123,,2006.11.17,Ja,2006.11.17,,,Får,,,,2006.11.17,2006.11.17,Nej,Fredat vilt,Varg,,Bete innanför stängsel,Fältkontroll - LST,Bedömd som säker,2-1766,"Kärr, Brandsbol",6655520,1334437,6651744,379410,6655520,1334437,RT90,Mindre bra,2006.11.17,Nej,,Ja,2017.12.14,,,1,0,0,0,0,0,0,0,0,0,0,0,0,0,0,0,0,0,0,0,0,0,0,0,0,0,0,0,0,0,0,Historiska data - ej angivet,,,2-1766,Sunne (S),2-17,Värmlands län (S),1,2006
V483303,,2006.11.17,Ja,2006.11.20,,,Får,,Annan,Blandras,2006.11.15,2006.11.16,Nej,Fredat vilt,Varg,,Bete innanför stängsel,Fältkontroll - LST,Bedömd som säker,2-0767,Svenshult,6274410,1362700,6271210,412216,6274410,1362700,RT90,Mindre bra,2006.11.20,Nej,,Ja,2017.12.14,,,1,1,0,0,0,0,1,0,0,0,0,0,0,0,0,0,1,0,0,0,0,0,0,0,0,0,0,0,0,0,0,Historiska data - ej angivet,,,2-0767,Markaryd (S),2-07,Kronobergs län (S),4,2006
V483308,,2006.11.27,Ja,2006.11.28,,,Får,,Annan,Blandras,2006.11.26,2006.11.27,Nej,Fredat vilt,Varg,,Bete innanför stängsel,Fältkontroll - LST,Bedömd som säker,2-0580,Bete vid Sörgården,6492200,1488400,6490376,535263,6492200,1488400,RT90,Mindre bra,2006.11.28,Nej,,Ja,2017.12.14,,,0,0,0,0,0,0,1,0,0,0,0,0,0,0,0,0,0,0,0,0,0,0,0,0,0,0,0,0,0,0,0,Historiska data - ej angivet,,,2-0580,Linköping (S),2-05,Östergötlands län (S),1,2006
V483480,,2006.12.15,Ja,2006.12.15,,,Får,,Annan,Texel,2006.12.15,2006.12.15,Nej,Fredat vilt,Varg,,Bete innanför stängsel,Fältkontroll - LST,Bedömd som säker,2-0580,Bete vid gården,6493800,1491700,6492015,538542,6493800,1491700,RT90,Mindre bra,2006.12.15,Nej,,Ja,2017.12.14,,,0,1,0,0,0,0,0,0,0,0,0,0,0,0,0,0,0,0,0,0,0,0,0,0,0,0,0,0,0,0,0,Historiska data - ej angivet,,,2-0580,Linköping (S),2-05,Östergötlands län (S),1,2006
V483488,,2006.12.29,Ja,2006.12.31,,,Får,,Annan,Blandras,2006.12.28,2006.12.29,Nej,Fredat vilt,Varg,,Bete innanför stängsel,Fältkontroll - LST,Bedömd som säker,2-1439,Ed,6501000,1282900,6496704,329777,6501000,1282900,RT90,Mindre bra,2006.12.31,Nej,,Ja,2017.12.14,,,1,0,0,0,0,0,1,0,0,0,0,0,0,0,0,0,0,0,0,0,2,1,0,0,0,0,0,0,0,0,0,Historiska data - ej angivet,,,2-1439,Färgelanda (S),2-14,Västra Götalands län (S),5,2006
V483327,,2007.03.22,Ja,2007.03.22,,,Får,,Annan,Gutefår,2007.03.22,2007.03.22,Nej,Fredat vilt,Varg,,Bete innanför stängsel,Fältkontroll - LST,Bedömd som säker,2-1460,Reginebergs Gård,6522000,1293100,6517812,339717,6522000,1293100,RT90,Mindre bra,2007.03.22,Nej,,Ja,2017.12.14,,,4,4,0,0,1,0,6,0,0,0,0,0,0,0,0,0,0,0,0,0,0,0,0,0,0,0,0,0,0,0,0,Historiska data - ej angivet,,,2-1460,Bengtsfors (S),2-14,Västra Götalands län (S),15,2007
V483448,,2007.04.14,Ja,2007.04.14,,,Får,,Annan,Gute,2007.04.13,2007.04.14,Nej,Fredat vilt,Varg,,Bete innanför stängsel,Fältkontroll - LST,Bedömd som säker,2-0486,Härad,6582687,1562737,6581721,608478,6582687,1562737,RT90,Mindre bra,2007.04.14,Nej,,Ja,2017.12.14,,,0,0,0,0,0,0,1,0,0,0,0,0,0,0,0,0,0,0,0,0,0,0,0,0,0,0,0,0,0,0,0,Historiska data - ej angivet,,,2-0486,Strängnäs (S),2-04,Södermanlands län (S),1,2007
V483509,,2007.04.15,Ja,2007.04.17,,,Får,,Annan,Något dyrt,2007.04.14,2007.04.15,Nej,Fredat vilt,Varg,,Bete innanför stängsel,Fältkontroll - LST,Bedömd som säker,2-0486,Bergshammar Fogdö,6588170,1561200,6587183,606875,6588170,1561200,RT90,Mindre bra,2007.04.17,Nej,,Ja,2017.12.14,,,0,0,0,0,1,0,0,2,0,0,0,0,0,0,0,0,0,0,0,0,0,0,0,0,0,0,0,0,0,0,0,Historiska data - ej angivet,,,2-0486,Strängnäs (S),2-04,Södermanlands län (S),3,2007
V483529,,2007.05.02,Ja,2007.05.02,,,Får,,Annan,Texelkorsning,2007.05.01,2007.05.02,Nej,Fredat vilt,Varg,,Bete innanför stängsel,Fältkontroll - LST,Bedömd som säker,2-0380,Eka gård Hagby,6632045,1587761,6631364,632893,6632045,1587761,RT90,Mindre bra,2007.05.02,Nej,,Ja,2017.12.14,,,0,0,0,0,0,0,1,0,0,0,0,0,0,0,0,0,0,0,0,0,0,0,0,0,0,0,0,0,0,0,0,Historiska data - ej angivet,,,2-0380,Uppsala (S),2-03,Uppsala län (S),1,2007
V483176,,2007.05.20,Ja,2007.05.22,,,Får,,Annan,Lantraskorsning,2007.05.19,2007.05.20,Nej,Fredat vilt,Varg,,Bete innanför stängsel,Fältkontroll - LST,Bedömd som säker,2-0380,Sätrarna,6653951,1583028,6653204,627895,6653951,1583028,RT90,Mindre bra,2007.05.22,Nej,,Ja,2017.12.14,,,0,0,0,0,0,0,1,0,0,0,0,0,0,0,0,0,0,0,0,0,0,0,0,0,0,0,0,0,0,0,0,Historiska data - ej angivet,,,2-0380,Uppsala (S),2-03,Uppsala län (S),1,2007
V483182,,2007.05.26,Ja,2007.05.26,,,Får,,Annan,Köttras,2007.05.25,2007.05.26,Nej,Fredat vilt,Varg,,Bete innanför stängsel,Fältkontroll - LST,Bedömd som säker,2-1485,Fällan (Skråröd),6480300,1284000,6476031,331124,6480300,1284000,RT90,Mindre bra,2007.05.26,Nej,,Ja,2017.12.14,,,1,1,0,0,0,0,1,0,0,0,0,1,0,0,0,0,1,0,0,0,0,0,0,0,0,0,0,0,0,0,0,Historiska data - ej angivet,,,2-1485,Uddevalla (S),2-14,Västra Götalands län (S),5,2007
V483338,,2007.06.03,Ja,2007.06.03,,,Får,,Annan,Korsning,2007.06.02,2007.06.03,Nej,Fredat vilt,Varg,,Bete innanför stängsel,Fältkontroll - LST,Bedömd som säker,2-0380,Sätrarna,6653866,1583049,6653120,627917,6653866,1583049,RT90,Mindre bra,2007.06.03,Nej,,Ja,2017.12.14,,,0,0,0,0,0,0,0,0,0,0,0,0,0,0,0,0,0,0,0,0,0,1,0,0,0,0,0,0,0,0,0,Historiska data - ej angivet,,,2-0380,Uppsala (S),2-03,Uppsala län (S),1,2007
V483518,,2007.06.13,Ja,2007.06.16,,,Får,,Annan,korsning Finull o Texel,2007.06.12,2007.06.13,Nej,Fredat vilt,Varg,,Bete innanför stängsel,Fältkontroll - LST,Bedömd som säker,2-0380,nere vid ån Brotorpet,6650655,1587000,6649958,631906,6650655,1587000,RT90,Mindre bra,2007.06.16,Nej,,Ja,2017.12.14,,,1,0,0,0,0,0,0,0,0,0,0,0,0,0,0,0,0,1,0,0,0,0,0,0,0,0,0,0,0,0,0,Historiska data - ej angivet,,,2-0380,Uppsala (S),2-03,Uppsala län (S),2,2007
V483341,,2007.06.14,Ja,2007.06.14,,,Får,,Annan,Köttras,2007.06.13,2007.06.14,Nej,Fredat vilt,Varg,,Bete innanför stängsel,Fältkontroll - LST,Bedömd som säker,2-1485,"Håven, Lane Ryr",6479300,1283500,6475026,330637,6479300,1283500,RT90,Mindre bra,2007.06.14,Nej,,Ja,2017.12.14,,,1,1,0,0,0,0,0,0,0,0,0,0,0,0,0,0,0,0,0,0,0,0,0,0,0,0,0,0,0,0,0,Historiska data - ej angivet,,,2-1485,Uddevalla (S),2-14,Västra Götalands län (S),2,2007
V483408,,2007.06.16,Ja,2007.06.16,,,Får,,,,2007.06.15,2007.06.16,Nej,Fredat vilt,Varg,,Bete innanför stängsel,Fältkontroll - LST,Bedömd som säker,2-1781,Valunda Mossen,6556827,1404403,6553959,450531,6556827,1404403,RT90,Mindre bra,2007.06.16,Nej,,Ja,2017.12.14,,,2,1,0,0,0,0,7,0,0,0,0,0,0,0,0,0,0,0,0,0,1,2,0,0,0,0,0,0,0,0,0,Historiska data - ej angivet,,,2-1781,Kristinehamn (S),2-17,Värmlands län (S),13,2007
V483186,,2007.06.17,Ja,2007.06.18,,,Får,,Annan,Blandras,2007.06.16,2007.06.17,Nej,Fredat vilt,Varg,,Bete utan stängsel,Fältkontroll - LST,Bedömd som säker,2-2021,Blöta åkern,6689018,1414377,6686197,458894,6689018,1414377,RT90,Mindre bra,2007.06.18,Nej,,Ja,2017.12.14,,,0,1,0,0,0,0,0,0,0,0,0,3,0,0,0,0,0,0,0,0,0,0,0,0,0,0,0,0,0,0,0,Historiska data - ej angivet,,,2-2021,Vansbro (S),2-20,Dalarnas län (S),4,2007
V483353,,2007.06.21,Ja,2007.06.21,,,Får,,Annan,Blandras,2007.06.16,2007.06.17,Nej,Fredat vilt,Varg,,Bete utan stängsel,Fältkontroll - LST,Bedömd som säker,2-2021,Vid gården,6688908,1414117,6686084,458635,6688908,1414117,RT90,Mindre bra,2007.06.21,Nej,,Ja,2017.12.14,,,2,1,0,0,0,0,1,0,0,0,0,0,0,0,0,0,0,0,0,0,0,0,0,0,0,0,0,0,0,0,0,Historiska data - ej angivet,,,2-2021,Vansbro (S),2-20,Dalarnas län (S),4,2007
V483191,,2007.06.22,Ja,2007.06.22,,,Får,,Annan,päls,2007.06.21,2007.06.22,Nej,Fredat vilt,Varg,,Bete innanför stängsel,Fältkontroll - LST,Bedömd som säker,2-1764,Gansbyn,6599536,1337288,6595830,382939,6599536,1337288,RT90,Mindre bra,2007.06.22,Nej,,Ja,2017.12.14,,,0,1,0,0,0,0,0,0,0,0,0,0,0,0,0,0,0,0,0,0,1,0,0,0,0,0,0,0,0,0,0,Historiska data - ej angivet,,,2-1764,Grums (S),2-17,Värmlands län (S),2,2007
V483192,,2007.06.28,Ja,2007.06.28,,,Får,,Annan,Blandras,2007.06.28,2007.06.28,Nej,Fredat vilt,Varg,,Bete utan stängsel,Fältkontroll - LST,Bedömd som säker,2-2021,Syd väst om gården,6688876,1414059,6686052,458578,6688876,1414059,RT90,Mindre bra,2007.06.28,Nej,,Ja,2017.12.14,,,0,0,0,0,0,0,2,0,0,0,0,0,0,0,0,0,0,0,0,0,0,0,0,0,0,0,0,0,0,0,0,Historiska data - ej angivet,,,2-2021,Vansbro (S),2-20,Dalarnas län (S),2,2007
V483539,,2007.06.29,Ja,2007.06.29,,,Får,,Annan,Pälsfår,2007.06.28,2007.06.29,Nej,Fredat vilt,Varg,,Bete innanför stängsel,Fältkontroll - LST,Bedömd som säker,2-2104,Torsåker,6711561,1535810,6710215,579992,6711561,1535810,RT90,Mindre bra,2007.06.29,Nej,,Ja,2017.12.14,,,0,0,0,3,0,0,0,0,0,0,0,0,0,2,0,0,0,0,0,0,0,0,0,0,0,0,0,0,0,0,0,Historiska data - ej angivet,,,2-2104,Hofors (S),2-21,Gävleborgs län (S),5,2007
V483360,,2007.08.04,Ja,2007.08.04,,,Får,,Annan,Päls o köttfår,2007.08.03,2007.08.04,Nej,Fredat vilt,Varg,,Bete utan stängsel,Fältkontroll - LST,Bedömd som säker,2-2023,Råberget fäb.,6746493,1377255,6743185,421089,6746493,1377255,RT90,Mindre bra,2007.08.04,Nej,,Ja,2017.12.14,,,0,0,0,0,0,0,5,1,0,0,0,0,0,0,0,0,4,0,0,0,0,0,0,0,0,0,1,0,0,0,0,Historiska data - ej angivet,,,2-2023,Malung (S),2-20,Dalarnas län (S),11,2007
V483494,,2007.08.15,Ja,2007.08.16,,,Får,,Annan,korsning,2007.08.14,2007.08.15,Nej,Fredat vilt,Varg,,Bete innanför stängsel,Fältkontroll - LST,Bedömd som säker,2-0380,Sätrarna,6653913,1583235,6653169,628103,6653913,1583235,RT90,Mindre bra,2007.08.16,Nej,,Ja,2017.12.14,,,1,0,0,0,0,0,0,0,0,0,0,0,0,0,0,0,0,0,0,0,0,0,0,0,0,0,0,0,0,0,0,Historiska data - ej angivet,,,2-0380,Uppsala (S),2-03,Uppsala län (S),1,2007
V483165,,2007.08.22,Ja,2007.08.22,,,Får,,Annan,Blandras,2007.08.22,2007.08.22,Nej,Fredat vilt,Varg,,Bete innanför stängsel,Fältkontroll - LST,Bedömd som säker,2-1781,Skogagården,6566900,1410200,6564096,456203,6566900,1410200,RT90,Mindre bra,2007.08.22,Nej,,Ja,2017.12.14,,,3,1,0,13,0,0,0,0,0,0,2,0,0,1,0,0,0,0,0,0,5,0,0,0,0,0,0,0,0,0,0,Historiska data - ej angivet,,,2-1781,Kristinehamn (S),2-17,Värmlands län (S),25,2007
V483466,,2007.08.31,Ja,2007.08.31,,,Får,,,,2007.08.31,2007.08.31,Nej,Fredat vilt,Varg,,Bete utan stängsel,Fältkontroll - LST,Bedömd som säker,2-1737,Trång,6694288,1348176,6690655,392667,6694288,1348176,RT90,Mindre bra,2007.08.31,Nej,,Ja,2017.12.14,,,1,0,0,0,0,0,0,0,0,0,0,0,0,0,0,0,0,0,0,0,0,0,0,0,0,0,0,0,0,0,0,Historiska data - ej angivet,,,2-1737,Torsby (S),2-17,Värmlands län (S),1,2007
V483382,,2007.09.01,Ja,2007.09.01,,,Får,,,,2007.09.01,2007.09.01,Nej,Fredat vilt,Varg,,Bete innanför stängsel,Fältkontroll - LST,Bedömd som säker,2-1737,Sollnäs,6689597,1347587,6685960,392136,6689597,1347587,RT90,Mindre bra,2007.09.01,Nej,,Ja,2017.12.14,,,1,2,0,0,0,0,2,0,0,0,1,0,0,0,0,0,0,0,0,0,0,0,0,0,0,0,0,0,0,0,0,Historiska data - ej angivet,,,2-1737,Torsby (S),2-17,Värmlands län (S),6,2007
V483399,,2007.09.02,Ja,2007.09.03,,,Får,,,,2007.09.01,2007.09.01,Nej,Fredat vilt,Varg,,Bete utan stängsel,Fältkontroll - LST,Bedömd som säker,2-2034,Täcktsberg fäb,6782213,1458952,6779890,502302,6782213,1458952,RT90,Mindre bra,2007.09.03,Nej,,Ja,2017.12.14,,,2,1,0,0,0,0,1,0,0,0,0,0,0,0,0,0,0,0,0,0,2,2,0,0,0,0,0,0,0,0,0,Historiska data - ej angivet,,,2-2034,Orsa (S),2-20,Dalarnas län (S),8,2007
V483467,,2007.09.05,Ja,2007.09.05,,,Får,,,,2007.09.05,2007.09.05,Nej,Fredat vilt,Varg,,Bete utan stängsel,Fältkontroll - LST,Bedömd som säker,2-1737,Trång,6694288,1348176,6690655,392667,6694288,1348176,RT90,Mindre bra,2007.09.05,Nej,,Ja,2017.12.14,,,0,0,0,0,0,0,1,0,0,0,0,0,0,0,0,0,0,0,0,0,0,0,0,0,0,0,0,0,0,0,0,Historiska data - ej angivet,,,2-1737,Torsby (S),2-17,Värmlands län (S),1,2007
V483463,,2007.09.11,Ja,2007.09.17,,,Får,,Annan,Gotlandsfår,2007.09.07,2007.09.11,Nej,Fredat vilt,Varg,,Bete innanför stängsel,Fältkontroll - LST,Bedömd som säker,2-1439,Bronäset,6523470,1279147,6519113,325756,6523470,1279147,RT90,Mindre bra,2007.09.17,Nej,,Ja,2017.12.14,,,0,0,0,0,0,0,3,0,0,0,0,1,0,0,0,0,0,0,0,0,0,0,0,0,0,0,0,0,0,0,0,Historiska data - ej angivet,,,2-1439,Färgelanda (S),2-14,Västra Götalands län (S),4,2007
V483452,,2007.09.14,Ja,2007.09.14,,,Får,,Annan,Texel-Doreset,2007.09.14,2007.09.14,Nej,Fredat vilt,Varg,,Bete innanför stängsel,Fältkontroll - LST,Bedömd som säker,2-1439,Flatebyn,6518500,1276700,6514117,323371,6518500,1276700,RT90,Mindre bra,2007.09.14,Nej,,Ja,2017.12.14,,,0,0,0,2,0,0,2,0,0,0,0,0,0,0,0,0,0,0,0,0,0,0,0,0,0,0,0,0,0,0,0,Historiska data - ej angivet,,,2-1439,Färgelanda (S),2-14,Västra Götalands län (S),4,2007
V483046,,2007.09.22,Ja,2007.10.03,,,Får,,,,2007.09.21,2007.09.22,Nej,Fredat vilt,Varg,,Bete innanför stängsel,Fältkontroll - LST,Bedömd som säker,2-1485,Ängebacken,6475623,1279797,6471307,326980,6475623,1279797,RT90,Mindre bra,2007.10.03,Nej,,Ja,2017.12.14,,,0,0,0,0,0,0,0,1,0,0,0,0,0,0,0,0,0,0,0,0,0,0,0,0,0,0,0,0,0,0,0,Historiska data - ej angivet,,,2-1485,Uddevalla (S),2-14,Västra Götalands län (S),1,2007
V483045,,2007.10.01,Ja,2007.10.01,,,Får,,,,2007.10.01,2007.10.01,Nej,Fredat vilt,Varg,,Bete innanför stängsel,Fältkontroll - LST,Bedömd som säker,2-1485,Ängebacken,6475627,1279803,6471311,326986,6475627,1279803,RT90,Mindre bra,2007.10.01,Nej,,Ja,2017.12.14,,,0,1,0,0,0,0,0,0,0,0,0,0,0,0,0,0,0,0,0,0,0,0,0,0,0,0,0,0,0,0,0,Historiska data - ej angivet,,,2-1485,Uddevalla (S),2-14,Västra Götalands län (S),1,2007
V483202,,2007.10.04,Ja,2007.10.05,,,Får,,Annan,Oxford-Down,2007.10.03,2007.10.04,Nej,Fredat vilt,Varg,,Bete innanför stängsel,Fältkontroll - LST,Bedömd som säker,2-1465,Hällabäck,6352355,1344565,6348893,393173,6352355,1344565,RT90,Mindre bra,2007.10.05,Nej,,Ja,2017.12.14,,,0,0,0,0,0,0,0,1,0,0,0,0,0,0,0,0,0,0,0,0,0,0,0,0,0,0,0,0,0,0,0,Historiska data - ej angivet,,,2-1465,Svenljunga (S),2-14,Västra Götalands län (S),1,2007
V483055,,2007.10.06,Ja,2007.10.06,,,Får,,Annan,Texel/Finull,2007.10.06,2007.10.06,Nej,Fredat vilt,Varg,,Bete innanför stängsel,Fältkontroll - LST,Bedömd som säker,2-1485,Ängebacken,6475500,1279900,6471186,327085,6475500,1279900,RT90,Mindre bra,2007.10.06,Nej,,Ja,2017.12.14,,,0,1,0,0,0,0,0,0,0,0,0,0,0,0,0,0,0,0,0,0,0,0,0,0,0,0,0,0,0,0,0,Historiska data - ej angivet,,,2-1485,Uddevalla (S),2-14,Västra Götalands län (S),1,2007
V480131,,2007.10.07,Ja,2007.10.07,,,Får,,Annan,Lantras,2007.10.06,2007.10.07,Nej,Fredat vilt,Varg,,Bete innanför stängsel,Fältkontroll - LST,Bedömd som säker,2-2029,I hage vid gården,6734662,1457694,6732348,501629,6734662,1457694,RT90,Mindre bra,2007.10.07,Nej,,Ja,2017.12.14,,,1,0,0,0,0,0,1,0,0,0,0,0,0,0,0,0,0,0,0,0,1,0,0,0,0,0,1,0,0,0,0,Historiska data - ej angivet,,,2-2029,Leksand (S),2-20,Dalarnas län (S),4,2007
V483207,,2007.10.08,Ja,2007.10.08,,,Får,,,,2007.10.07,2007.10.08,Nej,Fredat vilt,Varg,,Bete innanför stängsel,Fältkontroll - LST,Bedömd som säker,2-1485,Ängebacken,6475600,1279800,6471284,326984,6475600,1279800,RT90,Mindre bra,2007.10.08,Nej,,Ja,2017.12.14,,,0,0,0,0,0,0,2,0,0,0,0,0,0,0,0,0,0,0,0,0,0,0,0,0,0,0,0,0,0,0,0,Historiska data - ej angivet,,,2-1485,Uddevalla (S),2-14,Västra Götalands län (S),2,2007
V483396,,2007.10.20,Ja,2007.11.04,,,Får,,Annan,Lantras,2007.10.06,2007.10.07,Nej,Fredat vilt,Varg,,Bete innanför stängsel,Fältkontroll - LST,Bedömd som säker,2-2029,I hage vid gården i Tibble,6734662,1457694,6732348,501629,6734662,1457694,RT90,Mindre bra,2007.11.04,Nej,,Ja,2017.12.14,,,1,0,0,0,0,0,1,0,0,0,0,0,0,0,0,0,0,0,0,0,1,0,0,0,0,0,1,0,0,0,0,Historiska data - ej angivet,,,2-2029,Leksand (S),2-20,Dalarnas län (S),4,2007
V483400,,2007.10.27,Ja,2007.10.27,,,Får,,Annan,Finull,2007.10.26,2007.10.27,Nej,Fredat vilt,Varg,,Bete innanför stängsel,Fältkontroll - LST,Bedömd som säker,2-1461,Funnebo,6524800,1297400,6520662,343981,6524800,1297400,RT90,Mindre bra,2007.10.27,Nej,,Ja,2017.12.14,,,2,0,0,0,0,0,8,0,0,0,1,0,0,0,0,0,0,0,0,0,0,0,0,0,0,0,0,0,0,0,0,Historiska data - ej angivet,,,2-1461,Mellerud (S),2-14,Västra Götalands län (S),11,2007
V483079,,2007.11.29,Ja,2007.11.29,,,Får,,,,2007.11.28,2007.11.29,Nej,Fredat vilt,Varg,,Bete innanför stängsel,Fältkontroll - LST,Bedömd som säker,2-1473,Halna Torp,6504339,1410240,6501570,456997,6504339,1410240,RT90,Mindre bra,2007.11.29,Nej,,Ja,2017.12.14,,,0,0,0,0,0,0,2,0,0,0,0,0,0,0,0,0,1,0,0,0,0,0,0,0,0,0,1,0,0,0,0,Historiska data - ej angivet,,,2-1473,Töreboda (S),2-14,Västra Götalands län (S),4,2007
V483342,,2008.05.14,Ja,2008.05.14,,,Får,,Annan,x,2008.05.13,2008.05.14,Nej,Fredat vilt,Varg,,Bete innanför stängsel,Fältkontroll - LST,Bedömd som säker,2-1730,N. Fjäll,6642812,1311071,6638760,356214,6642812,1311071,RT90,Mindre bra,2008.05.14,Nej,,Ja,2017.12.14,,,1,2,0,0,0,0,0,0,0,0,0,0,0,0,0,0,0,1,0,0,0,0,0,0,0,0,0,0,0,0,0,Historiska data - ej angivet,,,2-1730,Eda (S),2-17,Värmlands län (S),4,2008
V483138,,2008.06.08,Ja,2008.06.08,,,Får,,,,2008.06.05,2008.06.08,Nej,Fredat vilt,Varg,,Bete innanför stängsel,Fältkontroll - LST,Bedömd som säker,2-1904,Sunnanfors,6640500,1489300,6638618,534370,6640500,1489300,RT90,Mindre bra,2008.06.08,Nej,,Ja,2017.12.14,,,2,1,0,0,0,0,0,0,0,0,1,2,0,0,0,0,0,0,0,0,4,4,0,0,0,0,0,0,0,0,0,Historiska data - ej angivet,,,2-1904,Skinnskatteberg (S),2-19,Västmanlands län (S),14,2008
V483098,,2008.06.20,Ja,2008.06.20,,,Får,,,,2008.06.19,2008.06.20,Nej,Fredat vilt,Varg,,Bete innanför stängsel,Fältkontroll - LST,Bedömd som säker,2-1415,Tönneröd,6449005,1274850,6444649,322355,6449005,1274850,RT90,Mindre bra,2008.06.20,Nej,,Ja,2017.12.14,,,0,1,0,0,0,0,0,3,0,0,0,1,0,0,0,0,0,3,0,0,0,0,0,0,0,0,0,0,0,0,0,Historiska data - ej angivet,,,2-1415,Stenungsund (S),2-14,Västra Götalands län (S),8,2008
V483119,,2008.06.21,Ja,2008.06.21,,,Får,,,,2008.06.20,2008.06.21,Nej,Fredat vilt,Varg,,Bete innanför stängsel,Fältkontroll - LST,Bedömd som säker,2-1485,Käll,6462963,1272950,6458574,320290,6462963,1272950,RT90,Mindre bra,2008.06.21,Nej,,Ja,2017.12.14,,,2,2,0,0,0,0,6,0,0,0,0,0,0,0,0,0,0,0,0,0,2,3,0,0,0,0,0,0,0,0,0,Historiska data - ej angivet,,,2-1485,Uddevalla (S),2-14,Västra Götalands län (S),15,2008
V483120,,2008.06.24,Ja,2008.06.24,,,Får,,Annan,Rya,2008.06.23,2008.06.24,Nej,Fredat vilt,Varg,,Bete innanför stängsel,Fältkontroll - LST,Bedömd som säker,2-1485,"Backamo, Ljungskile",6457850,1276278,6453505,323677,6457850,1276278,RT90,Mindre bra,2008.06.24,Nej,,Ja,2017.12.14,,,3,0,0,0,0,0,2,0,0,0,0,0,0,0,0,0,0,0,0,0,0,0,0,0,0,0,0,0,0,0,0,Historiska data - ej angivet,,,2-1485,Uddevalla (S),2-14,Västra Götalands län (S),5,2008
V483280,,2008.07.02,Ja,2008.07.05,,,Får,,Annan,Pälsfår,2008.06.20,2008.07.02,Nej,Fredat vilt,Varg,,Bete innanför stängsel,Fältkontroll - LST,Bedömd som säker,2-1439,"Bronäset, Råggärd",6523400,1279100,6519042,325710,6523400,1279100,RT90,Mindre bra,2008.07.05,Nej,,Ja,2017.12.14,,,1,1,0,0,1,0,2,0,0,0,0,0,0,0,0,0,2,0,0,0,6,6,0,0,0,0,1,0,0,0,0,Historiska data - ej angivet,,,2-1439,Färgelanda (S),2-14,Västra Götalands län (S),20,2008
V483238,,2008.07.11,Ja,2008.07.11,,,Får,,,,2008.07.11,2008.07.11,Nej,Fredat vilt,Varg,,Bete innanför stängsel,Fältkontroll - LST,Bedömd som säker,2-1438,Ringstad,6527000,1272100,6522555,318672,6527000,1272100,RT90,Mindre bra,2008.07.11,Nej,,Ja,2017.12.14,,,0,0,0,7,0,0,0,0,0,0,0,0,0,0,0,0,0,0,0,0,0,0,0,0,0,0,0,0,0,0,0,Historiska data - ej angivet,,,2-1438,Dals-Ed (S),2-14,Västra Götalands län (S),7,2008
V483071,,2008.07.20,Ja,2008.07.20,,,Får,,Annan,Pälsfår,2008.07.19,2008.07.20,Nej,Fredat vilt,Varg,,Bete innanför stängsel,Fältkontroll - LST,Bedömd som säker,2-1462,Utby,6459903,1284463,6455654,331831,6459903,1284463,RT90,Mindre bra,2008.07.20,Nej,,Ja,2017.12.14,,,1,1,0,2,2,0,5,0,0,0,0,0,0,1,0,0,0,0,0,0,0,0,0,0,0,0,0,0,0,0,0,Historiska data - ej angivet,,,2-1462,LillaEdet (S),2-14,Västra Götalands län (S),12,2008
V483117,,2008.07.21,Ja,2008.07.21,,,Får,,Annan,Pälsfår,2008.07.20,2008.07.21,Nej,Fredat vilt,Varg,,Bete utan stängsel,Fältkontroll - LST,Bedömd som säker,2-2023,Lidsel,6736209,1371923,6732842,415886,6736209,1371923,RT90,Mindre bra,2008.07.21,Nej,,Ja,2017.12.14,,,0,0,0,0,0,0,1,0,0,0,0,0,0,0,0,0,0,0,0,0,0,0,0,0,0,0,0,0,0,0,0,Historiska data - ej angivet,,,2-2023,Malung (S),2-20,Dalarnas län (S),1,2008
V483136,,2008.07.21,Ja,2008.07.22,,,Får,,Annan,Gute,2008.07.20,2008.07.21,Nej,Fredat vilt,Varg,,Bete innanför stängsel,Fältkontroll - LST,Bedömd som säker,2-1439,Färgelanda,6507000,1275000,6502605,321810,6507000,1275000,RT90,Mindre bra,2008.07.22,Nej,,Ja,2017.12.14,,,1,0,0,0,0,0,0,0,0,0,0,0,0,0,0,0,0,0,0,0,0,0,0,0,0,0,0,0,0,0,0,Historiska data - ej angivet,,,2-1439,Färgelanda (S),2-14,Västra Götalands län (S),1,2008
V483139,,2008.07.22,Ja,2008.07.24,,,Får,,Annan,Blandras,2008.07.21,2008.07.22,Nej,Fredat vilt,Varg,,Bete innanför stängsel,Fältkontroll - LST,Bedömd som säker,2-0484,Stora Sundby,6572453,1518287,6570953,564170,6572453,1518287,RT90,Mindre bra,2008.07.24,Nej,,Ja,2017.12.14,,,0,4,0,0,0,0,4,0,0,0,0,0,0,0,0,0,0,0,0,0,0,0,0,0,0,0,0,0,0,0,0,Historiska data - ej angivet,,,2-0484,Eskilstuna (S),2-04,Södermanlands län (S),8,2008
V483249,,2008.07.26,Ja,2008.07.27,,,Får,,Annan,rya,2008.07.23,2008.07.23,Nej,Fredat vilt,Varg,,Bete innanför stängsel,Fältkontroll - LST,Bedömd som säker,2-2481,Kroksjö,7158200,1605300,7157546,643881,7158200,1605300,RT90,Mindre bra,2008.07.27,Nej,,Ja,2017.12.14,,,2,1,0,1,0,0,2,0,0,0,0,0,0,1,0,0,0,0,0,0,0,1,0,0,0,0,0,0,0,0,0,Historiska data - ej angivet,,,2-2481,Lycksele (S),2-24,Västerbottens län (S),8,2008
V482952,,2008.08.04,Ja,2008.08.04,,,Får,,Annan,Ullfår,2008.08.04,2008.08.04,Nej,Fredat vilt,Varg,,Bete innanför stängsel,Fältkontroll - LST,Bedömd som säker,2-1487,Bruket (Laxfisket),6486910,1284170,6482639,331215,6486910,1284170,RT90,Mindre bra,2008.08.04,Nej,,Ja,2017.12.14,,,5,1,0,2,0,0,2,0,0,0,1,1,0,0,0,0,0,0,0,0,0,0,0,0,0,0,0,0,0,0,0,Historiska data - ej angivet,,,2-1487,Vänersborg (S),2-14,Västra Götalands län (S),12,2008
V483142,,2008.08.04,Ja,2008.08.05,,,Får,,Annan,Allmoge,2008.08.03,2008.08.04,Nej,Fredat vilt,Varg,,Bete innanför stängsel,Fältkontroll - LST,Bedömd som säker,2-2161,Karlsberg,6841208,1469133,6838982,511749,6841208,1469133,RT90,Mindre bra,2008.08.05,Nej,,Ja,2017.12.14,,,0,0,0,0,0,0,1,0,0,0,0,0,0,0,0,0,0,0,0,0,1,0,0,0,0,0,0,0,0,0,0,Historiska data - ej angivet,,,2-2161,Ljusdal (S),2-21,Gävleborgs län (S),2,2008
V483317,,2008.08.07,Ja,2008.08.08,,,Får,,,,2008.08.02,2008.08.05,Nej,Fredat vilt,Varg,,Bete utan stängsel,Fältkontroll - LST,Bedömd som säker,2-2034,Kruppa fäb,6781793,1454496,6779416,497853,6781793,1454496,RT90,Mindre bra,2008.08.08,Nej,,Ja,2017.12.14,,,0,0,0,0,0,0,2,0,0,0,0,0,0,0,0,0,0,0,0,0,0,0,0,0,0,0,4,0,0,0,0,Historiska data - ej angivet,,,2-2034,Orsa (S),2-20,Dalarnas län (S),6,2008
V480135,,2008.08.10,Ja,2008.08.10,,,Får,,Annan,Blandras,2008.08.09,2008.08.10,Nej,Fredat vilt,Varg,,Bete innanför stängsel,Fältkontroll - LST,Bedömd som säker,2-1462,Hjärtum,6457200,1282500,6452930,329902,6457200,1282500,RT90,Mindre bra,2008.08.10,Nej,,Ja,2017.12.14,,,0,4,0,1,0,0,2,0,0,0,0,0,0,0,0,0,0,0,0,0,0,0,0,0,0,0,0,0,0,0,0,Historiska data - ej angivet,,,2-1462,LillaEdet (S),2-14,Västra Götalands län (S),7,2008
V483240,,2008.08.11,Ja,2008.08.11,,,Får,,Annan,x,2008.08.11,2008.08.11,Nej,Fredat vilt,Varg,,Bete innanför stängsel,Fältkontroll - LST,Bedömd som säker,2-1737,Trång,6694386,1348207,6690754,392697,6694386,1348207,RT90,Mindre bra,2008.08.11,Nej,,Ja,2017.12.14,,,0,0,0,0,0,0,1,0,0,0,0,0,0,0,0,0,0,0,0,0,0,0,0,0,0,0,0,0,0,0,0,Historiska data - ej angivet,,,2-1737,Torsby (S),2-17,Värmlands län (S),1,2008
V482947,,2008.08.14,Ja,2008.08.14,,,Får,,Annan,Lester-Gotlandsfår,2008.08.13,2008.08.14,Nej,Fredat vilt,Varg,,Bete innanför stängsel,Fältkontroll - LST,Bedömd som säker,2-1485,Svenshögen,6455234,1272496,6450845,319929,6455234,1272496,RT90,Mindre bra,2008.08.14,Nej,,Ja,2017.12.14,,,1,0,0,4,0,0,0,0,0,0,0,0,0,0,0,0,0,0,0,0,0,0,0,0,0,0,0,0,0,0,0,Historiska data - ej angivet,,,2-1485,Uddevalla (S),2-14,Västra Götalands län (S),5,2008
V480136,,2008.08.16,Ja,2008.08.27,,,Får,,,,2008.08.16,2008.08.16,Nej,Fredat vilt,Varg,,Bete utan stängsel,Fältkontroll - LST,Bedömd som säker,2-2034,V.Grunuberg,6775087,1446360,6772613,489804,6775087,1446360,RT90,Mindre bra,2008.08.27,Nej,,Ja,2017.12.14,,,0,0,0,0,0,0,1,0,0,0,0,0,0,0,0,0,0,0,0,0,0,0,0,0,0,0,0,0,0,0,0,Historiska data - ej angivet,,,2-2034,Orsa (S),2-20,Dalarnas län (S),1,2008
V482913,,2008.08.18,Ja,2008.08.18,,,Får,,,,2008.08.17,2008.08.18,Nej,Fredat vilt,Varg,,Bete innanför stängsel,Fältkontroll - LST,Bedömd som säker,2-0188,"Strand , Rumsättra",6609664,1649822,6609744,695206,6609664,1649822,RT90,Mindre bra,2008.08.18,Nej,,Ja,2017.12.14,,,0,2,0,0,0,0,1,0,0,0,3,2,0,0,0,0,2,0,0,0,0,0,0,0,0,0,0,0,0,0,0,Historiska data - ej angivet,,,2-0188,Norrtälje (S),2-01,Stockholms län (S),10,2008
V483163,,2008.08.18,Ja,2008.08.20,,,Får,,Annan,Värmländsk skogsfår,2008.08.16,2008.08.17,Nej,Fredat vilt,Varg,,Bete utan stängsel,Fältkontroll - LST,Bedömd som säker,2-2031,Prästbodarna,6758258,1487027,6756293,530658,6758258,1487027,RT90,Mindre bra,2008.08.20,Nej,,Ja,2017.12.14,,,1,1,0,0,0,0,1,0,0,0,0,1,0,0,0,0,0,0,0,0,0,0,0,0,0,0,0,0,0,0,0,Historiska data - ej angivet,,,2-2031,Rättvik (S),2-20,Dalarnas län (S),4,2008
V482779,,2008.08.20,Ja,2008.08.20,,,Får,,,,2008.08.18,2008.08.20,Nej,Fredat vilt,Varg,,Bete utan stängsel,Fältkontroll - LST,Bedömd som säker,2-2034,V.Grunuberg,6774300,1447300,6771838,490753,6774300,1447300,RT90,Mindre bra,2008.08.20,Nej,,Ja,2017.12.14,,,1,0,0,0,0,0,0,0,0,0,0,0,0,0,0,0,0,0,0,0,2,12,0,0,0,0,3,0,0,0,0,Historiska data - ej angivet,,,2-2034,Orsa (S),2-20,Dalarnas län (S),18,2008
V482780,,2008.08.20,Ja,2008.08.20,,,Får,,Annan,Gotlandsfår,2008.08.19,2008.08.20,Nej,Fredat vilt,Varg,,Bete innanför stängsel,Fältkontroll - LST,Bedömd som säker,2-1485,Fökeröd,6459685,1273786,6455309,321164,6459685,1273786,RT90,Mindre bra,2008.08.20,Nej,,Ja,2017.12.14,,,0,0,0,0,0,0,0,0,0,0,0,0,0,0,0,0,0,1,0,0,0,0,0,0,0,0,0,0,0,0,0,Historiska data - ej angivet,,,2-1485,Uddevalla (S),2-14,Västra Götalands län (S),1,2008
V483147,,2008.08.20,Ja,2008.08.20,,,Får,,,,2008.08.19,2008.08.20,Nej,Fredat vilt,Varg,,Bete innanför stängsel,Fältkontroll - LST,Bedömd som säker,2-1737,Lekvattnet,6676373,1327872,6672503,372595,6676373,1327872,RT90,Mindre bra,2008.08.20,Nej,,Ja,2017.12.14,,,0,0,0,0,0,0,0,1,0,0,0,0,0,0,0,0,0,0,0,0,0,0,0,0,0,0,0,0,0,0,0,Historiska data - ej angivet,,,2-1737,Torsby (S),2-17,Värmlands län (S),1,2008
V483156,,2008.08.21,Ja,2008.08.25,,,Får,,Annan,Gotlandsfår,2008.08.20,2008.08.21,Nej,Fredat vilt,Varg,,Bete innanför stängsel,Fältkontroll - LST,Bedömd som säker,2-1485,Ljungskile,6459685,1273786,6455309,321164,6459685,1273786,RT90,Mindre bra,2008.08.25,Nej,,Ja,2017.12.14,,,0,0,0,2,0,0,12,0,0,0,0,0,0,0,0,0,0,0,0,0,0,0,0,0,0,0,0,0,0,0,0,Historiska data - ej angivet,,,2-1485,Uddevalla (S),2-14,Västra Götalands län (S),14,2008
V483162,,2008.08.23,Ja,2008.08.25,,,Får,,Annan,Gute,2008.08.20,2008.08.22,Nej,Fredat vilt,Varg,,Bete innanför stängsel,Fältkontroll - LST,Bedömd som säker,2-1384,"Tåmosse Stättared, Veddige",6362300,1290940,6358196,339466,6362300,1290940,RT90,Mindre bra,2008.08.25,Nej,,Ja,2017.12.14,,,0,0,0,0,0,0,0,1,0,0,0,0,0,0,0,0,0,0,0,0,0,0,0,0,0,0,0,0,0,0,0,Historiska data - ej angivet,,,2-1384,Kungsbacka (S),2-13,Hallands län (S),1,2008
V483161,,2008.08.24,Ja,2008.08.24,,,Får,,,,2008.08.23,2008.08.24,Nej,Fredat vilt,Varg,,Bete innanför stängsel,Fältkontroll - LST,Bedömd som säker,2-1487,Sillered,6472772,1284314,6468512,331528,6472772,1284314,RT90,Mindre bra,2008.08.24,Nej,,Ja,2017.12.14,,,1,1,0,0,0,0,2,0,0,0,0,0,0,0,0,0,0,0,0,0,1,0,0,0,0,0,0,0,0,0,0,Historiska data - ej angivet,,,2-1487,Vänersborg (S),2-14,Västra Götalands län (S),5,2008
V482781,,2008.08.26,Ja,2008.08.26,,,Får,,,,2008.08.25,2008.08.26,Nej,Fredat vilt,Varg,,Bete innanför stängsel,Fältkontroll - LST,Bedömd som säker,2-1462,Hjärtum,6459211,1283000,6454945,330378,6459211,1283000,RT90,Mindre bra,2008.08.26,Nej,,Ja,2017.12.14,,,2,5,0,1,0,0,1,0,0,0,0,0,0,0,0,0,0,0,0,0,0,0,0,0,0,0,0,0,0,0,0,Historiska data - ej angivet,,,2-1462,LillaEdet (S),2-14,Västra Götalands län (S),9,2008
V482914,,2008.08.28,Ja,2008.08.28,,,Får,,Annan,Blandras,2008.08.28,2008.08.28,Nej,Fredat vilt,Varg,,Bete utan stängsel,Fältkontroll - LST,Bedömd som säker,2-2031,Gärdsgården,6762700,1458600,6760383,502190,6762700,1458600,RT90,Mindre bra,2008.08.28,Nej,,Ja,2017.12.14,,,0,1,0,0,0,0,1,0,0,0,0,0,0,0,0,0,0,0,0,0,1,0,0,0,0,0,0,0,0,0,0,Historiska data - ej angivet,,,2-2031,Rättvik (S),2-20,Dalarnas län (S),3,2008
V482950,,2008.08.30,Ja,2008.08.30,,,Får,,,,2008.08.26,2008.08.28,Nej,Fredat vilt,Varg,,Bete utan stängsel,Fältkontroll - LST,Bedömd som säker,2-1864,Stjärnfors,6634700,1455747,6632412,500904,6634700,1455747,RT90,Mindre bra,2008.08.30,Nej,,Ja,2017.12.14,,,0,0,0,0,0,0,5,0,0,0,0,0,0,0,0,0,5,0,0,0,0,0,0,0,0,0,2,0,0,0,0,Historiska data - ej angivet,,,2-1864,Ljusnarsberg (S),2-18,Örebro län (S),12,2008
V483256,,2008.09.07,Ja,2008.09.08,,,Får,,Annan,Finull,2008.09.06,2008.09.07,Nej,Fredat vilt,Varg,,Bete innanför stängsel,Fältkontroll - LST,Bedömd som säker,2-1463,Horred,6367456,1320427,6363698,368872,6367456,1320427,RT90,Mindre bra,2008.09.08,Nej,,Ja,2017.12.14,,,0,0,0,0,0,0,0,0,0,0,0,0,0,0,0,0,2,0,0,0,0,0,0,0,0,0,0,0,0,0,0,Historiska data - ej angivet,,,2-1463,Mark (S),2-14,Västra Götalands län (S),2,2008
V483255,,2008.09.08,Ja,2008.09.09,,,Får,,Annan,Blandras,2008.09.06,2008.09.07,Nej,Fredat vilt,Varg,,Bete innanför stängsel,Fältkontroll - LST,Bedömd som säker,2-0117,Wiren,6609548,1653715,6609676,699100,6609548,1653715,RT90,Mindre bra,2008.09.09,Nej,,Ja,2017.12.14,,,4,0,0,0,0,0,5,0,0,0,0,0,0,0,0,0,0,0,0,0,2,0,0,0,0,0,0,0,0,0,0,Historiska data - ej angivet,,,2-0117,Österåker (S),2-01,Stockholms län (S),11,2008
V482828,,2008.09.21,Ja,2008.09.21,,,Får,,,,2008.09.20,2008.09.21,Nej,Fredat vilt,Varg,,Bete innanför stängsel,Fältkontroll - LST,Bedömd som säker,2-1904,Sunnanfors,6640500,1489300,6638618,534370,6640500,1489300,RT90,Mindre bra,2008.09.21,Nej,,Ja,2017.12.14,,,1,2,0,0,0,0,2,0,0,0,0,0,0,0,0,0,0,0,0,0,0,0,0,0,0,0,0,0,0,0,0,Historiska data - ej angivet,,,2-1904,Skinnskatteberg (S),2-19,Västmanlands län (S),5,2008
V482829,,2008.09.22,Ja,2008.09.22,,,Får,,,,2008.09.21,2008.09.22,Nej,Fredat vilt,Varg,,Bete innanför stängsel,Fältkontroll - LST,Bedömd som säker,2-1904,Sunnanfors,6640500,1489200,6638617,534270,6640500,1489200,RT90,Mindre bra,2008.09.22,Nej,,Ja,2017.12.14,,,0,1,0,0,0,0,0,0,0,0,0,0,0,0,0,0,0,0,0,0,0,0,0,0,0,0,0,0,0,0,0,Historiska data - ej angivet,,,2-1904,Skinnskatteberg (S),2-19,Västmanlands län (S),1,2008
V482965,,2008.09.22,Ja,2008.09.22,,,Får,,Annan,korsning,2008.09.22,2008.09.22,Nej,Fredat vilt,Varg,,Bete innanför stängsel,Fältkontroll - LST,Bedömd som säker,2-0188,Strand,6609520,1649944,6609602,695330,6609520,1649944,RT90,Mindre bra,2008.09.22,Nej,,Ja,2017.12.14,,,0,1,0,0,0,0,0,0,0,0,0,0,0,0,0,0,0,0,0,0,0,0,0,0,0,0,0,0,0,0,0,Historiska data - ej angivet,,,2-0188,Norrtälje (S),2-01,Stockholms län (S),1,2008
V482969,,2008.09.24,Ja,2008.09.25,,,Får,,Annan,Finull,2008.09.24,2008.09.24,Nej,Fredat vilt,Varg,,Bete innanför stängsel,Fältkontroll - LST,Bedömd som säker,2-1737,Skansen,6683693,1345853,6680038,390475,6683693,1345853,RT90,Mindre bra,2008.09.25,Nej,,Ja,2017.12.14,,,0,0,0,0,0,0,1,0,0,0,0,0,0,0,0,0,0,0,0,0,0,0,0,0,0,0,0,0,0,0,0,Historiska data - ej angivet,,,2-1737,Torsby (S),2-17,Värmlands län (S),1,2008
V482972,,2008.09.24,Ja,2008.09.25,,,Får,,,,2008.09.23,2008.09.24,Nej,Fredat vilt,Varg,,Bete innanför stängsel,Fältkontroll - LST,Bedömd som säker,2-2121,Parses,6808780,1504193,6807003,547193,6808780,1504193,RT90,Mindre bra,2008.09.25,Nej,,Ja,2017.12.14,,,2,0,0,0,0,0,0,0,0,0,0,0,0,0,0,0,0,0,0,0,0,0,0,0,0,0,0,0,0,0,0,Historiska data - ej angivet,,,2-2121,Ovanåker (S),2-21,Gävleborgs län (S),2,2008
V482971,,2008.09.27,Ja,2008.09.27,,,Får,,,,2008.09.27,2008.09.27,Nej,Fredat vilt,Varg,,Bete innanför stängsel,Fältkontroll - LST,Bedömd som säker,2-1737,Åsteby,6685419,1346993,6681777,391593,6685419,1346993,RT90,Mindre bra,2008.09.27,Nej,,Ja,2017.12.14,,,0,1,0,0,0,0,0,0,0,0,0,0,0,0,0,0,0,0,0,0,0,0,0,0,0,0,0,0,0,0,0,Historiska data - ej angivet,,,2-1737,Torsby (S),2-17,Värmlands län (S),1,2008
V482973,,2008.09.28,Ja,2008.09.28,,,Får,,Annan,Gotlandsfår,2008.09.26,2008.09.27,Nej,Fredat vilt,Varg,,Bete innanför stängsel,Fältkontroll - LST,Bedömd som säker,2-1439,Färgelanda,6503500,1274800,6499105,321652,6503500,1274800,RT90,Mindre bra,2008.09.28,Nej,,Ja,2017.12.14,,,1,0,0,0,0,0,0,0,0,0,0,0,0,0,0,0,0,0,0,0,0,0,0,0,0,0,0,0,0,0,0,Historiska data - ej angivet,,,2-1439,Färgelanda (S),2-14,Västra Götalands län (S),1,2008
V483152,,2008.09.30,Ja,2008.09.30,,,Får,,,,2008.09.29,2008.09.30,Nej,Fredat vilt,Varg,,Bete innanför stängsel,Fältkontroll - LST,Bedömd som säker,2-1737,Buråsen,6685951,1349468,6682339,394060,6685951,1349468,RT90,Mindre bra,2008.09.30,Nej,,Ja,2017.12.14,,,0,0,0,0,1,0,1,0,0,0,0,0,0,0,0,0,1,0,0,0,0,0,0,0,0,0,0,0,0,0,0,Historiska data - ej angivet,,,2-1737,Torsby (S),2-17,Värmlands län (S),3,2008
V482801,,2008.10.09,Ja,2008.10.10,,,Får,,Annan,korsning,2008.10.09,2008.10.09,Nej,Fredat vilt,Varg,,Bete innanför stängsel,Fältkontroll - LST,Bedömd som säker,2-0188,Sättermossen Riala,6613587,1647672,6613640,693009,6613587,1647672,RT90,Mindre bra,2008.10.10,Nej,,Ja,2017.12.14,,,2,0,0,0,0,0,0,0,0,0,0,0,0,0,0,0,1,0,0,0,0,0,0,0,0,0,0,0,0,0,0,Historiska data - ej angivet,,,2-0188,Norrtälje (S),2-01,Stockholms län (S),3,2008
V482997,,2008.10.17,Ja,2008.10.26,,,Får,,,,2008.10.17,2008.10.17,Nej,Fredat vilt,Varg,,Bete innanför stängsel,Fältkontroll - LST,Bedömd som säker,2-1863,Grängshyttan,6623100,1442600,6620659,487905,6623100,1442600,RT90,Mindre bra,2008.10.26,Nej,,Ja,2017.12.14,,,0,0,0,0,0,0,1,0,0,0,0,0,0,0,0,0,0,0,0,0,0,0,0,0,0,0,0,0,0,0,0,Historiska data - ej angivet,,,2-1863,Hällefors (S),2-18,Örebro län (S),1,2008
V482996,,2008.10.24,Ja,2008.10.24,,,Får,,,,2008.10.23,2008.10.24,Nej,Fredat vilt,Varg,,Bete innanför stängsel,Fältkontroll - LST,Bedömd som säker,2-1737,Smedserud,6678060,1337253,6674304,381949,6678060,1337253,RT90,Mindre bra,2008.10.24,Nej,,Ja,2017.12.14,,,0,0,0,0,0,0,1,0,0,0,0,0,0,0,0,0,0,0,0,0,0,1,0,0,0,0,0,0,0,0,0,Historiska data - ej angivet,,,2-1737,Torsby (S),2-17,Värmlands län (S),2,2008
V482820,,2008.10.25,Ja,2008.10.25,,,Får,,Annan,x,2008.10.24,2008.10.25,Nej,Fredat vilt,Varg,,Bete innanför stängsel,Fältkontroll - LST,Bedömd som säker,2-1737,Vadje,6685796,1345497,6682136,390093,6685796,1345497,RT90,Mindre bra,2008.10.25,Nej,,Ja,2017.12.14,,,1,0,0,0,0,0,0,0,0,0,0,0,0,0,0,0,0,0,0,0,0,0,0,0,0,0,0,0,0,0,0,Historiska data - ej angivet,,,2-1737,Torsby (S),2-17,Värmlands län (S),1,2008
V483132,,2008.10.27,Ja,2008.10.27,,,Får,,,,2008.10.26,2008.10.27,Nej,Fredat vilt,Varg,,Bete innanför stängsel,Fältkontroll - LST,Bedömd som säker,2-0117,Undal,6606685,1648306,6606748,693727,6606685,1648306,RT90,Mindre bra,2008.10.27,Nej,,Ja,2017.12.14,,,0,1,0,0,0,0,1,0,0,0,0,0,0,0,0,0,0,0,0,0,0,0,0,0,0,0,0,0,0,0,0,Historiska data - ej angivet,,,2-0117,Österåker (S),2-01,Stockholms län (S),2,2008
V480139,,2008.10.31,Ja,2008.11.02,,,Får,,Annan,Bland dorset finull,2008.10.30,2008.10.31,Nej,Fredat vilt,Varg,,Bete innanför stängsel,Fältkontroll - LST,Bedömd som säker,2-0480,Ängby Brakärr,6508970,1561400,6508016,608030,6508970,1561400,RT90,Mindre bra,2008.11.02,Nej,,Ja,2017.12.14,,,0,0,0,0,0,0,5,0,0,0,0,0,0,0,0,0,31,0,0,0,0,0,0,0,0,0,0,0,0,0,0,Historiska data - ej angivet,,,2-0480,Nyköping (S),2-04,Södermanlands län (S),36,2008
V482835,,2009.01.15,Ja,2009.01.16,,,Får,,,,2009.01.12,2009.01.15,Nej,Fredat vilt,Varg,,Bete innanför stängsel,Fältkontroll - LST,Bedömd som säker,2-1485,Backamo,6457290,1275605,6452937,323011,6457290,1275605,RT90,Mindre bra,2009.01.16,Nej,,Ja,2017.12.14,,,3,0,0,0,0,0,0,0,0,0,1,0,0,0,0,0,0,0,0,0,1,0,0,0,0,0,0,0,0,0,0,Historiska data - ej angivet,,,2-1485,Uddevalla (S),2-14,Västra Götalands län (S),5,2009
V482823,,2009.01.18,Ja,2009.01.18,,,Får,,Annan,Pälsfår,2009.01.17,2009.01.18,Nej,Fredat vilt,Varg,,Bete innanför stängsel,Fältkontroll - LST,Bedömd som säker,2-1766,Brandsbol,6655657,1336127,6651901,381097,6655657,1336127,RT90,Mindre bra,2009.01.18,Nej,,Ja,2017.12.14,,,0,0,0,0,0,0,2,0,0,0,0,0,0,0,0,0,1,0,0,0,0,0,0,0,0,0,0,0,0,0,0,Historiska data - ej angivet,,,2-1766,Sunne (S),2-17,Värmlands län (S),3,2009
V482857,,2009.05.01,Ja,2009.05.02,,,Får,,Annan,X,2009.05.01,2009.05.01,Nej,Fredat vilt,Varg,,Bete innanför stängsel,Fältkontroll - LST,Bedömd som säker,2-1784,Gullsbyn,6622609,1335907,6618872,381279,6622609,1335907,RT90,Mindre bra,2009.05.02,Nej,,Ja,2017.12.14,,,0,0,0,0,0,0,1,0,0,0,0,0,0,0,0,0,0,0,0,0,0,0,0,0,0,0,0,0,0,0,0,Historiska data - ej angivet,,,2-1784,Arvika (S),2-17,Värmlands län (S),1,2009
V482862,,2009.05.22,Ja,2009.05.22,,,Får,,,,2009.05.21,2009.05.22,Nej,Fredat vilt,Varg,,Bete innanför stängsel,Fältkontroll - LST,Bedömd som säker,2-0482,Yngersdal,6531110,1545130,6529951,591500,6531110,1545130,RT90,Mindre bra,2009.05.22,Nej,,Ja,2017.12.14,,,0,0,0,10,1,0,5,0,0,0,0,0,0,16,0,0,6,0,0,0,0,0,0,0,0,0,2,0,0,0,0,Historiska data - ej angivet,,,2-0482,Flen (S),2-04,Södermanlands län (S),40,2009
V483057,,2009.05.25,Ja,2009.05.25,,,Får,,,,2009.05.24,2009.05.25,Nej,Fredat vilt,Varg,,Bete innanför stängsel,Fältkontroll - LST,Bedömd som säker,2-0483,Björkvik,6527940,1540320,6526725,586731,6527940,1540320,RT90,Mindre bra,2009.05.25,Nej,,Ja,2017.12.14,,,0,0,0,0,0,0,5,0,0,0,0,0,0,0,0,0,0,0,0,0,0,0,0,0,0,0,0,0,0,0,0,Historiska data - ej angivet,,,2-0483,Katrineholm (S),2-04,Södermanlands län (S),5,2009
V482872,,2009.05.29,Ja,2009.05.30,,,Får,,Annan,lantras,2009.05.28,2009.05.29,Nej,Fredat vilt,Varg,,Bete innanför stängsel,Fältkontroll - LST,Bedömd som säker,2-2361,Kölvallen,6917672,1377699,6914269,419414,6917672,1377699,RT90,Mindre bra,2009.05.30,Nej,,Ja,2017.12.14,,,0,0,0,0,0,0,0,0,0,0,0,0,0,0,0,0,1,0,0,0,0,0,0,0,0,0,0,0,0,0,0,Historiska data - ej angivet,,,2-2361,Härjedalen (S),2-23,Jämtlands län (S),1,2009
V482684,,2009.06.02,Ja,2009.06.02,,,Får,,Annan,Blandras,2009.06.01,2009.06.02,Nej,Fredat vilt,Varg,,Bete innanför stängsel,Fältkontroll - LST,Bedömd som säker,2-1760,S Myren,6605400,1403240,6602490,448781,6605400,1403240,RT90,Mindre bra,2009.06.02,Nej,,Ja,2017.12.14,,,0,1,0,0,0,0,9,0,0,0,0,0,0,0,0,0,2,0,0,0,0,0,0,0,0,0,0,0,0,0,0,Historiska data - ej angivet,,,2-1760,Storfors (S),2-17,Värmlands län (S),12,2009
V483023,,2009.06.09,Ja,2009.06.09,,,Får,,Annan,Suffolk div korsn,2009.06.08,2009.06.09,Nej,Fredat vilt,Varg,,Bete innanför stängsel,Fältkontroll - LST,Bedömd som säker,2-0381,NV Teda prästgård,6606950,1562404,6605970,607851,6606950,1562404,RT90,Mindre bra,2009.06.09,Nej,,Ja,2017.12.14,,,1,0,0,2,0,0,0,0,0,0,0,0,0,0,0,0,0,0,0,0,0,0,0,0,0,0,0,0,0,0,0,Historiska data - ej angivet,,,2-0381,Enköping (S),2-03,Uppsala län (S),3,2009
V482706,,2009.06.12,Ja,2009.06.12,,,Får,,,,2009.06.11,2009.06.12,Nej,Fredat vilt,Varg,,Bete innanför stängsel,Fältkontroll - LST,Bedömd som säker,2-2281,Stöde-Östanå,6919957,1539457,6918569,581062,6919957,1539457,RT90,Mindre bra,2009.06.12,Nej,,Ja,2017.12.14,,,3,2,0,0,0,0,6,0,0,0,2,3,0,0,0,0,12,0,0,0,3,3,0,0,0,0,9,0,0,0,0,Historiska data - ej angivet,,,2-2281,Sundsvall (S),2-22,Västernorrlands län (S),43,2009
V482884,,2009.06.13,Ja,2009.06.14,,,Får,,Annan,Skogsfår Åsen,2009.06.11,2009.06.13,Nej,Fredat vilt,Varg,,Bete innanför stängsel,Fältkontroll - LST,Bedömd som säker,2-2023,S. Djuptjärn,6816300,1355150,6812678,398137,6816300,1355150,RT90,Mindre bra,2009.06.14,Nej,,Ja,2017.12.14,,,15,9,0,0,0,0,10,1,0,0,0,1,0,0,0,0,0,0,0,0,3,4,0,0,0,0,0,0,0,0,0,Historiska data - ej angivet,,,2-2023,Malung (S),2-20,Dalarnas län (S),43,2009
V482921,,2009.06.13,Ja,2009.06.15,,,Får,,Annan,Skogsfår Åsen,2009.06.11,2009.06.13,Nej,Fredat vilt,Varg,,Bete innanför stängsel,Fältkontroll - LST,Bedömd som säker,2-2023,S.Djuptjärn,6816300,1355150,6812678,398137,6816300,1355150,RT90,Mindre bra,2009.06.15,Nej,,Ja,2017.12.14,,,15,9,0,0,0,0,10,1,0,0,3,1,0,0,0,0,0,0,0,0,3,4,0,0,0,0,0,0,0,0,0,Historiska data - ej angivet,,,2-2023,Malung (S),2-20,Dalarnas län (S),46,2009
V482652,,2009.06.24,Ja,2009.06.24,,,Får,,Annan,Blandras,2009.06.22,2009.06.24,Nej,Fredat vilt,Varg,,Bete utan stängsel,Fältkontroll - LST,Bedömd som säker,2-0484,"Sundbyholmsarkipilagen, Hummelholmen",6595173,1548387,6594028,593982,6595173,1548387,RT90,Mindre bra,2009.06.24,Nej,,Ja,2017.12.14,,,0,5,0,0,2,0,0,0,0,0,0,2,0,0,0,0,0,0,0,0,0,5,0,0,0,0,0,0,0,0,0,Historiska data - ej angivet,,,2-0484,Eskilstuna (S),2-04,Södermanlands län (S),14,2009
V482660,,2009.06.27,Ja,2009.06.28,,,Får,,,,2009.06.27,2009.06.27,Nej,Fredat vilt,Varg,,Bete innanför stängsel,Fältkontroll - LST,Bedömd som säker,2-2034,Skattungbyn,6785240,1447670,6782777,490988,6785240,1447670,RT90,Mindre bra,2009.06.28,Nej,,Ja,2017.12.14,,,0,0,0,1,0,0,0,0,0,0,0,0,0,1,0,0,0,0,0,0,0,0,0,0,0,0,0,0,0,0,0,Historiska data - ej angivet,,,2-2034,Orsa (S),2-20,Dalarnas län (S),2,2009
V482891,,2009.06.30,Ja,2009.07.01,,,Får,,Annan,Pälsfår,2009.06.30,2009.06.30,Nej,Fredat vilt,Varg,,Bete utan stängsel,Fältkontroll - LST,Bedömd som säker,2-2039,Hållvallen,6825441,1358011,6821848,400883,6825441,1358011,RT90,Mindre bra,2009.07.01,Nej,,Ja,2017.12.14,,,0,0,0,2,0,0,0,0,0,0,0,0,0,0,0,0,0,0,0,0,0,0,0,0,0,0,0,0,0,0,0,Historiska data - ej angivet,,,2-2039,Älvdalen (S),2-20,Dalarnas län (S),2,2009
V482687,,2009.07.10,Ja,2009.07.11,,,Får,,Annan,Blandras,2009.07.09,2009.07.10,Nej,Fredat vilt,Varg,,Bete innanför stängsel,Fältkontroll - LST,Bedömd som säker,2-1415,Svartedalen,6438463,1275668,6434124,323299,6438463,1275668,RT90,Mindre bra,2009.07.11,Nej,,Ja,2017.12.14,,,2,0,0,1,0,0,3,0,0,0,0,0,0,0,0,0,0,0,0,0,1,0,0,0,0,0,0,0,0,0,0,Historiska data - ej angivet,,,2-1415,Stenungsund (S),2-14,Västra Götalands län (S),7,2009
V482536,,2009.07.11,Ja,2009.07.12,,,Får,,Annan,Pälsfår / Finullsfår,2009.07.09,2009.07.11,Nej,Fredat vilt,Varg,,Bete utan stängsel,Fältkontroll - LST,Bedömd som säker,2-2039,Gessebodarna fäbod,6799529,1378424,6796204,421604,6799529,1378424,RT90,Mindre bra,2009.07.12,Nej,,Ja,2017.12.14,,,0,0,0,0,0,0,1,0,0,0,0,0,0,0,0,0,0,0,0,0,1,0,0,0,0,0,0,0,0,0,0,Historiska data - ej angivet,,,2-2039,Älvdalen (S),2-20,Dalarnas län (S),2,2009
V482520,,2009.07.13,Ja,2009.07.13,,,Får,,Annan,Ostries mjölk,2009.07.12,2009.07.13,Nej,Fredat vilt,Varg,,Bete innanför stängsel,Fältkontroll - LST,Bedömd som säker,2-2326,Häggen,6987359,1424625,6984503,465443,6987359,1424625,RT90,Mindre bra,2009.07.13,Nej,,Ja,2017.12.14,,,1,0,0,0,0,0,6,0,0,0,0,0,0,0,0,0,2,0,0,0,5,5,0,0,0,0,0,0,0,0,0,Historiska data - ej angivet,,,2-2326,Berg (S),2-23,Jämtlands län (S),19,2009
V482588,,2009.07.13,Ja,2009.07.13,,,Får,,,,2009.07.12,2009.07.13,Nej,Fredat vilt,Varg,,Bete innanför stängsel,Fältkontroll - LST,Bedömd som säker,2-1904,Sunnanfors,6640500,1489200,6638617,534270,6640500,1489200,RT90,Mindre bra,2009.07.13,Nej,,Ja,2017.12.14,,,3,3,0,0,0,0,1,0,0,0,0,0,0,0,0,0,0,0,0,0,0,0,0,0,0,0,0,0,0,0,0,Historiska data - ej angivet,,,2-1904,Skinnskatteberg (S),2-19,Västmanlands län (S),7,2009
V482589,,2009.07.18,Ja,2009.07.18,,,Får,,,,2009.07.17,2009.07.18,Nej,Fredat vilt,Varg,,Bete innanför stängsel,Fältkontroll - LST,Bedömd som säker,2-1904,Sunnanfors,6640800,1489200,6638916,534267,6640800,1489200,RT90,Mindre bra,2009.07.18,Nej,,Ja,2017.12.14,,,1,0,0,0,0,0,0,0,0,0,0,0,0,0,0,0,0,0,0,0,0,0,0,0,0,0,0,0,0,0,0,Historiska data - ej angivet,,,2-1904,Skinnskatteberg (S),2-19,Västmanlands län (S),1,2009
V482525,,2009.07.19,Ja,2009.07.20,,,Får,,Annan,lantras,2009.07.18,2009.07.19,Nej,Fredat vilt,Varg,,Bete innanför stängsel,Fältkontroll - LST,Bedömd som säker,2-2361,Lillhärdal,6859818,1411010,6856862,453426,6859818,1411010,RT90,Mindre bra,2009.07.20,Nej,,Ja,2017.12.14,,,0,0,0,1,0,0,0,0,0,0,0,0,0,0,0,0,0,0,0,0,0,0,0,0,0,0,0,0,0,0,0,Historiska data - ej angivet,,,2-2361,Härjedalen (S),2-23,Jämtlands län (S),1,2009
V482688,,2009.07.22,Ja,2009.07.23,,,Får,,,,2009.07.18,2009.07.23,Nej,Fredat vilt,Varg,,Bete utan stängsel,Fältkontroll - LST,Bedömd som säker,2-2034,Kruppa Fäbodar,6781857,1454624,6779481,497980,6781857,1454624,RT90,Mindre bra,2009.07.23,Nej,,Ja,2017.12.14,,,0,0,0,0,0,0,9,0,0,0,0,0,0,0,0,0,3,0,0,0,0,0,0,0,0,0,4,0,0,0,0,Historiska data - ej angivet,,,2-2034,Orsa (S),2-20,Dalarnas län (S),16,2009
V482906,,2009.07.22,Ja,2009.07.24,,,Får,,Annan,X,2009.07.22,2009.07.23,Nej,Fredat vilt,Varg,,Bete utan stängsel,Fältkontroll - LST,Bedömd som säker,2-1737,Trång,6694282,1348186,6690649,392677,6694282,1348186,RT90,Mindre bra,2009.07.24,Nej,,Ja,2017.12.14,,,0,1,0,0,0,0,0,0,0,0,0,0,0,0,0,0,0,0,0,0,0,0,0,0,0,0,0,0,0,0,0,Historiska data - ej angivet,,,2-1737,Torsby (S),2-17,Värmlands län (S),1,2009
V482695,,2009.07.23,Ja,2009.07.24,,,Får,,Annan,Pälsfår,2009.07.22,2009.07.23,Nej,Fredat vilt,Varg,,Bete utan stängsel,Fältkontroll - LST,Bedömd som säker,2-2023,Råbergets fäb.,6746208,1377582,6742904,421419,6746208,1377582,RT90,Mindre bra,2009.07.24,Nej,,Ja,2017.12.14,,,2,2,0,0,0,0,3,0,0,0,0,0,0,0,0,0,0,0,0,0,0,0,0,0,0,0,4,0,0,0,0,Historiska data - ej angivet,,,2-2023,Malung (S),2-20,Dalarnas län (S),11,2009
V482699,,2009.07.24,Ja,2009.07.25,,,Får,,Annan,Pälsfår,2009.07.22,2009.07.24,Nej,Fredat vilt,Varg,,Bete innanför stängsel,Fältkontroll - LST,Bedömd som säker,2-2021,Äppelbo,6707214,1401182,6704222,445483,6707214,1401182,RT90,Mindre bra,2009.07.25,Nej,,Ja,2017.12.14,,,3,2,0,0,0,0,1,0,0,0,0,0,0,0,0,0,3,0,0,0,0,0,0,0,0,0,0,0,0,0,0,Historiska data - ej angivet,,,2-2021,Vansbro (S),2-20,Dalarnas län (S),9,2009
V482700,,2009.07.26,Ja,2009.07.26,,,Får,,Annan,Lantras (bland),2009.07.26,2009.07.26,Nej,Fredat vilt,Varg,,Bete innanför stängsel,Fältkontroll - LST,Bedömd som säker,2-1885,"Ö. Hagen,  Gusselhyttan",6614680,1471223,6612590,516616,6614680,1471223,RT90,Mindre bra,2009.07.26,Nej,,Ja,2017.12.14,,,0,1,0,0,0,0,0,0,0,0,0,0,0,0,0,0,0,0,0,0,0,0,0,0,0,0,0,0,0,0,0,Historiska data - ej angivet,,,2-1885,Lindesberg (S),2-18,Örebro län (S),1,2009
V482895,,2009.07.27,Ja,2009.07.28,,,Får,,,,2009.07.26,2009.07.27,Nej,Fredat vilt,Varg,,Bete innanför stängsel,Fältkontroll - LST,Bedömd som säker,2-1080,Blåningsmåla,6247197,1476687,6245349,526460,6247197,1476687,RT90,Mindre bra,2009.07.28,Nej,,Ja,2017.12.14,,,2,0,0,0,0,0,0,0,0,0,0,0,0,0,0,0,0,0,0,0,0,0,0,0,0,0,0,0,0,0,0,Historiska data - ej angivet,,,2-1080,Karlskrona (S),2-10,Blekinge län (S),2,2009
V482896,,2009.07.27,Ja,2009.07.28,,,Får,,Annan,Blandfår,2009.07.26,2009.07.26,Nej,Fredat vilt,Varg,,Bete utan stängsel,Fältkontroll - LST,Bedömd som säker,2-2031,Karl Tövåsen,6762837,1459406,6760530,502994,6762837,1459406,RT90,Mindre bra,2009.07.28,Nej,,Ja,2017.12.14,,,0,0,0,0,0,0,1,0,0,0,0,0,0,0,0,0,0,0,0,0,0,0,0,0,0,0,0,0,0,0,0,Historiska data - ej angivet,,,2-2031,Rättvik (S),2-20,Dalarnas län (S),1,2009
V482848,,2009.07.28,Ja,2009.07.28,,,Får,,,,2009.07.28,2009.07.28,Nej,Fredat vilt,Varg,,Bete utan stängsel,Fältkontroll - LST,Bedömd som säker,2-1737,Trång,6694300,1348327,6690669,392818,6694300,1348327,RT90,Mindre bra,2009.07.28,Nej,,Ja,2017.12.14,,,0,1,0,0,0,0,0,0,0,0,0,0,0,0,0,0,0,0,0,0,0,0,0,0,0,0,0,0,0,0,0,Historiska data - ej angivet,,,2-1737,Torsby (S),2-17,Värmlands län (S),1,2009
V482989,,2009.07.28,Ja,2009.07.29,,,Får,,Annan,Gutefår,2009.07.27,2009.07.28,Nej,Fredat vilt,Varg,,Bete innanför stängsel,Fältkontroll - LST,Bedömd som säker,2-0188,Tuttboda,6619575,1650920,6619666,696184,6619575,1650920,RT90,Mindre bra,2009.07.29,Nej,,Ja,2017.12.14,,,2,0,0,0,0,0,0,0,0,0,0,0,0,0,0,0,1,0,0,0,0,0,0,0,0,0,0,0,0,0,0,Historiska data - ej angivet,,,2-0188,Norrtälje (S),2-01,Stockholms län (S),3,2009
V482897,,2009.07.30,Ja,2009.07.30,,,Får,,,,2009.07.29,2009.07.30,Nej,Fredat vilt,Varg,,Bete innanför stängsel,Fältkontroll - LST,Bedömd som säker,2-1737,Torsby,6672190,1342254,6668499,387019,6672190,1342254,RT90,Mindre bra,2009.07.30,Nej,,Ja,2017.12.14,,,2,2,0,0,0,0,17,0,0,0,0,0,0,0,0,0,0,0,0,0,4,3,0,0,0,0,0,0,0,0,0,Historiska data - ej angivet,,,2-1737,Torsby (S),2-17,Värmlands län (S),28,2009
V482900,,2009.07.31,Ja,2009.07.31,,,Får,,,,2009.07.30,2009.07.31,Nej,Fredat vilt,Varg,,Bete innanför stängsel,Fältkontroll - LST,Bedömd som säker,2-1737,Ganterud,6679718,1337053,6675958,381729,6679718,1337053,RT90,Mindre bra,2009.07.31,Nej,,Ja,2017.12.14,,,2,3,0,0,0,0,3,0,0,0,0,0,0,0,0,0,0,0,0,0,0,1,0,0,0,0,0,0,0,0,0,Historiska data - ej angivet,,,2-1737,Torsby (S),2-17,Värmlands län (S),9,2009
V482986,,2009.08.03,Ja,2009.08.03,,,Får,,,,2009.08.01,2009.08.03,Nej,Fredat vilt,Varg,,Bete innanför stängsel,Fältkontroll - LST,Bedömd som säker,2-1080,Orranäs,6228619,1509501,6227163,559477,6228619,1509501,RT90,Mindre bra,2009.08.03,Nej,,Ja,2017.12.14,,,3,0,0,0,0,0,0,0,0,0,1,0,0,0,0,0,0,0,0,0,0,0,0,0,0,0,0,0,0,0,0,Historiska data - ej angivet,,,2-1080,Karlskrona (S),2-10,Blekinge län (S),4,2009
V482988,,2009.08.04,Ja,2009.08.05,,,Får,,Annan,Gutefår-Pälsfår,2009.08.03,2009.08.04,Nej,Fredat vilt,Varg,,Bete utan stängsel,Fältkontroll - LST,Bedömd som säker,2-2039,Brindberg,6803858,1399438,6800790,442552,6803858,1399438,RT90,Mindre bra,2009.08.05,Nej,,Ja,2017.12.14,,,0,0,0,0,0,0,1,0,0,0,0,0,0,0,0,0,0,0,0,0,0,0,0,0,0,0,0,0,0,0,0,Historiska data - ej angivet,,,2-2039,Älvdalen (S),2-20,Dalarnas län (S),1,2009
V482702,,2009.08.07,Ja,2009.08.07,,,Får,,,,2009.08.06,2009.08.07,Nej,Fredat vilt,Varg,,Bete innanför stängsel,Fältkontroll - LST,Bedömd som säker,2-1080,Sandhamn,6218722,1502981,6217194,553075,6218722,1502981,RT90,Mindre bra,2009.08.07,Nej,,Ja,2017.12.14,,,3,2,0,0,0,0,4,0,0,0,0,1,0,0,0,0,1,0,0,0,1,1,0,0,0,0,1,0,0,0,0,Historiska data - ej angivet,,,2-1080,Karlskrona (S),2-10,Blekinge län (S),14,2009
V482990,,2009.08.07,Ja,2009.08.07,,,Får,,,,2009.08.06,2009.08.07,Nej,Fredat vilt,Varg,,Bete innanför stängsel,Fältkontroll - LST,Bedömd som säker,2-1080,Sandhamn,6219158,1503940,6217641,554029,6219158,1503940,RT90,Mindre bra,2009.08.07,Nej,,Ja,2017.12.14,,,0,0,0,0,0,0,5,0,0,0,0,0,0,0,0,0,2,0,0,0,0,0,0,0,0,0,2,0,0,0,0,Historiska data - ej angivet,,,2-1080,Karlskrona (S),2-10,Blekinge län (S),9,2009
V480146,,2009.08.09,Ja,2009.08.10,,,Får,,,,2009.08.08,2009.08.09,Nej,Fredat vilt,Varg,,Bete innanför stängsel,Fältkontroll - LST,Bedömd som säker,2-1080,Truseryd,6219982,1504187,6218468,554266,6219982,1504187,RT90,Mindre bra,2009.08.10,Nej,,Ja,2017.12.14,,,2,0,0,0,0,0,3,0,0,0,0,0,0,0,0,0,4,0,0,0,0,0,0,0,0,0,0,0,0,0,0,Historiska data - ej angivet,,,2-1080,Karlskrona (S),2-10,Blekinge län (S),9,2009
V482715,,2009.08.12,Ja,2009.08.13,,,Får,,Annan,X-gruppen,2009.08.09,2009.08.12,Nej,Fredat vilt,Varg,,Bete utan stängsel,Fältkontroll - LST,Bedömd som säker,2-2361,Rottenhållan,6844732,1389508,6841518,432123,6844732,1389508,RT90,Mindre bra,2009.08.13,Nej,,Ja,2017.12.14,,,1,1,0,2,0,0,2,0,0,0,0,0,0,0,0,0,0,0,0,0,8,6,0,3,1,0,2,0,0,0,0,Historiska data - ej angivet,,,2-2361,Härjedalen (S),2-23,Jämtlands län (S),26,2009
V482533,,2009.08.13,Ja,2009.08.13,,,Får,,Annan,Mjölkfår,2009.08.12,2009.08.13,Nej,Fredat vilt,Varg,,Bete innanför stängsel,Fältkontroll - LST,Bedömd som säker,2-1080,Öljersjö,6229845,1494909,6228218,544877,6229845,1494909,RT90,Mindre bra,2009.08.13,Nej,,Ja,2017.12.14,,,0,0,0,0,0,0,3,0,0,0,0,0,0,0,0,0,4,0,0,0,0,0,0,0,0,0,0,0,0,0,0,Historiska data - ej angivet,,,2-1080,Karlskrona (S),2-10,Blekinge län (S),7,2009
V482957,,2009.08.20,Ja,2009.08.22,,,Får,,Annan,Blandras,2009.08.18,2009.08.20,Nej,Fredat vilt,Varg,,Bete innanför stängsel,Fältkontroll - LST,Bedömd som säker,2-1462,Hjärtum,6460861,1285357,6456622,332713,6460861,1285357,RT90,Mindre bra,2009.08.22,Nej,,Ja,2017.12.14,,,0,0,0,0,0,0,16,3,0,0,0,0,0,0,0,0,0,0,0,0,0,0,0,0,0,0,7,1,0,0,0,Historiska data - ej angivet,,,2-1462,LillaEdet (S),2-14,Västra Götalands län (S),27,2009
V482960,,2009.08.21,Ja,2009.08.21,,,Får,,,,2009.08.20,2009.08.21,Nej,Fredat vilt,Varg,,Bete innanför stängsel,Fältkontroll - LST,Bedömd som säker,2-0763,Slättamåla,6271697,1447103,6269490,496603,6271697,1447103,RT90,Mindre bra,2009.08.21,Nej,,Ja,2017.12.14,,,0,0,0,0,0,0,1,0,0,0,0,0,0,0,0,0,0,0,0,0,0,0,0,0,0,0,0,0,0,0,0,Historiska data - ej angivet,,,2-0763,Tingsryd (S),2-07,Kronobergs län (S),1,2009
V480147,,2009.08.23,Ja,2009.08.24,,,Får,,Annan,Lantras,2009.08.22,2009.08.23,Nej,Fredat vilt,Varg,,Bete utan stängsel,Fältkontroll - LST,Bedömd som säker,2-2326,Östra Galkåbodarna,6962852,1405359,6959768,446494,6962852,1405359,RT90,Mindre bra,2009.08.24,Nej,,Ja,2017.12.14,,,0,0,0,0,0,0,1,0,0,0,0,0,0,0,0,0,2,0,0,0,0,0,0,0,0,0,0,0,0,0,0,Historiska data - ej angivet,,,2-2326,Berg (S),2-23,Jämtlands län (S),3,2009
V482958,,2009.08.23,Ja,2009.08.23,,,Får,,,,2009.08.22,2009.08.23,Nej,Fredat vilt,Varg,,Bete innanför stängsel,Fältkontroll - LST,Bedömd som säker,2-1737,Lekvattnet,6676660,1327760,6672789,372479,6676660,1327760,RT90,Mindre bra,2009.08.23,Nej,,Ja,2017.12.14,,,0,0,0,0,0,0,0,1,0,0,0,0,0,0,0,0,0,0,0,0,0,0,0,0,0,0,0,0,0,0,0,Historiska data - ej angivet,,,2-1737,Torsby (S),2-17,Värmlands län (S),1,2009
V482540,,2009.08.24,Ja,2009.08.25,,,Får,,Annan,Blandras,2009.08.21,2009.08.23,Nej,Fredat vilt,Varg,,Bete innanför stängsel,Fältkontroll - LST,Bedömd som säker,2-1885,Rockhammar,6600879,1476021,6598854,521579,6600879,1476021,RT90,Mindre bra,2009.08.25,Nej,,Ja,2017.12.14,,,0,0,0,3,0,0,0,0,0,0,0,0,0,0,0,0,1,0,0,0,0,0,0,0,0,0,0,0,0,0,0,Historiska data - ej angivet,,,2-1885,Lindesberg (S),2-18,Örebro län (S),4,2009
V482961,,2009.08.24,Ja,2009.08.24,,,Får,,,,2009.08.22,2009.08.24,Nej,Fredat vilt,Varg,,Bete innanför stängsel,Fältkontroll - LST,Bedömd som säker,2-0764,Huseby,6295027,1425740,6292557,474977,6295027,1425740,RT90,Mindre bra,2009.08.24,Nej,,Ja,2017.12.14,,,0,0,0,3,0,0,1,0,0,0,0,0,0,0,0,0,0,0,0,0,0,0,0,0,0,0,0,0,0,0,0,Historiska data - ej angivet,,,2-0764,Alvesta (S),2-07,Kronobergs län (S),4,2009
V482541,,2009.08.31,Ja,2009.08.31,,,Får,,Annan,Pälskorsning,2009.08.30,2009.08.31,Nej,Fredat vilt,Varg,,Bete innanför stängsel,Fältkontroll - LST,Bedömd som säker,2-0665,Häradsö,6355580,1391728,6352674,440269,6355580,1391728,RT90,Mindre bra,2009.08.31,Nej,,Ja,2017.12.14,,,0,0,0,0,0,0,0,0,0,0,0,0,0,0,0,0,1,0,0,0,0,0,0,0,0,0,0,0,0,0,0,Historiska data - ej angivet,,,2-0665,Vaggeryd (S),2-06,Jönköpings län (S),1,2009
V482723,,2009.09.02,Ja,2009.09.02,,,Får,,Annan,Texel,2009.09.02,2009.09.02,Nej,Fredat vilt,Varg,,Bete innanför stängsel,Fältkontroll - LST,Bedömd som säker,2-1430,Kvarmehogen,6518900,1267100,6514401,313773,6518900,1267100,RT90,Mindre bra,2009.09.02,Nej,,Ja,2017.12.14,,,0,0,0,0,0,0,1,0,0,0,0,0,0,0,0,0,0,0,0,0,0,0,0,0,0,0,0,0,0,0,0,Historiska data - ej angivet,,,2-1430,Munkedal (S),2-14,Västra Götalands län (S),1,2009
V480148,,2009.09.05,Ja,2009.09.05,,,Får,,,,2009.09.04,2009.09.05,Nej,Fredat vilt,Varg,,Bete innanför stängsel,Fältkontroll - LST,Bedömd som säker,2-1491,Toarp,6392550,1356250,6389202,404374,6392550,1356250,RT90,Mindre bra,2009.09.05,Nej,,Ja,2017.12.14,,,11,12,0,0,0,0,0,0,0,0,2,0,0,0,0,0,0,0,0,0,0,0,0,0,0,0,0,0,0,0,0,Historiska data - ej angivet,,,2-1491,Ulricehamn (S),2-14,Västra Götalands län (S),25,2009
V482413,,2009.09.09,Ja,2009.09.10,,,Får,,,,2009.09.09,2009.09.09,Nej,Fredat vilt,Varg,,Bete innanför stängsel,Fältkontroll - LST,Bedömd som säker,2-2283,Yttersel,7020300,1570500,7019259,610837,7020300,1570500,RT90,Mindre bra,2009.09.10,Nej,,Ja,2017.12.14,,,0,1,0,0,0,0,0,0,0,0,0,0,0,0,0,0,0,0,0,0,0,0,0,0,0,0,0,0,0,0,0,Historiska data - ej angivet,,,2-2283,Sollefteå (S),2-22,Västernorrlands län (S),1,2009
V482740,,2009.09.13,Ja,2009.09.14,,,Får,,,,2009.09.01,2009.09.10,Nej,Fredat vilt,Varg,,Bete innanför stängsel,Fältkontroll - LST,Bedömd som säker,2-1491,Bystadsjön,6392939,1357660,6389607,405779,6392939,1357660,RT90,Mindre bra,2009.09.14,Nej,,Ja,2017.12.14,,,0,0,0,0,0,0,1,0,0,0,0,0,0,0,0,0,0,0,0,0,0,0,0,0,0,0,0,0,0,0,0,Historiska data - ej angivet,,,2-1491,Ulricehamn (S),2-14,Västra Götalands län (S),1,2009
V482758,,2009.09.29,Ja,2009.09.30,,,Får,,Annan,Leicester,2009.09.29,2009.09.29,Nej,Fredat vilt,Varg,,Bete innanför stängsel,Fältkontroll - LST,Bedömd som säker,2-1293,Rävninge,6238353,1383587,6235420,433513,6238353,1383587,RT90,Mindre bra,2009.09.30,Nej,,Ja,2017.12.14,,,0,0,0,0,0,0,1,0,0,0,0,0,0,0,0,0,0,0,0,0,0,0,0,0,0,0,0,0,0,0,0,Historiska data - ej angivet,,,2-1293,Hässleholm (S),2-12,Skåne län (S),1,2009
V482584,,2009.10.04,Ja,2009.10.04,,,Får,,,,2009.10.03,2009.10.04,Nej,Fredat vilt,Varg,,Bete innanför stängsel,Fältkontroll - LST,Bedömd som säker,2-1737,Ängarna,6676359,1327883,6672490,372606,6676359,1327883,RT90,Mindre bra,2009.10.04,Nej,,Ja,2017.12.14,,,0,0,0,0,0,0,0,1,0,0,0,0,0,0,0,0,0,0,0,0,0,0,0,0,0,0,0,0,0,0,0,Historiska data - ej angivet,,,2-1737,Torsby (S),2-17,Värmlands län (S),1,2009
V482704,,2009.10.11,Ja,2009.10.12,,,Får,,,,2009.10.09,2009.10.11,Nej,Fredat vilt,Varg,,Bete innanför stängsel,Fältkontroll - LST,Bedömd som säker,2-1447,Håkankila 13,6526928,1405635,6524091,452123,6526928,1405635,RT90,Mindre bra,2009.10.12,Nej,,Ja,2017.12.14,,,0,0,0,0,0,0,0,1,0,0,0,0,0,0,0,0,0,0,0,0,0,0,0,0,0,0,0,0,0,0,0,Historiska data - ej angivet,,,2-1447,Gullspång (S),2-14,Västra Götalands län (S),1,2009
V482707,,2009.10.13,Ja,2009.10.13,,,Får,,Annan,lantras,2009.10.12,2009.10.13,Nej,Fredat vilt,Varg,,Bete innanför stängsel,Fältkontroll - LST,Bedömd som säker,2-2313,Andersnäset,7110309,1518018,7108568,557242,7110309,1518018,RT90,Mindre bra,2009.10.13,Nej,,Ja,2017.12.14,,,2,1,0,0,0,0,0,0,0,0,6,2,0,0,0,0,0,0,0,0,0,0,0,0,0,0,0,0,0,0,0,Historiska data - ej angivet,,,2-2313,Strömsund (S),2-23,Jämtlands län (S),11,2009
V482708,,2009.10.13,Ja,2009.10.13,,,Får,,,,2009.10.12,2009.10.13,Nej,Fredat vilt,Varg,,Bete innanför stängsel,Fältkontroll - LST,Bedömd som säker,2-0765,Eneryda,6284038,1408693,6281373,458069,6284038,1408693,RT90,Mindre bra,2009.10.13,Nej,,Ja,2017.12.14,,,2,0,0,0,0,0,0,0,0,0,0,0,0,1,0,0,0,0,0,0,0,0,0,0,0,0,0,0,0,0,0,Historiska data - ej angivet,,,2-0765,Älmhult (S),2-07,Kronobergs län (S),3,2009
V482732,,2009.10.16,Ja,2009.10.18,,,Får,,Annan,Texel,2009.10.15,2009.10.16,Nej,Fredat vilt,Varg,,Bete innanför stängsel,Fältkontroll - LST,Bedömd som säker,2-1482,Romelanda,6430475,1274605,6426129,322332,6430475,1274605,RT90,Mindre bra,2009.10.18,Nej,,Ja,2017.12.14,,,1,0,0,0,0,0,1,0,0,0,0,0,0,0,0,0,0,0,0,0,0,0,0,0,0,0,0,0,0,0,0,Historiska data - ej angivet,,,2-1482,Kungälv (S),2-14,Västra Götalands län (S),2,2009
V482730,,2009.10.17,Ja,2009.10.17,,,Får,,Annan,Texel,2009.10.16,2009.10.17,Nej,Fredat vilt,Varg,,Bete innanför stängsel,Fältkontroll - LST,Bedömd som säker,2-1383,"Toarp, Valinge",6345332,1294341,6341281,343066,6345332,1294341,RT90,Mindre bra,2009.10.17,Nej,,Ja,2017.12.14,,,0,0,0,0,0,0,0,1,0,0,0,0,0,0,0,0,0,0,0,0,0,0,0,0,0,0,0,0,0,0,0,Historiska data - ej angivet,,,2-1383,Varberg (S),2-13,Hallands län (S),1,2009
V482731,,2009.10.18,Ja,2009.10.19,,,Får,,Annan,Päls-Suffolk,2009.10.16,2009.10.18,Nej,Fredat vilt,Varg,,Bete innanför stängsel,Fältkontroll - LST,Bedömd som säker,2-1463,"Ekås, Fotskäl",6373198,1295947,6369146,344340,6373198,1295947,RT90,Mindre bra,2009.10.19,Nej,,Ja,2017.12.14,,,1,0,0,0,0,0,0,0,0,0,0,0,0,0,0,0,0,0,0,0,0,0,0,0,0,0,0,0,0,0,0,Historiska data - ej angivet,,,2-1463,Mark (S),2-14,Västra Götalands län (S),1,2009
V482751,,2009.10.27,Ja,2009.10.27,,,Får,,Annan,Spelsau,2009.10.25,2009.10.27,Nej,Fredat vilt,Varg,,Bete innanför stängsel,Fältkontroll - LST,Bedömd som säker,2-1762,Ransberg,6632400,1366600,6629030,411834,6632400,1366600,RT90,Mindre bra,2009.10.27,Nej,,Ja,2017.12.14,,,3,0,0,0,0,0,2,0,0,0,0,0,0,0,0,0,0,0,0,0,0,0,0,0,0,0,0,0,0,0,0,Historiska data - ej angivet,,,2-1762,Munkfors (S),2-17,Värmlands län (S),5,2009
V482418,,2009.10.30,Ja,2009.10.30,,,Får,,Annan,Blandras,2009.10.29,2009.10.30,Nej,Fredat vilt,Varg,,Bete innanför stängsel,Fältkontroll - LST,Bedömd som säker,2-1293,Norra Sandby,6229513,1382987,6226578,433017,6229513,1382987,RT90,Mindre bra,2009.10.30,Nej,,Ja,2017.12.14,,,5,5,0,0,0,0,11,0,0,0,0,0,0,0,0,0,2,0,0,0,0,0,0,0,0,0,0,0,0,0,0,Historiska data - ej angivet,,,2-1293,Hässleholm (S),2-12,Skåne län (S),23,2009
V482754,,2009.11.26,Ja,2009.11.27,,,Får,,,,2009.11.26,2009.11.26,Nej,Fredat vilt,Varg,,Bete innanför stängsel,Fältkontroll - LST,Bedömd som säker,2-1493,Sundsmarken,6519966,1390538,6516952,437118,6519966,1390538,RT90,Mindre bra,2009.11.27,Nej,,Ja,2017.12.14,,,0,0,0,0,0,0,1,0,0,0,0,0,0,0,0,0,0,0,0,0,0,0,0,0,0,0,0,0,0,0,0,Historiska data - ej angivet,,,2-1493,Mariestad (S),2-14,Västra Götalands län (S),1,2009
V482414,,2009.12.06,Ja,2009.12.06,,,Får,,Annan,Hälsingefår,2009.12.06,2009.12.06,Nej,Fredat vilt,Varg,,Bete innanför stängsel,Fältkontroll - LST,Bedömd som säker,2-0331,Bjurvalla Östervåla,6672039,1572858,6671162,617509,6672039,1572858,RT90,Mindre bra,2009.12.06,Nej,,Ja,2017.12.14,,,0,0,0,0,0,0,0,0,0,0,1,0,0,0,0,0,0,0,0,0,0,0,0,0,0,0,0,0,0,0,0,Historiska data - ej angivet,,,2-0331,Heby (S),2-03,Uppsala län (S),1,2009
V482277,,2010.04.23,Ja,2010.04.24,,,Får,,,,2010.04.21,2010.04.23,Nej,Fredat vilt,Varg,,Bete innanför stängsel,Fältkontroll - LST,Bedömd som säker,2-1462,Hjärtum,6461480,1285725,6457245,333074,6461480,1285725,RT90,Mindre bra,2010.04.24,Nej,,Ja,2017.12.14,,,0,0,0,0,0,0,15,0,0,0,0,0,0,0,0,0,2,0,0,0,0,0,0,0,0,0,0,0,0,0,0,Historiska data - ej angivet,,,2-1462,LillaEdet (S),2-14,Västra Götalands län (S),17,2010
V482438,,2010.06.03,Ja,2010.06.04,,,Får,,Annan,x,2010.06.02,2010.06.03,Nej,Fredat vilt,Varg,,Bete innanför stängsel,Fältkontroll - LST,Bedömd som säker,2-1784,Lyckan,6645096,1323087,6641188,368194,6645096,1323087,RT90,Mindre bra,2010.06.04,Nej,,Ja,2017.12.14,,,1,3,0,0,0,0,0,0,0,0,0,0,0,0,0,0,0,0,0,0,0,0,0,0,0,0,0,0,0,0,0,Historiska data - ej angivet,,,2-1784,Arvika (S),2-17,Värmlands län (S),4,2010
V482152,,2010.06.27,Ja,2010.06.27,,,Får,,,,2010.06.27,2010.06.27,Nej,Fredat vilt,Varg,,Bete innanför stängsel,Fältkontroll - LST,Bedömd som säker,2-1981,Östervad,6659307,1540600,6658041,585419,6659307,1540600,RT90,Mindre bra,2010.06.27,Nej,,Ja,2017.12.14,,,0,0,0,0,0,0,1,0,0,0,0,0,0,0,0,0,0,0,0,0,0,0,0,0,0,0,0,0,0,0,0,Historiska data - ej angivet,,,2-1981,Sala (S),2-19,Västmanlands län (S),1,2010
V482149,,2010.06.28,Ja,2010.06.28,,,Får,,,,2010.06.27,2010.06.28,Nej,Fredat vilt,Varg,,Bete innanför stängsel,Fältkontroll - LST,Bedömd som säker,2-1730,Hallebol,6628486,1302577,6624340,347900,6628486,1302577,RT90,Mindre bra,2010.06.28,Nej,,Ja,2017.12.14,,,3,1,0,0,0,0,0,0,0,0,0,0,0,0,0,0,0,0,0,0,3,2,0,0,0,0,0,0,0,0,0,Historiska data - ej angivet,,,2-1730,Eda (S),2-17,Värmlands län (S),9,2010
V482630,,2010.07.09,Ja,2010.07.09,,,Får,,Annan,Vet ej,2010.07.07,2010.07.08,Nej,Fredat vilt,Varg,,Bete innanför stängsel,Fältkontroll - LST,Bedömd som säker,2-1439,Bronäset,6523300,1279100,6518942,325711,6523300,1279100,RT90,Mindre bra,2010.07.09,Nej,,Ja,2017.12.14,,,1,0,0,0,0,0,0,0,0,0,0,0,0,0,0,0,0,0,0,0,0,0,0,0,0,0,0,0,0,0,0,Historiska data - ej angivet,,,2-1439,Färgelanda (S),2-14,Västra Götalands län (S),1,2010
V482154,,2010.07.12,Ja,2010.07.12,,,Får,,,,2010.07.11,2010.07.12,Nej,Fredat vilt,Varg,,Bete innanför stängsel,Fältkontroll - LST,Bedömd som säker,2-1904,Getbro,6628050,1501678,6626324,546894,6628050,1501678,RT90,Mindre bra,2010.07.12,Nej,,Ja,2017.12.14,,,0,2,0,0,0,0,0,1,0,0,0,0,0,0,0,0,0,0,0,0,0,0,0,0,0,0,0,0,0,0,0,Historiska data - ej angivet,,,2-1904,Skinnskatteberg (S),2-19,Västmanlands län (S),3,2010
V482155,,2010.07.14,Ja,2010.07.14,,,Får,,,,2010.07.10,2010.07.14,Nej,Fredat vilt,Varg,,Bete innanför stängsel,Fältkontroll - LST,Bedömd som säker,2-1904,Vreten,6630283,1504322,6628588,549510,6630283,1504322,RT90,Mindre bra,2010.07.14,Nej,,Ja,2017.12.14,,,4,3,0,0,0,0,6,0,0,0,0,0,0,0,0,0,0,0,0,0,0,0,0,0,0,0,1,0,0,0,0,Historiska data - ej angivet,,,2-1904,Skinnskatteberg (S),2-19,Västmanlands län (S),14,2010
V482469,,2010.07.14,Ja,2010.07.14,,,Får,,,,2010.07.13,2010.07.14,Nej,Fredat vilt,Varg,,Bete innanför stängsel,Fältkontroll - LST,Bedömd som säker,2-1782,Örlingen,6641385,1422015,6638684,467108,6641385,1422015,RT90,Mindre bra,2010.07.14,Nej,,Ja,2017.12.14,,,1,1,0,0,0,0,4,0,0,0,1,1,0,0,0,0,0,0,0,0,0,0,0,0,0,0,0,0,0,0,0,Historiska data - ej angivet,,,2-1782,Filipstad (S),2-17,Värmlands län (S),8,2010
V482636,,2010.07.15,Ja,2010.07.16,,,Får,,Annan,Åsenfår,2010.07.14,2010.07.15,Nej,Fredat vilt,Varg,,Bete innanför stängsel,Fältkontroll - LST,Bedömd som säker,2-1885,Yxe,6602229,1464343,6600062,509890,6602229,1464343,RT90,Mindre bra,2010.07.16,Nej,,Ja,2017.12.14,,,3,2,0,18,0,0,0,0,0,0,0,0,0,0,0,0,0,0,0,0,0,0,0,0,0,0,0,0,0,0,0,Historiska data - ej angivet,,,2-1885,Lindesberg (S),2-18,Örebro län (S),23,2010
V482294,,2010.07.26,Ja,2010.07.26,,,Får,,Annan,Värmländska skogsfår,2010.07.25,2010.07.26,Nej,Fredat vilt,Varg,,Bete innanför stängsel,Fältkontroll - LST,Bedömd som säker,2-1737,Lekvattnet,6676660,1327760,6672789,372479,6676660,1327760,RT90,Mindre bra,2010.07.26,Nej,,Ja,2017.12.14,,,0,0,0,0,5,0,0,2,0,0,0,0,0,0,1,0,0,0,0,0,0,0,0,0,0,0,0,0,0,0,0,Historiska data - ej angivet,,,2-1737,Torsby (S),2-17,Värmlands län (S),8,2010
V482295,,2010.07.29,Ja,2010.07.29,,,Får,,Annan,x,2010.07.28,2010.07.29,Nej,Fredat vilt,Varg,,Bete innanför stängsel,Fältkontroll - LST,Bedömd som säker,2-1760,Rönningen,6583196,1413127,6580418,458931,6583196,1413127,RT90,Mindre bra,2010.07.29,Nej,,Ja,2017.12.14,,,0,0,0,0,0,0,1,0,0,0,0,0,0,0,0,0,0,0,0,0,0,0,0,0,0,0,0,0,0,0,0,Historiska data - ej angivet,,,2-1760,Storfors (S),2-17,Värmlands län (S),1,2010
V482402,,2010.08.02,Ja,2010.08.02,,,Får,,Annan,värmländska skogsfår,2010.08.01,2010.08.02,Nej,Fredat vilt,Varg,,Bete innanför stängsel,Fältkontroll - LST,Bedömd som säker,2-1737,Lekvattnet,6675776,1328257,6671912,372987,6675776,1328257,RT90,Mindre bra,2010.08.02,Nej,,Ja,2017.12.14,,,0,0,0,1,0,0,0,0,0,0,0,0,0,0,0,0,0,0,0,0,0,0,0,0,0,0,0,0,0,0,0,Historiska data - ej angivet,,,2-1737,Torsby (S),2-17,Värmlands län (S),1,2010
V482634,,2010.08.09,Ja,2010.08.09,,,Får,,,,2010.08.08,2010.08.09,Nej,Fredat vilt,Varg,,Bete innanför stängsel,Fältkontroll - LST,Bedömd som säker,2-1760,Kväggeshyttan,6583200,1413100,6580422,458904,6583200,1413100,RT90,Mindre bra,2010.08.09,Nej,,Ja,2017.12.14,,,0,2,0,0,0,0,0,0,0,0,0,0,0,0,0,0,0,0,0,0,0,0,0,0,0,0,0,0,0,0,0,Historiska data - ej angivet,,,2-1760,Storfors (S),2-17,Värmlands län (S),2,2010
V482126,,2010.08.11,Ja,2010.08.11,,,Får,,Annan,x,2010.08.10,2010.08.11,Nej,Fredat vilt,Varg,,Bete innanför stängsel,Fältkontroll - LST,Bedömd som säker,2-1760,Kväggeshyttan,6583196,1413127,6580418,458931,6583196,1413127,RT90,Mindre bra,2010.08.11,Nej,,Ja,2017.12.14,,,0,0,0,0,0,0,0,1,0,0,0,0,0,0,0,0,0,0,0,0,0,0,0,0,0,0,0,0,0,0,0,Historiska data - ej angivet,,,2-1760,Storfors (S),2-17,Värmlands län (S),1,2010
V482156,,2010.08.14,Ja,2010.08.15,,,Får,,,,2010.08.13,2010.08.14,Nej,Fredat vilt,Varg,,Bete innanför stängsel,Fältkontroll - LST,Bedömd som säker,2-1907,Skinnartorp,6624095,1516453,6622550,561710,6624095,1516453,RT90,Mindre bra,2010.08.15,Nej,,Ja,2017.12.14,,,0,0,0,0,1,0,0,0,0,0,0,0,0,0,0,0,0,0,0,0,0,0,0,0,0,0,0,0,0,0,0,Historiska data - ej angivet,,,2-1907,Surahammar (S),2-19,Västmanlands län (S),1,2010
V482635,,2010.08.14,Ja,2010.08.14,,,Får,,,,2010.08.13,2010.08.14,Nej,Fredat vilt,Varg,,Bete utan stängsel,Fältkontroll - LST,Bedömd som säker,2-2034,Kruppa fäbod,6781678,1454484,6779301,497842,6781678,1454484,RT90,Mindre bra,2010.08.14,Nej,,Ja,2017.12.14,,,0,0,0,0,0,0,4,0,0,0,0,0,0,0,0,0,0,0,0,0,0,0,0,0,0,0,2,0,0,0,0,Historiska data - ej angivet,,,2-2034,Orsa (S),2-20,Dalarnas län (S),6,2010
V482305,,2010.08.20,Ja,2010.08.20,,,Får,,,,2010.08.19,2010.08.20,Nej,Fredat vilt,Varg,,Bete utan stängsel,Fältkontroll - LST,Bedömd som säker,2-2034,V.Grunuberg,6775105,1447190,6772641,490633,6775105,1447190,RT90,Mindre bra,2010.08.20,Nej,,Ja,2017.12.14,,,0,1,0,1,0,0,0,0,0,0,0,0,0,0,0,0,0,0,0,0,0,0,0,0,0,0,0,0,0,0,0,Historiska data - ej angivet,,,2-2034,Orsa (S),2-20,Dalarnas län (S),2,2010
V482125,,2010.08.23,Ja,2010.08.23,,,Får,,Annan,Kött,2010.08.22,2010.08.23,Nej,Fredat vilt,Varg,,Bete innanför stängsel,Fältkontroll - LST,Bedömd som säker,2-1862,Ölsdalen,6568700,1426650,6566094,472622,6568700,1426650,RT90,Mindre bra,2010.08.23,Nej,,Ja,2017.12.14,,,0,0,0,1,0,0,0,0,0,0,0,0,0,0,0,0,0,0,0,0,0,0,0,0,0,0,0,0,0,0,0,Historiska data - ej angivet,,,2-1862,Degerfors (S),2-18,Örebro län (S),1,2010
V480157,,2010.08.26,Ja,2010.08.26,,,Får,,Annan,Gotlandsfår,2010.08.25,2010.08.26,Nej,Fredat vilt,Varg,,Bete innanför stängsel,Fältkontroll - LST,Bedömd som säker,2-0760,Södra Rås 3:5,6317330,1488898,6315593,537841,6317330,1488898,RT90,Mindre bra,2010.08.26,Nej,,Ja,2017.12.14,,,0,0,0,0,0,0,2,0,0,0,0,0,0,0,0,0,0,0,0,0,0,0,0,0,0,0,0,0,0,0,0,Historiska data - ej angivet,,,2-0760,Uppvidinge (S),2-07,Kronobergs län (S),2,2010
V482119,,2010.08.27,Ja,2010.08.27,,,Får,,Annan,vämländska skogsfår,2010.08.26,2010.08.27,Nej,Fredat vilt,Varg,,Bete innanför stängsel,Fältkontroll - LST,Bedömd som säker,2-1715,Fjällsäter,6617986,1346237,6614377,391659,6617986,1346237,RT90,Mindre bra,2010.08.27,Nej,,Ja,2017.12.14,,,0,0,0,0,0,0,1,0,0,0,0,0,0,0,0,0,0,0,0,0,0,0,0,0,0,0,0,0,0,0,0,Historiska data - ej angivet,,,2-1715,Kil (S),2-17,Värmlands län (S),1,2010
V482267,,2010.08.27,Ja,2010.08.27,,,Får,,,,2010.08.27,2010.08.27,Nej,Fredat vilt,Varg,,Bete innanför stängsel,Fältkontroll - LST,Bedömd som säker,2-2021,Ilbäcken,6715114,1416852,6712309,461048,6715114,1416852,RT90,Mindre bra,2010.08.27,Nej,,Ja,2017.12.14,,,1,0,0,0,0,0,0,0,0,0,0,0,0,0,0,0,0,0,0,0,0,0,0,0,0,0,0,0,0,0,0,Historiska data - ej angivet,,,2-2021,Vansbro (S),2-20,Dalarnas län (S),1,2010
V482300,,2010.09.02,Ja,2010.09.03,,,Får,,Annan,Blandras,2010.08.30,2010.09.02,Nej,Fredat vilt,Varg,,Bete innanför stängsel,Fältkontroll - LST,Bedömd som säker,2-1438,Sannerud,6551980,1281068,6547626,327332,6551980,1281068,RT90,Mindre bra,2010.09.03,Nej,,Ja,2017.12.14,,,0,0,0,0,0,0,6,0,0,0,0,0,0,0,0,0,0,0,0,0,0,0,0,0,0,0,0,0,0,0,0,Historiska data - ej angivet,,,2-1438,Dals-Ed (S),2-14,Västra Götalands län (S),6,2010
V482489,,2010.09.02,Ja,2010.09.04,,,Får,,Annan,Texel,2010.08.31,2010.09.02,Nej,Fredat vilt,Varg,,Bete innanför stängsel,Fältkontroll - LST,Bedömd som säker,2-0821,Sinnernäs,6329419,1514526,6327979,563315,6329419,1514526,RT90,Mindre bra,2010.09.04,Nej,,Ja,2017.12.14,,,8,0,0,0,0,0,7,0,0,0,0,0,0,0,0,0,0,0,0,0,0,0,0,0,0,0,0,0,0,0,0,Historiska data - ej angivet,,,2-0821,Högsby (S),2-08,Kalmar län (S),15,2010
V482485,,2010.09.04,Ja,2010.09.04,,,Får,,,,2010.09.03,2010.09.04,Nej,Fredat vilt,Varg,,Bete utan stängsel,Fältkontroll - LST,Bedömd som säker,2-2034,Ö Grunuberg,6774670,1447580,6772211,491028,6774670,1447580,RT90,Mindre bra,2010.09.04,Nej,,Ja,2017.12.14,,,1,2,0,0,0,0,0,0,0,0,0,0,0,0,0,0,0,0,0,0,0,0,0,0,0,0,0,0,0,0,0,Historiska data - ej angivet,,,2-2034,Orsa (S),2-20,Dalarnas län (S),3,2010
V482301,,2010.09.06,Ja,2010.09.06,,,Får,,Annan,Gutefår,2010.09.05,2010.09.06,Nej,Fredat vilt,Varg,,Bete innanför stängsel,Fältkontroll - LST,Bedömd som säker,2-1461,Dalskog,6524700,1297400,6520562,343982,6524700,1297400,RT90,Mindre bra,2010.09.06,Nej,,Ja,2017.12.14,,,0,0,0,0,1,0,0,0,0,0,0,0,0,0,0,0,0,0,0,0,0,0,0,0,0,0,0,0,0,0,0,Historiska data - ej angivet,,,2-1461,Mellerud (S),2-14,Västra Götalands län (S),1,2010
V482403,,2010.09.06,Ja,2010.09.06,,,Får,,,,2010.09.03,2010.09.06,Nej,Fredat vilt,Varg,,Bete utan stängsel,Fältkontroll - LST,Bedömd som säker,2-2034,V. Grunuberg,6775280,1446900,6772813,490341,6775280,1446900,RT90,Mindre bra,2010.09.06,Nej,,Ja,2017.12.14,,,0,0,0,1,0,0,0,0,0,0,0,0,0,0,0,0,0,0,0,0,3,4,0,3,0,0,0,0,0,0,0,Historiska data - ej angivet,,,2-2034,Orsa (S),2-20,Dalarnas län (S),11,2010
V482578,,2010.09.09,Ja,2010.09.09,,,Får,,,,2010.09.08,2010.09.09,Nej,Fredat vilt,Varg,,Bete innanför stängsel,Fältkontroll - LST,Bedömd som säker,2-1782,Notberg,6625253,1394633,6622228,439938,6625253,1394633,RT90,Mindre bra,2010.09.09,Nej,,Ja,2017.12.14,,,2,3,0,0,0,0,4,0,0,0,0,0,0,0,0,0,0,0,0,0,0,0,0,0,0,0,0,0,0,0,0,Historiska data - ej angivet,,,2-1782,Filipstad (S),2-17,Värmlands län (S),9,2010
V482776,,2010.09.12,Ja,2010.09.14,,,Får,,Annan,Blandras,2010.09.11,2010.09.12,Nej,Fredat vilt,Varg,,Bete innanför stängsel,Fältkontroll - LST,Bedömd som säker,2-1737,Smedserud,6678100,1337200,6674343,381896,6678100,1337200,RT90,Mindre bra,2010.09.14,Nej,,Ja,2017.12.14,,,0,0,0,1,0,0,1,0,0,0,0,0,0,0,0,0,0,0,0,0,0,0,0,0,0,0,0,0,0,0,0,Historiska data - ej angivet,,,2-1737,Torsby (S),2-17,Värmlands län (S),2,2010
V482147,,2010.09.14,Ja,2010.09.15,,,Får,,Annan,Texel,2010.09.13,2010.09.14,Nej,Fredat vilt,Varg,,Bete innanför stängsel,Fältkontroll - LST,Bedömd som säker,2-1737,Bergsidan,6691963,1328417,6688090,372949,6691963,1328417,RT90,Mindre bra,2010.09.15,Nej,,Ja,2017.12.14,,,0,1,0,0,0,0,1,1,0,0,0,0,0,0,0,0,0,0,0,0,0,0,0,0,0,0,0,0,0,0,0,Historiska data - ej angivet,,,2-1737,Torsby (S),2-17,Värmlands län (S),3,2010
V482133,,2010.09.16,Ja,2010.09.17,,,Får,,Annan,x,2010.09.15,2010.09.16,Nej,Fredat vilt,Varg,,Bete innanför stängsel,Fältkontroll - LST,Bedömd som säker,2-1766,Elofstorp,6650900,1329600,6647068,374632,6650900,1329600,RT90,Mindre bra,2010.09.17,Nej,,Ja,2017.12.14,,,0,0,0,0,0,0,1,0,0,0,0,0,0,0,0,0,0,0,0,0,1,1,0,0,0,0,0,0,0,0,0,Historiska data - ej angivet,,,2-1766,Sunne (S),2-17,Värmlands län (S),3,2010
V482159,,2010.09.17,Ja,2010.09.17,,,Får,,,,2010.09.16,2010.09.17,Nej,Fredat vilt,Varg,,Bete innanför stängsel,Fältkontroll - LST,Bedömd som säker,2-1980,Romfartuna,6625898,1539003,6624627,584229,6625898,1539003,RT90,Mindre bra,2010.09.17,Nej,,Ja,2017.12.14,,,0,1,0,0,0,0,0,0,0,0,0,0,0,0,0,0,0,0,0,0,0,0,0,0,0,0,0,0,0,0,0,Historiska data - ej angivet,,,2-1980,Västerås (S),2-19,Västmanlands län (S),1,2010
V480158,,2010.09.18,Ja,2010.09.18,,,Får,,Annan,Gutebagge,2010.09.17,2010.09.18,Nej,Fredat vilt,Varg,,Bete innanför stängsel,Fältkontroll - LST,Bedömd som säker,2-0861,Klämman,6319994,1532533,6318770,581426,6319994,1532533,RT90,Mindre bra,2010.09.18,Nej,,Ja,2017.12.14,,,0,0,0,0,0,0,0,1,0,0,0,0,0,0,0,0,0,0,0,0,0,0,0,0,0,0,0,0,0,0,0,Historiska data - ej angivet,,,2-0861,Mönsterås (S),2-08,Kalmar län (S),1,2010
V482777,,2010.09.18,Ja,2010.09.18,,,Får,,,,2010.09.17,2010.09.18,Nej,Fredat vilt,Varg,,Bete innanför stängsel,Fältkontroll - LST,Bedömd som säker,2-1737,Smeddserud,6677961,1337012,6674202,381709,6677961,1337012,RT90,Mindre bra,2010.09.18,Nej,,Ja,2017.12.14,,,0,0,0,0,1,0,0,0,0,0,0,0,0,0,0,0,0,0,0,0,0,0,0,0,0,0,0,0,0,0,0,Historiska data - ej angivet,,,2-1737,Torsby (S),2-17,Värmlands län (S),1,2010
V482135,,2010.09.21,Ja,2010.09.21,,,Får,,,,2010.09.20,2010.09.21,Nej,Fredat vilt,Varg,,Bete innanför stängsel,Fältkontroll - LST,Bedömd som säker,2-1737,Svenneby,6666940,1343947,6663273,388775,6666940,1343947,RT90,Mindre bra,2010.09.21,Nej,,Ja,2017.12.14,,,0,2,0,0,0,0,0,0,0,0,0,0,0,0,0,0,0,0,0,0,0,2,0,0,0,0,0,0,0,0,0,Historiska data - ej angivet,,,2-1737,Torsby (S),2-17,Värmlands län (S),4,2010
V482310,,2010.09.25,Ja,2010.09.26,,,Får,,Annan,x,2010.09.25,2010.09.25,Nej,Fredat vilt,Varg,,Bete innanför stängsel,Fältkontroll - LST,Bedömd som säker,2-1782,Laggsundet,6664916,1411047,6662068,455860,6664916,1411047,RT90,Mindre bra,2010.09.26,Nej,,Ja,2017.12.14,,,1,0,0,0,0,0,0,0,0,0,0,0,0,0,0,0,0,0,0,0,0,0,0,0,0,0,0,0,0,0,0,Historiska data - ej angivet,,,2-1782,Filipstad (S),2-17,Värmlands län (S),1,2010
V482315,,2010.10.08,Ja,2010.10.08,,,Får,,,,2010.10.07,2010.10.08,Nej,Fredat vilt,Varg,,Bete innanför stängsel,Fältkontroll - LST,Bedömd som säker,2-1439,Brasäter,6508045,1278128,6503686,324923,6508045,1278128,RT90,Mindre bra,2010.10.08,Nej,,Ja,2017.12.14,,,0,0,0,0,0,0,6,0,0,0,0,0,0,0,0,0,5,0,0,0,0,0,0,0,0,0,1,0,0,0,0,Historiska data - ej angivet,,,2-1439,Färgelanda (S),2-14,Västra Götalands län (S),12,2010
V482811,,2010.10.21,Ja,2010.10.22,,,Får,,Annan,Päls,2010.10.20,2010.10.21,Nej,Fredat vilt,Varg,,Bete innanför stängsel,Fältkontroll - LST,Bedömd som säker,2-2181,berga,6709365,1554116,6708244,598318,6709365,1554116,RT90,Mindre bra,2010.10.22,Nej,,Ja,2017.12.14,,,1,0,0,0,0,0,0,0,0,0,0,0,0,0,0,0,0,0,0,0,0,0,0,0,0,0,0,0,0,0,0,Historiska data - ej angivet,,,2-2181,Sandviken (S),2-21,Gävleborgs län (S),1,2010
V482270,,2010.10.26,Ja,2010.10.26,,,Får,,Annan,Texel,2010.10.25,2010.10.26,Nej,Fredat vilt,Varg,,Bete innanför stängsel,Fältkontroll - LST,Bedömd som säker,2-0834,Ebbelångsö,6244791,1511051,6243346,560837,6244791,1511051,RT90,Mindre bra,2010.10.26,Nej,,Ja,2017.12.14,,,0,0,0,0,0,0,5,0,0,0,0,0,0,0,0,0,1,0,0,0,0,0,0,0,0,0,0,0,0,0,0,Historiska data - ej angivet,,,2-0834,Torsås (S),2-08,Kalmar län (S),6,2010
V482333,,2010.10.27,Ja,2010.10.27,,,Får,,Annan,Texel,2010.10.26,2010.10.27,Nej,Fredat vilt,Varg,,Bete innanför stängsel,Fältkontroll - LST,Bedömd som säker,2-0834,Ingö,6243153,1511562,6241715,561367,6243153,1511562,RT90,Mindre bra,2010.10.27,Nej,,Ja,2017.12.14,,,0,0,0,0,0,0,2,0,0,0,0,0,0,0,0,0,1,0,0,0,0,0,0,0,0,0,0,0,0,0,0,Historiska data - ej angivet,,,2-0834,Torsås (S),2-08,Kalmar län (S),3,2010
V482472,,2010.11.16,Ja,2010.11.17,,,Får,,Annan,åsen Får,2010.11.16,2010.11.16,Nej,Fredat vilt,Varg,,Bete innanför stängsel,Fältkontroll - LST,Bedömd som säker,2-2082,Bondhyttan,6687245,1484910,6685287,529412,6687245,1484910,RT90,Mindre bra,2010.11.17,Nej,,Ja,2017.12.14,,,0,0,0,0,0,0,0,1,0,0,0,0,0,0,0,0,0,0,0,0,0,0,0,0,0,0,0,0,0,0,0,Historiska data - ej angivet,,,2-2082,Säter (S),2-20,Dalarnas län (S),1,2010
V482441,,2011.03.07,Ja,2011.03.08,,,Får,,,,2011.03.06,2011.03.07,Nej,Fredat vilt,Varg,,Bete innanför stängsel,Fältkontroll - LST,Bedömd som säker,2-1860,Mosshult,6524930,1431650,6522408,478148,6524930,1431650,RT90,Mindre bra,2011.03.08,Nej,,Ja,2017.12.14,,,0,0,0,0,0,0,1,0,0,0,0,0,0,0,0,0,0,0,0,0,0,0,0,0,0,0,0,0,0,0,0,Historiska data - ej angivet,,,2-1860,Laxå (S),2-18,Örebro län (S),1,2011
V481979,,2011.05.06,Ja,2011.05.06,,,Får,,Annan,Gotland,2011.05.05,2011.05.06,Nej,Fredat vilt,Varg,,Bete innanför stängsel,Fältkontroll - LST,Bedömd som säker,2-0883,Klintemåla,6384345,1526464,6383023,574598,6384345,1526464,RT90,Mindre bra,2011.05.06,Nej,,Ja,2017.12.14,,,0,0,0,1,0,0,1,0,0,0,0,0,0,0,0,0,0,0,0,0,0,0,0,0,0,0,0,0,0,0,0,Historiska data - ej angivet,,,2-0883,Västervik (S),2-08,Kalmar län (S),2,2011
V481980,,2011.05.07,Ja,2011.05.08,,,Får,,Annan,Korsningsfår,2011.05.07,2011.05.07,Nej,Fredat vilt,Varg,,Bete innanför stängsel,Fältkontroll - LST,Bedömd som säker,2-0883,Viborg 1,6382817,1528451,6381519,576602,6382817,1528451,RT90,Mindre bra,2011.05.08,Nej,,Ja,2017.12.14,,,2,4,0,0,0,0,0,0,0,0,1,1,0,0,0,0,2,0,0,0,0,0,0,0,0,0,0,0,0,0,0,Historiska data - ej angivet,,,2-0883,Västervik (S),2-08,Kalmar län (S),10,2011
V481982,,2011.05.13,Ja,2011.05.13,,,Får,,Annan,Texel- blandras.,2011.05.12,2011.05.13,Nej,Fredat vilt,Varg,,Bete innanför stängsel,Fältkontroll - LST,Bedömd som säker,2-0563,Bete på gården,6448916,1539752,6447726,587111,6448916,1539752,RT90,Mindre bra,2011.05.13,Nej,,Ja,2017.12.14,,,0,0,0,0,0,0,4,0,0,0,0,0,0,0,0,0,2,0,0,0,0,0,0,0,0,0,0,0,0,0,0,Historiska data - ej angivet,,,2-0563,Valdemarsvik (S),2-05,Östergötlands län (S),6,2011
V482172,,2011.05.15,Ja,2011.05.15,,,Får,,Annan,Texel,2011.05.14,2011.05.15,Nej,Fredat vilt,Varg,,Bete innanför stängsel,Fältkontroll - LST,Bedömd som säker,2-0880,Gunnarsborg,6308990,1530780,6307750,579803,6308990,1530780,RT90,Mindre bra,2011.05.15,Nej,,Ja,2017.12.14,,,2,3,0,0,0,0,0,0,0,0,1,1,0,2,0,0,0,0,0,0,0,0,0,0,0,0,0,0,0,0,0,Historiska data - ej angivet,,,2-0880,Kalmar (S),2-08,Kalmar län (S),9,2011
V482376,,2011.05.19,Ja,2011.05.19,,,Får,,Annan,korsning,2011.05.18,2011.05.19,Nej,Fredat vilt,Varg,,Bete innanför stängsel,Fältkontroll - LST,Bedömd som säker,2-1081,Hässledalen,6239978,1452569,6237851,502438,6239978,1452569,RT90,Mindre bra,2011.05.19,Nej,,Ja,2017.12.14,,,3,3,0,0,0,0,0,0,0,0,0,0,0,0,0,0,0,0,0,0,0,1,0,0,0,0,0,0,0,0,0,Historiska data - ej angivet,,,2-1081,Ronneby (S),2-10,Blekinge län (S),7,2011
V482549,,2011.05.23,Ja,2011.05.23,,,Får,,,,2011.05.22,2011.05.23,Nej,Fredat vilt,Varg,,Bete innanför stängsel,Fältkontroll - LST,Bedömd som säker,2-2023,V. Bredsjönäs,6681020,1394235,6677958,438861,6681020,1394235,RT90,Mindre bra,2011.05.23,Nej,,Ja,2017.12.14,,,2,1,0,0,0,0,3,0,0,0,1,4,0,0,0,0,3,0,0,0,3,3,0,0,0,0,1,0,0,0,0,Historiska data - ej angivet,,,2-2023,Malung (S),2-20,Dalarnas län (S),21,2011
V482385,,2011.05.25,Ja,2011.05.25,,,Får,,Annan,Rya,2011.05.24,2011.05.25,Nej,Fredat vilt,Varg,,Bete innanför stängsel,Fältkontroll - LST,Bedömd som säker,2-1763,Butorp,6625499,1375241,6622238,420554,6625499,1375241,RT90,Mindre bra,2011.05.25,Nej,,Ja,2017.12.14,,,0,0,0,0,0,0,1,0,0,0,0,0,0,0,0,0,0,0,0,0,0,0,0,0,0,0,0,0,0,0,0,Historiska data - ej angivet,,,2-1763,Forshaga (S),2-17,Värmlands län (S),1,2011
V482358,,2011.06.10,Ja,2011.06.10,,,Får,,,,2011.06.10,2011.06.10,Nej,Fredat vilt,Varg,,Bete innanför stängsel,Fältkontroll - LST,Bedömd som säker,2-2085,Saxhyttan,6686460,1456050,6684150,500576,6686460,1456050,RT90,Mindre bra,2011.06.10,Nej,,Ja,2017.12.14,,,0,0,0,0,0,0,0,0,0,0,0,1,0,0,0,0,0,0,0,0,0,0,0,0,0,0,0,0,0,0,0,Historiska data - ej angivet,,,2-2085,Ludvika (S),2-20,Dalarnas län (S),1,2011
V482190,,2011.06.13,Ja,2011.06.13,,,Får,,Annan,Päls,2011.06.13,2011.06.13,Nej,Fredat vilt,Varg,,Bete innanför stängsel,Fältkontroll - LST,Bedömd som säker,2-1766,Ås,6629116,1355917,6625618,401198,6629116,1355917,RT90,Mindre bra,2011.06.13,Nej,,Ja,2017.12.14,,,0,0,0,0,0,0,1,0,0,0,0,0,0,0,0,0,0,0,0,0,0,0,0,0,0,0,0,0,0,0,0,Historiska data - ej angivet,,,2-1766,Sunne (S),2-17,Värmlands län (S),1,2011
V482014,,2011.06.22,Ja,2011.06.22,,,Får,,,,2011.06.21,2011.06.22,Nej,Fredat vilt,Varg,,Bete utan stängsel,Fältkontroll - LST,Bedömd som säker,2-2085,Nyhammar,6686282,1454572,6683954,499101,6686282,1454572,RT90,Mindre bra,2011.06.22,Nej,,Ja,2017.12.14,,,1,0,0,0,0,0,0,0,0,0,0,0,0,0,0,0,0,0,0,0,0,0,0,0,0,0,0,0,0,0,0,Historiska data - ej angivet,,,2-2085,Ludvika (S),2-20,Dalarnas län (S),1,2011
V480163,,2011.07.02,Ja,2011.07.03,,,Får,,Annan,Texel,2011.07.01,2011.07.02,Nej,Fredat vilt,Varg,,Bete innanför stängsel,Fältkontroll - LST,Bedömd som säker,2-0581,Bete på gården,6491541,1545542,6490403,592388,6491541,1545542,RT90,Mindre bra,2011.07.03,Nej,,Ja,2017.12.14,,,0,0,0,0,1,0,7,0,0,0,0,0,0,0,0,0,0,0,0,0,0,0,0,0,0,0,0,0,0,0,0,Historiska data - ej angivet,,,2-0581,Norrköping (S),2-05,Östergötlands län (S),8,2011
V482197,,2011.07.07,Ja,2011.07.07,,,Får,,Annan,x,2011.07.06,2011.07.07,Nej,Fredat vilt,Varg,,Bete innanför stängsel,Fältkontroll - LST,Bedömd som säker,2-1765,Byn,6583746,1303647,6579643,349512,6583746,1303647,RT90,Mindre bra,2011.07.07,Nej,,Ja,2017.12.14,,,4,4,0,0,0,0,1,0,0,0,0,0,0,0,0,0,0,0,0,0,0,1,0,0,0,0,0,0,0,0,0,Historiska data - ej angivet,,,2-1765,Årjäng (S),2-17,Värmlands län (S),10,2011
V482228,,2011.07.11,Ja,2011.07.11,,,Får,,Annan,päls och Xfår,2011.07.09,2011.07.11,Nej,Fredat vilt,Varg,,Bete innanför stängsel,Fältkontroll - LST,Bedömd som säker,2-1814,Mullhyttan,6561420,1432546,6558889,478603,6561420,1432546,RT90,Mindre bra,2011.07.11,Nej,,Ja,2017.12.14,,,2,2,0,2,0,0,8,0,0,0,0,0,0,0,0,0,0,0,0,0,0,0,0,0,0,0,2,0,0,0,0,Historiska data - ej angivet,,,2-1814,Lekeberg (S),2-18,Örebro län (S),16,2011
V482018,,2011.07.15,Ja,2011.07.16,,,Får,,Annan,Blandras,2011.07.13,2011.07.15,Nej,Fredat vilt,Varg,,Bete innanför stängsel,Fältkontroll - LST,Bedömd som säker,2-1383,Skällinge,6346111,1298089,6342103,346802,6346111,1298089,RT90,Mindre bra,2011.07.16,Nej,,Ja,2017.12.14,,,0,0,0,0,0,0,3,0,0,0,0,0,0,0,0,0,1,0,0,0,0,0,0,0,0,0,1,0,0,0,0,Historiska data - ej angivet,,,2-1383,Varberg (S),2-13,Hallands län (S),5,2011
V482085,,2011.07.19,Ja,2011.10.02,,,Får,,,,2011.07.19,2011.09.29,Nej,Fredat vilt,Varg,,Bete innanför stängsel,Fältkontroll - LST,Bedömd som säker,2-0581,Rävsholmens naturreservat,6479244,1551093,6478177,598084,6479244,1551093,RT90,Mindre bra,2011.10.02,Nej,,Ja,2017.12.14,,,0,1,0,0,0,0,0,0,0,0,0,0,0,0,0,0,0,0,0,0,0,0,0,0,0,0,0,0,0,0,0,Historiska data - ej angivet,,,2-0581,Norrköping (S),2-05,Östergötlands län (S),1,2011
V482199,,2011.07.19,Ja,2011.07.20,,,Får,,Annan,Texel,2011.07.18,2011.07.19,Nej,Fredat vilt,Varg,,Bete innanför stängsel,Fältkontroll - LST,Bedömd som säker,2-0581,Bete på gården.,6480999,1552518,6479949,599488,6480999,1552518,RT90,Mindre bra,2011.07.20,Nej,,Ja,2017.12.14,,,2,1,0,0,0,0,5,0,0,0,0,0,0,0,0,0,0,0,0,0,0,0,0,0,0,0,0,0,0,0,0,Historiska data - ej angivet,,,2-0581,Norrköping (S),2-05,Östergötlands län (S),8,2011
V481846,,2011.07.20,Ja,2011.07.20,,,Får,,Annan,Lantras,2011.07.19,2011.07.20,Nej,Fredat vilt,Varg,,Bete innanför stängsel,Fältkontroll - LST,Bedömd som säker,2-2161,Stavsätra,6834747,1499836,6832904,542517,6834747,1499836,RT90,Mindre bra,2011.07.20,Nej,,Ja,2017.12.14,,,3,2,0,0,0,0,2,0,0,0,8,0,0,0,0,0,0,0,0,0,1,0,0,0,0,0,0,0,0,0,0,Historiska data - ej angivet,,,2-2161,Ljusdal (S),2-21,Gävleborgs län (S),16,2011
V481994,,2011.07.22,Ja,2011.07.22,,,Får,,Annan,Texel,2011.07.21,2011.07.22,Nej,Fredat vilt,Varg,,Bete innanför stängsel,Fältkontroll - LST,Bedömd som säker,2-0562,Bete längs ån.,6510080,1487454,6508236,534102,6510080,1487454,RT90,Mindre bra,2011.07.22,Nej,,Ja,2017.12.14,,,3,3,0,0,0,0,7,0,0,0,0,0,0,0,0,0,4,0,0,0,0,2,0,0,0,0,0,0,0,0,0,Historiska data - ej angivet,,,2-0562,Finspång (S),2-05,Östergötlands län (S),19,2011
V480164,,2011.07.23,Ja,2011.07.23,,,Får,,Annan,Gotlänska utegångsfår,2011.07.23,2011.07.23,Nej,Fredat vilt,Varg,,Bete innanför stängsel,Fältkontroll - LST,Bedömd som säker,2-2039,Foskvallen,6860726,1349950,6857012,392390,6860726,1349950,RT90,Mindre bra,2011.07.23,Nej,,Ja,2017.12.14,,,3,3,0,0,0,0,2,0,0,0,1,0,0,0,0,0,1,0,0,0,0,0,0,0,0,0,0,0,0,0,0,Historiska data - ej angivet,,,2-2039,Älvdalen (S),2-20,Dalarnas län (S),10,2011
V481851,,2011.07.27,Ja,2011.07.28,,,Får,,Annan,Finull / Lester-Texel,2011.07.25,2011.07.26,Nej,Fredat vilt,Varg,,Bete utan stängsel,Fältkontroll - LST,Bedömd som säker,2-2023,Råbergets fäbod Malungsfors,6746440,1377270,6743132,421104,6746440,1377270,RT90,Mindre bra,2011.07.28,Nej,,Ja,2017.12.14,,,0,1,0,0,0,0,0,0,0,0,0,0,0,0,0,0,1,0,0,0,0,0,0,0,0,0,0,0,0,0,0,Historiska data - ej angivet,,,2-2023,Malung (S),2-20,Dalarnas län (S),2,2011
V481848,,2011.07.28,Ja,2011.07.29,,,Får,,Annan,Blandras_ kött,2011.07.28,2011.07.28,Nej,Fredat vilt,Varg,,Bete innanför stängsel,Fältkontroll - LST,Bedömd som säker,2-1814,Kälkesta,6563470,1445030,6561089,491056,6563470,1445030,RT90,Mindre bra,2011.07.29,Nej,,Ja,2017.12.14,,,0,1,0,0,0,0,0,0,0,0,0,0,0,0,0,0,0,0,0,0,0,0,0,0,0,0,0,0,0,0,0,Historiska data - ej angivet,,,2-1814,Lekeberg (S),2-18,Örebro län (S),1,2011
V482030,,2011.07.28,Ja,2011.07.29,,,Får,,Annan,Gute,2011.07.28,2011.07.29,Nej,Fredat vilt,Varg,,Bete utan stängsel,Fältkontroll - LST,Bedömd som säker,2-2080,Kurberget,6750750,1500650,6748956,544367,6750750,1500650,RT90,Mindre bra,2011.07.29,Nej,,Ja,2017.12.14,,,0,0,0,0,0,0,0,0,0,0,0,0,0,0,0,0,0,0,0,0,0,4,0,0,0,0,0,0,0,0,0,Historiska data - ej angivet,,,2-2080,Falun (S),2-20,Dalarnas län (S),4,2011
V482231,,2011.08.05,Ja,2011.08.05,,,Får,,Annan,Finull,2011.08.04,2011.08.05,Nej,Fredat vilt,Varg,,Bete innanför stängsel,Fältkontroll - LST,Bedömd som säker,2-0781,"Haghult Västangård, 341 91 Ljungby",6292688,1384756,6289737,434044,6292688,1384756,RT90,Mindre bra,2011.08.05,Nej,,Ja,2017.12.14,,,0,0,0,0,0,0,4,0,0,0,0,0,0,0,0,0,1,0,0,0,0,0,0,0,0,0,0,0,0,0,0,Historiska data - ej angivet,,,2-0781,Ljungby (S),2-07,Kronobergs län (S),5,2011
V482233,,2011.08.07,Ja,2011.08.08,,,Får,,Annan,Texel,2011.08.06,2011.08.07,Nej,Fredat vilt,Varg,,Bete innanför stängsel,Fältkontroll - LST,Bedömd som säker,2-0581,Bete,6480997,1552356,6479945,599326,6480997,1552356,RT90,Mindre bra,2011.08.08,Nej,,Ja,2017.12.14,,,0,3,0,0,2,0,1,0,0,0,0,0,0,0,0,0,0,0,0,0,0,0,0,0,0,0,0,0,0,0,0,Historiska data - ej angivet,,,2-0581,Norrköping (S),2-05,Östergötlands län (S),6,2011
V480165,,2011.08.09,Ja,2011.08.09,,,Får,,Annan,Blandras,2011.08.08,2011.08.09,Nej,Fredat vilt,Varg,,Bete innanför stängsel,Fältkontroll - LST,Bedömd som säker,2-0581,Bete vid gärden,6482435,1548405,6481335,595359,6482435,1548405,RT90,Mindre bra,2011.08.09,Nej,,Ja,2017.12.14,,,1,0,0,0,0,0,0,0,0,0,0,0,0,0,0,0,0,0,0,0,0,0,0,0,0,0,0,0,0,0,0,Historiska data - ej angivet,,,2-0581,Norrköping (S),2-05,Östergötlands län (S),1,2011
V481843,,2011.08.15,Ja,2011.08.15,,,Får,,Annan,Blandras,2011.08.14,2011.08.15,Nej,Fredat vilt,Varg,,Bete innanför stängsel,Fältkontroll - LST,Bedömd som säker,2-0581,Bete på gården,6480890,1551195,6479824,598167,6480890,1551195,RT90,Mindre bra,2011.08.15,Nej,,Ja,2017.12.14,,,1,2,0,0,3,0,6,0,0,0,0,0,0,0,0,0,0,0,0,0,0,0,0,0,0,0,0,0,0,0,0,Historiska data - ej angivet,,,2-0581,Norrköping (S),2-05,Östergötlands län (S),12,2011
V482024,,2011.08.17,Ja,2011.08.17,,,Får,,Annan,Pälsfår,2011.08.17,2011.08.17,Nej,Fredat vilt,Varg,,Bete utan stängsel,Fältkontroll - LST,Bedömd som säker,2-2039,Nya Vasselvallen,6860770,1368106,6857281,410535,6860770,1368106,RT90,Mindre bra,2011.08.17,Nej,,Ja,2017.12.14,,,0,0,0,0,0,0,2,0,0,0,0,0,0,0,0,0,0,0,0,0,0,0,0,0,0,0,2,0,0,0,0,Historiska data - ej angivet,,,2-2039,Älvdalen (S),2-20,Dalarnas län (S),4,2011
V481862,,2011.08.18,Ja,2011.08.18,,,Får,,Annan, och en get,2011.08.17,2011.08.18,Nej,Fredat vilt,Varg,,Bete utan stängsel,Fältkontroll - LST,Bedömd som säker,2-2080,Lumshedens Fäbod,6736655,1530040,6735228,573917,6736655,1530040,RT90,Mindre bra,2011.08.18,Nej,,Ja,2017.12.14,,,1,0,0,0,0,0,2,0,0,0,0,0,0,0,0,0,0,0,0,0,0,0,0,0,0,0,0,0,0,0,0,Historiska data - ej angivet,,,2-2080,Falun (S),2-20,Dalarnas län (S),3,2011
V482203,,2011.08.19,Ja,2011.08.25,,,Får,,Annan,Suffolk,2011.08.18,2011.08.19,Nej,Fredat vilt,Varg,,Bete innanför stängsel,Fältkontroll - LST,Bedömd som säker,2-0883,Odensvi,6421305,1522723,6419923,570418,6421305,1522723,RT90,Mindre bra,2011.08.25,Nej,,Ja,2017.12.14,,,0,0,0,2,0,0,0,0,0,0,1,0,0,0,0,0,0,0,0,0,2,3,0,0,0,0,0,0,0,0,0,Historiska data - ej angivet,,,2-0883,Västervik (S),2-08,Kalmar län (S),8,2011
V480167,,2011.08.25,Ja,2011.08.25,,,Får,,Annan,Kött/Korsning,2011.08.25,2011.08.25,Nej,Fredat vilt,Varg,,Bete innanför stängsel,Fältkontroll - LST,Bedömd som säker,2-2183,Vallsta,6823031,1528550,6821548,571363,6823031,1528550,RT90,Mindre bra,2011.08.25,Nej,,Ja,2017.12.14,,,3,8,0,0,0,0,0,0,0,0,1,0,0,0,0,0,0,0,0,0,0,0,0,0,0,0,0,0,0,0,0,Historiska data - ej angivet,,,2-2183,Bollnäs (S),2-21,Gävleborgs län (S),12,2011
V481932,,2011.08.25,Ja,2011.08.25,,,Får,,,,2011.08.24,2011.08.25,Nej,Fredat vilt,Varg,,Bete innanför stängsel,Fältkontroll - LST,Bedömd som säker,2-2183,Vallsta,6823031,1528550,6821548,571363,6823031,1528550,RT90,Mindre bra,2011.08.25,Nej,,Ja,2017.12.14,,,3,8,0,0,0,0,0,0,0,0,1,0,0,0,0,0,0,0,0,0,0,0,0,0,0,0,0,0,0,0,0,Historiska data - ej angivet,,,2-2183,Bollnäs (S),2-21,Gävleborgs län (S),12,2011
V481997,,2011.08.25,Ja,2011.08.25,,,Får,,Annan,Finull,2011.08.24,2011.08.25,Nej,Fredat vilt,Varg,,Bete innanför stängsel,Fältkontroll - LST,Bedömd som säker,2-0781,"Haghult, Ljungby kommun",6293162,1384895,6290212,434177,6293162,1384895,RT90,Mindre bra,2011.08.25,Nej,,Ja,2017.12.14,,,0,0,0,0,0,0,1,0,0,0,0,0,0,0,0,0,0,0,0,0,0,0,0,0,0,0,0,0,0,0,0,Historiska data - ej angivet,,,2-0781,Ljungby (S),2-07,Kronobergs län (S),1,2011
V482034,,2011.09.02,Ja,2011.09.02,,,Får,,Annan,Blandras,2011.09.01,2011.09.02,Nej,Fredat vilt,Varg,,Bete innanför stängsel,Fältkontroll - LST,Bedömd som säker,2-2121,Homnanäset,6815086,1505616,6813323,548538,6815086,1505616,RT90,Mindre bra,2011.09.02,Nej,,Ja,2017.12.14,,,0,0,0,0,0,0,1,0,0,0,0,0,0,0,0,0,0,0,0,0,0,0,0,0,0,0,0,0,0,0,0,Historiska data - ej angivet,,,2-2121,Ovanåker (S),2-21,Gävleborgs län (S),1,2011
V482046,,2011.09.08,Ja,2011.09.08,,,Får,,Annan,Blandras,2011.09.06,2011.09.08,Nej,Fredat vilt,Varg,,Bete innanför stängsel,Fältkontroll - LST,Bedömd som säker,2-0581,Bete vid gården,6483025,1548415,6481925,595362,6483025,1548415,RT90,Mindre bra,2011.09.08,Nej,,Ja,2017.12.14,,,0,0,0,0,0,0,1,0,0,0,0,0,0,0,0,0,1,0,0,0,0,0,0,0,0,0,0,0,0,0,0,Historiska data - ej angivet,,,2-0581,Norrköping (S),2-05,Östergötlands län (S),2,2011
V482049,,2011.09.09,Ja,2011.09.10,,,Får,,Annan,Blandras,2011.09.08,2011.09.09,Nej,Fredat vilt,Varg,,Bete innanför stängsel,Fältkontroll - LST,Bedömd som säker,2-0581,Bete på gården,6482276,1548103,6481172,595059,6482276,1548103,RT90,Mindre bra,2011.09.10,Nej,,Ja,2017.12.14,,,0,2,0,0,0,0,1,2,0,0,0,0,0,0,0,0,0,0,0,0,0,0,0,0,0,0,0,0,0,0,0,Historiska data - ej angivet,,,2-0581,Norrköping (S),2-05,Östergötlands län (S),5,2011
V482257,,2011.09.18,Ja,2011.09.19,,,Får,,Annan,Gestrike får,2011.09.17,2011.09.18,Nej,Fredat vilt,Varg,,Bete innanför stängsel,Fältkontroll - LST,Bedömd som säker,2-2181,Dalsäng,6726557,1547087,6725343,591081,6726557,1547087,RT90,Mindre bra,2011.09.19,Nej,,Ja,2017.12.14,,,0,0,0,0,0,0,1,0,0,0,0,0,0,0,0,0,0,0,0,0,0,0,0,0,0,0,0,0,0,0,0,Historiska data - ej angivet,,,2-2181,Sandviken (S),2-21,Gävleborgs län (S),1,2011
V482239,,2011.09.24,Ja,2011.09.24,,,Får,,,,2011.09.23,2011.09.24,Nej,Fredat vilt,Varg,,Bete utan stängsel,Fältkontroll - LST,Bedömd som säker,2-2023,Momyckelberg,6739467,1385783,6736268,429698,6739467,1385783,RT90,Mindre bra,2011.09.24,Nej,,Ja,2017.12.14,,,1,0,0,1,0,0,0,0,0,0,0,0,0,0,0,0,0,0,0,0,0,0,0,0,0,0,0,0,0,0,0,Historiska data - ej angivet,,,2-2023,Malung (S),2-20,Dalarnas län (S),2,2011
V482220,,2011.09.26,Ja,2011.09.26,,,Får,,Annan,Gotland samt leicester,2011.09.22,2011.09.26,Nej,Fredat vilt,Varg,,Bete innanför stängsel,Fältkontroll - LST,Bedömd som säker,2-0765,Bjerhult,6274663,1384991,6271725,434490,6274663,1384991,RT90,Mindre bra,2011.09.26,Nej,,Ja,2017.12.14,,,0,0,0,0,0,0,2,0,0,0,0,0,0,1,0,0,0,0,0,0,0,0,0,0,0,0,0,0,0,0,0,Historiska data - ej angivet,,,2-0765,Älmhult (S),2-07,Kronobergs län (S),3,2011
V482223,,2011.09.26,Ja,2011.10.13,,,Får,,Annan,Blandning Lantras-Gotland,2011.09.26,2011.10.11,Nej,Fredat vilt,Varg,,Bete innanför stängsel,Fältkontroll - LST,Bedömd som säker,2-2183,Ljusberget,6824600,1515500,6822955,558300,6824600,1515500,RT90,Mindre bra,2011.10.13,Nej,,Ja,2017.12.14,,,0,0,0,0,0,0,16,0,0,0,0,0,0,0,0,0,0,0,0,0,0,0,0,0,0,0,16,0,0,0,0,Historiska data - ej angivet,,,2-2183,Bollnäs (S),2-21,Gävleborgs län (S),32,2011
V480168,,2011.09.29,Ja,2011.09.30,,,Får,,Annan,kött,2011.09.29,2011.09.29,Nej,Fredat vilt,Varg,,Bete innanför stängsel,Fältkontroll - LST,Bedömd som säker,2-1983,Tängsta,6609435,1511563,6607837,557001,6609435,1511563,RT90,Mindre bra,2011.09.30,Nej,,Ja,2017.12.14,,,1,0,0,0,0,0,2,0,0,0,0,0,0,0,0,0,0,0,0,0,2,0,0,0,0,0,3,0,0,0,0,Historiska data - ej angivet,,,2-1983,Köping (S),2-19,Västmanlands län (S),8,2011
V482054,,2011.09.30,Ja,2011.09.30,,,Får,,Annan,Finull,2011.09.29,2011.09.30,Nej,Fredat vilt,Varg,,Bete innanför stängsel,Fältkontroll - LST,Bedömd som säker,2-0781,Bohok Hamneda,6281421,1379892,6278419,429315,6281421,1379892,RT90,Mindre bra,2011.09.30,Nej,,Ja,2017.12.14,,,0,0,0,0,0,0,3,0,0,0,0,0,0,0,0,0,0,0,0,0,0,0,0,0,0,0,0,0,0,0,0,Historiska data - ej angivet,,,2-0781,Ljungby (S),2-07,Kronobergs län (S),3,2011
V482235,,2011.09.30,Ja,2011.09.30,,,Får,,Annan,Blandras,2011.09.29,2011.09.30,Nej,Fredat vilt,Varg,,Bete innanför stängsel,Fältkontroll - LST,Bedömd som säker,2-0581,Bete på gården,6483085,1548430,6481985,595376,6483085,1548430,RT90,Mindre bra,2011.09.30,Nej,,Ja,2017.12.14,,,2,0,0,0,0,0,4,0,0,0,0,0,0,0,0,0,0,0,0,0,0,0,0,0,0,0,0,0,0,0,0,Historiska data - ej angivet,,,2-0581,Norrköping (S),2-05,Östergötlands län (S),6,2011
V482237,,2011.10.01,Ja,2011.10.02,,,Får,,Annan,Blandras,2011.09.30,2011.10.01,Nej,Fredat vilt,Varg,,Bete utan stängsel,Fältkontroll - LST,Bedömd som säker,2-0581,Rävsholmen,6479244,1551093,6478177,598084,6479244,1551093,RT90,Mindre bra,2011.10.02,Nej,,Ja,2017.12.14,,,3,4,0,0,0,0,20,0,0,0,0,0,0,0,0,0,0,0,0,0,2,1,0,0,0,0,3,0,0,0,0,Historiska data - ej angivet,,,2-0581,Norrköping (S),2-05,Östergötlands län (S),33,2011
V482222,,2011.10.02,Ja,2011.10.02,,,Får,,Annan,Gotlandsfår+blandras,2011.10.01,2011.10.01,Nej,Fredat vilt,Varg,,Bete utan stängsel,Fältkontroll - LST,Bedömd som säker,2-1981,Olarsgården,6640142,1529984,6638755,575040,6640142,1529984,RT90,Mindre bra,2011.10.02,Nej,,Ja,2017.12.14,,,0,0,0,0,3,0,1,0,0,0,0,0,0,0,0,0,0,0,0,0,0,0,0,0,0,0,0,0,0,0,0,Historiska data - ej angivet,,,2-1981,Sala (S),2-19,Västmanlands län (S),4,2011
V482064,,2011.10.03,Ja,2011.10.03,,,Får,,Annan,kött+päls,2011.10.02,2011.10.03,Nej,Fredat vilt,Varg,,Bete innanför stängsel,Fältkontroll - LST,Bedömd som säker,2-1981,Rörbo gård,6634778,1527259,6633360,572382,6634778,1527259,RT90,Mindre bra,2011.10.03,Nej,,Ja,2017.12.14,,,7,6,0,0,0,0,2,0,0,0,5,1,0,0,0,0,1,0,0,0,0,0,0,0,0,0,0,0,0,0,0,Historiska data - ej angivet,,,2-1981,Sala (S),2-19,Västmanlands län (S),22,2011
V482058,,2011.10.08,Ja,2011.10.08,,,Får,,Annan,Blandras,2011.10.07,2011.10.08,Nej,Fredat vilt,Varg,,Bete innanför stängsel,Fältkontroll - LST,Bedömd som säker,2-2029,Helgbo,6727410,1466760,6725211,510779,6727410,1466760,RT90,Mindre bra,2011.10.08,Nej,,Ja,2017.12.14,,,6,0,0,4,0,0,6,0,0,0,0,0,0,0,0,0,0,0,0,0,1,0,0,0,0,0,0,0,0,0,0,Historiska data - ej angivet,,,2-2029,Leksand (S),2-20,Dalarnas län (S),17,2011
V482063,,2011.10.08,Ja,2011.10.08,,,Får,,Annan,X,2011.10.07,2011.10.08,Nej,Fredat vilt,Varg,,Bete innanför stängsel,Fältkontroll - LST,Bedömd som säker,2-1737,Sörmark,6683000,1336300,6679229,380936,6683000,1336300,RT90,Mindre bra,2011.10.08,Nej,,Ja,2017.12.14,,,0,0,0,0,0,0,0,1,0,0,0,0,0,0,0,0,0,0,0,0,0,0,0,0,0,0,0,0,0,0,0,Historiska data - ej angivet,,,2-1737,Torsby (S),2-17,Värmlands län (S),1,2011
V482072,,2011.10.08,Ja,2011.10.08,,,Får,,Annan,Blandras,2011.10.07,2011.10.08,Nej,Fredat vilt,Varg,,Bete innanför stängsel,Fältkontroll - LST,Bedömd som säker,2-0781,"Ivla Eskilsgård, Hamneda",6289344,1387050,6286422,436376,6289344,1387050,RT90,Mindre bra,2011.10.08,Nej,,Ja,2017.12.14,,,0,0,0,0,0,0,0,1,0,0,0,0,0,0,0,0,0,0,0,0,0,0,0,0,0,0,1,0,0,0,0,Historiska data - ej angivet,,,2-0781,Ljungby (S),2-07,Kronobergs län (S),2,2011
V482055,,2011.10.09,Ja,2011.10.09,,,Får,,Annan,Blanras,2011.10.08,2011.10.09,Nej,Fredat vilt,Varg,,Bete innanför stängsel,Fältkontroll - LST,Bedömd som säker,2-0581,Bete vid gården,6483081,1548513,6481982,595459,6483081,1548513,RT90,Mindre bra,2011.10.09,Nej,,Ja,2017.12.14,,,0,0,0,0,0,0,1,0,0,0,0,0,0,0,0,0,0,0,0,0,0,0,0,0,0,0,0,0,0,0,0,Historiska data - ej angivet,,,2-0581,Norrköping (S),2-05,Östergötlands län (S),1,2011
V482080,,2011.10.09,Ja,2011.10.09,,,Får,,Annan,finull,2011.10.08,2011.10.09,Nej,Fredat vilt,Varg,,Bete innanför stängsel,Fältkontroll - LST,Bedömd som säker,2-0781,Läsaryd,6291429,1389243,6288531,438543,6291429,1389243,RT90,Mindre bra,2011.10.09,Nej,,Ja,2017.12.14,,,6,2,0,0,0,0,3,0,0,0,4,1,0,0,0,0,0,0,0,0,0,1,0,0,0,0,0,0,0,0,0,Historiska data - ej angivet,,,2-0781,Ljungby (S),2-07,Kronobergs län (S),17,2011
V482059,,2011.10.11,Ja,2011.10.11,,,Får,,Annan,Landras,2011.10.10,2011.10.11,Nej,Fredat vilt,Varg,,Bete innanför stängsel,Fältkontroll - LST,Bedömd som säker,2-0581,Bete på gården,6482843,1548348,6481742,595297,6482843,1548348,RT90,Mindre bra,2011.10.11,Nej,,Ja,2017.12.14,,,0,0,0,0,0,0,4,0,0,0,0,0,0,0,0,0,0,0,0,0,0,0,0,0,0,0,0,0,0,0,0,Historiska data - ej angivet,,,2-0581,Norrköping (S),2-05,Östergötlands län (S),4,2011
V482065,,2011.10.11,Ja,2011.10.11,,,Får,,Annan,Finull,2011.10.09,2011.10.11,Nej,Fredat vilt,Varg,,Bete innanför stängsel,Fältkontroll - LST,Bedömd som säker,2-0781,Stockhult Älmtåsa,6289735,1395708,6286914,445024,6289735,1395708,RT90,Mindre bra,2011.10.11,Nej,,Ja,2017.12.14,,,0,0,0,0,0,0,1,0,0,0,0,0,0,0,0,0,1,0,0,0,0,0,0,0,0,0,0,0,0,0,0,Historiska data - ej angivet,,,2-0781,Ljungby (S),2-07,Kronobergs län (S),2,2011
V482079,,2011.10.12,Ja,2011.10.12,,,Får,,Annan,Finull,2011.10.11,2011.10.12,Nej,Fredat vilt,Varg,,Bete innanför stängsel,Fältkontroll - LST,Bedömd som säker,2-1781,"Ölme, no Stolpen",6586532,1399696,6583590,445467,6586532,1399696,RT90,Mindre bra,2011.10.12,Nej,,Ja,2017.12.14,,,0,1,0,0,0,0,0,0,0,0,0,0,0,0,0,0,0,0,0,0,0,0,0,0,0,0,0,0,0,0,0,Historiska data - ej angivet,,,2-1781,Kristinehamn (S),2-17,Värmlands län (S),1,2011
V482169,,2011.10.17,Ja,2011.10.17,,,Får,,Annan,Finull,2011.10.17,2011.10.17,Nej,Fredat vilt,Varg,,Bete innanför stängsel,Fältkontroll - LST,Bedömd som säker,2-2181,Jäderfors,6727195,1547938,6725991,591924,6727195,1547938,RT90,Mindre bra,2011.10.17,Nej,,Ja,2017.12.14,,,0,0,0,0,0,0,4,0,0,0,0,0,0,0,0,0,3,0,0,0,0,0,0,0,0,0,0,0,0,0,0,Historiska data - ej angivet,,,2-2181,Sandviken (S),2-21,Gävleborgs län (S),7,2011
V481700,,2011.10.18,Ja,2011.10.19,,,Får,,Annan,Skogsfår / blandning,2011.10.17,2011.10.18,Nej,Fredat vilt,Varg,,Bete innanför stängsel,Fältkontroll - LST,Bedömd som säker,2-2023,Bölet Vallerås Malung,6734990,1379720,6731719,423693,6734990,1379720,RT90,Mindre bra,2011.10.19,Nej,,Ja,2017.12.14,,,9,0,0,0,0,0,16,0,0,0,2,0,0,0,0,0,4,0,0,0,0,0,0,0,0,0,0,0,0,0,0,Historiska data - ej angivet,,,2-2023,Malung (S),2-20,Dalarnas län (S),31,2011
V482224,,2011.10.19,Ja,2011.10.19,,,Får,,Annan,Lantras,2011.10.19,2011.10.19,Nej,Fredat vilt,Varg,,Bete innanför stängsel,Fältkontroll - LST,Bedömd som säker,2-2121,Uppegårds,6785857,1504263,6784091,547546,6785857,1504263,RT90,Mindre bra,2011.10.19,Nej,,Ja,2017.12.14,,,2,2,0,0,0,0,5,0,0,0,0,0,0,0,0,0,0,0,0,0,0,0,0,0,0,0,0,0,0,0,0,Historiska data - ej angivet,,,2-2121,Ovanåker (S),2-21,Gävleborgs län (S),9,2011
V481699,,2011.10.23,Ja,2011.10.23,,,Får,,Annan,Blandras,2011.10.22,2011.10.23,Nej,Fredat vilt,Varg,,Bete innanför stängsel,Fältkontroll - LST,Bedömd som säker,2-2121,Skräddrabo,6786030,1504303,6784264,547584,6786030,1504303,RT90,Mindre bra,2011.10.23,Nej,,Ja,2017.12.14,,,0,1,0,0,0,0,0,0,0,0,0,0,0,0,0,0,0,0,0,0,0,0,0,0,0,0,0,0,0,0,0,Historiska data - ej angivet,,,2-2121,Ovanåker (S),2-21,Gävleborgs län (S),1,2011
V481701,,2011.10.25,Ja,2011.10.25,,,Får,,Annan,Kött,2011.10.25,2011.10.25,Nej,Fredat vilt,Varg,,Bete innanför stängsel,Fältkontroll - LST,Bedömd som säker,2-2181,Hagmuren,6726855,1534591,6725488,578586,6726855,1534591,RT90,Mindre bra,2011.10.25,Nej,,Ja,2017.12.14,,,0,0,0,0,0,0,1,0,0,0,0,0,0,0,0,0,0,0,0,0,0,0,0,0,0,0,0,0,0,0,0,Historiska data - ej angivet,,,2-2181,Sandviken (S),2-21,Gävleborgs län (S),1,2011
V482101,,2011.11.06,Ja,2011.11.06,,,Får,,Annan,Gute + blandras,2011.11.05,2011.11.06,Nej,Fredat vilt,Varg,,Bete utan stängsel,Fältkontroll - LST,Bedömd som säker,2-0764,Skulatorp Lönnebo,6285212,1422462,6282708,471817,6285212,1422462,RT90,Mindre bra,2011.11.06,Nej,,Ja,2017.12.14,,,0,0,0,0,0,0,0,1,0,0,0,0,0,0,0,0,1,0,0,0,0,0,0,0,0,0,0,0,0,0,0,Historiska data - ej angivet,,,2-0764,Alvesta (S),2-07,Kronobergs län (S),2,2011
V482103,,2011.11.09,Ja,2011.11.20,,,Får,,Annan,Roslagsfår,2011.11.08,2011.11.09,Nej,Fredat vilt,Varg,,Bete utan stängsel,Fältkontroll - LST,Bedömd som säker,2-0765,Yxnäs,6285435,1395607,6282615,444974,6285435,1395607,RT90,Mindre bra,2011.11.20,Nej,,Ja,2017.12.14,,,1,0,0,0,0,0,1,0,0,0,0,0,0,1,0,0,2,0,0,0,1,0,0,0,0,0,0,0,0,0,0,Historiska data - ej angivet,,,2-0765,Älmhult (S),2-07,Kronobergs län (S),6,2011
V482102,,2011.11.17,Ja,2011.11.17,,,Får,,Annan,Gute,2011.11.16,2011.11.17,Nej,Fredat vilt,Varg,,Bete innanför stängsel,Fältkontroll - LST,Bedömd som säker,2-1461,Dalskog,6517800,1296300,6513653,342966,6517800,1296300,RT90,Mindre bra,2011.11.17,Nej,,Ja,2017.12.14,,,0,0,0,0,0,0,2,0,0,0,0,0,0,0,0,0,0,0,0,0,0,1,0,0,0,0,0,0,0,0,0,Historiska data - ej angivet,,,2-1461,Mellerud (S),2-14,Västra Götalands län (S),3,2011
V482109,,2011.11.22,Ja,2011.11.22,,,Får,,Annan,Texelkorsningar,2011.11.21,2011.11.22,Nej,Fredat vilt,Varg,,Bete innanför stängsel,Fältkontroll - LST,Bedömd som säker,2-0821,Kristinedal,6346834,1518723,6345436,567304,6346834,1518723,RT90,Mindre bra,2011.11.22,Nej,,Ja,2017.12.14,,,8,1,0,0,0,0,1,0,0,0,3,1,0,0,0,0,0,0,0,0,0,0,0,0,0,0,0,0,0,0,0,Historiska data - ej angivet,,,2-0821,Högsby (S),2-08,Kalmar län (S),14,2011
V482113,,2011.11.22,Ja,2011.11.23,,,Får,,Annan,Finull,2011.11.21,2011.11.22,Nej,Fredat vilt,Varg,,Bete innanför stängsel,Fältkontroll - LST,Bedömd som säker,2-0821,Kristinedal,6346834,1518723,6345436,567304,6346834,1518723,RT90,Mindre bra,2011.11.23,Nej,,Ja,2017.12.14,,,1,0,0,0,0,0,0,0,0,0,0,0,0,0,0,0,0,0,0,0,0,0,0,0,0,0,0,0,0,0,0,Historiska data - ej angivet,,,2-0821,Högsby (S),2-08,Kalmar län (S),1,2011
V481732,,2012.01.17,Ja,2012.01.17,,,Får,,Annan,x,2012.01.16,2012.01.17,Nej,Fredat vilt,Varg,,Bete innanför stängsel,Fältkontroll - LST,Bedömd som säker,2-1730,Bondestorp,6614366,1300917,6610209,346412,6614366,1300917,RT90,Mindre bra,2012.01.17,Nej,,Ja,2017.12.14,,,0,0,0,0,0,0,1,0,0,0,0,0,0,0,0,0,0,0,0,0,0,0,0,0,0,0,0,0,0,0,0,Historiska data - ej angivet,,,2-1730,Eda (S),2-17,Värmlands län (S),1,2012
V481935,,2012.04.20,Ja,2012.04.21,,,Får,,Annan,Vet ej,2012.04.20,2012.04.20,Nej,Fredat vilt,Varg,,Bete innanför stängsel,Fältkontroll - LST,Bedömd som säker,2-1460,Koperud,6567100,1290100,6562845,336175,6567100,1290100,RT90,Mindre bra,2012.04.21,Nej,,Ja,2017.12.14,,,0,0,0,0,0,0,1,0,0,0,0,0,0,0,0,0,0,0,0,0,0,0,0,0,0,0,0,0,0,0,0,Historiska data - ej angivet,,,2-1460,Bengtsfors (S),2-14,Västra Götalands län (S),1,2012
V481722,,2012.04.22,Ja,2012.04.22,,,Får,,Annan,Vet ej,2012.04.22,2012.04.22,Nej,Fredat vilt,Varg,,Bete innanför stängsel,Fältkontroll - LST,Bedömd som säker,2-1460,Gustavsfors,6566400,1289000,6562132,335085,6566400,1289000,RT90,Mindre bra,2012.04.22,Nej,,Ja,2017.12.14,,,0,0,0,0,0,0,2,0,0,0,0,0,0,0,0,0,0,0,0,0,0,0,0,0,0,0,0,0,0,0,0,Historiska data - ej angivet,,,2-1460,Bengtsfors (S),2-14,Västra Götalands län (S),2,2012
V481939,,2012.04.24,Ja,2012.04.24,,,Får,,Annan,Lantras,2012.04.10,2012.04.24,Nej,Fredat vilt,Varg,,Bete innanför stängsel,Fältkontroll - LST,Bedömd som säker,2-2121,Kammahav,6795351,1504360,6793582,547526,6795351,1504360,RT90,Mindre bra,2012.04.24,Nej,,Ja,2017.12.14,,,0,0,0,0,0,0,3,0,0,0,0,0,0,0,0,0,0,0,0,0,0,0,0,0,0,0,0,0,0,0,0,Historiska data - ej angivet,,,2-2121,Ovanåker (S),2-21,Gävleborgs län (S),3,2012
V481724,,2012.04.25,Ja,2012.04.25,,,Får,,Annan,Texel - Finull,2012.04.25,2012.04.25,Nej,Fredat vilt,Varg,,Bete innanför stängsel,Fältkontroll - LST,Bedömd som säker,2-2080,Bengtsheden,6729950,1503885,6728205,547856,6729950,1503885,RT90,Mindre bra,2012.04.25,Nej,,Ja,2017.12.14,,,3,2,0,0,0,0,2,0,0,0,0,0,0,0,0,0,0,0,0,0,2,0,0,0,0,0,1,0,0,0,0,Historiska data - ej angivet,,,2-2080,Falun (S),2-20,Dalarnas län (S),10,2012
V481940,,2012.05.01,Ja,2012.05.01,,,Får,,Annan,korsn,2012.05.01,2012.05.01,Nej,Fredat vilt,Varg,,Bete innanför stängsel,Fältkontroll - LST,Bedömd som säker,2-0380,Sätrarna N Jumkil,6653920,1583225,6653176,628093,6653920,1583225,RT90,Mindre bra,2012.05.01,Nej,,Ja,2017.12.14,,,0,0,0,0,0,0,2,0,0,0,0,0,0,0,0,0,0,0,0,0,0,0,0,0,0,0,0,0,0,0,0,Historiska data - ej angivet,,,2-0380,Uppsala (S),2-03,Uppsala län (S),2,2012
V481775,,2012.05.11,Ja,2012.05.16,,,Får,,Annan,Blandras,2012.05.11,2012.05.11,Nej,Fredat vilt,Varg,,Bete utan stängsel,Fältkontroll - LST,Bedömd som säker,2-1885,Ösarhyttan 431,6624330,1469775,6622218,515051,6624330,1469775,RT90,Mindre bra,2012.05.16,Nej,,Ja,2017.12.14,,,0,0,0,0,0,0,1,0,0,0,0,0,0,0,0,0,0,0,0,0,0,0,0,0,0,0,0,0,0,0,0,Historiska data - ej angivet,,,2-1885,Lindesberg (S),2-18,Örebro län (S),1,2012
V482036,,2012.05.12,Ja,2012.05.12,,,Får,,,,2012.05.11,2012.05.12,Nej,Fredat vilt,Varg,,Bete utan stängsel,Fältkontroll - LST,Bedömd som säker,2-0761,Korsanäs,6291375,1471055,6289440,520312,6291375,1471055,RT90,Mindre bra,2012.05.12,Nej,,Ja,2017.12.14,,,0,0,0,1,0,0,0,0,0,0,0,0,0,0,0,0,0,0,0,0,0,1,0,0,0,0,0,0,0,0,0,Historiska data - ej angivet,,,2-0761,Lessebo (S),2-07,Kronobergs län (S),2,2012
V481751,,2012.05.18,Ja,2012.05.19,,,Får,,,,2012.05.17,2012.05.18,Nej,Fredat vilt,Varg,,Bete innanför stängsel,Fältkontroll - LST,Bedömd som säker,2-2182,Skogs Böle,6785120,1555533,6783986,598803,6785120,1555533,RT90,Mindre bra,2012.05.19,Nej,,Ja,2017.12.14,,,1,0,0,0,0,0,0,0,0,0,0,0,0,0,0,0,0,0,0,0,0,0,0,0,0,0,0,0,0,0,0,Historiska data - ej angivet,,,2-2182,Söderhamn (S),2-21,Gävleborgs län (S),1,2012
V481762,,2012.05.19,Ja,2012.05.19,,,Får,,Annan,x,2012.05.19,2012.05.19,Nej,Fredat vilt,Varg,,Bete innanför stängsel,Fältkontroll - LST,Bedömd som säker,2-1737,Rattsjöberg,6696975,1341500,6693259,385962,6696975,1341500,RT90,Mindre bra,2012.05.19,Nej,,Ja,2017.12.14,,,1,0,0,0,0,0,2,0,0,0,0,0,0,0,0,0,1,0,0,0,0,0,0,0,0,0,0,0,0,0,0,Historiska data - ej angivet,,,2-1737,Torsby (S),2-17,Värmlands län (S),4,2012
V480173,,2012.05.21,Ja,2012.05.21,,,Får,,,,2012.05.21,2012.05.21,Nej,Fredat vilt,Varg,,Bete innanför stängsel,Fältkontroll - LST,Bedömd som säker,2-0382,Skållbo,6692330,1620323,6692026,664709,6692330,1620323,RT90,Mindre bra,2012.05.21,Nej,,Ja,2017.12.14,,,1,3,0,4,0,0,2,0,0,0,0,0,0,0,0,0,0,0,0,0,2,2,0,0,0,0,2,0,0,0,0,Historiska data - ej angivet,,,2-0382,Östhammar (S),2-03,Uppsala län (S),16,2012
V481750,,2012.05.27,Ja,2012.05.28,,,Får,,Annan,Gutefår,2012.05.27,2012.05.27,Nej,Fredat vilt,Varg,,Bete innanför stängsel,Fältkontroll - LST,Bedömd som säker,2-0360,Skaten Hållnäs,6706479,1625376,6706232,669587,6706479,1625376,RT90,Mindre bra,2012.05.28,Nej,,Ja,2017.12.14,,,0,0,0,0,0,0,2,0,0,0,0,0,0,0,0,0,0,0,0,0,0,0,0,0,0,0,0,0,0,0,0,Historiska data - ej angivet,,,2-0360,Tierp (S),2-03,Uppsala län (S),2,2012
V481916,,2012.06.08,Ja,2012.06.08,,,Får,,Annan,x,2012.06.07,2012.06.08,Nej,Fredat vilt,Varg,,Bete innanför stängsel,Fältkontroll - LST,Bedömd som säker,2-1765,Byn,6582135,1303205,6578028,349090,6582135,1303205,RT90,Mindre bra,2012.06.08,Nej,,Ja,2017.12.14,,,0,0,0,0,0,0,1,0,0,0,0,0,0,0,0,0,0,0,0,0,0,0,0,0,0,0,0,0,0,0,0,Historiska data - ej angivet,,,2-1765,Årjäng (S),2-17,Värmlands län (S),1,2012
V481570,,2012.06.21,Ja,2012.06.21,,,Får,,Annan,korsning,2012.06.19,2012.06.21,Nej,Fredat vilt,Varg,,Bete utan stängsel,Fältkontroll - LST,Bedömd som säker,2-0382,Lilla Risten Gräsö,6694386,1653045,6694481,697396,6694386,1653045,RT90,Mindre bra,2012.06.21,Nej,,Ja,2017.12.14,,,12,0,0,0,0,0,7,0,0,0,0,0,0,0,0,0,0,0,0,0,0,0,0,0,0,0,1,0,0,0,0,Historiska data - ej angivet,,,2-0382,Östhammar (S),2-03,Uppsala län (S),20,2012
V481568,,2012.06.26,Ja,2012.06.26,,,Får,,Annan,Blandras,2012.06.25,2012.06.26,Nej,Fredat vilt,Varg,,Bete innanför stängsel,Fältkontroll - LST,Bedömd som säker,2-2029,Tällberg,6730766,1473644,6728649,517619,6730766,1473644,RT90,Mindre bra,2012.06.26,Nej,,Ja,2017.12.14,,,3,9,0,2,0,0,2,0,0,0,0,0,0,0,0,0,0,0,0,0,0,1,0,0,0,0,0,0,0,0,0,Historiska data - ej angivet,,,2-2029,Leksand (S),2-20,Dalarnas län (S),17,2012
V481457,,2012.07.01,Ja,2012.07.01,,,Får,,Annan,Blandras,2012.06.29,2012.06.30,Nej,Fredat vilt,Varg,,Bete innanför stängsel,Fältkontroll - LST,Bedömd som säker,2-1884,"Bondbyn, Holmen 104",6597600,1462700,6595415,508304,6597600,1462700,RT90,Mindre bra,2012.07.01,Nej,,Ja,2017.12.14,,,0,0,0,0,0,0,7,0,0,0,0,0,0,0,0,0,0,0,0,0,0,0,0,0,0,0,2,0,0,0,0,Historiska data - ej angivet,,,2-1884,Nora (S),2-18,Örebro län (S),9,2012
V481573,,2012.07.01,Ja,2012.07.01,,,Får,,Annan,Blandras_ kött,2012.06.29,2012.06.30,Nej,Fredat vilt,Varg,,Bete innanför stängsel,Fältkontroll - LST,Bedömd som säker,2-1884,Östanbergshyttan,6597600,1462700,6595415,508304,6597600,1462700,RT90,Mindre bra,2012.07.01,Nej,,Ja,2017.12.14,,,0,0,0,0,0,0,3,0,0,0,0,0,0,0,0,0,4,0,0,0,0,0,0,0,0,0,2,0,0,0,0,Historiska data - ej angivet,,,2-1884,Nora (S),2-18,Örebro län (S),9,2012
V481800,,2012.07.08,Ja,2012.07.09,,,Får,,Annan,Gutefår,2012.07.07,2012.07.08,Nej,Fredat vilt,Varg,,Bete utan stängsel,Fältkontroll - LST,Bedömd som säker,2-2080,Kurbergets fäb,6753710,1500897,6751917,544577,6753710,1500897,RT90,Mindre bra,2012.07.09,Nej,,Ja,2017.12.14,,,0,0,0,1,0,0,0,0,0,0,0,0,0,0,0,0,0,0,0,0,1,0,0,0,0,0,0,0,0,0,0,Historiska data - ej angivet,,,2-2080,Falun (S),2-20,Dalarnas län (S),2,2012
V481989,,2012.07.13,Ja,2012.07.14,,,Får,,Annan,Blandras,2012.07.12,2012.07.13,Nej,Fredat vilt,Varg,,Bete innanför stängsel,Fältkontroll - LST,Bedömd som säker,2-2021,Skålö,6719310,1418080,6716518,462224,6719310,1418080,RT90,Mindre bra,2012.07.14,Nej,,Ja,2017.12.14,,,1,1,0,0,0,0,2,0,0,0,0,0,0,0,0,0,0,0,0,0,0,0,0,0,0,0,0,0,0,0,0,Historiska data - ej angivet,,,2-2021,Vansbro (S),2-20,Dalarnas län (S),4,2012
V481583,,2012.07.29,Ja,2012.07.29,,,Får,,Annan,Lås,2012.07.27,2012.07.29,Nej,Fredat vilt,Varg,,Bete innanför stängsel,Fältkontroll - LST,Bedömd som säker,2-2080,Alderbacka fäb,6753050,1502900,6751282,546587,6753050,1502900,RT90,Mindre bra,2012.07.29,Nej,,Ja,2017.12.14,,,5,4,0,2,0,0,6,0,0,0,0,0,0,0,0,0,0,0,0,0,1,0,0,0,0,0,2,0,0,0,0,Historiska data - ej angivet,,,2-2080,Falun (S),2-20,Dalarnas län (S),20,2012
V481456,,2012.08.03,Ja,2012.08.03,,,Får,,Annan,Gotländskt pälsfår,2012.08.01,2012.08.02,Nej,Fredat vilt,Varg,,Bete innanför stängsel,Fältkontroll - LST,Bedömd som säker,2-1885,Björkhyttan 135,6611900,1468300,6609776,513728,6611900,1468300,RT90,Mindre bra,2012.08.03,Nej,,Ja,2017.12.14,,,0,0,0,2,0,0,3,0,0,0,0,0,0,0,0,0,3,0,0,0,0,0,0,1,0,0,1,0,0,0,0,Historiska data - ej angivet,,,2-1885,Lindesberg (S),2-18,Örebro län (S),10,2012
V481823,,2012.08.03,Ja,2012.08.03,,,Får,,Annan,korsn,2012.08.03,2012.08.03,Nej,Fredat vilt,Varg,,Bete innanför stängsel,Fältkontroll - LST,Bedömd som säker,2-0117,Virboda,6609542,1653689,6609669,699074,6609542,1653689,RT90,Mindre bra,2012.08.03,Nej,,Ja,2017.12.14,,,4,6,0,0,0,0,21,0,0,0,1,2,0,0,0,0,2,0,0,0,0,0,0,0,0,0,0,0,0,0,0,Historiska data - ej angivet,,,2-0117,Österåker (S),2-01,Stockholms län (S),36,2012
V481831,,2012.08.06,Ja,2012.08.07,,,Får,,Annan,Gotlandsfår,2012.06.08,2012.06.08,Nej,Fredat vilt,Varg,,Bete innanför stängsel,Fältkontroll - LST,Bedömd som säker,2-1885,Björnhammarn,6611477,1472763,6609408,518194,6611477,1472763,RT90,Mindre bra,2012.08.07,Nej,,Ja,2017.12.14,,,0,0,0,0,0,0,1,0,0,0,0,0,0,0,0,0,0,0,0,0,0,0,0,0,0,0,0,0,0,0,0,Historiska data - ej angivet,,,2-1885,Lindesberg (S),2-18,Örebro län (S),1,2012
V481809,,2012.08.08,Ja,2012.08.08,,,Får,,,,2012.08.07,2012.08.08,Nej,Fredat vilt,Varg,,Bete innanför stängsel,Fältkontroll - LST,Bedömd som säker,2-2080,Grejsans fäb.,6767856,1496198,6765999,539706,6767856,1496198,RT90,Mindre bra,2012.08.08,Nej,,Ja,2017.12.14,,,1,1,0,4,0,0,1,0,0,0,0,0,0,0,0,0,0,0,0,0,0,0,0,0,0,0,0,0,0,0,0,Historiska data - ej angivet,,,2-2080,Falun (S),2-20,Dalarnas län (S),7,2012
V481811,,2012.08.10,Ja,2012.08.11,,,Får,,,,2012.08.09,2012.08.10,Nej,Fredat vilt,Varg,,Bete innanför stängsel,Fältkontroll - LST,Bedömd som säker,2-2080,Nysjöns fäb.,6758536,1508623,6756836,552240,6758536,1508623,RT90,Mindre bra,2012.08.11,Nej,,Ja,2017.12.14,,,0,0,0,2,0,0,2,0,0,0,0,0,0,0,0,0,0,0,0,0,0,0,0,0,0,0,0,0,0,0,0,Historiska data - ej angivet,,,2-2080,Falun (S),2-20,Dalarnas län (S),4,2012
V481829,,2012.08.11,Ja,2012.08.12,,,Får,,Annan,Gästrike får,2012.08.10,2012.08.11,Nej,Fredat vilt,Varg,,Bete innanför stängsel,Fältkontroll - LST,Bedömd som säker,2-2183,Finnfara,6794735,1525251,6793224,568415,6794735,1525251,RT90,Mindre bra,2012.08.12,Nej,,Ja,2017.12.14,,,0,1,0,0,0,0,0,0,0,0,0,0,0,0,0,0,0,0,0,0,0,0,0,0,0,0,0,0,0,0,0,Historiska data - ej angivet,,,2-2183,Bollnäs (S),2-21,Gävleborgs län (S),1,2012
V481666,,2012.08.26,Ja,2012.08.26,,,Får,,,,2012.08.26,2012.08.26,Nej,Fredat vilt,Varg,,Bete innanför stängsel,Fältkontroll - LST,Bedömd som säker,2-2121,Ovanåker,6801098,1514374,6799450,557465,6801098,1514374,RT90,Mindre bra,2012.08.26,Nej,,Ja,2017.12.14,,,3,0,0,0,0,0,8,0,0,0,0,0,0,0,0,0,0,0,0,0,0,0,0,0,0,0,0,0,0,0,0,Historiska data - ej angivet,,,2-2121,Ovanåker (S),2-21,Gävleborgs län (S),11,2012
V481837,,2012.08.26,Ja,2012.08.26,,,Får,,Annan,Kött,2012.08.25,2012.08.26,Nej,Fredat vilt,Varg,,Bete innanför stängsel,Fältkontroll - LST,Bedömd som säker,2-2121,Södra Kyrkbyn,6801170,1514453,6799523,557543,6801170,1514453,RT90,Mindre bra,2012.08.26,Nej,,Ja,2017.12.14,,,2,1,0,0,0,0,8,0,0,0,0,0,0,0,0,0,0,0,0,0,0,0,0,0,0,0,0,0,0,0,0,Historiska data - ej angivet,,,2-2121,Ovanåker (S),2-21,Gävleborgs län (S),11,2012
V481892,,2012.08.31,Ja,2012.08.31,,,Får,,Annan,Värmländska skogsfår,2012.08.30,2012.08.31,Nej,Fredat vilt,Varg,,Bete innanför stängsel,Fältkontroll - LST,Bedömd som säker,2-1462,Tösslanda,6456300,1283585,6452043,330997,6456300,1283585,RT90,Mindre bra,2012.08.31,Nej,,Ja,2017.12.14,,,3,1,0,0,0,0,2,0,0,0,0,0,0,0,0,0,0,0,0,0,0,0,0,0,0,0,0,0,0,0,0,Historiska data - ej angivet,,,2-1462,LillaEdet (S),2-14,Västra Götalands län (S),6,2012
V481612,,2012.09.06,Ja,2012.09.06,,,Får,,Annan,Gutefår,2012.09.05,2012.09.06,Nej,Fredat vilt,Varg,,Bete innanför stängsel,Fältkontroll - LST,Bedömd som säker,2-2080,Övertänger,6750809,1497892,6748981,541609,6750809,1497892,RT90,Mindre bra,2012.09.06,Nej,,Ja,2017.12.14,,,0,0,0,0,0,0,4,0,0,0,0,0,0,0,0,0,1,0,0,0,0,0,0,0,0,0,0,0,0,0,0,Historiska data - ej angivet,,,2-2080,Falun (S),2-20,Dalarnas län (S),5,2012
V481617,,2012.09.07,Ja,2012.09.07,,,Får,,Annan,Kött,2012.09.06,2012.09.07,Nej,Fredat vilt,Varg,,Bete innanför stängsel,Fältkontroll - LST,Bedömd som säker,2-2101,"Nybacka, norr om Ockelb",6758788,1546682,6757556,590280,6758788,1546682,RT90,Mindre bra,2012.09.07,Nej,,Ja,2017.12.14,,,0,0,0,0,0,0,0,1,0,0,0,0,0,0,0,0,0,0,0,0,0,0,0,0,0,0,0,0,0,0,0,Historiska data - ej angivet,,,2-2101,Ockelbo (S),2-21,Gävleborgs län (S),1,2012
V481429,,2012.09.10,Ja,2012.09.10,,,Får,,Annan,Texel / afrikansk dvärg,2012.09.10,2012.09.10,Nej,Fredat vilt,Varg,,Bete innanför stängsel,Fältkontroll - LST,Bedömd som säker,2-2061,Resmoren,6666211,1494576,6664381,539331,6666211,1494576,RT90,Mindre bra,2012.09.10,Nej,,Ja,2017.12.14,,,0,1,0,0,0,0,1,0,0,0,0,0,0,0,0,0,0,0,0,0,0,0,0,0,0,0,0,0,0,0,0,Historiska data - ej angivet,,,2-2061,Smedjebacken (S),2-20,Dalarnas län (S),2,2012
V481430,,2012.09.10,Ja,2012.09.10,,,Får,,Annan,Gottlands får,2012.09.09,2012.09.10,Nej,Fredat vilt,Varg,,Bete innanför stängsel,Fältkontroll - LST,Bedömd som säker,2-2080,Övertänger,6749871,1497400,6748037,541129,6749871,1497400,RT90,Mindre bra,2012.09.10,Nej,,Ja,2017.12.14,,,1,0,0,0,0,0,2,0,0,0,0,0,0,0,0,0,0,0,0,0,0,0,0,0,0,0,0,0,0,0,0,Historiska data - ej angivet,,,2-2080,Falun (S),2-20,Dalarnas län (S),3,2012
V481818,,2012.09.21,Ja,2012.09.21,,,Får,,Annan,Gottland,2012.09.20,2012.09.21,Nej,Fredat vilt,Varg,,Bete innanför stängsel,Fältkontroll - LST,Bedömd som säker,2-2061,Ställverksvägen,6668819,1475196,6666751,519928,6668819,1475196,RT90,Mindre bra,2012.09.21,Nej,,Ja,2017.12.14,,,0,0,0,0,0,0,2,0,0,0,0,0,0,0,0,0,0,0,0,0,0,0,0,0,0,0,0,0,0,0,0,Historiska data - ej angivet,,,2-2061,Smedjebacken (S),2-20,Dalarnas län (S),2,2012
V481448,,2012.09.24,Ja,2012.09.24,,,Får,,Annan,korsn,2012.09.24,2012.09.24,Nej,Fredat vilt,Varg,,Bete innanför stängsel,Fältkontroll - LST,Bedömd som säker,2-0380,Ubby Dalby,6629220,1593903,6628615,639068,6629220,1593903,RT90,Mindre bra,2012.09.24,Nej,,Ja,2017.12.14,,,2,0,0,0,0,0,0,0,0,0,0,0,0,0,0,0,0,0,0,0,1,0,0,0,0,0,0,0,0,0,0,Historiska data - ej angivet,,,2-0380,Uppsala (S),2-03,Uppsala län (S),3,2012
V481632,,2012.09.24,Ja,2012.09.24,,,Får,,Annan,Blandat,2012.09.24,2012.09.24,Nej,Fredat vilt,Varg,,Bete innanför stängsel,Fältkontroll - LST,Bedömd som säker,2-2083,Sjulsbo,6676834,1509835,6675185,554453,6676834,1509835,RT90,Mindre bra,2012.09.24,Nej,,Ja,2017.12.14,,,1,0,0,0,0,0,0,0,0,0,0,0,0,0,0,0,0,0,0,0,0,0,0,0,0,0,0,0,0,0,0,Historiska data - ej angivet,,,2-2083,Hedemora (S),2-20,Dalarnas län (S),1,2012
V481625,,2012.09.30,Ja,2012.09.30,,,Får,,,,2012.09.29,2012.09.30,Nej,Fredat vilt,Varg,,Bete innanför stängsel,Fältkontroll - LST,Bedömd som säker,2-0761,Arnaskruv,6295285,1477510,6293424,526718,6295285,1477510,RT90,Mindre bra,2012.09.30,Nej,,Ja,2017.12.14,,,0,0,0,0,0,0,6,0,0,0,0,0,0,0,0,0,2,0,0,0,0,0,0,0,0,0,0,0,0,0,0,Historiska data - ej angivet,,,2-0761,Lessebo (S),2-07,Kronobergs län (S),8,2012
V481640,,2012.10.06,Ja,2012.10.06,,,Får,,,,2012.10.05,2012.10.06,Nej,Fredat vilt,Varg,,Bete innanför stängsel,Fältkontroll - LST,Bedömd som säker,2-1381,Vippentorpet,6266905,1341991,6263467,391608,6266905,1341991,RT90,Mindre bra,2012.10.06,Nej,,Ja,2017.12.14,,,0,1,0,0,0,0,0,0,0,0,0,0,0,0,0,0,0,0,0,0,0,0,0,0,0,0,0,0,0,0,0,Historiska data - ej angivet,,,2-1381,Laholm (S),2-13,Hallands län (S),1,2012
V481785,,2012.10.10,Ja,2012.10.10,,,Får,,,,2012.10.10,2012.10.10,Nej,Fredat vilt,Varg,,Bete innanför stängsel,Fältkontroll - LST,Bedömd som säker,2-1287,Näsbyholms gods,6150980,1350637,6147716,401600,6150980,1350637,RT90,Mindre bra,2012.10.10,Nej,,Ja,2017.12.14,,,0,0,0,30,0,0,0,0,0,0,0,0,0,0,0,0,0,0,0,0,0,0,0,0,0,0,0,0,0,0,0,Historiska data - ej angivet,,,2-1287,Trelleborg (S),2-12,Skåne län (S),30,2012
V481695,,2012.10.24,Ja,2012.11.03,,,Får,,,,2012.10.23,2012.10.24,Nej,Fredat vilt,Varg,,Bete innanför stängsel,Fältkontroll - LST,Bedömd som säker,2-1291,Ravlunda skjutfält,6180783,1398217,6178054,448806,6180783,1398217,RT90,Mindre bra,2012.11.03,Nej,,Ja,2017.12.14,,,2,0,0,1,0,0,20,0,0,0,0,0,0,0,0,0,15,0,0,0,0,0,0,0,0,0,0,0,0,0,0,Historiska data - ej angivet,,,2-1291,Simrishamn (S),2-12,Skåne län (S),38,2012
V481757,,2012.10.24,Ja,2012.12.02,,,Får,,,,2012.10.23,2012.10.24,Nej,Fredat vilt,Varg,,Bete innanför stängsel,Fältkontroll - LST,Bedömd som säker,2-1291,Ravlunda skjutfält,6180783,1398217,6178054,448806,6180783,1398217,RT90,Mindre bra,2012.12.02,Nej,,Ja,2017.12.14,,,2,0,0,1,0,0,23,0,0,0,0,0,0,0,0,0,14,0,0,0,0,0,0,0,0,0,0,0,0,0,0,Historiska data - ej angivet,,,2-1291,Simrishamn (S),2-12,Skåne län (S),40,2012
V481687,,2012.10.30,Ja,2012.10.30,,,Får,,,,2012.10.29,2012.10.30,Nej,Fredat vilt,Varg,,Bete innanför stängsel,Fältkontroll - LST,Bedömd som säker,2-1291,Älmhult 28,6167710,1396407,6164967,447149,6167710,1396407,RT90,Mindre bra,2012.10.30,Nej,,Ja,2017.12.14,,,4,3,0,0,0,0,4,0,0,0,0,0,0,0,0,0,0,0,0,0,0,0,0,0,0,0,0,0,0,0,0,Historiska data - ej angivet,,,2-1291,Simrishamn (S),2-12,Skåne län (S),11,2012
V481661,,2012.11.02,Ja,2012.11.03,,,Får,,,,2012.11.02,2012.11.03,Nej,Fredat vilt,Varg,,Bete innanför stängsel,Fältkontroll - LST,Bedömd som säker,2-1880,Halvbackens gård,6589800,1470800,6587717,516494,6589800,1470800,RT90,Mindre bra,2012.11.03,Nej,,Ja,2017.12.14,,,0,0,0,0,0,0,0,0,0,0,0,0,0,0,0,0,8,0,0,0,0,0,0,0,0,0,0,0,0,0,0,Historiska data - ej angivet,,,2-1880,Örebro (S),2-18,Örebro län (S),8,2012
V481655,,2012.11.03,Ja,2012.11.03,,,Får,,Annan,Kött/skinn,2012.11.02,2012.11.03,Nej,Fredat vilt,Varg,,Bete innanför stängsel,Fältkontroll - LST,Bedömd som säker,2-1880,Ervalla,6589800,1470800,6587717,516494,6589800,1470800,RT90,Mindre bra,2012.11.03,Nej,,Ja,2017.12.14,,,0,0,0,0,0,0,30,0,0,0,0,0,0,0,0,0,0,0,0,0,0,0,0,0,0,0,10,0,0,0,0,Historiska data - ej angivet,,,2-1880,Örebro (S),2-18,Örebro län (S),40,2012
V481652,,2012.11.08,Ja,2012.11.08,,,Får,,,,2012.11.07,2012.11.08,Nej,Fredat vilt,Varg,,Bete innanför stängsel,Fältkontroll - LST,Bedömd som säker,2-1499,Munkabo 3,6465738,1383177,6462667,430412,6465738,1383177,RT90,Mindre bra,2012.11.08,Nej,,Ja,2017.12.14,,,0,0,0,0,0,0,0,0,0,0,0,0,0,0,0,0,1,0,0,0,0,0,0,0,0,0,0,0,0,0,0,Historiska data - ej angivet,,,2-1499,Falköping (S),2-14,Västra Götalands län (S),1,2012
V481771,,2012.11.26,Ja,2012.11.27,,,Får,,Annan,Blandras,2012.11.25,2012.11.26,Nej,Fredat vilt,Varg,,Bete innanför stängsel,Fältkontroll - LST,Bedömd som säker,2-0765,"Tvivelstorp, Pjätteryd",6285571,1394902,6282743,444268,6285571,1394902,RT90,Mindre bra,2012.11.27,Nej,,Ja,2017.12.14,,,0,1,0,0,0,0,5,0,0,0,0,1,0,0,0,0,1,0,0,0,0,0,0,0,0,0,0,0,0,0,0,Historiska data - ej angivet,,,2-0765,Älmhult (S),2-07,Kronobergs län (S),8,2012
V481768,,2012.11.27,Ja,2012.11.28,,,Får,,Annan,Finull,2012.11.26,2012.11.27,Nej,Fredat vilt,Varg,,Bete innanför stängsel,Fältkontroll - LST,Bedömd som säker,2-1381,Knäred,6272153,1346082,6268760,395635,6272153,1346082,RT90,Mindre bra,2012.11.28,Nej,,Ja,2017.12.14,,,4,5,0,0,0,0,4,0,0,0,0,0,0,0,0,0,0,0,0,0,0,0,0,0,0,0,0,0,0,0,0,Historiska data - ej angivet,,,2-1381,Laholm (S),2-13,Hallands län (S),13,2012
V481278,,2012.12.23,Ja,2012.12.23,,,Får,,,,2012.12.22,2012.12.23,Nej,Fredat vilt,Varg,,Bete utan stängsel,Fältkontroll - LST,Bedömd som säker,2-1273,Strönhult,6242483,1410451,6239862,460313,6242483,1410451,RT90,Mindre bra,2012.12.23,Nej,,Ja,2017.12.14,,,0,0,0,1,1,0,1,0,0,0,0,0,0,0,0,0,0,0,0,0,0,0,0,0,0,0,0,0,0,0,0,Historiska data - ej angivet,,,2-1273,Osby (S),2-12,Skåne län (S),3,2012
V481279,,2013.01.06,Ja,2013.01.06,,,Får,,,,2013.01.05,2013.01.06,Nej,Fredat vilt,Varg,,Bete innanför stängsel,Fältkontroll - LST,Bedömd som säker,2-1230,Swinarpegården,6168140,1345167,6164802,395935,6168140,1345167,RT90,Mindre bra,2013.01.06,Nej,,Ja,2017.12.14,,,0,1,0,0,0,0,0,0,0,0,0,0,0,0,0,0,0,0,0,0,0,0,0,0,0,0,0,0,0,0,0,Historiska data - ej angivet,,,2-1230,Staffanstorp (S),2-12,Skåne län (S),1,2013
V481287,,2013.01.12,Ja,2013.01.12,,,Får,,,,2013.01.11,2013.01.12,Nej,Fredat vilt,Varg,,Bete innanför stängsel,Fältkontroll - LST,Bedömd som säker,2-1278,Kattvik,6264227,1311200,6260430,360868,6264227,1311200,RT90,Mindre bra,2013.01.12,Nej,,Ja,2017.12.14,,,1,1,0,0,0,0,1,0,0,0,0,0,0,0,0,0,0,0,0,0,0,0,0,0,0,0,0,0,0,0,0,Historiska data - ej angivet,,,2-1278,Båstad (S),2-12,Skåne län (S),3,2013
V481470,,2013.01.17,Ja,2013.01.17,,,Får,,,,2013.01.16,2013.01.17,Nej,Fredat vilt,Varg,,Bete innanför stängsel,Fältkontroll - LST,Bedömd som säker,2-1480,Billdal,6389765,1270922,6385405,319136,6389765,1270922,RT90,Mindre bra,2013.01.17,Nej,,Ja,2017.12.14,,,0,0,0,0,0,0,5,0,0,0,0,0,0,0,0,0,1,0,0,0,0,0,0,0,0,0,0,0,0,0,0,Historiska data - ej angivet,,,2-1480,Göteborg (S),2-14,Västra Götalands län (S),6,2013
V481716,,2013.01.31,Ja,2013.01.31,,,Får,,,,2013.01.30,2013.01.31,Nej,Fredat vilt,Varg,,Bete innanför stängsel,Fältkontroll - LST,Bedömd som säker,2-1421,Svanesund,6456284,1259502,6451739,306931,6456284,1259502,RT90,Mindre bra,2013.01.31,Nej,,Ja,2017.12.14,,,0,0,0,0,0,0,3,0,0,0,0,0,0,0,0,0,2,0,0,0,0,0,0,0,0,0,0,0,0,0,0,Historiska data - ej angivet,,,2-1421,Orust (S),2-14,Västra Götalands län (S),5,2013
V481719,,2013.02.08,Ja,2013.02.08,,,Får,,,,2013.02.07,2013.02.08,Nej,Fredat vilt,Varg,,Bete innanför stängsel,Fältkontroll - LST,Bedömd som säker,2-1291,Ravlunda skjutfält,6182100,1396240,6179347,446815,6182100,1396240,RT90,Mindre bra,2013.02.08,Nej,,Ja,2017.12.14,,,0,0,0,1,0,0,0,0,0,0,0,0,0,1,0,0,0,0,0,0,0,0,0,0,0,0,0,0,0,0,0,Historiska data - ej angivet,,,2-1291,Simrishamn (S),2-12,Skåne län (S),2,2013
V481495,,2013.02.26,Ja,2013.02.26,,,Får,,Annan,Gotlandsfår,2013.02.26,2013.02.26,Nej,Fredat vilt,Varg,,Bete innanför stängsel,Fältkontroll - LST,Bedömd som säker,2-1880,Rånnesta 405,6580837,1458131,6578605,503940,6580837,1458131,RT90,Mindre bra,2013.02.26,Nej,,Ja,2017.12.14,,,0,0,0,0,0,0,2,0,0,0,0,0,0,0,0,0,0,0,0,0,0,0,0,0,0,0,0,0,0,0,0,Historiska data - ej angivet,,,2-1880,Örebro (S),2-18,Örebro län (S),2,2013
V481496,,2013.02.28,Ja,2013.02.28,,,Får,,Annan,blandras,2013.02.28,2013.02.28,Nej,Fredat vilt,Varg,,Bete innanför stängsel,Fältkontroll - LST,Bedömd som säker,2-1880,Gräve 454,6573922,1458825,6571702,504718,6573922,1458825,RT90,Mindre bra,2013.02.28,Nej,,Ja,2017.12.14,,,0,2,0,0,0,0,0,0,0,0,0,1,0,0,0,0,0,0,0,0,0,0,0,0,0,0,0,0,0,0,0,Historiska data - ej angivet,,,2-1880,Örebro (S),2-18,Örebro län (S),3,2013
V481513,,2013.02.28,Ja,2013.02.28,,,Får,,Annan,Blandras,2013.02.28,2013.02.28,Nej,Fredat vilt,Varg,,Bete innanför stängsel,Fältkontroll - LST,Bedömd som säker,2-1880,Gräve 454,6573922,1458825,6571702,504718,6573922,1458825,RT90,Mindre bra,2013.02.28,Nej,,Ja,2017.12.14,,,0,2,0,0,0,0,0,0,0,0,0,1,0,0,0,0,0,0,0,0,0,0,0,0,0,0,0,0,0,0,0,Historiska data - ej angivet,,,2-1880,Örebro (S),2-18,Örebro län (S),3,2013
V481291,,2013.03.02,Ja,2013.03.02,,,Får,,Annan,Gute,2013.03.02,2013.03.02,Nej,Fredat vilt,Varg,,Bete innanför stängsel,Fältkontroll - LST,Bedömd som säker,2-0188,Djupgärd,6637873,1640853,6637836,685897,6637873,1640853,RT90,Mindre bra,2013.03.02,Nej,,Ja,2017.12.14,,,0,0,0,2,0,0,0,0,0,0,0,0,0,0,0,0,0,0,0,0,0,0,0,0,0,0,0,0,0,0,0,Historiska data - ej angivet,,,2-0188,Norrtälje (S),2-01,Stockholms län (S),2,2013
V481497,,2013.03.03,Ja,2013.03.03,,,Får,,Annan,blandras,2013.03.03,2013.03.03,Nej,Fredat vilt,Varg,,Bete innanför stängsel,Fältkontroll - LST,Bedömd som säker,2-1880,Balsna 218,6581187,1474360,6579152,520157,6581187,1474360,RT90,Mindre bra,2013.03.03,Nej,,Ja,2017.12.14,,,0,0,0,0,0,0,1,0,0,0,0,0,0,0,1,0,1,0,0,0,0,0,0,0,0,0,0,0,0,0,0,Historiska data - ej angivet,,,2-1880,Örebro (S),2-18,Örebro län (S),3,2013
V481295,,2013.03.08,Ja,2013.03.08,,,Får,,Annan,värmland,2013.03.07,2013.03.08,Nej,Fredat vilt,Varg,,Bete innanför stängsel,Fältkontroll - LST,Bedömd som säker,2-0763,Binnareboda,6265953,1469123,6264007,518680,6265953,1469123,RT90,Mindre bra,2013.03.08,Nej,,Ja,2017.12.14,,,0,0,0,0,0,0,1,0,0,0,0,0,0,0,0,0,0,0,0,0,0,0,0,0,0,0,0,0,0,0,0,Historiska data - ej angivet,,,2-0763,Tingsryd (S),2-07,Kronobergs län (S),1,2013
V481539,,2013.03.08,Ja,2013.03.08,,,Får,,Annan,Oxfordown,2013.03.05,2013.03.08,Nej,Fredat vilt,Varg,,Bete innanför stängsel,Fältkontroll - LST,Bedömd som säker,2-0764,"Strömhult, Alvesta kommun",6332627,1412780,6329983,461581,6332627,1412780,RT90,Mindre bra,2013.03.08,Nej,,Ja,2017.12.14,,,1,0,0,0,0,0,1,0,0,0,0,0,0,0,0,0,0,0,0,0,0,0,0,0,0,0,0,0,0,0,0,Historiska data - ej angivet,,,2-0764,Alvesta (S),2-07,Kronobergs län (S),2,2013
V481671,,2013.03.14,Ja,2013.03.15,,,Får,,Annan,x,2013.03.14,2013.03.14,Nej,Fredat vilt,Varg,,Bete innanför stängsel,Fältkontroll - LST,Bedömd som säker,2-1784,Strand,6613040,1338180,6609336,383667,6613040,1338180,RT90,Mindre bra,2013.03.15,Nej,,Ja,2017.12.14,,,0,0,0,0,0,0,1,0,0,0,0,0,0,0,0,0,0,0,0,0,0,0,0,0,0,0,0,0,0,0,0,Historiska data - ej angivet,,,2-1784,Arvika (S),2-17,Värmlands län (S),1,2013
V481492,,2013.03.17,Ja,2013.03.17,,,Får,,Annan,blandras,2013.03.15,2013.03.17,Nej,Fredat vilt,Varg,,Bete innanför stängsel,Fältkontroll - LST,Bedömd som säker,2-0763,Lidanäs,6266450,1470389,6264519,519939,6266450,1470389,RT90,Mindre bra,2013.03.17,Nej,,Ja,2017.12.14,,,0,0,0,0,0,0,1,0,0,0,0,0,0,0,0,0,0,0,0,0,0,0,0,0,0,0,0,0,0,0,0,Historiska data - ej angivet,,,2-0763,Tingsryd (S),2-07,Kronobergs län (S),1,2013
V481677,,2013.03.28,Ja,2013.03.28,,,Får,,,,2013.03.27,2013.03.28,Nej,Fredat vilt,Varg,,Bete innanför stängsel,Fältkontroll - LST,Bedömd som säker,2-1485,Laneberg,6475080,1263800,6470573,311001,6475080,1263800,RT90,Mindre bra,2013.03.28,Nej,,Ja,2017.12.14,,,0,0,0,0,0,0,6,0,0,0,0,0,0,0,0,0,0,0,0,0,0,0,0,0,0,0,0,0,0,0,0,Historiska data - ej angivet,,,2-1485,Uddevalla (S),2-14,Västra Götalands län (S),6,2013
V481499,,2013.04.18,Ja,2013.04.18,,,Får,,,,2013.04.17,2013.04.18,Nej,Fredat vilt,Varg,,Bete innanför stängsel,Fältkontroll - LST,Bedömd som säker,2-1463,Sätila,6384192,1296461,6380139,344723,6384192,1296461,RT90,Mindre bra,2013.04.18,Nej,,Ja,2017.12.14,,,0,1,0,0,0,0,0,0,0,0,0,0,0,0,0,0,2,0,0,0,1,0,0,0,0,0,0,0,0,0,0,Historiska data - ej angivet,,,2-1463,Mark (S),2-14,Västra Götalands län (S),4,2013
V481500,,2013.04.18,Ja,2013.04.18,,,Får,,,,2013.04.17,2013.04.18,Nej,Fredat vilt,Varg,,Bete innanför stängsel,Fältkontroll - LST,Bedömd som säker,2-1463,Sätila,6382585,1296373,6378532,344655,6382585,1296373,RT90,Mindre bra,2013.04.18,Nej,,Ja,2017.12.14,,,0,0,0,0,0,0,5,0,0,0,0,0,0,0,0,0,2,0,0,0,0,0,0,0,0,0,0,0,0,0,0,Historiska data - ej angivet,,,2-1463,Mark (S),2-14,Västra Götalands län (S),7,2013
V481520,,2013.05.13,Ja,2013.05.13,,,Får,,,,2013.05.12,2013.05.13,Nej,Fredat vilt,Varg,,Bete innanför stängsel,Fältkontroll - LST,Bedömd som säker,2-1273,V.Gisslaboda,6249916,1408525,6247268,458301,6249916,1408525,RT90,Mindre bra,2013.05.13,Nej,,Ja,2017.12.14,,,0,0,0,0,0,0,5,0,0,0,0,0,0,0,0,0,0,0,0,0,0,0,0,0,0,0,0,0,0,0,0,Historiska data - ej angivet,,,2-1273,Osby (S),2-12,Skåne län (S),5,2013
V481521,,2013.05.14,Ja,2013.05.14,,,Får,,,,2013.05.13,2013.05.14,Nej,Fredat vilt,Varg,,Bete innanför stängsel,Fältkontroll - LST,Bedömd som säker,2-0834,Djursvik,6256553,1518844,6255194,568489,6256553,1518844,RT90,Mindre bra,2013.05.14,Nej,,Ja,2017.12.14,,,0,0,0,0,0,0,2,0,0,0,0,0,0,0,0,0,1,0,0,0,1,1,0,0,0,0,0,0,0,0,0,Historiska data - ej angivet,,,2-0834,Torsås (S),2-08,Kalmar län (S),5,2013
V481592,,2013.05.16,Ja,2013.05.17,,,Får,,Annan,Gute,2013.05.15,2013.05.16,Nej,Fredat vilt,Varg,,Bete innanför stängsel,Fältkontroll - LST,Bedömd som säker,2-1430,Fisketorp,6503350,1265220,6498840,312081,6503350,1265220,RT90,Mindre bra,2013.05.17,Nej,,Ja,2017.12.14,,,0,0,0,1,0,0,2,0,0,0,0,0,0,0,0,0,0,0,0,0,1,0,0,0,0,0,0,0,0,0,0,Historiska data - ej angivet,,,2-1430,Munkedal (S),2-14,Västra Götalands län (S),4,2013
V481605,,2013.05.17,Ja,2013.05.17,,,Får,,Annan,Texel-finull2,2013.05.15,2013.05.17,Nej,Fredat vilt,Varg,,Bete innanför stängsel,Fältkontroll - LST,Bedömd som säker,2-0765,Väster Bromåla Häradsbäck,6265439,1414018,6262847,463609,6265439,1414018,RT90,Mindre bra,2013.05.17,Nej,,Ja,2017.12.14,,,1,1,0,0,0,0,3,0,0,0,0,0,0,0,0,0,0,0,0,0,1,0,0,0,0,0,0,0,0,0,0,Historiska data - ej angivet,,,2-0765,Älmhult (S),2-07,Kronobergs län (S),6,2013
V481522,,2013.05.26,Ja,2013.05.26,,,Får,,Annan,x,2013.05.25,2013.05.26,Nej,Fredat vilt,Varg,,Bete innanför stängsel,Fältkontroll - LST,Bedömd som säker,2-1737,Bada,6664220,1348570,6660611,393428,6664220,1348570,RT90,Mindre bra,2013.05.26,Nej,,Ja,2017.12.14,,,0,0,0,0,0,0,0,1,0,0,0,0,0,0,0,0,0,0,0,0,0,0,0,0,0,0,0,0,0,0,0,Historiska data - ej angivet,,,2-1737,Torsby (S),2-17,Värmlands län (S),1,2013
V481270,,2013.05.27,Ja,2013.05.27,,,Får,,Annan,Korningar,2013.05.26,2013.05.27,Nej,Fredat vilt,Varg,,Bete innanför stängsel,Fältkontroll - LST,Bedömd som säker,2-0883,Gölpefall,6385740,1533650,6384503,581764,6385740,1533650,RT90,Mindre bra,2013.05.27,Nej,,Ja,2017.12.14,,,4,0,0,0,0,0,9,0,0,0,1,0,0,0,0,0,0,0,0,0,0,0,0,0,0,0,0,0,0,0,0,Historiska data - ej angivet,,,2-0883,Västervik (S),2-08,Kalmar län (S),14,2013
V481445,,2013.06.01,Ja,2013.06.01,,,Får,,Annan,Svärdsjöfår,2013.05.31,2013.06.01,Nej,Fredat vilt,Varg,,Bete innanför stängsel,Fältkontroll - LST,Bedömd som säker,2-0883,Långvik,6394540,1548230,6393472,596234,6394540,1548230,RT90,Mindre bra,2013.06.01,Nej,,Ja,2017.12.14,,,0,0,0,0,0,0,0,4,0,0,0,0,0,0,0,0,0,0,0,0,0,0,0,0,0,0,0,0,0,0,0,Historiska data - ej angivet,,,2-0883,Västervik (S),2-08,Kalmar län (S),4,2013
V481531,,2013.06.04,Ja,2013.06.04,,,Får,,Annan,Korsningar,2013.06.03,2013.06.04,Nej,Fredat vilt,Varg,,Bete innanför stängsel,Fältkontroll - LST,Bedömd som säker,2-0883,Gölpefall,6385740,1533650,6384503,581764,6385740,1533650,RT90,Mindre bra,2013.06.04,Nej,,Ja,2017.12.14,,,3,0,0,0,0,0,1,0,0,0,2,0,0,0,0,0,0,0,0,0,1,0,0,0,0,0,0,0,0,0,0,Historiska data - ej angivet,,,2-0883,Västervik (S),2-08,Kalmar län (S),7,2013
V481555,,2013.06.06,Ja,2013.06.06,,,Får,,Annan,Blandras,2013.05.06,2013.06.06,Nej,Fredat vilt,Varg,,Bete innanför stängsel,Fältkontroll - LST,Bedömd som säker,2-0188,Gryta 5:19,6642770,1671597,6643106,716573,6642770,1671597,RT90,Mindre bra,2013.06.06,Nej,,Ja,2017.12.14,,,0,0,0,0,0,0,1,0,0,0,0,0,0,0,0,0,0,0,0,0,0,0,0,0,0,0,0,0,0,0,0,Historiska data - ej angivet,,,2-0188,Norrtälje (S),2-01,Stockholms län (S),1,2013
V481635,,2013.06.06,Ja,2013.06.06,,,Får,,Annan,Finull,2013.06.06,2013.06.06,Nej,Fredat vilt,Varg,,Bete innanför stängsel,Fältkontroll - LST,Bedömd som säker,2-0665,Gislaköp,6370778,1388741,6367828,437104,6370778,1388741,RT90,Mindre bra,2013.06.06,Nej,,Ja,2017.12.14,,,0,0,0,0,0,0,0,0,0,0,0,0,0,1,0,0,0,0,0,0,0,0,0,0,0,0,0,0,0,0,0,Historiska data - ej angivet,,,2-0665,Vaggeryd (S),2-06,Jönköpings län (S),1,2013
V481550,,2013.06.08,Ja,2013.06.08,,,Får,,Annan,korsning,2013.06.08,2013.06.08,Nej,Fredat vilt,Varg,,Bete innanför stängsel,Fältkontroll - LST,Bedömd som säker,2-0763,Bäckaskog,6261876,1439252,6259582,488872,6261876,1439252,RT90,Mindre bra,2013.06.08,Nej,,Ja,2017.12.14,,,0,0,0,0,0,0,2,0,0,0,0,0,0,0,0,0,2,0,0,0,0,0,0,0,0,0,0,0,0,0,0,Historiska data - ej angivet,,,2-0763,Tingsryd (S),2-07,Kronobergs län (S),4,2013
V481636,,2013.06.09,Ja,2013.06.09,,,Får,,,,2013.06.08,2013.06.09,Nej,Fredat vilt,Varg,,Bete innanför stängsel,Fältkontroll - LST,Bedömd som säker,2-0662,Hallforsen,6377927,1382460,6374899,430742,6377927,1382460,RT90,Mindre bra,2013.06.09,Nej,,Ja,2017.12.14,,,5,7,0,8,1,0,0,0,0,0,1,1,0,2,0,0,0,0,0,0,0,0,0,0,0,0,0,0,0,0,0,Historiska data - ej angivet,,,2-0662,Gislaved (S),2-06,Jönköpings län (S),25,2013
V481549,,2013.06.10,Ja,2013.06.10,,,Får,,Annan,Texel,2013.06.09,2013.06.10,Nej,Fredat vilt,Varg,,Bete innanför stängsel,Fältkontroll - LST,Bedömd som säker,2-0882,Bråhult,6358560,1521855,6357194,570296,6358560,1521855,RT90,Mindre bra,2013.06.10,Nej,,Ja,2017.12.14,,,0,0,0,0,0,0,1,0,0,0,0,0,0,0,0,0,0,0,0,0,0,0,0,0,0,0,0,0,0,0,0,Historiska data - ej angivet,,,2-0882,Oskarshamn (S),2-08,Kalmar län (S),1,2013
V481306,,2013.06.15,Ja,2013.06.15,,,Får,,,,2013.06.14,2013.06.15,Nej,Fredat vilt,Varg,,Bete innanför stängsel,Fältkontroll - LST,Bedömd som säker,2-0665,Ålaryd,6368077,1388183,6365122,436578,6368077,1388183,RT90,Mindre bra,2013.06.15,Nej,,Ja,2017.12.14,,,0,0,0,5,1,0,0,0,0,0,2,0,0,6,0,0,0,0,0,0,0,0,0,0,0,0,0,0,0,0,0,Historiska data - ej angivet,,,2-0665,Vaggeryd (S),2-06,Jönköpings län (S),14,2013
V481310,,2013.06.15,Ja,2013.06.15,,,Får,,Annan,Gottland,2013.06.15,2013.06.15,Nej,Fredat vilt,Varg,,Bete utan stängsel,Fältkontroll - LST,Bedömd som säker,2-2039,Billingbodarna fäbod,6795780,1371670,6792374,414900,6795780,1371670,RT90,Mindre bra,2013.06.15,Nej,,Ja,2017.12.14,,,0,0,0,0,1,0,0,0,0,0,0,0,0,0,0,0,0,0,0,0,0,0,0,0,0,0,0,0,0,0,0,Historiska data - ej angivet,,,2-2039,Älvdalen (S),2-20,Dalarnas län (S),1,2013
V481638,,2013.06.15,Ja,2013.06.15,,,Får,,,,2013.06.14,2013.06.15,Nej,Fredat vilt,Varg,,Bete innanför stängsel,Fältkontroll - LST,Bedömd som säker,2-0761,Backa,6283908,1468867,6281950,518213,6283908,1468867,RT90,Mindre bra,2013.06.15,Nej,,Ja,2017.12.14,,,0,5,0,0,0,0,3,0,0,0,1,1,0,0,0,0,0,0,0,0,0,0,0,0,0,0,0,0,0,0,0,Historiska data - ej angivet,,,2-0761,Lessebo (S),2-07,Kronobergs län (S),10,2013
V481322,,2013.06.28,Ja,2013.06.29,,,Får,,Annan,texel/finull,2013.06.24,2013.06.28,Nej,Fredat vilt,Varg,,Bete innanför stängsel,Fältkontroll - LST,Bedömd som säker,2-1272,Västanå,6229300,1418473,6226780,468485,6229300,1418473,RT90,Mindre bra,2013.06.29,Nej,,Ja,2017.12.14,,,0,0,0,0,0,0,7,0,0,0,0,0,0,0,0,0,3,0,0,0,0,0,0,0,0,0,1,0,0,0,0,Historiska data - ej angivet,,,2-1272,Bromölla (S),2-12,Skåne län (S),11,2013
V481536,,2013.07.05,Ja,2013.07.05,,,Får,,Annan,Gutefår,2013.07.04,2013.07.05,Nej,Fredat vilt,Varg,,Bete innanför stängsel,Fältkontroll - LST,Bedömd som säker,2-1884,Järnboås,6613900,1447700,6611525,493114,6613900,1447700,RT90,Mindre bra,2013.07.05,Nej,,Ja,2017.12.14,,,4,1,0,0,0,0,3,0,0,0,0,0,0,0,0,0,0,0,0,0,0,0,0,0,0,0,0,0,0,0,0,Historiska data - ej angivet,,,2-1884,Nora (S),2-18,Örebro län (S),8,2013
V481535,,2013.07.08,Ja,2013.07.09,,,Får,,Annan,Vet ej,2013.07.06,2013.07.07,Nej,Fredat vilt,Varg,,Bete innanför stängsel,Fältkontroll - LST,Bedömd som säker,2-1439,Färgelanda,6498500,1278400,6494151,325310,6498500,1278400,RT90,Mindre bra,2013.07.09,Nej,,Ja,2017.12.14,,,1,0,0,0,0,0,0,0,0,0,0,0,0,0,0,0,0,0,0,0,0,0,0,0,0,0,0,0,0,0,0,Historiska data - ej angivet,,,2-1439,Färgelanda (S),2-14,Västra Götalands län (S),1,2013
V481155,,2013.07.09,Ja,2013.07.09,,,Får,,Annan,Värmlänsk,2013.07.08,2013.07.09,Nej,Fredat vilt,Varg,,Bete utan stängsel,Fältkontroll - LST,Bedömd som säker,2-2031,Prästbodarna,6758411,1487131,6756447,530760,6758411,1487131,RT90,Mindre bra,2013.07.09,Nej,,Ja,2017.12.14,,,0,0,0,0,0,0,0,0,0,0,0,0,0,0,0,0,1,0,0,0,0,0,0,1,0,0,0,0,0,0,0,Historiska data - ej angivet,,,2-2031,Rättvik (S),2-20,Dalarnas län (S),2,2013
V481134,,2013.07.12,Ja,2013.07.12,,,Får,,Annan,Lantras,2013.07.11,2013.07.12,Nej,Fredat vilt,Varg,,Bete utan stängsel,Fältkontroll - LST,Bedömd som säker,2-2023,Momyckelberget,6739520,1385740,6736320,429654,6739520,1385740,RT90,Mindre bra,2013.07.12,Nej,,Ja,2017.12.14,,,2,1,0,0,0,0,2,0,0,0,0,0,0,0,0,0,0,0,0,0,2,2,0,0,0,0,0,0,0,0,0,Historiska data - ej angivet,,,2-2023,Malung (S),2-20,Dalarnas län (S),9,2013
V480186,,2013.07.21,Ja,2013.07.21,,,Får,,,,2013.07.20,2013.07.21,Nej,Fredat vilt,Varg,,Bete innanför stängsel,Fältkontroll - LST,Bedömd som säker,2-0862,Yggesryd,6294264,1478879,6292419,528099,6294264,1478879,RT90,Mindre bra,2013.07.21,Nej,,Ja,2017.12.14,,,0,1,0,0,0,0,0,0,0,0,0,0,0,0,0,0,0,0,0,0,0,0,0,0,0,0,0,0,0,0,0,Historiska data - ej angivet,,,2-0862,Emmaboda (S),2-08,Kalmar län (S),1,2013
V481132,,2013.07.22,Ja,2013.07.22,,,Får,,,,2013.07.22,2013.07.22,Nej,Fredat vilt,Varg,,Bete innanför stängsel,Fältkontroll - LST,Bedömd som säker,2-1438,Håbol,6548800,1280400,6544440,326703,6548800,1280400,RT90,Mindre bra,2013.07.22,Nej,,Ja,2017.12.14,,,2,0,0,0,0,0,3,0,0,0,1,0,0,0,0,0,0,0,0,0,0,1,0,0,0,0,0,0,0,0,0,Historiska data - ej angivet,,,2-1438,Dals-Ed (S),2-14,Västra Götalands län (S),7,2013
V450354,,2013.07.25,Ja,2013.07.27,Länsstyrelsen Västerbotten,2013.07.26,Får,,,,2013.07.25,2013.07.25,Nej,Fredat vilt,Varg,,Bete innanför stängsel,Fältkontroll - LST,Dokumenterad,2-2482,Södra Stensjön,7220064,787541,7220064,787541,7218896,1749777,SWEREF99 TM,Exakt,2013.07.29,Nej,,Nej,,2013.08.12,Ulf Eskilsson,0,0,0,0,0,0,1,0,0,0,0,0,0,0,0,0,0,0,0,0,0,0,0,0,0,0,0,0,0,0,0,Historiska data - ej angivet,,,2-2482,Skellefteå (S),2-24,Västerbottens län (S),1,2013
V481141,,2013.07.25,Ja,2013.07.27,,,Får,,,,2013.07.25,2013.07.25,Nej,Fredat vilt,Varg,,Bete innanför stängsel,Fältkontroll - LST,Bedömd som säker,2-2482,Södra Stensjön,7218895,1749778,7220063,787542,7218895,1749778,RT90,Mindre bra,2013.07.27,Nej,,Ja,2017.12.14,,,0,0,0,0,0,0,2,0,0,0,0,0,0,0,0,0,0,0,0,0,0,0,0,0,0,0,0,0,0,0,0,Historiska data - ej angivet,,,2-2482,Skellefteå (S),2-24,Västerbottens län (S),2,2013
V481144,,2013.08.01,Ja,2013.08.01,,,Får,,,,2013.07.27,2013.08.31,Nej,Fredat vilt,Varg,,Bete utan stängsel,Fältkontroll - LST,Bedömd som säker,2-2034,V.Grunuberg,6775103,1447142,6772639,490585,6775103,1447142,RT90,Mindre bra,2013.08.01,Nej,,Ja,2017.12.14,,,1,2,0,0,0,0,2,0,0,0,0,0,0,0,0,0,0,0,0,0,1,0,0,0,0,0,3,0,0,0,0,Historiska data - ej angivet,,,2-2034,Orsa (S),2-20,Dalarnas län (S),9,2013
V480187,,2013.08.04,Ja,2013.08.04,,,Får,,Annan,Texelkorsning,2013.08.03,2013.08.04,Nej,Fredat vilt,Varg,,Bete innanför stängsel,Fältkontroll - LST,Bedömd som säker,2-1266,Satsarp,6185727,1370320,6182670,420868,6185727,1370320,RT90,Mindre bra,2013.08.04,Nej,,Ja,2017.12.14,,,0,1,0,3,0,0,5,0,0,0,0,0,0,0,0,0,0,0,0,0,0,0,0,0,0,0,0,0,0,0,0,Historiska data - ej angivet,,,2-1266,Hörby (S),2-12,Skåne län (S),9,2013
V481142,,2013.08.06,Ja,2013.08.06,,,Får,,Annan,Texel,2013.08.05,2013.08.06,Nej,Fredat vilt,Varg,,Bete innanför stängsel,Fältkontroll - LST,Bedömd som säker,2-1265,Heingebergsvägen 223,6178210,1376413,6175229,427044,6178210,1376413,RT90,Mindre bra,2013.08.06,Nej,,Ja,2017.12.14,,,0,0,0,2,0,0,4,0,0,0,0,0,0,0,0,0,0,0,0,0,0,0,0,0,0,0,0,0,0,0,0,Historiska data - ej angivet,,,2-1265,Sjöbo (S),2-12,Skåne län (S),6,2013
V481311,,2013.08.08,Ja,2013.08.08,,,Får,,Annan,Gotlandsfår,2013.08.07,2013.08.08,Nej,Fredat vilt,Varg,,Bete innanför stängsel,Fältkontroll - LST,Bedömd som säker,2-1884,Gyttorp,6592432,1443814,6590021,489490,6592432,1443814,RT90,Mindre bra,2013.08.08,Nej,,Ja,2017.12.14,,,0,0,0,0,0,0,2,0,0,0,0,0,0,0,0,0,0,0,0,0,0,0,0,0,0,0,0,0,0,0,0,Historiska data - ej angivet,,,2-1884,Nora (S),2-18,Örebro län (S),2,2013
V481339,,2013.08.10,Ja,2013.08.10,,,Får,,,,2013.08.09,2013.08.10,Nej,Fredat vilt,Varg,,Bete innanför stängsel,Fältkontroll - LST,Bedömd som säker,2-1286,Ingelstorp,6143947,1389230,6141134,440251,6143947,1389230,RT90,Mindre bra,2013.08.10,Nej,,Ja,2017.12.14,,,2,1,0,0,0,0,1,0,0,0,1,0,0,0,0,0,0,0,0,0,0,0,0,0,0,0,0,0,0,0,0,Historiska data - ej angivet,,,2-1286,Ystad (S),2-12,Skåne län (S),5,2013
V481340,,2013.08.11,Ja,2013.08.11,,,Får,,Annan,Värmländsk utegångsfår,2013.08.10,2013.08.11,Nej,Fredat vilt,Varg,,Bete innanför stängsel,Fältkontroll - LST,Bedömd som säker,2-0862,Yggesryd,6293822,1478878,6291977,528103,6293822,1478878,RT90,Mindre bra,2013.08.11,Nej,,Ja,2017.12.14,,,1,2,0,0,0,0,3,0,0,0,0,0,0,0,0,0,0,0,0,0,0,0,0,0,0,0,0,0,0,0,0,Historiska data - ej angivet,,,2-0862,Emmaboda (S),2-08,Kalmar län (S),6,2013
V481480,,2013.08.12,Ja,2013.08.13,,,Får,,,,2013.08.12,2013.08.12,Nej,Fredat vilt,Varg,,Bete utan stängsel,Fältkontroll - LST,Bedömd som säker,2-2023,Liselen,6736174,1372010,6732808,415973,6736174,1372010,RT90,Mindre bra,2013.08.13,Nej,,Ja,2017.12.14,,,0,0,0,0,0,0,0,0,0,0,0,0,0,0,0,0,1,0,0,0,0,0,0,0,0,0,1,0,0,0,0,Historiska data - ej angivet,,,2-2023,Malung (S),2-20,Dalarnas län (S),2,2013
V480994,,2013.08.14,Ja,2013.08.14,,,Får,,Annan,Lantkorsning,2013.08.13,2013.08.15,Nej,Fredat vilt,Varg,,Bete innanför stängsel,Fältkontroll - LST,Bedömd som säker,2-1265,Fränninge 18:19,6178340,1378200,6175379,428829,6178340,1378200,RT90,Mindre bra,2013.08.14,Nej,,Ja,2017.12.14,,,1,1,0,0,0,0,1,1,0,0,0,0,0,0,0,0,0,0,0,0,0,0,0,0,0,0,0,0,0,0,0,Historiska data - ej angivet,,,2-1265,Sjöbo (S),2-12,Skåne län (S),4,2013
V481350,,2013.08.16,Ja,2013.08.16,,,Får,,Annan,Lantras,2013.08.15,2013.08.16,Nej,Fredat vilt,Varg,,Bete innanför stängsel,Fältkontroll - LST,Bedömd som säker,2-1266,Trulshärad,6183030,1380999,6180099,431572,6183030,1380999,RT90,Mindre bra,2013.08.16,Nej,,Ja,2017.12.14,,,0,1,0,0,0,0,0,0,0,0,0,0,0,0,0,0,0,0,0,0,0,0,0,0,0,0,0,0,0,0,0,Historiska data - ej angivet,,,2-1266,Hörby (S),2-12,Skåne län (S),1,2013
V481481,,2013.08.16,Ja,2013.08.16,,,Får,,,,2013.08.15,2013.08.16,Nej,Fredat vilt,Varg,,Bete innanför stängsel,Fältkontroll - LST,Bedömd som säker,2-1907,Fermansbo,6633267,1519277,6631753,564422,6633267,1519277,RT90,Mindre bra,2013.08.16,Nej,,Ja,2017.12.14,,,1,3,0,0,0,0,1,0,0,0,0,0,0,0,0,0,0,0,0,0,0,0,0,0,0,0,0,0,0,0,0,Historiska data - ej angivet,,,2-1907,Surahammar (S),2-19,Västmanlands län (S),5,2013
V481341,,2013.08.20,Ja,2013.08.20,,,Får,,Annan,Finull,2013.08.19,2013.08.20,Nej,Fredat vilt,Varg,,Bete innanför stängsel,Fältkontroll - LST,Bedömd som säker,2-1439,Illesäter,6513500,1285800,6509230,332525,6513500,1285800,RT90,Mindre bra,2013.08.20,Nej,,Ja,2017.12.14,,,0,0,0,1,0,0,0,1,0,0,0,0,0,0,0,0,0,0,0,0,0,0,0,0,0,0,0,0,0,0,0,Historiska data - ej angivet,,,2-1439,Färgelanda (S),2-14,Västra Götalands län (S),2,2013
V481360,,2013.08.23,Ja,2013.08.23,,,Får,,Annan,Gotlands. o Texel,2013.08.22,2013.08.23,Nej,Fredat vilt,Varg,,Bete innanför stängsel,Fältkontroll - LST,Bedömd som säker,2-1785,Ölserud,6546310,1347300,6542759,393589,6546310,1347300,RT90,Mindre bra,2013.08.23,Nej,,Ja,2017.12.14,,,0,0,0,0,0,0,12,0,0,0,0,0,0,0,0,0,5,0,0,0,0,0,0,0,0,0,0,0,0,0,0,Historiska data - ej angivet,,,2-1785,Säffle (S),2-17,Värmlands län (S),17,2013
V481154,,2013.08.30,Ja,2013.08.30,,,Får,,,,2013.08.29,2013.08.30,Nej,Fredat vilt,Varg,,Bete utan stängsel,Fältkontroll - LST,Bedömd som säker,2-2023,Lidsälen,6736475,1371930,6733107,415890,6736475,1371930,RT90,Mindre bra,2013.08.30,Nej,,Ja,2017.12.14,,,0,0,0,0,0,0,1,0,0,0,0,0,0,0,0,0,0,0,0,0,0,0,0,0,0,0,0,0,0,0,0,Historiska data - ej angivet,,,2-2023,Malung (S),2-20,Dalarnas län (S),1,2013
V481370,,2013.09.01,Ja,2013.09.01,,,Får,,Annan,Texel-blandning,2013.08.31,2013.09.01,Nej,Fredat vilt,Varg,,Bete innanför stängsel,Fältkontroll - LST,Bedömd som säker,2-1430,Gunnarsbo,6507100,1262600,6502555,309418,6507100,1262600,RT90,Mindre bra,2013.09.01,Nej,,Ja,2017.12.14,,,6,4,0,0,0,0,7,1,0,0,0,0,0,0,0,0,0,0,0,0,0,0,0,0,0,0,0,0,0,0,0,Historiska data - ej angivet,,,2-1430,Munkedal (S),2-14,Västra Götalands län (S),18,2013
V481175,,2013.09.03,Ja,2013.09.03,,,Får,,Annan,Kött_ suffolk,2013.09.02,2013.09.03,Nej,Fredat vilt,Varg,,Bete innanför stängsel,Fältkontroll - LST,Bedömd som säker,2-1270,Andrarum,6176447,1386133,6173580,436779,6176447,1386133,RT90,Mindre bra,2013.09.03,Nej,,Ja,2017.12.14,,,6,1,0,0,0,0,0,0,0,0,0,0,0,0,1,0,0,0,0,0,0,0,0,0,0,0,0,0,0,0,0,Historiska data - ej angivet,,,2-1270,Tomelilla (S),2-12,Skåne län (S),8,2013
V481482,,2013.09.05,Ja,2013.09.05,,,Får,,Annan,Texel + Finull,2013.09.05,2013.09.05,Nej,Fredat vilt,Varg,,Bete innanför stängsel,Fältkontroll - LST,Bedömd som säker,2-1781,Ölme,6586900,1399871,6583960,445638,6586900,1399871,RT90,Mindre bra,2013.09.05,Nej,,Ja,2017.12.14,,,1,0,0,0,0,0,0,0,0,0,0,0,0,0,0,0,0,0,0,0,0,0,0,0,0,0,0,0,0,0,0,Historiska data - ej angivet,,,2-1781,Kristinehamn (S),2-17,Värmlands län (S),1,2013
V480997,,2013.09.06,Ja,2013.09.07,,,Får,,Annan,Korsning,2013.09.05,2013.09.06,Nej,Fredat vilt,Varg,,Bete innanför stängsel,Fältkontroll - LST,Bedömd som säker,2-1270,Djurrödsgården,6174637,1383883,6171745,434552,6174637,1383883,RT90,Mindre bra,2013.09.07,Nej,,Ja,2017.12.14,,,0,0,0,0,0,0,1,0,0,0,0,0,0,0,0,0,0,0,0,0,0,0,0,0,0,0,0,0,0,0,0,Historiska data - ej angivet,,,2-1270,Tomelilla (S),2-12,Skåne län (S),1,2013
V481173,,2013.09.11,Ja,2013.09.11,,,Får,,,,2013.09.10,2013.09.11,Nej,Fredat vilt,Varg,,Bete innanför stängsel,Fältkontroll - LST,Bedömd som säker,2-1438,Gunnarsbyn,6546700,1263900,6542143,310240,6546700,1263900,RT90,Mindre bra,2013.09.11,Nej,,Ja,2017.12.14,,,5,5,0,0,0,0,8,0,0,0,0,0,0,0,0,0,0,0,0,0,0,0,0,0,0,0,0,0,0,0,0,Historiska data - ej angivet,,,2-1438,Dals-Ed (S),2-14,Västra Götalands län (S),18,2013
V481371,,2013.09.11,Ja,2013.09.11,,,Får,,Annan,Läster,2013.09.11,2013.09.11,Nej,Fredat vilt,Varg,,Bete innanför stängsel,Fältkontroll - LST,Bedömd som säker,2-2080,Lundbergs fäbodar,6732110,1485200,6730135,529153,6732110,1485200,RT90,Mindre bra,2013.09.11,Nej,,Ja,2017.12.14,,,0,1,0,0,0,0,0,0,0,0,0,0,0,0,0,0,0,0,0,0,0,0,0,0,0,0,0,0,0,0,0,Historiska data - ej angivet,,,2-2080,Falun (S),2-20,Dalarnas län (S),1,2013
V480998,,2013.09.12,Ja,2013.09.15,,,Får,,,,2013.09.11,2013.09.12,Nej,Fredat vilt,Varg,,Bete innanför stängsel,Fältkontroll - LST,Bedömd som säker,2-0665,Ålaryd,6368077,1388183,6365122,436578,6368077,1388183,RT90,Mindre bra,2013.09.15,Nej,,Ja,2017.12.14,,,1,1,0,0,0,0,0,0,0,0,3,1,0,1,0,0,0,0,0,0,0,0,0,0,0,0,0,0,0,0,0,Historiska data - ej angivet,,,2-0665,Vaggeryd (S),2-06,Jönköpings län (S),7,2013
V481176,,2013.09.13,Ja,2013.09.13,,,Får,,,,2013.09.13,2013.09.13,Nej,Fredat vilt,Varg,,Bete innanför stängsel,Fältkontroll - LST,Bedömd som säker,2-1461,Dalskog,6524800,1297400,6520662,343981,6524800,1297400,RT90,Mindre bra,2013.09.13,Nej,,Ja,2017.12.14,,,0,0,0,0,0,0,1,0,0,0,0,0,0,0,0,0,0,0,0,0,0,0,0,0,0,0,0,0,0,0,0,Historiska data - ej angivet,,,2-1461,Mellerud (S),2-14,Västra Götalands län (S),1,2013
V481404,,2013.09.15,Ja,2013.09.15,,,Får,,,,2013.09.14,2013.09.15,Nej,Fredat vilt,Varg,,Bete innanför stängsel,Fältkontroll - LST,Bedömd som säker,2-1435,Rabbalshede,6505853,1250230,6501161,297072,6505853,1250230,RT90,Mindre bra,2013.09.15,Nej,,Ja,2017.12.14,,,0,0,0,1,0,0,0,0,0,0,0,0,0,1,0,0,0,0,0,0,0,0,0,0,0,0,0,0,0,0,0,Historiska data - ej angivet,,,2-1435,Tanum (S),2-14,Västra Götalands län (S),2,2013
V481374,,2013.09.16,Ja,2013.09.16,,,Får,,,,2013.09.15,2013.09.16,Nej,Fredat vilt,Varg,,Bete innanför stängsel,Fältkontroll - LST,Bedömd som säker,2-1430,Munkedal,6493456,1264332,6488942,311313,6493456,1264332,RT90,Mindre bra,2013.09.16,Nej,,Ja,2017.12.14,,,2,0,0,0,0,0,5,0,0,0,0,0,0,0,0,0,0,0,0,0,0,0,0,0,0,0,0,0,0,0,0,Historiska data - ej angivet,,,2-1430,Munkedal (S),2-14,Västra Götalands län (S),7,2013
V481380,,2013.09.17,Ja,2013.09.18,,,Får,,,,2013.09.16,2013.09.17,Nej,Fredat vilt,Varg,,Bete innanför stängsel,Fältkontroll - LST,Bedömd som säker,2-1435,Kville,6505900,1242200,6501111,289047,6505900,1242200,RT90,Mindre bra,2013.09.18,Nej,,Ja,2017.12.14,,,4,0,0,0,0,0,0,0,0,0,0,0,0,0,0,0,0,0,0,0,0,0,0,0,0,0,0,0,0,0,0,Historiska data - ej angivet,,,2-1435,Tanum (S),2-14,Västra Götalands län (S),4,2013
V481391,,2013.09.17,Ja,2013.09.18,,,Får,,,,2013.09.15,2013.09.16,Nej,Fredat vilt,Varg,,Bete innanför stängsel,Fältkontroll - LST,Bedömd som säker,2-1435,Tanum,6519100,1237100,6514240,283792,6519100,1237100,RT90,Mindre bra,2013.09.18,Nej,,Ja,2017.12.14,,,0,0,0,0,0,0,2,0,0,0,0,0,0,0,0,0,0,0,0,0,0,0,0,0,0,0,0,0,0,0,0,Historiska data - ej angivet,,,2-1435,Tanum (S),2-14,Västra Götalands län (S),2,2013
V481401,,2013.09.18,Ja,2013.09.18,,,Får,,,,2013.09.16,2013.09.17,Nej,Fredat vilt,Varg,,Bete innanför stängsel,Fältkontroll - LST,Bedömd som säker,2-1781,Sågartorpet,6579855,1407142,6577007,452990,6579855,1407142,RT90,Mindre bra,2013.09.18,Nej,,Ja,2017.12.14,,,0,1,0,0,0,0,0,0,0,0,0,0,0,0,0,0,0,0,0,0,0,0,0,0,0,0,0,0,0,0,0,Historiska data - ej angivet,,,2-1781,Kristinehamn (S),2-17,Värmlands län (S),1,2013
V481403,,2013.09.20,Ja,2013.09.20,,,Får,,Annan,Texel,2013.09.19,2013.09.20,Nej,Fredat vilt,Varg,,Bete innanför stängsel,Fältkontroll - LST,Bedömd som säker,2-1435,Kville,6499537,1240931,6494738,287856,6499537,1240931,RT90,Mindre bra,2013.09.20,Nej,,Ja,2017.12.14,,,2,0,0,3,0,0,9,0,0,0,0,0,0,0,0,0,0,0,0,0,0,0,0,0,0,0,0,0,0,0,0,Historiska data - ej angivet,,,2-1435,Tanum (S),2-14,Västra Götalands län (S),14,2013
V481409,,2013.09.23,Ja,2013.09.23,,,Får,,Annan,Gotlandsfår,2013.09.21,2013.09.23,Nej,Fredat vilt,Varg,,Bete innanför stängsel,Fältkontroll - LST,Bedömd som säker,2-1882,Mariedamm,6525448,1464698,6523323,511172,6525448,1464698,RT90,Mindre bra,2013.09.23,Nej,,Ja,2017.12.14,,,0,0,0,0,0,0,2,0,0,0,0,0,0,0,0,0,0,0,0,0,0,0,0,0,0,0,0,0,0,0,0,Historiska data - ej angivet,,,2-1882,Askersund (S),2-18,Örebro län (S),2,2013
V481007,,2013.09.24,Ja,2013.10.23,,,Får,,Annan,Hälsingefår,2013.09.23,2013.09.24,Nej,Fredat vilt,Varg,,Bete innanför stängsel,Fältkontroll - LST,Bedömd som säker,2-1884,"Kåfallstorp, Klacka-Lerberg",6610300,1450200,6607957,495656,6610300,1450200,RT90,Mindre bra,2013.10.23,Nej,,Ja,2017.12.14,,,0,0,0,0,0,0,0,2,0,0,0,0,0,0,0,0,0,0,0,0,0,0,0,0,0,0,0,0,0,0,0,Historiska data - ej angivet,,,2-1884,Nora (S),2-18,Örebro län (S),2,2013
V481168,,2013.09.29,Ja,2013.09.29,,,Får,,Annan,Pälsfår,2013.09.29,2013.09.29,Nej,Fredat vilt,Varg,,Bete innanför stängsel,Fältkontroll - LST,Bedömd som säker,2-2161,Veckebo,6855104,1496462,6853210,538893,6855104,1496462,RT90,Mindre bra,2013.09.29,Nej,,Ja,2017.12.14,,,0,3,0,0,0,0,0,0,0,0,0,1,0,0,0,0,0,0,0,0,0,0,0,0,0,0,0,0,0,0,0,Historiska data - ej angivet,,,2-2161,Ljusdal (S),2-21,Gävleborgs län (S),4,2013
V480999,,2013.10.06,Ja,2013.10.06,,,Får,,,,2013.10.05,2013.10.06,Nej,Fredat vilt,Varg,,Bete utan stängsel,Fältkontroll - LST,Bedömd som säker,2-1860,Östra Sågen,6541772,1436900,6539304,483192,6541772,1436900,RT90,Mindre bra,2013.10.06,Nej,,Ja,2017.12.14,,,0,0,0,0,0,0,1,0,0,0,0,0,0,0,0,0,0,0,0,0,0,1,0,0,0,0,0,0,0,0,0,Historiska data - ej angivet,,,2-1860,Laxå (S),2-18,Örebro län (S),2,2013
V481169,,2013.10.10,Ja,2013.10.11,,,Får,,,,2013.10.09,2013.10.10,Nej,Fredat vilt,Varg,,Bete innanför stängsel,Fältkontroll - LST,Bedömd som säker,2-0665,Bissefäll,6368081,1390435,6365153,438829,6368081,1390435,RT90,Mindre bra,2013.10.11,Nej,,Ja,2017.12.14,,,0,0,0,0,0,0,2,0,0,0,0,0,0,0,0,0,1,0,0,0,0,0,0,0,0,0,0,0,0,0,0,Historiska data - ej angivet,,,2-0665,Vaggeryd (S),2-06,Jönköpings län (S),3,2013
V481167,,2013.10.11,Ja,2013.10.11,,,Får,,Annan,Vet ej,2013.10.11,2013.10.11,Nej,Fredat vilt,Varg,,Bete innanför stängsel,Fältkontroll - LST,Bedömd som säker,2-1439,Högsäter,6507800,1277900,6503439,324699,6507800,1277900,RT90,Mindre bra,2013.10.11,Nej,,Ja,2017.12.14,,,0,0,0,0,0,0,9,0,0,0,0,0,0,0,0,0,2,0,0,0,0,0,0,0,0,0,0,0,0,0,0,Historiska data - ej angivet,,,2-1439,Färgelanda (S),2-14,Västra Götalands län (S),11,2013
V481219,,2013.10.12,Ja,2013.10.15,,,Får,,Annan,Korsning,2013.10.11,2013.10.12,Nej,Fredat vilt,Varg,,Bete innanför stängsel,Fältkontroll - LST,Bedömd som säker,2-1273,Boalt,6256217,1372860,6253148,422583,6256217,1372860,RT90,Mindre bra,2013.10.15,Nej,,Ja,2017.12.14,,,6,0,0,0,0,0,1,0,0,0,0,0,0,0,0,0,0,0,0,0,0,0,0,0,0,0,0,0,0,0,0,Historiska data - ej angivet,,,2-1273,Osby (S),2-12,Skåne län (S),7,2013
V481223,,2013.10.14,Ja,2013.10.14,,,Får,,Annan,Texel-finull,2013.10.14,2013.10.14,Nej,Fredat vilt,Varg,,Bete innanför stängsel,Fältkontroll - LST,Bedömd som säker,2-0767,Södra Århult,6258308,1365109,6255146,414812,6258308,1365109,RT90,Mindre bra,2013.10.14,Nej,,Ja,2017.12.14,,,1,0,0,0,0,0,1,0,0,0,0,1,0,1,0,0,0,0,0,0,0,0,0,0,0,0,0,0,0,0,0,Historiska data - ej angivet,,,2-0767,Markaryd (S),2-07,Kronobergs län (S),4,2013
V481387,,2013.10.14,Ja,2013.10.14,,,Får,,Annan,Gute,2013.10.13,2013.10.14,Nej,Fredat vilt,Varg,,Bete utan stängsel,Fältkontroll - LST,Bedömd som säker,2-1882,Ältetorp 325,6529357,1445639,6527001,492076,6529357,1445639,RT90,Mindre bra,2013.10.14,Nej,,Ja,2017.12.14,,,0,0,0,0,0,0,1,0,0,0,0,0,0,0,0,0,0,0,0,0,0,0,0,0,0,0,0,0,0,0,0,Historiska data - ej angivet,,,2-1882,Askersund (S),2-18,Örebro län (S),1,2013
V481172,,2013.10.20,Ja,2013.10.21,,,Får,,,,2013.10.18,2013.10.19,Nej,Fredat vilt,Varg,,Bete innanför stängsel,Fältkontroll - LST,Bedömd som säker,2-1460,Torrskog,6570200,1281300,6565836,327344,6570200,1281300,RT90,Mindre bra,2013.10.21,Nej,,Ja,2017.12.14,,,0,3,0,0,0,0,0,0,0,0,0,0,0,0,0,0,0,0,0,0,0,2,0,0,0,0,0,0,0,0,0,Historiska data - ej angivet,,,2-1460,Bengtsfors (S),2-14,Västra Götalands län (S),5,2013
V481008,,2013.10.21,Ja,2013.10.21,,,Får,,Annan,Gutefår,2013.10.21,2013.10.21,Nej,Fredat vilt,Varg,,Bete innanför stängsel,Fältkontroll - LST,Bedömd som säker,2-1885,Torphyttan Karlslund,6606851,1464552,6604684,510043,6606851,1464552,RT90,Mindre bra,2013.10.21,Nej,,Ja,2017.12.14,,,0,5,0,0,0,0,6,1,0,0,0,0,0,0,0,0,0,0,0,0,0,0,0,0,0,0,0,0,0,0,0,Historiska data - ej angivet,,,2-1885,Lindesberg (S),2-18,Örebro län (S),12,2013
V481388,,2013.10.29,Ja,2013.10.29,,,Får,,Annan,Gute,2013.10.29,2013.10.29,Nej,Fredat vilt,Varg,,Bete innanför stängsel,Fältkontroll - LST,Bedömd som säker,2-1785,Ö.  Lofterud,6587348,1312890,6583355,358705,6587348,1312890,RT90,Mindre bra,2013.10.29,Nej,,Ja,2017.12.14,,,0,0,0,0,0,0,0,0,0,0,0,0,0,0,0,0,1,0,0,0,0,0,0,0,0,0,0,0,0,0,0,Historiska data - ej angivet,,,2-1785,Säffle (S),2-17,Värmlands län (S),1,2013
V481181,,2013.11.12,Ja,2013.11.12,,,Får,,,,2013.11.11,2013.11.12,Nej,Fredat vilt,Varg,,Bete utan stängsel,Fältkontroll - LST,Bedömd som säker,2-2081,Gyllbergen,6700715,1466824,6698530,511170,6700715,1466824,RT90,Mindre bra,2013.11.12,Nej,,Ja,2017.12.14,,,0,0,0,0,0,0,0,1,0,0,0,0,0,0,0,0,0,0,0,0,0,0,0,0,0,0,0,0,0,0,0,Historiska data - ej angivet,,,2-2081,Borlänge (S),2-20,Dalarnas län (S),1,2013
V481187,,2013.11.19,Ja,2013.11.19,,,Får,,,,2013.11.18,2013.11.19,Nej,Fredat vilt,Varg,,Bete innanför stängsel,Fältkontroll - LST,Bedömd som säker,2-1430,Hedekas,6519396,1268287,6514911,314953,6519396,1268287,RT90,Mindre bra,2013.11.19,Nej,,Ja,2017.12.14,,,0,0,0,0,0,0,2,0,0,0,0,0,0,0,0,0,0,0,0,0,0,0,0,0,0,0,0,0,0,0,0,Historiska data - ej angivet,,,2-1430,Munkedal (S),2-14,Västra Götalands län (S),2,2013
V481205,,2013.12.29,Ja,2013.12.29,,,Får,,Annan,blandras,2013.12.28,2013.12.29,Nej,Fredat vilt,Varg,,Bete innanför stängsel,Fältkontroll - LST,Bedömd som säker,2-0763,Brorsmåla,6260884,1433385,6258521,483019,6260884,1433385,RT90,Mindre bra,2013.12.29,Nej,,Ja,2017.12.14,,,0,0,0,0,0,0,2,1,0,0,0,0,0,0,0,0,1,0,0,0,0,0,0,0,0,0,0,0,0,0,0,Historiska data - ej angivet,,,2-0763,Tingsryd (S),2-07,Kronobergs län (S),4,2013
V481227,,2014.01.21,Ja,2014.01.21,,,Får,,Annan,Texel finull,2014.01.20,2014.01.21,Nej,Fredat vilt,Varg,,Bete innanför stängsel,Fältkontroll - LST,Bedömd som säker,2-1766,Sunne,6634146,1357033,6630658,402252,6634146,1357033,RT90,Mindre bra,2014.01.21,Nej,,Ja,2017.12.14,,,0,0,0,0,0,0,3,0,0,0,0,0,0,0,0,0,1,0,0,0,0,0,0,0,0,0,0,0,0,0,0,Historiska data - ej angivet,,,2-1766,Sunne (S),2-17,Värmlands län (S),4,2014
V481237,,2014.03.21,Ja,2014.03.22,,,Får,,Annan,blandras,2014.03.21,2014.03.21,Nej,Fredat vilt,Varg,,Bete innanför stängsel,Fältkontroll - LST,Bedömd som säker,2-1760,Väst Nässundet,6594917,1410311,6592099,455975,6594917,1410311,RT90,Mindre bra,2014.03.22,Nej,,Ja,2017.12.14,,,1,0,0,0,0,0,0,0,0,0,0,0,0,0,0,0,0,0,0,0,2,0,0,0,0,0,0,0,0,0,0,Historiska data - ej angivet,,,2-1760,Storfors (S),2-17,Värmlands län (S),3,2014
V481262,,2014.03.22,Ja,2014.03.23,,,Får,,,,2014.03.21,2014.03.22,Nej,Fredat vilt,Varg,,Bete innanför stängsel,Fältkontroll - LST,Bedömd som säker,2-0665,Grytås Byarum,6374711,1393137,6371811,441451,6374711,1393137,RT90,Mindre bra,2014.03.23,Nej,,Ja,2017.12.14,,,0,0,0,0,0,0,0,0,0,0,0,0,0,0,0,0,1,0,0,0,1,1,0,0,0,0,0,0,0,0,0,Historiska data - ej angivet,,,2-0665,Vaggeryd (S),2-06,Jönköpings län (S),3,2014
V481355,,2014.04.20,Ja,2014.04.20,,,Får,,Annan,Gutefår,2014.04.20,2014.04.20,Nej,Fredat vilt,Varg,,Bete innanför stängsel,Fältkontroll - LST,Bedömd som säker,2-1273,Gräsljung 1405 Visseltofta,6256846,1382509,6253889,432219,6256846,1382509,RT90,Mindre bra,2014.04.20,Nej,,Ja,2017.12.14,,,0,0,0,0,0,0,0,0,0,0,0,0,0,1,0,0,0,0,0,0,1,0,0,0,0,0,0,0,0,0,0,Historiska data - ej angivet,,,2-1273,Osby (S),2-12,Skåne län (S),2,2014
V481358,,2014.05.01,Ja,2014.05.02,,,Får,,Annan,Blandras,2014.04.30,2014.05.01,Nej,Fredat vilt,Varg,,Bete innanför stängsel,Fältkontroll - LST,Bedömd som säker,2-1760,Östra Klennoret,6594812,1410344,6591994,456009,6594812,1410344,RT90,Mindre bra,2014.05.02,Nej,,Ja,2017.12.14,,,0,0,0,1,0,0,0,0,0,0,0,0,0,0,0,0,0,0,0,0,0,0,0,1,0,0,0,0,0,0,0,Historiska data - ej angivet,,,2-1760,Storfors (S),2-17,Värmlands län (S),2,2014
V480823,,2014.05.08,Ja,2014.05.08,,,Får,,Annan,Texel,2014.05.08,2014.05.08,Nej,Fredat vilt,Varg,,Bete innanför stängsel,Fältkontroll - LST,Bedömd som säker,2-1880,Suttarboda,6575671,1448045,6573320,493922,6575671,1448045,RT90,Mindre bra,2014.05.08,Nej,,Ja,2017.12.14,,,0,0,0,0,0,0,0,2,0,0,0,0,0,0,0,0,0,1,0,0,0,0,0,0,0,0,0,0,0,0,0,Historiska data - ej angivet,,,2-1880,Örebro (S),2-18,Örebro län (S),3,2014
V480825,,2014.05.11,Ja,2014.05.11,,,Får,,Annan,Gutefår,2014.05.11,2014.05.11,Nej,Fredat vilt,Varg,,Bete innanför stängsel,Fältkontroll - LST,Bedömd som säker,2-1763,"Börn, Butorp",6624821,1373368,6621538,418690,6624821,1373368,RT90,Mindre bra,2014.05.11,Nej,,Ja,2017.12.14,,,0,0,0,0,0,0,1,0,0,0,0,0,0,0,0,0,0,0,0,0,0,0,0,0,0,0,0,0,0,0,0,Historiska data - ej angivet,,,2-1763,Forshaga (S),2-17,Värmlands län (S),1,2014
V480826,,2014.05.13,Ja,2014.05.13,,,Får,,,,2014.05.12,2014.05.13,Nej,Fredat vilt,Varg,,Bete innanför stängsel,Fältkontroll - LST,Bedömd som säker,2-1880,Filipshyttan 507,6579111,1453367,6576823,499199,6579111,1453367,RT90,Mindre bra,2014.05.13,Nej,,Ja,2017.12.14,,,0,0,0,1,0,0,6,0,0,0,4,1,0,2,0,0,8,0,0,0,0,0,0,0,0,0,0,0,0,0,0,Historiska data - ej angivet,,,2-1880,Örebro (S),2-18,Örebro län (S),22,2014
V481246,,2014.06.02,Ja,2014.06.02,,,Får,,Annan,Blandras,2014.06.01,2014.06.02,Nej,Fredat vilt,Varg,,Bete innanför stängsel,Fältkontroll - LST,Bedömd som säker,2-1781,Visnums Kils kyrka,6556081,1399326,6553152,445466,6556081,1399326,RT90,Mindre bra,2014.06.02,Nej,,Ja,2017.12.14,,,6,0,0,0,0,0,0,0,0,0,0,1,0,0,0,0,0,0,0,0,0,0,0,0,0,0,0,0,0,0,0,Historiska data - ej angivet,,,2-1781,Kristinehamn (S),2-17,Värmlands län (S),7,2014
V481257,,2014.06.03,Ja,2014.06.04,,,Får,,Annan,Pälsfår,2014.06.02,2014.06.04,Nej,Fredat vilt,Varg,,Bete innanför stängsel,Fältkontroll - LST,Bedömd som säker,2-1781,Myrhult,6553462,1397682,6550514,443854,6553462,1397682,RT90,Mindre bra,2014.06.04,Nej,,Ja,2017.12.14,,,0,0,0,4,0,0,1,0,0,0,0,0,0,0,0,0,0,0,0,0,0,0,0,0,0,0,0,0,0,0,0,Historiska data - ej angivet,,,2-1781,Kristinehamn (S),2-17,Värmlands län (S),5,2014
V481251,,2014.06.05,Ja,2014.06.05,,,Får,,,,2014.06.04,2014.06.05,Nej,Fredat vilt,Varg,,Bete innanför stängsel,Fältkontroll - LST,Bedömd som säker,2-1435,Rabbalshede,6505853,1250230,6501161,297072,6505853,1250230,RT90,Mindre bra,2014.06.05,Nej,,Ja,2017.12.14,,,3,2,0,0,0,0,4,0,0,0,1,0,0,0,0,0,1,0,0,0,0,0,0,0,0,0,0,0,0,0,0,Historiska data - ej angivet,,,2-1435,Tanum (S),2-14,Västra Götalands län (S),11,2014
V481044,,2014.06.06,Ja,2014.06.06,,,Får,,Annan,Blandras,2014.06.06,2014.06.06,Nej,Fredat vilt,Varg,,Bete utan stängsel,Fältkontroll - LST,Bedömd som säker,2-1293,Vittsjö,6217333,1374000,6214300,424177,6217333,1374000,RT90,Mindre bra,2014.06.06,Nej,,Ja,2017.12.14,,,0,0,0,0,0,0,1,0,0,0,0,0,0,0,0,0,0,0,0,0,0,0,0,0,0,0,1,0,0,0,0,Historiska data - ej angivet,,,2-1293,Hässleholm (S),2-12,Skåne län (S),2,2014
V480936,,2014.06.07,Ja,2014.06.07,,,Får,,,,2014.06.07,2014.06.07,Nej,Fredat vilt,Varg,,Bete innanför stängsel,Fältkontroll - LST,Bedömd som säker,2-2161,Korskrogen,6853971,1495853,6852070,538298,6853971,1495853,RT90,Mindre bra,2014.06.07,Nej,,Ja,2017.12.14,,,0,0,0,1,0,0,1,0,0,0,0,0,0,0,0,0,0,0,0,0,0,0,0,0,0,0,0,0,0,0,0,Historiska data - ej angivet,,,2-2161,Ljusdal (S),2-21,Gävleborgs län (S),2,2014
V481325,,2014.06.12,Ja,2014.06.12,,,Får,,,,2014.06.12,2014.06.12,Nej,Fredat vilt,Varg,,Bete innanför stängsel,Fältkontroll - LST,Bedömd som säker,2-1439,Illesäter,6513500,1285800,6509230,332525,6513500,1285800,RT90,Mindre bra,2014.06.12,Nej,,Ja,2017.12.14,,,0,0,0,0,0,0,1,0,0,0,0,0,0,0,0,0,0,0,0,0,0,0,0,0,0,0,0,0,0,0,0,Historiska data - ej angivet,,,2-1439,Färgelanda (S),2-14,Västra Götalands län (S),1,2014
V481100,,2014.06.17,Ja,2014.06.17,,,Får,,,,2014.06.17,2014.06.17,Nej,Fredat vilt,Varg,,Bete innanför stängsel,Fältkontroll - LST,Bedömd som säker,2-1864,Eskilstorp,6649448,1453963,6647131,498941,6649448,1453963,RT90,Mindre bra,2014.06.17,Nej,,Ja,2017.12.14,,,0,0,0,0,0,0,1,0,0,0,0,0,0,0,0,0,0,0,0,0,0,0,0,0,0,0,0,0,0,0,0,Historiska data - ej angivet,,,2-1864,Ljusnarsberg (S),2-18,Örebro län (S),1,2014
V480835,,2014.06.24,Ja,2014.06.24,,,Får,,Annan,Värmlandsfår,2014.06.23,2014.06.24,Nej,Fredat vilt,Varg,,Bete innanför stängsel,Fältkontroll - LST,Bedömd som säker,2-1737,Lekvattnet,6676474,1327987,6672606,372708,6676474,1327987,RT90,Mindre bra,2014.06.24,Nej,,Ja,2017.12.14,,,5,4,0,0,0,0,2,0,0,0,0,0,0,0,0,0,0,0,0,0,0,0,0,0,0,0,0,0,0,0,0,Historiska data - ej angivet,,,2-1737,Torsby (S),2-17,Värmlands län (S),11,2014
V481211,,2014.07.05,Ja,2014.07.05,,,Får,,,,2014.07.04,2014.07.05,Nej,Fredat vilt,Varg,,Bete innanför stängsel,Fältkontroll - LST,Bedömd som säker,2-0665,Ålaryd,6368896,1387866,6365937,436252,6368896,1387866,RT90,Mindre bra,2014.07.05,Nej,,Ja,2017.12.14,,,1,1,0,0,0,0,4,0,0,0,1,1,0,0,0,0,1,0,0,0,0,0,0,0,0,0,0,0,0,0,0,Historiska data - ej angivet,,,2-0665,Vaggeryd (S),2-06,Jönköpings län (S),9,2014
V481216,,2014.07.07,Ja,2014.07.07,,,Får,,Annan,Gute,2014.07.06,2014.07.07,Nej,Fredat vilt,Varg,,Bete innanför stängsel,Fältkontroll - LST,Bedömd som säker,2-1904,Fors Gård,6629116,1484755,6627184,529966,6629116,1484755,RT90,Mindre bra,2014.07.07,Nej,,Ja,2017.12.14,,,0,1,0,1,0,0,1,0,0,0,0,0,0,0,0,0,0,0,0,0,0,0,0,0,0,0,0,0,0,0,0,Historiska data - ej angivet,,,2-1904,Skinnskatteberg (S),2-19,Västmanlands län (S),3,2014
V481214,,2014.07.08,Ja,2014.07.08,,,Får,,Annan,Finull,2014.07.07,2014.07.08,Nej,Fredat vilt,Varg,,Bete innanför stängsel,Fältkontroll - LST,Bedömd som säker,2-1780,Öst Glumserud,6597055,1390171,6593992,435820,6597055,1390171,RT90,Mindre bra,2014.07.08,Nej,,Ja,2017.12.14,,,3,4,0,0,0,0,0,0,0,0,4,11,0,0,0,0,0,0,0,0,0,0,0,0,0,0,0,0,0,0,0,Historiska data - ej angivet,,,2-1780,Karlstad (S),2-17,Värmlands län (S),22,2014
V481217,,2014.07.10,Ja,2014.07.11,,,Får,,Annan,Blandras,2014.07.09,2014.07.10,Nej,Fredat vilt,Varg,,Bete innanför stängsel,Fältkontroll - LST,Bedömd som säker,2-1380,Timrilt,6295918,1337112,6292404,386391,6295918,1337112,RT90,Mindre bra,2014.07.11,Nej,,Ja,2017.12.14,,,2,2,0,0,0,0,2,0,0,0,0,0,0,0,0,0,0,0,0,0,0,0,0,0,0,0,0,0,0,0,0,Historiska data - ej angivet,,,2-1380,Halmstad (S),2-13,Hallands län (S),6,2014
V480843,,2014.07.16,Ja,2014.07.16,,,Får,,Annan,Köttras,2014.07.15,2014.07.16,Nej,Fredat vilt,Varg,,Bete innanför stängsel,Fältkontroll - LST,Bedömd som säker,2-1430,Kåtebol,6514524,1272694,6510096,319415,6514524,1272694,RT90,Mindre bra,2014.07.16,Nej,,Ja,2017.12.14,,,0,0,0,37,0,0,1,0,0,0,0,0,0,0,0,0,0,0,0,0,0,0,0,0,0,0,0,0,0,0,0,Historiska data - ej angivet,,,2-1430,Munkedal (S),2-14,Västra Götalands län (S),38,2014
V481102,,2014.07.22,Ja,2014.07.23,,,Får,,,,2014.07.21,2014.07.23,Nej,Fredat vilt,Varg,,Bete innanför stängsel,Fältkontroll - LST,Bedömd som säker,2-1864,Rällen,6630747,1458456,6628494,503660,6630747,1458456,RT90,Mindre bra,2014.07.23,Nej,,Ja,2017.12.14,,,0,0,0,0,0,0,1,0,0,0,0,0,0,0,0,0,0,0,0,0,0,0,0,0,0,0,0,0,0,0,0,Historiska data - ej angivet,,,2-1864,Ljusnarsberg (S),2-18,Örebro län (S),1,2014
V481066,,2014.07.28,Ja,2014.07.28,,,Får,,Annan,Gottland,2014.07.27,2014.07.28,Nej,Fredat vilt,Varg,,Bete innanför stängsel,Fältkontroll - LST,Bedömd som säker,2-2085,österviken 1,6672979,1454567,6670658,499258,6672979,1454567,RT90,Mindre bra,2014.07.28,Nej,,Ja,2017.12.14,,,0,1,0,0,0,0,1,0,0,0,0,0,0,0,0,0,0,0,0,0,0,0,0,0,0,0,0,0,0,0,0,Historiska data - ej angivet,,,2-2085,Ludvika (S),2-20,Dalarnas län (S),2,2014
V480705,,2014.08.01,Ja,2014.08.01,,,Får,,Annan,Pälsfår,2014.07.31,2014.08.01,Nej,Fredat vilt,Varg,,Bete innanför stängsel,Fältkontroll - LST,Bedömd som säker,2-1293,Lönsholma,6248947,1363273,6245770,413087,6248947,1363273,RT90,Mindre bra,2014.08.01,Nej,,Ja,2017.12.14,,,11,3,0,1,0,0,8,0,0,0,0,1,0,0,0,0,1,0,0,0,0,0,0,0,0,0,0,0,0,0,0,Historiska data - ej angivet,,,2-1293,Hässleholm (S),2-12,Skåne län (S),25,2014
V481050,,2014.08.02,Ja,2014.08.02,,,Får,,,,2014.08.02,2014.08.02,Nej,Fredat vilt,Varg,,Bete innanför stängsel,Fältkontroll - LST,Bedömd som säker,2-1461,Stränge gård,6512074,1297164,6507941,343898,6512074,1297164,RT90,Mindre bra,2014.08.02,Nej,,Ja,2017.12.14,,,0,0,0,0,0,0,0,1,0,0,0,0,0,0,0,0,0,0,0,0,0,0,0,0,0,0,0,0,0,0,0,Historiska data - ej angivet,,,2-1461,Mellerud (S),2-14,Västra Götalands län (S),1,2014
V480699,,2014.08.03,Ja,2014.08.03,,,Får,,Annan,Blandras,2014.08.02,2014.08.03,Nej,Fredat vilt,Varg,,Bete innanför stängsel,Fältkontroll - LST,Bedömd som säker,2-1273,Boalt,6255103,1372099,6252025,421836,6255103,1372099,RT90,Mindre bra,2014.08.03,Nej,,Ja,2017.12.14,,,5,6,0,0,0,0,5,0,0,0,0,1,0,0,0,0,1,0,0,0,0,0,0,0,0,0,0,0,0,0,0,Historiska data - ej angivet,,,2-1273,Osby (S),2-12,Skåne län (S),18,2014
V481196,,2014.08.04,Ja,2014.08.04,,,Får,,,,2014.08.02,2014.08.04,Nej,Fredat vilt,Varg,,Bete utan stängsel,Fältkontroll - LST,Bedömd som säker,2-1907,Seglingsberg,6634101,1518734,6632580,563869,6634101,1518734,RT90,Mindre bra,2014.08.04,Nej,,Ja,2017.12.14,,,7,11,0,0,0,0,7,0,0,0,0,0,0,0,0,0,0,0,0,0,0,0,0,0,0,0,0,0,0,0,0,Historiska data - ej angivet,,,2-1907,Surahammar (S),2-19,Västmanlands län (S),25,2014
V481069,,2014.08.08,Ja,2014.08.08,,,Får,,,,2014.08.07,2014.08.08,Nej,Fredat vilt,Varg,,Bete innanför stängsel,Fältkontroll - LST,Bedömd som säker,2-1435,Naverstadshagen,6524709,1262129,6520146,308735,6524709,1262129,RT90,Mindre bra,2014.08.08,Nej,,Ja,2017.12.14,,,2,0,0,0,0,0,3,0,0,0,0,0,0,0,0,0,0,0,0,0,0,0,0,0,0,0,0,0,0,0,0,Historiska data - ej angivet,,,2-1435,Tanum (S),2-14,Västra Götalands län (S),5,2014
V481194,,2014.08.08,Ja,2014.08.19,,,Får,,,,2014.08.07,2014.08.09,Nej,Fredat vilt,Varg,,Bete utan stängsel,Fältkontroll - LST,Bedömd som säker,2-2039,Vålbergs fäb.,6787666,1400777,6784624,444090,6787666,1400777,RT90,Mindre bra,2014.08.19,Nej,,Ja,2017.12.14,,,0,0,0,0,0,0,1,0,0,0,0,0,0,0,0,0,0,0,0,0,0,0,0,0,0,0,1,0,0,0,0,Historiska data - ej angivet,,,2-2039,Älvdalen (S),2-20,Dalarnas län (S),2,2014
V481073,,2014.08.12,Ja,2014.08.13,,,Får,,Annan,Bland,2014.08.12,2014.08.12,Nej,Fredat vilt,Varg,,Bete utan stängsel,Fältkontroll - LST,Bedömd som säker,2-2085,Stockgropens fäbodar,6696566,1459402,6694292,503803,6696566,1459402,RT90,Mindre bra,2014.08.13,Nej,,Ja,2017.12.14,,,0,0,0,0,0,0,3,0,0,0,0,0,0,0,0,0,0,0,0,0,0,0,0,0,0,0,1,0,0,0,0,Historiska data - ej angivet,,,2-2085,Ludvika (S),2-20,Dalarnas län (S),4,2014
V481072,,2014.08.16,Ja,2014.08.17,,,Får,,Annan,Värmlandsfår,2014.08.15,2014.08.16,Nej,Fredat vilt,Varg,,Bete innanför stängsel,Fältkontroll - LST,Bedömd som säker,2-1737,Utterbyn,6674672,1345088,6671014,389821,6674672,1345088,RT90,Mindre bra,2014.08.17,Nej,,Ja,2017.12.14,,,0,0,0,0,0,0,7,0,0,0,0,0,0,0,0,0,0,0,0,0,0,0,0,0,0,0,0,0,0,0,0,Historiska data - ej angivet,,,2-1737,Torsby (S),2-17,Värmlands län (S),7,2014
V480872,,2014.08.21,Ja,2014.08.22,,,Får,,Annan,gute,2014.08.20,2014.08.21,Nej,Fredat vilt,Varg,,Bete innanför stängsel,Fältkontroll - LST,Bedömd som säker,2-0767,Ulvaryd,6259282,1365858,6256129,415549,6259282,1365858,RT90,Mindre bra,2014.08.22,Nej,,Ja,2017.12.14,,,0,0,0,0,0,0,1,1,0,0,0,0,0,0,0,0,0,0,0,0,0,0,0,0,0,0,0,0,0,0,0,Historiska data - ej angivet,,,2-0767,Markaryd (S),2-07,Kronobergs län (S),2,2014
V480196,,2014.08.23,Ja,2014.08.25,,,Får,,Annan,Gotländska Pälsfår,2014.08.22,2014.08.23,Nej,Fredat vilt,Varg,,Bete innanför stängsel,Fältkontroll - LST,Bedömd som säker,2-1462,Hjärtum,6459274,1282529,6455003,329906,6459274,1282529,RT90,Mindre bra,2014.08.25,Nej,,Ja,2017.12.14,,,5,2,0,0,0,0,2,1,0,0,0,0,0,0,0,0,0,0,0,0,0,0,0,0,0,0,1,1,0,0,0,Historiska data - ej angivet,,,2-1462,LillaEdet (S),2-14,Västra Götalands län (S),12,2014
V481016,,2014.08.28,Ja,2014.08.29,,,Får,,,,2014.08.26,2014.08.28,Nej,Fredat vilt,Varg,,Bete innanför stängsel,Fältkontroll - LST,Bedömd som säker,2-1782,Paradishyttan 1:19,6623100,1391263,6620035,436596,6623100,1391263,RT90,Mindre bra,2014.08.29,Nej,,Ja,2017.12.14,,,0,1,0,0,0,0,0,0,0,0,0,0,0,0,0,0,0,0,0,0,0,1,0,0,0,0,0,0,0,0,0,Historiska data - ej angivet,,,2-1782,Filipstad (S),2-17,Värmlands län (S),2,2014
V480875,,2014.08.29,Ja,2014.08.29,,,Får,,Annan,Vet ej,2014.08.28,2014.08.29,Nej,Fredat vilt,Varg,,Bete innanför stängsel,Fältkontroll - LST,Bedömd som säker,2-1439,Högsäter,6508679,1283444,6504384,330228,6508679,1283444,RT90,Mindre bra,2014.08.29,Nej,,Ja,2017.12.14,,,0,0,0,0,0,0,5,0,0,0,0,0,0,0,0,0,0,0,0,0,0,0,0,0,0,0,0,0,0,0,0,Historiska data - ej angivet,,,2-1439,Färgelanda (S),2-14,Västra Götalands län (S),5,2014
V480880,,2014.08.30,Ja,2014.08.30,,,Får,,Annan,blandras,2014.08.30,2014.08.30,Nej,Fredat vilt,Varg,,Bete innanför stängsel,Fältkontroll - LST,Bedömd som säker,2-0765,Årbrohult,6263603,1384463,6260665,434093,6263603,1384463,RT90,Mindre bra,2014.08.30,Nej,,Ja,2017.12.14,,,1,0,0,0,0,0,0,1,0,0,0,0,0,0,0,0,0,0,0,0,0,0,0,0,0,0,0,0,0,0,0,Historiska data - ej angivet,,,2-0765,Älmhult (S),2-07,Kronobergs län (S),2,2014
V481078,,2014.08.31,Ja,2014.08.31,,,Får,,,,2014.08.31,2014.08.31,Nej,Fredat vilt,Varg,,Bete innanför stängsel,Fältkontroll - LST,Bedömd som säker,2-1766,Bogerud,6629673,1360983,6626236,406254,6629673,1360983,RT90,Mindre bra,2014.08.31,Nej,,Ja,2017.12.14,,,1,0,0,0,0,0,1,0,0,0,0,0,0,0,0,0,0,0,0,0,0,0,0,0,0,0,0,0,0,0,0,Historiska data - ej angivet,,,2-1766,Sunne (S),2-17,Värmlands län (S),2,2014
V480885,,2014.09.05,Ja,2014.09.05,,,Får,,Annan,Bland,2014.09.04,2014.09.05,Nej,Fredat vilt,Varg,,Bete innanför stängsel,Fältkontroll - LST,Bedömd som säker,2-2021,Rotån,6709916,1417037,6707117,461297,6709916,1417037,RT90,Mindre bra,2014.09.05,Nej,,Ja,2017.12.14,,,0,0,0,0,1,0,0,0,0,0,0,0,0,0,0,0,0,0,0,0,0,0,0,0,0,0,0,0,0,0,0,Historiska data - ej angivet,,,2-2021,Vansbro (S),2-20,Dalarnas län (S),1,2014
V481098,,2014.09.06,Ja,2014.09.07,,,Får,,Annan,finull,2014.09.04,2014.09.06,Nej,Fredat vilt,Varg,,Bete innanför stängsel,Fältkontroll - LST,Bedömd som säker,2-1781,Skottlanda,6554019,1411302,6551236,457460,6554019,1411302,RT90,Mindre bra,2014.09.07,Nej,,Ja,2017.12.14,,,0,3,0,0,0,0,5,0,0,0,0,0,0,0,0,0,0,0,0,0,0,0,0,0,0,0,0,0,0,0,0,Historiska data - ej angivet,,,2-1781,Kristinehamn (S),2-17,Värmlands län (S),8,2014
V481108,,2014.09.10,Ja,2014.09.10,,,Får,,Annan,finull,2014.09.09,2014.09.10,Nej,Fredat vilt,Varg,,Bete innanför stängsel,Fältkontroll - LST,Bedömd som säker,2-1780,Bäckelid,6605858,1391476,6602805,437018,6605858,1391476,RT90,Mindre bra,2014.09.10,Nej,,Ja,2017.12.14,,,0,0,0,0,0,0,22,0,0,0,0,0,0,0,0,0,7,0,0,0,0,0,0,0,0,0,0,0,0,0,0,Historiska data - ej angivet,,,2-1780,Karlstad (S),2-17,Värmlands län (S),29,2014
V481109,,2014.09.12,Ja,2014.09.12,,,Får,,Annan,gute,2014.08.11,2014.09.12,Nej,Fredat vilt,Varg,,Bete innanför stängsel,Fältkontroll - LST,Bedömd som säker,2-0767,Ulvaryd,6259291,1365882,6256138,415573,6259291,1365882,RT90,Mindre bra,2014.09.12,Nej,,Ja,2017.12.14,,,0,0,0,0,0,0,2,0,0,0,0,0,0,0,0,0,0,0,0,0,0,0,0,0,0,0,0,0,0,0,0,Historiska data - ej angivet,,,2-0767,Markaryd (S),2-07,Kronobergs län (S),2,2014
V481110,,2014.09.13,Ja,2014.09.14,,,Får,,Annan,Lantras,2014.09.13,2014.09.13,Nej,Fredat vilt,Varg,,Bete innanför stängsel,Fältkontroll - LST,Bedömd som säker,2-0767,Tjushult Södra,6267945,1373938,6264881,423523,6267945,1373938,RT90,Mindre bra,2014.09.14,Nej,,Ja,2017.12.14,,,0,0,0,0,0,0,2,0,0,0,0,0,0,0,0,0,0,0,0,0,0,0,0,0,0,0,0,0,0,0,0,Historiska data - ej angivet,,,2-0767,Markaryd (S),2-07,Kronobergs län (S),2,2014
V480916,,2014.09.19,Ja,2014.09.19,,,Får,,Annan,Blandras,2014.09.18,2014.09.19,Nej,Fredat vilt,Varg,,Bete innanför stängsel,Fältkontroll - LST,Bedömd som säker,2-1862,Åtorp,6557233,1418197,6554531,464312,6557233,1418197,RT90,Mindre bra,2014.09.19,Nej,,Ja,2017.12.14,,,0,1,0,1,0,0,1,0,0,0,0,0,0,1,0,0,0,0,0,0,0,0,0,0,0,0,0,0,0,0,0,Historiska data - ej angivet,,,2-1862,Degerfors (S),2-18,Örebro län (S),4,2014
V480707,,2014.09.24,Ja,2014.09.24,,,Får,,Annan,Pläsfår,2014.09.24,2014.09.24,Nej,Fredat vilt,Varg,,Bete innanför stängsel,Fältkontroll - LST,Bedömd som säker,2-1293,Lönsholma,6248947,1363273,6245770,413087,6248947,1363273,RT90,Mindre bra,2014.09.24,Nej,,Ja,2017.12.14,,,1,0,0,0,0,0,0,0,0,0,0,0,0,0,0,0,0,0,0,0,0,0,0,0,0,0,0,0,0,0,0,Historiska data - ej angivet,,,2-1293,Hässleholm (S),2-12,Skåne län (S),1,2014
V481103,,2014.09.24,Ja,2014.09.24,,,Får,,,,2014.09.23,2014.09.24,Nej,Fredat vilt,Varg,,Bete innanför stängsel,Fältkontroll - LST,Bedömd som säker,2-1880,Egersta,6575496,1453479,6573211,499355,6575496,1453479,RT90,Mindre bra,2014.09.24,Nej,,Ja,2017.12.14,,,0,0,0,0,0,0,1,0,0,0,0,0,0,0,0,0,0,0,0,0,0,0,0,0,0,0,0,0,0,0,0,Historiska data - ej angivet,,,2-1880,Örebro (S),2-18,Örebro län (S),1,2014
V480882,,2014.09.25,Ja,2014.09.25,,,Får,,Annan,finull,2014.09.25,2014.09.25,Nej,Fredat vilt,Varg,,Bete innanför stängsel,Fältkontroll - LST,Bedömd som säker,2-1760,Kväggeshyttan,6583162,1413207,6580385,459012,6583162,1413207,RT90,Mindre bra,2014.09.25,Nej,,Ja,2017.12.14,,,0,0,0,0,0,0,1,0,0,0,0,0,0,0,0,0,1,0,0,0,0,0,0,0,0,0,0,0,0,0,0,Historiska data - ej angivet,,,2-1760,Storfors (S),2-17,Värmlands län (S),2,2014
V480883,,2014.09.26,Ja,2014.09.26,,,Får,,,,2014.09.26,2014.09.26,Nej,Fredat vilt,Varg,,Bete innanför stängsel,Fältkontroll - LST,Bedömd som säker,2-1257,Stora Frösboholma,6238604,1341520,6235179,391469,6238604,1341520,RT90,Mindre bra,2014.09.26,Nej,,Ja,2017.12.14,,,0,0,0,0,0,0,2,0,0,0,0,0,0,0,0,0,0,0,0,0,0,0,0,0,0,0,0,0,0,0,0,Historiska data - ej angivet,,,2-1257,Örkelljunga (S),2-12,Skåne län (S),2,2014
V481089,,2014.09.28,Ja,2014.09.28,,,Får,,Annan,Kött,2014.09.28,2014.09.28,Nej,Fredat vilt,Varg,,Bete innanför stängsel,Fältkontroll - LST,Bedömd som säker,2-1293,Vittsjö,6217333,1384667,6214425,434838,6217333,1384667,RT90,Mindre bra,2014.09.28,Nej,,Ja,2017.12.14,,,0,4,0,0,0,0,0,0,0,0,0,0,0,0,0,0,0,0,0,0,0,0,0,0,0,0,0,0,0,0,0,Historiska data - ej angivet,,,2-1293,Hässleholm (S),2-12,Skåne län (S),4,2014
V481123,,2014.09.28,Ja,2014.09.28,,,Får,,Annan,Köttras,2014.09.28,2014.09.28,Nej,Fredat vilt,Varg,,Bete innanför stängsel,Fältkontroll - LST,Bedömd som säker,2-1293,"Hyngarp, Vittsjö",6253000,1368647,6249883,418410,6253000,1368647,RT90,Mindre bra,2014.09.28,Nej,,Ja,2017.12.14,,,0,4,0,0,0,0,0,0,0,0,0,0,0,0,0,0,0,0,0,0,0,0,0,0,0,0,0,0,0,0,0,Historiska data - ej angivet,,,2-1293,Hässleholm (S),2-12,Skåne län (S),4,2014
V480884,,2014.09.29,Ja,2014.09.29,,,Får,,Annan,Blandras mest Texel,2014.09.29,2014.09.29,Nej,Fredat vilt,Varg,,Bete innanför stängsel,Fältkontroll - LST,Bedömd som säker,2-1293,"Verum, postadress Vittsjö",6251259,1375879,6248228,425658,6251259,1375879,RT90,Mindre bra,2014.09.29,Nej,,Ja,2017.12.14,,,0,0,0,0,0,0,1,0,0,0,0,0,0,0,0,0,0,0,0,0,0,0,0,0,0,0,0,0,0,0,0,Historiska data - ej angivet,,,2-1293,Hässleholm (S),2-12,Skåne län (S),1,2014
V481086,,2014.10.04,Ja,2014.10.04,,,Får,,Annan,Blandras,2014.10.04,2014.10.04,Nej,Fredat vilt,Varg,,Bete innanför stängsel,Fältkontroll - LST,Bedömd som säker,2-2083,Spjutbo,6699505,1526150,6698046,570484,6699505,1526150,RT90,Mindre bra,2014.10.04,Nej,,Ja,2017.12.14,,,0,0,0,0,0,0,8,0,0,0,0,0,0,0,0,0,0,0,0,0,0,0,0,0,0,0,0,0,0,0,0,Historiska data - ej angivet,,,2-2083,Hedemora (S),2-20,Dalarnas län (S),8,2014
V480198,,2014.10.07,Ja,2014.10.07,,,Får,,Annan,Dalapäls,2014.10.06,2014.10.07,Nej,Fredat vilt,Varg,,Bete innanför stängsel,Fältkontroll - LST,Bedömd som säker,2-1904,Grisnäs,6628420,1491217,6626567,536433,6628420,1491217,RT90,Mindre bra,2014.10.07,Nej,,Ja,2017.12.14,,,0,4,0,0,0,0,0,0,0,0,0,0,0,0,0,0,0,1,0,0,0,0,0,0,0,0,0,0,0,0,0,Historiska data - ej angivet,,,2-1904,Skinnskatteberg (S),2-19,Västmanlands län (S),5,2014
V481091,,2014.10.08,Ja,2014.10.08,,,Får,,Annan,Bland,2014.10.07,2014.10.08,Nej,Fredat vilt,Varg,,Bete innanför stängsel,Fältkontroll - LST,Bedömd som säker,2-2029,Helgbo,6727420,1466883,6725222,510902,6727420,1466883,RT90,Mindre bra,2014.10.08,Nej,,Ja,2017.12.14,,,1,0,0,0,0,0,4,0,0,0,0,0,0,0,0,0,0,0,0,0,0,0,0,0,0,0,0,0,0,0,0,Historiska data - ej angivet,,,2-2029,Leksand (S),2-20,Dalarnas län (S),5,2014
V480694,,2014.10.09,Ja,2014.10.09,,,Får,,,,2014.10.08,2014.10.09,Nej,Fredat vilt,Varg,,Bete innanför stängsel,Fältkontroll - LST,Bedömd som säker,2-1962,Bråfors,6658190,1496077,6656382,540929,6658190,1496077,RT90,Mindre bra,2014.10.09,Nej,,Ja,2017.12.14,,,0,1,0,4,0,0,0,0,0,0,0,0,0,0,0,0,0,0,0,0,0,0,0,0,0,0,0,0,0,0,0,Historiska data - ej angivet,,,2-1962,Norberg (S),2-19,Västmanlands län (S),5,2014
V481096,,2014.10.10,Ja,2014.10.10,,,Får,,Annan,Blandras,2014.10.10,2014.10.10,Nej,Fredat vilt,Varg,,Bete innanför stängsel,Fältkontroll - LST,Bedömd som säker,2-2085,Saxhyttan,6686831,1456372,6684525,500893,6686831,1456372,RT90,Mindre bra,2014.10.10,Nej,,Ja,2017.12.14,,,0,0,0,0,2,0,6,0,0,0,0,0,0,0,0,0,1,0,0,0,0,0,0,0,0,0,0,0,0,0,0,Historiska data - ej angivet,,,2-2085,Ludvika (S),2-20,Dalarnas län (S),9,2014
V480695,,2014.10.14,Ja,2014.10.15,,,Får,,Annan,Finull/blandras,2014.10.13,2014.10.14,Nej,Fredat vilt,Varg,,Bete innanför stängsel,Fältkontroll - LST,Bedömd som säker,2-1785,Björbyn,6571275,1317348,6567346,363354,6571275,1317348,RT90,Mindre bra,2014.10.15,Nej,,Ja,2017.12.14,,,1,1,0,0,1,0,1,0,0,0,0,0,0,0,0,0,0,0,0,0,0,0,0,0,0,0,0,0,0,0,0,Historiska data - ej angivet,,,2-1785,Säffle (S),2-17,Värmlands län (S),4,2014
V480700,,2014.10.24,Ja,2014.10.24,,,Får,,Annan,blandras,2014.10.24,2014.10.24,Nej,Fredat vilt,Varg,,Bete innanför stängsel,Fältkontroll - LST,Bedömd som säker,2-1781,Västanås,6573864,1407285,6571021,453205,6573864,1407285,RT90,Mindre bra,2014.10.24,Nej,,Ja,2017.12.14,,,1,0,0,0,0,0,1,0,0,0,0,0,0,0,0,0,0,0,0,0,0,0,0,0,0,0,0,0,0,0,0,Historiska data - ej angivet,,,2-1781,Kristinehamn (S),2-17,Värmlands län (S),2,2014
V480907,,2014.10.27,Ja,2014.10.28,,,Får,,Annan,Bland,2014.10.27,2014.10.27,Nej,Fredat vilt,Varg,,Bete innanför stängsel,Fältkontroll - LST,Bedömd som säker,2-2082,Tyskbo,6700469,1497947,6698664,542281,6700469,1497947,RT90,Mindre bra,2014.10.28,Nej,,Ja,2017.12.14,,,0,0,0,0,0,0,1,0,0,0,0,0,0,0,0,0,0,0,0,0,0,0,0,0,0,0,0,0,0,0,0,Historiska data - ej angivet,,,2-2082,Säter (S),2-20,Dalarnas län (S),1,2014
V481104,,2014.10.31,Ja,2014.10.31,,,Får,,Annan,Värmlandsfår,2014.10.30,2014.10.31,Nej,Fredat vilt,Varg,,Bete innanför stängsel,Fältkontroll - LST,Bedömd som säker,2-1882,Sandbäcken Skogshagen,6531164,1449570,6528854,495983,6531164,1449570,RT90,Mindre bra,2014.10.31,Nej,,Ja,2017.12.14,,,1,0,0,0,0,0,0,0,0,0,0,0,0,0,0,0,0,0,0,0,0,0,0,0,0,0,0,0,0,0,0,Historiska data - ej angivet,,,2-1882,Askersund (S),2-18,Örebro län (S),1,2014
V481119,,2014.11.03,Ja,2014.11.03,,,Får,,Annan,Blandat,2014.11.01,2014.11.03,Nej,Fredat vilt,Varg,,Bete innanför stängsel,Fältkontroll - LST,Bedömd som säker,2-1461,Dalskog,6517794,1296264,6513647,342930,6517794,1296264,RT90,Mindre bra,2014.11.03,Nej,,Ja,2017.12.14,,,0,0,0,0,0,0,2,0,0,0,0,0,0,0,0,0,0,0,0,0,0,0,0,0,0,0,0,0,0,0,0,Historiska data - ej angivet,,,2-1461,Mellerud (S),2-14,Västra Götalands län (S),2,2014
V480909,,2014.11.06,Ja,2014.11.06,,,Får,,Annan,Finull/Dorset,2014.11.02,2014.11.06,Nej,Fredat vilt,Varg,,Bete innanför stängsel,Fältkontroll - LST,Bedömd som säker,2-1785,Skeppenäs,6568874,1311947,6564881,357986,6568874,1311947,RT90,Mindre bra,2014.11.06,Nej,,Ja,2017.12.14,,,2,1,0,0,0,0,0,0,0,0,0,0,0,0,0,0,0,0,0,0,0,0,0,0,0,0,0,0,0,0,0,Historiska data - ej angivet,,,2-1785,Säffle (S),2-17,Värmlands län (S),3,2014
V481120,,2014.11.06,Ja,2014.11.06,,,Får,,Annan,Blandat,2014.11.05,2014.11.06,Nej,Fredat vilt,Varg,,Bete innanför stängsel,Fältkontroll - LST,Bedömd som säker,2-1461,Dalskog,6517794,1296264,6513647,342930,6517794,1296264,RT90,Mindre bra,2014.11.06,Nej,,Ja,2017.12.14,,,0,0,0,0,0,0,1,0,0,0,0,0,0,0,0,0,0,0,0,0,0,0,0,0,0,0,0,0,0,0,0,Historiska data - ej angivet,,,2-1461,Mellerud (S),2-14,Västra Götalands län (S),1,2014
V481121,,2014.11.10,Ja,2014.11.10,,,Får,,Annan,Blandat,2014.11.09,2014.11.10,Nej,Fredat vilt,Varg,,Bete innanför stängsel,Fältkontroll - LST,Bedömd som säker,2-1461,Dalskog,6517794,1296264,6513647,342930,6517794,1296264,RT90,Mindre bra,2014.11.10,Nej,,Ja,2017.12.14,,,3,1,0,0,0,0,6,0,0,0,0,0,0,0,0,0,0,0,0,0,0,0,0,0,0,0,0,0,0,0,0,Historiska data - ej angivet,,,2-1461,Mellerud (S),2-14,Västra Götalands län (S),10,2014
V481122,,2014.11.10,Ja,2014.11.10,,,Får,,,,2014.11.07,2014.11.10,Nej,Fredat vilt,Varg,,Bete innanför stängsel,Fältkontroll - LST,Bedömd som säker,2-1435,Tränget,6528177,1262663,6523618,309227,6528177,1262663,RT90,Mindre bra,2014.11.10,Nej,,Ja,2017.12.14,,,0,0,0,1,1,0,0,0,0,0,0,0,0,0,0,0,0,0,0,0,0,0,0,0,0,0,0,0,0,0,0,Historiska data - ej angivet,,,2-1435,Tanum (S),2-14,Västra Götalands län (S),2,2014
V480918,,2014.12.30,Ja,2014.12.30,,,Får,,Annan,Gotlandsfår,2014.12.30,2014.12.30,Nej,Fredat vilt,Varg,,Bete innanför stängsel,Fältkontroll - LST,Bedömd som säker,2-1490,Sandared,6405936,1319022,6402136,367011,6405936,1319022,RT90,Mindre bra,2014.12.30,Nej,,Ja,2017.12.14,,,0,0,0,0,0,0,1,0,0,0,0,0,0,0,0,0,0,0,0,0,0,0,0,0,0,0,0,0,0,0,0,Historiska data - ej angivet,,,2-1490,Borås (S),2-14,Västra Götalands län (S),1,2014
V480920,,2015.01.03,Ja,2015.01.04,,,Får,,Annan,Klövsjöfår,2015.01.02,2015.01.03,Nej,Fredat vilt,Varg,,Bete innanför stängsel,Fältkontroll - LST,Bedömd som säker,2-1488,Koberg,6452061,1302172,6448029,349622,6452061,1302172,RT90,Mindre bra,2015.01.04,Nej,,Ja,2017.12.14,,,0,0,0,0,0,0,1,0,0,0,0,0,0,0,0,0,0,0,0,0,0,0,0,0,0,0,0,0,0,0,0,Historiska data - ej angivet,,,2-1488,Trollhättan (S),2-14,Västra Götalands län (S),1,2015
V480977,,2015.04.22,Ja,2015.04.22,,,Får,,Annan,korsning/kött,2015.04.21,2015.04.22,Nej,Fredat vilt,Varg,,,Fältkontroll - LST,Bedömd som säker,2-0382,Ågalma,6691093,1638435,6691010,682830,6691093,1638435,RT90,Mindre bra,2015.04.22,Nej,,Ja,2017.12.14,,,0,0,0,0,0,0,1,0,0,0,0,0,0,0,0,0,0,0,0,0,0,0,0,0,0,0,0,0,0,0,0,Historiska data - ej angivet,,,2-0382,Östhammar (S),2-03,Uppsala län (S),1,2015
V480724,,2015.05.22,Ja,2015.05.22,,,Får,,Annan,Gutefår,2015.05.21,2015.05.22,Nej,Fredat vilt,Varg,,,Fältkontroll - LST,Bedömd som säker,2-1315,Drosphult,6319053,1356891,6315758,405885,6319053,1356891,RT90,Mindre bra,2015.05.22,Nej,,Ja,2017.12.14,,,0,0,0,0,0,0,1,0,0,0,0,0,0,0,0,0,0,0,0,0,0,0,0,0,0,0,0,0,0,0,0,Historiska data - ej angivet,,,2-1315,Hylte (S),2-13,Hallands län (S),1,2015
V480794,,2015.05.25,Ja,2015.05.25,,,Får,,Annan,Suffolk,2015.05.23,2015.05.25,Nej,Fredat vilt,Varg,,,Fältkontroll - LST,Bedömd som säker,2-0380,Järlåsa,6640370,1575248,6639534,620284,6640370,1575248,RT90,Mindre bra,2015.05.25,Nej,,Ja,2017.12.14,,,1,0,0,0,0,0,0,0,0,0,0,0,0,0,0,0,0,0,0,0,0,0,0,0,0,0,0,0,0,0,0,Historiska data - ej angivet,,,2-0380,Uppsala (S),2-03,Uppsala län (S),1,2015
V480731,,2015.05.27,Ja,2015.05.31,,,Får,,Annan,Texel,2015.05.26,2015.05.27,Nej,Fredat vilt,Varg,,,Fältkontroll - LST,Bedömd som säker,2-1465,Boda Örsås,6367897,1336177,6364326,384606,6367897,1336177,RT90,Mindre bra,2015.05.31,Nej,,Ja,2017.12.14,,,0,1,0,0,0,0,1,0,0,0,0,0,0,0,0,0,0,0,0,0,0,0,0,0,0,0,0,0,0,0,0,Historiska data - ej angivet,,,2-1465,Svenljunga (S),2-14,Västra Götalands län (S),2,2015
V480748,,2015.06.04,Ja,2015.06.04,,,Får,,Annan,finull/kött,2015.06.03,2015.06.04,Nej,Fredat vilt,Varg,,,Fältkontroll - LST,Bedömd som säker,2-1981,Nordanåker 2,6663927,1538097,6662629,582860,6663927,1538097,RT90,Mindre bra,2015.06.04,Nej,,Ja,2017.12.14,,,3,1,0,3,0,0,3,0,0,0,0,0,0,0,0,0,0,0,0,0,0,0,0,0,0,0,0,0,0,0,0,Historiska data - ej angivet,,,2-1981,Sala (S),2-19,Västmanlands län (S),10,2015
V480960,,2015.06.06,Ja,2015.06.07,,,Får,,,,2015.06.05,2015.06.06,Nej,Fredat vilt,Varg,,,Fältkontroll - LST,Bedömd som säker,2-1782,Snednäset,6655180,1405146,6652266,450081,6655180,1405146,RT90,Mindre bra,2015.06.07,Nej,,Ja,2017.12.14,,,11,10,0,0,0,0,5,1,0,0,0,0,0,0,0,0,0,0,0,0,0,1,0,0,0,0,0,0,0,0,0,Historiska data - ej angivet,,,2-1782,Filipstad (S),2-17,Värmlands län (S),28,2015
V480525,,2015.06.12,Ja,2015.06.12,,,Får,,Annan,Lester+bland,2015.06.11,2015.06.12,Nej,Fredat vilt,Varg,,,Fältkontroll - LST,Bedömd som säker,2-1814,Västanby,6562493,1444698,6560108,490736,6562493,1444698,RT90,Mindre bra,2015.06.12,Nej,,Ja,2017.12.14,,,1,0,0,0,0,0,2,0,0,0,0,0,0,0,0,0,0,0,0,0,0,0,0,0,0,0,0,0,0,0,0,Historiska data - ej angivet,,,2-1814,Lekeberg (S),2-18,Örebro län (S),3,2015
V480537,,2015.06.17,Ja,2015.06.17,,,Får,,Annan,Gotlandsfår,2015.06.16,2015.06.17,Nej,Fredat vilt,Varg,,,Fältkontroll - LST,Bedömd som säker,2-0125,Stenby,6585093,1598129,6584554,643828,6585093,1598129,RT90,Mindre bra,2015.06.17,Nej,,Ja,2017.12.14,,,1,2,0,0,0,0,0,0,0,0,0,0,0,0,0,0,0,0,0,0,0,0,0,0,0,0,0,0,0,0,0,Historiska data - ej angivet,,,2-0125,Ekerö (S),2-01,Stockholms län (S),3,2015
V480522,,2015.06.18,Ja,2015.06.19,,,Får,,,,2015.06.14,2015.06.16,Nej,Fredat vilt,Varg,,,Fältkontroll - LST,Bedömd som säker,2-1080,Sandhamn,6218139,1503208,6216614,553309,6218139,1503208,RT90,Mindre bra,2015.06.19,Nej,,Ja,2017.12.14,,,0,7,0,0,0,0,4,0,0,0,0,0,0,0,0,0,0,0,0,0,0,0,0,0,0,0,0,0,0,0,0,Historiska data - ej angivet,,,2-1080,Karlskrona (S),2-10,Blekinge län (S),11,2015
V480536,,2015.06.19,Ja,2015.06.25,,,Får,,Annan,Texel,2015.06.17,2015.06.19,Nej,Fredat vilt,Varg,,,Fältkontroll - LST,Bedömd som säker,2-0181,Molstaberg,6551067,1590360,6550446,636473,6551067,1590360,RT90,Mindre bra,2015.06.25,Nej,,Ja,2017.12.14,,,3,5,0,7,0,0,12,0,0,0,0,3,0,0,0,0,5,0,0,0,0,0,0,0,0,0,0,0,0,0,0,Historiska data - ej angivet,,,2-0181,Södertälje (S),2-01,Stockholms län (S),35,2015
V480818,,2015.07.02,Ja,2015.07.02,,,Får,,Annan,Texel,2015.06.30,2015.07.01,Nej,Fredat vilt,Varg,,,Fältkontroll - LST,Bedömd som säker,2-0181,Mölnbo,6551041,1589871,6550414,635984,6551041,1589871,RT90,Mindre bra,2015.07.02,Nej,,Ja,2017.12.14,,,0,0,0,0,0,0,8,0,0,0,0,0,0,0,0,0,0,0,0,0,0,0,0,0,0,0,0,0,0,0,0,Historiska data - ej angivet,,,2-0181,Södertälje (S),2-01,Stockholms län (S),8,2015
V481035,,2015.07.02,Ja,2015.07.02,,,Får,,,,2015.07.02,2015.07.02,Nej,Fredat vilt,Varg,,,Fältkontroll - LST,Bedömd som säker,2-2029,Sätergläntan Insjön,6727137,1462665,6724888,506690,6727137,1462665,RT90,Mindre bra,2015.07.02,Nej,,Ja,2017.12.14,,,1,0,0,0,0,0,1,0,0,0,0,0,0,0,0,0,0,0,0,0,1,0,0,0,0,0,0,0,0,0,0,Historiska data - ej angivet,,,2-2029,Leksand (S),2-20,Dalarnas län (S),3,2015
V481038,,2015.07.04,Ja,2015.07.04,,,Får,,,,2015.07.03,2015.07.04,Nej,Fredat vilt,Varg,,,Fältkontroll - LST,Bedömd som säker,2-2062,Sollerön,6758054,1434602,6755444,478262,6758054,1434602,RT90,Mindre bra,2015.07.04,Nej,,Ja,2017.12.14,,,0,0,0,0,0,0,0,2,0,0,0,0,0,0,0,0,0,0,0,0,0,0,0,0,0,0,0,0,0,0,0,Historiska data - ej angivet,,,2-2062,Mora (S),2-20,Dalarnas län (S),2,2015
V481039,,2015.07.04,Ja,2015.07.05,,,Får,,,,2015.07.03,2015.07.04,Nej,Fredat vilt,Varg,,,Fältkontroll - LST,Bedömd som säker,2-2161,Näsvall,6864693,1499387,6862831,541697,6864693,1499387,RT90,Mindre bra,2015.07.05,Nej,,Ja,2017.12.14,,,0,1,0,0,0,0,0,0,0,0,0,0,0,0,0,0,0,0,0,0,0,0,0,0,0,0,0,0,0,0,0,Historiska data - ej angivet,,,2-2161,Ljusdal (S),2-21,Gävleborgs län (S),1,2015
V480757,,2015.07.05,Ja,2015.07.07,,,Får,,,,2015.07.04,2015.07.05,Nej,Fredat vilt,Varg,,,Fältkontroll - LST,Bedömd som säker,2-1438,Rindstad,6527105,1272340,6522663,318910,6527105,1272340,RT90,Mindre bra,2015.07.07,Nej,,Ja,2017.12.14,,,0,0,0,0,0,0,4,0,0,0,0,0,0,0,0,0,0,0,0,0,0,0,0,0,0,0,1,0,0,0,0,Historiska data - ej angivet,,,2-1438,Dals-Ed (S),2-14,Västra Götalands län (S),5,2015
V480753,,2015.07.11,Ja,2015.07.11,,,Får,,,,2015.07.10,2015.07.11,Nej,Fredat vilt,Varg,,,Fältkontroll - LST,Bedömd som säker,2-2161,Näsvall,6864703,1499437,6862841,541747,6864703,1499437,RT90,Mindre bra,2015.07.11,Nej,,Ja,2017.12.14,,,0,1,0,0,0,0,0,0,0,0,0,0,0,0,0,0,0,0,0,0,0,0,0,0,0,0,0,0,0,0,0,Historiska data - ej angivet,,,2-2161,Ljusdal (S),2-21,Gävleborgs län (S),1,2015
V480779,,2015.07.11,Ja,2015.07.11,,,Får,,Annan,Finull,2015.07.11,2015.07.11,Nej,Fredat vilt,Varg,,,Fältkontroll - LST,Bedömd som säker,2-1863,Havsjö,6639516,1442830,6637069,487935,6639516,1442830,RT90,Mindre bra,2015.07.11,Nej,,Ja,2017.12.14,,,0,0,0,1,0,0,0,0,0,0,0,0,0,0,0,0,0,0,0,0,0,0,0,0,0,0,0,0,0,0,0,Historiska data - ej angivet,,,2-1863,Hällefors (S),2-18,Örebro län (S),1,2015
V480530,,2015.07.15,Ja,2015.07.15,,,Får,,Annan,Korsning finull,2015.07.14,2015.07.15,Nej,Fredat vilt,Varg,,,Fältkontroll - LST,Bedömd som säker,2-1380,"Hertered, Simlångsdalen",6292248,1331467,6288670,380793,6292248,1331467,RT90,Mindre bra,2015.07.15,Nej,,Ja,2017.12.14,,,0,0,0,0,0,0,1,0,0,0,0,0,0,0,0,0,0,0,0,0,0,0,0,0,0,0,0,0,0,0,0,Historiska data - ej angivet,,,2-1380,Halmstad (S),2-13,Hallands län (S),1,2015
V480756,,2015.07.17,Ja,2015.07.17,,,Får,,,,2015.07.17,2015.07.17,Nej,Fredat vilt,Varg,,,Fältkontroll - LST,Bedömd som säker,2-2029,Helgbo,6727437,1466783,6725238,510802,6727437,1466783,RT90,Mindre bra,2015.07.17,Nej,,Ja,2017.12.14,,,4,4,0,0,0,0,1,0,0,0,0,0,0,0,0,0,0,0,0,0,0,0,0,0,0,0,0,0,0,0,0,Historiska data - ej angivet,,,2-2029,Leksand (S),2-20,Dalarnas län (S),9,2015
V480755,,2015.07.18,Ja,2015.07.18,,,Får,,Annan,Texel,2015.07.18,2015.07.18,Nej,Fredat vilt,Varg,,,Fältkontroll - LST,Bedömd som säker,2-0181,Molstaberg,6551041,1590094,6550417,636207,6551041,1590094,RT90,Mindre bra,2015.07.18,Nej,,Ja,2017.12.14,,,0,0,0,0,0,0,7,0,0,0,0,0,0,0,0,0,0,0,0,0,0,0,0,0,0,0,0,0,0,0,0,Historiska data - ej angivet,,,2-0181,Södertälje (S),2-01,Stockholms län (S),7,2015
V480763,,2015.07.25,Ja,2015.07.25,,,Får,,,,2015.07.25,2015.07.25,Nej,Fredat vilt,Varg,,,Fältkontroll - LST,Bedömd som säker,2-2029,Solarvet,6729180,1473530,6727063,517524,6729180,1473530,RT90,Mindre bra,2015.07.25,Nej,,Ja,2017.12.14,,,9,9,0,0,0,0,6,0,0,0,0,0,0,0,0,0,0,0,0,0,2,3,0,0,0,0,0,0,0,0,0,Historiska data - ej angivet,,,2-2029,Leksand (S),2-20,Dalarnas län (S),29,2015
V480774,,2015.07.26,Ja,2015.07.26,,,Får,,,,2015.07.26,2015.07.26,Nej,Fredat vilt,Varg,,,Fältkontroll - LST,Bedömd som säker,2-2029,Östra Insjön,6728996,1465190,6726777,509191,6728996,1465190,RT90,Mindre bra,2015.07.26,Nej,,Ja,2017.12.14,,,2,3,0,0,0,0,5,0,0,0,0,0,0,0,0,0,0,0,0,0,1,1,0,0,0,0,0,0,0,0,0,Historiska data - ej angivet,,,2-2029,Leksand (S),2-20,Dalarnas län (S),12,2015
V480819,,2015.07.28,Ja,2015.07.28,,,Får,,Annan,Finull,2015.07.27,2015.07.27,Nej,Fredat vilt,Varg,,,Fältkontroll - LST,Bedömd som säker,2-0181,Molstaberg,6552031,1590460,6551411,636561,6552031,1590460,RT90,Mindre bra,2015.07.28,Nej,,Ja,2017.12.14,,,0,0,0,0,0,0,1,0,0,0,0,0,0,0,0,0,0,0,0,0,0,0,0,0,0,0,0,0,0,0,0,Historiska data - ej angivet,,,2-0181,Södertälje (S),2-01,Stockholms län (S),1,2015
V480783,,2015.08.01,Ja,2015.08.02,,,Får,,,,2015.07.31,2015.08.01,Nej,Fredat vilt,Varg,,,Fältkontroll - LST,Bedömd som säker,2-1781,Bottsviken,6572155,1411091,6569359,457030,6572155,1411091,RT90,Mindre bra,2015.08.02,Nej,,Ja,2017.12.14,,,0,0,0,0,0,0,2,0,0,0,0,0,0,0,0,0,0,0,0,0,0,0,0,0,0,0,0,0,0,0,0,Historiska data - ej angivet,,,2-1781,Kristinehamn (S),2-17,Värmlands län (S),2,2015
V480821,,2015.08.08,Ja,2015.08.08,,,Får,,Annan,Texel,2015.08.08,2015.08.08,Nej,Fredat vilt,Varg,,,Fältkontroll - LST,Bedömd som säker,2-0181,Mölnbo,6548131,1590171,6547509,636319,6548131,1590171,RT90,Mindre bra,2015.08.08,Nej,,Ja,2017.12.14,,,0,0,0,0,0,0,7,0,0,0,0,0,0,0,0,0,0,0,0,0,0,0,0,0,0,0,0,0,0,0,0,Historiska data - ej angivet,,,2-0181,Södertälje (S),2-01,Stockholms län (S),7,2015
V480929,,2015.08.10,Ja,2015.08.10,,,Får,,Annan,Finullsfår,2015.08.09,2015.08.10,Nej,Fredat vilt,Varg,,,Fältkontroll - LST,Bedömd som säker,2-2029,Hackmora,6734210,1468850,6732033,512785,6734210,1468850,RT90,Mindre bra,2015.08.10,Nej,,Ja,2017.12.14,,,0,0,0,0,0,0,3,0,0,0,0,0,0,0,0,0,0,0,0,0,0,0,0,0,0,0,1,0,0,0,0,Historiska data - ej angivet,,,2-2029,Leksand (S),2-20,Dalarnas län (S),4,2015
V480534,,2015.08.11,Ja,2015.08.12,,,Får,,Annan,Vet ej,2015.08.10,2015.08.11,Nej,Fredat vilt,Varg,,,Fältkontroll - LST,Bedömd som säker,2-1438,Ulvön Nössemark,6559875,1269825,6555380,316002,6559875,1269825,RT90,Mindre bra,2015.08.12,Nej,,Ja,2017.12.14,,,0,0,0,0,0,0,3,0,0,0,0,0,0,0,0,0,0,0,0,0,0,0,0,0,1,0,0,0,0,0,0,Historiska data - ej angivet,,,2-1438,Dals-Ed (S),2-14,Västra Götalands län (S),4,2015
V480533,,2015.08.12,Ja,2015.08.12,,,Får,,Annan,Gotlandsfår pälsfår,2015.08.11,2015.08.12,Nej,Fredat vilt,Varg,,,Fältkontroll - LST,Bedömd som säker,2-0125,Almnäset,6576127,1612520,6575765,658322,6576127,1612520,RT90,Mindre bra,2015.08.12,Nej,,Ja,2017.12.14,,,0,0,0,0,1,0,0,0,0,0,0,0,0,0,0,0,0,0,0,0,0,0,0,0,0,0,0,0,0,0,0,Historiska data - ej angivet,,,2-0125,Ekerö (S),2-01,Stockholms län (S),1,2015
V480799,,2015.08.18,Ja,2015.08.18,,,Får,,,,2015.08.18,2015.08.18,Nej,Fredat vilt,Varg,,,Fältkontroll - LST,Bedömd som säker,2-2161,Näsvall,6864710,1499417,6862848,541727,6864710,1499417,RT90,Mindre bra,2015.08.18,Nej,,Ja,2017.12.14,,,1,0,0,0,0,0,0,0,0,0,0,0,0,0,0,0,0,0,0,0,0,0,0,0,0,0,0,0,0,0,0,Historiska data - ej angivet,,,2-2161,Ljusdal (S),2-21,Gävleborgs län (S),1,2015
V480791,,2015.08.19,Ja,2015.08.19,,,Får,,Annan,finull,2015.08.17,2015.08.19,Nej,Fredat vilt,Varg,,,Fältkontroll - LST,Bedömd som säker,2-0330,Berga Vassunda,6621240,1609724,6620830,654980,6621240,1609724,RT90,Mindre bra,2015.08.19,Nej,,Ja,2017.12.14,,,0,0,0,0,0,0,0,1,0,0,0,0,0,0,0,0,0,0,0,0,0,0,0,0,0,0,0,0,0,0,0,Historiska data - ej angivet,,,2-0330,Knivsta (S),2-03,Uppsala län (S),1,2015
V480795,,2015.08.21,Ja,2015.08.21,,,Får,,Annan,Leicster,2015.08.19,2015.08.21,Nej,Fredat vilt,Varg,,,Fältkontroll - LST,Bedömd som säker,2-0380,Rasbo,6646628,1613391,6646254,658337,6646628,1613391,RT90,Mindre bra,2015.08.21,Nej,,Ja,2017.12.14,,,6,0,0,1,0,0,1,0,0,0,0,2,0,0,0,0,0,0,0,0,0,2,0,0,0,0,0,0,0,0,0,Historiska data - ej angivet,,,2-0380,Uppsala (S),2-03,Uppsala län (S),12,2015
V480899,,2015.08.31,Ja,2015.08.31,,,Får,,,,2015.08.31,2015.08.31,Nej,Fredat vilt,Varg,,,Fältkontroll - LST,Bedömd som säker,2-2309,Ö.Nygården. Aspås,7028726,1435117,7025980,475410,7028726,1435117,RT90,Mindre bra,2015.08.31,Nej,,Ja,2017.12.14,,,0,4,0,0,0,0,0,0,0,0,0,0,0,0,0,0,0,0,0,0,0,0,0,0,0,0,0,0,0,0,0,Historiska data - ej angivet,,,2-2309,Krokom (S),2-23,Jämtlands län (S),4,2015
V480336,,2015.09.02,Ja,2015.09.03,,,Får,,,,2015.09.02,2015.09.02,Nej,Fredat vilt,Varg,,,Fältkontroll - LST,Bedömd som säker,2-2161,Letsberg,6868150,1505387,6866361,547652,6868150,1505387,RT90,Mindre bra,2015.09.03,Nej,,Ja,2017.12.14,,,0,0,0,0,0,0,2,0,0,0,0,0,0,0,0,0,0,0,0,0,0,0,0,0,0,0,0,0,0,0,0,Historiska data - ej angivet,,,2-2161,Ljusdal (S),2-21,Gävleborgs län (S),2,2015
V480600,,2015.09.03,Ja,2015.09.03,,,Får,,Annan,Blandras,2015.09.03,2015.09.03,Nej,Fredat vilt,Varg,,,Fältkontroll - LST,Bedömd som säker,2-0181,Broby,6547248,1600120,6546746,646275,6547248,1600120,RT90,Mindre bra,2015.09.03,Nej,,Ja,2017.12.14,,,0,3,0,0,0,0,6,0,0,0,0,0,0,0,0,0,0,0,0,0,0,0,0,0,0,0,0,0,0,0,0,Historiska data - ej angivet,,,2-0181,Södertälje (S),2-01,Stockholms län (S),9,2015
V480337,,2015.09.04,Ja,2015.09.04,,,Får,,,,2015.09.03,2015.09.04,Nej,Fredat vilt,Varg,,,Fältkontroll - LST,Bedömd som säker,2-2161,Störsbäcken,6866480,1503147,6864663,545433,6866480,1503147,RT90,Mindre bra,2015.09.04,Nej,,Ja,2017.12.14,,,1,0,0,0,0,0,0,0,0,0,0,0,0,0,0,0,0,0,0,0,0,0,0,0,0,0,0,0,0,0,0,Historiska data - ej angivet,,,2-2161,Ljusdal (S),2-21,Gävleborgs län (S),1,2015
V480338,,2015.09.07,Ja,2015.09.07,,,Får,,Annan,Lantras,2015.09.06,2015.09.06,Nej,Fredat vilt,Varg,,,Fältkontroll - LST,Bedömd som säker,2-2121,Grängsbo,6801995,1505999,6800243,549082,6801995,1505999,RT90,Mindre bra,2015.09.07,Nej,,Ja,2017.12.14,,,1,1,0,2,0,0,0,0,0,0,0,0,0,0,0,0,0,0,0,0,0,0,0,0,0,0,0,0,0,0,0,Historiska data - ej angivet,,,2-2121,Ovanåker (S),2-21,Gävleborgs län (S),4,2015
V480343,,2015.09.11,Ja,2015.09.11,,,Får,,Annan,Skruvhornsfår,2015.09.08,2015.09.11,Nej,Fredat vilt,Varg,,,Fältkontroll - LST,Bedömd som säker,2-1435,Koxeröd/Tränget,6528173,1262593,6523613,309157,6528173,1262593,RT90,Mindre bra,2015.09.11,Nej,,Ja,2017.12.14,,,0,0,0,0,2,0,0,0,0,0,0,0,0,0,0,0,0,0,0,0,0,0,0,0,0,0,0,0,0,0,0,Historiska data - ej angivet,,,2-1435,Tanum (S),2-14,Västra Götalands län (S),2,2015
V480558,,2015.09.14,Ja,2015.09.15,,,Får,,Annan,Kött,2015.09.13,2015.09.14,Nej,Fredat vilt,Varg,,,Fältkontroll - LST,Bedömd som säker,2-2182,Bergviken,6792517,1552736,6791346,595916,6792517,1552736,RT90,Mindre bra,2015.09.15,Nej,,Ja,2017.12.14,,,0,0,0,8,0,0,0,0,0,0,0,0,0,1,0,0,0,0,0,0,0,0,0,0,0,0,0,0,0,0,0,Historiska data - ej angivet,,,2-2182,Söderhamn (S),2-21,Gävleborgs län (S),9,2015
V480614,,2015.09.16,Ja,2015.09.16,,,Får,,Annan,Texel,2015.09.15,2015.09.16,Nej,Fredat vilt,Varg,,,Fältkontroll - LST,Bedömd som säker,2-0181,Mölnbo,6550851,1589869,6550224,635985,6550851,1589869,RT90,Mindre bra,2015.09.16,Nej,,Ja,2017.12.14,,,0,0,0,0,0,0,1,0,0,0,0,0,0,0,0,0,0,0,0,0,0,0,0,0,0,0,1,0,0,0,0,Historiska data - ej angivet,,,2-0181,Södertälje (S),2-01,Stockholms län (S),2,2015
V480613,,2015.09.17,Ja,2015.09.17,,,Får,,Annan,Texel,2015.09.16,2015.09.17,Nej,Fredat vilt,Varg,,,Fältkontroll - LST,Bedömd som säker,2-0181,Mölnbo,6550851,1589869,6550224,635985,6550851,1589869,RT90,Mindre bra,2015.09.17,Nej,,Ja,2017.12.14,,,0,0,0,0,0,0,1,0,0,0,0,0,0,0,0,0,0,0,0,0,0,0,0,0,0,0,0,0,0,0,0,Historiska data - ej angivet,,,2-0181,Södertälje (S),2-01,Stockholms län (S),1,2015
V480563,,2015.09.22,Ja,2015.09.22,,,Får,,,,2015.09.22,2015.09.22,Nej,Fredat vilt,Varg,,,Fältkontroll - LST,Bedömd som säker,2-2161,Ålock,6867635,1506490,6865859,548761,6867635,1506490,RT90,Mindre bra,2015.09.22,Nej,,Ja,2017.12.14,,,0,0,0,0,0,0,9,0,0,0,0,0,0,0,0,0,0,0,0,0,0,0,0,0,0,0,0,0,0,0,0,Historiska data - ej angivet,,,2-2161,Ljusdal (S),2-21,Gävleborgs län (S),9,2015
V480870,,2015.09.27,Ja,2015.09.27,,,Får,,,,2015.09.27,2015.09.27,Nej,Fredat vilt,Varg,,,Fältkontroll - LST,Bedömd som säker,2-2161,Ålock,6867633,1506533,6865858,548804,6867633,1506533,RT90,Mindre bra,2015.09.27,Nej,,Ja,2017.12.14,,,0,0,0,5,0,0,0,0,0,0,0,0,0,0,0,0,0,0,0,0,0,0,0,0,0,0,0,0,0,0,0,Historiska data - ej angivet,,,2-2161,Ljusdal (S),2-21,Gävleborgs län (S),5,2015
V480769,,2015.10.03,Ja,2015.10.05,,,Får,,,,2015.10.02,2015.10.03,Nej,Fredat vilt,Varg,,,Fältkontroll - LST,Bedömd som säker,2-2281,Baggböle,6946773,1559395,6945622,600657,6946773,1559395,RT90,Mindre bra,2015.10.05,Nej,,Ja,2017.12.14,,,1,2,0,0,0,0,4,0,0,0,0,0,0,0,0,0,0,0,0,0,0,0,0,0,0,0,0,0,0,0,0,Historiska data - ej angivet,,,2-2281,Sundsvall (S),2-22,Västernorrlands län (S),7,2015
V480594,,2015.10.09,Ja,2015.10.09,,,Får,,Annan,Bland,2015.10.08,2015.10.09,Nej,Fredat vilt,Varg,,,Fältkontroll - LST,Bedömd som säker,2-2029,Hjulbäck,6742828,1451128,6740429,494966,6742828,1451128,RT90,Mindre bra,2015.10.09,Nej,,Ja,2017.12.14,,,0,0,0,0,0,0,2,0,0,0,0,0,0,0,0,0,0,0,0,0,0,0,0,0,0,0,1,0,0,0,0,Historiska data - ej angivet,,,2-2029,Leksand (S),2-20,Dalarnas län (S),3,2015
V480590,,2015.10.12,Ja,2015.10.12,,,Får,,,,2015.09.27,2015.09.27,Nej,Fredat vilt,Varg,,,Fältkontroll - LST,Bedömd som säker,2-2161,Ålock,6867620,1506533,6865845,548804,6867620,1506533,RT90,Mindre bra,2015.10.12,Nej,,Ja,2017.12.14,,,0,0,0,0,0,0,0,1,0,0,0,0,0,0,0,0,0,0,0,0,0,0,0,0,0,0,0,0,0,0,0,Historiska data - ej angivet,,,2-2161,Ljusdal (S),2-21,Gävleborgs län (S),1,2015
V480808,,2015.11.01,Ja,2015.11.02,,,Får,,Annan,Blandras,2015.11.01,2015.11.01,Nej,Fredat vilt,Varg,,,Fältkontroll - LST,Bedömd som säker,2-1782,Rämmen,6657353,1405483,6654441,450391,6657353,1405483,RT90,Mindre bra,2015.11.02,Nej,,Ja,2017.12.14,,,0,0,0,0,0,0,0,0,0,0,0,0,0,0,0,0,1,0,0,0,0,0,0,0,0,0,0,0,0,0,0,Historiska data - ej angivet,,,2-1782,Filipstad (S),2-17,Värmlands län (S),1,2015
V480610,,2015.11.04,Ja,2015.11.04,,,Får,,Annan,Texel,2015.11.03,2015.11.04,Nej,Fredat vilt,Varg,,,Fältkontroll - LST,Bedömd som säker,2-0181,Mölnbo,6549726,1590215,6549104,636344,6549726,1590215,RT90,Mindre bra,2015.11.04,Nej,,Ja,2017.12.14,,,2,0,0,0,0,0,2,0,0,0,0,0,0,0,0,0,0,0,0,0,0,0,0,0,0,0,0,0,0,0,0,Historiska data - ej angivet,,,2-0181,Södertälje (S),2-01,Stockholms län (S),4,2015
V480611,,2015.11.05,Ja,2015.11.05,,,Får,,Annan,Texel,2015.11.04,2015.11.05,Nej,Fredat vilt,Varg,,,Fältkontroll - LST,Bedömd som säker,2-0181,Mölnbo,6549588,1590266,6548966,636397,6549588,1590266,RT90,Mindre bra,2015.11.05,Nej,,Ja,2017.12.14,,,1,0,0,0,0,0,0,0,0,0,0,0,0,0,0,0,0,0,0,0,0,0,0,0,0,0,0,0,0,0,0,Historiska data - ej angivet,,,2-0181,Södertälje (S),2-01,Stockholms län (S),1,2015
V480612,,2015.11.08,Ja,2015.11.08,,,Får,,Annan,Texel,2015.11.07,2015.11.08,Nej,Fredat vilt,Varg,,,Fältkontroll - LST,Bedömd som säker,2-0181,Mölnbo,6549979,1590507,6549360,636633,6549979,1590507,RT90,Mindre bra,2015.11.08,Nej,,Ja,2017.12.14,,,1,0,0,0,0,0,0,0,0,0,0,0,0,0,0,0,0,0,0,0,2,0,0,0,0,0,0,0,0,0,0,Historiska data - ej angivet,,,2-0181,Södertälje (S),2-01,Stockholms län (S),3,2015
V480615,,2015.11.10,Ja,2015.11.10,,,Får,,Annan,Texel,2015.11.09,2015.11.10,Nej,Fredat vilt,Varg,,,Fältkontroll - LST,Bedömd som säker,2-0181,Molstaberg,6549809,1590163,6549186,636291,6549809,1590163,RT90,Mindre bra,2015.11.10,Nej,,Ja,2017.12.14,,,1,0,0,0,0,0,0,0,0,0,0,0,0,0,0,0,0,0,0,0,0,0,0,0,0,0,0,0,0,0,0,Historiska data - ej angivet,,,2-0181,Södertälje (S),2-01,Stockholms län (S),1,2015
V480618,,2015.11.11,Ja,2015.11.11,,,Får,,Annan,Texel,2015.11.10,2015.11.11,Nej,Fredat vilt,Varg,,,Fältkontroll - LST,Bedömd som säker,2-0181,Molstaberg,6549809,1590163,6549186,636291,6549809,1590163,RT90,Mindre bra,2015.11.11,Nej,,Ja,2017.12.14,,,0,0,0,0,0,0,2,0,0,0,0,0,0,0,0,0,0,0,0,0,0,0,0,0,0,0,0,0,0,0,0,Historiska data - ej angivet,,,2-0181,Södertälje (S),2-01,Stockholms län (S),2,2015
V480363,,2015.12.20,Ja,2015.12.20,,,Får,,Annan,Blanras,2015.12.19,2015.12.20,Nej,Fredat vilt,Varg,,,Fältkontroll - LST,Bedömd som säker,2-2085,Hörken,6681036,1440443,6678538,485043,6681036,1440443,RT90,Mindre bra,2015.12.20,Nej,,Ja,2017.12.14,,,1,0,0,0,0,0,1,0,0,0,0,0,0,0,0,0,0,0,0,0,0,0,0,0,0,0,0,0,0,0,0,Historiska data - ej angivet,,,2-2085,Ludvika (S),2-20,Dalarnas län (S),2,2015
V467864,,2016.03.12,Ja,2016.03.12,,,Får,,Annan,Shropshire,2016.03.11,2016.03.12,Nej,Fredat vilt,Varg,,Bete innanför stängsel,Fältkontroll - LST,Dokumenterad,2-1981,Åvestbo,6646789,1545934,6645593,590903,6646789,1545934,RT90,Exakt,2016.03.12,Nej,,Ja,2017.12.18,2016.03.23,Tobias Hjortstråle,0,0,0,0,0,0,1,0,0,0,0,0,0,0,0,0,0,0,0,0,0,0,0,0,0,0,0,0,0,0,0,Historiska data - ej angivet,,,2-1981,Sala (S),2-19,Västmanlands län (S),1,2016
V468173,,2016.04.12,Ja,2016.04.20,,,Får,,Gotlandsfår,,2016.04.12,2016.04.12,Nej,Fredat vilt,Varg,,Bete innanför stängsel,Fältkontroll - LST,Bedömd som säker,2-1785,Odenstad Säteri,6582915,1328965,6579119,374823,6582915,1328965,RT90,Mycket bra,2016.04.20,Nej,,Ja,2017.12.18,2016.10.10,David Höök,0,0,0,0,0,0,0,0,0,0,0,0,0,0,0,0,1,0,0,0,0,0,0,0,0,0,0,0,0,0,0,Historiska data - ej angivet,,,2-1785,Säffle (S),2-17,Värmlands län (S),1,2016
V468362,,2016.05.12,Ja,2016.05.13,,,Får,,Allmogefår,,2016.05.12,2016.05.12,Nej,Fredat vilt,Varg,,Bete innanför stängsel,Fältkontroll - LST,Dokumenterad,2-2161,Gåda,6881994,541136,6881994,541136,6883869,1499064,WGS84-UTM Zon 33,Mindre bra,2016.05.17,Nej,,Ja,2017.12.18,2016.05.17,Hans Nordin,0,0,0,0,0,0,1,0,0,0,0,0,0,0,0,0,0,0,0,0,0,0,0,0,0,0,0,0,0,0,0,Historiska data - ej angivet,,,2-2161,Ljusdal (S),2-21,Gävleborgs län (S),1,2016
V468363,,2016.05.13,Ja,2016.05.14,,,Får,,Allmogefår,,2016.05.13,2016.05.13,Nej,Fredat vilt,Varg,,Bete innanför stängsel,Fältkontroll - LST,Dokumenterad,2-2161,Gåda,6881966,541193,6881966,541193,6883840,1499120,WGS84-UTM Zon 33,Mindre bra,2016.05.17,Nej,,Ja,2017.12.18,2016.12.13,Sara Sundin,0,0,0,0,0,0,1,0,0,0,0,0,0,0,0,0,0,0,0,0,0,0,0,0,0,0,0,0,0,0,0,Historiska data - ej angivet,,,2-2161,Ljusdal (S),2-21,Gävleborgs län (S),1,2016
V468437,,2016.05.18,Ja,2016.05.18,,,Får,,Annan,korsning,2016.05.18,2016.05.18,Nej,Fredat vilt,Varg,,Bete innanför stängsel,Fältkontroll - LST,Dokumenterad,2-0331,Sillebo Östervåla,6676269,628378,6676269,628378,6677015,1583792,SWEREF99 TM,Exakt,2016.05.18,Nej,,Ja,2017.12.18,2016.08.23,Per Blomkvist,1,0,0,0,0,0,0,0,0,0,1,0,0,0,0,0,0,0,0,0,0,0,0,0,0,0,0,0,0,0,0,Historiska data - ej angivet,,,2-0331,Heby (S),2-03,Uppsala län (S),2,2016
V468490,,2016.05.20,Ja,2016.05.21,,,Får,,Annan,Gute,2016.05.17,2016.05.19,Nej,Fredat vilt,Varg,,Bete innanför stängsel,Fältkontroll - LST,Bedömd som säker,2-2081,Högberget,6697945,1468465,6695781,512844,6697945,1468465,RT90,Mycket bra,2016.05.26,Nej,,Ja,2017.12.18,2016.05.26,Bert Eriksson,0,0,0,1,0,0,1,0,0,0,0,0,0,0,0,0,0,0,0,0,0,0,0,0,0,0,0,0,0,0,0,Historiska data - ej angivet,,,2-2081,Borlänge (S),2-20,Dalarnas län (S),2,2016
V468421,,2016.05.21,Ja,2016.05.21,,,Får,,,,2016.05.21,2016.05.21,Nej,Fredat vilt,Varg,,Bete innanför stängsel,Fältkontroll - LST,Dokumenterad,2-1784,Bråne,6601461,363208,6601461,363208,6605409,1317615,WGS84-UTM Zon 33,Mindre bra,2016.05.22,Nej,,Ja,2017.12.18,2016.05.22,Per Larsson,0,0,0,0,0,0,1,0,0,0,0,0,0,0,0,0,0,0,0,0,0,0,0,0,0,0,0,0,0,0,0,Historiska data - ej angivet,,,2-1784,Arvika (S),2-17,Värmlands län (S),1,2016
V468422,,2016.05.21,Ja,2016.05.21,,,Får,,,,2016.05.20,2016.05.21,Nej,Fredat vilt,Varg,,Bete innanför stängsel,Fältkontroll - LST,Dokumenterad,2-1737,Rönningen,6678703,390258,6678703,390258,6682360,1345620,WGS84-UTM Zon 33,Mindre bra,2016.05.22,Nej,,Ja,2017.12.18,2016.05.22,Per Larsson,2,3,0,0,0,0,0,0,0,0,0,0,0,0,0,0,0,0,0,0,1,0,0,0,0,0,0,0,0,0,0,Historiska data - ej angivet,,,2-1737,Torsby (S),2-17,Värmlands län (S),6,2016
V468432,,2016.05.21,Ja,2016.05.22,,,Får,,,,2016.05.20,2016.05.21,Nej,Fredat vilt,Varg,,Bete innanför stängsel,Fältkontroll - LST,Dokumenterad,2-0482,Flenmo,6556432,587167,6556432,587167,6557650,1541115,WGS84-UTM Zon 33,Mindre bra,2016.06.09,Nej,,Ja,2017.12.18,2016.06.09,Sebastian Olofsson,2,1,0,0,0,0,2,0,0,0,0,0,0,0,0,0,0,0,0,0,0,0,0,0,0,0,0,0,0,0,0,Historiska data - ej angivet,,,2-0482,Flen (S),2-04,Södermanlands län (S),5,2016
V468452,,2016.05.21,Ja,2016.05.21,,,Får,,Texel,,2016.05.20,2016.05.20,Nej,Fredat vilt,Varg,,Bete innanför stängsel,Fältkontroll - LST,Dokumenterad,2-0781,Bolmaryd Nyebro 1,6288238,1375592,6285182,424938,6288238,1375592,RT90,Mycket bra,2016.05.23,Nej,,Ja,2017.12.18,2016.05.31,Lasse Carlsson,0,1,0,0,0,0,3,0,0,0,1,0,0,0,0,0,2,0,0,0,1,0,0,0,0,0,2,0,0,0,0,Historiska data - ej angivet,,,2-0781,Ljungby (S),2-07,Kronobergs län (S),10,2016
V468611,,2016.06.05,Ja,2016.06.05,,,Får,,,,2016.06.04,2016.06.05,Nej,Fredat vilt,Varg,,Bete utan stängsel,Fältkontroll - LST,Bedömd som säker,2-1782,Rämmen,6654329,449770,6654329,449770,6657248,1404860,SWEREF99 TM,Mycket bra,2016.06.06,Nej,,Ja,2017.12.18,2016.06.07,Urban Mossberg,0,0,1,0,0,0,7,0,0,0,0,0,2,0,0,0,0,0,0,0,0,0,0,0,0,0,0,0,0,0,0,Historiska data - ej angivet,,,2-1782,Filipstad (S),2-17,Värmlands län (S),10,2016
V468765,,2016.06.12,Ja,2016.06.12,,,Får,,,,2016.06.11,2016.06.12,Nej,Fredat vilt,Varg,,Bete utan stängsel,Fältkontroll - LST,Bedömd som säker,2-1814,Västkärr Gård,6554946,1439792,6552506,485923,6554946,1439792,RT90,Mycket bra,2016.06.13,Nej,,Ja,2017.12.18,2016.08.26,David Höök,6,6,0,0,0,0,9,0,0,0,0,0,0,0,0,0,0,0,0,0,0,0,0,0,0,0,0,0,0,0,0,Historiska data - ej angivet,,,2-1814,Lekeberg (S),2-18,Örebro län (S),21,2016
V469105,,2016.06.12,Ja,2016.06.12,,,Får,,Finullsfår,,2016.06.12,2016.06.12,Nej,Fredat vilt,Varg,,Bete innanför stängsel,Fältkontroll - LST,Bedömd som säker,2-1766,Brandsbols Gård 6,6651857,381220,6651857,381220,6655611,1336249,WGS84-UTM Zon 33,Mindre bra,2016.06.28,Nej,,Ja,2017.12.18,2016.06.28,Fredrik Wilde,1,2,0,0,0,0,8,1,0,0,1,0,0,0,0,0,0,1,0,0,0,0,0,0,0,0,0,0,0,0,0,Historiska data - ej angivet,,,2-1766,Sunne (S),2-17,Värmlands län (S),14,2016
V468783,,2016.06.14,Ja,2016.06.14,,,Får,,,,2016.06.13,2016.06.14,Nej,Fredat vilt,Varg,,Bete med rovdjursavvisande stängsel,Fältkontroll - LST,Bedömd som säker,2-1766,Brandsbol,6655656,1336280,6651902,381250,6655656,1336280,RT90,Mycket bra,2016.06.14,Nej,,Ja,2017.12.18,2016.06.14,Urban Mossberg,1,0,0,0,1,0,3,0,0,0,0,0,0,0,0,0,0,0,0,0,0,0,0,0,0,0,0,0,0,0,0,Historiska data - ej angivet,,,2-1766,Sunne (S),2-17,Värmlands län (S),5,2016
V468867,,2016.06.18,Ja,2016.06.18,,,Får,,,,2016.06.17,2016.06.18,Nej,Fredat vilt,Varg,,Bete med rovdjursavvisande stängsel,Fältkontroll - LST,Dokumenterad,2-1766,,6651838,381230,6651838,381230,6655592,1336259,WGS84-UTM Zon 33,Mindre bra,2016.06.19,Nej,,Ja,2017.12.18,2016.06.19,Per Larsson,0,0,2,0,1,0,1,0,0,0,0,0,0,0,0,0,0,0,0,0,0,0,0,0,0,0,0,0,0,0,0,Historiska data - ej angivet,,,2-1766,Sunne (S),2-17,Värmlands län (S),4,2016
V469058,,2016.06.25,Ja,2016.06.22,,,Får,,Köttraskorsningar,,2016.06.24,2016.06.25,Nej,Fredat vilt,Varg,,Bete innanför stängsel,Fältkontroll - LST,Bedömd som säker,2-1814,Västkärr,6553913,1440101,6551477,486245,6553913,1440101,RT90,Mindre bra,2016.06.25,Nej,,Ja,2017.12.18,2016.08.26,David Höök,1,0,0,1,0,0,0,0,0,0,0,0,0,1,0,0,0,0,0,0,0,0,0,0,0,0,0,0,0,0,0,Historiska data - ej angivet,,,2-1814,Lekeberg (S),2-18,Örebro län (S),3,2016
V469210,,2016.07.01,Ja,2016.07.01,,,Får,,Köttraskorsningar,,2016.06.30,2016.07.01,Nej,Fredat vilt,Varg,,Bete innanför stängsel,Fältkontroll - LST,Dokumenterad,2-0662,"Svanaholm, Trädgårdstorpet",6331029,1372358,6327909,421201,6331029,1372358,RT90,Exakt,2016.07.01,Nej,,Ja,2017.12.18,2016.07.10,Anders Gunnarsson,1,2,0,0,0,0,2,0,0,0,0,0,1,0,0,0,0,0,0,0,0,1,0,0,0,0,0,0,0,0,0,Historiska data - ej angivet,,,2-0662,Gislaved (S),2-06,Jönköpings län (S),7,2016
V469669,,2016.07.15,Ja,2016.07.15,,,Får,,Köttraskorsningar,,2016.07.14,2016.07.15,Nej,Fredat vilt,Varg,,Bete innanför stängsel,Fältkontroll - LST,Dokumenterad,2-2026,Hedbyn,6710049,1454259,6707705,498497,6710049,1454259,RT90,Mycket bra,2016.07.19,Nej,,Ja,2017.12.18,2016.07.25,Fredrik Perols,2,1,0,0,0,0,1,0,0,0,0,0,0,0,0,0,0,0,0,0,0,0,0,0,0,0,0,0,0,0,0,Historiska data - ej angivet,,,2-2026,Gagnef (S),2-20,Dalarnas län (S),4,2016
V469770,,2016.07.15,Ja,2016.07.15,,,Får,,Allmogefår,,2016.07.14,2016.07.14,Nej,Fredat vilt,Varg,,Bete utan stängsel,Fältkontroll - LST,Dokumenterad,2-2023,Nyselen-  Vallerås,6741047,1380359,6737780,424258,6741047,1380359,RT90,Exakt,2016.07.15,Nej,,Ja,2017.12.18,2016.09.06,Lars-Axel Magnusson,0,0,0,0,0,0,2,0,0,0,0,0,0,0,0,0,0,0,0,0,0,0,0,0,0,0,1,0,0,0,0,Historiska data - ej angivet,,,2-2023,Malung (S),2-20,Dalarnas län (S),3,2016
V469765,,2016.07.20,Ja,2016.07.20,,,Får,,,,2016.07.19,2016.07.20,Nej,Fredat vilt,Varg,,Bete innanför stängsel,Fältkontroll - LST,Bedömd som säker,2-2083,Vikbyn,6698149,1514970,6696554,559325,6698149,1514970,RT90,Mycket bra,2016.07.24,Nej,,Ja,2017.12.18,2016.09.22,Bert Eriksson,0,0,0,0,0,0,9,0,0,0,0,0,0,0,0,0,0,0,0,0,0,0,0,0,0,0,2,0,0,0,0,Historiska data - ej angivet,,,2-2083,Hedemora (S),2-20,Dalarnas län (S),11,2016
V469775,,2016.07.22,Ja,2016.07.22,,,Får,,Köttraskorsningar,,2016.07.21,2016.07.22,Nej,Fredat vilt,Varg,,Bete innanför stängsel,Fältkontroll - LST,Dokumenterad,2-2029,Hedbyn ,6717673,498458,6717673,498458,6720021,1454342,SWEREF99 TM,Mycket bra,2016.07.25,Nej,,Ja,2017.12.18,2016.07.25,Fredrik Perols,0,1,0,0,0,0,1,0,0,0,0,0,0,0,0,0,0,0,0,0,0,0,0,0,0,0,0,0,0,0,0,Historiska data - ej angivet,,,2-2029,Leksand (S),2-20,Dalarnas län (S),2,2016
V469752,,2016.07.23,Ja,2016.07.23,,,Får,,Gotlandsfår,,2016.07.23,2016.07.23,Nej,Fredat vilt,Varg,,Bete med rovdjursavvisande stängsel,Fältkontroll - LST,Dokumenterad,2-2023,Öjs-Lyberget,6749464,1385346,6746254,429138,6749464,1385346,RT90,Mycket bra,2016.07.24,Nej,,Ja,2017.12.18,2016.10.11,Jan Tisak,1,0,0,1,0,0,1,0,0,0,0,0,0,0,0,0,0,0,0,0,0,0,0,0,0,0,0,0,0,0,0,Historiska data - ej angivet,,,2-2023,Malung (S),2-20,Dalarnas län (S),3,2016
V471365,,2016.07.27,Ja,2016.07.27,,,Får,,Köttraskorsningar,,2016.07.26,2016.07.27,Nej,Fredat vilt,Varg,,Bete utan stängsel,Fältkontroll - LST,Bedömd som säker,2-2326,Östra Galåbodarna,6962790,1405290,6959705,446426,6962790,1405290,RT90,Exakt,2016.09.07,Nej,,Ja,2017.12.18,2016.09.07,Alf Kjellström,0,0,0,0,0,0,1,0,0,0,0,0,0,0,0,0,2,0,0,0,1,2,0,0,0,0,1,0,0,0,0,Historiska data - ej angivet,,,2-2326,Berg (S),2-23,Jämtlands län (S),7,2016
V469901,UI405622 G165-15 V595,2016.07.28,Ja,2016.07.28,,,Får,,Köttraskorsningar,,2016.07.28,2016.07.28,Nej,Fredat vilt,Varg,,Bete utan stängsel,Fältkontroll - LST,Bedömd som säker,2-2023,Momyckelberget,6736477,429362,6736477,429362,6739680,1385450,SWEREF99 TM,Mycket bra,2016.07.29,Nej,,Ja,2017.12.18,2016.07.29,Fredrik Perols,0,1,0,0,0,0,0,0,0,0,0,0,0,0,0,0,0,0,0,0,0,0,0,0,0,0,0,0,0,0,0,Historiska data - ej angivet,,,2-2023,Malung (S),2-20,Dalarnas län (S),1,2016
V470628,,2016.08.02,Ja,2016.08.02,,,Får,,,,2016.08.01,2016.08.02,Nej,Fredat vilt,Varg,,Bete utan stängsel,Fältkontroll - LST,Dokumenterad,2-1435,Rimserödkasen,6517694,304232,6517694,304232,6522310,1257593,WGS84-UTM Zon 33,Mindre bra,2016.08.02,Nej,,Ja,2017.12.18,2016.08.23,Jimmy Carlsson,0,0,0,0,0,0,3,0,0,0,0,0,0,0,0,0,0,0,0,0,0,0,0,0,0,0,0,0,0,0,0,Historiska data - ej angivet,,,2-1435,Tanum (S),2-14,Västra Götalands län (S),3,2016
V471366,,2016.08.03,Ja,2016.08.03,,,Får,,Köttraskorsningar,,2016.08.02,2016.08.03,Nej,Fredat vilt,Varg,,Bete utan stängsel,Fältkontroll - LST,Dokumenterad,2-2326,Östra n Galåbodarna,6962817,1405258,6959732,446394,6962817,1405258,RT90,Exakt,2016.09.07,Nej,,Ja,2017.12.18,2016.09.07,Alf Kjellström,0,0,0,0,0,0,2,0,0,0,0,0,0,0,0,0,0,0,0,0,1,0,0,0,0,0,0,0,0,0,0,Historiska data - ej angivet,,,2-2326,Berg (S),2-23,Jämtlands län (S),3,2016
V470313,,2016.08.08,Ja,2016.08.08,,,Får,,Gotlandsfår,,2016.08.07,2016.08.08,Nej,Fredat vilt,Varg,,Bete innanför stängsel,Fältkontroll - LST,Bedömd som säker,2-1763,Klingermyren,6624738,1373531,6621457,418854,6624738,1373531,RT90,Mycket bra,2016.08.09,Nej,,Ja,2017.12.18,2016.11.29,Maria Falkevik,0,0,0,0,0,0,1,0,0,0,0,0,0,0,0,0,0,0,0,0,0,0,0,0,0,0,0,0,0,0,0,Historiska data - ej angivet,,,2-1763,Forshaga (S),2-17,Värmlands län (S),1,2016
V470626,,2016.08.10,Ja,2016.08.10,,,Får,,,,2016.08.09,2016.08.10,Nej,Fredat vilt,Varg,,Bete utan stängsel,Fältkontroll - LST,Dokumenterad,2-1435,,6515751,296556,6515751,296556,6520458,1249889,WGS84-UTM Zon 33,Mindre bra,2016.08.10,Nej,,Ja,2017.12.18,2016.08.24,Jimmy Carlsson,0,0,0,0,0,0,1,0,0,0,0,0,0,1,0,0,0,0,0,0,0,0,0,0,0,0,0,0,0,0,0,Historiska data - ej angivet,,,2-1435,Tanum (S),2-14,Västra Götalands län (S),2,2016
V470679,,2016.08.15,Ja,2016.08.16,,,Får,,,,2016.08.14,2016.08.15,Nej,Fredat vilt,Varg,,Bete utan stängsel,Fältkontroll - LST,Dokumenterad,2-1435,,6517702,304230,6517702,304230,6522318,1257591,WGS84-UTM Zon 33,Mindre bra,2016.08.20,Nej,,Ja,2017.12.18,2016.08.23,Jimmy Carlsson,0,0,0,0,0,0,1,0,0,0,0,0,0,0,0,0,0,0,0,0,0,0,0,0,0,0,0,0,0,0,0,Historiska data - ej angivet,,,2-1435,Tanum (S),2-14,Västra Götalands län (S),1,2016
V470600,,2016.08.16,Ja,2016.08.16,,,Får,,,,2016.08.16,2016.08.16,Nej,Fredat vilt,Varg,,Bete med rovdjursavvisande stängsel,Fältkontroll - LST,Bedömd som säker,2-1884,Timanshyttan,6608799,492646,6608799,492646,6611178,1447199,WGS84-UTM Zon 33,Exakt,2016.08.16,Nej,,Ja,2017.12.18,2016.08.16,Per Ahlqvist,6,0,0,0,0,0,0,0,0,0,2,0,0,0,0,0,0,0,0,0,0,0,0,0,0,0,0,0,0,0,0,Historiska data - ej angivet,,,2-1884,Nora (S),2-18,Örebro län (S),8,2016
V470627,,2016.08.16,Ja,2016.08.16,,,Får,,,,2016.08.15,2016.08.16,Nej,Fredat vilt,Varg,,Bete innanför stängsel,Fältkontroll - LST,Dokumenterad,2-1435,,6518361,304474,6518361,304474,6522974,1257844,WGS84-UTM Zon 33,Mindre bra,2016.08.16,Nej,,Ja,2017.12.18,2016.08.23,Jimmy Carlsson,1,0,0,0,0,0,2,0,0,0,0,0,0,0,0,0,0,0,0,0,0,0,0,0,0,0,0,0,0,0,0,Historiska data - ej angivet,,,2-1435,Tanum (S),2-14,Västra Götalands län (S),3,2016
V470680,,2016.08.18,Ja,2016.08.19,,,Får,,,,2016.08.17,2016.08.18,Nej,Fredat vilt,Varg,,Bete utan stängsel,Fältkontroll - LST,Dokumenterad,2-1435,,6517665,304251,6517665,304251,6522281,1257612,WGS84-UTM Zon 33,Mindre bra,2016.08.19,Nej,,Ja,2017.12.18,2016.08.23,Jimmy Carlsson,0,0,0,0,0,0,1,0,0,0,0,0,0,0,0,0,0,0,0,0,0,0,0,0,0,0,1,0,0,0,0,Historiska data - ej angivet,,,2-1435,Tanum (S),2-14,Västra Götalands län (S),2,2016
V470820,,2016.08.20,Ja,,,,Får,,Gotlandsfår,,2016.08.20,2016.08.20,Nej,Fredat vilt,Varg,,Bete utan stängsel,Fältkontroll - LST,Dokumenterad,2-2039,Billingbodarna fäbod Älvdalens kommun,6796178,1371626,6792771,414851,6796178,1371626,RT90,Exakt,2016.08.21,Nej,,Ja,2017.12.18,2016.08.24,Lars-Axel Magnusson,0,0,0,0,0,0,1,0,0,0,0,0,0,0,0,0,0,0,0,0,0,0,0,0,0,0,0,0,0,0,0,Historiska data - ej angivet,,,2-2039,Älvdalen (S),2-20,Dalarnas län (S),1,2016
V472142,,2016.08.20,Ja,2016.08.20,,,Får,,Köttraskorsningar,,2016.08.19,2016.08.20,Nej,Fredat vilt,Varg,,Bete innanför stängsel,Fältkontroll - LST,Dokumenterad,2-0181,Molstabergs säteri,6551117,1589563,6550486,635675,6551117,1589563,RT90,Exakt,2016.10.12,Nej,,Ja,2017.12.18,2017.01.20,Arne Söderberg,5,0,0,0,0,0,0,0,0,0,3,0,0,0,0,0,0,0,0,0,0,0,0,0,0,0,0,0,0,0,0,Historiska data - ej angivet,,,2-0181,Södertälje (S),2-01,Stockholms län (S),8,2016
V470830,,2016.08.22,Ja,2016.08.22,,,Får,,Köttraskorsningar,,2016.08.21,2016.08.22,Nej,Fredat vilt,Varg,,Bete utan stängsel,Fältkontroll - LST,Bedömd som säker,2-1814,Västkärr,6554781,1439667,6552340,485801,6554781,1439667,RT90,Mindre bra,2016.08.22,Nej,,Ja,2017.12.18,2016.08.26,David Höök,2,2,0,4,0,0,6,0,0,0,0,0,0,0,0,0,0,0,0,0,0,0,0,0,0,0,0,0,0,0,0,Historiska data - ej angivet,,,2-1814,Lekeberg (S),2-18,Örebro län (S),14,2016
V470862,UI405622 G165-15 V595,2016.08.22,Ja,2016.08.23,,,Får,,Annan,Värmländskt skogsfår,2016.08.21,2016.08.22,Nej,Fredat vilt,Varg,,Bete utan stängsel,Fältkontroll - LST,Bedömd som säker,2-2062,Mattsäls fäbod,6752596,433579,6752596,433579,6755755,1389867,SWEREF99 TM,Mycket bra,2016.08.25,Nej,,Ja,2017.12.18,2016.08.29,Fredrik Perols,1,0,0,0,0,0,1,0,0,0,1,0,0,0,0,0,0,0,0,0,0,0,0,0,0,0,0,0,0,0,0,Historiska data - ej angivet,,,2-2062,Mora (S),2-20,Dalarnas län (S),3,2016
V470924,,2016.08.25,Ja,2016.08.25,,,Får,,Texel,,2016.08.23,2016.08.25,Nej,Fredat vilt,Varg,,Bete utan stängsel,Fältkontroll - LST,Dokumenterad,2-2182,Järnnäs,6815935,1549020,6814708,591913,6815935,1549020,RT90,Exakt,2016.08.26,Nej,,Ja,2017.12.18,2016.08.26,Sone Persson,0,0,0,0,0,0,0,1,0,0,0,0,0,0,0,0,0,0,0,0,0,0,0,0,0,0,0,0,0,0,0,Historiska data - ej angivet,,,2-2182,Söderhamn (S),2-21,Gävleborgs län (S),1,2016
V471092,,2016.08.29,Ja,2016.08.29,,,Får,,Annan,finull/blandras,2016.08.28,2016.08.29,Nej,Fredat vilt,Varg,,Bete innanför stängsel,Fältkontroll - LST,Dokumenterad,2-0765,Knihult,6270024,1419727,6267496,469261,6270024,1419727,RT90,Exakt,2016.08.31,Nej,,Ja,2017.12.18,2016.09.11,Lasse Carlsson,10,0,0,0,0,0,5,0,0,0,3,0,0,0,0,0,1,0,0,0,0,0,0,0,0,0,0,0,0,0,0,Historiska data - ej angivet,,,2-0765,Älmhult (S),2-07,Kronobergs län (S),19,2016
V471315,"UI405654 G11-16, UI405067 G64-15",2016.09.06,Ja,2016.09.06,,,Får,,Finullsfår,,2016.09.05,2016.09.06,Nej,Fredat vilt,Varg,,Bete innanför stängsel,Fältkontroll - LST,Dokumenterad,2-1764,Väckelsön,6590864,1336546,6587155,382303,6590864,1336546,RT90,Mycket bra,2016.09.06,Nej,,Ja,2017.12.18,2016.09.11,Elisabeth Hansson,15,17,0,0,0,0,33,0,0,0,0,0,0,0,0,0,0,0,0,0,3,0,0,0,0,0,0,0,0,0,0,Historiska data - ej angivet,,,2-1764,Grums (S),2-17,Värmlands län (S),68,2016
V471438,,2016.09.10,Ja,2016.09.10,,,Får,,Finullsfår,,2016.09.09,2016.09.10,Nej,Fredat vilt,Varg,,Bete innanför stängsel,Fältkontroll - LST,Dokumenterad,2-1780,Sundängarna,6622881,1379094,6619668,424437,6622881,1379094,RT90,Mycket bra,2016.09.10,Nej,,Ja,2017.12.18,2016.10.27,David Höök,0,0,0,0,0,0,7,0,0,0,0,0,0,0,0,0,3,0,0,0,0,0,0,0,0,0,0,0,0,0,0,Historiska data - ej angivet,,,2-1780,Karlstad (S),2-17,Värmlands län (S),10,2016
V471528,,2016.09.11,Ja,2016.09.11,,,Får,,,,2016.09.10,2016.09.11,Nej,Fredat vilt,Varg,,Bete innanför stängsel,Fältkontroll - LST,Dokumenterad,2-0685,Steninge,6370800,1449050,6368565,497380,6370800,1449050,RT90,Mycket bra,2016.09.11,Nej,,Ja,2017.12.18,2016.09.14,Anders Gunnarsson,0,0,0,0,0,0,4,0,0,0,0,0,0,0,0,0,3,0,0,0,0,0,0,0,0,0,0,0,0,0,0,Historiska data - ej angivet,,,2-0685,Vetlanda (S),2-06,Jönköpings län (S),7,2016
V471864,,2016.09.27,Ja,2016.09.27,,,Får,,Köttraskorsningar,,2016.09.23,2016.09.27,Ja,Fredat vilt,Varg,,Bete innanför stängsel,Fältkontroll - LST,Bedömd som säker,2-1814,Bålby,6555668,1435933,6553181,482058,6555668,1435933,RT90,Mindre bra,2016.09.28,Nej,,Ja,2017.12.18,2016.09.29,William Lundin,0,0,0,0,0,0,1,0,0,0,0,0,0,0,0,0,0,0,0,0,0,0,0,0,3,0,4,0,0,0,0,Historiska data - ej angivet,,,2-1814,Lekeberg (S),2-18,Örebro län (S),8,2016
V471912,,2016.09.28,Ja,2016.09.28,,,Får,,Annan,Blandras,2016.09.27,2016.09.28,Nej,Fredat vilt,Varg,,Bete innanför stängsel,Fältkontroll - LST,Bedömd som säker,2-2080,Östansjö,6737445,1507190,6735737,551067,6737445,1507190,RT90,Mycket bra,2016.10.01,Nej,,Ja,2017.12.18,2016.10.06,Bert Eriksson,1,0,0,1,0,0,0,0,0,0,0,0,0,0,0,0,0,0,0,0,0,0,0,0,0,0,0,0,0,0,0,Historiska data - ej angivet,,,2-2080,Falun (S),2-20,Dalarnas län (S),2,2016
V471913,,2016.09.29,Ja,2016.09.29,,,Får,,Annan,Blandras,2016.09.28,2016.09.29,Nej,Fredat vilt,Varg,,Bete innanför stängsel,Fältkontroll - LST,Bedömd som säker,2-2080,Östansjö,6737624,1507649,6735921,551524,6737624,1507649,RT90,Mycket bra,2016.10.01,Nej,,Ja,2017.12.18,2016.10.01,Bert Eriksson,0,0,0,1,0,0,0,0,0,0,0,0,0,0,0,0,0,0,0,0,0,0,0,0,0,0,0,0,0,0,0,Historiska data - ej angivet,,,2-2080,Falun (S),2-20,Dalarnas län (S),1,2016
V472022,,2016.09.30,Ja,2016.10.01,,,Får,,,,2016.09.30,2016.09.30,Nej,Fredat vilt,Varg,,Bete innanför stängsel,Fältkontroll - LST,Dokumenterad,2-2080,Österkvarn,6736345,1509397,6734665,553287,6736345,1509397,RT90,Mycket bra,2016.10.04,Nej,,Ja,2017.12.18,2016.10.04,Hans-Olov Hansson,0,0,0,0,0,0,3,0,0,0,0,0,0,0,0,0,2,0,0,0,0,0,0,0,0,0,0,0,0,0,0,Historiska data - ej angivet,,,2-2080,Falun (S),2-20,Dalarnas län (S),5,2016
V472045,,2016.10.02,Ja,2016.10.03,,,Får,,,,2016.10.01,2016.10.02,Nej,Fredat vilt,Varg,,Bete utan stängsel,Fältkontroll - LST,Dokumenterad,2-2480,Grannäs,7119241,743052,7119241,743052,7118630,1704001,SWEREF99 TM,Exakt,2016.10.05,Nej,,Ja,2017.12.18,2016.10.05,Ulf Eskilsson,0,0,0,0,0,0,2,0,0,0,0,0,0,0,0,0,0,0,0,0,0,0,0,0,0,0,0,0,0,0,0,Historiska data - ej angivet,,,2-2480,Umeå (S),2-24,Västerbottens län (S),2,2016
V472046,,2016.10.02,Ja,2016.10.03,,,Får,,,,2016.10.01,2016.10.02,Nej,Fredat vilt,Varg,,Bete utan stängsel,Fältkontroll - LST,Dokumenterad,2-2480,Grannäs,7119241,743052,7119241,743052,7118630,1704001,SWEREF99 TM,Exakt,2016.10.05,Nej,,Ja,2017.12.18,2016.10.05,Ulf Eskilsson,0,0,0,0,0,0,2,0,0,0,0,0,0,0,0,0,0,0,0,0,0,0,0,0,0,0,0,0,0,0,0,Historiska data - ej angivet,,,2-2480,Umeå (S),2-24,Västerbottens län (S),2,2016
V472238,,2016.10.18,Ja,2016.10.18,,,Får,,Köttraskorsningar,,2016.10.17,2016.10.18,Nej,Fredat vilt,Varg,,Bete innanför stängsel,Fältkontroll - LST,Dokumenterad,2-1381,Göstorp,6276165,1335177,6272641,384689,6276165,1335177,RT90,Mycket bra,2016.10.18,Nej,,Ja,2017.12.18,2017.08.31,Martin Broberg,1,0,0,0,0,0,1,0,0,0,1,0,0,0,0,0,1,0,0,0,0,0,0,0,0,0,0,0,0,0,0,Historiska data - ej angivet,,,2-1381,Laholm (S),2-13,Hallands län (S),4,2016
V472245,UI405721 G76-16 V611,2016.10.18,Ja,2016.10.18,,,Får,,Köttraskorsningar,,2016.10.17,2016.10.18,Nej,Fredat vilt,Varg,,Bete med rovdjursavvisande stängsel,Fältkontroll - LST,Dokumenterad,2-2029,Höbby,6718255,498348,6718255,498348,6720604,1454239,SWEREF99 TM,Exakt,2016.10.19,Nej,,Ja,2017.12.18,2016.10.19,Fredrik Perols,0,2,0,0,0,0,0,0,0,0,0,0,0,0,0,0,0,0,0,0,0,0,0,0,0,0,0,0,0,0,0,Historiska data - ej angivet,,,2-2029,Leksand (S),2-20,Dalarnas län (S),2,2016
V472266,,2016.10.19,Ja,2016.10.19,,,Får,,,,2016.10.18,2016.10.19,Nej,Fredat vilt,Varg,,Bete innanför stängsel,Fältkontroll - LST,Dokumenterad,2-1401,Hårskeröd,6395448,1279202,6391182,327343,6395448,1279202,RT90,Exakt,2016.10.19,Nej,,Ja,2017.12.18,2016.11.01,Jimmy Carlsson,1,0,0,0,0,0,0,0,0,0,0,0,0,0,0,0,0,0,0,0,0,0,0,0,0,0,0,0,0,0,0,Historiska data - ej angivet,,,2-1401,Härryda (S),2-14,Västra Götalands län (S),1,2016
V472310,,2016.10.21,Ja,2016.10.21,,,Får,,Annan,Bland,2016.10.20,2016.10.21,Nej,Fredat vilt,Varg,,Bete innanför stängsel,Fältkontroll - LST,Bedömd som säker,2-2031,Blecket,6752995,514898,6752995,514898,6755153,1471221,SWEREF99 TM,Mycket bra,2016.10.25,Nej,,Ja,2017.12.18,2016.10.25,Sven Arnvind,0,5,0,0,0,0,0,0,0,0,0,4,0,0,0,0,0,0,0,0,0,0,0,0,0,0,0,0,0,0,0,Historiska data - ej angivet,,,2-2031,Rättvik (S),2-20,Dalarnas län (S),9,2016
V472707,,2016.12.25,Ja,2016.12.25,,,Får,,Annan,Åsenfår,2016.12.24,2016.12.25,Nej,Fredat vilt,Varg,,Bete innanför stängsel,Fältkontroll - LST,Dokumenterad,2-1814,Kälkesta,6564573,1445496,6562197,491508,6564573,1445496,RT90,Mycket bra,2016.12.25,Nej,,Ja,2017.12.18,2016.12.25,Kjell Johansson,0,0,0,0,0,0,1,0,0,0,0,0,0,0,0,0,0,0,0,0,0,0,0,0,0,0,0,0,0,0,0,Historiska data - ej angivet,,,2-1814,Lekeberg (S),2-18,Örebro län (S),1,2016
V474646,,2017.04.13,Ja,2017.04.13,,,Får,,,,2017.04.12,2017.04.13,Nej,Fredat vilt,Varg,,Bete innanför stängsel,Fältkontroll - LST,Bedömd som säker,2-1781,Kolerud sö Bäckhammar.,6550247,457060,6550247,457060,6553035,1410890,SWEREF99 TM,Mycket bra,2017.04.14,Nej,,Nej,,2017.04.18,Urban Mossberg,0,0,0,0,0,0,1,0,0,0,0,0,0,0,0,0,0,0,0,0,0,0,0,0,0,0,0,0,0,0,0,Historiska data - ej angivet,,,2-1781,Kristinehamn (S),2-17,Värmlands län (S),1,2017
V474653,,2017.04.15,Ja,2017.04.15,,,Får,,,,2017.04.15,2017.04.15,Nej,Fredat vilt,Varg,,Bete innanför stängsel,Fältkontroll - LST,Bedömd som säker,2-1766,"4 km söder om Lysvik, Strandvik.",6649580,396500,6649580,396500,6653147,1351509,SWEREF99 TM,Mycket bra,2017.04.16,Nej,,Nej,,2017.04.18,Urban Mossberg,0,0,0,0,0,0,0,0,0,0,0,0,0,0,0,0,1,0,0,0,0,0,0,0,0,0,0,0,0,0,0,Historiska data - ej angivet,,,2-1766,Sunne (S),2-17,Värmlands län (S),1,2017
V474666,,2017.04.16,Ja,2017.04.17,,,Får,,,,2017.04.16,2017.04.16,Nej,Fredat vilt,Varg,,Bete innanför stängsel,Fältkontroll - LST,Bedömd som säker,2-1766,Gällserud,6656490,397020,6656490,397020,6660054,1352114,SWEREF99 TM,Mycket bra,2017.04.18,Nej,,Nej,,2017.04.18,Urban Mossberg,0,0,0,0,0,0,0,0,0,0,0,0,0,0,0,0,0,0,0,0,1,0,0,0,0,0,0,0,0,0,0,Historiska data - ej angivet,,,2-1766,Sunne (S),2-17,Värmlands län (S),1,2017
V475054,,2017.05.08,Ja,2017.05.08,,,Får,,Annan,Gutefår,2017.05.08,2017.05.08,Nej,Fredat vilt,Varg,,Bete innanför stängsel,Fältkontroll - LST,Dokumenterad,2-1730,Lilla Hög Backa,6642389,1307252,6638290,352402,6642389,1307252,RT90,Exakt,2017.05.09,Nej,,Nej,,2017.06.11,Elisabeth Hansson,0,0,0,0,1,0,0,2,0,0,0,0,0,0,0,0,0,0,0,0,0,0,0,0,0,0,0,0,0,0,0,Historiska data - ej angivet,,,2-1730,Eda (S),2-17,Värmlands län (S),3,2017
V475113,,2017.05.11,Ja,2017.05.12,,,Får,,Annan,Blandras,2017.05.11,2017.05.11,Nej,Fredat vilt,Varg,,Bete innanför stängsel,Fältkontroll - LST,Dokumenterad,2-0488,Hunga Södergård 2,6534550,1598950,6534038,645259,6534550,1598950,RT90,Exakt,2017.05.12,Nej,,Nej,,2017.05.15,Lovisa Häggström,1,0,0,0,0,0,0,0,0,0,0,0,0,0,0,0,0,0,0,0,0,0,0,0,0,0,0,0,0,0,0,Historiska data - ej angivet,,,2-0488,Trosa (S),2-04,Södermanlands län (S),1,2017
V475289,,2017.05.20,Ja,2017.05.21,,,Får,,,,2017.05.19,2017.05.20,Ja,Fredat vilt,Varg,,Bete innanför stängsel,Fältkontroll - LST,Bedömd som säker,2-1784,Bortan Nystuga,6650150,1315995,6646153,361045,6650150,1315995,RT90,Mycket bra,2017.05.22,Nej,,Nej,,2017.05.31,Urban Mossberg,2,0,0,0,0,0,5,1,0,0,0,1,0,0,0,0,0,0,0,0,3,0,0,0,0,0,2,0,0,0,0,Historiska data - ej angivet,,,2-1784,Arvika (S),2-17,Värmlands län (S),14,2017
V475884,,2017.06.06,Ja,2017.06.06,,,Får,,Annan,Gute,2017.06.05,2017.06.06,Nej,Fredat vilt,Varg,,Bete innanför stängsel,Fältkontroll - LST,Dokumenterad,2-0181,Kvedesta gård,6559507,1603488,6559042,649494,6559507,1603488,RT90,Mycket bra,2017.06.09,Nej,,Nej,,2017.06.09,Mikael Fransson,1,0,0,0,0,0,1,0,0,0,0,0,0,0,0,0,0,0,0,0,0,0,0,0,0,0,0,0,0,0,0,Historiska data - ej angivet,,,2-0181,Södertälje (S),2-01,Stockholms län (S),2,2017
V476040,,2017.06.15,Ja,2017.06.15,,,Får,,Köttraskorsningar,,2017.06.14,2017.06.15,Nej,Fredat vilt,Varg,,Bete innanför stängsel,Fältkontroll - LST,Dokumenterad,2-2084,Knallesbenning 48,6671037,559418,6671037,559418,6672624,1514751,SWEREF99 TM,Exakt,2017.06.15,Nej,,Nej,,2017.06.15,Sven Arnvind,10,3,0,6,0,0,1,0,0,0,5,0,0,0,0,0,0,0,0,0,0,0,0,0,0,0,0,0,0,0,0,Historiska data - ej angivet,,,2-2084,Avesta (S),2-20,Dalarnas län (S),25,2017
V476087,,2017.06.17,Ja,2017.06.17,,,Får,,Köttraskorsningar,,2017.06.16,2017.06.17,Nej,Fredat vilt,Varg,,Bete innanför stängsel,Fältkontroll - LST,Bedömd som säker,2-0331,Åby,6668954,1565776,6667991,610467,6668954,1565776,RT90,Exakt,2017.06.17,Nej,,Nej,,2017.06.19,Sebastian Olofsson,0,1,0,0,0,0,0,0,0,0,0,0,0,0,0,0,0,0,0,0,0,0,0,0,0,0,0,0,0,0,0,Historiska data - ej angivet,,,2-0331,Heby (S),2-03,Uppsala län (S),1,2017
V476183,UI405799 G96-16,2017.06.17,Ja,2017.06.17,,,Får,,Finullsfår,,2017.06.16,2017.06.17,Nej,Fredat vilt,Varg,,Bete innanför stängsel,Fältkontroll - LST,Dokumenterad,2-2181,"Storvik, Norrgårds, Bro",6719494,582074,6719494,582074,6720817,1538006,SWEREF99 TM,Mycket bra,2017.06.21,Nej,,Nej,,2017.06.21,Göran Vesslen,0,0,0,0,0,0,4,0,0,0,0,0,0,0,0,0,2,0,0,0,0,0,0,0,0,0,0,0,0,0,0,Historiska data - ej angivet,,,2-2181,Sandviken (S),2-21,Gävleborgs län (S),6,2017
V476261,,2017.06.24,Ja,2017.06.24,,,Får,,Köttraskorsningar,,2017.06.18,2017.06.21,Nej,Fredat vilt,Varg,,Bete innanför stängsel,Fältkontroll - LST,Dokumenterad,2-1382,,6352419,1323640,6348709,372261,6352419,1323640,RT90,Mycket bra,2017.06.24,Nej,,Nej,,2017.07.17,Martin Broberg,2,1,0,0,0,0,3,0,0,0,0,0,0,0,0,0,0,0,0,0,0,0,0,0,0,0,0,0,0,0,0,Historiska data - ej angivet,,,2-1382,Falkenberg (S),2-13,Hallands län (S),6,2017
V476947,,2017.07.13,Ja,2017.07.15,,,Får,,,,2017.07.12,2017.07.13,Nej,Fredat vilt,Varg,,Bete innanför stängsel,Fältkontroll - LST,Bedömd som säker,2-1465,Mårdaklev,6350890,1330637,6347264,379271,6350890,1330637,RT90,Mycket bra,2017.07.15,Nej,,Nej,,2017.07.15,Bertil Andersson,1,0,0,0,0,0,0,0,0,0,0,0,0,0,0,0,0,0,0,0,0,0,0,0,0,0,0,0,0,0,0,Historiska data - ej angivet,,,2-1465,Svenljunga (S),2-14,Västra Götalands län (S),1,2017
V477360,,2017.07.29,Ja,2017.07.29,,,Får,,Rya,,2017.07.29,2017.07.29,Nej,Fredat vilt,Varg,,Bete utan stängsel,Fältkontroll - LST,Dokumenterad,2-2034,V Gruneberg,6774976,1446936,6772509,490381,6774976,1446936,RT90,Mycket bra,2017.07.30,Nej,,Nej,,2017.07.31,Jan Tisak,0,0,0,1,0,0,3,0,0,0,0,0,0,0,0,0,0,0,0,0,2,7,0,2,0,0,3,0,0,0,0,Historiska data - ej angivet,,,2-2034,Orsa (S),2-20,Dalarnas län (S),18,2017
V477499,UI407921 G161-17,2017.08.01,Ja,2017.08.01,,,Får,,,,2017.08.01,2017.08.01,Nej,Fredat vilt,Varg,,Bete innanför stängsel,Fältkontroll - LST,Dokumenterad,2-2062,Risa i Mora ,6770392,1437884,6767816,481390,6770392,1437884,RT90,Mycket bra,2017.08.02,Nej,,Nej,,2017.08.03,Jan Tisak,0,0,0,0,0,0,6,0,0,0,0,0,0,0,0,0,0,0,0,0,0,0,0,0,0,0,0,0,0,0,0,Historiska data - ej angivet,,,2-2062,Mora (S),2-20,Dalarnas län (S),6,2017
V477528,,2017.08.02,Ja,2017.08.03,,,Får,,Köttraskorsningar,,2017.08.01,2017.08.02,Nej,Fredat vilt,Varg,,Bete utan stängsel,Fältkontroll - LST,Dokumenterad,2-1438,Nössemark,6560017,1269814,6555521,315989,6560017,1269814,RT90,Mycket bra,2017.08.03,Nej,,Nej,,2017.08.03,Bertil Andersson,0,2,0,0,0,0,0,0,0,0,0,0,0,0,0,0,0,0,0,0,0,1,0,0,0,0,0,1,0,0,0,Historiska data - ej angivet,,,2-1438,Dals-Ed (S),2-14,Västra Götalands län (S),4,2017
V477856,,2017.08.15,Ja,2017.08.15,,,Får,,Annan,Värmlandsfår,2017.08.13,2017.08.15,Nej,Fredat vilt,Varg,,Bete innanför stängsel,Fältkontroll - LST,Dokumenterad,2-0765,"Amundshylte, Häradsbäck",6265785,1424213,6263312,473795,6265785,1424213,RT90,Exakt,2017.08.16,Nej,,Nej,,2017.09.05,Elin Åkelius,0,0,0,0,0,0,5,0,0,0,0,0,0,0,0,0,0,0,0,0,0,0,0,0,0,0,3,0,0,0,0,Historiska data - ej angivet,,,2-0765,Älmhult (S),2-07,Kronobergs län (S),8,2017
V477923,,2017.08.15,Ja,2017.08.16,,,Får,,Köttraskorsningar,,2017.08.11,2017.08.14,Nej,Fredat vilt,Varg,,Bete innanför stängsel,Fältkontroll - LST,Bedömd som säker,2-0360,kvarnbo Hållnäs,6711406,661265,6711406,661265,6711756,1617116,SWEREF99 TM,Mycket bra,2017.08.17,Nej,,Nej,,2017.08.17,Per Blomkvist,0,0,0,0,0,0,5,0,0,0,0,0,0,0,0,0,0,0,0,0,0,0,0,0,0,0,0,0,0,0,0,Historiska data - ej angivet,,,2-0360,Tierp (S),2-03,Uppsala län (S),5,2017
V477963,,2017.08.15,Ja,2017.08.16,,,Får,,Annan,Blandras,2017.08.12,2017.08.15,Nej,Fredat vilt,Varg,,Bete utan stängsel,Fältkontroll - LST,Bedömd som säker,2-2031,Gisslarandershuset / Gulleråsen,6772213,1464646,6769966,508116,6772213,1464646,RT90,Mycket bra,2017.08.18,Nej,,Nej,,2017.08.18,Bert Eriksson,1,1,0,0,0,0,2,0,0,0,0,0,0,0,0,0,0,0,0,0,0,0,0,0,0,0,0,0,0,0,0,Historiska data - ej angivet,,,2-2031,Rättvik (S),2-20,Dalarnas län (S),4,2017
V478054,,2017.08.18,Ja,2017.08.18,,,Får,,Texel,,2017.08.15,2017.08.17,Nej,Fredat vilt,Varg,,Bete innanför stängsel,Fältkontroll - LST,Dokumenterad,2-0580,Högsätter,6489888,530706,6489888,530706,6491767,1483836,SWEREF99 TM,Mindre bra,2017.08.20,Nej,,Nej,,2017.10.13,Mia Kjällander,2,1,0,0,0,0,1,0,0,0,0,0,0,0,0,0,0,0,0,0,0,0,0,0,0,0,0,0,0,0,0,Historiska data - ej angivet,,,2-0580,Linköping (S),2-05,Östergötlands län (S),4,2017
V478048,,2017.08.20,Ja,2017.08.20,,,Får,,Spel,,2017.08.18,2017.08.19,Ja,Fredat vilt,Varg,,Bete innanför stängsel,Fältkontroll - LST,Bedömd som säker,2-1766,Bössviken,6619503,1357901,6616035,403297,6619503,1357901,RT90,Mycket bra,2017.08.20,Nej,,Nej,,2017.08.21,Urban Mossberg,0,0,0,0,0,0,1,0,0,0,0,0,0,0,0,0,0,0,0,0,0,0,0,0,0,0,0,0,0,0,0,Historiska data - ej angivet,,,2-1766,Sunne (S),2-17,Värmlands län (S),1,2017
V478219,,2017.08.22,Ja,2017.08.22,,,Får,,Annan,Blandras,2017.08.21,2017.08.22,Nej,Fredat vilt,Varg,,Bete utan stängsel,Fältkontroll - LST,Bedömd som säker,2-2031,Gisslarandershuset fäbod / Gulleråsen,6772149,1464620,6769901,508091,6772149,1464620,RT90,Mycket bra,2017.08.24,Nej,,Nej,,2017.08.24,Bert Eriksson,0,1,0,0,0,0,2,0,0,0,0,0,0,0,0,0,0,0,0,0,0,0,0,0,0,0,0,0,0,0,0,Historiska data - ej angivet,,,2-2031,Rättvik (S),2-20,Dalarnas län (S),3,2017
V478344,,2017.08.25,Ja,2017.08.26,,,Får,,Annan,Suffolk,2017.08.24,2017.08.25,Nej,Fredat vilt,Varg,,Bete innanför stängsel,Fältkontroll - LST,Bedömd som säker,2-1463,Åsen Örby,6367859,363905,6367859,363905,6371678,1315507,SWEREF99 TM,Exakt,2017.08.28,Nej,,Nej,,2017.09.11,Nelly Grönberg,1,0,0,0,0,0,0,0,0,0,0,0,0,0,0,0,0,0,0,0,0,0,0,0,0,0,0,0,0,0,0,Historiska data - ej angivet,,,2-1463,Mark (S),2-14,Västra Götalands län (S),1,2017
V478332,,2017.08.26,Ja,2017.08.26,,,Får,,Köttraskorsningar,,2017.08.25,2017.08.26,Nej,Fredat vilt,Varg,,Bete innanför stängsel,Fältkontroll - LST,Bedömd som säker,2-1730,Häljeboda,6652622,1311309,6648566,356332,6652622,1311309,RT90,Exakt,2017.08.26,Nej,,Nej,,2017.08.28,Maria Falkevik,0,1,0,0,0,0,0,0,0,0,0,0,0,0,0,0,0,0,0,0,0,0,0,0,0,0,0,0,0,0,0,Historiska data - ej angivet,,,2-1730,Eda (S),2-17,Värmlands län (S),1,2017
V479783,,2017.09.03,Ja,2017.09.03,,,Får,,Annan,Vet ej,2017.09.03,2017.09.03,Nej,Fredat vilt,Varg,,Bete innanför stängsel,Fältkontroll - LST,Dokumenterad,2-0136,,6563154,1639150,6563119,685101,6563154,1639150,RT90,Mindre bra,2017.11.06,Nej,,Nej,,2017.11.06,Mikael Fransson,0,3,0,0,0,0,0,0,0,0,0,0,0,0,0,0,0,0,0,0,0,0,0,0,0,0,0,0,0,0,0,Historiska data - ej angivet,,,2-0136,Haninge (S),2-01,Stockholms län (S),3,2017
V479618,UI406140 G169-16 V645 +,2017.09.10,Ja,2017.09.10,,,Får,,,,2017.09.09,2017.09.10,Nej,Fredat vilt,Varg,,Bete innanför stängsel,Fältkontroll - LST,Dokumenterad,2-0115,Lilla Benhamra,6612780,1636553,6612698,681903,6612780,1636553,RT90,Exakt,2017.10.26,Nej,,Nej,,2017.10.26,Arne Söderberg,1,0,0,0,0,0,5,0,0,0,0,0,0,0,0,0,0,0,0,0,0,0,0,0,0,0,0,0,0,0,0,Historiska data - ej angivet,,,2-0115,Vallentuna (S),2-01,Stockholms län (S),6,2017
V478770,,2017.09.11,Ja,2017.09.12,,,Får,,Finullsfår,,2017.09.11,2017.09.11,Nej,Fredat vilt,Varg,,Bete innanför stängsel,Fältkontroll - LST,Bedömd som säker,2-1730,Ingelsrud,6652584,1311325,6648528,356349,6652584,1311325,RT90,Mycket bra,2017.09.12,Nej,,Nej,,2017.09.13,Elisabeth Hansson,0,1,0,0,0,0,0,0,0,0,0,0,0,0,0,0,0,0,0,0,0,0,0,0,0,0,0,0,0,0,0,Historiska data - ej angivet,,,2-1730,Eda (S),2-17,Värmlands län (S),1,2017
V478845,,2017.09.12,Ja,2017.09.12,,,Får,,Köttraskorsningar,,2017.09.11,2017.09.12,Nej,Fredat vilt,Varg,,Bete innanför stängsel,Fältkontroll - LST,Dokumenterad,2-1882,Lilla Berghult ,6528413,1434911,6525928,481365,6528413,1434911,RT90,Mycket bra,2017.09.15,Nej,,Nej,,2017.09.15,Per Ahlqvist,1,0,0,0,0,0,1,0,0,0,0,0,0,0,0,0,0,0,0,0,0,1,0,0,0,0,0,0,0,0,0,Historiska data - ej angivet,,,2-1882,Askersund (S),2-18,Örebro län (S),3,2017
V479620,,2017.09.26,Ja,2017.09.27,,,Får,,,,2017.09.26,2017.09.26,Nej,Fredat vilt,Varg,,Bete innanför stängsel,Fältkontroll - LST,Dokumenterad,2-0136,Beteby gård,6557103,1635873,6557030,681898,6557103,1635873,RT90,Exakt,2017.10.26,Nej,,Nej,,2017.10.26,Arne Söderberg,1,0,0,1,0,0,0,0,0,0,0,0,0,0,0,0,0,0,0,0,0,0,0,0,0,0,0,0,0,0,0,Historiska data - ej angivet,,,2-0136,Haninge (S),2-01,Stockholms län (S),2,2017
V479230,,2017.10.03,Ja,2017.10.03,,,Får,,,,2017.10.02,2017.10.03,Nej,Fredat vilt,Varg,,Bete innanför stängsel,Fältkontroll - LST,Bedömd som säker,2-1885,Morskoga Laggars,6621086,1474567,6619034,519880,6621086,1474567,RT90,Mindre bra,2017.10.04,Nej,,Nej,,2017.10.04,Gillis Persson,0,1,0,0,0,0,0,0,0,0,0,0,0,0,0,0,0,0,0,0,0,0,0,0,0,0,0,0,0,0,0,Historiska data - ej angivet,,,2-1885,Lindesberg (S),2-18,Örebro län (S),1,2017
V479337,,2017.10.11,Ja,2017.10.11,,,Får,,,,2017.10.10,2017.10.11,Nej,Fredat vilt,Varg,,Bete innanför stängsel,Fältkontroll - LST,Dokumenterad,2-0583,Örbäck,6489350,1470939,6487318,517844,6489350,1470939,RT90,Mindre bra,2017.10.12,Nej,,Nej,,2017.10.13,Mia Kjällander,2,0,0,0,0,0,7,0,0,0,0,0,0,0,0,0,0,0,0,0,0,0,0,0,0,0,0,0,0,0,0,Historiska data - ej angivet,,,2-0583,Motala (S),2-05,Östergötlands län (S),9,2017
V479660,,2017.10.28,Ja,2017.10.28,,,Får,,Annan,Shropchire (ovis aries),2017.10.27,2017.10.28,Nej,Fredat vilt,Varg,,Bete innanför stängsel,Fältkontroll - LST,Dokumenterad,2-0483,Högtorp Julita,6562385,1521884,6560933,567887,6562385,1521884,RT90,Exakt,2017.10.28,Nej,,Nej,,2018.04.06,Alf Lettesjö,0,0,1,2,0,0,0,0,0,0,0,0,0,0,0,0,0,0,0,0,0,0,0,0,0,0,0,0,0,0,0,Historiska data - ej angivet,,,2-0483,Katrineholm (S),2-04,Södermanlands län (S),3,2017
V479778,UI040702 G124-13,2017.11.03,Ja,2017.11.03,,,Får,,,,2017.11.02,2017.11.03,Nej,Fredat vilt,Varg,,Bete innanför stängsel,Fältkontroll - LST,Dokumenterad,2-2061,"Dalvik, Söderbärke",6656839,539334,6656839,539334,6658667,1494487,SWEREF99 TM,Exakt,2017.11.03,Nej,,Nej,,2017.11.03,Fredrik Perols,0,0,0,1,0,0,3,1,0,0,0,0,0,0,0,0,0,0,0,0,0,0,0,0,0,0,0,0,0,0,0,Historiska data - ej angivet,,,2-2061,Smedjebacken (S),2-20,Dalarnas län (S),5,2017
V479850,,2017.11.16,Ja,2017.11.16,,,Får,,Annan,Ungerskt skruvhornsfår,2017.11.15,2017.11.16,Nej,Fredat vilt,Varg,,Bete utan stängsel,Fältkontroll - LST,Dokumenterad,2-1730,Nyback,6647059,350380,6647059,350380,6651187,1305335,WGS84-UTM Zon 33,Mycket bra,2017.11.16,Nej,,Nej,,2017.11.18,Fredrik Wilde,0,0,0,0,0,0,0,1,0,0,0,0,0,0,0,0,0,0,0,0,0,0,0,0,0,0,0,0,0,0,0,Historiska data - ej angivet,,,2-1730,Eda (S),2-17,Värmlands län (S),1,2017
V479985,,2017.12.10,Ja,2017.12.12,,,Får,,Köttraskorsningar,,2017.12.09,2017.12.10,Nej,Fredat vilt,Varg,,Bete innanför stängsel,Fältkontroll - LST,Dokumenterad,2-2505,Grundträsk,7259235,699619,7259235,699619,7259196,1662346,SWEREF99 TM,Exakt,2017.12.12,Nej,,Nej,,2018.05.09,Pontus Lundberg,0,0,0,0,0,0,3,0,0,0,1,1,0,0,0,0,1,0,0,0,0,0,0,0,0,0,0,0,0,0,0,Historiska data - ej angivet,,,2-2505,Arvidsjaur (S),2-25,Norrbottens län (S),6,2017
V484654,,2017.12.24,Ja,2017.12.25,,,Får,,,,2017.12.23,2017.12.24,Nej,Fredat vilt,Varg,,Bete utan stängsel,Fältkontroll - LST,Bedömd som säker,2-1983,Hemlinge,6615313,1514816,6613752,560181,6615313,1514816,RT90,Mycket bra,2017.12.27,Nej,,Nej,,2017.12.27,Bertil Persson,0,0,0,0,0,0,1,0,0,0,0,0,0,0,0,0,0,0,0,0,0,0,0,0,0,0,0,0,0,0,0,Historiska data - ej angivet,,,2-1983,Köping (S),2-19,Västmanlands län (S),1,2017
V486374,,2018.05.02,Ja,2018.05.03,,,Får,,Texel,,2018.05.01,2018.05.02,Nej,Fredat vilt,Varg,,Bete innanför stängsel,Fältkontroll - LST,Dokumenterad,2-0181,Molstaberg,6550305,636012,6550305,636012,6550931,1589897,WGS84-UTM Zon 33,Mycket bra,2018.05.11,Nej,,Nej,,2018.05.11,Lovisa Häggström,0,0,0,0,0,0,41,0,0,0,0,0,0,0,0,0,0,0,0,0,0,0,0,0,0,0,0,0,0,0,0,Historiska data - ej angivet,,,2-0181,Södertälje (S),2-01,Stockholms län (S),41,2018
V486347,,2018.05.05,Ja,2018.05.05,,,Får,,Texel,,2018.05.04,2018.05.05,Nej,Fredat vilt,Varg,,Bete med rovdjursavvisande stängsel,Fältkontroll - LST,Dokumenterad,2-0181,Molstaberg,6550326,1589901,6549700,636023,6550326,1589901,RT90,Exakt,2018.05.08,Nej,,Nej,,2018.05.11,Max Israelsson,0,0,0,18,0,0,0,0,0,0,0,0,0,22,0,0,0,0,0,0,0,0,0,0,0,0,0,0,0,0,0,Historiska data - ej angivet,,,2-0181,Södertälje (S),2-01,Stockholms län (S),40,2018
V486361,,2018.05.08,Ja,2018.05.08,,,Får,,,,2018.05.07,2018.05.08,Nej,Fredat vilt,Varg,,Bete innanför stängsel,Fältkontroll - LST,Dokumenterad,2-2084,Knallasbenning,6672589,1515070,6671006,559737,6672589,1515070,RT90,Exakt,2018.05.08,Nej,,Nej,,2020.01.13,Fredrik Perols,0,0,0,0,0,0,10,0,0,0,0,0,0,0,0,0,0,0,0,0,0,0,0,0,0,0,0,0,0,0,0,Historiska data - ej angivet,,,2-2084,Avesta (S),2-20,Dalarnas län (S),10,2018
V486595,,2018.05.25,Ja,2018.05.25,,,Får,,Finullsfår,,2018.05.24,2018.05.25,Nej,Fredat vilt,Varg,,Bete innanför stängsel,Fältkontroll - LST,Dokumenterad,2-0617,Göhestra torp,6365171,1371065,6362015,419505,6365171,1371065,RT90,Mycket bra,2018.05.27,Nej,,Nej,,2018.10.26,Linda Andersson,1,0,0,0,0,0,0,0,0,0,0,0,0,0,0,0,0,0,0,0,0,0,0,0,0,0,0,0,0,0,0,Historiska data - ej angivet,,,2-0617,Gnosjö (S),2-06,Jönköpings län (S),1,2018
V487005,,2018.06.13,Ja,2018.06.13,,,Får,,,,2018.06.13,2018.06.13,Nej,Fredat vilt,Varg,,Bete innanför stängsel,Fältkontroll - LST,Bedömd som säker,2-2083,Nås 196 Hedemora,6678798,554417,6678798,554417,6680448,1509843,SWEREF99 TM,Mycket bra,2018.06.13,Nej,,Nej,,2018.06.13,Bert Eriksson,0,1,0,0,0,0,1,1,0,0,0,0,0,0,0,0,0,0,0,0,0,0,0,0,0,0,0,0,0,0,0,Historiska data - ej angivet,,,2-2083,Hedemora (S),2-20,Dalarnas län (S),3,2018
V487412,,2018.06.21,Ja,2018.06.21,,,Får,,,,2018.06.20,2018.06.21,Nej,Fredat vilt,Varg,,Bete innanför stängsel,Fältkontroll - LST,Dokumenterad,2-1764,Ståckåkers Gård,6583372,393110,6583372,393110,6586948,1347312,SWEREF99 TM,Mindre bra,2018.06.21,Nej,,Nej,,2018.06.25,David Höök,0,0,9,0,0,0,1,0,0,0,0,0,0,0,0,0,0,0,0,0,0,0,1,0,0,0,0,0,0,0,0,Historiska data - ej angivet,,,2-1764,Grums (S),2-17,Värmlands län (S),11,2018
V488188,,2018.07.22,Ja,2018.07.22,,,Får,,,,2018.07.21,2018.07.22,Nej,Fredat vilt,Varg,,Bete innanför stängsel,Fältkontroll - LST,Dokumenterad,2-1461,Upperud,6525120,1305874,6521083,352445,6525120,1305874,RT90,Mindre bra,2018.07.23,Nej,,Nej,,2018.07.30,Nelly Grönberg,0,0,0,0,0,0,2,0,0,0,0,0,0,0,0,0,3,0,0,0,0,0,0,0,0,0,1,0,0,0,0,Historiska data - ej angivet,,,2-1461,Mellerud (S),2-14,Västra Götalands län (S),6,2018
V488632,,2018.08.08,Ja,2018.08.09,,,Får,,Gotlandsfår,,2018.08.07,2018.08.08,Nej,Fredat vilt,Varg,,Bete innanför stängsel,Fältkontroll - LST,Dokumenterad,2-1491,Bokeberget,6407289,1354986,6403916,402936,6407289,1354986,RT90,Mindre bra,2018.08.10,Nej,,Nej,,2018.08.22,Nelly Grönberg,0,2,0,0,0,0,0,0,0,0,0,0,0,0,0,0,0,0,0,0,0,0,0,0,0,0,0,0,0,0,0,Historiska data - ej angivet,,,2-1491,Ulricehamn (S),2-14,Västra Götalands län (S),2,2018
V489171,,2018.08.27,Ja,2018.08.27,,,Får,,Köttraskorsningar,,2018.08.26,2018.08.27,Nej,Fredat vilt,Varg,,Bete med rovdjursavvisande stängsel,Fältkontroll - LST,Dokumenterad,2-1882,,6526895,489009,6526895,489009,6529288,1442570,WGS84-UTM Zon 33,Mindre bra,2018.08.29,Nej,,Nej,,2018.08.29,Per Ahlqvist,0,0,0,0,0,0,27,1,0,0,0,0,0,0,0,0,0,0,0,0,0,0,0,0,0,0,0,0,0,0,0,Historiska data - ej angivet,,,2-1882,Askersund (S),2-18,Örebro län (S),28,2018
V489231,,2018.08.31,Ja,2018.08.31,,,Får,,Finullsfår,,2018.08.31,2018.08.31,Nej,Fredat vilt,Varg,,Bete innanför stängsel,Fältkontroll - LST,Dokumenterad,2-2181,Kungsberget,6738587,1536495,6737238,580345,6738587,1536495,RT90,Exakt,2018.08.31,Nej,,Nej,,2018.11.15,Hans Nordin,0,0,0,0,0,0,0,1,0,0,0,0,0,0,0,0,0,0,0,0,0,0,0,0,0,0,0,0,0,0,0,Historiska data - ej angivet,,,2-2181,Sandviken (S),2-21,Gävleborgs län (S),1,2018
V489834,,2018.09.16,Ja,2018.09.16,,,Får,,Finullsfår,,2018.09.15,2018.09.16,Nej,Fredat vilt,Varg,,Bete innanför stängsel,Fältkontroll - LST,Dokumenterad,2-2181,Bro,6721006,1538199,6719685,582264,6721006,1538199,RT90,Mindre bra,2018.09.24,Nej,,Nej,,2018.11.15,Hans Nordin,0,0,0,0,3,0,0,0,0,0,0,0,0,0,0,0,0,0,0,0,0,0,0,0,0,0,0,0,0,0,0,Historiska data - ej angivet,,,2-2181,Sandviken (S),2-21,Gävleborgs län (S),3,2018
V490132,,2018.10.05,Ja,2018.10.05,,,Får,,,,2018.10.05,2018.10.05,Nej,Fredat vilt,Varg,,Bete innanför stängsel,Fältkontroll - LST,Dokumenterad,2-1981,"Bår 100, Möklinta",6663109,579837,6663109,579837,6664444,1535079,SWEREF99 TM,Mycket bra,2018.10.05,Nej,,Nej,,2018.10.11,Lena Jörgensen,0,0,0,0,0,0,1,0,0,0,0,0,0,0,0,0,0,0,0,0,0,0,0,0,0,0,0,0,0,0,0,Historiska data - ej angivet,,,2-1981,Sala (S),2-19,Västmanlands län (S),1,2018
V490199,,2018.10.14,Ja,2018.10.14,,,Får,,Annan,Gutefår,2018.10.11,2018.10.11,Nej,Fredat vilt,Varg,,Bete med rovdjursavvisande stängsel,Fältkontroll - LST,Dokumenterad,2-1760,Kväggen Väsby 1:8,6585113,458665,6585113,458665,6587896,1412917,WGS84-UTM Zon 33,Mycket bra,2018.10.14,Nej,,Nej,,2018.10.22,Margareta Åkerman,0,3,0,1,0,0,1,0,0,0,0,0,0,0,0,0,0,0,0,0,0,0,0,0,0,0,0,0,0,0,0,Historiska data - ej angivet,,,2-1760,Storfors (S),2-17,Värmlands län (S),5,2018
V490416,UI040473 G31-13,2018.10.24,Ja,2018.10.25,,,Får,,,,2018.10.23,2018.10.24,Nej,Fredat vilt,Varg,,Bete innanför stängsel,Fältkontroll - LST,Dokumenterad,2-1860,Skarbyholm 6,6542159,1435718,6539676,482006,6542159,1435718,RT90,Mindre bra,2018.10.26,Nej,,Nej,,2019.02.15,Per Ahlqvist,0,1,0,0,0,0,0,0,0,0,0,0,0,0,0,0,0,0,0,0,0,0,0,0,0,0,0,0,0,0,0,Historiska data - ej angivet,,,2-1860,Laxå (S),2-18,Örebro län (S),1,2018
V490563,,2018.11.03,Ja,2018.11.03,,,Får,,,,2018.11.02,2018.11.03,Nej,Fredat vilt,Varg,,Bete innanför stängsel,Fältkontroll - LST,Dokumenterad,2-0761,Ryd- Kosta,6300223,1471660,6298290,520813,6300223,1471660,RT90,Mindre bra,2018.11.05,Nej,,Nej,,2019.05.10,Elin Åkelius,3,0,0,0,0,0,0,0,0,0,0,0,0,0,0,0,0,0,0,0,1,0,0,0,0,0,0,0,0,0,0,Historiska data - ej angivet,,,2-0761,Lessebo (S),2-07,Kronobergs län (S),4,2018
V491818,UI404747 G123-14,2019.04.27,Ja,2019.04.27,,,Får,,,,2019.04.26,2019.04.27,Nej,Fredat vilt,Varg,,Bete innanför stängsel,Fältkontroll - LST,Dokumenterad,2-1882,Lilla Bergshult 466,6525948,481375,6525948,481375,6528433,1434921,SWEREF99 TM,Exakt,2019.04.27,Nej,,Nej,,2019.04.30,Pär Nilsson,0,0,0,0,0,0,2,0,0,0,0,0,0,0,0,0,0,0,0,0,1,0,0,0,0,0,0,0,0,0,0,Historiska data - ej angivet,,,2-1882,Askersund (S),2-18,Örebro län (S),3,2019
V491904,UI407912 G159-17,2019.05.06,Ja,2019.05.06,,,Får,,,,2019.05.05,2019.05.06,Nej,Fredat vilt,Varg,,Bete innanför stängsel,Fältkontroll - LST,Dokumenterad,2-0580,Högsäter,6492658,1483310,6490773,530170,6492658,1483310,RT90,Exakt,2019.05.06,Nej,,Nej,,2019.09.16,Mia Kjällander,0,6,0,1,0,0,1,0,0,0,0,0,0,0,0,0,0,0,0,0,0,0,0,0,0,0,0,0,0,0,0,Historiska data - ej angivet,,,2-0580,Linköping (S),2-05,Östergötlands län (S),8,2019
V491906,UI413297 G90-19 V840 +,2019.05.06,Ja,2019.05.06,,,Får,,,,2019.05.05,2019.05.06,Nej,Fredat vilt,Varg,,Bete innanför stängsel,Fältkontroll - LST,Dokumenterad,2-1904,Kalvänge,6639031,541211,6639031,541211,6640830,1496148,WGS84-UTM Zon 33,Mindre bra,2019.05.07,Nej,,Nej,,2019.05.07,Daniel Mallwitz,0,0,3,0,0,0,1,0,0,0,0,0,0,0,0,0,0,0,0,0,0,0,0,0,0,0,0,0,0,0,0,Historiska data - ej angivet,,,2-1904,Skinnskatteberg (S),2-19,Västmanlands län (S),4,2019
V491991,UI405149 G100-15 V591,2019.05.12,Ja,2019.05.13,,,Får,,Köttraskorsningar,,2019.05.11,2019.05.12,Nej,Fredat vilt,Varg,,Bete innanför stängsel,Fältkontroll - LST,Dokumenterad,2-0780,"Växjö, Almshult",6309525,500245,6309525,500245,6311704,1451217,SWEREF99 TM,Mycket bra,2019.05.13,Nej,,Nej,,2022.12.05,Magnus Lundmark,0,0,0,0,0,0,8,0,0,0,0,0,0,0,0,0,1,0,0,0,0,0,0,0,0,0,2,0,0,0,0,Historiska data - ej angivet,,,2-0780,Växjö (S),2-07,Kronobergs län (S),11,2019
V492005,,2019.05.14,Ja,2019.05.14,,,Får,,Annan,Blandras,2019.05.14,2019.05.14,Nej,Fredat vilt,Varg,,Bete innanför stängsel,Fältkontroll - LST,Dokumenterad,2-1764,Vålåsen,6598689,387844,6598689,387844,6602337,1342230,WGS84-UTM Zon 33,Mycket bra,2019.05.14,Nej,,Nej,,2019.05.15,David Höök,0,0,0,0,0,0,4,0,0,0,0,0,0,0,0,0,0,0,0,0,0,0,0,0,0,0,5,0,0,0,0,Historiska data - ej angivet,,,2-1764,Grums (S),2-17,Värmlands län (S),9,2019
V492248,,2019.05.27,Ja,2019.05.27,,,Får,,Köttraskorsningar,,2019.05.26,2019.05.27,Nej,Fredat vilt,Varg,,Bete innanför stängsel,Fältkontroll - LST,Dokumenterad,2-1491,Lönnarp,6421658,1367591,6418427,415362,6421658,1367591,RT90,Mindre bra,2019.05.28,Nej,,Nej,,2019.06.04,Lisette Fritzon,0,1,0,0,0,0,1,0,0,0,0,0,0,0,1,0,0,1,0,0,1,1,0,0,0,0,0,0,0,0,0,Historiska data - ej angivet,,,2-1491,Ulricehamn (S),2-14,Västra Götalands län (S),6,2019
V492343,,2019.05.30,Ja,2019.06.01,,,Får,,Gotlandsfår,,2019.05.29,2019.05.30,Nej,Fredat vilt,Varg,,Bete innanför stängsel,Fältkontroll - LST,Dokumenterad,2-1491,Botorp,6423184,1375800,6420050,423548,6423184,1375800,RT90,Mindre bra,2019.06.02,Nej,,Nej,,2019.06.24,Nelly Grönberg,2,1,0,0,0,0,0,0,0,0,0,1,0,0,0,0,0,0,0,0,1,1,0,0,0,0,0,0,0,0,0,Historiska data - ej angivet,,,2-1491,Ulricehamn (S),2-14,Västra Götalands län (S),6,2019
V492816,,2019.06.22,Ja,2019.06.22,,,Får,,,,2019.06.20,2019.06.22,Nej,Fredat vilt,Varg,,Bete innanför stängsel,Fältkontroll - LST,Dokumenterad,2-0188,Ängsgården,6656299,712289,6656299,712289,6656017,1667474,WGS84-UTM Zon 33,Mindre bra,2019.08.05,Nej,,Nej,,2019.08.05,Matts Norr,4,0,0,0,0,0,3,0,0,0,0,0,0,0,0,0,0,0,0,0,2,0,0,0,0,0,1,0,0,0,0,Historiska data - ej angivet,,,2-0188,Norrtälje (S),2-01,Stockholms län (S),10,2019
V492839,,2019.06.23,Ja,2019.06.23,,,Får,,Gotlandsfår,,2019.05.29,2019.06.23,Nej,Fredat vilt,Varg,,Bete innanför stängsel,Fältkontroll - LST,Dokumenterad,2-1491,Tidan,6419849,423494,6419849,423494,6422984,1375744,WGS84-UTM Zon 33,Mindre bra,2019.08.20,Nej,,Nej,,2019.08.20,Nelly Grönberg,0,1,0,0,0,0,0,0,0,0,0,0,0,0,0,0,0,0,0,0,0,0,0,0,0,0,0,0,0,0,0,Historiska data - ej angivet,,,2-1491,Ulricehamn (S),2-14,Västra Götalands län (S),1,2019
V493059,,2019.07.02,Ja,2019.07.02,,,Får,,Annan,Blandras,2019.06.30,2019.07.02,Nej,Fredat vilt,Varg,,Bete innanför stängsel,Fältkontroll - LST,Bedömd som säker,2-0662,Långevik,6372134,1374324,6369013,422680,6372134,1374324,RT90,Exakt,2019.07.02,Nej,,Nej,,2022.05.19,Linda Andersson,0,0,0,1,0,0,0,0,0,0,0,0,0,0,0,0,0,0,0,0,0,0,0,2,0,0,0,0,0,0,0,Historiska data - ej angivet,,,2-0662,Gislaved (S),2-06,Jönköpings län (S),3,2019
V493079,UI406187 G17-17,2019.07.03,Ja,2019.07.03,,,Får,,Annan,Köttraskorsning,2019.07.02,2019.07.03,Nej,Fredat vilt,Varg,,Bete utan stängsel,Fältkontroll - LST,Dokumenterad,2-0764,Linnerdyd Hjorgtsberga,6313962,1419592,6311409,468610,6313962,1419592,RT90,Exakt,2019.07.03,Nej,,Nej,,2019.07.04,Rune Håkansson,0,0,0,0,0,0,2,0,0,0,0,0,0,0,0,0,0,0,0,0,0,0,0,0,0,0,0,0,0,0,0,Historiska data - ej angivet,,,2-0764,Alvesta (S),2-07,Kronobergs län (S),2,2019
V493902,,2019.08.03,Ja,2019.08.03,,,Får,,,,2019.07.31,2019.08.03,Nej,Fredat vilt,Varg,,Bete innanför stängsel,Fältkontroll - LST,Dokumenterad,2-0562,Kroken,6508123,1487345,6506279,534017,6508123,1487345,RT90,Mindre bra,2019.08.03,Nej,,Nej,,2019.09.16,Mia Kjällander,6,4,0,0,0,0,4,0,0,0,0,0,0,0,0,0,0,0,0,0,0,0,0,0,0,0,0,0,0,0,0,Historiska data - ej angivet,,,2-0562,Finspång (S),2-05,Östergötlands län (S),14,2019
V493987,,2019.08.06,Ja,2019.08.06,,,Får,,Finullsfår,,2019.08.05,2019.08.06,Nej,Fredat vilt,Varg,,Bete innanför stängsel,Fältkontroll - LST,Dokumenterad,2-0461,Årbytorp,6557370,612693,6557370,612693,6558280,1566659,WGS84-UTM Zon 33,Mindre bra,2019.08.10,Nej,,Nej,,2019.08.13,Ingemar Parck,1,0,0,0,0,0,0,0,0,0,0,0,0,0,0,0,0,0,0,0,0,0,0,0,0,0,0,0,0,0,0,Historiska data - ej angivet,,,2-0461,Gnesta (S),2-04,Södermanlands län (S),1,2019
V494031,UI408367 G218-17 +,2019.08.06,Ja,2019.08.07,,,Får,,Annan,Gestrikefår,2019.08.06,2019.08.06,Nej,Fredat vilt,Varg,,Bete innanför stängsel,Fältkontroll - LST,Bedömd som säker,2-2101,"Norrgården, Lingbo",6769068,592398,6769068,592398,6770277,1548942,SWEREF99 TM,Mycket bra,2019.08.08,Nej,,Nej,,2019.08.08,Sara Waern,2,0,0,0,0,0,0,0,0,0,0,0,0,0,0,0,0,0,0,0,0,0,0,0,0,0,0,0,0,0,0,Historiska data - ej angivet,,,2-2101,Ockelbo (S),2-21,Gävleborgs län (S),2,2019
V494071,,2019.08.08,Ja,2019.08.08,,,Får,,Finullsfår,,2019.08.07,2019.08.08,Nej,Fredat vilt,Varg,,Bete innanför stängsel,Fältkontroll - LST,Dokumenterad,2-0461,Åstugan,6559045,612673,6559045,612673,6559955,1566659,WGS84-UTM Zon 33,Mindre bra,2019.08.10,Nej,,Nej,,2019.08.13,Ingemar Parck,0,0,0,0,0,0,2,0,0,0,0,0,0,0,0,0,0,0,0,0,0,0,0,0,0,0,0,0,0,0,0,Historiska data - ej angivet,,,2-0461,Gnesta (S),2-04,Södermanlands län (S),2,2019
V494295,,2019.08.14,Ja,2019.08.14,,,Får,,Allmogefår,,2019.08.14,2019.08.14,Nej,Fredat vilt,Varg,,Bete innanför stängsel,Fältkontroll - LST,Dokumenterad,2-2161,,6862893,541690,6862893,541690,6864755,1499380,WGS84-UTM Zon 33,Mindre bra,2019.08.16,Nej,,Nej,,2022.04.04,Henrike Hensel,0,0,0,0,0,0,1,0,0,0,0,0,0,0,0,0,0,0,0,0,0,0,0,0,0,0,0,0,0,0,0,Historiska data - ej angivet,,,2-2161,Ljusdal (S),2-21,Gävleborgs län (S),1,2019
V494944,,2019.09.11,Ja,2019.09.12,,,Får,,Annan,Annan,2019.09.11,2019.09.11,Nej,Fredat vilt,Varg,,Bete innanför stängsel,Fältkontroll - LST,Dokumenterad,2-2121,Gäddvik122,6806407,1518917,6804813,561940,6806407,1518917,RT90,Mindre bra,2019.09.12,Nej,,Nej,,2019.09.12,Sone Persson,0,0,0,2,0,0,0,0,0,0,0,0,0,0,0,0,0,0,0,0,0,0,0,0,0,0,0,0,0,0,0,Historiska data - ej angivet,,,2-2121,Ovanåker (S),2-21,Gävleborgs län (S),2,2019
V495041,,2019.09.12,Ja,2019.09.13,,,Får,,Gotlandsfår,,2019.09.11,2019.09.12,Nej,Fredat vilt,Varg,,Bete innanför stängsel,Fältkontroll - LST,Dokumenterad,2-2183,Västansjö ,6788013,1536980,6786649,580222,6788013,1536980,RT90,Mindre bra,2019.09.16,Nej,,Nej,,2019.09.16,Sone Persson,4,0,0,0,0,0,4,0,0,0,0,0,0,0,0,0,0,0,0,0,0,0,0,0,0,0,0,0,0,0,0,Historiska data - ej angivet,,,2-2183,Bollnäs (S),2-21,Gävleborgs län (S),8,2019
V495135,,2019.09.18,Ja,2019.09.18,,,Får,,Annan,Blandning,2019.09.18,2019.09.18,Nej,Fredat vilt,Varg,,Bete innanför stängsel,Fältkontroll - LST,Dokumenterad,2-1492,Låbyn,6561756,1319550,6557860,365670,6561756,1319550,RT90,Mindre bra,2019.09.19,Nej,,Nej,,2019.09.19,Nelly Grönberg,0,1,0,0,0,0,0,0,0,0,0,0,0,0,0,0,0,0,0,0,0,0,0,0,0,0,0,0,0,0,0,Historiska data - ej angivet,,,2-1492,Åmål (S),2-14,Västra Götalands län (S),1,2019
V495173,,2019.09.20,Ja,2019.09.20,,,Får,,Gotlandsfår,,2019.09.19,2019.09.20,Nej,Fredat vilt,Varg,,Bete innanför stängsel,Fältkontroll - LST,Dokumenterad,2-1885,Sjölunda,6604515,529386,6604515,529386,6606447,1483900,WGS84-UTM Zon 33,Mindre bra,2019.09.20,Nej,,Nej,,2019.09.20,Pär Nilsson,3,0,0,0,0,0,0,0,0,0,0,0,0,0,0,0,1,0,0,0,0,0,0,0,0,0,0,0,0,0,0,Historiska data - ej angivet,,,2-1885,Lindesberg (S),2-18,Örebro län (S),4,2019
V495310,UI040702 G124-13,2019.09.21,Ja,2019.09.21,,,Får,,Annan,Blandras,2019.09.20,2019.09.21,Nej,Fredat vilt,Varg,,Bete innanför stängsel,Fältkontroll - LST,Dokumenterad,2-1962,Bråtfors,6656059,540771,6656059,540771,6657869,1495915,SWEREF99 TM,Mindre bra,2019.09.25,Nej,,Nej,,2019.09.25,Sebastian Olofsson,0,0,0,4,0,0,6,0,0,0,0,0,0,0,0,0,0,0,0,0,0,0,0,0,0,0,0,0,0,0,0,Historiska data - ej angivet,,,2-1962,Norberg (S),2-19,Västmanlands län (S),10,2019
V495213,UI412914 G76-19 +,2019.09.22,Ja,2019.09.22,,,Får,,Texel,,2019.09.21,2019.09.21,Nej,Fredat vilt,Varg,,Bete innanför stängsel,Fältkontroll - LST,Dokumenterad,2-2183,Röste,6808430,574559,6808430,574559,6809869,1531584,WGS84-UTM Zon 33,Mindre bra,2019.09.22,Nej,,Nej,,2019.10.27,Hans Nordin,0,0,0,0,0,0,3,0,0,0,0,0,0,0,0,0,0,0,0,0,0,0,0,0,0,0,0,0,0,0,0,Historiska data - ej angivet,,,2-2183,Bollnäs (S),2-21,Gävleborgs län (S),3,2019
V495279,,2019.09.22,Ja,2019.09.24,,,Får,,Allmogefår,,2019.09.20,2019.09.21,Nej,Fredat vilt,Varg,,Bete utan stängsel,Fältkontroll - LST,Osäker,2-2326,Östra Galåbodarna,6959836,446554,6959836,446554,6962919,1405419,SWEREF99 TM,Mindre bra,2019.09.24,Nej,,Nej,,2019.10.05,Lars Liljemark,0,0,0,0,0,0,1,1,0,0,0,0,0,0,0,0,0,0,0,0,0,0,0,0,0,0,1,1,0,0,0,Historiska data - ej angivet,,,2-2326,Berg (S),2-23,Jämtlands län (S),4,2019
V495368,,2019.09.22,Ja,2019.09.22,,,Får,,,,2019.09.21,2019.09.22,Nej,Fredat vilt,Varg,,Bete innanför stängsel,Fältkontroll - LST,Dokumenterad,2-2305,,6969994,508726,6969994,508726,6972302,1467742,SWEREF99 TM,Mindre bra,2019.09.30,Nej,,Nej,,2019.09.30,Nicklas Rumm,2,0,0,0,0,0,3,0,0,0,0,0,0,0,0,0,0,0,0,0,0,0,0,0,0,0,0,0,0,0,0,Historiska data - ej angivet,,,2-2305,Bräcke (S),2-23,Jämtlands län (S),5,2019
V495312,,2019.09.23,Ja,2019.09.24,,,Får,,Annan,Värmlandsfår,2019.09.22,2019.09.23,Nej,Fredat vilt,Varg,,Bete innanför stängsel,Fältkontroll - LST,Dokumenterad,2-1766,Humletorp,6617898,407295,6617898,407295,6621318,1361923,WGS84-UTM Zon 33,Mindre bra,2019.09.24,Nej,,Nej,,2019.09.25,Fredrik Wilde,0,0,0,0,0,0,2,0,0,0,0,0,0,0,0,0,0,0,0,0,0,0,0,0,0,0,0,0,0,0,0,Historiska data - ej angivet,,,2-1766,Sunne (S),2-17,Värmlands län (S),2,2019
V495325,,2019.09.25,Ja,2019.09.25,,,Får,,,,2019.09.24,2019.09.24,Nej,Fredat vilt,Varg,,Bete innanför stängsel,Fältkontroll - LST,Dokumenterad,2-2061,saxhammar,6664699,529780,6664699,529780,6666646,1485026,WGS84-UTM Zon 33,Mindre bra,2019.09.25,Nej,,Nej,,2019.10.05,Bert Eriksson,2,0,0,0,0,0,1,0,0,0,0,0,0,0,0,0,0,0,0,0,0,0,0,0,0,0,1,0,0,0,0,Historiska data - ej angivet,,,2-2061,Smedjebacken (S),2-20,Dalarnas län (S),4,2019
V495458,,2019.10.03,Ja,2019.10.05,,,Får,,Annan,Blandras,2019.10.03,2019.10.03,Nej,Fredat vilt,Varg,,Bete innanför stängsel,Fältkontroll - LST,Dokumenterad,2-2084,färjan 3,6672767,1537813,6671462,582469,6672767,1537813,RT90,Mindre bra,2019.10.03,Nej,,Nej,,2019.10.05,Bert Eriksson,0,0,0,0,1,0,0,0,0,0,0,0,0,0,0,0,0,0,0,0,0,0,0,0,0,0,0,0,0,0,0,Historiska data - ej angivet,,,2-2084,Avesta (S),2-20,Dalarnas län (S),1,2019
V495453,UI407520 G135-17,2019.10.04,Ja,2019.10.04,,,Får,,Leicster,,2019.10.03,2019.10.04,Nej,Fredat vilt,Varg,,Bete innanför stängsel,Fältkontroll - LST,Dokumenterad,2-2026,"LOKÄNGE, hagen Dala Floda",6707785,1447675,6705362,491944,6707785,1447675,RT90,Mindre bra,2019.10.05,Nej,,Nej,,2019.10.07,Fredrik Perols,0,0,0,0,0,0,3,0,0,0,0,0,0,0,0,0,0,0,0,0,0,0,0,0,0,0,0,0,0,0,0,Historiska data - ej angivet,,,2-2026,Gagnef (S),2-20,Dalarnas län (S),3,2019
V495460,,2019.10.05,Ja,2019.10.05,,,Får,,Annan,Blandras,2019.10.04,2019.10.05,Nej,Fredat vilt,Varg,,Bete innanför stängsel,Fältkontroll - LST,Dokumenterad,2-1885,n allmänningbo 103,6623254,528641,6623254,528641,6625201,1483382,WGS84-UTM Zon 33,Mindre bra,2019.10.06,Nej,,Nej,,2019.10.21,Kjell Ståhlberg,4,7,0,0,0,0,0,0,0,0,0,0,0,0,0,0,0,0,0,0,0,0,0,0,0,0,0,0,0,0,0,Historiska data - ej angivet,,,2-1885,Lindesberg (S),2-18,Örebro län (S),11,2019
V495566,,2019.10.12,Ja,2019.10.12,,,Får,,Köttraskorsningar,,2019.10.09,2019.10.12,Ja,Fredat vilt,Varg,,Bete innanför stängsel,Fältkontroll - LST,Dokumenterad,2-0461,Stora Åsa,6559786,616409,6559786,616409,6560651,1570405,WGS84-UTM Zon 33,Mindre bra,2019.10.19,Nej,,Nej,,2019.10.19,Lovisa Häggström,0,0,0,0,0,0,6,1,0,0,0,0,0,0,0,0,1,0,0,0,0,0,0,0,0,0,1,0,0,0,0,Historiska data - ej angivet,,,2-0461,Gnesta (S),2-04,Södermanlands län (S),9,2019
V495616,,2019.10.14,Ja,2019.10.14,,,Får,,,,2019.10.14,2019.10.14,Nej,Fredat vilt,Varg,,Bete innanför stängsel,Fältkontroll - LST,Dokumenterad,2-2080,Linghed,6741188,1502996,6739427,546829,6741188,1502996,RT90,Mindre bra,2019.10.16,Nej,,Nej,,2019.10.16,Arne Söderberg,0,5,0,0,0,0,0,0,0,0,0,0,0,0,0,0,0,0,0,0,0,0,0,0,0,0,0,0,0,0,0,Historiska data - ej angivet,,,2-2080,Falun (S),2-20,Dalarnas län (S),5,2019
V495688,,2019.10.19,Ja,2019.10.20,,,Får,,Texel,,2019.10.18,2019.10.19,Nej,Fredat vilt,Varg,,Bete innanför stängsel,Fältkontroll - LST,Dokumenterad,2-0604,,6413127,499514,6413127,499514,6415352,1451715,WGS84-UTM Zon 33,Mindre bra,2019.10.20,Nej,,Nej,,2022.05.19,Linda Andersson,0,0,0,1,0,0,0,0,0,0,0,0,0,0,0,0,0,0,0,0,0,0,0,0,0,0,0,0,0,0,0,Historiska data - ej angivet,,,2-0604,Aneby (S),2-06,Jönköpings län (S),1,2019
V496014,,2019.11.09,Ja,2019.11.09,,,Får,,Annan,Annan ,2019.11.07,2019.11.08,Nej,Fredat vilt,Varg,,Bete innanför stängsel,Fältkontroll - LST,Dokumenterad,2-2101,Svartandal,6760121,576902,6760121,576902,6761518,1533332,SWEREF99 TM,Mindre bra,2019.11.15,Nej,,Nej,,2019.11.15,Sone Persson,0,1,0,0,2,0,0,0,0,0,0,0,0,0,0,0,0,0,0,0,0,0,0,0,0,0,0,0,0,0,0,Historiska data - ej angivet,,,2-2101,Ockelbo (S),2-21,Gävleborgs län (S),3,2019
V497583,,2020.04.20,Ja,2020.04.20,,,Får,,Annan,Blandraser,2020.04.19,2020.04.20,Nej,Fredat vilt,Varg,,Bete innanför stängsel,Fältkontroll - LST,Dokumenterad,2-1765,Byn,6582225,1303005,6578115,348889,6582225,1303005,RT90,Exakt,2020.04.21,Nej,,Nej,,2020.04.21,Elisabeth Hansson,0,0,0,0,0,0,1,0,0,0,0,0,0,0,0,0,0,0,0,0,0,0,0,0,0,0,0,0,0,0,0,Historiska data - ej angivet,,,2-1765,Årjäng (S),2-17,Värmlands län (S),1,2020
V497584,,2020.04.20,Ja,2020.04.20,,,Får,,Annan,Pälsfårblandning bagge Gotlandsfår,2020.04.19,2020.04.20,Nej,Fredat vilt,Varg,,Bete innanför stängsel,Fältkontroll - LST,Dokumenterad,2-1765,Bysjön,6582050,1303214,6577943,349100,6582050,1303214,RT90,Mindre bra,2020.04.20,Nej,,Nej,,2020.04.22,Margareta Åkerman,6,1,0,2,0,0,9,0,0,0,0,0,0,0,0,0,1,0,0,0,0,0,0,0,0,0,0,0,0,0,0,Historiska data - ej angivet,,,2-1765,Årjäng (S),2-17,Värmlands län (S),19,2020
V498052,,2020.05.10,Ja,2020.05.10,,,Får,,,,2020.05.09,2020.05.10,Nej,Fredat vilt,Varg,,Bete med rovdjursavvisande stängsel,Fältkontroll - LST,Dokumenterad,2-1860,Barrud Tolsgården,6525082,1420609,6522427,467111,6525082,1420609,RT90,Mindre bra,2020.05.14,Nej,,Nej,,2020.10.02,Emma Schön Kvastegård,5,2,0,0,1,0,12,0,0,0,0,0,0,0,0,0,0,0,0,0,1,2,0,0,0,0,1,0,0,0,0,Historiska data - ej angivet,,,2-1860,Laxå (S),2-18,Örebro län (S),24,2020
V498423,,2020.05.23,Ja,2020.05.24,,,Får,,Gotlandsfår,,2020.05.22,2020.05.23,Nej,Fredat vilt,Varg,,Bete innanför stängsel,Fältkontroll - LST,Dokumenterad,2-1491,Botorp,6423006,1375679,6419870,423429,6423006,1375679,RT90,Mindre bra,2020.05.25,Nej,,Nej,,2020.06.25,Nelly Grönberg,0,1,1,0,0,0,3,0,0,0,0,0,0,0,0,0,0,0,0,0,0,0,0,0,0,0,0,0,0,0,0,Historiska data - ej angivet,,,2-1491,Ulricehamn (S),2-14,Västra Götalands län (S),5,2020
V498390,,2020.05.24,Ja,2020.05.24,,,Får,,Texel,,2020.05.24,2020.05.24,Nej,Fredat vilt,Varg,,Bete innanför stängsel,Fältkontroll - LST,Dokumenterad,2-1383,Strömma,6326597,344442,6326597,344442,6330624,1295544,SWEREF99 TM,Mindre bra,2020.05.24,Nej,,Nej,,2020.10.21,Martin Broberg,0,1,0,0,0,0,0,0,0,0,0,0,0,0,0,0,0,0,0,0,0,0,0,0,0,0,0,0,0,0,0,Historiska data - ej angivet,,,2-1383,Varberg (S),2-13,Hallands län (S),1,2020
V499399,,2020.06.17,Ja,2020.06.17,,,Får,,,,2020.06.16,2020.06.17,Nej,Fredat vilt,Varg,,Bete innanför stängsel,Fältkontroll - LST,Dokumenterad,2-1494,,6481125,1318460,6477269,365551,6481125,1318460,RT90,Mindre bra,2020.06.19,Nej,,Nej,,2020.06.25,Nelly Grönberg,5,1,0,0,0,0,5,0,0,0,0,0,0,0,0,0,0,0,0,0,0,0,0,0,0,0,0,0,0,0,0,Historiska data - ej angivet,,,2-1494,Lidköping (S),2-14,Västra Götalands län (S),11,2020
V499487,,2020.06.21,Ja,2020.06.22,,,Får,,Gotlandsfår,,2020.06.21,2020.06.21,Nej,Fredat vilt,Varg,,Bete innanför stängsel,Fältkontroll - LST,Dokumenterad,2-1491,Botorp,6423003,1375648,6419867,423398,6423003,1375648,RT90,Mindre bra,2020.06.23,Nej,,Nej,,2020.06.25,Nelly Grönberg,0,1,0,0,0,0,0,0,0,0,0,0,0,0,0,0,0,0,0,0,0,0,0,0,0,0,0,0,0,0,0,Historiska data - ej angivet,,,2-1491,Ulricehamn (S),2-14,Västra Götalands län (S),1,2020
V499510,UI412823 G52-19 +,2020.06.24,Ja,2020.06.24,,,Får,,Finullsfår,,2020.06.23,2020.06.24,Nej,Fredat vilt,Varg,,Bete med rovdjursavvisande stängsel,Fältkontroll - LST,Dokumenterad,2-1765,Furukullen,6585331,354460,6585331,354460,6589377,1308667,WGS84-UTM Zon 33,Exakt,,Nej,,Nej,,2020.06.24,David Höök,0,0,0,0,19,0,0,0,0,0,0,0,0,0,0,0,0,0,0,0,0,0,0,0,0,0,0,0,0,0,0,Historiska data - ej angivet,,,2-1765,Årjäng (S),2-17,Värmlands län (S),19,2020
V499543,UI413930 G200-19 +,2020.06.25,Ja,2020.06.25,,,Får,,Gotlandsfår,,2020.06.24,2020.06.25,Nej,Fredat vilt,Varg,,Bete innanför stängsel,Fältkontroll - LST,Dokumenterad,2-1489,Ödenäs,6409257,355273,6409257,355273,6413200,1307363,SWEREF99 TM,Mindre bra,2020.06.26,Nej,,Nej,,2020.08.31,Nelly Grönberg,0,0,0,0,0,0,4,0,0,0,0,0,0,0,0,0,0,0,0,0,1,0,0,0,0,0,0,0,0,0,0,Historiska data - ej angivet,,,2-1489,Alingsås (S),2-14,Västra Götalands län (S),5,2020
V499621,,2020.06.27,Ja,2020.06.27,,,Får,,,,2020.06.26,2020.06.27,Nej,Fredat vilt,Varg,,Bete innanför stängsel,Fältkontroll - LST,Dokumenterad,2-2121,Gäddvik,6806272,1518958,6804678,561983,6806272,1518958,RT90,Mycket bra,2020.06.29,Nej,,Nej,,2020.09.24,Hans Nordin,0,0,0,0,0,0,1,0,0,0,0,0,0,0,0,0,0,0,0,0,0,0,0,0,0,0,0,0,0,0,0,Historiska data - ej angivet,,,2-2121,Ovanåker (S),2-21,Gävleborgs län (S),1,2020
V499619,,2020.06.28,Ja,2020.06.28,,,Får,,,,2020.06.26,2020.06.27,Nej,Fredat vilt,Varg,,Bete innanför stängsel,Fältkontroll - LST,Dokumenterad,2-2183,Storrönningen /Arbrå,6815028,1526916,6813529,569829,6815028,1526916,RT90,Mindre bra,2020.06.29,Nej,,Nej,,2020.07.06,Hans Nordin,0,0,0,0,0,0,1,0,0,0,0,0,0,0,0,0,0,0,0,0,0,0,0,0,0,0,0,0,0,0,0,Historiska data - ej angivet,,,2-2183,Bollnäs (S),2-21,Gävleborgs län (S),1,2020
V499778,,2020.07.02,Ja,2020.07.02,,,Får,,Köttraskorsningar,,2020.07.01,2020.07.02,Nej,Fredat vilt,Varg,,Bete innanför stängsel,Fältkontroll - LST,Dokumenterad,2-1491,Hökerum,6409700,395565,6409700,395565,6413163,1347681,SWEREF99 TM,Mycket bra,2020.07.03,Nej,,Nej,,2020.08.31,Nelly Grönberg,6,0,0,0,0,0,0,0,0,0,0,0,0,0,0,0,0,0,0,0,0,0,0,0,0,0,0,0,0,0,0,Historiska data - ej angivet,,,2-1491,Ulricehamn (S),2-14,Västra Götalands län (S),6,2020
V499783,,2020.07.03,Ja,2020.07.03,,,Får,,Köttraskorsningar,,2020.07.02,2020.07.03,Nej,Fredat vilt,Varg,,Bete innanför stängsel,Fältkontroll - LST,Dokumenterad,2-1491,Hökerum,6409920,395434,6409920,395434,6413385,1347552,SWEREF99 TM,Mycket bra,2020.07.04,Nej,,Nej,,2020.08.31,Nelly Grönberg,2,0,0,0,0,0,16,0,0,0,0,0,0,0,0,0,0,0,0,0,0,0,0,0,0,0,0,0,0,0,0,Historiska data - ej angivet,,,2-1491,Ulricehamn (S),2-14,Västra Götalands län (S),18,2020
V499807,,2020.07.04,Ja,2020.07.04,,,Får,,Annan,Blandras,2020.07.04,2020.07.04,Nej,Fredat vilt,Varg,,Bete innanför stängsel,Fältkontroll - LST,Dokumenterad,2-0461,Kalvsätter,6558410,617999,6558410,617999,6559256,1571979,WGS84-UTM Zon 33,Mindre bra,2020.07.06,Nej,,Nej,,2020.07.06,Staffan Claesson,0,2,0,0,0,0,4,0,0,0,0,0,0,0,0,0,0,0,0,0,0,0,0,0,0,0,0,0,0,0,0,Historiska data - ej angivet,,,2-0461,Gnesta (S),2-04,Södermanlands län (S),6,2020
V499841,UI405791 G92-16 +,2020.07.04,Ja,2020.07.04,,,Får,,Annan,Gotland och Pälsfår,2020.07.04,2020.07.04,Nej,Fredat vilt,Varg,,Bete innanför stängsel,Fältkontroll - LST,Dokumenterad,2-0461,Kåretorp,6556481,617987,6556481,617987,6557327,1571943,SWEREF99 TM,Exakt,2020.07.06,Nej,,Nej,,2020.07.28,Lovisa Häggström,0,0,0,0,1,0,1,0,0,0,0,0,0,2,0,0,0,0,0,0,0,0,0,0,0,0,1,0,0,0,0,Historiska data - ej angivet,,,2-0461,Gnesta (S),2-04,Södermanlands län (S),5,2020
V499924,,2020.07.09,Ja,2020.07.09,,,Får,,Annan,Blandras,2020.07.06,2020.07.09,Ja,Fredat vilt,Varg,,Bete innanför stängsel,Fältkontroll - LST,Dokumenterad,2-2183,Knisselbo,6787621,1534331,6786225,577579,6787621,1534331,RT90,Mindre bra,2020.07.10,Nej,,Nej,,2020.07.16,Hans Nordin,3,0,0,0,0,0,2,0,0,0,0,0,0,0,0,0,0,0,0,0,0,0,0,0,0,0,0,0,0,0,0,Historiska data - ej angivet,,,2-2183,Bollnäs (S),2-21,Gävleborgs län (S),5,2020
V499996,,2020.07.10,Ja,2020.07.13,,,Får,,,,2020.07.04,2020.07.10,Nej,Fredat vilt,Varg,,Bete med rovdjursavvisande stängsel,Fältkontroll - LST,Dokumenterad,2-1766,Humletorp,6620882,1362044,6617463,407421,6620882,1362044,RT90,Mindre bra,2020.07.13,Nej,,Nej,,2020.07.13,Per Larsson,0,0,0,0,0,0,3,0,0,0,0,0,0,0,0,0,0,0,0,0,0,0,0,0,0,0,0,0,0,0,0,Historiska data - ej angivet,,,2-1766,Sunne (S),2-17,Värmlands län (S),3,2020
V500107,,2020.07.16,Ja,2020.07.16,,,Får,,Gotlandsfår,,2020.07.16,2020.07.16,Nej,Fredat vilt,Varg,,Bete innanför stängsel,Fältkontroll - LST,Dokumenterad,2-0461,Ellaboda,6558814,1581711,6558086,627733,6558814,1581711,RT90,Exakt,2020.07.17,Nej,,Nej,,2020.07.28,Lovisa Häggström,0,0,0,0,0,0,1,0,0,0,0,0,0,0,0,0,0,0,0,0,0,0,0,0,0,0,0,0,0,0,0,Historiska data - ej angivet,,,2-0461,Gnesta (S),2-04,Södermanlands län (S),1,2020
V500261,,2020.07.21,Ja,2020.07.21,,,Får,,,,2020.07.18,2020.07.21,Ja,Fredat vilt,Varg,,Bete innanför stängsel,Fältkontroll - LST,Dokumenterad,2-1383,Bringsgärde,6346216,344179,6346216,344179,6350257,1295514,SWEREF99 TM,Mycket bra,2020.07.21,Nej,,Nej,,2020.10.21,Martin Broberg,0,7,0,0,0,0,0,0,0,0,0,10,0,0,0,0,0,0,0,0,0,0,0,0,0,0,0,0,0,0,0,Historiska data - ej angivet,,,2-1383,Varberg (S),2-13,Hallands län (S),17,2020
V500281,,2020.07.21,Ja,2020.07.21,,,Får,,Annan,Värmlandsfår,2020.07.20,2020.07.21,Nej,Fredat vilt,Varg,,Bete innanför stängsel,Fältkontroll - LST,Dokumenterad,2-0617,,6354882,422910,6354882,422910,6357994,1374387,SWEREF99 TM,Mycket bra,2020.07.22,Nej,,Nej,,2020.08.26,Bo Adolfsson,0,0,0,1,0,0,0,0,0,0,0,0,0,0,0,0,0,0,0,0,0,0,0,1,0,0,0,0,0,0,0,Historiska data - ej angivet,,,2-0617,Gnosjö (S),2-06,Jönköpings län (S),2,2020
V500294,UI413761 G124-19,2020.07.22,Ja,2020.07.22,,,Får,,,,2020.07.21,2020.07.22,Nej,Fredat vilt,Varg,,Bete utan stängsel,Fältkontroll - LST,Dokumenterad,2-2404,Fäboden,7128363,720354,7128363,720354,7128041,1681416,SWEREF99 TM,Mycket bra,2020.07.23,Nej,,Nej,,2020.07.23,Ulf Eskilsson,0,0,0,0,0,0,9,0,0,0,0,0,0,0,0,0,4,0,0,0,0,0,0,0,0,0,0,0,0,0,0,Historiska data - ej angivet,,,2-2404,Vindeln (S),2-24,Västerbottens län (S),13,2020
V500318,UI413930 G200-19 +,2020.07.23,Ja,2020.07.23,,,Får,,,,2020.07.22,2020.07.23,Nej,Fredat vilt,Varg,,Bete innanför stängsel,Fältkontroll - LST,Dokumenterad,2-0617,,6358072,419363,6358072,419363,6361228,1370876,SWEREF99 TM,Mindre bra,2020.07.23,Nej,,Nej,,2020.10.28,Linda Andersson,0,0,0,0,0,0,1,0,0,0,0,0,0,0,0,0,2,0,0,0,0,0,1,0,0,0,0,0,0,0,0,Historiska data - ej angivet,,,2-0617,Gnosjö (S),2-06,Jönköpings län (S),4,2020
V500438,,2020.07.25,Ja,2020.07.25,,,Får,,Texel,,2020.07.25,2020.07.25,Nej,Fredat vilt,Varg,,Bete innanför stängsel,Fältkontroll - LST,Dokumenterad,2-2121,Gäddvik,6804865,561962,6804865,561962,6806459,1518940,WGS84-UTM Zon 33,Mindre bra,2020.07.27,Nej,,Nej,,2020.07.27,Hans Blomgren,0,0,0,0,0,0,1,0,0,0,0,0,0,0,0,0,0,0,0,0,0,0,0,0,0,0,0,0,0,0,0,Historiska data - ej angivet,,,2-2121,Ovanåker (S),2-21,Gävleborgs län (S),1,2020
V500468,,2020.07.25,Ja,2020.07.27,,,Får,,Annan,Gutefår,2020.07.24,2020.07.25,Nej,Fredat vilt,Varg,,Bete innanför stängsel,Fältkontroll - LST,Dokumenterad,2-1452,Lövåsen,6363405,409255,6363405,409255,6366683,1360827,WGS84-UTM Zon 33,Mindre bra,2020.07.28,Nej,,Nej,,2020.08.31,Nelly Grönberg,0,0,0,0,0,0,1,0,0,0,0,0,0,0,0,0,0,0,0,0,0,0,0,0,0,0,0,0,0,0,0,Historiska data - ej angivet,,,2-1452,Tranemo (S),2-14,Västra Götalands län (S),1,2020
V500448,,2020.07.27,Ja,2020.07.27,,,Får,,,,2020.07.27,2020.07.27,Nej,Fredat vilt,Varg,,Bete innanför stängsel,Fältkontroll - LST,Dokumenterad,2-1864,,6631902,1458337,6629647,503527,6631902,1458337,RT90,Mindre bra,2020.07.27,Nej,,Nej,,2020.10.02,Emma Schön Kvastegård,0,0,0,0,0,0,1,0,0,0,0,0,0,0,0,0,0,0,0,0,0,0,0,0,0,0,0,0,0,0,0,Historiska data - ej angivet,,,2-1864,Ljusnarsberg (S),2-18,Örebro län (S),1,2020
V500482,,2020.07.28,Ja,2020.07.28,,,Får,,Annan,Hälsinge Får,2020.07.28,2020.07.28,Nej,Fredat vilt,Varg,,Bete innanför stängsel,Fältkontroll - LST,Dokumenterad,2-0662,,6365246,411446,6365246,411446,6368499,1363041,SWEREF99 TM,Mycket bra,2020.07.28,Nej,,Nej,,2020.08.26,Bo Adolfsson,1,0,0,0,0,0,1,0,0,0,0,0,0,0,0,0,0,0,0,0,0,0,0,0,0,0,0,0,0,0,0,Historiska data - ej angivet,,,2-0662,Gislaved (S),2-06,Jönköpings län (S),2,2020
V500634,UI414000 G230-19 +,2020.07.31,Ja,2020.07.31,,,Får,,Allmogefår,,2020.07.31,2020.07.31,Nej,Fredat vilt,Varg,,Bete innanför stängsel,Fältkontroll - LST,Dokumenterad,2-2101,Lingbo,6770357,1548940,6769148,592395,6770357,1548940,RT90,Mindre bra,2020.08.04,Nej,,Nej,,2022.04.04,Henrike Hensel,2,0,0,0,1,0,2,0,0,0,0,0,0,0,0,0,0,0,0,0,0,0,0,0,0,0,0,0,0,0,0,Historiska data - ej angivet,,,2-2101,Ockelbo (S),2-21,Gävleborgs län (S),5,2020
V500623,UI413884 G166-19,2020.08.02,Ja,2020.08.03,,,Får,,Köttraskorsningar,,2020.08.01,2020.08.02,Nej,Fredat vilt,Varg,,Bete innanför stängsel,Fältkontroll - LST,Dokumenterad,2-1766,Domarsätter,6651106,1355020,6647583,400034,6651106,1355020,RT90,Mindre bra,2020.08.03,Nej,,Nej,,2020.08.04,Elisabeth Hansson,0,0,0,0,0,0,8,0,0,0,0,0,0,1,0,0,2,0,0,0,0,0,0,0,0,0,0,0,0,0,0,Historiska data - ej angivet,,,2-1766,Sunne (S),2-17,Värmlands län (S),11,2020
V500984,,2020.08.05,Ja,2020.08.06,,,Får,,Gotlandsfår,,2020.08.04,2020.08.05,Nej,Fredat vilt,Varg,,Bete innanför stängsel,Fältkontroll - LST,Dokumenterad,2-0181,Nådhammar,6544857,1593689,6544278,639876,6544857,1593689,RT90,Mycket bra,2020.08.18,Nej,,Nej,,2020.08.24,Mikael Fransson,0,0,0,0,5,0,0,0,0,0,0,0,0,0,0,0,0,0,0,0,0,0,0,0,0,0,0,0,0,0,0,Historiska data - ej angivet,,,2-0181,Södertälje (S),2-01,Stockholms län (S),5,2020
V500868,,2020.08.06,Ja,2020.08.06,,,Får,,,,2020.08.05,2020.08.06,Nej,Fredat vilt,Varg,,Bete innanför stängsel,Fältkontroll - LST,Dokumenterad,2-0380,Östfora ,6653212,627876,6653212,627876,6653959,1583009,SWEREF99 TM,Mindre bra,,Nej,,Nej,,2020.08.13,Mikael Larsson,5,1,0,0,0,0,2,1,0,0,0,0,0,0,0,0,0,0,0,0,0,0,0,0,0,0,0,0,0,0,0,Historiska data - ej angivet,,,2-0380,Uppsala (S),2-03,Uppsala län (S),9,2020
V500746,,2020.08.07,Ja,2020.08.07,,,Får,,,,2020.08.06,2020.08.07,Nej,Fredat vilt,Varg,,Bete innanför stängsel,Fältkontroll - LST,Dokumenterad,2-0662,,6362628,412048,6362628,412048,6365873,1363612,SWEREF99 TM,Exakt,2020.08.07,Nej,,Nej,,2020.10.15,Bo Adolfsson,0,0,0,0,0,0,6,0,0,0,0,0,0,0,0,0,0,0,0,0,0,0,0,0,0,0,2,0,0,0,0,Historiska data - ej angivet,,,2-0662,Gislaved (S),2-06,Jönköpings län (S),8,2020
V501007,,2020.08.13,Ja,2020.08.13,,,Får,,,,2020.08.12,2020.08.13,Nej,Fredat vilt,Varg,,Bete innanför stängsel,Fältkontroll - LST,Dokumenterad,2-0665,"Sanden, Klevshult",6358392,444445,6358392,444445,6361250,1395973,SWEREF99 TM,Mindre bra,2020.08.19,Nej,,Nej,,2021.03.30,Peter Jaxgård,1,0,0,0,0,0,0,0,0,0,0,0,0,0,0,0,0,0,0,0,0,0,0,0,0,0,0,0,0,0,0,Historiska data - ej angivet,,,2-0665,Vaggeryd (S),2-06,Jönköpings län (S),1,2020
V500956,,2020.08.16,Ja,2020.08.16,,,Får,,,,2020.08.15,2020.08.16,Nej,Fredat vilt,Varg,,Bete innanför stängsel,Fältkontroll - LST,Dokumenterad,2-0617,,6354937,423737,6354937,423737,6358039,1375215,SWEREF99 TM,Mycket bra,2020.08.16,Nej,,Nej,,2020.09.18,Linda Andersson,0,0,0,0,0,0,3,0,0,0,0,0,0,0,0,0,0,0,0,0,0,0,0,0,0,0,0,0,0,0,0,Historiska data - ej angivet,,,2-0617,Gnosjö (S),2-06,Jönköpings län (S),3,2020
V501004,,2020.08.18,Ja,2020.08.18,,,Får,,,,2020.08.16,2020.08.18,Nej,Fredat vilt,Varg,,Bete innanför stängsel,Fältkontroll - LST,Dokumenterad,2-0684,"Hylletofta, Ruggarp",6369276,469269,6369276,469269,6371844,1420937,SWEREF99 TM,Mycket bra,2020.08.19,Nej,,Nej,,2020.09.08,Anders Gunnarsson,4,0,0,0,0,0,0,0,0,0,0,0,0,0,0,0,0,0,0,0,1,0,0,0,0,0,0,0,0,0,0,Historiska data - ej angivet,,,2-0684,Sävsjö (S),2-06,Jönköpings län (S),5,2020
V501107,UI414084 G9-20 V964 +,2020.08.22,Ja,2020.08.22,,,Får,,,,2020.08.21,2020.08.22,Nej,Fredat vilt,Varg,,Bete innanför stängsel,Fältkontroll - LST,Dokumenterad,2-0665,,6364753,436631,6364753,436631,6367707,1388231,SWEREF99 TM,Mycket bra,2020.08.23,Nej,,Nej,,2020.10.28,Linda Andersson,0,3,0,0,0,0,0,0,0,0,0,4,0,0,0,0,0,0,0,0,0,0,0,0,0,0,0,0,0,0,0,Historiska data - ej angivet,,,2-0665,Vaggeryd (S),2-06,Jönköpings län (S),7,2020
V501210,UI408017 G165-17,2020.08.26,Ja,2020.08.27,,,Får,,Annan,Korsning,2020.08.25,2020.08.26,Nej,Fredat vilt,Varg,,Bete innanför stängsel,Fältkontroll - LST,Dokumenterad,2-0380,,6651462,623977,6651462,623977,6652256,1579087,SWEREF99 TM,Mindre bra,,Nej,,Nej,,2020.08.27,Mikael Larsson,0,0,0,1,0,0,3,0,0,0,0,0,0,0,0,0,0,0,0,0,0,0,0,0,0,0,0,0,0,0,0,Historiska data - ej angivet,,,2-0380,Uppsala (S),2-03,Uppsala län (S),4,2020
V501273,,2020.08.29,Ja,2020.08.30,,,Får,,Finullsfår,,2020.08.28,2020.08.29,Nej,Fredat vilt,Varg,,Bete innanför stängsel,Fältkontroll - LST,Dokumenterad,2-2182,stråtjära,6783413,1556869,6782296,600160,6783413,1556869,RT90,Mindre bra,2020.08.31,Nej,,Nej,,2020.09.24,Hans Nordin,0,1,0,0,0,0,0,0,0,0,0,0,0,0,0,0,0,0,0,0,0,0,0,0,0,0,0,0,0,0,0,Historiska data - ej angivet,,,2-2182,Söderhamn (S),2-21,Gävleborgs län (S),1,2020
V501247,,2020.08.30,Ja,2020.08.30,,,Får,,,,2020.08.29,2020.08.30,Nej,Fredat vilt,Varg,,Bete innanför stängsel,Fältkontroll - LST,Dokumenterad,2-1383,,6346240,344182,6346240,344182,6350281,1295517,SWEREF99 TM,Mindre bra,2020.08.30,Nej,,Nej,,2020.10.21,Martin Broberg,23,0,0,0,0,0,0,0,0,0,0,0,0,0,0,0,0,0,0,0,0,0,0,0,0,0,0,0,0,0,0,Historiska data - ej angivet,,,2-1383,Varberg (S),2-13,Hallands län (S),23,2020
V501272,UI414084 G9-20 V964 +,2020.08.31,Ja,2020.08.31,,,Får,,,,2020.08.30,2020.08.31,Nej,Fredat vilt,Varg,,Bete innanför stängsel,Fältkontroll - LST,Dokumenterad,2-1383,,6346357,344393,6346357,344393,6350396,1295729,SWEREF99 TM,Mindre bra,2020.08.31,Nej,,Nej,,2020.10.28,Martin Broberg,13,0,0,0,0,0,0,0,0,0,0,0,0,0,0,0,0,0,0,0,0,0,0,0,0,0,0,0,0,0,0,Historiska data - ej angivet,,,2-1383,Varberg (S),2-13,Hallands län (S),13,2020
V501316,,2020.09.01,Ja,2020.09.02,,,Får,,Köttraskorsningar,,2020.08.31,2020.09.01,Nej,Fredat vilt,Varg,,Bete innanför stängsel,Fältkontroll - LST,Dokumenterad,2-0765,"Stockhult, Älmhults kommun",6281950,1389097,6279056,438509,6281950,1389097,RT90,Exakt,2020.09.02,Nej,,Nej,,2020.09.04,Rune Håkansson,0,0,0,0,0,0,5,0,0,0,0,0,0,0,0,0,0,0,0,0,0,0,0,0,0,0,0,0,0,0,0,Historiska data - ej angivet,,,2-0765,Älmhult (S),2-07,Kronobergs län (S),5,2020
V501365,,2020.09.04,Ja,2020.09.04,,,Får,,Annan,blandras,2020.09.03,2020.09.04,Ja,Fredat vilt,Varg,,Bete innanför stängsel,Fältkontroll - LST,Bedömd som säker,2-2080,Grejsans fäbod,6765991,539717,6765991,539717,6767848,1496208,WGS84-UTM Zon 33,Mindre bra,2020.09.04,Nej,,Nej,,2020.09.04,Bert Eriksson,0,0,0,1,0,0,0,0,0,0,0,0,0,0,0,0,0,0,0,0,0,0,0,0,0,0,0,0,0,0,0,Historiska data - ej angivet,,,2-2080,Falun (S),2-20,Dalarnas län (S),1,2020
V501402,,2020.09.05,Ja,2020.09.05,,,Får,,Finullsfår,,2020.09.05,2020.09.05,Nej,Fredat vilt,Varg,,Bete innanför stängsel,Fältkontroll - LST,Dokumenterad,2-1273,Bomstället,6256776,1382408,6253818,432119,6256776,1382408,RT90,Mindre bra,2020.09.07,Nej,,Nej,,2020.09.07,Tom Espgård,0,0,0,0,0,0,3,0,0,0,0,0,0,0,0,0,1,0,0,0,0,0,0,0,0,0,0,0,0,0,0,Historiska data - ej angivet,,,2-1273,Osby (S),2-12,Skåne län (S),4,2020
V501406,,2020.09.05,Ja,2020.09.07,,,Får,,Annan,"Blandras gotlandsfår, värmlandsfår och finull",2020.09.04,2020.09.05,Nej,Fredat vilt,Varg,,Bete innanför stängsel,Fältkontroll - LST,Bedömd som säker,2-1715,Forsnäs,6610428,397958,6610428,397958,6613958,1352491,WGS84-UTM Zon 33,Mindre bra,,Nej,,Nej,,2020.09.10,Magnus Nystrand,0,0,0,0,0,0,4,0,0,0,0,0,0,0,0,0,2,0,0,0,0,0,0,0,0,0,0,0,0,0,0,Historiska data - ej angivet,,,2-1715,Kil (S),2-17,Värmlands län (S),6,2020
V501415,,2020.09.06,Ja,2020.09.06,,,Får,,Finullsfår,,2020.09.06,2020.09.06,Nej,Fredat vilt,Varg,,Bete innanför stängsel,Fältkontroll - LST,Dokumenterad,2-1273,,6254716,1389411,6251841,439142,6254716,1389411,RT90,Mindre bra,2020.09.07,Nej,,Nej,,2020.09.07,Tom Espgård,1,0,0,0,0,0,1,0,0,0,0,0,0,0,0,0,1,0,0,0,0,0,0,0,0,0,0,0,0,0,0,Historiska data - ej angivet,,,2-1273,Osby (S),2-12,Skåne län (S),3,2020
V501421,UI413930 G200-19 +,2020.09.07,Ja,2020.09.07,,,Får,,Finullsfår,,2020.09.07,2020.09.07,Nej,Fredat vilt,Varg,,Bete innanför stängsel,Fältkontroll - LST,Dokumenterad,2-1273,,6252554,1391740,6249708,441495,6252554,1391740,RT90,Mindre bra,2020.09.07,Nej,,Nej,,2020.09.07,Tom Espgård,0,0,0,0,0,0,1,0,0,0,0,0,0,0,0,0,0,0,0,0,0,0,0,0,0,0,0,0,0,0,0,Historiska data - ej angivet,,,2-1273,Osby (S),2-12,Skåne län (S),1,2020
V501490,,2020.09.10,Ja,2020.09.10,,,Får,,,,2020.08.31,2020.09.09,Ja,Fredat vilt,Varg,,Bete innanför stängsel,Fältkontroll - LST,Dokumenterad,2-1384,,6368600,336815,6368600,336815,6372741,1288411,SWEREF99 TM,Mycket bra,2020.09.10,Nej,,Nej,,2020.10.21,Martin Broberg,0,0,0,0,0,0,5,1,0,0,0,0,0,0,0,0,3,0,0,0,0,0,0,0,0,0,4,0,0,0,0,Historiska data - ej angivet,,,2-1384,Kungsbacka (S),2-13,Hallands län (S),13,2020
V501514,,2020.09.11,Ja,2020.09.11,,,Får,,,,2020.09.11,2020.09.11,Nej,Fredat vilt,Varg,,Bete innanför stängsel,Fältkontroll - LST,Dokumenterad,2-1383,,6346216,344179,6346216,344179,6350257,1295514,SWEREF99 TM,Mindre bra,2020.09.12,Nej,,Nej,,2020.10.21,Martin Broberg,0,0,0,0,0,0,3,0,0,0,0,0,0,0,0,0,0,0,0,0,0,0,0,0,0,0,0,0,0,0,0,Historiska data - ej angivet,,,2-1383,Varberg (S),2-13,Hallands län (S),3,2020
V501569,UI413930 G200-19 +,2020.09.14,Ja,2020.09.14,,,Får,,,,2020.09.13,2020.09.14,Nej,Fredat vilt,Varg,,Bete innanför stängsel,Fältkontroll - LST,Dokumenterad,2-1290,,6228946,456555,6228946,456555,6231607,1406563,SWEREF99 TM,Mycket bra,2020.09.15,Nej,,Nej,,2020.11.09,David Börjesson,1,0,0,0,0,0,1,0,0,0,7,0,0,0,0,0,0,0,0,0,0,0,0,0,0,0,0,0,0,0,0,Historiska data - ej angivet,,,2-1290,Kristianstad (S),2-12,Skåne län (S),9,2020
V501582,,2020.09.15,Ja,2020.09.15,,,Får,,Finullsfår,,2020.09.12,2020.09.14,Nej,Fredat vilt,Varg,,Bete innanför stängsel,Fältkontroll - LST,Dokumenterad,2-1272,Sibbarp,6230888,1418981,6228373,468974,6230888,1418981,RT90,Mindre bra,2020.09.15,Nej,,Nej,,2020.09.15,Tom Espgård,0,0,0,0,0,0,1,0,0,0,0,0,0,0,0,0,0,0,0,0,0,0,0,0,0,0,0,0,0,0,0,Historiska data - ej angivet,,,2-1272,Bromölla (S),2-12,Skåne län (S),1,2020
V501666,,2020.09.19,Ja,2020.09.19,,,Får,,Annan,Gutefår,2020.09.16,2020.09.19,Nej,Fredat vilt,Varg,,Bete innanför stängsel,Fältkontroll - LST,Dokumenterad,2-0765,"Kornberga, Hallaryd",6261717,1381757,6258749,431410,6261717,1381757,RT90,Exakt,2020.09.19,Nej,,Nej,,2020.09.20,Rune Håkansson,1,0,0,0,0,0,1,0,0,0,0,0,0,0,0,0,0,0,0,0,0,0,0,0,0,0,0,0,0,0,0,Historiska data - ej angivet,,,2-0765,Älmhult (S),2-07,Kronobergs län (S),2,2020
V501801,,2020.09.20,Ja,2020.09.20,,,Får,,Allmogefår,,2020.09.19,2020.09.20,Nej,Fredat vilt,Varg,,Bete utan stängsel,Fältkontroll - LST,Dokumenterad,2-0380,Kullviken,6655212,626345,6655212,626345,6655978,1581502,SWEREF99 TM,Exakt,2020.09.25,Nej,,Nej,,2020.09.25,Sebastian Olofsson,0,0,0,0,2,0,0,0,0,0,0,0,0,0,0,0,0,0,0,0,0,0,0,0,0,0,0,0,0,0,0,Historiska data - ej angivet,,,2-0380,Uppsala (S),2-03,Uppsala län (S),2,2020
V501700,,2020.09.21,Ja,2020.09.21,,,Får,,Finullsfår,,2020.09.18,2020.09.19,Nej,Fredat vilt,Varg,,Bete innanför stängsel,Fältkontroll - LST,Dokumenterad,2-2183,Tönsen,6778741,583095,6778741,583095,6780067,1539756,WGS84-UTM Zon 33,Mindre bra,2020.09.24,Nej,,Nej,,2020.09.24,Hans Nordin,0,4,0,0,0,0,0,0,0,0,0,0,0,0,0,0,0,0,0,0,0,0,0,0,0,0,0,0,0,0,0,Historiska data - ej angivet,,,2-2183,Bollnäs (S),2-21,Gävleborgs län (S),4,2020
V501789,,2020.09.23,Ja,2020.09.23,,,Får,,Texel,,2020.09.22,2020.09.23,Nej,Fredat vilt,Varg,,Bete innanför stängsel,Fältkontroll - LST,Dokumenterad,2-2121,Gäddvik,6804891,561929,6804891,561929,6806485,1518907,WGS84-UTM Zon 33,Mindre bra,2020.09.24,Nej,,Nej,,2020.09.24,Hans Nordin,0,0,0,1,0,0,0,0,0,0,0,0,0,0,0,0,0,0,0,0,0,0,0,0,0,0,0,0,0,0,0,Historiska data - ej angivet,,,2-2121,Ovanåker (S),2-21,Gävleborgs län (S),1,2020
V501853,UI405791 G92-16 +,2020.09.27,Ja,2020.09.27,,,Får,,,,2020.09.27,2020.09.27,Nej,Fredat vilt,Varg,,Bete innanför stängsel,Fältkontroll - LST,Dokumenterad,2-0486,"Rönntorp 1, Strängnäs",6568528,1566091,6567608,612002,6568528,1566091,RT90,Mycket bra,2020.09.29,Nej,,Nej,,2020.09.30,Lovisa Häggström,0,0,0,0,0,0,5,0,0,0,0,0,0,0,0,0,0,0,0,0,0,0,0,0,0,0,0,0,0,0,0,Historiska data - ej angivet,,,2-0486,Strängnäs (S),2-04,Södermanlands län (S),5,2020
V501871,UI414000 G230-19 +,2020.10.01,Ja,2020.10.01,,,Får,,Finullsfår,,2020.09.30,2020.10.01,Nej,Fredat vilt,Varg,,Bete innanför stängsel,Fältkontroll - LST,Dokumenterad,2-2183,Tönsen,6778740,583058,6778740,583058,6780066,1539719,WGS84-UTM Zon 33,Mindre bra,2020.10.01,Nej,,Nej,,2020.10.22,Hans Nordin,0,1,0,0,0,0,0,0,0,0,0,0,0,0,0,0,0,0,0,0,0,0,0,0,0,0,0,0,0,0,0,Historiska data - ej angivet,,,2-2183,Bollnäs (S),2-21,Gävleborgs län (S),1,2020
V501897,UI405791 G92-16 +,2020.10.03,Ja,2020.10.03,,,Får,,Köttraskorsningar,,2020.10.02,2020.10.03,Nej,Fredat vilt,Varg,,Bete innanför stängsel,Fältkontroll - LST,Dokumenterad,2-0461,,6559081,612647,6559081,612647,6559992,1566633,SWEREF99 TM,Mindre bra,2020.10.15,Nej,,Nej,,2020.10.15,Lovisa Häggström,0,0,0,0,0,0,12,0,0,0,0,0,0,0,0,0,2,0,0,0,0,0,0,0,0,0,0,0,0,0,0,Historiska data - ej angivet,,,2-0461,Gnesta (S),2-04,Södermanlands län (S),14,2020
V501930,UI412823 G52-19 +,2020.10.04,Ja,2020.10.05,,,Får,,,,2020.10.03,2020.10.04,Nej,Fredat vilt,Varg,,Bete innanför stängsel,Fältkontroll - LST,Dokumenterad,2-1784,Söpple,6599056,1322765,6595174,368432,6599056,1322765,RT90,Mindre bra,2020.10.05,Nej,,Nej,,2020.10.05,Per Larsson,4,0,0,0,0,0,3,0,0,0,0,0,0,0,0,0,0,0,0,0,1,0,0,0,0,0,1,0,0,0,0,Historiska data - ej angivet,,,2-1784,Arvika (S),2-17,Värmlands län (S),9,2020
V501993,UI413930 G200-19 +,2020.10.08,Ja,2020.10.08,,,Får,,,,2020.10.05,2020.10.08,Nej,Fredat vilt,Varg,,Bete innanför stängsel,Fältkontroll - LST,Dokumenterad,2-0662,,6375378,1372871,6372237,421189,6375378,1372871,RT90,Exakt,2020.10.09,Nej,,Nej,,2021.03.24,Linda Andersson,0,6,0,0,0,0,0,0,0,0,0,7,0,0,0,0,0,0,0,0,0,1,0,0,0,0,0,0,0,0,0,Historiska data - ej angivet,,,2-0662,Gislaved (S),2-06,Jönköpings län (S),14,2020
V502024,UI413930 G200-19 +,2020.10.12,Ja,2020.10.12,,,Får,,,,2020.10.11,2020.10.12,Nej,Fredat vilt,Varg,,Bete innanför stängsel,Fältkontroll - LST,Dokumenterad,2-1382,,6350579,367907,6350579,367907,6354341,1319306,SWEREF99 TM,Mycket bra,2020.10.12,Nej,,Nej,,2020.10.28,Martin Broberg,0,0,0,0,1,0,3,0,0,0,0,0,0,0,0,0,0,0,0,0,0,0,0,0,0,0,0,0,0,0,0,Historiska data - ej angivet,,,2-1382,Falkenberg (S),2-13,Hallands län (S),4,2020
V502050,UI413930 G200-19 +,2020.10.14,Ja,2020.10.14,,,Får,,,,2020.10.13,2020.10.14,Nej,Fredat vilt,Varg,,Bete innanför stängsel,Fältkontroll - LST,Dokumenterad,2-1383,,6349266,355698,6349266,355698,6353172,1307075,SWEREF99 TM,Mycket bra,2020.10.14,Nej,,Nej,,2020.10.28,Martin Broberg,0,0,0,0,0,0,6,0,0,0,0,0,0,0,0,0,0,0,0,0,0,0,0,0,0,0,0,0,0,0,0,Historiska data - ej angivet,,,2-1383,Varberg (S),2-13,Hallands län (S),6,2020
V502123,,2020.10.14,Ja,2020.10.14,,,Får,,Annan,Klövsjö,2020.10.13,2020.10.14,Nej,Fredat vilt,Varg,,Bete innanför stängsel,Fältkontroll - LST,Bedömd som säker,2-1482,Ödsmål,6423586,309740,6423586,309740,6428081,1261975,WGS84-UTM Zon 33,Mindre bra,2020.10.20,Nej,,Nej,,2020.10.20,Nelly Grönberg,0,0,0,0,0,0,1,0,0,0,0,0,0,0,0,0,0,0,0,0,0,0,0,0,0,0,0,0,0,0,0,Historiska data - ej angivet,,,2-1482,Kungälv (S),2-14,Västra Götalands län (S),1,2020
V502083,UI413930 G200-19 +,2020.10.17,Ja,2020.10.17,,,Får,,Gotlandsfår,,2020.10.16,2020.10.17,Nej,Fredat vilt,Varg,,Bete innanför stängsel,Fältkontroll - LST,Dokumenterad,2-1383,,6348038,340129,6348038,340129,6352128,1291483,SWEREF99 TM,Mindre bra,2020.10.18,Nej,,Nej,,2020.10.28,Martin Broberg,0,0,0,0,0,0,1,0,0,0,0,0,0,0,0,0,0,0,0,0,0,0,0,0,0,0,0,0,0,0,0,Historiska data - ej angivet,,,2-1383,Varberg (S),2-13,Hallands län (S),1,2020
V502093,UI413930 G200-19 +,2020.10.18,Ja,2020.10.18,,,Får,,,,2020.10.17,2020.10.18,Nej,Fredat vilt,Varg,,Bete innanför stängsel,Fältkontroll - LST,Dokumenterad,2-1383,,6337906,344198,6337906,344198,6341942,1295434,SWEREF99 TM,Mycket bra,2020.10.18,Nej,,Nej,,2020.10.28,Martin Broberg,0,0,0,0,0,0,2,0,0,0,0,0,0,0,0,0,0,0,0,0,0,0,0,0,0,0,0,0,0,0,0,Historiska data - ej angivet,,,2-1383,Varberg (S),2-13,Hallands län (S),2,2020
V502128,,2020.10.20,Ja,2020.10.20,,,Får,,,,2020.10.19,2020.10.20,Nej,Fredat vilt,Varg,,Bete innanför stängsel,Fältkontroll - LST,Dokumenterad,2-1382,,6348610,369908,6348610,369908,6352347,1321285,SWEREF99 TM,Mindre bra,2020.10.21,Nej,,Nej,,2020.10.21,Martin Broberg,2,0,0,0,0,0,0,0,0,0,0,0,0,0,0,0,0,0,0,0,0,0,0,0,0,0,0,0,0,0,0,Historiska data - ej angivet,,,2-1382,Falkenberg (S),2-13,Hallands län (S),2,2020
V502193,,2020.10.25,Ja,2020.10.25,,,Får,,,,2020.10.24,2020.10.25,Nej,Fredat vilt,Varg,,Bete innanför stängsel,Fältkontroll - LST,Dokumenterad,2-0765,Virestad,6274458,1407372,6271783,456861,6274458,1407372,RT90,Mindre bra,2020.10.26,Nej,,Nej,,2020.10.26,Lasse Carlsson,0,0,0,0,0,0,1,0,0,0,0,0,0,0,0,0,2,1,0,0,0,0,0,0,0,0,0,0,0,0,0,Historiska data - ej angivet,,,2-0765,Älmhult (S),2-07,Kronobergs län (S),4,2020
V502324,UI414019 G244-19,2020.11.07,Ja,2020.11.07,,,Får,,Texel,,2020.11.06,2020.11.07,Nej,Fredat vilt,Varg,,Bete innanför stängsel,Fältkontroll - LST,Dokumenterad,2-1293,,6218787,415933,6218787,415933,6221918,1365804,SWEREF99 TM,Mycket bra,2020.11.08,Nej,,Nej,,2020.11.08,Mikael Bengtsson,0,0,0,0,0,0,1,0,0,0,0,0,0,1,0,0,0,0,0,0,0,0,0,0,0,0,1,0,0,0,0,Historiska data - ej angivet,,,2-1293,Hässleholm (S),2-12,Skåne län (S),3,2020
V502338,UI414019 G244-19,2020.11.10,Ja,2020.11.10,,,Får,,Gotlandsfår,,2020.11.09,2020.11.10,Nej,Fredat vilt,Varg,,Bete innanför stängsel,Fältkontroll - LST,Dokumenterad,2-1291,Ravlunda skjutfält,6180427,1396533,6177678,447127,6180427,1396533,RT90,Mycket bra,2020.11.10,Nej,,Nej,,2020.11.10,Tom Espgård,1,0,0,0,0,0,9,0,0,0,0,0,0,0,0,0,0,0,0,0,0,0,0,0,0,0,0,0,0,0,0,Historiska data - ej angivet,,,2-1291,Simrishamn (S),2-12,Skåne län (S),10,2020
V502345,,2020.11.12,Ja,2020.11.12,,,Får,,Gotlandsfår,,2020.11.09,2020.11.12,Nej,Fredat vilt,Varg,,Bete innanför stängsel,Fältkontroll - LST,Dokumenterad,2-0665,,6361708,439939,6361708,439939,6364621,1391504,SWEREF99 TM,Mycket bra,2020.11.12,Nej,,Nej,,2022.05.19,Linda Andersson,0,0,0,5,1,0,0,0,0,0,0,0,0,0,0,0,0,0,0,0,0,0,0,0,0,0,0,0,0,0,0,Historiska data - ej angivet,,,2-0665,Vaggeryd (S),2-06,Jönköpings län (S),6,2020
V502365,,2020.11.14,Ja,2020.11.14,,,Får,,Allmogefår,,2020.11.13,2020.11.14,Nej,Fredat vilt,Varg,,Bete utan stängsel,Fältkontroll - LST,Dokumenterad,2-1885,Sunnankärr ,6600873,518818,6600873,518818,6602932,1473284,WGS84-UTM Zon 33,Mindre bra,,Nej,,Nej,,2020.11.16,Emma Schön Kvastegård,0,0,0,0,0,0,1,0,0,0,0,0,0,0,0,0,0,0,0,0,0,0,0,0,0,0,0,0,0,0,0,Historiska data - ej angivet,,,2-1885,Lindesberg (S),2-18,Örebro län (S),1,2020
V502613,,2021.01.16,Ja,2021.01.16,,,Får,,Gotlandsfår,,2021.01.15,2021.01.16,Nej,Fredat vilt,Varg,,Bete innanför stängsel,Fältkontroll - LST,Bedömd som säker,2-1267,,6207249,1358405,6204040,408709,6207249,1358405,RT90,Mycket bra,2021.01.17,Nej,,Nej,,2021.01.17,Tom Espgård,0,0,0,0,0,0,1,0,0,0,0,0,0,0,0,0,0,0,0,0,0,0,0,0,0,0,0,0,0,0,0,Historiska data - ej angivet,,,2-1267,Höör (S),2-12,Skåne län (S),1,2021
V502987,UI414114 G28-20,2021.02.19,Ja,2021.02.20,,,Får,,Annan,Blandras,2021.02.19,2021.02.19,Nej,Fredat vilt,Varg,,Bete innanför stängsel,Fältkontroll - LST,Dokumenterad,2-1492,Skackerud,6553475,353358,6553475,353358,6557518,1307179,WGS84-UTM Zon 33,Mindre bra,2021.02.23,Nej,,Nej,,2021.02.23,Nelly Grönberg,0,0,0,0,0,0,1,0,0,0,0,0,0,0,0,0,0,0,0,0,0,0,0,0,0,0,0,0,0,0,0,Historiska data - ej angivet,,,2-1492,Åmål (S),2-14,Västra Götalands län (S),1,2021
V502988,,2021.02.20,Ja,2021.02.21,,,Får,,Annan,Blandras,2021.02.19,2021.02.19,Nej,Fredat vilt,Varg,,Bete innanför stängsel,Fältkontroll - LST,Dokumenterad,2-1492,Skackerud,6553607,353416,6553607,353416,6557649,1307238,WGS84-UTM Zon 33,Mindre bra,2021.02.23,Nej,,Nej,,2022.04.04,Henrike Hensel,0,0,0,0,0,0,1,0,0,0,0,0,0,0,0,0,0,0,0,0,0,0,0,0,0,0,0,0,0,0,0,Historiska data - ej angivet,,,2-1492,Åmål (S),2-14,Västra Götalands län (S),1,2021
V503881,UI415270 G108-20 +,2021.05.15,Ja,2021.05.15,,,Får,,Köttraskorsningar,,2021.05.14,2021.05.15,Nej,Fredat vilt,Varg,,Bete innanför stängsel,Fältkontroll - LST,Dokumenterad,2-0331,Stigängen,6669743,610492,6669743,610492,6670706,1565822,SWEREF99 TM,Mindre bra,2021.05.15,Nej,,Nej,,2021.08.18,Sebastian Olofsson,0,0,0,0,0,0,8,0,0,0,0,0,0,0,0,0,0,0,0,0,0,0,0,0,0,0,0,0,0,0,0,Historiska data - ej angivet,,,2-0331,Heby (S),2-03,Uppsala län (S),8,2021
V504197,UI415269 G107-20,2021.05.28,Ja,2021.05.28,,,Får,,Texel,,2021.05.26,2021.05.27,Nej,Fredat vilt,Varg,,Bete innanför stängsel,Fältkontroll - LST,Dokumenterad,2-2482,Lövsele ,7147708,802621,7147708,802621,7146343,1763936,WGS84-UTM Zon 33,Mindre bra,2021.05.30,Nej,,Nej,,2021.06.28,Jonas Gustafsson,1,0,0,0,0,0,6,0,0,0,0,0,0,0,0,0,0,0,0,0,0,0,0,0,0,0,0,0,0,0,0,Historiska data - ej angivet,,,2-2482,Skellefteå (S),2-24,Västerbottens län (S),7,2021
V504476,,2021.06.11,Ja,2021.06.11,,,Får,,Köttraskorsningar,,2021.06.11,2021.06.11,Nej,Fredat vilt,Varg,,Bete innanför stängsel,Fältkontroll - LST,Dokumenterad,2-1766,Humletorp,6617318,407343,6617318,407343,6620738,1361964,WGS84-UTM Zon 33,Mindre bra,,Nej,,Nej,,2021.06.22,Margareta Åkerman,3,2,0,0,0,0,5,0,1,0,0,0,0,0,0,0,0,0,0,0,0,0,0,0,0,0,0,0,0,0,0,Historiska data - ej angivet,,,2-1766,Sunne (S),2-17,Värmlands län (S),11,2021
V505031,,2021.07.05,Ja,2021.07.05,,,Får,,Köttraskorsningar,,2021.07.04,2021.07.05,Nej,Fredat vilt,Varg,,Bete innanför stängsel,Fältkontroll - LST,Dokumenterad,2-1421,Holm,6447183,298570,6447183,298570,6451825,1251081,WGS84-UTM Zon 33,Mycket bra,2021.07.06,Nej,,Nej,,2021.08.27,Nelly Grönberg,2,8,0,0,0,0,3,0,0,0,0,0,0,0,0,0,0,0,0,0,0,0,0,0,0,0,0,0,0,0,0,Historiska data - ej angivet,,,2-1421,Orust (S),2-14,Västra Götalands län (S),13,2021
V505201,,2021.07.13,Ja,2021.07.14,,,Får,,Texel,,2021.07.11,2021.07.12,Nej,Fredat vilt,Varg,,Bete innanför stängsel,Fältkontroll - LST,Dokumenterad,2-0883,Yxneviks naturreservat,6392874,1547318,6391796,595342,6392874,1547318,RT90,Mindre bra,2021.07.14,Nej,,Nej,,2021.07.14,Robert Briland,0,0,0,2,0,0,1,0,0,0,0,0,0,0,0,0,0,0,0,0,0,0,0,0,0,0,0,0,0,0,0,Historiska data - ej angivet,,,2-0883,Västervik (S),2-08,Kalmar län (S),3,2021
V505243,,2021.07.15,Ja,2021.07.15,,,Får,,Gotlandsfår,,2021.07.14,2021.07.15,Nej,Fredat vilt,Varg,,Bete innanför stängsel,Fältkontroll - LST,Dokumenterad,2-1421,Orust,6459924,313936,6459924,313936,6464390,1266609,SWEREF99 TM,Mycket bra,2021.07.16,Nej,,Nej,,2021.11.30,Nelly Grönberg,0,2,0,0,0,0,3,0,0,0,0,0,0,0,0,0,0,0,0,0,0,0,0,0,0,0,0,0,0,0,0,Historiska data - ej angivet,,,2-1421,Orust (S),2-14,Västra Götalands län (S),5,2021
V505291,UI415318 G56-21 +,2021.07.18,Ja,2021.07.18,,,Får,,Köttraskorsningar,,2021.07.17,2021.07.18,Nej,Fredat vilt,Varg,,Bete innanför stängsel,Fältkontroll - LST,Dokumenterad,2-1421,Holm,6447710,299156,6447710,299156,6452345,1251674,WGS84-UTM Zon 33,Mycket bra,2021.07.18,Nej,,Nej,,2021.08.27,Nelly Grönberg,2,4,0,0,0,0,1,0,0,0,0,0,0,0,0,0,0,0,0,0,0,0,0,0,0,0,0,0,0,0,0,Historiska data - ej angivet,,,2-1421,Orust (S),2-14,Västra Götalands län (S),7,2021
V505465,,2021.07.25,Ja,2021.07.25,,,Får,,Köttraskorsningar,,2021.07.23,2021.07.25,Nej,Fredat vilt,Varg,,Bete innanför stängsel,Fältkontroll - LST,Bedömd som säker,2-1421,Lyr Bö,6443208,295322,6443208,295322,6447887,1247783,WGS84-UTM Zon 33,Mindre bra,2021.07.26,Nej,,Nej,,2021.07.26,Nelly Grönberg,0,2,0,0,0,0,0,0,0,0,0,0,0,0,0,0,0,0,0,0,0,0,0,0,0,0,0,0,0,0,0,Historiska data - ej angivet,,,2-1421,Orust (S),2-14,Västra Götalands län (S),2,2021
V505553,,2021.07.29,Ja,2021.07.29,,,Får,,Köttraskorsningar,,2021.07.27,2021.07.29,Nej,Fredat vilt,Varg,,Bete innanför stängsel,Fältkontroll - LST,Dokumenterad,2-1419,Kållered,6434797,302847,6434797,302847,6439381,1255212,SWEREF99 TM,Mycket bra,2021.07.30,Nej,,Nej,,2021.11.30,Nelly Grönberg,8,0,0,1,0,0,3,0,0,0,0,0,0,0,0,0,0,0,0,0,0,0,0,0,0,0,0,0,0,0,0,Historiska data - ej angivet,,,2-1419,Tjörn (S),2-14,Västra Götalands län (S),12,2021
V505807,,2021.08.08,Ja,2021.08.08,,,Får,,Gotlandsfår,,2021.08.07,2021.08.08,Nej,Fredat vilt,Varg,,Bete innanför stängsel,Fältkontroll - LST,Dokumenterad,2-1421,Svanesund Orust,6447285,309525,6447285,309525,6451796,1262044,SWEREF99 TM,Mycket bra,2021.08.09,Nej,,Nej,,2021.11.30,Nelly Grönberg,5,1,0,0,0,0,5,0,0,0,0,0,0,0,0,0,0,0,0,0,0,0,0,0,0,0,0,0,0,0,0,Historiska data - ej angivet,,,2-1421,Orust (S),2-14,Västra Götalands län (S),11,2021
V505884,,2021.08.11,Ja,2021.08.11,,,Får,,Finullsfår,,2021.08.10,2021.08.11,Nej,Fredat vilt,Varg,,Bete innanför stängsel,Fältkontroll - LST,Dokumenterad,2-1421,Allmag,6456447,313289,6456447,313289,6460918,1265920,WGS84-UTM Zon 33,Mycket bra,2021.08.11,Nej,,Nej,,2021.08.11,Nelly Grönberg,0,0,0,0,0,0,3,0,0,0,0,0,0,0,0,0,0,0,0,0,0,0,0,0,0,0,0,0,0,0,0,Historiska data - ej angivet,,,2-1421,Orust (S),2-14,Västra Götalands län (S),3,2021
V505914,,2021.08.12,Ja,2021.08.12,,,Får,,,,2021.08.11,2021.08.12,Nej,Fredat vilt,Varg,,Bete innanför stängsel,Fältkontroll - LST,Dokumenterad,2-1473,Fägre Askegården 45,6502854,1402352,6499991,449131,6502854,1402352,RT90,Mindre bra,2021.08.12,Nej,,Nej,,2021.11.30,Nelly Grönberg,0,0,0,3,0,0,0,0,0,0,0,0,0,0,0,0,0,0,0,0,0,0,0,0,0,0,0,0,0,0,0,Historiska data - ej angivet,,,2-1473,Töreboda (S),2-14,Västra Götalands län (S),3,2021
V505993,,2021.08.12,Ja,2021.08.12,,,Får,,,,2021.08.12,2021.08.12,Nej,Fredat vilt,Varg,,Bete innanför stängsel,Fältkontroll - LST,Dokumenterad,2-2181,"Hosjön, Storvik",6720072,582454,6720072,582454,6721390,1538393,SWEREF99 TM,Mycket bra,2021.08.16,Nej,,Nej,,2021.09.21,Hans Nordin,1,0,0,0,0,0,1,0,0,0,0,0,0,0,0,0,0,0,0,0,0,0,0,0,0,0,0,0,0,0,0,Historiska data - ej angivet,,,2-2181,Sandviken (S),2-21,Gävleborgs län (S),2,2021
V506126,,2021.08.13,Ja,2021.08.13,,,Får,,,,2021.08.12,2021.08.13,Nej,Fredat vilt,Varg,,Bete innanför stängsel,Fältkontroll - LST,Dokumenterad,2-2031,Matsbodarna,6763060,1464764,6760819,508347,6763060,1464764,RT90,Exakt,2021.08.20,Nej,,Nej,,2021.08.20,Arne Söderberg,1,2,0,0,0,0,0,0,0,0,0,0,0,0,0,0,0,0,0,0,0,0,0,0,0,0,0,0,0,0,0,Historiska data - ej angivet,,,2-2031,Rättvik (S),2-20,Dalarnas län (S),3,2021
V506090,,2021.08.16,Ja,2021.08.17,,,Får,,Gotlandsfår,,2021.08.15,2021.08.16,Nej,Fredat vilt,Varg,,Bete innanför stängsel,Fältkontroll - LST,Dokumenterad,2-0331,Delbo gård,6662321,614397,6662321,614397,6663234,1569638,SWEREF99 TM,Exakt,2021.08.19,Nej,,Nej,,2021.08.19,Johnny Bergström,0,0,0,0,0,0,1,0,0,0,0,0,0,0,0,0,0,0,0,0,0,0,0,0,0,0,0,0,0,0,0,Historiska data - ej angivet,,,2-0331,Heby (S),2-03,Uppsala län (S),1,2021
V506115,,2021.08.18,Ja,2021.08.19,,,Får,,Köttraskorsningar,,2021.08.18,2021.08.18,Nej,Fredat vilt,Varg,,Bete innanför stängsel,Fältkontroll - LST,Dokumenterad,2-0331,,6670101,610642,6670101,610642,6671062,1565977,SWEREF99 TM,Exakt,2021.08.19,Nej,,Nej,,2022.04.19,Sebastian Olofsson,0,0,0,0,1,0,16,1,0,0,0,0,0,0,0,0,0,0,0,0,0,0,0,0,0,0,0,0,0,0,0,Historiska data - ej angivet,,,2-0331,Heby (S),2-03,Uppsala län (S),18,2021
V506154,,2021.08.20,Ja,2021.08.21,,,Får,,,,2021.08.20,2021.08.20,Nej,Fredat vilt,Varg,,Bete utan stängsel,Fältkontroll - LST,Dokumenterad,2-0181,,6559016,1596302,6558464,642317,6559016,1596302,RT90,Mycket bra,2021.08.23,Nej,,Nej,,2021.08.25,Mikael Fransson,0,18,0,0,0,0,0,1,0,0,0,0,0,0,0,0,0,0,0,0,0,0,0,0,0,0,0,0,0,0,0,Historiska data - ej angivet,,,2-0181,Södertälje (S),2-01,Stockholms län (S),19,2021
V506155,UI406179 G11-17,2021.08.21,Ja,2021.08.21,,,Får,,,,2021.08.19,2021.08.21,Ja,Fredat vilt,Varg,,Bete innanför stängsel,Fältkontroll - LST,Dokumenterad,2-0140,,6558924,1595972,6558368,641988,6558924,1595972,RT90,Mycket bra,2021.08.23,Nej,,Nej,,2021.08.23,Mikael Fransson,0,0,0,0,0,0,7,0,0,0,0,0,0,0,0,0,0,0,0,0,0,0,0,0,0,0,0,0,0,0,0,Historiska data - ej angivet,,,2-0140,Nykvarn (S),2-01,Stockholms län (S),7,2021
V506336,"UI412607 G24-19, UI415397 G95-21",2021.08.27,Ja,2021.08.27,,,Får,,Annan,Blandras,2021.08.26,2021.08.27,Ja,Fredat vilt,Varg,,Bete innanför stängsel,Fältkontroll - LST,Dokumenterad,2-0331,Björken,6662011,624261,6662011,624261,6662804,1579500,SWEREF99 TM,Exakt,2021.08.29,Nej,,Nej,,2022.04.19,Sebastian Olofsson,0,0,7,0,0,0,19,1,0,0,0,0,0,0,0,0,0,0,0,0,0,0,0,0,0,4,0,0,0,0,0,Historiska data - ej angivet,,,2-0331,Heby (S),2-03,Uppsala län (S),31,2021
V506337,"UI408017 G165-17, UI412607 G24-19",2021.08.28,Ja,2021.08.28,,,Får,,,,2021.08.27,2021.08.28,Nej,Fredat vilt,Varg,,Bete innanför stängsel,Fältkontroll - LST,Dokumenterad,2-0380,,6665666,633402,6665666,633402,6666348,1588688,SWEREF99 TM,Mindre bra,2021.08.29,Nej,,Nej,,2022.04.19,Sebastian Olofsson,6,0,0,2,0,0,6,0,0,0,2,0,0,0,0,0,0,0,0,0,0,0,0,0,0,0,0,0,0,0,0,Historiska data - ej angivet,,,2-0380,Uppsala (S),2-03,Uppsala län (S),16,2021
V506353,UI415308 G7-21,2021.08.28,Ja,2021.08.28,,,Får,,Köttraskorsningar,,2021.08.27,2021.08.28,Nej,Fredat vilt,Varg,,Bete innanför stängsel,Fältkontroll - LST,Dokumenterad,2-2080,Krassbo,6721231,546003,6721231,546003,6722997,1501946,SWEREF99 TM,Mindre bra,2021.08.28,Nej,,Nej,,2021.08.30,Fredrik Perols,0,2,0,0,0,0,0,0,0,0,0,0,0,0,0,0,0,0,0,0,0,0,0,0,0,0,0,0,0,0,0,Historiska data - ej angivet,,,2-2080,Falun (S),2-20,Dalarnas län (S),2,2021
V506385,UI416763 G139-21,2021.08.30,Ja,2021.08.30,,,Får,,,,2021.08.29,2021.08.30,Nej,Fredat vilt,Varg,,Bete innanför stängsel,Fältkontroll - LST,Dokumenterad,2-1473,Krustorp Ekeskog,6499683,1403796,6496839,450612,6499683,1403796,RT90,Mindre bra,2021.11.30,Nej,,Nej,,2021.11.30,Nelly Grönberg,0,0,0,3,0,0,0,0,0,0,0,0,0,0,0,0,0,0,0,0,0,0,0,0,0,0,0,0,0,0,0,Historiska data - ej angivet,,,2-1473,Töreboda (S),2-14,Västra Götalands län (S),3,2021
V506506,UI412607 G24-19,2021.09.01,Ja,2021.09.02,,,Får,,,,2021.09.01,2021.09.01,Nej,Fredat vilt,Varg,,Bete innanför stängsel,Fältkontroll - LST,Dokumenterad,2-0331,,6667472,613864,6667472,613864,6668393,1569167,SWEREF99 TM,Mycket bra,2021.09.03,Nej,,Nej,,2022.04.19,Sebastian Olofsson,0,0,0,2,0,0,1,0,0,0,0,0,0,0,0,0,0,0,0,0,0,0,0,0,0,0,0,0,0,0,0,Historiska data - ej angivet,,,2-0331,Heby (S),2-03,Uppsala län (S),3,2021
V506527,,2021.09.03,Ja,2021.09.04,,,Får,,Annan,"Värmlandsfår ett st, ett lantras",2021.09.02,2021.09.03,Nej,Fredat vilt,Varg,,Bete innanför stängsel,Fältkontroll - LST,Dokumenterad,2-1382,,6306004,356789,6306004,356789,6309874,1307655,SWEREF99 TM,Mindre bra,2021.09.05,Nej,,Nej,,2022.02.10,Kjell-Göran Nilsson,0,0,0,0,0,0,2,0,0,0,0,0,0,0,0,0,0,0,0,0,0,0,0,0,0,0,0,0,0,0,0,Historiska data - ej angivet,,,2-1382,Falkenberg (S),2-13,Hallands län (S),2,2021
V506560,UI406179 G11-17,2021.09.03,Ja,2021.09.03,,,Får,,Annan,Roslagsfår,2021.09.02,2021.09.03,Nej,Fredat vilt,Varg,,Bete innanför stängsel,Fältkontroll - LST,Dokumenterad,2-0461,Garskog,6561841,1576793,6561052,622780,6561841,1576793,RT90,Mycket bra,2021.09.06,Nej,,Nej,,2021.09.06,Ingemar Parck,0,0,0,1,0,0,4,0,0,0,0,0,0,0,0,0,0,0,0,0,1,0,0,0,0,0,0,0,0,0,0,Historiska data - ej angivet,,,2-0461,Gnesta (S),2-04,Södermanlands län (S),6,2021
V506752,UI406179 G11-17,2021.09.11,Ja,2021.09.11,,,Får,,Annan,Blandras kött och päls,2021.09.10,2021.09.11,Nej,Fredat vilt,Varg,,Bete innanför stängsel,Fältkontroll - LST,Dokumenterad,2-0461,Hammersta,6557490,1579821,6556740,625860,6557490,1579821,RT90,Mycket bra,2021.09.12,Nej,,Nej,,2021.09.13,Ingemar Parck,4,0,0,4,0,0,20,0,0,0,7,0,0,0,0,0,11,0,0,0,2,0,0,0,0,0,0,0,0,0,0,Historiska data - ej angivet,,,2-0461,Gnesta (S),2-04,Södermanlands län (S),48,2021
V506771,UI408017 G165-17,2021.09.12,Ja,2021.09.12,,,Får,,,,2021.09.11,2021.09.12,Nej,Fredat vilt,Varg,,Bete innanför stängsel,Fältkontroll - LST,Dokumenterad,2-0331,,6667768,614068,6667768,614068,6668687,1569375,SWEREF99 TM,Mindre bra,2021.09.13,Nej,,Nej,,2022.04.19,Sebastian Olofsson,0,0,0,1,0,0,4,0,0,0,0,0,0,0,0,0,0,0,0,0,0,0,0,0,0,0,0,0,0,0,0,Historiska data - ej angivet,,,2-0331,Heby (S),2-03,Uppsala län (S),5,2021
V507054,UI406179 G11-17,2021.09.24,Ja,2021.09.24,,,Får,,Köttraskorsningar,,2021.09.24,2021.09.24,Nej,Fredat vilt,Varg,,Bete innanför stängsel,Fältkontroll - LST,Dokumenterad,2-0461,Barrsätter,6560094,1575515,6559291,621524,6560094,1575515,RT90,Mycket bra,2021.09.25,Nej,,Nej,,2021.09.25,Ingemar Parck,34,0,0,0,0,0,0,0,0,0,6,0,0,0,0,0,0,0,0,0,7,0,0,0,0,0,0,0,0,0,0,Historiska data - ej angivet,,,2-0461,Gnesta (S),2-04,Södermanlands län (S),47,2021
V507106,UI407912 G159-17,2021.09.28,Ja,2021.09.28,,,Får,,,,2021.09.28,2021.09.28,Nej,Fredat vilt,Varg,,Bete innanför stängsel,Fältkontroll - LST,Dokumenterad,2-0562,Sätersborg,6510402,1486508,6508547,533153,6510402,1486508,RT90,Mindre bra,2021.09.28,Nej,,Nej,,2021.09.28,Daniel Hellqvist,1,1,0,0,0,0,0,0,0,0,0,0,0,0,0,0,0,0,0,0,0,0,0,0,0,0,0,0,0,0,0,Historiska data - ej angivet,,,2-0562,Finspång (S),2-05,Östergötlands län (S),2,2021
V507239,,2021.10.07,Ja,2021.10.07,,,Får,,Annan,Blandning Texel mm,2021.10.06,2021.10.07,Nej,Fredat vilt,Varg,,Bete med rovdjursavvisande stängsel,Fältkontroll - LST,Dokumenterad,2-1737,Haga,6687630,372653,6687630,372653,6691506,1328115,WGS84-UTM Zon 33,Mindre bra,2021.10.07,Nej,,Nej,,2021.10.07,Per Larsson,2,1,0,0,0,0,2,0,0,0,0,0,0,0,0,0,0,0,0,0,0,0,0,0,0,0,0,0,0,0,0,Historiska data - ej angivet,,,2-1737,Torsby (S),2-17,Värmlands län (S),5,2021
V507591,UI414029 G238-19 +,2021.11.10,Ja,2021.11.11,,,Får,,,,2021.11.09,2021.11.10,Nej,Fredat vilt,Varg,,Bete utan stängsel,Fältkontroll - LST,Dokumenterad,2-1880,Björkön,6572807,530985,6572807,530985,6574709,1485115,WGS84-UTM Zon 33,Mycket bra,2021.11.12,Nej,,Nej,,2022.04.19,Emma Schön Kvastegård,0,0,0,0,0,0,19,0,0,0,0,0,0,0,0,0,0,0,0,0,0,0,0,0,0,0,3,0,0,0,0,Historiska data - ej angivet,,,2-1880,Örebro (S),2-18,Örebro län (S),22,2021
V507765,UI415243 G41-21 V935+,2021.12.15,Ja,2021.12.16,,,Får,,Köttraskorsningar,,2021.12.11,2021.12.12,Ja,Fredat vilt,Varg,,Bete utan stängsel,Fältkontroll - LST,Dokumenterad,2-1461,Dalskog,6520408,344029,6520408,344029,6524546,1297445,SWEREF99 TM,Mycket bra,2021.12.17,Nej,,Nej,,2022.01.05,Nelly Grönberg,0,0,0,0,0,0,0,1,0,0,0,0,0,0,0,0,0,0,0,0,0,0,0,0,0,0,0,0,0,0,0,Historiska data - ej angivet,,,2-1461,Mellerud (S),2-14,Västra Götalands län (S),1,2021
V508336,UI417125 G177-21,2022.02.16,Ja,2022.02.16,,,Får,,Annan,korsning Leicester/Gotlandsfår,2022.02.15,2022.02.16,Nej,Fredat vilt,Varg,,Bete innanför stängsel,Fältkontroll - LST,Dokumenterad,2-1281,Humlamaden,6164170,407127,6164170,407127,6167378,1356358,WGS84-UTM Zon 33,Mindre bra,2022.02.16,Nej,,Nej,,2022.02.16,David Börjesson,0,0,0,1,0,0,0,0,0,0,0,0,0,0,0,0,0,0,0,0,0,0,0,0,0,0,0,0,0,0,0,Historiska data - ej angivet,,,2-1281,Lund (S),2-12,Skåne län (S),1,2022
V508850,UI417370 G95-22,2022.03.17,Ja,2022.03.17,,,Får,,,,2022.03.16,2022.03.17,Nej,Fredat vilt,Varg,,Bete innanför stängsel,Fältkontroll - LST,Dokumenterad,2-0581,Skogen,6503667,1495385,6501921,542107,6503667,1495385,RT90,Mindre bra,2022.03.17,Nej,,Nej,,2022.03.17,Daniel Hellqvist,0,0,0,0,0,0,1,0,0,0,0,0,0,0,0,0,0,0,0,0,0,0,0,0,0,0,0,0,0,0,0,Historiska data - ej angivet,,,2-0581,Norrköping (S),2-05,Östergötlands län (S),1,2022
V508972,UI417122 G174-21 V1032,2022.03.23,Ja,2022.03.23,,,Får,,Allmogefår,,2022.03.22,2022.03.23,Nej,Fredat vilt,Varg,,Bete innanför stängsel,Fältkontroll - LST,Dokumenterad,2-1460,Nyböllet,6566541,1288982,6562272,335065,6566541,1288982,RT90,Mycket bra,2022.03.25,Nej,,Nej,,2022.03.25,Nelly Grönberg,0,0,0,2,0,0,5,0,0,0,0,0,0,0,0,0,0,0,0,0,0,0,0,0,0,0,1,0,0,0,0,Historiska data - ej angivet,,,2-1460,Bengtsfors (S),2-14,Västra Götalands län (S),8,2022
V508975,,2022.03.23,Ja,2022.03.25,,,Får,,Gotlandsfår,,2022.03.23,2022.03.23,Nej,Fredat vilt,Varg,,Bete innanför stängsel,Fältkontroll - LST,Osäker,2-1381,,6265547,398209,6265547,398209,6268908,1348620,SWEREF99 TM,Exakt,2022.03.27,Nej,,Nej,,2023.02.08,Martin Broberg,0,0,0,1,0,0,0,0,0,0,0,0,0,0,0,0,0,0,0,0,0,0,0,0,0,0,0,0,0,0,0,Historiska data - ej angivet,,,2-1381,Laholm (S),2-13,Hallands län (S),1,2022
V509118,,2022.04.10,Ja,2022.04.10,,,Får,,Annan,Korsning,2022.04.09,2022.04.10,Nej,Fredat vilt,Varg,,Bete innanför stängsel,Fältkontroll - LST,Dokumenterad,2-1473,Herrängen ,6494847,452221,6494847,452221,6497670,1405381,WGS84-UTM Zon 33,Mindre bra,2022.05.03,Nej,,Nej,,2022.05.03,Nelly Grönberg,0,0,0,0,1,0,0,0,0,0,0,0,0,0,0,0,0,0,0,0,0,0,0,0,1,0,0,0,0,0,0,Historiska data - ej angivet,,,2-1473,Töreboda (S),2-14,Västra Götalands län (S),2,2022
V509234,,2022.04.15,Ja,2022.04.15,,,Får,,Annan,Värmlandsfår,2022.04.14,2022.04.15,Nej,Fredat vilt,Varg,,Bete utan stängsel,Fältkontroll - LST,Bedömd som säker,2-1281,,6167038,407272,6167038,407272,6170245,1356536,SWEREF99 TM,Mindre bra,2022.04.21,Nej,,Nej,,2022.04.21,David Börjesson,0,0,0,0,1,0,0,0,0,0,0,0,0,0,1,0,0,0,0,0,0,0,0,0,0,0,0,0,0,0,0,Historiska data - ej angivet,,,2-1281,Lund (S),2-12,Skåne län (S),2,2022
V509397,,2022.04.27,Ja,2022.04.28,,,Får,,Texel,,2022.04.26,2022.04.27,Nej,Fredat vilt,Varg,,Bete innanför stängsel,Fältkontroll - LST,Dokumenterad,2-1438,Töftedal,6531730,1267870,6527231,314388,6531730,1267870,RT90,Mindre bra,2022.05.03,Nej,,Nej,,2022.05.03,Nelly Grönberg,0,0,0,0,0,0,1,0,0,0,0,0,0,0,0,0,0,0,0,0,0,0,0,0,0,0,0,0,0,0,0,Historiska data - ej angivet,,,2-1438,Dals-Ed (S),2-14,Västra Götalands län (S),1,2022
V509487,,2022.05.10,Ja,2022.05.10,,,Får,,,,2022.05.09,2022.05.10,Nej,Fredat vilt,Varg,,Bete innanför stängsel,Fältkontroll - LST,Dokumenterad,2-0580,Högsäter,6492672,1483319,6490787,530178,6492672,1483319,RT90,Mindre bra,2022.05.10,Nej,,Nej,,2022.05.10,Daniel Hellqvist,1,1,0,0,0,0,0,0,0,0,0,0,2,0,0,0,0,0,0,0,0,0,0,0,0,0,0,0,0,0,0,Historiska data - ej angivet,,,2-0580,Linköping (S),2-05,Östergötlands län (S),4,2022
V509698,UI415332 G64-21 +,2022.05.20,Ja,2022.05.21,,,Får,,Dorper,,2022.05.20,2022.05.20,Nej,Fredat vilt,Varg,,Bete innanför stängsel,Fältkontroll - LST,Dokumenterad,2-1442,Klinten,6431394,1324122,6427638,371804,6431394,1324122,RT90,Mindre bra,2022.05.23,Nej,,Nej,,2022.09.23,Nelly Grönberg,1,0,0,4,0,0,0,0,0,0,0,0,0,0,0,0,0,0,0,0,0,0,0,0,0,0,0,0,0,0,0,Historiska data - ej angivet,,,2-1442,Vårgårda (S),2-14,Västra Götalands län (S),5,2022
V509841,,2022.05.23,Ja,2022.05.23,,,Får,,,,2022.05.22,2022.05.23,Nej,Fredat vilt,Varg,,Bete innanför stängsel,Fältkontroll - LST,Dokumenterad,2-0560,Bålnäs,6433031,1467547,6430985,515128,6433031,1467547,RT90,Exakt,2022.05.26,Nej,,Nej,,2022.05.26,Anders Hedström,0,0,0,0,0,0,7,0,0,0,0,0,0,0,0,0,5,0,0,0,0,0,0,0,0,0,0,0,0,0,0,Historiska data - ej angivet,,,2-0560,Boxholm (S),2-05,Östergötlands län (S),12,2022
V510141,,2022.06.02,Ja,2022.06.03,,,Får,,Köttraskorsningar,,2022.06.01,2022.06.02,Nej,Fredat vilt,Varg,,Bete innanför stängsel,Fältkontroll - LST,Dokumenterad,2-1499,Brandsbygget,6432705,1376050,6429568,423684,6432705,1376050,RT90,Mindre bra,2022.06.07,Nej,,Nej,,2022.09.23,Nelly Grönberg,0,4,0,0,0,0,0,0,0,0,0,1,0,0,0,0,0,0,0,0,0,1,0,0,0,0,0,0,0,0,0,Historiska data - ej angivet,,,2-1499,Falköping (S),2-14,Västra Götalands län (S),6,2022
V510155,,2022.06.03,Ja,2022.06.03,,,Får,,,,2022.06.03,2022.06.03,Nej,Fredat vilt,Varg,,Bete innanför stängsel,Fältkontroll - LST,Dokumenterad,2-0461,Trön,6544296,1586022,6543625,632218,6544296,1586022,RT90,Mindre bra,2022.06.08,Nej,,Nej,,2022.06.09,Markus Södling,0,0,0,0,0,0,1,0,0,0,0,0,0,0,0,0,0,0,0,0,0,0,0,0,0,0,0,0,0,0,0,Historiska data - ej angivet,,,2-0461,Gnesta (S),2-04,Södermanlands län (S),1,2022
V510371,UI418455 G120-22 V1114 +,2022.06.09,Ja,2022.06.09,,,Får,,,,2022.06.08,2022.06.09,Nej,Fredat vilt,Varg,,Bete utan stängsel,Fältkontroll - LST,Dokumenterad,2-2023,Råberget,6746503,1377297,6743195,421130,6746503,1377297,RT90,Mycket bra,2022.06.20,Nej,,Nej,,2022.07.13,Hans-Olov Hansson,0,0,0,0,0,0,6,0,0,0,0,0,0,0,0,0,2,0,0,0,0,0,0,0,0,0,1,0,0,0,0,Historiska data - ej angivet,,,2-2023,Malung (S),2-20,Dalarnas län (S),9,2022
V510273,UI417270 G12-22,2022.06.14,Ja,2022.06.14,,,Får,,,,2022.06.12,2022.06.14,Nej,Fredat vilt,Varg,,Bete innanför stängsel,Fältkontroll - LST,Dokumenterad,2-0583,Öna,6508701,1479420,6506761,526089,6508701,1479420,RT90,Mindre bra,2022.06.14,Nej,,Nej,,2022.06.14,Daniel Hellqvist,1,0,0,0,0,0,2,0,0,0,0,0,0,0,0,0,0,0,0,0,2,0,0,0,0,0,0,0,0,0,0,Historiska data - ej angivet,,,2-0583,Motala (S),2-05,Östergötlands län (S),5,2022
V510433,UI417353 G82-22,2022.06.22,Ja,2022.06.22,,,Får,,,,2022.06.19,2022.06.22,Nej,Fredat vilt,Varg,,Bete innanför stängsel,Fältkontroll - LST,Dokumenterad,2-2482,Lövsele ,7147727,802546,7147727,802546,7146363,1763861,WGS84-UTM Zon 33,Mindre bra,2022.06.22,Nej,,Nej,,2022.06.23,Jonas Gustafsson,0,7,0,0,0,0,16,0,0,0,0,0,0,0,0,0,0,0,0,0,0,0,0,0,0,0,0,0,0,0,0,Historiska data - ej angivet,,,2-2482,Skellefteå (S),2-24,Västerbottens län (S),23,2022
V510491,UI417134 G180-21 V1099,2022.06.23,Ja,2022.06.23,,,Får,,Gotlandsfår,,2022.06.23,2022.06.23,Nej,Fredat vilt,Varg,,Bete med rovdjursavvisande stängsel,Fältkontroll - LST,Dokumenterad,2-2085,Håen,6672029,468690,6672029,468690,6674724,1424004,WGS84-UTM Zon 33,Mindre bra,2022.06.23,Nej,,Nej,,2022.06.27,Fredrik Perols,0,0,2,0,0,0,2,0,0,0,0,0,1,0,0,0,0,0,0,0,0,0,0,0,0,0,0,0,0,0,0,Historiska data - ej angivet,,,2-2085,Ludvika (S),2-20,Dalarnas län (S),5,2022
V510456,,2022.06.24,Ja,2022.06.24,,,Får,,,,2022.06.23,2022.06.24,Nej,Fredat vilt,Varg,,Bete innanför stängsel,Fältkontroll - LST,Dokumenterad,2-1446,Perstorp Rödjan 1,6496972,1423907,6494371,470745,6496972,1423907,RT90,Mindre bra,2022.06.25,Nej,,Nej,,2022.09.23,Nelly Grönberg,1,0,0,0,0,0,2,0,0,0,0,0,0,0,0,0,0,0,0,0,0,0,0,0,0,0,0,0,0,0,0,Historiska data - ej angivet,,,2-1446,Karlsborg (S),2-14,Västra Götalands län (S),3,2022
V510458,UI417359 G87-22 +,2022.06.25,Ja,2022.06.25,,,Får,,Köttraskorsningar,,2022.06.23,2022.06.24,Nej,Fredat vilt,Varg,,Bete innanför stängsel,Fältkontroll - LST,Dokumenterad,2-1214,Långaröd,6211529,1345065,6208162,395328,6211529,1345065,RT90,Mycket bra,2022.06.25,Nej,,Nej,,2022.06.27,Tom Espgård,2,2,0,0,0,0,2,0,0,0,0,0,0,0,0,0,0,0,0,0,0,0,0,0,0,0,0,0,0,0,0,Historiska data - ej angivet,,,2-1214,Svalöv (S),2-12,Skåne län (S),6,2022
V510484,,2022.06.26,Ja,2022.06.26,,,Får,,Köttraskorsningar,,2022.06.26,2022.06.26,Nej,Fredat vilt,Varg,,Bete innanför stängsel,Fältkontroll - LST,Dokumenterad,2-1214,,6211232,1345383,6207869,395649,6211232,1345383,RT90,Mindre bra,2022.06.27,Nej,,Nej,,2022.06.27,Tom Espgård,0,1,0,0,0,0,0,0,0,0,0,0,0,0,0,0,0,0,0,0,0,0,0,0,0,0,0,0,0,0,0,Historiska data - ej angivet,,,2-1214,Svalöv (S),2-12,Skåne län (S),1,2022
V510688,,2022.07.08,Ja,2022.07.08,,,Får,,Annan,"1 Gotlandsfår och 5 blandfår, (finullsfår)",2022.07.07,2022.07.08,Nej,Fredat vilt,Varg,,Bete med rovdjursavvisande stängsel,Fältkontroll - LST,Dokumenterad,2-0140,Källsvik,6559609,633283,6559609,633283,6560270,1587280,SWEREF99 TM,Exakt,2024.04.09,Nej,,Nej,,2024.04.23,Paula Jonsson,0,0,0,2,0,0,4,0,0,0,0,0,0,0,0,0,0,0,0,0,0,0,0,0,0,0,0,0,0,0,0,Historiska data - ej angivet,,,2-0140,Nykvarn (S),2-01,Stockholms län (S),6,2022
V510734,,2022.07.11,Ja,2022.07.11,,,Får,,Gotlandsfår,,2022.07.07,2022.07.08,Nej,Fredat vilt,Varg,,Bete innanför stängsel,Fältkontroll - LST,Dokumenterad,2-1814,Lilla Väsby,6558205,497911,6558205,497911,6560502,1451853,WGS84-UTM Zon 33,Mindre bra,2022.12.21,Nej,,Nej,,2022.12.21,Lena Jörgensen,0,0,5,0,0,0,7,0,0,0,0,0,3,0,0,0,1,0,0,0,0,0,2,0,0,0,0,0,0,0,0,Historiska data - ej angivet,,,2-1814,Lekeberg (S),2-18,Örebro län (S),18,2022
V510839,,2022.07.13,Ja,2022.07.14,,,Får,,Dorper,,2022.07.12,2022.07.13,Nej,Fredat vilt,Varg,,Bete innanför stängsel,Fältkontroll - LST,Dokumenterad,2-2061,Simmersjön,6654621,1468964,6652484,513872,6654621,1468964,RT90,Mycket bra,2022.07.14,Nej,,Nej,,2022.07.19,Lina Leksell,0,0,0,0,0,0,5,0,0,0,0,0,0,0,0,0,0,0,0,0,0,0,0,0,0,0,0,0,0,0,0,Historiska data - ej angivet,,,2-2061,Smedjebacken (S),2-20,Dalarnas län (S),5,2022
V511215,UI415486 G110-21 +,2022.07.28,Ja,2022.07.28,,,Får,,Köttraskorsningar,,2022.07.27,2022.07.28,Nej,Fredat vilt,Varg,,Bete innanför stängsel,Fältkontroll - LST,Dokumenterad,2-0765,Linnefalla,6265537,1383609,6262588,433216,6265537,1383609,RT90,Exakt,2022.07.30,Nej,,Nej,,2022.09.05,Elin Åkelius,0,0,0,0,0,0,2,0,0,0,0,0,0,0,0,0,0,0,0,0,0,0,0,0,0,0,0,0,0,0,0,Historiska data - ej angivet,,,2-0765,Älmhult (S),2-07,Kronobergs län (S),2,2022
V511270,UI418002 G108-22,2022.08.01,Ja,2022.08.01,,,Får,,,,2022.08.01,2022.08.01,Nej,Fredat vilt,Varg,,Bete innanför stängsel,Fotodokumentation,Bedömd som säker,2-1266,,6195943,1377310,6192962,427735,6195943,1377310,RT90,Mindre bra,2022.08.01,Nej,,Nej,,2022.08.03,Malin Håkansson,1,0,0,0,0,0,0,0,0,0,0,0,0,0,0,0,0,0,0,0,0,0,0,0,0,0,0,0,0,0,0,Historiska data - ej angivet,,,2-1266,Hörby (S),2-12,Skåne län (S),1,2022
V511276,UI415486 G110-21 +,2022.08.01,Ja,2022.08.01,,,Får,,,,2022.08.01,2022.08.01,Nej,Fredat vilt,Varg,,Bete innanför stängsel,Fotodokumentation,Bedömd som säker,2-1273,,6258508,1389011,6255627,438698,6258508,1389011,RT90,Mindre bra,2022.08.01,Nej,,Nej,,2022.08.03,Malin Håkansson,0,0,0,0,0,0,1,0,0,0,0,0,0,0,0,0,0,0,0,0,0,0,0,0,0,0,0,0,0,0,0,Historiska data - ej angivet,,,2-1273,Osby (S),2-12,Skåne län (S),1,2022
V511278,,2022.08.01,Ja,2022.08.02,,,Får,,Dorset,,2022.07.31,2022.08.01,Nej,Fredat vilt,Varg,,Bete innanför stängsel,Fältkontroll - LST,Bedömd som säker,2-1257,,6236445,1341276,6233018,391250,6236445,1341276,RT90,Mycket bra,2022.08.02,Nej,,Nej,,2022.08.02,Tom Espgård,0,0,0,0,0,0,3,0,0,0,0,0,0,0,0,0,2,0,0,0,0,0,0,0,0,0,0,0,0,0,0,Historiska data - ej angivet,,,2-1257,Örkelljunga (S),2-12,Skåne län (S),5,2022
V511428,,2022.08.06,Ja,2022.08.06,,,Får,,Köttraskorsningar,,2022.08.05,2022.08.06,Nej,Fredat vilt,Varg,,Bete innanför stängsel,Fältkontroll - LST,Dokumenterad,2-0461,Skeppsta,6560325,1574901,6559514,620907,6560325,1574901,RT90,Mindre bra,2022.08.09,Nej,,Nej,,2022.08.09,Markus Södling,5,8,0,0,0,0,2,0,0,0,2,0,0,0,0,0,0,0,0,0,0,0,0,0,0,0,0,0,0,0,0,Historiska data - ej angivet,,,2-0461,Gnesta (S),2-04,Södermanlands län (S),17,2022
V511411,UI417159 G193-21,2022.08.08,Ja,2022.08.08,,,Får,,Gotlandsfår,,2022.08.07,2022.08.08,Nej,Fredat vilt,Varg,,Bete innanför stängsel,Fältkontroll - LST,Dokumenterad,2-0686,"Hult, Råstorp",6390379,508107,6390379,508107,6392494,1460040,SWEREF99 TM,Mycket bra,2022.08.08,Nej,,Nej,,2022.09.02,Linda Andersson,0,0,0,0,0,0,2,0,0,0,0,0,0,0,0,0,2,0,0,0,0,0,0,0,0,0,0,0,0,0,0,Historiska data - ej angivet,,,2-0686,Eksjö (S),2-06,Jönköpings län (S),4,2022
V511486,,2022.08.09,Ja,2022.08.09,,,Får,,Gotlandsfår,,2022.08.04,2022.08.09,Ja,Fredat vilt,Varg,,Bete innanför stängsel,Fältkontroll - LST,Dokumenterad,2-0188,Järingevägen 70,6660320,698342,6660320,698342,6660209,1653574,WGS84-UTM Zon 33,Mindre bra,2022.08.10,Nej,,Nej,,2022.08.17,Mikael Fransson,0,0,6,0,0,0,0,0,0,0,0,0,0,0,0,0,0,0,0,0,0,0,0,0,0,0,0,0,0,0,0,Historiska data - ej angivet,,,2-0188,Norrtälje (S),2-01,Stockholms län (S),6,2022
V511611,,2022.08.10,Ja,2022.08.10,,,Får,,Annan,Blandat gotlandsfår och korsning,2022.08.09,2022.08.10,Nej,Fredat vilt,Varg,,Bete innanför stängsel,Fältkontroll - LST,Dokumenterad,2-0188,Järinge,6655142,1652717,6655244,697547,6655142,1652717,RT90,Mycket bra,2022.08.15,Nej,,Nej,,2022.08.15,Mikael Fransson,0,0,2,0,0,0,0,0,0,0,0,0,5,0,0,0,0,0,0,0,0,0,0,0,0,0,0,0,0,0,0,Historiska data - ej angivet,,,2-0188,Norrtälje (S),2-01,Stockholms län (S),7,2022
V511612,,2022.08.11,Ja,2022.08.11,,,Får,,Annan,Blandat gotlandsfår och korsning,2022.08.10,2022.08.11,Nej,Fredat vilt,Varg,,Bete utan stängsel,Fältkontroll - LST,Dokumenterad,2-0188,Harbroholm,6653346,1655214,6653479,700065,6653346,1655214,RT90,Exakt,2022.08.15,Nej,,Nej,,2022.08.15,Mikael Fransson,0,0,0,0,0,0,9,0,0,0,0,0,0,0,0,0,1,0,0,0,0,0,0,0,0,0,0,0,0,0,0,Historiska data - ej angivet,,,2-0188,Norrtälje (S),2-01,Stockholms län (S),10,2022
V511670,,2022.08.15,Ja,2022.08.16,,,Får,,,,2022.08.15,2022.08.15,Nej,Fredat vilt,Varg,,Bete utan stängsel,Fältkontroll - LST,Dokumenterad,2-2034,Östra Grunuberg  Orsa,6776865,1449467,6774428,492887,6776865,1449467,RT90,Mycket bra,2022.08.16,Nej,,Nej,,2022.08.19,Hans-Olov Hansson,0,0,0,0,0,0,1,0,0,0,0,0,0,0,0,0,0,0,0,0,0,0,0,0,0,0,0,0,0,0,0,Historiska data - ej angivet,,,2-2034,Orsa (S),2-20,Dalarnas län (S),1,2022
V511767,,2022.08.17,Ja,2022.08.17,,,Får,,,,2022.08.17,2022.08.17,Nej,Fredat vilt,Varg,,Bete utan stängsel,Fältkontroll - LST,Dokumenterad,2-2034,Ö.Grunuberg,6776865,1449467,6774428,492887,6776865,1449467,RT90,Mycket bra,2022.08.19,Nej,,Nej,,2022.08.19,Hans-Olov Hansson,0,0,0,0,0,0,1,0,0,0,0,0,0,0,0,0,0,0,0,0,0,0,0,0,0,0,4,0,0,0,0,Historiska data - ej angivet,,,2-2034,Orsa (S),2-20,Dalarnas län (S),5,2022
V511964,,2022.08.20,Ja,2022.08.20,,,Får,,Gotlandsfår,,2022.08.20,2022.08.20,Nej,Fredat vilt,Varg,,Bete innanför stängsel,Fältkontroll - LST,Dokumenterad,2-0461,Gnesta kommun,6561525,618291,6561525,618291,6562368,1572308,WGS84-UTM Zon 33,Mindre bra,2022.08.31,Nej,,Nej,,2022.08.31,Markus Södling,0,0,0,2,0,0,0,0,0,0,0,0,0,0,0,0,0,0,0,0,0,0,0,0,0,0,0,0,0,0,0,Historiska data - ej angivet,,,2-0461,Gnesta (S),2-04,Södermanlands län (S),2,2022
V511890,,2022.08.23,Ja,2022.08.24,,,Får,,Annan,Gutefår,2022.08.23,2022.08.23,Nej,Fredat vilt,Varg,,Bete innanför stängsel,Fältkontroll - LST,Dokumenterad,2-2080,Övertänger,6750803,1497930,6748975,541647,6750803,1497930,RT90,Mycket bra,2022.08.25,Nej,,Nej,,2022.08.25,Bert Eriksson,0,0,0,0,0,0,2,0,0,0,0,0,0,0,0,0,0,0,0,0,0,0,0,0,0,0,0,0,0,0,0,Historiska data - ej angivet,,,2-2080,Falun (S),2-20,Dalarnas län (S),2,2022
V511886,,2022.08.24,Ja,2022.08.24,,,Får,,,,2022.08.23,2022.08.24,Nej,Fredat vilt,Varg,,Bete innanför stängsel,Fältkontroll - LST,Dokumenterad,2-1498,Kullebo ,6457967,1399988,6455101,447306,6457967,1399988,RT90,Mindre bra,2022.08.24,Nej,,Nej,,2022.09.23,Nelly Grönberg,0,0,0,0,0,0,5,0,0,0,0,0,0,0,0,0,0,0,0,0,0,0,0,0,0,0,0,0,0,0,0,Historiska data - ej angivet,,,2-1498,Tidaholm (S),2-14,Västra Götalands län (S),5,2022
V512041,,2022.08.31,Ja,2022.09.01,,,Får,,Gotlandsfår,,2022.08.27,2022.08.29,Ja,Fredat vilt,Varg,,Bete innanför stängsel,Fältkontroll - LST,Bedömd som säker,2-0684,ApplehultSöråker,6343211,466707,6343211,466707,6345799,1418065,WGS84-UTM Zon 33,Mycket bra,2022.09.02,Nej,,Nej,,2022.10.13,Linda Andersson,0,0,0,0,0,0,0,0,2,0,0,0,0,0,0,0,0,0,0,0,0,0,0,0,0,0,0,0,0,0,0,Historiska data - ej angivet,,,2-0684,Sävsjö (S),2-06,Jönköpings län (S),2,2022
V512026,,2022.09.01,Ja,2022.09.01,,,Får,,Allmogefår,,2022.09.01,2022.09.01,Nej,Fredat vilt,Varg,,Bete innanför stängsel,Fältkontroll - LST,Dokumenterad,2-2161,Färila,6851510,542908,6851510,542908,6853354,1500458,WGS84-UTM Zon 33,Mycket bra,2022.09.01,Nej,,Nej,,2022.09.01,Hans Blomgren,0,0,0,0,0,0,0,1,0,0,0,0,0,0,0,0,0,0,0,0,0,0,0,0,0,0,0,0,0,0,0,Historiska data - ej angivet,,,2-2161,Ljusdal (S),2-21,Gävleborgs län (S),1,2022
V512311,,2022.09.10,Ja,2022.09.14,,,Får,,Allmogefår,,2022.09.10,2022.09.10,Nej,Fredat vilt,Varg,,Bete innanför stängsel,Fältkontroll - LST,Bedömd som säker,2-2181,Stocksbo,6728066,574082,6728066,574082,6729489,1530117,WGS84-UTM Zon 33,Mindre bra,2022.09.15,Nej,,Nej,,2022.09.15,Sone Persson,0,1,0,0,0,0,0,0,0,0,0,0,0,0,0,0,0,0,0,0,0,0,0,0,0,0,0,0,0,0,0,Historiska data - ej angivet,,,2-2181,Sandviken (S),2-21,Gävleborgs län (S),1,2022
V512225,,2022.09.11,Ja,2022.09.12,,,Får,,Allmogefår,,2022.09.10,2022.09.11,Nej,Fredat vilt,Varg,,Bete innanför stängsel,Fältkontroll - LST,Dokumenterad,2-2161,Björkhaga,6851325,543445,6851325,543445,6853162,1500992,SWEREF99 TM,Mycket bra,2022.09.12,Nej,,Nej,,2022.09.12,Hans Nordin,0,1,0,0,0,0,0,0,0,0,0,0,0,0,0,0,0,0,0,0,0,0,0,0,0,0,0,0,0,0,0,Historiska data - ej angivet,,,2-2161,Ljusdal (S),2-21,Gävleborgs län (S),1,2022
V512263,UI418408 G127-22 +,2022.09.11,Ja,2022.09.12,,,Får,,,,2022.09.10,2022.09.11,Nej,Fredat vilt,Varg,,Bete innanför stängsel,Fältkontroll - LST,Dokumenterad,2-2482,Lövsele,7147664,802330,7147664,802330,7146303,1763645,WGS84-UTM Zon 33,Mycket bra,2022.09.13,Nej,,Nej,,2022.09.13,Henrik Jensen (S),1,4,0,0,0,0,0,0,0,0,0,0,0,0,0,0,0,0,0,0,0,0,0,0,0,0,0,0,0,0,0,Historiska data - ej angivet,,,2-2482,Skellefteå (S),2-24,Västerbottens län (S),5,2022
V512291,,2022.09.11,Ja,2022.09.11,,,Får,,Finullsfår,,2022.09.10,2022.09.11,Nej,Fredat vilt,Varg,,Bete innanför stängsel,Fältkontroll - LST,Dokumenterad,2-1381,,6273775,383160,6273775,383160,6277317,1333660,SWEREF99 TM,Mindre bra,2022.09.13,Nej,,Nej,,2023.02.08,Martin Broberg,1,0,0,0,0,0,6,0,0,0,0,0,0,0,0,0,0,0,0,0,0,0,0,0,0,0,0,0,0,0,0,Historiska data - ej angivet,,,2-1381,Laholm (S),2-13,Hallands län (S),7,2022
V512328,,2022.09.16,Ja,2022.09.16,,,Får,,,,2022.09.16,2022.09.16,Nej,Fredat vilt,Varg,,Bete innanför stängsel,Fältkontroll - LST,Dokumenterad,2-0583,Skönnarbo,6520718,1474606,6518715,521133,6520718,1474606,RT90,Mindre bra,2022.09.16,Nej,,Nej,,2022.09.19,Daniel Hellqvist,2,0,0,0,0,0,3,0,0,0,0,0,0,0,0,0,0,0,0,0,0,0,0,0,0,0,0,0,0,0,0,Historiska data - ej angivet,,,2-0583,Motala (S),2-05,Östergötlands län (S),5,2022
V512382,,2022.09.17,Ja,2022.09.17,,,Får,,,,2022.09.17,2022.09.17,Nej,Fredat vilt,Varg,,Bete innanför stängsel,Fältkontroll - LST,Dokumenterad,2-0583,Skönnarbo,6520718,1474606,6518715,521133,6520718,1474606,RT90,Mindre bra,2022.09.19,Nej,,Nej,,2022.09.19,Daniel Hellqvist,1,0,0,0,0,0,4,0,0,0,0,0,0,0,0,0,0,0,0,0,0,0,0,0,0,0,0,0,0,0,0,Historiska data - ej angivet,,,2-0583,Motala (S),2-05,Östergötlands län (S),5,2022
V512411,"UI414019 G244-19, UI414155 G36-20",2022.09.20,Ja,2022.09.20,,,Får,,Köttraskorsningar,,2022.09.19,2022.09.20,Nej,Fredat vilt,Varg,,Bete innanför stängsel,Fältkontroll - LST,Bedömd som säker,2-1290,Huaröd,6188704,1382344,6185785,432850,6188704,1382344,RT90,Mycket bra,2022.09.20,Nej,,Nej,,2022.10.04,Tom Espgård,3,2,0,1,0,0,6,0,0,0,2,0,0,0,0,0,0,0,0,0,0,0,0,0,0,0,0,0,0,0,0,Historiska data - ej angivet,,,2-1290,Kristianstad (S),2-12,Skåne län (S),14,2022
V512493,,2022.09.23,Ja,2022.09.26,,,Får,,Allmogefår,,2022.09.22,2022.09.23,Nej,Fredat vilt,Varg,,Bete innanför stängsel,Fältkontroll - LST,Bedömd som säker,2-2181,Stocksbo,6728037,574059,6728037,574059,6729461,1530094,SWEREF99 TM,Mycket bra,2022.09.26,Nej,,Nej,,2022.09.27,Per Johansson,0,1,0,0,0,0,0,0,0,0,0,0,0,0,0,0,0,0,0,0,0,0,0,0,0,0,0,0,0,0,0,Historiska data - ej angivet,,,2-2181,Sandviken (S),2-21,Gävleborgs län (S),1,2022
V513560,,2022.09.28,Ja,2022.09.28,,,Får,,Köttraskorsningar,,2022.09.28,2022.09.28,Nej,Fredat vilt,Varg,,Bete innanför stängsel,Fältkontroll - LST,Dokumenterad,2-0140,lövdal,6563377,1586881,6562710,632846,6563377,1586881,RT90,Mycket bra,2023.03.06,Nej,,Nej,,2023.03.06,Paula Jonsson,1,0,0,0,0,0,0,0,0,0,0,0,0,0,0,0,0,0,0,0,0,0,0,0,0,0,0,0,0,0,0,Historiska data - ej angivet,,,2-0140,Nykvarn (S),2-01,Stockholms län (S),1,2022
V512620,UI415486 G110-21 +,2022.10.03,Ja,2022.10.03,,,Får,,Texel,,2022.10.02,2022.10.03,Nej,Fredat vilt,Varg,,Bete innanför stängsel,Fältkontroll - LST,Dokumenterad,2-0767,Snällsböke,6275658,1364743,6272482,414243,6275658,1364743,RT90,Mindre bra,2022.10.07,Nej,,Nej,,2022.11.03,Peter Jaxgård,0,0,0,0,0,0,2,0,0,0,0,0,0,0,0,0,1,0,0,0,0,0,0,0,0,0,0,0,0,0,0,Historiska data - ej angivet,,,2-0767,Markaryd (S),2-07,Kronobergs län (S),3,2022
V512645,,2022.10.08,Ja,2022.10.10,,,Får,,Gotlandsfår,,2022.10.07,2022.10.08,Nej,Fredat vilt,Varg,,Bete innanför stängsel,Fältkontroll - LST,Bedömd som säker,2-2480,Nyhem,7104190,758277,7104190,758277,7103384,1719037,WGS84-UTM Zon 33,Exakt,2022.10.10,Nej,,Nej,,2022.10.16,Henrik Jensen (S),0,0,0,0,0,0,1,0,0,0,0,0,0,0,0,0,0,0,0,0,2,0,0,0,0,0,0,0,0,0,0,Historiska data - ej angivet,,,2-2480,Umeå (S),2-24,Västerbottens län (S),3,2022
V512672,UI415486 G110-21 +,2022.10.12,Ja,2022.10.12,,,Får,,Annan,Blandras,2022.10.11,2022.10.12,Nej,Fredat vilt,Varg,,Bete innanför stängsel,Fältkontroll - LST,Dokumenterad,2-1381,,6273646,1353584,6270340,403114,6273646,1353584,RT90,Mindre bra,2022.10.12,Nej,,Nej,,2023.02.08,Martin Broberg,0,2,0,0,0,0,4,0,0,0,0,0,0,0,0,0,1,0,0,0,0,0,0,0,0,0,0,0,0,0,0,Historiska data - ej angivet,,,2-1381,Laholm (S),2-13,Hallands län (S),7,2022
V512677,,2022.10.12,Ja,2022.10.13,,,Får,,,,2022.10.10,2022.10.12,Ja,Fredat vilt,Varg,,Bete innanför stängsel,Fältkontroll - LST,Dokumenterad,2-1907,Broforstorp,6615968,559703,6615968,559703,6617535,1514365,SWEREF99 TM,Mycket bra,2022.10.14,Nej,,Nej,,2022.10.14,Daniel Mallwitz,0,0,1,2,0,0,1,0,0,0,0,0,0,0,0,0,0,0,0,0,0,0,0,0,0,0,0,0,0,0,0,Historiska data - ej angivet,,,2-1907,Surahammar (S),2-19,Västmanlands län (S),4,2022
V512760,,2022.10.21,Ja,2022.10.21,,,Får,,Finullsfår,,2022.10.17,2022.10.21,Ja,Fredat vilt,Varg,,Bete innanför stängsel,Fältkontroll - LST,Dokumenterad,2-1471,Hultet ,58.484673,13.588494,6483537,417701,6486770,1370711,WGS 84 (Lat/Long),Mycket bra,2022.11.08,Nej,,Nej,,2022.11.08,Nelly Grönberg,0,0,0,0,0,0,1,0,0,0,0,0,0,0,0,0,0,0,0,0,0,0,0,0,0,0,0,0,0,0,0,Historiska data - ej angivet,,,2-1471,Götene (S),2-14,Västra Götalands län (S),1,2022
V512817,,2022.10.21,Ja,2022.10.26,,,Får,,,,2022.10.20,2022.10.21,Nej,Fredat vilt,Varg,,Bete innanför stängsel,Fältkontroll - LST,Dokumenterad,2-2284,Jakobsskatan 105,7053362,699657,7053362,699657,7053291,1659767,SWEREF99 TM,Mycket bra,2022.10.27,Nej,,Nej,,2022.10.27,Lars Wiklund,0,0,0,0,0,0,1,0,0,0,0,0,0,0,0,0,0,0,0,0,0,0,0,0,0,0,0,0,0,0,0,Historiska data - ej angivet,,,2-2284,Örnsköldsvik (S),2-22,Västernorrlands län (S),1,2022
V512909,UI415486 G110-21 +,2022.11.01,Ja,2022.11.01,,,Får,,Dorset,,2022.11.01,2022.11.01,Nej,Fredat vilt,Varg,,Bete innanför stängsel,Fältkontroll - LST,Dokumenterad,2-0765,Lindås,6266402,1391523,6263545,441116,6266402,1391523,RT90,Exakt,2022.11.02,Nej,,Nej,,2022.11.15,Rune Håkansson,0,1,0,0,0,0,2,0,0,0,0,0,0,0,0,0,0,0,0,0,0,0,0,0,0,0,0,0,0,0,0,Historiska data - ej angivet,,,2-0765,Älmhult (S),2-07,Kronobergs län (S),3,2022
V512946,"UI414019 G244-19, UI414155 G36-20",2022.11.13,Ja,2022.11.13,,,Får,,Köttraskorsningar,,2022.11.13,2022.11.13,Nej,Fredat vilt,Varg,,Bete innanför stängsel,Fältkontroll - LST,Dokumenterad,2-1266,,6192013,1374913,6189006,425385,6192013,1374913,RT90,Exakt,2022.11.13,Nej,,Nej,,2022.11.23,Emelie Nilsson,0,0,0,0,0,0,5,0,0,0,0,0,0,0,0,0,1,0,0,0,0,0,0,0,0,0,0,0,0,0,0,Historiska data - ej angivet,,,2-1266,Hörby (S),2-12,Skåne län (S),6,2022
V512966,UI415486 G110-21 +,2022.11.13,Ja,2022.11.14,,,Får,,Köttraskorsningar,,2022.11.13,2022.11.13,Nej,Fredat vilt,Varg,,Bete innanför stängsel,Fältkontroll - LST,Dokumenterad,2-0767,Snällsböke,6275521,1364628,6272343,414130,6275521,1364628,RT90,Exakt,2022.11.16,Nej,,Nej,,2023.02.16,Rune Håkansson,0,0,0,0,0,0,1,0,0,0,0,0,0,0,0,0,0,0,0,0,0,0,0,0,0,0,0,0,0,0,0,Historiska data - ej angivet,,,2-0767,Markaryd (S),2-07,Kronobergs län (S),1,2022
V512982,UI414155 G36-20,2022.11.17,Ja,2022.11.18,,,Får,,Texel,,2022.11.16,2022.11.17,Nej,Fredat vilt,Varg,,Bete innanför stängsel,Fältkontroll - LST,Bedömd som säker,2-1266,Killhult,6195852,1377238,6192870,427664,6195852,1377238,RT90,Mycket bra,2022.11.18,Nej,,Nej,,2022.11.18,Tom Espgård,0,0,0,0,0,0,4,0,0,0,0,0,0,0,0,0,1,0,0,0,0,0,0,0,0,0,0,0,0,0,0,Historiska data - ej angivet,,,2-1266,Hörby (S),2-12,Skåne län (S),5,2022
V513071,UI415270 G108-20 +,2022.12.01,Ja,2022.12.02,,,Får,,Köttraskorsningar,,2022.11.30,2022.12.01,Nej,Fredat vilt,Varg,,Bete innanför stängsel,Fältkontroll - LST,Dokumenterad,2-1491,Botorp,6423862,1375898,6420728,423638,6423862,1375898,RT90,Mindre bra,2022.12.03,Nej,,Nej,,2022.12.15,Nelly Grönberg,1,0,0,0,0,0,9,0,0,0,0,0,0,0,0,0,0,0,0,0,0,0,0,0,0,0,0,0,0,0,0,Historiska data - ej angivet,,,2-1491,Ulricehamn (S),2-14,Västra Götalands län (S),10,2022
