id_unique,pop_size_territories,both_disapp,population_analysis,territory_analysis,individual_analysis,fate,fate_detailed,wolf_id,sex,country,territory,territory_winter,Y_coordinate,X_coordinate,autumn,spring,slu_id,ruggedness,paved,gravel,snow_cover,human_density,municipality_name,municipality_id,moose_harvest_density,bear_density_shot,bear_density_live,night_light,elevation_mean,elevation_stdv,birth_territory,inbreeding,number_neighbour_terr
1,31,,,0,0,alive,,M-06-09,F,S,Aamäck 1,Aamäck_0607,6668635,1399382,2006,2007,M-06-09,4.7683,0.26,0.98,77.81538462,7.96,Filipstad,1782,3.6569,0,0.0073,0.0363,299.3507981,60.25855152,Grä1,0.26757799999999998,2
2,31,,,,,alive,,M-09-16,M,S,Aamäck 1,Aamäck_0607,6668635,1399382,2006,2007,M-09-16,4.7683,0.26,0.98,77.81538462,7.96,Filipstad,1782,3.6569,0,0.0073,0.0363,299.3507981,60.25855152,Ny5,0.26953100000000002,2
3,37,,,0,0,alive,,M-06-09,F,S,Aamäck 1,Aamäck_0708,6665515,1402834,2007,2008,M-06-09,4.8711,0.25,1,80.18229167,8.5,Filipstad,1782,3.387,0,0.0051,0.1676,299.7508763,56.44393264,Grä1,0.26757799999999998,3
4,37,,,,,alive,,M-09-16,M,S,Aamäck 1,Aamäck_0708,6665515,1402834,2007,2008,M-09-16,4.8711,0.25,1,80.18229167,8.5,Filipstad,1782,3.387,0,0.0051,0.1676,299.7508763,56.44393264,Ny5,0.26953100000000002,3
5,39,,,0,0,alive,,M-06-09,F,S,Aamäck 1,Aamäck_0809,6671702,1404740,2008,2009,M-06-09,4.8671,0.24,0.98,83.62239583,8.78,Filipstad,1782,2.8624,0.0001,0.0527,0.059,322.4533335,67.39419267,Grä1,0.26757799999999998,3
6,39,,,,,alive,,M-09-16,M,S,Aamäck 1,Aamäck_0809,6671702,1404740,2008,2009,M-09-16,4.8671,0.24,0.98,83.62239583,8.78,Filipstad,1782,2.8624,0.0001,0.0527,0.059,322.4533335,67.39419267,Ny5,0.26953100000000002,3
7,49,,,0,0,alive,,M-06-09,F,S,Aamäck 1,Aamäck_0910,6672938,1406833,2009,2010,M-06-09,4.8782,0.23,0.98,82.51025641,9.17,Filipstad,1782,2.9461,0.0001,0.0522,0.1083,332.1062869,65.54898469,Grä1,0.26757799999999998,3
8,49,,,,,alive,,M-09-16,M,S,Aamäck 1,Aamäck_0910,6672938,1406833,2009,2010,M-09-16,4.8782,0.23,0.98,82.51025641,9.17,Filipstad,1782,2.9461,0.0001,0.0522,0.1083,332.1062869,65.54898469,Ny5,0.26953100000000002,3
9,58,,1,1,1,disapp,,M-06-09,F,S,Aamäck 1,Aamäck_1011,6674717,1408846,2010,2011,M-06-09,4.9234,0.23,0.98,82.10353535,9.41,Filipstad,1782,2.9496,0.0002,0.0605,0.1507,340.7728701,64.65941419,Grä1,0.26757799999999998,2
10,58,,,,,other,NA - check if available,M-09-16,M,S,Aamäck 1,Aamäck_1011,6674717,1408846,2010,2011,M-09-16,4.9234,0.23,0.98,82.10353535,9.41,Filipstad,1782,2.9496,0.0002,0.0605,0.1507,340.7728701,64.65941419,Ny5,0.26953100000000002,2
11,60,,,0,0,alive,,G45-12,M,S,Aamäck 2,Aamäck_1112,6674686,1402684,2011,2012,G45-12,4.848,0.22,0.96,79.86616162,8.01,Filipstad,1782,3.1175,0.0002,0.0583,0,327.7604293,69.63947889,Sku,0.15216099999999999,4
12,60,,,,0,alive,,G44-12,F,S,Aamäck 2,Aamäck_1112,6674686,1402684,2011,2012,G44-12,4.848,0.22,0.96,79.86616162,8.01,Filipstad,1782,3.1175,0.0002,0.0583,0,327.7604293,69.63947889,Klot,0.29931600000000003,4
13,64,,1,1,1,disapp,,G45-12,M,S,Aamäck 2,Aamäkk_1213,6675943,1399203,2012,2013,G45-12,4.7482,0.23,0.95,80.74739583,7.14,Filipstad,1782,3.1558,0.0001,0.0227,0,322.4406133,70.0924162,Sku,0.15216099999999999,3
14,64,,,,0,alive,,G44-12,F,S,Aamäck 2,Aamäkk_1213,6675943,1399203,2012,2013,G44-12,4.7482,0.23,0.95,80.74739583,7.14,Filipstad,1782,3.1558,0.0001,0.0227,0,322.4406133,70.0924162,Klot,0.29931600000000003,3
15,66,1,,,1,disapp,confirmed_illegal,G106-13,M,S,Aamäck 3,Aamäkk_1314,6680346,1403653,2013,2014,G106-13,5.0107,0.22,0.98,76.26421737,7.4,Filipstad,1782,2.6548,0.0004,0.1356,0,349.7953503,68.28367356,Jang6,0.16552700000000001,3
16,66,1,1,1,1,disapp,confirmed_illegal,G44-12,F,S,Aamäck 3,Aamäkk_1314,6680346,1403653,2013,2014,G44-12,5.0107,0.22,0.98,76.26421737,7.4,Filipstad,1782,2.6548,0.0004,0.1356,0,349.7953503,68.28367356,Klot,0.29931600000000003,3
17,68,,,,0,alive,,G71-13,F,S,Aamäck 4,Aamäkk_1415,6674642,1398431,2014,2015,G71-13,4.7229,0.25,0.95,87.41904762,7.12,Filipstad,1782,2.46,0.0002,0.0861,0.0039,315.1826072,68.58411807,Snd3,0.21491199999999999,3
18,68,,,0,0,alive,,G8-14,M,S,Aamäck 4,Aamäkk_1415,6674642,1398431,2014,2015,G8-14,4.7229,0.25,0.95,87.41904762,7.12,Filipstad,1782,2.46,0.0002,0.0861,0.0039,315.1826072,68.58411807,Vis1,0.21495400000000001,3
19,70,,,,0,alive,,G71-13,F,S,Aamäck 4,Aamäkk_1516,6672477,1398313,2015,2016,G71-13,4.7739,0.26,0.98,71.12063492,7.29,Filipstad,1782,2.0176,0.0002,0.0624,0.0207,307.6300034,65.11467192,Snd3,0.21491199999999999,5
20,70,,,0,0,alive,,G8-14,M,S,Aamäck 4,Aamäkk_1516,6672477,1398313,2015,2016,G8-14,4.7739,0.26,0.98,71.12063492,7.29,Filipstad,1782,2.0176,0.0002,0.0624,0.0207,307.6300034,65.11467192,Vis1,0.21495400000000001,5
21,74,,,,2,censored,,G71-13,F,S,Aamäck 4,Aamäkk_1617,6682566,1399129,2016,2017,G71-13,4.9731,0.22,0.97,82.27604167,6.37,Filipstad,1782,2.0252,0.0001,0.0517,0,345.8346258,67.68723911,Snd3,0.21491199999999999,2
22,74,,1,1,1,disapp,,G8-14,M,S,Aamäck 4,Aamäkk_1617,6682566,1399129,2016,2017,G8-14,4.9731,0.22,0.97,82.27604167,6.37,Filipstad,1782,2.0252,0.0001,0.0517,0,345.8346258,67.68723911,Vis1,0.21495400000000001,2
23,29,,,,,alive,,G10-06,F,S,Acksjön,Acksjön_0506,6668938,1388035,2005,2006,G10-06,4.9704,0.32,1.03,83.7020202,7.14,Filipstad,1782,3.9433,0,0.0031,0.6183,271.7018785,70.49583233,Hlg1,0.23877000000000001,2
24,29,,,,,alive,,M-09-17,M,S,Acksjön,Acksjön_0506,6668938,1388035,2005,2006,M-09-17,4.9704,0.32,1.03,83.7020202,7.14,Filipstad,1782,3.9433,0,0.0031,0.6183,271.7018785,70.49583233,Fur,0.1875,2
25,31,,,,,alive,,G10-06,F,S,Acksjön,Acksjön_0607,6673006,1381506,2006,2007,G10-06,4.9365,0.33,1.07,75.81770833,7.03,Torsby,1737,3.834,0,0.013,0.8159,250.7434901,65.62187665,Hlg1,0.23877000000000001,3
26,31,,,,,alive,,M-09-17,M,S,Acksjön,Acksjön_0607,6673006,1381506,2006,2007,M-09-17,4.9365,0.33,1.07,75.81770833,7.03,Torsby,1737,3.834,0,0.013,0.8159,250.7434901,65.62187665,Fur,0.1875,3
27,37,,,,,alive,,G10-06,F,S,Acksjön,Acksjön_0708,6682914,1381921,2007,2008,G10-06,4.9567,0.28,0.98,77.01282051,6.12,Torsby,1737,3.396,0,0.0163,0.22,292.1012115,74.13713974,Hlg1,0.23877000000000001,4
28,37,,,,,alive,,M-09-17,M,S,Acksjön,Acksjön_0708,6682914,1381921,2007,2008,M-09-17,4.9567,0.28,0.98,77.01282051,6.12,Torsby,1737,3.396,0,0.0163,0.22,292.1012115,74.13713974,Fur,0.1875,4
29,39,,,,,alive,,G10-06,F,S,Acksjön,Acksjön_0809,6684066,1381563,2008,2009,G10-06,4.9952,0.28,0.97,84.36666667,5.9,Torsby,1737,3.0272,0.0002,0.0742,0.2069,296.7537783,75.01649301,Hlg1,0.23877000000000001,4
30,39,,,,,alive,,M-09-17,M,S,Acksjön,Acksjön_0809,6684066,1381563,2008,2009,M-09-17,4.9952,0.28,0.97,84.36666667,5.9,Torsby,1737,3.0272,0.0002,0.0742,0.2069,296.7537783,75.01649301,Fur,0.1875,4
31,49,,,,,alive,,G10-06,F,S,Acksjön,Acksjön_0910,6687622,1378556,2009,2010,G10-06,5.0621,0.27,0.94,81.77692308,5.33,Torsby,1737,3.3218,0.0002,0.0607,0.2004,307.8486049,73.36082368,Hlg1,0.23877000000000001,5
32,49,,,,,alive,,M-09-17,M,S,Acksjön,Acksjön_0910,6687622,1378556,2009,2010,M-09-17,5.0621,0.27,0.94,81.77692308,5.33,Torsby,1737,3.3218,0.0002,0.0607,0.2004,307.8486049,73.36082368,Fur,0.1875,5
33,58,,,,,alive,,G10-06,F,S,Acksjön,Acksjön_1011,6688619,1375024,2010,2011,G10-06,5.0874,0.28,0.92,80.41161616,5.14,Torsby,1737,3.6664,0.0002,0.0586,0.1984,307.8807004,74.25647817,Hlg1,0.23877000000000001,2
34,58,,,,,alive,,M-09-17,M,S,Acksjön,Acksjön_1011,6688619,1375024,2010,2011,M-09-17,5.0874,0.28,0.92,80.41161616,5.14,Torsby,1737,3.6664,0.0002,0.0586,0.1984,307.8807004,74.25647817,Fur,0.1875,2
35,60,,,,,alive,,G10-06,F,S,Acksjön,Acksjön_1112,6688707,1377086,2011,2012,G10-06,5.0354,0.27,0.92,80.39230769,5.08,Torsby,1737,3.503,0.0002,0.0605,0.1965,310.6326782,72.67413027,Hlg1,0.23877000000000001,5
36,60,,,,,alive,,M-09-17,M,S,Acksjön,Acksjön_1112,6688707,1377086,2011,2012,M-09-17,5.0354,0.27,0.92,80.39230769,5.08,Torsby,1737,3.503,0.0002,0.0605,0.1965,310.6326782,72.67413027,Fur,0.1875,5
37,64,,,,,alive,,G10-06,F,S,Acksjön,Acksjön_1213,6688162,1380151,2012,2013,G10-06,5.0251,0.25,0.95,82.57828283,5.04,Torsby,1737,3.4414,0.0001,0.0225,0.1941,314.5977417,74.45657583,Hlg1,0.23877000000000001,3
38,64,,,,,alive,,M-09-17,M,S,Acksjön,Acksjön_1213,6688162,1380151,2012,2013,M-09-17,5.0251,0.25,0.95,82.57828283,5.04,Torsby,1737,3.4414,0.0001,0.0225,0.1941,314.5977417,74.45657583,Fur,0.1875,3
39,66,,,,,other,natural,G10-06,F,S,Acksjön,Acksjön_1314,6688162,1380151,2013,2014,G10-06,5.0251,0.25,0.95,76.01767677,5.06,Torsby,1737,3.0808,0.0004,0.1382,0.1941,314.5977417,74.45657583,Hlg1,0.23877000000000001,5
40,66,,,,,other,natural,M-09-17,M,S,Acksjön,Acksjön_1314,6688162,1380151,2013,2014,M-09-17,5.0251,0.25,0.95,76.01767677,5.06,Torsby,1737,3.0808,0.0004,0.1382,0.1941,314.5977417,74.45657583,Fur,0.1875,5
41,83,,,0,0,alive,,G108-21,M,S,Älgmossen,Älgmossen_2122,6572291.7,1546590.276,2021,2022,,2.9976,0.52,1.65,47.08205128,69.55,Flen,482,1.4,0,0,2.3862,51.83024204,21.95634515,Sju4,0.185781,3
42,83,,,,0,alive,,G233-19,F,S,Älgmossen,Älgmossen_2122,6572291.7,1546590.276,2021,2022,,2.9976,0.52,1.65,47.08205128,69.55,Flen,482,1.4,0,0,2.3862,51.83024204,21.95634515,Ärl2,0.39373599999999997,3
43,85,,1,1,1,disapp,,G108-21,M,S,Älgmossen,Älgmossen_2223,6572594,1546521,2022,2023,,2.9813,0.51,1.65,61.57230769,70.4,Flen,482,1.2,0,0,2.4378,51.42801853,22.11079757,Sju4,0.185781,6
44,85,,,,2,censored,,G233-19,F,S,Älgmossen,Älgmossen_2223,6572594,1546521,2022,2023,,2.9813,0.51,1.65,61.57230769,70.4,Flen,482,1.2,0,0,2.4378,51.42801853,22.11079757,Ärl2,0.39373599999999997,6
45,71,,,,1,disapp,,G181-19,M,S,Älgsjön,Älgsjön_1920,6637985,1392558,2019,2020,G181-19,5.2636,0.25,1.13,56.24102564,12.79,Munkfors,1762,2.6,0,0.0023,0.0435,251.6225467,57.34873495,Gård6,0.13404099999999999,2
46,71,,1,1,1,disapp,,G205-19,F,S,Älgsjön,Älgsjön_1920,6637985,1392558,2019,2020,G205-19,5.2636,0.25,1.13,56.24102564,12.79,Munkfors,1762,2.6,0,0.0023,0.0435,251.6225467,57.34873495,Bratt3,0.267822,2
47,83,,,,0,alive,,G85-22,M,S,Almhöjden 1,Almhöjden_2122,6634514.115,1470745.166,2021,2022,,4.1893,0.36,1.32,75.36069652,13.38,Ljusnarsberg,1864,2.0361,0,0.0018,0.4238,217.2398249,66.95246323,Asp3,0.233486,6
48,83,,,0,0,alive,,G161-21,F,S,Almhöjden 1,Almhöjden_2122,6634514.115,1470745.166,2021,2022,,4.1893,0.36,1.32,75.36069652,13.38,Ljusnarsberg,1864,2.0361,0,0.0018,0.4238,217.2398249,66.95246323,Hsj1,0.23424400000000001,6
49,85,,,,0,alive,,G85-22,M,S,Almhöjden 1,Almhöjden_2223,6641451,1479688,2022,2023,,4.3469,0.33,1.28,86.503125,12.28,Ljusnarsberg,1864,1.737,0.0001,0.0229,0.4218,219.6793368,61.46009364,Asp3,0.233486,5
50,85,,1,1,1,disapp,,G161-21,F,S,Almhöjden 1,Almhöjden_2223,6641451,1479688,2022,2023,,4.3469,0.33,1.28,86.503125,12.28,Ljusnarsberg,1864,1.737,0.0001,0.0229,0.4218,219.6793368,61.46009364,Hsj1,0.23424400000000001,5
51,66,,,,,alive,,G141-12,M,S,Åmot,Åmot_1314,6757275,1542221,2013,2014,G141-12,2.5887,0.18,1.38,68.99047619,7.21,Falun,2080,3,0.0016,0.5748,1.0859,181.6833364,76.36852062,Sle,0.30688500000000002,3
52,66,,,,,alive,,G43-14,F,S,Åmot,Åmot_1314,6757275,1542221,2013,2014,G43-14,2.5887,0.18,1.38,68.99047619,7.21,Falun,2080,3,0.0016,0.5748,1.0859,181.6833364,76.36852062,Kors3,0.135986,3
53,68,,,,,alive,,G141-12,M,S,Åmot,Åmot_1415,6749910,1538758,2014,2015,G141-12,2.5731,0.21,1.37,84.35820896,12.17,Falun,2080,3.0082,0.0019,0.689,1.2549,195.6466538,73.46710363,Sle,0.30688500000000002,3
54,68,,,,,alive,,G43-14,F,S,Åmot,Åmot_1415,6749910,1538758,2014,2015,G43-14,2.5731,0.21,1.37,84.35820896,12.17,Falun,2080,3.0082,0.0019,0.689,1.2549,195.6466538,73.46710363,Kors3,0.135986,3
55,70,,,,,other,legal,G141-12,M,S,Åmot,Åmot_1516,6749339,1538839,2015,2016,G141-12,2.5508,0.21,1.37,74.11384615,12.74,Falun,2080,3.0168,0.0023,0.8292,1.2675,194.170623,73.61209573,Sle,0.30688500000000002,3
56,70,,,,,other,legal,G43-14,F,S,Åmot,Åmot_1516,6749339,1538839,2015,2016,G43-14,2.5508,0.21,1.37,74.11384615,12.74,Falun,2080,3.0168,0.0023,0.8292,1.2675,194.170623,73.61209573,Kors3,0.135986,3
57,22,,,0,0,alive,,M-05-02,M,S,Amungen 1,Amungen_0304,6779317,1490833,2003,2004,M-05-02,3.2676,0.12,1.04,85.47714286,7.34,Rättvik,2031,3.548,0.0013,0.4817,0,297.6750922,63.14473669,Fil,0.28125,1
58,22,,,,,alive,,M-05-12,F,S,Amungen 1,Amungen_0304,6779317,1490833,2003,2004,M-05-12,3.2676,0.12,1.04,85.47714286,7.34,Rättvik,2031,3.548,0.0013,0.4817,0,297.6750922,63.14473669,Ock1,0.1875,1
59,28,,,0,0,alive,,M-05-02,M,S,Amungen 1,Amungen_0405,6775700,1494349,2004,2005,M-05-02,3.3876,0.12,1.01,81.13480392,9.23,Rättvik,2031,3.2534,0.0013,0.4538,0,302.5635091,65.6737438,Fil,0.28125,2
60,28,,,,,alive,,M-05-12,F,S,Amungen 1,Amungen_0405,6775700,1494349,2004,2005,M-05-12,3.3876,0.12,1.01,81.13480392,9.23,Rättvik,2031,3.2534,0.0013,0.4538,0,302.5635091,65.6737438,Ock1,0.1875,2
61,29,,,0,0,alive,,M-05-02,M,S,Amungen 1,Amungen_0506,6776136,1493061,2005,2006,M-05-02,3.3735,0.12,1.01,85.56313131,8.67,Rättvik,2031,2.946,0.0014,0.5178,0,300.1450134,65.20546711,Fil,0.28125,2
62,29,,,,,alive,,M-05-12,F,S,Amungen 1,Amungen_0506,6776136,1493061,2005,2006,M-05-12,3.3735,0.12,1.01,85.56313131,8.67,Rättvik,2031,2.946,0.0014,0.5178,0,300.1450134,65.20546711,Ock1,0.1875,2
63,31,,1,1,1,disapp,,M-05-02,M,S,Amungen 1,Amungen_0607,6774606,1498387,2006,2007,M-05-02,3.3767,0.12,1.01,82.9469697,10.93,Rättvik,2031,2.701,0.0011,0.3987,0,313.2659028,66.27847338,Fil,0.28125,1
64,31,,,,,alive,,M-05-12,F,S,Amungen 1,Amungen_0607,6774606,1498387,2006,2007,M-05-12,3.3767,0.12,1.01,82.9469697,10.93,Rättvik,2031,2.701,0.0011,0.3987,0,313.2659028,66.27847338,Ock1,0.1875,1
65,37,,,,,alive,,D-10-30,M,S,Amungen 2,Amungen_0708,6775987,1506325,2007,2008,D-10-30,3.5051,0.16,1.08,83.96717172,12.51,Rättvik,2031,2.4546,0.0017,0.6004,0,322.3995578,60.88901195,Ny5,0.26953100000000002,1
66,37,,,,,alive,,M-05-12,F,S,Amungen 2,Amungen_0708,6775987,1506325,2007,2008,M-05-12,3.5051,0.16,1.08,83.96717172,12.51,Rättvik,2031,2.4546,0.0017,0.6004,0,322.3995578,60.88901195,Ock1,0.1875,1
67,39,,,,,alive,,D-10-30,M,S,Amungen 2,Amungen_0809,6780001,1500672,2008,2009,D-10-30,3.4216,0.11,1.07,87.7622549,9.19,Rättvik,2031,2.4677,0.0027,0.9632,0.056,312.6749496,66.27801813,Ny5,0.26953100000000002,1
68,39,,,,,alive,,M-05-12,F,S,Amungen 2,Amungen_0809,6780001,1500672,2008,2009,M-05-12,3.4216,0.11,1.07,87.7622549,9.19,Rättvik,2031,2.4677,0.0027,0.9632,0.056,312.6749496,66.27801813,Ock1,0.1875,1
69,49,,,,,other,legal,D-10-30,M,S,Amungen 2,Amungen_0910,6779275,1507113,2009,2010,D-10-30,3.5266,0.15,1.1,86.25714286,10.99,Rättvik,2031,2.6316,0.0027,0.9881,0.0744,317.8515615,62.11682135,Ny5,0.26953100000000002,1
70,49,,,,,other,legal,M-05-12,F,S,Amungen 2,Amungen_0910,6779275,1507113,2009,2010,M-05-12,3.5266,0.15,1.1,86.25714286,10.99,Rättvik,2031,2.6316,0.0027,0.9881,0.0744,317.8515615,62.11682135,Ock1,0.1875,1
71,72,,,,,alive,,G176-16,M,S,Andån,Andån_1718,6837842,1500423,2017,2018,G176-16,4.1675,0.25,1.18,84.13432836,4.3,Ovanåker,2121,2.9,0.0021,0.7529,0.6362,299.8522749,80.79352081,Bjås3,6.7336999999999994E-2,2
72,72,,,,,alive,,G87-17,F,S,Andån,Andån_1718,6837842,1500423,2017,2018,G87-17,4.1675,0.25,1.18,84.13432836,4.3,Ovanåker,2121,2.9,0.0021,0.7529,0.6362,299.8522749,80.79352081,Vmy1,0.23388300000000001,2
73,68,,,,,alive,,G176-16,M,S,Andån,Andån_1819,6838452,1500584,2018,2019,G176-16,4.1742,0.26,1.18,84.1969697,4.24,Ovanåker,2121,3,0.0032,1.1581,0.6811,298.2554315,81.69374541,Bjås3,6.7336999999999994E-2,2
74,68,,,,,alive,,G87-17,F,S,Andån,Andån_1819,6838452,1500584,2018,2019,G87-17,4.1742,0.26,1.18,84.1969697,4.24,Ovanåker,2121,3,0.0032,1.1581,0.6811,298.2554315,81.69374541,Vmy1,0.23388300000000001,2
75,71,,,,,alive,,G176-16,M,S,Andån,Andån_1920,6830587,1499137,2019,2020,G176-16,4.0708,0.2,1.17,77.06127451,5.07,Ovanåker,2121,2.6,0.0035,1.2776,0.1198,308.4403492,71.58342788,Bjås3,6.7336999999999994E-2,2
76,71,,,,,alive,,G87-17,F,S,Andån,Andån_1920,6830587,1499137,2019,2020,G87-17,4.0708,0.2,1.17,77.06127451,5.07,Ovanåker,2121,2.6,0.0035,1.2776,0.1198,308.4403492,71.58342788,Vmy1,0.23388300000000001,2
77,75,,,,,other,legal,G176-16,M,S,Andån,Andån_2021,6830587,1499137,2020,2021,,4.0708,0.2,1.17,84.50735294,5.07,Ovanåker,2121,2.4,0.0034,1.2298,0.1198,308.4403492,71.58342788,Bjås3,6.7336999999999994E-2,2
78,75,,,,,other,legal,G87-17,F,S,Andån,Andån_2021,6830587,1499137,2020,2021,,4.0708,0.2,1.17,84.50735294,5.07,Ovanåker,2121,2.4,0.0034,1.2298,0.1198,308.4403492,71.58342788,Vmy1,0.23388300000000001,2
79,72,1,,,1,disapp,,G112-17,M,S,Ängsberget,Ängsberget_1718,6776809,1471419,2017,2018,G112-17,2.6797,0.18,1.08,80.55050505,5.48,Rättvik,2031,2.4,0.0026,0.9242,0.3015,297.1091108,61.69140679,Prä3,0.125,3
80,72,1,1,1,1,disapp,,G66-14,F,S,Ängsberget,Ängsberget_1718,6776809,1471419,2017,2018,G66-14,2.6797,0.18,1.08,80.55050505,5.48,Rättvik,2031,2.4,0.0026,0.9242,0.3015,297.1091108,61.69140679,Hom2,0.14105200000000001,3
81,37,,1,1,1,disapp,,D-07-27,M,S,Äppelbo 0,Äppelbo_0708,6705273,1396086,2007,2008,D-07-27,3.8935,0.27,0.95,80.11868687,3.76,Hagfors,1783,2.638,0.0002,0.0772,0.3496,345.5111795,62.84590417,Julu3,0.32421899999999998,3
82,37,,,,0,alive,,G32-07,F,S,Äppelbo 0,Äppelbo_0708,6705273,1396086,2007,2008,G32-07,3.8935,0.27,0.95,80.11868687,3.76,Hagfors,1783,2.638,0.0002,0.0772,0.3496,345.5111795,62.84590417,Sil1,0.227051,3
83,39,,,0,0,alive,,G32-07,F,S,Äppelbo 1,Äppelbo_0809,6707709,1388339,2008,2009,G32-07,4.0177,0.24,0.86,84.84507042,3.5,Torsby,1737,2.4968,0.0003,0.1191,0.3048,369.7084469,65.53898774,Sil1,0.227051,2
84,39,,,,0,alive,,G39-07,M,S,Äppelbo 1,Äppelbo_0809,6707709,1388339,2008,2009,G39-07,4.0177,0.24,0.86,84.84507042,3.5,Torsby,1737,2.4968,0.0003,0.1191,0.3048,369.7084469,65.53898774,Hlg1,0.23877000000000001,2
85,49,,,0,0,alive,,G32-07,F,S,Äppelbo 1,Äppelbo_0910,6712442,1389424,2009,2010,G32-07,3.9519,0.25,0.91,79.65422886,3.15,Torsby,1737,2.3442,0.0003,0.1085,0.5945,369.7456973,67.10045673,Sil1,0.227051,2
86,49,,,,0,alive,,G39-07,M,S,Äppelbo 1,Äppelbo_0910,6712442,1389424,2009,2010,G39-07,3.9519,0.25,0.91,79.65422886,3.15,Torsby,1737,2.3442,0.0003,0.1085,0.5945,369.7456973,67.10045673,Hlg1,0.23877000000000001,2
87,58,,,0,0,alive,,G32-07,F,S,Äppelbo 1,Äppelbo_1011,6713382,1380169,2010,2011,G32-07,4.0565,0.22,0.8,79.59068627,2.92,Torsby,1737,2.6376,0.0003,0.1155,0.7571,391.9313434,65.20361522,Sil1,0.227051,1
88,58,,,,0,alive,,G39-07,M,S,Äppelbo 1,Äppelbo_1011,6713382,1380169,2010,2011,G39-07,4.0565,0.22,0.8,79.59068627,2.92,Torsby,1737,2.6376,0.0003,0.1155,0.7571,391.9313434,65.20361522,Hlg1,0.23877000000000001,1
89,60,1,1,1,1,disapp,,G32-07,F,S,Äppelbo 1,Äppelbo_1112,6708251,1394407,2011,2012,G32-07,3.8756,0.26,0.93,79.02696078,3.5,Hagfors,1783,2.3435,0.0003,0.1255,0.2927,351.1944714,63.60465235,Sil1,0.227051,3
90,60,1,,,1,disapp,,G39-07,M,S,Äppelbo 1,Äppelbo_1112,6708251,1394407,2011,2012,G39-07,3.8756,0.26,0.93,79.02696078,3.5,Hagfors,1783,2.3435,0.0003,0.1255,0.2927,351.1944714,63.60465235,Hlg1,0.23877000000000001,3
91,10,,,0,0,alive,,M-00-01,M,S,Årjangkongsvinger,Årjäng-Kongsvinger_9899,6632272,1273927,1998,1999,M-00-01,5.5948,0.38,1.36,82.56490385,9.62,Eda,1730,3.7972,0,0,0.1487,229.2771035,53.72892659,Hag1,0.125,0
92,10,,,,0,alive,,M-00-02,F,S,Årjangkongsvinger,Årjäng-Kongsvinger_9899,6632272,1273927,1998,1999,M-00-02,5.5948,0.38,1.36,82.56490385,9.62,Eda,1730,3.7972,0,0,0.1487,229.2771035,53.72892659,Fre,0.125,0
93,13,,,0,0,alive,,M-00-01,M,S,Årjangkongsvinger,Årjäng-Kongsvinger_9900,6646256,1276503,1999,2000,M-00-01,5.5337,0.47,1.61,82.01870278,11.21,Eda,1730,3.4556,0,0,0.4653,244.0290654,56.66087136,Hag1,0.125,0
94,13,,,,0,alive,,M-00-02,F,S,Årjangkongsvinger,Årjäng-Kongsvinger_9900,6646256,1276503,1999,2000,M-00-02,5.5337,0.47,1.61,82.01870278,11.21,Eda,1730,3.4556,0,0,0.4653,244.0290654,56.66087136,Fre,0.125,0
95,16,,,0,0,alive,,M-00-01,M,S,Årjangkongsvinger,Årjäng-Kongsvinger_0001,6643663,1274635,2000,2001,M-00-01,5.4763,0.46,1.57,82.20543981,10.92,Eda,1730,3.5174,0,0.0073,0.4709,239.3534445,55.48786194,Hag1,0.125,0
96,16,,,,0,alive,,M-00-02,F,S,Årjangkongsvinger,Årjäng-Kongsvinger_0001,6643663,1274635,2000,2001,M-00-02,5.4763,0.46,1.57,82.20543981,10.92,Eda,1730,3.5174,0,0.0073,0.4709,239.3534445,55.48786194,Fre,0.125,0
97,16,,1,1,1,disapp,confirmed_illegal,M-00-01,M,S,Årjangkongsvinger,Årjäng-Kongsvinger_0102,6638460,1276475,2001,2002,M-00-01,5.4478,0.43,1.51,72.175,10.25,Eda,1730,3.8361,0,0,0.251,234.9248151,52.73552382,Hag1,0.125,0
98,16,,,,2,censored,,M-00-02,F,S,Årjangkongsvinger,Årjäng-Kongsvinger_0102,6638460,1276475,2001,2002,M-00-02,5.4478,0.43,1.51,72.175,10.25,Eda,1730,3.8361,0,0,0.251,234.9248151,52.73552382,Fre,0.125,0
99,72,,,,0,alive,,G11-17,M,S,Ärla 1,Ärla_1718,6565743,1560325,2017,2018,G11-17,3.5329,0.47,1.44,73.46031746,41.77,Gnesta,461,1.7,0,0,1.433,53.81455237,17.49072649,Vis2,0.18371199999999999,1
100,72,,,,0,alive,,G113-16,F,S,Ärla 1,Ärla_1718,6565743,1560325,2017,2018,G113-16,3.5329,0.47,1.44,73.46031746,41.77,Gnesta,461,1.7,0,0,1.433,53.81455237,17.49072649,Sju1,0.19703899999999999,1
101,68,,,0,0,alive,,G113-16,F,S,Ärla 2,Ärla_1819,6563998,1558748,2018,2019,G113-16,3.5287,0.42,1.44,57.4609375,40.75,Gnesta,461,1.4,0,0,1.2252,54.60641321,17.076699,Sju1,0.19703899999999999,1
102,68,,,,,alive,,G92-16,M,S,Ärla 2,Ärla_1819,6563998,1558748,2018,2019,G92-16,3.5287,0.42,1.44,57.4609375,40.75,Gnesta,461,1.4,0,0,1.2252,54.60641321,17.076699,Sju1,0.19703899999999999,1
103,71,,,0,0,alive,,G113-16,F,S,Ärla 2,Ärla_1920,6564105,1565176,2019,2020,G113-16,3.6572,0.47,1.42,42.83597884,37.44,Nykvarn,140,1.301,0,0,1.4523,51.2866285,18.54798994,Sju1,0.19703899999999999,1
104,71,,,,,alive,,G92-16,M,S,Ärla 2,Ärla_1920,6564105,1565176,2019,2020,G92-16,3.6572,0.47,1.42,42.83597884,37.44,Nykvarn,140,1.301,0,0,1.4523,51.2866285,18.54798994,Sju1,0.19703899999999999,1
105,75,,,0,0,alive,,G113-16,F,S,Ärla 2,Ärla_2021,6565538,1567067,2020,2021,,3.6408,0.49,1.43,55.03511425,39.29,Nykvarn,140,1.6042,0,0,1.6801,50.15884965,19.17983649,Sju1,0.19703899999999999,1
106,75,,,,,alive,,G92-16,M,S,Ärla 2,Ärla_2021,6565538,1567067,2020,2021,,3.6408,0.49,1.43,55.03511425,39.29,Nykvarn,140,1.6042,0,0,1.6801,50.15884965,19.17983649,Sju1,0.19703899999999999,1
107,83,,,0,0,alive,,G113-16,F,S,Ärla 2,Ärla_2122,6565189.402,1564334.339,2021,2022,,3.6115,0.49,1.44,51.83854167,40,Gnesta,461,1.4,0,0,1.531,51.70188263,18.35886521,Sju1,0.19703899999999999,4
108,83,,,,,alive,,G92-16,M,S,Ärla 2,Ärla_2122,6565189.402,1564334.339,2021,2022,,3.6115,0.49,1.44,51.83854167,40,Gnesta,461,1.4,0,0,1.531,51.70188263,18.35886521,Sju1,0.19703899999999999,4
109,85,,1,1,1,disapp,,G113-16,F,S,Ärla 2,Ärla_2223,6570449,1561750,2022,2023,,3.3426,0.51,1.5,65.10967742,49.99,Gnesta,461,1.2,0,0,1.6729,50.12622715,20.5647181,Sju1,0.19703899999999999,6
110,85,,,,,other,traffic,G92-16,M,S,Ärla 2,Ärla_2223,6570449,1561750,2022,2023,,3.3426,0.51,1.5,65.10967742,49.99,Gnesta,461,1.2,0,0,1.6729,50.12622715,20.5647181,Sju1,0.19703899999999999,6
111,66,,,,,alive,,G55-14,M,S,Aspafallet 1,Aspafallet_1314,6620308,1474068,2013,2014,G55-14,3.48,0.39,1.3,63.9845679,17.07,Ljusnarsberg,1864,2.852,0.0001,0.0245,1.0029,144.9750521,56.12095354,Klot,0.29931600000000003,7
112,66,,,,0,alive,,G140-13,F,S,Aspafallet 1,Aspafallet_1314,6620308,1474068,2013,2014,G140-13,3.48,0.39,1.3,63.9845679,17.07,Ljusnarsberg,1864,2.852,0.0001,0.0245,1.0029,144.9750521,56.12095354,Hed3,0.29248000000000002,7
113,68,,,,,other,vehicle,G55-14,M,S,Aspafallet 1,Aspafallet_1415,6620722,1481911,2014,2015,G55-14,3.3396,0.36,1.18,72.50260417,17.61,Lindesberg,1885,2.5789,0,0.0004,0.498,135.5373292,52.69119076,Klot,0.29931600000000003,5
114,68,,,,0,alive,,G140-13,F,S,Aspafallet 1,Aspafallet_1415,6620722,1481911,2014,2015,G140-13,3.3396,0.36,1.18,72.50260417,17.61,Lindesberg,1885,2.5789,0,0.0004,0.498,135.5373292,52.69119076,Hed3,0.29248000000000002,5
115,70,,,,,alive,,G83-14,M,S,Aspafallet 2,Aspafallet_1516,6617524,1483801,2015,2016,G83-14,3.1813,0.38,1.17,61.21818182,19.5,Lindesberg,1885,2.4,0,0.0008,0.4936,116.8591291,42.1294856,Fär,0.29736299999999999,4
116,70,,,,0,alive,,G140-13,F,S,Aspafallet 2,Aspafallet_1516,6617524,1483801,2015,2016,G140-13,3.1813,0.38,1.17,61.21818182,19.5,Lindesberg,1885,2.4,0,0.0008,0.4936,116.8591291,42.1294856,Hed3,0.29248000000000002,4
117,74,,,,,alive,,G83-14,M,S,Aspafallet 2,Aspafallet_1617,6618529,1480907,2016,2017,G83-14,3.3049,0.39,1.21,69.08080808,18.88,Lindesberg,1885,2.3655,0,0.0001,0.665,126.0722706,48.63696527,Fär,0.29736299999999999,5
118,74,,,,0,alive,,G140-13,F,S,Aspafallet 2,Aspafallet_1617,6618529,1480907,2016,2017,G140-13,3.3049,0.39,1.21,69.08080808,18.88,Lindesberg,1885,2.3655,0,0.0001,0.665,126.0722706,48.63696527,Hed3,0.29248000000000002,5
119,72,,,0,0,alive,,G140-13,F,S,Aspafallet 3,Aspafallet_1718,6610332,1487930,2017,2018,G140-13,2.8817,0.41,1.16,78.29100529,24.49,Lindesberg,1885,2.2044,0,0.0012,0.4848,88.47474869,28.69998489,Hed3,0.29248000000000002,3
120,72,,,,0,alive,,G125-17,M,S,Aspafallet 3,Aspafallet_1718,6610332,1487930,2017,2018,G125-17,2.8817,0.41,1.16,78.29100529,24.49,Lindesberg,1885,2.2044,0,0.0012,0.4848,88.47474869,28.69998489,Osd4,0.22917000000000001,3
121,68,,,0,0,alive,,G140-13,F,S,Aspafallet 3,Aspafallet_1819,6619257,1482771,2018,2019,G140-13,3.2728,0.37,1.18,73.50529101,18.7,Lindesberg,1885,2.134,0,0.0002,0.5123,126.8483068,48.48016643,Hed3,0.29248000000000002,5
122,68,,,,0,alive,,G125-17,M,S,Aspafallet 3,Aspafallet_1819,6619257,1482771,2018,2019,G125-17,3.2728,0.37,1.18,73.50529101,18.7,Lindesberg,1885,2.134,0,0.0002,0.5123,126.8483068,48.48016643,Osd4,0.22917000000000001,5
123,71,,,0,0,alive,,G140-13,F,S,Aspafallet 3,Aspafallet_1920,6616514,1482711,2019,2020,G140-13,3.1931,0.38,1.19,42.69444444,20.06,Lindesberg,1885,2.1845,0,0.0018,0.5751,114.7866777,42.28703407,Hed3,0.29248000000000002,4
124,71,,,,0,alive,,G125-17,M,S,Aspafallet 3,Aspafallet_1920,6616514,1482711,2019,2020,G125-17,3.1931,0.38,1.19,42.69444444,20.06,Lindesberg,1885,2.1845,0,0.0018,0.5751,114.7866777,42.28703407,Osd4,0.22917000000000001,4
125,75,,,0,0,alive,,G140-13,F,S,Aspafallet 3,Aspafallet_2021,6615639,1486511,2020,2021,,3.038,0.37,1.14,61.56666667,21.24,Lindesberg,1885,2.1506,0,0,0.4315,105.8712379,33.63318345,Hed3,0.29248000000000002,4
126,75,,,,0,alive,,G125-17,M,S,Aspafallet 3,Aspafallet_2021,6615639,1486511,2020,2021,,3.038,0.37,1.14,61.56666667,21.24,Lindesberg,1885,2.1506,0,0,0.4315,105.8712379,33.63318345,Osd4,0.22917000000000001,4
127,83,,1,1,1,disapp,,G140-13,F,S,Aspafallet 3,Aspafallet_2122,6615707.107,1485065.513,2021,2022,,3.0891,0.37,1.15,66.65364583,20.74,Lindesberg,1885,1.9551,0,0,0.4347,107.7469296,35.50575546,Hed3,0.29248000000000002,5
128,83,,,,0,alive,,G125-17,M,S,Aspafallet 3,Aspafallet_2122,6615707.107,1485065.513,2021,2022,,3.0891,0.37,1.15,66.65364583,20.74,Lindesberg,1885,1.9551,0,0,0.4347,107.7469296,35.50575546,Osd4,0.22917000000000001,5
129,28,,,,,other,legal,D-05-13,F,N,Åsta/Löten 1,Åsta-Løten_0405,6783224,1253774,2004,2005,D-05-13,4.361,0.17,1.01,83.06313131,21.95,Løten,415,2.5576,0,0.0001,0.8164,527.9293216,177.2247992,Grå,0.296875,1
130,28,,,,,other,legal,D-05-14,M,N,Åsta/Löten 1,Åsta-Løten_0405,6783224,1253774,2004,2005,D-05-14,4.361,0.17,1.01,83.06313131,21.95,Løten,415,2.5576,0,0.0001,0.8164,527.9293216,177.2247992,Ock1,0.1875,1
131,60,,,,,other,legal,G19-12,M,N,Åsta-Löten 2,Åsta-Løten_1112,6779457,1252803,2011,2012,G19-12,4.4206,0.18,1.04,88.58706468,26.84,Løten,415,2.782,0.0003,0.108,1.1058,524.8642734,161.1665423,Amä1,0.27050800000000003,0
132,60,,,,,other,legal,G83-11,F,N,Åsta-Löten 2,Åsta-Løten_1112,6779457,1252803,2011,2012,G83-11,4.4206,0.18,1.04,88.58706468,26.84,Løten,415,2.782,0.0003,0.108,1.1058,524.8642734,161.1665423,Gös,0.27917500000000001,0
133,10,,,,,alive,,D-01-18,M,N,Atndalen,Atndalen_9899,6869518,1230119,1998,1999,D-01-18,8.6419,0.1,0.35,85.84875292,1.32,Ringebu,520,2.1352,0.0001,0.0181,0.0059,826.8978728,220.4741949,Fre,0.125,1
134,10,,,,,alive,,D-01-21,F,N,Atndalen,Atndalen_9899,6869518,1230119,1998,1999,D-01-21,8.6419,0.1,0.35,85.84875292,1.32,Ringebu,520,2.1352,0.0001,0.0181,0.0059,826.8978728,220.4741949,Mitt,NA,1
135,13,,,,,alive,,D-01-18,M,N,Atndalen,Atndalen_9900,6873488,1229879,1999,2000,D-01-18,8.9006,0.09,0.35,85.87588623,1.36,Ringebu,520,2.3626,0,0.0014,0.0187,837.4540376,229.6046112,Fre,0.125,1
136,13,,,,,alive,,D-01-21,F,N,Atndalen,Atndalen_9900,6873488,1229879,1999,2000,D-01-21,8.9006,0.09,0.35,85.87588623,1.36,Ringebu,520,2.3626,0,0.0014,0.0187,837.4540376,229.6046112,Mitt,NA,1
137,16,,,,,other,legal,D-01-18,M,N,Atndalen,Atndalen_0001,6877163,1233512,2000,2001,D-01-18,9.3928,0.11,0.4,85.81768208,1.41,Stor-Elvdal,430,2.4612,0,0.001,0.1053,812.075865,241.7320378,Fre,0.125,1
138,16,,,,,other,legal,D-01-21,F,N,Atndalen,Atndalen_0001,6877163,1233512,2000,2001,D-01-21,9.3928,0.11,0.4,85.81768208,1.41,Stor-Elvdal,430,2.4612,0,0.001,0.1053,812.075865,241.7320378,Mitt,NA,1
139,58,,,,0,alive,,G69-10,M,N,Aurskog 1,Aurskog_1011,6650536,1254786,2010,2011,G69-10,5.6579,0.67,1.12,82.52116402,37.84,Rælingen,228,3.2878,0,0,3,214.5146098,67.20706659,Ulr2,0.21484400000000001,1
140,58,,,0,0,alive,,G75-10,F,N,Aurskog 1,Aurskog_1011,6650536,1254786,2010,2011,G75-10,5.6579,0.67,1.12,82.52116402,37.84,Rælingen,228,3.2878,0,0,3,214.5146098,67.20706659,DE5,0.25695800000000002,1
141,60,1,,,1,disapp,,G69-10,M,N,Aurskog 1,Aurskog_1112,6657295,1269156,2011,2012,G69-10,5.2519,0.47,1.49,78.33585859,19.1,Eda,1730,2.9624,0,0.0004,0.797,256.2440147,62.78460658,Ulr2,0.21484400000000001,0
142,60,1,1,1,1,disapp,,G75-10,F,N,Aurskog 1,Aurskog_1112,6657295,1269156,2011,2012,G75-10,5.2519,0.47,1.49,78.33585859,19.1,Eda,1730,2.9624,0,0.0004,0.797,256.2440147,62.78460658,DE5,0.25695800000000002,0
143,64,1,,,1,disapp,,G111-10,M,N,Aurskog 3,Aurskog_1213,6650569,1265403,2012,2013,G111-10,5.5366,0.51,1.43,85.64871795,20.31,Eda,1730,3.036,0,0,1.143,243.160225,60.22305181,DE5,0.25695800000000002,2
144,64,1,1,1,1,disapp,,G131-11,F,N,Aurskog 3,Aurskog_1213,6650569,1265403,2012,2013,G131-11,5.5366,0.51,1.43,85.64871795,20.31,Eda,1730,3.036,0,0,1.143,243.160225,60.22305181,Aur1,0.254608,2
145,70,,,,0,alive,,G107-16,M,N,Aurskog 4,Aurskog_1516,6645533,1254619,2015,2016,G107-16,5.6662,0.67,1.13,73.87419355,35.53,Rælingen,228,2.4428,0,0.0052,2.6405,209.213758,63.32358321,Gla3,0.31059999999999999,3
146,70,,,0,0,alive,,G170-15,F,N,Aurskog 4,Aurskog_1516,6645533,1254619,2015,2016,G170-15,5.6662,0.67,1.13,73.87419355,35.53,Rælingen,228,2.4428,0,0.0052,2.6405,209.213758,63.32358321,När1,0.29327399999999998,3
147,74,1,,,1,disapp,,G107-16,M,N,Aurskog 4,Aurskog_1617,6647699,1251501,2016,2017,G107-16,5.8738,0.7,1.06,67.86410256,52.41,Rælingen,228,2.0934,0,0.0027,3.6751,205.9216706,64.49093792,Gla3,0.31059999999999999,3
148,74,1,1,1,1,disapp,,G170-15,F,N,Aurskog 4,Aurskog_1617,6647699,1251501,2016,2017,G170-15,5.8738,0.7,1.06,67.86410256,52.41,Rælingen,228,2.0934,0,0.0027,3.6751,205.9216706,64.49093792,När1,0.29327399999999998,3
149,68,,,,,alive,,G35-16,M,N,Aurskog 5,Aurskog_1819,6645150,1251472,2018,2019,G35-16,5.8355,0.7,1.06,79.44354839,45.83,Rælingen,228,1.9896,0,0.0004,3.4376,203.9840297,63.04670884,Gla3,0.31059999999999999,4
150,68,,,0,0,alive,,G80-17,F,N,Aurskog 5,Aurskog_1819,6645150,1251472,2018,2019,G80-17,5.8355,0.7,1.06,79.44354839,45.83,Rælingen,228,1.9896,0,0.0004,3.4376,203.9840297,63.04670884,Kin1,0.28747600000000001,4
151,71,,,,,alive,,G35-16,M,N,Aurskog 5,Aurskog_1920,6646959,1257580,2019,2020,G35-16,5.7025,0.61,1.18,52.72979798,31.71,Rælingen,228,1.8014,0,0.0066,2.0324,222.964442,64.0225691,Gla3,0.31059999999999999,5
152,71,,1,1,1,disapp,,G80-17,F,N,Aurskog 5,Aurskog_1920,6646959,1257580,2019,2020,G80-17,5.7025,0.61,1.18,52.72979798,31.71,Rælingen,228,1.8014,0,0.0066,2.0324,222.964442,64.0225691,Kin1,0.28747600000000001,5
153,75,,,,,other,legal,G21-21,F,N,Aurskog 6,Aurskog_2021,6646580,1251969,2020,2021,,5.8174,0.69,1.07,71.15343915,79.52,Enebakk,3028,1.5808,0,0,3.4473,205.6913462,63.90841684,Sbö1,0.218197,6
154,75,,,,,other,legal,G35-16,M,N,Aurskog 6,Aurskog_2021,6646580,1251969,2020,2021,,5.8174,0.69,1.07,71.15343915,79.52,Enebakk,3028,1.5808,0,0,3.4473,205.6913462,63.90841684,Gla3,0.31059999999999999,6
155,85,1,1,1,1,disapp,likely illegal,G39-20,F,N,Aurskog 7,Aurskog_2223,6648958.587,1253087.689,2022,2023,,5.7676,0.7,1.09,84.45714286,82.11,Aurskog-Høland,3026,1.2499,0,0,3.3123,208.662,64.5524,Mgr2,0.18076400000000001,4
156,85,1,,,1,disapp,likely illegal,G180-21,M,N,Aurskog 7,Aurskog_2223,6648958.587,1253087.689,2022,2023,,5.7676,0.7,1.09,84.45714286,82.11,Aurskog-Høland,3026,1.2499,0,0,3.3123,208.662,64.5524,Prä4,0.169262,4
157,85,,,,2,censored,,G174-22,M,S,Axsjön,Axsjön_2223,6566153,1568619,2022,2023,,3.6308,0.48,1.44,65.40645161,40.64,Nykvarn,140,1.2116,0,0,1.7248,49.25652183,19.89218576,Vvi1,9.15546E-2,6
158,85,,,2,2,censored,,G106-21,F,S,Axsjön,Axsjön_2223,6566153,1568619,2022,2023,,3.6308,0.48,1.44,65.40645161,40.64,Nykvarn,140,1.2116,0,0,1.7248,49.25652183,19.89218576,Ärl2,0.39373599999999997,6
159,85,,,,2,censored,,G96-22,M,S,Balungen 1,Balungen_2223,6753971,1487068,2022,2023,,3.937,0.25,0.91,92.3969697,17.21,Leksand,2029,2,0.0039,1.4153,0.3714,286.4322312,67.41892744,Lob1,0.25192599999999998,2
160,85,,,2,2,censored,,G151-22,F,S,Balungen 1,Balungen_2223,6753971,1487068,2022,2023,,3.937,0.25,0.91,92.3969697,17.21,Leksand,2029,2,0.0039,1.4153,0.3714,286.4322312,67.41892744,Bjås4,0.121395,2
161,85,,,,2,censored,,G244-21,M,S,Baremosse,Baremosse_2223,6434800,1389990,2022,2023,,2.6472,0.59,1.63,65.54,30.14,Mullsjö,642,1.918,0,0,1.2801,224.9887595,61.06782711,Vvi1,9.15546E-2,4
162,85,,,2,2,censored,,G243-19,F,S,Baremosse,Baremosse_2223,6434800,1389990,2022,2023,,2.6472,0.59,1.63,65.54,30.14,Mullsjö,642,1.918,0,0,1.2801,224.9887595,61.06782711,Tiv2,0,4
163,83,,,,0,alive,,G34-20,M,S,Bergaskogen 1,Bergaskogen_2122,6411090.536,1389202.094,2021,2022,,2.8813,0.62,1.7,57.10818713,66.49,Mullsjö,642,2.6524,0,0,2.4186,235.2027658,64.90690741,Tiv2,0,1
164,83,,,0,0,alive,,G80-20,F,S,Bergaskogen 1,Bergaskogen_2122,6411090.536,1389202.094,2021,2022,,2.8813,0.62,1.7,57.10818713,66.49,Mullsjö,642,2.6524,0,0,2.4186,235.2027658,64.90690741,Tön1,0.118835,1
165,85,1,,,1,disapp,,G34-20,M,S,Bergaskogen 1,Bergaskogen_2223,6411073,1391648,2022,2023,,2.9004,0.65,1.66,69.90570175,68.3,Mullsjö,642,2.0756,0,0,2.8493,223.6663813,68.08172214,Tiv2,0,2
166,85,1,1,1,1,disapp,,G80-20,F,S,Bergaskogen 1,Bergaskogen_2223,6411073,1391648,2022,2023,,2.9004,0.65,1.66,69.90570175,68.3,Mullsjö,642,2.0756,0,0,2.8493,223.6663813,68.08172214,Tön1,0.118835,2
167,74,1,1,1,1,disapp,,G73-15,F,S,Bertjärn,Berttjärn_1617,6740579,1348914,2016,2017,G73-15,5.1379,0.25,0.69,83.63383838,2.78,Torsby,1737,1.9356,0.0005,0.1768,0.5572,439.9794474,99.25537426,Snd3,0.21491199999999999,3
168,74,1,,,1,disapp,,G83-16,M,S,Bertjärn,Berttjärn_1617,6740579,1348914,2016,2017,G83-16,5.1379,0.25,0.69,83.63383838,2.78,Torsby,1737,1.9356,0.0005,0.1768,0.5572,439.9794474,99.25537426,Lok3,0.222382,3
169,85,,,,2,censored,,G22-22,F,S,Billingbo,Billingbo_2223,6618034.13,1491412.733,2022,2023,,3.0681,0.38,1.13,71.74769231,21.16,Köping,1983,1.563,0,0.0024,0.5069,107.5523,31.861,Asp3,0.233486,4
170,85,,1,1,1,disapp,,G238-21,M,S,Billingbo,Billingbo_2223,6618034.13,1491412.733,2022,2023,,3.0681,0.38,1.13,71.74769231,21.16,Köping,1983,1.563,0,0.0024,0.5069,107.5523,31.861,Vbä2,0.30906699999999998,4
171,74,,1,1,1,disapp,,G48-14,M,S,Billsjön,Billsjön_1617,6644420,1481034,2016,2017,G48-14,4.3473,0.34,1.3,74.40686275,13.17,Ljusnarsberg,1864,2.2824,0,0.0075,0.5769,218.5570849,62.13048771,Rom1,0.20550499999999999,8
172,74,,,,,alive,,G74-14,F,S,Billsjön,Billsjön_1617,6644420,1481034,2016,2017,G74-14,4.3473,0.34,1.3,74.40686275,13.17,Ljusnarsberg,1864,2.2824,0,0.0075,0.5769,218.5570849,62.13048771,Sku,0.15216099999999999,8
173,64,,,,2,censored,,G50-12,M,S,Björnås 1,Björnås_1213,6766922,1503305,2012,2013,G50-12,3.6843,0.15,1.05,85.16908213,16.65,Rättvik,2031,2.4028,0.0023,0.8292,0.0787,325.4679753,60.98179715,Sjö,0.41430699999999998,3
174,64,,1,1,1,disapp,,G88-11,F,S,Björnås 1,Björnås_1213,6766922,1503305,2012,2013,G88-11,3.6843,0.15,1.05,85.16908213,16.65,Rättvik,2031,2.4028,0.0023,0.8292,0.0787,325.4679753,60.98179715,Kors1,0.22680700000000001,3
175,66,,,,,alive,,G113-12,F,S,Björnås 2,Björnås_1314,6759219,1505811,2013,2014,G113-12,3.741,0.2,1.1,75.94444444,21.8,Leksand,2029,2.4104,0.0026,0.9286,0.3,312.529144,68.68713268,Prä,0,2
176,66,,1,1,1,disapp,,G183-13,M,S,Björnås 2,Björnås_1314,6759219,1505811,2013,2014,G183-13,3.741,0.2,1.1,75.94444444,21.8,Leksand,2029,2.4104,0.0026,0.9286,0.3,312.529144,68.68713268,Bjås,0.41430699999999998,2
177,68,,,,0,alive,,G113-12,F,S,Björnås 3,Björnås_1415,6760675,1507592,2014,2015,G113-12,3.6568,0.19,1.13,89.95771144,21.12,Rättvik,2031,2.506,0.003,1.0694,0.2098,317.1157306,63.84887599,Prä,0,5
178,68,,,,,alive,,G164-13,M,S,Björnås 3,Björnås_1415,6760675,1507592,2014,2015,G164-13,3.6568,0.19,1.13,89.95771144,21.12,Rättvik,2031,2.506,0.003,1.0694,0.2098,317.1157306,63.84887599,Bjås,0.41430699999999998,5
179,70,,,,0,alive,,G113-12,F,S,Björnås 3,Björnäs_1516,6760797,1513166,2015,2016,G113-12,3.4625,0.17,1.14,76.50606061,19.84,Falun,2080,2.6736,0.0032,1.141,0.0049,322.0091288,56.02806101,Prä,0,6
180,70,,,,,alive,,G164-13,M,S,Björnås 3,Björnäs_1516,6760797,1513166,2015,2016,G164-13,3.4625,0.17,1.14,76.50606061,19.84,Falun,2080,2.6736,0.0032,1.141,0.0049,322.0091288,56.02806101,Bjås,0.41430699999999998,6
181,74,,,,2,censored,,G113-12,F,S,Björnås 3,Björnås_1617,6760524,1517631,2016,2017,G113-12,3.3964,0.18,1.14,84.76666667,18.15,Falun,2080,2.5906,0.0021,0.7566,0.0256,319.6436527,56.63354754,Prä,0,5
182,74,,,,,other,natural,G164-13,M,S,Björnås 3,Björnås_1617,6760524,1517631,2016,2017,G164-13,3.3964,0.18,1.14,84.76666667,18.15,Falun,2080,2.5906,0.0021,0.7566,0.0256,319.6436527,56.63354754,Bjås,0.41430699999999998,5
183,72,,,0,0,alive,,G113-12,F,S,Björnås 4,Björnås_1718,6768620,1522633,2017,2018,G113-12,3.4775,0.17,1.16,83.15217391,13.81,Falun,2080,2.821,0.0022,0.8134,0.0675,310.1626367,55.36154245,Prä,0,1
184,72,,,,0,alive,,G22-14,M,S,Björnås 4,Björnås_1718,6768620,1522633,2017,2018,G22-14,3.4775,0.17,1.16,83.15217391,13.81,Falun,2080,2.821,0.0022,0.8134,0.0675,310.1626367,55.36154245,Dju3,0.13900799999999999,1
185,68,,,0,0,alive,,G113-12,F,S,Björnås 4,Björnås_1819,6769946,1516341,2018,2019,G113-12,3.5213,0.18,1.12,84.21144279,15.25,Falun,2080,2.8845,0.0037,1.3232,0,330.3800236,52.39521757,Prä,0,1
186,68,,,,0,alive,,G22-14,M,S,Björnås 4,Björnås_1819,6769946,1516341,2018,2019,G22-14,3.5213,0.18,1.12,84.21144279,15.25,Falun,2080,2.8845,0.0037,1.3232,0,330.3800236,52.39521757,Dju3,0.13900799999999999,1
187,71,,,0,0,alive,,G113-12,F,S,Björnås 4,Björnås_1920,6758113,1514576,2019,2020,G113-12,3.3677,0.16,1.15,73.11111111,21.09,Falun,2080,2.5425,0.0029,1.06,0.0286,316.8113043,57.14088548,Prä,0,3
188,71,,,,0,alive,,G22-14,M,S,Björnås 4,Björnås_1920,6758113,1514576,2019,2020,G22-14,3.3677,0.16,1.15,73.11111111,21.09,Falun,2080,2.5425,0.0029,1.06,0.0286,316.8113043,57.14088548,Dju3,0.13900799999999999,3
189,75,,,0,0,alive,,G113-12,F,S,Björnås 4,Björnås_2021,6763774,1518595,2020,2021,,3.4204,0.17,1.15,81.40486808,16.83,Falun,2080,2.4678,0.0026,0.946,0.0255,321.2622907,56.9718911,Prä,0,3
190,75,,,,0,alive,,G22-14,M,S,Björnås 4,Björnås_2021,6763774,1518595,2020,2021,,3.4204,0.17,1.15,81.40486808,16.83,Falun,2080,2.4678,0.0026,0.946,0.0255,321.2622907,56.9718911,Dju3,0.13900799999999999,3
191,83,1,1,1,1,disapp,,G113-12,F,S,Björnås 4,Björnås_2122,6755680.167,1513948.817,2021,2022,,3.3336,0.17,1.15,83.22058824,22.68,Falun,2080,2.2962,0.0033,1.1968,0.1314,310.9776542,61.63242949,Prä,0,5
192,83,1,,,1,disapp,,G22-14,M,S,Björnås 4,Björnås_2122,6755680.167,1513948.817,2021,2022,,3.3336,0.17,1.15,83.22058824,22.68,Falun,2080,2.2962,0.0033,1.1968,0.1314,310.9776542,61.63242949,Dju3,0.13900799999999999,5
193,71,,,,0,alive,,G220-19,F,S,Björnberget,Björnberget_1920,6776740.506,1467179.048,2019,2020,,2.5153,0.18,1.09,68.76715686,5.46,Rättvik,2031,2.5,0.0032,1.1697,0.3435,297.3177,59.0017,Sjö3,0.17519399999999999,2
194,71,,1,1,1,disapp,,G72-18,M,S,Björnberget,Björnberget_1920,6776740.506,1467179.048,2019,2020,,2.5153,0.18,1.09,68.76715686,5.46,Rättvik,2031,2.5,0.0032,1.1697,0.3435,297.3177,59.0017,Letj2,0.224609,2
195,75,1,1,1,1,disapp,,G220-19,F,S,Björnberget 2,Björnberget_2021,6776738.073,1465671.273,2020,2021,,2.4935,0.17,1.08,83.25997475,5.5,Rättvik,2031,2.6,0.0026,0.9574,0.3497,297.3862,58.0029,Sjö3,0.17519399999999999,3
196,75,1,,,1,disapp,,G214-19,M,S,Björnberget 2,Björnberget_2021,6776738.073,1465671.273,2020,2021,,2.4935,0.17,1.08,83.25997475,5.5,Rättvik,2031,2.6,0.0026,0.9574,0.3497,297.3862,58.0029,Sjö4,0.37328699999999998,3
197,68,,,,2,censored,,G71-17,M,S,Blåbärskullen,Blåbärskullen_1819,6628826,1339709,2018,2019,G71-17,6.0025,0.33,1.21,78.75520833,14.22,Kil,1715,2.3,0,0.0079,1.2071,182.9447199,83.58212094,Keo1,0.228912,3
198,68,,1,1,1,disapp,,G7-19,F,S,Blåbärskullen,Blåbärskullen_1819,6628826,1339709,2018,2019,G7-19,6.0025,0.33,1.21,78.75520833,14.22,Kil,1715,2.3,0,0.0079,1.2071,182.9447199,83.58212094,Sku,0.15216099999999999,3
199,70,,,,,alive,,G116-14,M,S,Blyberget,Blyberget_1516,6787936,1516219,2015,2016,G116-14,3.6171,0.24,1.18,76.61176471,10.58,Ovanåker,2121,3.1,0.0033,1.1851,0.9627,267.4674762,95.36518313,Tand,0.29699700000000001,3
200,70,,,,,alive,,G62-15,F,S,Blyberget,Blyberget_1516,6787936,1516219,2015,2016,G62-15,3.6171,0.24,1.18,76.61176471,10.58,Ovanåker,2121,3.1,0.0033,1.1851,0.9627,267.4674762,95.36518313,Sjö,0.41430699999999998,3
201,74,,,,,other,legal,G116-14,M,S,Blyberget,Blyberget_1617,6789152,1519532,2016,2017,G116-14,3.5933,0.3,1.2,80.35714286,11.45,Ovanåker,2121,2.9,0.0022,0.8018,1.2384,247.171305,102.9616556,Tand,0.29699700000000001,2
202,74,,,,,other,legal,G62-15,F,S,Blyberget,Blyberget_1617,6789152,1519532,2016,2017,G62-15,3.5933,0.3,1.2,80.35714286,11.45,Ovanåker,2121,2.9,0.0022,0.8018,1.2384,247.171305,102.9616556,Sjö,0.41430699999999998,2
203,37,,,,,other,legal,D-08-02,F,S,Bogen 1,Bogen-Eidskog_0708,6648494,1323163,2007,2008,D-08-02,5.9812,0.32,1.08,74.58585859,13.26,Eda,1730,3.5956,0,0.0005,0.1308,232.3555633,68.86225907,Ulr2,0.21484400000000001,1
204,37,,,,,alive,,D-11-29,M,S,Bogen 1,Bogen-Eidskog_0708,6648494,1323163,2007,2008,D-11-29,5.9812,0.32,1.08,74.58585859,13.26,Eda,1730,3.5956,0,0.0005,0.1308,232.3555633,68.86225907,Grä1,0.26757799999999998,1
205,39,,,,,alive,,D-11-29,M,S,Bogen 2,Bogen_0809,6635228,1325238,2008,2009,D-11-29,5.9446,0.39,1.13,83.34090909,14.48,Eda,1730,3.2,0,0.0127,0.9696,202.90329,79.22511448,Grä1,0.26757799999999998,1
206,39,,1,1,1,disapp,,G18-09,F,S,Bogen 2,Bogen_0809,6635228,1325238,2008,2009,G18-09,5.9446,0.39,1.13,83.34090909,14.48,Eda,1730,3.2,0,0.0127,0.9696,202.90329,79.22511448,Jang3,0.31445299999999998,1
207,58,,,,,other,legal,D-11-27,F,S,Bogen 3/Mangskog,Mangskog_1011,6641989,1329344,2010,2011,D-11-27,6.1695,0.31,1.1,84.90364583,13.38,Eda,1730,3.9,0,0.015,0.2773,230.8709557,69.30066809,Grä1,0.26757799999999998,2
208,58,,,,,other,legal,D-11-29,M,S,Bogen 3/Mangskog,Mangskog_1011,6641989,1329344,2010,2011,D-11-29,6.1695,0.31,1.1,84.90364583,13.38,Eda,1730,3.9,0,0.015,0.2773,230.8709557,69.30066809,Grä1,0.26757799999999998,2
209,10,,,,0,alive,,M-00-09,M,S,Bograngen 1,Höljes-Bograngen_9899,6741284,1323674,1998,1999,M-00-09,5.5451,0.29,1.19,88.12347406,4.31,Torsby,1737,4.873,0,0.0022,0.0494,394.853311,101.5789425,Fre,0.125,0
210,10,,,,,alive,,M-00-11,F,S,Bograngen 1,Höljes-Bograngen_9899,6741284,1323674,1998,1999,M-00-11,5.5451,0.29,1.19,88.12347406,4.31,Torsby,1737,4.873,0,0.0022,0.0494,394.853311,101.5789425,Ny4b,0.375,0
211,13,,,,0,alive,,M-00-09,M,S,Bograngen 1,Bograngen_9900,6744133,1320489,1999,2000,M-00-09,5.3008,0.27,1.32,86.16452991,4.54,Torsby,1737,4.7401,0,0.0135,0.002,380.9722604,99.81797647,Fre,0.125,1
212,13,,,,,alive,,M-00-11,F,S,Bograngen 1,Bograngen_9900,6744133,1320489,1999,2000,M-00-11,5.3008,0.27,1.32,86.16452991,4.54,Torsby,1737,4.7401,0,0.0135,0.002,380.9722604,99.81797647,Ny4b,0.375,1
213,16,,,,0,alive,,M-00-09,M,S,Bograngen 1,Bograngen_0001,6746432,1320516,2000,2001,M-00-09,5.2378,0.27,1.27,85.57782833,4.4,Torsby,1737,4.8385,0.0001,0.0346,0.002,383.2323818,101.6003599,Fre,0.125,0
214,16,,,,,alive,,M-00-11,F,S,Bograngen 1,Bograngen_0001,6746432,1320516,2000,2001,M-00-11,5.2378,0.27,1.27,85.57782833,4.4,Torsby,1737,4.8385,0.0001,0.0346,0.002,383.2323818,101.6003599,Ny4b,0.375,0
215,16,,,,0,alive,,M-00-09,M,S,Bograngen 1,Bograngen_0102,6753952,1316610,2001,2002,M-00-09,5.185,0.23,1.18,78.48307692,4.34,Torsby,1737,4.5323,0.0001,0.0511,0.002,407.8721377,103.1769167,Fre,0.125,0
216,16,,,,,alive,,M-00-11,F,S,Bograngen 1,Bograngen_0102,6753952,1316610,2001,2002,M-00-11,5.185,0.23,1.18,78.48307692,4.34,Torsby,1737,4.5323,0.0001,0.0511,0.002,407.8721377,103.1769167,Ny4b,0.375,0
217,17,,,,2,censored,,M-00-09,M,S,Bograngen 1,Bograngen_0203,6750144,1317757,2002,2003,M-00-09,5.1355,0.27,1.29,96.13681592,4.43,Torsby,1737,4.3955,0.0002,0.081,0.002,389.5407078,103.7137996,Fre,0.125,0
218,17,,,,,other,natural,M-00-11,F,S,Bograngen 1,Bograngen_0203,6750144,1317757,2002,2003,M-00-11,5.1355,0.27,1.29,96.13681592,4.43,Torsby,1737,4.3955,0.0002,0.081,0.002,389.5407078,103.7137996,Ny4b,0.375,0
219,72,,,0,0,alive,,G166-16,F,S,Bograngen 3,Bograngen_1718,6746611,1320085,2017,2018,G166-16,5.2348,0.27,1.29,85.21144279,3.96,Torsby,1737,1.9393,0.0004,0.1366,0.002,382.6596115,101.181853,Letj2,0.224609,4
220,72,,,,0,alive,,G86-16,M,S,Bograngen 3,Bograngen_1718,6746611,1320085,2017,2018,G86-16,5.2348,0.27,1.29,85.21144279,3.96,Torsby,1737,1.9393,0.0004,0.1366,0.002,382.6596115,101.181853,Tans3,0.16552700000000001,4
221,68,,1,1,1,disapp,,G166-16,F,S,Bograngen 3,Bograngen_1819,6742173,1322744,2018,2019,G166-16,5.4634,0.28,1.24,86.3627451,3.74,Torsby,1737,2.1906,0.0004,0.1468,0.0216,389.4231587,101.1477682,Letj2,0.224609,3
222,68,,,,0,alive,,G86-16,M,S,Bograngen 3,Bograngen_1819,6742173,1322744,2018,2019,G86-16,5.4634,0.28,1.24,86.3627451,3.74,Torsby,1737,2.1906,0.0004,0.1468,0.0216,389.4231587,101.1477682,Tans3,0.16552700000000001,3
223,71,,,,,other,natural,G2-18,F,S,Bograngen 4,Bograngen_1920,6724099,1315650,2019,2020,G2-18,4.8997,0.35,1.92,71.50757576,5.21,Torsby,1737,2.0688,0.0004,0.1485,0.0177,377.106864,88.64412567,Kho1,0.25488499999999997,3
224,71,,,,,alive,,G40-19,M,S,Bograngen 4,Bograngen_1920,6724099,1315650,2019,2020,G86-16,4.8997,0.35,1.92,71.50757576,5.21,Torsby,1737,2.0688,0.0004,0.1485,0.0177,377.106864,88.64412567,Tans3,0.16552700000000001,3
226,83,,,,,alive,,G133-19,F,S,Bograngen 5,Bograngen_2021,6719146,1311230,2021,2022,,4.7609,0.44,2.05,84.06313131,5.7,Torsby,1737,1.7195,0.0003,0.1261,0.0502,354.9620941,100.3875256,Fld1,0.235592,5
227,83,,,,,alive,,G40-19,M,S,Bograngen 5,Bograngen_2021,6719146,1311230,2021,2022,,4.7609,0.44,2.05,84.06313131,5.7,Torsby,1737,1.7195,0.0003,0.1261,0.0502,354.9620941,100.3875256,Tans3,0.16552700000000001,5
228,83,,,,,other,legal,G133-19,F,S,Bograngen 5,Bograngen_2122,6717602.459,1314291.664,2021,2022,,5.0215,0.38,1.99,84.94444444,5.39,Grue,3417,1.8174,0.0004,0.1275,0.0187,377.9179,92.193,Fld1,0.235592,5
229,83,,,,,other,legal,G40-19,M,S,Bograngen 5,Bograngen_2122,6717602.459,1314291.664,2021,2022,,5.0215,0.38,1.99,84.94444444,5.39,Grue,3417,1.8174,0.0004,0.1275,0.0187,377.9179,92.193,Tans3,0.16552700000000001,5
230,72,,,,0,alive,,G29-18,M,S,Böhönen,Böhönen_1718,6709699,1332934,2017,2018,G29-18,5.4001,0.26,1.18,85.46190476,3.44,Torsby,1737,1.9634,0.0003,0.1089,0.1062,364.4415972,89.10892716,Mgr1,0.20694899999999999,6
231,72,,,0,0,alive,,G45-17,F,S,Böhönen,Böhönen_1718,6709699,1332934,2017,2018,G45-17,5.4001,0.26,1.18,85.46190476,3.44,Torsby,1737,1.9634,0.0003,0.1089,0.1062,364.4415972,89.10892716,Sku,0.15216099999999999,6
232,68,1,,,1,disapp,,G29-18,M,S,Böhönen,Böhönen_1819,6703441,1333088,2018,2019,G29-18,5.5764,0.28,1.26,85.14676617,3.24,Torsby,1737,2.2321,0.0002,0.0889,0.0677,334.1329649,97.18166802,Mgr1,0.20694899999999999,3
233,68,1,1,1,1,disapp,,G45-17,F,S,Böhönen,Böhönen_1819,6703441,1333088,2018,2019,G45-17,5.5764,0.28,1.26,85.14676617,3.24,Torsby,1737,2.2321,0.0002,0.0889,0.0677,334.1329649,97.18166802,Sku,0.15216099999999999,3
234,74,,,0,0,alive,,G31-17,M,S,Boksjö 1,Boksjö_1617,6546871,1265520,2016,2017,G31-17,5.1522,0.38,1.19,64.0625,20.2,Munkedal,1430,2.8549,0,0,0.2315,165.7215619,40.85599945,Glm1,0.23142399999999999,0
235,74,,,,0,alive,,G79-15,F,S,Boksjö 1,Boksjö_1617,6546871,1265520,2016,2017,G79-15,5.1522,0.38,1.19,64.0625,20.2,Munkedal,1430,2.8549,0,0,0.2315,165.7215619,40.85599945,Kyf3,0.109711,0
236,72,,1,1,1,disapp,,G31-17,M,S,Boksjö 1,Boksjø_1718,6550844,1263277,2017,2018,G31-17,5.2254,0.43,1.22,81.09259259,23.66,Tanum,1435,2.7922,0,0,0.1224,160.2858623,47.06108576,Glm1,0.23142399999999999,0
237,72,,,,2,censored,,G79-15,F,S,Boksjö 1,Boksjø_1718,6550844,1263277,2017,2018,G79-15,5.2254,0.43,1.22,81.09259259,23.66,Tanum,1435,2.7922,0,0,0.1224,160.2858623,47.06108576,Kyf3,0.109711,0
238,71,,,0,0,alive,,G213-17,F,S,Boksjö 2,Boksjø_1920,6576586,1261042,2019,2020,G213-17,4.8264,0.49,1.31,50.25925926,21.33,Dals-Ed,1438,2.2146,0,0,0.5232,152.1793383,37.39100114,Bjås4,0.121395,0
239,71,,,,0,alive,,G2-19,M,S,Boksjö 2,Boksjø_1920,6576586,1261042,2019,2020,G2-19,4.8264,0.49,1.31,50.25925926,21.33,Dals-Ed,1438,2.2146,0,0,0.5232,152.1793383,37.39100114,Tiv2,0,0
240,75,1,1,1,1,disapp,,G213-17,F,S,Boksjö 2,Boksjö_2021,6546871.042,1265520.115,2020,2021,,5.1522,0.38,1.19,64.0625,20.2,Dals-Ed,1438,2.8549,0,0,0.2315,165.7216,40.856,Bjås4,0.121395,0
241,75,1,,,1,disapp,,G2-19,M,S,Boksjö 2,Boksjö_2021,6546871.042,1265520.115,2020,2021,,5.1522,0.38,1.19,64.0625,20.2,Dals-Ed,1438,2.8549,0,0,0.2315,165.7216,40.856,Tiv2,0,0
242,85,,,2,2,censored,,G93-21,F,S,Boksjö 3,Boksjö_2223,6556411.451,1263403.748,2022,2023,,5.3128,0.53,1.26,61.25625,24.49,Aremark,3012,1.4434,0,0,0.2815,158.753,49.8242,Bok2,7.4625999999999998E-2,0
243,85,,,,2,censored,,G297-17,M,S,Boksjö 3,Boksjö_2223,6556411.451,1263403.748,2022,2023,,5.3128,0.53,1.26,61.25625,24.49,Aremark,3012,1.4434,0,0,0.2815,158.753,49.8242,Öma3,0.236093,0
244,68,,1,1,1,disapp,,G63-15,M,S,Borgvik 1,Borgvik_1415,6588441,1334780,2014,2015,G63-15,5.08,0.36,1.17,68.97354497,20.51,Grums,1764,2.6,0,0,0.8861,106.6029434,47.32057215,B,0.205933,2
245,68,,,,0,alive,,G64-15,F,S,Borgvik 1,Borgvik_1415,6588441,1334780,2014,2015,G64-15,5.08,0.36,1.17,68.97354497,20.51,Grums,1764,2.6,0,0,0.8861,106.6029434,47.32057215,Gla3,0.31059999999999999,2
246,70,,,,0,alive,,G11-16,M,S,Borgvik 2,Borgvik_1516,6585260,1335886,2015,2016,G11-16,4.9237,0.34,1.19,62.72903226,20.32,Grums,1764,1.9,0,0,1.0245,101.5629999,44.12284222,Dju3,0.13900799999999999,1
247,70,,,0,0,alive,,G64-15,F,S,Borgvik 2,Borgvik_1516,6585260,1335886,2015,2016,G64-15,4.9237,0.34,1.19,62.72903226,20.32,Grums,1764,1.9,0,0,1.0245,101.5629999,44.12284222,Gla3,0.31059999999999999,1
248,74,,,,2,censored,,G11-16,M,S,Borgvik 2,Borgvik_1617,6584536,1333693,2016,2017,G11-16,5.1046,0.33,1.19,59.56349206,18.32,Grums,1764,1.8,0,0,0.8102,106.4293302,49.03848107,Dju3,0.13900799999999999,1
249,74,,1,1,1,disapp,,G64-15,F,S,Borgvik 2,Borgvik_1617,6584536,1333693,2016,2017,G64-15,5.1046,0.33,1.19,59.56349206,18.32,Grums,1764,1.8,0,0,0.8102,106.4293302,49.03848107,Gla3,0.31059999999999999,1
250,72,,,,0,alive,,G11-16,M,S,Borgvik 3,Borgvik_1718,6589150,1329231,2017,2018,G11-16,5.391,0.32,1.1,82.4726776,17.04,Grums,1764,2,0,0,0.2008,121.628712,56.64959154,Dju3,0.13900799999999999,4
251,72,,,0,0,alive,,G132-16,F,S,Borgvik 3,Borgvik_1718,6589150,1329231,2017,2018,G132-16,5.391,0.32,1.1,82.4726776,17.04,Grums,1764,2,0,0,0.2008,121.628712,56.64959154,Nsj1,0.243233,4
252,68,,,,0,alive,,G11-16,M,S,Borgvik 3,Borgvik_1819,6583882,1333584,2018,2019,G11-16,5.09,0.33,1.2,64.82539683,17.97,Grums,1764,2.3,0,0,0.8317,105.7825878,48.81251855,Dju3,0.13900799999999999,2
253,68,,,0,0,alive,,G132-16,F,S,Borgvik 3,Borgvik_1819,6583882,1333584,2018,2019,G132-16,5.09,0.33,1.2,64.82539683,17.97,Grums,1764,2.3,0,0,0.8317,105.7825878,48.81251855,Nsj1,0.243233,2
254,71,,,,2,censored,,G11-16,M,S,Borgvik 3,Borgvik_1920,6582290,1329660,2019,2020,G11-16,5.3576,0.33,1.21,49.58838384,16.04,Åmål,1492,2.6,0,0,0.4439,118.0927707,55.14762876,Dju3,0.13900799999999999,3
255,71,,1,1,1,disapp,,G132-16,F,S,Borgvik 3,Borgvik_1920,6582290,1329660,2019,2020,G132-16,5.3576,0.33,1.21,49.58838384,16.04,Åmål,1492,2.6,0,0,0.4439,118.0927707,55.14762876,Nsj1,0.243233,3
256,75,,,0,0,alive,,G11-16,M,S,Borgvik 4,Borgvik_2021,6586930,1334477,2020,2021,,5.0912,0.35,1.19,58.98653846,19.95,Grums,1764,2.9,0,0,0.8555,106.6653531,47.78101946,Dju3,0.13900799999999999,2
257,75,,,,0,alive,,G251-19,F,S,Borgvik 4,Borgvik_2021,6586930,1334477,2020,2021,,5.0912,0.35,1.19,58.98653846,19.95,Grums,1764,2.9,0,0,0.8555,106.6653531,47.78101946,Nsj1,0.243233,2
258,83,,1,1,1,disapp,,G11-16,M,S,Borgvik 4,Borgvik_2122,6585137.528,1336469.652,2021,2022,,4.8534,0.35,1.2,59.41129032,21.33,Grums,1764,2.7,0,0,1.0931,100.1728544,43.47068795,Dju3,0.13900799999999999,2
259,83,,,,0,alive,,G251-19,F,S,Borgvik 4,Borgvik_2122,6585137.528,1336469.652,2021,2022,,4.8534,0.35,1.2,59.41129032,21.33,Grums,1764,2.7,0,0,1.0931,100.1728544,43.47068795,Nsj1,0.243233,2
260,85,,,2,2,censored,,G251-19,F,S,Borgvik 5,Borgvik_2223,6585255.626,1335311.343,2022,2023,,4.9898,0.34,1.2,67.59672131,20.18,Grums,1764,2.4,0,0,0.9833,103.0051,45.2323,Nsj1,0.243233,1
261,85,,,,2,censored,,G44-21,M,S,Borgvik 5,Borgvik_2223,6585255.626,1335311.343,2022,2023,,4.9898,0.34,1.2,67.59672131,20.18,Grums,1764,2.4,0,0,0.9833,103.0051,45.2323,Bok2,7.4625999999999998E-2,1
262,75,,,,0,alive,,G144-19,M,S,Branäs 1,Branäs_2021,6694512,1340480,2020,2021,,5.9528,0.25,1.19,82.71025641,2.8,Torsby,1737,2.9,0.0003,0.101,0.1894,276.5406839,97.46566317,Asp3,0.233486,3
263,75,,,0,0,alive,,G45-20,F,S,Branäs 1,Branäs_2021,6694512,1340480,2020,2021,,5.9528,0.25,1.19,82.71025641,2.8,Torsby,1737,2.9,0.0003,0.101,0.1894,276.5406839,97.46566317,Kyn4,0.30543500000000001,3
264,83,1,,,1,disapp,,G144-19,M,S,Branäs 1,Branäs_2122,6729428.231,1330680.273,2021,2022,,5.6276,0.31,1.01,85.58457711,3.35,Torsby,1737,2.5422,0.0005,0.1827,0.4897,405.6087326,87.62038398,Asp3,0.233486,5
265,83,1,1,1,1,disapp,,G45-20,F,S,Branäs 1,Branäs_2122,6729428.231,1330680.273,2021,2022,,5.6276,0.31,1.01,85.58457711,3.35,Torsby,1737,2.5422,0.0005,0.1827,0.4897,405.6087326,87.62038398,Kyn4,0.30543500000000001,5
266,75,,,0,0,alive,,G15-18,F,S,Brängen 1,Brängen_2021,6421643,1375033,2020,2021,,2.8113,0.52,1.81,51.02222222,37.62,Mullsjö,642,2.5392,0,0,0.8402,265.0056017,36.92439826,Tiv2,0,0
267,75,,,,0,alive,,G234-17,M,S,Brängen 1,Brängen_2021,6421643,1375033,2020,2021,,2.8113,0.52,1.81,51.02222222,37.62,Mullsjö,642,2.5392,0,0,0.8402,265.0056017,36.92439826,Tiv2,0,0
268,83,,,0,0,alive,,G15-18,F,S,Brängen 1,Brängen_2122,6419955.493,1378390.355,2021,2022,,2.8382,0.53,1.78,62.57909605,43.37,Mullsjö,642,2.5072,0,0,0.7213,267.3227749,35.79634778,Tiv2,0,1
269,83,,,,0,alive,,G234-17,M,S,Brängen 1,Brängen_2122,6419955.493,1378390.355,2021,2022,,2.8382,0.53,1.78,62.57909605,43.37,Mullsjö,642,2.5072,0,0,0.7213,267.3227749,35.79634778,Tiv2,0,1
270,85,,,2,2,censored,,G15-18,F,S,Brängen 1,Brängen_2223,6422242,1376554,2022,2023,,2.8115,0.53,1.79,70.4069025,39.12,Mullsjö,642,1.8748,0,0,0.7537,264.8143429,35.9141608,Tiv2,0,3
271,85,,,,2,censored,,G234-17,M,S,Brängen 1,Brängen_2223,6422242,1376554,2022,2023,,2.8115,0.53,1.79,70.4069025,39.12,Mullsjö,642,1.8748,0,0,0.7537,264.8143429,35.9141608,Tiv2,0,3
272,72,,,0,0,alive,,G258-17,F,S,Brännan,Brännan_1718,6623256,1283502,2017,2018,G258-17,5.6014,0.29,1.18,84.53282828,8.32,Eda,1730,2.1561,0,0,0.3559,220.6613265,53.90769031,Mgr1,0.20694899999999999,3
273,72,,,,0,alive,,G66-16,M,S,Brännan,Brännan_1718,6623256,1283502,2017,2018,G66-16,5.6014,0.29,1.18,84.53282828,8.32,Eda,1730,2.1561,0,0,0.3559,220.6613265,53.90769031,Gla3,0.31059999999999999,3
274,68,1,1,1,1,disapp,,G258-17,F,S,Brännan,Brännan_1819,6621387,1283180.5,2018,2019,G258-17,5.6026,0.28,1.19,79.5978836,7.97,Eda,1730,2.2823,0,0,0.4321,219.8768285,53.56424715,Mgr1,0.20694899999999999,4
275,68,1,,,1,disapp,,G66-16,M,S,Brännan,Brännan_1819,6621387,1283180.5,2018,2019,G66-16,5.6026,0.28,1.19,79.5978836,7.97,Eda,1730,2.2823,0,0,0.4321,219.8768285,53.56424715,Gla3,0.31059999999999999,4
276,39,,,,,alive,,G28-09,M,S,Brattfors 1,Brattfors_0809,6614726,1397040,2008,2009,G28-09,4.3628,0.37,1.14,82.20833333,32.11,Storfors,1760,3.2,0,0.0083,0.65,177.9590638,53.09833471,Jang3,0.31445299999999998,2
277,39,,,,,alive,,G9-09,F,S,Brattfors 1,Brattfors_0809,6614726,1397040,2008,2009,G9-09,4.3628,0.37,1.14,82.20833333,32.11,Storfors,1760,3.2,0,0.0083,0.65,177.9590638,53.09833471,Grä1,0.26757799999999998,2
278,58,,,,,alive,,G28-09,M,S,Brattfors 1,Brattfors_1011,6622753,1387485,2010,2011,G28-09,5.0031,0.3,1.17,83.56878307,34.28,Munkfors,1762,3.9,0,0.0111,0.2396,193.8956233,63.56500753,Jang3,0.31445299999999998,2
279,58,,,,,alive,,G9-09,F,S,Brattfors 1,Brattfors_1011,6622753,1387485,2010,2011,G9-09,5.0031,0.3,1.17,83.56878307,34.28,Munkfors,1762,3.9,0,0.0111,0.2396,193.8956233,63.56500753,Grä1,0.26757799999999998,2
280,60,,,,,alive,,G28-09,M,S,Brattfors 1,Brattfors_1112,6624443,1392528,2011,2012,G28-09,4.934,0.31,1.21,74.82323232,27.71,Storfors,1760,3.8,0,0.0117,0.4853,206.1571453,58.12913654,Jang3,0.31445299999999998,2
281,60,,,,,alive,,G9-09,F,S,Brattfors 1,Brattfors_1112,6624443,1392528,2011,2012,G9-09,4.934,0.31,1.21,74.82323232,27.71,Storfors,1760,3.8,0,0.0117,0.4853,206.1571453,58.12913654,Grä1,0.26757799999999998,2
282,64,,,,,alive,,G28-09,M,S,Brattfors 1,Brattfors_1213,6623425,1390694,2012,2013,G28-09,4.9522,0.31,1.18,81.84102564,30.93,Storfors,1760,4,0,0.002,0.3937,200.4623647,60.37477098,Jang3,0.31445299999999998,5
283,64,,,,,alive,,G9-09,F,S,Brattfors 1,Brattfors_1213,6623425,1390694,2012,2013,G9-09,4.9522,0.31,1.18,81.84102564,30.93,Storfors,1760,4,0,0.002,0.3937,200.4623647,60.37477098,Grä1,0.26757799999999998,5
284,66,,,,,alive,,G28-09,M,S,Brattfors 1,Brattfors_1314,6623249,1394461,2013,2014,G28-09,4.7941,0.33,1.21,66.33789897,27.43,Storfors,1760,3.4,0,0.0083,0.5851,203.888957,55.75344182,Jang3,0.31445299999999998,6
285,66,,,,,alive,,G9-09,F,S,Brattfors 1,Brattfors_1314,6623249,1394461,2013,2014,G9-09,4.7941,0.33,1.21,66.33789897,27.43,Storfors,1760,3.4,0,0.0083,0.5851,203.888957,55.75344182,Grä1,0.26757799999999998,6
286,68,,,,,alive,,G28-09,M,S,Brattfors 1,Brattfors_1415,6621571,1388302,2014,2015,G28-09,4.9079,0.31,1.17,84.71282051,36.15,Storfors,1760,2.6,0,0.0079,0.2791,190.7634055,63.02796008,Jang3,0.31445299999999998,5
287,68,,,,,alive,,G9-09,F,S,Brattfors 1,Brattfors_1415,6621571,1388302,2014,2015,G9-09,4.9079,0.31,1.17,84.71282051,36.15,Storfors,1760,2.6,0,0.0079,0.2791,190.7634055,63.02796008,Grä1,0.26757799999999998,5
288,70,,,,,other,natural,G28-09,M,S,Brattfors 1,Brattfors_1516,6622892,1390176,2015,2016,G28-09,4.9391,0.31,1.17,67.71290323,32.97,Storfors,1760,1.9,0,0.0002,0.3695,198.1157812,61.07986485,Jang3,0.31445299999999998,6
289,70,,,,,other,natural,G9-09,F,S,Brattfors 1,Brattfors_1516,6622892,1390176,2015,2016,G9-09,4.9391,0.31,1.17,67.71290323,32.97,Storfors,1760,1.9,0,0.0002,0.3695,198.1157812,61.07986485,Grä1,0.26757799999999998,6
290,74,,,,,other,legal,G146-16,F,S,Brattfors 2,Brattfors 2_1617,6628551,1391171,2016,2017,G146-16,5.121,0.3,1.2,76.80769231,24.63,Munkfors,1762,1.8,0,0.0011,0.2475,220.8918356,58.66560525,Snd3,0.21491199999999999,5
291,74,,,,,other,legal,G31-16,M,S,Brattfors 2,Brattfors 2_1617,6628551,1391171,2016,2017,G31-16,5.121,0.3,1.2,76.80769231,24.63,Munkfors,1762,1.8,0,0.0011,0.2475,220.8918356,58.66560525,Nma1,0.40411399999999997,5
292,72,,,,0,alive,,G117-15,M,S,Brattfors 3,Brattfors_1718,6628097,1391814,2017,2018,G117-15,5.0801,0.3,1.21,83.7421875,24.66,Munkfors,1762,2,0,0.0148,0.3038,220.6605528,58.43260546,Letj2,0.224609,5
293,72,,,0,0,alive,,G172-16,F,S,Brattfors 3,Brattfors_1718,6628097,1391814,2017,2018,G172-16,5.0801,0.3,1.21,83.7421875,24.66,Munkfors,1762,2,0,0.0148,0.3038,220.6605528,58.43260546,Bratt,0.27783200000000002,5
294,68,1,,,1,disapp,,G117-15,M,S,Brattfors 3,Brattfors_1819,6629381,1390543,2018,2019,G117-15,5.1619,0.28,1.18,82.58457711,24.64,Munkfors,1762,2.3,0.0001,0.019,0.2002,222.5100243,58.88466881,Letj2,0.224609,5
295,68,1,1,1,1,disapp,,G172-16,F,S,Brattfors 3,Brattfors_1819,6629381,1390543,2018,2019,G172-16,5.1619,0.28,1.18,82.58457711,24.64,Munkfors,1762,2.3,0.0001,0.019,0.2002,222.5100243,58.88466881,Bratt,0.27783200000000002,5
296,37,,,,,alive,,D-08-15,M,S,Bredfjället 1,Bredfjället_0708,6448818,1278241,2007,2008,D-08-15,5.1699,0.56,1.65,40.03954802,68.84,Stenungsund,1415,2.2,0,0,2.5936,76.05081359,45.25874501,Ny5,0.26953100000000002,0
297,37,,,,0,alive,,G17-08,F,S,Bredfjället 1,Bredfjället_0708,6448818,1278241,2007,2008,G17-08,5.1699,0.56,1.65,40.03954802,68.84,Stenungsund,1415,2.2,0,0,2.5936,76.05081359,45.25874501,DE2,0.39843800000000001,0
298,39,,,,,other,legal,D-08-15,M,S,Bredfjället 1,Bredfjället_0809,6468313,1282213,2008,2009,D-08-15,4.2245,0.63,1.65,54.37634409,74.59,Stenungsund,1415,2.4,0,0,3.4423,76.66809836,36.98652129,Ny5,0.26953100000000002,1
299,39,,,,0,alive,,G17-08,F,S,Bredfjället 1,Bredfjället_0809,6468313,1282213,2008,2009,G17-08,4.2245,0.63,1.65,54.37634409,74.59,Stenungsund,1415,2.4,0,0,3.4423,76.66809836,36.98652129,DE2,0.39843800000000001,1
300,49,,,,0,alive,,G17-08,F,S,Bredfjället 2,Bredfjället_0910,6443614,1273592,2009,2010,G17-08,5.0374,0.61,1.73,77.44479755,69.17,Stenungsund,1415,2.6,0,0,3.4192,64.73537149,46.50145443,DE2,0.39843800000000001,0
301,49,,,0,0,alive,,G53-10,M,S,Bredfjället 2,Bredfjället_0910,6443614,1273592,2009,2010,G53-10,5.0374,0.61,1.73,77.44479755,69.17,Stenungsund,1415,2.6,0,0,3.4192,64.73537149,46.50145443,Sil1,0.227051,0
302,58,,,,2,censored,,G17-08,F,S,Bredfjället 2,Bredfjället_1011,6443614,1273592,2010,2011,G17-08,5.0374,0.61,1.73,64.72033898,69.57,Stenungsund,1415,2.7,0,0,3.4192,64.73537149,46.50145443,DE2,0.39843800000000001,0
303,58,,1,1,1,disapp,,G53-10,M,S,Bredfjället 2,Bredfjället_1011,6443614,1273592,2010,2011,G53-10,5.0374,0.61,1.73,64.72033898,69.57,Stenungsund,1415,2.7,0,0,3.4192,64.73537149,46.50145443,Sil1,0.227051,0
304,49,,,,,other,legal,D-10-33,F,S,Brudfjället,Brudfjället_0910,6529750,1296697,2009,2010,D-10-33,4.6908,0.45,1.34,83.14480874,14.38,Dals-Ed,1438,2.6,0,0,0.7188,132.5938266,51.3132725,Krp3,0.32739299999999999,2
305,49,,,,0,alive,,G25-06,M,S,Brudfjället,Brudfjället_0910,6529750,1296697,2009,2010,G25-06,4.6908,0.45,1.34,83.14480874,14.38,Dals-Ed,1438,2.6,0,0,0.7188,132.5938266,51.3132725,DE2,0.39843800000000001,2
306,83,,,0,0,alive,,G144-21,F,,Byrrtjärn,Byrrtjärn_2122,6692671.585,1441941.752,2021,2022,,4.3248,0.24,1.31,81.27272727,13.35,Gagnef,2026,2.4,0.0006,0.2178,0.5207,280.0307,56.6822,Gry1,0.22769700000000001,1
307,83,,,,0,alive,,G78-22,M,,Byrrtjärn,Byrrtjärn_2122,6692671.585,1441941.752,2021,2022,,4.3248,0.24,1.31,81.27272727,13.35,Gagnef,2026,2.4,0.0006,0.2178,0.5207,280.0307,56.6822,Snö3,0.22967599999999999,1
308,85,1,1,1,1,disapp,,G144-21,F,,Byrrtjärn,Byrrtjärn_2223,6690211.322,1441122.254,2022,2023,,4.4553,0.25,1.29,85.95820896,13.54,Gagnef,2026,2,0.0005,0.1748,0.4349,283.7349,56.0536,Gry1,0.22769700000000001,1
309,85,1,,,1,disapp,,G78-22,M,,Byrrtjärn,Byrrtjärn_2223,6690211.322,1441122.254,2022,2023,,4.4553,0.25,1.29,85.95820896,13.54,Gagnef,2026,2,0.0005,0.1748,0.4349,283.7349,56.0536,Snö3,0.22967599999999999,1
310,16,,,0,0,alive,,M-02-08,M,S,Dals Ed 2,Dals Ed-Halden_0001,6544732,1267622,2000,2001,M-02-08,5.1261,0.37,1.19,68.57575758,16.4,Munkedal,1430,3.5271,0,0,0.2794,166.7428582,38.32841775,Kop1,0.234375,0
311,16,,,,,alive,,M-03-07,F,S,Dals Ed 2,Dals Ed-Halden_0001,6544732,1267622,2000,2001,M-03-07,5.1261,0.37,1.19,68.57575758,16.4,Munkedal,1430,3.5271,0,0,0.2794,166.7428582,38.32841775,Kop1,0.234375,0
312,16,,,0,0,alive,,M-02-08,M,S,Dals Ed 2,Dals Ed-Halden_0102,6550200,1267094,2001,2002,M-02-08,5.1635,0.38,1.17,61.08666667,18.22,Tanum,1435,3.2537,0,0,0.2104,168.5112848,39.27124062,Kop1,0.234375,0
313,16,,,,,alive,,M-03-07,F,S,Dals Ed 2,Dals Ed-Halden_0102,6550200,1267094,2001,2002,M-03-07,5.1635,0.38,1.17,61.08666667,18.22,Tanum,1435,3.2537,0,0,0.2104,168.5112848,39.27124062,Kop1,0.234375,0
314,17,,,0,0,alive,,M-02-08,M,S,Dals Ed 2,Dals Ed-Halden_0203,6538807,1264786,2002,2003,M-02-08,4.8984,0.39,1.19,64.28385417,16.47,Munkedal,1430,3.2611,0,0,0.2911,160.1188754,38.82433196,Kop1,0.234375,0
315,17,,,,,alive,,M-03-07,F,S,Dals Ed 2,Dals Ed-Halden_0203,6538807,1264786,2002,2003,M-03-07,4.8984,0.39,1.19,64.28385417,16.47,Munkedal,1430,3.2611,0,0,0.2911,160.1188754,38.82433196,Kop1,0.234375,0
316,22,,1,1,1,disapp,confirmed_illegal,M-02-08,M,S,Dals Ed 2,Dals Ed-Halden_0304,6543044,1266669,2003,2004,M-02-08,5.0927,0.38,1.19,70.35483871,16.81,Munkedal,1430,3.1961,0,0,0.283,164.711121,38.90602829,Kop1,0.234375,0
317,22,,,,0,alive,,M-03-07,F,S,Dals Ed 2,Dals Ed-Halden_0304,6543044,1266669,2003,2004,M-03-07,5.0927,0.38,1.19,70.35483871,16.81,Munkedal,1430,3.1961,0,0,0.283,164.711121,38.90602829,Kop1,0.234375,0
318,28,,,,,other,vehicle,D-04-14,M,S,Dals Ed 3,Dals Ed-Halden_0405,6531632,1264518,2004,2005,D-04-14,4.6023,0.39,1.23,64.234375,14.54,Munkedal,1430,2.9436,0,0,0.292,153.6700573,35.84480202,Årj,0.234375,1
319,28,,,0,0,alive,,M-03-07,F,S,Dals Ed 3,Dals Ed-Halden_0405,6531632,1264518,2004,2005,M-03-07,4.6023,0.39,1.23,64.234375,14.54,Munkedal,1430,2.9436,0,0,0.292,153.6700573,35.84480202,Kop1,0.234375,1
320,29,,,,0,alive,,G11-06,M,S,Dals Ed 4,Dals Ed-Halden_0506,6534220,1263603,2005,2006,G11-06,4.7251,0.39,1.22,80.42857143,15.72,Munkedal,1430,2.7011,0,0,0.2894,155.5748481,37.02836349,Ny5,0.26953100000000002,1
321,29,,,0,0,alive,,M-03-07,F,S,Dals Ed 4,Dals Ed-Halden_0506,6534220,1263603,2005,2006,M-03-07,4.7251,0.39,1.22,80.42857143,15.72,Munkedal,1430,2.7011,0,0,0.2894,155.5748481,37.02836349,Kop1,0.234375,1
322,31,1,,,1,disapp,,G11-06,M,S,Dals Ed 4,Dals Ed-Halden_0607,6543275,1262502,2006,2007,G11-06,5.0413,0.38,1.22,60.28666501,19.57,Munkedal,1430,2.6234,0,0,0.1927,161.2441471,44.07176602,Ny5,0.26953100000000002,0
323,31,1,1,1,1,disapp,,M-03-07,F,S,Dals Ed 4,Dals Ed-Halden_0607,6543275,1262502,2006,2007,M-03-07,5.0413,0.38,1.22,60.28666501,19.57,Munkedal,1430,2.6234,0,0,0.1927,161.2441471,44.07176602,Kop1,0.234375,0
324,37,,,,0,alive,,G1-08,F,S,Dals Ed 5,Dals Ed-Halden_0708,6548215,1261994,2007,2008,G1-08,5.205,0.4,1.22,52.17724868,21.72,Tanum,1435,2.6038,0,0,0.1228,159.08073,48.71733522,DE4,0.29003899999999999,0
325,37,,,0,0,alive,,G28-07,M,S,Dals Ed 5,Dals Ed-Halden_0708,6548215,1261994,2007,2008,G28-07,5.205,0.4,1.22,52.17724868,21.72,Tanum,1435,2.6038,0,0,0.1228,159.08073,48.71733522,Sil1,0.227051,0
326,39,,,,0,alive,,G1-08,F,S,Dals Ed 5,DalsEd-Halden_0809,6551697,1263469,2008,2009,G1-08,5.2432,0.43,1.23,79.14393939,21.95,Tanum,1435,2.7923,0,0,0.127,160.2998813,47.14659505,DE4,0.29003899999999999,1
327,39,,,0,0,alive,,G28-07,M,S,Dals Ed 5,DalsEd-Halden_0809,6551697,1263469,2008,2009,G28-07,5.2432,0.43,1.23,79.14393939,21.95,Tanum,1435,2.7923,0,0,0.127,160.2998813,47.14659505,Sil1,0.227051,1
328,49,,,,0,alive,,G1-08,F,S,Dals Ed 5,Dals Ed-Halden_0910,6552244,1261850,2009,2010,G1-08,5.2799,0.49,1.25,84.44270833,23.55,Tanum,1435,2.9506,0,0,0.2197,155.5252833,50.68586398,DE4,0.29003899999999999,2
329,49,,,0,0,alive,,G28-07,M,S,Dals Ed 5,Dals Ed-Halden_0910,6552244,1261850,2009,2010,G28-07,5.2799,0.49,1.25,84.44270833,23.55,Tanum,1435,2.9506,0,0,0.2197,155.5252833,50.68586398,Sil1,0.227051,2
330,58,,,,0,alive,,G1-08,F,S,Dals Ed 5,DalsEd-Halden_1011,6547158,1262547,2010,2011,G1-08,5.1527,0.38,1.21,80.48461538,21.38,Munkedal,1430,2.9404,0,0,0.1276,161.1098847,46.52243929,DE4,0.29003899999999999,3
331,58,,1,1,1,disapp,,G28-07,M,S,Dals Ed 5,DalsEd-Halden_1011,6547158,1262547,2010,2011,G28-07,5.1527,0.38,1.21,80.48461538,21.38,Munkedal,1430,2.9404,0,0,0.1276,161.1098847,46.52243929,Sil1,0.227051,3
332,60,,,,0,alive,,G1-08,F,S,Dals Ed 6,Dals Ed-Eidsberg_1112,6571746,1263235,2011,2012,G1-08,4.9514,0.49,1.28,63.56557377,19.35,Dals-Ed,1438,3.2383,0,0,0.4096,156.4415964,40.81649414,DE4,0.29003899999999999,0
333,60,,,0,0,alive,,G71-10,M,S,Dals Ed 6,Dals Ed-Eidsberg_1112,6571746,1263235,2011,2012,G71-10,4.9514,0.49,1.28,63.56557377,19.35,Dals-Ed,1438,3.2383,0,0,0.4096,156.4415964,40.81649414,Ulr2,0.21484400000000001,0
334,64,,,,2,censored,,G1-08,F,S,Dals Ed 6,Dals Ed-Eidsberg_1213,6551470,1264094,2012,2013,G1-08,5.2575,0.41,1.22,82.15656566,22.18,Tanum,1435,3.2602,0,0,0.1074,161.9020763,46.02183304,DE4,0.29003899999999999,1
335,64,,1,1,1,disapp,,G71-10,M,S,Dals Ed 6,Dals Ed-Eidsberg_1213,6551470,1264094,2012,2013,G71-10,5.2575,0.41,1.22,82.15656566,22.18,Tanum,1435,3.2602,0,0,0.1074,161.9020763,46.02183304,Ulr2,0.21484400000000001,1
336,72,,,,0,alive,,G168-16,F,N,Deisjöen 1,Deisjø_1718,6805516,1272763,2017,2018,G168-16,5.3326,0.19,1.27,87.55472637,3.24,Åmot,429,1.7824,0.0002,0.0745,0.2912,505.9008192,163.6806898,Julu9,0.157578,4
337,72,,,0,0,alive,,G97-17,M,N,Deisjöen 1,Deisjø_1718,6805516,1272763,2017,2018,G97-17,5.3326,0.19,1.27,87.55472637,3.24,Åmot,429,1.7824,0.0002,0.0745,0.2912,505.9008192,163.6806898,Juv4,0.317108,4
338,68,,,,0,alive,,G168-16,F,N,Deisjöen 1,Deisjøen_1819,6803550,1270813,2018,2019,G168-16,5.5467,0.21,1.27,85.7,3.31,Åmot,429,1.8284,0.0002,0.0832,0.4839,491.7931055,167.2483364,Julu9,0.157578,3
339,68,,1,1,1,disapp,,G97-17,M,N,Deisjöen 1,Deisjøen_1819,6803550,1270813,2018,2019,G97-17,5.5467,0.21,1.27,85.7,3.31,Åmot,429,1.8284,0.0002,0.0832,0.4839,491.7931055,167.2483364,Juv4,0.317108,3
340,71,,,,0,alive,,G168-16,F,N,Deisjöen 2,Deisjøen_1920,6810580,1265391,2019,2020,G168-16,6.3121,0.14,1.17,87.99494949,2.34,Åmot,429,1.7999,0.0003,0.1151,0.1916,529.3302905,184.1958986,Julu9,0.157578,2
341,71,,1,1,1,disapp,,G3-18,M,N,Deisjöen 2,Deisjøen_1920,6810580,1265391,2019,2020,G3-18,6.3121,0.14,1.17,87.99494949,2.34,Åmot,429,1.7999,0.0003,0.1151,0.1916,529.3302905,184.1958986,Kyn4,0.30543500000000001,2
342,60,1,1,1,1,disapp,,G80-11,F,S,Digerberget,Digerberget_1112,6733809,1438149,2011,2012,G80-11,4.0382,0.26,0.9,80.4025641,10.03,Vansbro,2021,2.3,0.0011,0.4,0.4769,291.0543424,85.87607435,Gim,0.41039999999999999,4
343,60,1,,,1,disapp,,G83-12,M,S,Digerberget,Digerberget_1112,6733809,1438149,2011,2012,G83-12,4.0382,0.26,0.9,80.4025641,10.03,Vansbro,2021,2.3,0.0011,0.4,0.4769,291.0543424,85.87607435,Sle,0.30688500000000002,4
344,17,,,0,0,alive,,M-02-09,F,S,Djurskog 1,Djurskog_0203,6628460,1283482,2002,2003,M-02-09,5.4585,0.32,1.22,80.67661692,8.74,Eda,1730,4.5854,0.0001,0.0228,0.2436,222.5593762,56.09484467,Årj,0.234375,1
345,17,,,,0,alive,,M-03-06,M,S,Djurskog 1,Djurskog_0203,6628460,1283482,2002,2003,M-03-06,5.4585,0.32,1.22,80.67661692,8.74,Eda,1730,4.5854,0.0001,0.0228,0.2436,222.5593762,56.09484467,Fur,0.1875,1
346,22,,,0,0,alive,,M-02-09,F,S,Djurskog 1,Djurskog_0304,6627624,1283574,2003,2004,M-02-09,5.504,0.31,1.2,76.978125,8.65,Eda,1730,4.6249,0,0,0.239,222.5671753,55.77473577,Årj,0.234375,0
347,22,,,,0,alive,,M-03-06,M,S,Djurskog 1,Djurskog_0304,6627624,1283574,2003,2004,M-03-06,5.504,0.31,1.2,76.978125,8.65,Eda,1730,4.6249,0,0,0.239,222.5671753,55.77473577,Fur,0.1875,0
348,28,,1,1,1,disapp,confirmed_illegal,M-02-09,F,S,Djurskog 1,Djurskog_0405,6626678,1282669,2004,2005,M-02-09,5.519,0.31,1.21,78.57671958,8.57,Eda,1730,4.1752,0,0,0.2355,223.2458895,54.95621426,Årj,0.234375,0
349,28,,,,2,censored,,M-03-06,M,S,Djurskog 1,Djurskog_0405,6626678,1282669,2004,2005,M-03-06,5.519,0.31,1.21,78.57671958,8.57,Eda,1730,4.1752,0,0,0.2355,223.2458895,54.95621426,Fur,0.1875,0
350,29,,1,1,1,disapp,,G2-07,F,S,Djurskog 2,Djurskog_0506,6623815,1282236,2005,2006,G2-07,5.6242,0.28,1.21,83.12121212,8.13,Eda,1730,3.7694,0,0,0.346,221.8764503,53.73269517,Dju1,0.23535200000000001,0
351,29,,,,0,alive,,G3-07,M,S,Djurskog 2,Djurskog_0506,6623815,1282236,2005,2006,G3-07,5.6242,0.28,1.21,83.12121212,8.13,Eda,1730,3.7694,0,0,0.346,221.8764503,53.73269517,Ny5,0.26953100000000002,0
352,58,,,0,0,alive,,G12-10,F,S,Djurskog 3,Djurskog_1011,6615618,1269798,2010,2011,G12-10,5.424,0.43,1.24,81.6015625,10.92,Eda,1730,3.5544,0,0,0.936,200.6403562,48.69115447,Gal,0,1
353,58,,,,0,alive,,G22-12,M,S,Djurskog 3,Djurskog_1011,6615618,1269798,2010,2011,G22-12,5.424,0.43,1.24,81.6015625,10.92,Eda,1730,3.5544,0,0,0.936,200.6403562,48.69115447,Löv2,0.27612300000000001,1
354,60,,,0,0,alive,,G12-10,F,S,Djurskog 3,Djurskog_1112,6614944,1283531,2011,2012,G12-10,5.5147,0.29,1.17,71.86410256,7.37,Eda,1730,3.7052,0,0,0.4587,210.4144679,53.07928427,Gal,0,1
355,60,,,,0,alive,,G22-12,M,S,Djurskog 3,Djurskog_1112,6614944,1283531,2011,2012,G22-12,5.5147,0.29,1.17,71.86410256,7.37,Eda,1730,3.7052,0,0,0.4587,210.4144679,53.07928427,Löv2,0.27612300000000001,1
356,64,,,0,0,alive,,G12-10,F,S,Djurskog 3,Djurskog_1213,6622807,1280752,2012,2013,G12-10,5.6295,0.29,1.23,84.85858586,8.26,Eda,1730,3.7047,0,0,0.4295,222.2714887,53.17206889,Gal,0,2
357,64,,,,0,alive,,G22-12,M,S,Djurskog 3,Djurskog_1213,6622807,1280752,2012,2013,G22-12,5.6295,0.29,1.23,84.85858586,8.26,Eda,1730,3.7047,0,0,0.4295,222.2714887,53.17206889,Löv2,0.27612300000000001,2
358,66,,1,1,1,disapp,,G12-10,F,S,Djurskog 3,Djurskog_1314,6622918,1278612,2013,2014,G12-10,5.626,0.3,1.24,64.39145542,8.6,Eda,1730,3.2213,0,0,0.4237,221.8150294,53.17107971,Gal,0,0
359,66,,,,2,censored,,G22-12,M,S,Djurskog 3,Djurskog_1314,6622918,1278612,2013,2014,G22-12,5.626,0.3,1.24,64.39145542,8.6,Eda,1730,3.2213,0,0,0.4237,221.8150294,53.17107971,Löv2,0.27612300000000001,0
360,66,,,,,alive,,G12-13,F,S,Dömle,Dömle_1314,6610226,1361855,2013,2014,G12-13,4.7122,0.48,1.2,57.49206349,40.19,Kil,1715,3.4,0,0,2.1169,105.0502915,36.4645478,Jang6,0.16552700000000001,3
361,66,,,,,alive,,G63-12,M,S,Dömle,Dömle_1314,6610226,1361855,2013,2014,G63-12,4.7122,0.48,1.2,57.49206349,40.19,Kil,1715,3.4,0,0,2.1169,105.0502915,36.4645478,Löv2,0.27612300000000001,3
362,68,,,,,other,legal,G12-13,F,S,Dömle,Dömle_1415,6610226,1361855,2014,2015,G12-13,4.7122,0.48,1.2,69.52864583,40.48,Kil,1715,2.6,0,0.0012,2.1169,105.0502915,36.4645478,Jang6,0.16552700000000001,5
363,68,,,,,other,legal,G63-12,M,S,Dömle,Dömle_1415,6610226,1361855,2014,2015,G63-12,4.7122,0.48,1.2,69.52864583,40.48,Kil,1715,2.6,0,0.0012,2.1169,105.0502915,36.4645478,Löv2,0.27612300000000001,5
364,60,,,,0,alive,,G30-12,F,S,Draggen 1,Draggen_1112,6767185,1447542,2011,2012,G30-12,1.636,0.27,1.08,79.51075269,5.02,Rättvik,2031,2.3,0.0023,0.822,1.0956,254.5154824,70.71164359,Sil1,0.227051,4
365,60,,,0,0,alive,,G81-10,M,S,Draggen 1,Draggen_1112,6767185,1447542,2011,2012,G81-10,1.636,0.27,1.08,79.51075269,5.02,Rättvik,2031,2.3,0.0023,0.822,1.0956,254.5154824,70.71164359,Gal,0,4
366,64,,,,0,alive,,G30-12,F,S,Draggen 1,Draggen_1213,6764099,1445482,2012,2013,G30-12,1.4536,0.27,1.02,86.76944444,4.79,Rättvik,2031,1.9,0.0022,0.8025,1.3406,235.1777541,68.86430664,Sil1,0.227051,0
367,64,,1,1,1,disapp,,G81-10,M,S,Draggen 1,Draggen_1213,6764099,1445482,2012,2013,G81-10,1.4536,0.27,1.02,86.76944444,4.79,Rättvik,2031,1.9,0.0022,0.8025,1.3406,235.1777541,68.86430664,Gal,0,0
368,66,,,0,0,alive,,G30-12,F,S,Draggen 2,Draggen_1314,6766008,1452648,2013,2014,G30-12,1.7377,0.23,1.07,73.79128352,4.96,Rättvik,2031,2.2,0.0032,1.1601,0.7768,261.9176982,65.4695231,Sil1,0.227051,0
369,66,,,,0,alive,,G99-13,M,S,Draggen 2,Draggen_1314,6766008,1452648,2013,2014,G99-13,1.7377,0.23,1.07,73.79128352,4.96,Rättvik,2031,2.2,0.0032,1.1601,0.7768,261.9176982,65.4695231,Hom2,0.14105200000000001,0
370,68,,1,1,1,disapp,,G30-12,F,S,Draggen 2,Draggen_1415,6769784,1458382,2014,2015,G30-12,2.0026,0.22,1.13,88.65128205,5.41,Rättvik,2031,2.2,0.0031,1.1235,0.8051,274.9069266,57.31285328,Sil1,0.227051,1
371,68,,,,2,censored,,G99-13,M,S,Draggen 2,Draggen_1415,6769784,1458382,2014,2015,G99-13,2.0026,0.22,1.13,88.65128205,5.41,Rättvik,2031,2.2,0.0031,1.1235,0.8051,274.9069266,57.31285328,Hom2,0.14105200000000001,1
372,72,1,1,1,1,disapp,,G161-17,F,S,Draggen 3,Draggen_1718,6773838,1453326,2017,2018,G161-17,2.0971,0.24,1.12,79.54830918,5.29,Rättvik,2031,2.4,0.0024,0.8617,0.3825,276.7005116,54.02058728,Kvt1,0.206153,2
373,72,1,,,1,disapp,,G26-17,M,S,Draggen 3,Draggen_1718,6773838,1453326,2017,2018,G26-17,2.0971,0.24,1.12,79.54830918,5.29,Rättvik,2031,2.4,0.0024,0.8617,0.3825,276.7005116,54.02058728,Glm1,0.23142399999999999,2
374,60,,,,,other,legal,G1-12,F,S,Drevfjället 1,Drevfjället_1112,6866957,1317783,2011,2012,G1-12,3.2327,0.15,0.51,84.0657277,0.89,Älvdalen,2039,2.4056,0.0008,0.2972,0.001,677.8833409,79.81147174,Kors2,0.24853500000000001,1
375,60,,,,,other,legal,G3-11,M,S,Drevfjället 1,Drevfjället_1112,6866957,1317783,2011,2012,G3-11,3.2327,0.15,0.51,84.0657277,0.89,Älvdalen,2039,2.4056,0.0008,0.2972,0.001,677.8833409,79.81147174,Klot,0.29931600000000003,1
376,66,,,,,other,legal,G136-12,F,S,Drevfjället 2,Drevfjället_1314,6856841,1329685,2013,2014,G136-12,3.7659,0.16,0.43,84.68939394,1,Älvdalen,2039,2.2,0.0012,0.4349,0.4217,654.3174232,104.2386686,Julu9,0.157578,2
377,66,,,,,other,legal,G25-12,M,S,Drevfjället 2,Drevfjället_1314,6856841,1329685,2013,2014,G25-12,3.7659,0.16,0.43,84.68939394,1,Älvdalen,2039,2.2,0.0012,0.4349,0.4217,654.3174232,104.2386686,Jang6,0.16552700000000001,2
378,31,,,0,0,alive,,G20-07,F,S,Edsleskog,Edsleskog_0607,6550550,1309151,2006,2007,,5.2598,0.41,1.26,64.36885246,17.74,Bengtsfors,1460,2.428,0,0,1.1685,123.8381454,52.23116656,Grä1,0.26757799999999998,0
379,31,,,,0,alive,,G3-07,M,S,Edsleskog,Edsleskog_0607,6550550,1309151,2006,2007,,5.2598,0.41,1.26,64.36885246,17.74,Bengtsfors,1460,2.428,0,0,1.1685,123.8381454,52.23116656,Ny5,0.26953100000000002,0
380,37,1,1,1,1,disapp,,G20-07,F,S,Edsleskog,Edsleskog_0708,6556629,1304937,2007,2008,,5.6607,0.41,1.27,58.11202186,16.19,Bengtsfors,1460,2.4548,0,0,0.9684,140.0102094,43.6717145,Grä1,0.26757799999999998,0
381,37,1,,,1,disapp,,G3-07,M,S,Edsleskog,Edsleskog_0708,6556629,1304937,2007,2008,,5.6607,0.41,1.27,58.11202186,16.19,Bengtsfors,1460,2.4548,0,0,0.9684,140.0102094,43.6717145,Ny5,0.26953100000000002,0
382,58,1,,,1,disapp,,G111-10,M,N,Eidskog,Eidskog_1011,6660091,1282159,2010,2011,G111-10,5.4771,0.59,1.79,84.07552083,14.02,Eda,1730,3.0856,0,0.0025,0.9755,269.5610612,68.5784179,DE5,0.25695800000000002,1
383,58,1,1,1,1,disapp,,M-09-02,F,N,Eidskog,Eidskog_1011,6660091,1282159,2010,2011,M-09-02,5.4771,0.59,1.79,84.07552083,14.02,Eda,1730,3.0856,0,0.0025,0.9755,269.5610612,68.5784179,Gal,0,1
384,83,,,,,other,legal,G202-21,M,S,Evenstad,Evenstad_2122,6834264.895,1250078.188,2021,2022,,8.6738,0.17,0.84,87.42142857,0.89,Åmot,3422,1.5478,0.0001,0.0258,0.3547,581.3272698,183.944809,Kmm2,0.15883800000000001,2
385,83,,,,,other,legal,G92-21,F,S,Evenstad,Evenstad_2122,6834264.895,1250078.188,2021,2022,,8.6738,0.17,0.84,87.42142857,0.89,Åmot,3422,1.5478,0.0001,0.0258,0.3547,581.3272698,183.944809,Bjås4,0.121395,2
386,85,,,,2,censored,,G216-22,M,S,Fågelmossen,Fågelmossen_2223,6508153,1464694,2022,2023,,3.2671,0.41,1.5,52.79661017,42.53,Finspång,562,1.6171,0,0,0.915,117.6653565,37.63193658,Sju4,0.185781,2
387,85,,,2,2,censored,,G65-22,F,S,Fågelmossen,Fågelmossen_2223,6508153,1464694,2022,2023,,3.2671,0.41,1.5,52.79661017,42.53,Finspång,562,1.6171,0,0,0.915,117.6653565,37.63193658,Sju4,0.185781,2
388,64,,,0,0,alive,,G48-11,M,S,Fänstjärn,Fänstjärn_1213,6699720,1368026,2012,2013,G48-11,4.5833,0.24,0.86,81.82575758,3.58,Torsby,1737,3.6115,0.0001,0.0316,0.0648,337.3926258,80.40218823,Kyn2,0,4
389,64,,,,0,alive,,G58-10,F,S,Fänstjärn,Fänstjärn_1213,6699720,1368026,2012,2013,G58-10,4.5833,0.24,0.86,81.82575758,3.58,Torsby,1737,3.6115,0.0001,0.0316,0.0648,337.3926258,80.40218823,Ack,0.30590800000000001,4
390,66,,1,1,1,disapp,,G48-11,M,S,Fänstjärn,Fänstjärn_1314,6709665,1364862,2013,2014,G48-11,4.3469,0.24,0.75,80.56060606,2.92,Torsby,1737,3.0496,0.0006,0.2332,0.1288,359.8009503,91.2828309,Kyn2,0,4
391,66,,,,2,censored,,G58-10,F,S,Fänstjärn,Fänstjärn_1314,6709665,1364862,2013,2014,G58-10,4.3469,0.24,0.75,80.56060606,2.92,Torsby,1737,3.0496,0.0006,0.2332,0.1288,359.8009503,91.2828309,Ack,0.30590800000000001,4
392,49,,,,0,alive,,M-10-07,M,S,Färna 1,Färna_0910,6635506,1502770,2009,2010,M-10-07,3.3128,0.32,1.18,83.57936508,20.52,Skinnskatteberg,1904,2.0045,0,0.0005,1.0649,127.3570004,34.92062575,Jang4,0.42968800000000001,2
393,49,,,,,alive,,M-10-08,F,S,Färna 1,Färna_0910,6635506,1502770,2009,2010,M-10-08,3.3128,0.32,1.18,83.57936508,20.52,Skinnskatteberg,1904,2.0045,0,0.0005,1.0649,127.3570004,34.92062575,Lok1,0.26708999999999999,2
394,58,,,,0,alive,,M-10-07,M,S,Färna 1,Färna_1011,6623475,1510064,2010,2011,M-10-07,2.8733,0.34,1.23,79.56218905,29.23,Skinnskatteberg,1904,2.1,0,0.0027,1.2025,96.43448035,24.39486498,Jang4,0.42968800000000001,2
395,58,,,,,alive,,M-10-08,F,S,Färna 1,Färna_1011,6623475,1510064,2010,2011,M-10-08,2.8733,0.34,1.23,79.56218905,29.23,Skinnskatteberg,1904,2.1,0,0.0027,1.2025,96.43448035,24.39486498,Lok1,0.26708999999999999,2
396,60,,,,0,alive,,M-10-07,M,S,Färna 1,Färna_1112,6627507,1502853,2011,2012,M-10-07,3.0511,0.29,1.15,69.32828283,20.03,Skinnskatteberg,1904,2.1,0,0.0053,0.6729,114.1123144,27.97363981,Jang4,0.42968800000000001,4
397,60,,,,,alive,,M-10-08,F,S,Färna 1,Färna_1112,6627507,1502853,2011,2012,M-10-08,3.0511,0.29,1.15,69.32828283,20.03,Skinnskatteberg,1904,2.1,0,0.0053,0.6729,114.1123144,27.97363981,Lok1,0.26708999999999999,4
398,64,,,,0,alive,,M-10-07,M,S,Färna 1,Färna_1213,6624526,1509628,2012,2013,M-10-07,2.881,0.33,1.22,79.91927083,27.26,Skinnskatteberg,1904,2.8,0,0.0003,1.0541,99.06584353,24.11248029,Jang4,0.42968800000000001,2
399,64,,,,,alive,,M-10-08,F,S,Färna 1,Färna_1213,6624526,1509628,2012,2013,M-10-08,2.881,0.33,1.22,79.91927083,27.26,Skinnskatteberg,1904,2.8,0,0.0003,1.0541,99.06584353,24.11248029,Lok1,0.26708999999999999,2
400,66,,,,0,alive,,M-10-07,M,S,Färna 1,Färna_1314,6638270,1502680,2013,2014,M-10-07,3.441,0.33,1.2,66.28306878,22.34,Skinnskatteberg,1904,2.5864,0.0001,0.0244,1.3601,132.3086164,37.19197147,Jang4,0.42968800000000001,5
401,66,,,,,alive,,M-10-08,F,S,Färna 1,Färna_1314,6638270,1502680,2013,2014,M-10-08,3.441,0.33,1.2,66.28306878,22.34,Skinnskatteberg,1904,2.5864,0.0001,0.0244,1.3601,132.3086164,37.19197147,Lok1,0.26708999999999999,5
402,68,,,,,alive,,G133-13,M,S,Färna 2,Färna_1415,6633443,1504867,2014,2015,G133-13,3.1273,0.31,1.15,72.72885572,21.64,Skinnskatteberg,1904,2.4,0,0.0055,0.8261,119.0229826,29.16842268,Nora,0.15216099999999999,4
403,68,,,,,alive,,M-10-08,F,S,Färna 2,Färna_1415,6633443,1504867,2014,2015,M-10-08,3.1273,0.31,1.15,72.72885572,21.64,Skinnskatteberg,1904,2.4,0,0.0055,0.8261,119.0229826,29.16842268,Lok1,0.26708999999999999,4
404,70,,,,,alive,,G133-13,M,S,Färna 2,Färna_1516,6632439,1508925,2015,2016,G133-13,2.9108,0.29,1.13,61.17230769,23.25,Skinnskatteberg,1904,2.4,0,0.0045,0.645,112.3033504,24.57949585,Nora,0.15216099999999999,3
405,70,,,,,alive,,M-10-08,F,S,Färna 2,Färna_1516,6632439,1508925,2015,2016,M-10-08,2.9108,0.29,1.13,61.17230769,23.25,Skinnskatteberg,1904,2.4,0,0.0045,0.645,112.3033504,24.57949585,Lok1,0.26708999999999999,3
406,74,,,,,alive,,G133-13,M,S,Färna 2,Färna_1617,6632989,1513809,2016,2017,G133-13,2.7694,0.29,1.15,65.16145833,29.18,Skinnskatteberg,1904,2.3,0,0.0017,0.8322,106.2805107,24.64779535,Nora,0.15216099999999999,4
407,74,,,,,other,natural,M-10-08,F,S,Färna 2,Färna_1617,6632989,1513809,2016,2017,M-10-08,2.7694,0.29,1.15,65.16145833,29.18,Skinnskatteberg,1904,2.3,0,0.0017,0.8322,106.2805107,24.64779535,Lok1,0.26708999999999999,4
408,72,,1,1,1,disapp,,G130-17,F,S,Färna 3,Färna_1718,6626503,1520795,2017,2018,G130-17,2.5855,0.36,1.22,76.86458333,60.02,Skinnskatteberg,1904,2.1,0,0.0103,1.7957,88.83479169,24.09834063,Köl2,0.31961099999999998,2
409,72,,,,,other,legal,G133-13,M,S,Färna 3,Färna_1718,6626503,1520795,2017,2018,G133-13,2.5855,0.36,1.22,76.86458333,60.02,Skinnskatteberg,1904,2.1,0,0.0103,1.7957,88.83479169,24.09834063,Nora,0.15216099999999999,2
410,10,,,,,alive,,G5-03,F,S,Filipstad,Filipstad_9899,6637289,1409510,1998,1999,G5-03,5.1018,0.32,1.11,84.64780308,7.85,Filipstad,1782,5.4224,0,0,0.7017,251.1613252,49.46587858,Ny4b,0.375,1
411,10,,,,0,alive,,M-05-08,M,S,Filipstad,Filipstad_9899,6637289,1409510,1998,1999,M-05-08,5.1018,0.32,1.11,84.64780308,7.85,Filipstad,1782,5.4224,0,0,0.7017,251.1613252,49.46587858,Hag2,0.125,1
412,13,,,,,alive,,G5-03,F,S,Filipstad,Filipstad_9900,6632623,1392080,1999,2000,G5-03,5.1501,0.26,1.16,84.15454382,18.16,Munkfors,1762,5.7,0,0.0028,0.0601,236.306535,55.99594384,Ny4b,0.375,0
413,13,,,,0,alive,,M-05-08,M,S,Filipstad,Filipstad_9900,6632623,1392080,1999,2000,M-05-08,5.1501,0.26,1.16,84.15454382,18.16,Munkfors,1762,5.7,0,0.0028,0.0601,236.306535,55.99594384,Hag2,0.125,0
414,16,,,,,alive,,G5-03,F,S,Filipstad,Filipstad_0001,6619852,1397111,2000,2001,G5-03,4.5753,0.35,1.17,83.41975733,26.42,Storfors,1760,5.7,0,0,0.6373,196.651566,54.25072128,Ny4b,0.375,0
415,16,,,,0,alive,,M-05-08,M,S,Filipstad,Filipstad_0001,6619852,1397111,2000,2001,M-05-08,4.5753,0.35,1.17,83.41975733,26.42,Storfors,1760,5.7,0,0,0.6373,196.651566,54.25072128,Hag2,0.125,0
416,16,,,,,other,natural,G5-03,F,S,Filipstad,Filipstad_0102,6635229,1392410,2001,2002,G5-03,5.1969,0.25,1.13,71.07272727,15.27,Munkfors,1762,5.5,0,0.0002,0.04,244.6872647,56.47955059,Ny4b,0.375,0
417,16,,,,2,censored,,M-05-08,M,S,Filipstad,Filipstad_0102,6635229,1392410,2001,2002,M-05-08,5.1969,0.25,1.13,71.07272727,15.27,Munkfors,1762,5.5,0,0.0002,0.04,244.6872647,56.47955059,Hag2,0.125,0
418,68,,,0,0,alive,,G133-17,F,S,Finnsjön,Finnsjön_1819,6801102,1456271,2018,2019,G133-17,3.1325,0.14,0.96,82.94927536,4.68,Rättvik,2031,2.5,0.0034,1.248,0.044,348.5644815,95.47604184,Bjås3,6.7336999999999994E-2,1
419,68,,,,0,alive,,G268-17,M,S,Finnsjön,Finnsjön_1819,6801102,1456271,2018,2019,G268-17,3.1325,0.14,0.96,82.94927536,4.68,Rättvik,2031,2.5,0.0034,1.248,0.044,348.5644815,95.47604184,Kvt1,0.206153,1
420,71,1,1,1,1,disapp,,G133-17,F,S,Finnsjön,Finnsjön_1920,6810491,1443515,2019,2020,G133-17,4.0179,0.19,0.82,84.66183575,3.98,Rättvik,2031,2.5122,0.0034,1.2154,0,450.8789897,98.29988606,Bjås3,6.7336999999999994E-2,1
421,71,1,,,1,disapp,,G268-17,M,S,Finnsjön,Finnsjön_1920,6810491,1443515,2019,2020,G268-17,4.0179,0.19,0.82,84.66183575,3.98,Rättvik,2031,2.5122,0.0034,1.2154,0,450.8789897,98.29988606,Kvt1,0.206153,1
422,58,,,,,other,legal,D-10-70,M,S,Fjätdalen,Fjätdalen_1011,6865023,1367590,2010,2011,D-10-70,3.0735,0.08,0.28,85.33101852,0.96,Älvdalen,2039,2.4158,0.0022,0.7928,0.0205,675.9289559,124.3113705,Osd2,0.28125,1
423,58,,,,,other,legal,D-10-71,F,S,Fjätdalen,Fjätdalen_1011,6865023,1367590,2010,2011,D-10-71,3.0735,0.08,0.28,85.33101852,0.96,Älvdalen,2039,2.4158,0.0022,0.7928,0.0205,675.9289559,124.3113705,Ful1,0.261963,1
424,75,,,0,0,alive,,G62-20,F,S,Fjornshöjden,Fjornshöjden_2021,6629933,1280667,2020,2021,,5.4122,0.34,1.29,74.03383838,11.5,Eda,1730,2.3398,0,0,0.2133,225.6336909,55.40549629,Röm3,0.35064400000000001,6
425,75,,,,0,alive,,G79-18,M,S,Fjornshöjden,Fjornshöjden_2021,6629933,1280667,2020,2021,,5.4122,0.34,1.29,74.03383838,11.5,Eda,1730,2.3398,0,0,0.2133,225.6336909,55.40549629,Mang5,0.249086,6
426,83,,,0,0,alive,,G62-20,F,S,Fjornshöjden,Fjornshöjden_2122,6629325.475,1282683.856,2021,2022,,5.4354,0.33,1.25,66.82070707,11.3,Eda,1730,2.2417,0,0.0024,0.2336,223.2228219,55.79771833,Röm3,0.35064400000000001,5
427,83,,,,0,alive,,G79-18,M,S,Fjornshöjden,Fjornshöjden_2122,6629325.475,1282683.856,2021,2022,,5.4354,0.33,1.25,66.82070707,11.3,Eda,1730,2.2417,0,0.0024,0.2336,223.2228219,55.79771833,Mang5,0.249086,5
428,85,,,2,2,censored,,G62-20,F,S,Fjornshöjden,Fjornshöjden_2223,6631244,1281074,2022,2023,,5.3929,0.35,1.31,83.878125,11.77,Eda,1730,1.9056,0,0,0.235,224.506431,55.63926021,Röm3,0.35064400000000001,5
429,85,,,,2,censored,,G79-18,M,S,Fjornshöjden,Fjornshöjden_2223,6631244,1281074,2022,2023,,5.3929,0.35,1.31,83.878125,11.77,Eda,1730,1.9056,0,0,0.235,224.506431,55.63926021,Mang5,0.249086,5
430,70,,,,,alive,,G126-15,M,S,Flaten 1,Flaten_1516,6660153,1476016,2015,2016,G126-15,4.5979,0.36,1.46,66.546875,12.13,Ljusnarsberg,1864,2.3104,0.0002,0.0781,1.4205,216.6271553,64.63155473,Hed4,0.30401600000000001,3
431,70,,,0,0,alive,,G132-14,F,S,Flaten 1,Flaten_1516,6660153,1476016,2015,2016,G132-14,4.5979,0.36,1.46,66.546875,12.13,Ljusnarsberg,1864,2.3104,0.0002,0.0781,1.4205,216.6271553,64.63155473,Rom1,0.20550499999999999,3
432,74,,,,,alive,,G126-15,M,S,Flaten 1,Flaten_1617,6657419,1473523,2016,2017,G126-15,4.496,0.38,1.41,73.95771144,12.25,Ljusnarsberg,1864,2.2382,0.0001,0.0244,1.4774,230.7258545,67.33655658,Hed4,0.30401600000000001,5
433,74,,1,1,1,disapp,,G132-14,F,S,Flaten 1,Flaten_1617,6657419,1473523,2016,2017,G132-14,4.496,0.38,1.41,73.95771144,12.25,Ljusnarsberg,1864,2.2382,0.0001,0.0244,1.4774,230.7258545,67.33655658,Rom1,0.20550499999999999,5
434,72,,,,,other,legal,G126-15,M,S,Flaten 2,Flaten/Billsjön_1718,6659611,1478002,2017,2018,G126-15,4.6386,0.37,1.46,84.22474747,12.14,Ljusnarsberg,1864,2.3821,0.0001,0.0465,1.2515,211.0604805,63.000132,Hed4,0.30401600000000001,2
435,72,,,,,other,legal,G74-14,F,S,Flaten 2,Flaten/Billsjön_1718,6659611,1478002,2017,2018,G74-14,4.6386,0.37,1.46,84.22474747,12.14,Ljusnarsberg,1864,2.3821,0.0001,0.0465,1.2515,211.0604805,63.000132,Sku,0.15216099999999999,2
436,83,,,,0,alive,,G107-21,M,,Flatsmossen 1,Flatsmossen_2122,6615039.67,1285060.952,2021,2022,,5.4716,0.28,1.15,62.00520833,8.8,Eda,1730,2.5504,0,0.0003,0.4061,210.331136,52.75036904,Smk3,0.39761600000000002,4
437,83,,,0,0,alive,,G57-21,F,,Flatsmossen 1,Flatsmossen_2122,6615039.67,1285060.952,2021,2022,,5.4716,0.28,1.15,62.00520833,8.8,Eda,1730,2.5504,0,0.0003,0.4061,210.331136,52.75036904,Sbö1,0.218197,4
438,85,1,,,1,disapp,,G107-21,M,,Flatsmossen 1,Flatsmossen_2223,6617534,1284026,2022,2023,,5.5321,0.3,1.19,79.67164179,9.18,Eda,1730,2.1964,0,0,0.4537,213.7131202,53.21310778,Smk3,0.39761600000000002,3
439,85,1,1,1,1,disapp,,G57-21,F,,Flatsmossen 1,Flatsmossen_2223,6617534,1284026,2022,2023,,5.5321,0.3,1.19,79.67164179,9.18,Eda,1730,2.1964,0,0,0.4537,213.7131202,53.21310778,Sbö1,0.218197,3
440,70,,,0,0,alive,,G49-16,M,S,Flintbäcken,Flintbäcken_1516,6677190,1415965,2015,2016,G49-16,5.2361,0.22,1.05,72.63692308,10.89,Filipstad,1782,2.2144,0.0003,0.1094,0.2421,352.4565106,63.04532209,Klot,0.29931600000000003,6
441,70,,,,0,alive,,G88-15,F,S,Flintbäcken,Flintbäcken_1516,6677190,1415965,2015,2016,G88-15,5.2361,0.22,1.05,72.63692308,10.89,Filipstad,1782,2.2144,0.0003,0.1094,0.2421,352.4565106,63.04532209,Snd3,0.21491199999999999,6
442,74,,1,1,1,disapp,,G49-16,M,S,Flintbäcken,Flintbäcken_1617,6685812,1419014,2016,2017,G49-16,5.1926,0.22,1.13,81.04040404,9.32,Filipstad,1782,2.1812,0.0002,0.0705,0.2696,349.9094285,63.5508659,Klot,0.29931600000000003,4
443,74,,,,2,censored,,G88-15,F,S,Flintbäcken,Flintbäcken_1617,6685812,1419014,2016,2017,G88-15,5.1926,0.22,1.13,81.04040404,9.32,Filipstad,1782,2.1812,0.0002,0.0705,0.2696,349.9094285,63.5508659,Snd3,0.21491199999999999,4
444,68,,,,,alive,,G18-15,M,N,Flisdalen 1,Flisdalen_1415,6749748,1303396,2014,2015,G18-15,4.3244,0.22,1.53,84.35086108,6.46,Torsby,1737,2.321,0.0003,0.1106,0.1298,376.0087652,92.78219258,Trå,0.29980499999999999,3
445,68,,,0,0,alive,,G89-15,F,N,Flisdalen 1,Flisdalen_1415,6749748,1303396,2014,2015,G89-15,4.3244,0.22,1.53,84.35086108,6.46,Torsby,1737,2.321,0.0003,0.1106,0.1298,376.0087652,92.78219258,Tans2,0.14679700000000001,3
446,70,,,,,alive,,G18-15,M,N,Flisdalen 1,Flisdalen_1516,6726231,1300590,2015,2016,G18-15,4.3677,0.53,2.02,73.81515152,6.84,Grue,423,1.9696,0.0002,0.0848,1.1337,291.1359173,102.5595326,Trå,0.29980499999999999,4
447,70,,,0,0,alive,,G89-15,F,N,Flisdalen 1,Flisdalen_1516,6726231,1300590,2015,2016,G89-15,4.3677,0.53,2.02,73.81515152,6.84,Grue,423,1.9696,0.0002,0.0848,1.1337,291.1359173,102.5595326,Tans2,0.14679700000000001,4
448,74,,,,,alive,,G18-15,M,N,Flisdalen 1,Flisdalen_1617,6721360,1310424,2016,2017,G18-15,4.7655,0.45,2.08,81.73737374,5.99,Torsby,1737,1.8365,0.0002,0.0658,0.0936,348.6987301,103.9169827,Trå,0.29980499999999999,6
449,74,,,0,0,alive,,G89-15,F,N,Flisdalen 1,Flisdalen_1617,6721360,1310424,2016,2017,G89-15,4.7655,0.45,2.08,81.73737374,5.99,Torsby,1737,1.8365,0.0002,0.0658,0.0936,348.6987301,103.9169827,Tans2,0.14679700000000001,6
450,72,,,,,alive,,G18-15,M,N,Flisdalen 1,Flisdalen_1718,6721928,1318440,2017,2018,G18-15,4.9762,0.36,1.82,84.88131313,5.01,Torsby,1737,1.8714,0.0002,0.087,0.0187,390.6506385,85.28684856,Trå,0.29980499999999999,6
451,72,,,0,0,alive,,G89-15,F,N,Flisdalen 1,Flisdalen_1718,6721928,1318440,2017,2018,G89-15,4.9762,0.36,1.82,84.88131313,5.01,Torsby,1737,1.8714,0.0002,0.087,0.0187,390.6506385,85.28684856,Tans2,0.14679700000000001,6
452,68,,1,1,1,disapp,,G89-15,F,N,Flisdalen 1,Flisdalen_1819,6722197,1316001,2018,2019,G89-15,4.9467,0.36,1.93,86.19191919,5.24,Torsby,1737,1.9836,0.0003,0.0976,0.0187,380.7674537,88.54950932,Tans2,0.14679700000000001,4
453,68,,,,,alive,,G18-15,M,N,Flisdalen 1,Flisdalen_1819,6722197,1316001,2018,2019,G18-15,4.9467,0.36,1.93,86.19191919,5.24,Torsby,1737,1.9836,0.0003,0.0976,0.0187,380.7674537,88.54950932,Trå,0.29980499999999999,4
455,64,,,0,0,alive,,G19-13,F,S,Forshaga 1,Forshaga_1213,6606695,1375921,2012,2013,G19-13,4.127,0.51,1.21,77.56510417,59.69,Kil,1715,4,0,0,2.1514,105.5854464,42.02900846,Bratt,0.27783200000000002,3
456,64,,,,,alive,,M-09-01,M,S,Forshaga 1,Forshaga_1213,6606695,1375921,2012,2013,M-09-01,4.127,0.51,1.21,77.56510417,59.69,Kil,1715,4,0,0,2.1514,105.5854464,42.02900846,Gal,0,3
457,66,,,0,0,alive,,G19-13,F,S,Forshaga 1,Forshaga_1314,6621134,1372502,2013,2014,G19-13,5.226,0.36,1.17,64.01041667,39.97,Kil,1715,3.4,0,0.001,1.0454,147.8481333,67.63864741,Bratt,0.27783200000000002,5
458,66,,,,,other,legal,M-09-01,M,S,Forshaga 1,Forshaga_1314,6621134,1372502,2013,2014,M-09-01,5.226,0.36,1.17,64.01041667,39.97,Kil,1715,3.4,0,0.001,1.0454,147.8481333,67.63864741,Gal,0,5
459,68,1,1,1,1,disapp,,G19-13,F,S,Forshaga 2,Forshaga_1415,6621134,1372502,2014,2015,G19-13,5.226,0.36,1.17,78.515625,40.25,Kil,1715,2.6,0,0.0052,1.0454,147.8481333,67.63864741,Bratt,0.27783200000000002,4
460,68,1,,,1,disapp,,G51-14,M,S,Forshaga 2,Forshaga_1415,6621134,1372502,2014,2015,G51-14,5.226,0.36,1.17,78.515625,40.25,Kil,1715,2.6,0,0.0052,1.0454,147.8481333,67.63864741,Bratt,0.27783200000000002,4
461,70,,,,0,alive,,G55-16,M,S,Forshaga 3,Forshaga_1516,6605632,1373526,2015,2016,G55-16,4.0871,0.56,1.25,60.7875,59.67,Kil,1715,1.9,0,0,2.667,98.84459021,36.60539248,Snd3,0.21491199999999999,4
462,70,,,0,0,alive,,G56-16,F,S,Forshaga 3,Forshaga_1516,6605632,1373526,2015,2016,G56-16,4.0871,0.56,1.25,60.7875,59.67,Kil,1715,1.9,0,0,2.667,98.84459021,36.60539248,Köl2,0.31961099999999998,4
463,74,,,,0,alive,,G55-16,M,S,Forshaga 3,Forshaga_1617,6606575,1391545,2016,2017,G55-16,3.8722,0.38,1.13,65.56153846,52.05,Storfors,1760,1.8,0,0,0.383,139.7907507,50.95386532,Snd3,0.21491199999999999,5
464,74,,,0,0,alive,,G56-16,F,S,Forshaga 3,Forshaga_1617,6606575,1391545,2016,2017,G56-16,3.8722,0.38,1.13,65.56153846,52.05,Storfors,1760,1.8,0,0,0.383,139.7907507,50.95386532,Köl2,0.31961099999999998,5
465,72,,,,0,alive,,G55-16,M,S,Forshaga 3,Forshaga_1718,6606029,1399622,2017,2018,G55-16,4.0439,0.39,1.11,82.03645833,35.99,Storfors,1760,2,0,0.0017,0.7606,152.9004245,46.66675282,Snd3,0.21491199999999999,6
466,72,,,0,0,alive,,G56-16,F,S,Forshaga 3,Forshaga_1718,6606029,1399622,2017,2018,G56-16,4.0439,0.39,1.11,82.03645833,35.99,Storfors,1760,2,0,0.0017,0.7606,152.9004245,46.66675282,Köl2,0.31961099999999998,6
467,68,,,,0,alive,,G55-16,M,S,Forshaga 3,Forshaga_1819,6597020,1388573,2018,2019,G55-16,3.2729,0.42,1.17,65.91161616,60.26,Storfors,1760,2.3,0,0.0009,0.6953,103.3224654,43.31063562,Snd3,0.21491199999999999,5
468,68,,,0,0,alive,,G56-16,F,S,Forshaga 3,Forshaga_1819,6597020,1388573,2018,2019,G56-16,3.2729,0.42,1.17,65.91161616,60.26,Storfors,1760,2.3,0,0.0009,0.6953,103.3224654,43.31063562,Köl2,0.31961099999999998,5
469,71,,,,0,alive,,G55-16,M,S,Forshaga 3,Forshaga_1920,6609568,1392356,2019,2020,G55-16,4.0433,0.36,1.12,45.52419355,50.14,Storfors,1760,2.6,0,0,0.4449,152.1838267,53.53944046,Snd3,0.21491199999999999,4
470,71,,,0,0,alive,,G56-16,F,S,Forshaga 3,Forshaga_1920,6609568,1392356,2019,2020,G56-16,4.0433,0.36,1.12,45.52419355,50.14,Storfors,1760,2.6,0,0,0.4449,152.1838267,53.53944046,Köl2,0.31961099999999998,4
471,75,,,,0,alive,,G55-16,M,S,Forshaga 3,Forshaga_2021,6616252,1391485,2020,2021,,4.4469,0.35,1.16,67.81538462,44.31,Storfors,1760,2.9,0,0.0025,0.473,173.9928304,59.8783015,Snd3,0.21491199999999999,5
472,75,,,0,0,alive,,G56-16,F,S,Forshaga 3,Forshaga_2021,6616252,1391485,2020,2021,,4.4469,0.35,1.16,67.81538462,44.31,Storfors,1760,2.9,0,0.0025,0.473,173.9928304,59.8783015,Köl2,0.31961099999999998,5
473,83,,,,0,alive,,G55-16,M,S,Forshaga 3,Forshaga_2122,6604386.786,1391883.451,2021,2022,,3.7842,0.4,1.14,61.83333333,55.51,Storfors,1760,2.7,0,0,0.41,132.8757304,48.68057411,Snd3,0.21491199999999999,4
474,83,,,0,0,alive,,G56-16,F,S,Forshaga 3,Forshaga_2122,6604386.786,1391883.451,2021,2022,,3.7842,0.4,1.14,61.83333333,55.51,Storfors,1760,2.7,0,0,0.41,132.8757304,48.68057411,Köl2,0.31961099999999998,4
475,85,,,,2,censored,,G55-16,M,S,Forshaga 3,Forshaga_2223,6617103,1400746,2022,2023,,4.3759,0.36,1.12,74.86920904,24.93,Storfors,1760,2.4,0,0.0074,0.6229,191.1223141,49.05753562,Snd3,0.21491199999999999,4
476,85,,,2,2,censored,,G56-16,F,S,Forshaga 3,Forshaga_2223,6617103,1400746,2022,2023,,4.3759,0.36,1.12,74.86920904,24.93,Storfors,1760,2.4,0,0.0074,0.6229,191.1223141,49.05753562,Köl2,0.31961099999999998,4
477,28,,,,,alive,,M-05-05,M,S,Forshyttan,Forshyttan_0405,6626241,1395573,2004,2005,M-05-05,4.8246,0.31,1.2,80.62433862,20.99,Storfors,1760,4.6,0,0,0.5322,218.3779983,55.48465655,Fil2,0.296875,0
478,28,,,0,0,alive,,M-05-09,F,S,Forshyttan,Forshyttan_0405,6626241,1395573,2004,2005,M-05-09,4.8246,0.31,1.2,80.62433862,20.99,Storfors,1760,4.6,0,0,0.5322,218.3779983,55.48465655,Fil,0.28125,0
479,29,,,,,alive,,M-05-05,M,S,Forshyttan,Forshyttan_0506,6626241,1395573,2005,2006,M-05-05,4.8246,0.31,1.2,84.45767196,20.98,Storfors,1760,4,0,0,0.5322,218.3779983,55.48465655,Fil2,0.296875,0
480,29,,1,1,1,disapp,,M-05-09,F,S,Forshyttan,Forshyttan_0506,6626241,1395573,2005,2006,M-05-09,4.8246,0.31,1.2,84.45767196,20.98,Storfors,1760,4,0,0,0.5322,218.3779983,55.48465655,Fil,0.28125,0
481,83,,,0,0,alive,,G29-21,F,S,Forshyttan 2,Forshyttan_2122,6630210.542,1388023.753,2021,2022,,5.2444,0.29,1.18,75.36363636,26.36,Munkfors,1762,2.7,0,0.0059,0.1831,218.8518312,63.18511477,Våa2,0.22309599999999999,3
482,83,,,,0,alive,,G91-21,M,S,Forshyttan 2,Forshyttan_2122,6630210.542,1388023.753,2021,2022,,5.2444,0.29,1.18,75.36363636,26.36,Munkfors,1762,2.7,0,0.0059,0.1831,218.8518312,63.18511477,Frk1,0.25181900000000002,3
483,85,,,2,2,censored,,G29-21,F,S,Forshyttan 2,Forshyttan_2223,6636137,1390218,2022,2023,,5.3107,0.27,1.17,80.61212121,16.78,Munkfors,1762,2.4,0,0.0132,0.0335,241.201754,59.43096413,Våa2,0.22309599999999999,3
484,85,,,,2,censored,,G91-21,M,S,Forshyttan 2,Forshyttan_2223,6636137,1390218,2022,2023,,5.3107,0.27,1.17,80.61212121,16.78,Munkfors,1762,2.4,0,0.0132,0.0335,241.201754,59.43096413,Frk1,0.25181900000000002,3
485,74,,,,,other,legal,G30-16,M,S,Foskros,Foskros_1617,6881275,1335618,2016,2017,G30-16,5.1404,0.14,0.25,84.91545894,1,Älvdalen,2039,2.2,0.0014,0.5097,0.3929,704.7611718,125.3688017,Keo1,0.228912,0
486,74,,,,,other,legal,G68-16,F,S,Foskros,Foskros_1617,6881275,1335618,2016,2017,G68-16,5.1404,0.14,0.25,84.91545894,1,Älvdalen,2039,2.2,0.0014,0.5097,0.3929,704.7611718,125.3688017,Sle3,0.29814099999999999,0
487,75,,1,1,1,disapp,,G177-19,M,S,Fräkensjon 1,Fräkensjon_2021,6670561.632,1402017,2020,2021,,4.805,0.24,0.98,75.56923077,8.12,Filipstad,1782,2.801,0.0002,0.0828,0.0118,311.0471131,65.81518106,Gry1,0.22769700000000001,2
488,75,,,,0,alive,,G223-17,F,S,Fräkensjon 1,Fräkensjon_2021,6670561.632,1402017,2020,2021,,4.805,0.24,0.98,75.56923077,8.12,Filipstad,1782,2.801,0.0002,0.0828,0.0118,311.0471131,65.81518106,Gård6,0.13404099999999999,2
489,83,1,1,1,1,disapp,,G223-17,F,S,Fräkensjon 2,Fräkensjon_2122,6677237.844,1400795.914,2021,2022,,4.8213,0.22,0.96,80.9921875,7.25,Filipstad,1782,2.5578,0.0003,0.0978,0,333.1436,71.0087,Gård6,0.13404099999999999,1
490,83,1,,,1,disapp,,G145-19,M,S,Fräkensjon 2,Fräkensjon_2122,6677237.844,1400795.914,2021,2022,,4.8213,0.22,0.96,80.9921875,7.25,Filipstad,1782,2.5578,0.0003,0.0978,0,333.1436,71.0087,Asp3,0.233486,1
491,85,,,,2,censored,,G97-22,M,S,Fräkensjon 3,Fräkensjon_2223,6680465.569,1399493.585,2022,2023,,4.9192,0.22,0.97,87.05970149,6.57,Filipstad,1782,2.192,0.0002,0.0781,0,341.0205,69.718,Frk2,0.21975900000000001,1
492,85,,1,1,1,disapp,,G34-21,F,S,Fräkensjon 3,Fräkensjon_2223,6680465.569,1399493.585,2022,2023,,4.9192,0.22,0.97,87.05970149,6.57,Filipstad,1782,2.192,0.0002,0.0781,0,341.0205,69.718,Våa2,0.22309599999999999,1
493,64,,,,,other,legal,G102-12,F,S,Fuan,Fuan_1213,6958411,1412824,2012,2013,G102-12,3.2357,0.16,0.79,92.67342342,1.18,Berg,2326,2.5,0.0015,0.5276,0.3115,516.0645262,93.44547396,Ten2,0.247803,0
494,64,,,,,other,legal,G110-12,M,S,Fuan,Fuan_1213,6958411,1412824,2012,2013,G110-12,3.2357,0.16,0.79,92.67342342,1.18,Berg,2326,2.5,0.0015,0.5276,0.3115,516.0645262,93.44547396,Ten2,0.247803,0
495,64,,,,,other,legal,G10-11,F,N,Fuggdalen,Fuggdalen_1213,6857863,1271209,2012,2013,G10-11,6.5993,0.12,0.38,91.0784334,0.62,Engerdal,434,2.6061,0.0004,0.1449,0.0186,749.2167803,181.4422399,Trå,0.29980499999999999,0
496,64,,,,,other,legal,G121-11,M,N,Fuggdalen,Fuggdalen_1213,6857863,1271209,2012,2013,G121-11,6.5993,0.12,0.38,91.0784334,0.62,Engerdal,434,2.6061,0.0004,0.1449,0.0186,749.2167803,181.4422399,Bratt,0.27783200000000002,0
497,37,,,,,alive,,M-09-04,M,S,Fulufjellet 1,Fulufjellet_0708,6818632,1351220,2007,2008,M-09-04,3.7693,0.16,0.55,84.54477612,1.64,Malung-Sälen,2023,2.6227,0.001,0.3754,0.1241,562.6229015,153.8337982,Julu2,0.29052699999999998,0
498,37,,,,0,alive,,M-09-06,F,S,Fulufjellet 1,Fulufjellet_0708,6818632,1351220,2007,2008,M-09-06,3.7693,0.16,0.55,84.54477612,1.64,Malung-Sälen,2023,2.6227,0.001,0.3754,0.1241,562.6229015,153.8337982,Grä1,0.26757799999999998,0
499,39,,,,,alive,,M-09-04,M,S,Fulufjellet 1,Fulufjellet_0809,6814154,1353265,2008,2009,M-09-04,3.6964,0.19,0.6,86.19323671,1.79,Malung-Sälen,2023,2.4384,0.0013,0.4682,0.1716,532.3303626,131.1389322,Julu2,0.29052699999999998,1
500,39,,,,0,alive,,M-09-06,F,S,Fulufjellet 1,Fulufjellet_0809,6814154,1353265,2008,2009,M-09-06,3.6964,0.19,0.6,86.19323671,1.79,Malung-Sälen,2023,2.4384,0.0013,0.4682,0.1716,532.3303626,131.1389322,Grä1,0.26757799999999998,1
501,49,,,,,alive,,M-09-04,M,S,Fulufjellet 1,Fulufjellet_0910,6816691,1348816,2009,2010,M-09-04,4.1334,0.19,0.61,92.77190578,1.76,Malung-Sälen,2023,2.3972,0.0009,0.3323,0.2787,570.6316412,162.7725171,Julu2,0.29052699999999998,1
502,49,,,,0,alive,,M-09-06,F,S,Fulufjellet 1,Fulufjellet_0910,6816691,1348816,2009,2010,M-09-06,4.1334,0.19,0.61,92.77190578,1.76,Malung-Sälen,2023,2.3972,0.0009,0.3323,0.2787,570.6316412,162.7725171,Grä1,0.26757799999999998,1
503,58,,,,,other,legal,M-09-04,M,S,Fulufjellet 1,Fulufjället_1011,6822982,1353749,2010,2011,M-09-04,3.2029,0.16,0.52,88.26470588,1.35,Malung-Sälen,2023,2.3063,0.0014,0.5095,0.1298,555.2795489,143.0278197,Julu2,0.29052699999999998,0
504,58,,,,0,alive,,M-09-06,F,S,Fulufjellet 1,Fulufjället_1011,6822982,1353749,2010,2011,M-09-06,3.2029,0.16,0.52,88.26470588,1.35,Malung-Sälen,2023,2.3063,0.0014,0.5095,0.1298,555.2795489,143.0278197,Grä1,0.26757799999999998,0
505,60,,,,0,alive,,G51-12,M,S,Fulufjellet 2,Fulufjellet_1112,6828014,1349008,2011,2012,G51-12,3.6901,0.15,0.44,83.32338308,1.22,Malung-Sälen,2023,2.3154,0.0013,0.4872,0.2355,614.1066808,172.1658206,Jang5,0.29736299999999999,1
506,60,,,0,0,alive,,M-09-06,F,S,Fulufjellet 2,Fulufjellet_1112,6828014,1349008,2011,2012,M-09-06,3.6901,0.15,0.44,83.32338308,1.22,Malung-Sälen,2023,2.3154,0.0013,0.4872,0.2355,614.1066808,172.1658206,Grä1,0.26757799999999998,1
507,64,,,,0,alive,,G51-12,M,S,Fulufjellet 2,Fulufjället_1213,6831675,1351129,2012,2013,G51-12,3.364,0.16,0.51,91.9547619,1.11,Malung-Sälen,2023,1.9,0.0018,0.668,0.2104,585.5240616,156.1910978,Jang5,0.29736299999999999,0
508,64,,,0,0,alive,,M-09-06,F,S,Fulufjellet 2,Fulufjället_1213,6831675,1351129,2012,2013,M-09-06,3.364,0.16,0.51,91.9547619,1.11,Malung-Sälen,2023,1.9,0.0018,0.668,0.2104,585.5240616,156.1910978,Grä1,0.26757799999999998,0
509,66,1,,,1,disapp,,G51-12,M,S,Fulufjellet 2,Fulufjellet_1314,6831675,1351129,2013,2014,G51-12,3.364,0.16,0.51,83.3047619,1.12,Malung-Sälen,2023,2.2,0.0017,0.6219,0.2104,585.5240616,156.1910978,Jang5,0.29736299999999999,2
510,66,1,1,1,1,disapp,,M-09-06,F,S,Fulufjellet 2,Fulufjellet_1314,6831675,1351129,2013,2014,M-09-06,3.364,0.16,0.51,83.3047619,1.12,Malung-Sälen,2023,2.2,0.0017,0.6219,0.2104,585.5240616,156.1910978,Grä1,0.26757799999999998,2
511,74,,,0,0,alive,,G32-14,F,S,Fulufjellet 3,Fulufjellet_1617,6826477,1331113,2016,2017,G32-14,5.8383,0.17,0.37,83.87142857,1.52,Älvdalen,2039,2.0349,0.0009,0.3348,0.1563,762.1050308,157.6545505,Julu9,0.157578,0
512,74,,,,0,alive,,G95-15,M,S,Fulufjellet 3,Fulufjellet_1617,6826477,1331113,2016,2017,G95-15,5.8383,0.17,0.37,83.87142857,1.52,Älvdalen,2039,2.0349,0.0009,0.3348,0.1563,762.1050308,157.6545505,Gås3,0.20716100000000001,0
513,72,1,1,1,1,disapp,,G32-14,F,S,Fulufjellet 3,Fulufjället_1718,6812723,1351949,2017,2018,G32-14,4.0849,0.21,0.64,86.54656863,1.83,Malung-Sälen,2023,2.3339,0.0013,0.4538,0.2552,537.3220956,136.2800334,Julu9,0.157578,0
514,72,1,,,1,disapp,,G95-15,M,S,Fulufjellet 3,Fulufjället_1718,6812723,1351949,2017,2018,G95-15,4.0849,0.21,0.64,86.54656863,1.83,Malung-Sälen,2023,2.3339,0.0013,0.4538,0.2552,537.3220956,136.2800334,Gås3,0.20716100000000001,0
515,68,1,,,1,disapp,,G195-17,M,S,Fulufjellet 4,Fulufjället_1819,6810603,1352507,2018,2019,G195-17,4.1495,0.22,0.64,82.6352657,1.91,Malung-Sälen,2023,2.4295,0.0014,0.4974,0.3121,533.8727451,132.8064809,Nsj1,0.243233,0
516,68,1,1,1,1,disapp,,G283-17,F,S,Fulufjellet 4,Fulufjället_1819,6810603,1352507,2018,2019,G283-17,4.1495,0.22,0.64,82.6352657,1.91,Malung-Sälen,2023,2.4295,0.0014,0.4974,0.3121,533.8727451,132.8064809,Bok1,0.15567600000000001,0
517,16,,,,,alive,,D-04-13,F,S,Furudal,Furudal_0001,6798942,1468323,2000,2001,D-04-13,3.0247,0.16,1.09,85.10421109,5.36,Rättvik,2031,3.512,0.0011,0.3955,0.1621,303.2663347,57.53385382,Gh,0,0
518,16,,,0,0,alive,,G1-03,M,S,Furudal,Furudal_0001,6798942,1468323,2000,2001,G1-03,3.0247,0.16,1.09,85.10421109,5.36,Rättvik,2031,3.512,0.0011,0.3955,0.1621,303.2663347,57.53385382,Kop1,0.234375,0
519,16,,,,,alive,,D-04-13,F,S,Furudal,Furudal_0102,6794149,1469635,2001,2002,D-04-13,2.9602,0.17,1.12,81.44242424,5.4,Rättvik,2031,3.6,0.0007,0.2658,0.1716,297.4137267,58.52325537,Gh,0,0
520,16,,,0,0,alive,,G1-03,M,S,Furudal,Furudal_0102,6794149,1469635,2001,2002,G1-03,2.9602,0.17,1.12,81.44242424,5.4,Rättvik,2031,3.6,0.0007,0.2658,0.1716,297.4137267,58.52325537,Kop1,0.234375,0
521,17,,,,,alive,,D-04-13,F,S,Furudal,Furudal_0203,6800738,1471227,2002,2003,D-04-13,3.1763,0.17,1.12,87.06807512,5.56,Rättvik,2031,3.4793,0.0009,0.3295,0.1311,300.0340009,53.52175339,Gh,0,0
522,17,,,0,0,alive,,G1-03,M,S,Furudal,Furudal_0203,6800738,1471227,2002,2003,G1-03,3.1763,0.17,1.12,87.06807512,5.56,Rättvik,2031,3.4793,0.0009,0.3295,0.1311,300.0340009,53.52175339,Kop1,0.234375,0
523,22,,,,,alive,,D-04-13,F,S,Furudal,Furudal_0304,6781968,1472523,2003,2004,D-04-13,2.7914,0.16,1.09,83.61492537,5.49,Rättvik,2031,3.7,0.0016,0.5671,0.2576,298.7178795,61.60729586,Gh,0,1
524,22,,,0,0,alive,,G1-03,M,S,Furudal,Furudal_0304,6781968,1472523,2003,2004,G1-03,2.7914,0.16,1.09,83.61492537,5.49,Rättvik,2031,3.7,0.0016,0.5671,0.2576,298.7178795,61.60729586,Kop1,0.234375,1
525,28,,,,,other,legal,D-04-13,F,S,Furudal,Furudal_0405,6787748,1468038,2004,2005,D-04-13,2.7651,0.17,1.09,77.91044776,5.3,Rättvik,2031,3.5,0.0016,0.5949,0.1876,299.3113171,59.75486787,Gh,0,3
526,28,,1,1,1,disapp,,G1-03,M,S,Furudal,Furudal_0405,6787748,1468038,2004,2005,G1-03,2.7651,0.17,1.09,77.91044776,5.3,Rättvik,2031,3.5,0.0016,0.5949,0.1876,299.3113171,59.75486787,Kop1,0.234375,3
527,37,,,,,alive,,M-09-03,M,S,Galven,Galven_0708,6817649,1518691,2007,2008,M-09-03,3.4765,0.34,1.32,80.22380952,9.75,Ovanåker,2121,2.4,0.0014,0.5216,1.4534,206.7956936,84.55468076,SF,0,1
528,37,,,0,0,alive,,M-09-14,F,S,Galven,Galven_0708,6817649,1518691,2007,2008,M-09-14,3.4765,0.34,1.32,80.22380952,9.75,Ovanåker,2121,2.4,0.0014,0.5216,1.4534,206.7956936,84.55468076,Vox,0.29296899999999998,1
529,39,,,,,alive,,M-09-03,M,S,Galven,Galven_0809,6826916,1501737,2008,2009,M-09-03,3.9347,0.2,1.2,87.48258706,5.62,Ovanåker,2121,2.5,0.0023,0.8246,0.318,298.0162262,74.73962474,SF,0,1
530,39,,,0,0,alive,,M-09-14,F,S,Galven,Galven_0809,6826916,1501737,2008,2009,M-09-14,3.9347,0.2,1.2,87.48258706,5.62,Ovanåker,2121,2.5,0.0023,0.8246,0.318,298.0162262,74.73962474,Vox,0.29296899999999998,1
531,49,,,,,alive,,M-09-03,M,S,Galven,Galven_0910,6827013,1508760,2009,2010,M-09-03,4.0138,0.25,1.2,85.98989899,6.49,Ovanåker,2121,2.7,0.0029,1.0337,0.53,277.4758177,79.43125298,SF,0,0
532,49,,,0,0,alive,,M-09-14,F,S,Galven,Galven_0910,6827013,1508760,2009,2010,M-09-14,4.0138,0.25,1.2,85.98989899,6.49,Ovanåker,2121,2.7,0.0029,1.0337,0.53,277.4758177,79.43125298,Vox,0.29296899999999998,0
533,58,,,,,alive,,M-09-03,M,S,Galven,Galven_1011,6828428,1503474,2010,2011,M-09-03,3.9752,0.22,1.19,88.00704225,5.58,Ovanåker,2121,3,0.0035,1.2839,0.2731,294.2991338,75.47924828,SF,0,1
534,58,,1,1,1,disapp,,M-09-14,F,S,Galven,Galven_1011,6828428,1503474,2010,2011,M-09-14,3.9752,0.22,1.19,88.00704225,5.58,Ovanåker,2121,3,0.0035,1.2839,0.2731,294.2991338,75.47924828,Vox,0.29296899999999998,1
535,58,,,,,other,legal,D-11-20,F,S,Gårdsjö 1,Gårdsjö_1011,6630678,1360102,2010,2011,D-11-20,5.6097,0.36,1.18,81.98737374,18.84,Kil,1715,3.9,0,0.0159,1.0432,155.8306475,71.91541752,Fryk,NA,4
536,58,,,,2,censored,,G20-10,M,S,Gårdsjö 1,Gårdsjö_1011,6630678,1360102,2010,2011,G20-10,5.6097,0.36,1.18,81.98737374,18.84,Kil,1715,3.9,0,0.0159,1.0432,155.8306475,71.91541752,Jang4,0.42968800000000001,4
537,66,,,,,alive,,G121-13,M,S,Gårdsjö 3,Gårdsjö_1314,6635333,1362688,2013,2014,G121-13,5.7425,0.36,1.18,62.76666667,16.27,Kil,1715,3.4,0,0.0009,0.8619,165.9629536,76.12582801,Jang6,0.16552700000000001,6
538,66,,,,,alive,,G55-11,F,S,Gårdsjö 3,Gårdsjö_1314,6635333,1362688,2013,2014,G55-11,5.7425,0.36,1.18,62.76666667,16.27,Kil,1715,3.4,0,0.0009,0.8619,165.9629536,76.12582801,Bratt,0.27783200000000002,6
539,68,,,,,other,legal,G121-13,M,S,Gårdsjö 3,Gårdsjö_1415,6630852,1362946,2014,2015,G121-13,5.6165,0.37,1.17,76.52238806,20.44,Kil,1715,2.6,0,0.0073,0.8122,154.6288941,70.41427546,Jang6,0.16552700000000001,6
540,68,,,,,other,legal,G55-11,F,S,Gårdsjö 3,Gårdsjö_1415,6630852,1362946,2014,2015,G55-11,5.6165,0.37,1.17,76.52238806,20.44,Kil,1715,2.6,0,0.0073,0.8122,154.6288941,70.41427546,Bratt,0.27783200000000002,6
541,70,,1,1,1,disapp,,G113-15,M,S,Gårdsjö 5,Gårdsjö_1516,6628353,1361819,2015,2016,G113-15,5.5982,0.39,1.15,68.575,21.94,Kil,1715,1.9,0,0.0024,0.9285,150.5049917,68.92138735,Letj2,0.224609,6
542,70,,,,0,alive,,G77-14,F,S,Gårdsjö 5,Gårdsjö_1516,6628353,1361819,2015,2016,G77-14,5.5982,0.39,1.15,68.575,21.94,Kil,1715,1.9,0,0.0024,0.9285,150.5049917,68.92138735,Kin1,0.28747600000000001,6
543,74,,,,0,alive,,G6-12,M,S,Gårdsjö 6,Gårdsjö_1617,6615995,1368587,2016,2017,G6-12,5.0091,0.43,1.13,66.08072917,41.63,Kil,1715,1.8,0,0.0001,1.5108,121.170087,53.36031508,Kyn2,0,3
544,74,,,0,0,alive,,G77-14,F,S,Gårdsjö 6,Gårdsjö_1617,6615995,1368587,2016,2017,G77-14,5.0091,0.43,1.13,66.08072917,41.63,Kil,1715,1.8,0,0.0001,1.5108,121.170087,53.36031508,Kin1,0.28747600000000001,3
545,72,,,,0,alive,,G6-12,M,S,Gårdsjö 6,Gårdsjö_1718,6627473,1376925,2017,2018,G6-12,5.3801,0.35,1.19,83.515625,34,Kil,1715,2,0,0.0128,0.626,175.9026513,71.61947288,Kyn2,0,5
546,72,,,0,0,alive,,G77-14,F,S,Gårdsjö 6,Gårdsjö_1718,6627473,1376925,2017,2018,G77-14,5.3801,0.35,1.19,83.515625,34,Kil,1715,2,0,0.0128,0.626,175.9026513,71.61947288,Kin1,0.28747600000000001,5
547,68,,,,0,alive,,G6-12,M,S,Gårdsjö 6,Gårdsjö_1819,6622631,1372396,2018,2019,G6-12,5.3444,0.36,1.16,77,39.3,Kil,1715,2.3,0,0.0116,0.9249,151.8167662,68.39978531,Kyn2,0,6
548,68,,,0,0,alive,,G77-14,F,S,Gårdsjö 6,Gårdsjö_1819,6622631,1372396,2018,2019,G77-14,5.3444,0.36,1.16,77,39.3,Kil,1715,2.3,0,0.0116,0.9249,151.8167662,68.39978531,Kin1,0.28747600000000001,6
549,71,1,,,1,disapp,,G6-12,M,S,Gårdsjö 6,Gårdsjö_1920,6631637,1375042,2019,2020,G6-12,5.6858,0.33,1.18,52.18686869,28.23,Munkfors,1762,2.6,0,0.0019,0.3864,187.861902,71.51436028,Kyn2,0,3
550,71,1,1,1,1,disapp,,G77-14,F,S,Gårdsjö 6,Gårdsjö_1920,6631637,1375042,2019,2020,G77-14,5.6858,0.33,1.18,52.18686869,28.23,Munkfors,1762,2.6,0,0.0019,0.3864,187.861902,71.51436028,Kin1,0.28747600000000001,3
551,64,,1,1,1,disapp,,G29-11,M,S,Gårdsjö/Ullerud,Gårdsjö_1213,6629965.367,1366472.04,2012,2013,,5.5911,0.37,1.13,80.87064677,23.99,Munkfors,1762,4,0,0.0005,0.5463,159.0856,72.7554,Ack,0.30590800000000001,4
552,64,,,,,alive,,G55-11,F,S,Gårdsjö/Ullerud,Gårdsjö_1213,6629965.367,1366472.04,2012,2013,,5.5911,0.37,1.13,80.87064677,23.99,Munkfors,1762,4,0,0.0005,0.5463,159.0856,72.7554,Bratt,0.27783200000000002,4
554,58,,,,,alive,,G27-11,M,S,Gåsborn 1,Gåsborn_1011,6635866,1421967,2010,2011,G27-11,4.7685,0.31,1.2,83.17447917,7.05,Filipstad,1782,3.5465,0,0.0178,0.7835,243.8957228,46.06280175,Sil1,0.227051,4
555,58,,,0,0,alive,,G6-11,F,S,Gåsborn 1,Gåsborn_1011,6635866,1421967,2010,2011,G6-11,4.7685,0.31,1.2,83.17447917,7.05,Filipstad,1782,3.5465,0,0.0178,0.7835,243.8957228,46.06280175,Kyn2,0,4
556,60,,,,,alive,,G27-11,M,S,Gåsborn 1,Gåsborn_1112,6653812,1427840,2011,2012,G27-11,5.1434,0.3,1.09,76.72051282,10.47,Filipstad,1782,3.1586,0.0001,0.0326,0.2193,290.2850738,56.52776808,Sil1,0.227051,3
557,60,,1,1,1,disapp,,G6-11,F,S,Gåsborn 1,Gåsborn_1112,6653812,1427840,2011,2012,G6-11,5.1434,0.3,1.09,76.72051282,10.47,Filipstad,1782,3.1586,0.0001,0.0326,0.2193,290.2850738,56.52776808,Kyn2,0,3
558,64,,1,1,1,disapp,,G47-13,M,S,Gåsborn 2,Gåsborn_1213,6647099,1426042,2012,2013,G47-13,5.1402,0.29,1.17,81.91414141,8.55,Filipstad,1782,3.3098,0,0.0165,0.4031,268.5195366,47.92534406,Skul,0.25567600000000001,5
559,64,,,0,0,alive,,G49-12,F,S,Gåsborn 2,Gåsborn_1213,6647099,1426042,2012,2013,G49-12,5.1402,0.29,1.17,81.91414141,8.55,Filipstad,1782,3.3098,0,0.0165,0.4031,268.5195366,47.92534406,Gås,0.12667800000000001,5
560,66,,,,0,alive,,G11-13,M,S,Gåsborn 3,Gåsborn_1314,6654005,1428254,2013,2014,G11-13,5.1133,0.3,1.08,74.47814208,10.54,Filipstad,1782,2.7669,0.0002,0.0697,0.2195,291.1680614,56.90889511,Jang6,0.16552700000000001,5
561,66,,,0,0,alive,,G49-12,F,S,Gåsborn 3,Gåsborn_1314,6654005,1428254,2013,2014,G49-12,5.1133,0.3,1.08,74.47814208,10.54,Filipstad,1782,2.7669,0.0002,0.0697,0.2195,291.1680614,56.90889511,Gås,0.12667800000000001,5
562,68,,,,0,alive,,G11-13,M,S,Gåsborn 3,Gåsborn_1415,6648166,1428723,2014,2015,G11-13,5.0576,0.31,1.16,87.36923077,9.03,Filipstad,1782,2.5775,0.0001,0.0306,0.3583,270.2466437,50.36466338,Jang6,0.16552700000000001,5
563,68,,,0,0,alive,,G49-12,F,S,Gåsborn 3,Gåsborn_1415,6648166,1428723,2014,2015,G49-12,5.0576,0.31,1.16,87.36923077,9.03,Filipstad,1782,2.5775,0.0001,0.0306,0.3583,270.2466437,50.36466338,Gås,0.12667800000000001,5
564,70,,,,0,alive,,G11-13,M,S,Gåsborn 3,Gåsborn_1516,6650656,1422356,2015,2016,G11-13,5.2682,0.28,1.09,70.11764706,9.33,Filipstad,1782,2.1638,0.0001,0.0313,0.4045,280.2762209,49.38491497,Jang6,0.16552700000000001,5
565,70,,1,1,1,disapp,,G49-12,F,S,Gåsborn 3,Gåsborn_1516,6650656,1422356,2015,2016,G49-12,5.2682,0.28,1.09,70.11764706,9.33,Filipstad,1782,2.1638,0.0001,0.0313,0.4045,280.2762209,49.38491497,Gås,0.12667800000000001,5
566,74,,,,1,disapp,,G11-13,M,S,Gåsborn 4,Gåsborn_1617,6651939,1430057,2016,2017,G11-13,5.0186,0.28,1.1,79.61363636,10.31,Filipstad,1782,2.2286,0,0.0108,0.1887,284.6010762,56.69288895,Jang6,0.16552700000000001,5
567,74,,1,1,1,disapp,,G145-15,F,S,Gåsborn 4,Gåsborn_1617,6651939,1430057,2016,2017,G145-15,5.0186,0.28,1.1,79.61363636,10.31,Filipstad,1782,2.2286,0,0.0108,0.1887,284.6010762,56.69288895,Sku,0.15216099999999999,5
568,66,,,,,alive,,G124-13,F,S,Gåsmyren 1,Gåsmyren_1314,6672500,1499104,2013,2014,G124-13,4.2702,0.33,1.43,69.15422886,16.12,Norberg,1962,2.3204,0.0003,0.1107,2.2777,178.9018529,44.08263291,Tans,0.33898899999999998,1
569,66,,,0,0,alive,,G67-11,M,S,Gåsmyren 1,Gåsmyren_1314,6672500,1499104,2013,2014,G67-11,4.2702,0.33,1.43,69.15422886,16.12,Norberg,1962,2.3204,0.0003,0.1107,2.2777,178.9018529,44.08263291,Snd2,0.35199000000000003,1
570,68,,,,,alive,,G124-13,F,S,Gåsmyren 1,Gåsmyren_1415,6671747,1499256,2014,2015,G124-13,4.2564,0.33,1.43,79.42424242,16.43,Norberg,1962,2.264,0.0003,0.1213,2.2887,177.6338076,43.92595153,Tans,0.33898899999999998,0
571,68,,,0,0,alive,,G67-11,M,S,Gåsmyren 1,Gåsmyren_1415,6671747,1499256,2014,2015,G67-11,4.2564,0.33,1.43,79.42424242,16.43,Norberg,1962,2.264,0.0003,0.1213,2.2887,177.6338076,43.92595153,Snd2,0.35199000000000003,0
572,70,,,,,alive,,G124-13,F,S,Gåsmyren 1,Gåsmyren_1516,6675065,1498163,2015,2016,G124-13,4.3604,0.34,1.43,61.384375,16.01,Norberg,1962,2.3235,0.0005,0.1631,2.0963,182.4988788,44.58877922,Tans,0.33898899999999998,2
573,70,,,0,0,alive,,G67-11,M,S,Gåsmyren 1,Gåsmyren_1516,6675065,1498163,2015,2016,G67-11,4.3604,0.34,1.43,61.384375,16.01,Norberg,1962,2.3235,0.0005,0.1631,2.0963,182.4988788,44.58877922,Snd2,0.35199000000000003,2
574,74,,,,,alive,,G124-13,F,S,Gåsmyren 1,Gåsmyren_1617,6672257,1495376,2016,2017,G124-13,4.4357,0.3,1.42,72.53431373,15.48,Norberg,1962,2.225,0.0002,0.0829,1.8708,184.2541042,44.56995311,Tans,0.33898899999999998,2
575,74,,,0,0,alive,,G67-11,M,S,Gåsmyren 1,Gåsmyren_1617,6672257,1495376,2016,2017,G67-11,4.4357,0.3,1.42,72.53431373,15.48,Norberg,1962,2.225,0.0002,0.0829,1.8708,184.2541042,44.56995311,Snd2,0.35199000000000003,2
576,72,,,,,alive,,G124-13,F,S,Gåsmyren 1,Gåsmyren_1718,6666072,1496528,2017,2018,G124-13,4.3142,0.34,1.4,82.9609375,17.43,Norberg,1962,2.2839,0.0002,0.0874,1.803,176.9794284,41.80197999,Tans,0.33898899999999998,3
577,72,,1,1,1,disapp,,G67-11,M,S,Gåsmyren 1,Gåsmyren_1718,6666072,1496528,2017,2018,G67-11,4.3142,0.34,1.4,82.9609375,17.43,Norberg,1962,2.2839,0.0002,0.0874,1.803,176.9794284,41.80197999,Snd2,0.35199000000000003,3
578,68,,,,,alive,,G124-13,F,S,Gåsmyren 2,Gåsmyren_1819,6673322,1489120,2018,2019,G124-13,4.6074,0.24,1.41,82.58208955,14.29,Norberg,1962,2.4274,0.0003,0.1205,1.3382,196.6145026,47.98085772,Tans,0.33898899999999998,1
579,68,,,,0,alive,,G168-17,M,S,Gåsmyren 2,Gåsmyren_1819,6673322,1489120,2018,2019,G168-17,4.6074,0.24,1.41,82.58208955,14.29,Norberg,1962,2.4274,0.0003,0.1205,1.3382,196.6145026,47.98085772,Glm2,0.400426,1
580,71,,,,,alive,,G124-13,F,S,Gåsmyren 2,Gåsmyren_1920,6674071,1488741,2019,2020,G124-13,4.6307,0.24,1.42,61.18717949,14.37,Norberg,1962,2.447,0.0003,0.124,1.3611,198.0209167,48.30352065,Tans,0.33898899999999998,2
581,71,,,,0,alive,,G168-17,M,S,Gåsmyren 2,Gåsmyren_1920,6674071,1488741,2019,2020,G168-17,4.6307,0.24,1.42,61.18717949,14.37,Norberg,1962,2.447,0.0003,0.124,1.3611,198.0209167,48.30352065,Glm2,0.400426,2
582,75,,,,,alive,,G124-13,F,S,Gåsmyren 2,Gåsmyren_2021,6671630,1490237,2020,2021,,4.5311,0.26,1.41,70.98813069,14.21,Norberg,1962,2.519,0.0003,0.0923,1.2574,193.4819391,47.00256997,Tans,0.33898899999999998,1
583,75,,,,0,alive,,G168-17,M,S,Gåsmyren 2,Gåsmyren_2021,6671630,1490237,2020,2021,,4.5311,0.26,1.41,70.98813069,14.21,Norberg,1962,2.519,0.0003,0.0923,1.2574,193.4819391,47.00256997,Glm2,0.400426,1
584,83,,,,,alive,,G124-13,F,S,Gåsmyren 2,Gåsmyren_2122,6673524.751,1497571.098,2021,2022,,4.3593,0.34,1.43,76.5199005,15.91,Norberg,1962,2.271,0.0002,0.0671,2.1176,181.4772001,44.18412524,Tans,0.33898899999999998,2
585,83,,,,0,alive,,G168-17,M,S,Gåsmyren 2,Gåsmyren_2122,6673524.751,1497571.098,2021,2022,,4.3593,0.34,1.43,76.5199005,15.91,Norberg,1962,2.271,0.0002,0.0671,2.1176,181.4772001,44.18412524,Glm2,0.400426,2
586,85,,,,,other,natural,G124-13,F,S,Gåsmyren 2,Gåsmyren_2223,6673227,1492018,2022,2023,,4.5502,0.25,1.42,85.08787879,14.58,Norberg,1962,1.9135,0.0004,0.1295,1.4764,191.515476,45.47654784,Tans,0.33898899999999998,4
587,85,,,,2,censored,,G168-17,M,S,Gåsmyren 2,Gåsmyren_2223,6673227,1492018,2022,2023,,4.5502,0.25,1.42,85.08787879,14.58,Norberg,1962,1.9135,0.0004,0.1295,1.4764,191.515476,45.47654784,Glm2,0.400426,4
588,49,,,,0,alive,,G21-07,M,S,Gimmen 1,Gimmen_0910,6724332,1472629,2009,2010,G21-07,4.1931,0.44,1.47,82.53787879,29.39,Gagnef,2026,2.3,0.0011,0.3801,3.1672,227.8386305,66.77971085,Sil1,0.227051,2
589,49,,,0,0,alive,,G54-10,F,S,Gimmen 1,Gimmen_0910,6724332,1472629,2009,2010,G54-10,4.1931,0.44,1.47,82.53787879,29.39,Gagnef,2026,2.3,0.0011,0.3801,3.1672,227.8386305,66.77971085,Sil1,0.227051,2
590,58,,,,0,alive,,G21-07,M,S,Gimmen 1,Gimmen_1011,6726097,1471699,2010,2011,G21-07,4.2502,0.41,1.43,86.2020202,26.68,Gagnef,2026,2.3,0.0011,0.3957,2.9051,233.0691681,67.54793464,Sil1,0.227051,2
591,58,,,0,0,alive,,G54-10,F,S,Gimmen 1,Gimmen_1011,6726097,1471699,2010,2011,G54-10,4.2502,0.41,1.43,86.2020202,26.68,Gagnef,2026,2.3,0.0011,0.3957,2.9051,233.0691681,67.54793464,Sil1,0.227051,2
592,60,1,,,1,disapp,,G21-07,M,S,Gimmen 1,Gimmen_1112,6739269,1466010,2011,2012,G21-07,3.8391,0.42,1.21,78.23989899,12.31,Gagnef,2026,2.3,0.0015,0.5354,2.6549,259.3621214,74.6817499,Sil1,0.227051,5
593,60,1,1,1,1,disapp,,G54-10,F,S,Gimmen 1,Gimmen_1112,6739269,1466010,2011,2012,G54-10,3.8391,0.42,1.21,78.23989899,12.31,Gagnef,2026,2.3,0.0015,0.5354,2.6549,259.3621214,74.6817499,Sil1,0.227051,5
594,66,,1,1,1,disapp,,G100-13,M,S,Gimmen 2,Gimmen_1314,6723794,1472627,2013,2014,G100-13,4.1949,0.44,1.48,71.56716418,30.84,Gagnef,2026,2.2,0.0016,0.5642,3.2512,226.7525303,66.37022711,Lång4,0.26416000000000001,1
595,66,,,,0,alive,,G85-13,F,S,Gimmen 2,Gimmen_1314,6723794,1472627,2013,2014,G85-13,4.1949,0.44,1.48,71.56716418,30.84,Gagnef,2026,2.2,0.0016,0.5642,3.2512,226.7525303,66.37022711,Gim,0.41039999999999999,1
596,68,,,,0,alive,,G37-10,M,S,Gimmen 3,Gimmen_1415,6723740,1471724,2014,2015,G37-10,4.2602,0.41,1.46,78.24879227,30.36,Gagnef,2026,2.2,0.0017,0.6182,3.1809,229.4478876,65.93743646,Gal,0,2
597,68,,,0,0,alive,,G85-13,F,S,Gimmen 3,Gimmen_1415,6723740,1471724,2014,2015,G85-13,4.2602,0.41,1.46,78.24879227,30.36,Gagnef,2026,2.2,0.0017,0.6182,3.1809,229.4478876,65.93743646,Gim,0.41039999999999999,2
598,70,1,,,1,disapp,,G37-10,M,S,Gimmen 3,Gimmen_1516,6723740,1471724,2015,2016,G37-10,4.2602,0.41,1.46,67.23478261,30.47,Gagnef,2026,2.3,0.002,0.7241,3.1809,229.4478876,65.93743646,Gal,0,1
599,70,1,1,1,1,disapp,,G85-13,F,S,Gimmen 3,Gimmen_1516,6723740,1471724,2015,2016,G85-13,4.2602,0.41,1.46,67.23478261,30.47,Gagnef,2026,2.3,0.002,0.7241,3.1809,229.4478876,65.93743646,Gim,0.41039999999999999,1
600,74,,,,0,alive,,G86-17,M,S,Gimmen 4,Gimmen_1617,6724288,1473571,2016,2017,G86-17,4.1283,0.45,1.49,77.12189055,31.71,Gagnef,2026,2.2,0.0013,0.4853,3.2323,224.7909071,66.66727192,Bjås3,6.7336999999999994E-2,3
601,74,,,0,0,alive,,G93-16,F,S,Gimmen 4,Gimmen_1617,6724288,1473571,2016,2017,G93-16,4.1283,0.45,1.49,77.12189055,31.71,Gagnef,2026,2.2,0.0013,0.4853,3.2323,224.7909071,66.66727192,Gim3,0.14105200000000001,3
602,72,,,,0,alive,,G86-17,M,S,Gimmen 4,Gimmen_1718,6720140,1472811,2017,2018,G86-17,4.1108,0.49,1.54,80.25,38.03,Gagnef,2026,2.4,0.0013,0.4702,3.6722,219.1713654,65.26303317,Bjås3,6.7336999999999994E-2,1
603,72,,1,1,1,disapp,,G93-16,F,S,Gimmen 4,Gimmen_1718,6720140,1472811,2017,2018,G93-16,4.1108,0.49,1.54,80.25,38.03,Gagnef,2026,2.4,0.0013,0.4702,3.6722,219.1713654,65.26303317,Gim3,0.14105200000000001,1
604,71,,,,0,alive,,G48-17,F,S,Gimmen 5,Gimmen_1920,6722843,1469134,2019,2020,,4.3853,0.41,1.43,59.97014925,30.46,Gagnef,2026,2.5,0.0015,0.5416,3.0343,234.0278671,64.10220974,Gås3,0.20716100000000001,1
605,71,,,,0,alive,,G86-17,M,S,Gimmen 5,Gimmen_1920,6722843,1469134,2019,2020,,4.3853,0.41,1.43,59.97014925,30.46,Gagnef,2026,2.5,0.0015,0.5416,3.0343,234.0278671,64.10220974,Bjås3,6.7336999999999994E-2,1
606,75,,,0,0,alive,,G48-17,F,S,Gimmen 5,Gimmen_2021,6722843,1469134,2020,2021,,4.3853,0.41,1.43,68.49440299,30.43,Gagnef,2026,2.6,0.0013,0.4628,3.0343,234.0278671,64.10220974,Gås3,0.20716100000000001,1
607,75,,,,0,alive,,G86-17,M,S,Gimmen 5,Gimmen_2021,6722843,1469134,2020,2021,,4.3853,0.41,1.43,68.49440299,30.43,Gagnef,2026,2.6,0.0013,0.4628,3.0343,234.0278671,64.10220974,Bjås3,6.7336999999999994E-2,1
608,83,,,0,0,alive,,G48-17,F,S,Gimmen 5,Gimmen_2122,6723658.164,1468579.527,2021,2022,,4.3795,0.4,1.43,80.31884058,28.88,Gagnef,2026,2.4,0.0017,0.6152,2.9185,235.7981295,64.55460383,Gås3,0.20716100000000001,0
609,83,,,,0,alive,,G86-17,M,S,Gimmen 5,Gimmen_2122,6723658.164,1468579.527,2021,2022,,4.3795,0.4,1.43,80.31884058,28.88,Gagnef,2026,2.4,0.0017,0.6152,2.9185,235.7981295,64.55460383,Bjås3,6.7336999999999994E-2,0
610,85,,,2,2,censored,,G48-17,F,S,Gimmen 5,Gimmen_2223,6723651,1471206,2022,2023,,4.3015,0.41,1.46,90.49565217,31.27,Gagnef,2026,2,0.0016,0.5916,3.1479,230.7925108,65.57144976,Gås3,0.20716100000000001,1
611,85,,,,2,censored,,G86-17,M,S,Gimmen 5,Gimmen_2223,6723651,1471206,2022,2023,,4.3015,0.41,1.46,90.49565217,31.27,Gagnef,2026,2,0.0016,0.5916,3.1479,230.7925108,65.57144976,Bjås3,6.7336999999999994E-2,1
612,68,,,0,0,alive,,G61-14,M,S,Glamsen 1,Glamsen_1415,6721559,1583307,2014,2015,G61-14,0.5052,0.3,1.3,70.87272727,38.83,Älvkarleby,319,2.9797,0.0004,0.1406,3.1026,26.19454573,21.49694271,Lok3,0.222382,0
613,68,,,,0,alive,,G66-12,F,S,Glamsen 1,Glamsen_1415,6721559,1583307,2014,2015,G66-12,0.5052,0.3,1.3,70.87272727,38.83,Älvkarleby,319,2.9797,0.0004,0.1406,3.1026,26.19454573,21.49694271,Ria,0.13885500000000001,0
614,70,,,0,0,alive,,G61-14,M,S,Glamsen 1,Glamsen_1516,6716798,1583443,2015,2016,G61-14,0.5045,0.32,1.35,66.02666667,38.92,Älvkarleby,319,2.9548,0.0005,0.187,2.5577,32.02299756,22.39519052,Lok3,0.222382,0
615,70,,,,0,alive,,G66-12,F,S,Glamsen 1,Glamsen_1516,6716798,1583443,2015,2016,G66-12,0.5045,0.32,1.35,66.02666667,38.92,Älvkarleby,319,2.9548,0.0005,0.187,2.5577,32.02299756,22.39519052,Ria,0.13885500000000001,0
616,74,,1,1,1,disapp,,G61-14,M,S,Glamsen 1,Glamsen_1617,6718987,1584287,2016,2017,G61-14,0.4941,0.32,1.3,67.70689655,37.63,Älvkarleby,319,2.9,0.0003,0.0955,2.7212,27.75661677,21.84696169,Lok3,0.222382,0
617,74,,,,0,alive,,G66-12,F,S,Glamsen 1,Glamsen_1617,6718987,1584287,2016,2017,G66-12,0.4941,0.32,1.3,67.70689655,37.63,Älvkarleby,319,2.9,0.0003,0.0955,2.7212,27.75661677,21.84696169,Ria,0.13885500000000001,0
618,72,,0,0,0,alive,,G12-16,M,S,Glamsen 2,Glamsen_1718,6717898,1582209,2017,2018,G12-16,0.5231,0.33,1.4,78.74043716,41.79,Älvkarleby,319,2.9428,0.0006,0.209,2.8087,32.58018129,22.70645624,Glm1,0.23142399999999999,0
619,72,,,,0,alive,,G66-12,F,S,Glamsen 2,Glamsen_1718,6717898,1582209,2017,2018,G66-12,0.5231,0.33,1.4,78.74043716,41.79,Älvkarleby,319,2.9428,0.0006,0.209,2.8087,32.58018129,22.70645624,Ria,0.13885500000000001,0
620,68,,1,1,1,disapp,,G12-16,M,S,Glamsen 2,Glamsen_1819,6721555,1585151,2018,2019,G12-16,0.476,0.29,1.24,79.13207547,36.03,Älvkarleby,319,2.9094,0.0007,0.2627,2.9267,23.29283814,20.63118435,Glm1,0.23142399999999999,0
621,68,,,,2,censored,,G66-12,F,S,Glamsen 2,Glamsen_1819,6721555,1585151,2018,2019,G66-12,0.476,0.29,1.24,79.13207547,36.03,Älvkarleby,319,2.9094,0.0007,0.2627,2.9267,23.29283814,20.63118435,Ria,0.13885500000000001,0
622,13,,,0,0,alive,,G1-02,M,S,Glaskogen 1,Glaskogen_9900,6590610,1312488,1999,2000,G1-02,5.358,0.26,1.09,79.62318882,12.14,Årjäng,1765,5.7,0,0,0.1122,176.4161932,58.12944321,Fre,0.125,0
623,13,,,,0,alive,,M-02-12,F,S,Glaskogen 1,Glaskogen_9900,6590610,1312488,1999,2000,M-02-12,5.358,0.26,1.09,79.62318882,12.14,Årjäng,1765,5.7,0,0,0.1122,176.4161932,58.12944321,Årj,0.234375,0
624,16,,,0,0,alive,,G1-02,M,S,Glaskogen 1,Glaskogen_0001,6594757,1312211,2000,2001,G1-02,5.1239,0.22,1,80.03725962,12.44,Årjäng,1765,5.7,0,0,0.1758,179.0496507,63.43779447,Fre,0.125,0
625,16,,,,0,alive,,M-02-12,F,S,Glaskogen 1,Glaskogen_0001,6594757,1312211,2000,2001,M-02-12,5.1239,0.22,1,80.03725962,12.44,Årjäng,1765,5.7,0,0,0.1758,179.0496507,63.43779447,Årj,0.234375,0
626,16,,1,1,1,disapp,,G1-02,M,S,Glaskogen 1,Glaskogen_0102,6579506,1309681,2001,2002,G1-02,5.537,0.28,1.22,66.51147541,10.89,Bengtsfors,1460,5.334,0,0,0.0955,168.5392064,52.30823833,Fre,0.125,0
627,16,,,,2,censored,,M-02-12,F,S,Glaskogen 1,Glaskogen_0102,6579506,1309681,2001,2002,M-02-12,5.537,0.28,1.22,66.51147541,10.89,Bengtsfors,1460,5.334,0,0,0.0955,168.5392064,52.30823833,Årj,0.234375,0
628,39,,,,0,alive,,G26-09,M,S,Glaskogen 2,Glaskogen_0809,6594196,1308553,2008,2009,G26-09,5.227,0.22,1.09,83.55555556,11.34,Årjäng,1765,3.2,0,0,0.1552,191.5077108,54.28608949,Ack,0.30590800000000001,0
629,39,,,0,0,alive,,G7-09,F,S,Glaskogen 2,Glaskogen_0809,6594196,1308553,2008,2009,G7-09,5.227,0.22,1.09,83.55555556,11.34,Årjäng,1765,3.2,0,0,0.1552,191.5077108,54.28608949,Eds,0.27050800000000003,0
630,49,,,,0,alive,,G26-09,M,S,Glaskogen 2,Glaskogen_0910,6596357,1306755,2009,2010,G26-09,5.1363,0.22,1.06,86.68817204,11.06,Eda,1730,3.6,0,0,0.2819,195.0022199,54.50430648,Ack,0.30590800000000001,0
631,49,,,0,0,alive,,G7-09,F,S,Glaskogen 2,Glaskogen_0910,6596357,1306755,2009,2010,G7-09,5.1363,0.22,1.06,86.68817204,11.06,Eda,1730,3.6,0,0,0.2819,195.0022199,54.50430648,Eds,0.27050800000000003,0
632,58,1,,,1,disapp,,G26-09,M,S,Glaskogen 2,Glaskogen_1011,6603038,1299592,2010,2011,G26-09,5.0393,0.23,1.06,82.2421875,9.88,Eda,1730,3.9,0,0.0001,0.4725,205.3208838,49.15239922,Ack,0.30590800000000001,1
633,58,1,1,1,1,disapp,,G7-09,F,S,Glaskogen 2,Glaskogen_1011,6603038,1299592,2010,2011,G7-09,5.0393,0.23,1.06,82.2421875,9.88,Eda,1730,3.9,0,0.0001,0.4725,205.3208838,49.15239922,Eds,0.27050800000000003,1
634,60,,,0,0,alive,,G27-12,M,S,Glaskogen 3,Glaskogen_1112,6601629,1299314,2011,2012,G27-12,5.0218,0.24,1.06,71.64583333,9.68,Eda,1730,3.8,0,0.0001,0.4321,203.6420065,48.58145968,Ful1,0.261963,1
635,60,,,,,alive,,G56-11,F,S,Glaskogen 3,Glaskogen_1112,6601629,1299314,2011,2012,G56-11,5.0218,0.24,1.06,71.64583333,9.68,Eda,1730,3.8,0,0.0001,0.4321,203.6420065,48.58145968,Gla2,0.29718,1
636,64,,,0,0,alive,,G27-12,M,S,Glaskogen 3,Glaskogen_1213,6594276,1302120,2012,2013,G27-12,5.0612,0.24,1.07,84.5,9.6,Bengtsfors,1460,4,0,0,0.4195,199.6162283,47.18355005,Ful1,0.261963,1
637,64,,,,,alive,,G56-11,F,S,Glaskogen 3,Glaskogen_1213,6594276,1302120,2012,2013,G56-11,5.0612,0.24,1.07,84.5,9.6,Bengtsfors,1460,4,0,0,0.4195,199.6162283,47.18355005,Gla2,0.29718,1
638,66,,,0,0,alive,,G27-12,M,S,Glaskogen 3,Glaskogen_1314,6598587,1311483,2013,2014,G27-12,4.9846,0.19,0.98,66.59031911,12.54,Eda,1730,3.4,0,0,0.4439,181.2811373,68.11364378,Ful1,0.261963,0
639,66,,,,,alive,,G56-11,F,S,Glaskogen 3,Glaskogen_1314,6598587,1311483,2013,2014,G56-11,4.9846,0.19,0.98,66.59031911,12.54,Eda,1730,3.4,0,0,0.4439,181.2811373,68.11364378,Gla2,0.29718,0
640,68,,,0,0,alive,,G27-12,M,S,Glaskogen 3,Glaskogen_1415,6597349,1304941,2014,2015,G27-12,5.0841,0.23,1.05,72.60846561,10.64,Eda,1730,2.6,0,0,0.3892,197.4545241,52.29537797,Ful1,0.261963,1
641,68,,,,,alive,,G56-11,F,S,Glaskogen 3,Glaskogen_1415,6597349,1304941,2014,2015,G56-11,5.0841,0.23,1.05,72.60846561,10.64,Eda,1730,2.6,0,0,0.3892,197.4545241,52.29537797,Gla2,0.29718,1
642,70,,,0,0,alive,,G27-12,M,S,Glaskogen 3,Glaskogen_1516,6601690,1306078,2015,2016,G27-12,4.901,0.21,1.02,71.53650794,11.46,Eda,1730,1.9,0,0.0006,0.5961,193.0584216,62.72215842,Ful1,0.261963,1
643,70,,,,,alive,,G56-11,F,S,Glaskogen 3,Glaskogen_1516,6601690,1306078,2015,2016,G56-11,4.901,0.21,1.02,71.53650794,11.46,Eda,1730,1.9,0,0.0006,0.5961,193.0584216,62.72215842,Gla2,0.29718,1
644,74,,1,1,1,disapp,,G27-12,M,S,Glaskogen 3,Glaskogen_1617,6605696,1306183,2016,2017,G27-12,4.9295,0.2,1.04,67.75757576,12.09,Eda,1730,1.8,0,0,0.763,188.6249867,69.27353826,Ful1,0.261963,1
645,74,,,,,alive,,G56-11,F,S,Glaskogen 3,Glaskogen_1617,6605696,1306183,2016,2017,G56-11,4.9295,0.2,1.04,67.75757576,12.09,Eda,1730,1.8,0,0,0.763,188.6249867,69.27353826,Gla2,0.29718,1
646,72,,,,0,alive,,G13-16,M,S,Glaskogen 4,Glaskogen_1718,6600182,1302331,2017,2018,G13-16,5.0108,0.23,1.07,84.03233831,10.38,Eda,1730,2,0,0,0.4778,200.624706,50.60441797,B,0.205933,5
647,72,,,,,alive,,G56-11,F,S,Glaskogen 4,Glaskogen_1718,6600182,1302331,2017,2018,G56-11,5.0108,0.23,1.07,84.03233831,10.38,Eda,1730,2,0,0,0.4778,200.624706,50.60441797,Gla2,0.29718,5
648,68,,,,0,alive,,G13-16,M,S,Glaskogen 4,Glaskogen_1819,6605254,1298489,2018,2019,G13-16,5.1018,0.22,1.07,77.26767677,10.05,Eda,1730,2.3,0,0,0.4744,209.1526527,49.1035941,B,0.205933,3
649,68,,,,,other,natural,G56-11,F,S,Glaskogen 4,Glaskogen_1819,6605254,1298489,2018,2019,G56-11,5.1018,0.22,1.07,77.26767677,10.05,Eda,1730,2.3,0,0,0.4744,209.1526527,49.1035941,Gla2,0.29718,3
650,71,,1,1,1,disapp,,G13-16,M,S,Glaskogen 5,Glaskogen_1920,6610387,1298254,2019,2020,G13-16,5.1513,0.22,1.07,54.1025641,10.59,Eda,1730,2.6,0,0.002,0.4593,207.681931,57.33174802,B,0.205933,5
651,71,,,,0,alive,,G250-17,F,S,Glaskogen 5,Glaskogen_1920,6610387,1298254,2019,2020,G250-17,5.1513,0.22,1.07,54.1025641,10.59,Eda,1730,2.6,0,0.002,0.4593,207.681931,57.33174802,Mgr1,0.20694899999999999,5
652,75,,,0,0,alive,,G250-17,F,S,Glaskogen 6,Glaskogen_2021,6604331,1299755,2020,2021,,5.0828,0.22,1.08,67.63107639,10.21,Eda,1730,2.9,0,0,0.5132,206.5628825,50.20531845,Mgr1,0.20694899999999999,4
653,75,,,,0,alive,,G79-19,M,S,Glaskogen 6,Glaskogen_2021,6604331,1299755,2020,2021,,5.0828,0.22,1.08,67.63107639,10.21,Eda,1730,2.9,0,0,0.5132,206.5628825,50.20531845,Sot1,0.25901299999999999,4
654,83,,,0,0,alive,,G250-17,F,S,Glaskogen 6,Glaskogen_2122,6601926.003,1301766.279,2021,2022,,5.0208,0.23,1.08,66.24338624,10.41,Eda,1730,2.7,0,0,0.5392,201.8365488,51.29432049,Mgr1,0.20694899999999999,3
655,83,,,,0,alive,,G79-19,M,S,Glaskogen 6,Glaskogen_2122,6601926.003,1301766.279,2021,2022,,5.0208,0.23,1.08,66.24338624,10.41,Eda,1730,2.7,0,0,0.5392,201.8365488,51.29432049,Sot1,0.25901299999999999,3
656,85,,,2,2,censored,,G250-17,F,S,Glaskogen 6,Glaskogen_2223,6604284,1297624,2022,2023,,5.0896,0.23,1.07,78.096875,9.62,Eda,1730,2.4,0,0,0.4284,208.1865456,48.37579133,Mgr1,0.20694899999999999,4
657,85,,,,2,censored,,G79-19,M,S,Glaskogen 6,Glaskogen_2223,6604284,1297624,2022,2023,,5.0896,0.23,1.07,78.096875,9.62,Eda,1730,2.4,0,0,0.4284,208.1865456,48.37579133,Sot1,0.25901299999999999,4
658,60,,,0,0,alive,,G77-11,F,S,Göra 1,Göra_1112,6796717,1352028,2011,2012,G77-11,5.1832,0.25,0.7,82.39761905,2.43,Malung-Sälen,2023,2.354,0.001,0.378,1.5227,557.1180076,135.3585527,Ful1,0.261963,1
659,60,,,,0,alive,,G114-11,M,S,Göra 1,Göra_1112,6796717,1352028,2011,2012,G114-11,5.1832,0.25,0.7,82.39761905,2.43,Malung-Sälen,2023,2.354,0.001,0.378,1.5227,557.1180076,135.3585527,Snd2,0.35199000000000003,1
660,64,1,1,1,1,disapp,,G77-11,F,S,Göra 1,Göra_1213,6795441,1351825,2012,2013,G77-11,5.2548,0.25,0.7,88.36519608,2.37,Malung-Sälen,2023,1.977,0.001,0.3751,1.5711,560.1751672,135.2895572,Ful1,0.261963,0
661,64,1,,,1,disapp,confirmed_illegal,G114-11,M,S,Göra 1,Göra_1213,6795441,1351825,2012,2013,G114-11,5.2548,0.25,0.7,88.36519608,2.37,Malung-Sälen,2023,1.977,0.001,0.3751,1.5711,560.1751672,135.2895572,Snd2,0.35199000000000003,0
662,68,,,,0,alive,,G57-16,F,S,Göra 2,Göra_1415,6797248,1355745,2014,2015,G57-16,4.8234,0.26,0.65,88.15441176,2.24,Malung-Sälen,2023,2.202,0.0013,0.4764,1.6506,549.2429893,136.273833,Lok3,0.222382,1
663,68,,1,1,1,disapp,,G97-14,M,S,Göra 2,Göra_1415,6797248,1355745,2014,2015,G97-14,4.8234,0.26,0.65,88.15441176,2.24,Malung-Sälen,2023,2.202,0.0013,0.4764,1.6506,549.2429893,136.273833,Göra,0.29641699999999999,1
664,70,,1,1,1,disapp,,G57-16,F,S,Göra 3,Göra_1516,6801281,1352586,2015,2016,G57-16,4.9655,0.26,0.71,73.51764706,2.29,Malung-Sälen,2023,2.262,0.0011,0.4063,1.2647,546.7223494,133.0522151,Lok3,0.222382,0
665,70,,,,2,censored,,G58-16,M,S,Göra 3,Göra_1516,6801281,1352586,2015,2016,G58-16,4.9655,0.26,0.71,73.51764706,2.29,Malung-Sälen,2023,2.262,0.0011,0.4063,1.2647,546.7223494,133.0522151,Köl2,0.31961099999999998,0
666,31,,,0,0,alive,,G31-06,F,S,Görsjön,Görsjön_0607,6737541,1418675,2006,2007,G31-06,4.3884,0.17,1.14,85.83830846,7.5,Vansbro,2021,2.8,0.0006,0.2282,0.2167,338.912886,62.03039798,Dju1,0.23535200000000001,0
667,31,,,,0,alive,,M-06-03,M,S,Görsjön,Görsjön_0607,6737541,1418675,2006,2007,M-06-03,4.3884,0.17,1.14,85.83830846,7.5,Vansbro,2021,2.8,0.0006,0.2282,0.2167,338.912886,62.03039798,Utt,0.30224600000000001,0
668,37,,,0,0,alive,,G31-06,F,S,Görsjön,Görsjön_0708,6738942,1421230,2007,2008,G31-06,4.5369,0.19,1.17,81.6025641,7.86,Vansbro,2021,2.6,0.001,0.3772,0.3402,331.3113236,66.56456751,Dju1,0.23535200000000001,1
669,37,,,,0,alive,,M-06-03,M,S,Görsjön,Görsjön_0708,6738942,1421230,2007,2008,M-06-03,4.5369,0.19,1.17,81.6025641,7.86,Vansbro,2021,2.6,0.001,0.3772,0.3402,331.3113236,66.56456751,Utt,0.30224600000000001,1
670,39,,,0,0,alive,,G31-06,F,S,Görsjön,Görsjön_0809,6738717,1419407,2008,2009,G31-06,4.4743,0.17,1.15,85.45641026,7.6,Vansbro,2021,2.4,0.0009,0.3167,0.2594,336.7257081,63.55336484,Dju1,0.23535200000000001,1
671,39,,,,0,alive,,M-06-03,M,S,Görsjön,Görsjön_0809,6738717,1419407,2008,2009,M-06-03,4.4743,0.17,1.15,85.45641026,7.6,Vansbro,2021,2.4,0.0009,0.3167,0.2594,336.7257081,63.55336484,Utt,0.30224600000000001,1
672,49,,,0,0,alive,,G31-06,F,S,Görsjön,Görsjön_0910,6740207,1420120,2009,2010,G31-06,4.5226,0.18,1.18,83.83816425,7.68,Vansbro,2021,2.3,0.0011,0.3951,0.3623,333.2879048,66.06456338,Dju1,0.23535200000000001,1
673,49,,,,0,alive,,M-06-03,M,S,Görsjön,Görsjön_0910,6740207,1420120,2009,2010,M-06-03,4.5226,0.18,1.18,83.83816425,7.68,Vansbro,2021,2.3,0.0011,0.3951,0.3623,333.2879048,66.06456338,Utt,0.30224600000000001,1
674,58,,,0,0,alive,,G31-06,F,S,Görsjön,Görsjön_1011,6737632,1416609,2010,2011,G31-06,4.2206,0.17,1.13,84.83585859,7.1,Vansbro,2021,2.3,0.001,0.3672,0.1146,342.9261631,60.26676144,Dju1,0.23535200000000001,1
675,58,,,,0,alive,,M-06-03,M,S,Görsjön,Görsjön_1011,6737632,1416609,2010,2011,M-06-03,4.2206,0.17,1.13,84.83585859,7.1,Vansbro,2021,2.3,0.001,0.3672,0.1146,342.9261631,60.26676144,Utt,0.30224600000000001,1
676,60,1,1,1,1,disapp,,G31-06,F,S,Görsjön,Görsjön_1112,6739822,1416829,2011,2012,G31-06,4.3561,0.17,1.15,80.28502415,7.18,Vansbro,2021,2.3,0.0011,0.3867,0.1988,342.0699613,60.92007385,Dju1,0.23535200000000001,2
677,60,1,,,1,disapp,,M-06-03,M,S,Görsjön,Görsjön_1112,6739822,1416829,2011,2012,M-06-03,4.3561,0.17,1.15,80.28502415,7.18,Vansbro,2021,2.3,0.0011,0.3867,0.1988,342.0699613,60.92007385,Utt,0.30224600000000001,2
678,16,,,,,alive,,M-01-09,M,N,Gråfjell,Gråfjell_0001,6837459,1260708,2000,2001,M-01-09,7.7615,0.15,0.73,87.52222222,0.88,Åmot,429,2.4612,0,0.018,0.2012,628.40067,194.6095209,Hag2,0.125,1
679,16,,,,,alive,,M-01-10,F,N,Gråfjell,Gråfjell_0001,6837459,1260708,2000,2001,M-01-10,7.7615,0.15,0.73,87.52222222,0.88,Åmot,429,2.4612,0,0.018,0.2012,628.40067,194.6095209,Kop1,0.234375,1
680,16,,,,,alive,,M-01-09,M,N,Gråfjell,Gråfjell_0102,6819054,1265877,2001,2002,M-01-09,7.0235,0.11,1.04,83.44637681,1.97,Åmot,429,2.4853,0,0.0011,0.002,576.556824,175.6078384,Hag2,0.125,0
681,16,,,,,alive,,M-01-10,F,N,Gråfjell,Gråfjell_0102,6819054,1265877,2001,2002,M-01-10,7.0235,0.11,1.04,83.44637681,1.97,Åmot,429,2.4853,0,0.0011,0.002,576.556824,175.6078384,Kop1,0.234375,0
682,17,,,,,alive,,M-01-09,M,N,Gråfjell,Gråfjell_0203,6814816,1265057,2002,2003,M-01-09,6.8577,0.12,1.14,98.37793427,2.16,Åmot,429,2.686,0,0.0069,0.0216,554.9824129,179.4689773,Hag2,0.125,1
683,17,,,,,alive,,M-01-10,F,N,Gråfjell,Gråfjell_0203,6814816,1265057,2002,2003,M-01-10,6.8577,0.12,1.14,98.37793427,2.16,Åmot,429,2.686,0,0.0069,0.0216,554.9824129,179.4689773,Kop1,0.234375,1
684,22,,,,,alive,,M-01-09,M,N,Gråfjell,Gråfjell_0304,6817599,1266242,2003,2004,M-01-09,6.8786,0.12,1.09,82.74029851,2.05,Åmot,429,2.7926,0,0.0073,0.0029,567.1260255,174.0465292,Hag2,0.125,1
685,22,,,,,alive,,M-01-10,F,N,Gråfjell,Gråfjell_0304,6817599,1266242,2003,2004,M-01-10,6.8786,0.12,1.09,82.74029851,2.05,Åmot,429,2.7926,0,0.0073,0.0029,567.1260255,174.0465292,Kop1,0.234375,1
686,28,,,,,other,natural,M-01-09,M,N,Gråfjell,Gråfjell_0405,6820024,1262069,2004,2005,M-01-09,7.5433,0.11,1,83.97477977,1.73,Åmot,429,2.5576,0,0.0056,0.0029,575.8334624,183.1698297,Hag2,0.125,1
687,28,,,,,other,legal,M-01-10,F,N,Gråfjell,Gråfjell_0405,6820024,1262069,2004,2005,M-01-10,7.5433,0.11,1,83.97477977,1.73,Åmot,429,2.5576,0,0.0056,0.0029,575.8334624,183.1698297,Kop1,0.234375,1
688,13,,,0,0,alive,,M-00-04,F,S,Grangärde,Grangärde_9900,6692097,1450111,1999,2000,M-00-04,4.5216,0.23,1.29,84.25822021,20.72,Vansbro,2021,3.3,0.0003,0.0977,0.6788,285.6240013,67.49132018,Hag1,0.125,0
689,13,,,,0,alive,,M-98-04,M,S,Grangärde,Grangärde_9900,6692097,1450111,1999,2000,M-98-04,4.5216,0.23,1.29,84.25822021,20.72,Vansbro,2021,3.3,0.0003,0.0977,0.6788,285.6240013,67.49132018,Le1,0.1875,0
690,16,,1,1,1,disapp,confirmed_illegal,M-00-04,F,S,Grangärde,Grangärde_0001,6685459,1445240,2000,2001,M-00-04,4.6911,0.23,1.31,85.90098039,15.37,Vansbro,2021,3.4,0,0.0139,0.3134,284.8729837,59.32100046,Hag1,0.125,0
691,16,,,,2,censored,,M-98-04,M,S,Grangärde,Grangärde_0001,6685459,1445240,2000,2001,M-98-04,4.6911,0.23,1.31,85.90098039,15.37,Vansbro,2021,3.4,0,0.0139,0.3134,284.8729837,59.32100046,Le1,0.1875,0
692,74,,,,,other,legal,G130-14,M,S,Gråsjön,Gråssjön_1617,6962478,1498010,2016,2017,G130-14,4.6466,0.21,1.06,85.01941458,2.08,Ånge,2260,2.3889,0.0006,0.2228,0.0039,371.378195,72.43823861,Gård3,0.26416000000000001,0
693,74,,,,,other,legal,G140-16,F,S,Gråsjön,Gråssjön_1617,6962478,1498010,2016,2017,G140-16,4.6466,0.21,1.06,85.01941458,2.08,Ånge,2260,2.3889,0.0006,0.2228,0.0039,371.378195,72.43823861,Lok3,0.222382,0
694,28,,,,0,alive,,M-06-10,F,S,Gräsmark 1,Gräsmark_0405,6673858,1323261,2004,2005,M-06-10,6.1914,0.34,1.45,79.78125,9.48,Eda,1730,4.0608,0,0,0.0511,286.2651652,82.89141481,Grå,0.296875,0
695,28,,,0,0,alive,,M-06-11,M,S,Gräsmark 1,Gräsmark_0405,6673858,1323261,2004,2005,M-06-11,6.1914,0.34,1.45,79.78125,9.48,Eda,1730,4.0608,0,0,0.0511,286.2651652,82.89141481,Fur,0.1875,0
696,29,,,,0,alive,,M-06-10,F,S,Gräsmark 1,Gräsmark_0506,6681556,1314118,2005,2006,M-06-10,6.454,0.4,1.87,83.42171717,11.74,Torsby,1737,3.1394,0.0001,0.0264,0.0266,317.8517883,71.62844769,Grå,0.296875,1
697,29,,,0,0,alive,,M-06-11,M,S,Gräsmark 1,Gräsmark_0506,6681556,1314118,2005,2006,M-06-11,6.454,0.4,1.87,83.42171717,11.74,Torsby,1737,3.1394,0.0001,0.0264,0.0266,317.8517883,71.62844769,Fur,0.1875,1
698,31,,,,0,alive,,M-06-10,F,S,Gräsmark 1,Gräsmark_0607,6681841,1319584,2006,2007,M-06-10,6.4874,0.35,1.63,81.23697917,9.5,Torsby,1737,3.3554,0.0001,0.0211,0.0491,308.2456519,84.78545409,Grå,0.296875,0
699,31,,,0,0,alive,,M-06-11,M,S,Gräsmark 1,Gräsmark_0607,6681841,1319584,2006,2007,M-06-11,6.4874,0.35,1.63,81.23697917,9.5,Torsby,1737,3.3554,0.0001,0.0211,0.0491,308.2456519,84.78545409,Fur,0.1875,0
700,37,,,,2,censored,,M-06-10,F,S,Gräsmark 1,Gräsmark_0708,6681026,1321686,2007,2008,M-06-10,6.444,0.33,1.55,78.46153846,8.74,Torsby,1737,3.34,0,0.0136,0.0473,300.4388207,88.0652013,Grå,0.296875,1
701,37,,1,1,1,disapp,,M-06-11,M,S,Gräsmark 1,Gräsmark_0708,6681026,1321686,2007,2008,M-06-11,6.444,0.33,1.55,78.46153846,8.74,Torsby,1737,3.34,0,0.0136,0.0473,300.4388207,88.0652013,Fur,0.1875,1
702,39,,1,1,1,disapp,,G14-06,M,S,Gräsmark 2,Gräsmark_0809,6668363,1330698,2008,2009,G14-06,6.2238,0.29,1.28,85.12564103,8.03,Torsby,1737,3.1857,0.0001,0.0374,0.4863,266.9780856,90.59840244,Has2,0.43359399999999998,2
703,39,,,,0,alive,,M-06-10,F,S,Gräsmark 2,Gräsmark_0809,6668363,1330698,2008,2009,M-06-10,6.2238,0.29,1.28,85.12564103,8.03,Torsby,1737,3.1857,0.0001,0.0374,0.4863,266.9780856,90.59840244,Grå,0.296875,2
704,49,,,,0,alive,,G13-10,M,S,Gräsmark 3,Gräsmark_0910,6688577,1328585,2009,2010,G13-10,6.6573,0.3,1.42,81.80987918,4.81,Torsby,1737,3.4778,0.0001,0.0277,0.0994,303.8550912,102.2288724,Äpp,0.27490199999999998,3
705,49,,,0,0,alive,,M-06-10,F,S,Gräsmark 3,Gräsmark_0910,6688577,1328585,2009,2010,M-06-10,6.6573,0.3,1.42,81.80987918,4.81,Torsby,1737,3.4778,0.0001,0.0277,0.0994,303.8550912,102.2288724,Grå,0.296875,3
706,58,,,,0,alive,,G13-10,M,S,Gräsmark 3,Gräsmark_1011,6683676,1329207,2010,2011,G13-10,6.6351,0.29,1.38,85.38383838,5.09,Torsby,1737,3.7678,0.0001,0.0323,0.1596,290.0641988,100.3990864,Äpp,0.27490199999999998,3
707,58,,,0,0,alive,,M-06-10,F,S,Gräsmark 3,Gräsmark_1011,6683676,1329207,2010,2011,M-06-10,6.6351,0.29,1.38,85.38383838,5.09,Torsby,1737,3.7678,0.0001,0.0323,0.1596,290.0641988,100.3990864,Grå,0.296875,3
708,60,,,,0,alive,,G11-11,M,S,Gräsmark 4,Gräsmark_1112,6685606,1330872,2011,2012,G11-11,6.5965,0.31,1.36,79.16145833,4.22,Torsby,1737,3.6992,0.0001,0.0341,0.2,283.6878643,104.5939446,Ful1,0.261963,5
709,60,,,0,0,alive,,M-06-10,F,S,Gräsmark 4,Gräsmark_1112,6685606,1330872,2011,2012,M-06-10,6.5965,0.31,1.36,79.16145833,4.22,Torsby,1737,3.6992,0.0001,0.0341,0.2,283.6878643,104.5939446,Grå,0.296875,5
710,64,,,,0,alive,,G11-11,M,S,Gräsmark 4,Gräsmark_1213,6684153,1316073,2012,2013,G11-11,6.5482,0.39,1.81,85.35606061,10.63,Torsby,1737,3.1999,0,0.0113,0.0508,319.890411,77.67341738,Ful1,0.261963,4
711,64,,,0,0,alive,,M-06-10,F,S,Gräsmark 4,Gräsmark_1213,6684153,1316073,2012,2013,M-06-10,6.5482,0.39,1.81,85.35606061,10.63,Torsby,1737,3.1999,0,0.0113,0.0508,319.890411,77.67341738,Grå,0.296875,4
712,66,,,,0,alive,,G11-11,M,S,Gräsmark 4,Gräsmark_1314,6688387,1321224,2013,2014,G11-11,6.4245,0.35,1.64,77.52816901,7.81,Torsby,1737,3.0264,0.0001,0.0479,0.0479,315.5790653,88.01956446,Ful1,0.261963,5
713,66,,1,1,1,disapp,,M-06-10,F,S,Gräsmark 4,Gräsmark_1314,6688387,1321224,2013,2014,M-06-10,6.4245,0.35,1.64,77.52816901,7.81,Torsby,1737,3.0264,0.0001,0.0479,0.0479,315.5790653,88.01956446,Grå,0.296875,5
714,68,,,,0,alive,,G11-11,M,S,Gräsmark 5,Gräsmark_1415,6692442,1311671,2014,2015,G11-11,6.301,0.41,1.96,86.43431013,10.71,Torsby,1737,2.3291,0.0001,0.0496,0.0284,328.942952,74.46968841,Ful1,0.261963,5
715,68,,,0,0,alive,,G125-13,F,S,Gräsmark 5,Gräsmark_1415,6692442,1311671,2014,2015,G125-13,6.301,0.41,1.96,86.43431013,10.71,Torsby,1737,2.3291,0.0001,0.0496,0.0284,328.942952,74.46968841,Hae,0.198181,5
716,70,,,,0,alive,,G11-11,M,S,Gräsmark 5,Gräsmark_1516,6693762,1299463,2015,2016,G11-11,5.8642,0.67,1.94,76.63076923,13.38,Torsby,1737,1.9696,0.0001,0.0465,1.0727,291.9432658,88.17601808,Ful1,0.261963,5
717,70,,,0,0,alive,,G125-13,F,S,Gräsmark 5,Gräsmark_1516,6693762,1299463,2015,2016,G125-13,5.8642,0.67,1.94,76.63076923,13.38,Torsby,1737,1.9696,0.0001,0.0465,1.0727,291.9432658,88.17601808,Hae,0.198181,5
718,74,,,,0,alive,,G11-11,M,S,Gräsmark 5,Gräsmark_1617,6687763,1303726,2016,2017,G11-11,6.146,0.63,2.02,79.22307692,14.44,Torsby,1737,1.8404,0.0001,0.0274,0.6169,292.8896429,79.01634694,Ful1,0.261963,5
719,74,,,0,0,alive,,G125-13,F,S,Gräsmark 5,Gräsmark_1617,6687763,1303726,2016,2017,G125-13,6.146,0.63,2.02,79.22307692,14.44,Torsby,1737,1.8404,0.0001,0.0274,0.6169,292.8896429,79.01634694,Hae,0.198181,5
720,72,,,,0,alive,,G11-11,M,S,Gräsmark 5,Gräsmark_1718,6690282,1305084,2017,2018,G11-11,6.0557,0.52,2,84.17401961,13.45,Torsby,1737,1.7983,0.0001,0.0298,0.3803,300.5499824,82.05607788,Ful1,0.261963,4
721,72,,,0,0,alive,,G125-13,F,S,Gräsmark 5,Gräsmark_1718,6690282,1305084,2017,2018,G125-13,6.0557,0.52,2,84.17401961,13.45,Torsby,1737,1.7983,0.0001,0.0298,0.3803,300.5499824,82.05607788,Hae,0.198181,4
722,68,1,,,1,disapp,,G11-11,M,S,Gräsmark 5,Gräsmark_1819,6691960,1306547,2018,2019,G11-11,5.9673,0.51,1.94,85.06060606,12.56,Torsby,1737,1.8746,0.0001,0.0452,0.1827,306.7293597,82.93098889,Ful1,0.261963,3
723,68,1,1,1,1,disapp,,G125-13,F,S,Gräsmark 5,Gräsmark_1819,6691960,1306547,2018,2019,G125-13,5.9673,0.51,1.94,85.06060606,12.56,Torsby,1737,1.8746,0.0001,0.0452,0.1827,306.7293597,82.93098889,Hae,0.198181,3
724,83,,,,,alive,,G112-20,M,,Grecken 1,Grecken_2122,6604242.859,1442503.366,2021,2022,,4.0376,0.36,1.24,72.90364583,20.38,Hällefors,1863,2,0,0,0.4631,194.4080586,45.48890666,Kho2,0.27175199999999999,4
725,83,,,,,alive,,G198-21,F,,Grecken 1,Grecken_2122,6604242.859,1442503.366,2021,2022,,4.0376,0.36,1.24,72.90364583,20.38,Hällefors,1863,2,0,0,0.4631,194.4080586,45.48890666,Rom5,0.32793,4
726,85,,,,,other,legal,G112-20,M,,Grecken 1,Grecken_2223,6606027,1440248,2022,2023,,4.12,0.37,1.24,73.18680653,19.23,Storfors,1760,1.7112,0,0.0053,0.2527,197.5268486,45.17784157,Kho2,0.27175199999999999,5
727,85,,,,,other,legal,G198-21,F,,Grecken 1,Grecken_2223,6606027,1440248,2022,2023,,4.12,0.37,1.24,73.18680653,19.23,Storfors,1760,1.7112,0,0.0053,0.2527,197.5268486,45.17784157,Rom5,0.32793,5
728,83,,,,0,alive,,G83-20,M,,Gryten 1,Gryten_2122,6566275.48,1549635.753,2021,2022,,3.3013,0.44,1.54,51.23333333,53.51,Gnesta,461,1.4,0,0,1.6912,58.07965596,17.75566901,Låb1,0.22414300000000001,3
729,83,,,0,0,alive,,G13-20,F,,Gryten 1,Gryten_2122,6566275.48,1549635.753,2021,2022,,3.3013,0.44,1.54,51.23333333,53.51,Gnesta,461,1.4,0,0,1.6912,58.07965596,17.75566901,Ärl2,0.39373599999999997,3
730,85,,,,2,censored,,G83-20,M,,Gryten 1,Gryten_2223,6566812,1555829,2022,2023,,3.3363,0.45,1.49,65.68615385,49.03,Gnesta,461,1.2,0,0,1.3271,55.78327227,16.95683215,Låb1,0.22414300000000001,7
731,85,,,2,2,censored,,G13-20,F,,Gryten 1,Gryten_2223,6566812,1555829,2022,2023,,3.3363,0.45,1.49,65.68615385,49.03,Gnesta,461,1.2,0,0,1.3271,55.78327227,16.95683215,Ärl2,0.39373599999999997,7
732,72,,,0,0,alive,,G135-16,F,S,Grytingen 1,Grytingen_1718,6597073,1420992,2017,2018,G135-16,4.2606,0.35,1.24,83.56451613,28.25,Storfors,1760,2.1425,0,0.0004,0.7961,178.8328326,49.54240614,Lok3,0.222382,6
733,72,,,,0,alive,,G43-17,M,S,Grytingen 1,Grytingen_1718,6597073,1420992,2017,2018,G43-17,4.2606,0.35,1.24,83.56451613,28.25,Storfors,1760,2.1425,0,0.0004,0.7961,178.8328326,49.54240614,Kin1,0.28747600000000001,6
734,68,,,0,0,alive,,G135-16,F,S,Grytingen 1,Grytingen_1819,6594634,1422020,2018,2019,G135-16,4.1308,0.4,1.27,72.95052083,31.8,Storfors,1760,2.3,0,0.0002,1.06,175.5733217,48.63996793,Lok3,0.222382,4
735,68,,,,0,alive,,G43-17,M,S,Grytingen 1,Grytingen_1819,6594634,1422020,2018,2019,G43-17,4.1308,0.4,1.27,72.95052083,31.8,Storfors,1760,2.3,0,0.0002,1.06,175.5733217,48.63996793,Kin1,0.28747600000000001,4
736,71,,,0,0,alive,,G135-16,F,S,Grytingen 1,Grytingen_1920,6598727,1423827,2019,2020,G135-16,4.2384,0.36,1.2,53.80874317,26.76,Storfors,1760,2.4305,0,0,0.7488,185.2857649,49.75763333,Lok3,0.222382,4
737,71,,,,0,alive,,G43-17,M,S,Grytingen 1,Grytingen_1920,6598727,1423827,2019,2020,G43-17,4.2384,0.36,1.2,53.80874317,26.76,Storfors,1760,2.4305,0,0,0.7488,185.2857649,49.75763333,Kin1,0.28747600000000001,4
738,75,,1,1,1,disapp,,G135-16,F,S,Grytingen 1,Grytingen_2021,6599005,1420934,2020,2021,,4.3176,0.35,1.21,70.69892473,25.32,Storfors,1760,2.5759,0,0.0001,0.6181,182.3044001,50.3363251,Lok3,0.222382,7
739,75,,,,2,censored,,G43-17,M,S,Grytingen 1,Grytingen_2021,6599005,1420934,2020,2021,,4.3176,0.35,1.21,70.69892473,25.32,Storfors,1760,2.5759,0,0.0001,0.6181,182.3044001,50.3363251,Kin1,0.28747600000000001,7
740,68,,,,,alive,,G136-17,F,S,Gullsjön 1,Gullsjön_1819,6734530,1536865,2018,2019,G136-17,2.3512,0.27,1.42,83.1056338,25.88,Falun,2080,2.9025,0.0023,0.8273,1.9336,177.9688361,72.03187151,Kors5,0.13467399999999999,2
741,68,,,0,0,alive,,G169-17,M,S,Gullsjön 1,Gullsjön_1819,6734530,1536865,2018,2019,G169-17,2.3512,0.27,1.42,83.1056338,25.88,Falun,2080,2.9025,0.0023,0.8273,1.9336,177.9688361,72.03187151,Sjö3,0.17519399999999999,2
742,71,,,,,alive,,G136-17,F,S,Gullsjön 1,Gullsjön_1920,6745234,1539338,2019,2020,G136-17,2.4461,0.22,1.37,65.68544601,16.54,Falun,2080,2.5883,0.0021,0.7756,1.3389,184.7526732,75.60125969,Kors5,0.13467399999999999,4
743,71,,1,1,1,disapp,,G169-17,M,S,Gullsjön 1,Gullsjön_1920,6745234,1539338,2019,2020,G169-17,2.4461,0.22,1.37,65.68544601,16.54,Falun,2080,2.5883,0.0021,0.7756,1.3389,184.7526732,75.60125969,Sjö3,0.17519399999999999,4
744,75,,,,,alive,,G136-17,F,S,Gullsjön 2,Gullsjön_2021,6739257,1530028,2020,2021,,2.6559,0.18,1.37,75.98880597,24.2,Falun,2080,2.479,0.0019,0.6995,0.649,226.9756946,66.95044564,Kors5,0.13467399999999999,3
745,75,,,,0,alive,,G159-19,M,S,Gullsjön 2,Gullsjön_2021,6739257,1530028,2020,2021,,2.6559,0.18,1.37,75.98880597,24.2,Falun,2080,2.479,0.0019,0.6995,0.649,226.9756946,66.95044564,Kors5,0.13467399999999999,3
746,83,,,,,other,legal,G136-17,F,S,Gullsjön 2,Gullsjön_2122,6741727.205,1529486.135,2021,2022,,2.8072,0.18,1.34,81.91304348,22.69,Falun,2080,2.2218,0.0024,0.8717,0.5602,236.7408829,65.86755677,Kors5,0.13467399999999999,5
747,83,,,,2,censored,,G159-19,M,S,Gullsjön 2,Gullsjön_2122,6741727.205,1529486.135,2021,2022,,2.8072,0.18,1.34,81.91304348,22.69,Falun,2080,2.2218,0.0024,0.8717,0.5602,236.7408829,65.86755677,Kors5,0.13467399999999999,5
748,37,,,,,other,legal,D-08-03,M,S,Håckren,Håckren_0708,6999822,1388000,2007,2008,D-08-03,5.7594,0.1,0.24,85.4028169,1.37,Åre,2321,2.3,0.0003,0.1106,0.1235,757.4973556,189.7630945,Kyn1,0.29345700000000002,0
749,37,,,,,other,legal,D-08-04,F,S,Håckren,Håckren_0708,6999822,1388000,2007,2008,D-08-04,5.7594,0.1,0.24,85.4028169,1.37,Åre,2321,2.3,0.0003,0.1106,0.1235,757.4973556,189.7630945,Kyn1,0.29345700000000002,0
750,60,,,,0,alive,,G13-10,M,S,Haersjö 1,Hærsjø_1112,6679807,1311769,2011,2012,G13-10,6.3303,0.45,1.93,82.23484848,12.76,Eda,1730,3.0996,0.0001,0.0221,0.0176,311.0659348,72.12911864,Äpp,0.27490199999999998,2
751,60,,,0,0,alive,,G88-13,F,S,Haersjö 1,Hærsjø_1112,6679807,1311769,2011,2012,G88-13,6.3303,0.45,1.93,82.23484848,12.76,Eda,1730,3.0996,0.0001,0.0221,0.0176,311.0659348,72.12911864,Sku,0.15216099999999999,2
752,64,,,,0,alive,,G13-10,M,S,Haersjö 1,Hærsjø_1213,6665496,1311657,2012,2013,G13-10,5.9475,0.47,1.73,85.14141414,12.84,Eda,1730,3.2584,0,0.0015,0.2657,269.5199431,77.09189513,Äpp,0.27490199999999998,2
753,64,,,0,0,alive,,G88-13,F,S,Haersjö 1,Hærsjø_1213,6665496,1311657,2012,2013,G88-13,5.9475,0.47,1.73,85.14141414,12.84,Eda,1730,3.2584,0,0.0015,0.2657,269.5199431,77.09189513,Sku,0.15216099999999999,2
754,66,,,,0,alive,,G13-10,M,S,Haersjö 1,Hærsjø_1314,6655894,1315619,2013,2014,G13-10,5.6476,0.42,1.39,69.06319956,13.09,Eda,1730,3.1875,0,0.0017,0.408,237.9958396,69.9628319,Äpp,0.27490199999999998,4
755,66,,,0,0,alive,,G88-13,F,S,Haersjö 1,Hærsjø_1314,6655894,1315619,2013,2014,G88-13,5.6476,0.42,1.39,69.06319956,13.09,Eda,1730,3.1875,0,0.0017,0.408,237.9958396,69.9628319,Sku,0.15216099999999999,4
756,68,,,,0,alive,,G13-10,M,S,Haersjö 1,Hærsjø_1415,6670371,1310489,2014,2015,G13-10,6.2454,0.48,1.89,85.32820513,13.15,Eda,1730,2.3743,0,0.0178,0.0857,285.4739071,73.8041104,Äpp,0.27490199999999998,5
757,68,,1,1,1,disapp,,G88-13,F,S,Haersjö 1,Hærsjø_1415,6670371,1310489,2014,2015,G88-13,6.2454,0.48,1.89,85.32820513,13.15,Eda,1730,2.3743,0,0.0178,0.0857,285.4739071,73.8041104,Sku,0.15216099999999999,5
758,70,1,1,1,1,disapp,,G103-16,F,S,Haersjö 2,Hærsjø_1516,6663420,1314049,2015,2016,G103-16,5.8304,0.39,1.54,76.17230769,12.84,Eda,1730,1.9295,0.0001,0.026,0.1996,266.6141086,76.44218486,Rot2,0.27356000000000003,4
759,70,1,,,1,disapp,,G13-10,M,S,Haersjö 2,Hærsjø_1516,6663420,1314049,2015,2016,G13-10,5.8304,0.39,1.54,76.17230769,12.84,Eda,1730,1.9295,0.0001,0.026,0.1996,266.6141086,76.44218486,Äpp,0.27490199999999998,4
760,10,1,,,1,disapp,confirmed_illegal,M-98-02,M,S,Hagfors 2,Hagfors_9899,6671310,1404129,1998,1999,M-98-02,4.8646,0.24,0.98,85.9984375,9.54,Filipstad,1782,4.605,0,0.0006,0.053,319.4621311,67.47665896,Ny4,0.375,1
761,10,1,1,1,1,disapp,confirmed_illegal,M-98-03,F,S,Hagfors 2,Hagfors_9899,6671310,1404129,1998,1999,M-98-03,4.8646,0.24,0.98,85.9984375,9.54,Filipstad,1782,4.605,0,0.0006,0.053,319.4621311,67.47665896,Gh,0,1
762,70,,,,,other,legal,G128-15,F,S,Halån/Edsele,HalånEdsele_1516,7010118,1535779,2015,2016,G128-15,4.442,0.24,1.06,80.36944444,2.82,Sollefteå,2283,2.6904,0.0007,0.2496,0.48,295.7616216,91.16642514,Lok3,0.222382,0
763,70,,,,,other,legal,G50-13,M,S,Halån/Edsele,HalånEdsele_1516,7010118,1535779,2015,2016,G50-13,4.442,0.24,1.06,80.36944444,2.82,Sollefteå,2283,2.6904,0.0007,0.2496,0.48,295.7616216,91.16642514,Jang6,0.16552700000000001,0
764,22,,,,,alive,,M-02-06,F,S,Halgån 1,Halgån_0304,6693308,1374782,2003,2004,M-02-06,4.7511,0.25,0.88,77.65846154,4.91,Torsby,1737,4.852,0.0001,0.0267,0.1593,326.3725583,75.01953269,Ny5,0.26953100000000002,1
765,22,,,0,0,alive,,M-04-01,M,S,Halgån 1,Halgån_0304,6693308,1374782,2003,2004,M-04-01,4.7511,0.25,0.88,77.65846154,4.91,Torsby,1737,4.852,0.0001,0.0267,0.1593,326.3725583,75.01953269,Fur,0.1875,1
766,28,,,,,alive,,M-02-06,F,S,Halgån 1,Halgån_0405,6696998,1374718,2004,2005,M-02-06,4.6329,0.26,0.84,78.24509804,4.42,Torsby,1737,4.2667,0.0001,0.032,0.0364,339.4677993,77.29133275,Ny5,0.26953100000000002,2
767,28,,,0,0,alive,,M-04-01,M,S,Halgån 1,Halgån_0405,6696998,1374718,2004,2005,M-04-01,4.6329,0.26,0.84,78.24509804,4.42,Torsby,1737,4.2667,0.0001,0.032,0.0364,339.4677993,77.29133275,Fur,0.1875,2
768,29,,,,,alive,,M-02-06,F,S,Halgån 1,Halgån_0506,6689613,1375575,2005,2006,M-02-06,5.0142,0.27,0.9,82.31538462,5.33,Torsby,1737,3.8389,0.0001,0.0187,0.1931,313.3517296,73.7825216,Ny5,0.26953100000000002,4
769,29,,1,1,1,disapp,,M-04-01,M,S,Halgån 1,Halgån_0506,6689613,1375575,2005,2006,M-04-01,5.0142,0.27,0.9,82.31538462,5.33,Torsby,1737,3.8389,0.0001,0.0187,0.1931,313.3517296,73.7825216,Fur,0.1875,4
770,31,,,,0,alive,,G39-07,M,S,Halgån 2,Halgån_0607,6697857,1377989,2006,2007,G39-07,4.6841,0.24,0.83,81.52238806,4.26,Torsby,1737,3.4468,0.0001,0.0454,0.0049,348.9522563,75.06972169,Hlg1,0.23877000000000001,2
771,31,,,,,alive,,M-02-06,F,S,Halgån 2,Halgån_0607,6697857,1377989,2006,2007,M-02-06,4.6841,0.24,0.83,81.52238806,4.26,Torsby,1737,3.4468,0.0001,0.0454,0.0049,348.9522563,75.06972169,Ny5,0.26953100000000002,2
772,37,,,,0,alive,,G39-07,M,S,Halgån 2,Halgån_0708,6706025,1372609,2007,2008,G39-07,4.4243,0.23,0.76,80.49494949,3.45,Torsby,1737,3.174,0.0002,0.0573,0.0463,369.002673,81.14939466,Hlg1,0.23877000000000001,3
773,37,,,,,alive,,M-02-06,F,S,Halgån 2,Halgån_0708,6706025,1372609,2007,2008,M-02-06,4.4243,0.23,0.76,80.49494949,3.45,Torsby,1737,3.174,0.0002,0.0573,0.0463,369.002673,81.14939466,Ny5,0.26953100000000002,3
774,39,,,,,alive,,D-10-29,M,S,Halgån 3,Halgån_0809,6708614,1364840,2008,2009,D-10-29,4.3631,0.24,0.77,83.84577114,3.05,Torsby,1737,2.9824,0.0003,0.1011,0.1279,356.3188633,90.76427017,Sil1,0.227051,3
775,39,,,,,alive,,M-02-06,F,S,Halgån 3,Halgån_0809,6708614,1364840,2008,2009,M-02-06,4.3631,0.24,0.77,83.84577114,3.05,Torsby,1737,2.9824,0.0003,0.1011,0.1279,356.3188633,90.76427017,Ny5,0.26953100000000002,3
776,49,,,,,other,legal,D-10-29,M,S,Halgån 3,Halgån_0910,6718224,1361305,2009,2010,D-10-29,4.4231,0.24,0.74,80.62483466,2.85,Torsby,1737,3.1645,0.0002,0.0687,0.1564,378.2944516,97.16776443,Sil1,0.227051,4
777,49,,,,,other,legal,M-02-06,F,S,Halgån 3,Halgån_0910,6718224,1361305,2009,2010,M-02-06,4.4231,0.24,0.74,80.62483466,2.85,Torsby,1737,3.1645,0.0002,0.0687,0.1564,378.2944516,97.16776443,Ny5,0.26953100000000002,4
778,85,,,,2,censored,,G2-22,M,S,Hälleskogsbrännan,Hälleskogsbrännan_2223,6638482,1522914,2022,2023,,2.6932,0.34,1.15,67.62727273,42.29,Skinnskatteberg,1904,1.5,0,0.0148,1.1398,94.80571818,22.05910075,Gmy2,0.233371,2
779,85,,,2,2,censored,,G165-21,F,S,Hälleskogsbrännan,Hälleskogsbrännan_2223,6638482,1522914,2022,2023,,2.6932,0.34,1.15,67.62727273,42.29,Skinnskatteberg,1904,1.5,0,0.0148,1.1398,94.80571818,22.05910075,Tön1,0.118835,2
780,70,1,,,1,disapp,,G42-14,M,S,Hålnan,Hålnan_1516,6703344,1520348,2015,2016,G42-14,3.7553,0.33,1.47,66.57272727,20.3,Falun,2080,2.516,0.0011,0.4101,2.0187,165.3644617,48.78095683,Dju3,0.13900799999999999,2
781,70,1,1,1,1,disapp,,G55-15,F,S,Hålnan,Hålnan_1516,6703344,1520348,2015,2016,G55-15,3.7553,0.33,1.47,66.57272727,20.3,Falun,2080,2.516,0.0011,0.4101,2.0187,165.3644617,48.78095683,Kors4,0.142761,2
782,71,,,,,alive,,G259-17,F,S,Haraldsjön,Haraldssjön_1920,6634740,1476740,2019,2020,G259-17,4.1013,0.35,1.28,52.11363636,12.81,Ljusnarsberg,1864,2.2429,0,0.0082,0.2242,204.0654945,66.32718565,Asp2,0.31181300000000001,4
783,71,,,,,alive,,G264-17,M,S,Haraldsjön,Haraldssjön_1920,6634740,1476740,2019,2020,G264-17,4.1013,0.35,1.28,52.11363636,12.81,Ljusnarsberg,1864,2.2429,0,0.0082,0.2242,204.0654945,66.32718565,Bil1,0.20644000000000001,4
784,75,,,,,alive,,G259-17,F,S,Haraldsjön,Haraldssjön_2021,6636378,1475230,2020,2021,,4.2232,0.35,1.3,70.67612179,12.61,Lindesberg,1885,2.2466,0,0.0031,0.1769,214.4048,65.9977,Asp2,0.31181300000000001,4
785,75,,,,,alive,,G264-17,M,S,Haraldsjön,Haraldssjön_2021,6636378,1475230,2020,2021,,4.2232,0.35,1.3,70.67612179,12.61,Lindesberg,1885,2.2466,0,0.0031,0.1769,214.4048,65.9977,Bil1,0.20644000000000001,4
786,83,,,,,other,legal,G259-17,F,S,Haraldsjön,Haraldssjön_2122,6633728.686,1476423.364,2021,2022,,4.0501,0.34,1.3,75.04545455,13.06,Lindesberg,1885,2.0219,0,0.0012,0.2488,200.6458,66.3615,Asp2,0.31181300000000001,6
787,83,,,,,other,legal,G264-17,M,S,Haraldsjön,Haraldssjön_2122,6633728.686,1476423.364,2021,2022,,4.0501,0.34,1.3,75.04545455,13.06,Lindesberg,1885,2.0219,0,0.0012,0.2488,200.6458,66.3615,Bil1,0.20644000000000001,6
788,13,,,,,alive,,M-01-04,F,S,Hasselfors 1,Hasselfors-Laxå_9900,6544784,1425467,1999,2000,M-01-04,2.3493,0.35,1.25,69.31851852,17.33,Gullspång,1447,4.2722,0,0,0.7296,118.5054066,35.81862699,Hag1,0.125,0
789,13,,,,,alive,,M-01-05,M,S,Hasselfors 1,Hasselfors-Laxå_9900,6544784,1425467,1999,2000,M-01-05,2.3493,0.35,1.25,69.31851852,17.33,Gullspång,1447,4.2722,0,0,0.7296,118.5054066,35.81862699,Hag2,0.125,0
790,16,,,,,alive,,M-01-04,F,S,Hasselfors 1,Laxå-Hasselfors_0001,6545028,1429612,2000,2001,M-01-04,2.4799,0.37,1.28,70.6879834,16.29,Kristinehamn,1781,4.1366,0,0,0.7864,120.0266287,35.96478272,Hag1,0.125,0
791,16,,,,,alive,,M-01-05,M,S,Hasselfors 1,Laxå-Hasselfors_0001,6545028,1429612,2000,2001,M-01-05,2.4799,0.37,1.28,70.6879834,16.29,Kristinehamn,1781,4.1366,0,0,0.7864,120.0266287,35.96478272,Hag2,0.125,0
792,16,,,,,other,natural,M-01-04,F,S,Hasselfors 1,Laxå-Hasselfors_0102,6549543,1424811,2001,2002,M-01-04,2.4584,0.33,1.3,62.0137931,18.74,Gullspång,1447,4.3005,0,0,0.9196,113.7776862,31.04164206,Hag1,0.125,0
793,16,,,,,alive,,M-01-05,M,S,Hasselfors 1,Laxå-Hasselfors_0102,6549543,1424811,2001,2002,M-01-05,2.4584,0.33,1.3,62.0137931,18.74,Gullspång,1447,4.3005,0,0,0.9196,113.7776862,31.04164206,Hag2,0.125,0
794,17,,,,,alive,,D-06-16,F,S,Hasselfors 2,Hasselfors_0203,6548611,1421385,2002,2003,D-06-16,2.4011,0.35,1.29,62.05172414,19.11,Gullspång,1447,4.4079,0,0,0.8818,110.9601445,32.06524981,Has1,0.30468800000000001,0
795,17,,,,,alive,,M-01-05,M,S,Hasselfors 2,Hasselfors_0203,6548611,1421385,2002,2003,M-01-05,2.4011,0.35,1.29,62.05172414,19.11,Gullspång,1447,4.4079,0,0,0.8818,110.9601445,32.06524981,Hag2,0.125,0
796,22,,,,,alive,,D-06-16,F,S,Hasselfors 2,Hasselfors_0304,6550257,1423757,2003,2004,D-06-16,2.4583,0.33,1.32,72.25483871,18.92,Gullspång,1447,4.278,0,0,0.9774,112.6770442,30.67294327,Has1,0.30468800000000001,0
797,22,,,,,alive,,M-01-05,M,S,Hasselfors 2,Hasselfors_0304,6550257,1423757,2003,2004,M-01-05,2.4583,0.33,1.32,72.25483871,18.92,Gullspång,1447,4.278,0,0,0.9774,112.6770442,30.67294327,Hag2,0.125,0
798,28,,,,,alive,,D-06-16,F,S,Hasselfors 2,Hasselfors_0405,6548143,1424122,2004,2005,D-06-16,2.3983,0.34,1.28,69.8,17.92,Gullspång,1447,4.1641,0,0,0.8752,113.7710599,31.96276751,Has1,0.30468800000000001,0
799,28,,,,,alive,,M-01-05,M,S,Hasselfors 2,Hasselfors_0405,6548143,1424122,2004,2005,M-01-05,2.3983,0.34,1.28,69.8,17.92,Gullspång,1447,4.1641,0,0,0.8752,113.7710599,31.96276751,Hag2,0.125,0
800,29,,,,,other,natural,D-06-16,F,S,Hasselfors 2,Hasselfors_0506,6541991,1418433,2005,2006,D-06-16,2.3499,0.39,1.28,78.79597701,16.68,Gullspång,1447,3.4479,0,0,0.6601,114.8715315,36.6295494,Has1,0.30468800000000001,0
801,29,,,,,other,natural,M-01-05,M,S,Hasselfors 2,Hasselfors_0506,6541991,1418433,2005,2006,M-01-05,2.3499,0.39,1.28,78.79597701,16.68,Gullspång,1447,3.4479,0,0,0.6601,114.8715315,36.6295494,Hag2,0.125,0
802,31,,,,,alive,,D-08-20,M,S,Hasselfors 3,Hasselfors_0607,6552998,1420314,2006,2007,D-08-20,2.4863,0.34,1.34,60.38983051,20.4,Gullspång,1447,3.3583,0,0,1.0767,109.9535993,31.24797505,Julu3,0.32421899999999998,0
803,31,,,,0,alive,,G37-07,F,S,Hasselfors 3,Hasselfors_0607,6552998,1420314,2006,2007,G37-07,2.4863,0.34,1.34,60.38983051,20.4,Gullspång,1447,3.3583,0,0,1.0767,109.9535993,31.24797505,Has2,0.43359399999999998,0
804,37,,,,,alive,,D-08-20,M,S,Hasselfors 3,Hasselfors_0708,6547008,1417189,2007,2008,D-08-20,2.3579,0.34,1.3,43.10187135,18.2,Gullspång,1447,2.8944,0,0,0.6401,107.1663178,34.75468981,Julu3,0.32421899999999998,0
805,37,,,,0,alive,,G37-07,F,S,Hasselfors 3,Hasselfors_0708,6547008,1417189,2007,2008,G37-07,2.3579,0.34,1.3,43.10187135,18.2,Gullspång,1447,2.8944,0,0,0.6401,107.1663178,34.75468981,Has2,0.43359399999999998,0
806,39,,,,,other,legal,D-08-20,M,S,Hasselfors 3,Hasselfors_0809,6549027,1423680,2008,2009,D-08-20,2.4232,0.33,1.29,77.80833333,17.84,Gullspång,1447,2.6574,0,0,0.9326,112.8813511,31.21178443,Julu3,0.32421899999999998,0
807,39,,,,0,alive,,G37-07,F,S,Hasselfors 3,Hasselfors_0809,6549027,1423680,2008,2009,G37-07,2.4232,0.33,1.29,77.80833333,17.84,Gullspång,1447,2.6574,0,0,0.9326,112.8813511,31.21178443,Has2,0.43359399999999998,0
808,49,,,,,other,legal,D-10-39,M,S,Hasselfors 4,Hasselfors_0910,6549991,1422939,2009,2010,D-10-39,2.4364,0.33,1.31,80.70338983,18.29,Gullspång,1447,3.06,0,0,0.9637,111.8632812,30.80237273,Has3,0.31103500000000001,0
809,49,,,,0,alive,,G37-07,F,S,Hasselfors 4,Hasselfors_0910,6549991,1422939,2009,2010,G37-07,2.4364,0.33,1.31,80.70338983,18.29,Gullspång,1447,3.06,0,0,0.9637,111.8632812,30.80237273,Has2,0.43359399999999998,0
810,58,,,,0,alive,,G107-11,M,S,Hasselfors 5,Hasselfors_1011,6548814,1420962,2010,2011,G107-11,2.4026,0.35,1.3,78.38135593,18.07,Gullspång,1447,3.2538,0,0,0.8768,110.4078941,32.08070921,Ack,0.30590800000000001,0
811,58,,,0,0,alive,,G37-07,F,S,Hasselfors 5,Hasselfors_1011,6548814,1420962,2010,2011,G37-07,2.4026,0.35,1.3,78.38135593,18.07,Gullspång,1447,3.2538,0,0,0.8768,110.4078941,32.08070921,Has2,0.43359399999999998,0
812,60,,,,2,censored,,G107-11,M,S,Hasselfors 5,Hasselfors_1112,6551763,1422312,2011,2012,G107-11,2.4754,0.35,1.33,56.58333333,18.88,Gullspång,1447,3.5327,0,0,1.0157,111.5588207,31.02363243,Ack,0.30590800000000001,1
813,60,,1,1,1,disapp,,G37-07,F,S,Hasselfors 5,Hasselfors_1112,6551763,1422312,2011,2012,G37-07,2.4754,0.35,1.33,56.58333333,18.88,Gullspång,1447,3.5327,0,0,1.0157,111.5588207,31.02363243,Has2,0.43359399999999998,1
814,58,,,,0,alive,,G21-10,M,S,Hästberget,Hästberget_1011,6740538,1350494,2010,2011,G21-10,5.0422,0.25,0.68,85.28606965,2.83,Torsby,1737,3.2856,0.0004,0.1272,0.5614,443.5507725,98.12004727,Jang4,0.42968800000000001,2
815,58,,,0,0,alive,,G22-09,F,S,Hästberget,Hästberget_1011,6740538,1350494,2010,2011,G22-09,5.0422,0.25,0.68,85.28606965,2.83,Torsby,1737,3.2856,0.0004,0.1272,0.5614,443.5507725,98.12004727,Äpp,0.27490199999999998,2
816,60,1,,,1,disapp,,G21-10,M,S,Hästberget,Hästberget_1112,6742720,1349896,2011,2012,G21-10,5.0873,0.26,0.67,82.23284314,2.81,Torsby,1737,3.185,0.0004,0.1322,0.5565,447.7113957,97.16350015,Jang4,0.42968800000000001,3
817,60,1,1,1,1,disapp,,G22-09,F,S,Hästberget,Hästberget_1112,6742720,1349896,2011,2012,G22-09,5.0873,0.26,0.67,82.23284314,2.81,Torsby,1737,3.185,0.0004,0.1322,0.5565,447.7113957,97.16350015,Äpp,0.27490199999999998,3
818,49,,,,,alive,,D-11-19,M,S,Haverö 1,Haverö_0910,6905424,1475005,2009,2010,D-11-19,3.8684,0.21,1.06,87.82070707,2.55,Ljusdal,2161,3.0554,0.0018,0.6436,0.1874,340.6308431,59.94793564,Fur,0.1875,1
819,49,,,,0,alive,,G34-10,F,S,Haverö 1,Haverö_0910,6905424,1475005,2009,2010,G34-10,3.8684,0.21,1.06,87.82070707,2.55,Ljusdal,2161,3.0554,0.0018,0.6436,0.1874,340.6308431,59.94793564,Skrä1,0.46972700000000001,1
820,58,,,,,other,legal,D-11-19,M,S,Haverö 1,Haverö_1011,6907858,1473533,2010,2011,D-11-19,3.7137,0.2,1.06,92.8943662,2.56,Ljusdal,2161,3.3958,0.0025,0.9222,0.2106,335.1477141,59.68727911,Fur,0.1875,2
821,58,,,,0,alive,,G34-10,F,S,Haverö 1,Haverö_1011,6907858,1473533,2010,2011,G34-10,3.7137,0.2,1.06,92.8943662,2.56,Ljusdal,2161,3.3958,0.0025,0.9222,0.2106,335.1477141,59.68727911,Skrä1,0.46972700000000001,2
822,60,,,,,alive,,G21-12,M,S,Haverö 2,Haverö_1112,6907168,1476581,2011,2012,G21-12,3.7694,0.22,1.06,83.61574074,2.67,Ljusdal,2161,3.4902,0.0025,0.9042,0.2103,338.2767975,60.63404786,Skrä1,0.46972700000000001,0
823,60,,,0,0,alive,,G34-10,F,S,Haverö 2,Haverö_1112,6907168,1476581,2011,2012,G34-10,3.7694,0.22,1.06,83.61574074,2.67,Ljusdal,2161,3.4902,0.0025,0.9042,0.2103,338.2767975,60.63404786,Skrä1,0.46972700000000001,0
824,64,,,,,alive,,G21-12,M,S,Haverö 2,Haverö_1213,6907168,1476581,2012,2013,G21-12,3.7694,0.22,1.06,92.45758662,2.6,Ljusdal,2161,3.384,0.0026,0.9246,0.2103,338.2767975,60.63404786,Skrä1,0.46972700000000001,0
825,64,,1,1,1,disapp,confirmed_illegal,G34-10,F,S,Haverö 2,Haverö_1213,6907168,1476581,2012,2013,G34-10,3.7694,0.22,1.06,92.45758662,2.6,Ljusdal,2161,3.384,0.0026,0.9246,0.2103,338.2767975,60.63404786,Skrä1,0.46972700000000001,0
826,66,,,,,other,legal,G21-12,M,S,Haverö 3,Prästskogen/Haverö_1314,6874910,1484630,2013,2014,G21-12,4.2648,0.26,1.12,82.82125604,3.53,Ljusdal,2161,2.967,0.0025,0.8951,0.057,324.4614969,80.43785424,Skrä1,0.46972700000000001,0
827,66,,,,,alive,,G68-13,F,S,Haverö 3,Prästskogen/Haverö_1314,6874910,1484630,2013,2014,G68-13,4.2648,0.26,1.12,82.82125604,3.53,Ljusdal,2161,2.967,0.0025,0.8951,0.057,324.4614969,80.43785424,Dju3,0.13900799999999999,0
828,49,,,,,other,NA - check if available,M-10-05,M,S,Hedbyn 1,Hedbyn_0910,6619868,1480175,2009,2010,M-10-05,3.3568,0.38,1.22,83.55729167,17.71,Lindesberg,1885,2.664,0,0,0.6598,132.9363735,52.05592407,Klot,0.29931600000000003,2
829,49,,,,0,alive,,M-10-06,F,S,Hedbyn 1,Hedbyn_0910,6619868,1480175,2009,2010,M-10-06,3.3568,0.38,1.22,83.55729167,17.71,Lindesberg,1885,2.664,0,0,0.6598,132.9363735,52.05592407,Klot,0.29931600000000003,2
830,58,,1,1,1,disapp,,G66-10,M,S,Hedbyn 2,Hedbyn_1011,6613729,1485862,2010,2011,G66-10,2.9968,0.37,1.15,77.83333333,21.2,Lindesberg,1885,2.7116,0,0.0036,0.411,100.7427138,32.6481705,Amä1,0.27050800000000003,2
831,58,,,,0,alive,,M-10-06,F,S,Hedbyn 2,Hedbyn_1011,6613729,1485862,2010,2011,M-10-06,2.9968,0.37,1.15,77.83333333,21.2,Lindesberg,1885,2.7116,0,0.0036,0.411,100.7427138,32.6481705,Klot,0.29931600000000003,2
832,60,,,,,alive,,G34-12,M,S,Hedbyn 3,Hedbyn_1112,6617992,1485555,2011,2012,G34-12,3.1435,0.37,1.14,64.06313131,19.11,Lindesberg,1885,2.8056,0,0.0049,0.422,115.6526556,39.27638975,Snd2,0.35199000000000003,3
833,60,,,0,0,alive,,M-10-06,F,S,Hedbyn 3,Hedbyn_1112,6617992,1485555,2011,2012,M-10-06,3.1435,0.37,1.14,64.06313131,19.11,Lindesberg,1885,2.8056,0,0.0049,0.422,115.6526556,39.27638975,Klot,0.29931600000000003,3
834,64,,,,,alive,,G34-12,M,S,Hedbyn 3,Hedbyn_1213,6620304,1487082,2012,2013,G34-12,3.1951,0.36,1.14,79.60416667,17.82,Lindesberg,1885,3.0145,0,0.0009,0.3543,122.4691987,42.35290196,Snd2,0.35199000000000003,3
835,64,,,0,0,alive,,M-10-06,F,S,Hedbyn 3,Hedbyn_1213,6620304,1487082,2012,2013,M-10-06,3.1951,0.36,1.14,79.60416667,17.82,Lindesberg,1885,3.0145,0,0.0009,0.3543,122.4691987,42.35290196,Klot,0.29931600000000003,3
836,66,,,,,alive,,G34-12,M,S,Hedbyn 3,Hedbyn_1314,6616737,1488603,2013,2014,G34-12,3.0388,0.37,1.12,60.97527911,20.67,Lindesberg,1885,2.7266,0.0001,0.0182,0.4951,106.8464462,32.83323423,Snd2,0.35199000000000003,5
837,66,,1,1,1,disapp,,M-10-06,F,S,Hedbyn 3,Hedbyn_1314,6616737,1488603,2013,2014,M-10-06,3.0388,0.37,1.12,60.97527911,20.67,Lindesberg,1885,2.7266,0.0001,0.0182,0.4951,106.8464462,32.83323423,Klot,0.29931600000000003,5
838,68,,,,,other,vehicle,G34-12,M,S,Hedbyn 4,Hedbyn_1415,6615254,1493135,2014,2015,G34-12,2.9573,0.37,1.14,69.19270833,23.48,Lindesberg,1885,2.4891,0,0,0.5039,97.82087012,27.68943878,Snd2,0.35199000000000003,3
839,68,,1,1,1,disapp,,G39-13,F,S,Hedbyn 4,Hedbyn_1415,6615254,1493135,2014,2015,G39-13,2.9573,0.37,1.14,69.19270833,23.48,Lindesberg,1885,2.4891,0,0,0.5039,97.82087012,27.68943878,Fär,0.29736299999999999,3
840,75,1,1,1,1,disapp,,G170-19,F,S,Hemsjön,Hemsjön 2021,6690333,1381427,2020,2021,,4.856,0.25,0.92,79.7238806,4.63,Hagfors,1783,2.7959,0.0004,0.1506,0.1447,327.5917,76.1016,Våa2,0.22309599999999999,1
841,75,1,,,1,disapp,,G202-19,M,S,Hemsjön,Hemsjön 2021,6690333,1381427,2020,2021,,4.856,0.25,0.92,79.7238806,4.63,Hagfors,1783,2.7959,0.0004,0.1506,0.1447,327.5917,76.1016,Rys1,0.16900200000000001,1
842,22,,,,,other,legal,D-04-07,M,S,Henvålen,Henvålen_0304,6963602,1374692,2003,2004,D-04-07,4.0764,0.07,0.35,84.71549296,1.32,Berg,2326,2.8,0.0002,0.0718,0,692.5838852,115.1143358,Ny5,0.26953100000000002,0
843,22,,,,,other,legal,D-04-08,F,S,Henvålen,Henvålen_0304,6963602,1374692,2003,2004,D-04-08,4.0764,0.07,0.35,84.71549296,1.32,Berg,2326,2.8,0.0002,0.0718,0,692.5838852,115.1143358,Fur,0.1875,0
844,71,,1,1,1,disapp,,G302-17,F,N,Hernes,Hernes_1920,6774588,1270634,2019,2020,G302-17,4.2695,0.48,1.17,86.27294686,14.05,Løten,415,1.7999,0.0003,0.0985,1.6641,401.4700725,135.8389531,Lok3,0.222382,4
845,71,,,,2,censored,,G294-17,M,N,Hernes,Hernes_1920,6774588,1270634,2019,2020,G294-17,4.2695,0.48,1.17,86.27294686,14.05,Løten,415,1.7999,0.0003,0.0985,1.6641,401.4700725,135.8389531,Sle3,0.29814099999999999,4
846,39,,,,,other,legal,D-09-23,F,S,Herrestad,Herrestad_0809,6495438,1266244,2008,2009,D-09-23,4.79,0.48,1.45,63.13333333,27.5,Munkedal,1430,2.4,0,0,1.5101,105.7942086,38.21474929,DE4,0.29003899999999999,3
847,39,,1,1,1,disapp,,G4-09,M,S,Herrestad,Herrestad_0809,6495438,1266244,2008,2009,G4-09,4.79,0.48,1.45,63.13333333,27.5,Munkedal,1430,2.4,0,0,1.5101,105.7942086,38.21474929,Grä1,0.26757799999999998,3
848,74,,,0,0,alive,,G143-14,F,N,Hoböl,Hobøl_1617,6606592,1227208,2016,2017,G143-14,4.717,0.87,1.2,58.23655914,83.56,Vestby,211,2.5586,0,0,5.2811,95.93226023,47.29951598,Öma1,0.21771199999999999,0
849,74,,,,0,alive,,G161-15,M,N,Hoböl,Hobøl_1617,6606592,1227208,2016,2017,G161-15,4.717,0.87,1.2,58.23655914,83.56,Vestby,211,2.5586,0,0,5.2811,95.93226023,47.29951598,Öma2,0.42309600000000003,0
850,72,,1,1,1,disapp,,G143-14,F,N,Hoböl,Hobøl_1718,6605179,1228221,2017,2018,G143-14,4.6907,0.83,1.2,80.41794872,81.15,Vestby,211,2.6727,0,0,5.2031,96.03159889,47.53871159,Öma1,0.21771199999999999,0
851,72,,,,2,censored,,G161-15,M,N,Hoböl,Hobøl_1718,6605179,1228221,2017,2018,G161-15,4.6907,0.83,1.2,80.41794872,81.15,Vestby,211,2.6727,0,0,5.2031,96.03159889,47.53871159,Öma2,0.42309600000000003,0
852,85,,1,1,1,disapp,,G166-21,M,S,Hökensås 1,Hökensås_2223,6451050,1401846,2022,2023,,1.9446,0.47,1.27,57.65957447,21.09,Habo,643,1.7911,0,0,0.825,153.4161287,62.50054795,Bäg1,0.27676499999999998,1
853,85,,,,2,censored,,G38-20,F,S,Hökensås 1,Hökensås_2223,6451050,1401846,2022,2023,,1.9446,0.47,1.27,57.65957447,21.09,Habo,643,1.7911,0,0,0.825,153.4161287,62.50054795,Tiv2,0,1
854,70,1,,,1,disapp,,G17-15,M,S,Höljes,Höljes_1516,6762884,1327538,2015,2016,G17-15,5.2692,0.23,0.81,77.87692308,2.77,Torsby,1737,1.9861,0.0006,0.1998,0.0088,437.9118044,96.47264191,Drag2,0.27572600000000003,3
855,70,1,1,1,1,disapp,,G51-13,F,S,Höljes,Höljes_1516,6762884,1327538,2015,2016,G51-13,5.2692,0.23,0.81,77.87692308,2.77,Torsby,1737,1.9861,0.0006,0.1998,0.0088,437.9118044,96.47264191,Jang6,0.16552700000000001,3
856,74,,1,1,1,disapp,,G65-16,F,S,Holmsjön 1,Holmsjön_1617,6652864,1457635,2016,2017,G65-16,4.499,0.38,1.34,76.37301587,11.56,Hällefors,1863,2.3238,0,0.0141,1.7179,270.8359945,58.98341859,Löv6,0.33657799999999999,6
857,74,,,,,alive,,G8-17,M,S,Holmsjön 1,Holmsjön_1617,6652864,1457635,2016,2017,G8-17,4.499,0.38,1.34,76.37301587,11.56,Hällefors,1863,2.3238,0,0.0141,1.7179,270.8359945,58.98341859,Kin1,0.28747600000000001,6
858,72,,,,,other,legal,G16-17,F,S,Holmsjön 2,Holmsjön_1718,6643390,1469017,2017,2018,G16-17,4.4034,0.3,1.36,83.90740741,12.09,Ljusnarsberg,1864,2.3132,0,0.0139,0.3637,245.9745375,59.22318276,Kin1,0.28747600000000001,2
859,72,,,,,other,legal,G8-17,M,S,Holmsjön 2,Holmsjön_1718,6643390,1469017,2017,2018,G8-17,4.4034,0.3,1.36,83.90740741,12.09,Ljusnarsberg,1864,2.3132,0,0.0139,0.3637,245.9745375,59.22318276,Kin1,0.28747600000000001,2
860,58,,,,,other,legal,D-10-74,F,S,Homna 1,Homna_1011,6791231,1481034,2010,2011,D-10-74,3.19,0.14,1.11,89.73383085,5.72,Rättvik,2031,2.5016,0.0034,1.2435,0.0391,297.4001514,63.8671671,Amä1,0.27050800000000003,1
861,58,,,,0,alive,,G37-10,M,S,Homna 1,Homna_1011,6791231,1481034,2010,2011,G37-10,3.19,0.14,1.11,89.73383085,5.72,Rättvik,2031,2.5016,0.0034,1.2435,0.0391,297.4001514,63.8671671,Gal,0,1
862,60,,,0,0,alive,,G1-10,F,S,Homna 2,Homna_1112,6764453,1484887,2011,2012,G1-10,3.7578,0.21,0.96,85.36153846,10.26,Leksand,2029,2.3215,0.0025,0.9196,0.0207,294.5417301,64.14310759,Lång3,0.41039999999999999,3
863,60,,,,0,alive,,G37-10,M,S,Homna 2,Homna_1112,6764453,1484887,2011,2012,G37-10,3.7578,0.21,0.96,85.36153846,10.26,Leksand,2029,2.3215,0.0025,0.9196,0.0207,294.5417301,64.14310759,Gal,0,3
864,64,,1,1,1,disapp,,G1-10,F,S,Homna 2,Homna_1213,6756625,1481199,2012,2013,G1-10,3.7913,0.29,0.93,86.34577114,11.45,Leksand,2029,1.9,0.0021,0.7613,0.234,290.0909374,63.111905,Lång3,0.41039999999999999,2
865,64,,,,2,censored,,G37-10,M,S,Homna 2,Homna_1213,6756625,1481199,2012,2013,G37-10,3.7913,0.29,0.93,86.34577114,11.45,Leksand,2029,1.9,0.0021,0.7613,0.234,290.0909374,63.111905,Gal,0,2
866,71,,1,1,1,disapp,,G27-19,M,N,Hornmoen 1,Hornmoen_1920,6759157,1277130,2019,2020,G27-19,3.7932,0.52,1.3,84.47474747,16.32,Løten,415,1.7999,0.0003,0.1025,1.7436,334.742699,104.3232003,Kvt1,0.206153,4
867,71,,,,,alive,,G85-19,F,N,Hornmoen 1,Hornmoen_1920,6759157,1277130,2019,2020,G85-19,3.7932,0.52,1.3,84.47474747,16.32,Løten,415,1.7999,0.0003,0.1025,1.7436,334.742699,104.3232003,Kyn4,0.30543500000000001,4
868,75,,,,,alive,,G25-20,M,N,Hornmoen 2,Hornmoen_2021,6758159,1278936,2020,2021,,3.7838,0.53,1.28,83.33333333,15.47,Løten,3412,1.6726,0.0002,0.0563,1.7241,336.8258285,105.2828529,Lob1,0.25192599999999998,2
869,75,,,,,alive,,G85-19,F,N,Hornmoen 2,Hornmoen_2021,6758159,1278936,2020,2021,,3.7838,0.53,1.28,83.33333333,15.47,Løten,3412,1.6726,0.0002,0.0563,1.7241,336.8258285,105.2828529,Kyn4,0.30543500000000001,2
870,83,,,,,other,legal,G25-20,M,N,Hornmoen 2,Hornmoen_2122,6752947.675,1286550.769,2021,2022,,4.114,0.46,1.31,85.45522388,11.7,Løten,3412,1.5478,0.0003,0.1209,1.0382,344.6698252,107.3820273,Lob1,0.25192599999999998,4
871,83,,,,,other,legal,G85-19,F,N,Hornmoen 2,Hornmoen_2122,6752947.675,1286550.769,2021,2022,,4.114,0.46,1.31,85.45522388,11.7,Løten,3412,1.5478,0.0003,0.1209,1.0382,344.6698252,107.3820273,Kyn4,0.30543500000000001,4
872,66,,,,,other,legal,G11-14,F,S,Höstet,Höstet_1314,6861576,1357262,2013,2014,G11-14,3.463,0.14,0.46,83.77135854,0.99,Älvdalen,2039,2.218,0.0019,0.7014,0.3415,621.6851244,134.4147851,A,0.12667800000000001,2
873,66,,,,,other,legal,G34-13,M,S,Höstet,Höstet_1314,6861576,1357262,2013,2014,G34-13,3.463,0.14,0.46,83.77135854,0.99,Älvdalen,2039,2.218,0.0019,0.7014,0.3415,621.6851244,134.4147851,Amä2,0.23433699999999999,2
874,71,,,,0,alive,,G205-17,M,S,Igelsjön 1,Igelsjön_1920,6694287,1551742,2019,2020,G205-17,2.1745,0.25,1.27,53.11375661,38.7,Heby,331,2.5921,0.0007,0.2574,0.6755,92.13915556,31.88574147,Glm2,0.400426,1
875,71,,1,1,1,disapp,,G77-17,F,S,Igelsjön 1,Igelsjön_1920,6694287,1551742,2019,2020,G77-17,2.1745,0.25,1.27,53.11375661,38.7,Heby,331,2.5921,0.0007,0.2574,0.6755,92.13915556,31.88574147,Glm1,0.23142399999999999,1
876,75,,,,0,alive,,G205-17,M,S,Igelsjön 2,Igelsjön_2021,6685919,1549317,2020,2021,,2.7351,0.28,1.18,65.61961806,33.2,Heby,331,2.4587,0.0005,0.1747,0.4082,93.36719764,32.25045903,Glm2,0.400426,2
877,75,,,0,0,alive,,G70-19,F,S,Igelsjön 2,Igelsjön_2021,6685919,1549317,2020,2021,,2.7351,0.28,1.18,65.61961806,33.2,Heby,331,2.4587,0.0005,0.1747,0.4082,93.36719764,32.25045903,Tiv2,0,2
878,83,1,,,1,disapp,,G205-17,M,S,Igelsjön 2,Igelsjön_2122,6685183.065,1550447.187,2021,2022,,2.7393,0.28,1.16,73.8989899,32.87,Heby,331,2.1716,0.0002,0.084,0.3874,91.08213152,31.17838395,Glm2,0.400426,3
879,83,1,1,1,1,disapp,,G70-19,F,S,Igelsjön 2,Igelsjön_2122,6685183.065,1550447.187,2021,2022,,2.7393,0.28,1.16,73.8989899,32.87,Heby,331,2.1716,0.0002,0.084,0.3874,91.08213152,31.17838395,Tiv2,0,3
880,75,,,,,alive,,G111-19,F,S,Immen 1,Immen_2021,6602216,1420994,2020,2021,,4.3788,0.35,1.16,72.23589744,21.24,Storfors,1760,2.5843,0,0.0003,0.4902,188.5442,51.6259,Vill4,0.23860500000000001,6
881,75,,,0,0,alive,,G229-17,M,S,Immen 1,Immen_2021,6602216,1420994,2020,2021,,4.3788,0.35,1.16,72.23589744,21.24,Storfors,1760,2.5843,0,0.0003,0.4902,188.5442,51.6259,Kin1,0.28747600000000001,6
882,83,,,,,other,legal,G111-19,F,S,Immen 1,Immen_2122,6601558.742,1426561.419,2021,2022,,4.2633,0.36,1.18,72.15641026,23.94,Hällefors,1863,2.2485,0,0,0.499,194.9439,47.9153,Vill4,0.23860500000000001,7
883,83,,1,1,1,disapp,,G229-17,M,S,Immen 1,Immen_2122,6601558.742,1426561.419,2021,2022,,4.2633,0.36,1.18,72.15641026,23.94,Hällefors,1863,2.2485,0,0,0.499,194.9439,47.9153,Kin1,0.28747600000000001,7
884,22,,,,0,alive,,M-04-04,M,S,Jangen 1,Jangen_0304,6661599,1362417,2003,2004,M-04-04,5.9185,0.33,1.2,74.22792659,8,Torsby,1737,5.2,0,0.0007,0.4142,207.1704633,77.42160945,Ny5,0.26953100000000002,1
885,22,,,0,0,alive,,M-04-05,F,S,Jangen 1,Jangen_0304,6661599,1362417,2003,2004,M-04-05,5.9185,0.33,1.2,74.22792659,8,Torsby,1737,5.2,0,0.0007,0.4142,207.1704633,77.42160945,Fil,0.28125,1
886,28,1,,,1,disapp,confirmed_illegal,M-04-04,M,S,Jangen 1,Jangen1_0405,6665196,1361950,2004,2005,M-04-04,5.8096,0.33,1.19,75.98309179,7.5,Torsby,1737,4.6,0,0.0012,0.3228,211.0405315,76.82535536,Ny5,0.26953100000000002,2
887,28,1,1,1,1,disapp,confirmed_illegal,M-04-05,F,S,Jangen 1,Jangen1_0405,6665196,1361950,2004,2005,M-04-05,5.8096,0.33,1.19,75.98309179,7.5,Torsby,1737,4.6,0,0.0012,0.3228,211.0405315,76.82535536,Fil,0.28125,2
889,29,,,,,alive,,M-05-08,M,S,Jangen 3,Jangen_0506,6666408,1363524,2005,2006,M-05-08,5.6838,0.32,1.2,83.47135417,7.29,Torsby,1737,4,0,0.0081,0.3514,215.0629656,75.59072859,Hag2,0.125,2
890,29,,,,,alive,,M-06-05,F,S,Jangen 3,Jangen_0506,6666408,1363524,2005,2006,M-06-05,5.6838,0.32,1.2,83.47135417,7.29,Torsby,1737,4,0,0.0081,0.3514,215.0629656,75.59072859,Ny5,0.26953100000000002,2
891,31,,,,,other,legal,M-05-08,M,S,Jangen 3,Jangen_0607,6659392,1362597,2006,2007,M-05-08,5.9116,0.33,1.2,71.14925373,8.23,Torsby,1737,3.9,0,0.0069,0.4867,203.7617685,77.52121278,Hag2,0.125,1
892,31,,,,,alive,,M-06-05,F,S,Jangen 3,Jangen_0607,6659392,1362597,2006,2007,M-06-05,5.9116,0.33,1.2,71.14925373,8.23,Torsby,1737,3.9,0,0.0069,0.4867,203.7617685,77.52121278,Ny5,0.26953100000000002,1
893,37,,,,,alive,,D-10-25,M,S,Jangen 4,Jangen_0708,6665105,1358695,2007,2008,D-10-25,5.8639,0.34,1.19,72.62254902,7.26,Torsby,1737,3.6,0,0.004,0.388,208.3113211,78.52012029,Ny5,0.26953100000000002,1
894,37,,,,,alive,,M-06-05,F,S,Jangen 4,Jangen_0708,6665105,1358695,2007,2008,M-06-05,5.8639,0.34,1.19,72.62254902,7.26,Torsby,1737,3.6,0,0.004,0.388,208.3113211,78.52012029,Ny5,0.26953100000000002,1
895,39,,,,,alive,,D-10-25,M,S,Jangen 4,Jangen_0809,6664650,1362800,2008,2009,D-10-25,5.8068,0.33,1.19,84.5479798,7.32,Torsby,1737,3.2,0.0001,0.0539,0.366,211.3868075,76.28763462,Ny5,0.26953100000000002,2
896,39,,,,,alive,,M-06-05,F,S,Jangen 4,Jangen_0809,6664650,1362800,2008,2009,M-06-05,5.8068,0.33,1.19,84.5479798,7.32,Torsby,1737,3.2,0.0001,0.0539,0.366,211.3868075,76.28763462,Ny5,0.26953100000000002,2
897,49,,,,,other,legal,D-10-25,M,S,Jangen 4,Jangen_0910,6665589,1360631,2009,2010,D-10-25,5.795,0.34,1.18,83.13541667,7.06,Torsby,1737,3.6,0.0001,0.0358,0.3262,209.8153383,77.11774258,Ny5,0.26953100000000002,2
898,49,,,,,alive,,M-06-05,F,S,Jangen 4,Jangen_0910,6665589,1360631,2009,2010,M-06-05,5.795,0.34,1.18,83.13541667,7.06,Torsby,1737,3.6,0.0001,0.0358,0.3262,209.8153383,77.11774258,Ny5,0.26953100000000002,2
899,58,,1,1,1,disapp,,G13-08,M,S,Jangen 5,Jangen_1011,6659402,1363425,2010,2011,G13-08,5.8768,0.34,1.21,82.76865672,7.88,Torsby,1737,3.9,0.0001,0.0296,0.5226,203.8934248,77.19418521,Lok1,0.26708999999999999,4
900,58,,,,,alive,,M-06-05,F,S,Jangen 5,Jangen_1011,6659402,1363425,2010,2011,M-06-05,5.8768,0.34,1.21,82.76865672,7.88,Torsby,1737,3.9,0.0001,0.0296,0.5226,203.8934248,77.19418521,Ny5,0.26953100000000002,4
901,60,,,,0,alive,,G6-12,M,S,Jangen 6,Jangen_1112,6669890,1360822,2011,2012,G6-12,5.6951,0.33,1.2,76.15384615,6.23,Torsby,1737,3.8,0.0001,0.0337,0.3327,216.8854975,76.30954123,Kyn2,0,3
902,60,,,,,alive,,M-06-05,F,S,Jangen 6,Jangen_1112,6669890,1360822,2011,2012,M-06-05,5.6951,0.33,1.2,76.15384615,6.23,Torsby,1737,3.8,0.0001,0.0337,0.3327,216.8854975,76.30954123,Ny5,0.26953100000000002,3
903,64,,,,0,alive,,G6-12,M,S,Jangen 6,Jangen_1213,6654462,1363165,2012,2013,G6-12,5.8411,0.33,1.22,82.33333333,9.09,Torsby,1737,4,0,0.0029,0.6149,199.3652225,77.54876143,Kyn2,0,2
904,64,,,,,alive,,M-06-05,F,S,Jangen 6,Jangen_1213,6654462,1363165,2012,2013,M-06-05,5.8411,0.33,1.22,82.33333333,9.09,Torsby,1737,4,0,0.0029,0.6149,199.3652225,77.54876143,Ny5,0.26953100000000002,2
905,66,,,,0,alive,,G6-12,M,S,Jangen 6,Jangen_1314,6664928,1360871,2013,2014,G6-12,5.812,0.34,1.19,67.16275106,6.92,Torsby,1737,3.4,0.0001,0.024,0.3209,209.246613,77.21146829,Kyn2,0,5
906,66,,,,,alive,,M-06-05,F,S,Jangen 6,Jangen_1314,6664928,1360871,2013,2014,M-06-05,5.812,0.34,1.19,67.16275106,6.92,Torsby,1737,3.4,0.0001,0.024,0.3209,209.246613,77.21146829,Ny5,0.26953100000000002,5
907,68,,,,0,alive,,G6-12,M,S,Jangen 6,Jangen_1415,6658343,1359960,2014,2015,G6-12,5.9061,0.31,1.19,81.91542289,7.97,Torsby,1737,2.6,0.0001,0.0325,0.4295,205.1342937,79.40307488,Kyn2,0,3
908,68,,,,,alive,,M-06-05,F,S,Jangen 6,Jangen_1415,6658343,1359960,2014,2015,M-06-05,5.9061,0.31,1.19,81.91542289,7.97,Torsby,1737,2.6,0.0001,0.0325,0.4295,205.1342937,79.40307488,Ny5,0.26953100000000002,3
909,70,,,,0,alive,,G6-12,M,S,Jangen 6,Jangen_1516,6657759,1365761,2015,2016,G6-12,5.7949,0.34,1.24,73,8.09,Torsby,1737,1.9,0,0.0129,0.6726,204.7059518,76.2931514,Kyn2,0,5
910,70,,,,,other,natural,M-06-05,F,S,Jangen 6,Jangen_1516,6657759,1365761,2015,2016,M-06-05,5.7949,0.34,1.24,73,8.09,Torsby,1737,1.9,0,0.0129,0.6726,204.7059518,76.2931514,Ny5,0.26953100000000002,5
911,74,,,,,other,vehicle,G129-14,F,S,Jangen 7,Jangen_1617,6653343,1362072,2016,2017,G129-14,5.8315,0.32,1.23,71.61691542,9.58,Torsby,1737,1.8,0,0.0093,0.6175,198.2614995,77.74954329,Jang6,0.16552700000000001,5
912,74,,,,0,alive,,G78-16,M,S,Jangen 7,Jangen_1617,6653343,1362072,2016,2017,G78-16,5.8315,0.32,1.23,71.61691542,9.58,Torsby,1737,1.8,0,0.0093,0.6175,198.2614995,77.74954329,Fld1,0.235592,5
913,72,1,1,1,1,disapp,,G19-17,F,S,Jangen 8,Jangen_1718,6641627,1361884,2017,2018,G19-17,5.8766,0.37,1.22,82.99502488,13.54,Munkfors,1762,2,0.0001,0.0233,0.9823,174.9906029,74.48957067,Glm1,0.23142399999999999,4
914,72,1,,,1,disapp,,G78-16,M,S,Jangen 8,Jangen_1718,6641627,1361884,2017,2018,G78-16,5.8766,0.37,1.22,82.99502488,13.54,Munkfors,1762,2,0.0001,0.0233,0.9823,174.9906029,74.48957067,Fld1,0.235592,4
915,71,,,0,0,alive,,G17-20,M,S,Järnsjön,Järnsjön_1920,6578251,1297851,2019,2020,G17-20,5.042,0.32,1.1,56.57526882,8.76,Bengtsfors,1460,2.5766,0,0,0.3462,164.1840313,45.61087797,Glm2,0.400426,4
916,71,,,,0,alive,,G63-19,F,S,Järnsjön,Järnsjön_1920,6578251,1297851,2019,2020,G63-19,5.042,0.32,1.1,56.57526882,8.76,Bengtsfors,1460,2.5766,0,0,0.3462,164.1840313,45.61087797,Lax1,0.34669499999999998,4
917,75,1,,,1,disapp,,G17-20,M,S,Järnsjön,Järnsjön_2021,6569862,1301174,2020,2021,,5.3381,0.34,1.07,66.72131148,11.02,Bengtsfors,1460,2.7236,0,0,0.3019,155.8505367,42.20654467,Glm2,0.400426,4
918,75,1,1,1,1,disapp,,G63-19,F,S,Järnsjön,Järnsjön_2021,6569862,1301174,2020,2021,,5.3381,0.34,1.07,66.72131148,11.02,Bengtsfors,1460,2.7236,0,0,0.3019,155.8505367,42.20654467,Lax1,0.34669499999999998,4
919,83,,,0,0,alive,,G50-20,M,S,Järnsjön 2,Järsjön_2122,6683653.318,1478994.055,2021,2022,,5.0456,0.3,1.43,79.04726368,29.77,Smedjebacken,2061,2.4,0.0004,0.1419,2.4656,228.6926,60.295,Aur5,0.29948799999999998,2
920,83,,,,0,alive,,G194-19,F,S,Järnsjön 2,Järsjön_2122,6683653.318,1478994.055,2021,2022,,5.0456,0.3,1.43,79.04726368,29.77,Smedjebacken,2061,2.4,0.0004,0.1419,2.4656,228.6926,60.295,Gmy2,0.233371,2
921,85,,1,1,1,disapp,,G50-20,M,S,Järnsjön 2,Järsjön_2223,6679420.107,1477698.735,2022,2023,,5.0213,0.29,1.44,85.396875,22.88,Smedjebacken,2061,2,0.0004,0.1564,1.9469,224.5583,59.4944,Aur5,0.29948799999999998,3
922,85,,,,2,censored,,G194-19,F,S,Järnsjön 2,Järsjön_2223,6679420.107,1477698.735,2022,2023,,5.0213,0.29,1.44,85.396875,22.88,Smedjebacken,2061,2,0.0004,0.1564,1.9469,224.5583,59.4944,Gmy2,0.233371,3
923,17,,,,,alive,,D-03-15,F,N,Julussa 1,Julussa_0203,6781518,1270719,2002,2003,D-03-15,4.5383,0.31,1.17,98.57971014,9.81,Løten,415,2.686,0.0001,0.022,0.949,419.415253,132.8680473,Gran,0.21093799999999999,1
924,17,,,,0,alive,,G6-03,M,N,Julussa 1,Julussa_0203,6781518,1270719,2002,2003,G6-03,4.5383,0.31,1.17,98.57971014,9.81,Løten,415,2.686,0.0001,0.022,0.949,419.415253,132.8680473,Grav,0.26953100000000002,1
925,22,,,,,other,legal,D-03-15,F,N,Julussa 1,Julussa_0304,6786150,1274504,2003,2004,D-03-15,4.4342,0.29,1.17,82.53802817,7.91,Åmot,429,2.7926,0,0.0029,0.4785,436.9006459,132.8026767,Gran,0.21093799999999999,1
926,22,,,,0,alive,,G6-03,M,N,Julussa 1,Julussa_0304,6786150,1274504,2003,2004,G6-03,4.4342,0.29,1.17,82.53802817,7.91,Åmot,429,2.7926,0,0.0029,0.4785,436.9006459,132.8026767,Grav,0.26953100000000002,1
927,72,,,,,other,legal,G157-15,F,N,Julussa 10,Julussa_1718,6828180,1254242,2017,2018,G157-15,8.6346,0.16,0.94,88.07107843,1.09,Åmot,429,1.7824,0.0002,0.0838,0.3268,573.1143706,182.4962838,Julu9,0.157578,2
928,72,,,,,other,legal,G95-10,M,N,Julussa 10,Julussa_1718,6828180,1254242,2017,2018,G95-10,8.6346,0.16,0.94,88.07107843,1.09,Åmot,429,1.7824,0.0002,0.0838,0.3268,573.1143706,182.4962838,Ulr3,0.284912,2
929,75,,,,,other,legal,G131-19,M,N,Julussa 11,Julussa_2021,6828180,1254242,2020,2021,,8.6346,0.16,0.94,86.62009804,1.05,Åmot,3422,1.6726,0.0002,0.0635,0.3268,573.1143706,182.4962838,Adn1,0.16655300000000001,0
930,75,,,,,other,legal,G51-20,F,N,Julussa 11,Julussa_2021,6828180,1254242,2020,2021,,8.6346,0.16,0.94,86.62009804,1.05,Åmot,3422,1.6726,0.0002,0.0635,0.3268,573.1143706,182.4962838,Kyn4,0.30543500000000001,0
931,83,,,,0,alive,,G105-22,M,N,Julussa 12,Julussa_2122,6828180,1254242,2021,2022,,8.6346,0.16,0.94,87.47303922,1.03,Åmot,3422,1.5478,0.0001,0.031,0.3268,573.1143706,182.4962838,Ulv1,0.21288799999999999,2
932,83,,,0,0,alive,,G191-21,F,N,Julussa 12,Julussa_2122,6828180,1254242,2021,2022,,8.6346,0.16,0.94,87.47303922,1.03,Åmot,3422,1.5478,0.0001,0.031,0.3268,573.1143706,182.4962838,Bjås4,0.121395,2
933,85,,,,2,censored,,G105-22,M,N,Julussa 12,Julussa_2223,6782449.505,1276766.103,2022,2023,,4.4093,0.34,1.09,96.03030303,10.48,Elverum,3420,1.4703,0.0002,0.0707,0.5123,442.7114,130.943,Ulv1,0.21288799999999999,2
934,85,,,2,2,censored,,G191-21,F,N,Julussa 12,Julussa_2223,6782449.505,1276766.103,2022,2023,,4.4093,0.34,1.09,96.03030303,10.48,Elverum,3420,1.4703,0.0002,0.0707,0.5123,442.7114,130.943,Bjås4,0.121395,2
935,28,,,0,0,alive,,G6-03,M,N,Julussa 3,Julussa_0405,6785473,1272294,2004,2005,G6-03,4.7341,0.28,1.19,84.54589372,8.15,Åmot,429,2.5576,0,0.0022,0.6208,429.4237327,134.1702941,Grav,0.26953100000000002,1
936,28,,,,,alive,,M-03-05,F,N,Julussa 3,Julussa_0405,6785473,1272294,2004,2005,M-03-05,4.7341,0.28,1.19,84.54589372,8.15,Åmot,429,2.5576,0,0.0022,0.6208,429.4237327,134.1702941,Ny5,0.26953100000000002,1
937,29,,1,1,1,disapp,,G6-03,M,N,Julussa 3,Julussa_0506,6789790,1271964,2005,2006,G6-03,4.6314,0.24,1.24,85.33076923,6.57,Åmot,429,2.6163,0.0001,0.0514,0.5737,436.4691969,135.4030355,Grav,0.26953100000000002,0
938,29,,,,,alive,,M-03-05,F,N,Julussa 3,Julussa_0506,6789790,1271964,2005,2006,M-03-05,4.6314,0.24,1.24,85.33076923,6.57,Åmot,429,2.6163,0.0001,0.0514,0.5737,436.4691969,135.4030355,Ny5,0.26953100000000002,0
939,31,,,,,other,legal,D-07-15,M,N,Julussa 4,Julussa_0607,6787069,1270101,2006,2007,D-07-15,4.8098,0.24,1.25,88.17391304,7.42,Åmot,429,2.651,0.0001,0.021,0.6014,429.922431,137.0847484,Julu1,0.25683600000000001,0
940,31,,,,,alive,,M-03-05,F,N,Julussa 4,Julussa_0607,6787069,1270101,2006,2007,M-03-05,4.8098,0.24,1.25,88.17391304,7.42,Åmot,429,2.651,0.0001,0.021,0.6014,429.922431,137.0847484,Ny5,0.26953100000000002,0
941,37,,,0,0,alive,,G23-07,M,N,Julussa 5,Julussa_0708,6788956,1271926,2007,2008,G23-07,4.6705,0.24,1.25,84.5245098,6.9,Åmot,429,2.8736,0.0002,0.0843,0.5617,434.7568485,135.2060017,Löv1,0.43847700000000001,0
942,37,,,,,alive,,M-03-05,F,N,Julussa 5,Julussa_0708,6788956,1271926,2007,2008,M-03-05,4.6705,0.24,1.25,84.5245098,6.9,Åmot,429,2.8736,0.0002,0.0843,0.5617,434.7568485,135.2060017,Ny5,0.26953100000000002,0
943,39,,1,1,1,disapp,,G23-07,M,N,Julussa 5,Julussa_0809,6788647,1272635,2008,2009,G23-07,4.6195,0.24,1.23,88.56565657,7.13,Åmot,429,2.9189,0.0003,0.092,0.5463,435.9685235,134.4973741,Löv1,0.43847700000000001,0
944,39,,,,,alive,,M-03-05,F,N,Julussa 5,Julussa_0809,6788647,1272635,2008,2009,M-03-05,4.6195,0.24,1.23,88.56565657,7.13,Åmot,429,2.9189,0.0003,0.092,0.5463,435.9685235,134.4973741,Ny5,0.26953100000000002,0
945,49,1,,,1,disapp,,G72-10,M,N,Julussa 7,Julussa_0910,6791754,1274298,2009,2010,G72-10,4.4539,0.25,1.17,91.96608266,6.2,Åmot,429,2.9397,0.0005,0.1673,0.4464,451.2270498,136.2619471,Ny5,0.26953100000000002,1
946,49,1,1,1,1,disapp,,M-03-05,F,N,Julussa 7,Julussa_0910,6791754,1274298,2009,2010,M-03-05,4.4539,0.25,1.17,91.96608266,6.2,Åmot,429,2.9397,0.0005,0.1673,0.4464,451.2270498,136.2619471,Ny5,0.26953100000000002,1
947,58,,,0,0,alive,,G72-10,M,N,Julussa 8,Julussa_1011,6802816,1273926,2010,2011,G72-10,5.225,0.2,1.24,83.9547619,3.55,Åmot,429,2.928,0.0004,0.1525,0.3206,500.972245,162.5667268,Ny5,0.26953100000000002,1
948,58,,,,0,alive,,G16-12,F,N,Julussa 8,Julussa_1011,6802816,1273926,2010,2011,G16-12,5.225,0.2,1.24,83.9547619,3.55,Åmot,429,2.928,0.0004,0.1525,0.3206,500.972245,162.5667268,Kyn2,0,1
949,60,,1,1,1,disapp,,G72-10,M,N,Julussa 8,Julussa_1112,6815946,1263943,2011,2012,G72-10,7.0534,0.12,1.1,86.37121212,1.97,Åmot,429,2.782,0.0004,0.1506,0.0089,563.3422616,181.8338968,Ny5,0.26953100000000002,0
950,60,,,,0,alive,,G16-12,F,N,Julussa 8,Julussa_1112,6815946,1263943,2011,2012,G16-12,7.0534,0.12,1.1,86.37121212,1.97,Åmot,429,2.782,0.0004,0.1506,0.0089,563.3422616,181.8338968,Kyn2,0,0
951,64,,,0,0,alive,,G16-12,F,N,Julussa 9,Julussa_1213,6814941,1261475,2012,2013,G16-12,7.2271,0.12,1.11,91.09761905,1.9,Åmot,429,2.6061,0.0004,0.1513,0.0108,567.0000643,191.2350351,Kyn2,0,2
952,64,,,,,alive,,G95-10,M,N,Julussa 9,Julussa_1213,6814941,1261475,2012,2013,G95-10,7.2271,0.12,1.11,91.09761905,1.9,Åmot,429,2.6061,0.0004,0.1513,0.0108,567.0000643,191.2350351,Ulr3,0.284912,2
953,66,,,0,0,alive,,G16-12,F,N,Julussa 9,Julussa_1314,6814602,1262131,2013,2014,G16-12,7.1443,0.12,1.13,87.16363038,1.96,Åmot,429,2.5291,0.0003,0.1104,0.0167,563.7779145,189.5609849,Kyn2,0,0
954,66,,,,,alive,,G95-10,M,N,Julussa 9,Julussa_1314,6814602,1262131,2013,2014,G95-10,7.1443,0.12,1.13,87.16363038,1.96,Åmot,429,2.5291,0.0003,0.1104,0.0167,563.7779145,189.5609849,Ulr3,0.284912,0
955,68,,,0,0,alive,,G16-12,F,N,Julussa 9,Julussa_1415,6815410,1262736,2014,2015,G16-12,7.1166,0.12,1.11,87.58679276,1.98,Åmot,429,2.2496,0.0002,0.0672,0.0108,564.8546735,186.3958053,Kyn2,0,2
956,68,,,,,alive,,G95-10,M,N,Julussa 9,Julussa_1415,6815410,1262736,2014,2015,G95-10,7.1166,0.12,1.11,87.58679276,1.98,Åmot,429,2.2496,0.0002,0.0672,0.0108,564.8546735,186.3958053,Ulr3,0.284912,2
957,70,,,0,0,alive,,G16-12,F,N,Julussa 9,Julussa_1516,6814282,1265013,2015,2016,G16-12,6.8189,0.12,1.15,77.35492958,2.15,Åmot,429,1.9696,0.0002,0.07,0.0283,552.7136471,180.3962823,Kyn2,0,3
958,70,,,,,alive,,G95-10,M,N,Julussa 9,Julussa_1516,6814282,1265013,2015,2016,G95-10,6.8189,0.12,1.15,77.35492958,2.15,Åmot,429,1.9696,0.0002,0.07,0.0283,552.7136471,180.3962823,Ulr3,0.284912,3
959,74,,1,1,1,disapp,,G16-12,F,N,Julussa 9,Julussa_1617,6817244,1258493,2016,2017,G16-12,7.7111,0.12,1.01,85.39800995,1.66,Åmot,429,1.8426,0.0002,0.0756,0.0049,579.4565275,197.95849,Kyn2,0,1
960,74,,,,,alive,,G95-10,M,N,Julussa 9,Julussa_1617,6817244,1258493,2016,2017,G95-10,7.7111,0.12,1.01,85.39800995,1.66,Åmot,429,1.8426,0.0002,0.0756,0.0049,579.4565275,197.95849,Ulr3,0.284912,1
961,22,,,,,alive,,M-05-10,F,S,Juvberget 1,Juvberget_0304,6739672,1310962,2003,2004,M-05-10,4.8517,0.35,1.74,80.65507246,5.96,Torsby,1737,3.6376,0,0.007,0.0675,369.4809371,100.6203079,Tyn,0.21875,1
962,22,,,0,0,alive,,M-06-06,M,S,Juvberget 1,Juvberget_0304,6739672,1310962,2003,2004,M-06-06,4.8517,0.35,1.74,80.65507246,5.96,Torsby,1737,3.6376,0,0.007,0.0675,369.4809371,100.6203079,Fil,0.28125,1
963,28,,,,,alive,,M-05-10,F,S,Juvberget 1,Juvberget_0405,6757707,1314780,2004,2005,M-05-10,5.03,0.21,1.14,82.1119403,4.25,Torsby,1737,3.8463,0.0001,0.0224,0.002,419.0450748,99.83416081,Tyn,0.21875,1
964,28,,,0,0,alive,,M-06-06,M,S,Juvberget 1,Juvberget_0405,6757707,1314780,2004,2005,M-06-06,5.03,0.21,1.14,82.1119403,4.25,Torsby,1737,3.8463,0.0001,0.0224,0.002,419.0450748,99.83416081,Fil,0.28125,1
965,29,,,,0,alive,,M-05-10,F,S,Juvberget 1,Juvberget_0506,6758828,1313654,2005,2006,M-05-10,4.9468,0.2,1.16,83.90547264,4.39,Torsby,1737,3.4258,0.0002,0.0814,0.002,421.2683114,96.91021852,Tyn,0.21875,1
966,29,,,0,0,alive,,M-06-06,M,S,Juvberget 1,Juvberget_0506,6758828,1313654,2005,2006,M-06-06,4.9468,0.2,1.16,83.90547264,4.39,Torsby,1737,3.4258,0.0002,0.0814,0.002,421.2683114,96.91021852,Fil,0.28125,1
967,31,,,,0,alive,,M-05-10,F,S,Juvberget 1,Juvberget_0607,6757766,1314253,2006,2007,M-05-10,4.9576,0.21,1.15,87.45641026,4.31,Torsby,1737,3.4154,0.0002,0.081,0.002,417.8389099,98.76421946,Tyn,0.21875,3
968,31,,,0,0,alive,,M-06-06,M,S,Juvberget 1,Juvberget_0607,6757766,1314253,2006,2007,M-06-06,4.9576,0.21,1.15,87.45641026,4.31,Torsby,1737,3.4154,0.0002,0.081,0.002,417.8389099,98.76421946,Fil,0.28125,3
969,37,,,,0,alive,,M-05-10,F,S,Juvberget 1,Juvberget_0708,6759478,1313642,2007,2008,M-05-10,4.9625,0.21,1.15,82.95897436,4.35,Torsby,1737,3.2942,0.0003,0.1193,0.002,424.3349883,96.82592261,Tyn,0.21875,1
970,37,,,0,0,alive,,M-06-06,M,S,Juvberget 1,Juvberget_0708,6759478,1313642,2007,2008,M-06-06,4.9625,0.21,1.15,82.95897436,4.35,Torsby,1737,3.2942,0.0003,0.1193,0.002,424.3349883,96.82592261,Fil,0.28125,1
971,39,,,,0,alive,,M-05-10,F,S,Juvberget 1,Juvberget_0809,6755833,1308802,2008,2009,M-05-10,4.314,0.2,1.3,85.46666667,5.28,Torsby,1737,3.0386,0.0002,0.0748,0.001,402.743157,91.67939805,Tyn,0.21875,2
972,39,,,0,0,alive,,M-06-06,M,S,Juvberget 1,Juvberget_0809,6755833,1308802,2008,2009,M-06-06,4.314,0.2,1.3,85.46666667,5.28,Torsby,1737,3.0386,0.0002,0.0748,0.001,402.743157,91.67939805,Fil,0.28125,2
973,49,,,,0,alive,,M-05-10,F,S,Juvberget 1,Juvberget_0910,6750270,1318474,2009,2010,M-05-10,5.1555,0.27,1.24,84.00210084,4.09,Torsby,1737,3.4052,0.0001,0.0389,0.002,390.8271571,105.4292175,Tyn,0.21875,3
974,49,,1,1,1,disapp,,M-06-06,M,S,Juvberget 1,Juvberget_0910,6750270,1318474,2009,2010,M-06-06,5.1555,0.27,1.24,84.00210084,4.09,Torsby,1737,3.4052,0.0001,0.0389,0.002,390.8271571,105.4292175,Fil,0.28125,3
975,58,,,0,0,alive,,M-05-10,F,S,Juvberget 2,Juvberget_1011,6753066,1317219,2010,2011,M-05-10,5.1808,0.24,1.19,83.94949495,4.07,Torsby,1737,3.5996,0.0003,0.1089,0.002,403.793543,104.3503013,Tyn,0.21875,3
976,58,,,,0,alive,,G29-10,M,S,Juvberget 2,Juvberget_1011,6753066,1317219,2010,2011,G29-10,5.1808,0.24,1.19,83.94949495,4.07,Torsby,1737,3.5996,0.0003,0.1089,0.002,403.793543,104.3503013,Has3,0.31103500000000001,3
977,60,,,0,0,alive,,M-05-10,F,S,Juvberget 2,Juvberget_1112,6752586,1318081,2011,2012,M-05-10,5.1835,0.25,1.18,83.69949495,4.01,Torsby,1737,3.5089,0.0003,0.1086,0.002,401.4507877,105.5732549,Tyn,0.21875,4
978,60,,,,0,alive,,G29-10,M,S,Juvberget 2,Juvberget_1112,6752586,1318081,2011,2012,G29-10,5.1835,0.25,1.18,83.69949495,4.01,Torsby,1737,3.5089,0.0003,0.1086,0.002,401.4507877,105.5732549,Has3,0.31103500000000001,4
979,64,,1,1,1,disapp,,M-05-10,F,S,Juvberget 2,Juvberget_1213,6748301,1321948,2012,2013,M-05-10,5.2479,0.26,1.13,85.23076923,3.71,Torsby,1737,3.7156,0.0002,0.0855,0.002,389.67333,105.5724993,Tyn,0.21875,3
980,64,,,,2,censored,,G29-10,M,S,Juvberget 2,Juvberget_1213,6748301,1321948,2012,2013,G29-10,5.2479,0.26,1.13,85.23076923,3.71,Torsby,1737,3.7156,0.0002,0.0855,0.002,389.67333,105.5724993,Has3,0.31103500000000001,3
981,68,,,,1,disapp,,G29-10,M,S,Juvberget 3,Juvberget_1415,6753381,1319422,2014,2015,G29-10,5.1815,0.24,1.09,87.66161616,3.73,Torsby,1737,2.5173,0.0004,0.1589,0.002,404.6607605,104.3083678,Has3,0.31103500000000001,4
982,68,,,1,1,disapp,,G51-13,F,S,Juvberget 3,Juvberget_1415,6753381,1319422,2014,2015,G51-13,5.1815,0.24,1.09,87.66161616,3.73,Torsby,1737,2.5173,0.0004,0.1589,0.002,404.6607605,104.3083678,Jang6,0.16552700000000001,4
983,70,,,,0,alive,,G148-15,M,S,Juvberget 4,Juvberget_1516,6756146,1315117,2015,2016,G148-15,5.0433,0.21,1.16,78.52941176,4.08,Torsby,1737,1.9247,0.0004,0.1538,0.002,414.2139514,101.2576607,Sång2,0.273621,4
984,70,,,0,0,alive,,G34-16,F,S,Juvberget 4,Juvberget_1516,6756146,1315117,2015,2016,G34-16,5.0433,0.21,1.16,78.52941176,4.08,Torsby,1737,1.9247,0.0004,0.1538,0.002,414.2139514,101.2576607,Sku,0.15216099999999999,4
985,74,1,,,1,disapp,,G148-15,M,S,Juvberget 4,Juvberget_1617,6747710,1319211,2016,2017,G148-15,5.2099,0.27,1.3,83.25252525,4.04,Torsby,1737,1.8126,0.0003,0.109,0.002,383.7481069,101.8007499,Sång2,0.273621,5
986,74,1,1,1,1,disapp,,G34-16,F,S,Juvberget 4,Juvberget_1617,6747710,1319211,2016,2017,G34-16,5.2099,0.27,1.3,83.25252525,4.04,Torsby,1737,1.8126,0.0003,0.109,0.002,383.7481069,101.8007499,Sku,0.15216099999999999,5
987,72,,,,,other,natural,G146-15,M,S,Juvberget 5,Juvberget_1718,6766103,1304698,2017,2018,G146-15,4.1284,0.19,1.12,86.48232323,6.92,Torsby,1737,1.8386,0.0003,0.0959,0.0148,455.0782516,97.5220375,Juv4,0.317108,5
988,72,,,,,alive,,G160-16,F,S,Juvberget 5,Juvberget_1718,6766103,1304698,2017,2018,G160-16,4.1284,0.19,1.12,86.48232323,6.92,Torsby,1737,1.8386,0.0003,0.0959,0.0148,455.0782516,97.5220375,Vmy1,0.23388300000000001,5
989,68,,,,,alive,,G160-16,F,S,Juvberget 6,Juvberget_1819,6762823,1308181,2018,2019,G160-16,4.2921,0.19,1.16,85.74754902,5.71,Torsby,1737,2.0076,0.0004,0.1557,0,434.0998261,94.76014654,Vmy1,0.23388300000000001,3
990,68,,,0,0,alive,,G86-16,M,S,Juvberget 6,Juvberget_1819,6762823,1308181,2018,2019,G86-16,4.2921,0.19,1.16,85.74754902,5.71,Torsby,1737,2.0076,0.0004,0.1557,0,434.0998261,94.76014654,Tans3,0.16552700000000001,3
991,71,,,,,alive,,G160-16,F,S,Juvberget 6,Juvberget_1920,6756391,1317738,2019,2020,G160-16,5.2864,0.22,1.08,81.69852941,3.63,Torsby,1737,2.3888,0.0007,0.2541,0.002,418.8492539,102.9990556,Vmy1,0.23388300000000001,4
992,71,,1,1,1,disapp,,G86-16,M,S,Juvberget 6,Juvberget_1920,6756391,1317738,2019,2020,G86-16,5.2864,0.22,1.08,81.69852941,3.63,Torsby,1737,2.3888,0.0007,0.2541,0.002,418.8492539,102.9990556,Tans3,0.16552700000000001,4
993,75,,,,,alive,,G160-16,F,S,Juvberget 7,Juvberget_2021,6751780,1315793,2020,2021,,5.0278,0.26,1.29,84.02307692,4.06,Torsby,1737,2.4471,0.0006,0.209,0.002,394.5843909,101.0336351,Vmy1,0.23388300000000001,4
994,75,,,,,alive,,G64-19,M,S,Juvberget 7,Juvberget_2021,6751780,1315793,2020,2021,,5.0278,0.26,1.29,84.02307692,4.06,Torsby,1737,2.4471,0.0006,0.209,0.002,394.5843909,101.0336351,Bgr3,0.243233,4
995,83,,,,,alive,,G160-16,F,S,Juvberget 7,Juvberget_2122,6748563.079,1318259.131,2021,2022,,5.1677,0.27,1.32,84.3025641,3.96,Torsby,1737,2.3325,0.0006,0.2017,0.002,384.9751718,101.9598165,Vmy1,0.23388300000000001,8
996,83,,,,,alive,,G64-19,M,S,Juvberget 7,Juvberget_2122,6748563.079,1318259.131,2021,2022,,5.1677,0.27,1.32,84.3025641,3.96,Torsby,1737,2.3325,0.0006,0.2017,0.002,384.9751718,101.9598165,Bgr3,0.243233,8
997,85,,,,,other,legal,G160-16,F,S,Juvberget 7,Juvberget_2223,6749597,1318102,2022,2023,,5.1492,0.27,1.3,93.39130435,3.85,Torsby,1737,2.1081,0.0003,0.124,0.002,388.0401793,103.5850414,Vmy1,0.23388300000000001,2
998,85,,,,,other,legal,G64-19,M,S,Juvberget 7,Juvberget_2223,6749597,1318102,2022,2023,,5.1492,0.27,1.3,93.39130435,3.85,Torsby,1737,2.1081,0.0003,0.124,0.002,388.0401793,103.5850414,Bgr3,0.243233,2
999,75,,,,0,alive,,G28-20,F,S,Käppesjön 1,Käppesjön_2021,6553415,1307810,2020,2021,,5.4791,0.43,1.3,62.92614137,17.33,Bengtsfors,1460,2.5488,0,0,1.1937,130.9189079,48.96659921,Mgr2,0.18076400000000001,2
1000,75,,1,1,1,disapp,,G69-18,M,S,Käppesjön 1,Käppesjön_2021,6553415,1307810,2020,2021,,5.4791,0.43,1.3,62.92614137,17.33,Bengtsfors,1460,2.5488,0,0,1.1937,130.9189079,48.96659921,Öma4,0.47382000000000002,2
1001,83,,1,1,1,disapp,,G28-20,F,S,Käppesjön 2,Käppesjön_2122,6558173.675,1305719.499,2021,2022,,5.6303,0.39,1.24,62.55191257,15.75,Bengtsfors,1460,2.39,0,0,0.9084,140.864676,43.93166283,Mgr2,0.18076400000000001,2
1002,83,,,,,alive,,G44-21,M,S,Käppesjön 2,Käppesjön_2122,6558173.675,1305719.499,2021,2022,,5.6303,0.39,1.24,62.55191257,15.75,Bengtsfors,1460,2.39,0,0,0.9084,140.864676,43.93166283,Bok2,7.4625999999999998E-2,2
1003,68,,1,1,1,disapp,,G1-15,F,S,Kärrgången,Kärrgången_1415,6637107,1527055,2014,2015,G1-15,2.5656,0.41,1.23,63.62564103,48.6,Skinnskatteberg,1904,2.4,0,0.0086,1.7266,88.83759836,21.77489636,Fär,0.29736299999999999,2
1004,68,,,,,other,vehicle,G16-15,M,S,Kärrgången,Kärrgången_1415,6637107,1527055,2014,2015,G16-15,2.5656,0.41,1.23,63.62564103,48.6,Skinnskatteberg,1904,2.4,0,0.0086,1.7266,88.83759836,21.77489636,Fhg1,0.14682000000000001,2
1005,66,,,0,0,alive,,G20-13,F,S,Kerto,Kerto_1314,6677100,1332925,2013,2014,G20-13,6.4745,0.28,1.3,73.09533582,4.89,Torsby,1737,3.366,0.0001,0.0305,0.5747,267.1726805,102.4996891,Sku,0.15216099999999999,5
1006,66,,,,0,alive,,G27-14,M,S,Kerto,Kerto_1314,6677100,1332925,2013,2014,G27-14,6.4745,0.28,1.3,73.09533582,4.89,Torsby,1737,3.366,0.0001,0.0305,0.5747,267.1726805,102.4996891,Trå,0.29980499999999999,5
1007,68,,,0,0,alive,,G20-13,F,S,Kerto,Kerto_1415,6685334,1328262,2014,2015,G20-13,6.7073,0.29,1.37,88.15625,5.17,Torsby,1737,2.539,0.0001,0.0531,0.1029,298.1271121,99.15438231,Sku,0.15216099999999999,7
1008,68,,,,0,alive,,G27-14,M,S,Kerto,Kerto_1415,6685334,1328262,2014,2015,G27-14,6.7073,0.29,1.37,88.15625,5.17,Torsby,1737,2.539,0.0001,0.0531,0.1029,298.1271121,99.15438231,Trå,0.29980499999999999,7
1009,70,1,1,1,1,disapp,,G20-13,F,S,Kerto,Kerto_1516,6688108,1325737,2015,2016,G20-13,6.6148,0.3,1.47,77.01212121,5.93,Torsby,1737,1.919,0.0001,0.0494,0.0553,313.0841318,94.88670932,Sku,0.15216099999999999,6
1010,70,1,,,1,disapp,,G27-14,M,S,Kerto,Kerto_1516,6688108,1325737,2015,2016,G27-14,6.6148,0.3,1.47,77.01212121,5.93,Torsby,1737,1.919,0.0001,0.0494,0.0553,313.0841318,94.88670932,Trå,0.29980499999999999,6
1011,70,,,0,0,alive,,G64-17,F,S,Kesberget,Kesberget_1516,6629476,1496578,2015,2016,,3.2942,0.28,1.15,63.00615385,16.46,Lindesberg,1885,2.3999,0,0.0039,0.5935,131.846425,39.54879049,Fär2,0.222382,4
1012,70,,,,0,alive,,G89-16,M,S,Kesberget,Kesberget_1516,6629476,1496578,2015,2016,,3.2942,0.28,1.15,63.00615385,16.46,Lindesberg,1885,2.3999,0,0.0039,0.5935,131.846425,39.54879049,Vmy1,0.23388300000000001,4
1013,74,,,0,0,alive,,G64-17,F,S,Kesberget,Kesberget_1617,6629476,1496578,2016,2017,G64-17,3.2942,0.28,1.15,70.51794872,16.53,Lindesberg,1885,2.3066,0,0.0009,0.5935,131.846425,39.54879049,Fär2,0.222382,5
1014,74,,,,0,alive,,G89-16,M,S,Kesberget,Kesberget_1617,6629476,1496578,2016,2017,G89-16,3.2942,0.28,1.15,70.51794872,16.53,Lindesberg,1885,2.3066,0,0.0009,0.5935,131.846425,39.54879049,Vmy1,0.23388300000000001,5
1015,72,,,0,0,alive,,G64-17,F,S,Kesberget,Kesberget_1718,6632864,1503807,2017,2018,G64-17,3.1453,0.31,1.16,80.60447761,21.19,Skinnskatteberg,1904,2.1,0,0.0125,0.826,120.1598723,30.82190805,Fär2,0.222382,4
1016,72,,,,0,alive,,G89-16,M,S,Kesberget,Kesberget_1718,6632864,1503807,2017,2018,G89-16,3.1453,0.31,1.16,80.60447761,21.19,Skinnskatteberg,1904,2.1,0,0.0125,0.826,120.1598723,30.82190805,Vmy1,0.23388300000000001,4
1017,68,,,0,0,alive,,G64-17,F,S,Kesberget,Kesberget_1819,6637370,1501259,2018,2019,G64-17,3.4656,0.34,1.2,76.50520833,21.87,Skinnskatteberg,1904,1.9216,0,0.0063,1.3047,134.2155228,40.10513531,Fär2,0.222382,3
1018,68,,,,0,alive,,G89-16,M,S,Kesberget,Kesberget_1819,6637370,1501259,2018,2019,G89-16,3.4656,0.34,1.2,76.50520833,21.87,Skinnskatteberg,1904,1.9216,0,0.0063,1.3047,134.2155228,40.10513531,Vmy1,0.23388300000000001,3
1019,71,,,0,0,alive,,G64-17,F,S,Kesberget,Kesberget_1920,6639903,1499229,2019,2020,G64-17,3.6842,0.34,1.23,50.92039801,21.56,Skinnskatteberg,1904,2.039,0.0001,0.0224,1.4336,142.93207,45.35242948,Fär2,0.222382,5
1020,71,,,,0,alive,,G89-16,M,S,Kesberget,Kesberget_1920,6639903,1499229,2019,2020,G89-16,3.6842,0.34,1.23,50.92039801,21.56,Skinnskatteberg,1904,2.039,0.0001,0.0224,1.4336,142.93207,45.35242948,Vmy1,0.23388300000000001,5
1021,75,,,0,0,alive,,G64-17,F,S,Kesberget,Kesberget_2021,6624945,1506202,2020,2021,,2.9791,0.32,1.19,61.82326389,24.3,Skinnskatteberg,1904,2.1,0,0.0009,0.776,103.4018319,24.79912889,Fär2,0.222382,4
1022,75,,,,0,alive,,G89-16,M,S,Kesberget,Kesberget_2021,6624945,1506202,2020,2021,,2.9791,0.32,1.19,61.82326389,24.3,Skinnskatteberg,1904,2.1,0,0.0009,0.776,103.4018319,24.79912889,Vmy1,0.23388300000000001,4
1023,83,,,0,0,alive,,G64-17,F,S,Kesberget,Kesberget_2122,6633971.451,1504329.304,2021,2022,,3.1745,0.31,1.15,69.22139303,21.82,Skinnskatteberg,1904,1.901,0,0.0001,0.8778,120.9913227,30.53928169,Fär2,0.222382,4
1024,83,,,,0,alive,,G89-16,M,S,Kesberget,Kesberget_2122,6633971.451,1504329.304,2021,2022,,3.1745,0.31,1.15,69.22139303,21.82,Skinnskatteberg,1904,1.901,0,0.0001,0.8778,120.9913227,30.53928169,Vmy1,0.23388300000000001,4
1025,85,,,2,2,censored,,G64-17,F,S,Kesberget,Kesberget_2223,6635673,1501694,2022,2023,,3.3656,0.33,1.19,75.72923077,20.91,Skinnskatteberg,1904,1.5105,0,0.0108,1.1368,130.0548157,37.47307658,Fär2,0.222382,5
1026,85,,,,2,censored,,G89-16,M,S,Kesberget,Kesberget_2223,6635673,1501694,2022,2023,,3.3656,0.33,1.19,75.72923077,20.91,Skinnskatteberg,1904,1.5105,0,0.0108,1.1368,130.0548157,37.47307658,Vmy1,0.23388300000000001,5
1027,17,,,0,0,alive,,G7-03,F,S,Kilsbergen,Kilsbergen_0203,6589261,1440853,2002,2003,G7-03,3.7194,0.45,1.29,65.76262626,48.28,Storfors,1760,4.4008,0,0,1.2106,186.4920727,45.13329109,Ock1,0.1875,1
1028,17,,,,0,alive,,M-05-04,M,S,Kilsbergen,Kilsbergen_0203,6589261,1440853,2002,2003,M-05-04,3.7194,0.45,1.29,65.76262626,48.28,Storfors,1760,4.4008,0,0,1.2106,186.4920727,45.13329109,Grav,0.26953100000000002,1
1029,22,,,0,0,alive,,G7-03,F,S,Kilsbergen,Kilsbergen_0304,6592188,1440640,2003,2004,G7-03,3.7586,0.41,1.27,75.35555556,43.87,Storfors,1760,4.203,0,0,1.0668,192.9385006,42.07024118,Ock1,0.1875,1
1030,22,,,,0,alive,,M-05-04,M,S,Kilsbergen,Kilsbergen_0304,6592188,1440640,2003,2004,M-05-04,3.7586,0.41,1.27,75.35555556,43.87,Storfors,1760,4.203,0,0,1.0668,192.9385006,42.07024118,Grav,0.26953100000000002,1
1031,28,,,0,0,alive,,G7-03,F,S,Kilsbergen,Kilsbergen_0405,6591149,1442492,2004,2005,G7-03,3.7258,0.42,1.28,77.14480874,45.62,Lekeberg,1814,4.2,0,0,1.1261,187.8541271,45.94176533,Ock1,0.1875,0
1032,28,,,,0,alive,,M-05-04,M,S,Kilsbergen,Kilsbergen_0405,6591149,1442492,2004,2005,M-05-04,3.7258,0.42,1.28,77.14480874,45.62,Lekeberg,1814,4.2,0,0,1.1261,187.8541271,45.94176533,Grav,0.26953100000000002,0
1033,29,,,0,0,alive,,G7-03,F,S,Kilsbergen,Kilsbergen_0506,6591482,1439657,2005,2006,G7-03,3.7396,0.42,1.26,84.24867725,44.47,Storfors,1760,3.7021,0,0,1.0791,192.2551782,42.1463365,Ock1,0.1875,0
1034,29,,,,0,alive,,M-05-04,M,S,Kilsbergen,Kilsbergen_0506,6591482,1439657,2005,2006,M-05-04,3.7396,0.42,1.26,84.24867725,44.47,Storfors,1760,3.7021,0,0,1.0791,192.2551782,42.1463365,Grav,0.26953100000000002,0
1035,31,,,0,0,alive,,G7-03,F,S,Kilsbergen,Kilsbergen_0607,6592190,1437934,2006,2007,G7-03,3.7162,0.43,1.28,63.02645503,42.55,Storfors,1760,3.3132,0,0,1.0481,193.1553709,42.80599917,Ock1,0.1875,1
1036,31,,,,0,alive,,M-05-04,M,S,Kilsbergen,Kilsbergen_0607,6592190,1437934,2006,2007,M-05-04,3.7162,0.43,1.28,63.02645503,42.55,Storfors,1760,3.3132,0,0,1.0481,193.1553709,42.80599917,Grav,0.26953100000000002,1
1037,37,1,1,1,1,disapp,,G7-03,F,S,Kilsbergen,Kilsbergen_0708,6591912,1444042,2007,2008,G7-03,3.7302,0.42,1.22,62.88020833,44.8,Lekeberg,1814,2.9,0,0,1.066,185.1466283,49.30859587,Ock1,0.1875,1
1038,37,1,,,1,disapp,,M-05-04,M,S,Kilsbergen,Kilsbergen_0708,6591912,1444042,2007,2008,M-05-04,3.7302,0.42,1.22,62.88020833,44.8,Lekeberg,1814,2.9,0,0,1.066,185.1466283,49.30859587,Grav,0.26953100000000002,1
1039,64,,,,,alive,,G27-11,M,S,Kindla,Kindla_1213,6634523,1446393,2012,2013,G27-11,4.594,0.3,1.36,81.67424242,9.5,Hällefors,1863,3.3,0,0.0102,0.4616,224.8606047,49.74046711,Sil1,0.227051,4
1040,64,,,,,alive,,G60-13,F,S,Kindla,Kindla_1213,6634523,1446393,2012,2013,G60-13,4.594,0.3,1.36,81.67424242,9.5,Hällefors,1863,3.3,0,0.0102,0.4616,224.8606047,49.74046711,Ack,0.30590800000000001,4
1041,66,,,,,alive,,G27-11,M,S,Kindla,Kindla_1314,6641238,1443751,2013,2014,G27-11,4.6983,0.3,1.32,71.41666667,8.17,Hällefors,1863,2.8811,0.0001,0.0499,0.5808,245.9771425,53.72095106,Sil1,0.227051,5
1042,66,,,,,alive,,G60-13,F,S,Kindla,Kindla_1314,6641238,1443751,2013,2014,G60-13,4.6983,0.3,1.32,71.41666667,8.17,Hällefors,1863,2.8811,0.0001,0.0499,0.5808,245.9771425,53.72095106,Ack,0.30590800000000001,5
1043,68,,,,,alive,,G27-11,M,S,Kindla,Kindla_1415,6638814,1442676,2014,2015,G27-11,4.6767,0.31,1.32,84.72222222,8.13,Hällefors,1863,2.694,0,0.0166,0.5967,237.8036129,50.90971364,Sil1,0.227051,6
1044,68,,,,,alive,,G60-13,F,S,Kindla,Kindla_1415,6638814,1442676,2014,2015,G60-13,4.6767,0.31,1.32,84.72222222,8.13,Hällefors,1863,2.694,0,0.0166,0.5967,237.8036129,50.90971364,Ack,0.30590800000000001,6
1045,70,,,,,alive,,G27-11,M,S,Kindla,Kindla_1516,6648151,1441838,2015,2016,G27-11,4.615,0.31,1.23,67.890625,9.05,Filipstad,1782,2.3844,0.0001,0.0342,0.5596,264.5147272,55.39248336,Sil1,0.227051,6
1046,70,,,,,alive,,G60-13,F,S,Kindla,Kindla_1516,6648151,1441838,2015,2016,G60-13,4.615,0.31,1.23,67.890625,9.05,Filipstad,1782,2.3844,0.0001,0.0342,0.5596,264.5147272,55.39248336,Ack,0.30590800000000001,6
1047,74,,,,,other,natural,G27-11,M,S,Kindla,Kindla_1617,6641796,1449854,2016,2017,G27-11,4.5629,0.3,1.31,76.03645833,9.35,Hällefors,1863,2.398,0,0.005,0.6841,251.1413075,59.83405577,Sil1,0.227051,7
1048,74,,,,,other,vehicle,G60-13,F,S,Kindla,Kindla_1617,6641796,1449854,2016,2017,G60-13,4.5629,0.3,1.31,76.03645833,9.35,Hällefors,1863,2.398,0,0.005,0.6841,251.1413075,59.83405577,Ack,0.30590800000000001,7
1049,64,,,,,alive,,G32-12,M,S,Kläggen,Kläggen_1213,6700125,1332991,2012,2013,G32-12,5.8495,0.27,1.29,85.81884058,3.31,Torsby,1737,3.8244,0.0001,0.0284,0.0936,324.3804853,101.4280482,Ack,0.30590800000000001,6
1050,64,,,,,alive,,G85-11,F,S,Kläggen,Kläggen_1213,6700125,1332991,2012,2013,G85-11,5.8495,0.27,1.29,85.81884058,3.31,Torsby,1737,3.8244,0.0001,0.0284,0.0936,324.3804853,101.4280482,Amä1,0.27050800000000003,6
1051,66,,,,,alive,,G32-12,M,S,Kläggen,Kläggen_1314,6696110,1330138,2013,2014,G32-12,6.2603,0.3,1.45,79.15641026,3.91,Torsby,1737,3.2441,0.0002,0.0856,0.0911,318.7700158,99.51043624,Ack,0.30590800000000001,6
1052,66,,,,,alive,,G85-11,F,S,Kläggen,Kläggen_1314,6696110,1330138,2013,2014,G85-11,6.2603,0.3,1.45,79.15641026,3.91,Torsby,1737,3.2441,0.0002,0.0856,0.0911,318.7700158,99.51043624,Amä1,0.27050800000000003,6
1053,68,,,,,other,legal,G32-12,M,S,Kläggen,Kläggen_1415,6695637,1333845,2014,2015,G32-12,6.2297,0.26,1.33,88.40512821,3.14,Torsby,1737,2.5734,0.0002,0.0816,0.1201,304.7906501,106.32309,Ack,0.30590800000000001,7
1054,68,,,,,other,legal,G85-11,F,S,Kläggen,Kläggen_1415,6695637,1333845,2014,2015,G85-11,6.2297,0.26,1.33,88.40512821,3.14,Torsby,1737,2.5734,0.0002,0.0816,0.1201,304.7906501,106.32309,Amä1,0.27050800000000003,7
1055,64,,,,,other,legal,G100-12,M,S,Klaxåsen 1,Klaxåsen_1213,6912203,1426968,2012,2013,G100-12,3.7937,0.1,0.76,94.03199891,1.02,Berg,2326,2.5,0.0033,1.1908,0.1479,526.4346681,103.8995114,Ria,0.13885500000000001,0
1056,64,,,,,other,legal,G114-12,F,S,Klaxåsen 1,Klaxåsen_1213,6912203,1426968,2012,2013,G114-12,3.7937,0.1,0.76,94.03199891,1.02,Berg,2326,2.5,0.0033,1.1908,0.1479,526.4346681,103.8995114,Ten2,0.247803,0
1057,66,,,,,other,legal,G135-13,M,S,Klaxåsen 2,Klaxåsen_1314,6911719,1433572,2013,2014,G135-13,3.9497,0.1,0.81,84.43181818,1.06,Berg,2326,2.4,0.0019,0.7003,0.1591,503.1025617,103.6888912,Gård2,0.29061900000000002,0
1058,66,,,,,other,legal,G76-13,F,S,Klaxåsen 2,Klaxåsen_1314,6911719,1433572,2013,2014,G76-13,3.9497,0.1,0.81,84.43181818,1.06,Berg,2326,2.4,0.0019,0.7003,0.1591,503.1025617,103.6888912,Snd3,0.21491199999999999,0
1059,37,,,,,alive,,M-05-07,F,S,Kloten,Kloten_0708,6645357,1474553,2007,2008,M-05-07,4.4962,0.28,1.32,79.23989899,11.63,Ljusnarsberg,1864,2.6087,0,0.0015,0.32,245.5168006,57.16342074,Utt,0.30224600000000001,1
1060,37,,,,,alive,,M-09-18,M,S,Kloten,Kloten_0708,6645357,1474553,2007,2008,M-09-18,4.4962,0.28,1.32,79.23989899,11.63,Ljusnarsberg,1864,2.6087,0,0.0015,0.32,245.5168006,57.16342074,Krp2,0.29980499999999999,1
1061,39,,,,,alive,,M-05-07,F,S,Kloten,Kloten_0809,6643043,1476102,2008,2009,M-05-07,4.4354,0.3,1.29,84.96354167,11.73,Ljusnarsberg,1864,2.3778,0,0.0033,0.2456,235.9740519,60.15502326,Utt,0.30224600000000001,1
1062,39,,,,,alive,,M-09-18,M,S,Kloten,Kloten_0809,6643043,1476102,2008,2009,M-09-18,4.4354,0.3,1.29,84.96354167,11.73,Ljusnarsberg,1864,2.3778,0,0.0033,0.2456,235.9740519,60.15502326,Krp2,0.29980499999999999,1
1063,49,,,,,alive,,M-05-07,F,S,Kloten,Kloten_0910,6646353,1473321,2009,2010,M-05-07,4.4895,0.29,1.32,86.44444444,11.6,Ljusnarsberg,1864,2.5557,0,0.0045,0.3906,249.4984397,55.38404582,Utt,0.30224600000000001,3
1064,49,,,,,alive,,M-09-18,M,S,Kloten,Kloten_0910,6646353,1473321,2009,2010,M-09-18,4.4895,0.29,1.32,86.44444444,11.6,Ljusnarsberg,1864,2.5557,0,0.0045,0.3906,249.4984397,55.38404582,Krp2,0.29980499999999999,3
1065,58,,,,,alive,,M-05-07,F,S,Kloten,Kloten_1011,6645347,1471847,2010,2011,M-05-07,4.4846,0.28,1.33,83.61282051,11.63,Ljusnarsberg,1864,2.7107,0.0001,0.0206,0.3412,249.1784426,56.2863973,Utt,0.30224600000000001,3
1066,58,,,,,alive,,M-09-18,M,S,Kloten,Kloten_1011,6645347,1471847,2010,2011,M-09-18,4.4846,0.28,1.33,83.61282051,11.63,Ljusnarsberg,1864,2.7107,0.0001,0.0206,0.3412,249.1784426,56.2863973,Krp2,0.29980499999999999,3
1067,60,,,,,alive,,M-05-07,F,S,Kloten,Kloten_1112,6634965,1473898,2011,2012,M-05-07,4.1483,0.34,1.32,74.11025641,12.84,Ljusnarsberg,1864,3.0342,0,0.0141,0.2539,212.3636563,65.94883667,Utt,0.30224600000000001,3
1068,60,,,,,alive,,M-09-18,M,S,Kloten,Kloten_1112,6634965,1473898,2011,2012,M-09-18,4.1483,0.34,1.32,74.11025641,12.84,Ljusnarsberg,1864,3.0342,0,0.0141,0.2539,212.3636563,65.94883667,Krp2,0.29980499999999999,3
1069,64,,,,,alive,,M-05-07,F,S,Kloten,Kloten_1213,6648231,1464433,2012,2013,M-05-07,4.4152,0.35,1.36,82.47435897,11.52,Ljusnarsberg,1864,2.7474,0,0.0152,1.144,258.2597955,54.78410512,Utt,0.30224600000000001,2
1070,64,,,,,alive,,M-09-18,M,S,Kloten,Kloten_1213,6648231,1464433,2012,2013,M-09-18,4.4152,0.35,1.36,82.47435897,11.52,Ljusnarsberg,1864,2.7474,0,0.0152,1.144,258.2597955,54.78410512,Krp2,0.29980499999999999,2
1071,66,,,,,alive,,M-05-07,F,S,Kloten,Kloten_1314,6638334,1478103,2013,2014,M-05-07,4.2722,0.32,1.28,72.32515633,11.88,Ljusnarsberg,1864,2.6413,0.0001,0.0378,0.2576,215.0136205,64.18030393,Utt,0.30224600000000001,6
1072,66,,,,,alive,,M-09-18,M,S,Kloten,Kloten_1314,6638334,1478103,2013,2014,M-09-18,4.2722,0.32,1.28,72.32515633,11.88,Ljusnarsberg,1864,2.6413,0.0001,0.0378,0.2576,215.0136205,64.18030393,Krp2,0.29980499999999999,6
1073,68,,,,,alive,,M-05-07,F,S,Kloten,Kloten_1415,6647113,1464131,2014,2015,M-05-07,4.395,0.34,1.35,87.53846154,11.64,Ljusnarsberg,1864,2.5213,0.0001,0.022,0.9823,256.4332579,55.7125858,Utt,0.30224600000000001,5
1074,68,,,,,alive,,M-09-18,M,S,Kloten,Kloten_1415,6647113,1464131,2014,2015,M-09-18,4.395,0.34,1.35,87.53846154,11.64,Ljusnarsberg,1864,2.5213,0.0001,0.022,0.9823,256.4332579,55.7125858,Krp2,0.29980499999999999,5
1075,70,,,,,alive,,M-05-07,F,S,Kloten,Kloten_1516,6646504,1473699,2015,2016,M-05-07,4.4978,0.28,1.32,68.65230769,11.69,Ljusnarsberg,1864,2.3552,0.0001,0.0314,0.4016,249.3536028,55.1933068,Utt,0.30224600000000001,4
1076,70,,,,,alive,,M-09-18,M,S,Kloten,Kloten_1516,6646504,1473699,2015,2016,M-09-18,4.4978,0.28,1.32,68.65230769,11.69,Ljusnarsberg,1864,2.3552,0.0001,0.0314,0.4016,249.3536028,55.1933068,Krp2,0.29980499999999999,4
1077,74,,,,,other,natural,M-05-07,F,S,Kloten,Kloten_1617,6641572,1468543,2016,2017,M-05-07,4.3763,0.3,1.36,75.31538462,12.37,Ljusnarsberg,1864,2.3407,0,0.0053,0.4,242.40405,61.429997,Utt,0.30224600000000001,7
1078,74,,,,,other,natural,M-09-18,M,S,Kloten,Kloten_1617,6641572,1468543,2016,2017,M-09-18,4.3763,0.3,1.36,75.31538462,12.37,Ljusnarsberg,1864,2.3407,0,0.0053,0.4,242.40405,61.429997,Krp2,0.29980499999999999,7
1079,85,,,2,2,censored,,G115-21,F,S,Klyftamon,Klyftamon_2223,6488329,1374982,2022,2023,,2.2631,0.82,1.47,44.00417768,51.71,Götene,1471,1.7,0,0,2.3058,123.6716564,62.73131163,Sju4,0.185781,0
1080,85,,,,2,censored,,G49-23,M,S,Klyftamon,Klyftamon_2223,6488329,1374982,2022,2023,,2.2631,0.82,1.47,44.00417768,51.71,Götene,1471,1.7,0,0,2.3058,123.6716564,62.73131163,Vvi1,9.15546E-2,0
1081,74,,,0,0,alive,,G110-14,F,S,Kockohonka 1,Kockohonka_1617,6688151,1327185,2016,2017,G110-14,6.6517,0.3,1.43,80.7173913,5.32,Torsby,1737,1.8097,0.0001,0.0364,0.0766,309.4284791,98.19842378,Klg,0.29718,6
1082,74,,,,0,alive,,G122-14,M,S,Kockohonka 1,Kockohonka_1617,6688151,1327185,2016,2017,G122-14,6.6517,0.3,1.43,80.7173913,5.32,Torsby,1737,1.8097,0.0001,0.0364,0.0766,309.4284791,98.19842378,Krp6,0.21412300000000001,6
1083,72,,1,1,1,disapp,,G110-14,F,S,Kockohonka 1,Kockohonka_1718,6688117,1326384,2017,2018,G110-14,6.629,0.3,1.45,85.01207729,5.67,Torsby,1737,1.9452,0.0002,0.0561,0.0587,311.8362105,96.3582309,Klg,0.29718,6
1084,72,,,,0,alive,,G122-14,M,S,Kockohonka 1,Kockohonka_1718,6688117,1326384,2017,2018,G122-14,6.629,0.3,1.45,85.01207729,5.67,Torsby,1737,1.9452,0.0002,0.0561,0.0587,311.8362105,96.3582309,Krp6,0.21412300000000001,6
1085,71,,,,,alive,,G35-18,F,S,Kockohonka 2,Kockohonka_1920,6687314,1317495,2019,2020,G35-18,6.4489,0.4,1.78,64.28461538,9.52,Torsby,1737,2.16,0.0002,0.0555,0.0596,316.9637469,80.48636744,Kho1,0.25488499999999997,2
1086,71,,,0,0,alive,,G68-19,M,S,Kockohonka 2,Kockohonka_1920,6687314,1317495,2019,2020,G68-19,6.4489,0.4,1.78,64.28461538,9.52,Torsby,1737,2.16,0.0002,0.0555,0.0596,316.9637469,80.48636744,Kes1,0.235539,2
1087,75,,,,,alive,,G35-18,F,S,Kockohonka 2,Kockohonka_2021,6681984,1317979,2020,2021,,6.5068,0.37,1.69,83.24626866,10.25,Torsby,1737,2.2961,0.0001,0.0364,0.0501,313.7041271,80.92467088,Kho1,0.25488499999999997,3
1088,75,,,0,0,alive,,G68-19,M,S,Kockohonka 2,Kockohonka_2021,6681984,1317979,2020,2021,,6.5068,0.37,1.69,83.24626866,10.25,Torsby,1737,2.2961,0.0001,0.0364,0.0501,313.7041271,80.92467088,Kes1,0.235539,3
1089,83,,,,,alive,,G35-18,F,S,Kockohonka 2,Kockohonka_2122,6690916.863,1323128.862,2021,2022,,6.3722,0.34,1.6,83.9520202,6.58,Torsby,1737,2.2622,0.0002,0.0699,0.047,321.2645006,89.73070118,Kho1,0.25488499999999997,4
1090,83,,1,1,1,disapp,,G68-19,M,S,Kockohonka 2,Kockohonka_2122,6690916.863,1323128.862,2021,2022,,6.3722,0.34,1.6,83.9520202,6.58,Torsby,1737,2.2622,0.0002,0.0699,0.047,321.2645006,89.73070118,Kes1,0.235539,4
1091,85,,,,,other,legal,G35-18,F,S,Kockohonka 3,Kockohonka_2223,6690778,1319717,2022,2023,,6.2541,0.38,1.76,91.21818182,7.94,Torsby,1737,1.937,0,0.0142,0.0667,320.6872145,84.86055716,Kho1,0.25488499999999997,3
1092,85,,,,,other,legal,G54-21,M,S,Kockohonka 3,Kockohonka_2223,6690778,1319717,2022,2023,,6.2541,0.38,1.76,91.21818182,7.94,Torsby,1737,1.937,0,0.0142,0.0667,320.6872145,84.86055716,Bjås4,0.121395,3
1093,60,,,0,0,alive,,G59-11,F,S,Kölsta 1,Kölsta_1112,6609504,1511487,2011,2012,G59-11,2.6757,0.48,1.42,54.80208333,43.91,Skinnskatteberg,1904,2.1,0,0.0005,3.0637,61.7765359,33.35532977,Fär,0.29736299999999999,3
1094,60,,,,,alive,,G84-11,M,S,Kölsta 1,Kölsta_1112,6609504,1511487,2011,2012,G84-11,2.6757,0.48,1.42,54.80208333,43.91,Skinnskatteberg,1904,2.1,0,0.0005,3.0637,61.7765359,33.35532977,Klot,0.29931600000000003,3
1095,64,,1,1,1,disapp,,G59-11,F,S,Kölsta 1,Kölsta_1213,6614550,1509972,2012,2013,G59-11,2.8098,0.48,1.35,77.85677083,38.18,Skinnskatteberg,1904,2.8,0,0,2.3124,76.23964896,30.8071816,Fär,0.29736299999999999,2
1096,64,,,,,alive,,G84-11,M,S,Kölsta 1,Kölsta_1213,6614550,1509972,2012,2013,G84-11,2.8098,0.48,1.35,77.85677083,38.18,Skinnskatteberg,1904,2.8,0,0,2.3124,76.23964896,30.8071816,Klot,0.29931600000000003,2
1097,66,,,,,alive,,G12-12,F,S,Kölsta 2,Kölsta_1314,6619414,1507922,2013,2014,G12-12,2.8963,0.4,1.24,55.68253968,30.68,Skinnskatteberg,1904,2.6,0,0.0124,1.3324,90.39562544,27.25988547,Fär,0.29736299999999999,4
1098,66,,,,,alive,,G84-11,M,S,Kölsta 2,Kölsta_1314,6619414,1507922,2013,2014,G84-11,2.8963,0.4,1.24,55.68253968,30.68,Skinnskatteberg,1904,2.6,0,0.0124,1.3324,90.39562544,27.25988547,Klot,0.29931600000000003,4
1099,68,,,,,alive,,G12-12,F,S,Kölsta 2,Kölsta_1415,6616252,1505993,2014,2015,G12-12,2.8956,0.41,1.22,67.04871795,32.64,Lindesberg,1885,2.4009,0,0.0001,1.1778,85.05679563,29.18737224,Fär,0.29736299999999999,4
1100,68,,,,,alive,,G84-11,M,S,Kölsta 2,Kölsta_1415,6616252,1505993,2014,2015,G84-11,2.8956,0.41,1.22,67.04871795,32.64,Lindesberg,1885,2.4009,0,0.0001,1.1778,85.05679563,29.18737224,Klot,0.29931600000000003,4
1101,70,,,,,alive,,G12-12,F,S,Kölsta 2,Kölsta_1516,6616337,1509132,2015,2016,G12-12,2.8365,0.44,1.31,59.34328358,35.94,Skinnskatteberg,1904,2.4,0,0.0001,1.9226,81.5988611,29.7858521,Fär,0.29736299999999999,3
1102,70,,,,,alive,,G84-11,M,S,Kölsta 2,Kölsta_1516,6616337,1509132,2015,2016,G84-11,2.8365,0.44,1.31,59.34328358,35.94,Skinnskatteberg,1904,2.4,0,0.0001,1.9226,81.5988611,29.7858521,Klot,0.29931600000000003,3
1103,74,,,,,alive,,G12-12,F,S,Kölsta 2,Kölsta_1617,6615844,1508798,2016,2017,G12-12,2.8406,0.45,1.31,62.01302083,36.55,Skinnskatteberg,1904,2.3,0,0,1.9042,80.68319824,29.93541554,Fär,0.29736299999999999,3
1104,74,,,,,alive,,G84-11,M,S,Kölsta 2,Kölsta_1617,6615844,1508798,2016,2017,G84-11,2.8406,0.45,1.31,62.01302083,36.55,Skinnskatteberg,1904,2.3,0,0,1.9042,80.68319824,29.93541554,Klot,0.29931600000000003,3
1105,72,,,,,other,legal,G12-12,F,S,Kölsta 2,Kölsta_1718,6617565,1508033,2017,2018,G12-12,2.8672,0.42,1.26,77.64393939,33.83,Skinnskatteberg,1904,2.1,0,0.0046,1.5637,85.95413838,28.9112915,Fär,0.29736299999999999,4
1106,72,,,,,other,legal,G84-11,M,S,Kölsta 2,Kölsta_1718,6617565,1508033,2017,2018,G84-11,2.8672,0.42,1.26,77.64393939,33.83,Skinnskatteberg,1904,2.1,0,0.0046,1.5637,85.95413838,28.9112915,Klot,0.29931600000000003,4
1107,10,,,,,alive,,D-00-15,M,N,Koppang 1,Koppang_9899,6856204,1247003,1998,1999,D-00-15,8.5765,0.22,0.65,86.41931333,0.97,Stor-Elvdal,430,2.1543,0,0.0133,0.3996,618.4478073,182.0158618,Fre,0.125,1
1108,10,,,,0,alive,,G2-02,F,N,Koppang 1,Koppang_9899,6856204,1247003,1998,1999,G2-02,8.5765,0.22,0.65,86.41931333,0.97,Stor-Elvdal,430,2.1543,0,0.0133,0.3996,618.4478073,182.0158618,Hag2,0.125,1
1109,13,,,,,alive,,D-00-15,M,N,Koppang 1,Koppang_9900,6860071,1245831,1999,2000,D-00-15,8.5906,0.2,0.61,86.2348345,0.92,Stor-Elvdal,430,2.3671,0,0.0095,0.1935,636.9148963,180.7693591,Fre,0.125,1
1110,13,,,,0,alive,,G2-02,F,N,Koppang 1,Koppang_9900,6860071,1245831,1999,2000,G2-02,8.5906,0.2,0.61,86.2348345,0.92,Stor-Elvdal,430,2.3671,0,0.0095,0.1935,636.9148963,180.7693591,Hag2,0.125,1
1111,16,,,,,other,legal,D-00-15,M,N,Koppang 1,Koppang_0001,6861633,1248727,2000,2001,D-00-15,8.3159,0.19,0.6,86.06466162,0.85,Stor-Elvdal,430,2.4612,0,0.0072,0.1342,640.7351588,181.205996,Fre,0.125,2
1112,16,,,,0,alive,,G2-02,F,N,Koppang 1,Koppang_0001,6861633,1248727,2000,2001,G2-02,8.3159,0.19,0.6,86.06466162,0.85,Stor-Elvdal,430,2.4612,0,0.0072,0.1342,640.7351588,181.205996,Hag2,0.125,2
1113,16,,,0,0,alive,,G2-02,F,N,Koppang 2,Koppang_0102,6856762,1246644,2001,2002,G2-02,8.5913,0.22,0.65,83.52,0.95,Stor-Elvdal,430,2.4853,0,0,0.3691,620.8843413,182.0311127,Hag2,0.125,0
1114,16,,,,,alive,,M-04-02,M,N,Koppang 2,Koppang_0102,6856762,1246644,2001,2002,M-04-02,8.5913,0.22,0.65,83.52,0.95,Stor-Elvdal,430,2.4853,0,0,0.3691,620.8843413,182.0311127,Årj,0.234375,0
1115,17,,1,1,1,disapp,,G2-02,F,N,Koppang 2,Koppang_0203,6862021,1246774,2002,2003,G2-02,8.5049,0.2,0.59,96.33095238,0.86,Stor-Elvdal,430,2.686,0,0.0002,0.1339,644.4275211,182.1419134,Hag2,0.125,0
1116,17,,,,,alive,,M-04-02,M,N,Koppang 2,Koppang_0203,6862021,1246774,2002,2003,M-04-02,8.5049,0.2,0.59,96.33095238,0.86,Stor-Elvdal,430,2.686,0,0.0002,0.1339,644.4275211,182.1419134,Årj,0.234375,0
1117,22,,,,,alive,,M-04-02,M,N,Koppang 3,Koppang_0304,6854452,1248460,2003,2004,M-04-02,8.5061,0.24,0.68,82.47605634,0.92,Stor-Elvdal,430,2.7926,0,0.0024,0.4444,611.0604224,183.6855153,Årj,0.234375,0
1118,22,,,,,alive,,M-04-03,F,N,Koppang 3,Koppang_0304,6854452,1248460,2003,2004,M-04-03,8.5061,0.24,0.68,82.47605634,0.92,Stor-Elvdal,430,2.7926,0,0.0024,0.4444,611.0604224,183.6855153,Kop2,0.26953100000000002,0
1119,28,,,,,other,legal,M-04-02,M,N,Koppang 3,Koppang_0405,6839055,1254838,2004,2005,M-04-02,8.1888,0.18,0.74,83.38966705,0.93,Stor-Elvdal,430,2.5576,0,0.0044,0.3914,605.9872246,192.6541901,Årj,0.234375,1
1120,28,,,,,other,legal,M-04-03,F,N,Koppang 3,Koppang_0405,6839055,1254838,2004,2005,M-04-03,8.1888,0.18,0.74,83.38966705,0.93,Stor-Elvdal,430,2.5576,0,0.0044,0.3914,605.9872246,192.6541901,Kop2,0.26953100000000002,1
1121,49,,,,,other,legal,G12-08,F,N,Koppang 4,Koppang_0910,6846775,1246843,2009,2010,G12-08,8.5498,0.21,0.72,97.61289143,0.97,Stor-Elvdal,430,2.9397,0.0004,0.1578,0.3982,620.6654238,202.4584642,Lok1,0.26708999999999999,1
1122,49,,,,,other,legal,M-09-11,M,N,Koppang 4,Koppang_0910,6846775,1246843,2009,2010,M-09-11,8.5498,0.21,0.72,97.61289143,0.97,Stor-Elvdal,430,2.9397,0.0004,0.1578,0.3982,620.6654238,202.4584642,Ock2,0.34277299999999999,1
1123,72,,,,,other,legal,G125-16,F,N,Koppang 5,Koppang_1718,6711378.2,1350203,2017,2018,G125-16,4.8882,0.27,0.88,83.71025641,2.9,Torsby,1737,2,0.0005,0.1682,0.2659,318.9335818,84.21014722,Tun1,0,5
1124,72,,,,,other,legal,G61-17,M,N,Koppang 5,Koppang_1718,6711378.2,1350203,2017,2018,G61-17,4.8882,0.27,0.88,83.71025641,2.9,Torsby,1737,2,0.0005,0.1682,0.2659,318.9335818,84.21014722,Gla3,0.31059999999999999,5
1125,31,,,0,0,alive,,G13-07,M,S,Korsån 1,Korsån_0607,6717164,1515666,2006,2007,G13-07,3.5785,0.26,1.44,78.44029851,23.59,Falun,2080,2.7554,0.0004,0.1413,1.1869,195.4859757,50.89903596,Fur,0.1875,0
1126,31,,,,,alive,,M-05-11,F,S,Korsån 1,Korsån_0607,6717164,1515666,2006,2007,M-05-11,3.5785,0.26,1.44,78.44029851,23.59,Falun,2080,2.7554,0.0004,0.1413,1.1869,195.4859757,50.89903596,Amu1,0.21972700000000001,0
1127,37,,,0,0,alive,,G13-07,M,S,Korsån 1,Korsån_0708,6724830,1522822,2007,2008,G13-07,3.2307,0.21,1.42,82.85384615,26.15,Falun,2080,2.517,0.0005,0.1696,0.9225,205.1002573,55.98243698,Fur,0.1875,0
1128,37,,,,,alive,,M-05-11,F,S,Korsån 1,Korsån_0708,6724830,1522822,2007,2008,M-05-11,3.2307,0.21,1.42,82.85384615,26.15,Falun,2080,2.517,0.0005,0.1696,0.9225,205.1002573,55.98243698,Amu1,0.21972700000000001,0
1129,39,,1,1,1,disapp,,G13-07,M,S,Korsån 1,Korsån_0809,6722473,1514937,2008,2009,G13-07,3.4633,0.27,1.42,86.58454106,24.84,Falun,2080,2.4196,0.0011,0.4146,1.0158,204.8060567,48.78128133,Fur,0.1875,1
1130,39,,,,,alive,,M-05-11,F,S,Korsån 1,Korsån_0809,6722473,1514937,2008,2009,M-05-11,3.4633,0.27,1.42,86.58454106,24.84,Falun,2080,2.4196,0.0011,0.4146,1.0158,204.8060567,48.78128133,Amu1,0.21972700000000001,1
1131,49,,,0,0,alive,,G24-10,M,S,Korsån 2,Korsån_0910,6728208,1521743,2009,2010,G24-10,3.1634,0.2,1.39,85.98039216,26.74,Falun,2080,2.4444,0.0009,0.3371,0.6925,217.0634423,56.35801038,Grä1,0.26757799999999998,0
1132,49,,,,,alive,,M-05-11,F,S,Korsån 2,Korsån_0910,6728208,1521743,2009,2010,M-05-11,3.1634,0.2,1.39,85.98039216,26.74,Falun,2080,2.4444,0.0009,0.3371,0.6925,217.0634423,56.35801038,Amu1,0.21972700000000001,0
1133,58,,,0,0,alive,,G24-10,M,S,Korsån 2,Korsån_1011,6736633,1522157,2010,2011,G24-10,3.0219,0.18,1.31,84.30845771,25.71,Falun,2080,2.5422,0.0015,0.5335,0.295,243.504456,65.07416344,Grä1,0.26757799999999998,1
1134,58,,,,,alive,,M-05-11,F,S,Korsån 2,Korsån_1011,6736633,1522157,2010,2011,M-05-11,3.0219,0.18,1.31,84.30845771,25.71,Falun,2080,2.5422,0.0015,0.5335,0.295,243.504456,65.07416344,Amu1,0.21972700000000001,1
1135,60,,1,1,1,disapp,,G24-10,M,S,Korsån 2,Korsån_1112,6740711,1517262,2011,2012,G24-10,3.1898,0.2,1.27,81.59178744,25.61,Falun,2080,2.385,0.0016,0.5886,0.3422,262.8793255,67.5177632,Grä1,0.26757799999999998,2
1136,60,,,,,alive,,M-05-11,F,S,Korsån 2,Korsån_1112,6740711,1517262,2011,2012,M-05-11,3.1898,0.2,1.27,81.59178744,25.61,Falun,2080,2.385,0.0016,0.5886,0.3422,262.8793255,67.5177632,Amu1,0.21972700000000001,2
1137,64,,,,,alive,,G96-12,M,S,Korsån 3,Korsån_1213,6730139,1521197,2012,2013,G96-12,3.1257,0.2,1.39,84.86111111,27.06,Falun,2080,2.3008,0.0009,0.3131,0.586,223.8790669,57.97269998,Kyn2,0,1
1138,64,,,,,alive,,M-05-11,F,S,Korsån 3,Korsån_1213,6730139,1521197,2012,2013,M-05-11,3.1257,0.2,1.39,84.86111111,27.06,Falun,2080,2.3008,0.0009,0.3131,0.586,223.8790669,57.97269998,Amu1,0.21972700000000001,1
1139,66,,,,,alive,,G96-12,M,S,Korsån 3,Korså_1314,6740588,1522456,2013,2014,G96-12,2.9957,0.2,1.3,74.15700483,24.37,Falun,2080,2.48,0.0017,0.61,0.2309,253.7879219,63.40267528,Kyn2,0,2
1140,66,,,,,other,legal,M-05-11,F,S,Korsån 3,Korså_1314,6740588,1522456,2013,2014,M-05-11,2.9957,0.2,1.3,74.15700483,24.37,Falun,2080,2.48,0.0017,0.61,0.2309,253.7879219,63.40267528,Amu1,0.21972700000000001,2
1141,68,,1,1,1,disapp,,G68-12,F,S,Korsån 4,Korsån_1415,6735269,1516746,2014,2015,G68-12,3.1325,0.2,1.33,87.43532338,27.5,Falun,2080,2.3449,0.002,0.7319,0.4365,244.1050215,66.71063027,Kors2,0.24853500000000001,2
1142,68,,,,,alive,,G96-12,M,S,Korsån 4,Korsån_1415,6735269,1516746,2014,2015,G96-12,3.1325,0.2,1.33,87.43532338,27.5,Falun,2080,2.3449,0.002,0.7319,0.4365,244.1050215,66.71063027,Kyn2,0,2
1143,70,,,0,0,alive,,G26-15,F,S,Korsån 5,Korsån_1516,6730288,1514760,2015,2016,G26-15,3.1868,0.26,1.35,72.65757576,27.3,Falun,2080,2.4112,0.0022,0.7933,0.6778,224.0402188,57.21070449,Bjås,0.41430699999999998,3
1144,70,,,,,alive,,G96-12,M,S,Korsån 5,Korsån_1516,6730288,1514760,2015,2016,G96-12,3.1868,0.26,1.35,72.65757576,27.3,Falun,2080,2.4112,0.0022,0.7933,0.6778,224.0402188,57.21070449,Kyn2,0,3
1145,74,,,0,0,alive,,G26-15,F,S,Korsån 5,Korsån_1617,6732137,1522235,2016,2017,G26-15,3.0823,0.18,1.37,80.60606061,27.73,Falun,2080,2.4541,0.0014,0.5193,0.5607,229.8014746,59.79872846,Bjås,0.41430699999999998,2
1146,74,,,,,alive,,G96-12,M,S,Korsån 5,Korsån_1617,6732137,1522235,2016,2017,G96-12,3.0823,0.18,1.37,80.60606061,27.73,Falun,2080,2.4541,0.0014,0.5193,0.5607,229.8014746,59.79872846,Kyn2,0,2
1147,72,,,0,0,alive,,G26-15,F,S,Korsån 5,Korsån_1718,6725958,1516752,2017,2018,G26-15,3.3109,0.24,1.4,83.10606061,27.01,Falun,2080,2.513,0.0016,0.5948,0.7306,213.8227785,49.74628176,Bjås,0.41430699999999998,0
1148,72,,,,,alive,,G96-12,M,S,Korsån 5,Korsån_1718,6725958,1516752,2017,2018,G96-12,3.3109,0.24,1.4,83.10606061,27.01,Falun,2080,2.513,0.0016,0.5948,0.7306,213.8227785,49.74628176,Kyn2,0,0
1149,68,,,0,0,alive,,G26-15,F,S,Korsån 5,Korsån_1819,6720165,1516167,2018,2019,G26-15,3.5538,0.25,1.43,83.78717949,25.44,Falun,2080,2.617,0.002,0.723,1.0557,201.12075,49.01104854,Bjås,0.41430699999999998,1
1150,68,,,,,alive,,G96-12,M,S,Korsån 5,Korsån_1819,6720165,1516167,2018,2019,G96-12,3.5538,0.25,1.43,83.78717949,25.44,Falun,2080,2.617,0.002,0.723,1.0557,201.12075,49.01104854,Kyn2,0,1
1151,71,,,0,0,alive,,G26-15,F,S,Korsån 5,Korsån_1920,6722505,1521363,2019,2020,G26-15,3.3451,0.22,1.41,63.23383085,26.63,Falun,2080,2.538,0.0018,0.6431,0.9256,202.2531009,52.7486796,Bjås,0.41430699999999998,2
1152,71,,,,,alive,,G96-12,M,S,Korsån 5,Korsån_1920,6722505,1521363,2019,2020,G96-12,3.3451,0.22,1.41,63.23383085,26.63,Falun,2080,2.538,0.0018,0.6431,0.9256,202.2531009,52.7486796,Kyn2,0,2
1153,75,,1,1,1,disapp,,G26-15,F,S,Korsån 5,Korsån_2021,6723932,1513013,2020,2021,,3.431,0.27,1.41,75.51243781,26.74,Falun,2080,2.5714,0.0016,0.5808,1.0697,206.4041162,49.54269802,Bjås,0.41430699999999998,2
1154,75,,,,,other,natural,G96-12,M,S,Korsån 5,Korsån_2021,6723932,1513013,2020,2021,,3.431,0.27,1.41,75.51243781,26.74,Falun,2080,2.5714,0.0016,0.5808,1.0697,206.4041162,49.54269802,Kyn2,0,2
1155,83,,,,0,alive,,G7-21,M,S,Korsån 6,Korsån_2122,6724937.369,1515514.071,2021,2022,,3.3561,0.25,1.39,82.40512821,27.14,Falun,2080,2.34,0.0018,0.6488,0.847,210.6869045,48.95450797,Bjås4,0.121395,2
1156,83,,,0,0,alive,,G218-19,F,S,Korsån 6,Korsån_2122,6724937.369,1515514.071,2021,2022,,3.3561,0.25,1.39,82.40512821,27.14,Falun,2080,2.34,0.0018,0.6488,0.847,210.6869045,48.95450797,Kors5,0.13467399999999999,2
1157,85,1,,,1,disapp,,G7-21,M,S,Korsån 6,Korsån_2223,6727620,1518610,2022,2023,,3.2247,0.23,1.39,86.76060606,27.89,Falun,2080,1.894,0.0026,0.924,0.58,218.5788182,53.36515386,Bjås4,0.121395,0
1158,85,1,1,1,1,disapp,,G218-19,F,S,Korsån 6,Korsån_2223,6727620,1518610,2022,2023,,3.2247,0.23,1.39,86.76060606,27.89,Falun,2080,1.894,0.0026,0.924,0.58,218.5788182,53.36515386,Kors5,0.13467399999999999,0
1159,85,,,,2,censored,,G100-15,M,S,Kosta 1,Kosta_2223,6303227,1479806,2022,2023,,2.2694,0.41,1.78,65.16206897,14.05,Uppvidinge,760,2.0536,0,0,0.4543,209.5581541,28.55011505,Gim3,0.14105200000000001,0
1160,85,,,2,2,censored,,G113-20,F,S,Kosta 1,Kosta_2223,6303227,1479806,2022,2023,,2.2694,0.41,1.78,65.16206897,14.05,Uppvidinge,760,2.0536,0,0,0.4543,209.5581541,28.55011505,Låb1,0.22414300000000001,0
1161,70,,,,,alive,,G151-15,M,S,Krokvattnet,Krokvattnet_1516,6855150,1451731,2015,2016,G151-15,3.8149,0.24,0.91,76.2,3.02,Ljusdal,2161,2.8584,0.0024,0.8683,0.0246,436.0426468,55.63056149,Vmy1,0.23388300000000001,0
1162,70,,,0,0,alive,,G99-16,F,S,Krokvattnet,Krokvattnet_1516,6855150,1451731,2015,2016,G99-16,3.8149,0.24,0.91,76.2,3.02,Ljusdal,2161,2.8584,0.0024,0.8683,0.0246,436.0426468,55.63056149,Drag2,0.27572600000000003,0
1163,74,,,,,alive,,G151-15,M,S,Krokvattnet,Krokvattnet_1617,6860584,1464271,2016,2017,G151-15,3.6639,0.22,0.95,84.52164502,3.09,Ljusdal,2161,2.7482,0.0022,0.7974,0.1063,405.0345911,67.61036482,Vmy1,0.23388300000000001,1
1164,74,,,0,0,alive,,G99-16,F,S,Krokvattnet,Krokvattnet_1617,6860584,1464271,2016,2017,G99-16,3.6639,0.22,0.95,84.52164502,3.09,Ljusdal,2161,2.7482,0.0022,0.7974,0.1063,405.0345911,67.61036482,Drag2,0.27572600000000003,1
1165,72,,,,,alive,,G151-15,M,S,Krokvattnet,Krokvattnet_1718,6860152,1466266,2017,2018,G151-15,3.5341,0.22,0.96,81.35820896,3.18,Ljusdal,2161,2.795,0.0022,0.7979,0.1057,399.8158273,67.47557096,Vmy1,0.23388300000000001,2
1166,72,,,0,0,alive,,G99-16,F,S,Krokvattnet,Krokvattnet_1718,6860152,1466266,2017,2018,G99-16,3.5341,0.22,0.96,81.35820896,3.18,Ljusdal,2161,2.795,0.0022,0.7979,0.1057,399.8158273,67.47557096,Drag2,0.27572600000000003,2
1167,68,,,,,alive,,G151-15,M,S,Krokvattnet,Krokvattnet_1819,6853911,1464579,2018,2019,G151-15,3.6847,0.22,0.94,83.15686275,3.37,Ljusdal,2161,2.928,0.003,1.0948,0.0987,408.4351358,56.3223004,Vmy1,0.23388300000000001,1
1168,68,,,0,0,alive,,G99-16,F,S,Krokvattnet,Krokvattnet_1819,6853911,1464579,2018,2019,G99-16,3.6847,0.22,0.94,83.15686275,3.37,Ljusdal,2161,2.928,0.003,1.0948,0.0987,408.4351358,56.3223004,Drag2,0.27572600000000003,1
1169,71,,,,,other,legal,G151-15,M,S,Krokvattnet,Krokvattnet_1920,6851899,1461333,2019,2020,G151-15,3.5791,0.22,0.91,86.08809524,3.38,Ljusdal,2161,2.5856,0.0035,1.2739,0.074,414.8827126,57.68281191,Vmy1,0.23388300000000001,0
1170,71,,1,1,1,disapp,,G99-16,F,S,Krokvattnet,Krokvattnet_1920,6851899,1461333,2019,2020,G99-16,3.5791,0.22,0.91,86.08809524,3.38,Ljusdal,2161,2.5856,0.0035,1.2739,0.074,414.8827126,57.68281191,Drag2,0.27572600000000003,0
1171,17,,,0,0,alive,,G14-05,M,S,Kroppefjäll 1,Kroppefjäll_0203,6505295,1284763,2002,2003,G14-05,3.7584,0.46,1.25,56.37239583,24.18,Munkedal,1430,3.3,0,0,0.5054,121.9652267,41.65550635,Gla1,0.296875,0
1172,17,,,,0,alive,,G15-05,F,S,Kroppefjäll 1,Kroppefjäll_0203,6505295,1284763,2002,2003,G15-05,3.7584,0.46,1.25,56.37239583,24.18,Munkedal,1430,3.3,0,0,0.5054,121.9652267,41.65550635,Gla1,0.296875,0
1173,22,,,0,0,alive,,G14-05,M,S,Kroppefjäll 1,Kroppefjäll_0304,6508507,1284204,2003,2004,G14-05,3.9598,0.46,1.24,63.11803279,21.2,Munkedal,1430,3.2,0,0,0.4272,129.4035776,40.41705328,Gla1,0.296875,0
1174,22,,,,0,alive,,G15-05,F,S,Kroppefjäll 1,Kroppefjäll_0304,6508507,1284204,2003,2004,G15-05,3.9598,0.46,1.24,63.11803279,21.2,Munkedal,1430,3.2,0,0,0.4272,129.4035776,40.41705328,Gla1,0.296875,0
1175,28,,1,1,1,disapp,,G14-05,M,S,Kroppefjäll 1,Kroppefjäll_0405,6506059,1289166,2004,2005,G14-05,3.5186,0.51,1.26,58.34126984,26.11,Munkedal,1430,2.9,0,0,0.7446,116.6493813,44.96828802,Gla1,0.296875,1
1176,28,,,,0,alive,,G15-05,F,S,Kroppefjäll 1,Kroppefjäll_0405,6506059,1289166,2004,2005,G15-05,3.5186,0.51,1.26,58.34126984,26.11,Munkedal,1430,2.9,0,0,0.7446,116.6493813,44.96828802,Gla1,0.296875,1
1177,29,,,,,alive,,D-08-15,M,S,Kroppefjäll 2,Kroppefjäll_0506,6510987,1289974,2005,2006,D-08-15,3.6838,0.52,1.26,75.625,21.84,Munkedal,1430,2.6,0,0,0.7122,126.9030069,46.96988279,Ny5,0.26953100000000002,1
1178,29,,,0,0,alive,,G15-05,F,S,Kroppefjäll 2,Kroppefjäll_0506,6510987,1289974,2005,2006,G15-05,3.6838,0.52,1.26,75.625,21.84,Munkedal,1430,2.6,0,0,0.7122,126.9030069,46.96988279,Gla1,0.296875,1
1179,31,,,,,alive,,D-08-15,M,S,Kroppefjäll 2,Kroppefjäll_0607,6507329,1289757,2006,2007,D-08-15,3.5164,0.51,1.27,47.60734463,24.99,Munkedal,1430,2.3,0,0,0.7827,118.5347785,46.00868032,Ny5,0.26953100000000002,0
1180,31,,1,1,1,disapp,,G15-05,F,S,Kroppefjäll 2,Kroppefjäll_0607,6507329,1289757,2006,2007,G15-05,3.5164,0.51,1.27,47.60734463,24.99,Munkedal,1430,2.3,0,0,0.7827,118.5347785,46.00868032,Gla1,0.296875,0
1181,37,,,,,alive,,D-10-27,M,S,Kroppefjäll 3,Kroppefjäll_0708,6508971,1287481,2007,2008,D-10-27,3.7827,0.5,1.27,39.79301075,22.29,Munkedal,1430,2.2,0,0,0.6125,125.8198017,44.01356134,DE4,0.29003899999999999,0
1182,37,,,,,alive,,D-11-30,F,S,Kroppefjäll 3,Kroppefjäll_0708,6508971,1287481,2007,2008,D-11-30,3.7827,0.5,1.27,39.79301075,22.29,Munkedal,1430,2.2,0,0,0.6125,125.8198017,44.01356134,Krp2,0.29980499999999999,0
1183,39,,,,,alive,,D-10-27,M,S,Kroppefjäll 3,Kroppefjäll_0809,6505130,1285907,2008,2009,D-10-27,3.6721,0.48,1.25,63.95052083,24.71,Munkedal,1430,2.4,0,0,0.5537,119.8756061,42.55063741,DE4,0.29003899999999999,2
1184,39,,,,,alive,,D-11-30,F,S,Kroppefjäll 3,Kroppefjäll_0809,6505130,1285907,2008,2009,D-11-30,3.6721,0.48,1.25,63.95052083,24.71,Munkedal,1430,2.4,0,0,0.5537,119.8756061,42.55063741,Krp2,0.29980499999999999,2
1185,49,,,,,other,legal,D-10-27,M,S,Kroppefjäll 3,Kroppefjäll_0910,6509912,1290905,2009,2010,D-10-27,3.5764,0.53,1.27,80.30657895,22.78,Munkedal,1430,2.6,0,0,0.7847,122.3912619,47.74546993,DE4,0.29003899999999999,2
1186,49,,,,,alive,,D-11-30,F,S,Kroppefjäll 3,Kroppefjäll_0910,6509912,1290905,2009,2010,D-11-30,3.5764,0.53,1.27,80.30657895,22.78,Munkedal,1430,2.6,0,0,0.7847,122.3912619,47.74546993,Krp2,0.29980499999999999,2
1187,58,,,,,other,legal,D-11-26,M,S,Kroppefjäll 4,Kroppefjäll_1011,6522427,1291009,2010,2011,D-11-26,4.357,0.47,1.3,77.72564103,13.75,Munkedal,1430,2.7,0,0,0.5059,144.3426623,46.37326107,Grä1,0.26757799999999998,1
1188,58,,,,,other,legal,D-11-30,F,S,Kroppefjäll 4,Kroppefjäll_1011,6522427,1291009,2010,2011,D-11-30,4.357,0.47,1.3,77.72564103,13.75,Munkedal,1430,2.7,0,0,0.5059,144.3426623,46.37326107,Krp2,0.29980499999999999,1
1189,64,,1,1,1,disapp,,G2-13,F,S,Kroppefjäll 5,Kroppefjäll_1213,6512103,1291219,2012,2013,G2-13,3.6494,0.52,1.26,68.01767677,20.7,Munkedal,1430,3.4,0,0,0.7319,126.8553725,48.48532686,Gös,0.27917500000000001,1
1190,64,,,,0,alive,,G7-13,M,S,Kroppefjäll 5,Kroppefjäll_1213,6512103,1291219,2012,2013,G7-13,3.6494,0.52,1.26,68.01767677,20.7,Munkedal,1430,3.4,0,0,0.7319,126.8553725,48.48532686,Rot2,0.27356000000000003,1
1191,66,,,,,alive,,G48-13,F,S,Kroppefjäll 6,Kroppefjäll_1314,6506425,1290002,2013,2014,G48-13,3.4566,0.52,1.26,39.83814103,25.65,Munkedal,1430,3.5,0,0,0.7918,116.0048284,45.86528124,Sku,0.15216099999999999,1
1192,66,,,0,0,alive,,G7-13,M,S,Kroppefjäll 6,Kroppefjäll_1314,6506425,1290002,2013,2014,G7-13,3.4566,0.52,1.26,39.83814103,25.65,Munkedal,1430,3.5,0,0,0.7918,116.0048284,45.86528124,Rot2,0.27356000000000003,1
1193,68,,,,,other,legal,G48-13,F,S,Kroppefjäll 6,Kroppefjäll_1415,6512277,1292426,2014,2015,G48-13,3.5817,0.52,1.27,56.4375,21.04,Färgelanda,1439,3.3,0,0,0.7566,124.2247193,49.87180342,Sku,0.15216099999999999,1
1194,68,,1,1,1,disapp,,G7-13,M,S,Kroppefjäll 6,Kroppefjäll_1415,6512277,1292426,2014,2015,G7-13,3.5817,0.52,1.27,56.4375,21.04,Färgelanda,1439,3.3,0,0,0.7566,124.2247193,49.87180342,Rot2,0.27356000000000003,1
1195,64,,,,0,alive,,G15-13,F,S,Kukkumäki 1,Kukumäki_1213,6822745,1474231,2012,2013,G15-13,3.5811,0.16,1.11,86.83568075,5.08,Rättvik,2031,2.8372,0.004,1.4305,0,306.8642771,52.85147871,Tand,0.29699700000000001,1
1196,64,,,0,0,alive,,G24-13,M,S,Kukkumäki 1,Kukumäki_1213,6822745,1474231,2012,2013,G24-13,3.5811,0.16,1.11,86.83568075,5.08,Rättvik,2031,2.8372,0.004,1.4305,0,306.8642771,52.85147871,Ten2,0.247803,1
1197,66,,,,0,alive,,G15-13,F,S,Kukkumäki 1,Kukkumäki_1314,6808638,1482012,2013,2014,G15-13,3.559,0.2,1.2,75.11282051,5.9,Rättvik,2031,2.7304,0.0039,1.4103,0.0793,288.0334437,56.97954206,Tand,0.29699700000000001,0
1198,66,,,0,0,alive,,G24-13,M,S,Kukkumäki 1,Kukkumäki_1314,6808638,1482012,2013,2014,G24-13,3.559,0.2,1.2,75.11282051,5.9,Rättvik,2031,2.7304,0.0039,1.4103,0.0793,288.0334437,56.97954206,Ten2,0.247803,0
1199,68,,,,0,alive,,G15-13,F,S,Kukkumäki 1,Kukkumäki_1415,6805424,1484790,2014,2015,G15-13,3.4694,0.2,1.24,88.93034826,5.9,Rättvik,2031,2.8057,0.0038,1.3582,0.3069,282.6786526,57.81626125,Tand,0.29699700000000001,1
1200,68,,,0,0,alive,,G24-13,M,S,Kukkumäki 1,Kukkumäki_1415,6805424,1484790,2014,2015,G24-13,3.4694,0.2,1.24,88.93034826,5.9,Rättvik,2031,2.8057,0.0038,1.3582,0.3069,282.6786526,57.81626125,Ten2,0.247803,1
1201,70,,,,0,alive,,G15-13,F,S,Kukkumäki 1,Kukkumäki_1516,6808606,1482026,2015,2016,G15-13,3.5582,0.2,1.2,77.68923077,5.9,Rättvik,2031,2.8304,0.0033,1.1931,0.0794,288.0088429,56.98106177,Tand,0.29699700000000001,1
1202,70,,1,1,1,disapp,,G24-13,M,S,Kukkumäki 1,Kukkumäki_1516,6808606,1482026,2015,2016,G24-13,3.5582,0.2,1.2,77.68923077,5.9,Rättvik,2031,2.8304,0.0033,1.1931,0.0794,288.0088429,56.98106177,Ten2,0.247803,1
1203,74,1,,,1,disapp,,G125-15,M,S,Kukkumäki 2,Kukkumäki_1617,6813525,1482190,2016,2017,G125-15,3.5854,0.2,1.21,83.78855721,5.99,Rättvik,2031,2.7348,0.0026,0.932,0.0362,287.4767185,55.93508939,Bjås2,6.7336999999999994E-2,1
1204,74,1,1,1,1,disapp,,G15-13,F,S,Kukkumäki 2,Kukkumäki_1617,6813525,1482190,2016,2017,G15-13,3.5854,0.2,1.21,83.78855721,5.99,Rättvik,2031,2.7348,0.0026,0.932,0.0362,287.4767185,55.93508939,Tand,0.29699700000000001,1
1205,60,,,,0,alive,,G104-11,M,S,Kungskogen 1,Kungskogen_1112,6598197,1396959,2011,2012,G104-11,3.5374,0.42,1.15,61.91269841,43.42,Storfors,1760,3.8,0,0.0013,0.4207,121.3564074,42.51328937,Kyn2,0,2
1206,60,,,0,0,alive,,G49-11,F,S,Kungskogen 1,Kungskogen_1112,6598197,1396959,2011,2012,G49-11,3.5374,0.42,1.15,61.91269841,43.42,Storfors,1760,3.8,0,0.0013,0.4207,121.3564074,42.51328937,Kyn2,0,2
1207,64,,,,0,alive,,G104-11,M,S,Kungskogen 1,Kungsskogen_1213,6598197,1396959,2012,2013,G104-11,3.5374,0.42,1.15,77.05026455,43.55,Storfors,1760,4,0,0,0.4207,121.3564074,42.51328937,Kyn2,0,4
1208,64,,,0,0,alive,,G49-11,F,S,Kungskogen 1,Kungsskogen_1213,6598197,1396959,2012,2013,G49-11,3.5374,0.42,1.15,77.05026455,43.55,Storfors,1760,4,0,0,0.4207,121.3564074,42.51328937,Kyn2,0,4
1209,66,,,,0,alive,,G104-11,M,S,Kungskogen 1,Kungsskogen_1314,6603763,1400697,2013,2014,G104-11,3.9455,0.39,1.12,58.14714437,34.14,Storfors,1760,3.4,0,0.0039,0.7718,147.6079101,44.84789582,Kyn2,0,5
1210,66,,,0,0,alive,,G49-11,F,S,Kungskogen 1,Kungsskogen_1314,6603763,1400697,2013,2014,G49-11,3.9455,0.39,1.12,58.14714437,34.14,Storfors,1760,3.4,0,0.0039,0.7718,147.6079101,44.84789582,Kyn2,0,5
1211,68,,,,0,alive,,G104-11,M,S,Kungskogen 1,Kungsskogen_1415,6592293,1400256,2014,2015,G104-11,3.3508,0.41,1.25,69.94535519,36.5,Storfors,1760,2.6,0,0.0004,1.046,113.574481,42.5721184,Kyn2,0,2
1212,68,,1,1,1,disapp,,G49-11,F,S,Kungskogen 1,Kungsskogen_1415,6592293,1400256,2014,2015,G49-11,3.3508,0.41,1.25,69.94535519,36.5,Storfors,1760,2.6,0,0.0004,1.046,113.574481,42.5721184,Kyn2,0,2
1213,70,,,1,1,disapp,,G20-15,F,S,Kungskogen 2,Kungsskogen_1516,6601252,1397119,2015,2016,G20-15,3.7057,0.41,1.15,61.52121212,43.16,Storfors,1760,1.9,0,0,0.4454,131.938701,45.34262241,Ksk1,0.28668199999999999,4
1214,70,,,,2,censored,,G8-16,M,S,Kungskogen 2,Kungsskogen_1516,6601252,1397119,2015,2016,G8-16,3.7057,0.41,1.15,61.52121212,43.16,Storfors,1760,1.9,0,0,0.4454,131.938701,45.34262241,Köl2,0.31961099999999998,4
1215,72,,,,0,alive,,G113-17,M,S,Kväggen,Kväggen_1718,6583490.128,1410940.038,2017,2018,,3.3398,0.42,1.54,78.36608187,30.68,Storfors,1760,2.0759,0,0,1.9194,124.5575,39.642,Fla1,0.24438499999999999,5
1216,72,,,0,0,alive,,G25-17,F,S,Kväggen,Kväggen_1718,6583490.128,1410940.038,2017,2018,,3.3398,0.42,1.54,78.36608187,30.68,Storfors,1760,2.0759,0,0,1.9194,124.5575,39.642,Lok3,0.222382,5
1217,68,1,,,1,disapp,,G113-17,M,S,Kväggen,Kväggen_1819,6581469,1410496,2018,2019,G113-17,3.1891,0.41,1.53,63.25988701,29.76,Storfors,1760,2.3,0,0,1.9658,120.2406206,40.10319379,Fla1,0.24438499999999999,4
1218,68,1,1,1,1,disapp,,G25-17,F,S,Kväggen,Kväggen_1819,6581469,1410496,2018,2019,G25-17,3.1891,0.41,1.53,63.25988701,29.76,Storfors,1760,2.3,0,0,1.9658,120.2406206,40.10319379,Lok3,0.222382,4
1219,68,,,0,0,alive,,G122-14,M,S,Kymmen 1,Kymmen_1819,6656411,1318319,2018,2019,G122-14,5.777,0.35,1.33,84.90053763,13.02,Eda,1730,2.2104,0,0.0126,0.1537,247.8524977,69.73051376,Krp6,0.21412300000000001,3
1220,68,,,,0,alive,,G25-18,F,S,Kymmen 1,Kymmen_1819,6656411,1318319,2018,2019,G25-18,5.777,0.35,1.33,84.90053763,13.02,Eda,1730,2.2104,0,0.0126,0.1537,247.8524977,69.73051376,Sku,0.15216099999999999,3
1221,71,,1,1,1,disapp,,G122-14,M,S,Kymmen 1,Kymmen_1920,6660596,1318079,2019,2020,G122-14,5.8899,0.36,1.39,60.38636364,12.62,Eda,1730,2.388,0.0001,0.025,0.045,263.5098908,73.30135133,Krp6,0.21412300000000001,3
1222,71,,,,0,alive,,G25-18,F,S,Kymmen 1,Kymmen_1920,6660596,1318079,2019,2020,G25-18,5.8899,0.36,1.39,60.38636364,12.62,Eda,1730,2.388,0.0001,0.025,0.045,263.5098908,73.30135133,Sku,0.15216099999999999,3
1223,75,,,,0,alive,,G12-19,M,S,Kymmen 2,Kymmen_2021,6667163,1319978,2020,2021,,6.1169,0.36,1.43,79.64215686,11.58,Eda,1730,2.5293,0.0001,0.02,0.0147,282.7702084,70.92501302,Bjås4,0.121395,4
1224,75,,,0,0,alive,,G25-18,F,S,Kymmen 2,Kymmen_2021,6667163,1319978,2020,2021,,6.1169,0.36,1.43,79.64215686,11.58,Eda,1730,2.5293,0.0001,0.02,0.0147,282.7702084,70.92501302,Sku,0.15216099999999999,4
1225,83,,,,0,alive,,G12-19,M,S,Kymmen 2,Kymmen_2122,6666684.85,1321921.201,2021,2022,,6.182,0.34,1.38,81.66666667,11.14,Eda,1730,2.4223,0.0001,0.0206,0.0118,282.7862013,71.25414238,Bjås4,0.121395,2
1226,83,,,0,0,alive,,G25-18,F,S,Kymmen 2,Kymmen_2122,6666684.85,1321921.201,2021,2022,,6.182,0.34,1.38,81.66666667,11.14,Eda,1730,2.4223,0.0001,0.0206,0.0118,282.7862013,71.25414238,Sku,0.15216099999999999,2
1227,85,,,,2,censored,,G12-19,M,S,Kymmen 2,Kymmen_2223,6662099,1320441,2022,2023,,6.0287,0.36,1.36,85.37230769,12.08,Eda,1730,2.1899,0,0.0017,0.0118,270.8640158,72.40918578,Bjås4,0.121395,2
1228,85,,1,1,1,disapp,,G25-18,F,S,Kymmen 2,Kymmen_2223,6662099,1320441,2022,2023,,6.0287,0.36,1.36,85.37230769,12.08,Eda,1730,2.1899,0,0.0017,0.0118,270.8640158,72.40918578,Sku,0.15216099999999999,2
1229,28,,,,0,alive,,G18-07,M,N,Kynna 1,Kynna_0405,6754032,1294019,2004,2005,G18-07,4.3555,0.26,1.41,82.64925373,9.63,Torsby,1737,2.5657,0,0.0021,0.2645,379.1801359,99.5230234,Sta,0.31445299999999998,1
1230,28,,,0,0,alive,,M-07-04,F,N,Kynna 1,Kynna_0405,6754032,1294019,2004,2005,M-07-04,4.3555,0.26,1.41,82.64925373,9.63,Torsby,1737,2.5657,0,0.0021,0.2645,379.1801359,99.5230234,DE2,0.39843800000000001,1
1231,29,,,,0,alive,,G18-07,M,N,Kynna 1,Kynna_0506,6754786,1295227,2005,2006,G18-07,4.4439,0.21,1.41,83.8030303,9.39,Torsby,1737,2.6523,0.0002,0.0772,0.1504,389.4546932,94.18472455,Sta,0.31445299999999998,1
1232,29,,,0,0,alive,,M-07-04,F,N,Kynna 1,Kynna_0506,6754786,1295227,2005,2006,M-07-04,4.4439,0.21,1.41,83.8030303,9.39,Torsby,1737,2.6523,0.0002,0.0772,0.1504,389.4546932,94.18472455,DE2,0.39843800000000001,1
1233,31,1,,,1,disapp,,G18-07,M,N,Kynna 1,Kynna_0607,6749465,1297224,2006,2007,G18-07,4.3449,0.28,1.56,85.98461538,8.07,Torsby,1737,2.7047,0.0001,0.0482,0.3881,358.5355879,99.66383468,Sta,0.31445299999999998,3
1234,31,1,1,1,1,disapp,confirmed_illegal,M-07-04,F,N,Kynna 1,Kynna_0607,6749465,1297224,2006,2007,M-07-04,4.3449,0.28,1.56,85.98461538,8.07,Torsby,1737,2.7047,0.0001,0.0482,0.3881,358.5355879,99.66383468,DE2,0.39843800000000001,3
1235,37,,,,,alive,,M-07-05,F,N,Kynna 2,Kynna_0708,6747165,1295788,2007,2008,M-07-05,4.3312,0.37,1.58,81.9079602,8.06,Torsby,1737,2.8838,0.0002,0.0737,0.7097,337.7287293,102.5705418,Kyn1,0.29345700000000002,2
1236,37,,,0,0,alive,,M-10-10,M,N,Kynna 2,Kynna_0708,6747165,1295788,2007,2008,M-10-10,4.3312,0.37,1.58,81.9079602,8.06,Torsby,1737,2.8838,0.0002,0.0737,0.7097,337.7287293,102.5705418,SF,0,2
1237,39,,,,,alive,,M-07-05,F,N,Kynna 2,Kynna_0809,6753064,1290026,2008,2009,M-07-05,4.2131,0.35,1.35,87.10606061,10.45,Elverum,427,2.9189,0.0001,0.0491,0.6736,358.1000985,107.621173,Kyn1,0.29345700000000002,1
1238,39,,,0,0,alive,,M-10-10,M,N,Kynna 2,Kynna_0809,6753064,1290026,2008,2009,M-10-10,4.2131,0.35,1.35,87.10606061,10.45,Elverum,427,2.9189,0.0001,0.0491,0.6736,358.1000985,107.621173,SF,0,1
1239,49,,,,,alive,,M-07-05,F,N,Kynna 2,Kynna_0910,6751615,1293288,2009,2010,M-07-05,4.2549,0.32,1.46,84.91058824,9.53,Elverum,427,2.9397,0.0002,0.0606,0.4886,358.6369329,105.3421375,Kyn1,0.29345700000000002,1
1240,49,,,0,0,alive,,M-10-10,M,N,Kynna 2,Kynna_0910,6751615,1293288,2009,2010,M-10-10,4.2549,0.32,1.46,84.91058824,9.53,Elverum,427,2.9397,0.0002,0.0606,0.4886,358.6369329,105.3421375,SF,0,1
1241,58,,,,,alive,,M-07-05,F,N,Kynna 2,Kynna_1011,6752687,1293069,2010,2011,M-07-05,4.2358,0.3,1.43,83.80555556,9.83,Elverum,427,2.928,0.0003,0.0982,0.4357,365.6697662,104.6674142,Kyn1,0.29345700000000002,2
1242,58,,1,1,1,disapp,,M-10-10,M,N,Kynna 2,Kynna_1011,6752687,1293069,2010,2011,M-10-10,4.2358,0.3,1.43,83.80555556,9.83,Elverum,427,2.928,0.0003,0.0982,0.4357,365.6697662,104.6674142,SF,0,2
1243,60,,,,,alive,,G91-11,M,N,Kynna 3,Kynna_1112,6745790,1299308,2011,2012,G91-11,4.4198,0.36,1.64,82.22463768,7.18,Torsby,1737,2.8553,0.0003,0.0909,0.4789,341.3150741,98.16584403,Jang5,0.29736299999999999,3
1244,60,,,,,alive,,M-07-05,F,N,Kynna 3,Kynna_1112,6745790,1299308,2011,2012,M-07-05,4.4198,0.36,1.64,82.22463768,7.18,Torsby,1737,2.8553,0.0003,0.0909,0.4789,341.3150741,98.16584403,Kyn1,0.29345700000000002,3
1245,64,,,,,alive,,G91-11,M,N,Kynna 3,Kynna_1213,6751430,1296477,2012,2013,G91-11,4.4149,0.23,1.49,86.82608696,8.73,Torsby,1737,2.6563,0.0002,0.0844,0.2991,370.8194146,97.58721779,Jang5,0.29736299999999999,1
1246,64,,,,,alive,,M-07-05,F,N,Kynna 3,Kynna_1213,6751430,1296477,2012,2013,M-07-05,4.4149,0.23,1.49,86.82608696,8.73,Torsby,1737,2.6563,0.0002,0.0844,0.2991,370.8194146,97.58721779,Kyn1,0.29345700000000002,1
1247,66,,,,,alive,,G91-11,M,N,Kynna 3,Kynna_1314,6749513,1297453,2013,2014,G91-11,4.3449,0.28,1.55,77.12912989,8.14,Torsby,1737,2.5709,0.0004,0.1286,0.3724,359.6034673,99.31986184,Jang5,0.29736299999999999,0
1248,66,,,,,alive,,M-07-05,F,N,Kynna 3,Kynna_1314,6749513,1297453,2013,2014,M-07-05,4.3449,0.28,1.55,77.12912989,8.14,Torsby,1737,2.5709,0.0004,0.1286,0.3724,359.6034673,99.31986184,Kyn1,0.29345700000000002,0
1249,68,,,,,alive,,G91-11,M,N,Kynna 3,Kynna_1415,6749440,1293708,2014,2015,G91-11,4.2835,0.35,1.5,82.42911497,9.14,Elverum,427,2.2496,0.0002,0.0901,0.6562,344.91052,105.5605599,Jang5,0.29736299999999999,2
1250,68,,,,,other,natural,M-07-05,F,N,Kynna 3,Kynna_1415,6749440,1293708,2014,2015,M-07-05,4.2835,0.35,1.5,82.42911497,9.14,Elverum,427,2.2496,0.0002,0.0901,0.6562,344.91052,105.5605599,Kyn1,0.29345700000000002,2
1251,70,,,,,alive,,G204-13,F,N,Kynna 4,Kynna_1516,6751790,1294128,2015,2016,G204-13,4.3325,0.29,1.46,78.53623188,9.59,Torsby,1737,1.9694,0.0003,0.1003,0.4126,363.5011407,103.2055753,Äpp2,0.29061900000000002,5
1252,70,,,,,alive,,G91-11,M,N,Kynna 4,Kynna_1516,6751790,1294128,2015,2016,G91-11,4.3325,0.29,1.46,78.53623188,9.59,Torsby,1737,1.9694,0.0003,0.1003,0.4126,363.5011407,103.2055753,Jang5,0.29736299999999999,5
1253,74,,,,,alive,,G204-13,F,N,Kynna 4,Kynna_1617,6750966,1293209,2016,2017,G204-13,4.2702,0.33,1.46,82.70588235,9.66,Elverum,427,1.8426,0.0002,0.0647,0.5646,353.6888902,106.0234651,Äpp2,0.29061900000000002,4
1254,74,,,,,alive,,G91-11,M,N,Kynna 4,Kynna_1617,6750966,1293209,2016,2017,G91-11,4.2702,0.33,1.46,82.70588235,9.66,Elverum,427,1.8426,0.0002,0.0647,0.5646,353.6888902,106.0234651,Jang5,0.29736299999999999,4
1255,72,,,,,alive,,G204-13,F,N,Kynna 4,Kynna_1718,6749599,1295315,2017,2018,G204-13,4.3347,0.3,1.55,85.06565657,8.78,Torsby,1737,1.785,0.0002,0.0574,0.5352,352.6985594,103.2579181,Äpp2,0.29061900000000002,3
1256,72,,,,,alive,,G91-11,M,N,Kynna 4,Kynna_1718,6749599,1295315,2017,2018,G91-11,4.3347,0.3,1.55,85.06565657,8.78,Torsby,1737,1.785,0.0002,0.0574,0.5352,352.6985594,103.2579181,Jang5,0.29736299999999999,3
1257,68,,,,,alive,,G204-13,F,N,Kynna 4,Kynna_1819,6749790,1293321,2018,2019,G204-13,4.2797,0.35,1.48,85,9.28,Elverum,427,1.8284,0.0003,0.1009,0.668,345.9410694,105.9062246,Äpp2,0.29061900000000002,3
1258,68,,,,,other,legal,G91-11,M,N,Kynna 4,Kynna_1819,6749790,1293321,2018,2019,G91-11,4.2797,0.35,1.48,85,9.28,Elverum,427,1.8284,0.0003,0.1009,0.668,345.9410694,105.9062246,Jang5,0.29736299999999999,3
1259,71,,,,,alive,,G18-15,M,N,Kynna 5,Kynna_1920,6751428,1293824,2019,2020,G18-15,4.2996,0.31,1.46,79.12142857,9.55,Torsby,1737,1.8007,0.0004,0.1478,0.4759,359.4703345,104.443595,Trå,0.29980499999999999,7
1260,71,,,,,alive,,G204-13,F,N,Kynna 5,Kynna_1920,6751428,1293824,2019,2020,G204-13,4.2996,0.31,1.46,79.12142857,9.55,Torsby,1737,1.8007,0.0004,0.1478,0.4759,359.4703345,104.443595,Äpp2,0.29061900000000002,7
1261,75,,,,,other,legal,G18-15,M,N,Kynna 5,Kynna_2021,6750942,1295707,2020,2021,,4.3989,0.27,1.52,81.34068627,8.87,Torsby,1737,1.6971,0.0003,0.1047,0.3951,364.2964471,100.4492854,Trå,0.29980499999999999,4
1262,75,,,,,other,legal,G204-13,F,N,Kynna 5,Kynna_2021,6750942,1295707,2020,2021,,4.3989,0.27,1.52,81.34068627,8.87,Torsby,1737,1.6971,0.0003,0.1047,0.3951,364.2964471,100.4492854,Äpp2,0.29061900000000002,4
1263,83,,,,0,alive,,G211-19,M,N,Kynna 6,Kynna_2122,6740664.135,1304313.905,2021,2022,,4.7177,0.38,1.81,82.98756219,5.95,Torsby,1737,1.7322,0.0004,0.1527,0.4132,338.0209573,94.61407296,Adn1,0.16655300000000001,6
1264,83,,,0,0,alive,,G33-21,F,N,Kynna 6,Kynna_2122,6740664.135,1304313.905,2021,2022,,4.7177,0.38,1.81,82.98756219,5.95,Torsby,1737,1.7322,0.0004,0.1527,0.4132,338.0209573,94.61407296,Våa2,0.22309599999999999,6
1265,85,,,,2,censored,,G211-19,M,N,Kynna 6,Kynna_2223,6736700,1305714,2022,2023,,4.8141,0.41,1.87,92.96363636,6.07,Torsby,1737,1.6237,0.0001,0.0526,0.4587,336.364819,97.09601931,Adn1,0.16655300000000001,3
1266,85,,,2,2,censored,,G33-21,F,N,Kynna 6,Kynna_2223,6736700,1305714,2022,2023,,4.8141,0.41,1.87,92.96363636,6.07,Torsby,1737,1.6237,0.0001,0.0526,0.4587,336.364819,97.09601931,Våa2,0.22309599999999999,3
1267,39,,,,,alive,,D-11-26,M,S,Kynnefjäll 1,Kynnefjäll_0809,6528946,1261771,2008,2009,D-11-26,4.5759,0.39,1.23,73.74102564,14.68,Munkedal,1430,2.4778,0,0,0.2262,147.042284,36.53045069,Grä1,0.26757799999999998,3
1268,39,,,0,0,alive,,G5-09,F,S,Kynnefjäll 1,Kynnefjäll_0809,6528946,1261771,2008,2009,G5-09,4.5759,0.39,1.23,73.74102564,14.68,Munkedal,1430,2.4778,0,0,0.2262,147.042284,36.53045069,DE4,0.29003899999999999,3
1269,49,,,,,alive,,D-11-26,M,S,Kynnefjäll 1,Kynnefjäll_0910,6528946,1261771,2009,2010,D-11-26,4.5759,0.39,1.23,83.12820513,14.69,Munkedal,1430,2.6667,0,0,0.2262,147.042284,36.53045069,Grä1,0.26757799999999998,3
1270,49,,1,1,1,disapp,,G5-09,F,S,Kynnefjäll 1,Kynnefjäll_0910,6528946,1261771,2009,2010,G5-09,4.5759,0.39,1.23,83.12820513,14.69,Munkedal,1430,2.6667,0,0,0.2262,147.042284,36.53045069,DE4,0.29003899999999999,3
1271,58,,,0,0,alive,,G2-11,F,S,Kynnefjäll 2,Kynnefjäll_1011,6522717,1261602,2010,2011,G2-11,4.6136,0.37,1.24,77.47619048,13.24,Munkedal,1430,2.7103,0,0,0.1386,137.4459261,35.24290799,Kyf,0.29541000000000001,2
1272,58,,,,0,alive,,G63-10,M,S,Kynnefjäll 2,Kynnefjäll_1011,6522717,1261602,2010,2011,G63-10,4.6136,0.37,1.24,77.47619048,13.24,Munkedal,1430,2.7103,0,0,0.1386,137.4459261,35.24290799,Gal,0,2
1273,60,,,0,0,alive,,G2-11,F,S,Kynnefjäll 2,Kynnefjäll_1112,6528246,1259310,2011,2012,G2-11,4.6346,0.38,1.23,59.45967742,15.45,Munkedal,1430,3.2,0,0,0.1057,140.6469735,38.63159361,Kyf,0.29541000000000001,0
1274,60,,,,0,alive,,G63-10,M,S,Kynnefjäll 2,Kynnefjäll_1112,6528246,1259310,2011,2012,G63-10,4.6346,0.38,1.23,59.45967742,15.45,Munkedal,1430,3.2,0,0,0.1057,140.6469735,38.63159361,Gal,0,0
1275,64,1,1,1,1,disapp,,G2-11,F,S,Kynnefjäll 2,Kynnefjäll_1213,6528246,1259310,2012,2013,G2-11,4.6346,0.38,1.23,76.15053763,15.42,Munkedal,1430,3.3768,0,0,0.1057,140.6469735,38.63159361,Kyf,0.29541000000000001,2
1276,64,1,,,1,disapp,,G63-10,M,S,Kynnefjäll 2,Kynnefjäll_1213,6528246,1259310,2012,2013,G63-10,4.6346,0.38,1.23,76.15053763,15.42,Munkedal,1430,3.3768,0,0,0.1057,140.6469735,38.63159361,Gal,0,2
1277,66,,,,0,alive,,G17-12,M,S,Kynnefjäll 3,Kynnefjäll_1314,6508623,1266247,2013,2014,G17-12,4.6708,0.42,1.35,52.26995384,13.95,Munkedal,1430,3.5,0,0,0.6211,124.3831837,32.34507825,Sku,0.15216099999999999,1
1278,66,,,0,0,alive,,G198-13,F,S,Kynnefjäll 3,Kynnefjäll_1314,6508623,1266247,2013,2014,G198-13,4.6708,0.42,1.35,52.26995384,13.95,Munkedal,1430,3.5,0,0,0.6211,124.3831837,32.34507825,Prä,0,1
1279,68,,,,2,censored,,G17-12,M,S,Kynnefjäll 3,Kynnefjäll_1415,6521529,1264514,2014,2015,G17-12,4.5505,0.38,1.26,59.63709677,12.56,Munkedal,1430,3.3,0,0,0.2269,138.8766032,33.61566975,Sku,0.15216099999999999,1
1280,68,,1,1,1,disapp,,G198-13,F,S,Kynnefjäll 3,Kynnefjäll_1415,6521529,1264514,2014,2015,G198-13,4.5505,0.38,1.26,59.63709677,12.56,Munkedal,1430,3.3,0,0,0.2269,138.8766032,33.61566975,Prä,0,1
1281,72,,,,0,alive,,G159-17,M,S,Långbogen 1,Långbogen_1718,6503962,1484939,2017,2018,G159-17,3.3732,0.36,1.45,75.07377049,59.76,Finspång,562,2.1,0,0,1.0668,82.55768405,24.27884747,Rom2,0.204487,0
1282,72,,,,,alive,,G169-16,F,S,Långbogen 1,Långbogen_1718,6503962,1484939,2017,2018,G169-16,3.3732,0.36,1.45,75.07377049,59.76,Finspång,562,2.1,0,0,1.0668,82.55768405,24.27884747,Julu9,0.157578,0
1283,68,,,,0,alive,,G159-17,M,S,Långbogen 1,Långbogen_1819,6500241,1483619,2018,2019,G159-17,3.1486,0.39,1.41,44.80874317,68.86,Finspång,562,2,0,0,1.3635,80.412467,24.18592861,Rom2,0.204487,0
1284,68,,,,,alive,,G169-16,F,S,Långbogen 1,Långbogen_1819,6500241,1483619,2018,2019,G169-16,3.1486,0.39,1.41,44.80874317,68.86,Finspång,562,2,0,0,1.3635,80.412467,24.18592861,Julu9,0.157578,0
1285,71,,,,0,alive,,G159-17,M,S,Långbogen 1,Långbogen_1920,6501306,1484166,2019,2020,G159-17,3.2317,0.38,1.44,43.74731183,67.21,Finspång,562,1.9,0,0,1.3032,80.86511953,24.22990024,Rom2,0.204487,0
1286,71,,,,,alive,,G169-16,F,S,Långbogen 1,Långbogen_1920,6501306,1484166,2019,2020,G169-16,3.2317,0.38,1.44,43.74731183,67.21,Finspång,562,1.9,0,0,1.3032,80.86511953,24.22990024,Julu9,0.157578,0
1287,75,,,,0,alive,,G159-17,M,S,Långbogen 1,Långbogen_2021,6501115,1483917,2020,2021,,3.2137,0.38,1.43,52.66887848,67.96,Finspång,562,2,0,0,1.3054,81.04220738,24.23352807,Rom2,0.204487,0
1288,75,,,,,other,legal,G169-16,F,S,Långbogen 1,Långbogen_2021,6501115,1483917,2020,2021,,3.2137,0.38,1.43,52.66887848,67.96,Finspång,562,2,0,0,1.3054,81.04220738,24.23352807,Julu9,0.157578,0
1289,83,,,,0,alive,,G159-17,M,S,Långbogen 2,Långbogen_2122,6504552.888,1480322.796,2021,2022,,3.3115,0.38,1.48,49.1984127,58.71,Finspång,562,1.9001,0,0,0.8236,90.89902457,25.372878,Rom2,0.204487,0
1290,83,,,0,0,alive,,G7-20,F,S,Långbogen 2,Långbogen_2122,6504552.888,1480322.796,2021,2022,,3.3115,0.38,1.48,49.1984127,58.71,Finspång,562,1.9001,0,0,0.8236,90.89902457,25.372878,Låb1,0.22414300000000001,0
1291,85,,,,2,censored,,G159-17,M,S,Långbogen 2,Långbogen_2223,6500641,1485211,2022,2023,,3.2033,0.38,1.43,50.69808468,70.36,Finspång,562,1.6,0,0,1.4174,78.27220383,24.26692141,Rom2,0.204487,1
1292,85,,,2,2,censored,,G7-20,F,S,Långbogen 2,Långbogen_2223,6500641,1485211,2022,2023,,3.2033,0.38,1.43,50.69808468,70.36,Finspång,562,1.6,0,0,1.4174,78.27220383,24.26692141,Låb1,0.22414300000000001,1
1293,29,,,0,0,alive,,D-07-10,M,S,Långsjön 1,Långsjön_0506,6747065,1483819,2005,2006,D-07-10,3.9345,0.28,0.99,84.49487179,17.31,Leksand,2029,3.1,0.001,0.3677,0.7874,271.4531968,72.03109618,Amu1,0.21972700000000001,1
1294,29,,,,,alive,,D-07-23,F,S,Långsjön 1,Långsjön_0506,6747065,1483819,2005,2006,D-07-23,3.9345,0.28,0.99,84.49487179,17.31,Leksand,2029,3.1,0.001,0.3677,0.7874,271.4531968,72.03109618,Amu1,0.21972700000000001,1
1295,31,,1,1,1,disapp,,D-07-10,M,S,Långsjön 1,Långsjön_0607,6746214,1483230,2006,2007,D-07-10,3.9668,0.29,1.01,80.47014925,17.32,Leksand,2029,2.8,0.0008,0.2862,0.818,270.5904036,72.68763692,Amu1,0.21972700000000001,1
1296,31,,,,,alive,,D-07-23,F,S,Långsjön 1,Långsjön_0607,6746214,1483230,2006,2007,D-07-23,3.9668,0.29,1.01,80.47014925,17.32,Leksand,2029,2.8,0.0008,0.2862,0.818,270.5904036,72.68763692,Amu1,0.21972700000000001,1
1297,37,,,,,other,legal,D-07-23,F,S,Långsjön 2,Långsjön_0708,6741995,1488231,2007,2008,D-07-23,3.9437,0.29,1.14,82.32089552,21.69,Leksand,2029,2.6,0.0012,0.4455,1.3487,250.144414,82.18797182,Amu1,0.21972700000000001,0
1298,37,,,,0,alive,,G21-07,M,S,Långsjön 2,Långsjön_0708,6741995,1488231,2007,2008,G21-07,3.9437,0.29,1.14,82.32089552,21.69,Leksand,2029,2.6,0.0012,0.4455,1.3487,250.144414,82.18797182,Sil1,0.227051,0
1299,39,,,,0,alive,,G18-08,F,S,Långsjön 3,Långsjön_0809,6741922,1487686,2008,2009,G18-08,3.9646,0.3,1.15,84.87179487,21.45,Leksand,2029,2.4,0.0017,0.6302,1.3035,251.3174602,81.84228747,Sil1,0.227051,1
1300,39,,,,0,alive,,G21-07,M,S,Långsjön 3,Långsjön_0809,6741922,1487686,2008,2009,G21-07,3.9646,0.3,1.15,84.87179487,21.45,Leksand,2029,2.4,0.0017,0.6302,1.3035,251.3174602,81.84228747,Sil1,0.227051,1
1301,49,,,,0,alive,,G18-08,F,S,Långsjön 3,Långsjön_0910,6743493,1482898,2009,2010,G18-08,4.1163,0.3,1.05,84.1010101,18.29,Leksand,2029,2.3,0.0018,0.6503,0.9363,268.5492394,76.53254854,Sil1,0.227051,1
1302,49,,,,0,alive,,G21-07,M,S,Långsjön 3,Långsjön_0910,6743493,1482898,2009,2010,G21-07,4.1163,0.3,1.05,84.1010101,18.29,Leksand,2029,2.3,0.0018,0.6503,0.9363,268.5492394,76.53254854,Sil1,0.227051,1
1303,58,,,,0,alive,,G18-08,F,S,Långsjön 4,Långsjön_1011,6739623,1488130,2010,2011,G18-08,3.923,0.32,1.2,88.32850242,22.8,Leksand,2029,2.3,0.0016,0.586,1.6818,242.8936512,81.6003292,Sil1,0.227051,2
1304,58,,,0,0,alive,,G6-05,M,S,Långsjön 4,Långsjön_1011,6739623,1488130,2010,2011,G6-05,3.923,0.32,1.2,88.32850242,22.8,Leksand,2029,2.3,0.0016,0.586,1.6818,242.8936512,81.6003292,DE2,0.39843800000000001,2
1305,60,,,,0,alive,,G18-08,F,S,Långsjön 4,Långsjön_1112,6737838,1497539,2011,2012,G18-08,3.7513,0.33,1.3,79.27777778,26.63,Leksand,2029,2.3,0.0016,0.5708,2.1055,223.5506767,73.2002439,Sil1,0.227051,3
1306,60,,1,1,1,disapp,,G6-05,M,S,Långsjön 4,Långsjön_1112,6737838,1497539,2011,2012,G6-05,3.7513,0.33,1.3,79.27777778,26.63,Leksand,2029,2.3,0.0016,0.5708,2.1055,223.5506767,73.2002439,DE2,0.39843800000000001,3
1307,64,1,1,1,1,disapp,,G18-08,F,S,Långsjön 5,Långsjön_1213,6737838,1497539,2012,2013,G18-08,3.7513,0.33,1.3,84.46464646,26.72,Leksand,2029,1.9,0.0013,0.4624,2.1055,223.5506767,73.2002439,Sil1,0.227051,3
1308,64,1,,,1,disapp,,G97-12,M,S,Långsjön 5,Långsjön_1213,6737838,1497539,2012,2013,G97-12,3.7513,0.33,1.3,84.46464646,26.72,Leksand,2029,1.9,0.0013,0.4624,2.1055,223.5506767,73.2002439,Kors2,0.24853500000000001,3
1309,68,,,0,0,alive,,G180-13,M,S,Långsjön 6,Långsjön_1415,6751871,1475163,2014,2015,G180-13,3.7681,0.36,1.04,87.67692308,10.7,Leksand,2029,2.2,0.0028,1.0061,0.9852,285.6134553,63.97647732,Tand,0.29699700000000001,3
1310,68,,,,0,alive,,G66-14,F,S,Långsjön 6,Långsjön_1415,6751871,1475163,2014,2015,G66-14,3.7681,0.36,1.04,87.67692308,10.7,Leksand,2029,2.2,0.0028,1.0061,0.9852,285.6134553,63.97647732,Hom2,0.14105200000000001,3
1311,70,,,0,0,alive,,G180-13,M,S,Långsjön 6,Långsjön_1516,6763260,1479281,2015,2016,G180-13,3.5911,0.23,0.98,75.43880597,7.87,Leksand,2029,2.3,0.0033,1.2003,0.2266,298.0063013,65.03781808,Tand,0.29699700000000001,2
1312,70,,,,0,alive,,G66-14,F,S,Långsjön 6,Långsjön_1516,6763260,1479281,2015,2016,G66-14,3.5911,0.23,0.98,75.43880597,7.87,Leksand,2029,2.3,0.0033,1.2003,0.2266,298.0063013,65.03781808,Hom2,0.14105200000000001,2
1313,74,,1,1,1,disapp,,G180-13,M,S,Långsjön 6,Långsjön_1617,6759006,1481963,2016,2017,G180-13,3.7581,0.26,0.95,83.73484848,11.06,Leksand,2029,2.2,0.0023,0.8461,0.1292,292.5554245,64.66169039,Tand,0.29699700000000001,4
1314,74,,,,0,alive,,G66-14,F,S,Långsjön 6,Långsjön_1617,6759006,1481963,2016,2017,G66-14,3.7581,0.26,0.95,83.73484848,11.06,Leksand,2029,2.2,0.0023,0.8461,0.1292,292.5554245,64.66169039,Hom2,0.14105200000000001,4
1315,75,,,0,0,alive,,G199-19,M,S,Långsjön 7,Långsjön_2021,6755450,1487535,2020,2021,,3.895,0.24,0.91,84.73768116,16.69,Leksand,2029,2.6,0.0024,0.8741,0.2941,288.2924122,67.04992165,Låb1,0.22414300000000001,2
1316,75,,,,0,alive,,G74-19,F,S,Långsjön 7,Långsjön_2021,6755450,1487535,2020,2021,,3.895,0.24,0.91,84.73768116,16.69,Leksand,2029,2.6,0.0024,0.8741,0.2941,288.2924122,67.04992165,Sjö3,0.17519399999999999,2
1317,83,,,0,0,alive,,G199-19,M,S,Långsjön 7,Långsjön_2122,6758859.739,1481487.962,2021,2022,,3.741,0.26,0.95,84.10447761,11.14,Leksand,2029,2.4,0.0034,1.2329,0.1473,292.7863738,64.42857443,Låb1,0.22414300000000001,2
1318,83,,,,0,alive,,G74-19,F,S,Långsjön 7,Långsjön_2122,6758859.739,1481487.962,2021,2022,,3.741,0.26,0.95,84.10447761,11.14,Leksand,2029,2.4,0.0034,1.2329,0.1473,292.7863738,64.42857443,Sjö3,0.17519399999999999,2
1319,85,,1,1,1,disapp,,G199-19,M,S,Långsjön 7,Långsjön_2223,6758859.739,1481487.962,2022,2023,,3.741,0.26,0.95,92.59104478,11.15,Leksand,2029,2,0.0041,1.4919,0.1473,292.7863738,64.42857443,Låb1,0.22414300000000001,2
1320,85,,,,2,censored,,G74-19,F,S,Långsjön 7,Långsjön_2223,6758859.739,1481487.962,2022,2023,,3.741,0.26,0.95,92.59104478,11.15,Leksand,2029,2,0.0041,1.4919,0.1473,292.7863738,64.42857443,Sjö3,0.17519399999999999,2
1321,71,,,0,,alive,,G172-19,M,S,Låsen 1,Låsen_1920,6674123,1436219,2019,2020,G172-19,4.8989,0.28,1.13,61.58457711,15.98,Ljusnarsberg,1864,2.491,0.0001,0.0538,0.2192,322.3487493,57.27737628,Gård6,0.13404099999999999,2
1322,71,,,,,alive,,G48-18,F,S,Låsen 1,Låsen_1920,6674123,1436219,2019,2020,G48-18,4.8989,0.28,1.13,61.58457711,15.98,Ljusnarsberg,1864,2.491,0.0001,0.0538,0.2192,322.3487493,57.27737628,Nsj1,0.243233,2
1323,75,,,0,0,alive,,G172-19,M,S,Låsen 1,Låsen_2021,6676963,1431536,2020,2021,,5.0648,0.24,1.09,78.02738095,14.98,Ljusnarsberg,1864,2.5968,0.0003,0.0939,0.2414,335.6335401,59.51394423,Gård6,0.13404099999999999,2
1324,75,,,,0,alive,,G48-18,F,S,Låsen 1,Låsen_2021,6676963,1431536,2020,2021,,5.0648,0.24,1.09,78.02738095,14.98,Ljusnarsberg,1864,2.5968,0.0003,0.0939,0.2414,335.6335401,59.51394423,Nsj1,0.243233,2
1325,83,,,0,0,alive,,G172-19,M,S,Låsen 1,Låsen_2122,6681156.646,1430801.207,2021,2022,,5.077,0.22,1.11,81.53333333,13.67,Vansbro,2021,2.4,0.0004,0.1333,0.2409,335.9819527,62.59837014,Gård6,0.13404099999999999,3
1326,83,,,,0,alive,,G48-18,F,S,Låsen 1,Låsen_2122,6681156.646,1430801.207,2021,2022,,5.077,0.22,1.11,81.53333333,13.67,Vansbro,2021,2.4,0.0004,0.1333,0.2409,335.9819527,62.59837014,Nsj1,0.243233,3
1327,85,,1,1,1,disapp,,G172-19,M,S,Låsen 1,Låsen_2223,6679407,1429045,2022,2023,,5.1987,0.23,1.11,87.75714286,13.88,Vansbro,2021,2,0.0003,0.1121,0.2424,342.0615514,60.38250487,Gård6,0.13404099999999999,3
1328,85,,,,2,censored,,G48-18,F,S,Låsen 2,Låsen_2223,6679407,1429045,2022,2023,,5.1987,0.23,1.11,87.75714286,13.88,Vansbro,2021,2,0.0003,0.1121,0.2424,342.0615514,60.38250487,Nsj1,0.243233,3
1330,72,,,,0,alive,,G254-17,M,S,Laxarby 1,Laxarby_1718,6568109,1305206,2017,2018,G254-17,5.5786,0.34,1.16,84.3591954,13.04,Bengtsfors,1460,2.4347,0,0,0.2939,153.3742893,42.16190962,Mang4,0.218197,4
1331,72,,,0,0,alive,,G270-17,F,S,Laxarby 1,Laxarby_1718,6568109,1305206,2017,2018,G270-17,5.5786,0.34,1.16,84.3591954,13.04,Bengtsfors,1460,2.4347,0,0,0.2939,153.3742893,42.16190962,Gla3,0.31059999999999999,4
1332,68,1,,,1,disapp,,G254-17,M,S,Laxarby 1,Laxarby_1819,6558467,1308322,2018,2019,G254-17,5.5163,0.4,1.27,64.22131148,17.18,Bengtsfors,1460,2.5199,0,0,0.8647,138.372094,46.30544258,Mang4,0.218197,2
1333,68,1,1,1,1,disapp,,G270-17,F,S,Laxarby 1,Laxarby_1819,6558467,1308322,2018,2019,G270-17,5.5163,0.4,1.27,64.22131148,17.18,Bengtsfors,1460,2.5199,0,0,0.8647,138.372094,46.30544258,Gla3,0.31059999999999999,2
1334,71,,,,0,alive,,G23-20,M,S,Laxarby 2,Laxarby_1920,6566843,1307844,2019,2020,G23-20,5.5252,0.35,1.18,55.83597884,14.09,Bengtsfors,1460,2.5508,0,0,0.2674,149.7169135,43.75803356,Prä4,0.169262,3
1335,71,,,0,0,alive,,G71-19,F,S,Laxarby 2,Laxarby_1920,6566843,1307844,2019,2020,G71-19,5.5252,0.35,1.18,55.83597884,14.09,Bengtsfors,1460,2.5508,0,0,0.2674,149.7169135,43.75803356,Mang4,0.218197,3
1336,75,1,,,1,disapp,,G23-20,M,S,Laxarby 2,Laxarby_2021,6566843,1307844,2020,2021,,5.5252,0.35,1.18,65.41137566,13.97,Bengtsfors,1460,2.7032,0,0,0.2674,149.7169135,43.75803356,Prä4,0.169262,4
1337,75,1,1,1,1,disapp,,G71-19,F,S,Laxarby 2,Laxarby_2021,6566843,1307844,2020,2021,,5.5252,0.35,1.18,65.41137566,13.97,Bengtsfors,1460,2.7032,0,0,0.2674,149.7169135,43.75803356,Mang4,0.218197,4
1338,10,,,,,other,natural,D-99-02,M,S,Leksand 1,Leksand_9899,6732053,1425211,1998,1999,D-99-02,4.3149,0.22,1.07,86.26036484,8.58,Vansbro,2021,3.1,0.0003,0.1231,0.3917,329.7688174,69.78369769,Gh,0,0
1339,10,,,,2,censored,,M-98-05,F,S,Leksand 1,Leksand_9899,6732053,1425211,1998,1999,M-98-05,4.3149,0.22,1.07,86.26036484,8.58,Vansbro,2021,3.1,0.0003,0.1231,0.3917,329.7688174,69.78369769,X,0.125,0
1340,16,,,,,alive,,M-02-01,M,S,Leksand 2,Leksand_0102,6727785,1427450,2001,2002,M-02-01,4.1286,0.23,1.06,78.83076923,8.84,Vansbro,2021,3.6,0.0003,0.1206,0.3304,323.8205658,67.47042101,Kop1,0.234375,0
1341,16,,,0,0,alive,,M-98-05,F,S,Leksand 2,Leksand_0102,6727785,1427450,2001,2002,M-98-05,4.1286,0.23,1.06,78.83076923,8.84,Vansbro,2021,3.6,0.0003,0.1206,0.3304,323.8205658,67.47042101,X,0.125,0
1342,17,,,,,other,NA - check if available,M-02-01,M,S,Leksand 2,Leksand_0203,6727785,1427450,2002,2003,M-02-01,4.1286,0.23,1.06,86.04358974,8.83,Vansbro,2021,3.5,0.0003,0.1001,0.3304,323.8205658,67.47042101,Kop1,0.234375,0
1343,17,,1,1,1,disapp,confirmed_illegal,M-98-05,F,S,Leksand 2,Leksand_0203,6727785,1427450,2002,2003,M-98-05,4.1286,0.23,1.06,86.04358974,8.83,Vansbro,2021,3.5,0.0003,0.1001,0.3304,323.8205658,67.47042101,X,0.125,0
1344,72,1,,,1,disapp,,G17-17,M,S,Letälven,Letälven_1718,6561843,1417188,2017,2018,G17-17,2.8028,0.36,1.46,73.26696572,26.94,Gullspång,1447,2.186,0,0,1.7356,116.5709422,33.72404836,Prä3,0.125,3
1345,72,1,1,1,1,disapp,,G260-17,F,S,Letälven,Letälven_1718,6561843,1417188,2017,2018,G260-17,2.8028,0.36,1.46,73.26696572,26.94,Gullspång,1447,2.186,0,0,1.7356,116.5709422,33.72404836,Asp2,0.31181300000000001,3
1346,64,,,,,alive,,G132-11,M,N,Letjenna 2,Letjenna_1213,6783040,1276208,2012,2013,G132-11,4.4028,0.33,1.11,89.16421569,9.69,Åmot,429,2.6061,0.0004,0.1373,0.5261,439.8976726,131.5785532,Julu8,0.16552700000000001,2
1347,64,,,,,alive,,G74-11,F,N,Letjenna 2,Letjenna_1213,6783040,1276208,2012,2013,G74-11,4.4028,0.33,1.11,89.16421569,9.69,Åmot,429,2.6061,0.0004,0.1373,0.5261,439.8976726,131.5785532,Gös,0.27917500000000001,2
1348,66,,,,,alive,,G132-11,M,N,Letjenna 2,Letjenna_1314,6779430,1275634,2013,2014,G132-11,4.4419,0.35,1.12,84.56762796,11.45,Åmot,429,2.5291,0.0003,0.1017,0.8555,430.3451009,135.5647428,Julu8,0.16552700000000001,1
1349,66,,,,,alive,,G74-11,F,N,Letjenna 2,Letjenna_1314,6779430,1275634,2013,2014,G74-11,4.4419,0.35,1.12,84.56762796,11.45,Åmot,429,2.5291,0.0003,0.1017,0.8555,430.3451009,135.5647428,Gös,0.27917500000000001,1
1350,68,,,,,alive,,G132-11,M,N,Letjenna 2,Letjenna_1415,6783588,1275373,2014,2015,G132-11,4.4252,0.31,1.12,84.11253258,9.64,Åmot,429,2.2496,0.0002,0.0737,0.525,435.646151,132.3603648,Julu8,0.16552700000000001,2
1351,68,,,,,alive,,G74-11,F,N,Letjenna 2,Letjenna_1415,6783588,1275373,2014,2015,G74-11,4.4252,0.31,1.12,84.11253258,9.64,Åmot,429,2.2496,0.0002,0.0737,0.525,435.646151,132.3603648,Gös,0.27917500000000001,2
1352,70,,,,,alive,,G132-11,M,N,Letjenna 2,Letjenna_1516,6782115,1278730,2015,2016,G132-11,4.3964,0.28,1.02,77.91714286,10.44,Åmot,429,1.9696,0.0002,0.0812,0.4235,458.9263663,123.4820333,Julu8,0.16552700000000001,4
1353,70,,,,,alive,,G74-11,F,N,Letjenna 2,Letjenna_1516,6782115,1278730,2015,2016,G74-11,4.3964,0.28,1.02,77.91714286,10.44,Åmot,429,1.9696,0.0002,0.0812,0.4235,458.9263663,123.4820333,Gös,0.27917500000000001,4
1354,74,,,,,alive,,G132-11,M,N,Letjenna 2,Letjenna_1617,6780213,1276384,2016,2017,G132-11,4.4074,0.35,1.1,84.04589372,11.43,Åmot,429,1.8426,0.0002,0.0667,0.7266,435.4341634,133.9371328,Julu8,0.16552700000000001,2
1355,74,,,,,alive,,G74-11,F,N,Letjenna 2,Letjenna_1617,6780213,1276384,2016,2017,G74-11,4.4074,0.35,1.1,84.04589372,11.43,Åmot,429,1.8426,0.0002,0.0667,0.7266,435.4341634,133.9371328,Gös,0.27917500000000001,2
1356,72,,,,,alive,,G132-11,M,N,Letjenna 2,Letjenna_1718,6784208,1276786,2017,2018,G132-11,4.3515,0.3,1.08,87.17692308,9.59,Åmot,429,1.7824,0.0001,0.052,0.4154,446.5402415,128.9883513,Julu8,0.16552700000000001,3
1357,72,,,,,alive,,G74-11,F,N,Letjenna 2,Letjenna_1718,6784208,1276786,2017,2018,G74-11,4.3515,0.3,1.08,87.17692308,9.59,Åmot,429,1.7824,0.0001,0.052,0.4154,446.5402415,128.9883513,Gös,0.27917500000000001,3
1358,68,,,,,alive,,G132-11,M,N,Letjenna 2,Letjenna_1819,6784505,1276926,2018,2019,G132-11,4.3523,0.3,1.08,86.27948718,9.46,Åmot,429,1.8284,0.0003,0.0949,0.3687,448.2950008,128.2015771,Julu8,0.16552700000000001,3
1359,68,,,,,alive,,G74-11,F,N,Letjenna 2,Letjenna_1819,6784505,1276926,2018,2019,G74-11,4.3523,0.3,1.08,86.27948718,9.46,Åmot,429,1.8284,0.0003,0.0949,0.3687,448.2950008,128.2015771,Gös,0.27917500000000001,3
1360,71,,,,,other,legal,G132-11,M,N,Letjenna 2,Letjenna_1920,6783289,1278444,2019,2020,G132-11,4.3751,0.27,1.03,86.69154229,10.04,Åmot,429,1.7999,0.0004,0.1366,0.3481,458.6865426,123.4709895,Julu8,0.16552700000000001,7
1361,71,,,,,other,legal,G74-11,F,N,Letjenna 2,Letjenna_1920,6783289,1278444,2019,2020,G74-11,4.3751,0.27,1.03,86.69154229,10.04,Åmot,429,1.7999,0.0004,0.1366,0.3481,458.6865426,123.4709895,Gös,0.27917500000000001,7
1362,29,,,,,other,veichle,D-06-14,F,S,Likenäs,Likenäs_0506,6717116,1362096,2005,2006,D-06-14,4.412,0.23,0.75,81.26262626,2.95,Torsby,1737,3.6931,0.0001,0.0467,0.1451,376.7043788,97.09304639,Kil1,0.26074199999999997,2
1363,29,,1,1,1,disapp,,G2-06,M,S,Likenäs,Likenäs_0506,6717116,1362096,2005,2006,G2-06,4.412,0.23,0.75,81.26262626,2.95,Torsby,1737,3.6931,0.0001,0.0467,0.1451,376.7043788,97.09304639,Utt,0.30224600000000001,2
1364,70,,1,1,1,disapp,,G139-15,M,S,Liksjön,Liksjön_1516,6732020,1350745,2015,2016,G139-15,5.0992,0.25,0.73,76.35211268,2.82,Torsby,1737,1.994,0.0005,0.1917,0.4922,417.8490332,98.3685974,Fär2,0.222382,2
1365,70,,,,,other,legal,G149-15,F,S,Liksjön,Liksjön_1516,6732020,1350745,2015,2016,G149-15,5.0992,0.25,0.73,76.35211268,2.82,Torsby,1737,1.994,0.0005,0.1917,0.4922,417.8490332,98.3685974,Keo1,0.228912,2
1366,85,,,,2,censored,,G125-17,M,,Lillsjöbäcken 2,Lillsjöbäcken_2223,6604513,1452273,2022,2023,,3.9019,0.39,1.42,68.11066468,25.46,Hällefors,1863,1.7,0,0.0039,1.3658,165.6833837,56.94279216,Osd4,0.22917000000000001,6
1367,85,,,2,2,censored,,G210-22,F,,Lillsjöbäcken 2,Lillsjöbäcken_2223,6604513,1452273,2022,2023,,3.9019,0.39,1.42,68.11066468,25.46,Hällefors,1863,1.7,0,0.0039,1.3658,165.6833837,56.94279216,Tön1,0.118835,6
1368,75,,,,0,alive,,G244-19,M,S,Linderödsåsen,Linderödsåsen_2021,6187575,1389990,2020,2021,,1.8786,0.59,1.49,37.11614035,46.21,Sjöbo,1265,0.9,0,0,0.988,87.36633306,68.70008845,Kes1,0.235539,0
1369,75,,,0,0,alive,,G36-20,F,S,Linderödsåsen,Linderödsåsen_2021,6187575,1389990,2020,2021,,1.8786,0.59,1.49,37.11614035,46.21,Sjöbo,1265,0.9,0,0,0.988,87.36633306,68.70008845,Låb1,0.22414300000000001,0
1370,83,,,,0,alive,,G244-19,M,S,Linderödsåsen,Linderödsåsen_2122,6193638.616,1387915.825,2021,2022,,1.9561,0.68,1.64,21.03030303,54.41,Sjöbo,1265,0.8,0,0,1.4375,89.20350967,68.03391264,Kes1,0.235539,0
1371,83,,,0,0,alive,,G36-20,F,S,Linderödsåsen,Linderödsåsen_2122,6193638.616,1387915.825,2021,2022,,1.9561,0.68,1.64,21.03030303,54.41,Sjöbo,1265,0.8,0,0,1.4375,89.20350967,68.03391264,Låb1,0.22414300000000001,0
1372,85,,,,2,censored,,G244-19,M,S,Linderödsåsen,Linderödsåsen_2223,6194319,1378679,2022,2023,,2.0941,0.76,1.75,32.38228291,51.95,Sjöbo,1265,0.7,0,0,1.1557,120.5534835,49.06501192,Kes1,0.235539,1
1373,85,,,2,2,censored,,G36-20,F,S,Linderödsåsen,Linderödsåsen_2223,6194319,1378679,2022,2023,,2.0941,0.76,1.75,32.38228291,51.95,Sjöbo,1265,0.7,0,0,1.1557,120.5534835,49.06501192,Låb1,0.22414300000000001,1
1374,66,,,,0,alive,,G22-14,M,S,Lingbo,Lingbo_1314,6775621,1541683,2013,2014,G22-14,3.3672,0.25,1.33,70.37628205,13.18,Ockelbo,2101,3,0.0019,0.6721,0.9607,181.2632415,90.48233849,Dju3,0.13900799999999999,2
1375,66,,,0,0,alive,,G31-14,F,S,Lingbo,Lingbo_1314,6775621,1541683,2013,2014,G31-14,3.3672,0.25,1.33,70.37628205,13.18,Ockelbo,2101,3,0.0019,0.6721,0.9607,181.2632415,90.48233849,Sjö,0.41430699999999998,2
1376,68,,,,0,alive,,G22-14,M,S,Lingbo,Lingbo_1415,6773594,1540785,2014,2015,G22-14,3.4422,0.25,1.34,85.51190476,12.27,Ockelbo,2101,3.1,0.0022,0.7976,0.8744,191.3151039,88.13902073,Dju3,0.13900799999999999,3
1377,68,,,0,0,alive,,G31-14,F,S,Lingbo,Lingbo_1415,6773594,1540785,2014,2015,G31-14,3.4422,0.25,1.34,85.51190476,12.27,Ockelbo,2101,3.1,0.0022,0.7976,0.8744,191.3151039,88.13902073,Sjö,0.41430699999999998,3
1378,70,,,,2,censored,,G22-14,M,S,Lingbo,Lingbo_1516,6776050,1540258,2015,2016,G22-14,3.4498,0.24,1.32,76.69411765,13.29,Ockelbo,2101,3.1,0.0026,0.9444,0.8883,189.9645037,91.33941297,Dju3,0.13900799999999999,4
1379,70,,1,1,1,disapp,,G31-14,F,S,Lingbo,Lingbo_1516,6776050,1540258,2015,2016,G31-14,3.4498,0.24,1.32,76.69411765,13.29,Ockelbo,2101,3.1,0.0026,0.9444,0.8883,189.9645037,91.33941297,Sjö,0.41430699999999998,4
1380,49,,,0,0,alive,,G5-07,F,N,Linnekleppen,Linnekleppen_0910,6577113,1256446,2009,2010,G5-07,4.6704,0.62,1.32,82.44892473,29.7,Dals-Ed,1438,3.3062,0,0,1.0157,144.1639659,42.09383025,DE3,0.28320299999999998,1
1381,49,,,,0,alive,,G71-10,M,N,Linnekleppen,Linnekleppen_0910,6577113,1256446,2009,2010,G71-10,4.6704,0.62,1.32,82.44892473,29.7,Dals-Ed,1438,3.3062,0,0,1.0157,144.1639659,42.09383025,Ulr2,0.21484400000000001,1
1382,58,,,1,1,disapp,,G5-07,F,N,Linnekleppen,Linnekleppen_1011,6579660,1256767,2010,2011,G5-07,4.6106,0.56,1.27,79.97135417,28.25,Dals-Ed,1438,3.3446,0,0,0.9102,146.0665246,39.68115287,DE3,0.28320299999999998,2
1383,58,,,,0,alive,,G71-10,M,N,Linnekleppen,Linnekleppen_1011,6579660,1256767,2010,2011,G71-10,4.6106,0.56,1.27,79.97135417,28.25,Dals-Ed,1438,3.3446,0,0,0.9102,146.0665246,39.68115287,Ulr2,0.21484400000000001,2
1384,72,,,,0,alive,,G124-16,M,S,Loberget 1,Loberget_1718,6829993,1477530,2017,2018,G124-16,3.8545,0.17,1.12,82.28806073,4.86,Rättvik,2031,2.8665,0.0024,0.861,0,320.3593391,59.94579076,Kvt1,0.206153,2
1385,72,,,0,0,alive,,G37-16,F,S,Loberget 1,Loberget_1718,6829993,1477530,2017,2018,G37-16,3.8545,0.17,1.12,82.28806073,4.86,Rättvik,2031,2.8665,0.0024,0.861,0,320.3593391,59.94579076,Kmä1,0.282555,2
1386,68,,,,0,alive,,G124-16,M,S,Loberget 1,Loberget_1819,6817514,1473662,2018,2019,G124-16,3.4565,0.17,1.1,82.72300469,5.46,Rättvik,2031,2.8245,0.0037,1.323,0.0098,301.1449786,52.86819447,Kvt1,0.206153,2
1387,68,,,0,0,alive,,G37-16,F,S,Loberget 1,Loberget_1819,6817514,1473662,2018,2019,G37-16,3.4565,0.17,1.1,82.72300469,5.46,Rättvik,2031,2.8245,0.0037,1.323,0.0098,301.1449786,52.86819447,Kmä1,0.282555,2
1388,71,,,,0,alive,,G124-16,M,S,Loberget 1,Loberget_1920,6812628,1471585,2019,2020,G124-16,3.2592,0.2,1.07,75.28638498,5.54,Rättvik,2031,2.548,0.0038,1.3875,0.0147,298.0846778,50.91970075,Kvt1,0.206153,4
1389,71,,,0,0,alive,,G37-16,F,S,Loberget 1,Loberget_1920,6812628,1471585,2019,2020,G37-16,3.2592,0.2,1.07,75.28638498,5.54,Rättvik,2031,2.548,0.0038,1.3875,0.0147,298.0846778,50.91970075,Kmä1,0.282555,4
1390,75,,,,0,alive,,G124-16,M,S,Loberget 1,Loberget_2021,6809610,1471747,2020,2021,,3.2277,0.19,1.08,82.40547264,5.66,Rättvik,2031,2.5188,0.0032,1.1756,0.0187,297.6514311,51.52574385,Kvt1,0.206153,3
1391,75,,,0,0,alive,,G37-16,F,S,Loberget 1,Loberget_2021,6809610,1471747,2020,2021,,3.2277,0.19,1.08,82.40547264,5.66,Rättvik,2031,2.5188,0.0032,1.1756,0.0187,297.6514311,51.52574385,Kmä1,0.282555,3
1392,83,1,,,1,disapp,,G124-16,M,S,Loberget 1,Loberget_2122,6816194.458,1478066.073,2021,2022,,3.4954,0.19,1.14,83.647343,5.89,Rättvik,2031,2.1888,0.0048,1.7217,0.0186,294.9992804,53.82709854,Kvt1,0.206153,2
1393,83,1,1,1,1,disapp,,G37-16,F,S,Loberget 1,Loberget_2122,6816194.458,1478066.073,2021,2022,,3.4954,0.19,1.14,83.647343,5.89,Rättvik,2031,2.1888,0.0048,1.7217,0.0186,294.9992804,53.82709854,Kmä1,0.282555,2
1394,31,,,0,0,alive,,G28-06,F,S,Loka 1,Loka_0607,6597245,1424248,2006,2007,G28-06,4.1724,0.38,1.24,66.35714286,29.03,Storfors,1760,3.5484,0,0,0.8946,183.661169,49.54848868,Kil1,0.26074199999999997,1
1395,31,,,,0,alive,,G4-07,M,S,Loka 1,Loka_0607,6597245,1424248,2006,2007,G4-07,4.1724,0.38,1.24,66.35714286,29.03,Storfors,1760,3.5484,0,0,0.8946,183.661169,49.54848868,Grå,0.296875,1
1396,37,,,0,0,alive,,G28-06,F,S,Loka 1,Loka_0708,6606242,1422988,2007,2008,G28-06,4.4188,0.36,1.1,73.2960199,17.87,Storfors,1760,3.2416,0,0,0.5837,198.6359274,49.10787459,Kil1,0.26074199999999997,1
1397,37,,,,0,alive,,G4-07,M,S,Loka 1,Loka_0708,6606242,1422988,2007,2008,G4-07,4.4188,0.36,1.1,73.2960199,17.87,Storfors,1760,3.2416,0,0,0.5837,198.6359274,49.10787459,Grå,0.296875,1
1398,39,,,0,0,alive,,G28-06,F,S,Loka 1,Loka_0809,6603975,1429054,2008,2009,G28-06,4.2694,0.36,1.14,86.0546875,21.68,Storfors,1760,2.768,0,0.0005,0.3023,203.7328897,43.54832601,Kil1,0.26074199999999997,1
1399,39,,,,0,alive,,G4-07,M,S,Loka 1,Loka_0809,6603975,1429054,2008,2009,G4-07,4.2694,0.36,1.14,86.0546875,21.68,Storfors,1760,2.768,0,0.0005,0.3023,203.7328897,43.54832601,Grå,0.296875,1
1400,49,,1,1,1,disapp,,G28-06,F,S,Loka 1,Loka_0910,6608201,1430845,2009,2010,G28-06,4.3453,0.31,1.14,85.93489583,18.11,Storfors,1760,3.1332,0,0.0005,0.2724,210.9414658,39.44807898,Kil1,0.26074199999999997,0
1401,49,,,,0,alive,,G4-07,M,S,Loka 1,Loka_0910,6608201,1430845,2009,2010,G4-07,4.3453,0.31,1.14,85.93489583,18.11,Storfors,1760,3.1332,0,0.0005,0.2724,210.9414658,39.44807898,Grå,0.296875,0
1402,58,,,,,alive,,G63-11,M,S,Loka 2,Loka_1011,6601517,1425891,2010,2011,G63-11,4.2688,0.36,1.17,83.05897436,23.59,Storfors,1760,3.4639,0,0.0012,0.5388,193.6057399,48.52343112,Ack,0.30590800000000001,2
1403,58,,,,,alive,,M-10-09,F,S,Loka 2,Loka_1011,6601517,1425891,2010,2011,M-10-09,4.2688,0.36,1.17,83.05897436,23.59,Storfors,1760,3.4639,0,0.0012,0.5388,193.6057399,48.52343112,Lok1,0.26708999999999999,2
1404,60,,,,,other,natural,G63-11,M,S,Loka 2,Loka_1112,6607223,1426843,2011,2012,G63-11,4.3737,0.34,1.11,74.14427861,17.96,Storfors,1760,3.6065,0,0.0025,0.5488,207.2996687,43.94684246,Ack,0.30590800000000001,4
1405,60,,,,,alive,,M-10-09,F,S,Loka 2,Loka_1112,6607223,1426843,2011,2012,M-10-09,4.3737,0.34,1.11,74.14427861,17.96,Storfors,1760,3.6065,0,0.0025,0.5488,207.2996687,43.94684246,Lok1,0.26708999999999999,4
1406,64,,,,,alive,,G74-12,M,S,Loka 3,Loka_1213,6597418,1425033,2012,2013,G74-12,4.1479,0.38,1.24,83.65079365,28.21,Storfors,1760,3.5716,0,0.0002,0.8718,184.746512,49.31552999,Nora,0.15216099999999999,5
1407,64,,,,,alive,,M-10-09,F,S,Loka 3,Loka_1213,6597418,1425033,2012,2013,M-10-09,4.1479,0.38,1.24,83.65079365,28.21,Storfors,1760,3.5716,0,0.0002,0.8718,184.746512,49.31552999,Lok1,0.26708999999999999,5
1408,66,,,,,alive,,G74-12,M,S,Loka 3,Loka_1314,6597265,1422178,2013,2014,G74-12,4.2639,0.35,1.25,64.49490527,27.82,Storfors,1760,3.1425,0,0.007,0.8206,180.70725,49.84035272,Nora,0.15216099999999999,5
1409,66,,,,,alive,,M-10-09,F,S,Loka 3,Loka_1314,6597265,1422178,2013,2014,M-10-09,4.2639,0.35,1.25,64.49490527,27.82,Storfors,1760,3.1425,0,0.007,0.8206,180.70725,49.84035272,Lok1,0.26708999999999999,5
1410,68,,,,,alive,,G74-12,M,S,Loka 3,Loka_1415,6601054,1426377,2014,2015,G74-12,4.2439,0.36,1.18,79.68489583,24.27,Storfors,1760,2.6641,0,0.0013,0.5769,193.5463969,48.20812371,Nora,0.15216099999999999,3
1411,68,,,,,alive,,M-10-09,F,S,Loka 3,Loka_1415,6601054,1426377,2014,2015,M-10-09,4.2439,0.36,1.18,79.68489583,24.27,Storfors,1760,2.6641,0,0.0013,0.5769,193.5463969,48.20812371,Lok1,0.26708999999999999,3
1412,70,,,,,alive,,G74-12,M,S,Loka 3,Loka_1516,6599626,1426387,2015,2016,G74-12,4.1921,0.36,1.19,69.12459016,26.19,Storfors,1760,2.2235,0,0,0.6457,190.7352413,48.43520841,Nora,0.15216099999999999,3
1413,70,,,,,alive,,M-10-09,F,S,Loka 3,Loka_1516,6599626,1426387,2015,2016,M-10-09,4.1921,0.36,1.19,69.12459016,26.19,Storfors,1760,2.2235,0,0,0.6457,190.7352413,48.43520841,Lok1,0.26708999999999999,3
1414,74,,,,,other,legal,G74-12,M,S,Loka 3,Loka_1617,6602926,1425956,2016,2017,G74-12,4.2979,0.36,1.15,75.54371585,22.39,Storfors,1760,2.172,0,0,0.501,196.7145441,48.20113892,Nora,0.15216099999999999,3
1415,74,,,,,other,legal,M-10-09,F,S,Loka 3,Loka_1617,6602926,1425956,2016,2017,M-10-09,4.2979,0.36,1.15,75.54371585,22.39,Storfors,1760,2.172,0,0,0.501,196.7145441,48.20113892,Lok1,0.26708999999999999,3
1416,83,,1,1,1,disapp,,G96-21,M,S,Lomsjön 1,Lomsjön_2122,6712884.556,1564132.488,2021,2022,,0.7648,0.35,1.47,74.82107843,54.55,Tierp,360,2.1001,0.0007,0.2589,3.1192,65.52525648,16.09584431,Sig1,0.103465,2
1417,83,,,,0,alive,,G97-21,F,S,Lomsjön 1,Lomsjön_2122,6712884.556,1564132.488,2021,2022,,0.7648,0.35,1.47,74.82107843,54.55,Tierp,360,2.1001,0.0007,0.2589,3.1192,65.52525648,16.09584431,Sig1,0.103465,2
1418,85,,,,2,censored,,G95-21,M,S,Lomsjön 2,Lomsjön_2223,6706696,1562280,2022,2023,,1.0765,0.26,1.29,82.17741935,51.9,Tierp,360,1.601,0.0011,0.3856,2.0563,69.83661058,13.16019448,Sig1,0.103465,1
1419,85,,,2,2,censored,,G97-21,F,S,Lomsjön 2,Lomsjön_2223,6706696,1562280,2022,2023,,1.0765,0.26,1.29,82.17741935,51.9,Tierp,360,1.601,0.0011,0.3856,2.0563,69.83661058,13.16019448,Sig1,0.103465,1
1420,28,,,0,0,alive,,G3-05,M,S,Lövsjön 1,Lövsjön_0405,6684537,1428437,2004,2005,G3-05,5.0884,0.2,1.13,77.99494949,11.73,Vansbro,2021,3.5,0.0001,0.0473,0.3245,341.0669515,66.23379772,Julu1,0.25683600000000001,0
1421,28,,,,0,alive,,G4-05,F,S,Lövsjön 1,Lövsjön_0405,6684537,1428437,2004,2005,G4-05,5.0884,0.2,1.13,77.99494949,11.73,Vansbro,2021,3.5,0.0001,0.0473,0.3245,341.0669515,66.23379772,Julu1,0.25683600000000001,0
1422,29,,,0,0,alive,,G3-05,M,S,Lövsjön 1,Lövsjön_0506,6695398,1430496,2005,2006,G3-05,4.3987,0.23,1.25,82.32587065,9.03,Vansbro,2021,3.1,0.0001,0.0413,0.3006,303.4739442,60.17682189,Julu1,0.25683600000000001,0
1423,29,,,,0,alive,,G4-05,F,S,Lövsjön 1,Lövsjön_0506,6695398,1430496,2005,2006,G4-05,4.3987,0.23,1.25,82.32587065,9.03,Vansbro,2021,3.1,0.0001,0.0413,0.3006,303.4739442,60.17682189,Julu1,0.25683600000000001,0
1424,31,,1,1,1,disapp,,G3-05,M,S,Lövsjön 1,Lövsjön_0607,6682173,1421927,2006,2007,G3-05,5.2384,0.22,1.12,79.56153846,10.88,Filipstad,1782,2.8473,0.0001,0.0213,0.2825,350.3812755,62.88158707,Julu1,0.25683600000000001,1
1425,31,,,,0,alive,,G4-05,F,S,Lövsjön 1,Lövsjön_0607,6682173,1421927,2006,2007,G4-05,5.2384,0.22,1.12,79.56153846,10.88,Filipstad,1782,2.8473,0.0001,0.0213,0.2825,350.3812755,62.88158707,Julu1,0.25683600000000001,1
1426,37,,,,0,alive,,G4-05,F,S,Lövsjön 2,Lövsjön_0708,6685342,1426021,2007,2008,G4-05,5.1584,0.22,1.15,80.94607843,10.82,Vansbro,2021,2.6,0.0001,0.0462,0.3379,344.430759,65.23753948,Julu1,0.25683600000000001,2
1427,37,,,,,alive,,M-05-05,M,S,Lövsjön 2,Lövsjön_0708,6685342,1426021,2007,2008,M-05-05,5.1584,0.22,1.15,80.94607843,10.82,Vansbro,2021,2.6,0.0001,0.0462,0.3379,344.430759,65.23753948,Fil2,0.296875,2
1428,39,,,,0,alive,,G4-05,F,S,Lövsjön 2,Lövsjön_0809,6683075,1435327,2008,2009,G4-05,4.9058,0.22,1.17,85.27692308,13.47,Ljusnarsberg,1864,2.4,0.0002,0.0595,0.1583,315.86279,61.64539495,Julu1,0.25683600000000001,1
1429,39,,,,,alive,,M-05-05,M,S,Lövsjön 2,Lövsjön_0809,6683075,1435327,2008,2009,M-05-05,4.9058,0.22,1.17,85.27692308,13.47,Ljusnarsberg,1864,2.4,0.0002,0.0595,0.1583,315.86279,61.64539495,Fil2,0.296875,1
1430,49,,,,0,alive,,G4-05,F,S,Lövsjön 2,Lövsjön_0910,6694084,1425226,2009,2010,G4-05,4.533,0.23,1.2,83.64871795,7.67,Vansbro,2021,2.3,0.0003,0.1038,0.2671,319.4397606,68.64960848,Julu1,0.25683600000000001,2
1431,49,,,,,other,legal,M-05-05,M,S,Lövsjön 2,Lövsjön_0910,6694084,1425226,2009,2010,M-05-05,4.533,0.23,1.2,83.64871795,7.67,Vansbro,2021,2.3,0.0003,0.1038,0.2671,319.4397606,68.64960848,Fil2,0.296875,2
1432,58,,1,1,1,disapp,,G4-05,F,S,Lövsjön 3,Lövsjön_1011,6686074.428,1430050.875,2010,2011,,4.9767,0.2,1.15,82.41282051,11.5,Vansbro,2021,2.3,0.0002,0.0866,0.3343,331.944,65.756,Julu1,0.25683600000000001,2
1433,58,,,,,other,legal,D-11-18,M,S,Lövsjön 3,Lövsjön_1011,6686074.428,1430050.875,2010,2011,,4.9767,0.2,1.15,82.41282051,11.5,Vansbro,2021,2.3,0.0002,0.0866,0.3343,331.944,65.756,Ulr2,0.21484400000000001,2
1434,60,,,,,alive,,G1-11,M,S,Lövsjön 4,Lövsjön_1112,6685123,1440446,2011,2012,G1-11,4.6928,0.23,1.27,78.95343137,14.1,Vansbro,2021,2.3,0.0002,0.0847,0.3046,293.1138782,60.56369773,Grä3,0.26733400000000002,2
1435,60,,1,1,1,disapp,,G64-12,F,S,Lövsjön 4,Lövsjön_1112,6685123,1440446,2011,2012,G64-12,4.6928,0.23,1.27,78.95343137,14.1,Vansbro,2021,2.3,0.0002,0.0847,0.3046,293.1138782,60.56369773,Snd2,0.35199000000000003,2
1436,64,,,,,alive,,G1-11,M,S,Lövsjön 5,Lövsjön_1213,6676449,1439367,2012,2013,G1-11,4.7771,0.28,1.15,81.77179487,15.31,Ljusnarsberg,1864,1.9532,0.0001,0.0458,0.2813,309.7162251,65.37711731,Grä3,0.26733400000000002,3
1437,64,,,,,alive,,G84-13,F,S,Lövsjön 5,Lövsjön_1213,6676449,1439367,2012,2013,G84-13,4.7771,0.28,1.15,81.77179487,15.31,Ljusnarsberg,1864,1.9532,0.0001,0.0458,0.2813,309.7162251,65.37711731,Äpp,0.27490199999999998,3
1438,66,,,,,alive,,G1-11,M,S,Lövsjön 6,Lövsjön_1314,6682840,1445634,2013,2014,G1-11,4.7325,0.25,1.29,74.44615385,15.62,Ljusnarsberg,1864,2.2021,0.0005,0.1875,0.299,285.4313507,62.21132067,Grä3,0.26733400000000002,4
1439,66,,,,,alive,,G57-13,F,S,Lövsjön 6,Lövsjön_1314,6682840,1445634,2013,2014,G57-13,4.7325,0.25,1.29,74.44615385,15.62,Ljusnarsberg,1864,2.2021,0.0005,0.1875,0.299,285.4313507,62.21132067,Ulr3,0.284912,4
1440,68,,,,,alive,,G1-11,M,S,Lövsjön 6,Lövsjön_1415,6679727,1442306,2014,2015,G1-11,4.7424,0.26,1.22,88.17647059,15.58,Ljusnarsberg,1864,2.2095,0.0003,0.1211,0.2911,295.4255821,68.45577076,Grä3,0.26733400000000002,4
1441,68,,,,,alive,,G57-13,F,S,Lövsjön 6,Lövsjön_1415,6679727,1442306,2014,2015,G57-13,4.7424,0.26,1.22,88.17647059,15.58,Ljusnarsberg,1864,2.2095,0.0003,0.1211,0.2911,295.4255821,68.45577076,Ulr3,0.284912,4
1442,70,,,,,other,legal,G1-11,M,S,Lövsjön 6,Lövsjön_1516,6674163,1441552,2015,2016,G1-11,4.7793,0.31,1.18,69.53432836,16.09,Ljusnarsberg,1864,2.3063,0.0004,0.1356,0.3992,306.7554077,67.97381369,Grä3,0.26733400000000002,7
1443,70,,,,,other,legal,G57-13,F,S,Lövsjön 6,Lövsjön_1516,6674163,1441552,2015,2016,G57-13,4.7793,0.31,1.18,69.53432836,16.09,Ljusnarsberg,1864,2.3063,0.0004,0.1356,0.3992,306.7554077,67.97381369,Ulr3,0.284912,7
1444,68,1,,,1,disapp,,G125-14,M,S,Lutnes,Lutnes_1415,6780311,1331880,2014,2015,G125-14,4.779,0.33,0.96,87.80099502,2.42,Torsby,1737,2.2873,0.0007,0.2679,0.432,475.2045772,90.51189803,Klot,0.29931600000000003,2
1445,68,1,1,1,1,disapp,,G173-14,F,S,Lutnes,Lutnes_1415,6780311,1331880,2014,2015,G173-14,4.779,0.33,0.96,87.80099502,2.42,Torsby,1737,2.2873,0.0007,0.2679,0.432,475.2045772,90.51189803,Fäsn,0.141403,2
1446,74,,,,,alive,,G10-15,F,S,Magnor 1,Magnor_1617,6644181,1293805,2016,2017,G10-15,5.161,0.59,1.41,70.72885572,10.31,Eda,1730,1.8325,0,0.0025,1.4665,196.8608281,58.87933415,Dju3,0.13900799999999999,3
1447,74,,,0,0,alive,,G68-15,M,S,Magnor 1,Magnor_1617,6644181,1293805,2016,2017,G68-15,5.161,0.59,1.41,70.72885572,10.31,Eda,1730,1.8325,0,0.0025,1.4665,196.8608281,58.87933415,Krp6,0.21412300000000001,3
1448,72,,,,,alive,,G10-15,F,S,Magnor 1,Magnor_1718,6642981,1292309,2017,2018,G10-15,5.1388,0.57,1.4,83.56770833,10.39,Eda,1730,1.9645,0,0.0014,1.43,200.1365339,60.06492385,Dju3,0.13900799999999999,3
1449,72,,1,1,1,disapp,,G68-15,M,S,Magnor 1,Magnor_1718,6642981,1292309,2017,2018,G68-15,5.1388,0.57,1.4,83.56770833,10.39,Eda,1730,1.9645,0,0.0014,1.43,200.1365339,60.06492385,Krp6,0.21412300000000001,3
1450,68,,,,,alive,,G10-15,F,S,Magnor 2,Magnor_1819,6643096,1292779,2018,2019,G10-15,5.1482,0.57,1.39,82.79947917,10.39,Eda,1730,2.1345,0,0.0013,1.4517,198.7497008,59.59078145,Dju3,0.13900799999999999,5
1451,68,,,0,0,alive,,G237-17,M,S,Magnor 2,Magnor_1819,6643096,1292779,2018,2019,G237-17,5.1482,0.57,1.39,82.79947917,10.39,Eda,1730,2.1345,0,0.0013,1.4517,198.7497008,59.59078145,Nsj1,0.243233,5
1452,71,,,,,alive,,G10-15,F,S,Magnor 2,Magnor_1920,6644608,1295118,2019,2020,G10-15,5.2325,0.61,1.41,54.30555556,10.32,Eda,1730,2.309,0,0.0154,1.4936,192.6939289,57.25500933,Dju3,0.13900799999999999,6
1453,71,,1,1,1,disapp,,G237-17,M,S,Magnor 2,Magnor_1920,6644608,1295118,2019,2020,G237-17,5.2325,0.61,1.41,54.30555556,10.32,Eda,1730,2.309,0,0.0154,1.4936,192.6939289,57.25500933,Nsj1,0.243233,6
1454,75,,,,,alive,,G10-15,F,S,Magnor 3,Magnor_2021,6644608,1295118,2020,2021,,5.2325,0.61,1.41,72.44367403,10.36,Eda,1730,2.451,0,0.001,1.4936,192.6939289,57.25500933,Dju3,0.13900799999999999,5
1455,75,,,,,other,unknown,G9-20,M,S,Magnor 3,Magnor_2021,6644608,1295118,2020,2021,,5.2325,0.61,1.41,72.44367403,10.36,Eda,1730,2.451,0,0.001,1.4936,192.6939289,57.25500933,Bjås4,0.121395,5
1456,83,,,,,other,"natural, old age",G10-15,F,S,Magnor 4,Magnor_2122,6645356.918,1293584.403,2021,2022,,5.1717,0.6,1.46,71.18159204,10.34,Eda,1730,2.21,0,0.0065,1.41,199.4254956,59.73767751,Dju3,0.13900799999999999,5
1457,83,,,,2,censored,,G104-21,M,S,Magnor 4,Magnor_2122,6645356.918,1293584.403,2021,2022,,5.1717,0.6,1.46,71.18159204,10.34,Eda,1730,2.21,0,0.0065,1.41,199.4254956,59.73767751,Bjås4,0.121395,5
1458,71,,,,,other,legal,G230-19,M,S,Mållången 1,Mållången_1920,6792528,1497694,2019,2020,G230-19,3.3008,0.19,1.19,69.19154229,6.09,Rättvik,2031,2.58,0.0037,1.3317,0.9331,270.812394,65.77027441,Sjö3,0.17519399999999999,4
1459,71,,,0,0,alive,,G262-17,F,S,Mållången 1,Mållången_1920,6792528,1497694,2019,2020,G262-17,3.3008,0.19,1.19,69.19154229,6.09,Rättvik,2031,2.58,0.0037,1.3317,0.9331,270.812394,65.77027441,Trb1,0.20988799999999999,4
1460,75,,,,0,alive,,G258-19,M,S,Mållången 2,Mållången_2021,6792253,1492820,2020,2021,,3.2703,0.17,1.18,81.68995511,6.05,Rättvik,2031,2.4674,0.0033,1.1814,0.7199,273.414019,59.32647612,Gll1,0.25143199999999999,4
1461,75,,,0,0,alive,,G262-17,F,S,Mållången 2,Mållången_2021,6792253,1492820,2020,2021,,3.2703,0.17,1.18,81.68995511,6.05,Rättvik,2031,2.4674,0.0033,1.1814,0.7199,273.414019,59.32647612,Trb1,0.20988799999999999,4
1462,83,,,,0,alive,,G258-19,M,S,Mållången 2,Mållången_2122,6785642.644,1494542.832,2021,2022,,3.3794,0.12,1.12,84.87990196,6.54,Rättvik,2031,2.2182,0.0045,1.6259,0.3599,296.2745849,63.99489379,Gll1,0.25143199999999999,3
1463,83,,,0,0,alive,,G262-17,F,S,Mållången 2,Mållången_2122,6785642.644,1494542.832,2021,2022,,3.3794,0.12,1.12,84.87990196,6.54,Rättvik,2031,2.2182,0.0045,1.6259,0.3599,296.2745849,63.99489379,Trb1,0.20988799999999999,3
1464,85,1,,,1,disapp,,G258-19,M,S,Mållången 2,Mållången_2223,6790257,1498947,2022,2023,,3.3271,0.16,1.16,93.95652174,6.29,Rättvik,2031,1.6788,0.0066,2.3712,0.9549,280.4643541,68.72149637,Gll1,0.25143199999999999,1
1465,85,1,1,1,1,disapp,,G262-17,F,S,Mållången 2,Mållången_2223,6790257,1498947,2022,2023,,3.3271,0.16,1.16,93.95652174,6.29,Rättvik,2031,1.6788,0.0066,2.3712,0.9549,280.4643541,68.72149637,Trb1,0.20988799999999999,1
1466,83,,,,0,alive,,G240-19,M,,Mången 1,Mången_2122,6650483.207,1432125.855,2021,2022,,4.9059,0.3,1.13,78.82828283,9.59,Hällefors,1863,2.1987,0.0001,0.0263,0.1654,278.2033,55.8202,Sju4,0.185781,2
1467,83,,1,1,1,disapp,,G234-19,F,,Mången 1,Mången_2122,6650483.207,1432125.855,2021,2022,,4.9059,0.3,1.13,78.82828283,9.59,Hällefors,1863,2.1987,0.0001,0.0263,0.1654,278.2033,55.8202,Kes1,0.235539,2
1468,17,,,,0,alive,,M-02-11,F,N,Mangen 1 (N. f.d. Årjäng),Mangen_0203,6645955,1273974,2002,2003,M-02-11,5.5305,0.48,1.59,84.42156863,11.8,Eda,1730,3.6265,0.0001,0.0252,0.5492,243.1736899,57.69567905,Årj,0.234375,1
1469,17,,,,,alive,,G28-03,M,N,Mangen 1 (N. f.d. Årjäng),Mangen_0203,6645955,1273974,2002,2003,M-02-14,5.5305,0.48,1.59,84.42156863,11.8,Eda,1730,3.6265,0.0001,0.0252,0.5492,243.1736899,57.69567905,Fur,0.1875,1
1470,22,,,,2,censored,,M-02-11,F,N,Mangen 1 (N. f.d. Årjäng),Mangen_0304,6662598,1273376,2003,2004,M-02-11,5.2512,0.4,1.56,79.78507463,16.6,Eidskog,420,3.2493,0,0,0.5384,273.552253,65.11154165,Årj,0.234375,0
1471,22,,,,,other,capture related,G28-03,M,N,Mangen 1 (N. f.d. Årjäng),Mangen_0304,6662598,1273376,2003,2004,M-02-14,5.2512,0.4,1.56,79.78507463,16.6,Eidskog,420,3.2493,0,0,0.5384,273.552253,65.11154165,Fur,0.1875,0
1472,85,1,,,1,disapp,,G240-19,M,S,Mången 2,Mången_2223,6654516,1430283,2022,2023,,5.025,0.29,1.08,85.62769231,10.6,Filipstad,1782,1.9232,0.0001,0.0496,0.1706,293.7461063,58.06784382,Sju4,0.185781,2
1473,85,1,1,1,1,disapp,,G122-22,F,S,Mången 2,Mången_2223,6654516,1430283,2022,2023,,5.025,0.29,1.08,85.62769231,10.6,Filipstad,1782,1.9232,0.0001,0.0496,0.1706,293.7461063,58.06784382,Skä1,0.130243,2
1474,66,1,1,1,1,disapp,,G109-14,F,N,Mangen 3,Mangen_1314,6659236,1278659,2013,2014,G109-14,5.4258,0.51,1.67,71.32782738,15.32,Eda,1730,2.6255,0,0.0002,0.6249,270.833114,66.05224498,B,0.205933,0
1475,66,1,,,1,disapp,,G54-13,M,N,Mangen 3,Mangen_1314,6659236,1278659,2013,2014,G54-13,5.4258,0.51,1.67,71.32782738,15.32,Eda,1730,2.6255,0,0.0002,0.6249,270.833114,66.05224498,Ful2,0.28662100000000001,0
1476,68,,,,0,alive,,G172-14,F,N,Mangen 4,Mangen_1415,6659236,1278659,2014,2015,G172-14,5.4258,0.51,1.67,82.71025641,15.47,Eda,1730,2.3925,0,0.0045,0.6249,270.833114,66.05224498,Dju3,0.13900799999999999,2
1477,68,,,0,0,alive,,G18-13,M,N,Mangen 4,Mangen_1415,6659236,1278659,2014,2015,G18-13,5.4258,0.51,1.67,82.71025641,15.47,Eda,1730,2.3925,0,0.0045,0.6249,270.833114,66.05224498,Gla3,0.31059999999999999,2
1478,70,,,,0,alive,,G172-14,F,N,Mangen 4,Mangen_1516,6669529,1275606,2015,2016,G172-14,5.3452,0.6,1.69,76.73823529,18.9,Eidskog,420,2.1563,0.0001,0.0204,1.2999,270.2005732,71.79948426,Dju3,0.13900799999999999,3
1479,70,,1,1,1,disapp,,G18-13,M,N,Mangen 4,Mangen_1516,6669529,1275606,2015,2016,G18-13,5.3452,0.6,1.69,76.73823529,18.9,Eidskog,420,2.1563,0.0001,0.0204,1.2999,270.2005732,71.79948426,Gla3,0.31059999999999999,3
1480,74,,,,0,alive,,G124-17,M,N,Mangen 5,Mangen_1617,6670784,1280353,2016,2017,G124-17,5.6759,0.71,1.93,76.74615385,17.2,Eidskog,420,1.9002,0,0.0141,1.353,270.4975213,71.26797397,Bvk1,0.256382,3
1481,74,,,0,0,alive,,G172-14,F,N,Mangen 5,Mangen_1617,6670784,1280353,2016,2017,G172-14,5.6759,0.71,1.93,76.74615385,17.2,Eidskog,420,1.9002,0,0.0141,1.353,270.4975213,71.26797397,Dju3,0.13900799999999999,3
1482,72,,,,0,alive,,G124-17,M,N,Mangen 5,Mangen_1718,6667310,1274882,2017,2018,G124-17,5.3617,0.45,1.64,84.47692308,19.21,Eidskog,420,1.9643,0,0.0018,1.0392,275.1969297,67.97734198,Bvk1,0.256382,1
1483,72,,,0,0,alive,,G172-14,F,N,Mangen 5,Mangen_1718,6667310,1274882,2017,2018,G172-14,5.3617,0.45,1.64,84.47692308,19.21,Eidskog,420,1.9643,0,0.0018,1.0392,275.1969297,67.97734198,Dju3,0.13900799999999999,1
1484,68,,,,0,alive,,G124-17,M,N,Mangen 5,Mangen_1819,6666684,1275819,2018,2019,G124-17,5.436,0.45,1.66,85.24739583,18.88,Eidskog,420,1.8908,0,0.0074,0.9282,276.9708008,65.91150674,Bvk1,0.256382,3
1485,68,,1,1,1,disapp,,G172-14,F,N,Mangen 5,Mangen_1819,6666684,1275819,2018,2019,G172-14,5.436,0.45,1.66,85.24739583,18.88,Eidskog,420,1.8908,0,0.0074,0.9282,276.9708008,65.91150674,Dju3,0.13900799999999999,3
1486,71,,,,0,alive,,G124-17,M,N,Mangen 6,Mangen_1920,6666883,1278414,2019,2020,G124-17,5.5846,0.62,1.8,60.67447917,17.74,Eidskog,420,1.7983,0.0001,0.0206,1.141,274.739065,67.68374014,Bvk1,0.256382,3
1487,71,,,0,0,alive,,G239-17,F,N,Mangen 6,Mangen_1920,6666883,1278414,2019,2020,G239-17,5.5846,0.62,1.8,60.67447917,17.74,Eidskog,420,1.7983,0.0001,0.0206,1.141,274.739065,67.68374014,Gla4,0.25553100000000001,3
1488,75,,,,0,alive,,G124-17,M,N,Mangen 6,Mangen_2021,6667103,1276159,2020,2021,,5.4594,0.47,1.67,78.71282051,18.96,Eidskog,3416,1.6347,0,0.0013,1.0108,276.4885567,66.47851135,Bvk1,0.256382,5
1489,75,,,0,0,alive,,G239-17,F,N,Mangen 6,Mangen_2021,6667103,1276159,2020,2021,,5.4594,0.47,1.67,78.71282051,18.96,Eidskog,3416,1.6347,0,0.0013,1.0108,276.4885567,66.47851135,Gla4,0.25553100000000001,5
1490,83,,,,0,alive,,G124-17,M,N,Mangen 7,Mangen_2122,6669498.642,1275123.847,2021,2022,,5.2887,0.59,1.68,78.00980392,20.26,Nes,3034,1.49,0.0001,0.0206,1.3019,269.7122,72.3388,Bvk1,0.256382,2
1491,83,,,0,0,alive,,G239-17,F,N,Mangen 7,Mangen_2122,6669498.642,1275123.847,2021,2022,,5.2887,0.59,1.68,78.00980392,20.26,Nes,3034,1.49,0.0001,0.0206,1.3019,269.7122,72.3388,Gla4,0.25553100000000001,2
1492,85,,,,2,censored,,G124-17,M,N,Mangen 7,Mangen_2223,6669481.506,1277920.599,2022,2023,,5.5983,0.64,1.79,91.91343284,18.9,Sør-Odal,3415,1.3971,0,0.0006,1.287,271.6567,70.566,Bvk1,0.256382,3
1493,85,,,2,2,censored,,G239-17,F,N,Mangen 7,Mangen_2223,6669481.506,1277920.599,2022,2023,,5.5983,0.64,1.79,91.91343284,18.9,Sør-Odal,3415,1.3971,0,0.0006,1.287,271.6567,70.566,Gla4,0.25553100000000001,3
1494,66,,,,,alive,,G154-13,M,S,Mårdshyttan,Mårdshyttan_1314,6620703,1456424,2013,2014,G154-13,4.3161,0.33,1.46,67.33072917,14.8,Hällefors,1863,2.9,0.0001,0.0273,1.0771,181.485228,56.13643276,Nora,0.15216099999999999,6
1495,66,,,,,alive,,G88-14,F,S,Mårdshyttan,Mårdshyttan_1314,6620703,1456424,2013,2014,G88-14,4.3161,0.33,1.46,67.33072917,14.8,Hällefors,1863,2.9,0.0001,0.0273,1.0771,181.485228,56.13643276,Nora,0.15216099999999999,6
1496,68,,,,,other,legal,G154-13,M,S,Mårdshyttan,Mårdshyttan_1415,6625041,1453400,2014,2015,G154-13,4.3947,0.34,1.43,78.83072917,13.22,Hällefors,1863,2.7,0,0.0048,0.7336,194.2795289,53.8238144,Nora,0.15216099999999999,6
1497,68,,,,,other,legal,G88-14,F,S,Mårdshyttan,Mårdshyttan_1415,6625041,1453400,2014,2015,G88-14,4.3947,0.34,1.43,78.83072917,13.22,Hällefors,1863,2.7,0,0.0048,0.7336,194.2795289,53.8238144,Nora,0.15216099999999999,6
1498,75,,,,0,alive,,G14-20,F,,Markvattnet 1,Markvattnet_2021,6590091.575,1400883.339,2020,2021,,3.2563,0.39,1.28,62.06084656,35.94,Kristinehamn,1781,2.9,0,0,1.1018,111.1327,43.6575,Fhg3,0.247618,5
1499,75,,,,0,alive,,G34-19,M,,Markvattnet 1,Markvattnet_2021,6590091.575,1400883.339,2020,2021,,3.2563,0.39,1.28,62.06084656,35.94,Kristinehamn,1781,2.9,0,0,1.1018,111.1327,43.6575,Des1,0.23594200000000001,5
1501,83,,,,1,disapp,,G14-20,F,,Markvattnet 2,Markvattnet_2122,6588687.637,1399821.738,2021,2022,,3.1386,0.37,1.26,58.75,36.24,Kristinehamn,1781,2.7,0,0,1.048,105.9765,44.3323,Fhg3,0.247618,4
1502,83,,,,0,alive,,G34-19,M,,Markvattnet 2,Markvattnet_2122,6588687.637,1399821.738,2021,2022,,3.1386,0.37,1.26,58.75,36.24,Kristinehamn,1781,2.7,0,0,1.048,105.9765,44.3323,Des1,0.23594200000000001,4
1503,85,,1,1,1,disapp,,G100-20,F,,Markvattnet 3,Markvattnet_2223,6588677.387,1407191.754,2022,2023,,3.578,0.38,1.4,70.61612903,31.18,Kristinehamn,1781,2.3265,0,0.0006,1.2116,126.1561,43.0004,Tans4,0.21252499999999999,4
1504,85,,,,2,censored,,G34-19,M,,Markvattnet 3,Markvattnet_2223,6588677.387,1407191.754,2022,2023,,3.578,0.38,1.4,70.61612903,31.18,Kristinehamn,1781,2.3265,0,0.0006,1.2116,126.1561,43.0004,Des1,0.23594200000000001,4
1505,60,,,0,0,alive,,G55-12,F,S,Medskogen 1,Medskogen_1112,6732622,1321383,2011,2012,G55-12,4.9893,0.35,1.48,83.75603865,4.58,Torsby,1737,3.4142,0.0002,0.0792,0.0088,397.5084056,97.84447289,Trå,0.29980499999999999,4
1506,60,,,,0,alive,,G78-11,M,S,Medskogen 1,Medskogen_1112,6732622,1321383,2011,2012,G78-11,4.9893,0.35,1.48,83.75603865,4.58,Torsby,1737,3.4142,0.0002,0.0792,0.0088,397.5084056,97.84447289,Snd2,0.35199000000000003,4
1507,64,,1,1,1,disapp,,G55-12,F,S,Medskogen 1,Medskogen_1213,6734949,1334513,2012,2013,G55-12,5.8643,0.28,0.85,85.7020202,2.96,Torsby,1737,3.9777,0.0002,0.0713,0.5291,415.0418678,96.31707729,Trå,0.29980499999999999,5
1508,64,,,,0,alive,,G78-11,M,S,Medskogen 1,Medskogen_1213,6734949,1334513,2012,2013,G78-11,5.8643,0.28,0.85,85.7020202,2.96,Torsby,1737,3.9777,0.0002,0.0713,0.5291,415.0418678,96.31707729,Snd2,0.35199000000000003,5
1509,66,1,1,1,1,disapp,,G123-12,F,S,Medskogen 2,Medskogen_1314,6727287,1334749,2013,2014,G123-12,5.6385,0.3,0.92,82.34057971,3.16,Torsby,1737,3.3477,0.0006,0.2254,0.5477,397.2713201,89.48951338,Rot2,0.27356000000000003,5
1510,66,1,,,1,disapp,,G78-11,M,S,Medskogen 2,Medskogen_1314,6727287,1334749,2013,2014,G78-11,5.6385,0.3,0.92,82.34057971,3.16,Torsby,1737,3.3477,0.0006,0.2254,0.5477,397.2713201,89.48951338,Snd2,0.35199000000000003,5
1511,68,,,,0,alive,,G133-12,M,S,Medskogen 3,Medskogen_1415,6714144,1343925,2014,2015,G133-12,5.3374,0.26,0.92,88.24875622,2.9,Torsby,1737,2.6,0.0004,0.1449,0.4606,341.9011074,94.99202153,Julu9,0.157578,4
1512,68,,,0,0,alive,,G141-11,F,S,Medskogen 3,Medskogen_1415,6714144,1343925,2014,2015,G141-11,5.3374,0.26,0.92,88.24875622,2.9,Torsby,1737,2.6,0.0004,0.1449,0.4606,341.9011074,94.99202153,Rot2,0.27356000000000003,4
1513,70,1,,,1,disapp,,G133-12,M,S,Medskogen 3,Medskogen_1516,6719019,1343248,2015,2016,G133-12,5.3196,0.28,0.85,76.03939394,2.9,Torsby,1737,1.9,0.0004,0.1318,0.5068,362.919321,92.52401728,Julu9,0.157578,3
1514,70,1,1,1,1,disapp,,G141-11,F,S,Medskogen 3,Medskogen_1516,6719019,1343248,2015,2016,G141-11,5.3196,0.28,0.85,76.03939394,2.9,Torsby,1737,1.9,0.0004,0.1318,0.5068,362.919321,92.52401728,Rot2,0.27356000000000003,3
1515,83,,,,0,alive,,G35-20,F,S,Mjuggsjön,Mjuggsjön_2122,6617190.917,1471796.181,2021,2022,,3.4697,0.42,1.31,67.55128205,17.88,Lindesberg,1885,1.9923,0,0.0001,1.1451,136.6294,51.7576,Hsj1b,0.23794199999999999,5
1516,83,,,0,0,alive,,G2-20,M,S,Mjuggsjön,Mjuggsjön_2122,6617190.917,1471796.181,2021,2022,,3.4697,0.42,1.31,67.55128205,17.88,Lindesberg,1885,1.9923,0,0.0001,1.1451,136.6294,51.7576,Vid2,0.30667299999999997,5
1517,85,,,2,2,censored,,G35-20,F,S,Mjuggsjön,Mjuggsjön_2223,6618776.417,1476594.751,2022,2023,,3.3964,0.4,1.28,71.44375,18.06,Lindesberg,1885,1.6574,0,0.0055,0.9461,133.0115,51.8956,Hsj1b,0.23794199999999999,6
1518,85,,,,2,censored,,G2-20,M,S,Mjuggsjön,Mjuggsjön_2223,6618776.417,1476594.751,2022,2023,,3.3964,0.4,1.28,71.44375,18.06,Lindesberg,1885,1.6574,0,0.0055,0.9461,133.0115,51.8956,Vid2,0.30667299999999997,6
1519,83,,,,2,censored,,G201-19,F,,Mörtsjön,Mörtsjön_2122,6759441.098,1560680.604,2021,2022,,1.2337,0.22,1.29,78.4025641,32.07,Gävle,2180,2.1,0.0021,0.754,1.0868,66.8408,39.4401,Rys1,0.16900200000000001,3
1520,83,,,,,other,legal,G73-21,M,,Mörtsjön,Mörtsjön_2122,6759441.098,1560680.604,2021,2022,,1.2337,0.22,1.29,78.4025641,32.07,Gävle,2180,2.1,0.0021,0.754,1.0868,66.8408,39.4401,Igl1,0.40564600000000001,3
1521,10,,,,0,alive,,G1-01,F,N,Moss,Moss_9899,6601308,1223908,1998,1999,G1-01,4.6676,0.9,1.22,76.29876219,80.19,Vestby,211,2.6609,0,0,5.5958,78.87818651,51.47714676,Hag2,0.125,0
1522,10,,,0,0,alive,,M-98-08,M,N,Moss,Moss_9899,6601308,1223908,1998,1999,M-98-08,4.6676,0.9,1.22,76.29876219,80.19,Vestby,211,2.6609,0,0,5.5958,78.87818651,51.47714676,Hag2,0.125,0
1523,13,,,,0,alive,,G1-01,F,N,Moss,Moss-Våler_9900,6607633,1227572,1999,2000,G1-01,4.7312,0.84,1.19,78.19930586,66.67,Vestby,211,2.7751,0,0,5.1928,99.13297759,47.10727551,Hag2,0.125,0
1524,13,,,0,0,alive,,M-98-08,M,N,Moss,Moss-Våler_9900,6607633,1227572,1999,2000,M-98-08,4.7312,0.84,1.19,78.19930586,66.67,Vestby,211,2.7751,0,0,5.1928,99.13297759,47.10727551,Hag2,0.125,0
1525,16,,,,0,alive,,G1-01,F,N,Moss,Moss-Våler_0001,6608544,1225511,2000,2001,G1-01,4.6579,0.93,1.19,78.67334548,72.64,Vestby,211,2.91,0,0,5.5385,95.68609564,47.9724101,Hag2,0.125,0
1526,16,,,0,0,alive,,M-98-08,M,N,Moss,Moss-Våler_0001,6608544,1225511,2000,2001,M-98-08,4.6579,0.93,1.19,78.67334548,72.64,Vestby,211,2.91,0,0,5.5385,95.68609564,47.9724101,Hag2,0.125,0
1527,16,,,,2,censored,,G1-01,F,N,Moss,Moss-Våler_0102,6606958,1227508,2001,2002,G1-01,4.7255,0.85,1.2,62.85483871,68.81,Vestby,211,2.9464,0,0,5.2262,97.6093566,47.06961312,Hag2,0.125,0
1528,16,,1,1,1,disapp,confirmed_illegal,M-98-08,M,N,Moss,Moss-Våler_0102,6606958,1227508,2001,2002,M-98-08,4.7255,0.85,1.2,62.85483871,68.81,Vestby,211,2.9464,0,0,5.2262,97.6093566,47.06961312,Hag2,0.125,0
1529,66,1,,,1,disapp,,G56-13,M,S,Musån,Musån_1314,6695281,1379252,2013,2014,G56-13,4.7334,0.24,0.86,78.58205128,4.23,Torsby,1737,2.926,0.0005,0.1757,0.0352,342.0097811,75.6195561,Fäsn,0.141403,5
1530,66,1,1,1,1,disapp,,G95-13,F,S,Musån,Musån_1314,6695281,1379252,2013,2014,G95-13,4.7334,0.24,0.86,78.58205128,4.23,Torsby,1737,2.926,0.0005,0.1757,0.0352,342.0097811,75.6195561,Ack,0.30590800000000001,5
1531,83,,,0,0,alive,,G27-21,F,,Myrås,Myrås_2122,6587627.022,1310050.571,2021,2022,,5.4771,0.21,1.11,68.85215054,10.85,Årjäng,1765,2.7,0,0,0.0753,183.1167,49.9526,Mang6,0.34901100000000002,4
1532,83,,,,0,alive,,G114-21,M,,Myrås,Myrås_2122,6587627.022,1310050.571,2021,2022,,5.4771,0.21,1.11,68.85215054,10.85,Årjäng,1765,2.7,0,0,0.0753,183.1167,49.9526,Smk3,0.39761600000000002,4
1533,85,1,1,1,1,disapp,,G27-21,F,,Myrås,Myrås_2223,6586481.509,1312012.006,2022,2023,,5.4695,0.24,1.12,73.97333333,11.04,Säffle,1785,2.4,0,0,0.0814,175.2147,53.848,Mang6,0.34901100000000002,2
1534,85,1,,,1,disapp,,G114-21,M,,Myrås,Myrås_2223,6586481.509,1312012.006,2022,2023,,5.4695,0.24,1.12,73.97333333,11.04,Säffle,1785,2.4,0,0,0.0814,175.2147,53.848,Smk3,0.39761600000000002,2
1535,28,,,,,alive,,D-05-23,M,S,Naggen 1,Naggen_0405,6907838,1505064,2004,2005,D-05-23,3.4883,0.16,0.96,82.06558642,4.11,Nordanstig,2132,3.684,0.0002,0.0622,0.0538,385.248702,52.85648939,Årj,0.234375,0
1536,28,,,,0,alive,,G17-05,F,S,Naggen 1,Naggen_0405,6907838,1505064,2004,2005,G17-05,3.4883,0.16,0.96,82.06558642,4.11,Nordanstig,2132,3.684,0.0002,0.0622,0.0538,385.248702,52.85648939,Fil,0.28125,0
1537,29,,,,,other,legal,D-05-23,M,S,Naggen 1,Naggen_0506,6914594,1504602,2005,2006,D-05-23,3.6704,0.16,0.99,80.68,3.72,Nordanstig,2132,3.9019,0.0004,0.1323,0.48,384.1320641,58.94929344,Årj,0.234375,0
1538,29,,,,0,alive,,G17-05,F,S,Naggen 1,Naggen_0506,6914594,1504602,2005,2006,G17-05,3.6704,0.16,0.99,80.68,3.72,Nordanstig,2132,3.9019,0.0004,0.1323,0.48,384.1320641,58.94929344,Fil,0.28125,0
1539,31,,,0,0,alive,,G17-05,F,S,Naggen 2,Naggen_0607,6918272,1500154,2006,2007,G17-05,3.6802,0.2,1.05,87.41865623,3.54,Ljusdal,2161,3.4536,0.0007,0.2467,0.6276,364.8109156,81.36438372,Fil,0.28125,0
1540,31,,,,0,alive,,G24-07,M,S,Naggen 2,Naggen_0607,6918272,1500154,2006,2007,G24-07,3.6802,0.2,1.05,87.41865623,3.54,Ljusdal,2161,3.4536,0.0007,0.2467,0.6276,364.8109156,81.36438372,Julu3,0.32421899999999998,0
1541,37,1,1,1,1,disapp,,G17-05,F,S,Naggen 2,Naggen_0708,6908316,1505976,2007,2008,G17-05,3.5033,0.16,0.96,87.22329996,4.07,Nordanstig,2132,3.1238,0.0006,0.2248,0.0781,387.2351797,51.23233584,Fil,0.28125,0
1542,37,1,,,1,disapp,,G24-07,M,S,Naggen 2,Naggen_0708,6908316,1505976,2007,2008,G24-07,3.5033,0.16,0.96,87.22329996,4.07,Nordanstig,2132,3.1238,0.0006,0.2248,0.0781,387.2351797,51.23233584,Julu3,0.32421899999999998,0
1543,64,,,0,0,alive,,G4-12,F,S,Närsen 1,Närsen_1213,6682759,1424937,2012,2013,G4-12,5.1854,0.23,1.13,81.20899471,11.53,Filipstad,1782,1.9189,0.0001,0.0467,0.2894,346.5019523,64.46406562,Utt,0.30224600000000001,3
1544,64,,,,0,alive,,G58-13,M,S,Närsen 1,Närsen_1213,6682759,1424937,2012,2013,G58-13,5.1854,0.23,1.13,81.20899471,11.53,Filipstad,1782,1.9189,0.0001,0.0467,0.2894,346.5019523,64.46406562,Grä3,0.26733400000000002,3
1545,66,,1,1,1,disapp,,G4-12,F,S,Närsen 1,Närsen_1314,6690162,1427703,2013,2014,G4-12,4.861,0.2,1.19,76.80348259,9.65,Vansbro,2021,2.2,0.0006,0.2178,0.2026,329.4806334,66.95320494,Utt,0.30224600000000001,3
1546,66,,,,0,alive,,G58-13,M,S,Närsen 1,Närsen_1314,6690162,1427703,2013,2014,G58-13,4.861,0.2,1.19,76.80348259,9.65,Vansbro,2021,2.2,0.0006,0.2178,0.2026,329.4806334,66.95320494,Grä3,0.26733400000000002,3
1547,68,,,0,0,alive,,G200-13,F,S,Närsen 2,Närsen_1415,6695893,1423798,2014,2015,G200-13,4.2996,0.24,1.22,85.81690141,6.69,Vansbro,2021,2.2,0.0005,0.1925,0.3917,313.7390679,68.10935942,Rot2,0.27356000000000003,3
1548,68,,,,0,alive,,G58-13,M,S,Närsen 2,Närsen_1415,6695893,1423798,2014,2015,G58-13,4.2996,0.24,1.22,85.81690141,6.69,Vansbro,2021,2.2,0.0005,0.1925,0.3917,313.7390679,68.10935942,Grä3,0.26733400000000002,3
1549,70,1,1,1,1,disapp,,G200-13,F,S,Närsen 2,Närsen_1516,6701457,1420548,2015,2016,G200-13,3.8051,0.31,1.23,71.56060606,5.06,Vansbro,2021,2.3,0.0008,0.275,0.6905,299.9239483,65.68129825,Rot2,0.27356000000000003,5
1550,70,1,,,1,disapp,,G58-13,M,S,Närsen 2,Närsen_1516,6701457,1420548,2015,2016,G58-13,3.8051,0.31,1.23,71.56060606,5.06,Vansbro,2021,2.3,0.0008,0.275,0.6905,299.9239483,65.68129825,Grä3,0.26733400000000002,5
1551,58,,,,,other,legal,D-10-67,F,S,Nipfjället,Nipfjället_1011,6873841,1340338,2010,2011,D-10-67,4.6366,0.17,0.37,81.97303922,1,Älvdalen,2039,2.3,0.0013,0.488,0.5395,651.7833205,116.3789861,Osd2,0.28125,1
1552,58,,,,,other,legal,D-10-68,M,S,Nipfjället,Nipfjället_1011,6873841,1340338,2010,2011,D-10-68,4.6366,0.17,0.37,81.97303922,1,Älvdalen,2039,2.3,0.0013,0.488,0.5395,651.7833205,116.3789861,Has3,0.31103500000000001,1
1553,58,,,0,0,alive,,G12-11,M,S,Nora 1,Nora_1011,6610969,1447973,2010,2011,G12-11,4.1292,0.36,1.31,81.43181818,14.52,Hällefors,1863,3.2,0,0.0043,0.8113,185.00382,51.61107377,Kyn2,0,3
1554,58,,,,,alive,,G40-11,F,S,Nora 1,Nora_1011,6610969,1447973,2010,2011,G40-11,4.1292,0.36,1.31,81.43181818,14.52,Hällefors,1863,3.2,0,0.0043,0.8113,185.00382,51.61107377,Löv2,0.27612300000000001,3
1555,60,,,0,0,alive,,G12-11,M,S,Nora 1,Nora_1112,6605123,1440560,2011,2012,G12-11,4.087,0.37,1.24,69.69945355,19.6,Storfors,1760,3.5039,0,0.0023,0.2968,196.8212246,45.10320861,Kyn2,0,3
1556,60,,,,,alive,,G40-11,F,S,Nora 1,Nora_1112,6605123,1440560,2011,2012,G40-11,4.087,0.37,1.24,69.69945355,19.6,Storfors,1760,3.5039,0,0.0023,0.2968,196.8212246,45.10320861,Löv2,0.27612300000000001,3
1557,64,,1,1,1,disapp,,G12-11,M,S,Nora 1,Nora_1213,6607832,1440801,2012,2013,G12-11,4.1538,0.37,1.23,84.02150538,17.06,Storfors,1760,3.3084,0,0.0013,0.2471,197.9870525,45.71952574,Kyn2,0,4
1558,64,,,,,alive,,G40-11,F,S,Nora 1,Nora_1213,6607832,1440801,2012,2013,G40-11,4.1538,0.37,1.23,84.02150538,17.06,Storfors,1760,3.3084,0,0.0013,0.2471,197.9870525,45.71952574,Löv2,0.27612300000000001,4
1559,66,,,,,alive,,G107-11,M,S,Nora 2,Nora_1314,6604180,1444308,2013,2014,G107-11,3.987,0.34,1.26,67.33598019,19.8,Hällefors,1863,2.9,0,0.0148,0.5885,192.2988351,46.01381171,Ack,0.30590800000000001,5
1560,66,,,,,alive,,G40-11,F,S,Nora 2,Nora_1314,6604180,1444308,2013,2014,G40-11,3.987,0.34,1.26,67.33598019,19.8,Hällefors,1863,2.9,0,0.0148,0.5885,192.2988351,46.01381171,Löv2,0.27612300000000001,5
1561,68,,,,,other,legal,G107-11,M,S,Nora 2,Nora_1415,6603223,1442947,2014,2015,G107-11,4.006,0.36,1.25,79.05291005,21.16,Hällefors,1863,2.7,0,0.0009,0.5039,193.7413715,45.48239009,Ack,0.30590800000000001,4
1562,68,,,,,other,legal,G40-11,F,S,Nora 2,Nora_1415,6603223,1442947,2014,2015,G40-11,4.006,0.36,1.25,79.05291005,21.16,Hällefors,1863,2.7,0,0.0009,0.5039,193.7413715,45.48239009,Löv2,0.27612300000000001,4
1563,64,,,,,alive,,G41-12,F,S,Nordmark 1,Nordmark_1213,6640898,1407504,2012,2013,G41-12,5.1429,0.29,1.09,82.48484848,6.8,Filipstad,1782,3.9559,0,0.0107,0.5,261.6113988,50.1775699,Snd2,0.35199000000000003,4
1564,64,,,0,0,alive,,G77-13,M,S,Nordmark 1,Nordmark_1213,6640898,1407504,2012,2013,G77-13,5.1429,0.29,1.09,82.48484848,6.8,Filipstad,1782,3.9559,0,0.0107,0.5,261.6113988,50.1775699,Ack,0.30590800000000001,4
1565,66,,,,,alive,,G41-12,F,S,Nordmark 1,Nordmark_1314,6634685,1407995,2013,2014,G41-12,5.1406,0.34,1.09,72.31586538,6.91,Filipstad,1782,3.366,0.0001,0.0241,0.6888,247.6750725,51.17072927,Snd2,0.35199000000000003,5
1566,66,,1,1,1,disapp,,G77-13,M,S,Nordmark 1,Nordmark_1314,6634685,1407995,2013,2014,G77-13,5.1406,0.34,1.09,72.31586538,6.91,Filipstad,1782,3.366,0.0001,0.0241,0.6888,247.6750725,51.17072927,Ack,0.30590800000000001,5
1567,70,,,,,alive,,G41-12,F,S,Nordmark 2,Nordmark_1516,6640628,1410734,2015,2016,G41-12,5.1516,0.3,1.11,69.34848485,6.92,Filipstad,1782,1.9675,0,0.0103,0.5421,256.9119209,48.79482044,Snd2,0.35199000000000003,5
1568,70,,,,,alive,,G50-16,M,S,Nordmark 2,Nordmark_1516,6640628,1410734,2015,2016,G50-16,5.1516,0.3,1.11,69.34848485,6.92,Filipstad,1782,1.9675,0,0.0103,0.5421,256.9119209,48.79482044,Lok3,0.222382,5
1569,74,,,,,other,legal,G41-12,F,S,Nordmark 2,Nordmark_1617,6638713,1402026,2016,2017,G41-12,5.238,0.28,1.11,80.83333333,6.99,Filipstad,1782,1.8,0,0.0031,0.4677,259.8504381,54.31181052,Snd2,0.35199000000000003,5
1570,74,,,,,other,legal,G50-16,M,S,Nordmark 2,Nordmark_1617,6638713,1402026,2016,2017,G50-16,5.238,0.28,1.11,80.83333333,6.99,Filipstad,1782,1.8,0,0.0031,0.4677,259.8504381,54.31181052,Lok3,0.222382,5
1571,72,1,1,1,1,disapp,,G109-17,F,S,Nordmark 3,Nordmark_1718,6638268,1408659,2017,2018,G109-17,5.0984,0.31,1.11,83.57671958,7.01,Filipstad,1782,2.0267,0.0001,0.0249,0.666,253.8968287,49.53403535,Nma2,0.242455,4
1572,72,1,,,1,disapp,,G76-17,M,S,Nordmark 3,Nordmark_1718,6638268,1408659,2017,2018,G76-17,5.0984,0.31,1.11,83.57671958,7.01,Filipstad,1782,2.0267,0.0001,0.0249,0.666,253.8968287,49.53403535,Tans3,0.16552700000000001,4
1573,72,1,,,1,disapp,,G168-15,M,S,Nordtorp,Nordtorp_1718,6596269,1316401,2017,2018,G168-15,5.1743,0.23,0.99,84.14285714,13.58,Grums,1764,2,0,0,0.3096,163.9250071,67.59027099,Mang4,0.218197,4
1574,72,1,1,1,1,disapp,,G41-16,F,S,Nordtorp,Nordtorp_1718,6596269,1316401,2017,2018,G41-16,5.1743,0.23,0.99,84.14285714,13.58,Grums,1764,2,0,0,0.3096,163.9250071,67.59027099,Gla3,0.31059999999999999,4
1575,58,,,0,0,alive,,G21-11,F,S,Norn,Norn_1011,6670274,1493253,2010,2011,G21-11,4.4651,0.29,1.43,81.96875,14.84,Norberg,1962,2.2514,0.0002,0.0687,1.5438,186.7944051,44.19848962,Klot,0.29931600000000003,1
1576,58,,,,0,alive,,G24-11,M,S,Norn,Norn_1011,6670274,1493253,2010,2011,G24-11,4.4651,0.29,1.43,81.96875,14.84,Norberg,1962,2.2514,0.0002,0.0687,1.5438,186.7944051,44.19848962,Jang4,0.42968800000000001,1
1577,60,,,0,0,alive,,G21-11,F,S,Norn,Norn_1112,6672844,1496416,2011,2012,G21-11,4.394,0.31,1.42,74.57711443,15.31,Norberg,1962,2.249,0.0002,0.0784,1.9971,182.4311913,44.32828832,Klot,0.29931600000000003,0
1578,60,,,,0,alive,,G24-11,M,S,Norn,Norn_1112,6672844,1496416,2011,2012,G24-11,4.394,0.31,1.42,74.57711443,15.31,Norberg,1962,2.249,0.0002,0.0784,1.9971,182.4311913,44.32828832,Jang4,0.42968800000000001,0
1579,64,1,1,1,1,disapp,,G21-11,F,S,Norn,Norn_1213,6675399.258,1493995.33,2012,2013,,4.5253,0.27,1.42,83.34895833,14.81,Smedjebacken,2061,2.0557,0.0001,0.0464,1.6627,191.0345,46.0413,Klot,0.29931600000000003,0
1580,64,1,,,1,disapp,,G24-11,M,S,Norn,Norn_1213,6675399.258,1493995.33,2012,2013,,4.5253,0.27,1.42,83.34895833,14.81,Smedjebacken,2061,2.0557,0.0001,0.0464,1.6627,191.0345,46.0413,Jang4,0.42968800000000001,0
1581,70,,,,,alive,,G156-14,M,S,Norrsjön 1,Norrsjön_1516,6682126,1444518,2015,2016,G156-14,4.7531,0.25,1.27,68.11692308,15.81,Ljusnarsberg,1864,2.3006,0.0005,0.1939,0.2939,287.9328081,63.64267931,Letj2,0.224609,6
1582,70,,,,,alive,,G53-16,F,S,Norrsjön 1,Norrsjön_1516,6682126,1444518,2015,2016,G53-16,4.7531,0.25,1.27,68.11692308,15.81,Ljusnarsberg,1864,2.3006,0.0005,0.1939,0.2939,287.9328081,63.64267931,Tans3,0.16552700000000001,6
1583,74,,,,,alive,,G156-14,M,S,Norrsjön 1,Norrsjön_1617,6676468,1442290,2016,2017,G156-14,4.7442,0.3,1.18,77.08080808,16.42,Ljusnarsberg,1864,2.2086,0.0002,0.0573,0.3656,300.5612786,69.72661595,Letj2,0.224609,6
1584,74,,,,,alive,,G53-16,F,S,Norrsjön 1,Norrsjön_1617,6676468,1442290,2016,2017,G53-16,4.7442,0.3,1.18,77.08080808,16.42,Ljusnarsberg,1864,2.2086,0.0002,0.0573,0.3656,300.5612786,69.72661595,Tans3,0.16552700000000001,6
1585,72,,,,,alive,,G156-14,M,S,Norrsjön 1,Norrsjön_1718,6679105,1439282,2017,2018,G156-14,4.7878,0.27,1.17,83.24615205,15.67,Ljusnarsberg,1864,2.3981,0.0002,0.0868,0.2547,305.8766843,66.91854471,Letj2,0.224609,1
1586,72,,,,,alive,,G53-16,F,S,Norrsjön 1,Norrsjön_1718,6679105,1439282,2017,2018,G53-16,4.7878,0.27,1.17,83.24615205,15.67,Ljusnarsberg,1864,2.3981,0.0002,0.0868,0.2547,305.8766843,66.91854471,Tans3,0.16552700000000001,1
1587,68,,,,,alive,,G156-14,M,S,Norrsjön 1,Norrsjön_1819,6666407,1435319,2018,2019,G156-14,4.9594,0.28,1.07,84.46614583,15.32,Filipstad,1782,2.4548,0.0002,0.0698,0.1957,324.3496732,54.86749034,Letj2,0.224609,1
1588,68,,,,,alive,,G53-16,F,S,Norrsjön 1,Norrsjön_1819,6666407,1435319,2018,2019,G53-16,4.9594,0.28,1.07,84.46614583,15.32,Filipstad,1782,2.4548,0.0002,0.0698,0.1957,324.3496732,54.86749034,Tans3,0.16552700000000001,1
1589,71,,,,,alive,,G156-14,M,S,Norrsjön 1,Norrsjön_1920,6666425,1435555,2019,2020,G156-14,4.9631,0.28,1.07,59.88717949,15.23,Filipstad,1782,2.4598,0.0001,0.0321,0.2099,324.190083,54.9641245,Letj2,0.224609,1
1590,71,,,,,other,NA - check if available,G53-16,F,S,Norrsjön 1,Norrsjön_1920,6666425,1435555,2019,2020,G53-16,4.9631,0.28,1.07,59.88717949,15.23,Filipstad,1782,2.4598,0.0001,0.0321,0.2099,324.190083,54.9641245,Tans3,0.16552700000000001,1
1591,13,,,,,alive,,M-00-07,M,S,Nyskoga 5,Nyskoga_9900,6716039,1333878,1999,2000,M-00-07,5.2315,0.27,1.09,89.81772487,3.81,Torsby,1737,5.2501,0,0.013,0.4246,389.0514142,86.43893216,Hag2,0.125,1
1592,13,,,,,alive,,M-00-08,F,S,Nyskoga 5,Nyskoga_9900,6716039,1333878,1999,2000,M-00-08,5.2315,0.27,1.09,89.81772487,3.81,Torsby,1737,5.2501,0,0.013,0.4246,389.0514142,86.43893216,Årj,0.234375,1
1593,16,,,,,alive,,M-00-07,M,S,Nyskoga 5,Nyskoga_0001,6711695,1341982,2000,2001,M-00-07,5.4259,0.24,0.98,88.06996337,3.31,Torsby,1737,5.6968,0.0001,0.0224,0.4338,338.9704728,97.59969438,Hag2,0.125,0
1594,16,,,,,alive,,M-00-08,F,S,Nyskoga 5,Nyskoga_0001,6711695,1341982,2000,2001,M-00-08,5.4259,0.24,0.98,88.06996337,3.31,Torsby,1737,5.6968,0.0001,0.0224,0.4338,338.9704728,97.59969438,Årj,0.234375,0
1595,16,,,,,alive,,M-00-07,M,S,Nyskoga 5,Nyskoga_0102,6709667,1337508,2001,2002,M-00-07,5.3824,0.25,1.1,77.03823529,3.43,Torsby,1737,5.304,0.0001,0.0269,0.273,344.536643,94.98879276,Hag2,0.125,0
1596,16,,,,,alive,,M-00-08,F,S,Nyskoga 5,Nyskoga_0102,6709667,1337508,2001,2002,M-00-08,5.3824,0.25,1.1,77.03823529,3.43,Torsby,1737,5.304,0.0001,0.0269,0.273,344.536643,94.98879276,Årj,0.234375,0
1597,17,,,,,alive,,M-00-07,M,S,Nyskoga 5,Nyskoga_0203,6691447,1348024,2002,2003,M-00-07,5.5823,0.28,1.13,83.77948718,3.29,Torsby,1737,5.2,0.0001,0.0471,0.4661,249.9566305,88.12037029,Hag2,0.125,0
1598,17,,,,,alive,,M-00-08,F,S,Nyskoga 5,Nyskoga_0203,6691447,1348024,2002,2003,M-00-08,5.5823,0.28,1.13,83.77948718,3.29,Torsby,1737,5.2,0.0001,0.0471,0.4661,249.9566305,88.12037029,Årj,0.234375,0
1599,22,,,,,alive,,M-00-07,M,S,Nyskoga 5,Nyskoga_0304,6707696,1339319,2003,2004,M-00-07,5.5141,0.24,1.09,78.88484848,3.3,Torsby,1737,5.1254,0,0.0101,0.2505,331.6124852,95.70075105,Hag2,0.125,1
1600,22,,,,,alive,,M-00-08,F,S,Nyskoga 5,Nyskoga_0304,6707696,1339319,2003,2004,M-00-08,5.5141,0.24,1.09,78.88484848,3.3,Torsby,1737,5.1254,0,0.0101,0.2505,331.6124852,95.70075105,Årj,0.234375,1
1601,28,,,,,alive,,M-00-07,M,S,Nyskoga 5,Nyskoga_0405,6717133,1341599,2004,2005,M-00-07,5.4036,0.27,0.9,80.45128205,3.11,Torsby,1737,4.5959,0.0001,0.0208,0.4863,360.3313532,94.56034886,Hag2,0.125,1
1602,28,,,,,alive,,M-00-08,F,S,Nyskoga 5,Nyskoga_0405,6717133,1341599,2004,2005,M-00-08,5.4036,0.27,0.9,80.45128205,3.11,Torsby,1737,4.5959,0.0001,0.0208,0.4863,360.3313532,94.56034886,Årj,0.234375,1
1603,29,,,,,alive,,M-00-07,M,S,Nyskoga 5,Nyskoga_0506,6708028,1345391,2005,2006,M-00-07,5.3056,0.26,1,82.93589744,3.1,Torsby,1737,4,0.0001,0.05,0.2731,313.9130051,89.11526322,Hag2,0.125,3
1604,29,,,,,alive,,M-00-08,F,S,Nyskoga 5,Nyskoga_0506,6708028,1345391,2005,2006,M-00-08,5.3056,0.26,1,82.93589744,3.1,Torsby,1737,4,0.0001,0.05,0.2731,313.9130051,89.11526322,Årj,0.234375,3
1605,31,,,,,alive,,M-00-07,M,S,Nyskoga 5,Nyskoga_0607,6707718,1347031,2006,2007,M-00-07,5.2307,0.25,0.97,83.9921875,3.1,Torsby,1737,3.9,0.0002,0.055,0.2527,309.8840419,85.97746255,Hag2,0.125,1
1606,31,,,,,alive,,M-00-08,F,S,Nyskoga 5,Nyskoga_0607,6707718,1347031,2006,2007,M-00-08,5.2307,0.25,0.97,83.9921875,3.1,Torsby,1737,3.9,0.0002,0.055,0.2527,309.8840419,85.97746255,Årj,0.234375,1
1607,37,,,,,alive,,M-00-07,M,S,Nyskoga 5,Nyskoga_0708,6709601,1347839,2007,2008,M-00-07,5.0901,0.26,0.94,80.539801,3.1,Torsby,1737,3.6,0.0002,0.0561,0.2923,313.0301656,85.3473542,Hag2,0.125,1
1608,37,,,,,alive,,M-00-08,F,S,Nyskoga 5,Nyskoga_0708,6709601,1347839,2007,2008,M-00-08,5.0901,0.26,0.94,80.539801,3.1,Torsby,1737,3.6,0.0002,0.0561,0.2923,313.0301656,85.3473542,Årj,0.234375,1
1609,39,,,,,alive,,M-00-07,M,S,Nyskoga 5,Nyskoga_0809,6712498,1343200,2008,2009,M-00-07,5.368,0.25,0.95,85.27604167,3,Torsby,1737,3.2,0.0002,0.0786,0.4411,338.2093196,96.68213289,Hag2,0.125,2
1610,39,,,,,alive,,M-00-08,F,S,Nyskoga 5,Nyskoga_0809,6712498,1343200,2008,2009,M-00-08,5.368,0.25,0.95,85.27604167,3,Torsby,1737,3.2,0.0002,0.0786,0.4411,338.2093196,96.68213289,Årj,0.234375,2
1611,49,,,,,other,natural,M-00-07,M,S,Nyskoga 5,Nyskoga_0910,6717737,1338224,2009,2010,M-00-07,5.4123,0.28,0.95,83.54366466,3.14,Torsby,1737,3.5742,0.0001,0.0411,0.4656,373.3447847,94.12441653,Hag2,0.125,4
1612,49,,,,,other,natural,M-00-08,F,S,Nyskoga 5,Nyskoga_0910,6717737,1338224,2009,2010,M-00-08,5.4123,0.28,0.95,83.54366466,3.14,Torsby,1737,3.5742,0.0001,0.0411,0.4656,373.3447847,94.12441653,Årj,0.234375,4
1613,71,1,1,1,1,disapp,,G224-19,F,S,Nyskoga 6,Nyskoga_1920,6716946,1339519,2019,2020,G224-19,5.4215,0.27,0.93,75.58974359,2.88,Torsby,1737,2.5824,0.0005,0.17,0.4569,366.8755525,95.18760746,Fld1,0.235592,1
1614,71,1,,,1,disapp,,G47-18,M,S,Nyskoga 6,Nyskoga_1920,6716946,1339519,2019,2020,G47-18,5.4215,0.27,0.93,75.58974359,2.88,Torsby,1737,2.5824,0.0005,0.17,0.4569,366.8755525,95.18760746,Nsj1,0.243233,1
1615,74,,,,,alive,,G144-16,M,S,Nyskogen 1,Nyskogen_1617,6875816,1494186,2016,2017,G144-16,3.9478,0.25,1.16,85.64251208,3.6,Ljusdal,2161,2.8982,0.0015,0.5511,0.0413,287.9485348,83.68569872,Snd3,0.21491199999999999,2
1616,74,,1,1,1,disapp,,G28-17,F,S,Nyskogen 1,Nyskogen_1617,6875816,1494186,2016,2017,G28-17,3.9478,0.25,1.16,85.64251208,3.6,Ljusdal,2161,2.8982,0.0015,0.5511,0.0413,287.9485348,83.68569872,Kors5,0.13467399999999999,2
1617,72,,,,,other,legal,G144-16,M,S,Nyskogen 2,Nyskogen_1718,6872269,1494210,2017,2018,G144-16,3.9144,0.26,1.15,83.61904762,3.6,Ljusdal,2161,2.8985,0.002,0.7307,0.1649,278.8816349,82.86888511,Snd3,0.21491199999999999,3
1618,72,,,,,other,legal,G255-17,F,S,Nyskogen 2,Nyskogen_1718,6872269,1494210,2017,2018,G255-17,3.9144,0.26,1.15,83.61904762,3.6,Ljusdal,2161,2.8985,0.002,0.7307,0.1649,278.8816349,82.86888511,Kvt1,0.206153,3
1619,16,,,,,alive,,G3-03,F,S,Ockelbo 1,Ockelbo_0001,6760956,1525093,2000,2001,G3-03,3.238,0.17,1.18,86.6641791,13.95,Falun,2080,4.132,0.0004,0.1615,0.0972,293.4448229,60.24627858,Gh,0,0
1620,16,,,,,alive,,M-09-10,M,S,Ockelbo 1,Ockelbo_0001,6760956,1525093,2000,2001,M-09-10,3.238,0.17,1.18,86.6641791,13.95,Falun,2080,4.132,0.0004,0.1615,0.0972,293.4448229,60.24627858,Årj,0.234375,0
1621,16,,,,,alive,,G3-03,F,S,Ockelbo 1,Ockelbo_0102,6772595,1529123,2001,2002,G3-03,3.652,0.19,1.22,80.21428571,11.92,Falun,2080,3.6,0.0004,0.1457,0.2603,273.1403554,68.72203532,Gh,0,0
1622,16,,,,,alive,,M-09-10,M,S,Ockelbo 1,Ockelbo_0102,6772595,1529123,2001,2002,M-09-10,3.652,0.19,1.22,80.21428571,11.92,Falun,2080,3.6,0.0004,0.1457,0.2603,273.1403554,68.72203532,Årj,0.234375,0
1623,17,,,,,alive,,G3-03,F,S,Ockelbo 1,Ockelbo_0203,6765811,1522203,2002,2003,G3-03,3.4196,0.17,1.15,88.07179487,14.08,Falun,2080,3.4221,0.0005,0.169,0.0751,310.0335614,56.2397925,Gh,0,0
1624,17,,,,,alive,,M-09-10,M,S,Ockelbo 1,Ockelbo_0203,6765811,1522203,2002,2003,M-09-10,3.4196,0.17,1.15,88.07179487,14.08,Falun,2080,3.4221,0.0005,0.169,0.0751,310.0335614,56.2397925,Årj,0.234375,0
1625,22,,,,,alive,,G3-03,F,S,Ockelbo 1,Ockelbo_0304,6772518,1529417,2003,2004,G3-03,3.6478,0.18,1.22,83.45,11.76,Falun,2080,3.3088,0.0007,0.2457,0.2743,271.29909,69.36804904,Gh,0,0
1626,22,,,,,alive,,M-09-10,M,S,Ockelbo 1,Ockelbo_0304,6772518,1529417,2003,2004,M-09-10,3.6478,0.18,1.22,83.45,11.76,Falun,2080,3.3088,0.0007,0.2457,0.2743,271.29909,69.36804904,Årj,0.234375,0
1627,28,,,,,alive,,G3-03,F,S,Ockelbo 1,Ockelbo_0405,6770416,1533916,2004,2005,G3-03,3.4963,0.2,1.28,81.63681592,10.67,Falun,2080,2.9012,0.0006,0.2197,0.5103,241.8350923,76.83860048,Gh,0,1
1628,28,,,,,alive,,M-09-10,M,S,Ockelbo 1,Ockelbo_0405,6770416,1533916,2004,2005,M-09-10,3.4963,0.2,1.28,81.63681592,10.67,Falun,2080,2.9012,0.0006,0.2197,0.5103,241.8350923,76.83860048,Årj,0.234375,1
1629,29,,,,,alive,,G3-03,F,S,Ockelbo 1,Ockelbo_0506,6771719,1536662,2005,2006,G3-03,3.5463,0.22,1.31,84.93076923,11.19,Ockelbo,2101,2.7,0.0007,0.2454,0.6423,222.2790786,83.24517785,Gh,0,1
1630,29,,,,,alive,,M-09-10,M,S,Ockelbo 1,Ockelbo_0506,6771719,1536662,2005,2006,M-09-10,3.5463,0.22,1.31,84.93076923,11.19,Ockelbo,2101,2.7,0.0007,0.2454,0.6423,222.2790786,83.24517785,Årj,0.234375,1
1631,31,,,,,other,natural,G3-03,F,S,Ockelbo 1,Ockelbo_0607,6774944,1534972,2006,2007,G3-03,3.6821,0.23,1.3,78.88405797,12.02,Ockelbo,2101,2.6,0.0006,0.2182,0.6647,229.5492969,85.7696494,Gh,0,0
1632,31,,,,,alive,,M-09-10,M,S,Ockelbo 1,Ockelbo_0607,6774944,1534972,2006,2007,M-09-10,3.6821,0.23,1.3,78.88405797,12.02,Ockelbo,2101,2.6,0.0006,0.2182,0.6647,229.5492969,85.7696494,Årj,0.234375,0
1633,37,,,,,alive,,D-10-22,F,S,Ockelbo 2,Ockelbo_0708,6771877,1537545,2007,2008,D-10-22,3.5399,0.22,1.32,81.83574879,11.27,Ockelbo,2101,2.4,0.0008,0.3053,0.6749,216.1727074,84.40565527,Amu1,0.21972700000000001,1
1634,37,,,,,alive,,M-09-10,M,S,Ockelbo 2,Ockelbo_0708,6771877,1537545,2007,2008,M-09-10,3.5399,0.22,1.32,81.83574879,11.27,Ockelbo,2101,2.4,0.0008,0.3053,0.6749,216.1727074,84.40565527,Årj,0.234375,1
1635,39,,,,,alive,,D-10-22,F,S,Ockelbo 2,Ockelbo_0809,6775323,1533556,2008,2009,D-10-22,3.7043,0.23,1.28,86.5959596,12.02,Ockelbo,2101,2.5,0.0018,0.6625,0.6073,237.7380088,84.59498958,Amu1,0.21972700000000001,1
1636,39,,,,,other,natural,M-09-10,M,S,Ockelbo 2,Ockelbo_0809,6775323,1533556,2008,2009,M-09-10,3.7043,0.23,1.28,86.5959596,12.02,Ockelbo,2101,2.5,0.0018,0.6625,0.6073,237.7380088,84.59498958,Årj,0.234375,1
1637,49,,,,,other,legal,D-10-22,F,S,Ockelbo 3,Ockelbo_0910,6775640,1534582,2009,2010,D-10-22,3.7035,0.23,1.3,83.90441176,12.17,Ockelbo,2101,2.7,0.0017,0.6153,0.6663,230.7667291,86.5461462,Amu1,0.21972700000000001,1
1638,49,,,,0,alive,,G6-05,M,S,Ockelbo 3,Ockelbo_0910,6775640,1534582,2009,2010,G6-05,3.7035,0.23,1.3,83.90441176,12.17,Ockelbo,2101,2.7,0.0017,0.6153,0.6663,230.7667291,86.5461462,DE2,0.39843800000000001,1
1639,83,,,,0,alive,,G2-21,M,S,Ödmården,Ödmården_2122,6763972.166,1557243.987,2021,2022,,1.6593,0.24,1.38,78.28717949,28.19,Ockelbo,2101,2.1,0.0023,0.84,1.2316,86.10720278,55.89730574,Snö3,0.22967599999999999,3
1640,83,,,0,0,alive,,G97-20,F,S,Ödmården,Ödmården_2122,6763972.166,1557243.987,2021,2022,,1.6593,0.24,1.38,78.28717949,28.19,Ockelbo,2101,2.1,0.0023,0.84,1.2316,86.10720278,55.89730574,Rys1,0.16900200000000001,3
1641,85,1,,,1,disapp,,G2-21,M,S,Ödmården,Ödmården_2223,6763972.166,1557243.987,2022,2023,,1.6593,0.24,1.38,92.66153846,28.24,Ockelbo,2101,1.6,0.0032,1.1745,1.2316,86.10720278,55.89730574,Snö3,0.22967599999999999,1
1642,85,1,1,1,1,disapp,,G97-20,F,S,Ödmården,Ödmården_2223,6763972.166,1557243.987,2022,2023,,1.6593,0.24,1.38,92.66153846,28.24,Ockelbo,2101,1.6,0.0032,1.1745,1.2316,86.10720278,55.89730574,Rys1,0.16900200000000001,1
1643,71,,,,,alive,,G12-20,F,S,Ölen,Ölen_1920,6565796,1430576,2019,2020,G12-20,3.0704,0.47,1.41,51.86507937,28.93,Kristinehamn,1781,2.303,0,0,2.07,131.3683716,40.904362,Vid1,0.40269500000000003,3
1644,71,,,,,alive,,G28-16,M,S,Ölen,Ölen_1920,6565796,1430576,2019,2020,G28-16,3.0704,0.47,1.41,51.86507937,28.93,Kristinehamn,1781,2.303,0,0,2.07,131.3683716,40.904362,Vis2,0.18371199999999999,3
1645,75,,,,,alive,,G12-20,F,S,Ölen,Ölen_2021,6565796,1430576,2020,2021,,3.0704,0.47,1.41,60.72228675,29.01,Kristinehamn,1781,2.207,0,0,2.07,131.3683716,40.904362,Vid1,0.40269500000000003,4
1646,75,,,,,alive,,G28-16,M,S,Ölen,Ölen_2021,6565796,1430576,2020,2021,,3.0704,0.47,1.41,60.72228675,29.01,Kristinehamn,1781,2.207,0,0,2.07,131.3683716,40.904362,Vis2,0.18371199999999999,4
1647,83,,,,,alive,,G12-20,F,S,Ölen,Ölen_2122,6567286.397,1431607.264,2021,2022,,3.1414,0.5,1.41,58.55555556,31.62,Lekeberg,1814,2.0007,0,0,2.1044,134.2735447,42.58933985,Vid1,0.40269500000000003,5
1648,83,,,,,alive,,G28-16,M,S,Ölen,Ölen_2122,6567286.397,1431607.264,2021,2022,,3.1414,0.5,1.41,58.55555556,31.62,Lekeberg,1814,2.0007,0,0,2.1044,134.2735447,42.58933985,Vis2,0.18371199999999999,5
1649,85,,,,,other,legal,G12-20,F,S,Ölen,Ölen_2223,6565658,1429770,2022,2023,,3.0672,0.46,1.41,75.00619104,29.12,Kristinehamn,1781,1.7161,0,0,2.0708,131.8114077,39.65074646,Vid1,0.40269500000000003,6
1650,85,,,,,other,legal,G28-16,M,S,Ölen,Ölen_2223,6565658,1429770,2022,2023,,3.0672,0.46,1.41,75.00619104,29.12,Kristinehamn,1781,1.7161,0,0,2.0708,131.8114077,39.65074646,Vis2,0.18371199999999999,6
1651,70,,,,0,alive,,G117-15,M,S,Olsäter,Olsäter_1516,6627528,1373561,2015,2016,G117-15,5.5514,0.34,1.18,69.6125,32.44,Kil,1715,1.9,0,0.0009,0.6116,170.112291,71.71699465,Letj2,0.224609,6
1652,70,,,,,alive,,G87-15,F,S,Olsäter,Olsäter_1516,6627528,1373561,2015,2016,G87-15,5.5514,0.34,1.18,69.6125,32.44,Kil,1715,1.9,0,0.0009,0.6116,170.112291,71.71699465,Jang6,0.16552700000000001,6
1653,74,,,,0,alive,,G117-15,M,S,Olsäter,Olsäter_1617,6627535,1374080,2016,2017,G117-15,5.5169,0.34,1.18,72.50260417,32.93,Kil,1715,1.8,0,0.0012,0.6094,171.3214566,72.030196,Letj2,0.224609,6
1654,74,,,,,other,legal,G87-15,F,S,Olsäter,Olsäter_1617,6627535,1374080,2016,2017,G87-15,5.5169,0.34,1.18,72.50260417,32.93,Kil,1715,1.8,0,0.0012,0.6094,171.3214566,72.030196,Jang6,0.16552700000000001,6
1655,66,,,,,other,legal,G6-08,M,S,Olsjön 1,Olsjön_1314,6665430,1451626,2013,2014,G6-08,4.5435,0.38,1.31,73.39487179,14.15,Hällefors,1863,2.3869,0.0003,0.1087,1.6137,271.9979349,63.83758867,Kyn1,0.29345700000000002,4
1656,66,,,,,alive,,G84-13,F,S,Olsjön 1,Olsjön_1314,6665430,1451626,2013,2014,G84-13,4.5435,0.38,1.31,73.39487179,14.15,Hällefors,1863,2.3869,0.0003,0.1087,1.6137,271.9979349,63.83758867,Äpp,0.27490199999999998,4
1657,68,,,,,other,legal,G52-15,M,S,Olsjön 2,Olsjön_1415,6669674,1457861,2014,2015,G52-15,4.6395,0.39,1.4,86.03120866,14.66,Ljusnarsberg,1864,2.2705,0.0002,0.0881,1.9035,255.2785498,65.62138597,Löv6,0.33657799999999999,4
1658,68,,,,,other,legal,G84-13,F,S,Olsjön 2,Olsjön_1415,6669674,1457861,2014,2015,G84-13,4.6395,0.39,1.4,86.03120866,14.66,Ljusnarsberg,1864,2.2705,0.0002,0.0881,1.9035,255.2785498,65.62138597,Äpp,0.27490199999999998,4
1659,83,,1,1,1,disapp,,G116-21,M,S,Ömmeln  1,Ömmeln_2122,6566829.472,1315567.635,2021,2022,,5.2298,0.39,1.29,62.515625,15.13,Bengtsfors,1460,2.5588,0,0,0.63,134.3008259,51.62415407,Sbö2,0.26944099999999999,3
1660,83,,,,2,censored,,G16-20,F,S,Ömmeln  1,Ömmeln_2122,6566829.472,1315567.635,2021,2022,,5.2298,0.39,1.29,62.515625,15.13,Bengtsfors,1460,2.5588,0,0,0.63,134.3008259,51.62415407,Sbö1,0.218197,3
1661,68,,,,,other,legal,G41-17,M,N,Opphus,Opphus_1819,6813800,1260762,2018,2019,G41-17,7.1917,0.12,1.14,85.65902955,1.93,Åmot,429,1.8284,0.0002,0.0548,0.0276,565.0341586,195.108658,Kvt1,0.206153,3
1662,68,,,,,other,legal,G36-18,F,N,Opphus,Opphus_1819,6813800,1260762,2018,2019,G36-18,7.1917,0.12,1.14,85.65902955,1.93,Åmot,429,1.8284,0.0002,0.0548,0.0276,565.0341586,195.108658,Julu10,0.40001700000000001,3
1663,70,,,,,alive,,G103-15,M,S,Orsen,Orsen_1516,6690188,1434709,2015,2016,G103-15,4.6395,0.24,1.23,69.55492958,11.66,Vansbro,2021,2.3,0.0006,0.2343,0.2362,303.9380381,58.98544078,Lok3,0.222382,5
1664,70,,,,,alive,,G98-16,F,S,Orsen,Orsen_1516,6690188,1434709,2015,2016,G98-16,4.6395,0.24,1.23,69.55492958,11.66,Vansbro,2021,2.3,0.0006,0.2343,0.2362,303.9380381,58.98544078,När1,0.29327399999999998,5
1665,74,,,,,other,legal,G103-15,M,S,Orsen,Orsen_1617,6689665,1435210,2016,2017,G103-15,4.6303,0.25,1.22,77.14705882,12.2,Vansbro,2021,2.2,0.0003,0.1018,0.2236,302.7469477,58.72686758,Lok3,0.222382,3
1666,74,,,,,other,legal,G98-16,F,S,Orsen,Orsen_1617,6689665,1435210,2016,2017,G98-16,4.6303,0.25,1.22,77.14705882,12.2,Vansbro,2021,2.2,0.0003,0.1018,0.2236,302.7469477,58.72686758,När1,0.29327399999999998,3
1667,31,,,0,0,alive,,G100-11,M,N,Osdalen 1,Osdalen_0607,6835360,1272163,2006,2007,G100-11,6.5873,0.04,0.5,88.98792271,0.97,Åmot,429,2.651,0.0001,0.0473,0,703.9561154,174.3844734,Grå,0.296875,0
1668,31,,,,,alive,,M-09-19,F,N,Osdalen 1,Osdalen_0607,6835360,1272163,2006,2007,M-09-19,6.5873,0.04,0.5,88.98792271,0.97,Åmot,429,2.651,0.0001,0.0473,0,703.9561154,174.3844734,Julu3,0.32421899999999998,0
1669,37,,1,1,1,disapp,confirmed_illegal,G100-11,M,N,Osdalen 1,Osdalen_0708,6838478,1271644,2007,2008,G100-11,6.58,0.07,0.48,85.42857143,0.76,Åmot,429,2.8736,0.0002,0.0877,0,703.2471709,171.2988136,Grå,0.296875,0
1670,37,,,,,alive,,M-09-19,F,N,Osdalen 1,Osdalen_0708,6838478,1271644,2007,2008,M-09-19,6.58,0.07,0.48,85.42857143,0.76,Åmot,429,2.8736,0.0002,0.0877,0,703.2471709,171.2988136,Julu3,0.32421899999999998,0
1671,39,,,,0,alive,,M-09-05,M,N,Osdalen 2,Osdalen_0809,6839895,1267298,2008,2009,M-09-05,6.9406,0.09,0.56,91.9754902,0.66,Stor-Elvdal,430,2.9189,0.0004,0.1437,0.002,674.0603496,175.5065471,Amu1,0.21972700000000001,0
1672,39,,,0,0,alive,,M-09-19,F,N,Osdalen 2,Osdalen_0809,6839895,1267298,2008,2009,M-09-19,6.9406,0.09,0.56,91.9754902,0.66,Stor-Elvdal,430,2.9189,0.0004,0.1437,0.002,674.0603496,175.5065471,Julu3,0.32421899999999998,0
1673,49,,,,2,censored,,M-09-05,M,N,Osdalen 2,Osdalen_0910,6840164,1270515,2009,2010,M-09-05,6.7055,0.09,0.5,98.07389277,0.65,Åmot,429,2.9397,0.0004,0.1582,0,692.4913457,172.250413,Amu1,0.21972700000000001,1
1674,49,,1,1,1,disapp,,M-09-19,F,N,Osdalen 2,Osdalen_0910,6840164,1270515,2009,2010,M-09-19,6.7055,0.09,0.5,98.07389277,0.65,Åmot,429,2.9397,0.0004,0.1582,0,692.4913457,172.250413,Julu3,0.32421899999999998,1
1675,58,,,,,other,legal,G105-10,M,N,Osdalen 3,Osdalen_1011,6846849,1271011,2010,2011,G105-10,6.3602,0.12,0.47,83.21190476,0.63,Engerdal,434,2.928,0.0004,0.1505,0.002,704.6555327,160.0830497,Amu2,0.26074199999999997,0
1676,58,,,,,other,legal,G35-11,F,N,Osdalen 3,Osdalen_1011,6846849,1271011,2010,2011,G35-11,6.3602,0.12,0.47,83.21190476,0.63,Engerdal,434,2.928,0.0004,0.1505,0.002,704.6555327,160.0830497,Gös,0.27917500000000001,0
1677,68,,,,,alive,,G139-14,F,N,Osdalen 4,Osdalen_1415,6840253,1268559,2014,2015,G139-14,6.8335,0.08,0.54,85.44172992,0.6,Åmot,429,2.2496,0.0002,0.0758,0,679.5783876,173.4757612,Julu9,0.157578,1
1678,68,,,,,alive,,G155-14,M,N,Osdalen 4,Osdalen_1415,6840253,1268559,2014,2015,G155-14,6.8335,0.08,0.54,85.44172992,0.6,Åmot,429,2.2496,0.0002,0.0758,0,679.5783876,173.4757612,Tans2,0.14679700000000001,1
1679,70,,,,,alive,,G139-14,F,N,Osdalen 4,Osdalen_1516,6838100,1270145,2015,2016,G139-14,6.7993,0.07,0.53,74.86969697,0.7,Åmot,429,1.9696,0.0003,0.102,0,689.5303823,174.9595102,Julu9,0.157578,1
1680,70,,,,,alive,,G155-14,M,N,Osdalen 4,Osdalen_1516,6838100,1270145,2015,2016,G155-14,6.7993,0.07,0.53,74.86969697,0.7,Åmot,429,1.9696,0.0003,0.102,0,689.5303823,174.9595102,Tans2,0.14679700000000001,1
1681,74,,,,,alive,,G139-14,F,N,Osdalen 4,Osdalen_1617,6838631,1270305,2016,2017,G139-14,6.7804,0.07,0.52,84.38131313,0.67,Åmot,429,1.8426,0.0003,0.1007,0,690.2156964,174.8419322,Julu9,0.157578,1
1682,74,,,,,alive,,G155-14,M,N,Osdalen 4,Osdalen_1617,6838631,1270305,2016,2017,G155-14,6.7804,0.07,0.52,84.38131313,0.67,Åmot,429,1.8426,0.0003,0.1007,0,690.2156964,174.8419322,Tans2,0.14679700000000001,1
1683,72,,,,,other,legal,G139-14,F,N,Osdalen 4,Osdalen_1718,6835152,1273839,2017,2018,G139-14,6.4673,0.04,0.47,86.0547619,0.99,Åmot,429,1.7824,0.0004,0.1376,0,722.6339177,160.644701,Julu9,0.157578,2
1684,72,,,,,other,legal,G155-14,M,N,Osdalen 4,Osdalen_1718,6835152,1273839,2017,2018,G155-14,6.4673,0.04,0.47,86.0547619,0.99,Åmot,429,1.7824,0.0004,0.1376,0,722.6339177,160.644701,Tans2,0.14679700000000001,2
1685,68,,,,,other,legal,G196-17,M,N,Osdalen 5,Osdalen_1819,6841903,1272477,2018,2019,G196-17,6.5641,0.09,0.46,84.85416667,0.58,Trysil,428,1.8284,0.0003,0.0998,0,714.3112743,158.8063599,Rck5,0.22602800000000001,1
1686,68,,,,,other,legal,G286-17,F,N,Osdalen 5,Osdalen_1819,6841903,1272477,2018,2019,G286-17,6.5641,0.09,0.46,84.85416667,0.58,Trysil,428,1.8284,0.0003,0.0998,0,714.3112743,158.8063599,Osd4,0.22917000000000001,1
1687,85,,,,2,censored,,G13-22,M,S,Ösjö,Ösjö_2223,6555192,1560033,2022,2023,,3.8071,0.42,1.33,66.36393443,28.58,Gnesta,461,1.2,0,0,0.6493,51.9664571,17.9612159,Ärl2,0.39373599999999997,6
1688,85,,,2,2,censored,,G111-21,F,S,Ösjö,Ösjö_2223,6555192,1560033,2022,2023,,3.8071,0.42,1.33,66.36393443,28.58,Gnesta,461,1.2,0,0,0.6493,51.9664571,17.9612159,Sju4,0.185781,6
1689,64,,,0,0,alive,,G46-13,F,N,Östmarka 1,Østmarka_1213,6644192,1231531,2012,2013,G46-13,5.9457,1.75,1.19,83.98148148,338.52,Rælingen,228,2.7728,0,0,7.0522,175.7930777,74.35385291,Ria,0.13885500000000001,1
1690,64,,,,,alive,,G86-11,M,N,Östmarka 1,Østmarka_1213,6644192,1231531,2012,2013,G86-11,5.9457,1.75,1.19,83.98148148,338.52,Rælingen,228,2.7728,0,0,7.0522,175.7930777,74.35385291,DE5,0.25695800000000002,1
1691,66,,1,1,1,disapp,,G46-13,F,N,Östmarka 1,Østmarka_1314,6642870,1232293,2013,2014,G46-13,5.9686,1.6,1.17,63.60453436,311.38,Rælingen,228,2.4572,0,0,6.6822,179.0897698,70.64578469,Ria,0.13885500000000001,0
1692,66,,,,,alive,,G86-11,M,N,Östmarka 1,Østmarka_1314,6642870,1232293,2013,2014,G86-11,5.9686,1.6,1.17,63.60453436,311.38,Rælingen,228,2.4572,0,0,6.6822,179.0897698,70.64578469,DE5,0.25695800000000002,0
1693,68,,,,,alive,,G144-14,F,N,Östmarka 2,Østmarka_1415,6645037,1231051,2014,2015,G144-14,5.9622,1.86,1.2,72.35875706,370.12,Rælingen,228,2.3747,0,0.0002,7.2753,174.4244368,76.30183568,Öma1,0.21771199999999999,0
1694,68,,,,,alive,,G86-11,M,N,Östmarka 2,Østmarka_1415,6645037,1231051,2014,2015,G86-11,5.9622,1.86,1.2,72.35875706,370.12,Rælingen,228,2.3747,0,0.0002,7.2753,174.4244368,76.30183568,DE5,0.25695800000000002,0
1695,70,,,,,other,natural?,G144-14,F,N,Östmarka 2,Østmarka_1516,6639590,1235528,2015,2016,G144-14,6.103,1.07,1.1,74.01612903,208.11,Rælingen,228,2.3891,0,0.0008,5.6138,191.1526259,61.85063096,Öma1,0.21771199999999999,1
1696,70,,,,,other,natural,G86-11,M,N,Östmarka 2,Østmarka_1516,6639590,1235528,2015,2016,G86-11,6.103,1.07,1.1,74.01612903,208.11,Rælingen,228,2.3891,0,0.0008,5.6138,191.1526259,61.85063096,DE5,0.25695800000000002,1
1697,74,,,,0,alive,,G152-15,F,N,Östmarka 3,Østmarka_1617,6644670,1232519,2016,2017,G152-15,6.0674,1.7,1.19,69.38624339,359.65,Rælingen,228,1.9181,0,0.0008,6.8491,181.1762148,71.73141295,Öma2,0.42309600000000003,1
1698,74,,,0,0,alive,,G72-16,M,N,Östmarka 3,Østmarka_1617,6644670,1232519,2016,2017,G72-16,6.0674,1.7,1.19,69.38624339,359.65,Rælingen,228,1.9181,0,0.0008,6.8491,181.1762148,71.73141295,Sle3,0.29814099999999999,1
1699,72,,,,0,alive,,G152-15,F,N,Östmarka 3,Østmarka_1718,6644053,1234085,2017,2018,G152-15,6.1774,1.54,1.16,82.58974359,329.9,Rælingen,228,2.0591,0,0,6.3675,188.3537414,66.99097543,Öma2,0.42309600000000003,0
1700,72,,1,1,1,disapp,,G72-16,M,N,Östmarka 3,Østmarka_1718,6644053,1234085,2017,2018,G72-16,6.1774,1.54,1.16,82.58974359,329.9,Rælingen,228,2.0591,0,0,6.3675,188.3537414,66.99097543,Sle3,0.29814099999999999,0
1701,68,,,,0,alive,,G152-15,F,N,Östmarka 4,Østmarka_1819,6641674,1233754,2018,2019,G152-15,6.0738,1.43,1.14,79.45430108,292.46,Rælingen,228,1.8758,0,0,6.2043,186.2843821,65.20084192,Öma2,0.42309600000000003,1
1702,68,,,,2,censored,,G297-17,M,N,Östmarka 4,Østmarka_1819,6641674,1233754,2018,2019,G297-17,6.0738,1.43,1.14,79.45430108,292.46,Rælingen,228,1.8758,0,0,6.2043,186.2843821,65.20084192,Öma3,0.236093,1
1703,71,,,,2,censored,,G152-15,F,N,Östmarka 5,Østmarka_1920,6642149,1232482,2019,2020,G152-15,5.9684,1.54,1.16,54.59677419,323.78,Rælingen,228,1.6872,0,0.0007,6.5946,180.0495404,69.37986774,Öma2,0.42309600000000003,1
1704,71,,1,1,1,disapp,,G309-17,M,N,Östmarka 5,Østmarka_1920,6642149,1232482,2019,2020,G309-17,5.9684,1.54,1.16,54.59677419,323.78,Rælingen,228,1.6872,0,0.0007,6.5946,180.0495404,69.37986774,Hob1,0.41571399999999997,1
1705,83,,,0,0,alive,,G152-15,F,N,Östmarka 6,Østmarka_2122,6639113.62,1233103.057,2021,2022,,6.0016,1.22,1.14,64.68548387,283.76,Enebakk,3028,1.4495,0,0.0036,6.1965,181.6539,65.0498,Öma2,0.42309600000000003,0
1706,83,,,,0,alive,,G201-21,M,N,Östmarka 6,Østmarka_2122,6639113.62,1233103.057,2021,2022,,6.0016,1.22,1.14,64.68548387,283.76,Enebakk,3028,1.4495,0,0.0036,6.1965,181.6539,65.0498,Bjås4,0.121395,0
1707,85,,,2,2,censored,,G152-15,F,N,Östmarka 6,Østmarka_2223,6642985.57,1232852.999,2022,2023,,6.0371,1.59,1.17,83.121875,360.31,Enebakk,3028,1.2093,0,0,6.5572,182.0502,68.9371,Öma2,0.42309600000000003,2
1708,85,,,,2,censored,,G201-21,M,N,Östmarka 6,Østmarka_2223,6642985.57,1232852.999,2022,2023,,6.0371,1.59,1.17,83.121875,360.31,Enebakk,3028,1.2093,0,0,6.5572,182.0502,68.9371,Bjås4,0.121395,2
1709,85,,,,1,disapp,,G69-21,M,S,Överdal,Överdal_2223,6878800.301,1492186.48,2022,2023,,4.0347,0.25,1.15,95.61690141,3.6,Ljusdal,2161,1.6055,0.0086,3.118,0.0402,300.6453,82.9663,Öln1,0.207874,2
1710,85,,1,1,1,disapp,,G216-19,F,S,Överdal,Överdal_2223,6878800.301,1492186.48,2022,2023,,4.0347,0.25,1.15,95.61690141,3.6,Ljusdal,2161,1.6055,0.0086,3.118,0.0402,300.6453,82.9663,Smy1,0.21251200000000001,2
1711,58,,,,,other,legal,G102-11,M,S,Överhogdal,Överhogdal_1011,6918399,1450680,2010,2011,G102-11,4.4648,0.19,1.04,91.39189189,1.92,Ånge,2260,3.2416,0.0026,0.9553,0.0462,367.0078921,83.87628255,Kyn2,0,1
1712,58,,,,,alive,,G103-10,F,S,Överhogdal,Överhogdal_1011,6918399,1450680,2010,2011,G103-10,4.4648,0.19,1.04,91.39189189,1.92,Ånge,2260,3.2416,0.0026,0.9553,0.0462,367.0078921,83.87628255,Kyn2,0,1
1713,75,,,,,other,legal,G76-19,F,S,Oxaklitt,Oxaklitt_2021,6809803.949,1511539.688,2020,2021,,3.4026,0.31,1.33,76.30348259,7.94,Ovanåker,2121,2.4,0.0032,1.1744,1.3491,208.2466,66.8499,Lob1,0.25192599999999998,3
1714,75,,,,,other,legal,G129-19,M,S,Oxaklitt,Oxaklitt_2021,6809803.949,1511539.688,2020,2021,,3.4026,0.31,1.33,76.30348259,7.94,Ovanåker,2121,2.4,0.0032,1.1744,1.3491,208.2466,66.8499,Bjås4,0.121395,3
1715,60,,,0,0,alive,,G103-10,F,S,Prästskogen 1,Prästskogen_1112,6870630,1487124,2011,2012,G103-10,4.0202,0.28,1.14,83.70048309,3.6,Ljusdal,2161,2.8,0.0033,1.1928,0.0306,307.564703,83.69395933,Kyn2,0,1
1716,60,,,,,alive,,M-09-03,M,S,Prästskogen 1,Prästskogen_1112,6870630,1487124,2011,2012,M-09-03,4.0202,0.28,1.14,83.70048309,3.6,Ljusdal,2161,2.8,0.0033,1.1928,0.0306,307.564703,83.69395933,SF,0,1
1717,64,,1,1,1,disapp,,G103-10,F,S,Prästskogen 1,Prästskogen_1213,6870630,1487124,2012,2013,G103-10,4.0202,0.28,1.14,89.49758454,3.5,Ljusdal,2161,3.0982,0.003,1.0957,0.0306,307.564703,83.69395933,Kyn2,0,0
1718,64,,,,,alive,,M-09-03,M,S,Prästskogen 1,Prästskogen_1213,6870630,1487124,2012,2013,M-09-03,4.0202,0.28,1.14,89.49758454,3.5,Ljusdal,2161,3.0982,0.003,1.0957,0.0306,307.564703,83.69395933,SF,0,0
1719,66,,,,,other,legal,G44-13,F,S,Prästskogen 2,Prästskogen/Haverö_1314,6874911,1484631,2013,2014,G44-13,4.2648,0.26,1.12,82.82125604,3.53,Ljusdal,2161,2.967,0.0025,0.8951,0.057,324.4614969,80.43785424,Ten2,0.247803,0
1720,66,,,,,alive,,M-09-03,M,S,Prästskogen 2,Prästskogen/Haverö_1314,6874911,1484631,2013,2014,M-09-03,4.2648,0.26,1.12,82.82125604,3.53,Ljusdal,2161,2.967,0.0025,0.8951,0.057,324.4614969,80.43785424,SF,0,0
1721,68,,,,,alive,,G68-13,F,S,Prästskogen 3,Prästskogen_1415,6887016,1483143,2014,2015,G68-13,4.2791,0.24,1.13,89.01647059,3.09,Ljusdal,2161,2.8779,0.0023,0.8391,0.0628,332.6243861,69.26871333,Dju3,0.13900799999999999,0
1722,68,,,,,alive,,M-09-03,M,S,Prästskogen 3,Prästskogen_1415,6887016,1483143,2014,2015,M-09-03,4.2791,0.24,1.13,89.01647059,3.09,Ljusdal,2161,2.8779,0.0023,0.8391,0.0628,332.6243861,69.26871333,SF,0,0
1723,70,,,,,alive,,G68-13,F,S,Prästskogen 3,Prästskogen_1516,6893380,1483772,2015,2016,G68-13,4.2548,0.2,1.13,79.11908213,3,Ljusdal,2161,2.904,0.0019,0.7043,0.0216,350.1232257,63.44723375,Dju3,0.13900799999999999,0
1724,70,,,,,other,natural,M-09-03,M,S,Prästskogen 3,Prästskogen_1516,6893380,1483772,2015,2016,M-09-03,4.2548,0.2,1.13,79.11908213,3,Ljusdal,2161,2.904,0.0019,0.7043,0.0216,350.1232257,63.44723375,SF,0,0
1725,74,,,,0,alive,,G108-16,M,S,Prästskogen 4,Prästskogen_1617,6898333,1479272,2016,2017,G108-16,4.1639,0.2,1.1,85.02131287,2.66,Ljusdal,2161,2.7161,0.0015,0.5442,0.0245,353.0229183,62.12981795,Julu9,0.157578,1
1726,74,,,,,alive,,G68-13,F,S,Prästskogen 4,Prästskogen_1617,6898333,1479272,2016,2017,G68-13,4.1639,0.2,1.1,85.02131287,2.66,Ljusdal,2161,2.7161,0.0015,0.5442,0.0245,353.0229183,62.12981795,Dju3,0.13900799999999999,1
1727,72,,,,0,alive,,G108-16,M,S,Prästskogen 4,Prästskogen_1718,6891625,1487005,2017,2018,G108-16,4.2925,0.19,1.14,83.05797101,3.23,Ljusdal,2161,2.8205,0.002,0.7293,0.0167,349.843706,65.109274,Julu9,0.157578,1
1728,72,,,,,alive,,G68-13,F,S,Prästskogen 4,Prästskogen_1718,6891625,1487005,2017,2018,G68-13,4.2925,0.19,1.14,83.05797101,3.23,Ljusdal,2161,2.8205,0.002,0.7293,0.0167,349.843706,65.109274,Dju3,0.13900799999999999,1
1729,68,,,,0,alive,,G108-16,M,S,Prästskogen 4,Prästskogen_1819,6893550,1481568,2018,2019,G108-16,4.3423,0.2,1.14,84.0735963,2.84,Ljusdal,2161,2.8544,0.0024,0.8785,0.0384,349.2174928,63.7592096,Julu9,0.157578,1
1730,68,,,,,alive,,G68-13,F,S,Prästskogen 4,Prästskogen_1819,6893550,1481568,2018,2019,G68-13,4.3423,0.2,1.14,84.0735963,2.84,Ljusdal,2161,2.8544,0.0024,0.8785,0.0384,349.2174928,63.7592096,Dju3,0.13900799999999999,1
1731,71,,,,0,alive,,G108-16,M,S,Prästskogen 4,Prästskogen_1920,6896830,1477757,2019,2020,G108-16,4.1911,0.22,1.11,88.657277,2.55,Ljusdal,2161,2.6604,0.0026,0.9491,0.0197,349.1718841,62.80691101,Julu9,0.157578,2
1732,71,,,,,alive,,G68-13,F,S,Prästskogen 4,Prästskogen_1920,6896830,1477757,2019,2020,G68-13,4.1911,0.22,1.11,88.657277,2.55,Ljusdal,2161,2.6604,0.0026,0.9491,0.0197,349.1718841,62.80691101,Dju3,0.13900799999999999,2
1733,75,,,,0,alive,,G108-16,M,S,Prästskogen 4,Prästskogen_2021,6892034,1479183,2020,2021,,4.2865,0.23,1.13,88.28095238,2.69,Ljusdal,2161,2.4858,0.0027,0.9835,0.0608,342.3866318,65.67569619,Julu9,0.157578,2
1734,75,,,,,alive,,G68-13,F,S,Prästskogen 4,Prästskogen_2021,6892034,1479183,2020,2021,,4.2865,0.23,1.13,88.28095238,2.69,Ljusdal,2161,2.4858,0.0027,0.9835,0.0608,342.3866318,65.67569619,Dju3,0.13900799999999999,2
1735,83,,,,0,alive,,G108-16,M,S,Prästskogen 4,Prästskogen_2122,6895363.57,1477114.187,2021,2022,,4.1581,0.24,1.1,86.44675926,2.5,Ljusdal,2161,2.2726,0.0052,1.8796,0.0324,345.0596652,64.22041545,Julu9,0.157578,2
1736,83,,,,,alive,,G68-13,F,S,Prästskogen 4,Prästskogen_2122,6895363.57,1477114.187,2021,2022,,4.1581,0.24,1.1,86.44675926,2.5,Ljusdal,2161,2.2726,0.0052,1.8796,0.0324,345.0596652,64.22041545,Dju3,0.13900799999999999,2
1737,85,,,,2,censored,,G108-16,M,S,Prästskogen 4,Prästskogen_2223,6902403,1473563,2022,2023,,4.0804,0.19,1.08,97.08732394,2.28,Ljusdal,2161,2.1614,0.0088,3.1776,0.0943,346.0060448,59.39417899,Julu9,0.157578,2
1738,85,,,,,other,natural,G68-13,F,S,Prästskogen 4,Prästskogen_2223,6902403,1473563,2022,2023,,4.0804,0.19,1.08,97.08732394,2.28,Ljusdal,2161,2.1614,0.0088,3.1776,0.0943,346.0060448,59.39417899,Dju3,0.13900799999999999,2
1739,64,,1,1,1,disapp,,G49-13,F,S,Rackstad 1,Rackstad_1213,6631230,1326172,2012,2013,G49-13,5.9089,0.37,1.16,84.08072917,14.6,Eda,1730,4,0,0,1.2246,192.2126184,83.51440839,Eid,0.15362500000000001,1
1740,64,,,,,alive,,G72-13,M,S,Rackstad 1,Rackstad_1213,6631230,1326172,2012,2013,G72-13,5.9089,0.37,1.16,84.08072917,14.6,Eda,1730,4,0,0,1.2246,192.2126184,83.51440839,Trå,0.29980499999999999,1
1741,66,,,,,alive,,G188-13,F,S,Rackstad 2,Rackstad_1314,6635990,1333316,2013,2014,G188-13,6.2788,0.32,1.16,66.80248397,13.22,Sunne,1766,3.4,0,0,0.8279,214.1622459,74.92506192,Sku,0.15216099999999999,3
1742,66,,,,,alive,,G72-13,M,S,Rackstad 2,Rackstad_1314,6635990,1333316,2013,2014,G72-13,6.2788,0.32,1.16,66.80248397,13.22,Sunne,1766,3.4,0,0,0.8279,214.1622459,74.92506192,Trå,0.29980499999999999,3
1743,68,,,,,alive,,G188-13,F,S,Rackstad 2,Rackstad_1415,6631271,1336285,2014,2015,G188-13,6.1213,0.33,1.2,76.96464646,13.46,Kil,1715,2.6,0,0.0019,1.1916,195.3998487,82.40017867,Sku,0.15216099999999999,3
1744,68,,,,,other,natural,G72-13,M,S,Rackstad 2,Rackstad_1415,6631271,1336285,2014,2015,G72-13,6.1213,0.33,1.2,76.96464646,13.46,Kil,1715,2.6,0,0.0019,1.1916,195.3998487,82.40017867,Trå,0.29980499999999999,3
1745,70,,,,,alive,,G188-13,F,S,Rackstad 4,Rackstad_1516,6633267,1331681,2015,2016,G188-13,6.2292,0.35,1.17,71.50153846,13.84,Sunne,1766,1.9,0,0.0089,1.05,205.0903219,77.72899712,Sku,0.15216099999999999,3
1746,70,,1,1,1,disapp,,G62-16,M,S,Rackstad 4,Rackstad_1516,6633267,1331681,2015,2016,G62-16,6.2292,0.35,1.17,71.50153846,13.84,Sunne,1766,1.9,0,0.0089,1.05,205.0903219,77.72899712,Hae,0.198181,3
1747,74,,,,,alive,,G105-16,M,S,Rackstad 5,Rackstad_1617,6635720,1332559,2016,2017,G105-16,6.2917,0.32,1.15,72.49479167,13.56,Sunne,1766,1.8,0,0.0009,0.8663,213.7311745,74.17606466,Letj2,0.224609,2
1748,74,,,,,alive,,G188-13,F,S,Rackstad 5,Rackstad_1617,6635720,1332559,2016,2017,G188-13,6.2917,0.32,1.15,72.49479167,13.56,Sunne,1766,1.8,0,0.0009,0.8663,213.7311745,74.17606466,Sku,0.15216099999999999,2
1749,72,,,,,other,legal,G105-16,M,S,Rackstad 5,Rackstad_1718,6633442,1334031,2017,2018,G105-16,6.1998,0.35,1.18,83.7983871,13.55,Kil,1715,2,0,0.0069,1.078,204.7210161,78.85447852,Letj2,0.224609,2
1750,72,,,,,other,legal,G188-13,F,S,Rackstad 5,Rackstad_1718,6633442,1334031,2017,2018,G188-13,6.1998,0.35,1.18,83.7983871,13.55,Kil,1715,2,0,0.0069,1.078,204.7210161,78.85447852,Sku,0.15216099999999999,2
1751,85,,,,2,censored,,G92-23,M,S,Rafjellet,Rafjellet_2223,6695307,1301631,2022,2023,,5.7383,0.57,1.9,93.94545455,12.42,Torsby,1737,1.4815,0,0.0119,0.7829,297.3469741,88.03072059,Jär1,0.251718,3
1752,85,,,2,2,censored,,G120-22,F,S,Rafjellet,Rafjellet_2223,6695307,1301631,2022,2023,,5.7383,0.57,1.9,93.94545455,12.42,Torsby,1737,1.4815,0,0.0119,0.7829,297.3469741,88.03072059,Bjås4,0.121395,3
1753,58,,,,,other,legal,D-11-31,M,S,Råhällan,Råhällan_1011,6742318,1558345,2010,2011,D-11-31,1.2038,0.24,1.39,80.18489583,36.27,Ockelbo,2101,3,0.0011,0.41,2.1413,81.73659906,42.68660004,Kyf,0.29541000000000001,0
1754,58,,,,,other,legal,D-11-32,F,S,Råhällan,Råhällan_1011,6742318,1558345,2010,2011,D-11-32,1.2038,0.24,1.39,80.18489583,36.27,Ockelbo,2101,3,0.0011,0.41,2.1413,81.73659906,42.68660004,Sil1,0.227051,0
1755,71,,,,2,censored,,G162-19,F,,Räken,Räken_1920,6816386.092,1489108.707,2019,2020,,3.7472,0.2,1.31,71.76190476,6.12,Ovanåker,2121,2.5966,0.0038,1.3803,0.3406,273.3559,60.6554,Lob1,0.25192599999999998,3
1756,71,,1,1,1,disapp,,G257-17,M,,Räken,Räken_1920,6816386.092,1489108.707,2019,2020,,3.7472,0.2,1.31,71.76190476,6.12,Ovanåker,2121,2.5966,0.0038,1.3803,0.3406,273.3559,60.6554,Trb1,0.20988799999999999,3
1757,49,,,,,alive,,M-09-01,M,S,Riala 1,Riala_0910,6612215,1649909,2009,2010,M-09-01,3.4181,0.46,1.27,80.81321839,54.69,Vallentuna,115,2.1,0,0,2.4173,33.98557297,20.28555094,Gal,0,0
1758,49,,,0,0,alive,,M-10-03,F,S,Riala 1,Riala_0910,6612215,1649909,2009,2010,M-10-03,3.4181,0.46,1.27,80.81321839,54.69,Vallentuna,115,2.1,0,0,2.4173,33.98557297,20.28555094,Lok1,0.26708999999999999,0
1759,58,,,,,alive,,M-09-01,M,S,Riala 1,Riala_1011,6612878,1648550,2010,2011,M-09-01,3.4713,0.48,1.31,79.31420765,57.75,Vallentuna,115,1.9,0,0,2.487,35.47560182,19.33082646,Gal,0,0
1760,58,,,0,0,alive,,M-10-03,F,S,Riala 1,Riala_1011,6612878,1648550,2010,2011,M-10-03,3.4713,0.48,1.31,79.31420765,57.75,Vallentuna,115,1.9,0,0,2.487,35.47560182,19.33082646,Lok1,0.26708999999999999,0
1761,60,,,,,alive,,M-09-01,M,S,Riala 1,Riala_1112,6617543,1650810,2011,2012,M-09-01,3.3842,0.47,1.26,63.70967742,48.41,Vallentuna,115,2.4,0,0,2.182,35.95617627,18.74615313,Gal,0,0
1762,60,,1,1,1,disapp,,M-10-03,F,S,Riala 1,Riala_1112,6617543,1650810,2011,2012,M-10-03,3.3842,0.47,1.26,63.70967742,48.41,Vallentuna,115,2.4,0,0,2.182,35.95617627,18.74615313,Lok1,0.26708999999999999,0
1763,64,1,,,1,disapp,,G18-12,M,S,Riala 2,Riala_1213,6613749,1651481,2012,2013,G18-12,3.3851,0.46,1.24,78.14367816,52.42,Vallentuna,115,2.2,0,0,2.2904,33.66836544,20.34520065,Sku,0.15216099999999999,0
1764,64,1,1,1,1,disapp,,G78-13,F,S,Riala 2,Riala_1213,6613749,1651481,2012,2013,G78-13,3.3851,0.46,1.24,78.14367816,52.42,Vallentuna,115,2.2,0,0,2.2904,33.66836544,20.34520065,Nora,0.15216099999999999,0
1765,85,,,,2,censored,,G108-20,M,S,Ripelången,Ripelången_2223,6437834,1358120,2022,2023,,2.0826,0.58,1.4,53.18448276,27.65,Herrljunga,1466,1.7,0,0,1.0964,206.2925297,32.65198173,Sig1,0.103465,2
1766,85,,,2,2,censored,,G138-21,F,S,Ripelången,Ripelången_2223,6437834,1358120,2022,2023,,2.0826,0.58,1.4,53.18448276,27.65,Herrljunga,1466,1.7,0,0,1.0964,206.2925297,32.65198173,Bäg1,0.27676499999999998,2
1767,72,,,,0,alive,,G229-17,M,S,Rockesholm,Rockesholm_1718,6602373,1431551,2017,2018,G229-17,4.2638,0.35,1.16,84.54232804,24.04,Storfors,1760,2.24,0,0.0008,0.2493,203.2286523,42.01595518,Kin1,0.28747600000000001,5
1768,72,,,0,0,alive,,G82-17,F,S,Rockesholm,Rockesholm_1718,6602373,1431551,2017,2018,G82-17,4.2638,0.35,1.16,84.54232804,24.04,Storfors,1760,2.24,0,0.0008,0.2493,203.2286523,42.01595518,Rom2,0.204487,5
1769,68,,,,2,censored,,G229-17,M,S,Rockesholm,Rockesholm_1819,6602097,1429141,2018,2019,G229-17,4.2401,0.36,1.17,77.55989583,24.03,Storfors,1760,2.3,0,0.0007,0.3701,199.9028043,44.82732751,Kin1,0.28747600000000001,4
1770,68,,1,1,1,disapp,,G82-17,F,S,Rockesholm,Rockesholm_1819,6602097,1429141,2018,2019,G82-17,4.2401,0.36,1.17,77.55989583,24.03,Storfors,1760,2.3,0,0.0007,0.3701,199.9028043,44.82732751,Rom2,0.204487,4
1771,64,,,,,alive,,G67-12,M,S,Rombohöjden 1,Rombo_1213,6625168,1435102,2012,2013,G67-12,4.5976,0.33,1.26,82.97354497,8.54,Filipstad,1782,3.3616,0,0.0064,0.6314,220.8460908,42.12959535,Kors2,0.24853500000000001,5
1772,64,,,,0,alive,,G80-13,F,S,Rombohöjden 1,Rombo_1213,6625168,1435102,2012,2013,G80-13,4.5976,0.33,1.26,82.97354497,8.54,Filipstad,1782,3.3616,0,0.0064,0.6314,220.8460908,42.12959535,Gås,0.12667800000000001,5
1773,66,,,,,alive,,G67-12,M,S,Rombohöjden 1,Rombohöjden_1314,6628034,1440294,2013,2014,G67-12,4.3905,0.32,1.28,70.23409091,9.36,Filipstad,1782,2.9005,0.0001,0.0328,0.7067,217.226135,41.58451653,Kors2,0.24853500000000001,7
1774,66,,,,0,alive,,G80-13,F,S,Rombohöjden 1,Rombohöjden_1314,6628034,1440294,2013,2014,G80-13,4.3905,0.32,1.28,70.23409091,9.36,Filipstad,1782,2.9005,0.0001,0.0328,0.7067,217.226135,41.58451653,Gås,0.12667800000000001,7
1775,68,,,,,other,legal,G67-12,M,S,Rombohöjden 1,Rombohöjden_1415,6615531,1437220,2014,2015,G67-12,4.4313,0.32,1.23,83.0078125,11.08,Storfors,1760,2.6943,0,0.0041,0.3343,214.605294,44.34819104,Kors2,0.24853500000000001,5
1776,68,,,,0,alive,,G80-13,F,S,Rombohöjden 1,Rombohöjden_1415,6615531,1437220,2014,2015,G80-13,4.4313,0.32,1.23,83.0078125,11.08,Storfors,1760,2.6943,0,0.0041,0.3343,214.605294,44.34819104,Gås,0.12667800000000001,5
1777,70,,,0,0,alive,,G80-13,F,S,Rombohöjden 2,Rombohöjden_1516,6616417,1441243,2015,2016,G80-13,4.3604,0.34,1.24,70.521875,11.72,Hällefors,1863,2.4,0,0.0011,0.1367,207.0232263,45.6462558,Gås,0.12667800000000001,3
1778,70,,,,0,alive,,G90-15,M,S,Rombohöjden 2,Rombohöjden_1516,6616417,1441243,2015,2016,G90-15,4.3604,0.34,1.24,70.521875,11.72,Hällefors,1863,2.4,0,0.0011,0.1367,207.0232263,45.6462558,Lok3,0.222382,3
1779,74,,,0,0,alive,,G80-13,F,S,Rombohöjden 2,Rombohöjden_1617,6617044,1444621,2016,2017,G80-13,4.3274,0.35,1.28,74.73737374,12.8,Hällefors,1863,2.4,0,0.0001,0.2162,202.0283048,47.02129708,Gås,0.12667800000000001,4
1780,74,,,,0,alive,,G90-15,M,S,Rombohöjden 2,Rombohöjden_1617,6617044,1444621,2016,2017,G90-15,4.3274,0.35,1.28,74.73737374,12.8,Hällefors,1863,2.4,0,0.0001,0.2162,202.0283048,47.02129708,Lok3,0.222382,4
1781,72,,1,1,1,disapp,,G80-13,F,S,Rombohöjden 2,Rombohöjden_1718,6616206,1440847,2017,2018,G80-13,4.3679,0.34,1.24,84.36772487,11.82,Hällefors,1863,2.3,0,0.003,0.1547,207.6127459,45.8101395,Gås,0.12667800000000001,3
1782,72,,,,0,alive,,G90-15,M,S,Rombohöjden 2,Rombohöjden_1718,6616206,1440847,2017,2018,G90-15,4.3679,0.34,1.24,84.36772487,11.82,Hällefors,1863,2.3,0,0.003,0.1547,207.6127459,45.8101395,Lok3,0.222382,3
1783,68,,,,,other,natural?,G103-17,F,S,Rombohöjden 3,Rombohöjden_1819,6620626,1448206,2018,2019,G103-17,4.2982,0.33,1.33,78.66145833,13.02,Hällefors,1863,2.3,0,0.0034,0.6098,196.8339997,50.50071075,Rom2,0.204487,4
1784,68,,,,0,alive,,G90-15,M,S,Rombohöjden 3,Rombohöjden_1819,6620626,1448206,2018,2019,G90-15,4.2982,0.33,1.33,78.66145833,13.02,Hällefors,1863,2.3,0,0.0034,0.6098,196.8339997,50.50071075,Lok3,0.222382,4
1785,71,,,,0,alive,,G151-17,F,S,Rombohöjden 4,Rombohöjden_1920,6615884,1441525,2019,2020,G151-17,4.3465,0.34,1.25,55.76822917,11.99,Hällefors,1863,2.3,0,0,0.127,206.378713,45.99599884,Rom2,0.204487,2
1786,71,,,,2,censored,,G90-15,M,S,Rombohöjden 4,Rombohöjden_1920,6615884,1441525,2019,2020,G90-15,4.3465,0.34,1.25,55.76822917,11.99,Hällefors,1863,2.3,0,0,0.127,206.378713,45.99599884,Lok3,0.222382,2
1787,75,,,,,other,legal,G58-19,M,S,Rombohöjden 5,Rombohöjden_2021,6626189,1447915,2020,2021,,4.4236,0.34,1.38,70.32051282,11.61,Hällefors,1863,2.2,0,0.0028,0.6122,200.0267394,50.76787251,Roh1,0.25998399999999999,2
1788,75,,,,2,censored,,G151-17,F,S,Rombohöjden 5,Rombohöjden_2021,6626189,1447915,2020,2021,,4.4236,0.34,1.38,70.32051282,11.61,Hällefors,1863,2.2,0,0.0028,0.6122,200.0267394,50.76787251,Rom2,0.204487,2
1790,83,,1,1,1,disapp,,G253-21,F,S,Rombohöjden 7,Rombohöjden_2122,6626383.108,1447459.682,2021,2022,,4.4237,0.34,1.37,73.09375,11.42,Hällefors,1863,2,0,0.0017,0.5828,200.8169184,50.42801277,Rom5,0.32793,6
1791,83,,,,0,alive,,G46-21,M,S,Rombohöjden 7,Rombohöjden_2122,6626383.108,1447459.682,2021,2022,,4.4237,0.34,1.37,73.09375,11.42,Hällefors,1863,2,0,0.0017,0.5828,200.8169184,50.42801277,Hmo1,0.26685599999999998,6
1792,85,,,2,2,censored,,G153-21,F,S,Rombohöjden 8,Rombohöjden_2223,6625381,1446554,2022,2023,,4.4004,0.34,1.35,76.39365079,11.25,Hällefors,1863,1.7,0,0.0151,0.528,200.6769526,49.48356431,Rom5,0.32793,5
1793,85,,,,2,censored,,G46-21,M,S,Rombohöjden 8,Rombohöjden_2223,6625381,1446554,2022,2023,,4.4004,0.34,1.35,76.39365079,11.25,Hällefors,1863,1.7,0,0.0151,0.528,200.6769526,49.48356431,Hmo1,0.26685599999999998,5
1794,74,,,,,alive,,G129-17,F,N,Römskog 2,Rømskog_1617,6624822,1270255,2016,2017,G129-17,5.3645,0.35,1.26,70.1969697,11,Eda,1730,2.1944,0,0.0001,0.3275,217.0239164,53.76260147,Mang4,0.218197,3
1795,74,,,0,0,alive,,G66-17,M,N,Römskog 2,Rømskog_1617,6624822,1270255,2016,2017,G66-17,5.3645,0.35,1.26,70.1969697,11,Eda,1730,2.1944,0,0.0001,0.3275,217.0239164,53.76260147,Fär2,0.222382,3
1796,72,,,,,alive,,G129-17,F,N,Römskog 2,Rømskog_1718,6619622,1268888,2017,2018,G129-17,5.4073,0.44,1.27,83.91919192,11.78,Eda,1730,2.3739,0,0,0.8878,205.6244658,50.07320188,Mang4,0.218197,2
1797,72,,,0,0,alive,,G66-17,M,N,Römskog 2,Rømskog_1718,6619622,1268888,2017,2018,G66-17,5.4073,0.44,1.27,83.91919192,11.78,Eda,1730,2.3739,0,0,0.8878,205.6244658,50.07320188,Fär2,0.222382,2
1798,68,,,,,alive,,G129-17,F,N,Römskog 2,Rømskog_1819,6623505,1270356,2018,2019,G129-17,5.3975,0.34,1.26,78.26119403,11.04,Eda,1730,2.1903,0,0,0.4612,215.1994309,52.99722548,Mang4,0.218197,5
1799,68,,1,1,1,disapp,,G66-17,M,N,Römskog 2,Rømskog_1819,6623505,1270356,2018,2019,G66-17,5.3975,0.34,1.26,78.26119403,11.04,Eda,1730,2.1903,0,0,0.4612,215.1994309,52.99722548,Fär2,0.222382,5
1800,71,,,,,alive,,G129-17,F,N,Römskog 3,Rømskog_1920,6621505,1268198,2019,2020,G129-17,5.3993,0.42,1.28,52.21693122,12.27,Eda,1730,2.1801,0,0.0021,0.7714,206.4092215,51.19630378,Mang4,0.218197,5
1801,71,,,0,0,alive,,G34-18,M,N,Römskog 3,Rømskog_1920,6621505,1268198,2019,2020,G34-18,5.3993,0.42,1.28,52.21693122,12.27,Eda,1730,2.1801,0,0.0021,0.7714,206.4092215,51.19630378,Mang5,0.249086,5
1802,75,,,,,alive,,G129-17,F,N,Römskog 3,Rømskog_2021,6616350,1268755,2020,2021,,5.4078,0.44,1.24,69.80593958,15.49,Eda,1730,2.0412,0,0,0.9715,199.9725294,48.43828306,Mang4,0.218197,4
1803,75,,1,1,1,disapp,,G34-18,M,N,Römskog 3,Rømskog_2021,6616350,1268755,2020,2021,,5.4078,0.44,1.24,69.80593958,15.49,Eda,1730,2.0412,0,0,0.9715,199.9725294,48.43828306,Mang5,0.249086,4
1804,83,,,,,other,legal,G129-17,F,N,Römskog 4,Römskog_2122,6620002.164,1266533.173,2021,2022,,5.3778,0.49,1.26,59.38205128,17.8,Årjäng,1765,1.7277,0,0.0009,0.9794,201.3272832,49.3506064,Mang4,0.218197,3
1805,83,,,,,other,legal,G126-19,M,N,Römskog 4,Römskog_2122,6620002.164,1266533.173,2021,2022,,5.3778,0.49,1.26,59.38205128,17.8,Årjäng,1765,1.7277,0,0.0009,0.9794,201.3272832,49.3506064,Tön1,0.118835,3
1806,85,,,,2,censored,,G165-22,F,N,Römskog 5,Römskog_2223,6614978.13,1267475.833,2022,2023,,5.3355,0.45,1.23,79.146875,17,Marker,3013,1.6283,0,0,1.0433,196.9814,47.7801,Bjås4,0.121395,3
1807,85,,1,1,1,disapp,,G259-21,M,N,Römskog 5,Römskog_2223,6614978.13,1267475.833,2022,2023,,5.3355,0.45,1.23,79.146875,17,Marker,3013,1.6283,0,0,1.0433,196.9814,47.7801,Fjh1,0.38730500000000001,3
1808,68,1,,,1,disapp,,G54-15,M,S,Rotån,Rotån_1415,6704256,1381676,2014,2015,G54-15,4.0838,0.2,0.77,89.86410256,3.44,Torsby,1737,2.3408,0.0005,0.1881,0.1063,371.3900546,63.43702221,Ksk1,0.28668199999999999,2
1809,68,1,1,1,1,disapp,,G6-14,F,S,Rotån,Rotån_1415,6704256,1381676,2014,2015,G6-14,4.0838,0.2,0.77,89.86410256,3.44,Torsby,1737,2.3408,0.0005,0.1881,0.1063,371.3900546,63.43702221,Tand,0.29699700000000001,2
1810,22,,,,0,alive,,M-00-09,M,S,Rotna 1,Rotna_0304,6717145,1310199,2003,2004,M-00-09,4.642,0.46,2.04,80.7,6.71,Torsby,1737,3.0478,0,0.0011,0.1244,350.1878119,102.3073879,Fre,0.125,2
1811,22,,,0,0,alive,,M-06-07,F,S,Rotna 1,Rotna_0304,6717145,1310199,2003,2004,M-06-07,4.642,0.46,2.04,80.7,6.71,Torsby,1737,3.0478,0,0.0011,0.1244,350.1878119,102.3073879,Ny5,0.26953100000000002,2
1812,28,,,,0,alive,,M-00-09,M,S,Rotna 1,Rotna_0405,6712198,1309736,2004,2005,M-00-09,4.6623,0.44,2.09,80.41161616,7.06,Torsby,1737,2.7108,0,0.0005,0.1577,346.3363336,95.79302932,Fre,0.125,1
1813,28,,,0,0,alive,,M-06-07,F,S,Rotna 1,Rotna_0405,6712198,1309736,2004,2005,M-06-07,4.6623,0.44,2.09,80.41161616,7.06,Torsby,1737,2.7108,0,0.0005,0.1577,346.3363336,95.79302932,Ny5,0.26953100000000002,1
1814,29,1,,,1,disapp,,M-00-09,M,S,Rotna 1,Rotna_0506,6716550,1311310,2005,2006,M-00-09,4.7664,0.42,2.05,83.49758454,6.45,Torsby,1737,2.8017,0.0002,0.0632,0.0534,359.3004278,99.25505072,Fre,0.125,2
1815,29,1,1,1,1,disapp,confirmed_illegal,M-06-07,F,S,Rotna 1,Rotna_0506,6716550,1311310,2005,2006,M-06-07,4.7664,0.42,2.05,83.49758454,6.45,Torsby,1737,2.8017,0.0002,0.0632,0.0534,359.3004278,99.25505072,Ny5,0.26953100000000002,2
1816,31,,,,,alive,,G77-10,M,S,Rotna 2,Rotna_0607,6721900,1313488,2006,2007,G77-10,4.9557,0.37,2.01,85.50245098,5.98,Torsby,1737,2.9545,0.0001,0.0478,0.0187,368.599288,93.68677243,Ulr2,0.21484400000000001,2
1817,31,,,,,alive,,G42-10,F,S,Rotna 2,Rotna_0607,6721900,1313488,2006,2007,G42-10,4.9557,0.37,2.01,85.50245098,5.98,Torsby,1737,2.9545,0.0001,0.0478,0.0187,368.599288,93.68677243,Ny5,0.26953100000000002,2
1818,37,,,,,alive,,G77-10,M,S,Rotna 2,Rotna_0708,6716728,1305031,2007,2008,G77-10,4.2575,0.6,2.03,78.40049751,6.8,Torsby,1737,2.8772,0.0001,0.0425,0.7178,310.0764789,105.3026723,Ulr2,0.21484400000000001,1
1819,37,,,,,alive,,G42-10,F,S,Rotna 2,Rotna_0708,6716728,1305031,2007,2008,G42-10,4.2575,0.6,2.03,78.40049751,6.8,Torsby,1737,2.8772,0.0001,0.0425,0.7178,310.0764789,105.3026723,Ny5,0.26953100000000002,1
1820,39,,,,,alive,,G77-10,M,S,Rotna 2,Rotna_0809,6724151,1319623,2008,2009,G77-10,4.9208,0.35,1.73,85.31313131,5.03,Torsby,1737,3.051,0.0002,0.0546,0.0098,391.6062105,84.01201292,Ulr2,0.21484400000000001,2
1821,39,,,,,alive,,G42-10,F,S,Rotna 2,Rotna_0809,6724151,1319623,2008,2009,G42-10,4.9208,0.35,1.73,85.31313131,5.03,Torsby,1737,3.051,0.0002,0.0546,0.0098,391.6062105,84.01201292,Ny5,0.26953100000000002,2
1822,49,,,,,alive,,G77-10,M,S,Rotna 2,Rotna_0910,6717688,1315015,2009,2010,G77-10,5.0547,0.37,1.98,83.64365908,5.72,Torsby,1737,3.11,0.0001,0.022,0.0187,381.9070349,90.45763171,Ulr2,0.21484400000000001,4
1823,49,,,,,alive,,G42-10,F,S,Rotna 2,Rotna_0910,6717688,1315015,2009,2010,G42-10,5.0547,0.37,1.98,83.64365908,5.72,Torsby,1737,3.11,0.0001,0.022,0.0187,381.9070349,90.45763171,Ny5,0.26953100000000002,4
1824,58,,,,,alive,,G77-10,M,S,Rotna 2,Rotna_1011,6716763,1315654,2010,2011,G77-10,5.0895,0.36,1.96,87.98989899,5.67,Torsby,1737,3.1953,0.0002,0.0587,0.0186,386.468377,88.33716339,Ulr2,0.21484400000000001,2
1825,58,,,,,alive,,G42-10,F,S,Rotna 2,Rotna_1011,6716763,1315654,2010,2011,G42-10,5.0895,0.36,1.96,87.98989899,5.67,Torsby,1737,3.1953,0.0002,0.0587,0.0186,386.468377,88.33716339,Ny5,0.26953100000000002,2
1826,60,,,,,alive,,G77-10,M,S,Rotna 2,Rotna_1112,6717211,1315793,2011,2012,G77-10,5.0912,0.37,1.95,84.89460784,5.61,Torsby,1737,3.0691,0.0002,0.0591,0.0187,386.5660613,88.40067527,Ulr2,0.21484400000000001,4
1827,60,,,,,alive,,G42-10,F,S,Rotna 2,Rotna_1112,6717211,1315793,2011,2012,G42-10,5.0912,0.37,1.95,84.89460784,5.61,Torsby,1737,3.0691,0.0002,0.0591,0.0187,386.5660613,88.40067527,Ny5,0.26953100000000002,4
1828,64,,,,,alive,,G77-10,M,S,Rotna 2,Rotna_1213,6717710,1315411,2012,2013,G77-10,5.0713,0.38,1.97,87.00497512,5.59,Torsby,1737,2.9852,0.0001,0.0456,0.0187,383.9039358,89.58106285,Ulr2,0.21484400000000001,5
1829,64,,,,,alive,,G42-10,F,S,Rotna 2,Rotna_1213,6717710,1315411,2012,2013,G42-10,5.0713,0.38,1.97,87.00497512,5.59,Torsby,1737,2.9852,0.0001,0.0456,0.0187,383.9039358,89.58106285,Ny5,0.26953100000000002,5
1830,66,,,,,alive,,G77-10,M,S,Rotna 2,Rotna_1314,6717472,1315850,2013,2014,G77-10,5.091,0.37,1.96,81.29292929,5.53,Torsby,1737,2.7773,0.0003,0.1243,0.0187,386.4480782,88.53304815,Ulr2,0.21484400000000001,3
1831,66,,,,,alive,,G42-10,F,S,Rotna 2,Rotna_1314,6717472,1315850,2013,2014,G42-10,5.091,0.37,1.96,81.29292929,5.53,Torsby,1737,2.7773,0.0003,0.1243,0.0187,386.4480782,88.53304815,Ny5,0.26953100000000002,3
1832,68,,,,,alive,,G77-10,M,S,Rotna 2,Rotna_1415,6718086,1315286,2014,2015,G77-10,5.0484,0.37,1.99,85.85829327,5.56,Torsby,1737,2.3442,0.0003,0.0936,0.0187,382.5610782,90.05322768,Ulr2,0.21484400000000001,6
1833,68,,,,,alive,,G42-10,F,S,Rotna 2,Rotna_1415,6718086,1315286,2014,2015,G42-10,5.0484,0.37,1.99,85.85829327,5.56,Torsby,1737,2.3442,0.0003,0.0936,0.0187,382.5610782,90.05322768,Ny5,0.26953100000000002,6
1834,70,,,,,alive,,G77-10,M,S,Rotna 2,Rotna_1516,6717916,1320660,2015,2016,G77-10,5.1988,0.32,1.75,78.21846154,4.84,Torsby,1737,1.938,0.0003,0.099,0.0186,402.0305123,79.55869179,Ulr2,0.21484400000000001,5
1835,70,,,,,alive,,G42-10,F,S,Rotna 2,Rotna_1516,6717916,1320660,2015,2016,G42-10,5.1988,0.32,1.75,78.21846154,4.84,Torsby,1737,1.938,0.0003,0.099,0.0186,402.0305123,79.55869179,Ny5,0.26953100000000002,5
1836,74,,,,,other,natural,G77-10,M,S,Rotna 2,Rotna_1617,6717623,1325695,2016,2017,G77-10,5.2406,0.27,1.46,83.98717949,4.19,Torsby,1737,1.8159,0.0002,0.0795,0.0344,407.821861,76.16063009,Ulr2,0.21484400000000001,6
1837,74,,,,,other,natural,G42-10,F,S,Rotna 2,Rotna_1617,6717623,1325695,2016,2017,G42-10,5.2406,0.27,1.46,83.98717949,4.19,Torsby,1737,1.8159,0.0002,0.0795,0.0344,407.821861,76.16063009,Ny5,0.26953100000000002,6
1838,85,,,,2,censored,,G166-22,M,S,Rotna 3,Rotna_2223,6711519,1313748,2022,2023,,5.0297,0.37,2.01,94.91304348,5.9,Torsby,1737,1.66,0.0001,0.0283,0.0187,374.0896921,86.92171844,Igl2,9.9156499999999995E-2,3
1839,85,,,2,2,censored,,G8-21,F,S,Rotna 3,Rotna_2223,6711519,1313748,2022,2023,,5.0297,0.37,2.01,94.91304348,5.9,Torsby,1737,1.66,0.0001,0.0283,0.0187,374.0896921,86.92171844,Bjås4,0.121395,3
1840,71,,1,1,1,disapp,,G246-17,M,S,Ruskåsen 1,Ruskåsen_1920,6681998,1357390,2019,2020,G246-17,5.7102,0.29,1.19,54.32843137,4.04,Torsby,1737,2.6,0.0002,0.0583,0.4709,244.0761628,82.39283981,Prä4,0.169262,1
1841,71,,,,2,censored,,G84-18,F,S,Ruskåsen 1,Ruskåsen_1920,6681998,1357390,2019,2020,G84-18,5.7102,0.29,1.19,54.32843137,4.04,Torsby,1737,2.6,0.0002,0.0583,0.4709,244.0761628,82.39283981,Fld1,0.235592,1
1842,83,,,1,1,disapp,,G73-20,M,S,Ruskåsen 2,Ruskåsen_2122,6679936.856,1355712.301,2021,2022,,5.7519,0.29,1.21,78.55989583,4.12,Torsby,1737,2.7,0.0002,0.0654,0.55,234.2375084,86.10338949,Juv7,0.25648399999999999,1
1843,83,,,,0,alive,,G84-18,F,S,Ruskåsen 2,Ruskåsen_2122,6679936.856,1355712.301,2021,2022,,5.7519,0.29,1.21,78.55989583,4.12,Torsby,1737,2.7,0.0002,0.0654,0.55,234.2375084,86.10338949,Fld1,0.235592,1
1844,85,,,,2,censored,,G132-21,M,S,Ruskåsen 3,Ruskåsen_2223,6667031,1357608,2022,2023,,5.8261,0.33,1.18,84.17538462,6.45,Torsby,1737,2.4,0,0.014,0.4729,210.518765,78.89788103,Bgr5,0.274233,1
1845,85,,,2,2,censored,,G84-18,F,S,Ruskåsen 3,Ruskåsen_2223,6667031,1357608,2022,2023,,5.8261,0.33,1.18,84.17538462,6.45,Torsby,1737,2.4,0,0.014,0.4729,210.518765,78.89788103,Fld1,0.235592,1
1846,74,,,,,alive,,G104-15,M,S,Ryssjön,Ryssjön_1617,6752490,1559505,2016,2017,G104-15,1.2548,0.21,1.3,74.3510101,34.36,Ockelbo,2101,2.9,0.001,0.3701,1.0841,75.11825096,43.66458275,Bjås2,6.7336999999999994E-2,0
1847,74,,,,,alive,,G88-16,F,S,Ryssjön,Ryssjön_1617,6752490,1559505,2016,2017,G88-16,1.2548,0.21,1.3,74.3510101,34.36,Ockelbo,2101,2.9,0.001,0.3701,1.0841,75.11825096,43.66458275,Snd3,0.21491199999999999,0
1848,72,,,,,alive,,G104-15,M,S,Ryssjön,Ryssjön_1718,6756423,1559742,2017,2018,G104-15,1.2892,0.22,1.31,81.21497585,32.65,Ockelbo,2101,2.9,0.0013,0.4807,1.0992,72.3752152,41.53171695,Bjås2,6.7336999999999994E-2,0
1849,72,,,,,alive,,G88-16,F,S,Ryssjön,Ryssjön_1718,6756423,1559742,2017,2018,G88-16,1.2892,0.22,1.31,81.21497585,32.65,Ockelbo,2101,2.9,0.0013,0.4807,1.0992,72.3752152,41.53171695,Snd3,0.21491199999999999,0
1850,68,,,,,alive,,G104-15,M,S,Ryssjön,Ryssjön_1819,6761404,1557177,2018,2019,G104-15,1.6125,0.23,1.38,82.38480392,28.26,Ockelbo,2101,3,0.0023,0.817,1.2158,85.99047543,53.36349917,Bjås2,6.7336999999999994E-2,1
1851,68,,,,,alive,,G88-16,F,S,Ryssjön,Ryssjön_1819,6761404,1557177,2018,2019,G88-16,1.6125,0.23,1.38,82.38480392,28.26,Ockelbo,2101,3,0.0023,0.817,1.2158,85.99047543,53.36349917,Snd3,0.21491199999999999,1
1852,71,,,,,alive,,G104-15,M,S,Ryssjön,Ryssjön_1920,6759724,1556404,2019,2020,G104-15,1.6446,0.23,1.38,66.77272727,27.6,Ockelbo,2101,2.6,0.0018,0.6618,1.1634,90.24581445,53.8131795,Bjås2,6.7336999999999994E-2,2
1853,71,,,,,alive,,G88-16,F,S,Ryssjön,Ryssjön_1920,6759724,1556404,2019,2020,G88-16,1.6446,0.23,1.38,66.77272727,27.6,Ockelbo,2101,2.6,0.0018,0.6618,1.1634,90.24581445,53.8131795,Snd3,0.21491199999999999,2
1854,75,,,,,other,legal,G104-15,M,S,Ryssjön,Ryssjön_2021,6752835,1561748,2020,2021,,1.1094,0.21,1.27,72.78432765,37.69,Ockelbo,2101,2.4,0.0015,0.5498,1.0062,64.88603706,38.55319944,Bjås2,6.7336999999999994E-2,1
1855,75,,,,,other,legal,G88-16,F,S,Ryssjön,Ryssjön_2021,6752835,1561748,2020,2021,,1.1094,0.21,1.27,72.78432765,37.69,Ockelbo,2101,2.4,0.0015,0.5498,1.0062,64.88603706,38.55319944,Snd3,0.21491199999999999,1
1856,83,,,0,0,alive,,G82-21,F,,Salungen,Salungen_2122,6631588.768,1336661.312,2021,2022,,6.1205,0.34,1.19,68.23737374,13.52,Kil,1715,2.7,0,0.0009,1.1977,195.9852415,82.352079,Prä4,0.169262,1
1857,83,,,,0,alive,,G74-21,M,,Salungen,Salungen_2122,6631588.768,1336661.312,2021,2022,,6.1205,0.34,1.19,68.23737374,13.52,Kil,1715,2.7,0,0.0009,1.1977,195.9852415,82.352079,Gmy2,0.233371,1
1858,85,,,2,2,censored,,G82-21,F,,Salungen,Salungen_2223,6635584,1330643,2022,2023,,6.2411,0.33,1.14,84.45151515,13.81,Eda,1730,2.4,0,0,0.8342,213.3011904,74.07764433,Prä4,0.169262,2
1859,85,,,,2,censored,,G74-21,M,,Salungen,Salungen_2223,6635584,1330643,2022,2023,,6.2411,0.33,1.14,84.45151515,13.81,Eda,1730,2.4,0,0,0.8342,213.3011904,74.07764433,Gmy2,0.233371,2
1860,37,,,,,alive,,D-09-22,F,S,Sandsjön 1,Sandsjön_0708,6636782,1397521,2007,2008,D-09-22,5.1509,0.27,1.12,78.56770833,9.75,Forshaga,1763,3.6,0,0,0.3366,253.6278289,56.30266086,Grä1,0.26757799999999998,1
1861,37,,,,0,alive,,M-07-06,M,S,Sandsjön 1,Sandsjön_0708,6636782,1397521,2007,2008,M-07-06,5.1509,0.27,1.12,78.56770833,9.75,Forshaga,1763,3.6,0,0,0.3366,253.6278289,56.30266086,Hlg2,0.43676799999999999,1
1862,39,,,,,other,legal,D-09-22,F,S,Sandsjön 1,Sandsjön_0809,6639708,1393944,2008,2009,D-09-22,5.3255,0.26,1.11,83.95572917,10.1,Munkfors,1762,3.2,0.0001,0.0291,0.1073,258.2283525,57.87918915,Grä1,0.26757799999999998,2
1863,39,,,,0,alive,,M-07-06,M,S,Sandsjön 1,Sandsjön_0809,6639708,1393944,2008,2009,M-07-06,5.3255,0.26,1.11,83.95572917,10.1,Munkfors,1762,3.2,0.0001,0.0291,0.1073,258.2283525,57.87918915,Hlg2,0.43676799999999999,2
1864,49,,,,0,alive,,G12-09,F,S,Sandsjön 2,Sandsjön_0910,6642582,1394434,2009,2010,G12-09,5.4254,0.28,1.11,85.09230769,8.03,Munkfors,1762,3.6,0.0001,0.02,0.1588,264.5708619,58.15979401,Ack,0.30590800000000001,1
1865,49,,,0,0,alive,,M-07-06,M,S,Sandsjön 2,Sandsjön_0910,6642582,1394434,2009,2010,M-07-06,5.4254,0.28,1.11,85.09230769,8.03,Munkfors,1762,3.6,0.0001,0.02,0.1588,264.5708619,58.15979401,Hlg2,0.43676799999999999,1
1866,58,,,,0,alive,,G12-09,F,S,Sandsjön 2,Sandsjön_1011,6645209,1391488,2010,2011,G12-09,5.4598,0.32,1.13,83.95384615,7.8,Munkfors,1762,3.9,0.0001,0.0248,0.2532,257.5154425,62.67853954,Ack,0.30590800000000001,5
1867,58,,,0,0,alive,,M-07-06,M,S,Sandsjön 2,Sandsjön_1011,6645209,1391488,2010,2011,M-07-06,5.4598,0.32,1.13,83.95384615,7.8,Munkfors,1762,3.9,0.0001,0.0248,0.2532,257.5154425,62.67853954,Hlg2,0.43676799999999999,5
1868,60,,,,0,alive,,G12-09,F,S,Sandsjön 2,Sandsjön_1112,6644770,1388227,2011,2012,G12-09,5.46,0.34,1.18,77.74358974,9.42,Munkfors,1762,3.8,0.0001,0.0244,0.5098,243.7982451,67.51624553,Ack,0.30590800000000001,2
1869,60,,1,1,1,disapp,,M-07-06,M,S,Sandsjön 2,Sandsjön_1112,6644770,1388227,2011,2012,M-07-06,5.46,0.34,1.18,77.74358974,9.42,Munkfors,1762,3.8,0.0001,0.0244,0.5098,243.7982451,67.51624553,Hlg2,0.43676799999999999,2
1870,64,,,0,0,alive,,G12-09,F,S,Sandsjön 3,Sandsjön_1213,6643570,1388398,2012,2013,G12-09,5.4722,0.33,1.18,83.01282051,10.22,Munkfors,1762,4,0,0.007,0.4276,244.3973683,66.51796493,Ack,0.30590800000000001,5
1871,64,,,,0,alive,,G39-11,M,S,Sandsjön 3,Sandsjön_1213,6643570,1388398,2012,2013,G39-11,5.4722,0.33,1.18,83.01282051,10.22,Munkfors,1762,4,0,0.007,0.4276,244.3973683,66.51796493,Z,0.15479999999999999,5
1872,66,,,0,0,alive,,G12-09,F,S,Sandsjön 3,Sandsjön_1314,6645248,1389579,2013,2014,G12-09,5.4471,0.33,1.17,71.45044136,8.47,Munkfors,1762,3.4,0.0001,0.0204,0.3792,249.2685046,66.15427959,Ack,0.30590800000000001,5
1873,66,,,,0,alive,,G39-11,M,S,Sandsjön 3,Sandsjön_1314,6645248,1389579,2013,2014,G39-11,5.4471,0.33,1.17,71.45044136,8.47,Munkfors,1762,3.4,0.0001,0.0204,0.3792,249.2685046,66.15427959,Z,0.15479999999999999,5
1874,68,,,0,0,alive,,G12-09,F,S,Sandsjön 3,Sandsjön_1415,6640630,1391493,2014,2015,G12-09,5.3635,0.29,1.15,88.72058824,10.9,Munkfors,1762,2.6,0.0001,0.0221,0.0619,252.1875734,59.46819563,Ack,0.30590800000000001,4
1875,68,,,,0,alive,,G39-11,M,S,Sandsjön 3,Sandsjön_1415,6640630,1391493,2014,2015,G39-11,5.3635,0.29,1.15,88.72058824,10.9,Munkfors,1762,2.6,0.0001,0.0221,0.0619,252.1875734,59.46819563,Z,0.15479999999999999,4
1876,70,,,0,0,alive,,G12-09,F,S,Sandsjön 3,Sandsjön_1516,6641473,1387091,2015,2016,G12-09,5.4432,0.32,1.2,72.14848485,12.75,Munkfors,1762,1.9,0,0.0039,0.4363,240.2226812,67.00782522,Ack,0.30590800000000001,6
1877,70,,,,0,alive,,G39-11,M,S,Sandsjön 3,Sandsjön_1516,6641473,1387091,2015,2016,G39-11,5.4432,0.32,1.2,72.14848485,12.75,Munkfors,1762,1.9,0,0.0039,0.4363,240.2226812,67.00782522,Z,0.15479999999999999,6
1878,74,,1,1,1,disapp,,G12-09,F,S,Sandsjön 3,Sandsjön_1617,6649280,1389408,2016,2017,G12-09,5.3442,0.34,1.12,79.25384615,6.97,Munkfors,1762,1.8,0,0.008,0.5231,250.7394214,67.31000625,Ack,0.30590800000000001,5
1879,74,,,,0,alive,,G39-11,M,S,Sandsjön 3,Sandsjön_1617,6649280,1389408,2016,2017,G39-11,5.3442,0.34,1.12,79.25384615,6.97,Munkfors,1762,1.8,0,0.008,0.5231,250.7394214,67.31000625,Z,0.15479999999999999,5
1880,72,,,,0,alive,,G136-15,F,S,Sandsjön 4,Sandsjön_1718,6651175,1389161,2017,2018,G136-15,5.3243,0.33,1.12,83.92676768,6.81,Munkfors,1762,2,0.0001,0.0456,0.5567,251.7851312,67.34577832,Snd3,0.21491199999999999,4
1881,72,,1,1,1,disapp,,G39-11,M,S,Sandsjön 4,Sandsjön_1718,6651175,1389161,2017,2018,G39-11,5.3243,0.33,1.12,83.92676768,6.81,Munkfors,1762,2,0.0001,0.0456,0.5567,251.7851312,67.34577832,Z,0.15479999999999999,4
1882,68,1,1,1,1,disapp,,G136-15,F,S,Sandsjön 5,Sandsjön_1819,6646595,1394644,2018,2019,G136-15,5.4504,0.3,1.09,83.96135266,6.74,Munkfors,1762,2.3,0.0001,0.039,0.234,268.4849617,58.15456696,Snd3,0.21491199999999999,2
1883,68,1,,,1,disapp,,G19-17,M,S,Sandsjön 5,Sandsjön_1819,6646595,1394644,2018,2019,G19-17,5.4504,0.3,1.09,83.96135266,6.74,Munkfors,1762,2.3,0.0001,0.039,0.234,268.4849617,58.15456696,Glm1,0.23142399999999999,2
1884,37,,,,0,alive,,G4-08,F,S,Sången 1,Sången_0708,6727863,1437151,2007,2008,G4-08,4.1597,0.26,0.99,80.41919192,10.9,Vansbro,2021,2.6,0.0009,0.3312,0.4276,296.9786529,71.15483174,Kyn1,0.29345700000000002,1
1885,37,,,,0,alive,,G6-08,M,S,Sången 1,Sången_0708,6727863,1437151,2007,2008,G6-08,4.1597,0.26,0.99,80.41919192,10.9,Vansbro,2021,2.6,0.0009,0.3312,0.4276,296.9786529,71.15483174,Kyn1,0.29345700000000002,1
1886,39,,,,0,alive,,G4-08,F,S,Sången 1,Sången_0809,6725186,1434056,2008,2009,G4-08,4.0226,0.25,1.02,85.1004902,10.32,Vansbro,2021,2.4,0.0007,0.2653,0.3602,303.833003,65.96587381,Kyn1,0.29345700000000002,1
1887,39,,,,0,alive,,G6-08,M,S,Sången 1,Sången_0809,6725186,1434056,2008,2009,G6-08,4.0226,0.25,1.02,85.1004902,10.32,Vansbro,2021,2.4,0.0007,0.2653,0.3602,303.833003,65.96587381,Kyn1,0.29345700000000002,1
1888,49,,,,0,alive,,G4-08,F,S,Sången 1,Sången_0910,6728031,1438520,2009,2010,G4-08,4.1325,0.28,0.99,84.07711443,11.17,Vansbro,2021,2.3,0.001,0.3456,0.5313,291.9121271,72.21222051,Kyn1,0.29345700000000002,2
1889,49,,,,0,alive,,G6-08,M,S,Sången 1,Sången_0910,6728031,1438520,2009,2010,G6-08,4.1325,0.28,0.99,84.07711443,11.17,Vansbro,2021,2.3,0.001,0.3456,0.5313,291.9121271,72.21222051,Kyn1,0.29345700000000002,2
1890,58,,,,0,alive,,G4-08,F,S,Sången 1,Sången_1011,6724887,1437273,2010,2011,G4-08,3.9967,0.25,1.02,88.02238806,11.1,Vansbro,2021,2.3,0.0009,0.3158,0.5133,293.7876493,66.32973231,Kyn1,0.29345700000000002,2
1891,58,,,,0,alive,,G6-08,M,S,Sången 1,Sången_1011,6724887,1437273,2010,2011,G6-08,3.9967,0.25,1.02,88.02238806,11.1,Vansbro,2021,2.3,0.0009,0.3158,0.5133,293.7876493,66.32973231,Kyn1,0.29345700000000002,2
1892,60,,,,0,alive,,G4-08,F,S,Sången 1,Sången_1112,6721791,1442446,2011,2012,G4-08,3.9842,0.33,1.11,78.65441176,12.11,Vansbro,2021,2.3,0.0008,0.2998,1.175,275.595117,64.80356527,Kyn1,0.29345700000000002,4
1893,60,,,,2,censored,,G6-08,M,S,Sången 1,Sången_1112,6721791,1442446,2011,2012,G6-08,3.9842,0.33,1.11,78.65441176,12.11,Vansbro,2021,2.3,0.0008,0.2998,1.175,275.595117,64.80356527,Kyn1,0.29345700000000002,4
1894,64,,,0,0,alive,,G4-08,F,S,Sången 2,Sången_1213,6723442,1437027,2012,2013,G4-08,3.9213,0.25,1.06,85.960199,10.96,Vansbro,2021,1.9,0.0007,0.2626,0.5352,292.3853306,63.98255915,Kyn1,0.29345700000000002,1
1895,64,,,,0,alive,,G98-13,M,S,Sången 2,Sången_1213,6723442,1437027,2012,2013,G98-13,3.9213,0.25,1.06,85.960199,10.96,Vansbro,2021,1.9,0.0007,0.2626,0.5352,292.3853306,63.98255915,Sku,0.15216099999999999,1
1896,66,,1,1,1,disapp,,G4-08,F,S,Sången 2,Sången_1314,6727063,1431343,2013,2014,G4-08,4.1764,0.23,1.04,79.37373737,9.61,Vansbro,2021,2.2,0.0015,0.5609,0.2866,317.1232381,68.14884251,Kyn1,0.29345700000000002,0
1897,66,,,,0,alive,,G98-13,M,S,Sången 2,Sången_1314,6727063,1431343,2013,2014,G98-13,4.1764,0.23,1.04,79.37373737,9.61,Vansbro,2021,2.2,0.0015,0.5609,0.2866,317.1232381,68.14884251,Sku,0.15216099999999999,0
1898,68,,,,0,alive,,G4-15,F,S,Sången 3,Sången_1415,6731259,1436098,2014,2015,G4-15,4.3117,0.24,0.97,86.23177083,10.26,Vansbro,2021,2.2,0.0015,0.5585,0.3235,304.1156382,77.64350981,Sång1,0.48583999999999999,0
1899,68,,1,1,1,disapp,,G98-13,M,S,Sången 3,Sången_1415,6731259,1436098,2014,2015,G98-13,4.3117,0.24,0.97,86.23177083,10.26,Vansbro,2021,2.2,0.0015,0.5585,0.3235,304.1156382,77.64350981,Sku,0.15216099999999999,0
1900,70,1,,,1,disapp,,G153-14,M,S,Sången 4,Sången_1516,6731546,1429312,2015,2016,G153-14,4.3975,0.21,1.03,74.53731343,9.12,Vansbro,2021,2.3,0.0017,0.6028,0.3327,326.8826004,73.37206467,Sle3,0.29814099999999999,1
1901,70,1,1,1,1,disapp,,G4-15,F,S,Sången 4,Sången_1516,6731546,1429312,2015,2016,G4-15,4.3975,0.21,1.03,74.53731343,9.12,Vansbro,2021,2.3,0.0017,0.6028,0.3327,326.8826004,73.37206467,Sång1,0.48583999999999999,1
1902,83,,,,0,alive,,G129-21,M,S,Sävsjön 1,Sävsjön_2122,6735309.35,1426652.877,2021,2022,,4.4259,0.2,1.07,83.46323529,8.83,Vansbro,2021,2.4,0.0016,0.5846,0.3477,326.9501957,74.45715674,Kho2,0.27175199999999999,0
1903,83,,,0,0,alive,,G58-21,F,S,Sävsjön 1,Sävsjön_2122,6735309.35,1426652.877,2021,2022,,4.4259,0.2,1.07,83.46323529,8.83,Vansbro,2021,2.4,0.0016,0.5846,0.3477,326.9501957,74.45715674,Kes1,0.235539,0
1904,85,1,,,1,disapp,,G129-21,M,S,Sävsjön 1,Sävsjön_2223,6735309.35,1426652.877,2022,2023,,4.4259,0.2,1.07,91.04705882,8.91,Vansbro,2021,2,0.0014,0.4889,0.3477,326.9501957,74.45715674,Kho2,0.27175199999999999,0
1905,85,1,1,1,1,disapp,,G58-21,F,S,Sävsjön 1,Sävsjön_2223,6735309.35,1426652.877,2022,2023,,4.4259,0.2,1.07,91.04705882,8.91,Vansbro,2021,2,0.0014,0.4889,0.3477,326.9501957,74.45715674,Kes1,0.235539,0
1906,74,1,,,1,disapp,,G155-15,M,S,Säxen,Säxen_1617,6743704,1417955,2016,2017,G155-15,4.3318,0.19,1.18,82.00746269,7.44,Vansbro,2021,2.2,0.0013,0.4678,0.4235,336.5287406,66.83932219,Letj2,0.224609,0
1907,74,1,1,1,1,disapp,confirmed_illegal,G174-16,F,S,Säxen,Säxen_1617,6743704,1417955,2016,2017,G174-16,4.3318,0.19,1.18,82.00746269,7.44,Vansbro,2021,2.2,0.0013,0.4678,0.4235,336.5287406,66.83932219,Sku,0.15216099999999999,0
1908,71,,,,0,alive,,G187-19,M,N,Setten 1,Setten_1920,6650962.354,1268084.887,2019,2020,,5.5244,0.48,1.52,56.703125,19.1,Eda,1730,1.825,0,0.0113,0.9114,248.3621843,60.16674814,SF,0,5
1909,71,,,0,0,alive,,G168-16,F,N,Setten 1,Setten_1920,6650962.354,1268084.887,2019,2020,,5.5244,0.48,1.52,56.703125,19.1,Eda,1730,1.825,0,0.0113,0.9114,248.3621843,60.16674814,Julu9,0.157578,5
1910,75,,,,0,alive,,G187-19,M,N,Setten 1,Setten_2021,6650962.354,1268084.887,2020,2021,,5.5244,0.48,1.52,75.9921875,19.77,Eda,1730,1.6374,0,0,0.9114,248.3621843,60.16674814,SF,0,7
1911,75,,,0,0,alive,,G168-16,F,N,Setten 1,Setten_2021,6650962.354,1268084.887,2020,2021,,5.5244,0.48,1.52,75.9921875,19.77,Eda,1730,1.6374,0,0,0.9114,248.3621843,60.16674814,Julu9,0.157578,7
1912,83,,,,0,alive,,G187-19,M,N,Setten 1,Setten_2122,6650962.354,1268084.887,2021,2022,,5.5244,0.48,1.52,72.37239583,19.99,Eda,1730,1.4727,0,0.0114,0.9114,248.3621843,60.16674814,SF,0,4
1913,83,,1,1,1,disapp,,G168-16,F,N,Setten 1,Setten_2122,6650962.354,1268084.887,2021,2022,,5.5244,0.48,1.52,72.37239583,19.99,Eda,1730,1.4727,0,0.0114,0.9114,248.3621843,60.16674814,Julu9,0.157578,4
1915,85,,,,2,censored,,G187-19,M,N,Setten 2,Setten_2223,6660703,1264046,2022,2023,,5.2002,0.56,1.35,87.7875,40.11,Eidskog,3416,1.2766,0,0,2.0473,241.7148009,67.69962818,SF,0,4
1916,85,,,2,2,censored,,G120-21,F,N,Setten 2,Setten_2223,6660703,1264046,2022,2023,,5.2002,0.56,1.35,87.7875,40.11,Eidskog,3416,1.2766,0,0,2.0473,241.7148009,67.69962818,Bok2,7.4625999999999998E-2,4
1917,71,,,,0,alive,,G165-17,M,S,Siggefora 1,Siggefora_1920,6650207,1558803,2019,2020,G165-17,2.5161,0.44,1.3,43.73076923,19.48,Heby,331,2.483,0.0001,0.0351,1.4566,77.6932539,14.50145998,Tiv2,0,0
1918,71,,,0,0,alive,,G24-19,F,S,Siggefora 1,Siggefora_1920,6650207,1558803,2019,2020,G24-19,2.5161,0.44,1.3,43.73076923,19.48,Heby,331,2.483,0.0001,0.0351,1.4566,77.6932539,14.50145998,Gård6,0.13404099999999999,0
1919,75,,,,0,alive,,G165-17,M,S,Siggefora 1,Siggefora_2021,6660164,1572963,2020,2021,,2.436,0.42,1.23,59.24494949,38.83,Heby,331,2.6,0.0001,0.0218,0.949,71.62627356,16.97980029,Tiv2,0,1
1920,75,,,0,0,alive,,G24-19,F,S,Siggefora 1,Siggefora_2021,6660164,1572963,2020,2021,,2.436,0.42,1.23,59.24494949,38.83,Heby,331,2.6,0.0001,0.0218,0.949,71.62627356,16.97980029,Gård6,0.13404099999999999,1
1921,83,,,,0,alive,,G165-17,M,S,Siggefora 1,Siggefora_2122,6665237.923,1574070.846,2021,2022,,2.4048,0.39,1.17,66.828125,35.41,Heby,331,2.2,0,0.0074,0.6195,69.97617372,17.31366273,Tiv2,0,1
1922,83,,1,1,1,disapp,,G24-19,F,S,Siggefora 1,Siggefora_2122,6665237.923,1574070.846,2021,2022,,2.4048,0.39,1.17,66.828125,35.41,Heby,331,2.2,0,0.0074,0.6195,69.97617372,17.31366273,Gård6,0.13404099999999999,1
1923,85,,,,2,censored,,G165-17,M,S,Siggefora 2,Siggefora_2223,6663563,1575375,2022,2023,,2.3946,0.4,1.17,72.61515152,42.12,Heby,331,1.7,0.0001,0.0521,0.6201,69.14258171,17.58517298,Tiv2,0,1
1924,85,,,2,2,censored,,G14-23,F,S,Siggefora 2,Siggefora_2223,6663563,1575375,2022,2023,,2.3946,0.4,1.17,72.61515152,42.12,Heby,331,1.7,0.0001,0.0521,0.6201,69.14258171,17.58517298,Sig1,0.103465,1
1925,28,,,,,alive,,D-10-20,F,S,Siljansringen 1,Siljansringen_0405,6777313,1456044,2004,2005,D-10-20,2.2535,0.17,1.09,74.87373737,5.11,Rättvik,2031,3.5,0.0016,0.5899,0.2378,286.8406112,52.2436929,Fur,0.1875,2
1926,28,,,0,0,alive,,G9-05,M,S,Siljansringen 1,Siljansringen_0405,6777313,1456044,2004,2005,G9-05,2.2535,0.17,1.09,74.87373737,5.11,Rättvik,2031,3.5,0.0016,0.5899,0.2378,286.8406112,52.2436929,Ock1,0.1875,2
1927,29,,,,,alive,,D-10-20,F,S,Siljansringen 1,Siljansringen_0506,6778843,1453545,2005,2006,D-10-20,2.2248,0.23,1.1,84.26570048,4.98,Rättvik,2031,3.1,0.0015,0.5361,0.2471,284.6578203,55.66370623,Fur,0.1875,1
1928,29,,,0,0,alive,,G9-05,M,S,Siljansringen 1,Siljansringen_0506,6778843,1453545,2005,2006,G9-05,2.2248,0.23,1.1,84.26570048,4.98,Rättvik,2031,3.1,0.0015,0.5361,0.2471,284.6578203,55.66370623,Ock1,0.1875,1
1929,31,,,,,alive,,D-10-20,F,S,Siljansringen 1,Siljansringen_0607,6782325,1458625,2006,2007,D-10-20,2.4425,0.14,1.12,85.05970149,4.97,Rättvik,2031,2.8,0.0016,0.585,0.1945,300.9012468,58.101405,Fur,0.1875,0
1930,31,,,0,0,alive,,G9-05,M,S,Siljansringen 1,Siljansringen_0607,6782325,1458625,2006,2007,G9-05,2.4425,0.14,1.12,85.05970149,4.97,Rättvik,2031,2.8,0.0016,0.585,0.1945,300.9012468,58.101405,Ock1,0.1875,0
1931,37,,,,,alive,,D-10-20,F,S,Siljansringen 1,Siljansringen_0708,6792116,1457935,2007,2008,D-10-20,2.8478,0.14,1.05,83.26767677,4.79,Rättvik,2031,2.6,0.0027,0.9643,0.1639,318.854433,81.47036697,Fur,0.1875,1
1932,37,,,0,0,alive,,G9-05,M,S,Siljansringen 1,Siljansringen_0708,6792116,1457935,2007,2008,G9-05,2.8478,0.14,1.05,83.26767677,4.79,Rättvik,2031,2.6,0.0027,0.9643,0.1639,318.854433,81.47036697,Ock1,0.1875,1
1933,39,,,,,alive,,D-10-20,F,S,Siljansringen 1,Siljansringen_0809,6782121,1459830,2008,2009,D-10-20,2.4665,0.13,1.12,85.59950249,5.02,Rättvik,2031,2.4,0.0027,0.9932,0.2033,302.8211506,58.01035912,Fur,0.1875,0
1934,39,,,0,0,alive,,G9-05,M,S,Siljansringen 1,Siljansringen_0809,6782121,1459830,2008,2009,G9-05,2.4665,0.13,1.12,85.59950249,5.02,Rättvik,2031,2.4,0.0027,0.9932,0.2033,302.8211506,58.01035912,Ock1,0.1875,0
1935,49,,,,,other,legal,D-10-20,F,S,Siljansringen 1,Siljansringen_0910,6782406,1459900,2009,2010,D-10-20,2.4817,0.13,1.12,84.11691542,5.01,Rättvik,2031,2.3,0.0035,1.2778,0.2024,303.1982407,58.37845697,Fur,0.1875,0
1936,49,,,0,0,alive,,G9-05,M,S,Siljansringen 1,Siljansringen_0910,6782406,1459900,2009,2010,G9-05,2.4817,0.13,1.12,84.11691542,5.01,Rättvik,2031,2.3,0.0035,1.2778,0.2024,303.1982407,58.37845697,Ock1,0.1875,0
1937,58,,,,,alive,,G33-10,F,S,Siljansringen 2,Siljansringen_1011,6791617,1457338,2010,2011,G33-10,2.84,0.15,1.06,83.28787879,4.71,Rättvik,2031,2.3,0.0033,1.187,0.1652,319.6468518,81.81329736,Amu2,0.26074199999999997,1
1938,58,,,0,0,alive,,G9-05,M,S,Siljansringen 2,Siljansringen_1011,6791617,1457338,2010,2011,G9-05,2.84,0.15,1.06,83.28787879,4.71,Rättvik,2031,2.3,0.0033,1.187,0.1652,319.6468518,81.81329736,Ock1,0.1875,1
1939,60,,,,,alive,,G33-10,F,S,Siljansringen 2,Siljansringen_1112,6796886,1457899,2011,2012,G33-10,2.9644,0.15,0.99,83.87745098,4.78,Rättvik,2031,2.3,0.0035,1.2508,0.1419,328.8418549,88.45607697,Amu2,0.26074199999999997,2
1940,60,,1,1,1,disapp,confirmed_illegal,G9-05,M,S,Siljansringen 2,Siljansringen_1112,6796886,1457899,2011,2012,G9-05,2.9644,0.15,0.99,83.87745098,4.78,Rättvik,2031,2.3,0.0035,1.2508,0.1419,328.8418549,88.45607697,Ock1,0.1875,2
1941,64,,,,,other,natural,G33-10,F,S,Siljansringen 3,Siljansringen_1213,6798865,1462460,2012,2013,G33-10,2.9526,0.15,1.03,84.73913043,4.95,Rättvik,2031,1.9168,0.0037,1.3314,0.1447,320.9507107,78.12414005,Amu2,0.26074199999999997,1
1942,64,,1,1,1,disapp,,G59-12,M,S,Siljansringen 3,Siljansringen_1213,6798865,1462460,2012,2013,G59-12,2.9526,0.15,1.03,84.73913043,4.95,Rättvik,2031,1.9168,0.0037,1.3314,0.1447,320.9507107,78.12414005,Sjö,0.41430699999999998,1
1943,75,,1,1,1,disapp,,G106-19,F,S,Sirsjön,Sirsjön_2021,6609319.762,1436216.667,2020,2021,,4.2336,0.32,1.18,74.24871795,17.58,Hällefors,1863,2.2553,0,0.0006,0.1447,207.2741,41.8799,Vill4,0.23860500000000001,4
1944,75,,,,2,censored,,G90-15,M,S,Sirsjön,Sirsjön_2021,6609319.762,1436216.667,2020,2021,,4.2336,0.32,1.18,74.24871795,17.58,Hällefors,1863,2.2553,0,0.0006,0.1447,207.2741,41.8799,Lok3,0.222382,4
1945,58,,,0,0,alive,,G51-10,M,S,Sjösveden  1,Sjösveden_1011,6777618,1519997,2010,2011,G51-10,3.6084,0.19,1.13,91.00497512,12.15,Falun,2080,2.9741,0.0026,0.9508,0.0452,309.5176257,68.89941027,Kors1,0.22680700000000001,0
1946,58,,,,0,alive,,M-09-15,F,S,Sjösveden  1,Sjösveden_1011,6777618,1519997,2010,2011,M-09-15,3.6084,0.19,1.13,91.00497512,12.15,Falun,2080,2.9741,0.0026,0.9508,0.0452,309.5176257,68.89941027,Kors1,0.22680700000000001,0
1947,60,,,0,0,alive,,G51-10,M,S,Sjösveden  1,Sjösveden_1112,6772293,1517047,2011,2012,G51-10,3.6046,0.18,1.12,83.04047619,13.72,Falun,2080,2.717,0.0026,0.925,0,329.0496329,53.05427596,Kors1,0.22680700000000001,2
1948,60,,,,0,alive,,M-09-15,F,S,Sjösveden  1,Sjösveden_1112,6772293,1517047,2011,2012,M-09-15,3.6046,0.18,1.12,83.04047619,13.72,Falun,2080,2.717,0.0026,0.925,0,329.0496329,53.05427596,Kors1,0.22680700000000001,2
1949,64,,,0,0,alive,,G51-10,M,S,Sjösveden  1,Sjösveden_1213,6771099,1522252,2012,2013,G51-10,3.4901,0.18,1.15,83.91666667,13.05,Falun,2080,2.9584,0.002,0.7305,0.0382,310.317583,56.04228235,Kors1,0.22680700000000001,1
1950,64,,,,0,alive,,M-09-15,F,S,Sjösveden  1,Sjösveden_1213,6771099,1522252,2012,2013,M-09-15,3.4901,0.18,1.15,83.91666667,13.05,Falun,2080,2.9584,0.002,0.7305,0.0382,310.317583,56.04228235,Kors1,0.22680700000000001,1
1951,66,,1,1,1,disapp,,G51-10,M,S,Sjösveden  1,Sjösveden_1314,6778454,1525296,2013,2014,G51-10,3.6448,0.21,1.17,73.93192488,12.31,Falun,2080,2.996,0.0025,0.8937,0.2894,280.4536,79.10278133,Kors1,0.22680700000000001,3
1952,66,,,,0,alive,,M-09-15,F,S,Sjösveden  1,Sjösveden_1314,6778454,1525296,2013,2014,M-09-15,3.6448,0.21,1.17,73.93192488,12.31,Falun,2080,2.996,0.0025,0.8937,0.2894,280.4536,79.10278133,Kors1,0.22680700000000001,3
1953,68,,,,0,alive,,G29-15,M,S,Sjösveden  2,Sjösveden_1415,6788674,1509613,2014,2015,G29-15,3.5675,0.2,1.19,87.92647059,8.62,Rättvik,2031,3.0973,0.0033,1.2124,0.8294,281.9313326,84.1107035,Kors4,0.142761,3
1954,68,,,0,0,alive,,M-09-15,F,S,Sjösveden  2,Sjösveden_1415,6788674,1509613,2014,2015,M-09-15,3.5675,0.2,1.19,87.92647059,8.62,Rättvik,2031,3.0973,0.0033,1.2124,0.8294,281.9313326,84.1107035,Kors1,0.22680700000000001,3
1955,70,,,,0,alive,,G29-15,M,S,Sjösveden  2,Sjösveden_1516,6781023,1505534,2015,2016,G29-15,3.5086,0.14,1.11,77.74925373,9.98,Rättvik,2031,2.964,0.0035,1.254,0.1675,312.089187,64.10661759,Kors4,0.142761,4
1956,70,,1,1,1,disapp,,M-09-15,F,S,Sjösveden  2,Sjösveden_1516,6781023,1505534,2015,2016,M-09-15,3.5086,0.14,1.11,77.74925373,9.98,Rättvik,2031,2.964,0.0035,1.254,0.1675,312.089187,64.10661759,Kors1,0.22680700000000001,4
1957,74,,,0,0,alive,,G173-16,F,S,Sjösveden  3,Sjösveden_1617,6783441,1503708,2016,2017,G173-16,3.4494,0.13,1.13,84.26811594,8.65,Rättvik,2031,2.7817,0.0025,0.9038,0.3722,304.0534675,66.1255035,Bjås2,6.7336999999999994E-2,3
1958,74,,,,0,alive,,G29-15,M,S,Sjösveden  3,Sjösveden_1617,6783441,1503708,2016,2017,G29-15,3.4494,0.13,1.13,84.26811594,8.65,Rättvik,2031,2.7817,0.0025,0.9038,0.3722,304.0534675,66.1255035,Kors4,0.142761,3
1959,72,,,0,0,alive,,G173-16,F,S,Sjösveden  3,Sjösveden_1718,6780548,1501164,2017,2018,G173-16,3.4191,0.12,1.08,83.74747475,9.32,Rättvik,2031,2.7515,0.0026,0.9351,0.0913,311.7325958,65.83242963,Bjås2,6.7336999999999994E-2,3
1960,72,,,,0,alive,,G29-15,M,S,Sjösveden  3,Sjösveden_1718,6780548,1501164,2017,2018,G29-15,3.4191,0.12,1.08,83.74747475,9.32,Rättvik,2031,2.7515,0.0026,0.9351,0.0913,311.7325958,65.83242963,Kors4,0.142761,3
1961,68,,1,1,1,disapp,,G173-16,F,S,Sjösveden  3,Sjösveden_1819,6781204,1496350,2018,2019,G173-16,3.3026,0.1,1.06,85.05472637,7.89,Rättvik,2031,2.789,0.0039,1.4197,0.0689,303.9000949,65.27363999,Bjås2,6.7336999999999994E-2,1
1962,68,,,,0,alive,,G29-15,M,S,Sjösveden  3,Sjösveden_1819,6781204,1496350,2018,2019,G29-15,3.3026,0.1,1.06,85.05472637,7.89,Rättvik,2031,2.789,0.0039,1.4197,0.0689,303.9000949,65.27363999,Kors4,0.142761,1
1963,71,,,,,other,legal,G171-17,F,S,Sjösveden  4,Sjösveden_1920,6779517,1493384,2019,2020,G171-17,3.3232,0.11,1.04,70.92028986,7.84,Rättvik,2031,2.5458,0.0035,1.2817,0,300.8333133,64.45651954,Sjö3,0.17519399999999999,3
1964,71,,1,1,1,disapp,,G29-15,M,S,Sjösveden  4,Sjösveden_1920,6779517,1493384,2019,2020,G29-15,3.3232,0.11,1.04,70.92028986,7.84,Rättvik,2031,2.5458,0.0035,1.2817,0,300.8333133,64.45651954,Kors4,0.142761,3
1965,68,,,0,0,alive,,G108-14,M,S,Sjunda 1,Sjunda_1415,6553012,1592396,2014,2015,G108-14,3.8404,0.49,1.59,61.25692546,101.75,Botkyrka,127,2.4,0,0,3.436,42.02197697,20.60870092,Snd3,0.21491199999999999,0
1966,68,,,,,alive,,G1-14,F,S,Sjunda 1,Sjunda_1415,6553012,1592396,2014,2015,G1-14,3.8404,0.49,1.59,61.25692546,101.75,Botkyrka,127,2.4,0,0,3.436,42.02197697,20.60870092,Fhg1,0.14682000000000001,0
1967,70,,1,1,1,disapp,,G108-14,M,S,Sjunda 1,Sjunda_1516,6553012,1592396,2015,2016,G108-14,3.8404,0.49,1.59,52.62258065,103.14,Botkyrka,127,2.163,0,0,3.436,42.02197697,20.60870092,Snd3,0.21491199999999999,0
1968,70,,,,,other,legal,G1-14,F,S,Sjunda 1,Sjunda_1516,6553012,1592396,2015,2016,G1-14,3.8404,0.49,1.59,52.62258065,103.14,Botkyrka,127,2.163,0,0,3.436,42.02197697,20.60870092,Fhg1,0.14682000000000001,0
1969,72,,,,0,alive,,G253-17,F,S,Sjunda 2,Sjunda_1718,6556381,1587436,2017,2018,G253-17,3.9063,0.45,1.55,71.09906575,89.33,Nykvarn,140,1.8563,0,0,2.6259,45.48121347,20.03245491,Sju2,0.39373599999999997,1
1970,72,,,,,other,natural,G26-16,M,S,Sjunda 2,Sjunda_1718,6556381,1587436,2017,2018,G26-16,3.9063,0.45,1.55,71.09906575,89.33,Nykvarn,140,1.8563,0,0,2.6259,45.48121347,20.03245491,Sju1,0.19703899999999999,1
1971,68,,,0,0,alive,,G11-17,M,S,Sjunda 4,Sjunda_1819,6558708,1582942,2018,2019,G11-17,3.8554,0.44,1.43,57.43103448,70.93,Nykvarn,140,1.554,0,0,1.9862,46.00504889,21.10446733,Vis2,0.18371199999999999,1
1972,68,,,,0,alive,,G253-17,F,S,Sjunda 4,Sjunda_1819,6558708,1582942,2018,2019,G253-17,3.8554,0.44,1.43,57.43103448,70.93,Nykvarn,140,1.554,0,0,1.9862,46.00504889,21.10446733,Sju2,0.39373599999999997,1
1973,71,,,0,0,alive,,G11-17,M,S,Sjunda 4,Sjunda_1920,6556646,1586250,2019,2020,G11-17,3.9119,0.44,1.53,43.3968254,86.82,Nykvarn,140,1.5425,0,0,2.4371,45.90657953,20.09716293,Vis2,0.18371199999999999,1
1974,71,,,,0,alive,,G253-17,F,S,Sjunda 4,Sjunda_1920,6556646,1586250,2019,2020,G253-17,3.9119,0.44,1.53,43.3968254,86.82,Nykvarn,140,1.5425,0,0,2.4371,45.90657953,20.09716293,Sju2,0.39373599999999997,1
1975,75,,,0,0,alive,,G11-17,M,S,Sjunda 4,Sjunda_2021,6558582,1584411,2020,2021,,3.8542,0.44,1.48,54.1199216,80.15,Nykvarn,140,1.7302,0,0,2.1732,45.85356212,20.94264068,Vis2,0.18371199999999999,1
1976,75,,,,0,alive,,G253-17,F,S,Sjunda 4,Sjunda_2021,6558582,1584411,2020,2021,,3.8542,0.44,1.48,54.1199216,80.15,Nykvarn,140,1.7302,0,0,2.1732,45.85356212,20.94264068,Sju2,0.39373599999999997,1
1977,83,,,0,0,alive,,G11-17,M,S,Sjunda 4,Sjunda_2122,6556260.79,1590186.914,2021,2022,,3.9222,0.47,1.59,52.66397849,102.89,Botkyrka,127,1.5824,0,0,3.0804,43.57925011,20.88902892,Vis2,0.18371199999999999,1
1978,83,,,,0,alive,,G253-17,F,S,Sjunda 4,Sjunda_2122,6556260.79,1590186.914,2021,2022,,3.9222,0.47,1.59,52.66397849,102.89,Botkyrka,127,1.5824,0,0,3.0804,43.57925011,20.88902892,Sju2,0.39373599999999997,1
1979,85,,,1,1,disapp,,G11-17,M,S,Sjunda 4,Sjunda_2223,6559714,1588034,2022,2023,,3.8831,0.47,1.58,65.57333333,100.92,Nykvarn,140,1.4248,0,0,2.7777,43.80733289,21.54495494,Vis2,0.18371199999999999,4
1980,85,,,,2,censored,,G253-17,F,S,Sjunda 4,Sjunda_2223,6559714,1588034,2022,2023,,3.8831,0.47,1.58,65.57333333,100.92,Nykvarn,140,1.4248,0,0,2.7777,43.80733289,21.54495494,Sju2,0.39373599999999997,4
1981,75,,,,0,other,legal,G52-20,M,S,Skacksjö 1,Skacksjö_2021,6623771,1361091,2020,2021,,5.5899,0.4,1.11,65.98177083,25.12,Kil,1715,2.9,0,0.0034,0.9912,139.9792414,63.96742028,Aur5,0.29948799999999998,2
1982,75,,,0,0,alive,,G26-20,F,S,Skacksjö 1,Skacksjö_2021,6623771,1361091,2020,2021,,5.5899,0.4,1.11,65.98177083,25.12,Kil,1715,2.9,0,0.0034,0.9912,139.9792414,63.96742028,Nsj1,0.243233,2
1983,83,,,,0,alive,,G78-20,M,S,Skacksjö 2,Skacksjö_2122,6638800.516,1362129.85,2021,2022,,5.743,0.37,1.21,65.12760417,14.69,Munkfors,1762,2.7,0,0.0076,0.9559,170.3602514,75.38992217,Tans4,0.21252499999999999,3
1984,83,,,0,0,alive,,G26-20,F,S,Skacksjö 2,Skacksjö_2122,6638800.516,1362129.85,2021,2022,,5.743,0.37,1.21,65.12760417,14.69,Munkfors,1762,2.7,0,0.0076,0.9559,170.3602514,75.38992217,Nsj1,0.243233,3
1985,85,1,,,1,disapp,,G78-20,M,S,Skacksjö 2,Skacksjö_2223,6640267,1360790,2022,2023,,5.8052,0.37,1.22,75.96875,13.91,Munkfors,1762,2.4,0,0.004,1.0177,170.6380033,73.85050325,Tans4,0.21252499999999999,4
1986,85,1,1,1,1,disapp,,G26-20,F,S,Skacksjö 2,Skacksjö_2223,6640267,1360790,2022,2023,,5.8052,0.37,1.22,75.96875,13.91,Munkfors,1762,2.4,0,0.004,1.0177,170.6380033,73.85050325,Nsj1,0.243233,4
1987,85,,,,2,censored,,G92-20,M,S,Skarpen,Skarpen_2223,6609956,1423637,2022,2023,,4.3453,0.36,1.07,75.57460317,13.98,Storfors,1760,2.0227,0,0.0069,0.8417,205.1521029,45.98909067,Gry1,0.22769700000000001,6
1988,85,,,2,2,censored,,G228-22,F,S,Skarpen,Skarpen_2223,6609956,1423637,2022,2023,,4.3453,0.36,1.07,75.57460317,13.98,Storfors,1760,2.0227,0,0.0069,0.8417,205.1521029,45.98909067,Rom5,0.32793,6
1989,75,,,0,0,alive,,G40-20,F,,Skärsjön,Skärsjön_2021,6745667.789,1338645.655,2020,2021,,5.5107,0.24,0.76,85.21641791,2.76,Torsby,1737,2.8499,0.0008,0.2996,0.4493,439.4435,98.8716,Kyn4,0.30543500000000001,1
1990,75,,,,0,alive,,G241-19,M,,Skärsjön,Skärsjön_2021,6745667.789,1338645.655,2020,2021,,5.5107,0.24,0.76,85.21641791,2.76,Torsby,1737,2.8499,0.0008,0.2996,0.4493,439.4435,98.8716,Tiv2,0,1
1991,83,1,1,1,1,disapp,,G40-20,F,,Skärsjön,Skärsjön_2122,6747544.376,1342031.837,2021,2022,,5.5432,0.21,0.71,85.41538462,2.72,Torsby,1737,2.6133,0.0007,0.2648,0.4536,451.2622,101.3017,Kyn4,0.30543500000000001,2
1992,83,1,,,1,disapp,,G241-19,M,,Skärsjön,Skärsjön_2122,6747544.376,1342031.837,2021,2022,,5.5432,0.21,0.71,85.41538462,2.72,Torsby,1737,2.6133,0.0007,0.2648,0.4536,451.2622,101.3017,Tiv2,0,2
1993,68,,1,1,1,disapp,,G154-14,M,S,Skillingmark 1,Skillingmark_1415,6633076,1283468,2014,2015,G154-14,5.3718,0.35,1.34,77.58602151,9.7,Eda,1730,2.6182,0,0.0001,0.3372,221.5128871,56.28017208,När1,0.29327399999999998,1
1994,68,,,,0,alive,,G69-14,F,S,Skillingmark 1,Skillingmark_1415,6633076,1283468,2014,2015,G69-14,5.3718,0.35,1.34,77.58602151,9.7,Eda,1730,2.6182,0,0.0001,0.3372,221.5128871,56.28017208,Dju3,0.13900799999999999,1
1995,70,,,,0,alive,,G2-16,M,S,Skillingmark 2,Skillingmark_1516,6635804,1281034,2015,2016,G2-16,5.3129,0.39,1.44,75.096875,10.43,Eda,1730,2.1887,0,0.0083,0.2552,225.7136357,55.95671474,Dju3,0.13900799999999999,2
1996,70,,,0,0,alive,,G69-14,F,S,Skillingmark 2,Skillingmark_1516,6635804,1281034,2015,2016,G69-14,5.3129,0.39,1.44,75.096875,10.43,Eda,1730,2.1887,0,0.0083,0.2552,225.7136357,55.95671474,Dju3,0.13900799999999999,2
1997,74,1,,,1,disapp,,G2-16,M,S,Skillingmark 2,Skillingmark_1617,6644087,1278241,2016,2017,G2-16,5.5242,0.46,1.62,74.43915344,12.05,Eda,1730,2.0166,0,0.0029,0.3607,239.9915699,53.69249701,Dju3,0.13900799999999999,4
1998,74,1,1,1,1,disapp,,G69-14,F,S,Skillingmark 2,Skillingmark_1617,6644087,1278241,2016,2017,G69-14,5.5242,0.46,1.62,74.43915344,12.05,Eda,1730,2.0166,0,0.0029,0.3607,239.9915699,53.69249701,Dju3,0.13900799999999999,4
1999,71,,,,2,censored,,G31-19,F,S,Skillingmark 3,Skillingmark_1920,6630471,1281834,2019,2020,G31-19,5.415,0.34,1.29,55.57692308,9.75,Eda,1730,2.3492,0,0.0068,0.2414,223.648637,55.66637685,Mgr1,0.20694899999999999,5
2000,71,,1,1,1,disapp,,G58-17,M,S,Skillingmark 3,Skillingmark_1920,6630471,1281834,2019,2020,G58-17,5.415,0.34,1.29,55.57692308,9.75,Eda,1730,2.3492,0,0.0068,0.2414,223.648637,55.66637685,Mgr1,0.20694899999999999,5
2001,31,,,0,0,alive,,G10-07,F,S,Skrälldalen,Skrälldalen_0607,6853633,1480732,2006,2007,G10-07,3.5943,0.27,1.06,89.56280193,3.6,Ljusdal,2161,2.6,0.0016,0.5915,0.0678,345.1825801,87.34214278,Vox,0.29296899999999998,2
2002,31,,,,0,alive,,G31-08,M,S,Skrälldalen,Skrälldalen_0607,6853633,1480732,2006,2007,G31-08,3.5943,0.27,1.06,89.56280193,3.6,Ljusdal,2161,2.6,0.0016,0.5915,0.0678,345.1825801,87.34214278,Vox,0.29296899999999998,2
2003,37,,,0,0,alive,,G10-07,F,S,Skrälldalen,Skrälldalen_0708,6845084,1479285,2007,2008,G10-07,3.6776,0.2,1.04,83.5399061,3.81,Ovanåker,2121,2.4,0.0021,0.7725,0.0591,352.4975205,70.34662992,Vox,0.29296899999999998,2
2004,37,,,,0,alive,,G31-08,M,S,Skrälldalen,Skrälldalen_0708,6845084,1479285,2007,2008,G31-08,3.6776,0.2,1.04,83.5399061,3.81,Ovanåker,2121,2.4,0.0021,0.7725,0.0591,352.4975205,70.34662992,Vox,0.29296899999999998,2
2005,39,,,0,0,alive,,G10-07,F,S,Skrälldalen,Skrälldalen_0809,6857769,1484896,2008,2009,G10-07,3.5201,0.29,1.09,85.4047619,3.6,Ljusdal,2161,2.5,0.0018,0.6654,0.1618,318.6815927,93.86669087,Vox,0.29296899999999998,1
2006,39,,,,0,alive,,G31-08,M,S,Skrälldalen,Skrälldalen_0809,6857769,1484896,2008,2009,G31-08,3.5201,0.29,1.09,85.4047619,3.6,Ljusdal,2161,2.5,0.0018,0.6654,0.1618,318.6815927,93.86669087,Vox,0.29296899999999998,1
2007,49,,,0,0,alive,,G10-07,F,S,Skrälldalen,Skrälldalen_0910,6874648,1483092,2009,2010,G10-07,4.269,0.24,1.13,87.75238095,3.49,Ljusdal,2161,2.6866,0.0026,0.9275,0.053,331.9400033,79.56425694,Vox,0.29296899999999998,1
2008,49,,,,0,alive,,G31-08,M,S,Skrälldalen,Skrälldalen_0910,6874648,1483092,2009,2010,G31-08,4.269,0.24,1.13,87.75238095,3.49,Ljusdal,2161,2.6866,0.0026,0.9275,0.053,331.9400033,79.56425694,Vox,0.29296899999999998,1
2009,58,1,1,1,1,disapp,,G10-07,F,S,Skrälldalen,Skrälldalen_1011,6876705,1484426,2010,2011,G10-07,4.306,0.26,1.13,91.85507246,3.47,Ljusdal,2161,2.9692,0.0032,1.1571,0.0626,324.7675382,79.59745881,Vox,0.29296899999999998,1
2010,58,1,,,1,disapp,,G31-08,M,S,Skrälldalen,Skrälldalen_1011,6876705,1484426,2010,2011,G31-08,4.306,0.26,1.13,91.85507246,3.47,Ljusdal,2161,2.9692,0.0032,1.1571,0.0626,324.7675382,79.59745881,Vox,0.29296899999999998,1
2011,68,,,,,alive,,G14-19,F,S,Skrottmyran,Skrottmyran_1819,6871680,1495715,2018,2019,G14-19,3.8947,0.27,1.16,84.30050505,3.6,Ljusdal,2161,2.9995,0.0027,0.9668,0.2453,272.6970646,81.75847592,Prä4,0.169262,3
2012,68,,,,0,alive,,G23-16,M,S,Skrottmyran,Skrottmyran_1819,6871680,1495715,2018,2019,G23-16,3.8947,0.27,1.16,84.30050505,3.6,Ljusdal,2161,2.9995,0.0027,0.9668,0.2453,272.6970646,81.75847592,Amä4,0.24685099999999999,3
2013,71,,,,,alive,,G14-19,F,S,Skrottmyran,Skrottmyran_1920,6872758,1494791,2019,2020,G14-19,3.8957,0.26,1.15,83.31455399,3.6,Ljusdal,2161,2.5998,0.0029,1.0597,0.1598,278.2887785,82.65163485,Prä4,0.169262,2
2014,71,,,,0,alive,,G23-16,M,S,Skrottmyran,Skrottmyran_1920,6872758,1494791,2019,2020,G23-16,3.8957,0.26,1.15,83.31455399,3.6,Ljusdal,2161,2.5998,0.0029,1.0597,0.1598,278.2887785,82.65163485,Amä4,0.24685099999999999,2
2015,75,,,,,alive,,G14-19,F,S,Skrottmyran,Skrottmyran_2021,6872752,1495538,2020,2021,,3.8959,0.26,1.15,85.95774648,3.6,Ljusdal,2161,2.4002,0.0031,1.106,0.1848,276.2443969,82.14610178,Prä4,0.169262,2
2016,75,,,,0,alive,,G23-16,M,S,Skrottmyran,Skrottmyran_2021,6872752,1495538,2020,2021,,3.8959,0.26,1.15,85.95774648,3.6,Ljusdal,2161,2.4002,0.0031,1.106,0.1848,276.2443969,82.14610178,Amä4,0.24685099999999999,2
2017,83,,,,,other,legal,G14-19,F,S,Skrottmyran,Skrottmyran_2122,6873548.005,1495958.009,2021,2022,,3.928,0.26,1.16,85.20422535,3.6,Ljusdal,2161,2.1002,0.0048,1.7528,0.1544,277.3012576,82.09149662,Prä4,0.169262,3
2018,83,,,,2,censored,,G23-16,M,S,Skrottmyran,Skrottmyran_2122,6873548.005,1495958.009,2021,2022,,3.928,0.26,1.16,85.20422535,3.6,Ljusdal,2161,2.1002,0.0048,1.7528,0.1544,277.3012576,82.09149662,Amä4,0.24685099999999999,3
2019,49,,,,,alive,,G18-10,F,S,Skugghöjden,Skugghöjden_0910,6650928,1329076,2009,2010,G18-10,6.2677,0.3,1.14,85.90625,12.49,Eda,1730,3.6,0,0.0136,0.1476,249.1817689,66.1172806,Löv2,0.27612300000000001,1
2020,49,,,,,alive,,G47-10,M,S,Skugghöjden,Skugghöjden_0910,6650928,1329076,2009,2010,G47-10,6.2677,0.3,1.14,85.90625,12.49,Eda,1730,3.6,0,0.0136,0.1476,249.1817689,66.1172806,Kyn2,0,1
2021,58,,,,,alive,,G18-10,F,S,Skugghöjden,Skugghöjden_1011,6662808,1336300,2010,2011,G18-10,6.2564,0.35,1.24,84.57291667,8.08,Torsby,1737,3.9,0.0001,0.0249,0.5637,239.25707,89.67964091,Löv2,0.27612300000000001,3
2022,58,,,,,alive,,G47-10,M,S,Skugghöjden,Skugghöjden_1011,6662808,1336300,2010,2011,G47-10,6.2564,0.35,1.24,84.57291667,8.08,Torsby,1737,3.9,0.0001,0.0249,0.5637,239.25707,89.67964091,Kyn2,0,3
2023,60,,,,,alive,,G18-10,F,S,Skugghöjden,Skugghöjden_1112,6659875,1325872,2011,2012,G18-10,6.1148,0.3,1.27,79.15441176,11.1,Eda,1730,3.7247,0.0001,0.0201,0.0875,269.6001501,70.535271,Löv2,0.27612300000000001,2
2024,60,,,,,alive,,G47-10,M,S,Skugghöjden,Skugghöjden_1112,6659875,1325872,2011,2012,G47-10,6.1148,0.3,1.27,79.15441176,11.1,Eda,1730,3.7247,0.0001,0.0201,0.0875,269.6001501,70.535271,Kyn2,0,2
2025,64,,,,,alive,,G18-10,F,S,Skugghöjden,Skugghöjden_1213,6660235,1324904,2012,2013,G18-10,6.0884,0.31,1.3,85.89552239,11.18,Eda,1730,3.8662,0,0.0009,0.0352,269.2770311,71.18482294,Löv2,0.27612300000000001,3
2027,64,,,,,alive,,G47-10,M,S,Skugghöjden,Skugghöjden_1213,6660235,1324904,2012,2013,G47-10,6.0884,0.31,1.3,85.89552239,11.18,Eda,1730,3.8662,0,0.0009,0.0352,269.2770311,71.18482294,Kyn2,0,3
2028,66,,,,,alive,,G18-10,F,S,Skugghöjden,Skugghöjden_1314,6667206,1322840,2013,2014,G18-10,6.1697,0.32,1.38,72.9040404,10.69,Eda,1730,3.2075,0,0.0093,0.0176,283.6059065,72.09485072,Löv2,0.27612300000000001,5
2029,66,,,,,alive,,G47-10,M,S,Skugghöjden,Skugghöjden_1314,6667206,1322840,2013,2014,G47-10,6.1697,0.32,1.38,72.9040404,10.69,Eda,1730,3.2075,0,0.0093,0.0176,283.6059065,72.09485072,Kyn2,0,5
2030,68,,,,,alive,,G18-10,F,S,Skugghöjden,Skugghöjden_1415,6672617,1324843,2014,2015,G18-10,6.1866,0.28,1.39,87.75384615,9.01,Eda,1730,2.5261,0.0001,0.0281,0.0845,284.2655795,83.47528836,Löv2,0.27612300000000001,5
2031,68,,,,,alive,,G47-10,M,S,Skugghöjden,Skugghöjden_1415,6672617,1324843,2014,2015,G47-10,6.1866,0.28,1.39,87.75384615,9.01,Eda,1730,2.5261,0.0001,0.0281,0.0845,284.2655795,83.47528836,Kyn2,0,5
2032,70,,,,,alive,,G18-10,F,S,Skugghöjden,Skugghöjden_1516,6660853,1329819,2015,2016,G18-10,6.3094,0.3,1.22,76.61818182,10.01,Eda,1730,1.9015,0.0001,0.023,0.355,268.7499141,73.35107766,Löv2,0.27612300000000001,3
2033,70,,,,,alive,,G47-10,M,S,Skugghöjden,Skugghöjden_1516,6660853,1329819,2015,2016,G47-10,6.3094,0.3,1.22,76.61818182,10.01,Eda,1730,1.9015,0.0001,0.023,0.355,268.7499141,73.35107766,Kyn2,0,3
2034,74,,,,,alive,,G18-10,F,S,Skugghöjden,Skugghöjden_1617,6664138,1328347,2016,2017,G18-10,6.2416,0.29,1.27,78.265625,9.67,Eda,1730,1.8029,0,0.0114,0.2953,275.4835855,77.08657718,Löv2,0.27612300000000001,5
2035,74,,,,,alive,,G47-10,M,S,Skugghöjden,Skugghöjden_1617,6664138,1328347,2016,2017,G47-10,6.2416,0.29,1.27,78.265625,9.67,Eda,1730,1.8029,0,0.0114,0.2953,275.4835855,77.08657718,Kyn2,0,5
2036,72,,,,,alive,,G18-10,F,S,Skugghöjden,Skugghöjden_1718,6666426,1326926,2017,2018,G18-10,6.1772,0.28,1.31,84.75621891,9.57,Eda,1730,1.9752,0.0001,0.0292,0.1901,279.0235702,77.75864822,Löv2,0.27612300000000001,3
2037,72,,,,,alive,,G47-10,M,S,Skugghöjden,Skugghöjden_1718,6666426,1326926,2017,2018,G47-10,6.1772,0.28,1.31,84.75621891,9.57,Eda,1730,1.9752,0.0001,0.0292,0.1901,279.0235702,77.75864822,Kyn2,0,3
2038,68,,,,,alive,,G18-10,F,S,Skugghöjden,Skugghöjden_1819,6665931,1326578,2018,2019,G18-10,6.1778,0.29,1.31,84.94776119,9.76,Eda,1730,2.2444,0.0001,0.0242,0.1712,279.4939883,76.32476054,Löv2,0.27612300000000001,2
2039,68,,,,,alive,,G47-10,M,S,Skugghöjden,Skugghöjden_1819,6665931,1326578,2018,2019,G47-10,6.1778,0.29,1.31,84.94776119,9.76,Eda,1730,2.2444,0.0001,0.0242,0.1712,279.4939883,76.32476054,Kyn2,0,2
2040,71,,,,,alive,,G18-10,F,S,Skugghöjden,Skugghöjden_1920,6666940,1329996,2019,2020,G18-10,6.1981,0.29,1.28,60.32552083,8.49,Eda,1730,2.5552,0.0001,0.0294,0.4333,269.6175846,87.24263039,Löv2,0.27612300000000001,3
2041,71,,,,,alive,,G47-10,M,S,Skugghöjden,Skugghöjden_1920,6666940,1329996,2019,2020,G47-10,6.1981,0.29,1.28,60.32552083,8.49,Eda,1730,2.5552,0.0001,0.0294,0.4333,269.6175846,87.24263039,Kyn2,0,3
2042,75,,,,,other,natural,G18-10,F,S,Skugghöjden,Skugghöjden_2021,6661646,1334757,2020,2021,,6.249,0.34,1.23,76.01794872,8.7,Torsby,1737,2.9,0.0001,0.0239,0.5383,246.2890306,87.69466718,Löv2,0.27612300000000001,3
2043,75,,,,,other,natural,G47-10,M,S,Skugghöjden,Skugghöjden_2021,6661646,1334757,2020,2021,,6.249,0.34,1.23,76.01794872,8.7,Torsby,1737,2.9,0.0001,0.0239,0.5383,246.2890306,87.69466718,Kyn2,0,3
2044,58,,,0,0,alive,,G19-11,M,S,Skultuna,Skultuna_1011,6641423,1520938,2010,2011,G19-11,2.8454,0.33,1.16,78.6171875,31.4,Skinnskatteberg,1904,2.1,0,0.0116,0.9577,99.82793014,22.63614418,Osd2,0.28125,1
2045,58,,,,,alive,,G42-11,F,S,Skultuna,Skultuna_1011,6641423,1520938,2010,2011,G42-11,2.8454,0.33,1.16,78.6171875,31.4,Skinnskatteberg,1904,2.1,0,0.0116,0.9577,99.82793014,22.63614418,Sil1,0.227051,1
2046,60,,1,1,1,disapp,,G19-11,M,S,Skultuna,Skultuna_1112,6637827,1532535,2011,2012,G19-11,2.4229,0.47,1.27,59.85897436,49.48,Surahammar,1907,2.1,0,0.0058,2.2127,82.41361497,21.88106649,Osd2,0.28125,2
2047,60,,,,,other,legal,G42-11,F,S,Skultuna,Skultuna_1112,6637827,1532535,2011,2012,G42-11,2.4229,0.47,1.27,59.85897436,49.48,Surahammar,1907,2.1,0,0.0058,2.2127,82.41361497,21.88106649,Sil1,0.227051,2
2048,83,,,,,other,legal,G130-21,M,N,Slemdalen 1,Slemdalen_2122,6816778.158,1268936.313,2021,2022,,6.445,0.12,1.09,86.80597015,2.13,Åmot,3422,1.5478,0.0002,0.0714,0.0098,566.4601565,169.2532845,Gim5,0.15537100000000001,3
2049,83,,,,,other,legal,G127-21,F,N,Slemdalen 1,Slemdalen_2122,6816778.158,1268936.313,2021,2022,,6.445,0.12,1.09,86.80597015,2.13,Åmot,3422,1.5478,0.0002,0.0714,0.0098,566.4601565,169.2532845,Röm3,0.35064400000000001,3
2050,85,,,,,other,legal,G37-22,M,N,Slemdalen 2,Slemdalen_2223,6811039,1271892,2022,2023,,5.6745,0.17,1.21,94.86567164,2.57,Trysil,3421,1.4703,0.0003,0.122,0.1103,532.4388813,165.6974563,Kmm2,0.15883800000000001,1
2051,85,,1,1,1,disapp,,G104-22,F,N,Slemdalen 2,Slemdalen_2223,6811039,1271892,2022,2023,,5.6745,0.17,1.21,94.86567164,2.57,Trysil,3421,1.4703,0.0003,0.122,0.1103,532.4388813,165.6974563,Våa2,0.22309599999999999,1
2052,49,,,0,0,alive,,G73-10,M,N,Slettås 1,Slettås_0910,6810070,1291120,2009,2010,G73-10,5.0438,0.27,0.93,96.16931373,2.61,Åmot,429,2.9397,0.0004,0.1414,0.3679,604.3914737,119.0916779,Osd2,0.28125,1
2053,49,,,,,alive,,G70-10,F,N,Slettås 1,Slettås_0910,6810070,1291120,2009,2010,G70-10,5.0438,0.27,0.93,96.16931373,2.61,Åmot,429,2.9397,0.0004,0.1414,0.3679,604.3914737,119.0916779,Löv2,0.27612300000000001,1
2054,58,,,0,0,alive,,G73-10,M,N,Slettås 1,Slettås_1011,6806175,1295741,2010,2011,G73-10,5.3369,0.41,1.03,83.44444444,2.47,Åmot,429,2.928,0.0005,0.1865,0.9293,590.673466,117.3381016,Osd2,0.28125,2
2055,58,,,,,alive,,G70-10,F,N,Slettås 1,Slettås_1011,6806175,1295741,2010,2011,G70-10,5.3369,0.41,1.03,83.44444444,2.47,Åmot,429,2.928,0.0005,0.1865,0.9293,590.673466,117.3381016,Löv2,0.27612300000000001,2
2056,60,,,0,0,alive,,G73-10,M,N,Slettås 1,Slettås_1112,6799525,1297251,2011,2012,G73-10,5.0654,0.44,1.03,87.57070707,2.67,Åmot,429,2.782,0.0005,0.1779,1.0938,571.7676522,115.0382685,Osd2,0.28125,0
2057,60,,,,,alive,,G70-10,F,N,Slettås 1,Slettås_1112,6799525,1297251,2011,2012,G70-10,5.0654,0.44,1.03,87.57070707,2.67,Åmot,429,2.782,0.0005,0.1779,1.0938,571.7676522,115.0382685,Löv2,0.27612300000000001,0
2058,64,,1,1,1,disapp,,G73-10,M,N,Slettås 1,Slettås_1213,6798704,1292948,2012,2013,G73-10,4.6863,0.3,0.93,89.2622549,3.33,Åmot,429,2.6061,0.0005,0.1683,0.7356,579.9038571,110.0171633,Osd2,0.28125,2
2059,64,,,,,alive,,G70-10,F,N,Slettås 1,Slettås_1213,6798704,1292948,2012,2013,G70-10,4.6863,0.3,0.93,89.2622549,3.33,Åmot,429,2.6061,0.0005,0.1683,0.7356,579.9038571,110.0171633,Löv2,0.27612300000000001,2
2060,66,,,,,alive,,G141-13,M,N,Slettås 3,Slettås_1314,6798001,1296781,2013,2014,G141-13,5.0014,0.4,1.01,86.42424242,2.9,Åmot,429,2.5291,0.0004,0.1576,1.066,574.2173827,113.8793932,Dju3,0.13900799999999999,1
2061,66,,,,,alive,,G70-10,F,N,Slettås 3,Slettås_1314,6798001,1296781,2013,2014,G70-10,5.0014,0.4,1.01,86.42424242,2.9,Åmot,429,2.5291,0.0004,0.1576,1.066,574.2173827,113.8793932,Löv2,0.27612300000000001,1
2062,68,,,,,alive,,G141-13,M,N,Slettås 3,Slettås_1415,6797976,1299857,2014,2015,G141-13,5.1303,0.43,1.08,86.6004902,2.4,Åmot,429,2.2496,0.0004,0.1461,1.1422,568.8265356,116.2165372,Dju3,0.13900799999999999,1
2063,68,,,,,alive,,G70-10,F,N,Slettås 3,Slettås_1415,6797976,1299857,2014,2015,G70-10,5.1303,0.43,1.08,86.6004902,2.4,Åmot,429,2.2496,0.0004,0.1461,1.1422,568.8265356,116.2165372,Löv2,0.27612300000000001,1
2064,70,,,,,alive,,G141-13,M,N,Slettås 3,Slettås_1516,6799260,1297650,2015,2016,G141-13,5.0926,0.44,1.04,78.61818182,2.62,Åmot,429,1.9696,0.0004,0.1606,1.1001,571.2958785,115.2457455,Dju3,0.13900799999999999,3
2065,70,,,,,alive,,G70-10,F,N,Slettås 3,Slettås_1516,6799260,1297650,2015,2016,G70-10,5.0926,0.44,1.04,78.61818182,2.62,Åmot,429,1.9696,0.0004,0.1606,1.1001,571.2958785,115.2457455,Löv2,0.27612300000000001,3
2066,74,,,,,alive,,G141-13,M,N,Slettås 3,Slettås_1617,6794111,1297191,2016,2017,G141-13,4.8787,0.36,0.96,84.55050505,3.76,Åmot,429,1.8426,0.0003,0.1036,1.0256,574.9655272,112.7749486,Dju3,0.13900799999999999,2
2067,74,,,,,alive,,G70-10,F,N,Slettås 3,Slettås_1617,6794111,1297191,2016,2017,G70-10,4.8787,0.36,0.96,84.55050505,3.76,Åmot,429,1.8426,0.0003,0.1036,1.0256,574.9655272,112.7749486,Löv2,0.27612300000000001,2
2068,72,,,,,alive,,G141-13,M,N,Slettås 3,Slettås_1718,6801019,1296866,2017,2018,G141-13,5.0711,0.46,1.05,88.21666667,2.57,Åmot,429,1.7824,0.0003,0.1243,1.0868,573.5383294,115.2865742,Dju3,0.13900799999999999,4
2069,72,,,,,alive,,G70-10,F,N,Slettås 3,Slettås_1718,6801019,1296866,2017,2018,G70-10,5.0711,0.46,1.05,88.21666667,2.57,Åmot,429,1.7824,0.0003,0.1243,1.0868,573.5383294,115.2865742,Löv2,0.27612300000000001,4
2070,68,,,,,other,legal,G141-13,M,N,Slettås 3,Slettås_1819,6799910,1296120,2018,2019,G141-13,4.9708,0.43,1.02,86.61594203,2.78,Åmot,429,1.8284,0.0005,0.1823,1.0246,573.1354763,114.2834707,Dju3,0.13900799999999999,3
2071,68,,,,,other,legal,G70-10,F,N,Slettås 3,Slettås_1819,6799910,1296120,2018,2019,G70-10,4.9708,0.43,1.02,86.61594203,2.78,Åmot,429,1.8284,0.0005,0.1823,1.0246,573.1354763,114.2834707,Löv2,0.27612300000000001,3
2072,71,,,,,alive,,G136-19,F,N,Slettås 4,Slettås_1920,6808312,1291856,2019,2020,G136-19,5.1241,0.29,0.96,87.13011509,2.6,Åmot,429,1.7999,0.0007,0.2436,0.5157,599.3579362,118.2906425,Gård6,0.13404099999999999,2
2073,71,,,,,alive,,G60-19,M,N,Slettås 4,Slettås_1920,6808312,1291856,2019,2020,G60-19,5.1241,0.29,0.96,87.13011509,2.6,Åmot,429,1.7999,0.0007,0.2436,0.5157,599.3579362,118.2906425,Brn1,0.237542,2
2074,75,,,,,alive,,G136-19,F,N,Slettås 4,Slettås_2021,6802478,1297521,2020,2021,,5.176,0.46,1.06,85.12935323,2.41,Elverum,3420,1.6726,0.0007,0.261,1.0914,576.620466,115.8537322,Gård6,0.13404099999999999,1
2075,75,,,,,alive,,G60-19,M,N,Slettås 4,Slettås_2021,6802478,1297521,2020,2021,,5.176,0.46,1.06,85.12935323,2.41,Elverum,3420,1.6726,0.0007,0.261,1.0914,576.620466,115.8537322,Brn1,0.237542,1
2076,83,,,,,other,legal,G136-19,F,N,Slettås 4,Slettås_2122,6808427.723,1294485.761,2021,2022,,5.3839,0.36,1.01,85.44527363,2.48,Trysil,3421,1.5478,0.0005,0.1937,0.7623,599.6675875,120.4911445,Gård6,0.13404099999999999,1
2077,83,,,,,other,legal,G60-19,M,N,Slettås 4,Slettås_2122,6808427.723,1294485.761,2021,2022,,5.3839,0.36,1.01,85.44527363,2.48,Trysil,3421,1.5478,0.0005,0.1937,0.7623,599.6675875,120.4911445,Brn1,0.237542,1
2078,68,,1,1,1,disapp,,G5-17,M,S,Snösjön 1,Snösjön_1819,6646111,1471643,2018,2019,,4.491,0.28,1.33,82.42447917,11.79,Ljusnarsberg,1864,2.3372,0,0.0146,0.3766,250.9100308,55.28200907,Bil1,0.20644000000000001,4
2079,68,,,,,alive,,G9-18,F,S,Snösjön 1,Snösjön_1819,6646111,1471643,2018,2019,,4.491,0.28,1.33,82.42447917,11.79,Ljusnarsberg,1864,2.3372,0,0.0146,0.3766,250.9100308,55.28200907,Kes1,0.235539,4
2081,71,,,,,alive,,G9-18,F,S,Snösjön 3,Snösjön_1920,6653622,1475104,2019,2020,,4.5032,0.34,1.34,59.53030303,11.76,Ljusnarsberg,1864,2.4163,0.0001,0.0297,1.1341,236.6900818,66.18956336,Kes1,0.235539,3
2082,71,,1,1,1,disapp,,G281-17,M,S,Snösjön 3,Snösjön_1920,6653622,1475104,2019,2020,,4.5032,0.34,1.34,59.53030303,11.76,Ljusnarsberg,1864,2.4163,0.0001,0.0297,1.1341,236.6900818,66.18956336,Bil1,0.20644000000000001,3
2084,75,,,,,alive,,G175-19,M,S,Snösjön 4,Snösjön_2021,6653834,1476071,2020,2021,,4.5227,0.34,1.35,73.44340278,11.68,Ljusnarsberg,1864,2.478,0.0001,0.0225,1.0891,231.9060819,66.83191284,Gård6,0.13404099999999999,2
2085,75,,,,,alive,,G9-18,F,S,Snösjön 4,Snösjön_2021,6653834,1476071,2020,2021,,4.5227,0.34,1.35,73.44340278,11.68,Ljusnarsberg,1864,2.478,0.0001,0.0225,1.0891,231.9060819,66.83191284,Kes1,0.235539,2
2086,83,,,,,other,legal,G175-19,M,S,Snösjön 4,Snösjön_2122,6655549.428,1470822.253,2021,2022,,4.4661,0.37,1.41,78.81094527,12.11,Ljusnarsberg,1864,2.2805,0.0001,0.0216,1.5875,244.7240146,63.87356321,Gård6,0.13404099999999999,4
2087,83,,,,,other,legal,G9-18,F,S,Snösjön 4,Snösjön_2122,6655549.428,1470822.253,2021,2022,,4.4661,0.37,1.41,78.81094527,12.11,Ljusnarsberg,1864,2.2805,0.0001,0.0216,1.5875,244.7240146,63.87356321,Kes1,0.235539,4
2088,85,,,,2,censored,,G160-21,M,S,Snösjön 5,Snösjön_2223,6657527,1470383,2022,2023,,4.4707,0.4,1.44,84.98769231,12.23,Ljusnarsberg,1864,1.9256,0.0002,0.0595,1.7615,240.8866998,65.38924487,Hsj1,0.23424400000000001,4
2089,85,,,2,2,censored,,G173-21,F,S,Snösjön 5,Snösjön_2223,6657527,1470383,2022,2023,,4.4707,0.4,1.44,84.98769231,12.23,Ljusnarsberg,1864,1.9256,0.0002,0.0595,1.7615,240.8866998,65.38924487,Snö4,0.22936000000000001,4
2090,85,,,,2,censored,,G146-21,M,S,Söderåsen,Söderåsen_2223,6217856,1331638,2022,2023,,2.2058,0.8,1.86,28.66896552,112.18,Svalöv,1214,0.7,0,0,3.4405,70.10091077,39.6958691,Sju4,0.185781,1
2091,85,,,2,2,censored,,G114-20,F,S,Söderåsen,Söderåsen_2223,6217856,1331638,2022,2023,,2.2058,0.8,1.86,28.66896552,112.18,Svalöv,1214,0.7,0,0,3.4405,70.10091077,39.6958691,Låb1,0.22414300000000001,1
2092,66,,,,,other,legal,G134-12,F,N,Sölen,Sølen_1314,6859552,1279722,2013,2014,G134-12,6.1136,0.11,0.33,85.49483521,0.61,Trysil,428,2.5291,0.0004,0.1542,0.003,785.4868064,146.27588,Julu9,0.157578,0
2093,66,,,,,other,legal,G33-14,M,N,Sölen,Sølen_1314,6859552,1279722,2013,2014,G33-14,6.1136,0.11,0.33,85.49483521,0.61,Trysil,428,2.5291,0.0004,0.1542,0.003,785.4868064,146.27588,Tans2,0.14679700000000001,0
2094,68,,1,1,1,disapp,,G175-17,F,N,Sotsjöen 1,Sotsjøen_1819,6642147,1276414,2018,2019,G175-17,5.5064,0.44,1.58,83.94615385,12.36,Eda,1730,2.065,0,0.0005,0.3448,237.6788173,53.27266607,Mang4,0.218197,5
2095,68,,,,0,alive,,G58-17,M,N,Sotsjöen 1,Sotsjøen_1819,6642147,1276414,2018,2019,G58-17,5.5064,0.44,1.58,83.94615385,12.36,Eda,1730,2.065,0,0.0005,0.3448,237.6788173,53.27266607,Mgr1,0.20694899999999999,5
2096,75,,,,2,censored,,G15-19,M,N,Sotsjöen 3,Sotsjøen_2021,6655886,1272366,2020,2021,,5.3223,0.44,1.55,77.12239583,17.75,Eda,1730,1.66,0,0.0002,0.5596,260.5200357,61.89815562,Sbö1,0.218197,6
2097,75,,1,1,1,disapp,,G80-19,F,N,Sotsjöen 3,Sotsjøen_2021,6655886,1272366,2020,2021,,5.3223,0.44,1.55,77.12239583,17.75,Eda,1730,1.66,0,0.0002,0.5596,260.5200357,61.89815562,Sot1,0.25901299999999999,6
2098,74,,,,,other,legal,G71-16,F,N,Spekedalen 1,Spekedalen_1617,6712587.571,1330180.857,2016,2017,G71-16,5.313,0.26,1.24,83.51010101,3.69,Torsby,1737,1.8104,0.0002,0.0762,0.0961,390.0480262,83.0939198,Juv4,0.317108,6
2099,74,,,,,other,legal,G74-16,M,N,Spekedalen 1,Spekedalen_1617,6712587.571,1330180.857,2016,2017,G74-16,5.313,0.26,1.24,83.51010101,3.69,Torsby,1737,1.8104,0.0002,0.0762,0.0961,390.0480262,83.0939198,Sle3,0.29814099999999999,6
2100,71,,,,,other,legal,G38-19,F,N,Spekedalen 2,Spekedalen_1920,6888090,1263192,2019,2020,G38-19,6.5057,0.04,0.29,98.02112676,0.63,Tolga,436,1.7999,0.0003,0.0912,0.0285,862.487324,182.3369653,Des1,0.23594200000000001,0
2101,71,,,,,other,legal,G91-18,M,N,Spekedalen 2,Spekedalen_1920,6888090,1263192,2019,2020,G91-18,6.5057,0.04,0.29,98.02112676,0.63,Tolga,436,1.7999,0.0003,0.0912,0.0285,862.487324,182.3369653,Kyn4,0.30543500000000001,0
2102,17,,,0,0,alive,,M-02-07,F,S,Stadra,Stadra_0203,6616904,1438086,2002,2003,M-02-07,4.4329,0.33,1.24,75.09343434,11.14,Storfors,1760,4.428,0,0,0.3569,213.5072092,44.46156206,Ny5,0.26953100000000002,1
2103,17,,,,0,alive,,M-03-04,M,S,Stadra,Stadra_0203,6616904,1438086,2002,2003,M-03-04,4.4329,0.33,1.24,75.09343434,11.14,Storfors,1760,4.428,0,0,0.3569,213.5072092,44.46156206,Mos,0.359375,1
2104,22,,1,1,1,disapp,confirmed_illegal,M-02-07,F,S,Stadra,Stadra_0304,6604978,1428623,2003,2004,M-02-07,4.309,0.35,1.13,80.01269841,21.22,Storfors,1760,4.495,0,0,0.315,205.3345309,43.16824676,Ny5,0.26953100000000002,1
2105,22,,,,2,censored,,M-03-04,M,S,Stadra,Stadra_0304,6604978,1428623,2003,2004,M-03-04,4.309,0.35,1.13,80.01269841,21.22,Storfors,1760,4.495,0,0,0.315,205.3345309,43.16824676,Mos,0.359375,1
2106,71,,,,0,alive,,G68-17,M,S,Stagelåsen 1,Stagelåsen_1920,6890167.081,1506626.425,2019,2020,G68-17,3.9638,0.18,1.04,86.63194444,5.1,Nordanstig,2132,2.623,0.0023,0.8269,0.0187,325.041567,72.79193799,Kors5,0.13467399999999999,2
2107,71,,,0,0,alive,,G96-19,F,S,Stagelåsen 1,Stagelåsen_1920,6890167.081,1506626.425,2019,2020,G96-19,3.9638,0.18,1.04,86.63194444,5.1,Nordanstig,2132,2.623,0.0023,0.8269,0.0187,325.041567,72.79193799,Kvt1,0.206153,2
2108,75,,,,0,alive,,G68-17,M,S,Stagelåsen 1,Stagelåsen_2021,6890868.048,1507378.484,2020,2021,G68-17,3.9691,0.17,1.03,89.94977169,5.27,Nordanstig,2132,2.4456,0.0026,0.9314,0.0186,327.5367613,72.31251254,Kors5,0.13467399999999999,2
2109,75,,,0,0,alive,,G96-19,F,S,Stagelåsen 1,Stagelåsen_2021,6890868.048,1507378.484,2020,2021,G96-19,3.9691,0.17,1.03,89.94977169,5.27,Nordanstig,2132,2.4456,0.0026,0.9314,0.0186,327.5367613,72.31251254,Kvt1,0.206153,2
2110,83,,,,0,alive,,G68-17,M,S,Stagelåsen 1,Stagelåsen_2122,6900271.768,1505092.429,2021,2022,G68-17,3.6193,0.17,1,86.48809524,4.35,Nordanstig,2132,2.3988,0.0042,1.5286,0.0157,360.9249998,65.8185137,Kors5,0.13467399999999999,2
2111,83,,,0,0,alive,,G96-19,F,S,Stagelåsen 1,Stagelåsen_2122,6900271.768,1505092.429,2021,2022,G96-19,3.6193,0.17,1,86.48809524,4.35,Nordanstig,2132,2.3988,0.0042,1.5286,0.0157,360.9249998,65.8185137,Kvt1,0.206153,2
2112,85,,,,2,censored,,G68-17,M,S,Stagelåsen 1,Stagelåsen_2223,6897828.01,1506349.592,2022,2023,G68-17,3.7387,0.17,1,96.16176471,4.69,Nordanstig,2132,1.8483,0.0065,2.3449,0.0246,352.9804314,67.76550689,Kors5,0.13467399999999999,2
2113,85,,,2,2,censored,,G96-19,F,S,Stagelåsen 1,Stagelåsen_2223,6897828.01,1506349.592,2022,2023,G96-19,3.7387,0.17,1,96.16176471,4.69,Nordanstig,2132,1.8483,0.0065,2.3449,0.0246,352.9804314,67.76550689,Kvt1,0.206153,2
2114,85,,,,,other,legal,G44-22,M,S,Stålbo,Stålbo_2223,6693475,1546483,2022,2023,,2.4495,0.25,1.33,79.66769231,35.25,Heby,331,1.6964,0.0008,0.2978,0.7618,103.9953759,35.43363679,Ulv1,0.21288799999999999,2
2115,85,,,,,other,legal,G1-21,F,S,Stålbo,Stålbo_2223,6693475,1546483,2022,2023,,2.4495,0.25,1.33,79.66769231,35.25,Heby,331,1.6964,0.0008,0.2978,0.7618,103.9953759,35.43363679,Igl1,0.40564600000000001,2
2116,83,,1,1,1,disapp,,G149-21,M,S,Stavsätra,Stavsätra_2122,6840304.739,1498850.127,2021,2022,,4.0645,0.27,1.16,84.44600939,4.12,Ovanåker,2121,2.1,0.0048,1.7204,0.6154,297.9991193,81.56600926,Räk1,0.25441900000000001,2
2117,83,,,,2,censored,,G229-19,F,S,Stavsätra,Stavsätra_2122,6840304.739,1498850.127,2021,2022,,4.0645,0.27,1.16,84.44600939,4.12,Ovanåker,2121,2.1,0.0048,1.7204,0.6154,297.9991193,81.56600926,Tön1,0.118835,2
2118,72,,,,0,alive,,G272-17,F,S,Stora Bör 1,Stora Bör_1718,6584536,1306237,2017,2018,G272-17,5.3701,0.25,1.12,84.92372881,9.96,Bengtsfors,1460,2.0315,0,0,0.0916,180.5091631,51.358727,Gla3,0.31059999999999999,4
2119,72,,,0,0,alive,,G90-17,M,S,Stora Bör 1,Stora Bör_1718,6584536,1306237,2017,2018,G90-17,5.3701,0.25,1.12,84.92372881,9.96,Bengtsfors,1460,2.0315,0,0,0.0916,180.5091631,51.358727,Smk2,0.35401899999999997,4
2120,68,,,,0,alive,,G272-17,F,S,Stora Bör 1,Stora Bör_1819,6590283,1311535,2018,2019,G272-17,5.3899,0.24,1.09,74.10846561,11.6,Årjäng,1765,2.3,0,0,0.1071,180.2728882,55.27275449,Gla3,0.31059999999999999,3
2121,68,,1,1,1,disapp,,G90-17,M,S,Stora Bör 1,Stora Bör_1819,6590283,1311535,2018,2019,G90-17,5.3899,0.24,1.09,74.10846561,11.6,Årjäng,1765,2.3,0,0,0.1071,180.2728882,55.27275449,Smk2,0.35401899999999997,3
2122,71,,,0,0,alive,,G272-17,F,S,Stora Bör 2,Stora Bör_1920,6590809,1312227,2019,2020,G272-17,5.3476,0.25,1.1,55.44444444,11.8,Årjäng,1765,2.6,0,0.0001,0.1144,177.5578059,57.79724202,Gla3,0.31059999999999999,4
2123,71,,,,,alive,,G52-19,M,S,Stora Bör 2,Stora Bör_1920,6590809,1312227,2019,2020,G52-19,5.3476,0.25,1.1,55.44444444,11.8,Årjäng,1765,2.6,0,0.0001,0.1144,177.5578059,57.79724202,Kvg1,0.249692,4
2124,75,,1,1,1,disapp,,G272-17,F,S,Stora Bör 2,Stora Bör_2021,6590331,1314902,2020,2021,,5.4226,0.28,1.09,65.92831541,12.21,Årjäng,1765,2.9,0,0,0.1388,168.0915437,61.03796029,Gla3,0.31059999999999999,4
2125,75,,,,,other,legal,G52-19,M,S,Stora Bör 2,Stora Bör_2021,6590331,1314902,2020,2021,,5.4226,0.28,1.09,65.92831541,12.21,Årjäng,1765,2.9,0,0,0.1388,168.0915437,61.03796029,Kvg1,0.249692,4
2126,58,1,1,1,1,disapp,,G106-11,F,S,Stora Le,Stora Le_1011,6576759,1271563,2010,2011,G106-11,4.9755,0.38,1.11,82.40591398,9.93,Dals-Ed,1438,3.3638,0,0,0.0858,152.6028734,38.55583055,DE5,0.25695800000000002,2
2127,58,1,,,1,disapp,,G25-06,M,S,Stora Le,Stora Le_1011,6576759,1271563,2010,2011,G25-06,4.9755,0.38,1.11,82.40591398,9.93,Dals-Ed,1438,3.3638,0,0,0.0858,152.6028734,38.55583055,DE2,0.39843800000000001,2
2128,85,,,,2,censored,,G1-22,M,S,Svalemosse,Svalemosse_2223,6216817,1358264,2022,2023,,2.6785,0.64,2.21,38.40344828,49.01,Svalöv,1214,0.7,0,0,1.9145,99.90031261,29.05829446,Gmy2,0.233371,2
2129,85,,,2,2,censored,,G101-19,F,S,Svalemosse,Svalemosse_2223,6216817,1358264,2022,2023,,2.6785,0.64,2.21,38.40344828,49.01,Svalöv,1214,0.7,0,0,1.9145,99.90031261,29.05829446,Låb1,0.22414300000000001,2
2130,28,,,,,alive,,D-06-12,M,S,Svartbo,Svartbo_0405,6787066,1522033,2004,2005,D-06-12,3.7049,0.27,1.2,80.12437811,12.14,Ockelbo,2101,2.9,0.0008,0.3049,1.1038,253.2746633,103.7599106,Amu1,0.21972700000000001,2
2131,28,,,,,alive,,D-06-13,F,S,Svartbo,Svartbo_0405,6787066,1522033,2004,2005,D-06-13,3.7049,0.27,1.2,80.12437811,12.14,Ockelbo,2101,2.9,0.0008,0.3049,1.1038,253.2746633,103.7599106,Fur,0.1875,2
2132,29,,,,,other,legal,D-06-12,M,S,Svartbo,Svartbo_0506,6790643,1519725,2005,2006,D-06-12,3.5695,0.31,1.21,84.22142857,11.12,Ovanåker,2121,2.7,0.0011,0.3986,1.3789,237.3930606,104.7805599,Amu1,0.21972700000000001,2
2133,29,,,,,other,legal,D-06-13,F,S,Svartbo,Svartbo_0506,6790643,1519725,2005,2006,D-06-13,3.5695,0.31,1.21,84.22142857,11.12,Ovanåker,2121,2.7,0.0011,0.3986,1.3789,237.3930606,104.7805599,Fur,0.1875,2
2134,75,,,,,other,legal,G253-19,F,N,Svarthus,Svarthus_2021,6667244.516,1262708.537,2020,2021,,4.6415,0.68,1.34,68.67708333,47.02,Nes,3034,1.5947,0,0.0001,2.9403,225.4035,71.8268,Sbö1,0.218197,4
2135,75,,,,,other,legal,G56-20,M,N,Svarthus,Svarthus_2021,6667244.516,1262708.537,2020,2021,,4.6415,0.68,1.34,68.67708333,47.02,Nes,3034,1.5947,0,0.0001,2.9403,225.4035,71.8268,Röm3,0.35064400000000001,4
2136,85,1,,,1,disapp,,G254-21,M,S,Svartsjön 1,Svartsjön_2223,6561360,1524457,2022,2023,,2.8027,0.38,1.5,58.9047619,48.34,Vingåker,428,1.2,0,0,1.0678,56.7669191,21.22169876,Ärl2,0.39373599999999997,3
2137,85,1,1,1,1,disapp,,G55-23,F,S,Svartsjön 1,Svartsjön_2223,6561360,1524457,2022,2023,,2.8027,0.38,1.5,58.9047619,48.34,Vingåker,428,1.2,0,0,1.0678,56.7669191,21.22169876,Sju4,0.185781,3
2138,49,,,,,alive,,M-09-09,F,S,Tandsjön 1,Tandsjön_0910,6845007,1420126,2009,2010,M-09-09,4.2137,0.08,0.82,91.55952381,2.13,Orsa,2034,2.502,0.004,1.4394,0.0167,560.5685462,68.08849757,Ful1,0.261963,0
2139,49,,,0,0,alive,,M-11-03,M,S,Tandsjön 1,Tandsjön_0910,6845007,1420126,2009,2010,M-11-03,4.2137,0.08,0.82,91.55952381,2.13,Orsa,2034,2.502,0.004,1.4394,0.0167,560.5685462,68.08849757,Lok1,0.26708999999999999,0
2140,58,,,,,alive,,M-09-09,F,S,Tandsjön 1,Tandsjön_1011,6843847,1416468,2010,2011,M-09-09,4.1325,0.07,0.77,90.147343,2.11,Orsa,2034,2.5698,0.0035,1.2614,0.0521,581.5225827,77.08691216,Ful1,0.261963,0
2141,58,,,0,0,alive,,M-11-03,M,S,Tandsjön 1,Tandsjön_1011,6843847,1416468,2010,2011,M-11-03,4.1325,0.07,0.77,90.147343,2.11,Orsa,2034,2.5698,0.0035,1.2614,0.0521,581.5225827,77.08691216,Lok1,0.26708999999999999,0
2142,60,,,,,alive,,M-09-09,F,S,Tandsjön 1,Tandsjön_1112,6839934,1418966,2011,2012,M-09-09,4.1833,0.08,0.74,80.90049751,2.72,Orsa,2034,2.6683,0.0035,1.2709,0.0059,588.1566978,71.82800059,Ful1,0.261963,0
2143,60,,,0,0,alive,,M-11-03,M,S,Tandsjön 1,Tandsjön_1112,6839934,1418966,2011,2012,M-11-03,4.1833,0.08,0.74,80.90049751,2.72,Orsa,2034,2.6683,0.0035,1.2709,0.0059,588.1566978,71.82800059,Lok1,0.26708999999999999,0
2144,64,,,,,alive,,M-09-09,F,S,Tandsjön 1,Tandsjön_1213,6841086,1416802,2012,2013,M-09-09,4.1317,0.07,0.73,91.25821596,2.45,Orsa,2034,2.3866,0.0041,1.4803,0.0157,592.2394444,75.89964691,Ful1,0.261963,0
2145,64,,,0,0,alive,,M-11-03,M,S,Tandsjön 1,Tandsjön_1213,6841086,1416802,2012,2013,M-11-03,4.1317,0.07,0.73,91.25821596,2.45,Orsa,2034,2.3866,0.0041,1.4803,0.0157,592.2394444,75.89964691,Lok1,0.26708999999999999,0
2146,66,,,,,alive,,M-09-09,F,S,Tandsjön 1,Tandsjön_1314,6843702,1416278,2013,2014,M-09-09,4.1316,0.07,0.77,82.57004831,2.11,Orsa,2034,2.3914,0.0035,1.2497,0.0522,582.9322981,77.3352553,Ful1,0.261963,0
2147,66,,1,1,1,disapp,confirmed_illegal,M-11-03,M,S,Tandsjön 1,Tandsjön_1314,6843702,1416278,2013,2014,M-11-03,4.1316,0.07,0.77,82.57004831,2.11,Orsa,2034,2.3914,0.0035,1.2497,0.0522,582.9322981,77.3352553,Lok1,0.26708999999999999,0
2148,68,,,,,other,legal,G62-14,M,S,Tandsjön 2,Tandsjön_1415,6840531,1421282,2014,2015,G62-14,4.2898,0.09,0.77,88.69248826,2.77,Orsa,2034,2.268,0.0028,1.0204,0,574.2909693,65.39800274,Sjö,0.41430699999999998,0
2149,68,,,,,other,legal,M-09-09,F,S,Tandsjön 2,Tandsjön_1415,6840531,1421282,2014,2015,M-09-09,4.2898,0.09,0.77,88.69248826,2.77,Orsa,2034,2.268,0.0028,1.0204,0,574.2909693,65.39800274,Ful1,0.261963,0
2150,70,,,,,other,legal,G117-14,F,S,Tandsjön 3,Tandsjön_1516,6840622,1407681,2015,2016,G117-14,4.4101,0.07,0.6,73.67428571,2.03,Älvdalen,2039,2.3,0.0018,0.6625,0.1071,617.0808389,86.45276545,Tand,0.29699700000000001,0
2151,70,,,,,other,legal,G7-14,M,S,Tandsjön 3,Tandsjön_1516,6840622,1407681,2015,2016,G7-14,4.4101,0.07,0.6,73.67428571,2.03,Älvdalen,2039,2.3,0.0018,0.6625,0.1071,617.0808389,86.45276545,Sjö,0.41430699999999998,0
2152,74,1,1,1,1,disapp,,G48-16,F,S,Tandsjön 4,Tandsjön_1617,6838565,1418816,2016,2017,G48-16,4.1892,0.07,0.71,83.73284314,2.9,Orsa,2034,2.3207,0.0026,0.937,0,592.9100859,71.66171961,Sjö2,0.24302699999999999,0
2153,74,1,,,1,disapp,,G80-16,M,S,Tandsjön 4,Tandsjön_1617,6838565,1418816,2016,2017,G80-16,4.1892,0.07,0.71,83.73284314,2.9,Orsa,2034,2.3207,0.0026,0.937,0,592.9100859,71.66171961,Sku,0.15216099999999999,0
2154,68,,,,,other,legal,G26-18,F,S,Tandsjön 5,Tandsjön_1819,6850016,1422088,2018,2019,G26-18,4.1344,0.11,0.88,83.15920398,1.5,Orsa,2034,2.571,0.0027,0.9605,0.0196,533.1134602,67.3412979,Juv5,0.23710400000000001,0
2155,68,,,,,other,legal,G295-17,M,S,Tandsjön 5,Tandsjön_1819,6850016,1422088,2018,2019,G295-17,4.1344,0.11,0.88,83.15920398,1.5,Orsa,2034,2.571,0.0027,0.9605,0.0196,533.1134602,67.3412979,Sle3,0.29814099999999999,0
2156,83,,,0,0,alive,,G68-20,M,S,Tångeråsa 1,Tångeråsa_2122,6552522,1439423,2021,2022,,2.7321,0.43,1.42,52.32777778,21.73,Lekeberg,1814,2,0,0,1.4892,110.574345,41.51077331,Öln1,0.207874,4
2157,83,,,,0,alive,,G6-21,F,S,Tångeråsa 1,Tångeråsa_2122,6552522,1439423,2021,2022,,2.7321,0.43,1.42,52.32777778,21.73,Lekeberg,1814,2,0,0,1.4892,110.574345,41.51077331,Vvi1,9.15546E-2,4
2158,85,,1,1,1,disapp,,G68-20,M,S,Tångeråsa 2,Tångeråsa_2223,6552522,1439423,2022,2023,,2.7321,0.43,1.42,67.01768116,21.95,Lekeberg,1814,1.7,0,0,1.4892,110.574345,41.51077331,Öln1,0.207874,6
2160,85,,,2,2,censored,,G6-21,F,S,Tångeråsa 2,Tångeråsa_2223,6552522,1439423,2022,2023,,2.7321,0.43,1.42,67.01768116,21.95,Lekeberg,1814,1.7,0,0,1.4892,110.574345,41.51077331,Vvi1,9.15546E-2,6
2161,49,,,,,alive,,D-11-17,F,S,Tansen 1,Tansen_0910,6687122,1451801,2009,2010,D-11-17,4.679,0.23,1.26,84.0978836,20.67,Vansbro,2021,2.3,0.0002,0.0855,0.4671,283.9166365,67.16318241,Julu3,0.32421899999999998,1
2162,49,,,0,0,alive,,G7-10,M,S,Tansen 1,Tansen_0910,6687122,1451801,2009,2010,G7-10,4.679,0.23,1.26,84.0978836,20.67,Vansbro,2021,2.3,0.0002,0.0855,0.4671,283.9166365,67.16318241,Klot,0.29931600000000003,1
2163,58,,,,,other,legal,D-11-17,F,S,Tansen 1,Tansen_1011,6687186,1447808,2010,2011,D-11-17,4.6703,0.22,1.29,83.04545455,16.5,Vansbro,2021,2.3,0.0003,0.0935,0.3863,284.7807915,62.68543274,Julu3,0.32421899999999998,1
2164,58,,1,1,1,disapp,,G7-10,M,S,Tansen 1,Tansen_1011,6687186,1447808,2010,2011,G7-10,4.6703,0.22,1.29,83.04545455,16.5,Vansbro,2021,2.3,0.0003,0.0935,0.3863,284.7807915,62.68543274,Klot,0.29931600000000003,1
2165,60,,,0,0,alive,,G75-12,M,S,Tansen 2,Tansen _1112,6695432,1460725,2011,2012,G75-12,4.6564,0.28,1.29,79.36069652,36.43,Gagnef,2026,2.3,0.0004,0.1402,1.547,279.6439554,69.51679006,Rot2,0.27356000000000003,2
2166,60,,,,0,alive,,G47-11,F,S,Tansen 2,Tansen _1112,6695432,1460725,2011,2012,G47-11,4.6564,0.28,1.29,79.36069652,36.43,Gagnef,2026,2.3,0.0004,0.1402,1.547,279.6439554,69.51679006,Kyn2,0,2
2167,64,,1,1,1,disapp,,G75-12,M,S,Tansen 2,Tansen_1213,6700371,1460574,2012,2013,G75-12,4.5001,0.31,1.34,84.10294118,38.42,Gagnef,2026,1.9,0.0004,0.1382,1.8626,273.1035841,72.70380978,Rot2,0.27356000000000003,2
2168,64,,,,0,alive,,G47-11,F,S,Tansen 2,Tansen_1213,6700371,1460574,2012,2013,G47-11,4.5001,0.31,1.34,84.10294118,38.42,Gagnef,2026,1.9,0.0004,0.1382,1.8626,273.1035841,72.70380978,Kyn2,0,2
2169,66,,,,0,alive,,M-10-07,M,S,Tansen 3,Tansen_1314,6700482,1465821,2013,2014,M-10-07,4.4749,0.36,1.43,73.39855072,47.74,Gagnef,2026,2.2,0.0009,0.3198,2.4946,261.255278,79.7853442,Jang4,0.42968800000000001,2
2170,66,,,0,0,alive,,G47-11,F,S,Tansen 3,Tansen_1314,6700482,1465821,2013,2014,G47-11,4.4749,0.36,1.43,73.39855072,47.74,Gagnef,2026,2.2,0.0009,0.3198,2.4946,261.255278,79.7853442,Kyn2,0,2
2171,68,,,,0,alive,,M-10-07,M,S,Tansen 3,Tansen_1415,6699274,1454569,2014,2015,M-10-07,4.3757,0.27,1.27,86.23589744,28.3,Gagnef,2026,2.2,0.0008,0.2851,1.3245,281.9799669,69.0082353,Jang4,0.42968800000000001,4
2172,68,,,0,0,alive,,G47-11,F,S,Tansen 3,Tansen_1415,6699274,1454569,2014,2015,G47-11,4.3757,0.27,1.27,86.23589744,28.3,Gagnef,2026,2.2,0.0008,0.2851,1.3245,281.9799669,69.0082353,Kyn2,0,4
2173,70,,,,0,alive,,M-10-07,M,S,Tansen 3,Tansen_1516,6689223,1464209,2015,2016,M-10-07,4.8653,0.27,1.29,68.81515152,35.91,Gagnef,2026,2.3,0.0008,0.2876,1.5372,267.7748391,72.11293622,Jang4,0.42968800000000001,5
2174,70,,,0,0,alive,,G47-11,F,S,Tansen 3,Tansen_1516,6689223,1464209,2015,2016,G47-11,4.8653,0.27,1.29,68.81515152,35.91,Gagnef,2026,2.3,0.0008,0.2876,1.5372,267.7748391,72.11293622,Kyn2,0,5
2175,74,1,,,1,disapp,,M-10-07,M,S,Tansen 3,Tansen_1617,6692546,1458408,2016,2017,M-10-07,4.7282,0.26,1.26,78.34635417,33.11,Gagnef,2026,2.2,0.0004,0.1589,0.953,283.221519,68.8204418,Jang4,0.42968800000000001,3
2176,74,1,1,1,1,disapp,,G47-11,F,S,Tansen 3,Tansen_1617,6692546,1458408,2016,2017,G47-11,4.7282,0.26,1.26,78.34635417,33.11,Gagnef,2026,2.2,0.0004,0.1589,0.953,283.221519,68.8204418,Kyn2,0,3
2177,72,,,0,0,alive,,G135-17,F,S,Tansen 4,Tansen_1718,6694829,1456969,2017,2018,G135-17,4.6217,0.26,1.26,83.8681592,32.36,Gagnef,2026,2.4,0.0005,0.1931,1.0451,284.792966,68.06971928,Nsj1,0.243233,2
2178,72,,,,0,alive,,G156-16,M,S,Tansen 4,Tansen_1718,6694829,1456969,2017,2018,G156-16,4.6217,0.26,1.26,83.8681592,32.36,Gagnef,2026,2.4,0.0005,0.1931,1.0451,284.792966,68.06971928,Sle3,0.29814099999999999,2
2179,68,,,0,0,alive,,G135-17,F,S,Tansen 4,Tansen_1819,6693673,1454071,2018,2019,G135-17,4.5729,0.26,1.29,84.05729167,27.72,Gagnef,2026,2.5,0.0006,0.2231,0.798,285.2244563,66.82916225,Nsj1,0.243233,1
2180,68,,,,0,alive,,G156-16,M,S,Tansen 4,Tansen_1819,6693673,1454071,2018,2019,G156-16,4.5729,0.26,1.29,84.05729167,27.72,Gagnef,2026,2.5,0.0006,0.2231,0.798,285.2244563,66.82916225,Sle3,0.29814099999999999,1
2181,71,,,0,0,alive,,G135-17,F,S,Tansen 4,Tansen_1920,6698426,1457463,2019,2020,,4.4989,0.28,1.28,63.91538462,34.31,Gagnef,2026,2.5,0.0006,0.2293,1.419,281.5454568,69.14939634,Nsj1,0.243233,2
2182,71,,,,0,alive,,G156-16,M,S,Tansen 4,Tansen_1920,6698426,1457463,2019,2020,,4.4989,0.28,1.28,63.91538462,34.31,Gagnef,2026,2.5,0.0006,0.2293,1.419,281.5454568,69.14939634,Sle3,0.29814099999999999,2
2183,75,1,1,1,1,disapp,,G135-17,F,S,Tansen 4,Tansen_2021,6697706,1460510,2020,2021,,4.521,0.29,1.3,75.49242424,39.24,Gagnef,2026,2.6,0.0006,0.2214,1.7258,276.9075942,70.62606255,Nsj1,0.243233,2
2184,75,1,,,1,disapp,,G156-16,M,S,Tansen 4,Tansen_2021,6697706,1460510,2020,2021,,4.521,0.29,1.3,75.49242424,39.24,Gagnef,2026,2.6,0.0006,0.2214,1.7258,276.9075942,70.62606255,Sle3,0.29814099999999999,2
2185,39,,,,,other,natural,D-09-24,M,S,Tennådalen,Tennådalen_0809,6792941,1377638,2008,2009,D-09-24,3.0411,0.23,0.74,84.41666667,1.47,Malung-Sälen,2023,2.4,0.0014,0.5057,0.2881,457.3760703,60.68845894,Gös,0.27917500000000001,1
2186,39,,1,1,1,disapp,,G17-09,F,S,Tennådalen,Tennådalen_0809,6792941,1377638,2008,2009,G17-09,3.0411,0.23,0.74,84.41666667,1.47,Malung-Sälen,2023,2.4,0.0014,0.5057,0.2881,457.3760703,60.68845894,Löv2,0.27612300000000001,1
2187,49,1,1,1,1,disapp,,G33-09,F,S,Tennan,Tennån_0910,6803383,1369715,2009,2010,G33-09,2.5515,0.23,0.69,86.03547209,1.63,Malung-Sälen,2023,2.3,0.0014,0.4938,0.3478,475.5092232,55.3558873,Ack,0.30590800000000001,1
2188,49,1,,,1,disapp,,G40-08,M,S,Tennan,Tennån_0910,6803383,1369715,2009,2010,G40-08,2.5515,0.23,0.69,86.03547209,1.63,Malung-Sälen,2023,2.3,0.0014,0.4938,0.3478,475.5092232,55.3558873,Amä1,0.27050800000000003,1
2189,31,,,0,0,alive,,G9-07,M,S,Tenskog 1,Tenskog_0607,6836723,1468220,2006,2007,G9-07,3.6099,0.22,1,89.23429952,4.03,Rättvik,2031,2.6082,0.0019,0.6873,0.0737,343.255319,63.89445138,Rot1,0.265625,2
2190,31,,,,0,alive,,M-10-01,F,S,Tenskog 1,Tenskog_0607,6836723,1468220,2006,2007,M-10-01,3.6099,0.22,1,89.23429952,4.03,Rättvik,2031,2.6082,0.0019,0.6873,0.0737,343.255319,63.89445138,Vox,0.29296899999999998,2
2191,37,,1,1,1,disapp,,G9-07,M,S,Tenskog 1,Tenskog_0708,6832944,1467338,2007,2008,G9-07,3.6627,0.22,1,82.90821256,4.22,Rättvik,2031,2.4176,0.0025,0.9079,0.0732,333.0224342,61.28638881,Rot1,0.265625,2
2192,37,,,,0,alive,,M-10-01,F,S,Tenskog 1,Tenskog_0708,6832944,1467338,2007,2008,M-10-01,3.6627,0.22,1,82.90821256,4.22,Rättvik,2031,2.4176,0.0025,0.9079,0.0732,333.0224342,61.28638881,Vox,0.29296899999999998,2
2193,39,,,0,0,alive,,M-10-01,F,S,Tenskog 2,Tenskog_0809,6831428,1452776,2008,2009,M-10-01,4.4002,0.27,0.9,85.06467662,3.81,Rättvik,2031,2.4804,0.0029,1.0409,0.0618,410.2979604,90.85262958,Vox,0.29296899999999998,0
2194,39,,,,,alive,,M-10-02,M,S,Tenskog 2,Tenskog_0809,6831428,1452776,2008,2009,M-10-02,4.4002,0.27,0.9,85.06467662,3.81,Rättvik,2031,2.4804,0.0029,1.0409,0.0618,410.2979604,90.85262958,Amu2,0.26074199999999997,0
2195,49,,,0,0,alive,,M-10-01,F,S,Tenskog 2,Tenskog_0910,6826561,1468769,2009,2010,M-10-01,3.5244,0.19,1.03,84.99509804,4.62,Rättvik,2031,2.6188,0.0043,1.5555,0.0275,315.274073,55.37849281,Vox,0.29296899999999998,0
2196,49,,,,,alive,,M-10-02,M,S,Tenskog 2,Tenskog_0910,6826561,1468769,2009,2010,M-10-02,3.5244,0.19,1.03,84.99509804,4.62,Rättvik,2031,2.6188,0.0043,1.5555,0.0275,315.274073,55.37849281,Amu2,0.26074199999999997,0
2197,58,,,0,0,alive,,M-10-01,F,S,Tenskog 2,Tenskog_1011,6835373,1470027,2010,2011,M-10-01,3.6849,0.21,1.03,89.14761905,4.15,Rättvik,2031,2.9657,0.0041,1.4936,0.0725,337.0388836,63.07736501,Vox,0.29296899999999998,1
2198,58,,,,,alive,,M-10-02,M,S,Tenskog 2,Tenskog_1011,6835373,1470027,2010,2011,M-10-02,3.6849,0.21,1.03,89.14761905,4.15,Rättvik,2031,2.9657,0.0041,1.4936,0.0725,337.0388836,63.07736501,Amu2,0.26074199999999997,1
2199,60,,1,1,1,disapp,,M-10-01,F,S,Tenskog 2,Tenskog_1112,6838171,1476229,2011,2012,M-10-01,3.829,0.2,1.08,84.11666667,4.18,Rättvik,2031,2.7925,0.0041,1.4701,0.0589,342.8927266,65.72877862,Vox,0.29296899999999998,1
2200,60,,,,,other,legal,M-10-02,M,S,Tenskog 2,Tenskog_1112,6838171,1476229,2011,2012,M-10-02,3.829,0.2,1.08,84.11666667,4.18,Rättvik,2031,2.7925,0.0041,1.4701,0.0589,342.8927266,65.72877862,Amu2,0.26074199999999997,1
2201,68,,,,0,alive,,G88-17,M,S,Tinäset 1,Tinäset_1819,6689212,1555168,2018,2019,G88-17,2.4555,0.26,1.18,79.47354497,37.3,Heby,331,2.8988,0.0006,0.2347,0.5245,85.89657333,27.91638243,Glm1,0.23142399999999999,0
2202,68,,1,1,1,disapp,,G96-16,F,S,Tinäset 1,Tinäset_1819,6689212,1555168,2018,2019,G96-16,2.4555,0.26,1.18,79.47354497,37.3,Heby,331,2.8988,0.0006,0.2347,0.5245,85.89657333,27.91638243,Bjås3,6.7336999999999994E-2,0
2203,71,,,0,0,alive,,G188-17,F,S,Tinäset 2,Tinäset_1920,6705038,1546115,2019,2020,G188-17,1.8248,0.31,1.41,54.1640625,33.48,Hedemora,2083,2.5952,0.001,0.3671,2.3654,98.68878305,35.78778194,Glm2,0.400426,2
2204,71,,,,0,alive,,G88-17,M,S,Tinäset 2,Tinäset_1920,6705038,1546115,2019,2020,G88-17,1.8248,0.31,1.41,54.1640625,33.48,Hedemora,2083,2.5952,0.001,0.3671,2.3654,98.68878305,35.78778194,Glm1,0.23142399999999999,2
2205,75,,,0,0,alive,,G188-17,F,S,Tinäset 2,Tinäset_2021,6701091,1540413,2020,2021,,2.3761,0.29,1.44,66.705483,29.92,Hedemora,2083,2.448,0.0009,0.3134,1.9478,119.3438181,42.04095563,Glm2,0.400426,2
2206,75,,,,0,alive,,G88-17,M,S,Tinäset 2,Tinäset_2021,6701091,1540413,2020,2021,,2.3761,0.29,1.44,66.705483,29.92,Hedemora,2083,2.448,0.0009,0.3134,1.9478,119.3438181,42.04095563,Glm1,0.23142399999999999,2
2207,83,,1,1,1,disapp,,G188-17,F,S,Tinäset 2,Tinäset_2122,6699444.654,1541221.806,2021,2022,,2.3956,0.28,1.45,76.6025641,30.62,Hedemora,2083,2.1756,0.0006,0.2143,1.6497,118.2568681,41.24205613,Glm2,0.400426,2
2208,83,,,,0,alive,,G88-17,M,S,Tinäset 2,Tinäset_2122,6699444.654,1541221.806,2021,2022,,2.3956,0.28,1.45,76.6025641,30.62,Hedemora,2083,2.1756,0.0006,0.2143,1.6497,118.2568681,41.24205613,Glm1,0.23142399999999999,2
2209,85,,,1,1,disapp,,G88-17,M,S,Tinäset 3,Tinäset_2223,6672115,1551252,2022,2023,,2.9139,0.36,1.16,74.35076923,21.96,Heby,331,1.6865,0.0003,0.1114,0.4262,82.58170978,20.55188368,Glm1,0.23142399999999999,2
2210,85,,,,2,censored,,G41-22,F,S,Tinäset 3,Tinäset_2223,6672115,1551252,2022,2023,,2.9139,0.36,1.16,74.35076923,21.96,Heby,331,1.6865,0.0003,0.1114,0.4262,82.58170978,20.55188368,Igl2,9.9156499999999995E-2,2
2211,85,,,,2,censored,,G22-23,M,S,Tisaren 1,Tisaren_2223,6536552,1468465,2022,2023,,2.7649,0.38,1.39,65.34004449,31.31,Finspång,562,1.6909,0,0,1.3185,120.2328142,30.69834645,Sju4,0.185781,2
2212,85,,1,1,1,disapp,,G12-22,F,S,Tisaren 1,Tisaren_2223,6536552,1468465,2022,2023,,2.7649,0.38,1.39,65.34004449,31.31,Finspång,562,1.6909,0,0,1.3185,120.2328142,30.69834645,Låb2,0.41319299999999998,2
2213,66,,,0,0,alive,,G23-13,M,S,Tiveden 1,Tiveden_1314,6528503,1436760,2013,2014,G23-13,3.0762,0.38,1.41,56.96111111,11.77,Karlsborg,1446,2.9072,0,0,0.9813,142.3187404,33.50641477,SF,0,0
2214,66,,,,0,alive,,G31-13,F,S,Tiveden 1,Tiveden_1314,6528503,1436760,2013,2014,G31-13,3.0762,0.38,1.41,56.96111111,11.77,Karlsborg,1446,2.9072,0,0,0.9813,142.3187404,33.50641477,SF,0,0
2215,68,,1,1,1,disapp,,G23-13,M,S,Tiveden 1,Tiveden_1415,6527953,1436292,2014,2015,G23-13,3.0565,0.38,1.38,62.95355191,11.68,Karlsborg,1446,2.7108,0,0,0.9353,143.2330241,33.65074667,SF,0,0
2216,68,,,,2,censored,,G31-13,F,S,Tiveden 1,Tiveden_1415,6527953,1436292,2014,2015,G31-13,3.0565,0.38,1.38,62.95355191,11.68,Karlsborg,1446,2.7108,0,0,0.9353,143.2330241,33.65074667,SF,0,0
2217,74,,,0,0,alive,,G123-14,M,S,Tiveden 2,Tiveden_1617,6531291,1440424,2016,2017,G123-14,3.1879,0.41,1.5,60.14516129,12.94,Karlsborg,1446,2.4,0,0,1.3069,135.767895,32.15262903,Krp6,0.21412300000000001,0
2218,74,,,,0,alive,,G31-13,F,S,Tiveden 2,Tiveden_1617,6531291,1440424,2016,2017,G31-13,3.1879,0.41,1.5,60.14516129,12.94,Karlsborg,1446,2.4,0,0,1.3069,135.767895,32.15262903,SF,0,0
2219,72,,,0,0,alive,,G123-14,M,S,Tiveden 2,Tiveden_1718,6527206,1437143,2017,2018,G123-14,3.0647,0.37,1.35,77.02339181,11.63,Karlsborg,1446,2.3108,0,0,0.9823,142.1837819,33.94044636,Krp6,0.21412300000000001,0
2220,72,,,,0,alive,,G31-13,F,S,Tiveden 2,Tiveden_1718,6527206,1437143,2017,2018,G31-13,3.0647,0.37,1.35,77.02339181,11.63,Karlsborg,1446,2.3108,0,0,0.9823,142.1837819,33.94044636,SF,0,0
2221,68,,,0,0,alive,,G123-14,M,S,Tiveden 2,Tiveden_1819,6534770,1433121,2018,2019,G123-14,2.8278,0.39,1.4,55.28282828,12.34,Gullspång,1447,2.3024,0,0,0.8542,137.7105035,34.27019486,Krp6,0.21412300000000001,0
2222,68,,,,0,alive,,G31-13,F,S,Tiveden 2,Tiveden_1819,6534770,1433121,2018,2019,G31-13,2.8278,0.39,1.4,55.28282828,12.34,Gullspång,1447,2.3024,0,0,0.8542,137.7105035,34.27019486,SF,0,0
2223,71,,1,1,1,disapp,,G123-14,M,S,Tiveden 2,Tiveden_1920,6531770,1434196,2019,2020,G123-14,2.9571,0.39,1.41,55.86388889,12.15,Karlsborg,1446,2.3016,0,0,0.8804,141.8236084,33.25644867,Krp6,0.21412300000000001,1
2224,71,,,,0,alive,,G31-13,F,S,Tiveden 2,Tiveden_1920,6531770,1434196,2019,2020,G31-13,2.9571,0.39,1.41,55.86388889,12.15,Karlsborg,1446,2.3016,0,0,0.8804,141.8236084,33.25644867,SF,0,1
2225,75,,,,0,alive,,G10-20,M,S,Tiveden 3,Tiveden_2021,6525159,1432331,2020,2021,,2.9332,0.38,1.27,59.9005848,11.64,Karlsborg,1446,2.2375,0,0,0.6591,146.8801722,32.93368619,Gry1,0.22769700000000001,1
2226,75,,,,2,censored,,G31-13,F,S,Tiveden 3,Tiveden_2021,6525159,1432331,2020,2021,,2.9332,0.38,1.27,59.9005848,11.64,Karlsborg,1446,2.2375,0,0,0.6591,146.8801722,32.93368619,SF,0,1
2227,83,,,,0,alive,,G10-20,M,S,Tiveden 4,Tiveden_2122,6517905.064,1425801.774,2021,2022,,2.8832,0.39,1.19,64.65517241,12.85,Karlsborg,1446,2.1365,0,0,0.2583,147.6301599,31.56439459,Gry1,0.22769700000000001,2
2228,83,,,0,0,alive,,G88-21,F,S,Tiveden 4,Tiveden_2122,6517905.064,1425801.774,2021,2022,,2.8832,0.39,1.19,64.65517241,12.85,Karlsborg,1446,2.1365,0,0,0.2583,147.6301599,31.56439459,Tiv2,0,2
2229,85,,,,1,disapp,,G10-20,M,S,Tiveden 4,Tiveden_2223,6518626,1424007,2022,2023,,2.8986,0.43,1.24,62.21883963,13.41,Karlsborg,1446,1.7,0,0,0.267,149.2704529,29.72866777,Gry1,0.22769700000000001,1
2230,85,,,1,1,disapp,,G88-21,F,S,Tiveden 4,Tiveden_2223,6518626,1424007,2022,2023,,2.8986,0.43,1.24,62.21883963,13.41,Karlsborg,1446,1.7,0,0,0.267,149.2704529,29.72866777,Tiv2,0,1
2231,68,,,,,alive,,G222-17,M,S,Tjunken 1,Tjunken_1819,6610378,1372960,2018,2019,G222-17,4.4297,0.46,1.14,72.3042328,56,Kil,1715,2.3,0,0.0045,1.8474,110.5225623,46.43327102,Gård6,0.13404099999999999,4
2232,68,,,0,0,alive,,G7-18,F,S,Tjunken 1,Tjunken_1819,6610378,1372960,2018,2019,G7-18,4.4297,0.46,1.14,72.3042328,56,Kil,1715,2.3,0,0.0045,1.8474,110.5225623,46.43327102,Bratt3,0.267822,4
2233,71,,,,,alive,,G222-17,M,S,Tjunken 1,Tjunken_1920,6604242,1374116,2019,2020,G222-17,3.957,0.57,1.27,40.64322917,64.23,Kil,1715,2.6,0,0,2.815,96.2781289,34.95888095,Gård6,0.13404099999999999,2
2234,71,,1,1,1,disapp,,G7-18,F,S,Tjunken 1,Tjunken_1920,6604242,1374116,2019,2020,G7-18,3.957,0.57,1.27,40.64322917,64.23,Kil,1715,2.6,0,0,2.815,96.2781289,34.95888095,Bratt3,0.267822,2
2235,75,,,,0,alive,,G222-17,M,S,Tjunken 2,Tjunken_2021,6606238,1373378,2020,2021,,4.1407,0.55,1.23,62.74739583,62.08,Kil,1715,2.9,0,0.0003,2.5855,100.0182715,37.4190375,Gård6,0.13404099999999999,3
2236,75,,,0,0,alive,,G4-20,F,S,Tjunken 2,Tjunken_2021,6606238,1373378,2020,2021,,4.1407,0.55,1.23,62.74739583,62.08,Kil,1715,2.9,0,0.0003,2.5855,100.0182715,37.4190375,Tju1,0.21405299999999999,3
2237,83,,,,0,alive,,G222-17,M,S,Tjunken 2,Tjunken_2122,6609838.87,1371776.803,2021,2022,,4.4404,0.48,1.15,62.83333333,56.43,Kil,1715,2.7,0,0.0002,2.0719,106.7974798,42.45730725,Gård6,0.13404099999999999,4
2238,83,,,0,0,alive,,G4-20,F,S,Tjunken 2,Tjunken_2122,6609838.87,1371776.803,2021,2022,,4.4404,0.48,1.15,62.83333333,56.43,Kil,1715,2.7,0,0.0002,2.0719,106.7974798,42.45730725,Tju1,0.21405299999999999,4
2239,85,,,,2,censored,,G222-17,M,S,Tjunken 2,Tjunken_2223,6614919,1374185,2022,2023,,4.7339,0.4,1.14,74.25586538,53.92,Kil,1715,2.4,0,0.002,1.2055,130.2234858,62.27009637,Gård6,0.13404099999999999,3
2240,85,,,2,2,censored,,G4-20,F,S,Tjunken 2,Tjunken_2223,6614919,1374185,2022,2023,,4.7339,0.4,1.14,74.25586538,53.92,Kil,1715,2.4,0,0.002,1.2055,130.2234858,62.27009637,Tju1,0.21405299999999999,3
2241,71,,,,0,alive,,G315-17,M,S,Tönsen,Tönsen_1920,6776422,1531542,2019,2020,G315-17,3.71,0.23,1.26,71.64925373,12.47,Falun,2080,2.6,0.0028,1.0287,0.5015,248.5851267,83.51613716,Rys1,0.16900200000000001,3
2242,71,,,0,0,alive,,G51-16,F,S,Tönsen,Tönsen_1920,6776422,1531542,2019,2020,G51-16,3.71,0.23,1.26,71.64925373,12.47,Falun,2080,2.6,0.0028,1.0287,0.5015,248.5851267,83.51613716,Prä3,0.125,3
2243,75,,,,0,alive,,G315-17,M,S,Tönsen,Tönsen_2021,6783740,1526277,2020,2021,,3.7814,0.27,1.2,77.92380952,13.25,Ockelbo,2101,2.4,0.0028,1.0074,0.9774,254.3064286,99.53918958,Rys1,0.16900200000000001,3
2244,75,,,0,0,alive,,G51-16,F,S,Tönsen,Tönsen_2021,6783740,1526277,2020,2021,,3.7814,0.27,1.2,77.92380952,13.25,Ockelbo,2101,2.4,0.0028,1.0074,0.9774,254.3064286,99.53918958,Prä3,0.125,3
2245,83,,,,0,alive,,G315-17,M,S,Tönsen,Tönsen_2122,6770532.515,1538175.959,2021,2022,,3.4638,0.22,1.32,81.78282828,10.84,Ockelbo,2101,2.1,0.0032,1.176,0.6811,213.6467726,83.21804914,Rys1,0.16900200000000001,4
2246,83,,,0,0,alive,,G51-16,F,S,Tönsen,Tönsen_2122,6770532.515,1538175.959,2021,2022,,3.4638,0.22,1.32,81.78282828,10.84,Ockelbo,2101,2.1,0.0032,1.176,0.6811,213.6467726,83.21804914,Prä3,0.125,4
2247,85,,,,2,censored,,G315-17,M,S,Tönsen,Tönsen_2223,6776221,1534113,2022,2023,,3.7084,0.23,1.29,92.28059701,12.41,Ockelbo,2101,1.6,0.0048,1.7494,0.6549,232.3973888,87.11366401,Rys1,0.16900200000000001,1
2248,85,,,2,2,censored,,G51-16,F,S,Tönsen,Tönsen_2223,6776221,1534113,2022,2023,,3.7084,0.23,1.29,92.28059701,12.41,Ockelbo,2101,1.6,0.0048,1.7494,0.6549,232.3973888,87.11366401,Prä3,0.125,1
2249,49,,,,0,alive,,G10-10,M,S,Trång 1,Trång_0910,6705640,1348813,2009,2010,G10-10,5.1693,0.26,0.97,82.11916558,3,Torsby,1737,3.6,0.0001,0.0487,0.2245,303.3405451,81.8163315,Gös,0.27917500000000001,5
2250,49,,,0,0,alive,,G11-10,F,S,Trång 1,Trång_0910,6705640,1348813,2009,2010,G11-10,5.1693,0.26,0.97,82.11916558,3,Torsby,1737,3.6,0.0001,0.0487,0.2245,303.3405451,81.8163315,Ny5,0.26953100000000002,5
2251,58,,,,0,alive,,G10-10,M,S,Trång 1,Trång_1011,6716960,1342153,2010,2011,G10-10,5.3696,0.27,0.9,84.87179487,3,Torsby,1737,3.9,0.0002,0.0696,0.4883,357.6902332,94.37590858,Gös,0.27917500000000001,3
2252,58,,,0,0,alive,,G11-10,F,S,Trång 1,Trång_1011,6716960,1342153,2010,2011,G11-10,5.3696,0.27,0.9,84.87179487,3,Torsby,1737,3.9,0.0002,0.0696,0.4883,357.6902332,94.37590858,Ny5,0.26953100000000002,3
2253,60,,,,0,alive,,G10-10,M,S,Trång 1,Trång_1112,6702702,1352802,2011,2012,G10-10,5.1628,0.28,0.98,80.02985075,3,Torsby,1737,3.8,0.0002,0.0595,0.202,296.5637346,78.31412242,Gös,0.27917500000000001,4
2254,60,,,0,0,alive,,G11-10,F,S,Trång 1,Trång_1112,6702702,1352802,2011,2012,G11-10,5.1628,0.28,0.98,80.02985075,3,Torsby,1737,3.8,0.0002,0.0595,0.202,296.5637346,78.31412242,Ny5,0.26953100000000002,4
2255,64,,,,0,alive,,G10-10,M,S,Trång 1,Trång_1213,6706451,1348557,2012,2013,G10-10,5.1686,0.26,0.96,84.28787879,2.9,Torsby,1737,4,0.0001,0.0366,0.2279,305.3445573,82.81874531,Gös,0.27917500000000001,5
2256,64,,,0,0,alive,,G11-10,F,S,Trång 1,Trång_1213,6706451,1348557,2012,2013,G11-10,5.1686,0.26,0.96,84.28787879,2.9,Torsby,1737,4,0.0001,0.0366,0.2279,305.3445573,82.81874531,Ny5,0.26953100000000002,5
2257,66,1,,,1,disapp,,G10-10,M,S,Trång 1,Trång_1314,6703336,1358391,2013,2014,G10-10,4.8605,0.29,0.89,78.16904762,2.93,Torsby,1737,3.3328,0.0005,0.1804,0.1389,311.4188327,81.0743471,Gös,0.27917500000000001,5
2258,66,1,1,1,1,disapp,,G11-10,F,S,Trång 1,Trång_1314,6703336,1358391,2013,2014,G11-10,4.8605,0.29,0.89,78.16904762,2.93,Torsby,1737,3.3328,0.0005,0.1804,0.1389,311.4188327,81.0743471,Ny5,0.26953100000000002,5
2259,68,1,,,1,disapp,,G24-18,M,S,Trång 2,Trång_1819,6700734.989,1349224.492,2018,2019,,5.4257,0.26,1.06,84.81025641,2.8,Torsby,1737,2.3,0.0003,0.1089,0.2116,291.4285,79.5856,Snd4,0.39615600000000001,1
2260,68,1,1,1,1,disapp,,G214-17,F,S,Trång 2,Trång_1819,6700734.989,1349224.492,2018,2019,,5.4257,0.26,1.06,84.81025641,2.8,Torsby,1737,2.3,0.0003,0.1089,0.2116,291.4285,79.5856,Bjås4,0.121395,1
2261,74,,,0,0,alive,,G47-16,M,S,Trollberget,Trollberget_1617,6742686,1488997,2016,2017,G47-16,3.9151,0.3,1.13,82.09090909,22.8,Leksand,2029,2.2,0.0019,0.7032,1.2987,250.9092509,82.90891854,Bly1,0.26681500000000002,4
2262,74,,,,0,alive,,G48-17,F,S,Trollberget,Trollberget_1617,6742686,1488997,2016,2017,G48-17,3.9151,0.3,1.13,82.09090909,22.8,Leksand,2029,2.2,0.0019,0.7032,1.2987,250.9092509,82.90891854,Gås3,0.20716100000000001,4
2263,72,,1,1,1,disapp,,G47-16,M,S,Trollberget,Trollberget_1718,6757003,1484031,2017,2018,G47-16,3.8158,0.26,0.93,82.37439614,13.34,Leksand,2029,2.4,0.0024,0.8515,0.1916,288.9297349,64.33503927,Bly1,0.26681500000000002,3
2264,72,,,,2,censored,,G48-17,F,S,Trollberget,Trollberget_1718,6757003,1484031,2017,2018,G48-17,3.8158,0.26,0.93,82.37439614,13.34,Leksand,2029,2.4,0.0024,0.8515,0.1916,288.9297349,64.33503927,Gås3,0.20716100000000001,3
2265,70,,,0,0,alive,,G15-16,M,S,Tunturi,Tunturi_1516,6794068,1456630,2015,2016,G15-16,2.9118,0.15,1.03,74.9942029,4.61,Rättvik,2031,2.3,0.0031,1.1121,0.1547,326.1194923,88.10296481,SF,0,1
2266,70,,,,0,alive,,G76-15,F,S,Tunturi,Tunturi_1516,6794068,1456630,2015,2016,G76-15,2.9118,0.15,1.03,74.9942029,4.61,Rättvik,2031,2.3,0.0031,1.1121,0.1547,326.1194923,88.10296481,Ksk1,0.28668199999999999,1
2267,74,,1,1,1,disapp,,G15-16,M,S,Tunturi,Tunturi_1617,6793795,1455829,2016,2017,G15-16,2.9161,0.16,1.03,83.67435897,4.66,Rättvik,2031,2.2,0.0026,0.9509,0.1546,328.0507646,89.24526456,SF,0,1
2268,74,,,,2,censored,,G76-15,F,S,Tunturi,Tunturi_1617,6793795,1455829,2016,2017,G76-15,2.9161,0.16,1.03,83.67435897,4.66,Rättvik,2031,2.2,0.0026,0.9509,0.1546,328.0507646,89.24526456,Ksk1,0.28668199999999999,1
2269,16,,,,0,alive,,M-00-06,M,S,Tyngsjö,Tyngsjö_0001,6688136,1388576,2000,2001,M-00-06,4.5759,0.22,0.88,83.59447219,5.98,Torsby,1737,4.619,0,0.0014,0.0069,335.532553,66.55476306,Le1,0.1875,0
2270,16,,,0,0,alive,,M-02-04,F,S,Tyngsjö,Tyngsjö_0001,6688136,1388576,2000,2001,M-02-04,4.5759,0.22,0.88,83.59447219,5.98,Torsby,1737,4.619,0,0.0014,0.0069,335.532553,66.55476306,Fre,0.125,0
2271,16,,,,0,alive,,M-00-06,M,S,Tyngsjö,Tyngsjö_0102,6685916,1389858,2001,2002,M-00-06,4.7278,0.21,0.91,74.40895522,6.13,Filipstad,1782,4.6678,0,0.0132,0,333.1601754,66.86947629,Le1,0.1875,0
2272,16,,,0,0,alive,,M-02-04,F,S,Tyngsjö,Tyngsjö_0102,6685916,1389858,2001,2002,M-02-04,4.7278,0.21,0.91,74.40895522,6.13,Filipstad,1782,4.6678,0,0.0132,0,333.1601754,66.86947629,Fre,0.125,0
2273,17,1,,,1,disapp,confirmed_illegal,M-00-06,M,S,Tyngsjö,Tyngsjö_0203,6685916,1389858,2002,2003,M-00-06,4.7278,0.21,0.91,83.72139303,6.06,Filipstad,1782,4.4554,0,0.0081,0,333.1601754,66.86947629,Le1,0.1875,0
2274,17,1,1,1,1,disapp,confirmed_illegal,M-02-04,F,S,Tyngsjö,Tyngsjö_0203,6685916,1389858,2002,2003,M-02-04,4.7278,0.21,0.91,83.72139303,6.06,Filipstad,1782,4.4554,0,0.0081,0,333.1601754,66.86947629,Fre,0.125,0
2275,85,,,,2,censored,,G25-19,M,S,Tysslingen 1,Tysslingen_2223,6577688,1459979,2022,2023,,2.6195,0.63,1.53,60.16282051,95.13,Lekeberg,1814,1.7,0,0,3.8762,93.1246246,70.04804715,Gry1,0.22769700000000001,5
2276,85,,1,1,1,disapp,,G190-22,F,S,Tysslingen 1,Tysslingen_2223,6577688,1459979,2022,2023,,2.6195,0.63,1.53,60.16282051,95.13,Lekeberg,1814,1.7,0,0,3.8762,93.1246246,70.04804715,Vill5,0.42895100000000003,5
2277,16,,,0,0,alive,,M-02-03,F,S,Ulriksberg 1,Ulriksberg_0102,6660674,1432207,2001,2002,M-02-03,4.9482,0.29,1.06,74.00615385,13.23,Filipstad,1782,3.9655,0,0.0138,0.2194,312.8114849,55.70847954,Hag2,0.125,0
2278,16,,,,0,alive,,M-98-04,M,S,Ulriksberg 1,Ulriksberg_0102,6660674,1432207,2001,2002,M-98-04,4.9482,0.29,1.06,74.00615385,13.23,Filipstad,1782,3.9655,0,0.0138,0.2194,312.8114849,55.70847954,Le1,0.1875,0
2279,17,,1,1,1,disapp,confirmed_illegal,M-02-03,F,S,Ulriksberg 1,Ulriksberg_0203,6662792,1436484,2002,2003,M-02-03,4.9128,0.29,1.1,83.06565657,13.98,Filipstad,1782,3.8348,0,0,0.1868,317.0419624,54.83732215,Hag2,0.125,0
2280,17,,,,2,censored,,M-98-04,M,S,Ulriksberg 1,Ulriksberg_0203,6662792,1436484,2002,2003,M-98-04,4.9128,0.29,1.1,83.06565657,13.98,Filipstad,1782,3.8348,0,0,0.1868,317.0419624,54.83732215,Le1,0.1875,0
2281,29,,,,0,alive,,M-06-02,F,S,Ulriksberg 2,Ulriksberg_0506,6646689,1436889,2005,2006,M-06-02,4.7009,0.31,1.22,84.6318408,9.25,Filipstad,1782,3.6322,0,0.0018,0.3554,259.6665023,54.39527112,Hlg1,0.23877000000000001,0
2282,29,,,,,alive,,M-98-04,M,S,Ulriksberg 2,Ulriksberg_0506,6646689,1436889,2005,2006,M-98-04,4.7009,0.31,1.22,84.6318408,9.25,Filipstad,1782,3.6322,0,0.0018,0.3554,259.6665023,54.39527112,Le1,0.1875,0
2283,31,,,,0,alive,,M-06-02,F,S,Ulriksberg 2,Ulriksberg_0607,6648044,1437226,2006,2007,M-06-02,4.6853,0.3,1.21,74.83333333,9.41,Filipstad,1782,3.2446,0,0.0062,0.2944,263.8621104,55.06771025,Hlg1,0.23877000000000001,0
2284,31,,,,,alive,,M-98-04,M,S,Ulriksberg 2,Ulriksberg_0607,6648044,1437226,2006,2007,M-98-04,4.6853,0.3,1.21,74.83333333,9.41,Filipstad,1782,3.2446,0,0.0062,0.2944,263.8621104,55.06771025,Le1,0.1875,0
2285,37,,,,0,alive,,M-06-02,F,S,Ulriksberg 2,Ulriksberg_0708,6649466,1435714,2007,2008,M-06-02,4.7448,0.3,1.18,77.77864583,9.67,Filipstad,1782,2.8872,0,0.0025,0.1937,270.7712216,55.67385251,Hlg1,0.23877000000000001,0
2286,37,,,,,alive,,M-98-04,M,S,Ulriksberg 2,Ulriksberg_0708,6649466,1435714,2007,2008,M-98-04,4.7448,0.3,1.18,77.77864583,9.67,Filipstad,1782,2.8872,0,0.0025,0.1937,270.7712216,55.67385251,Le1,0.1875,0
2287,39,,,,0,alive,,M-06-02,F,S,Ulriksberg 2,Ulriksberg_0809,6646146,1436209,2008,2009,M-06-02,4.6855,0.31,1.21,83.93532338,8.91,Filipstad,1782,2.6084,0,0.0112,0.3725,258.5945229,54.24693131,Hlg1,0.23877000000000001,0
2288,39,,,,,other,natural,M-98-04,M,S,Ulriksberg 2,Ulriksberg_0809,6646146,1436209,2008,2009,M-98-04,4.6855,0.31,1.21,83.93532338,8.91,Filipstad,1782,2.6084,0,0.0112,0.3725,258.5945229,54.24693131,Le1,0.1875,0
2289,49,,,,0,alive,,G4-07,M,S,Ulriksberg 3,Ulriksberg_0910,6645306,1437411,2009,2010,G4-07,4.6641,0.3,1.24,83.56565657,8.71,Filipstad,1782,2.9442,0,0.0107,0.4153,255.354272,53.74771642,Grå,0.296875,1
2290,49,,,0,0,alive,,M-06-02,F,S,Ulriksberg 3,Ulriksberg_0910,6645306,1437411,2009,2010,M-06-02,4.6641,0.3,1.24,83.56565657,8.71,Filipstad,1782,2.9442,0,0.0107,0.4153,255.354272,53.74771642,Hlg1,0.23877000000000001,1
2291,58,1,,,1,disapp,,G4-07,M,S,Ulriksberg 3,Ulriksberg_1011,6641837,1439300,2010,2011,G4-07,4.6358,0.32,1.3,83.06770833,8.11,Filipstad,1782,3.1608,0.0001,0.0209,0.5837,244.6720324,50.49900317,Grå,0.296875,3
2292,58,1,1,1,1,disapp,,M-06-02,F,S,Ulriksberg 3,Ulriksberg_1011,6641837,1439300,2010,2011,M-06-02,4.6358,0.32,1.3,83.06770833,8.11,Filipstad,1782,3.1608,0.0001,0.0209,0.5837,244.6720324,50.49900317,Hlg1,0.23877000000000001,3
2293,60,1,1,1,1,disapp,,G48-12,F,S,Ulriksberg 4,Ulriksberg_1112,6631674,1447524,2011,2012,G48-12,4.5524,0.31,1.39,72.97948718,10.45,Hällefors,1863,3.5,0,0.014,0.4862,215.2343429,51.52647252,Ulr3,0.284912,4
2294,60,1,,,1,disapp,,G95-11,M,S,Ulriksberg 4,Ulriksberg_1112,6631674,1447524,2011,2012,G95-11,4.5524,0.31,1.39,72.97948718,10.45,Hällefors,1863,3.5,0,0.014,0.4862,215.2343429,51.52647252,Trå,0.29980499999999999,4
2295,83,,,,0,alive,,G239-19,M,S,Ulva,Ulva_2122,6565758.751,1542232.539,2021,2022,,3.2863,0.46,1.6,50.87903226,59.66,Flen,482,1.4,0,0,2.2537,58.18653166,19.07796526,Ärl2,0.39373599999999997,3
2296,83,,,0,0,alive,,G118-21,F,S,Ulva,Ulva_2122,6565758.751,1542232.539,2021,2022,,3.2863,0.46,1.6,50.87903226,59.66,Flen,482,1.4,0,0,2.2537,58.18653166,19.07796526,Ärl2,0.39373599999999997,3
2297,85,,,,2,censored,,G239-19,M,S,Ulva,Ulva_2223,6562549,1542671,2022,2023,,3.4056,0.45,1.56,62.02769231,52.18,Flen,482,1.2,0,0,1.9244,58.81388321,18.85453737,Ärl2,0.39373599999999997,6
2298,85,,1,1,1,disapp,,G118-21,F,S,Ulva,Ulva_2223,6562549,1542671,2022,2023,,3.4056,0.45,1.56,62.02769231,52.18,Flen,482,1.2,0,0,1.9244,58.81388321,18.85453737,Ärl2,0.39373599999999997,6
2299,71,,,,,alive,,G236-17,F,N,Ulvåa,Ulvåa_1920,6765584,1292912,2019,2020,G236-17,4.0692,0.24,1.18,85.75505051,11.85,Torsby,1737,1.8215,0.0005,0.1689,0.198,448.1754868,96.70291017,Gård6,0.13404099999999999,6
2300,71,,,,,alive,,G71-18,M,N,Ulvåa,Ulvåa_1920,6765584,1292912,2019,2020,G71-18,4.0692,0.24,1.18,85.75505051,11.85,Torsby,1737,1.8215,0.0005,0.1689,0.198,448.1754868,96.70291017,Letj2,0.224609,6
2301,75,,,,,alive,,G236-17,F,N,Ulvåa,Ulvåa_2021,6764068,1298476,2020,2021,,4.1294,0.2,1.2,83.57692308,9.55,Torsby,1737,1.8211,0.0004,0.1558,0.0315,448.2494708,87.34981132,Gård6,0.13404099999999999,4
2302,75,,,,,alive,,G71-18,M,N,Ulvåa,Ulvåa_2021,6764068,1298476,2020,2021,,4.1294,0.2,1.2,83.57692308,9.55,Torsby,1737,1.8211,0.0004,0.1558,0.0315,448.2494708,87.34981132,Letj2,0.224609,4
2303,83,,,,,alive,,G236-17,F,N,Ulvåa,Ulvåa_2122,6756769.578,1301492.897,2021,2022,,4.2084,0.14,1.33,84.64460784,7.81,Torsby,1737,1.7725,0.0005,0.1679,0.0039,412.9453852,85.89999568,Gård6,0.13404099999999999,4
2304,83,,,,,alive,,G71-18,M,N,Ulvåa,Ulvåa_2122,6756769.578,1301492.897,2021,2022,,4.2084,0.14,1.33,84.64460784,7.81,Torsby,1737,1.7725,0.0005,0.1679,0.0039,412.9453852,85.89999568,Letj2,0.224609,4
2305,85,,,,,other,legal,G236-17,F,N,Ulvåa,Ulvåa_2223,6765533,1297649,2022,2023,,4.0886,0.22,1.17,94.37272727,9.81,Torsby,1737,1.5633,0.0003,0.0951,0.0648,457.0731839,88.76869313,Gård6,0.13404099999999999,3
2306,85,,,,,other,legal,G71-18,M,N,Ulvåa,Ulvåa_2223,6765533,1297649,2022,2023,,4.0886,0.22,1.17,94.37272727,9.81,Torsby,1737,1.5633,0.0003,0.0951,0.0648,457.0731839,88.76869313,Letj2,0.224609,3
2307,22,,,,0,alive,,M-05-06,M,S,Uttersberg,Uttersberg_0304,6621165,1491334,2003,2004,M-05-06,3.1455,0.37,1.13,75.10645161,18.28,Lindesberg,1885,3.6974,0,0,0.41,118.2526756,37.79655099,Fil2,0.296875,0
2308,22,,,0,0,alive,,M-06-01,F,S,Uttersberg,Uttersberg_0304,6621165,1491334,2003,2004,M-06-01,3.1455,0.37,1.13,75.10645161,18.28,Lindesberg,1885,3.6974,0,0,0.41,118.2526756,37.79655099,Grav,0.26953100000000002,0
2309,28,,,,0,alive,,M-05-06,M,S,Uttersberg,Uttersberg_0405,6618471,1488818,2004,2005,M-05-06,3.0962,0.37,1.13,77.00260417,19.6,Lindesberg,1885,3.5301,0,0,0.4366,112.6333335,35.88703801,Fil2,0.296875,0
2310,28,,,0,0,alive,,M-06-01,F,S,Uttersberg,Uttersberg_0405,6618471,1488818,2004,2005,M-06-01,3.0962,0.37,1.13,77.00260417,19.6,Lindesberg,1885,3.5301,0,0,0.4366,112.6333335,35.88703801,Grav,0.26953100000000002,0
2311,29,,,,0,alive,,M-05-06,M,S,Uttersberg,Uttersberg_0506,6617757,1489711,2005,2006,M-05-06,3.0677,0.38,1.13,84.35353535,20.18,Lindesberg,1885,3.1976,0,0,0.4832,108.7599352,33.33424359,Fil2,0.296875,0
2312,29,,,0,0,alive,,M-06-01,F,S,Uttersberg,Uttersberg_0506,6617757,1489711,2005,2006,M-06-01,3.0677,0.38,1.13,84.35353535,20.18,Lindesberg,1885,3.1976,0,0,0.4832,108.7599352,33.33424359,Grav,0.26953100000000002,0
2313,31,,,,0,alive,,M-05-06,M,S,Uttersberg,Uttersberg_0607,6616675,1488821,2006,2007,M-05-06,3.0372,0.38,1.13,61.70149254,20.55,Lindesberg,1885,2.8912,0,0.0019,0.4956,106.3134778,32.50957628,Fil2,0.296875,0
2314,31,,,0,0,alive,,M-06-01,F,S,Uttersberg,Uttersberg_0607,6616675,1488821,2006,2007,M-06-01,3.0372,0.38,1.13,61.70149254,20.55,Lindesberg,1885,2.8912,0,0.0019,0.4956,106.3134778,32.50957628,Grav,0.26953100000000002,0
2315,37,,,,0,alive,,M-05-06,M,S,Uttersberg,Uttersberg_0708,6616244,1489203,2007,2008,M-05-06,3.0216,0.37,1.12,56.51538462,20.87,Lindesberg,1885,2.311,0,0,0.523,104.4026254,31.49199282,Fil2,0.296875,1
2316,37,,,0,0,alive,,M-06-01,F,S,Uttersberg,Uttersberg_0708,6616244,1489203,2007,2008,M-06-01,3.0216,0.37,1.12,56.51538462,20.87,Lindesberg,1885,2.311,0,0,0.523,104.4026254,31.49199282,Grav,0.26953100000000002,1
2317,39,,,,2,censored,,M-05-06,M,S,Uttersberg,Uttersberg_0809,6616572,1488236,2008,2009,M-05-06,3.0389,0.37,1.13,82.1489899,20.38,Lindesberg,1885,2.2052,0,0.0005,0.4843,106.8163838,32.97143699,Fil2,0.296875,1
2318,39,,1,1,1,disapp,,M-06-01,F,S,Uttersberg,Uttersberg_0809,6616572,1488236,2008,2009,M-06-01,3.0389,0.37,1.13,82.1489899,20.38,Lindesberg,1885,2.2052,0,0.0005,0.4843,106.8163838,32.97143699,Grav,0.26953100000000002,1
2319,29,,,,0,alive,,G21-05,M,S,Våmhus 1,Våmhus_0506,6791725,1421038,2005,2006,G21-05,5.4245,0.25,1.17,85.72380952,4.76,Orsa,2034,3.1,0.0011,0.408,0.6146,385.9682519,125.9821116,Hlg1,0.23877000000000001,1
2320,29,,,,0,alive,,G8-05,F,S,Våmhus 1,Våmhus_0506,6791725,1421038,2005,2006,G8-05,5.4245,0.25,1.17,85.72380952,4.76,Orsa,2034,3.1,0.0011,0.408,0.6146,385.9682519,125.9821116,Fur,0.1875,1
2321,31,,,,0,alive,,G21-05,M,S,Våmhus 1,Våmhus_0607,6796970,1416432,2006,2007,G21-05,6.1854,0.23,1.12,87.44285817,4.16,Orsa,2034,2.8,0.0017,0.5981,0.5706,432.5818843,116.1775895,Hlg1,0.23877000000000001,0
2322,31,,,,2,censored,,G8-05,F,S,Våmhus 1,Våmhus_0607,6796970,1416432,2006,2007,G8-05,6.1854,0.23,1.12,87.44285817,4.16,Orsa,2034,2.8,0.0017,0.5981,0.5706,432.5818843,116.1775895,Fur,0.1875,0
2323,37,,,,0,alive,,G21-05,M,S,Våmhus 2,Våmhus_0708,6794503,1425662,2007,2008,G21-05,5.2546,0.21,1.07,84.51515152,4.95,Orsa,2034,2.6,0.0023,0.8387,0.3937,411.0372501,122.4733087,Hlg1,0.23877000000000001,1
2324,37,,,0,0,alive,,G29-07,F,S,Våmhus 2,Våmhus_0708,6794503,1425662,2007,2008,G29-07,5.2546,0.21,1.07,84.51515152,4.95,Orsa,2034,2.6,0.0023,0.8387,0.3937,411.0372501,122.4733087,Fur,0.1875,1
2325,39,,,,0,alive,,G21-05,M,S,Våmhus 2,Våmhus_0809,6793028,1422091,2008,2009,G21-05,5.4685,0.25,1.14,85.54347826,4.75,Orsa,2034,2.4,0.0023,0.842,0.5419,397.16588,125.2857627,Hlg1,0.23877000000000001,0
2326,39,,,0,0,alive,,G29-07,F,S,Våmhus 2,Våmhus_0809,6793028,1422091,2008,2009,G29-07,5.4685,0.25,1.14,85.54347826,4.75,Orsa,2034,2.4,0.0023,0.842,0.5419,397.16588,125.2857627,Fur,0.1875,0
2327,49,,,,0,alive,,G21-05,M,S,Våmhus 2,Våmådalen_0910,6796678,1426371,2009,2010,G21-05,5.3475,0.2,1,86.46190476,4.99,Orsa,2034,2.3,0.0034,1.2444,0.2831,432.2514656,118.243684,Hlg1,0.23877000000000001,0
2328,49,,,0,0,alive,,G29-07,F,S,Våmhus 2,Våmådalen_0910,6796678,1426371,2009,2010,G29-07,5.3475,0.2,1,86.46190476,4.99,Orsa,2034,2.3,0.0034,1.2444,0.2831,432.2514656,118.243684,Fur,0.1875,0
2329,58,,,,0,alive,,G21-05,M,S,Våmhus 2,Våmådalen_1011,6795736,1417800,2010,2011,G21-05,6.0691,0.23,1.13,86.48122066,4.28,Orsa,2034,2.3,0.0026,0.9401,0.6256,421.8829529,118.519478,Hlg1,0.23877000000000001,0
2330,58,,,0,0,alive,,G29-07,F,S,Våmhus 2,Våmådalen_1011,6795736,1417800,2010,2011,M-09-07,6.0691,0.23,1.13,86.48122066,4.28,Orsa,2034,2.3,0.0026,0.9401,0.6256,421.8829529,118.519478,Fur,0.1875,0
2331,60,,,,0,alive,,G21-05,M,S,Våmhus 2,Våmådalen_1112,6788769,1426093,2011,2012,G21-05,4.7894,0.29,1.17,81.06613757,5.07,Orsa,2034,2.3,0.0026,0.9392,0.8562,352.6082912,127.5785287,Hlg1,0.23877000000000001,2
2332,60,,1,1,1,disapp,,G29-07,F,S,Våmhus 2,Våmådalen_1112,6788769,1426093,2011,2012,G29-07,4.7894,0.29,1.17,81.06613757,5.07,Orsa,2034,2.3,0.0026,0.9392,0.8562,352.6082912,127.5785287,Fur,0.1875,2
2333,64,,,,0,alive,,G21-05,M,S,Våmhus 3,Våmådalen_1213,6795103,1410451,2012,2013,G21-05,6.1377,0.22,1.16,90.52307692,3.41,Orsa,2034,1.9,0.0026,0.9547,0.5595,427.0816387,116.7757771,Hlg1,0.23877000000000001,0
2334,64,,,0,0,alive,,G83-13,F,S,Våmhus 3,Våmådalen_1213,6795103,1410451,2012,2013,G83-13,6.1377,0.22,1.16,90.52307692,3.41,Orsa,2034,1.9,0.0026,0.9547,0.5595,427.0816387,116.7757771,Ten2,0.247803,0
2335,66,1,,,1,disapp,,G21-05,M,S,Våmhus 3,Våmådalen_1314,6796250,1414524,2013,2014,G21-05,6.2234,0.23,1.13,82.62802198,3.92,Orsa,2034,2.2,0.0035,1.2585,0.5618,427.4790152,116.6660902,Hlg1,0.23877000000000001,0
2336,66,1,1,1,1,disapp,,G83-13,F,S,Våmhus 3,Våmådalen_1314,6796250,1414524,2013,2014,G83-13,6.2234,0.23,1.13,82.62802198,3.92,Orsa,2034,2.2,0.0035,1.2585,0.5618,427.4790152,116.6660902,Ten2,0.247803,0
2337,70,,,0,0,alive,,G157-14,F,S,Varåa 1,Varåa_1516,6781103,1310394,2015,2016,G157-14,4.5128,0.34,1.06,79.70606061,3.63,Torsby,1737,1.9585,0.0005,0.1742,0.2831,489.0345944,86.54204807,Letj2,0.224609,5
2338,70,,,,0,alive,,G160-15,M,S,Varåa 1,Varåa_1516,6781103,1310394,2015,2016,G160-15,4.5128,0.34,1.06,79.70606061,3.63,Torsby,1737,1.9585,0.0005,0.1742,0.2831,489.0345944,86.54204807,Kin1,0.28747600000000001,5
2339,74,1,1,1,1,disapp,,G157-14,F,S,Varåa 1,Varåa_1617,6774876,1316007,2016,2017,G157-14,4.7536,0.26,1.12,84.29166667,3.27,Torsby,1737,1.837,0.0004,0.1287,0.0098,455.2667421,93.9688191,Letj2,0.224609,3
2340,74,1,,,1,disapp,,G160-15,M,S,Varåa 1,Varåa_1617,6774876,1316007,2016,2017,G160-15,4.7536,0.26,1.12,84.29166667,3.27,Torsby,1737,1.837,0.0004,0.1287,0.0098,455.2667421,93.9688191,Kin1,0.28747600000000001,3
2341,72,,,,0,alive,,G154-15,M,S,Varåa 2,Varåa_1718,6779492,1314735,2017,2018,G154-15,4.6141,0.33,1.15,87.71212121,3.12,Torsby,1737,1.8392,0.0004,0.1562,0.0817,467.7702101,87.04407604,Osd4,0.22917000000000001,4
2342,72,,,0,0,alive,,G37-18,F,S,Varåa 2,Varåa_1718,6779492,1314735,2017,2018,G37-18,4.6141,0.33,1.15,87.71212121,3.12,Torsby,1737,1.8392,0.0004,0.1562,0.0817,467.7702101,87.04407604,Våa1,0.23801600000000001,4
2343,68,,,,0,alive,,G154-15,M,S,Varåa 2,Varåa_1819,6780536,1314116,2018,2019,G154-15,4.5879,0.35,1.13,86.14427861,3.07,Torsby,1737,1.9313,0.0006,0.2174,0.143,472.944735,87.5555008,Osd4,0.22917000000000001,2
2344,68,,,0,0,alive,,G37-18,F,S,Varåa 2,Varåa_1819,6780536,1314116,2018,2019,G37-18,4.5879,0.35,1.13,86.14427861,3.07,Torsby,1737,1.9313,0.0006,0.2174,0.143,472.944735,87.5555008,Våa1,0.23801600000000001,2
2345,71,,,,0,alive,,G154-15,M,S,Varåa 2,Varåa_1920,6779905,1314251,2019,2020,G154-15,4.6008,0.34,1.15,87.72222222,3.14,Torsby,1737,1.9811,0.0009,0.3151,0.1063,470.4285823,87.177255,Osd4,0.22917000000000001,4
2346,71,,,0,0,alive,,G37-18,F,S,Varåa 2,Varåa_1920,6779905,1314251,2019,2020,G37-18,4.6008,0.34,1.15,87.72222222,3.14,Torsby,1737,1.9811,0.0009,0.3151,0.1063,470.4285823,87.177255,Våa1,0.23801600000000001,4
2347,75,,,,0,alive,,G154-15,M,S,Varåa 2,Varåa_2021,6778330,1315485,2020,2021,,4.6424,0.32,1.15,86.48067633,3.11,Torsby,1737,2.0225,0.0009,0.3236,0.0405,462.4671276,88.08170136,Osd4,0.22917000000000001,4
2348,75,,,0,0,alive,,G37-18,F,S,Varåa 2,Varåa_2021,6778330,1315485,2020,2021,,4.6424,0.32,1.15,86.48067633,3.11,Torsby,1737,2.0225,0.0009,0.3236,0.0405,462.4671276,88.08170136,Våa1,0.23801600000000001,4
2349,83,1,,,1,disapp,,G154-15,M,S,Varåa 3,Varåa_2122,6776445.892,1313093.732,2021,2022,,4.5432,0.3,1.13,84.99516908,3.69,Trysil,3421,1.8712,0.0007,0.2378,0.0267,462.1694,91.0047,Osd4,0.22917000000000001,3
2350,83,1,1,1,1,disapp,,G37-18,F,S,Varåa 3,Varåa_2122,6776445.892,1313093.732,2021,2022,,4.5432,0.3,1.13,84.99516908,3.69,Trysil,3421,1.8712,0.0007,0.2378,0.0267,462.1694,91.0047,Våa1,0.23801600000000001,3
2351,49,,,,0,alive,,G16-09,M,S,VaråaHöljes  1,Varåa-Höljes_0910,6776340,1319679,2009,2010,G16-09,4.7182,0.28,1.07,88.06540563,2.7,Torsby,1737,3.1099,0.0002,0.0773,0.0167,451.8309483,90.75723197,Ny5,0.26953100000000002,1
2352,49,,1,1,1,disapp,confirmed_illegal,G16-10,F,S,VaråaHöljes  1,Varåa-Höljes_0910,6776340,1319679,2009,2010,G16-10,4.7182,0.28,1.07,88.06540563,2.7,Torsby,1737,3.1099,0.0002,0.0773,0.0167,451.8309483,90.75723197,Kyn2,0,1
2353,58,1,,,1,disapp,,G16-09,M,S,VaråaHöljes  2,Varåa-Höljes_1011,6778754,1317492,2010,2011,G16-09,4.6228,0.31,1.11,83.83333333,2.81,Torsby,1737,3.1693,0.0005,0.1643,0.0344,458.1527399,86.56951498,Ny5,0.26953100000000002,3
2354,58,1,1,1,1,disapp,,G16-10,F,S,VaråaHöljes  2,Varåa-Höljes_1011,6778754,1317492,2010,2011,G16-10,4.6228,0.31,1.11,83.83333333,2.81,Torsby,1737,3.1693,0.0005,0.1643,0.0344,458.1527399,86.56951498,Kyn2,0,3
2355,75,,,,0,alive,,G3-19,F,S,Vargavidderna,Vargavidderna_2021,6545808.097,1422977.343,2020,2021,,2.3608,0.36,1.27,60.99985868,16.65,Laxå,1860,2.3011,0,0,0.7849,115.3564,33.9803,Tiv2,0,3
2356,75,,,,,alive,,G104-11,M,S,Vargavidderna,Vargavidderna_2021,6545808.097,1422977.343,2020,2021,,2.3608,0.36,1.27,60.99985868,16.65,Laxå,1860,2.3011,0,0,0.7849,115.3564,33.9803,Kyn2,0,3
2357,83,,,,0,alive,,G3-19,F,S,Vargavidderna,Vargavidderna_2122,6546920.833,1424375.517,2021,2022,,2.3748,0.35,1.27,57.18390805,16.81,Laxå,1860,2.0828,0,0,0.8061,115.0769,33.2712,Tiv2,0,4
2358,83,,,,,alive,,G104-11,M,S,Vargavidderna,Vargavidderna_2122,6546920.833,1424375.517,2021,2022,,2.3748,0.35,1.27,57.18390805,16.81,Laxå,1860,2.0828,0,0,0.8061,115.0769,33.2712,Kyn2,0,4
2359,85,,,,2,censored,,G3-19,F,S,Vargavidderna,Vargavidderna_2223,6554706.173,1422126.245,2022,2023,,2.57,0.32,1.35,68.50823364,20.52,Degerfors,1862,1.8337,0,0,1.2127,113.8913,32.0321,Tiv2,0,3
2360,85,,,,,other,natural,G104-11,M,S,Vargavidderna,Vargavidderna_2223,6554706.173,1422126.245,2022,2023,,2.57,0.32,1.35,68.50823364,20.52,Degerfors,1862,1.8337,0,0,1.2127,113.8913,32.0321,Kyn2,0,3
2361,85,,,,2,censored,,G183-21,M,S,Vargmossen,Vargmossen_2223,6680282,1498087,2022,2023,,4.5886,0.3,1.43,84.57230769,16.99,Norberg,1962,1.933,0.0005,0.1795,2.0615,187.8619814,50.05447918,Jär1,0.251718,3
2362,85,,,2,2,censored,,G197-19,F,S,Vargmossen,Vargmossen_2223,6680282,1498087,2022,2023,,4.5886,0.3,1.43,84.57230769,16.99,Norberg,1962,1.933,0.0005,0.1795,2.0615,187.8619814,50.05447918,Gmy2,0.233371,3
2363,60,,,0,0,alive,,G15-11,F,S,Värnas,Värnäs_1112,6708055,1359398,2011,2012,G15-11,4.6117,0.26,0.8,80.54292929,2.96,Torsby,1737,3.602,0.0002,0.0731,0.1292,336.3400186,87.6271334,Äpp,0.27490199999999998,4
2364,60,,,,0,alive,,G33-11,M,S,Värnas,Värnäs_1112,6708055,1359398,2011,2012,G33-11,4.6117,0.26,0.8,80.54292929,2.96,Torsby,1737,3.602,0.0002,0.0731,0.1292,336.3400186,87.6271334,Ack,0.30590800000000001,4
2365,64,,,0,0,alive,,G15-11,F,S,Värnas,Värnäs_1213,6711536,1359903,2012,2013,G15-11,4.4716,0.26,0.78,82.1540404,2.82,Torsby,1737,3.5947,0.0001,0.0458,0.1334,350.0451466,93.11362249,Äpp,0.27490199999999998,5
2366,64,,,,0,alive,,G33-11,M,S,Värnas,Värnäs_1213,6711536,1359903,2012,2013,G33-11,4.4716,0.26,0.78,82.1540404,2.82,Torsby,1737,3.5947,0.0001,0.0458,0.1334,350.0451466,93.11362249,Ack,0.30590800000000001,5
2367,66,1,1,1,1,disapp,,G15-11,F,S,Värnas,Värnäs_1314,6742272,1349120,2013,2014,G15-11,5.1304,0.25,0.68,83.15686275,2.76,Torsby,1737,2.9452,0.001,0.3629,0.5529,445.135008,98.25652296,Äpp,0.27490199999999998,1
2368,66,1,,,1,disapp,,G33-11,M,S,Värnas,Värnäs_1314,6742272,1349120,2013,2014,G33-11,5.1304,0.25,0.68,83.15686275,2.76,Torsby,1737,2.9452,0.001,0.3629,0.5529,445.135008,98.25652296,Ack,0.30590800000000001,1
2369,60,,,,,other,legal,G50-11,M,S,Vassbo,Vassbo_1112,6871245,1316938,2011,2012,G50-11,3.2321,0.17,0.5,84.29545455,0.88,Älvdalen,2039,2.4311,0.0008,0.2875,0.0148,683.518839,82.20404033,Ful1,0.261963,1
2370,60,,,,,other,legal,G51-11,F,S,Vassbo,Vassbo_1112,6871245,1316938,2011,2012,G51-11,3.2321,0.17,0.5,84.29545455,0.88,Älvdalen,2039,2.4311,0.0008,0.2875,0.0148,683.518839,82.20404033,Snd2,0.35199000000000003,1
2371,68,,,0,0,alive,,G319-17,M,S,Venabäcken,Venabäcken_1819,6618279,1512356,2018,2019,G319-17,2.7857,0.43,1.3,67.19402985,42.11,Skinnskatteberg,1904,1.9,0,0.0004,2.1594,82.81570496,28.69563829,Fär2,0.222382,3
2372,68,,,,0,alive,,G55-17,F,S,Venabäcken,Venabäcken_1819,6618279,1512356,2018,2019,G55-17,2.7857,0.43,1.3,67.19402985,42.11,Skinnskatteberg,1904,1.9,0,0.0004,2.1594,82.81570496,28.69563829,Kes1,0.235539,3
2373,71,,1,1,1,disapp,,G319-17,M,S,Venabäcken,Venabäcken_1920,6617004,1508070,2019,2020,G319-17,2.8589,0.42,1.28,42.17676768,34.73,Skinnskatteberg,1904,2,0,0.004,1.6038,84.45645887,29.25210079,Fär2,0.222382,4
2374,71,,,,0,alive,,G55-17,F,S,Venabäcken,Venabäcken_1920,6617004,1508070,2019,2020,G55-17,2.8589,0.42,1.28,42.17676768,34.73,Skinnskatteberg,1904,2,0,0.004,1.6038,84.45645887,29.25210079,Kes1,0.235539,4
2375,75,,,0,0,alive,,G226-19,M,S,Venabäcken 2,Venabäcken_2021,6614528,1520720,2020,2021,,2.6083,0.54,1.38,56.30512821,78.23,Skinnskatteberg,1904,2.1,0,0,3.2539,63.95655462,31.9073498,Vid2,0.30667299999999997,3
2376,75,,,,0,alive,,G55-17,F,S,Venabäcken 2,Venabäcken_2021,6614528,1520720,2020,2021,,2.6083,0.54,1.38,56.30512821,78.23,Skinnskatteberg,1904,2.1,0,0,3.2539,63.95655462,31.9073498,Kes1,0.235539,3
2377,83,,,0,0,alive,,G226-19,M,S,Venabäcken 2,Venabäcken_2122,6616579.538,1511502.165,2021,2022,,2.7813,0.46,1.32,60.10858586,41.75,Skinnskatteberg,1904,1.9,0,0,2.2909,79.83770585,30.09266021,Vid2,0.30667299999999997,2
2378,83,,,,0,alive,,G55-17,F,S,Venabäcken 2,Venabäcken_2122,6616579.538,1511502.165,2021,2022,,2.7813,0.46,1.32,60.10858586,41.75,Skinnskatteberg,1904,1.9,0,0,2.2909,79.83770585,30.09266021,Kes1,0.235539,2
2379,85,,1,1,1,disapp,,G226-19,M,S,Venabäcken 2,Venabäcken_2223,6616848,1512306,2022,2023,,2.7727,0.45,1.33,66.57352941,43.9,Skinnskatteberg,1904,1.5,0,0.0011,2.3291,79.6035804,30.02152043,Vid2,0.30667299999999997,4
2381,85,,,2,2,censored,,G55-17,F,S,Venabäcken 3,Venabäcken_2223,6616848,1512306,2022,2023,,2.7727,0.45,1.33,66.57352941,43.9,Skinnskatteberg,1904,1.5,0,0.0011,2.3291,79.6035804,30.02152043,Kes1,0.235539,4
2382,72,,,,0,alive,,G147-15,F,S,Vidaln 1,Vidaln_1718,6597212,1495465,2017,2018,G147-15,2.7513,0.52,1.45,70.70572917,40.1,Örebro,1880,2.1722,0,0.0002,1.8818,52.85041659,25.75737742,Köl2,0.31961099999999998,2
2383,72,,,0,0,alive,,G83-14,M,S,Vidaln 1,Vidaln_1718,6597212,1495465,2017,2018,G83-14,2.7513,0.52,1.45,70.70572917,40.1,Örebro,1880,2.1722,0,0.0002,1.8818,52.85041659,25.75737742,Fär,0.29736299999999999,2
2384,68,,,,0,alive,,G147-15,F,S,Vidaln 1,Vidaln_1819,6601234,1497693,2018,2019,G147-15,2.7818,0.5,1.38,60.22564103,36.76,Örebro,1880,2.012,0,0,1.8678,56.16528278,28.79037017,Köl2,0.31961099999999998,2
2385,68,,1,1,1,disapp,,G83-14,M,S,Vidaln 1,Vidaln_1819,6601234,1497693,2018,2019,G83-14,2.7818,0.5,1.38,60.22564103,36.76,Örebro,1880,2.012,0,0,1.8678,56.16528278,28.79037017,Fär,0.29736299999999999,2
2386,71,,,,0,alive,,G147-15,F,S,Vidaln 2,Vidaln_1920,6596968,1493138,2019,2020,G147-15,2.7419,0.52,1.43,36.625,41.34,Örebro,1880,2.1311,0,0.0001,1.5739,55.06974776,25.19310036,Köl2,0.31961099999999998,2
2387,71,,,,,alive,,G45-19,M,S,Vidaln 2,Vidaln_1920,6596968,1493138,2019,2020,G45-19,2.7419,0.52,1.43,36.625,41.34,Örebro,1880,2.1311,0,0.0001,1.5739,55.06974776,25.19310036,Fär2,0.222382,2
2388,75,,,,2,censored,,G147-15,F,S,Vidaln 2,Vidaln_2021,6596514,1495559,2020,2021,,2.7314,0.52,1.46,53.33815586,41.31,Örebro,1880,2.1361,0,0,1.9139,51.86006849,25.1969059,Köl2,0.31961099999999998,3
2389,75,,,,,other,legal,G45-19,M,S,Vidaln 2,Vidaln_2021,6596514,1495559,2020,2021,,2.7314,0.52,1.46,53.33815586,41.31,Örebro,1880,2.1361,0,0,1.9139,51.86006849,25.1969059,Fär2,0.222382,3
2390,83,,,,0,alive,,G139-21,M,S,Viken 1,Viken_2122,6488045.227,1409863.41,2021,2022,,2.1526,0.55,1.37,47.55654762,34.25,Karlsborg,1446,2.3,0,0,1.148,118.7608097,35.15189339,Tans4,0.21252499999999999,1
2391,83,,,0,0,alive,,G164-17,F,S,Viken 1,Viken_2122,6488045.227,1409863.41,2021,2022,,2.1526,0.55,1.37,47.55654762,34.25,Karlsborg,1446,2.3,0,0,1.148,118.7608097,35.15189339,Tiv2,0,1
2392,85,,,,2,censored,,G139-21,M,S,Viken 1,Viken_2223,6492399,1411093,2022,2023,,2.2725,0.54,1.39,55.19661017,29.66,Karlsborg,1446,1.7,0,0,1.1238,117.4929562,33.28197422,Tans4,0.21252499999999999,1
2393,85,,,2,2,censored,,G164-17,F,S,Viken 1,Viken_2223,6492399,1411093,2022,2023,,2.2725,0.54,1.39,55.19661017,29.66,Karlsborg,1446,1.7,0,0,1.1238,117.4929562,33.28197422,Tiv2,0,1
2394,60,,,0,0,alive,,G23-11,F,S,Villingsberg 1,Villingsberg_1112,6577558,1440190,2011,2012,G23-11,3.3434,0.53,1.35,57.38541667,50.59,Lekeberg,1814,3.5,0,0,1.564,156.9660102,56.14961393,Lok2,0.26202399999999998,3
2395,60,,,,0,alive,,G68-11,M,S,Villingsberg 1,Villingsberg_1112,6577558,1440190,2011,2012,G68-11,3.3434,0.53,1.35,57.38541667,50.59,Lekeberg,1814,3.5,0,0,1.564,156.9660102,56.14961393,Jang5,0.29736299999999999,3
2396,64,,,0,0,alive,,G23-11,F,S,Villingsberg 1,Villingsberg_1213,6578715,1441229,2012,2013,G23-11,3.337,0.52,1.32,80.41546232,52.53,Lekeberg,1814,3.3,0,0,1.5015,158.8638521,57.31979453,Lok2,0.26202399999999998,3
2397,64,,,,0,alive,,G68-11,M,S,Villingsberg 1,Villingsberg_1213,6578715,1441229,2012,2013,G68-11,3.337,0.52,1.32,80.41546232,52.53,Lekeberg,1814,3.3,0,0,1.5015,158.8638521,57.31979453,Jang5,0.29736299999999999,3
2398,66,1,1,1,1,disapp,,G23-11,F,S,Villingsberg 1,Villingsberg_1314,6580012,1441578,2013,2014,G23-11,3.3805,0.51,1.31,59.1035263,53.83,Lekeberg,1814,2.9,0,0.0036,1.4631,161.97092,56.86004873,Lok2,0.26202399999999998,3
2399,66,1,,,1,disapp,,G68-11,M,S,Villingsberg 1,Villingsberg_1314,6580012,1441578,2013,2014,G68-11,3.3805,0.51,1.31,59.1035263,53.83,Lekeberg,1814,2.9,0,0.0036,1.4631,161.97092,56.86004873,Jang5,0.29736299999999999,3
2400,70,,1,1,1,disapp,,G60-14,M,S,Villingsberg 3,Villingsberg_1516,6583417,1446710,2015,2016,G60-14,3.3442,0.51,1.27,63.71818182,60.77,Lekeberg,1814,2.4,0,0,1.6454,156.8101765,61.87554737,Vill,0.32478299999999999,2
2401,70,,,,0,alive,,G97-15,F,S,Villingsberg 3,Villingsberg_1516,6583417,1446710,2015,2016,G97-15,3.3442,0.51,1.27,63.71818182,60.77,Lekeberg,1814,2.4,0,0,1.6454,156.8101765,61.87554737,Köl2,0.31961099999999998,2
2402,74,,,,0,alive,,G166-14,M,S,Villingsberg 4,Villingsberg_1617,6584030,1444565,2016,2017,G166-14,3.4709,0.49,1.26,64.04228856,59.08,Lekeberg,1814,2.4,0,0,1.4951,165.3132252,57.60034215,Julu9,0.157578,2
2403,74,,,0,0,alive,,G97-15,F,S,Villingsberg 4,Villingsberg_1617,6584030,1444565,2016,2017,G97-15,3.4709,0.49,1.26,64.04228856,59.08,Lekeberg,1814,2.4,0,0,1.4951,165.3132252,57.60034215,Köl2,0.31961099999999998,2
2404,72,,,,0,alive,,G166-14,M,S,Villingsberg 4,Villingsberg_1718,6584417,1441126,2017,2018,G166-14,3.548,0.5,1.3,79.25962495,56.06,Lekeberg,1814,2.3,0,0,1.3782,174.1990186,50.43606372,Julu9,0.157578,5
2405,72,,,0,0,alive,,G97-15,F,S,Villingsberg 4,Villingsberg_1718,6584417,1441126,2017,2018,G97-15,3.548,0.5,1.3,79.25962495,56.06,Lekeberg,1814,2.3,0,0,1.3782,174.1990186,50.43606372,Köl2,0.31961099999999998,5
2406,68,,,,0,alive,,G166-14,M,S,Villingsberg 4,Villingsberg_1819,6587050,1443786,2018,2019,G166-14,3.6205,0.48,1.29,70.29427083,57,Lekeberg,1814,2.3,0,0,1.383,174.9523292,52.98299537,Julu9,0.157578,4
2407,68,,,0,0,alive,,G97-15,F,S,Villingsberg 4,Villingsberg_1819,6587050,1443786,2018,2019,G97-15,3.6205,0.48,1.29,70.29427083,57,Lekeberg,1814,2.3,0,0,1.383,174.9523292,52.98299537,Köl2,0.31961099999999998,4
2408,71,1,,,1,disapp,,G166-14,M,S,Villingsberg 4,Villingsberg_1920,6587326,1444555,2019,2020,G166-14,3.6203,0.48,1.28,49.09114583,57.58,Lekeberg,1814,2.3,0,0,1.3714,173.6332069,54.11462822,Julu9,0.157578,3
2409,71,1,1,1,1,disapp,,G97-15,F,S,Villingsberg 4,Villingsberg_1920,6587326,1444555,2019,2020,G97-15,3.6203,0.48,1.28,49.09114583,57.58,Lekeberg,1814,2.3,0,0,1.3714,173.6332069,54.11462822,Köl2,0.31961099999999998,3
2410,75,,,,0,alive,,G108-19,M,S,Villingsberg 5,Villingsberg_2021,6588017,1446399,2020,2021,,3.5509,0.49,1.25,62.61237374,58.37,Lekeberg,1814,2.2,0,0,1.3431,169.277248,57.37248034,Vill4,0.23860500000000001,4
2411,75,,,0,0,alive,,G110-19,F,S,Villingsberg 5,Villingsberg_2021,6588017,1446399,2020,2021,,3.5509,0.49,1.25,62.61237374,58.37,Lekeberg,1814,2.2,0,0,1.3431,169.277248,57.37248034,Vill4,0.23860500000000001,4
2412,83,,,,0,alive,,G108-19,M,S,Villingsberg 5,Villingsberg_2122,6583908.175,1444994.292,2021,2022,,3.4492,0.49,1.26,62.78787879,62.29,Lekeberg,1814,2,0,0,1.5191,163.8118604,58.42389805,Vill4,0.23860500000000001,5
2413,83,,,0,0,alive,,G110-19,F,S,Villingsberg 5,Villingsberg_2122,6583908.175,1444994.292,2021,2022,,3.4492,0.49,1.26,62.78787879,62.29,Lekeberg,1814,2,0,0,1.5191,163.8118604,58.42389805,Vill4,0.23860500000000001,5
2414,85,,,,2,censored,,G108-19,M,S,Villingsberg 5,Villingsberg_2223,6583872,1443840,2022,2023,,3.4806,0.5,1.26,75.07825312,61.1,Lekeberg,1814,1.7,0,0.0004,1.4749,166.7576874,56.63940711,Vill4,0.23860500000000001,7
2415,85,,,2,2,censored,,G110-19,F,S,Villingsberg 5,Villingsberg_2223,6583872,1443840,2022,2023,,3.4806,0.5,1.26,75.07825312,61.1,Lekeberg,1814,1.7,0,0.0004,1.4749,166.7576874,56.63940711,Vill4,0.23860500000000001,7
2416,68,,,,0,alive,,G24-12,M,S,Vimyren 1,Vimyren_1415,6682381,1356036,2014,2015,G24-12,5.758,0.29,1.2,85.19444444,3.97,Torsby,1737,2.6,0.0002,0.0811,0.5069,242.8969039,84.26365555,Jang6,0.16552700000000001,6
2417,68,,,0,0,alive,,G86-15,F,S,Vimyren 1,Vimyren_1415,6682381,1356036,2014,2015,G86-15,5.758,0.29,1.2,85.19444444,3.97,Torsby,1737,2.6,0.0002,0.0811,0.5069,242.8969039,84.26365555,Klg,0.29718,6
2418,70,,,,0,alive,,G24-12,M,S,Vimyren 1,Vimyren_1516,6684008,1357853,2015,2016,G24-12,5.6728,0.28,1.16,75.16969697,3.98,Torsby,1737,1.9,0.0001,0.0482,0.3681,251.5909365,81.87635057,Jang6,0.16552700000000001,2
2419,70,,,0,0,alive,,G86-15,F,S,Vimyren 1,Vimyren_1516,6684008,1357853,2015,2016,G86-15,5.6728,0.28,1.16,75.16969697,3.98,Torsby,1737,1.9,0.0001,0.0482,0.3681,251.5909365,81.87635057,Klg,0.29718,2
2420,74,1,,,1,disapp,,G24-12,M,S,Vimyren 1,Vimyren_1617,6687503,1355390,2016,2017,G24-12,5.6795,0.26,1.11,79.52985075,3.48,Torsby,1737,1.8,0.0001,0.0453,0.3712,256.2350045,82.6934119,Jang6,0.16552700000000001,4
2421,74,1,1,1,1,disapp,,G86-15,F,S,Vimyren 1,Vimyren_1617,6687503,1355390,2016,2017,G86-15,5.6795,0.26,1.11,79.52985075,3.48,Torsby,1737,1.8,0.0001,0.0453,0.3712,256.2350045,82.6934119,Klg,0.29718,4
2422,72,,,,,other,legal,G204-17,F,S,Vimyren 2,Vimyren_1718,6686869,1358142,2017,2018,G204-17,5.5907,0.27,1.11,82.73134328,3.78,Torsby,1737,2,0.0003,0.1091,0.2358,259.811519,80.69524032,Vmy1,0.23388300000000001,4
2423,72,,,,,other,legal,G57-17,M,S,Vimyren 2,Vimyren_1718,6686869,1358142,2017,2018,G57-17,5.5907,0.27,1.11,82.73134328,3.78,Torsby,1737,2,0.0003,0.1091,0.2358,259.811519,80.69524032,Gård5,0.23801600000000001,4
2424,64,,,0,0,alive,,G14-13,F,S,Vismen 1,Vismen_1213,6574175,1414658,2012,2013,G14-13,3.055,0.44,1.58,78.09677419,31.7,Storfors,1760,3.6815,0,0,2.4755,121.8033431,34.94185283,Nora,0.15216099999999999,3
2425,64,,,,,alive,,G98-12,M,S,Vismen 1,Vismen_1213,6574175,1414658,2012,2013,G98-12,3.055,0.44,1.58,78.09677419,31.7,Storfors,1760,3.6815,0,0,2.4755,121.8033431,34.94185283,Has5,0.25683600000000001,3
2426,66,,1,1,1,disapp,,G14-13,F,S,Vismen 1,Vismen_1314,6574480,1412886,2013,2014,G14-13,2.9528,0.42,1.55,52.1420765,30.44,Storfors,1760,3.203,0,0.0005,2.4266,117.28828,37.22878858,Nora,0.15216099999999999,3
2427,66,,,,,other,veichle,G98-12,M,S,Vismen 1,Vismen_1314,6574480,1412886,2013,2014,G98-12,2.9528,0.42,1.55,52.1420765,30.44,Storfors,1760,3.203,0,0.0005,2.4266,117.28828,37.22878858,Has5,0.25683600000000001,3
2428,70,,,,2,censored,,G104-11,M,S,Vismen 2,Vismen_1516,6564487,1411865,2015,2016,G104-11,2.6134,0.38,1.43,60.45964912,26.71,Gullspång,1447,2.107,0,0,1.8445,105.8416573,38.9782707,Kyn2,0,0
2429,70,,1,1,1,disapp,,G13-15,F,S,Vismen 2,Vismen_1516,6564487,1411865,2015,2016,G13-15,2.6134,0.38,1.43,60.45964912,26.71,Gullspång,1447,2.107,0,0,1.8445,105.8416573,38.9782707,Vis1,0.21495400000000001,0
2430,75,,,,0,alive,,G24-20,M,S,Vismen 3,Vismen_2021,6567631,1412212,2020,2021,,2.7601,0.42,1.51,61.11494253,27.99,Storfors,1760,2.6179,0,0,2.1018,110.1624457,39.20421316,Vid2,0.30667299999999997,5
2431,75,,,0,0,alive,,G29-16,F,S,Vismen 3,Vismen_2021,6567631,1412212,2020,2021,,2.7601,0.42,1.51,61.11494253,27.99,Storfors,1760,2.6179,0,0,2.1018,110.1624457,39.20421316,Vis2,0.18371199999999999,5
2432,83,,,,0,alive,,G24-20,M,S,Vismen 3,Vismen_2122,6569342.413,1413743.465,2021,2022,,2.8812,0.44,1.53,57.28362573,29.77,Storfors,1760,2.385,0,0,2.2655,115.8359837,37.47783701,Vid2,0.30667299999999997,6
2433,83,,,0,0,alive,,G29-16,F,S,Vismen 3,Vismen_2122,6569342.413,1413743.465,2021,2022,,2.8812,0.44,1.53,57.28362573,29.77,Storfors,1760,2.385,0,0,2.2655,115.8359837,37.47783701,Vis2,0.18371199999999999,6
2434,85,1,,,1,disapp,,G24-20,M,S,Vismen 3,Vismen_2223,6569342.413,1413743.465,2022,2023,,2.8812,0.44,1.53,68.89420722,29.69,Storfors,1760,2.085,0,0,2.2655,115.8359837,37.47783701,Vid2,0.30667299999999997,5
2435,85,1,1,1,1,disapp,,G29-16,F,S,Vismen 3,Vismen_2223,6569342.413,1413743.465,2022,2023,,2.8812,0.44,1.53,68.89420722,29.69,Storfors,1760,2.085,0,0,2.2655,115.8359837,37.47783701,Vis2,0.18371199999999999,5
2436,68,,1,1,1,disapp,,G111-17,F,S,Visten,Visten_1819,6629528,1361879,2018,2019,G111-17,5.619,0.38,1.16,75.82526882,21.3,Kil,1715,2.3,0,0.0145,0.9177,152.8426491,69.98017662,Gård5,0.23801600000000001,4
2437,68,,,,0,alive,,G246-17,M,S,Visten,Visten_1819,6629528,1361879,2018,2019,G246-17,5.619,0.38,1.16,75.82526882,21.3,Kil,1715,2.3,0,0.0145,0.9177,152.8426491,69.98017662,Prä4,0.169262,4
2438,28,,,,0,alive,,G6-05,M,S,Voxna 1,Voxna_0405,6806768,1475301,2004,2005,G6-05,3.3658,0.19,1.12,78.85,5.84,Rättvik,2031,3.2396,0.0016,0.5705,0.0187,296.1138514,53.66689517,DE2,0.39843800000000001,2
2439,28,,,0,0,alive,,G7-05,F,S,Voxna 1,Voxna_0405,6806768,1475301,2004,2005,G7-05,3.3658,0.19,1.12,78.85,5.84,Rättvik,2031,3.2396,0.0016,0.5705,0.0187,296.1138514,53.66689517,Fur,0.1875,2
2440,29,,,,0,alive,,G6-05,M,S,Voxna 1,Voxna_0506,6813452,1475902,2005,2006,G6-05,3.4355,0.19,1.13,85.18115942,5.78,Rättvik,2031,2.862,0.0017,0.6272,0.0186,295.7020347,53.30816763,DE2,0.39843800000000001,0
2441,29,,,0,0,alive,,G7-05,F,S,Voxna 1,Voxna_0506,6813452,1475902,2005,2006,G7-05,3.4355,0.19,1.13,85.18115942,5.78,Rättvik,2031,2.862,0.0017,0.6272,0.0186,295.7020347,53.30816763,Fur,0.1875,0
2442,31,,,,0,alive,,G6-05,M,S,Voxna 1,Voxna_0607,6819181,1482453,2006,2007,G6-05,3.6223,0.2,1.21,86.64646465,5.84,Rättvik,2031,2.627,0.0018,0.6406,0.0187,290.194288,55.6966067,DE2,0.39843800000000001,2
2443,31,,,0,0,alive,,G7-05,F,S,Voxna 1,Voxna_0607,6819181,1482453,2006,2007,G7-05,3.6223,0.2,1.21,86.64646465,5.84,Rättvik,2031,2.627,0.0018,0.6406,0.0187,290.194288,55.6966067,Fur,0.1875,2
2444,37,,,,2,censored,,G6-05,M,S,Voxna 1,Voxna_0708,6813654,1491806,2007,2008,G6-05,3.7116,0.22,1.35,83.75952381,6.25,Rättvik,2031,2.405,0.0023,0.8235,0.5852,264.1047233,60.10396318,DE2,0.39843800000000001,3
2445,37,,1,1,1,disapp,,G7-05,F,S,Voxna 1,Voxna_0708,6813654,1491806,2007,2008,G7-05,3.7116,0.22,1.35,83.75952381,6.25,Rättvik,2031,2.405,0.0023,0.8235,0.5852,264.1047233,60.10396318,Fur,0.1875,3
