mod_id,id,sex,Country_fatefile,territory,Revir_Vinter,Autumn,Spring,Fate,confirmed.illegal,Radio.collar,Comment,geometry,NAME_1,NAME_2,KommunerNamn,SLU.ID,ruggedness_mean,average_gravel_km,average_paved_km,artificial_area_total,pop_mean,mean_snow,hunt_afo,hunt_county2,Fi,number_neighbour_terr,bear_density_BZtiff,mean_fi,max_fi,wolfLKill_cumall,wolfLKill_last5y,wolfLKill_n,NoAffectedSheep_cumall,NoAffectedSheep_last5y,NoAffectedSheep,sheepAttacks_n,AttackDogs_cumall,AttackDogs_last5y,AttackDogs_n,IndividualIncome,income_prop,year_average,first_yeardet,last_yeardet,years_firstdet,time_start,time_end
5,G35-16,M,N,Aurskog 5,Aurskog_1920,2019,2020,NA,NA,0,NA,list(),Akershus,Aurskog-Høland,NA,G35-16,0.335,1.18,0.61,0.00149,76.254,79.1380952380952,160.1,1.8,0.3106,4,1.82e-5,0.299038,0.3106,0,0,0,0,0,0,0,0,0,0,443400,1.4591160442059028,303882.6156156156,2018,2019,1,1,2
6,G80-17,F,N,Aurskog 5,Aurskog_1920,2019,2020,illegal,NA,0,NA,list(),Akershus,Aurskog-Høland,NA,G80-17,0.335,1.18,0.61,0.00149,76.254,79.1380952380952,160.1,1.8,0.287476,4,1.82e-5,0.299038,0.3106,0,0,0,0,0,0,0,0,0,0,443400,1.4591160442059028,303882.6156156156,2018,2019,1,1,2
137,G35-16,M,N,Aurskog 5,Aurskog_1819,2018,2019,NA,NA,0,NA,list(),Akershus,Aurskog-Høland,aurskog-høland,G35-16,0.353,1.06,0.7,0.00149,153.698,82.0555555555556,140.7,2,0.3106,4,1.18e-6,0.299038,0.3106,0,0,0,0,0,0,0,0,0,0,424300,1.4087591174648117,301187.04804804805,2018,2019,0,0,1
138,G80-17,F,N,Aurskog 5,Aurskog_1819,2018,2019,NA,NA,0,NA,list(),Akershus,Aurskog-Høland,aurskog-høland,G80-17,0.353,1.06,0.7,0.00149,153.698,82.0555555555556,140.7,2,0.287476,4,1.18e-6,0.299038,0.3106,0,0,0,0,0,0,0,0,0,0,424300,1.4087591174648117,301187.04804804805,2018,2019,0,0,1
229,G175-17,F,N,Sotsjöen 1,Sotsjøen_1819,2018,2019,illegal,NA,0,NA,list(),Akershus,Aurskog-Høland,aurskog-høland,G175-17,0.326,1.58,0.44,0,9.592,83.1818181818182,138.2,2.1,0.218197,5,1.3e-6,0.212573,0.218197,0,0,0,0,0,0,0,0,0,0,424300,1.4087591174648117,301187.04804804805,2018,2018,0,0,1
230,G58-17,M,N,Sotsjöen 1,Sotsjøen_1819,2018,2019,censored,NA,0,"moved to new territory, Skilingmark 3, in Sweden",list(),Akershus,Aurskog-Høland,aurskog-høland,G58-17,0.326,1.58,0.44,0,9.592,83.1818181818182,138.2,2.1,0.206949,5,1.3e-6,0.212573,0.218197,0,0,0,0,0,0,0,0,0,0,424300,1.4087591174648117,301187.04804804805,2018,2018,0,0,1
402,G107-16,M,N,Aurskog 4,Aurskog_1617,2016,2017,illegal,NA,0,NA,list(),Akershus,Aurskog-Høland,aurskog-høland,G107-16,0.353,1.06,0.7,0.00149,149.427,70.8352941176471,141.9,2.1,0.3106,3,7.4e-6,0.301937,0.3106,0,0,0,0,0,0,0,0,0,0,400700,1.36710630737643,293100.83483483485,2015,2016,1,1,2
403,G170-15,F,N,Aurskog 4,Aurskog_1617,2016,2017,illegal,NA,0,NA,list(),Akershus,Aurskog-Høland,aurskog-høland,G170-15,0.353,1.06,0.7,0.00149,149.427,70.8352941176471,141.9,2.1,0.293274,3,7.4e-6,0.301937,0.3106,0,0,0,0,0,0,0,0,0,0,400700,1.36710630737643,293100.83483483485,2015,2016,1,1,2
547,G107-16,M,N,Aurskog 4,Aurskog_1516,2015,2016,NA,NA,0,NA,list(),Akershus,Aurskog-Høland,aurskog-høland,G107-16,0.339,1.13,0.67,0.00149,72.368,65.296875,233.4,2.4,0.3106,3,1.44e-5,0.301937,0.3106,0,0,0,0,0,0,0,0,0,0,392600,1.3711190677399678,286335.45345345343,2015,2016,0,0,1
548,G170-15,F,N,Aurskog 4,Aurskog_1516,2015,2016,NA,NA,0,NA,list(),Akershus,Aurskog-Høland,aurskog-høland,G170-15,0.339,1.13,0.67,0.00149,72.368,65.296875,233.4,2.4,0.293274,3,1.44e-5,0.301937,0.3106,0,0,0,0,0,0,0,0,0,0,392600,1.3711190677399678,286335.45345345343,2015,2016,0,0,1
956,G111-10,M,N,Aurskog 3,Aurskog_1213,2012,2013,illegal,NA,0,NA,list(),Akershus,Aurskog-Høland,aurskog-høland,G111-10,0.314,1.43,0.51,9.2e-4,29.714,72.0220352564102,351.8,3,0.256958,2,0,0.255783,0.256958,0,0,0,0,0,0,0,0,0,0,352600,1.3298639352838013,265139.9069069069,2012,2012,0,0,1
957,G131-11,F,N,Aurskog 3,Aurskog_1213,2012,2013,illegal,NA,0,NA,list(),Akershus,Aurskog-Høland,aurskog-høland,G131-11,0.314,1.43,0.51,9.2e-4,29.714,72.0220352564102,351.8,3,0.254608,2,0,0.255783,0.256958,0,0,0,0,0,0,0,0,0,0,352600,1.3298639352838013,265139.9069069069,2012,2012,0,0,1
1085,G69-10,M,N,Aurskog 1,Aurskog_1112,2011,2012,illegal,NA,0,NA,list(),Akershus,Aurskog-Høland,aurskog-høland,G69-10,0.291,1.49,0.47,9.2e-4,26.048,82.3939393939394,NA,3,0.214844,0,1.1e-6,0.23590100000000003,0.256958,0,0,0,0,0,0,0,0,0,0,337300,1.3064170161593023,258187.08408408408,2010,2011,1,1,2
1086,G75-10,F,N,Aurskog 1,Aurskog_1112,2011,2012,illegal,NA,0,NA,list(),Akershus,Aurskog-Høland,aurskog-høland,G75-10,0.291,1.49,0.47,9.2e-4,26.048,82.3939393939394,NA,3,0.256958,0,1.1e-6,0.23590100000000003,0.256958,0,0,0,0,0,0,0,0,0,0,337300,1.3064170161593023,258187.08408408408,2010,2011,1,1,2
1204,G69-10,M,N,Aurskog 1,Aurskog_1011,2010,2011,NA,NA,0,NA,list(),Akershus,Aurskog-Høland,aurskog-høland,G69-10,0.333,1.12,0.67,0.00149,135.265,81.7708333333333,NA,3.3,0.214844,1,0,0.23590100000000003,0.256958,0,0,0,0,0,0,0,0,0,0,325300,1.263826797105613,257392.86486486485,2010,2011,0,0,1
1205,G75-10,F,N,Aurskog 1,Aurskog_1011,2010,2011,NA,NA,0,NA,list(),Akershus,Aurskog-Høland,aurskog-høland,G75-10,0.333,1.12,0.67,0.00149,135.265,81.7708333333333,NA,3.3,0.256958,1,0,0.23590100000000003,0.256958,0,0,0,0,0,0,0,0,0,0,325300,1.263826797105613,257392.86486486485,2010,2011,0,0,1
1807,M-02-11,F,N,Mangen 1 (N. f.d. Årjäng),Mangen_0203,2002,2003,NA,NA,1,NA,list(),Akershus,Aurskog-Høland,aurskog-høland,M-02-11,0.32,1.59,0.48,0,13.006,76.3679924242424,NA,3.6,0.234375,1,6.96e-5,0.265625,0.296875,0,0,0,0,0,0,0,0,0,0,239200,1.0424607327108961,229457.08408408408,2002,2003,0,0,1
1808,M-02-14/G28-03,M,N,Mangen 1 (N. f.d. Årjäng),Mangen_0203,2002,2003,NA,NA,1,NA,list(),Akershus,Aurskog-Høland,aurskog-høland,M-02-14,0.32,1.59,0.48,0,13.006,76.3679924242424,NA,3.6,0.296875,1,6.96e-5,0.265625,0.296875,0,0,0,0,0,0,0,0,0,0,239200,1.0424607327108961,229457.08408408408,2002,2003,0,0,1
1849,M-00-01,M,N,Årjangkongsvinger,Årjäng-Kongsvinger_0102,2001,2002,illegal,1,1,NA,list(),Akershus,Aurskog-Høland,aurskog-høland,M-00-01,0.327,1.51,0.43,0,8.746,76.90625,NA,3.8,0.125,0,0,0.125,0.125,0,0,0,0,0,0,0,0,0,0,226600,1.011579638903428,224006.0903614458,1998,2001,3,3,4
1850,M-00-02,F,N,Årjangkongsvinger,Årjäng-Kongsvinger_0102,2001,2002,censored,NA,1,NA,list(),Akershus,Aurskog-Høland,aurskog-høland,M-00-02,0.327,1.51,0.43,0,8.746,76.90625,NA,3.8,0.125,0,0,0.125,0.125,0,0,0,0,0,0,0,0,0,0,226600,1.011579638903428,224006.0903614458,1998,2001,3,3,4
1879,M-00-01,M,N,Årjangkongsvinger,Årjäng-Kongsvinger_0001,2000,2001,NA,NA,1,NA,list(),Akershus,Aurskog-Høland,aurskog-høland,M-00-01,0.32,1.57,0.46,0,11.617,64.546875,NA,3.5,0.125,0,2.03e-5,0.125,0.125,0,0,0,0,0,0,0,0,0,0,216300,0.981365915030829,220407.0843373494,1998,2001,2,2,3
1880,M-00-02,F,N,Årjangkongsvinger,Årjäng-Kongsvinger_0001,2000,2001,NA,NA,1,NA,list(),Akershus,Aurskog-Høland,aurskog-høland,M-00-02,0.32,1.57,0.46,0,11.617,64.546875,NA,3.5,0.125,0,2.03e-5,0.125,0.125,0,0,0,0,0,0,0,0,0,0,216300,0.981365915030829,220407.0843373494,1998,2001,2,2,3
1899,M-00-01,M,N,Årjangkongsvinger,Årjäng-Kongsvinger_9900,1999,2000,NA,NA,1,NA,list(),Akershus,Aurskog-Høland,aurskog-høland,M-00-01,0.321,1.61,0.47,0,12.467,NA,NA,3.4,0.125,0,0,0.125,0.125,NA,NA,NA,0,0,0,0,0,0,0,202800,0.9444688040507502,214723.8734939759,1998,2001,1,1,2
1900,M-00-02,F,N,Årjangkongsvinger,Årjäng-Kongsvinger_9900,1999,2000,NA,NA,1,NA,list(),Akershus,Aurskog-Høland,aurskog-høland,M-00-02,0.321,1.61,0.47,0,12.467,NA,NA,3.4,0.125,0,0,0.125,0.125,NA,NA,NA,0,0,0,0,0,0,0,202800,0.9444688040507502,214723.8734939759,1998,2001,1,1,2
127,G152-15,F,N,Östmarka 5,Østmarka_1920,2019,2020,censored,NA,0,NA,list(),Akershus,Enebakk,NA,G152-15,0.401,1.16,1.54,0.03183,321.382,77.6770833333333,37.9,1.7,0.423096,1,1.84e-6,0.41940500000000003,0.423096,0,0,0,0,0,0,0,0,0,0,467400,1.5380939085742873,303882.6156156156,2019,2019,0,0,1
128,G309-17,M,N,Östmarka 5,Østmarka_1920,2019,2020,illegal,NA,0,NA,list(),Akershus,Enebakk,NA,G309-17,0.401,1.16,1.54,0.03183,321.382,77.6770833333333,37.9,1.7,0.415714,1,1.84e-6,0.41940500000000003,0.423096,0,0,0,0,0,0,0,0,0,0,467400,1.5380939085742873,303882.6156156156,2019,2019,0,0,1
255,G152-15,F,N,Östmarka 4,Østmarka_1819,2018,2019,NA,NA,0,NA,list(),Akershus,Enebakk,enebakk,G152-15,0.407,1.14,1.43,0.02358,316.191,81.9646464646465,45.6,1.9,0.423096,2,1e-7,0.3295945,0.423096,0,0,0,0,0,0,0,0,0,0,455700,1.5130132685098154,301187.04804804805,2018,2018,0,0,1
256,G297-17,M,N,Östmarka 4,Østmarka_1819,2018,2019,censored,NA,0,"left Östmarka summer 2019, moved to new territory, Boksjö 3 in Sweden, where he establiched winter/spring 2021",list(),Akershus,Enebakk,enebakk,G297-17,0.407,1.14,1.43,0.02358,316.191,81.9646464646465,45.6,1.9,0.236093,2,1e-7,0.3295945,0.423096,0,0,0,0,0,0,0,0,0,0,455700,1.5130132685098154,301187.04804804805,2018,2018,0,0,1
393,G152-15,F,N,Östmarka 3,Østmarka_1718,2017,2018,NA,NA,0,NA,list(),Akershus,Enebakk,enebakk,G152-15,0.412,1.16,1.54,0.03365,299.166,69.8484848484848,47.6,2.1,0.423096,0,0,0.3606185,0.423096,0,0,0,0,0,0,0,0,0,0,444900,1.4947664755099375,297638.46546546544,2016,2017,1,1,2
394,G72-16,M,N,Östmarka 3,Østmarka_1718,2017,2018,illegal,NA,0,NA,list(),Akershus,Enebakk,enebakk,G72-16,0.412,1.16,1.54,0.03365,299.166,69.8484848484848,47.6,2.1,0.298141,0,0,0.3606185,0.423096,0,0,0,0,0,0,0,0,0,0,444900,1.4947664755099375,297638.46546546544,2016,2017,1,1,2
675,G144-14,F,N,Östmarka 2,Østmarka_1516,2015,2016,other,NA,0,"Could have died in scabies, as the male had it",list(),Akershus,Enebakk,enebakk,G144-14,0.409,1.1,1.07,0.0152,296.856,66.1111111111111,64,2.4,0.217712,1,2.08e-6,0.23733500000000002,0.256958,0,0,0,0,0,0,0,0,0,0,437500,1.5279281511366172,286335.45345345343,2014,2015,1,1,2
676,G86-11,M,N,Östmarka 2,Østmarka_1516,2015,2016,other,NA,0,Scabies,list(),Akershus,Enebakk,enebakk,G86-11,0.409,1.1,1.07,0.0152,296.856,66.1111111111111,64,2.4,0.256958,1,2.08e-6,0.23733500000000002,0.256958,0,0,0,0,0,0,0,0,0,0,437500,1.5279281511366172,286335.45345345343,2014,2015,1,1,2
942,G46-13,F,N,Östmarka 1,Østmarka_1314,2013,2014,illegal,NA,0,NA,list(),Akershus,Enebakk,enebakk,G46-13,0.4,1.17,1.6,0.03636,281.085,76.7760416666667,57,2.5,0.138855,0,0,0.1979065,0.256958,0,0,0,0,0,0,0,0,0,0,405800,1.492719563042109,271852.8048048048,2012,2013,1,1,2
943,G86-11,M,N,Östmarka 1,Østmarka_1314,2013,2014,NA,NA,0,NA,list(),Akershus,Enebakk,enebakk,G86-11,0.4,1.17,1.6,0.03636,281.085,76.7760416666667,57,2.5,0.256958,0,0,0.1979065,0.256958,0,0,0,0,0,0,0,0,0,0,405800,1.492719563042109,271852.8048048048,2012,2013,1,1,2
1052,G18-10,F,N,Skugghöjden,Østmarka_1213,2012,2013,NA,NA,0,NA,list(),Akershus,Enebakk,enebakk,G18-10,0.398,1.19,1.75,0.03968,271.533,69.2280092592593,60.9,2.8,0.276123,1,0,0.1440641739130435,0.276123,0,0,0,0,0,0,0,0,0,0,389500,1.4690357424646643,265139.9069069069,2009,2019,3,3,4
1073,G46-13,F,N,Östmarka 1,Østmarka_1213,2012,2013,NA,NA,0,NA,list(),Akershus,Enebakk,enebakk,G46-13,0.398,1.19,1.75,0.03968,271.533,69.2280092592593,60.9,2.8,0.138855,1,0,0.1979065,0.256958,0,0,0,0,0,0,0,0,0,0,389500,1.4690357424646643,265139.9069069069,2012,2013,0,0,1
1074,G86-11,M,N,Östmarka 1,Østmarka_1213,2012,2013,NA,NA,0,NA,list(),Akershus,Enebakk,enebakk,G86-11,0.398,1.19,1.75,0.03968,271.533,69.2280092592593,60.9,2.8,0.256958,1,0,0.1979065,0.256958,0,0,0,0,0,0,0,0,0,0,389500,1.4690357424646643,265139.9069069069,2012,2013,0,0,1
810,G144-14,F,N,Östmarka 2,Østmarka_1415,2014,2015,NA,NA,0,NA,list(),Akershus,Lørenskog,enebakk,G144-14,0.398,1.2,1.86,0.04327,280.369,58.3372596153846,48.5,2.4,0.217712,0,6.8e-7,0.23733500000000002,0.256958,0,0,0,0,0,0,0,0,0,0,450100,1.6280399130810062,276467.42342342343,2014,2015,0,0,1
811,G86-11,M,N,Östmarka 2,Østmarka_1415,2014,2015,NA,NA,0,NA,list(),Akershus,Lørenskog,enebakk,G86-11,0.398,1.2,1.86,0.04327,280.369,58.3372596153846,48.5,2.4,0.256958,0,6.8e-7,0.23733500000000002,0.256958,0,0,0,0,0,0,0,0,0,0,450100,1.6280399130810062,276467.42342342343,2014,2015,0,0,1
199,G172-14,F,N,Mangen 5,Mangen_1819,2018,2019,illegal,NA,0,NA,list(),Akershus,Nesodden,nes,G172-14,0.293,1.66,0.45,0.00129,18.642,83.359375,162.8,1.9,0.139008,3,2.04e-5,0.197695,0.256382,0,0,0,0,0,0,0,0,0,0,503300,1.6710545930238976,301187.04804804805,2016,2018,2,2,3
200,G124-17,M,N,Mangen 5,Mangen_1819,2018,2019,NA,NA,0,NA,list(),Akershus,Nesodden,nes,G124-17,0.293,1.66,0.45,0.00129,18.642,83.359375,162.8,1.9,0.256382,3,2.04e-5,0.197695,0.256382,0,0,0,0,0,0,0,0,0,0,503300,1.6710545930238976,301187.04804804805,2016,2018,2,2,3
339,172-14,F,N,Mangen 5,Mangen_1718,2017,2018,NA,NA,0,NA,list(),Akershus,Nesodden,nes,G172-14,0.29,1.64,0.45,0.00123,18.43,77.4010416666667,174.2,2,0.139008,1,4.9e-6,0.197695,0.256382,0,0,0,0,0,0,0,0,0,0,487800,1.6389010715975443,297638.46546546544,2016,2018,1,1,2
340,G124-17,M,N,Mangen 5,Mangen_1718,2017,2018,NA,NA,0,NA,list(),Akershus,Nesodden,nes,G124-17,0.29,1.64,0.45,0.00123,18.43,77.4010416666667,174.2,2,0.256382,1,4.9e-6,0.197695,0.256382,0,0,0,0,0,0,0,0,0,0,487800,1.6389010715975443,297638.46546546544,2016,2018,1,1,2
623,172-14,F,N,Mangen 4,Mangen_1516,2015,2016,NA,NA,0,NA,list(),Akershus,Nesodden,nes,G172-14,0.291,1.69,0.6,0.0044,18.087,72.5294117647059,185.4,2.2,0.139008,3,5.65e-5,0.224804,0.3106,0,0,0,0,0,0,0,0,0,0,467500,1.6327003672145566,286335.45345345343,2014,2015,1,1,2
624,G18-13,M,N,Mangen 4,Mangen_1516,2015,2016,illegal,NA,0,NA,list(),Akershus,Nesodden,nes,G18-13,0.291,1.69,0.6,0.0044,18.087,72.5294117647059,185.4,2.2,0.3106,3,5.65e-5,0.224804,0.3106,0,0,0,0,0,0,0,0,0,0,467500,1.6327003672145566,286335.45345345343,2014,2015,1,1,2
1776,M-02-11,F,N,Mangen 1 (N. f.d. Årjäng),Mangen_0304,2003,2004,censored,NA,1,NA,list(),Akershus,Nesodden,nes,M-02-11,0.288,1.56,0.4,0,23.94,77.696774193548407,NA,3.2,0.234375,0,0,0.265625,0.296875,0,0,0,0,0,0,0,0,0,0,293900,1.2595727902717424,233333.0810810811,2002,2003,1,1,2
1777,M-02-14/G28-03,M,N,Mangen 1 (N. f.d. Årjäng),Mangen_0304,2003,2004,traffic,NA,1,killed by car while groggy after capture,list(),Akershus,Nesodden,nes,M-02-14,0.288,1.56,0.4,0,23.94,77.696774193548407,NA,3.2,0.296875,0,0,0.265625,0.296875,0,0,0,0,0,0,0,0,0,0,293900,1.2595727902717424,233333.0810810811,2002,2003,1,1,2
538,G152-15,F,N,Östmarka 3,Østmarka_1617,2016,2017,NA,NA,0,NA,list(),Akershus,Rælingen,enebakk,G152-15,0.405,1.19,1.7,0.0384,295.469,69.94375,42,1.9,0.423096,1,2.12e-6,0.3606185,0.423096,0,0,0,0,0,0,0,0,0,0,461200,1.5735199125580472,293100.83483483485,2016,2017,0,0,1
539,G72-16,M,N,Östmarka 3,Østmarka_1617,2016,2017,NA,NA,0,NA,list(),Akershus,Rælingen,enebakk,G72-16,0.405,1.19,1.7,0.0384,295.469,69.94375,42,1.9,0.298141,1,2.12e-6,0.3606185,0.423096,0,0,0,0,0,0,0,0,0,0,461200,1.5735199125580472,293100.83483483485,2016,2017,0,0,1
11,G213-17,F,N,Boksjö 2,Boksjø_1920,2019,2020,NA,NA,0,NA,list(),Ãstfold,Aremark,NA,G213-17,0.361,1.31,0.49,8.2e-4,30.451,58.3879928315412,88.1,2.2,0.121395,0,0,0.0606975,0.121395,0,0,0,0,0,0,0,0,0,0,434200,1.428841196198022,303882.6156156156,2019,2019,0,0,1
12,G2-19,M,N,Boksjö 2,Boksjø_1920,2019,2020,NA,NA,0,NA,list(),Ãstfold,Aremark,NA,G2-19,0.361,1.31,0.49,8.2e-4,30.451,58.3879928315412,88.1,2.2,0,0,0,0.0606975,0.121395,0,0,0,0,0,0,0,0,0,0,434200,1.428841196198022,303882.6156156156,2019,2019,0,0,1
1091,G1-08,F,N,Dals Ed 6,Dals Ed-Eidsberg_1112,2011,2012,NA,NA,0,NA,list(),Ãstfold,Aremark,aremark,G1-08,0.382,1.28,0.49,0.00148,14.343,80.3888888888889,NA,3.2,0.290039,0,0,0.2524415,0.290039,0,0,0,0,0,0,0,0,0,0,352500,1.3652890548359147,258187.08408408408,2011,2012,0,0,1
1092,G71-10,M,N,Dals Ed 6,Dals Ed-Eidsberg_1112,2011,2012,NA,NA,0,NA,list(),Ãstfold,Aremark,aremark,G71-10,0.382,1.28,0.49,0.00148,14.343,80.3888888888889,NA,3.2,0.214844,0,0,0.2524415,0.290039,0,0,0,0,0,0,0,0,0,0,352500,1.3652890548359147,258187.08408408408,2011,2012,0,0,1
1296,G106-11,F,N,Stora Le,Stora Le_1011,2010,2011,illegal,NA,0,NA,list(),Ãstfold,Aremark,aremark,G106-11,0.412,1.11,0.38,0,14.191,83.2365591397849,NA,3.4,0.256958,2,0,0.32769800000000004,0.398438,0,0,0,0,0,0,0,0,0,0,321500,1.2490633731000755,257392.86486486485,2010,2010,0,0,1
1297,G25-06,M,N,Stora Le,Stora Le_1011,2010,2011,illegal,NA,0,NA,list(),Ãstfold,Aremark,aremark,G25-06,0.412,1.11,0.38,0,14.191,83.2365591397849,NA,3.4,0.398438,2,0,0.32769800000000004,0.398438,0,0,0,0,0,0,0,0,0,0,321500,1.2490633731000755,257392.86486486485,2010,2010,0,0,1
267,G31-17,M,N,Boksjö 1,Boksjø_1718,2017,2018,illegal,NA,0,NA,list(),Ãstfold,Halden,halden,G31-17,0.398,1.22,0.43,4.3e-4,20.24,61.8767148683723,75.2,2.8,0.231424,0,0,0.17056749999999998,0.231424,0,0,0,0,0,0,0,0,0,0,397500,1.3355128658467075,297638.46546546544,2016,2017,1,1,2
268,G79-15,F,N,Boksjö 1,Boksjø_1718,2017,2018,censored,NA,0,Tiken senast reg 2019-04-22,list(),Ãstfold,Halden,halden,G79-15,0.398,1.22,0.43,4.3e-4,20.24,61.8767148683723,75.2,2.8,0.109711,0,0,0.17056749999999998,0.231424,0,0,0,0,0,0,0,0,0,0,397500,1.3355128658467075,297638.46546546544,2016,2017,1,1,2
962,G1-08,F,N,Dals Ed 6,Dals Ed-Eidsberg_1213,2012,2013,censored,NA,0,NA,list(),Ãstfold,Halden,dals-ed,G1-08,0.403,1.22,0.41,5.9e-4,19.307,63.3873737373737,66.2,3.3,0.290039,0,0,0.2524415,0.290039,0,0,0,0,0,0,0,0,0,0,339700,1.2812103766758574,265139.9069069069,2011,2012,1,1,2
963,G71-10,M,N,Dals Ed 6,Dals Ed-Eidsberg_1213,2012,2013,illegal,NA,0,NA,list(),Ãstfold,Halden,dals-ed,G71-10,0.403,1.22,0.41,5.9e-4,19.307,63.3873737373737,66.2,3.3,0.214844,0,0,0.2524415,0.290039,0,0,0,0,0,0,0,0,0,0,339700,1.2812103766758574,265139.9069069069,2011,2012,1,1,2
1210,G1-08,F,N,Dals Ed 5,DalsEd-Halden_1011,2010,2011,NA,NA,0,NA,list(),Ãstfold,Halden,halden,G1-08,0.389,1.21,0.38,0.00362,18.34,82.9141414141414,NA,2.9,0.290039,3,0,0.258545,0.290039,0,0,0,0,0,0,0,0,0,0,310000,1.2043845899254226,257392.86486486485,2007,2010,3,3,4
1211,G28-07,M,N,Dals Ed 5,DalsEd-Halden_1011,2010,2011,illegal,NA,0,NA,list(),Ãstfold,Halden,halden,G28-07,0.389,1.21,0.38,0.00362,18.34,82.9141414141414,NA,2.9,0.227051,3,0,0.258545,0.290039,0,0,0,0,0,0,0,0,0,0,310000,1.2043845899254226,257392.86486486485,2007,2010,3,3,4
1332,G1-08,F,N,Dals Ed 5,Dals Ed-Halden_0910,2009,2010,NA,NA,0,NA,list(),Ãstfold,Halden,halden,G1-08,0.398,1.25,0.49,0.00122,18.665,80.9956206206206,NA,2.9,0.290039,2,0,0.258545,0.290039,0,0,0,0,0,0,0,0,0,0,300600,1.1611781747947851,258875,2007,2010,2,2,3
1333,G28-07,M,N,Dals Ed 5,Dals Ed-Halden_0910,2009,2010,NA,NA,0,NA,list(),Ãstfold,Halden,halden,G28-07,0.398,1.25,0.49,0.00122,18.665,80.9956206206206,NA,2.9,0.227051,2,0,0.258545,0.290039,0,0,0,0,0,0,0,0,0,0,300600,1.1611781747947851,258875,2007,2010,2,2,3
1374,G5-07,F,N,Linnekleppen,Linnekleppen_0910,2009,2010,NA,NA,0,NA,list(),Ãstfold,Halden,halden,G5-07,0.33,1.32,0.62,0.00203,27.953,80.9791666666667,NA,3.3,0.283203,1,0,0.2490235,0.283203,0,0,0,0,0,0,0,0,0,0,300600,1.1611781747947851,258875,2009,2010,0,0,1
1375,M-11-07/G71-10,M,N,Linnekleppen,Linnekleppen_0910,2009,2010,NA,NA,1,NA,list(),Ãstfold,Halden,halden,G71-10,0.33,1.32,0.62,0.00203,27.953,80.9791666666667,NA,3.3,0.214844,1,0,0.2490235,0.283203,0,0,0,0,0,0,0,0,0,0,300600,1.1611781747947851,258875,2009,2010,0,0,1
1434,G1-08,F,N,Dals Ed 5,DalsEd-Halden_0809,2008,2009,NA,NA,0,NA,list(),Ãstfold,Halden,halden,G1-08,0.4,1.23,0.43,5.9e-4,18.558,52.489898989899,NA,2.8,0.290039,1,0,0.258545,0.290039,0,0,0,0,0,0,0,0,0,0,296300,1.1653609236327351,254255.993993994,2007,2010,1,1,2
1435,G28-07,M,N,Dals Ed 5,DalsEd-Halden_0809,2008,2009,NA,NA,0,NA,list(),Ãstfold,Halden,halden,G28-07,0.4,1.23,0.43,5.9e-4,18.558,52.489898989899,NA,2.8,0.227051,1,0,0.258545,0.290039,0,0,0,0,0,0,0,0,0,0,296300,1.1653609236327351,254255.993993994,2007,2010,1,1,2
1512,G1-08,F,N,Dals Ed 5,Dals Ed-Halden_0708,2007,2008,NA,NA,0,NA,list(),Ãstfold,Halden,halden,G1-08,0.391,1.22,0.4,0.00291,18.45,57.3208333333333,NA,2.6,0.290039,1,0,0.258545,0.290039,0,0,0,0,0,0,0,0,0,0,277300,1.1035004763743854,251291.23723723725,2007,2010,0,0,1
1513,G28-07,M,N,Dals Ed 5,Dals Ed-Halden_0708,2007,2008,NA,NA,0,NA,list(),Ãstfold,Halden,halden,G28-07,0.391,1.22,0.4,0.00291,18.45,57.3208333333333,NA,2.6,0.227051,1,0,0.258545,0.290039,0,0,0,0,0,0,0,0,0,0,277300,1.1035004763743854,251291.23723723725,2007,2010,0,0,1
1587,G11-06,M,N,Dals Ed 4,Dals Ed-Halden_0607,2006,2007,illegal,NA,0,NA,list(),Ãstfold,Halden,dals-ed,G11-06,0.379,1.22,0.38,0.0048,18.05,80.8087121212121,NA,2.6,0.269531,0,0,0.251953,0.269531,0,0,0,0,0,0,0,0,0,0,256400,1.0400728035857425,246521.2042042042,2005,2006,1,1,2
1588,M-03-07,F,N,Dals Ed 4,Dals Ed-Halden_0607,2006,2007,illegal,NA,1,NA,list(),Ãstfold,Halden,dals-ed,M-03-07,0.379,1.22,0.38,0.0048,18.05,80.8087121212121,NA,2.6,0.234375,0,0,0.251953,0.269531,0,0,0,0,0,0,0,0,0,0,256400,1.0400728035857425,246521.2042042042,2005,2006,1,1,2
85,G129-17,F,N,Römskog 3,Rømskog_1920,2019,2020,NA,NA,0,NA,list(),Ãstfold,Marker,NA,G129-17,0.349,1.28,0.42,0.00101,17.37,73.5416666666667,85.8,2.2,0.218197,4,5.87e-6,0.2336415,0.249086,0,0,0,0,0,0,0,0,0,0,426600,1.4038315391480338,303882.6156156156,2019,2019,0,0,1
86,G34-18,M,N,Römskog 3,Rømskog_1920,2019,2020,NA,NA,0,NA,list(),Ãstfold,Marker,NA,G34-18,0.349,1.28,0.42,0.00101,17.37,73.5416666666667,85.8,2.2,0.249086,4,5.87e-6,0.2336415,0.249086,0,0,0,0,0,0,0,0,0,0,426600,1.4038315391480338,303882.6156156156,2019,2019,0,0,1
361,G129-17,F,N,Römskog 2,Rømskog_1718,2017,2018,NA,NA,0,NA,list(),Ãstfold,Marker,marker,G129-17,0.355,1.27,0.44,0.00189,17.348,67.847619047619,96.9,2.4,0.218197,2,0,0.2202895,0.222382,0,0,0,0,0,0,0,0,0,0,398300,1.3382006904823738,297638.46546546544,2016,2018,1,1,2
362,G66-17,M,N,Römskog 2,Rømskog_1718,2017,2018,NA,NA,0,NA,list(),Ãstfold,Marker,marker,G66-17,0.355,1.27,0.44,0.00189,17.348,67.847619047619,96.9,2.4,0.222382,2,0,0.2202895,0.222382,0,0,0,0,0,0,0,0,0,0,398300,1.3382006904823738,297638.46546546544,2016,2018,1,1,2
1262,G5-07,F,N,Linnekleppen,Linnekleppen_1011,2010,2011,illegal,NA,0,NA,list(),Ãstfold,Rakkestad,rakkestad,G5-07,0.325,1.27,0.56,0.00093000000000000005,28.532,80.5490196078431,NA,3.3,0.283203,2,0,0.2490235,0.283203,0,0,0,0,0,0,0,0,0,0,320200,1.2440127280455495,257392.86486486485,2009,2010,1,1,2
1263,M-11-07/G71-10,M,N,Linnekleppen,Linnekleppen_1011,2010,2011,censored,NA,1,NA,list(),Ãstfold,Rakkestad,rakkestad,G71-10,0.325,1.27,0.56,0.00093000000000000005,28.532,80.5490196078431,NA,3.3,0.214844,2,0,0.2490235,0.283203,0,0,0,0,0,0,0,0,0,0,320200,1.2440127280455495,257392.86486486485,2009,2010,1,1,2
93,G31-19,F,N,Skillingmark 3,Skillingmark_1920,2019,2020,censored,NA,0,NA,list(),Ãstfold,Rømskog,NA,G31-19,0.336,1.29,0.34,0,9.43,78.5260416666667,49.3,2.3,0.206949,4,1.88e-5,0.206949,0.206949,0,0,0,0,0,0,0,0,0,0,437200,1.4387134292440702,303882.6156156156,2019,2019,0,0,1
94,G58-17,M,N,Skillingmark 3,Skillingmark_1920,2019,2020,illegal,NA,0,NA,list(),Ãstfold,Rømskog,NA,G58-17,0.336,1.29,0.34,0,9.43,78.5260416666667,49.3,2.3,0.206949,4,1.88e-5,0.206949,0.206949,0,0,0,0,0,0,0,0,0,0,437200,1.4387134292440702,303882.6156156156,2019,2019,0,0,1
215,G129-17,F,N,Römskog 2,Rømskog_1819,2018,2019,NA,NA,0,NA,list(),Ãstfold,Rømskog,rømskog,G129-17,0.348,1.26,0.34,1e-4,17.353,83,96,2.2,0.218197,5,0,0.2202895,0.222382,0,0,0,0,0,0,0,0,0,0,447400,1.4854556425966456,301187.04804804805,2016,2018,2,2,3
216,G66-17,M,N,Römskog 2,Rømskog_1819,2018,2019,illegal,NA,0,NA,list(),Ãstfold,Rømskog,rømskog,G66-17,0.348,1.26,0.34,1e-4,17.353,83,96,2.2,0.222382,5,0,0.2202895,0.222382,0,0,0,0,0,0,0,0,0,0,447400,1.4854556425966456,301187.04804804805,2016,2018,2,2,3
508,G129-17,F,N,Römskog 2,Rømskog_1617,2016,2017,NA,NA,0,NA,list(),Ãstfold,Rømskog,rømskog,G129-17,0.342,1.26,0.35,0,17.269,72.0875,106,2.2,0.218197,3,3.5e-7,0.2202895,0.222382,0,0,0,0,0,0,0,0,0,0,395500,1.3493649727161918,293100.83483483485,2016,2018,0,0,1
509,G66-17,M,N,Römskog 2,Rømskog_1617,2016,2017,NA,NA,0,NA,list(),Ãstfold,Rømskog,rømskog,G66-17,0.342,1.26,0.35,0,17.269,72.0875,106,2.2,0.222382,3,3.5e-7,0.2202895,0.222382,0,0,0,0,0,0,0,0,0,0,395500,1.3493649727161918,293100.83483483485,2016,2018,0,0,1
651,G2-16,M,N,Skillingmark  2,Skillingmark_1516,2015,2016,NA,NA,0,NA,list(),Ãstfold,Rømskog,aurskog-høland,G2-16,0.323,1.44,0.39,0,9.314,66.4509803921569,114.1,2.2,0.139008,2,2.31e-5,0.139008,0.139008,0,0,0,0,0,0,0,0,0,0,432900,1.5118630780046665,286335.45345345343,2015,2016,0,0,1
652,G69-14,F,N,Skillingmark  2,Skillingmark_1516,2015,2016,NA,NA,0,NA,list(),Ãstfold,Rømskog,aurskog-høland,G69-14,0.323,1.44,0.39,0,9.314,66.4509803921569,114.1,2.2,0.139008,2,2.31e-5,0.139008,0.139008,0,0,0,0,0,0,0,0,0,0,432900,1.5118630780046665,286335.45345345343,2015,2016,0,0,1
822,G12-10,F,N,Djurskog 3,Djurskog_1314,2013,2014,illegal,NA,0,NA,list(),Ãstfold,Rømskog,årjäng,G12-10,0.361,1.24,0.3,9.2e-4,9.145,79.9462365591398,66,3.2,0,0,0,0.1380615,0.276123,0,0,0,0,0,0,0,0,0,0,356000,1.3095321942902682,271852.8048048048,2010,2013,3,3,4
823,G22-12,M,N,Djurskog 3,Djurskog_1314,2013,2014,censored,NA,0,NA,list(),Ãstfold,Rømskog,årjäng,G22-12,0.361,1.24,0.3,9.2e-4,9.145,79.9462365591398,66,3.2,0.276123,0,0,0.1380615,0.276123,0,0,0,0,0,0,0,0,0,0,356000,1.3095321942902682,271852.8048048048,2010,2013,3,3,4
1915,M-00-01,M,N,Årjangkongsvinger,Årjäng-Kongsvinger_9899,1998,1999,NA,NA,1,NA,list(),Ãstfold,Rømskog,rømskog,M-00-01,0.342,1.36,0.38,0,8.642,NA,NA,3.8,0.125,0,0,0.125,0.125,NA,NA,NA,0,0,0,0,0,0,0,NA,NA,NA,1998,2001,0,0,1
1916,M-00-02,F,N,Årjangkongsvinger,Årjäng-Kongsvinger_9899,1998,1999,NA,NA,1,NA,list(),Ãstfold,Rømskog,rømskog,M-00-02,0.342,1.36,0.38,0,8.642,NA,NA,3.8,0.125,0,0,0.125,0.125,NA,NA,NA,0,0,0,0,0,0,0,NA,NA,NA,1998,2001,0,0,1
305,G143-14,F,N,Hoböl,Hobøl_1718,2017,2018,illegal,NA,0,NA,list(),Ãstfold,Våler,våler,G143-14,0.317,1.2,0.83,0.01087,142.535,60.9141414141414,59.4,2.7,0.217712,0,0,0.320404,0.423096,0,0,0,0,0,0,0,0,0,0,376600,1.2652934472399244,297638.46546546544,2016,2017,1,1,2
306,G161-15,M,N,Hoböl,Hobøl_1718,2017,2018,censored,NA,0,NA,list(),Ãstfold,Våler,våler,G161-15,0.317,1.2,0.83,0.01087,142.535,60.9141414141414,59.4,2.7,0.423096,0,0,0.320404,0.423096,0,0,0,0,0,0,0,0,0,0,376600,1.2652934472399244,297638.46546546544,2016,2017,1,1,2
448,G143-14,F,N,Hoböl,Hobøl_1617,2016,2017,NA,NA,0,NA,list(),Ãstfold,Våler,våler,G143-14,0.319,1.2,0.87,0.01405,130.962,57.3875,55.6,2.6,0.217712,0,0,0.320404,0.423096,0,0,0,0,0,0,0,0,0,0,367300,1.2531523501356694,293100.83483483485,2016,2017,0,0,1
449,G161-15,M,N,Hoböl,Hobøl_1617,2016,2017,NA,NA,0,NA,list(),Ãstfold,Våler,våler,G161-15,0.319,1.2,0.87,0.01405,130.962,57.3875,55.6,2.6,0.423096,0,0,0.320404,0.423096,0,0,0,0,0,0,0,0,0,0,367300,1.2531523501356694,293100.83483483485,2016,2017,0,0,1
1839,G1-01,F,N,Moss,Moss-Våler_0102,2001,2002,censored,NA,0,NA,list(),Ãstfold,Våler,våler,G1-01,0.319,1.2,0.85,0.01402,109.14,72.6458333333333,NA,2.9,0.125,0,0,0.125,0.125,0,0,0,0,0,0,0,0,0,0,205000,0.9151536892109565,224006.0903614458,1998,2001,3,3,4
1840,M-98-08,M,N,Moss,Moss-Våler_0102,2001,2002,illegal,1,1,NA,list(),Ãstfold,Våler,våler,M-98-08,0.319,1.2,0.85,0.01402,109.14,72.6458333333333,NA,2.9,0.125,0,0,0.125,0.125,0,0,0,0,0,0,0,0,0,0,205000,0.9151536892109565,224006.0903614458,1998,2001,3,3,4
1871,G1-01,F,N,Moss,Moss-Våler_0001,2000,2001,NA,NA,0,NA,list(),Ãstfold,Våler,våler,G1-01,0.317,1.19,0.93,0.01559,107.459,54.65625,NA,2.9,0.125,0,0,0.125,0.125,0,0,0,0,0,0,0,0,0,0,193100,0.8761061405106476,220407.0843373494,1998,2001,2,2,3
1872,M-98-08,M,N,Moss,Moss-Våler_0001,2000,2001,NA,NA,1,NA,list(),Ãstfold,Våler,våler,M-98-08,0.317,1.19,0.93,0.01559,107.459,54.65625,NA,2.9,0.125,0,0,0.125,0.125,0,0,0,0,0,0,0,0,0,0,193100,0.8761061405106476,220407.0843373494,1998,2001,2,2,3
1895,G1-01,F,N,Moss,Moss-Våler_9900,1999,2000,NA,NA,0,NA,list(),Ãstfold,Våler,våler,G1-01,0.319,1.19,0.84,0.01318,106.021,NA,NA,2.8,0.125,0,0,0.125,0.125,NA,NA,NA,0,0,0,0,0,0,0,187300,0.8722830719857274,214723.8734939759,1998,2001,1,1,2
1896,M-98-08,M,N,Moss,Moss-Våler_9900,1999,2000,NA,NA,1,NA,list(),Ãstfold,Våler,våler,M-98-08,0.319,1.19,0.84,0.01318,106.021,NA,NA,2.8,0.125,0,0,0.125,0.125,NA,NA,NA,0,0,0,0,0,0,0,187300,0.8722830719857274,214723.8734939759,1998,2001,1,1,2
1913,G1-01,F,N,Moss,Moss_9899,1998,1999,NA,NA,0,NA,list(),Ãstfold,Våler,våler,G1-01,0.319,1.22,0.9,0.01541,110.772,NA,NA,2.7,0.125,0,0,0.125,0.125,NA,NA,NA,0,0,0,0,0,0,0,NA,NA,NA,1998,2001,0,0,1
1914,M-98-08,M,N,Moss,Moss_9899,1998,1999,NA,NA,1,NA,list(),Ãstfold,Våler,våler,M-98-08,0.319,1.22,0.9,0.01541,110.772,NA,NA,2.7,0.125,0,0,0.125,0.125,NA,NA,NA,0,0,0,0,0,0,0,NA,NA,NA,1998,2001,0,0,1
15,G168-16,F,N,Deisjöen 2,Deisjøen_1920,2019,2020,censored,NA,0,NA,list(),Hedmark,Åmot,NA,G168-16,0.258,1.17,0.14,5e-4,1.662,87.3792335115864,299,1.8,0.157578,2,3.1743e-4,0.2315065,0.305435,8,5,1,0,0,0,0,0,0,0,403100,1.3264990469539906,303882.6156156156,2019,2019,0,0,1
16,G3-18,M,N,Deisjöen 2,Deisjøen_1920,2019,2020,illegal,NA,0,NA,list(),Hedmark,Åmot,NA,G3-18,0.258,1.17,0.14,5e-4,1.662,87.3792335115864,299,1.8,0.305435,2,3.1743e-4,0.2315065,0.305435,8,5,1,0,0,0,0,0,0,0,403100,1.3264990469539906,303882.6156156156,2019,2019,0,0,1
151,G168-16,F,N,Deisjöen 1,Deisjøen_1819,2018,2019,NA,NA,0,NA,list(),Hedmark,Åmot,åmot,G168-16,0.234,1.27,0.21,0.0045,4.886,83.4095238095238,225.7,1.8,0.157578,3,2.3027e-4,0.237343,0.317108,7,4,3,0,0,0,0,0,0,0,389600,1.2935483199724032,301187.04804804805,2017,2018,1,1,2
152,G97-17,M,N,Deisjöen 1,Deisjøen_1819,2018,2019,illegal,NA,0,NA,list(),Hedmark,Åmot,åmot,G97-17,0.234,1.27,0.21,0.0045,4.886,83.4095238095238,225.7,1.8,0.317108,3,2.3027e-4,0.237343,0.317108,7,4,3,0,0,0,0,0,0,0,389600,1.2935483199724032,301187.04804804805,2017,2018,1,1,2
203,D-18-87/G41-17,M,N,Opphus,Opphus_1819,2018,2019,NA,NA,0,NA,list(),Hedmark,Åmot,åmot,G41-17,0.298,1.14,0.12,0.0011,1.689,83.2330309139785,326,1.8,0.206153,3,1.5123e-4,0.303085,0.400017,7,4,3,0,0,0,0,0,0,0,389600,1.2935483199724032,301187.04804804805,2018,2018,0,0,1
204,D-18-88/G36-18,F,N,Opphus,Opphus_1819,2018,2019,legal,NA,0,NA,list(),Hedmark,Åmot,åmot,G36-18,0.298,1.14,0.12,0.0011,1.689,83.2330309139785,326,1.8,0.400017,3,1.5123e-4,0.303085,0.400017,7,4,3,0,0,0,0,0,0,0,389600,1.2935483199724032,301187.04804804805,2018,2018,0,0,1
277,G168-16,F,N,Deisjöen 1,Deisjø_1718,2017,2018,NA,NA,0,NA,list(),Hedmark,Åmot,åmot,G168-16,0.227,1.27,0.19,0.00307,4.89,86.28125,311.2,1.8,0.157578,4,2.0593e-4,0.237343,0.317108,4,1,1,0,0,0,0,0,0,0,374600,1.2585738856507587,297638.46546546544,2017,2018,0,0,1
278,G97-17,M,N,Deisjöen 1,Deisjø_1718,2017,2018,NA,NA,0,NA,list(),Hedmark,Åmot,åmot,G97-17,0.227,1.27,0.19,0.00307,4.89,86.28125,311.2,1.8,0.317108,4,2.0593e-4,0.237343,0.317108,4,1,1,0,0,0,0,0,0,0,374600,1.2585738856507587,297638.46546546544,2017,2018,0,0,1
589,M14-09/G16-12,F,N,Julussa 9,Julussa_1516,2015,2016,NA,NA,1,NA,list(),Hedmark,Åmot,åmot,G16-12,0.279,1.15,0.12,5e-4,1.709,80.3694295900178,399.3,2,0,3,1.9374e-4,0.142456,0.284912,3,2,0,0,0,0,0,0,0,0,367100,1.2820626840737193,286335.45345345343,2012,2016,3,3,4
590,M14-10/G95-10,M,N,Julussa 9,Julussa_1516,2015,2016,NA,NA,1,NA,list(),Hedmark,Åmot,åmot,G95-10,0.279,1.15,0.12,5e-4,1.709,80.3694295900178,399.3,2,0.284912,3,1.9374e-4,0.142456,0.284912,3,2,0,0,0,0,0,0,0,0,367100,1.2820626840737193,286335.45345345343,2012,2016,3,3,4
722,M14-09/G16-12,F,N,Julussa 9,Julussa_1415,2014,2015,NA,NA,1,NA,list(),Hedmark,Åmot,åmot,G16-12,0.295,1.11,0.12,5e-4,1.721,84.0942060291859,486.6,2.2,0,2,1.8572e-4,0.142456,0.284912,3,2,0,0,0,0,0,0,0,0,359500,1.3003340341093572,276467.42342342343,2012,2016,2,2,3
723,M14-10/G95-10,M,N,Julussa 9,Julussa_1415,2014,2015,NA,NA,1,NA,list(),Hedmark,Åmot,åmot,G95-10,0.295,1.11,0.12,5e-4,1.721,84.0942060291859,486.6,2.2,0.284912,2,1.8572e-4,0.142456,0.284912,3,2,0,0,0,0,0,0,0,0,359500,1.3003340341093572,276467.42342342343,2012,2016,2,2,3
856,M14-09/G16-12,F,N,Julussa 9,Julussa_1314,2013,2014,NA,NA,1,NA,list(),Hedmark,Åmot,åmot,G16-12,0.295,1.13,0.12,5e-4,1.698,85.1529356060606,561.6,2.5,0,0,3.0516e-4,0.142456,0.284912,3,2,0,0,0,0,0,0,0,0,345200,1.2698048131151702,271852.8048048048,2012,2016,1,1,2
857,M14-10/G95-10,M,N,Julussa 9,Julussa_1314,2013,2014,NA,NA,1,NA,list(),Hedmark,Åmot,åmot,G95-10,0.295,1.13,0.12,5e-4,1.698,85.1529356060606,561.6,2.5,0.284912,0,3.0516e-4,0.142456,0.284912,3,2,0,0,0,0,0,0,0,0,345200,1.2698048131151702,271852.8048048048,2012,2016,1,1,2
996,M14-09/G16-12,F,N,Julussa 9,Julussa_1213,2012,2013,NA,NA,1,NA,list(),Hedmark,Åmot,åmot,G16-12,0.3,1.11,0.12,8.6e-4,1.696,90.0143623737374,591,2.6,0,2,4.1773e-4,0.142456,0.284912,3,2,2,0,0,0,0,0,0,0,345500,1.3030856200809795,265139.9069069069,2012,2016,0,0,1
997,M14-10/G95-10,M,N,Julussa 9,Julussa_1213,2012,2013,NA,NA,1,NA,list(),Hedmark,Åmot,åmot,G95-10,0.3,1.11,0.12,8.6e-4,1.696,90.0143623737374,591,2.6,0.284912,2,4.1773e-4,0.142456,0.284912,3,2,2,0,0,0,0,0,0,0,345500,1.3030856200809795,265139.9069069069,2012,2016,0,0,1
1132,M14-09/G16-12,F,N,Julussa 8,Julussa_1112,2011,2012,NA,NA,1,NA,list(),Hedmark,Åmot,åmot,G16-12,0.291,1.1,0.12,5.6e-4,1.691,83.9281881313131,NA,2.8,0,0,4.1604e-4,0.1347655,0.269531,1,0,0,0,0,0,0,0,0,0,321100,1.2436718170434389,258187.08408408408,2010,2011,1,1,2
1248,G72-10,M,N,Julussa 8,Julussa_1011,2010,2011,NA,NA,0,NA,list(),Hedmark,Åmot,åmot,G72-10,0.224,1.24,0.2,0.00462,5.703,83.5,NA,2.9,0.269531,1,4.2113e-4,0.1347655,0.269531,1,0,0,0,0,0,0,0,0,0,302700,1.1760232753884692,257392.86486486485,2010,2011,0,0,1
1249,M14-09/G16-12,F,N,Julussa 8,Julussa_1011,2010,2011,NA,NA,1,NA,list(),Hedmark,Åmot,åmot,G16-12,0.224,1.24,0.2,0.00462,5.703,83.5,NA,2.9,0,1,4.2113e-4,0.1347655,0.269531,1,0,0,0,0,0,0,0,0,0,302700,1.1760232753884692,257392.86486486485,2010,2011,0,0,1
1358,G72-10,M,N,Julussa 7,Julussa_0910,2009,2010,illegal,NA,0,NA,list(),Hedmark,Åmot,åmot,G72-10,0.194,1.17,0.25,0.0028,5.673,89.4429510155317,NA,2.9,0.269531,1,4.6241e-4,0.269531,0.269531,1,1,0,0,0,0,0,0,0,0,297100,1.1476581361661033,258875,2009,2009,0,0,1
1359,M-03-05,F,N,Julussa 7,Julussa_0910,2009,2010,illegal,NA,1,NA,list(),Hedmark,Åmot,åmot,M-03-05,0.194,1.17,0.25,0.0028,5.673,89.4429510155317,NA,2.9,0.269531,1,4.6241e-4,0.269531,0.269531,1,1,0,0,0,0,0,0,0,0,297100,1.1476581361661033,258875,2009,2009,0,0,1
1454,G23-07,M,N,Julussa 5,Julussa_0809,2008,2009,illegal,NA,0,NA,list(),Hedmark,Åmot,åmot,G23-07,0.201,1.23,0.24,0.0032,5.635,87.9635416666667,NA,2.9,0.438477,0,2.541e-4,0.354004,0.438477,1,1,0,0,0,0,0,0,0,0,291000,1.1445157906754166,254255.993993994,2007,2008,1,1,2
1455,M-03-05,F,N,Julussa 5,Julussa_0809,2008,2009,NA,NA,1,NA,list(),Hedmark,Åmot,åmot,M-03-05,0.201,1.23,0.24,0.0032,5.635,87.9635416666667,NA,2.9,0.269531,0,2.541e-4,0.354004,0.438477,1,1,0,0,0,0,0,0,0,0,291000,1.1445157906754166,254255.993993994,2007,2008,1,1,2
1530,G23-07,M,N,Julussa 5,Julussa_0708,2007,2008,NA,NA,0,NA,list(),Hedmark,Åmot,åmot,G23-07,0.202,1.25,0.24,0.0032,5.591,82.5967741935484,NA,2.9,0.438477,0,2.3302e-4,0.354004,0.438477,1,1,0,0,0,0,0,0,0,0,274700,1.0931539158313872,251291.23723723725,2007,2008,0,0,1
1531,M-03-05,F,N,Julussa 5,Julussa_0708,2007,2008,NA,NA,1,NA,list(),Hedmark,Åmot,åmot,M-03-05,0.202,1.25,0.24,0.0032,5.591,82.5967741935484,NA,2.9,0.269531,0,2.3302e-4,0.354004,0.438477,1,1,0,0,0,0,0,0,0,0,274700,1.0931539158313872,251291.23723723725,2007,2008,0,0,1
1599,D-07-15,M,N,Julussa 4,Julussa_0607,2006,2007,legal,NA,0,NA,list(),Hedmark,Åmot,åmot,D-07-15,0.209,1.25,0.24,0.0032,5.564,84.0882352941177,NA,2.6,0.256836,0,5.77e-5,0.2631835,0.269531,1,1,0,0,0,0,0,0,0,0,250600,1.0165454156731166,246521.2042042042,2006,2006,0,0,1
1600,M-03-05,F,N,Julussa 4,Julussa_0607,2006,2007,NA,NA,1,NA,list(),Hedmark,Åmot,åmot,M-03-05,0.209,1.25,0.24,0.0032,5.564,84.0882352941177,NA,2.6,0.269531,0,5.77e-5,0.2631835,0.269531,1,1,0,0,0,0,0,0,0,0,250600,1.0165454156731166,246521.2042042042,2006,2006,0,0,1
1661,G6-03,M,N,Julussa 3,Julussa_0506,2005,2006,illegal,NA,0,NA,list(),Hedmark,Åmot,åmot,G6-03,0.2,1.24,0.24,0.0032,5.551,84.8177083333333,NA,2.6,0.269531,0,1.4188e-4,0.269531,0.269531,1,1,1,0,0,0,0,0,0,0,249200,1.024083731021675,243339.47747747749,2004,2005,1,1,2
1662,M-03-05,F,N,Julussa 3,Julussa_0506,2005,2006,NA,NA,1,NA,list(),Hedmark,Åmot,åmot,M-03-05,0.2,1.24,0.24,0.0032,5.551,84.8177083333333,NA,2.6,0.269531,0,1.4188e-4,0.269531,0.269531,1,1,1,0,0,0,0,0,0,0,249200,1.024083731021675,243339.47747747749,2004,2005,1,1,2
1717,M-05-10,F,S,Juvberget 1,Julussa_0405,2004,2005,NA,NA,1,NA,list(),Hedmark,Åmot,åmot,M-05-10,0.209,1.19,0.28,0.00316,5.552,81.7211805555555,NA,2.6,0.21875,1,6e-6,0.25,0.28125,0,0,0,0,0,0,0,0,0,0,238200,0.9995921261468663,238297.1951951952,2003,2009,1,1,2
1718,G6-03,M,N,Julussa 3,Julussa_0405,2004,2005,NA,NA,0,NA,list(),Hedmark,Åmot,åmot,G6-03,0.209,1.19,0.28,0.00316,5.552,81.7211805555555,NA,2.6,0.269531,1,6e-6,0.269531,0.269531,0,0,0,0,0,0,0,0,0,0,238200,0.9995921261468663,238297.1951951952,2004,2005,0,0,1
1746,D-05-13,F,N,Åsta/Löten 1,Åsta-Løten_0405,2004,2005,legal,NA,0,NA,list(),Hedmark,Åmot,åmot,D-05-13,0.18,1.01,0.17,0.00953,23.667,80.7217261904762,NA,2.6,0.296875,1,2.2e-7,0.2421875,0.296875,0,0,0,0,0,0,0,0,0,0,238200,0.9995921261468663,238297.1951951952,2004,2004,0,0,1
1747,D-05-14,M,N,Åsta/Löten 1,Åsta-Løten_0405,2004,2005,legal,NA,0,NA,list(),Hedmark,Åmot,åmot,D-05-14,0.18,1.01,0.17,0.00953,23.667,80.7217261904762,NA,2.6,0.1875,1,2.2e-7,0.2421875,0.296875,0,0,0,0,0,0,0,0,0,0,238200,0.9995921261468663,238297.1951951952,2004,2004,0,0,1
1756,M-01-09,M,N,Gråfjell,Gråfjell_0304,2003,2004,NA,NA,1,NA,list(),Hedmark,Åmot,åmot,M-01-09,0.282,1.09,0.12,8.5e-4,1.766,80.7290322580645,NA,2.8,0.125,1,2.03e-5,0.1796875,0.234375,0,0,0,0,0,0,0,0,0,0,221700,0.9501438843254347,233333.0810810811,2000,2004,3,3,4
1757,M-01-10,F,N,Gråfjell,Gråfjell_0304,2003,2004,NA,NA,1,NA,list(),Hedmark,Åmot,åmot,M-01-10,0.282,1.09,0.12,8.5e-4,1.766,80.7290322580645,NA,2.8,0.234375,1,2.03e-5,0.1796875,0.234375,0,0,0,0,0,0,0,0,0,0,221700,0.9501438843254347,233333.0810810811,2000,2004,3,3,4
1768,D-03-15,F,N,Julussa 1,Julussa_0304,2003,2004,legal,NA,0,NA,list(),Hedmark,Åmot,elverum,D-03-15,0.196,1.17,0.29,0.00238,5.525,80.4516129032258,NA,2.8,0.210938,1,7.95e-6,0.24023450000000002,0.269531,0,0,0,0,0,0,0,0,0,0,221700,0.9501438843254347,233333.0810810811,2002,2003,1,1,2
1769,G6-03,M,N,Julussa 1,Julussa_0304,2003,2004,NA,NA,0,NA,list(),Hedmark,Åmot,elverum,G6-03,0.196,1.17,0.29,0.00238,5.525,80.4516129032258,NA,2.8,0.269531,1,7.95e-6,0.24023450000000002,0.269531,0,0,0,0,0,0,0,0,0,0,221700,0.9501438843254347,233333.0810810811,2002,2003,1,1,2
1795,M-01-09,M,N,Gråfjell,Gråfjell_0203,2002,2003,NA,NA,1,NA,list(),Hedmark,Åmot,åmot,M-01-09,0.281,1.14,0.12,5e-4,1.776,98.122816399287,NA,2.7,0.125,1,1.91e-5,0.1796875,0.234375,0,0,0,0,0,0,0,0,0,0,214300,0.9339437082773622,229457.08408408408,2000,2004,2,2,3
1796,M-01-10,F,N,Gråfjell,Gråfjell_0203,2002,2003,NA,NA,1,NA,list(),Hedmark,Åmot,åmot,M-01-10,0.281,1.14,0.12,5e-4,1.776,98.122816399287,NA,2.7,0.234375,1,1.91e-5,0.1796875,0.234375,0,0,0,0,0,0,0,0,0,0,214300,0.9339437082773622,229457.08408408408,2000,2004,2,2,3
1831,M-01-09,M,N,Gråfjell,Gråfjell_0102,2001,2002,NA,NA,1,NA,list(),Hedmark,Åmot,åmot,M-01-09,0.288,1.04,0.11,8.5e-4,1.786,83.1126893939394,NA,2.5,0.125,0,2.93e-6,0.1796875,0.234375,0,0,0,0,0,0,0,0,0,0,205500,0.9173857713797637,224006.0903614458,2000,2004,1,1,2
1832,M-01-10,F,N,Gråfjell,Gråfjell_0102,2001,2002,NA,NA,1,NA,list(),Hedmark,Åmot,åmot,M-01-10,0.288,1.04,0.11,8.5e-4,1.786,83.1126893939394,NA,2.5,0.234375,0,2.93e-6,0.1796875,0.234375,0,0,0,0,0,0,0,0,0,0,205500,0.9173857713797637,224006.0903614458,2000,2004,1,1,2
9,M 19-01/G2-18,F,N,Bograngen 4,Bograngen_1920,2019,2020,other,NA,1,älgspark,list(),Hedmark,Åsnes,NA,G2-18,0.187,1.92,0.35,0,5.094,83.0454545454545,147.3,2.1,0.254885,3,4.1041e-4,0.210206,0.254885,0,0,0,0,0,0,0,0,0,0,406100,1.3363712800000387,303882.6156156156,2019,2019,0,0,1
10,M19-03/G86-16,M,N,Bograngen 4,Bograngen_1920,2019,2020,NA,NA,1,NA,list(),Hedmark,Åsnes,NA,G86-16,0.187,1.92,0.35,0,5.094,83.0454545454545,147.3,2.1,0.165527,3,4.1041e-4,0.210206,0.254885,0,0,0,0,0,0,0,0,0,0,406100,1.3363712800000387,303882.6156156156,2019,2019,0,0,1
155,G18-15,M,N,Flisdalen,Flisdalen_1819,2018,2019,NA,NA,0,NA,list(),Hedmark,Åsnes,åsnes,G18-15,0.188,1.93,0.36,0,5.152,83.7760416666667,135.3,2,0.299805,4,2.6972e-4,0.223301,0.299805,0,0,0,0,0,0,0,0,0,0,390700,1.2972005354548715,301187.04804804805,2014,2018,4,4,5
156,G89-15,F,N,Flisdalen,Flisdalen_1819,2018,2019,NA,NA,0,NA,list(),Hedmark,Åsnes,åsnes,G89-15,0.188,1.93,0.36,0,5.152,83.7760416666667,135.3,2,0.146797,4,2.6972e-4,0.223301,0.299805,0,0,0,0,0,0,0,0,0,0,390700,1.2972005354548715,301187.04804804805,2014,2018,4,4,5
283,G18-15,M,N,Flisdalen,Flisdalen_1718,2017,2018,NA,NA,0,NA,list(),Hedmark,Åsnes,åsnes,G18-15,0.192,1.82,0.36,0,5.217,82.3645833333333,127.5,1.9,0.299805,4,2.3982e-4,0.223301,0.299805,0,0,0,0,0,0,0,0,0,0,379800,1.2760447457825899,297638.46546546544,2014,2018,3,3,4
284,G89-15,F,N,Flisdalen,Flisdalen_1718,2017,2018,NA,NA,0,NA,list(),Hedmark,Åsnes,åsnes,G89-15,0.192,1.82,0.36,0,5.217,82.3645833333333,127.5,1.9,0.146797,4,2.3982e-4,0.223301,0.299805,0,0,0,0,0,0,0,0,0,0,379800,1.2760447457825899,297638.46546546544,2014,2018,3,3,4
422,G18-15,M,N,Flisdalen,Flisdalen_1617,2016,2017,NA,NA,0,NA,list(),Hedmark,Åsnes,åsnes,G18-15,0.181,2.08,0.45,4.4e-4,5.252,78.0838709677419,182.5,1.8,0.299805,4,1.8192e-4,0.223301,0.299805,0,0,0,0,0,0,0,0,0,0,363900,1.2415522467039752,293100.83483483485,2014,2018,2,2,3
423,G89-15,F,N,Flisdalen,Flisdalen_1617,2016,2017,NA,NA,0,NA,list(),Hedmark,Åsnes,åsnes,G89-15,0.181,2.08,0.45,4.4e-4,5.252,78.0838709677419,182.5,1.8,0.146797,4,1.8192e-4,0.223301,0.299805,0,0,0,0,0,0,0,0,0,0,363900,1.2415522467039752,293100.83483483485,2014,2018,2,2,3
561,G18-15,M,N,Flisdalen,Flisdalen_1516,2015,2016,NA,NA,0,NA,list(),Hedmark,Åsnes,åsnes,G18-15,0.183,2.02,0.53,0.00106,6.146,72.859375,273.8,2,0.299805,4,2.3432e-4,0.223301,0.299805,0,0,0,0,0,0,0,0,0,0,349100,1.2191993544269555,286335.45345345343,2014,2018,1,1,2
562,G89-15,F,N,Flisdalen,Flisdalen_1516,2015,2016,NA,NA,0,NA,list(),Hedmark,Åsnes,åsnes,G89-15,0.183,2.02,0.53,0.00106,6.146,72.859375,273.8,2,0.146797,4,2.3432e-4,0.223301,0.299805,0,0,0,0,0,0,0,0,0,0,349100,1.2191993544269555,286335.45345345343,2014,2018,1,1,2
645,M-11-09/G77-10,M,N,Rotna 2,Rotna_1516,2015,2016,NA,NA,1,NA,list(),Hedmark,Åsnes,åsnes,G77-10,0.203,1.75,0.32,0,5.321,78.9747474747475,129.8,1.9,0.214844,5,2.7332e-4,0.2421875,0.269531,0,0,0,0,0,0,0,0,0,0,349100,1.2191993544269555,286335.45345345343,2006,2016,9,9,10
646,M11-10/G42-10,F,N,Rotna 2,Rotna_1516,2015,2016,NA,NA,1,NA,list(),Hedmark,Åsnes,åsnes,G42-10,0.203,1.75,0.32,0,5.321,78.9747474747475,129.8,1.9,0.269531,5,2.7332e-4,0.2421875,0.269531,0,0,0,0,0,0,0,0,0,0,349100,1.2191993544269555,286335.45345345343,2006,2016,9,9,10
697,G18-15,M,N,Flisdalen,Flisdalen_1415,2014,2015,NA,NA,0,NA,list(),Hedmark,Åsnes,åsnes,G18-15,0.18,1.53,0.22,0,8.06,76.8783718317123,259.6,2.3,0.299805,3,3.0565e-4,0.223301,0.299805,0,0,0,0,0,0,0,0,0,0,335200,1.2124394109414647,276467.42342342343,2014,2018,0,0,1
698,G89-15,F,N,Flisdalen,Flisdalen_1415,2014,2015,NA,NA,0,NA,list(),Hedmark,Åsnes,åsnes,G89-15,0.18,1.53,0.22,0,8.06,76.8783718317123,259.6,2.3,0.146797,3,3.0565e-4,0.223301,0.299805,0,0,0,0,0,0,0,0,0,0,335200,1.2124394109414647,276467.42342342343,2014,2018,0,0,1
1139,G91-11,M,N,Kynna 3,Kynna_1112,2011,2012,NA,NA,0,NA,list(),Hedmark,Åsnes,åsnes,G91-11,0.191,1.64,0.36,0,8.014,80.6827956989247,NA,2.9,0.297363,3,2.5111e-4,0.29541,0.297363,0,0,0,0,0,0,0,0,0,0,301100,1.1662086082584224,258187.08408408408,2011,2014,0,0,1
1140,M-07-05,F,N,Kynna 3,Kynna_1112,2011,2012,NA,NA,1,NA,list(),Hedmark,Åsnes,åsnes,M-07-05,0.191,1.64,0.36,0,8.014,80.6827956989247,NA,2.9,0.293457,3,2.5111e-4,0.29541,0.297363,0,0,0,0,0,0,0,0,0,0,301100,1.1662086082584224,258187.08408408408,2011,2014,0,0,1
1478,M-11-09/G77-10,M,N,Rotna 2,Rotna_0809,2008,2009,NA,NA,1,NA,list(),Hedmark,Åsnes,åsnes,G77-10,0.192,1.73,0.35,0,5.45,84.0490196078431,NA,3,0.214844,3,1.5089e-4,0.2421875,0.269531,0,0,0,0,0,0,0,0,0,0,277400,1.0910263928981463,254255.993993994,2006,2016,2,2,3
1479,M11-10/G42-10,F,N,Rotna 2,Rotna_0809,2008,2009,NA,NA,1,NA,list(),Hedmark,Åsnes,åsnes,G42-10,0.192,1.73,0.35,0,5.45,84.0490196078431,NA,3,0.269531,3,1.5089e-4,0.2421875,0.269531,0,0,0,0,0,0,0,0,0,0,277400,1.0910263928981463,254255.993993994,2006,2016,2,2,3
1624,M-11-09/G77-10,M,N,Rotna 2,Rotna_0607,2006,2007,NA,NA,1,NA,list(),Hedmark,Åsnes,åsnes,G77-10,0.185,2.01,0.37,1.9e-4,5.582,88.6989247311828,NA,3,0.214844,2,1.3184e-4,0.2421875,0.269531,0,0,0,0,0,0,0,0,0,0,235100,0.9536704996997194,246521.2042042042,2006,2016,0,0,1
1625,M11-10/G42-10,F,N,Rotna 2,Rotna_0607,2006,2007,NA,NA,1,NA,list(),Hedmark,Åsnes,åsnes,G42-10,0.185,2.01,0.37,1.9e-4,5.582,88.6989247311828,NA,3,0.269531,2,1.3184e-4,0.2421875,0.269531,0,0,0,0,0,0,0,0,0,0,235100,0.9536704996997194,246521.2042042042,2006,2016,0,0,1
1766,M-06-06,M,N,Juvberget 1,Juvberget_0304,2003,2004,NA,NA,1,NA,list(),Hedmark,Åsnes,åsnes,M-06-06,0.193,1.74,0.35,0,5.495,78.9375,NA,3.6,0.28125,1,1.94e-5,0.25,0.28125,0,0,0,0,0,0,0,0,0,0,215200,0.9222867113524292,233333.0810810811,2003,2009,0,0,1
1767,M-05-10,F,N,Juvberget 1,Juvberget_0304,2003,2004,NA,NA,1,NA,list(),Hedmark,Åsnes,åsnes,M-05-10,0.193,1.74,0.35,0,5.495,78.9375,NA,3.6,0.21875,1,1.94e-5,0.25,0.28125,0,0,0,0,0,0,0,0,0,0,215200,0.9222867113524292,233333.0810810811,2003,2009,0,0,1
514,G2-16,M,N,Skillingmark  2,Skillingmark_1617,2016,2017,illegal,NA,0,NA,list(),Hedmark,Eidskog,eidskog,G2-16,0.325,1.62,0.46,0,13.319,74.34375,148.4,2,0.139008,4,7.85e-6,0.139008,0.139008,0,0,0,0,0,0,0,0,0,0,355100,1.2115284495866492,293100.83483483485,2015,2016,1,1,2
515,G69-14,F,N,Skillingmark  2,Skillingmark_1617,2016,2017,illegal,NA,0,NA,list(),Hedmark,Eidskog,eidskog,G69-14,0.325,1.62,0.46,0,13.319,74.34375,148.4,2,0.139008,4,7.85e-6,0.139008,0.139008,0,0,0,0,0,0,0,0,0,0,355100,1.2115284495866492,293100.83483483485,2015,2016,1,1,2
762,172-14,F,N,Mangen 4,Mangen_1415,2014,2015,NA,NA,0,NA,list(),Hedmark,Eidskog,eidskog,G172-14,0.302,1.67,0.51,0,16.7,66.2114305750351,231.2,2.4,0.139008,2,1.25e-5,0.224804,0.3106,0,0,0,0,0,0,0,0,0,0,329700,1.19254556619153,276467.42342342343,2014,2015,0,0,1
763,G18-13,M,N,Mangen 4,Mangen_1415,2014,2015,NA,NA,0,NA,list(),Hedmark,Eidskog,eidskog,G18-13,0.302,1.67,0.51,0,16.7,66.2114305750351,231.2,2.4,0.3106,2,1.25e-5,0.224804,0.3106,0,0,0,0,0,0,0,0,0,0,329700,1.19254556619153,276467.42342342343,2014,2015,0,0,1
950,G109-14,F,N,Mangen 3,Mangen_1314,2013,2014,illegal,NA,0,Mangen 1314 ej reg av VSC. Koordinaterna tagna från Mangen 1415,list(),Hedmark,Eidskog,eidskog,G109-14,0.3,1.68,0.51,0,16.533,82.3541666666667,280,2.6,0.205933,0,6.2e-7,0.24627700000000002,0.286621,0,0,0,0,0,0,0,0,0,0,318600,1.1719577446653917,271852.8048048048,2013,2013,0,0,1
951,G54-13,M,N,Mangen 3,Mangen_1314,2013,2014,illegal,NA,0,NA,list(),Hedmark,Eidskog,eidskog,G54-13,0.3,1.68,0.51,0,16.533,82.3541666666667,280,2.6,0.286621,0,6.2e-7,0.24627700000000002,0.286621,0,0,0,0,0,0,0,0,0,0,318600,1.1719577446653917,271852.8048048048,2013,2013,0,0,1
1214,G111-10,M,N,Eidskog,Eidskog_1011,2010,2011,illegal,NA,0,NA,list(),Hedmark,Eidskog,eidskog,G111-10,0.309,1.79,0.59,0.00179,16.071,84.0052083333333,NA,3.1,0.256958,1,6.95e-6,0.128479,0.256958,0,0,0,0,0,0,0,0,0,0,281200,1.0924933764097706,257392.86486486485,2010,2010,0,0,1
1215,M-09-02,F,N,Eidskog,Eidskog_1011,2010,2011,illegal,NA,1,NA,list(),Hedmark,Eidskog,eidskog,M-09-02,0.309,1.79,0.59,0.00179,16.071,84.0052083333333,NA,3.1,0,1,6.95e-6,0.128479,0.256958,0,0,0,0,0,0,0,0,0,0,281200,1.0924933764097706,257392.86486486485,2010,2010,0,0,1
35,G302-17,F,N,Hernes,Hernes_1920,2019,2020,illegal,NA,0,NA,list(),Hedmark,Elverum,NA,G302-17,0.189,1.17,0.48,0.00797,32.497,83.5520833333333,253.4,1.8,0.222382,4,2.7248e-4,0.2602615,0.298141,3,1,1,0,0,0,0,0,0,0,433800,1.4275248984585491,303882.6156156156,2019,2019,0,0,1
36,M 18-03/G294-17,M,N,Hernes,Hernes_1920,2019,2020,censored,NA,1,NA,list(),Hedmark,Elverum,NA,G294-17,0.189,1.17,0.48,0.00797,32.497,83.5520833333333,253.4,1.8,0.298141,4,2.7248e-4,0.2602615,0.298141,3,1,1,0,0,0,0,0,0,0,433800,1.4275248984585491,303882.6156156156,2019,2019,0,0,1
37,G27-19,M,N,Hornmoen 1,Hornmoen_1920,2019,2020,illegal,NA,0,NA,list(),Hedmark,Elverum,NA,G27-19,0.179,1.3,0.52,0.00315,14.411,83.5572916666667,265.1,1.8,0.206153,4,2.8352e-4,0.255794,0.305435,3,1,1,0,0,0,0,0,0,0,433800,1.4275248984585491,303882.6156156156,2019,2019,0,0,1
38,G85-19,F,N,Hornmoen 1,Hornmoen_1920,2019,2020,NA,NA,0,NA,list(),Hedmark,Elverum,NA,G85-19,0.179,1.3,0.52,0.00315,14.411,83.5572916666667,265.1,1.8,0.305435,4,2.8352e-4,0.255794,0.305435,3,1,1,0,0,0,0,0,0,0,433800,1.4275248984585491,303882.6156156156,2019,2019,0,0,1
59,G132-11,M,N,Letjenna 2,Letjenna_1920,2019,2020,legal,NA,0,NA,list(),Hedmark,Elverum,NA,G132-11,0.19,1.03,0.27,0.00149,7.573,83.3177083333333,315.1,1.8,0.165527,7,3.7748e-4,0.22235100000000002,0.279175,3,1,1,0,0,0,0,0,0,0,433800,1.4275248984585491,303882.6156156156,2012,2019,7,7,8
60,G74-11,F,N,Letjenna 2,Letjenna_1920,2019,2020,legal,NA,0,NA,list(),Hedmark,Elverum,NA,G74-11,0.19,1.03,0.27,0.00149,7.573,83.3177083333333,315.1,1.8,0.279175,7,3.7748e-4,0.22235100000000002,0.279175,3,1,1,0,0,0,0,0,0,0,433800,1.4275248984585491,303882.6156156156,2012,2019,7,7,8
113,G236-17,F,N,Ulvåa,Ulvåa_1920,2019,2020,NA,NA,0,NA,list(),Hedmark,Elverum,NA,G236-17,0.171,1.18,0.24,0,6.883,83.5049019607843,281.1,1.8,0.134041,6,4.6635e-4,0.179325,0.224609,3,1,1,0,0,0,0,0,0,0,433800,1.4275248984585491,303882.6156156156,2019,2019,0,0,1
114,G71-18,M,N,Ulvåa,Ulvåa_1920,2019,2020,NA,NA,0,NA,list(),Hedmark,Elverum,NA,G71-18,0.171,1.18,0.24,0,6.883,83.5049019607843,281.1,1.8,0.224609,6,4.6635e-4,0.179325,0.224609,3,1,1,0,0,0,0,0,0,0,433800,1.4275248984585491,303882.6156156156,2019,2019,0,0,1
191,G132-11,M,N,Letjenna 2,Letjenna_1819,2018,2019,NA,NA,0,NA,list(),Hedmark,Elverum,elverum,G132-11,0.192,1.08,0.3,0.00149,7.569,83.8020833333333,288.9,1.8,0.165527,3,2.6217e-4,0.22235100000000002,0.279175,2,0,0,0,0,0,0,0,0,0,419200,1.3918261184097314,301187.04804804805,2012,2019,6,6,7
192,G74-11,F,N,Letjenna 2,Letjenna_1819,2018,2019,NA,NA,0,NA,list(),Hedmark,Elverum,elverum,G74-11,0.192,1.08,0.3,0.00149,7.569,83.8020833333333,288.9,1.8,0.279175,3,2.6217e-4,0.22235100000000002,0.279175,2,0,0,0,0,0,0,0,0,0,419200,1.3918261184097314,301187.04804804805,2012,2019,6,6,7
329,G132-11,M,N,Letjenna 2,Letjenna_1718,2017,2018,NA,NA,0,NA,list(),Hedmark,Elverum,elverum,G132-11,0.192,1.08,0.3,0.00149,7.566,85.6927083333333,345.1,1.8,0.165527,3,1.4367e-4,0.22235100000000002,0.279175,2,1,0,0,0,0,0,0,0,0,407200,1.3681027395541616,297638.46546546544,2012,2019,5,5,6
330,G74-11,F,N,Letjenna 2,Letjenna_1718,2017,2018,NA,NA,0,NA,list(),Hedmark,Elverum,elverum,G74-11,0.192,1.08,0.3,0.00149,7.566,85.6927083333333,345.1,1.8,0.279175,3,1.4367e-4,0.22235100000000002,0.279175,2,1,0,0,0,0,0,0,0,0,407200,1.3681027395541616,297638.46546546544,2012,2019,5,5,6
476,G132-11,M,N,Letjenna 2,Letjenna_1617,2016,2017,NA,NA,0,NA,list(),Hedmark,Elverum,elverum,G132-11,0.192,1.1,0.35,0.00149,7.526,79.7878787878788,337.9,1.8,0.165527,2,1.8417e-4,0.22235100000000002,0.279175,2,1,0,0,0,0,0,0,0,0,395200,1.3483414341781013,293100.83483483485,2012,2019,4,4,5
477,G74-11,F,N,Letjenna 2,Letjenna_1617,2016,2017,NA,NA,0,NA,list(),Hedmark,Elverum,elverum,G74-11,0.192,1.1,0.35,0.00149,7.526,79.7878787878788,337.9,1.8,0.279175,2,1.8417e-4,0.22235100000000002,0.279175,2,1,0,0,0,0,0,0,0,0,395200,1.3483414341781013,293100.83483483485,2012,2019,4,4,5
611,G132-11,M,N,Letjenna 2,Letjenna_1516,2015,2016,NA,NA,0,NA,list(),Hedmark,Elverum,elverum,G132-11,0.191,1.02,0.28,6e-4,7.474,80.375,395.8,2,0.165527,4,2.2453e-4,0.22235100000000002,0.279175,2,1,0,0,0,0,0,0,0,0,391300,1.3665789383765903,286335.45345345343,2012,2019,3,3,4
612,G74-11,F,N,Letjenna 2,Letjenna_1516,2015,2016,NA,NA,0,NA,list(),Hedmark,Elverum,elverum,G74-11,0.191,1.02,0.28,6e-4,7.474,80.375,395.8,2,0.279175,4,2.2453e-4,0.22235100000000002,0.279175,2,1,0,0,0,0,0,0,0,0,391300,1.3665789383765903,286335.45345345343,2012,2019,3,3,4
750,G132-11,M,N,Letjenna 2,Letjenna_1415,2014,2015,NA,NA,0,NA,list(),Hedmark,Elverum,elverum,G132-11,0.196,1.13,0.31,0.00213,7.417,79.9347872495815,476.8,2.2,0.165527,2,2.0369e-4,0.22235100000000002,0.279175,2,1,0,0,0,0,0,0,0,0,376500,1.361824099700064,276467.42342342343,2012,2019,2,2,3
751,G74-11,F,N,Letjenna 2,Letjenna_1415,2014,2015,NA,NA,0,NA,list(),Hedmark,Elverum,elverum,G74-11,0.196,1.13,0.31,0.00213,7.417,79.9347872495815,476.8,2.2,0.279175,2,2.0369e-4,0.22235100000000002,0.279175,2,1,0,0,0,0,0,0,0,0,376500,1.361824099700064,276467.42342342343,2012,2019,2,2,3
882,G132-11,M,N,Letjenna 2,Letjenna_1314,2013,2014,NA,NA,0,NA,list(),Hedmark,Elverum,elverum,G132-11,0.194,1.12,0.35,0.00149,7.348,82.890625,512,2.5,0.165527,1,2.8097e-4,0.22235100000000002,0.279175,2,1,1,0,0,0,0,0,0,0,364500,1.3407991146595584,271852.8048048048,2012,2019,1,1,2
883,G74-11,F,N,Letjenna 2,Letjenna_1314,2013,2014,NA,NA,0,NA,list(),Hedmark,Elverum,elverum,G74-11,0.194,1.12,0.35,0.00149,7.348,82.890625,512,2.5,0.279175,1,2.8097e-4,0.22235100000000002,0.279175,2,1,1,0,0,0,0,0,0,0,364500,1.3407991146595584,271852.8048048048,2012,2019,1,1,2
1020,G132-11,M,N,Letjenna 2,Letjenna_1213,2012,2013,NA,NA,0,NA,list(),Hedmark,Elverum,elverum,G132-11,0.194,1.11,0.33,0.00149,7.29,86.2395833333333,553.3,2.6,0.165527,2,3.7931e-4,0.22235100000000002,0.279175,1,0,0,0,0,0,0,0,0,0,351600,1.326092341593263,265139.9069069069,2012,2019,0,0,1
1021,G74-11,F,N,Letjenna 2,Letjenna_1213,2012,2013,NA,NA,0,NA,list(),Hedmark,Elverum,elverum,G74-11,0.194,1.11,0.33,0.00149,7.29,86.2395833333333,553.3,2.6,0.279175,2,3.7931e-4,0.22235100000000002,0.279175,1,0,0,0,0,0,0,0,0,0,351600,1.326092341593263,265139.9069069069,2012,2019,0,0,1
1464,M-07-05,F,N,Kynna 2,Kynna_0809,2008,2009,NA,NA,1,NA,list(),Hedmark,Elverum,elverum,M-07-05,0.192,1.35,0.35,0.00234,9.535,85.09375,NA,2.9,0.293457,1,1.3558e-4,NA,NA,1,1,0,0,0,0,0,0,0,0,306900,1.2070511895473723,254255.993993994,2007,2010,1,1,2
1465,M-10-10,M,N,Kynna 2,Kynna_0809,2008,2009,NA,NA,1,NA,list(),Hedmark,Elverum,elverum,M-10-10,0.192,1.35,0.35,0.00234,9.535,85.09375,NA,2.9,NA,1,1.3558e-4,NA,NA,1,1,0,0,0,0,0,0,0,0,306900,1.2070511895473723,254255.993993994,2007,2010,1,1,2
1799,D-03-15,F,N,Julussa 1,Julussa_0203,2002,2003,NA,NA,0,NA,list(),Hedmark,Elverum,elverum,D-03-15,0.201,1.17,0.31,0.0029,23.441,98.1771428571429,NA,2.7,0.210938,1,6.09e-5,0.24023450000000002,0.269531,0,0,0,0,0,0,0,0,0,0,235600,1.0267715243590598,229457.08408408408,2002,2003,0,0,1
1800,G6-03,M,N,Julussa 1,Julussa_0203,2002,2003,NA,NA,0,NA,list(),Hedmark,Elverum,elverum,G6-03,0.201,1.17,0.31,0.0029,23.441,98.1771428571429,NA,2.7,0.269531,1,6.09e-5,0.24023450000000002,0.269531,0,0,0,0,0,0,0,0,0,0,235600,1.0267715243590598,229457.08408408408,2002,2003,0,0,1
541,G74-16,M,N,Spekedalen 1,Spekedalen_1617,2016,2017,legal,NA,0,NA,list(),Hedmark,Grue,torsby,G74-16,0.22,1.24,0.25,0,5.252,79.4121212121212,43.3,1.8,0.298141,5,2.1053e-4,0.30762449999999997,0.317108,0,0,0,0,0,0,0,0,0,0,362700,1.2374580925516125,293100.83483483485,2016,2016,0,0,1
782,M-11-09/G77-10,M,N,Rotna 2,Rotna_1415,2014,2015,NA,NA,1,NA,list(),Hedmark,Grue,grue,G77-10,0.191,1.99,0.37,4.4e-4,8.316,77.4791666666667,196.9,2.3,0.214844,6,2.5813e-4,0.2421875,0.269531,0,0,0,0,0,0,0,0,0,0,342400,1.2384822622504699,276467.42342342343,2006,2016,8,8,9
783,M11-10/G42-10,F,N,Rotna 2,Rotna_1415,2014,2015,NA,NA,1,NA,list(),Hedmark,Grue,grue,G42-10,0.191,1.99,0.37,4.4e-4,8.316,77.4791666666667,196.9,2.3,0.269531,6,2.5813e-4,0.2421875,0.269531,0,0,0,0,0,0,0,0,0,0,342400,1.2384822622504699,276467.42342342343,2006,2016,8,8,9
910,M-11-09/G77-10,M,N,Rotna 2,Rotna_1314,2013,2014,NA,NA,1,NA,list(),Hedmark,Grue,grue,G77-10,0.194,1.96,0.37,4.4e-4,8.299,82.046875,213.7,2.8,0.214844,3,3.4367e-4,0.2421875,0.269531,0,0,0,0,0,0,0,0,0,0,332400,1.2227205095002391,271852.8048048048,2006,2016,7,7,8
911,M11-10/G42-10,F,N,Rotna 2,Rotna_1314,2013,2014,NA,NA,1,NA,list(),Hedmark,Grue,grue,G42-10,0.194,1.96,0.37,4.4e-4,8.299,82.046875,213.7,2.8,0.269531,3,3.4367e-4,0.2421875,0.269531,0,0,0,0,0,0,0,0,0,0,332400,1.2227205095002391,271852.8048048048,2006,2016,7,7,8
1044,M-11-09/G77-10,M,N,Rotna 2,Rotna_1213,2012,2013,NA,NA,1,NA,list(),Hedmark,Grue,grue,G77-10,0.193,1.97,0.38,4.4e-4,8.274,82.2227822580645,239.9,3,0.214844,5,1.2619e-4,0.2421875,0.269531,0,0,0,0,0,0,0,0,0,0,322800,1.2174704433057604,265139.9069069069,2006,2016,6,6,7
1045,M11-10/G42-10,F,N,Rotna 2,Rotna_1213,2012,2013,NA,NA,1,NA,list(),Hedmark,Grue,grue,G42-10,0.193,1.97,0.38,4.4e-4,8.274,82.2227822580645,239.9,3,0.269531,5,1.2619e-4,0.2421875,0.269531,0,0,0,0,0,0,0,0,0,0,322800,1.2174704433057604,265139.9069069069,2006,2016,6,6,7
1159,M-11-09/G77-10,M,N,Rotna 2,Rotna_1112,2011,2012,NA,NA,1,NA,list(),Hedmark,Grue,grue,G77-10,0.195,1.95,0.37,4.4e-4,8.282,82.6770833333333,NA,3.1,0.214844,4,1.6327e-4,0.2421875,0.269531,0,0,0,0,0,0,0,0,0,0,307600,1.1913841511135528,258187.08408408408,2006,2016,5,5,6
1160,M11-10/G42-10,F,N,Rotna 2,Rotna_1112,2011,2012,NA,NA,1,NA,list(),Hedmark,Grue,grue,G42-10,0.195,1.95,0.37,4.4e-4,8.282,82.6770833333333,NA,3.1,0.269531,4,1.6327e-4,0.2421875,0.269531,0,0,0,0,0,0,0,0,0,0,307600,1.1913841511135528,258187.08408408408,2006,2016,5,5,6
1278,M-11-09/G77-10,M,N,Rotna 2,Rotna_1011,2010,2011,NA,NA,1,NA,list(),Hedmark,Grue,grue,G77-10,0.196,1.96,0.36,4.4e-4,8.286,87.4583333333333,NA,3.2,0.214844,2,1.6195e-4,0.2421875,0.269531,0,0,0,0,0,0,0,0,0,0,289400,1.124351291369088,257392.86486486485,2006,2016,4,4,5
1279,M11-10/G42-10,F,N,Rotna 2,Rotna_1011,2010,2011,NA,NA,1,NA,list(),Hedmark,Grue,grue,G42-10,0.196,1.96,0.36,4.4e-4,8.286,87.4583333333333,NA,3.2,0.269531,2,1.6195e-4,0.2421875,0.269531,0,0,0,0,0,0,0,0,0,0,289400,1.124351291369088,257392.86486486485,2006,2016,4,4,5
1390,M-11-09/G77-10,M,N,Rotna 2,Rotna_0910,2009,2010,NA,NA,1,NA,list(),Hedmark,Grue,grue,G77-10,0.192,1.98,0.37,4.4e-4,8.275,79.8448547979798,NA,3.1,0.214844,4,6.07e-5,0.2421875,0.269531,0,0,0,0,0,0,0,0,0,0,279800,1.080830516658619,258875,2006,2016,3,3,4
1391,M11-10/G42-10,F,N,Rotna 2,Rotna_0910,2009,2010,NA,NA,1,NA,list(),Hedmark,Grue,grue,G42-10,0.192,1.98,0.37,4.4e-4,8.275,79.8448547979798,NA,3.1,0.269531,4,6.07e-5,0.2421875,0.269531,0,0,0,0,0,0,0,0,0,0,279800,1.080830516658619,258875,2006,2016,3,3,4
1558,M-11-09/G77-10,M,N,Rotna 2,Rotna_0708,2007,2008,NA,NA,1,NA,list(),Hedmark,Grue,grue,G77-10,0.17,2.03,0.6,0.00105,8.299,73.328125,NA,2.9,0.214844,1,1.1765e-4,0.2421875,0.269531,0,0,0,0,0,0,0,0,0,0,264200,1.0513697290231252,251291.23723723725,2006,2016,1,1,2
1559,M11-10/G42-10,F,N,Rotna 2,Rotna_0708,2007,2008,NA,NA,1,NA,list(),Hedmark,Grue,grue,G42-10,0.17,2.03,0.6,0.00105,8.299,73.328125,NA,2.9,0.269531,1,1.1765e-4,0.2421875,0.269531,0,0,0,0,0,0,0,0,0,0,264200,1.0513697290231252,251291.23723723725,2006,2016,1,1,2
1640,M-06-07,F,N,Rotna 1,Rotna_0304,2003,2006,NA,NA,1,NA,list(),Hedmark,Grue,grue,M-06-07,0.177,2.04,0.46,0.00105,8.513,79.51875,NA,3,0.269531,2,3.11e-6,0.1972655,0.269531,0,0,0,0,0,0,0,0,0,0,224300,0.961286753514637,233333.0810810811,2003,2005,0,0,3
1681,M-00-09,M,N,Rotna 1,Rotna_0506,2005,2006,illegal,NA,1,NA,list(),Hedmark,Grue,grue,M-00-09,0.183,2.05,0.42,6.3e-4,8.388,82.9322916666667,NA,2.8,0.125,2,1.747e-4,0.1972655,0.269531,0,0,0,0,0,0,0,0,0,0,232600,0.955866275423923,243339.47747747749,2003,2005,2,2,3
1682,M-06-07,F,N,Rotna 1,Rotna_0506,2005,2006,illegal,1,1,NA,list(),Hedmark,Grue,grue,M-06-07,0.183,2.05,0.42,6.3e-4,8.388,82.9322916666667,NA,2.8,0.269531,2,1.747e-4,0.1972655,0.269531,0,0,0,0,0,0,0,0,0,0,232600,0.955866275423923,243339.47747747749,2003,2005,2,2,3
1736,M-00-09,M,N,Rotna 1,Rotna_0405,2004,2005,NA,NA,1,NA,list(),Hedmark,Grue,grue,M-00-09,0.194,2.09,0.44,0.00105,8.458,83.2083333333333,NA,2.7,0.125,1,1.5e-6,0.1972655,0.269531,0,0,0,0,0,0,0,0,0,0,225600,0.946716975897284,238297.1951951952,2003,2005,1,1,2
1737,M-06-07,F,N,Rotna 1,Rotna_0405,2004,2005,NA,NA,1,NA,list(),Hedmark,Grue,grue,M-06-07,0.194,2.09,0.44,0.00105,8.458,83.2083333333333,NA,2.7,0.269531,1,1.5e-6,0.1972655,0.269531,0,0,0,0,0,0,0,0,0,0,225600,0.946716975897284,238297.1951951952,2003,2005,1,1,2
1782,M-00-09,M,N,Rotna 1,Rotna_0304,2003,2004,NA,NA,1,Tik I Roten 1 är M-06-07,list(),Hedmark,Grue,grue,M-00-09,0.177,2.04,0.46,0.00105,8.513,79.51875,NA,3,0.125,2,3.11e-6,0.1972655,0.269531,0,0,0,0,0,0,0,0,0,0,224300,0.961286753514637,233333.0810810811,2003,2005,0,0,1
1192,G19-12,M,N,Åsta-Löten 2,Åsta-Løten_1112,2011,2012,legal,NA,0,NA,list(),Hedmark,Hamar,hamar,G19-12,0.188,1.04,0.18,0.00969,24.65,87.1666666666667,NA,2.8,0.270508,0,2.9846e-4,0.2748415,0.279175,0,0,0,0,0,0,0,0,0,0,NA,NA,NA,2011,2011,0,0,1
1193,G83-11,F,N,Åsta-Löten 2,Åsta-Løten_1112,2011,2012,legal,NA,0,NA,list(),Hedmark,Hamar,hamar,G83-11,0.188,1.04,0.18,0.00969,24.65,87.1666666666667,NA,2.8,0.279175,0,2.9846e-4,0.2748415,0.279175,0,0,0,0,0,0,0,0,0,0,NA,NA,NA,2011,2011,0,0,1
47,G35-18,F,N,Kockohonka 2,Kockohonka_1920,2019,2020,NA,NA,0,NA,list(),Hedmark,Kongsvinger,NA,G35-18,0.383,1.78,0.4,0,10.338,82.4427083333333,114.2,2.2,0.254885,2,1.532e-4,0.24521199999999999,0.254885,0,0,0,0,0,0,0,0,0,0,430900,1.4179817398473693,303882.6156156156,2019,2019,0,0,1
48,G68-19,M,N,Kockohonka 2,Kockohonka_1920,2019,2020,NA,NA,0,NA,list(),Hedmark,Kongsvinger,NA,G68-19,0.383,1.78,0.4,0,10.338,82.4427083333333,114.2,2.2,0.235539,2,1.532e-4,0.24521199999999999,0.254885,0,0,0,0,0,0,0,0,0,0,430900,1.4179817398473693,303882.6156156156,2019,2019,0,0,1
167,G11-11,M,N,Gräsmark 5,Gräsmark_1819,2018,2019,illegal,NA,0,NA,list(),Hedmark,Kongsvinger,kongsvinger,G11-11,0.332,1.94,0.51,4.4e-4,8.59,83.0885416666667,181.4,1.9,0.261963,3,1.2494e-4,0.230072,0.261963,0,0,0,0,0,0,0,0,0,0,415900,1.3808694719623267,301187.04804804805,2014,2018,4,4,5
168,G125-13,F,N,Gräsmark 5,Gräsmark_1819,2018,2019,illegal,NA,0,NA,list(),Hedmark,Kongsvinger,kongsvinger,G125-13,0.332,1.94,0.51,4.4e-4,8.59,83.0885416666667,181.4,1.9,0.198181,3,1.2494e-4,0.230072,0.261963,0,0,0,0,0,0,0,0,0,0,415900,1.3808694719623267,301187.04804804805,2014,2018,4,4,5
299,G11-11,M,N,Gräsmark 5,Gräsmark_1718,2017,2018,NA,NA,0,NA,list(),Hedmark,Kongsvinger,kongsvinger,G11-11,0.338,2,0.52,6.5e-4,8.852,80.1770833333333,194.7,1.8,0.261963,4,8.25e-5,0.230072,0.261963,0,0,0,0,0,0,0,0,0,0,396100,1.3308091727342912,297638.46546546544,2014,2018,3,3,4
300,G125-13,F,N,Gräsmark 5,Gräsmark_1718,2017,2018,NA,NA,0,NA,list(),Hedmark,Kongsvinger,kongsvinger,G125-13,0.338,2,0.52,6.5e-4,8.852,80.1770833333333,194.7,1.8,0.198181,4,8.25e-5,0.230072,0.261963,0,0,0,0,0,0,0,0,0,0,396100,1.3308091727342912,297638.46546546544,2014,2018,3,3,4
440,G11-11,M,N,Gräsmark 5,Gräsmark_1617,2016,2017,NA,NA,0,NA,list(),Hedmark,Kongsvinger,kongsvinger,G11-11,0.347,2.02,0.63,0.00171,10.137,76.3625,209.9,1.8,0.261963,4,7.56e-5,0.230072,0.261963,0,0,0,0,0,0,0,0,0,0,393300,1.3418590234368604,293100.83483483485,2014,2018,2,2,3
441,G125-13,F,N,Gräsmark 5,Gräsmark_1617,2016,2017,NA,NA,0,NA,list(),Hedmark,Kongsvinger,kongsvinger,G125-13,0.347,2.02,0.63,0.00171,10.137,76.3625,209.9,1.8,0.198181,4,7.56e-5,0.230072,0.261963,0,0,0,0,0,0,0,0,0,0,393300,1.3418590234368604,293100.83483483485,2014,2018,2,2,3
571,G11-11,M,N,Gräsmark 5,Gräsmark_1516,2015,2016,NA,NA,0,NA,list(),Hedmark,Kongsvinger,kongsvinger,G11-11,0.304,1.94,0.67,0.00256,10.262,73.3632392473118,224.6,2,0.261963,5,1.2831e-4,0.230072,0.261963,0,0,0,0,0,0,0,0,0,0,381500,1.3323533477911302,286335.45345345343,2014,2018,1,1,2
572,G125-13,F,N,Gräsmark 5,Gräsmark_1516,2015,2016,NA,NA,0,NA,list(),Hedmark,Kongsvinger,kongsvinger,G125-13,0.304,1.94,0.67,0.00256,10.262,73.3632392473118,224.6,2,0.198181,5,1.2831e-4,0.230072,0.261963,0,0,0,0,0,0,0,0,0,0,381500,1.3323533477911302,286335.45345345343,2014,2018,1,1,2
707,G11-11,M,N,Gräsmark 5,Gräsmark_1415,2014,2015,NA,NA,0,NA,list(),Hedmark,Kongsvinger,kongsvinger,G11-11,0.347,1.96,0.41,4.4e-4,8.671,71.537720959596,230.4,2.3,0.261963,5,1.3697e-4,0.230072,0.261963,0,0,0,0,0,0,0,0,0,0,358500,1.296716971427551,276467.42342342343,2014,2018,0,0,1
708,G125-13,F,N,Gräsmark 5,Gräsmark_1415,2014,2015,NA,NA,0,NA,list(),Hedmark,Kongsvinger,kongsvinger,G125-13,0.347,1.96,0.41,4.4e-4,8.671,71.537720959596,230.4,2.3,0.198181,5,1.3697e-4,0.230072,0.261963,0,0,0,0,0,0,0,0,0,0,358500,1.296716971427551,276467.42342342343,2014,2018,0,0,1
716,G13-10,M,N,Haersjo 1,Hærsjø_1415,2014,2015,NA,NA,0,NA,list(),Hedmark,Kongsvinger,kongsvinger,G13-10,0.392,1.89,0.48,3e-4,10.995,68.3870967741936,207.4,2.4,0.274902,5,4.91e-5,0.274902,0.274902,0,0,0,0,0,0,0,0,0,0,358500,1.296716971427551,276467.42342342343,2011,2014,3,3,4
982,G11-11,M,N,Gräsmark 4,Gräsmark_1213,2012,2013,NA,NA,0,NA,list(),Hedmark,Kongsvinger,kongsvinger,G11-11,0.396,1.81,0.39,0,10.218,79.244375,246.7,3.2,0.261963,4,3.13e-5,0.279419,0.296875,0,0,0,0,0,0,0,0,0,0,336500,1.269141276866135,265139.9069069069,2011,2013,1,1,2
983,M-06-10,F,N,Gräsmark 4,Gräsmark_1213,2012,2013,NA,NA,1,NA,list(),Hedmark,Kongsvinger,kongsvinger,M-06-10,0.396,1.81,0.39,0,10.218,79.244375,246.7,3.2,0.296875,4,3.13e-5,0.279419,0.296875,0,0,0,0,0,0,0,0,0,0,336500,1.269141276866135,265139.9069069069,2011,2013,1,1,2
988,G13-10,M,N,Haersjo 1,Hærsjø_1213,2012,2013,NA,NA,0,NA,list(),Hedmark,Kongsvinger,kongsvinger,G13-10,0.381,1.73,0.47,0.00107,10.938,77.9895833333333,217.6,3.3,0.274902,2,4.29e-6,0.274902,0.274902,0,0,0,0,0,0,0,0,0,0,336500,1.269141276866135,265139.9069069069,2011,2014,1,1,2
989,G88-13,F,N,Haersjö 1,Hærsjø_1213,2012,2013,NA,NA,0,NA,list(),Hedmark,Kongsvinger,kongsvinger,G88-13,0.381,1.73,0.47,0.00107,10.938,77.9895833333333,217.6,3.3,0.152161,2,4.29e-6,0.152161,0.152161,0,0,0,0,0,0,0,0,0,0,336500,1.269141276866135,265139.9069069069,2011,2014,1,1,2
1117,G13-10,M,N,Haersjo 1,Hærsjø_1112,2011,2012,NA,NA,0,NA,list(),Hedmark,Kongsvinger,kongsvinger,G13-10,0.393,1.93,0.45,0,10.267,81.959595959596,NA,3.1,0.274902,2,6.11e-5,0.274902,0.274902,0,0,0,0,0,0,0,0,0,0,324600,1.2572278785808169,258187.08408408408,2011,2014,0,0,1
1118,G88-13,F,N,Haersjö 1,Hærsjø_1112,2011,2012,NA,NA,0,NA,list(),Hedmark,Kongsvinger,kongsvinger,G88-13,0.393,1.93,0.45,0,10.267,81.959595959596,NA,3.1,0.152161,2,6.11e-5,0.152161,0.152161,0,0,0,0,0,0,0,0,0,0,324600,1.2572278785808169,258187.08408408408,2011,2014,0,0,1
1651,M-06-10,F,N,Gräsmark 1,Gräsmark_0506,2005,2006,NA,NA,1,NA,list(),Hedmark,Kongsvinger,kongsvinger,M-06-10,0.397,1.87,0.4,0,10.421,82.3636363636364,NA,3.1,0.296875,1,7.29e-5,0.2421875,0.296875,0,0,0,0,0,0,0,0,0,0,265700,1.0918902380917297,243339.47747747749,2004,2007,1,1,2
1652,M-06-11,M,N,Gräsmark 1,Gräsmark_0506,2005,2006,NA,NA,1,NA,list(),Hedmark,Kongsvinger,kongsvinger,M-06-11,0.397,1.87,0.4,0,10.421,82.3636363636364,NA,3.1,0.1875,1,7.29e-5,0.2421875,0.296875,0,0,0,0,0,0,0,0,0,0,265700,1.0918902380917297,243339.47747747749,2004,2007,1,1,2
101,G38-19,F,N,Spekedalen 2,Spekedalen_1920,2019,2020,legal,NA,0,NA,list(),Hedmark,Rendalen,NA,G38-19,0.243,0.29,0.04,0,1.375,97.7976539589443,308.7,1.8,0.235942,0,2.5214e-4,0.2706885,0.305435,53,29,4,0,0,0,0,0,0,0,385700,1.2692400952869118,303882.6156156156,2019,2019,0,0,1
205,G196-17,M,N,Osdalen 5,Osdalen_1819,2018,2019,legal,NA,0,NA,list(),Hedmark,Rendalen,rendalen,G196-17,0.259,0.46,0.09,0.00342,1.114,83.3010752688172,297.8,1.8,0.226028,1,2.7559e-4,0.227599,0.22917,49,27,18,0,0,0,0,0,0,0,380100,1.2620064589874498,301187.04804804805,2018,2018,0,0,1
206,G286-17,F,N,Osdalen 5,Osdalen_1819,2018,2019,legal,NA,0,NA,list(),Hedmark,Rendalen,rendalen,G286-17,0.259,0.46,0.09,0.00342,1.114,83.3010752688172,297.8,1.8,0.22917,1,2.7559e-4,0.227599,0.22917,49,27,18,0,0,0,0,0,0,0,380100,1.2620064589874498,301187.04804804805,2018,2018,0,0,1
349,M17-05/G139-14,F,N,Osdalen 4,Osdalen_1718,2017,2018,legal,NA,1,NA,list(),Hedmark,Rendalen,rendalen,G139-14,0.252,0.47,0.04,8.5e-4,1.677,85.546875,312.6,1.8,0.157578,2,3.8048e-4,0.1521875,0.157578,31,12,2,0,0,0,0,0,0,0,360300,1.210529020288223,297638.46546546544,2014,2017,3,3,4
350,M17-10/G155-14,M,N,Osdalen 4,Osdalen_1718,2017,2018,legal,NA,1,NA,list(),Hedmark,Rendalen,rendalen,G155-14,0.252,0.47,0.04,8.5e-4,1.677,85.546875,312.6,1.8,0.146797,2,3.8048e-4,0.1521875,0.157578,31,12,2,0,0,0,0,0,0,0,360300,1.210529020288223,297638.46546546544,2014,2017,3,3,4
496,M17-05/G139-14,F,N,Osdalen 4,Osdalen_1617,2016,2017,NA,NA,1,NA,list(),Hedmark,Rendalen,rendalen,G139-14,0.269,0.52,0.07,0.00342,1.423,80.057196969697,299.1,1.8,0.157578,1,2.7829e-4,0.1521875,0.157578,29,11,3,0,0,0,0,0,0,0,352100,1.2012930642057424,293100.83483483485,2014,2017,2,2,3
497,M17-10/G155-14,M,N,Osdalen 4,Osdalen_1617,2016,2017,NA,NA,1,NA,list(),Hedmark,Rendalen,rendalen,G155-14,0.269,0.52,0.07,0.00342,1.423,80.057196969697,299.1,1.8,0.146797,1,2.7829e-4,0.1521875,0.157578,29,11,3,0,0,0,0,0,0,0,352100,1.2012930642057424,293100.83483483485,2014,2017,2,2,3
637,M17-05/G139-14,F,N,Osdalen 4,Osdalen_1516,2015,2016,NA,NA,1,NA,list(),Hedmark,Rendalen,rendalen,G139-14,0.269,0.53,0.07,0.00342,1.436,78.8774509803922,357,2,0.157578,1,2.8166e-4,0.1521875,0.157578,26,11,2,0,0,0,0,0,0,0,348600,1.2174531508256565,286335.45345345343,2014,2017,1,1,2
638,M17-10/G155-14,M,N,Osdalen 4,Osdalen_1516,2015,2016,NA,NA,1,NA,list(),Hedmark,Rendalen,rendalen,G155-14,0.269,0.53,0.07,0.00342,1.436,78.8774509803922,357,2,0.146797,1,2.8166e-4,0.1521875,0.157578,26,11,2,0,0,0,0,0,0,0,348600,1.2174531508256565,286335.45345345343,2014,2017,1,1,2
774,M17-05/G139-14,F,N,Osdalen 4,Osdalen_1415,2014,2015,NA,NA,1,NA,list(),Hedmark,Rendalen,rendalen,G139-14,0.274,0.54,0.08,0.00342,1.444,82.4354166666667,400.1,2.2,0.157578,1,2.0949e-4,0.1521875,0.157578,24,10,2,0,0,0,0,0,0,0,335600,1.213886236014187,276467.42342342343,2014,2017,0,0,1
775,M17-10/G155-14,M,N,Osdalen 4,Osdalen_1415,2014,2015,NA,NA,1,NA,list(),Hedmark,Rendalen,rendalen,G155-14,0.274,0.54,0.08,0.00342,1.444,82.4354166666667,400.1,2.2,0.146797,1,2.0949e-4,0.1521875,0.157578,24,10,2,0,0,0,0,0,0,0,335600,1.213886236014187,276467.42342342343,2014,2017,0,0,1
922,G134-12,F,N,Sölen,Sølen_1314,2013,2014,legal,NA,0,NA,list(),Hedmark,Rendalen,rendalen,G134-12,0.224,0.33,0.11,7.9e-4,1.149,84.7809027777778,328.2,2.5,0.157578,0,4.2625e-4,0.1521875,0.157578,22,10,3,0,0,0,0,0,0,0,324300,1.1929249736189158,271852.8048048048,2013,2013,0,0,1
923,G33-14,M,N,Sölen,Sølen_1314,2013,2014,legal,NA,0,NA,list(),Hedmark,Rendalen,rendalen,G33-14,0.224,0.33,0.11,7.9e-4,1.149,84.7809027777778,328.2,2.5,0.146797,0,4.2625e-4,0.1521875,0.157578,22,10,3,0,0,0,0,0,0,0,324300,1.1929249736189158,271852.8048048048,2013,2013,0,0,1
972,G121-11,M,N,Fuggdalen,Fuggdalen_1213,2012,2013,legal,NA,0,NA,list(),Hedmark,Rendalen,rendalen,G121-11,0.253,0.38,0.12,0.00358,0.624,90.197748655914,355.7,2.6,0.277832,0,3.9996e-4,0.2888185,0.299805,19,9,1,0,0,0,0,0,0,0,313300,1.1816403032456466,265139.9069069069,2012,2012,0,0,1
973,G10-11,F,N,Fuggdalen,Fuggdalen_1213,2012,2013,legal,NA,0,NA,list(),Hedmark,Rendalen,rendalen,G10-11,0.253,0.38,0.12,0.00358,0.624,90.197748655914,355.7,2.6,0.299805,0,3.9996e-4,0.2888185,0.299805,19,9,1,0,0,0,0,0,0,0,313300,1.1816403032456466,265139.9069069069,2012,2012,0,0,1
1274,G105-10,M,N,Osdalen 3,Osdalen_1011,2010,2011,legal,NA,0,NA,list(),Hedmark,Rendalen,rendalen,G105-10,0.252,0.47,0.12,0.00393,0.641,81.3697916666667,NA,2.9,0.260742,0,4.1559e-4,0.2699585,0.279175,15,7,1,0,0,0,0,0,0,0,281300,1.092881887567811,257392.86486486485,2010,2010,0,0,1
1275,G35-11,F,N,Osdalen 3,Osdalen_1011,2010,2011,legal,NA,0,NA,list(),Hedmark,Rendalen,rendalen,G35-11,0.252,0.47,0.12,0.00393,0.641,81.3697916666667,NA,2.9,0.279175,0,4.1559e-4,0.2699585,0.279175,15,7,1,0,0,0,0,0,0,0,281300,1.092881887567811,257392.86486486485,2010,2010,0,0,1
1386,M-09-05,M,N,Osdalen 2,Osdalen_0910,2009,2010,censored,NA,1,NA,list(),Hedmark,Rendalen,rendalen,M-09-05,0.267,0.5,0.09,0.00342,1.431,98.0757575757576,NA,2.9,0.219727,1,4.3689e-4,0.271973,0.324219,14,8,2,0,0,0,0,0,0,0,269600,1.0414292612264606,258875,2008,2009,1,1,2
1387,M-09-19,F,N,Osdalen 2,Osdalen_0910,2009,2010,illegal,NA,1,NA,list(),Hedmark,Rendalen,rendalen,M-09-19,0.267,0.5,0.09,0.00342,1.431,98.0757575757576,NA,2.9,0.324219,1,4.3689e-4,0.271973,0.324219,14,8,2,0,0,0,0,0,0,0,269600,1.0414292612264606,258875,2008,2009,1,1,2
1476,M-09-05,M,N,Osdalen 2,Osdalen_0809,2008,2009,NA,NA,1,NA,list(),Hedmark,Rendalen,rendalen,M-09-05,0.281,0.56,0.09,0.00342,0.846,91.40625,NA,2.9,0.219727,0,3.97e-4,0.271973,0.324219,12,6,2,0,0,0,0,0,0,0,261300,1.0277043852353482,254255.993993994,2008,2009,0,0,1
1477,M-09-19,F,N,Osdalen 2,Osdalen_0809,2008,2009,NA,NA,1,NA,list(),Hedmark,Rendalen,rendalen,M-09-19,0.281,0.56,0.09,0.00342,0.846,91.40625,NA,2.9,0.324219,0,3.97e-4,0.271973,0.324219,12,6,2,0,0,0,0,0,0,0,261300,1.0277043852353482,254255.993993994,2008,2009,0,0,1
1556,M-07-07,M,N,Osdalen 1,Osdalen_0708,2007,2008,illegal,1,1,NA,list(),Hedmark,Rendalen,rendalen,G100-11,0.259,0.48,0.07,0.00342,1.69,83.9606357694593,NA,2.9,0.296875,0,2.4212e-4,0.310547,0.324219,10,4,2,0,0,0,0,0,0,0,243100,0.9674034107703321,251291.23723723725,2006,2007,1,1,2
1557,M-09-19,F,N,Osdalen 1,Osdalen_0708,2007,2008,NA,NA,1,NA,list(),Hedmark,Rendalen,rendalen,M-09-19,0.259,0.48,0.07,0.00342,1.69,83.9606357694593,NA,2.9,0.324219,0,2.4212e-4,0.310547,0.324219,10,4,2,0,0,0,0,0,0,0,243100,0.9674034107703321,251291.23723723725,2006,2007,1,1,2
1622,M-07-07,M,N,Osdalen 1,Osdalen_0607,2006,2007,NA,NA,1,NA,list(),Hedmark,Rendalen,rendalen,G100-11,0.258,0.5,0.04,3.8e-4,1.713,89.046875,NA,2.6,0.296875,0,1.3055e-4,0.310547,0.324219,8,2,0,0,0,0,0,0,0,0,223800,0.907832657732017,246521.2042042042,2006,2007,0,0,1
1623,M-09-19,F,N,Osdalen 1,Osdalen_0607,2006,2007,NA,NA,1,NA,list(),Hedmark,Rendalen,rendalen,M-09-19,0.258,0.5,0.04,3.8e-4,1.713,89.046875,NA,2.6,0.324219,0,1.3055e-4,0.310547,0.324219,8,2,0,0,0,0,0,0,0,0,223800,0.907832657732017,246521.2042042042,2006,2007,0,0,1
1705,M-01-09,M,N,Gråfjell,Gråfjell_0405,2004,2005,natural,NA,1,"Found dead, death cause not determined",list(),Hedmark,Rendalen,åmot,M-01-09,0.315,1,0.11,8.5e-4,1.759,80.7234567901235,NA,2.6,0.125,1,1.56e-5,0.1796875,0.234375,6,6,0,0,0,0,0,0,0,0,208500,0.8749578434157079,238297.1951951952,2000,2004,4,4,5
1706,M-01-10,F,N,Gråfjell,Gråfjell_0405,2004,2005,legal,NA,1,NA,list(),Hedmark,Rendalen,åmot,M-01-10,0.315,1,0.11,8.5e-4,1.759,80.7234567901235,NA,2.6,0.234375,1,1.56e-5,0.1796875,0.234375,6,6,0,0,0,0,0,0,0,0,208500,0.8749578434157079,238297.1951951952,2000,2004,4,4,5
1723,M-04-03,F,N,Koppang 3,Koppang_0405,2004,2005,legal,NA,1,NA,list(),Hedmark,Rendalen,rendalen,M-04-03,0.358,0.74,0.18,0.00385,0.988,80.438753342246,NA,2.6,0.269531,1,1.22e-5,0.251953,0.269531,6,6,0,0,0,0,0,0,0,0,208500,0.8749578434157079,238297.1951951952,2003,2004,1,1,2
1724,G14-05,M,S,Kroppefjäll 1,Koppang_0405,2004,2005,illegal,NA,0,NA,list(),Hedmark,Rendalen,rendalen,G14-05,0.358,0.74,0.18,0.00385,0.988,80.438753342246,NA,2.6,0.296875,1,1.22e-5,0.296875,0.296875,6,6,0,0,0,0,0,0,0,0,208500,0.8749578434157079,238297.1951951952,2002,2004,2,2,3
1772,M-04-02,M,N,Koppang 3,Koppang_0304,2003,2004,NA,NA,1,NA,list(),Hedmark,Rendalen,rendalen,M-04-02,0.37,0.68,0.24,0.00427,1.011,80.4647058823529,NA,2.8,0.234375,0,6.61e-6,0.251953,0.269531,6,6,0,0,0,0,0,0,0,0,199300,0.8541437805415387,233333.0810810811,2003,2004,0,0,1
1773,M-04-03,F,N,Koppang 3,Koppang_0304,2003,2004,NA,NA,1,NA,list(),Hedmark,Rendalen,rendalen,M-04-03,0.37,0.68,0.24,0.00427,1.011,80.4647058823529,NA,2.8,0.269531,0,6.61e-6,0.251953,0.269531,6,6,0,0,0,0,0,0,0,0,199300,0.8541437805415387,233333.0810810811,2003,2004,0,0,1
1803,G2-02,F,N,Koppang 2,Koppang_0203,2002,2003,illegal,NA,0,NA,list(),Hedmark,Rendalen,rendalen,G2-02,0.37,0.59,0.2,0.00119,1.023,95.4125,NA,2.7,0.125,0,4.1e-7,0.1796875,0.234375,6,6,0,0,0,0,0,0,0,0,197000,0.858548345919927,229457.08408408408,2001,2002,1,1,2
1804,M-04-02,M,N,Koppang 2,Koppang_0203,2002,2003,NA,NA,1,NA,list(),Hedmark,Rendalen,rendalen,M-04-02,0.37,0.59,0.2,0.00119,1.023,95.4125,NA,2.7,0.234375,0,4.1e-7,0.1796875,0.234375,6,6,0,0,0,0,0,0,0,0,197000,0.858548345919927,229457.08408408408,2001,2002,1,1,2
1835,G2-02,F,N,Koppang 2,Koppang_0102,2001,2002,NA,NA,0,NA,list(),Hedmark,Rendalen,rendalen,G2-02,0.371,0.65,0.22,0.00353,1.039,83.8385416666667,NA,2.5,0.125,0,0,0.1796875,0.234375,6,6,5,0,0,0,0,0,0,0,185100,0.8263168188924295,224006.0903614458,2001,2002,0,0,1
1836,M-04-02,M,N,Koppang 2,Koppang_0102,2001,2002,NA,NA,1,NA,list(),Hedmark,Rendalen,rendalen,M-04-02,0.371,0.65,0.22,0.00353,1.039,83.8385416666667,NA,2.5,0.234375,0,0,0.1796875,0.234375,6,6,5,0,0,0,0,0,0,0,185100,0.8263168188924295,224006.0903614458,2001,2002,0,0,1
1851,D-01-18,M,N,Atndalen,Atndalen_0001,2000,2001,legal,NA,0,NA,list(),Hedmark,Rendalen,rendalen,D-01-18,0.388,0.4,0.11,4.8e-4,1.893,75.0091397849462,NA,2.5,0.125,1,2.73e-6,NA,NA,1,1,1,0,0,0,0,0,0,0,177700,0.8062354281136307,220407.0843373494,1998,2000,2,2,3
1852,D-01-21,F,N,Atndalen,Atndalen_0001,2000,2001,legal,NA,0,NA,list(),Hedmark,Rendalen,rendalen,D-01-21,0.388,0.4,0.11,4.8e-4,1.893,75.0091397849462,NA,2.5,NA,1,2.73e-6,NA,NA,1,1,1,0,0,0,0,0,0,0,177700,0.8062354281136307,220407.0843373494,1998,2000,2,2,3
1865,M-01-09,M,N,Gråfjell,Gråfjell_0001,2000,2001,NA,NA,1,NA,list(),Hedmark,Rendalen,rendalen,M-01-09,0.328,0.73,0.15,0.00385,1.789,76.5023719165085,NA,2.5,0.125,1,4.96e-5,0.1796875,0.234375,1,1,1,0,0,0,0,0,0,0,177700,0.8062354281136307,220407.0843373494,2000,2004,0,0,1
1866,M-01-10,F,N,Gråfjell,Gråfjell_0001,2000,2001,NA,NA,1,NA,list(),Hedmark,Rendalen,rendalen,M-01-10,0.328,0.73,0.15,0.00385,1.789,76.5023719165085,NA,2.5,0.234375,1,4.96e-5,0.1796875,0.234375,1,1,1,0,0,0,0,0,0,0,177700,0.8062354281136307,220407.0843373494,2000,2004,0,0,1
1869,D-00-15,M,N,Koppang 1,Koppang_0001,2000,2001,legal,NA,0,NA,list(),Hedmark,Rendalen,rendalen,D-00-15,0.362,0.6,0.19,0.00307,1.05,75.106699751861,NA,2.5,0.125,2,2e-5,0.125,0.125,1,1,1,0,0,0,0,0,0,0,177700,0.8062354281136307,220407.0843373494,1998,2000,2,2,3
1870,G2-02,F,N,Koppang 1,Koppang_0001,2000,2001,NA,NA,0,NA,list(),Hedmark,Rendalen,rendalen,G2-02,0.362,0.6,0.19,0.00307,1.05,75.106699751861,NA,2.5,0.125,2,2e-5,0.125,0.125,1,1,1,0,0,0,0,0,0,0,177700,0.8062354281136307,220407.0843373494,1998,2000,2,2,3
1881,D-01-18,M,N,Atndalen,Atndalen_9900,1999,2000,NA,NA,0,NA,list(),Hedmark,Rendalen,rendalen,D-01-18,0.375,0.35,0.09,4.8e-4,2.122,NA,NA,2.4,0.125,1,3.9e-6,NA,NA,NA,NA,NA,0,0,0,0,0,0,0,164500,0.7661001886900809,214723.8734939759,1998,2000,1,1,2
1882,D-01-21,F,N,Atndalen,Atndalen_9900,1999,2000,NA,NA,0,NA,list(),Hedmark,Rendalen,rendalen,D-01-21,0.375,0.35,0.09,4.8e-4,2.122,NA,NA,2.4,NA,1,3.9e-6,NA,NA,NA,NA,NA,0,0,0,0,0,0,0,164500,0.7661001886900809,214723.8734939759,1998,2000,1,1,2
1893,D-00-15,M,N,Koppang 1,Koppang_9900,1999,2000,NA,NA,0,NA,list(),Hedmark,Rendalen,rendalen,D-00-15,0.372,0.61,0.2,0.00136,1.041,NA,NA,2.4,0.125,1,2.64e-5,0.125,0.125,NA,NA,NA,0,0,0,0,0,0,0,164500,0.7661001886900809,214723.8734939759,1998,2000,1,1,2
1894,G2-02,F,N,Koppang 1,Koppang_9900,1999,2000,NA,NA,0,NA,list(),Hedmark,Rendalen,rendalen,G2-02,0.372,0.61,0.2,0.00136,1.041,NA,NA,2.4,0.125,1,2.64e-5,0.125,0.125,NA,NA,NA,0,0,0,0,0,0,0,164500,0.7661001886900809,214723.8734939759,1998,2000,1,1,2
1901,D-01-18,M,N,Atndalen,Atndalen_9899,1998,1999,NA,NA,0,NA,list(),Hedmark,Rendalen,rendalen,D-01-18,0.368,0.35,0.1,4.8e-4,2.139,NA,NA,2.1,0.125,1,5e-5,NA,NA,NA,NA,NA,0,0,0,0,0,0,0,NA,NA,NA,1998,2000,0,0,1
1902,D-01-21,F,N,Atndalen,Atndalen_9899,1998,1999,NA,NA,0,NA,list(),Hedmark,Rendalen,rendalen,D-01-21,0.368,0.35,0.1,4.8e-4,2.139,NA,NA,2.1,NA,1,5e-5,NA,NA,NA,NA,NA,0,0,0,0,0,0,0,NA,NA,NA,1998,2000,0,0,1
1909,D-00-15,M,N,Koppang 1,Koppang_9899,1998,1999,NA,NA,0,NA,list(),Hedmark,Rendalen,rendalen,D-00-15,0.371,0.65,0.22,0.00376,1.057,NA,NA,2.2,0.125,1,3.68e-5,0.125,0.125,NA,NA,NA,0,0,0,0,0,0,0,NA,NA,NA,1998,2000,0,0,1
1910,G2-02,F,N,Koppang 1,Koppang_9899,1998,1999,NA,NA,0,NA,list(),Hedmark,Rendalen,rendalen,G2-02,0.371,0.65,0.22,0.00376,1.057,NA,NA,2.2,0.125,1,3.68e-5,0.125,0.125,NA,NA,NA,0,0,0,0,0,0,0,NA,NA,NA,1998,2000,0,0,1
69,G124-17,M,N,Mangen 6,Mangen_1920,2019,2020,NA,NA,0,NA,list(),Hedmark,Sør-Odal,NA,G124-17,0.302,1.8,0.62,0.00342,18.697,82.0885416666667,156.7,1.8,0.256382,2,5.71e-5,0.25595650000000003,0.256382,0,0,0,0,0,0,0,0,0,0,429900,1.4146909954986866,303882.6156156156,2019,2019,0,0,1
70,G239-17,F,N,Mangen 6,Mangen_1920,2019,2020,NA,NA,0,NA,list(),Hedmark,Sør-Odal,NA,G239-17,0.302,1.8,0.62,0.00342,18.697,82.0885416666667,156.7,1.8,0.255531,2,5.71e-5,0.25595650000000003,0.256382,0,0,0,0,0,0,0,0,0,0,429900,1.4146909954986866,303882.6156156156,2019,2019,0,0,1
484,172-14,F,N,Mangen 5,Mangen_1617,2016,2017,NA,NA,0,NA,list(),Hedmark,Sør-Odal,sør-odal,G172-14,0.305,1.93,0.71,0.00478,18.249,75.6625,180.4,1.9,0.139008,3,3.91e-5,0.197695,0.256382,0,0,0,0,0,0,0,0,0,0,388600,1.3258235863401067,293100.83483483485,2016,2018,0,0,1
485,G124-17,M,N,Mangen 5,Mangen_1617,2016,2017,NA,NA,0,NA,list(),Hedmark,Sør-Odal,sør-odal,G124-17,0.305,1.93,0.71,0.00478,18.249,75.6625,180.4,1.9,0.256382,3,3.91e-5,0.197695,0.256382,0,0,0,0,0,0,0,0,0,0,388600,1.3258235863401067,293100.83483483485,2016,2018,0,0,1
311,G157-15,F,N,Julussa 10,Julussa_1718,2017,2018,legal,NA,0,NA,list(),Hedmark,Stor-Elvdal,stor-elvdal,G157-15,0.384,0.94,0.16,8.8e-4,1.708,87.234375,376,1.8,0.157578,2,2.3154e-4,0.221245,0.284912,12,7,3,0,0,0,0,0,0,0,351200,1.1799550150575187,297638.46546546544,2017,2017,0,0,1
312,M14-10/G95-10,M,N,Julussa 10,Julussa_1718,2017,2018,legal,NA,1,NA,list(),Hedmark,Stor-Elvdal,stor-elvdal,G95-10,0.384,0.94,0.16,8.8e-4,1.708,87.234375,376,1.8,0.284912,2,2.3154e-4,0.221245,0.284912,12,7,3,0,0,0,0,0,0,0,351200,1.1799550150575187,297638.46546546544,2017,2017,0,0,1
454,M14-09/G16-12,F,N,Julussa 9,Julussa_1617,2016,2017,illegal,NA,1,NA,list(),Hedmark,Stor-Elvdal,stor-elvdal,G16-12,0.325,1.01,0.12,0.0011,1.699,80.469247311828,353.5,1.8,0,1,2.0876e-4,0.142456,0.284912,9,4,1,0,0,0,0,0,0,0,341600,1.1654692153725692,293100.83483483485,2012,2016,4,4,5
455,M14-10/G95-10,M,N,Julussa 9,Julussa_1617,2016,2017,NA,NA,1,NA,list(),Hedmark,Stor-Elvdal,stor-elvdal,G95-10,0.325,1.01,0.12,0.0011,1.699,80.469247311828,353.5,1.8,0.284912,1,2.0876e-4,0.142456,0.284912,9,4,1,0,0,0,0,0,0,0,341600,1.1654692153725692,293100.83483483485,2012,2016,4,4,5
1364,G12-08,F,N,Koppang 4,Koppang_0910,2009,2010,legal,NA,0,NA,list(),Hedmark,Stor-Elvdal,stor-elvdal,G12-08,0.382,0.72,0.21,0.00642,0.937,97.6458333333333,NA,2.9,0.26709,1,4.3561e-4,0.3049315,0.342773,5,2,1,0,0,0,0,0,0,0,281100,1.0858522452921293,258875,2009,2009,0,0,1
1365,M-09-11,M,N,Koppang 4,Koppang_0910,2009,2010,legal,NA,1,NA,list(),Hedmark,Stor-Elvdal,stor-elvdal,M-09-11,0.382,0.72,0.21,0.00642,0.937,97.6458333333333,NA,2.9,0.342773,1,4.3561e-4,0.3049315,0.342773,5,2,1,0,0,0,0,0,0,0,281100,1.0858522452921293,258875,2009,2009,0,0,1
99,G136-19,F,N,Slettås 4,Slettås_1920,2019,2020,NA,NA,0,NA,list(),Hedmark,Trysil,NA,G136-19,0.194,0.96,0.29,0.01402,7.573,84.4677419354839,457.8,1.8,0.134041,2,6.7403e-4,0.1857915,0.237542,2,2,2,0,0,0,0,0,0,0,403800,1.3288025679980686,303882.6156156156,2019,2019,0,0,1
100,G60-19,M,N,Slettås 4,Slettås_1920,2019,2020,NA,NA,0,NA,list(),Hedmark,Trysil,NA,G60-19,0.194,0.96,0.29,0.01402,7.573,84.4677419354839,457.8,1.8,0.237542,2,6.7403e-4,0.1857915,0.237542,2,2,2,0,0,0,0,0,0,0,403800,1.3288025679980686,303882.6156156156,2019,2019,0,0,1
115,G154-15,M,N,Varåa 2,Varåa_1920,2019,2020,NA,NA,0,NA,list(),Hedmark,Trysil,NA,G154-15,0.172,1.15,0.34,0,5.997,85.359375,422.9,2,0.22917,4,8.7007e-4,0.233593,0.238016,2,2,2,0,0,0,0,0,0,0,403800,1.3288025679980686,303882.6156156156,2017,2019,2,2,3
116,M 18-17/G37-18,F,N,Varåa 2,Varåa_1920,2019,2020,NA,NA,1,NA,list(),Hedmark,Trysil,NA,G37-18,0.172,1.15,0.34,0,5.997,85.359375,422.9,2,0.238016,4,8.7007e-4,0.233593,0.238016,2,2,2,0,0,0,0,0,0,0,403800,1.3288025679980686,303882.6156156156,2017,2019,2,2,3
227,M-15-03/G141-13,M,N,Slettås 3,Slettås_1819,2018,2019,legal,NA,1,NA,list(),Hedmark,Trysil,trysil,G141-13,0.193,1.02,0.43,0.01523,7.569,84.3020833333333,494.3,1.8,0.139008,3,5.0372e-4,0.20756550000000001,0.276123,0,0,0,0,0,0,0,0,0,0,390500,1.2965364962762407,301187.04804804805,2013,2018,5,5,6
228,M-17-14/G70-10,F,N,Slettås 3,Slettås_1819,2018,2019,legal,NA,1,NA,list(),Hedmark,Trysil,trysil,G70-10,0.193,1.02,0.43,0.01523,7.569,84.3020833333333,494.3,1.8,0.276123,3,5.0372e-4,0.20756550000000001,0.276123,0,0,0,0,0,0,0,0,0,0,390500,1.2965364962762407,301187.04804804805,2013,2018,5,5,6
243,G154-15,M,N,Varåa 2,Varåa_1819,2018,2019,NA,NA,0,NA,list(),Hedmark,Trysil,trysil,G154-15,0.172,1.13,0.35,0,5.976,83.9343434343434,418.9,1.9,0.22917,2,6.0001e-4,0.233593,0.238016,0,0,0,0,0,0,0,0,0,0,390500,1.2965364962762407,301187.04804804805,2017,2019,1,1,2
244,M 18-17/G37-18,F,N,Varåa 2,Varåa_1819,2018,2019,NA,NA,1,NA,list(),Hedmark,Trysil,trysil,G37-18,0.172,1.13,0.35,0,5.976,83.9343434343434,418.9,1.9,0.238016,2,6.0001e-4,0.233593,0.238016,0,0,0,0,0,0,0,0,0,0,390500,1.2965364962762407,301187.04804804805,2017,2019,1,1,2
371,M-15-03/G141-13,M,N,Slettås 3,Slettås_1718,2017,2018,NA,NA,1,NA,list(),Hedmark,Trysil,trysil,G141-13,0.196,1.05,0.46,0.01523,7.566,87.7239583333333,526.9,1.8,0.139008,4,3.4377e-4,0.20756550000000001,0.276123,0,0,0,0,0,0,0,0,0,0,377400,1.267981271875591,297638.46546546544,2013,2018,4,4,5
372,M-17-14/G70-10,F,N,Slettås 3,Slettås_1718,2017,2018,NA,NA,1,NA,list(),Hedmark,Trysil,trysil,G70-10,0.196,1.05,0.46,0.01523,7.566,87.7239583333333,526.9,1.8,0.276123,4,3.4377e-4,0.20756550000000001,0.276123,0,0,0,0,0,0,0,0,0,0,377400,1.267981271875591,297638.46546546544,2013,2018,4,4,5
381,G154-15,M,N,Varåa 2,Varåa_1718,2017,2018,NA,NA,0,NA,list(),Hedmark,Trysil,trysil,G154-15,0.172,1.15,0.33,0,6.007,86.3585858585859,405.1,1.8,0.22917,4,4.3179e-4,0.233593,0.238016,0,0,0,0,0,0,0,0,0,0,377400,1.267981271875591,297638.46546546544,2017,2019,0,0,1
382,M 18-17/G37-18,F,N,Varåa 2,Varåa_1718,2017,2018,censored,NA,1,NA,list(),Hedmark,Trysil,trysil,G37-18,0.172,1.15,0.33,0,6.007,86.3585858585859,405.1,1.8,0.238016,4,4.3179e-4,0.233593,0.238016,0,0,0,0,0,0,0,0,0,0,377400,1.267981271875591,297638.46546546544,2017,2019,0,0,1
428,G32-14,F,N,Fulufjellet 3,Fulufjellet_1617,2016,2017,NA,NA,0,NA,list(),Hedmark,Trysil,trysil,G32-14,0.203,0.37,0.17,0.00155,1.583,80.1212121212121,282.5,2,0.157578,0,9.2491e-4,0.18236950000000002,0.207161,0,0,0,0,0,0,0,0,0,0,356100,1.214940244713618,293100.83483483485,2016,2017,0,0,1
429,G95-15,M,N,Fulufjellet 3,Fulufjellet_1617,2016,2017,NA,NA,0,NA,list(),Hedmark,Trysil,trysil,G95-15,0.203,0.37,0.17,0.00155,1.583,80.1212121212121,282.5,2,0.207161,0,9.2491e-4,0.18236950000000002,0.207161,0,0,0,0,0,0,0,0,0,0,356100,1.214940244713618,293100.83483483485,2016,2017,0,0,1
518,M-15-03/G141-13,M,N,Slettås 3,Slettås_1617,2016,2017,NA,NA,1,NA,list(),Hedmark,Trysil,trysil,G141-13,0.191,0.96,0.36,0.01243,6.978,79.9741935483871,547.2,1.8,0.139008,2,2.8612e-4,0.20756550000000001,0.276123,0,0,0,0,0,0,0,0,0,0,356100,1.214940244713618,293100.83483483485,2013,2018,3,3,4
519,M-17-14/G70-10,F,N,Slettås 3,Slettås_1617,2016,2017,NA,NA,1,NA,list(),Hedmark,Trysil,trysil,G70-10,0.191,0.96,0.36,0.01243,6.978,79.9741935483871,547.2,1.8,0.276123,2,2.8612e-4,0.20756550000000001,0.276123,0,0,0,0,0,0,0,0,0,0,356100,1.214940244713618,293100.83483483485,2013,2018,3,3,4
532,G157-14,F,N,Varåa 1,Varåa_1617,2016,2017,illegal,NA,0,NA,list(),Hedmark,Trysil,trysil,G157-14,0.173,1.12,0.26,6.1e-4,6.001,79.9636363636364,330.8,1.8,0.224609,3,3.5554e-4,0.2560425,0.287476,0,0,0,0,0,0,0,0,0,0,356100,1.214940244713618,293100.83483483485,2015,2016,1,1,2
533,G160-15,M,N,Varåa 1,Varåa_1617,2016,2017,illegal,NA,0,NA,list(),Hedmark,Trysil,trysil,G160-15,0.173,1.12,0.26,6.1e-4,6.001,79.9636363636364,330.8,1.8,0.287476,3,3.5554e-4,0.2560425,0.287476,0,0,0,0,0,0,0,0,0,0,356100,1.214940244713618,293100.83483483485,2015,2016,1,1,2
655,M-15-03/G141-13,M,N,Slettås 3,Slettås_1516,2015,2016,NA,NA,1,NA,list(),Hedmark,Trysil,trysil,G141-13,0.198,1.04,0.44,0.01483,7.474,81.7285353535353,617.6,2,0.139008,3,4.4386e-4,0.20756550000000001,0.276123,0,0,0,0,0,0,0,0,0,0,348100,1.2157069472243576,286335.45345345343,2013,2018,2,2,3
656,M-17-14/G70-10,F,N,Slettås 3,Slettås_1516,2015,2016,NA,NA,1,NA,list(),Hedmark,Trysil,trysil,G70-10,0.198,1.04,0.44,0.01483,7.474,81.7285353535353,617.6,2,0.276123,3,4.4386e-4,0.20756550000000001,0.276123,0,0,0,0,0,0,0,0,0,0,348100,1.2157069472243576,286335.45345345343,2013,2018,2,2,3
665,G157-14,F,N,Varåa 1,Varåa_1516,2015,2016,NA,NA,0,NA,list(),Hedmark,Trysil,trysil,G157-14,0.176,1.06,0.34,0,6.843,83.1813725490196,505.1,2,0.224609,5,4.8106e-4,0.2560425,0.287476,0,0,0,0,0,0,0,0,0,0,348100,1.2157069472243576,286335.45345345343,2015,2016,0,0,1
666,G160-15,M,N,Varåa 1,Varåa_1516,2015,2016,NA,NA,0,NA,list(),Hedmark,Trysil,trysil,G160-15,0.176,1.06,0.34,0,6.843,83.1813725490196,505.1,2,0.287476,5,4.8106e-4,0.2560425,0.287476,0,0,0,0,0,0,0,0,0,0,348100,1.2157069472243576,286335.45345345343,2015,2016,0,0,1
756,G125-14,M,N,Lutnes,Lutnes_1415,2014,2015,illegal,NA,0,NA,list(),Hedmark,Trysil,malung,G125-14,0.172,0.96,0.33,0.00197,2.499,85.6769162210339,301.7,2.3,0.299316,2,7.4012e-4,0.2203595,0.299316,0,0,0,0,0,0,0,0,0,0,329100,1.1903753285824463,276467.42342342343,2014,2014,0,0,1
757,G173-14,F,N,Lutnes,Lutnes_1415,2014,2015,illegal,NA,0,NA,list(),Hedmark,Trysil,malung,G173-14,0.172,0.96,0.33,0.00197,2.499,85.6769162210339,301.7,2.3,0.141403,2,7.4012e-4,0.2203595,0.299316,0,0,0,0,0,0,0,0,0,0,329100,1.1903753285824463,276467.42342342343,2014,2014,0,0,1
796,M-15-03/G141-13,M,N,Slettås 3,Slettås_1415,2014,2015,NA,NA,1,NA,list(),Hedmark,Trysil,trysil,G141-13,0.201,1.08,0.43,0.01272,7.417,82.6699873497786,685.9,2.2,0.139008,1,4.0379e-4,0.20756550000000001,0.276123,0,0,0,0,0,0,0,0,0,0,329100,1.1903753285824463,276467.42342342343,2013,2018,1,1,2
797,M-17-14/G70-10,F,N,Slettås 3,Slettås_1415,2014,2015,NA,NA,1,NA,list(),Hedmark,Trysil,trysil,G70-10,0.201,1.08,0.43,0.01272,7.417,82.6699873497786,685.9,2.2,0.276123,1,4.0379e-4,0.20756550000000001,0.276123,0,0,0,0,0,0,0,0,0,0,329100,1.1903753285824463,276467.42342342343,2013,2018,1,1,2
918,M-15-03/G141-13,M,N,Slettås 3,Slettås_1314,2013,2014,NA,NA,1,NA,list(),Hedmark,Trysil,trysil,G141-13,0.194,1.01,0.4,0.0142,7.348,83.9270833333333,729.1,2.5,0.139008,1,4.3524e-4,0.20756550000000001,0.276123,0,0,0,0,0,0,0,0,0,0,319100,1.17379697527535,271852.8048048048,2013,2018,0,0,1
919,M-17-14/G70-10,F,N,Slettås 3,Slettås_1314,2013,2014,NA,NA,1,NA,list(),Hedmark,Trysil,trysil,G70-10,0.194,1.01,0.4,0.0142,7.348,83.9270833333333,729.1,2.5,0.276123,1,4.3524e-4,0.20756550000000001,0.276123,0,0,0,0,0,0,0,0,0,0,319100,1.17379697527535,271852.8048048048,2013,2018,0,0,1
1055,G73-10,M,N,Slettås 1,Slettås_1213,2012,2013,illegal,NA,0,NA,list(),Hedmark,Trysil,trysil,G73-10,0.183,0.93,0.3,0.01422,7.29,87.1380952380952,724.9,2.6,0.28125,2,4.6486e-4,0.2786865,0.28125,0,0,0,0,0,0,0,0,0,0,304300,1.1476959600308019,265139.9069069069,2009,2012,3,3,4
1056,M-17-14/G70-10,F,N,Slettås 1,Slettås_1213,2012,2013,NA,NA,1,NA,list(),Hedmark,Trysil,trysil,G70-10,0.183,0.93,0.3,0.01422,7.29,87.1380952380952,724.9,2.6,0.276123,2,4.6486e-4,0.2786865,0.28125,0,0,0,0,0,0,0,0,0,0,304300,1.1476959600308019,265139.9069069069,2009,2012,3,3,4
1171,G73-10,M,N,Slettås 1,Slettås_1112,2011,2012,NA,NA,0,NA,list(),Hedmark,Trysil,trysil,G73-10,0.197,1.03,0.44,0.01514,7.239,85.747311827957,NA,2.8,0.28125,0,4.9091e-4,0.2786865,0.28125,0,0,0,0,0,0,0,0,0,0,298500,1.1561383911163703,258187.08408408408,2009,2012,2,2,3
1172,M-17-14/G70-10,F,N,Slettås 1,Slettås_1112,2011,2012,NA,NA,1,NA,list(),Hedmark,Trysil,trysil,G70-10,0.197,1.03,0.44,0.01514,7.239,85.747311827957,NA,2.8,0.276123,0,4.9091e-4,0.2786865,0.28125,0,0,0,0,0,0,0,0,0,0,298500,1.1561383911163703,258187.08408408408,2009,2012,2,2,3
1294,G73-10,M,N,Slettås 1,Slettås_1011,2010,2011,NA,NA,0,NA,list(),Hedmark,Trysil,trysil,G73-10,0.203,1.03,0.41,0.01574,2.721,82.6979166666667,NA,2.9,0.28125,2,5.1522e-4,0.2786865,0.28125,0,0,0,0,0,0,0,0,0,0,288300,1.120077668630643,257392.86486486485,2009,2012,1,1,2
1295,M-17-14/G70-10,F,N,Slettås 1,Slettås_1011,2010,2011,NA,NA,1,NA,list(),Hedmark,Trysil,trysil,G70-10,0.203,1.03,0.41,0.01574,2.721,82.6979166666667,NA,2.9,0.276123,2,5.1522e-4,0.2786865,0.28125,0,0,0,0,0,0,0,0,0,0,288300,1.120077668630643,257392.86486486485,2009,2012,1,1,2
1310,G16-10,F,N,VaråaHöljes  2,Varåa-Höljes_1011,2010,2011,illegal,NA,0,NA,list(),Hedmark,Trysil,trysil,G16-10,0.171,1.11,0.31,0,5.873,83.09375,NA,3.2,0,3,4.5356e-4,0.1347655,0.269531,0,0,0,0,0,0,0,0,0,0,288300,1.120077668630643,257392.86486486485,2010,2010,0,0,1
1311,G16-09,M,N,VaråaHöljes  2,Varåa-Höljes_1011,2010,2011,illegal,NA,0,NA,list(),Hedmark,Trysil,trysil,G16-09,0.171,1.11,0.31,0,5.873,83.09375,NA,3.2,0.269531,3,4.5356e-4,0.1347655,0.269531,0,0,0,0,0,0,0,0,0,0,288300,1.120077668630643,257392.86486486485,2010,2010,0,0,1
1400,G73-10,M,N,Slettås 1,Slettås_0910,2009,2010,NA,NA,0,NA,list(),Hedmark,Trysil,trysil,G73-10,0.189,0.93,0.27,0.011,2.717,96.1927083333333,NA,2.9,0.28125,1,3.9038e-4,0.2786865,0.28125,0,0,0,0,0,0,0,0,0,0,280500,1.0835345243843555,258875,2009,2012,0,0,1
1401,M-17-14/G70-10,F,N,Slettås 1,Slettås_0910,2009,2010,NA,NA,1,NA,list(),Hedmark,Trysil,trysil,G70-10,0.189,0.93,0.27,0.011,2.717,96.1927083333333,NA,2.9,0.276123,1,3.9038e-4,0.2786865,0.28125,0,0,0,0,0,0,0,0,0,0,280500,1.0835345243843555,258875,2009,2012,0,0,1
1416,G16-09,M,N,VaråaHöljes  1,Varåa-Höljes_0910,2009,2010,NA,NA,0,NA,list(),Hedmark,Trysil,trysil,G16-09,0.172,1.07,0.28,6.1e-4,5.848,86.6089931573803,NA,3.1,0.269531,1,2.1347e-4,0.1347655,0.269531,0,0,0,0,0,0,0,0,0,0,280500,1.0835345243843555,258875,2009,2009,0,0,1
1417,G16-10,F,N,VaråaHöljes  1,Varåa-Höljes_0910,2009,2010,illegal,1,0,NA,list(),Hedmark,Trysil,trysil,G16-10,0.172,1.07,0.28,6.1e-4,5.848,86.6089931573803,NA,3.1,0,1,2.1347e-4,0.1347655,0.269531,0,0,0,0,0,0,0,0,0,0,280500,1.0835345243843555,258875,2009,2009,0,0,1
55,G18-15,M,N,Kynna 5,Kynna_1920,2019,2020,NA,NA,0,NA,list(),Hedmark,Våler,NA,G18-15,0.193,1.46,0.31,0.00106,8.056,83.3602150537634,248.2,1.8,0.299805,7,4.0844e-4,0.29521200000000003,0.299805,2,2,1,0,0,0,0,0,0,0,404400,1.3307770146072782,303882.6156156156,2019,2019,0,0,1
56,G204-13,F,N,Kynna 5,Kynna_1920,2019,2020,NA,NA,0,NA,list(),Hedmark,Våler,NA,G204-13,0.193,1.46,0.31,0.00106,8.056,83.3602150537634,248.2,1.8,0.290619,7,4.0844e-4,0.29521200000000003,0.299805,2,2,1,0,0,0,0,0,0,0,404400,1.3307770146072782,303882.6156156156,2019,2019,0,0,1
175,M-18-13/G160-16,F,N,Juvberget 6,Juvberget_1819,2018,2019,NA,NA,1,NA,list(),Hedmark,Våler,våler,G160-16,0.161,1.16,0.19,6.1e-4,6.875,83.7365591397849,185.3,2,0.233883,3,4.2994e-4,0.19970500000000002,0.233883,1,1,1,0,0,0,0,0,0,0,394200,1.308821221080907,301187.04804804805,2018,2019,0,0,1
176,M19-03/G86-16,M,N,Juvberget 6,Juvberget_1819,2018,2019,NA,NA,1,NA,list(),Hedmark,Våler,våler,G86-16,0.161,1.16,0.19,6.1e-4,6.875,83.7365591397849,185.3,2,0.165527,3,4.2994e-4,0.19970500000000002,0.233883,1,1,1,0,0,0,0,0,0,0,394200,1.308821221080907,301187.04804804805,2018,2019,0,0,1
187,G204-13,F,N,Kynna 4,Kynna_1819,2018,2019,NA,NA,0,NA,list(),Hedmark,Våler,våler,G204-13,0.196,1.48,0.35,0.00106,9.799,82.3838383838384,250.4,1.8,0.290619,3,2.7883e-4,0.293991,0.297363,1,1,1,0,0,0,0,0,0,0,394200,1.308821221080907,301187.04804804805,2015,2018,3,3,4
188,G91-11,M,N,Kynna 4,Kynna_1819,2018,2019,other,NA,0,old age,list(),Hedmark,Våler,våler,G91-11,0.196,1.48,0.35,0.00106,9.799,82.3838383838384,250.4,1.8,0.297363,3,2.7883e-4,0.293991,0.297363,1,1,1,0,0,0,0,0,0,0,394200,1.308821221080907,301187.04804804805,2015,2018,3,3,4
313,M-18-12/G146-15,M,N,Juvberget 5,Juvberget_1718,2017,2018,other,NA,1,Moose kick,list(),Hedmark,Våler,våler,G146-15,0.16,1.12,0.19,0,6.915,85.578125,254.7,1.8,0.317108,5,2.6484e-4,0.2754955,0.317108,0,0,0,0,0,0,0,0,0,0,376600,1.2652934472399244,297638.46546546544,2017,2017,0,0,1
314,M-18-13/G160-16,F,N,Juvberget 5,Juvberget_1718,2017,2018,NA,NA,1,NA,list(),Hedmark,Våler,våler,G160-16,0.16,1.12,0.19,0,6.915,85.578125,254.7,1.8,0.233883,5,2.6484e-4,0.2754955,0.317108,0,0,0,0,0,0,0,0,0,0,376600,1.2652934472399244,297638.46546546544,2017,2017,0,0,1
323,G204-13,F,N,Kynna 4,Kynna_1718,2017,2018,NA,NA,0,NA,list(),Hedmark,Våler,våler,G204-13,0.194,1.55,0.3,0.00106,8.101,82.6979166666667,263.9,1.8,0.290619,3,1.588e-4,0.293991,0.297363,0,0,0,0,0,0,0,0,0,0,376600,1.2652934472399244,297638.46546546544,2015,2018,2,2,3
324,G91-11,M,N,Kynna 4,Kynna_1718,2017,2018,NA,NA,0,NA,list(),Hedmark,Våler,våler,G91-11,0.194,1.55,0.3,0.00106,8.101,82.6979166666667,263.9,1.8,0.297363,3,1.588e-4,0.293991,0.297363,0,0,0,0,0,0,0,0,0,0,376600,1.2652934472399244,297638.46546546544,2015,2018,2,2,3
472,G204-13,F,N,Kynna 4,Kynna_1617,2016,2017,NA,NA,0,NA,list(),Hedmark,Våler,våler,G204-13,0.194,1.46,0.33,0.00106,9.868,77.41875,263.5,1.8,0.290619,4,1.7898e-4,0.293991,0.297363,0,0,0,0,0,0,0,0,0,0,367300,1.2531523501356694,293100.83483483485,2015,2018,1,1,2
473,G91-11,M,N,Kynna 4,Kynna_1617,2016,2017,NA,NA,0,NA,list(),Hedmark,Våler,våler,G91-11,0.194,1.46,0.33,0.00106,9.868,77.41875,263.5,1.8,0.297363,4,1.7898e-4,0.293991,0.297363,0,0,0,0,0,0,0,0,0,0,367300,1.2531523501356694,293100.83483483485,2015,2018,1,1,2
607,G204-13,F,N,Kynna 4,Kynna_1516,2015,2016,NA,NA,0,NA,list(),Hedmark,Våler,våler,G204-13,0.194,1.46,0.29,0.00093000000000000005,8.114,80.0989583333333,286.5,2,0.290619,5,2.7698e-4,0.293991,0.297363,0,0,0,0,0,0,0,0,0,0,359100,1.2541234264529353,286335.45345345343,2015,2018,0,0,1
608,G91-11,M,N,Kynna 4,Kynna_1516,2015,2016,NA,NA,0,NA,list(),Hedmark,Våler,våler,G91-11,0.194,1.46,0.29,0.00093000000000000005,8.114,80.0989583333333,286.5,2,0.297363,5,2.7698e-4,0.293991,0.297363,0,0,0,0,0,0,0,0,0,0,359100,1.2541234264529353,286335.45345345343,2015,2018,0,0,1
742,G91-11,M,N,Kynna 3,Kynna_1415,2014,2015,NA,NA,0,NA,list(),Hedmark,Våler,våler,G91-11,0.195,1.5,0.35,0.00106,9.781,73.1153587952567,344.1,2.2,0.297363,2,2.4897e-4,0.29541,0.297363,0,0,0,0,0,0,0,0,0,0,344500,1.246078093882263,276467.42342342343,2011,2014,3,3,4
743,M-07-05,F,N,Kynna 3,Kynna_1415,2014,2015,other,NA,1,"9 yr old, could have died of old age/disease",list(),Hedmark,Våler,våler,M-07-05,0.195,1.5,0.35,0.00106,9.781,73.1153587952567,344.1,2.2,0.293457,2,2.4897e-4,0.29541,0.297363,0,0,0,0,0,0,0,0,0,0,344500,1.246078093882263,276467.42342342343,2011,2014,3,3,4
876,G91-11,M,N,Kynna 3,Kynna_1314,2013,2014,NA,NA,0,NA,list(),Hedmark,Våler,våler,G91-11,0.191,1.55,0.28,0,8.044,80.2474747474748,361,2.6,0.297363,0,3.5548e-4,0.29541,0.297363,0,0,0,0,0,0,0,0,0,0,333200,1.2256632784761725,271852.8048048048,2011,2014,2,2,3
877,M-07-05,F,N,Kynna 3,Kynna_1314,2013,2014,NA,NA,1,NA,list(),Hedmark,Våler,våler,M-07-05,0.191,1.55,0.28,0,8.044,80.2474747474748,361,2.6,0.293457,0,3.5548e-4,0.29541,0.297363,0,0,0,0,0,0,0,0,0,0,333200,1.2256632784761725,271852.8048048048,2011,2014,2,2,3
1016,G91-11,M,N,Kynna 3,Kynna_1213,2012,2013,NA,NA,0,NA,list(),Hedmark,Våler,våler,G91-11,0.194,1.49,0.23,0,8.013,82.0989583333333,388.2,2.7,0.297363,1,2.3306e-4,0.29541,0.297363,0,0,0,0,0,0,0,0,0,0,320900,1.2103044152937377,265139.9069069069,2011,2014,1,1,2
1017,M-07-05,F,N,Kynna 3,Kynna_1213,2012,2013,NA,NA,1,NA,list(),Hedmark,Våler,våler,M-07-05,0.194,1.49,0.23,0,8.013,82.0989583333333,388.2,2.7,0.293457,1,2.3306e-4,0.29541,0.297363,0,0,0,0,0,0,0,0,0,0,320900,1.2103044152937377,265139.9069069069,2011,2014,1,1,2
1258,M-07-05,F,N,Kynna 2,Kynna_1011,2010,2011,NA,NA,1,NA,list(),Hedmark,Våler,våler,M-07-05,0.191,1.43,0.3,0.00117,9.644,82.9656862745098,NA,2.9,0.293457,2,2.715e-4,NA,NA,0,0,0,0,0,0,0,0,0,0,289600,1.125128313685169,257392.86486486485,2007,2010,3,3,4
1259,M-10-10,M,N,Kynna 2,Kynna_1011,2010,2011,illegal,NA,1,NA,list(),Hedmark,Våler,våler,M-10-10,0.191,1.43,0.3,0.00117,9.644,82.9656862745098,NA,2.9,NA,2,2.715e-4,NA,NA,0,0,0,0,0,0,0,0,0,0,289600,1.125128313685169,257392.86486486485,2007,2010,3,3,4
1370,M-07-05,F,N,Kynna 2,Kynna_0910,2009,2010,NA,NA,1,NA,list(),Hedmark,Våler,våler,M-07-05,0.192,1.46,0.32,0.00106,9.605,81.628507295174,NA,2.9,0.293457,1,1.6706e-4,NA,NA,0,0,0,0,0,0,0,0,0,0,281600,1.087783679381941,258875,2007,2010,2,2,3
1371,M-10-10,M,N,Kynna 2,Kynna_0910,2009,2010,NA,NA,1,NA,list(),Hedmark,Våler,våler,M-10-10,0.192,1.46,0.32,0.00106,9.605,81.628507295174,NA,2.9,NA,1,1.6706e-4,NA,NA,0,0,0,0,0,0,0,0,0,0,281600,1.087783679381941,258875,2007,2010,2,2,3
1456,M-06-06,M,N,Juvberget 1,Juvberget_0809,2008,2009,NA,NA,1,NA,list(),Hedmark,Våler,våler,M-06-06,0.168,1.3,0.2,6.1e-4,6.769,84.375,NA,3,0.28125,2,2.0671e-4,0.25,0.28125,0,0,0,0,0,0,0,0,0,0,279100,1.097712567620305,254255.993993994,2003,2009,5,5,6
1457,M-05-10,F,N,Juvberget 1,Juvberget_0809,2008,2009,NA,NA,1,NA,list(),Hedmark,Våler,våler,M-05-10,0.168,1.3,0.2,6.1e-4,6.769,84.375,NA,3,0.21875,2,2.0671e-4,0.25,0.28125,0,0,0,0,0,0,0,0,0,0,279100,1.097712567620305,254255.993993994,2003,2009,5,5,6
1542,M-07-05,F,N,Kynna 2,Kynna_0708,2007,2008,NA,NA,1,NA,list(),Hedmark,Våler,våler,M-07-05,0.195,1.58,0.37,0.00125,7.893,77.3725490196078,NA,2.9,0.293457,2,2.0358e-4,NA,NA,0,0,0,0,0,0,0,0,0,0,257900,1.026299216938168,251291.23723723725,2007,2010,0,0,1
1543,M-10-10,M,N,Kynna 2,Kynna_0708,2007,2008,NA,NA,1,NA,list(),Hedmark,Våler,våler,M-10-10,0.195,1.58,0.37,0.00125,7.893,77.3725490196078,NA,2.9,NA,2,2.0358e-4,NA,NA,0,0,0,0,0,0,0,0,0,0,257900,1.026299216938168,251291.23723723725,2007,2010,0,0,1
1580,G18-07,M,N,Kynna 1,Kynna_0405,2004,2007,illegal,NA,0,NA,list(),Hedmark,Våler,våler,G18-07,0.193,1.41,0.26,0,7.888,81.6818181818182,NA,2.6,0.314453,1,5.79e-6,0.35644549999999997,0.398438,0,0,0,0,0,0,0,0,0,0,226700,0.9513330604428825,238297.1951951952,2004,2006,0,0,3
1609,M-07-04,F,N,Kynna 1,Kynna_0607,2006,2007,illegal,1,1,NA,list(),Hedmark,Våler,våler,M-07-04,0.191,1.56,0.28,1.8e-4,7.875,86.0260416666667,NA,2.7,0.398438,2,1.3312e-4,0.35644549999999997,0.398438,0,0,0,0,0,0,0,0,0,0,238000,0.9654341936560324,246521.2042042042,2004,2006,2,2,3
1667,G18-07,M,N,Kynna 1,Kynna_0506,2005,2006,NA,NA,0,NA,list(),Hedmark,Våler,våler,G18-07,0.195,1.41,0.21,0,7.867,83.7604166666667,NA,2.6,0.314453,1,2.1327e-4,0.35644549999999997,0.398438,0,0,0,0,0,0,0,0,0,0,238200,0.9788793929749718,243339.47747747749,2004,2006,1,1,2
1668,M-07-04,F,N,Kynna 1,Kynna_0506,2005,2006,NA,NA,1,NA,list(),Hedmark,Våler,våler,M-07-04,0.195,1.41,0.21,0,7.867,83.7604166666667,NA,2.6,0.398438,1,2.1327e-4,0.35644549999999997,0.398438,0,0,0,0,0,0,0,0,0,0,238200,0.9788793929749718,243339.47747747749,2004,2006,1,1,2
1727,M-07-04,F,N,Kynna 1,Kynna_0405,2004,2005,NA,NA,1,NA,list(),Hedmark,Våler,våler,M-07-04,0.193,1.41,0.26,0,7.888,81.6818181818182,NA,2.6,0.398438,1,5.79e-6,0.35644549999999997,0.398438,0,0,0,0,0,0,0,0,0,0,226700,0.9513330604428825,238297.1951951952,2004,2006,0,0,1
426,G30-16,M,S,Foskros,Foskros_1617,2016,2017,legal,NA,0,NA,list(),Dalarna,Älvdalen,älvdalen,G30-16,0.205,0.25,0.14,0.00503,1,81.325,1.3,2.2,0.228912,0,0.00140914,0.2635265,0.298141,23,16,3,23,4,1,1,6,1,0,273506,0.9331464379967505,293100.83483483485,2016,2016,0,0,1
427,G68-16,F,S,Foskros,Foskros_1617,2016,2017,legal,NA,0,NA,list(),Dalarna,Älvdalen,älvdalen,G68-16,0.205,0.25,0.14,0.00503,1,81.325,1.3,2.2,0.298141,0,0.00140914,0.2635265,0.298141,23,16,3,23,4,1,1,6,1,0,273506,0.9331464379967505,293100.83483483485,2016,2016,0,0,1
826,G136-12,F,S,Drevfjället 2,Drevfjället_1314,2013,2014,legal,NA,0,NA,list(),Dalarna,Älvdalen,älvdalen,G136-12,0.197,0.43,0.16,0.00364,1,83.4583333333333,1.3,2.2,0.157578,1,0.00120224,0.1615525,0.165527,17,17,5,20,20,1,1,5,2,0,241908,0.8898491967875568,271852.8048048048,2013,2013,0,0,1
827,G25-12,M,S,Drevfjället 2,Drevfjället_1314,2013,2014,legal,NA,0,NA,list(),Dalarna,Älvdalen,älvdalen,G25-12,0.197,0.43,0.16,0.00364,1,83.4583333333333,1.3,2.2,0.165527,1,0.00120224,0.1615525,0.165527,17,17,5,20,20,1,1,5,2,0,241908,0.8898491967875568,271852.8048048048,2013,2013,0,0,1
852,G11-14,F,S,Höstet,Höstet_1314,2013,2014,legal,NA,0,NA,list(),Dalarna,Älvdalen,älvdalen,G11-14,0.147,0.46,0.14,0.00555,0.95,83.3645833333333,1.3,2.2,0.126678,1,0.0019376,0.1805075,0.234337,17,17,5,20,20,1,1,5,2,0,241908,0.8898491967875568,271852.8048048048,2013,2013,0,0,1
853,G34-13,M,S,Höstet,Höstet_1314,2013,2014,legal,NA,0,NA,list(),Dalarna,Älvdalen,älvdalen,G34-13,0.147,0.46,0.14,0.00555,0.95,83.3645833333333,1.3,2.2,0.234337,1,0.0019376,0.1805075,0.234337,17,17,5,20,20,1,1,5,2,0,241908,0.8898491967875568,271852.8048048048,2013,2013,0,0,1
948,G51-12,M,S,Fulufjellet 2,Fulufjellet_1314,2013,2014,illegal,NA,0,"Fulufjellet not registered by VSC in 1314 because they disappeared early in season, I used the coordinates för  1213",list(),Dalarna,Älvdalen,älvdalen,G51-12,0.15,0.52,0.17,4.4e-4,1.75,82.2878787878788,1.2,2.2,0.297363,2,0.00172087,0.28247049999999996,0.297363,17,17,5,20,20,1,1,5,2,0,241908,0.8898491967875568,271852.8048048048,2011,2013,2,2,3
949,M-09-06,F,S,Fulufjellet 2,Fulufjellet_1314,2013,2014,illegal,NA,1,"Fulufjellet not registered by VSC in 1314 because they disappeared early in season, I used the coordinates för  1213",list(),Dalarna,Älvdalen,älvdalen,M-09-06,0.15,0.52,0.17,4.4e-4,1.75,82.2878787878788,1.2,2.2,0.267578,2,0.00172087,0.28247049999999996,0.297363,17,17,5,20,20,1,1,5,2,0,241908,0.8898491967875568,271852.8048048048,2011,2013,2,2,3
974,G51-12,M,S,Fulufjellet 2,Fulufjället_1213,2012,2013,NA,NA,0,NA,list(),Dalarna,Älvdalen,älvdalen,G51-12,0.148,0.51,0.16,4.4e-4,1.7,91.7222222222222,0.9,1.9,0.297363,0,0.0018482,0.28247049999999996,0.297363,12,12,5,19,19,0,0,5,3,0,233837,0.8819381538144023,265139.9069069069,2011,2013,1,1,2
975,M-09-06,F,S,Fulufjellet 2,Fulufjället_1213,2012,2013,NA,NA,1,NA,list(),Dalarna,Älvdalen,älvdalen,M-09-06,0.148,0.51,0.16,4.4e-4,1.7,91.7222222222222,0.9,1.9,0.267578,0,0.0018482,0.28247049999999996,0.297363,12,12,5,19,19,0,0,5,3,0,233837,0.8819381538144023,265139.9069069069,2011,2013,1,1,2
1069,G21-05,M,S,Våmhus 3,Våmådalen_1213,2012,2013,NA,NA,0,NA,list(),Dalarna,Älvdalen,älvdalen,G21-05,0.322,1.16,0.22,5.8e-4,4,87.765625,1.7,1.9,0.23877,0,0.00263768,0.24328650000000002,0.247803,12,12,5,19,19,0,0,5,3,0,233837,0.8819381538144023,265139.9069069069,2012,2013,0,0,1
1070,G83-13,F,S,Våmhus 3,Våmådalen_1213,2012,2013,NA,NA,0,NA,list(),Dalarna,Älvdalen,älvdalen,G83-13,0.322,1.16,0.22,5.8e-4,4,87.765625,1.7,1.9,0.247803,0,0.00263768,0.24328650000000002,0.247803,12,12,5,19,19,0,0,5,3,0,233837,0.8819381538144023,265139.9069069069,2012,2013,0,0,1
1099,G1-12,F,S,Drevfjället 1,Drevfjället_1112,2011,2012,legal,NA,0,NA,list(),Dalarna,Älvdalen,älvdalen,G1-12,0.174,0.51,0.15,9.7e-4,0.821,82.7688172043011,NA,2.4,0.248535,2,8.2182e-4,0.27392550000000004,0.299316,7,7,2,19,19,14,2,5,3,0,227819,0.882379538109683,258187.08408408408,2011,2011,0,0,1
1100,G3-11,M,S,Drevfjället 1,Drevfjället_1112,2011,2012,legal,NA,0,NA,list(),Dalarna,Älvdalen,älvdalen,G3-11,0.174,0.51,0.15,9.7e-4,0.821,82.7688172043011,NA,2.4,0.299316,2,8.2182e-4,0.27392550000000004,0.299316,7,7,2,19,19,14,2,5,3,0,227819,0.882379538109683,258187.08408408408,2011,2011,0,0,1
1101,G51-12,M,S,Fulufjellet 2,Fulufjellet_1112,2011,2012,NA,NA,0,NA,list(),Dalarna,Älvdalen,älvdalen,G51-12,0.147,0.44,0.15,0,1.914,82.3535353535353,NA,2.3,0.297363,1,0.00134656,0.28247049999999996,0.297363,7,7,2,19,19,14,2,5,3,0,227819,0.882379538109683,258187.08408408408,2011,2013,0,0,1
1102,M-09-06,F,S,Fulufjellet 2,Fulufjellet_1112,2011,2012,NA,NA,1,NA,list(),Dalarna,Älvdalen,älvdalen,M-09-06,0.147,0.44,0.15,0,1.914,82.3535353535353,NA,2.3,0.267578,1,0.00134656,0.28247049999999996,0.297363,7,7,2,19,19,14,2,5,3,0,227819,0.882379538109683,258187.08408408408,2011,2013,0,0,1
1184,G50-11,M,S,Vassbo,Vassbo_1112,2011,2012,legal,NA,0,NA,list(),Dalarna,Älvdalen,älvdalen,G50-11,0.168,0.5,0.17,0.00236,0.821,83.1127450980392,NA,2.4,0.261963,2,7.9441e-4,0.3069765,0.35199,7,7,2,19,19,14,2,5,3,0,227819,0.882379538109683,258187.08408408408,2011,2011,0,0,1
1185,G51-11,F,S,Vassbo,Vassbo_1112,2011,2012,legal,NA,0,NA,list(),Dalarna,Älvdalen,älvdalen,G51-11,0.168,0.5,0.17,0.00236,0.821,83.1127450980392,NA,2.4,0.35199,2,7.9441e-4,0.3069765,0.35199,7,7,2,19,19,14,2,5,3,0,227819,0.882379538109683,258187.08408408408,2011,2011,0,0,1
1216,D-10-70,M,S,Fjätdalen,Fjätdalen_1011,2010,2011,legal,NA,0,NA,"c(13.1793185776635, 61.6543482472171)",Dalarna,Älvdalen,älvdalen,D-10-70,0.119,0.28,0.08,0.00257,0.95,85.3970588235294,NA,2.4,0.28125,1,0.00218959,0.2716065,0.28125,5,5,4,5,5,0,0,5,3,1,230030,0.8936922168404677,257392.86486486485,2010,2010,0,0,1
1217,D-10-71,F,S,Fjätdalen,Fjätdalen_1011,2010,2011,legal,NA,0,NA,"c(13.1793185776635, 61.6543482472171)",Dalarna,Älvdalen,älvdalen,D-10-71,0.119,0.28,0.08,0.00257,0.95,85.3970588235294,NA,2.4,0.261963,1,0.00218959,0.2716065,0.28125,5,5,4,5,5,0,0,5,3,1,230030,0.8936922168404677,257392.86486486485,2010,2010,0,0,1
1218,M-09-04,M,S,Fulufjellet 1,Fulufjället_1011,2010,2011,legal,NA,1,NA,"c(13.1793185776635, 61.6543482472171)",Dalarna,Älvdalen,älvdalen,M-09-04,0.133,0.52,0.16,0,1.915,88.0989583333333,NA,2.3,0.290527,0,0.0014082,0.2790525,0.290527,5,5,4,5,5,0,0,5,3,1,230030,0.8936922168404677,257392.86486486485,2007,2010,3,3,4
1219,M-09-06,F,S,Fulufjellet 1,Fulufjället_1011,2010,2011,NA,NA,1,NA,"c(13.1793185776635, 61.6543482472171)",Dalarna,Älvdalen,älvdalen,M-09-06,0.133,0.52,0.16,0,1.915,88.0989583333333,NA,2.3,0.267578,0,0.0014082,0.2790525,0.290527,5,5,4,5,5,0,0,5,3,1,230030,0.8936922168404677,257392.86486486485,2007,2010,3,3,4
1268,D-10-67,F,S,Nipfjället,Nipfjället_1011,2010,2011,legal,NA,0,NA,"c(13.1793185776635, 61.6543482472171)",Dalarna,Älvdalen,älvdalen,D-10-67,0.192,0.37,0.17,0.00654,1,81.4739583333333,NA,2.3,0.28125,1,0.00134503,0.2961425,0.311035,5,5,4,5,5,0,0,5,3,1,230030,0.8936922168404677,257392.86486486485,2010,2010,0,0,1
1269,D-10-68,M,S,Nipfjället,Nipfjället_1011,2010,2011,legal,NA,0,NA,"c(13.1793185776635, 61.6543482472171)",Dalarna,Älvdalen,älvdalen,D-10-68,0.192,0.37,0.17,0.00654,1,81.4739583333333,NA,2.3,0.311035,1,0.00134503,0.2961425,0.311035,5,5,4,5,5,0,0,5,3,1,230030,0.8936922168404677,257392.86486486485,2010,2010,0,0,1
1334,M-09-04,M,S,Fulufjellet 1,Fulufjellet_0910,2009,2010,NA,NA,1,NA,"c(13.404156810597, 61.3977002486097)",Dalarna,Älvdalen,älvdalen,M-09-04,0.152,0.61,0.19,0.00219,1.947,91.8177083333333,NA,2.4,0.290527,1,9.1796e-4,0.2790525,0.290527,1,1,1,5,5,5,3,4,3,1,231209,0.8931298889425399,258875,2007,2010,2,2,3
1335,M-09-06,F,S,Fulufjellet 1,Fulufjellet_0910,2009,2010,NA,NA,1,NA,"c(13.404156810597, 61.3977002486097)",Dalarna,Älvdalen,älvdalen,M-09-06,0.152,0.61,0.19,0.00219,1.947,91.8177083333333,NA,2.4,0.267578,1,9.1796e-4,0.2790525,0.290527,1,1,1,5,5,5,3,4,3,1,231209,0.8931298889425399,258875,2007,2010,2,2,3
1408,G33-09,F,S,Tennan,Tennån_0910,2009,2010,illegal,NA,0,NA,"c(13.404156810597, 61.3977002486097)",Dalarna,Älvdalen,älvdalen,G33-09,0.128,0.69,0.23,0.00116,1.8,86,NA,2.3,0.305908,1,0.00136321,0.288208,0.305908,1,1,1,5,5,5,3,4,3,1,231209,0.8931298889425399,258875,2009,2009,0,0,1
1409,G40-08,M,S,Tennan,Tennån_0910,2009,2010,illegal,NA,0,NA,"c(13.404156810597, 61.3977002486097)",Dalarna,Älvdalen,älvdalen,G40-08,0.128,0.69,0.23,0.00116,1.8,86,NA,2.3,0.270508,1,0.00136321,0.288208,0.305908,1,1,1,5,5,5,3,4,3,1,231209,0.8931298889425399,258875,2009,2009,0,0,1
1488,D-09-24,M,S,Tennådalen,Tennådalen_0809,2008,2009,other,NA,0,Killed by other wolves,"c(12.9795057865603, 61.5176218241715)",Dalarna,Älvdalen,älvdalen,D-09-24,0.163,0.74,0.23,0.00175,1.8,83.5,NA,2.4,0.279175,1,0.00139743,0.27764900000000003,0.279175,0,0,0,0,0,0,0,3,2,1,225032,0.8850607471040218,254255.993993994,2008,2008,0,0,1
1489,G17-09,F,S,Tennådalen,Tennådalen_0809,2008,2009,illegal,NA,0,NA,"c(12.9795057865603, 61.5176218241715)",Dalarna,Älvdalen,älvdalen,G17-09,0.163,0.74,0.23,0.00175,1.8,83.5,NA,2.4,0.276123,1,0.00139743,0.27764900000000003,0.279175,0,0,0,0,0,0,0,3,2,1,225032,0.8850607471040218,254255.993993994,2008,2008,0,0,1
291,G86-17,M,S,Gimmen 4,Gimmen_1718,2017,2018,censored,NA,0,NA,list(),Dalarna,Borlänge,borlänge,G86-17,0.207,1.54,0.49,0.01876,35.925,71.2395833333333,2.7,2.4,0.067337,1,0.00129986,0.1041945,0.141052,0,0,0,3,3,0,0,4,2,0,288749,0.9701333446550212,297638.46546546544,2016,2017,1,1,2
292,G93-16,F,S,Gimmen 4,Gimmen_1718,2017,2018,illegal,NA,0,NA,list(),Dalarna,Borlänge,borlänge,G93-16,0.207,1.54,0.49,0.01876,35.925,71.2395833333333,2.7,2.4,0.141052,1,0.00129986,0.1041945,0.141052,0,0,0,3,3,0,0,4,2,0,288749,0.9701333446550212,297638.46546546544,2016,2017,1,1,2
661,M-10-07,M,S,Tansen 3,Tansen_1516,2015,2016,NA,NA,1,NA,list(),Dalarna,Borlänge,ludvika,M-10-07,0.277,1.29,0.27,0.00133,29.76,72.469696969697,2.9,2.3,0.429688,4,7.9593e-4,0.214844,0.429688,0,0,0,1,1,0,0,4,3,0,280598,0.9799624762345885,286335.45345345343,2013,2016,2,2,3
662,M11-05/G47-11,F,S,Tansen 3,Tansen_1516,2015,2016,NA,NA,1,NA,list(),Dalarna,Borlänge,ludvika,G47-11,0.277,1.29,0.27,0.00133,29.76,72.469696969697,2.9,2.3,0,4,7.9593e-4,0.214844,0.429688,0,0,0,1,1,0,0,4,3,0,280598,0.9799624762345885,286335.45345345343,2013,2016,2,2,3
926,M-10-07,M,S,Tansen 3,Tansen_1314,2013,2014,NA,NA,1,NA,list(),Dalarna,Borlänge,borlänge,M-10-07,0.242,1.43,0.36,0.01199,29.3,80.3774509803922,2.7,2.2,0.429688,2,8.826e-4,0.214844,0.429688,0,0,0,1,1,1,1,2,2,0,267237,0.9830209410268214,271852.8048048048,2013,2016,0,0,1
927,M11-05/G47-11,F,S,Tansen 3,Tansen_1314,2013,2014,NA,NA,1,NA,list(),Dalarna,Borlänge,borlänge,G47-11,0.242,1.43,0.36,0.01199,29.3,80.3774509803922,2.7,2.2,0,2,8.826e-4,0.214844,0.429688,0,0,0,1,1,1,1,2,2,0,267237,0.9830209410268214,271852.8048048048,2013,2016,0,0,1
7,G22-14,M,S,Björnås 4,Björnås_1920,2019,2020,NA,NA,0,NA,"c(15.8246297317034, 60.9015612619864)",Dalarna,Falun,NA,G22-14,0.179,1.15,0.16,0,13.9,86.7916666666667,2.4,2.5,0.139008,3,0.00292842,0.069504,0.139008,0,0,0,122,13,5,1,16,2,1,309927,1.0198905237541789,303882.6156156156,2017,2019,2,2,3
8,G113-12,F,S,Björnås 4,Björnås_1920,2019,2020,NA,NA,0,NA,"c(15.8246297317034, 60.9015612619864)",Dalarna,Falun,NA,G113-12,0.179,1.15,0.16,0,13.9,86.7916666666667,2.4,2.5,0,3,0.00292842,0.069504,0.139008,0,0,0,122,13,5,1,16,2,1,309927,1.0198905237541789,303882.6156156156,2017,2019,2,2,3
49,G26-15,F,S,Korsån 5,Korsån_1920,2019,2020,NA,NA,0,NA,"c(15.8246297317034, 60.9015612619864)",Dalarna,Falun,NA,G26-15,0.197,1.41,0.22,0.00332,24.84,82.1617647058823,2.6,2.5,0.414307,2,0.00177504,0.2071535,0.414307,0,0,0,122,13,5,1,16,2,1,309927,1.0198905237541789,303882.6156156156,2015,2019,4,4,5
50,G96-12,M,S,Korsån 5,Korsån_1920,2019,2020,NA,NA,0,NA,"c(15.8246297317034, 60.9015612619864)",Dalarna,Falun,NA,G96-12,0.197,1.41,0.22,0.00332,24.84,82.1617647058823,2.6,2.5,0,2,0.00177504,0.2071535,0.414307,0,0,0,122,13,5,1,16,2,1,309927,1.0198905237541789,303882.6156156156,2015,2019,4,4,5
179,G26-15,F,S,Korsån 5,Korsån_1819,2018,2019,NA,NA,0,NA,list(),Dalarna,Falun,säter,G26-15,0.204,1.43,0.25,0.00368,24.78,82.3489583333333,2.8,2.6,0.414307,1,0.00199725,0.2071535,0.414307,0,0,0,117,8,0,0,15,1,0,307747,1.0217803255301519,301187.04804804805,2015,2019,3,3,4
180,G96-12,M,S,Korsån 5,Korsån_1819,2018,2019,NA,NA,0,NA,list(),Dalarna,Falun,säter,G96-12,0.204,1.43,0.25,0.00368,24.78,82.3489583333333,2.8,2.6,0,1,0.00199725,0.2071535,0.414307,0,0,0,117,8,0,0,15,1,0,307747,1.0217803255301519,301187.04804804805,2015,2019,3,3,4
319,G26-15,F,S,Korsån 5,Korsån_1718,2017,2018,NA,NA,0,NA,list(),Dalarna,Falun,falun,G26-15,0.193,1.4,0.24,0.00253,24.82,74.234375,2.5,2.5,0.414307,0,0.00164289,0.2071535,0.414307,0,0,0,117,9,0,0,15,2,0,305524,1.0264936674841496,297638.46546546544,2015,2019,2,2,3
320,G96-12,M,S,Korsån 5,Korsån_1718,2017,2018,NA,NA,0,NA,list(),Dalarna,Falun,falun,G96-12,0.193,1.4,0.24,0.00253,24.82,74.234375,2.5,2.5,0,0,0.00164289,0.2071535,0.414307,0,0,0,117,9,0,0,15,2,0,305524,1.0264936674841496,297638.46546546544,2015,2019,2,2,3
408,G113-12,F,S,Björnås 3,Björnås_1617,2016,2017,NA,NA,0,NA,list(),Dalarna,Falun,falun,G113-12,0.187,1.14,0.18,0,13.7,80.04375,2.6,2.6,0,5,0.00208963,0.2071535,0.414307,0,0,0,117,60,8,3,15,3,0,302223,1.0311229586579158,293100.83483483485,2014,2016,2,2,3
409,G164-13,M,S,Björnås 3,Björnås_1617,2016,2017,other,NA,0,wolf killed,list(),Dalarna,Falun,falun,G164-13,0.187,1.14,0.18,0,13.7,80.04375,2.6,2.6,0.414307,5,0.00208963,0.2071535,0.414307,0,0,0,117,60,8,3,15,3,0,302223,1.0311229586579158,293100.83483483485,2014,2016,2,2,3
466,G26-15,F,S,Korsån 5,Korsån_1617,2016,2017,NA,NA,0,NA,list(),Dalarna,Falun,falun,G26-15,0.181,1.37,0.18,9e-4,21.4,78.45625,2.6,2.5,0.414307,3,0.00143425,0.2071535,0.414307,0,0,0,117,60,8,3,15,3,0,302223,1.0311229586579158,293100.83483483485,2015,2019,1,1,2
467,G96-12,M,S,Korsån 5,Korsån_1617,2016,2017,NA,NA,0,NA,list(),Dalarna,Falun,falun,G96-12,0.181,1.37,0.18,9e-4,21.4,78.45625,2.6,2.5,0,3,0.00143425,0.2071535,0.414307,0,0,0,117,60,8,3,15,3,0,302223,1.0311229586579158,293100.83483483485,2015,2019,1,1,2
528,G47-16,M,S,Trollberget,Trollberget_1617,2016,2017,NA,NA,0,NA,list(),Dalarna,Falun,falun,G47-16,0.167,1.13,0.3,5.3e-4,15.567,77.06875,2.9,2.2,0.266815,4,0.00194169,0.23698800000000003,0.266815,0,0,0,117,60,8,3,15,3,0,302223,1.0311229586579158,293100.83483483485,2016,2017,0,0,1
529,G48-17,F,S,Trollberget,Trollberget_1617,2016,2017,NA,NA,0,NA,list(),Dalarna,Falun,falun,G48-17,0.167,1.13,0.3,5.3e-4,15.567,77.06875,2.9,2.2,0.207161,4,0.00194169,0.23698800000000003,0.266815,0,0,0,117,60,8,3,15,3,0,302223,1.0311229586579158,293100.83483483485,2016,2017,0,0,1
549,G113-12,F,S,Björnås 3,Björnäs_1516,2015,2016,NA,NA,0,NA,"c(16.1059462251744, 60.6133669682476)",Dalarna,Falun,falun,G113-12,0.183,1.14,0.17,0,13.575,79.4623655913979,2.6,2.7,0,7,0.00315176,0.2071535,0.414307,0,0,0,109,59,0,0,15,7,1,295591,1.0323241374231402,286335.45345345343,2014,2016,1,1,2
550,G164-13,M,S,Björnås 3,Björnäs_1516,2015,2016,NA,NA,0,NA,"c(16.1059462251744, 60.6133669682476)",Dalarna,Falun,falun,G164-13,0.183,1.14,0.17,0,13.575,79.4623655913979,2.6,2.7,0.414307,7,0.00315176,0.2071535,0.414307,0,0,0,109,59,0,0,15,7,1,295591,1.0323241374231402,286335.45345345343,2014,2016,1,1,2
599,G26-15,F,S,Korsån 5,Korsån_1516,2015,2016,NA,NA,0,NA,"c(16.1059462251744, 60.6133669682476)",Dalarna,Falun,falun,G26-15,0.181,1.35,0.26,0,24.3,74.0625,2.6,2.4,0.414307,4,0.00219066,0.2071535,0.414307,0,0,0,109,59,0,0,15,7,1,295591,1.0323241374231402,286335.45345345343,2015,2019,0,0,1
600,G96-12,M,S,Korsån 5,Korsån_1516,2015,2016,NA,NA,0,NA,"c(16.1059462251744, 60.6133669682476)",Dalarna,Falun,falun,G96-12,0.181,1.35,0.26,0,24.3,74.0625,2.6,2.4,0,4,0.00219066,0.2071535,0.414307,0,0,0,109,59,0,0,15,7,1,295591,1.0323241374231402,286335.45345345343,2015,2019,0,0,1
687,G113-12,F,S,Björnås 3,Björnås_1415,2014,2015,NA,NA,0,NA,list(),Dalarna,Falun,falun,G113-12,0.179,1.13,0.19,0,11.9,81.3802083333333,2.7,2.5,0,5,0.00295414,0.2071535,0.414307,0,0,0,109,59,0,0,14,7,0,286988,1.0380535849262205,276467.42342342343,2014,2016,0,0,1
688,G164-13,M,S,Björnås 3,Björnås_1415,2014,2015,NA,NA,0,NA,list(),Dalarna,Falun,falun,G164-13,0.179,1.13,0.19,0,11.9,81.3802083333333,2.7,2.5,0.414307,5,0.00295414,0.2071535,0.414307,0,0,0,109,59,0,0,14,7,0,286988,1.0380535849262205,276467.42342342343,2014,2016,0,0,1
734,G68-12,F,S,Korsån 4,Korsån_1415,2014,2015,illegal,NA,0,NA,list(),Dalarna,Falun,falun,G68-12,0.177,1.33,0.2,0,21,77.2297165200391,2.7,2.3,0.248535,2,0.00202239,0.1242675,0.248535,0,0,0,109,59,0,0,14,7,0,286988,1.0380535849262205,276467.42342342343,2014,2014,0,0,1
735,G96-12,M,S,Korsån 4,Korsån_1415,2014,2015,NA,NA,0,NA,list(),Dalarna,Falun,falun,G96-12,0.177,1.33,0.2,0,21,77.2297165200391,2.7,2.3,0,2,0.00202239,0.1242675,0.248535,0,0,0,109,59,0,0,14,7,0,286988,1.0380535849262205,276467.42342342343,2014,2014,0,0,1
818,G183-13,M,S,Björnås 2,Björnås_1314,2013,2014,illegal,NA,0,NA,"c(16.1169140591165, 60.7266126048823)",Dalarna,Falun,falun,G183-13,0.178,1.1,0.2,0,11.95,80.265625,2.9,2.4,0.414307,2,0.00256491,0.414307,0.414307,0,0,0,109,59,1,1,14,8,1,280604,1.032190932153445,271852.8048048048,2013,2013,0,0,1
819,G113-12,F,S,Björnås 2/3/4,Björnås_1314,2013,2014,NA,NA,0,NA,"c(16.1169140591165, 60.7266126048823)",Dalarna,Falun,falun,G113-12,0.178,1.1,0.2,0,11.95,80.265625,2.9,2.4,0,2,0.00256491,0,0,0,0,0,109,59,1,1,14,8,1,280604,1.032190932153445,271852.8048048048,2013,2013,0,0,1
868,G96-12,M,S,Korsån 3,Korså_1314,2013,2014,NA,NA,0,NA,"c(16.1169140591165, 60.7266126048823)",Dalarna,Falun,falun,G96-12,0.174,1.3,0.2,0,21.7,80.078431372549,2.9,2.5,0,2,0.00168409,0.1098635,0.219727,0,0,0,109,59,1,1,14,8,1,280604,1.032190932153445,271852.8048048048,2012,2013,1,1,2
869,M-05-11,F,S,Korsån 3,Korså_1314,2013,2014,legal,NA,1,NA,"c(16.1169140591165, 60.7266126048823)",Dalarna,Falun,falun,M-05-11,0.174,1.3,0.2,0,21.7,80.078431372549,2.9,2.5,0.219727,2,0.00168409,0.1098635,0.219727,0,0,0,109,59,1,1,14,8,1,280604,1.032190932153445,271852.8048048048,2012,2013,1,1,2
1008,G96-12,M,S,Korsån 3,Korsån_1213,2012,2013,NA,NA,0,NA,"c(15.4961175463103, 60.5480685820172)",Dalarna,Falun,falun,G96-12,0.183,1.39,0.2,0.00198,20.833,75.4198232323232,2.8,2.3,0,0,8.6499e-4,0.1098635,0.219727,0,0,0,108,58,51,7,13,9,1,274342,1.0347065562496558,265139.9069069069,2012,2013,0,0,1
1009,M-05-11,F,S,Korsån 3,Korsån_1213,2012,2013,NA,NA,1,NA,"c(15.4961175463103, 60.5480685820172)",Dalarna,Falun,falun,M-05-11,0.183,1.39,0.2,0.00198,20.833,75.4198232323232,2.8,2.3,0.219727,0,8.6499e-4,0.1098635,0.219727,0,0,0,108,58,51,7,13,9,1,274342,1.0347065562496558,265139.9069069069,2012,2013,0,0,1
1079,G18-08,F,S,Långsjön 5,Långsjön_1213,2012,2013,illegal,NA,0,"Långsjön not registered by VSC in 1213 because they disappeared early in season, I used the coordinates för  1112","c(15.4961175463103, 60.5480685820172)",Dalarna,Falun,falun,G18-08,0.17,1.31,0.33,0.00318,15.2,75.3385416666667,2.6,1.9,0.227051,3,0.00127786,0.237793,0.248535,0,0,0,108,58,51,7,13,9,1,274342,1.0347065562496558,265139.9069069069,2012,2012,0,0,1
1080,G97-12,M,S,Långsjön 5,Långsjön_1213,2012,2013,illegal,NA,0,NA,"c(15.4961175463103, 60.5480685820172)",Dalarna,Falun,falun,G97-12,0.17,1.31,0.33,0.00318,15.2,75.3385416666667,2.6,1.9,0.248535,3,0.00127786,0.237793,0.248535,0,0,0,108,58,51,7,13,9,1,274342,1.0347065562496558,265139.9069069069,2012,2012,0,0,1
1087,G50-12,M,S,Björnås 1,Björnås_1112,2011,2012,NA,NA,0,NA,"c(15.7621847742742, 16.2017541122923, 15.4803776055228, 15.4469758742468, 60.7842050364311, 60.7502530641907, 60.7828385261378, 60.5753728892155)",Dalarna,Falun,falun,G50-12,0.176,1.1,0.23,0,13.24,83.9791666666667,NA,2.3,0.414307,4,0.00208686,0.320557,0.414307,0,0,0,57,7,7,2,12,8,4,265750,1.0292923867309058,258187.08408408408,2011,2012,0,0,1
1088,G88-11,F,S,Björnås 1,Björnås_1112,2011,2012,NA,NA,0,NA,"c(15.7621847742742, 16.2017541122923, 15.4803776055228, 15.4469758742468, 60.7842050364311, 60.7502530641907, 60.7828385261378, 60.5753728892155)",Dalarna,Falun,falun,G88-11,0.176,1.1,0.23,0,13.24,83.9791666666667,NA,2.3,0.226807,4,0.00208686,0.320557,0.414307,0,0,0,57,7,7,2,12,8,4,265750,1.0292923867309058,258187.08408408408,2011,2012,0,0,1
1137,G24-10,M,S,Korsån 2,Korsån_1112,2011,2012,illegal,NA,0,NA,"c(15.7621847742742, 16.2017541122923, 15.4803776055228, 15.4469758742468, 60.7842050364311, 60.7502530641907, 60.7828385261378, 60.5753728892155)",Dalarna,Falun,falun,G24-10,0.177,1.27,0.2,0,21.567,83.78125,NA,2.4,0.267578,3,0.00162499,0.2436525,0.267578,0,0,0,57,7,7,2,12,8,4,265750,1.0292923867309058,258187.08408408408,2009,2011,2,2,3
1138,M-05-11,F,S,Korsån 2,Korsån_1112,2011,2012,NA,NA,1,NA,"c(15.7621847742742, 16.2017541122923, 15.4803776055228, 15.4469758742468, 60.7842050364311, 60.7502530641907, 60.7828385261378, 60.5753728892155)",Dalarna,Falun,falun,M-05-11,0.177,1.27,0.2,0,21.567,83.78125,NA,2.4,0.219727,3,0.00162499,0.2436525,0.267578,0,0,0,57,7,7,2,12,8,4,265750,1.0292923867309058,258187.08408408408,2009,2011,2,2,3
1147,G18-08,F,S,Långsjön 4,Långsjön_1112,2011,2012,NA,NA,0,NA,"c(15.7621847742742, 16.2017541122923, 15.4803776055228, 15.4469758742468, 60.7842050364311, 60.7502530641907, 60.7828385261378, 60.5753728892155)",Dalarna,Falun,falun,G18-08,0.168,1.3,0.33,0.00342,15.233,82.21875,NA,2.3,0.227051,4,0.0015773,0.3127445,0.398438,0,0,0,57,7,7,2,12,8,4,265750,1.0292923867309058,258187.08408408408,2010,2011,1,1,2
1148,G6-05,M,S,Långsjön 4,Långsjön_1112,2011,2012,illegal,NA,0,NA,"c(15.7621847742742, 16.2017541122923, 15.4803776055228, 15.4469758742468, 60.7842050364311, 60.7502530641907, 60.7828385261378, 60.5753728892155)",Dalarna,Falun,falun,G6-05,0.168,1.3,0.33,0.00342,15.233,82.21875,NA,2.3,0.398438,4,0.0015773,0.3127445,0.398438,0,0,0,57,7,7,2,12,8,4,265750,1.0292923867309058,258187.08408408408,2010,2011,1,1,2
1254,G24-10,M,S,Korsån 2,Korsån_1011,2010,2011,NA,NA,0,NA,"c(16.0473681585801, 60.7602310966654)",Dalarna,Falun,falun,G24-10,0.176,1.31,0.18,0,20.85,82.5606060606061,NA,2.5,0.267578,1,0.00147332,0.2436525,0.267578,0,0,0,50,50,0,0,8,7,1,266235,1.0343526816090158,257392.86486486485,2009,2011,1,1,2
1255,M-05-11,F,S,Korsån 2,Korsån_1011,2010,2011,NA,NA,1,NA,"c(16.0473681585801, 60.7602310966654)",Dalarna,Falun,falun,M-05-11,0.176,1.31,0.18,0,20.85,82.5606060606061,NA,2.5,0.219727,1,0.00147332,0.2436525,0.267578,0,0,0,50,50,0,0,8,7,1,266235,1.0343526816090158,257392.86486486485,2009,2011,1,1,2
1266,G18-08,F,S,Långsjön 4,Långsjön_1011,2010,2011,NA,NA,0,NA,"c(16.0473681585801, 60.7602310966654)",Dalarna,Falun,falun,G18-08,0.17,1.2,0.32,0.00329,15.133,88.8666666666667,NA,2.3,0.227051,2,0.00161904,0.3127445,0.398438,0,0,0,50,50,0,0,8,7,1,266235,1.0343526816090158,257392.86486486485,2010,2011,0,0,1
1267,G6-05,M,S,Långsjön 4,Långsjön_1011,2010,2011,NA,NA,0,NA,"c(16.0473681585801, 60.7602310966654)",Dalarna,Falun,falun,G6-05,0.17,1.2,0.32,0.00329,15.133,88.8666666666667,NA,2.3,0.398438,2,0.00161904,0.3127445,0.398438,0,0,0,50,50,0,0,8,7,1,266235,1.0343526816090158,257392.86486486485,2010,2011,0,0,1
1366,G24-10,M,S,Korsån 2,Korsån_0910,2009,2010,NA,NA,0,NA,"c(15.5662409457741, 60.813443294323)",Dalarna,Falun,falun,G24-10,0.185,1.39,0.2,0.00253,20.917,82.3513513513514,NA,2.4,0.267578,0,9.3054e-4,0.2436525,0.267578,0,0,0,50,50,0,0,7,7,1,269265,1.040135200386287,258875,2009,2011,0,0,1
1367,M-05-11,F,S,Korsån 2,Korsån_0910,2009,2010,NA,NA,1,NA,"c(15.5662409457741, 60.813443294323)",Dalarna,Falun,falun,M-05-11,0.185,1.39,0.2,0.00253,20.917,82.3513513513514,NA,2.4,0.219727,0,9.3054e-4,0.2436525,0.267578,0,0,0,50,50,0,0,7,7,1,269265,1.040135200386287,258875,2009,2011,0,0,1
1460,G13-07,M,S,Korsån 1,Korsån_0809,2008,2009,illegal,NA,0,NA,"c(15.7222547843619, 15.4507677211126, 60.8764527845521, 60.6220255485626)",Dalarna,Falun,falun,G13-07,0.2,1.42,0.27,0.00253,23.98,81.8388573232323,NA,2.4,0.1875,1,0.00114572,0.2036135,0.219727,0,0,0,50,50,0,0,6,6,2,262687,1.033159517199839,254255.993993994,2006,2008,2,2,3
1461,M-05-11,F,S,Korsån 1,Korsån_0809,2008,2009,NA,NA,1,NA,"c(15.7222547843619, 15.4507677211126, 60.8764527845521, 60.6220255485626)",Dalarna,Falun,falun,M-05-11,0.2,1.42,0.27,0.00253,23.98,81.8388573232323,NA,2.4,0.219727,1,0.00114572,0.2036135,0.219727,0,0,0,50,50,0,0,6,6,2,262687,1.033159517199839,254255.993993994,2006,2008,2,2,3
1468,G18-08,F,S,Långsjön 3,Långsjön_0809,2008,2009,NA,NA,0,NA,"c(15.7222547843619, 15.4507677211126, 60.8764527845521, 60.6220255485626)",Dalarna,Falun,falun,G18-08,0.171,1.15,0.3,5.3e-4,15,81.989898989899,NA,2.4,0.227051,1,0.00174335,0.227051,0.227051,0,0,0,50,50,0,0,6,6,2,262687,1.033159517199839,254255.993993994,2008,2009,0,0,1
1469,G21-07,M,S,Långsjön 3,Långsjön_0809,2008,2009,NA,NA,0,NA,"c(15.7222547843619, 15.4507677211126, 60.8764527845521, 60.6220255485626)",Dalarna,Falun,falun,G21-07,0.171,1.15,0.3,5.3e-4,15,81.989898989899,NA,2.4,0.227051,1,0.00174335,0.227051,0.227051,0,0,0,50,50,0,0,6,6,2,262687,1.033159517199839,254255.993993994,2008,2009,0,0,1
1538,G13-07,M,S,Korsån 1,Korsån_0708,2007,2008,NA,NA,0,NA,list(),Dalarna,Falun,falun,G13-07,0.19,1.42,0.21,0.00332,24.04,73.984375,NA,2.5,0.1875,0,4.686e-4,0.2036135,0.219727,0,0,0,50,50,0,0,4,4,0,260496,1.0366298596957155,251291.23723723725,2006,2008,1,1,2
1539,M-05-11,F,S,Korsån 1,Korsån_0708,2007,2008,NA,NA,1,NA,list(),Dalarna,Falun,falun,M-05-11,0.19,1.42,0.21,0.00332,24.04,73.984375,NA,2.5,0.219727,0,4.686e-4,0.2036135,0.219727,0,0,0,50,50,0,0,4,4,0,260496,1.0366298596957155,251291.23723723725,2006,2008,1,1,2
1546,D-07-23,F,S,Långsjön 2,Långsjön_0708,2007,2008,legal,NA,0,NA,list(),Dalarna,Falun,falun,D-07-23,0.169,1.14,0.29,5.3e-4,15,76.2395833333333,NA,2.6,0.219727,0,0.00122956,0.223389,0.227051,0,0,0,50,50,0,0,4,4,0,260496,1.0366298596957155,251291.23723723725,2007,2007,0,0,1
1547,G21-07,M,S,Långsjön 2,Långsjön_0708,2007,2008,NA,NA,0,NA,list(),Dalarna,Falun,falun,G21-07,0.169,1.14,0.29,5.3e-4,15,76.2395833333333,NA,2.6,0.227051,0,0.00122956,0.223389,0.227051,0,0,0,50,50,0,0,4,4,0,260496,1.0366298596957155,251291.23723723725,2007,2007,0,0,1
104,G52-19,M,S,Stora Bör 2,Tansen_1920,2019,2020,NA,NA,0,NA,list(),Dalarna,Gagnef,NA,G52-19,0.249,1.28,0.28,0.00274,27.567,82.1979166666667,2.8,2.5,0.249692,1,6.3433e-4,0.280146,0.3106,2,2,0,7,7,3,1,6,2,0,292243,0.9616970006920742,303882.6156156156,2019,2019,0,0,1
375,M17-01/G156-16,M,S,Tansen 4,Tansen_1718,2017,2018,NA,NA,1,NA,"c(14.9295583600675, 60.3801418199025)",Dalarna,Gagnef,ludvika,G156-16,0.262,1.26,0.26,0.00239,30.3,77.21875,2.5,2.4,0.298141,2,5.3367e-4,0.270687,0.298141,2,2,2,4,4,0,0,5,2,1,291447,0.9791980332388058,297638.46546546544,2017,2018,0,0,1
376,G135-17,F,S,Tansen 4,Tansen_1718,2017,2018,NA,NA,0,NA,"c(14.9295583600675, 60.3801418199025)",Dalarna,Gagnef,ludvika,G135-17,0.262,1.26,0.26,0.00239,30.3,77.21875,2.5,2.4,0.243233,2,5.3367e-4,0.270687,0.298141,2,2,2,4,4,0,0,5,2,1,291447,0.9791980332388058,297638.46546546544,2017,2018,0,0,1
494,G103-15,M,S,Orsen,Orsen_1617,2016,2017,legal,NA,0,NA,list(),Dalarna,Gagnef,gagnef,G103-15,0.312,1.22,0.25,2.6e-4,11.967,73.3125,2.4,2.2,0.222382,3,2.8159e-4,0.257828,0.293274,0,0,0,4,4,4,1,4,1,0,287703,0.9815836934143276,293100.83483483485,2015,2016,1,1,2
495,G98-16,F,S,Orsen,Orsen_1617,2016,2017,legal,NA,0,NA,list(),Dalarna,Gagnef,gagnef,G98-16,0.312,1.22,0.25,2.6e-4,11.967,73.3125,2.4,2.2,0.293274,3,2.8159e-4,0.257828,0.293274,0,0,0,4,4,4,1,4,1,0,287703,0.9815836934143276,293100.83483483485,2015,2016,1,1,2
635,G103-15,M,S,Orsen,Orsen_1516,2015,2016,NA,NA,0,NA,list(),Dalarna,Gagnef,gagnef,G103-15,0.312,1.23,0.24,2.6e-4,11.733,74.4393939393939,2.6,2.3,0.222382,5,6.47e-4,0.257828,0.293274,0,0,0,0,0,0,0,4,1,0,280555,0.9798123027248768,286335.45345345343,2015,2016,0,0,1
636,G98-16,F,S,Orsen,Orsen_1516,2015,2016,NA,NA,0,NA,list(),Dalarna,Gagnef,gagnef,G98-16,0.312,1.23,0.24,2.6e-4,11.733,74.4393939393939,2.6,2.3,0.293274,5,6.47e-4,0.257828,0.293274,0,0,0,0,0,0,0,4,1,0,280555,0.9798123027248768,286335.45345345343,2015,2016,0,0,1
802,M-10-07,M,S,Tansen 3,Tansen_1415,2014,2015,NA,NA,1,NA,list(),Dalarna,Gagnef,gagnef,M-10-07,0.249,1.27,0.27,0.00274,29.82,76.6927083333333,2.7,2.2,0.429688,4,7.8707e-4,0.214844,0.429688,0,0,0,0,0,0,0,4,1,0,273927,0.9908111292391486,276467.42342342343,2013,2016,1,1,2
803,M11-05/G47-11,F,S,Tansen 3,Tansen_1415,2014,2015,NA,NA,1,NA,list(),Dalarna,Gagnef,gagnef,G47-11,0.249,1.27,0.27,0.00274,29.82,76.6927083333333,2.7,2.2,0,4,7.8707e-4,0.214844,0.429688,0,0,0,0,0,0,0,4,1,0,273927,0.9908111292391486,276467.42342342343,2013,2016,1,1,2
1061,G75-12,M,S,Tansen 2,Tansen_1213,2012,2013,illegal,NA,0,NA,list(),Dalarna,Gagnef,borlänge,G75-12,0.243,1.34,0.31,0.00317,26.25,71.4807449494949,2.5,1.9,0.27356,2,3.8206e-4,0.13678,0.27356,0,0,0,0,0,0,0,3,2,0,262301,0.9892927966218843,265139.9069069069,2011,2012,1,1,2
1062,M11-05/G47-11,F,S,Tansen 2,Tansen_1213,2012,2013,NA,NA,1,NA,list(),Dalarna,Gagnef,borlänge,G47-11,0.243,1.34,0.31,0.00317,26.25,71.4807449494949,2.5,1.9,0,2,3.8206e-4,0.13678,0.27356,0,0,0,0,0,0,0,3,2,0,262301,0.9892927966218843,265139.9069069069,2011,2012,1,1,2
577,G124-13,F,S,Gåsmyren 1,Gåsmyren_1516,2015,2016,NA,NA,0,NA,list(),Dalarna,Hedemora,hedemora,G124-13,0.299,1.43,0.34,0.00512,24.917,64.4947916666667,3,2.3,0.338989,2,4.5108e-4,0.3454895,0.35199,0,0,0,9,9,0,0,2,0,0,265096,0.9258231797799147,286335.45345345343,2013,2017,2,2,3
578,G67-11,M,S,Gåsmyren 1,Gåsmyren_1516,2015,2016,NA,NA,0,NA,list(),Dalarna,Hedemora,hedemora,G67-11,0.299,1.43,0.34,0.00512,24.917,64.4947916666667,3,2.3,0.35199,2,4.5108e-4,0.3454895,0.35199,0,0,0,9,9,0,0,2,0,0,265096,0.9258231797799147,286335.45345345343,2013,2017,2,2,3
679,G42-14,M,S,Hålnan,Hålnan_1516,2015,2016,illegal,NA,0,NA,list(),Dalarna,Hedemora,hedemora,G42-14,0.23,1.47,0.33,0.00735,25.16,64.3177083333333,3,2.5,0.139008,3,0.00113187,0.1408845,0.142761,0,0,0,9,9,0,0,2,0,0,265096,0.9258231797799147,286335.45345345343,2015,2015,0,0,1
680,G55-15,F,S,Hålnan,Hålnan_1516,2015,2016,illegal,NA,0,NA,list(),Dalarna,Hedemora,hedemora,G55-15,0.23,1.47,0.33,0.00735,25.16,64.3177083333333,3,2.5,0.142761,3,0.00113187,0.1408845,0.142761,0,0,0,9,9,0,0,2,0,0,265096,0.9258231797799147,286335.45345345343,2015,2015,0,0,1
1605,G13-07,M,S,Korsån 1,Korsån_0607,2006,2007,NA,NA,0,NA,list(),Dalarna,Hedemora,hedemora,G13-07,0.205,1.44,0.26,0.0037200000000000002,24.08,81.3047619047619,NA,2.8,0.1875,0,3.9043e-4,0.2036135,0.219727,0,0,0,0,0,0,0,1,0,0,238615,0.9679289080640092,246521.2042042042,2006,2008,0,0,1
1606,M-05-11,F,S,Korsån 1,Korsån_0607,2006,2007,NA,NA,1,NA,list(),Dalarna,Hedemora,hedemora,M-05-11,0.205,1.44,0.26,0.0037200000000000002,24.08,81.3047619047619,NA,2.8,0.219727,0,3.9043e-4,0.2036135,0.219727,0,0,0,0,0,0,0,1,0,0,238615,0.9679289080640092,246521.2042042042,2006,2008,0,0,1
432,G86-17,M,S,Gimmen 4,Gimmen_1617,2016,2017,NA,NA,0,"G86-17 ensam 2 år, ny partner I Gimmen 5 20/21","c(14.9446593443817, 15.2880027636898, 14.6659981187975, 60.5797834303468, 60.676851449369, 60.6316947453102)",Dalarna,Leksand,leksand,G86-17,0.209,1.49,0.45,0.01362,35.675,73.39375,3,2.2,0.067337,3,0.00134057,0.1041945,0.141052,8,4,0,111,86,4,2,10,7,3,282903,0.9652070768048769,293100.83483483485,2016,2017,0,0,1
433,G93-16,F,S,Gimmen 4,Gimmen_1617,2016,2017,NA,NA,0,NA,"c(14.9446593443817, 15.2880027636898, 14.6659981187975, 60.5797834303468, 60.676851449369, 60.6316947453102)",Dalarna,Leksand,leksand,G93-16,0.209,1.49,0.45,0.01362,35.675,73.39375,3,2.2,0.141052,3,0.00134057,0.1041945,0.141052,8,4,0,111,86,4,2,10,7,3,282903,0.9652070768048769,293100.83483483485,2016,2017,0,0,1
657,G153-14,M,S,Sången 4,Sången_1516,2015,2016,illegal,NA,0,NA,list(),Dalarna,Leksand,leksand,G153-14,0.268,1.03,0.21,5.1e-4,9.275,75.78125,3.2,2.3,0.298141,1,0.00166496,0.3919905,0.48584,8,4,4,107,99,60,6,7,5,0,277172,0.9679974891584879,286335.45345345343,2015,2015,0,0,1
658,G4-15,F,S,Sången 4,Sången_1516,2015,2016,illegal,NA,0,NA,list(),Dalarna,Leksand,leksand,G4-15,0.268,1.03,0.21,5.1e-4,9.275,75.78125,3.2,2.3,0.48584,1,0.00166496,0.3919905,0.48584,8,4,4,107,99,60,6,7,5,0,277172,0.9679974891584879,286335.45345345343,2015,2015,0,0,1
677,G37-10,M,S,Gimmen 3,Gimmen_1516,2015,2016,illegal,NA,0,"Gimmen not registered by VSC in 1516 because they disappeared early in season, I used the coordinates för  1415",list(),Dalarna,Leksand,leksand,G37-10,0.21,1.48,0.44,0.01326,35.225,66.030303030303,2.9,2.3,0,1,0.00200852,0.2052,0.4104,8,4,4,107,99,60,6,7,5,0,277172,0.9679974891584879,286335.45345345343,2014,2015,1,1,2
678,G85-13,F,S,Gimmen 3,Gimmen_1516,2015,2016,illegal,NA,0,Gimmen 3-male moved here fr Homna,list(),Dalarna,Leksand,leksand,G85-13,0.21,1.48,0.44,0.01326,35.225,66.030303030303,2.9,2.3,0.4104,1,0.00200852,0.2052,0.4104,8,4,4,107,99,60,6,7,5,0,277172,0.9679974891584879,286335.45345345343,2014,2015,1,1,2
701,G37-10,M,S,Gimmen 3,Gimmen_1415,2014,2015,NA,NA,0,NA,"c(15.2630117159716, 15.2102673140299, 60.7461909393899, 60.6953037236882)",Dalarna,Leksand,leksand,G37-10,0.217,1.46,0.41,0.0111,35.1,72.9313725490196,3,2.2,0,2,0.00170729,0.2052,0.4104,4,4,0,47,39,5,1,7,5,2,266896,0.9653795615233686,276467.42342342343,2014,2015,0,0,1
702,G85-13,F,S,Gimmen 3,Gimmen_1415,2014,2015,NA,NA,0,NA,"c(15.2630117159716, 15.2102673140299, 60.7461909393899, 60.6953037236882)",Dalarna,Leksand,leksand,G85-13,0.217,1.46,0.41,0.0111,35.1,72.9313725490196,3,2.2,0.4104,2,0.00170729,0.2052,0.4104,4,4,0,47,39,5,1,7,5,2,266896,0.9653795615233686,276467.42342342343,2014,2015,0,0,1
798,G4-15,F,S,Sången 3,Sången_1415,2014,2015,NA,NA,0,NA,"c(15.2630117159716, 15.2102673140299, 60.7461909393899, 60.6953037236882)",Dalarna,Leksand,leksand,G4-15,0.256,0.97,0.24,0,9.25,79.6720430107527,2.8,2.2,0.48584,0,0.00154366,0.3190005,0.48584,4,4,0,47,39,5,1,7,5,2,266896,0.9653795615233686,276467.42342342343,2014,2014,0,0,1
799,G98-13,M,S,Sången 3,Sången_1415,2014,2015,illegal,NA,0,NA,"c(15.2630117159716, 15.2102673140299, 60.7461909393899, 60.6953037236882)",Dalarna,Leksand,leksand,G98-13,0.256,0.97,0.24,0,9.25,79.6720430107527,2.8,2.2,0.152161,0,0.00154366,0.3190005,0.48584,4,4,0,47,39,5,1,7,5,2,266896,0.9653795615233686,276467.42342342343,2014,2014,0,0,1
834,G100-13,M,S,Gimmen 2,Gimmen_1314,2013,2014,illegal,NA,0,NA,list(),Dalarna,Leksand,leksand,G100-13,0.212,1.48,0.44,0.01334,34.75,78.2843137254902,2.6,2.2,0.26416,1,0.00155872,0.33728,0.4104,4,4,0,42,34,0,0,5,3,0,263930,0.9708562697725576,271852.8048048048,2013,2013,0,0,1
835,G85-13,F,S,Gimmen 2,Gimmen_1314,2013,2014,NA,NA,0,NA,list(),Dalarna,Leksand,leksand,G85-13,0.212,1.48,0.44,0.01334,34.75,78.2843137254902,2.6,2.2,0.4104,1,0.00155872,0.33728,0.4104,4,4,0,42,34,0,0,5,3,0,263930,0.9708562697725576,271852.8048048048,2013,2013,0,0,1
920,G4-08,F,S,Sången 2,Sången_1314,2013,2014,illegal,NA,0,NA,list(),Dalarna,Leksand,leksand,G4-08,0.254,1.04,0.23,9.6e-4,9.25,81.2239583333333,2.6,2.2,0.293457,0,0.00155012,0.222809,0.293457,4,4,0,42,34,0,0,5,3,0,263930,0.9708562697725576,271852.8048048048,2012,2013,1,1,2
921,G98-13,M,S,Sången 2,Sången_1314,2013,2014,NA,NA,0,NA,list(),Dalarna,Leksand,leksand,G98-13,0.254,1.04,0.23,9.6e-4,9.25,81.2239583333333,2.6,2.2,0.152161,0,0.00155012,0.222809,0.293457,4,4,0,42,34,0,0,5,3,0,263930,0.9708562697725576,271852.8048048048,2012,2013,1,1,2
1057,G4-08,F,S,Sången 2,Sången_1213,2012,2013,NA,NA,0,NA,"c(15.1459834638427, 15.5047588613318, 60.6581600023249, 60.864474293293)",Dalarna,Leksand,leksand,G4-08,0.238,1.06,0.25,9.6e-4,9.225,78.5632183908046,2.2,1.9,0.293457,1,7.2583e-4,0.222809,0.293457,4,4,0,42,34,17,1,5,4,2,256482,0.967345892936642,265139.9069069069,2012,2013,0,0,1
1058,G98-13,M,S,Sången 2,Sången_1213,2012,2013,NA,NA,0,NA,"c(15.1459834638427, 15.5047588613318, 60.6581600023249, 60.864474293293)",Dalarna,Leksand,leksand,G98-13,0.238,1.06,0.25,9.6e-4,9.225,78.5632183908046,2.2,1.9,0.152161,1,7.2583e-4,0.222809,0.293457,4,4,0,42,34,17,1,5,4,2,256482,0.967345892936642,265139.9069069069,2012,2013,0,0,1
1093,G80-11,F,S,Digerberget,Digerberget_1112,2011,2012,illegal,NA,0,NA,"c(15.4225905635203, 60.8258538086554)",Dalarna,Leksand,leksand,G80-11,0.239,0.9,0.26,5e-4,9.275,82.5364583333333,NA,2.3,0.4104,4,0.00110439,0.3586425,0.4104,4,4,0,25,25,17,1,3,3,1,249939,0.9680538470259111,258187.08408408408,2011,2011,0,0,1
1094,G83-12,M,S,Digerberget,Digerberget_1112,2011,2012,illegal,NA,0,NA,"c(15.4225905635203, 60.8258538086554)",Dalarna,Leksand,leksand,G83-12,0.239,0.9,0.26,5e-4,9.275,82.5364583333333,NA,2.3,0.306885,4,0.00110439,0.3586425,0.4104,4,4,0,25,25,17,1,3,3,1,249939,0.9680538470259111,258187.08408408408,2011,2011,0,0,1
1105,G21-07,M,S,Gimmen 1,Gimmen_1112,2011,2012,illegal,NA,0,NA,"c(15.4225905635203, 60.8258538086554)",Dalarna,Leksand,leksand,G21-07,0.202,1.21,0.42,0.00599,25.067,82.3958333333333,NA,2.3,0.227051,5,0.00148058,0.227051,0.227051,4,4,0,25,25,17,1,3,3,1,249939,0.9680538470259111,258187.08408408408,2009,2011,2,2,3
1106,G54-10,F,S,Gimmen 1,Gimmen_1112,2011,2012,illegal,NA,0,Gimmen 1-hanen G21-07 kommer efter skilsmässa fr helsyster i Långsjön 3,"c(15.4225905635203, 60.8258538086554)",Dalarna,Leksand,leksand,G54-10,0.202,1.21,0.42,0.00599,25.067,82.3958333333333,NA,2.3,0.227051,5,0.00148058,0.227051,0.227051,4,4,0,25,25,17,1,3,3,1,249939,0.9680538470259111,258187.08408408408,2009,2011,2,2,3
1173,G4-08,F,S,Sången 1,Sången_1112,2011,2012,NA,NA,0,NA,"c(15.4225905635203, 60.8258538086554)",Dalarna,Leksand,leksand,G4-08,0.242,1.11,0.33,9.2e-4,10,82.4895833333333,NA,2.3,0.293457,4,8.2839e-4,0.293457,0.293457,4,4,0,25,25,17,1,3,3,1,249939,0.9680538470259111,258187.08408408408,2007,2011,4,4,5
1174,G6-08,M,S,Sången 1,Sången_1112,2011,2012,censored,NA,0,NA,"c(15.4225905635203, 60.8258538086554)",Dalarna,Leksand,leksand,G6-08,0.242,1.11,0.33,9.2e-4,10,82.4895833333333,NA,2.3,0.293457,4,8.2839e-4,0.293457,0.293457,4,4,0,25,25,17,1,3,3,1,249939,0.9680538470259111,258187.08408408408,2007,2011,4,4,5
1224,G21-07,M,S,Gimmen 1,Gimmen_1011,2010,2011,NA,NA,0,NA,list(),Dalarna,Leksand,leksand,G21-07,0.217,1.43,0.41,0.00698,34.2,86.2552083333333,NA,2.3,0.227051,2,0.00109305,0.227051,0.227051,4,4,4,8,8,0,0,2,2,0,250549,0.9734108213587894,257392.86486486485,2009,2011,1,1,2
1225,G54-10,F,S,Gimmen 1,Gimmen_1011,2010,2011,NA,NA,0,NA,list(),Dalarna,Leksand,leksand,G54-10,0.217,1.43,0.41,0.00698,34.2,86.2552083333333,NA,2.3,0.227051,2,0.00109305,0.227051,0.227051,4,4,4,8,8,0,0,2,2,0,250549,0.9734108213587894,257392.86486486485,2009,2011,1,1,2
1298,G4-08,F,S,Sången 1,Sången_1011,2010,2011,NA,NA,0,NA,list(),Dalarna,Leksand,leksand,G4-08,0.241,1.02,0.25,9.6e-4,9.275,87.7979797979798,NA,2.3,0.293457,2,8.7311e-4,0.293457,0.293457,4,4,4,8,8,0,0,2,2,0,250549,0.9734108213587894,257392.86486486485,2007,2011,3,3,4
1299,G6-08,M,S,Sången 1,Sången_1011,2010,2011,NA,NA,0,NA,list(),Dalarna,Leksand,leksand,G6-08,0.241,1.02,0.25,9.6e-4,9.275,87.7979797979798,NA,2.3,0.293457,2,8.7311e-4,0.293457,0.293457,4,4,4,8,8,0,0,2,2,0,250549,0.9734108213587894,257392.86486486485,2007,2011,3,3,4
1340,G21-07,M,S,Gimmen 1,Gimmen_0910,2009,2010,NA,NA,0,NA,list(),Dalarna,Leksand,leksand,G21-07,0.213,1.47,0.44,0.01186,33.925,79.5776515151515,NA,2.3,0.227051,2,0.00105021,0.227051,0.227051,0,0,0,8,8,0,0,2,2,0,252174,0.9741149203283438,258875,2009,2011,0,0,1
1341,G54-10,F,S,Gimmen 1,Gimmen_0910,2009,2010,NA,NA,0,NA,list(),Dalarna,Leksand,leksand,G54-10,0.213,1.47,0.44,0.01186,33.925,79.5776515151515,NA,2.3,0.227051,2,0.00105021,0.227051,0.227051,0,0,0,8,8,0,0,2,2,0,252174,0.9741149203283438,258875,2009,2011,0,0,1
1378,G18-08,F,S,Långsjön 3,Långsjön_0910,2009,2010,NA,NA,0,NA,list(),Dalarna,Leksand,leksand,G18-08,0.185,1.05,0.3,5.3e-4,15.067,81.098622311828,NA,2.3,0.227051,1,0.00179718,0.227051,0.227051,0,0,0,8,8,0,0,2,2,0,252174,0.9741149203283438,258875,2008,2009,1,1,2
1379,G21-07,M,S,Långsjön 3,Långsjön_0910,2009,2010,NA,NA,0,NA,list(),Dalarna,Leksand,leksand,G21-07,0.185,1.05,0.3,5.3e-4,15.067,81.098622311828,NA,2.3,0.227051,1,0.00179718,0.227051,0.227051,0,0,0,8,8,0,0,2,2,0,252174,0.9741149203283438,258875,2008,2009,1,1,2
1402,G4-08,F,S,Sången 1,Sången_0910,2009,2010,NA,NA,0,NA,list(),Dalarna,Leksand,leksand,G4-08,0.247,0.99,0.28,0,9.275,80.3405934343434,NA,2.3,0.293457,2,9.541e-4,0.293457,0.293457,0,0,0,8,8,0,0,2,2,0,252174,0.9741149203283438,258875,2007,2011,2,2,3
1403,G6-08,M,S,Sången 1,Sången_0910,2009,2010,NA,NA,0,NA,list(),Dalarna,Leksand,leksand,G6-08,0.247,0.99,0.28,0,9.275,80.3405934343434,NA,2.3,0.293457,2,9.541e-4,0.293457,0.293457,0,0,0,8,8,0,0,2,2,0,252174,0.9741149203283438,258875,2007,2011,2,2,3
1486,G4-08,F,S,Sången 1,Sången_0809,2008,2009,NA,NA,0,NA,"c(15.2505608709496, 60.6571090872159)",Dalarna,Leksand,leksand,G4-08,0.245,1.02,0.25,9.6e-4,9.3,83.2956989247312,NA,2.4,0.293457,1,7.3254e-4,0.293457,0.293457,0,0,0,8,8,0,0,2,2,1,246249,0.9685081406805177,254255.993993994,2007,2011,1,1,2
1487,G6-08,M,S,Sången 1,Sången_0809,2008,2009,NA,NA,0,NA,"c(15.2505608709496, 60.6571090872159)",Dalarna,Leksand,leksand,G6-08,0.245,1.02,0.25,9.6e-4,9.3,83.2956989247312,NA,2.4,0.293457,1,7.3254e-4,0.293457,0.293457,0,0,0,8,8,0,0,2,2,1,246249,0.9685081406805177,254255.993993994,2007,2011,1,1,2
1566,G4-08,F,S,Sången 1,Sången_0708,2007,2008,NA,NA,0,NA,"c(15.4450052775812, 60.8104796179632)",Dalarna,Leksand,leksand,G4-08,0.249,0.99,0.26,1.8e-4,9.3,74.75,NA,2.6,0.293457,1,9.1388e-4,0.293457,0.293457,0,0,0,8,8,8,2,1,1,1,244519,0.9730502451589915,251291.23723723725,2007,2011,0,0,1
1567,G6-08,M,S,Sången 1,Sången_0708,2007,2008,NA,NA,0,NA,"c(15.4450052775812, 60.8104796179632)",Dalarna,Leksand,leksand,G6-08,0.249,0.99,0.26,1.8e-4,9.3,74.75,NA,2.6,0.293457,1,9.1388e-4,0.293457,0.293457,0,0,0,8,8,8,2,1,1,1,244519,0.9730502451589915,251291.23723723725,2007,2011,0,0,1
1612,D-07-10,M,S,Långsjön 1,Långsjön_0607,2006,2007,illegal,NA,0,NA,list(),Dalarna,Leksand,leksand,D-07-10,0.178,1.01,0.29,2.8e-4,15.033,81.6960784313726,NA,2.8,0.219727,1,7.8983e-4,0.219727,0.219727,0,0,0,0,0,0,0,0,0,0,242240,0.9826335255094004,246521.2042042042,2005,2006,1,1,2
1613,D-07-23,F,S,Långsjön 1,Långsjön_0607,2006,2007,NA,NA,0,NA,list(),Dalarna,Leksand,leksand,D-07-23,0.178,1.01,0.29,2.8e-4,15.033,81.6960784313726,NA,2.8,0.219727,1,7.8983e-4,0.219727,0.219727,0,0,0,0,0,0,0,0,0,0,242240,0.9826335255094004,246521.2042042042,2005,2006,1,1,2
1671,D-07-10,M,S,Långsjön 1,Långsjön_0506,2005,2006,NA,NA,0,NA,list(),Dalarna,Leksand,leksand,D-07-10,0.175,0.99,0.28,2.8e-4,15.033,81.875,NA,3.1,0.219727,1,0.00101661,0.219727,0.219727,0,0,0,0,0,0,0,0,0,0,237452,0.975805497987796,243339.47747747749,2005,2006,0,0,1
1672,D-07-23,F,S,Långsjön 1,Långsjön_0506,2005,2006,NA,NA,0,NA,list(),Dalarna,Leksand,leksand,D-07-23,0.175,0.99,0.28,2.8e-4,15.033,81.875,NA,3.1,0.219727,1,0.00101661,0.219727,0.219727,0,0,0,0,0,0,0,0,0,0,237452,0.975805497987796,243339.47747747749,2005,2006,0,0,1
1817,M-02-01,M,S,Leksand 2,Leksand_0203,2002,2003,other,NA,1,capture related,list(),Dalarna,Leksand,leksand,M-02-01,0.25,1.06,0.23,9.6e-4,9.325,83,NA,3.5,0.234375,0,2.7644e-4,0.1796875,0.234375,0,0,0,0,0,0,0,0,0,0,221262,0.9642848939844411,229457.08408408408,2001,2002,1,1,2
1818,M-98-05,F,S,Leksand 2,Leksand_0203,2002,2003,illegal,1,1,NA,list(),Dalarna,Leksand,leksand,M-98-05,0.25,1.06,0.23,9.6e-4,9.325,83,NA,3.5,0.125,0,2.7644e-4,0.1796875,0.234375,0,0,0,0,0,0,0,0,0,0,221262,0.9642848939844411,229457.08408408408,2001,2002,1,1,2
1837,M-02-01,M,S,Leksand 2,Leksand_0102,2001,2002,NA,NA,1,NA,list(),Dalarna,Leksand,leksand,M-02-01,0.254,1.06,0.23,9.6e-4,9.35,81.5505050505051,NA,3.6,0.234375,0,3.331e-4,0.1796875,0.234375,0,0,0,0,0,0,0,0,0,0,216464,0.9663308691773682,224006.0903614458,2001,2002,0,0,1
1838,M-98-05,F,S,Leksand 2,Leksand_0102,2001,2002,NA,NA,1,NA,list(),Dalarna,Leksand,leksand,M-98-05,0.254,1.06,0.23,9.6e-4,9.35,81.5505050505051,NA,3.6,0.125,0,3.331e-4,0.1796875,0.234375,0,0,0,0,0,0,0,0,0,0,216464,0.9663308691773682,224006.0903614458,2001,2002,0,0,1
65,G172-19,M,S,Låsen,Låsen_1920,2019,2020,NA,NA,0,NA,list(),Dalarna,Ludvika,NA,G172-19,0.328,1.13,0.28,0.0018600000000000001,11.025,82.2070707070707,2.9,2.5,0.134041,2,1.4861e-4,0.188637,0.243233,16,11,0,31,2,0,0,9,3,0,280349,0.9225568874088423,303882.6156156156,2019,2019,0,0,1
66,G48-18,F,S,Låsen,Låsen_1920,2019,2020,NA,NA,0,NA,list(),Dalarna,Ludvika,NA,G48-18,0.328,1.13,0.28,0.0018600000000000001,11.025,82.2070707070707,2.9,2.5,0.243233,2,1.4861e-4,0.188637,0.243233,16,11,0,31,2,0,0,9,3,0,280349,0.9225568874088423,303882.6156156156,2019,2019,0,0,1
73,G156-14,M,S,Norrsjön 1,Norrsjön_1920,2019,2020,censored,NA,0,NA,list(),Dalarna,Ludvika,NA,G156-14,0.314,1.07,0.28,0.00208,8.94,82.0376344086021,3,2.5,0.224609,1,8.89e-5,0.19506800000000002,0.224609,16,11,0,31,2,0,0,9,3,0,280349,0.9225568874088423,303882.6156156156,2015,2019,4,4,5
74,G53-16,F,S,Norrsjön 1,Norrsjön_1920,2019,2020,other,NA,0,"Ersattes direkt av ny tik, som var där före G53!6´s död",list(),Dalarna,Ludvika,NA,G53-16,0.314,1.07,0.28,0.00208,8.94,82.0376344086021,3,2.5,0.165527,1,8.89e-5,0.19506800000000002,0.224609,16,11,0,31,2,0,0,9,3,0,280349,0.9225568874088423,303882.6156156156,2015,2019,4,4,5
201,G156-14,M,S,Norrsjön 1,Norrsjön_1819,2018,2019,NA,NA,0,NA,"c(14.6474524266691, 60.2618518773062)",Dalarna,Ludvika,ludvika,G156-14,0.315,1.07,0.28,0.00208,9.02,83.0428315412186,2.8,2.5,0.224609,1,1.9306e-4,0.19506800000000002,0.224609,16,11,0,31,17,0,0,9,4,1,281230,0.933738691031414,301187.04804804805,2015,2019,3,3,4
202,G53-16,F,S,Norrsjön 1,Norrsjön_1819,2018,2019,NA,NA,0,NA,"c(14.6474524266691, 60.2618518773062)",Dalarna,Ludvika,ludvika,G53-16,0.315,1.07,0.28,0.00208,9.02,83.0428315412186,2.8,2.5,0.165527,1,1.9306e-4,0.19506800000000002,0.224609,16,11,0,31,17,0,0,9,4,1,281230,0.933738691031414,301187.04804804805,2015,2019,3,3,4
235,M17-01/G156-16,M,S,Tansen 4,Tansen_1819,2018,2019,NA,NA,1,NA,"c(14.6474524266691, 60.2618518773062)",Dalarna,Ludvika,ludvika,G156-16,0.27,1.29,0.26,0.00195,30.38,82.625,2.8,2.5,0.298141,1,6.1604e-4,0.270687,0.298141,16,11,0,31,17,0,0,9,4,1,281230,0.933738691031414,301187.04804804805,2017,2018,1,1,2
236,G135-17,F,S,Tansen 4,Tansen_1819,2018,2019,NA,NA,0,NA,"c(14.6474524266691, 60.2618518773062)",Dalarna,Ludvika,ludvika,G135-17,0.27,1.29,0.26,0.00195,30.38,82.625,2.8,2.5,0.243233,1,6.1604e-4,0.270687,0.298141,16,11,0,31,17,0,0,9,4,1,281230,0.933738691031414,301187.04804804805,2017,2018,1,1,2
345,G156-14,M,S,Norrsjön 1,Norrsjön_1718,2017,2018,NA,NA,0,NA,list(),Dalarna,Ludvika,ludvika,G156-14,0.322,1.17,0.27,0.00121,11.1,77.0052083333333,2.5,2.4,0.224609,1,2.4008e-4,0.19506800000000002,0.224609,16,11,0,31,17,0,0,8,4,0,280734,0.9432047015864391,297638.46546546544,2015,2019,2,2,3
346,G53-16,F,S,Norrsjön 1,Norrsjön_1718,2017,2018,NA,NA,0,NA,list(),Dalarna,Ludvika,ludvika,G53-16,0.322,1.17,0.27,0.00121,11.1,77.0052083333333,2.5,2.4,0.165527,1,2.4008e-4,0.19506800000000002,0.224609,16,11,0,31,17,0,0,8,4,0,280734,0.9432047015864391,297638.46546546544,2015,2019,2,2,3
397,M11-05/G47-11,F,S,Tansen 2,Tansen _1112,2011,2017,NA,NA,1,NA,list(),Dalarna,Ludvika,ludvika,G47-11,0.256,1.29,0.28,0.00258,29,83.9166666666667,NA,2.3,0,2,3.8718e-4,0.13678,0.27356,5,5,5,14,2,2,2,3,1,0,250507,0.9702538021554057,258187.08408408408,2011,2012,0,0,6
488,G156-14,M,S,Norrsjön 1,Norrsjön_1617,2016,2017,NA,NA,0,NA,"c(14.4467497806852, 60.207076534258)",Dalarna,Ludvika,ludvika,G156-14,0.305,1.18,0.3,0.0025,11.15,69.0060606060606,2.4,2.2,0.224609,6,1.5844e-4,0.19506800000000002,0.224609,16,11,7,31,17,0,0,8,5,1,276846,0.9445418337208265,293100.83483483485,2015,2019,1,1,2
489,G53-16,F,S,Norrsjön 1,Norrsjön_1617,2016,2017,NA,NA,0,NA,"c(14.4467497806852, 60.207076534258)",Dalarna,Ludvika,ludvika,G53-16,0.305,1.18,0.3,0.0025,11.15,69.0060606060606,2.4,2.2,0.165527,6,1.5844e-4,0.19506800000000002,0.224609,16,11,7,31,17,0,0,8,5,1,276846,0.9445418337208265,293100.83483483485,2015,2019,1,1,2
524,M-10-07,M,S,Tansen 3,Tansen_1617,2016,2017,illegal,NA,1,NA,"c(14.4467497806852, 60.207076534258)",Dalarna,Ludvika,ludvika,M-10-07,0.268,1.26,0.26,0.00195,30.14,71.75,2.6,2.2,0.429688,3,4.3976e-4,0.214844,0.429688,16,11,7,31,17,0,0,8,5,1,276846,0.9445418337208265,293100.83483483485,2013,2016,3,3,4
525,M11-05/G47-11,F,S,Tansen 3,Tansen_1617,2016,2017,illegal,NA,1,NA,"c(14.4467497806852, 60.207076534258)",Dalarna,Ludvika,ludvika,G47-11,0.268,1.26,0.26,0.00195,30.14,71.75,2.6,2.2,0,3,4.3976e-4,0.214844,0.429688,16,11,7,31,17,0,0,8,5,1,276846,0.9445418337208265,293100.83483483485,2013,2016,3,3,4
559,G49-16,M,S,Flintbäcken,Flintbäcken_1516,2015,2016,NA,NA,0,NA,"c(14.9225236504503, 60.2468595032357)",Dalarna,Ludvika,ludvika,G49-16,0.334,1.05,0.22,4.4e-4,7.6,77.8958333333333,2.4,2.2,0.299316,6,3.0207e-4,0.257114,0.299316,9,9,4,31,19,2,1,7,4,1,274055,0.95711165590799,286335.45345345343,2015,2016,0,0,1
560,G88-15,F,S,Flintbäcken,Flintbäcken_1516,2015,2016,NA,NA,0,NA,"c(14.9225236504503, 60.2468595032357)",Dalarna,Ludvika,ludvika,G88-15,0.334,1.05,0.22,4.4e-4,7.6,77.8958333333333,2.4,2.2,0.214912,6,3.0207e-4,0.257114,0.299316,9,9,4,31,19,2,1,7,4,1,274055,0.95711165590799,286335.45345345343,2015,2016,0,0,1
621,G1-11,M,S,Lövsjön 6,Lövsjön_1516,2015,2016,legal,NA,0,NA,"c(14.9225236504503, 60.2468595032357)",Dalarna,Ludvika,ludvika,G1-11,0.303,1.18,0.31,0.00309,10.95,76.0625,2.6,2.3,0.267334,7,3.746e-4,0.276123,0.284912,9,9,4,31,19,2,1,7,4,1,274055,0.95711165590799,286335.45345345343,2013,2015,2,2,3
622,G57-13,F,S,Lövsjön 6,Lövsjön_1516,2015,2016,legal,NA,0,NA,"c(14.9225236504503, 60.2468595032357)",Dalarna,Ludvika,ludvika,G57-13,0.303,1.18,0.31,0.00309,10.95,76.0625,2.6,2.3,0.284912,7,3.746e-4,0.276123,0.284912,9,9,4,31,19,2,1,7,4,1,274055,0.95711165590799,286335.45345345343,2013,2015,2,2,3
629,G156-14,M,S,Norrsjön 1,Norrsjön_1516,2015,2016,NA,NA,0,NA,"c(14.9225236504503, 60.2468595032357)",Dalarna,Ludvika,ludvika,G156-14,0.304,1.27,0.25,0.00143,10.95,74.40625,2.7,2.3,0.224609,6,5.3551e-4,0.19506800000000002,0.224609,9,9,4,31,19,2,1,7,4,1,274055,0.95711165590799,286335.45345345343,2015,2019,0,0,1
630,G53-16,F,S,Norrsjön 1,Norrsjön_1516,2015,2016,NA,NA,0,NA,"c(14.9225236504503, 60.2468595032357)",Dalarna,Ludvika,ludvika,G53-16,0.304,1.27,0.25,0.00143,10.95,74.40625,2.7,2.3,0.165527,6,5.3551e-4,0.19506800000000002,0.224609,9,9,4,31,19,2,1,7,4,1,274055,0.95711165590799,286335.45345345343,2015,2019,0,0,1
760,G1-11,M,S,Lövsjön 6,Lövsjön_1415,2014,2015,NA,NA,0,NA,"c(14.970568779533, 60.16689092673)",Dalarna,Ludvika,ludvika,G1-11,0.312,1.22,0.26,0.00127,10.85,75.2020202020202,2.6,2.2,0.267334,4,3.3471e-4,0.276123,0.284912,5,5,0,29,17,15,3,6,3,1,268239,0.9702372767050345,276467.42342342343,2013,2015,1,1,2
761,G57-13,F,S,Lövsjön 6,Lövsjön_1415,2014,2015,NA,NA,0,NA,"c(14.970568779533, 60.16689092673)",Dalarna,Ludvika,ludvika,G57-13,0.312,1.22,0.26,0.00127,10.85,75.2020202020202,2.6,2.2,0.284912,4,3.3471e-4,0.276123,0.284912,5,5,0,29,17,15,3,6,3,1,268239,0.9702372767050345,276467.42342342343,2013,2015,1,1,2
772,G52-15,M,S,Olsjön 2,Olsjön_1415,2014,2015,legal,NA,0,NA,"c(14.970568779533, 60.16689092673)",Dalarna,Ludvika,ludvika,G52-15,0.267,1.4,0.39,0.0078,12.433,73.4309027777778,2.6,2.3,0.336578,4,2.4342e-4,0.30574,0.336578,5,5,0,29,17,15,3,6,3,1,268239,0.9702372767050345,276467.42342342343,2014,2014,0,0,1
773,G84-13,F,S,Olsjön 2,Olsjön_1415,2014,2015,legal,NA,0,NA,"c(14.970568779533, 60.16689092673)",Dalarna,Ludvika,ludvika,G84-13,0.267,1.4,0.39,0.0078,12.433,73.4309027777778,2.6,2.3,0.274902,4,2.4342e-4,0.30574,0.336578,5,5,0,29,17,15,3,6,3,1,268239,0.9702372767050345,276467.42342342343,2014,2014,0,0,1
888,G1-11,M,S,Lövsjön 6,Lövsjön_1314,2013,2014,NA,NA,0,NA,"c(14.879774536801, 60.1230588363166)",Dalarna,Ludvika,ludvika,G1-11,0.3,1.29,0.25,0.00162,10.825,81.1458333333333,2.7,2.2,0.267334,4,5.1795e-4,0.276123,0.284912,5,5,0,14,2,0,0,5,3,1,267027,0.9822484641706389,271852.8048048048,2013,2015,0,0,1
889,G57-13,F,S,Lövsjön 6,Lövsjön_1314,2013,2014,NA,NA,0,NA,"c(14.879774536801, 60.1230588363166)",Dalarna,Ludvika,ludvika,G57-13,0.3,1.29,0.25,0.00162,10.825,81.1458333333333,2.7,2.2,0.284912,4,5.1795e-4,0.276123,0.284912,5,5,0,14,2,0,0,5,3,1,267027,0.9822484641706389,271852.8048048048,2013,2015,0,0,1
902,G6-08,M,S,Olsjön 1,Olsjön_1314,2013,2014,legal,NA,0,NA,"c(14.879774536801, 60.1230588363166)",Dalarna,Ludvika,ludvika,G6-08,0.262,1.31,0.38,0.00794,11.05,81.0520833333333,2.6,2.4,0.293457,4,3.0059e-4,0.28417950000000003,0.293457,5,5,0,14,2,0,0,5,3,1,267027,0.9822484641706389,271852.8048048048,2013,2013,0,0,1
903,G84-13,F,S,Olsjön 1,Olsjön_1314,2013,2014,NA,NA,0,NA,"c(14.879774536801, 60.1230588363166)",Dalarna,Ludvika,ludvika,G84-13,0.262,1.31,0.38,0.00794,11.05,81.0520833333333,2.6,2.4,0.274902,4,3.0059e-4,0.28417950000000003,0.293457,5,5,0,14,2,0,0,5,3,1,267027,0.9822484641706389,271852.8048048048,2013,2013,0,0,1
1024,G1-11,M,S,Lövsjön 5,Lövsjön_1213,2012,2013,NA,NA,0,NA,"c(14.4591691383493, 60.0690521541746)",Dalarna,Ludvika,ludvika,G1-11,0.316,1.15,0.28,0.00178,10.75,71.7385912698413,2.5,2,0.267334,3,1.2684e-4,0.27111799999999997,0.274902,5,5,0,14,2,0,0,4,2,1,258199,0.9738217193032962,265139.9069069069,2012,2012,0,0,1
1025,G84-13,F,S,Lövsjön 5,Lövsjön_1213,2012,2013,NA,NA,0,NA,"c(14.4591691383493, 60.0690521541746)",Dalarna,Ludvika,ludvika,G84-13,0.316,1.15,0.28,0.00178,10.75,71.7385912698413,2.5,2,0.274902,3,1.2684e-4,0.27111799999999997,0.274902,5,5,0,14,2,0,0,4,2,1,258199,0.9738217193032962,265139.9069069069,2012,2012,0,0,1
1149,G1-11,M,S,Lövsjön 4,Lövsjön_1112,2011,2012,NA,NA,0,NA,list(),Dalarna,Ludvika,ludvika,G1-11,0.314,1.27,0.23,9.5e-4,11.567,83.1197916666667,NA,2.3,0.267334,2,2.3379e-4,0.309662,0.35199,5,5,5,14,2,2,2,3,1,0,250507,0.9702538021554057,258187.08408408408,2011,2011,0,0,1
1150,G64-12,F,S,Lövsjön 4,Lövsjön_1112,2011,2012,illegal,NA,0,NA,list(),Dalarna,Ludvika,ludvika,G64-12,0.314,1.27,0.23,9.5e-4,11.567,83.1197916666667,NA,2.3,0.35199,2,2.3379e-4,0.309662,0.35199,5,5,5,14,2,2,2,3,1,0,250507,0.9702538021554057,258187.08408408408,2011,2011,0,0,1
1177,G75-12,M,S,Tansen 2,Tansen _1112,2011,2012,NA,NA,0,NA,list(),Dalarna,Ludvika,ludvika,G75-12,0.256,1.29,0.28,0.00258,29,83.9166666666667,NA,2.3,0.27356,2,3.8718e-4,0.13678,0.27356,5,5,5,14,2,2,2,3,1,0,250507,0.9702538021554057,258187.08408408408,2011,2012,0,0,1
1302,D-11-17,F,S,Tansen 1,Tansen_1011,2010,2011,legal,NA,0,NA,list(),Dalarna,Ludvika,ludvika,D-11-17,0.293,1.29,0.22,0.00191,29.65,82.5520833333333,NA,2.3,0.324219,2,2.5815e-4,0.3117675,0.324219,0,0,0,12,0,0,0,3,1,0,252789,0.9821134712988957,257392.86486486485,2009,2010,1,1,2
1303,G7-10,M,S,Tansen 1,Tansen_1011,2010,2011,illegal,NA,0,NA,list(),Dalarna,Ludvika,ludvika,G7-10,0.293,1.29,0.22,0.00191,29.65,82.5520833333333,NA,2.3,0.299316,2,2.5815e-4,0.3117675,0.324219,0,0,0,12,0,0,0,3,1,0,252789,0.9821134712988957,257392.86486486485,2009,2010,1,1,2
1406,D-11-17,F,S,Tansen 1,Tansen_0910,2009,2010,NA,NA,0,NA,"c(14.6095142282412, 60.0463511645613)",Dalarna,Ludvika,ludvika,D-11-17,0.286,1.26,0.23,0.00191,24.65,80.6063988095238,NA,2.3,0.324219,1,2.3654e-4,0.3117675,0.324219,0,0,0,12,0,0,0,3,1,1,255685,0.9876774505070014,258875,2009,2010,0,0,1
1407,G7-10,M,S,Tansen 1,Tansen_0910,2009,2010,NA,NA,0,NA,"c(14.6095142282412, 60.0463511645613)",Dalarna,Ludvika,ludvika,G7-10,0.286,1.26,0.23,0.00191,24.65,80.6063988095238,NA,2.3,0.299316,1,2.3654e-4,0.3117675,0.324219,0,0,0,12,0,0,0,3,1,1,255685,0.9876774505070014,258875,2009,2010,0,0,1
1470,G4-05,F,S,Lövsjön 2,Lövsjön_0809,2008,2009,NA,NA,0,NA,list(),Dalarna,Ludvika,ludvika,G4-05,0.333,1.17,0.22,0,10.875,83.34375,NA,2.4,0.256836,1,1.6403e-4,0.27685550000000003,0.296875,0,0,0,12,0,0,0,2,1,0,247691,0.97417959006249,254255.993993994,2007,2009,1,1,2
1471,M-05-05,M,S,Lövsjön 2,Lövsjön_0809,2008,2009,NA,NA,1,NA,list(),Dalarna,Ludvika,ludvika,M-05-05,0.333,1.17,0.22,0,10.875,83.34375,NA,2.4,0.296875,1,1.6403e-4,0.27685550000000003,0.296875,0,0,0,12,0,0,0,2,1,0,247691,0.97417959006249,254255.993993994,2007,2009,1,1,2
1815,M-02-03,F,S,Ulriksberg 1,Ulriksberg_0203,2002,2003,illegal,1,1,Male in Ulriksberg 1 and 2 (M-98-04) is found under Grangärde,list(),Dalarna,Ludvika,ludvika,M-02-03,0.305,1.1,0.29,0.00302,10.475,79.3212121212121,NA,3.8,0.125,0,1e-7,0.15625,0.1875,0,0,0,11,11,0,0,1,0,0,226079,0.9852779263818842,229457.08408408408,2001,2002,1,1,2
1816,M-98-04,M,S,Ulriksberg 1,Ulriksberg_0203,2002,2003,censored,NA,1,NA,list(),Dalarna,Ludvika,ludvika,M-98-04,0.305,1.1,0.29,0.00302,10.475,79.3212121212121,NA,3.8,0.1875,0,1e-7,0.15625,0.1875,0,0,0,11,11,0,0,1,0,0,226079,0.9852779263818842,229457.08408408408,2001,2002,1,1,2
1847,M-02-03,F,S,Ulriksberg 1,Ulriksberg_0102,2001,2002,NA,NA,1,NA,list(),Dalarna,Ludvika,ludvika,M-02-03,0.319,1.06,0.29,8.5e-4,10.6,77.0104166666667,NA,4,0.125,0,3.82e-5,0.15625,0.1875,0,0,0,11,11,1,1,1,0,0,221428,0.9884909809492862,224006.0903614458,2001,2002,0,0,1
1848,M-98-04,M,S,Ulriksberg 1,Ulriksberg_0102,2001,2002,NA,NA,1,NA,list(),Dalarna,Ludvika,ludvika,M-98-04,0.319,1.06,0.29,8.5e-4,10.6,77.0104166666667,NA,4,0.1875,0,3.82e-5,0.15625,0.1875,0,0,0,11,11,1,1,1,0,0,221428,0.9884909809492862,224006.0903614458,2001,2002,0,0,1
1863,M-00-04,F,S,Grangärde,Grangärde_0001,2000,2001,illegal,1,1,NA,list(),Dalarna,Ludvika,ludvika,M-00-04,0.298,1.31,0.23,0.00191,11.8,73.7205228031146,NA,3.4,0.125,0,3.84e-5,0.15625,0.1875,0,0,0,10,10,0,0,1,0,0,218362,0.9907213311972348,220407.0843373494,1999,2000,1,1,2
1864,M-98-04,M,S,Grangärde,Grangärde_0001,2000,2001,NA,NA,1,NA,list(),Dalarna,Ludvika,ludvika,M-98-04,0.298,1.31,0.23,0.00191,11.8,73.7205228031146,NA,3.4,0.1875,0,3.84e-5,0.15625,0.1875,0,0,0,10,10,0,0,1,0,0,218362,0.9907213311972348,220407.0843373494,1999,2000,1,1,2
1889,M-00-04,F,S,Grangärde,Grangärde_9900,1999,2000,NA,NA,1,NA,list(),Dalarna,Ludvika,ludvika,M-00-04,0.275,1.29,0.23,0.00134,27.3,NA,NA,3.3,0.125,0,2.6979e-4,0.15625,0.1875,NA,NA,NA,10,10,10,2,1,1,0,214900,1.00082024650151,214723.8734939759,1999,2000,0,0,1
1890,M-98-04,M,S,Grangärde,Grangärde_9900,1999,2000,NA,NA,1,NA,list(),Dalarna,Ludvika,ludvika,M-98-04,0.275,1.29,0.23,0.00134,27.3,NA,NA,3.3,0.1875,0,2.6979e-4,0.15625,0.1875,NA,NA,NA,10,10,10,2,1,1,0,214900,1.00082024650151,214723.8734939759,1999,2000,0,0,1
159,G195-17,M,S,Fulufjellet 4,Fulufjället_1819,2018,2019,illegal,NA,0,NA,list(),Dalarna,Malung,malung,G195-17,0.153,0.64,0.22,0.00222,1.893,81.3958333333333,60.9,2.4,0.243233,0,0.00137354,0.1994545,0.243233,0,0,0,205,7,0,0,20,2,0,283001,0.93961875795818806,301187.04804804805,2018,2018,0,0,1
160,G283-17,F,S,Fulufjellet 4,Fulufjället_1819,2018,2019,illegal,NA,0,NA,list(),Dalarna,Malung,malung,G283-17,0.153,0.64,0.22,0.00222,1.893,81.3958333333333,60.9,2.4,0.155676,0,0.00137354,0.1994545,0.243233,0,0,0,205,7,0,0,20,2,0,283001,0.93961875795818806,301187.04804804805,2018,2018,0,0,1
287,G32-14,F,S,Fulufjellet 3,Fulufjället_1718,2017,2018,illegal,NA,0,NA,list(),Dalarna,Malung,malung,G32-14,0.15,0.64,0.21,0.00222,1.891,86.2239583333333,63,2.3,0.157578,0,0.00125495,0.18236950000000002,0.207161,0,0,0,205,19,0,0,20,4,0,280352,0.9419212653229084,297638.46546546544,2016,2017,1,1,2
288,G95-15,M,S,Fulufjellet 3,Fulufjället_1718,2017,2018,illegal,NA,0,NA,list(),Dalarna,Malung,malung,G95-15,0.15,0.64,0.21,0.00222,1.891,86.2239583333333,63,2.3,0.207161,0,0.00125495,0.18236950000000002,0.207161,0,0,0,205,19,0,0,20,4,0,280352,0.9419212653229084,297638.46546546544,2016,2017,1,1,2
542,G57-16,F,S,Göra 2,Göra_1415,2014,2016,NA,NA,0,NA,"c(12.8395250247701, 60.9761202067794)",Dalarna,Malung,malung,G57-16,0.168,0.65,0.26,0.01479,1.866,86.3137254901961,29,2.2,0.222382,1,0.00131517,0.2593995,0.296417,0,0,0,198,68,0,0,19,11,1,257612,0.9317987515854791,276467.42342342343,2014,2014,0,0,2
579,G58-16,M,S,Göra  3,Göra_1516,2015,2016,censored,NA,0,NA,"c(13.0945894075758, 61.242600258205)",Dalarna,Malung,malung,G58-16,0.171,0.71,0.26,0.01323,1.893,77.8177083333333,77.4,2.3,0.319611,0,0.00112228,0.319611,0.319611,0,0,0,198,68,0,0,20,9,1,269065,0.939684543967026,286335.45345345343,2015,2015,0,0,1
580,G57-16,F,S,Göra 3,Göra_1516,2015,2016,illegal,NA,0,NA,"c(13.0945894075758, 61.242600258205)",Dalarna,Malung,malung,G57-16,0.171,0.71,0.26,0.01323,1.893,77.8177083333333,77.4,2.3,0.222382,0,0.00112228,0.222382,0.222382,0,0,0,198,68,0,0,20,9,1,269065,0.939684543967026,286335.45345345343,2015,2015,0,0,1
683,G71-13,F,S,Aamäck 4,Aamäkk_1415,2014,2015,censored,NA,0,NA,"c(12.8395250247701, 60.9761202067794)",Dalarna,Malung,filipstad,G71-13,0.318,0.95,0.25,2.8e-4,7.52,78.7639296187683,2.3,2.5,0.214912,3,2.3776e-4,0.21493299999999999,0.214954,0,0,0,198,68,0,0,19,11,1,257612,0.9317987515854791,276467.42342342343,2014,2016,0,0,1
684,G8-14,M,S,Aamäck 4,Aamäkk_1415,2014,2015,NA,NA,0,NA,"c(12.8395250247701, 60.9761202067794)",Dalarna,Malung,filipstad,G8-14,0.318,0.95,0.25,2.8e-4,7.52,78.7639296187683,2.3,2.5,0.214954,3,2.3776e-4,0.21493299999999999,0.214954,0,0,0,198,68,0,0,19,11,1,257612,0.9317987515854791,276467.42342342343,2014,2016,0,0,1
715,G97-14,M,S,Göra 2,Göra_1415,2014,2015,illegal,NA,0,NA,"c(12.8395250247701, 60.9761202067794)",Dalarna,Malung,malung,G97-14,0.168,0.65,0.26,0.01479,1.866,86.3137254901961,29,2.2,0.296417,1,0.00131517,0.2593995,0.296417,0,0,0,198,68,0,0,19,11,1,257612,0.9317987515854791,276467.42342342343,2014,2014,0,0,1
784,G54-15,M,S,Rotån,Rotån_1415,2014,2015,illegal,NA,0,NA,"c(12.8395250247701, 60.9761202067794)",Dalarna,Malung,malung,G54-15,0.268,0.77,0.2,0,4.025,83.125,2.3,2.3,0.286682,2,5.1966e-4,0.29183950000000003,0.296997,0,0,0,198,68,0,0,19,11,1,257612,0.9317987515854791,276467.42342342343,2014,2014,0,0,1
785,G6-14,F,S,Rotån,Rotån_1415,2014,2015,illegal,NA,0,NA,"c(12.8395250247701, 60.9761202067794)",Dalarna,Malung,malung,G6-14,0.268,0.77,0.2,0,4.025,83.125,2.3,2.3,0.296997,2,5.1966e-4,0.29183950000000003,0.296997,0,0,0,198,68,0,0,19,11,1,257612,0.9317987515854791,276467.42342342343,2014,2014,0,0,1
952,G45-12,M,S,Aamäck 2,Aamäkk_1213,2012,2013,illegal,NA,0,NA,"c(13.8804310582558, 60.6471298019507)",Dalarna,Malung,filipstad,G45-12,0.318,0.95,0.23,0,7.48,74.4833333333333,2.7,3.2,0.152161,3,6.28e-5,0.2257385,0.299316,0,0,0,186,157,0,0,16,11,1,244397,0.9217661831864867,265139.9069069069,2011,2012,1,1,2
953,M-13-10/G44-12,F,S,Aamäck 2,Aamäkk_1213,2012,2013,NA,NA,1,NA,"c(13.8804310582558, 60.6471298019507)",Dalarna,Malung,filipstad,G44-12,0.318,0.95,0.23,0,7.48,74.4833333333333,2.7,3.2,0.299316,3,6.28e-5,0.2257385,0.299316,0,0,0,186,157,0,0,16,11,1,244397,0.9217661831864867,265139.9069069069,2011,2012,1,1,2
986,G77-11,F,S,Göra 1,Göra_1213,2012,2013,illegal,NA,0,NA,"c(13.8804310582558, 60.6471298019507)",Dalarna,Malung,malung,G77-11,0.176,0.7,0.25,0.01487,1.88,85.7916666666667,89.4,2,0.261963,0,0.00103625,0.3069765,0.35199,0,0,0,186,157,0,0,16,11,1,244397,0.9217661831864867,265139.9069069069,2011,2012,1,1,2
987,M-12-02-G114-11,M,S,Göra 1,Göra_1213,2012,2013,illegal,1,1,NA,"c(13.8804310582558, 60.6471298019507)",Dalarna,Malung,malung,G114-11,0.176,0.7,0.25,0.01487,1.88,85.7916666666667,89.4,2,0.35199,0,0.00103625,0.3069765,0.35199,0,0,0,186,157,0,0,16,11,1,244397,0.9217661831864867,265139.9069069069,2011,2012,1,1,2
1113,G77-11,F,S,Göra 1,Göra_1112,2011,2012,NA,NA,0,NA,"c(13.4907863357261, 13.9094486331368, 13.1479179701683, 12.6906988152006, 60.527752339379, 60.6785337591212, 61.4487016493855, 61.0202085268327)",Dalarna,Malung,malung,G77-11,0.174,0.7,0.25,0.01437,1.914,81.3636363636364,NA,2.4,0.261963,2,0.00104346,0.3069765,0.35199,0,0,0,186,168,56,4,15,12,4,236838,0.9173115721112861,258187.08408408408,2011,2012,0,0,1
1114,M-12-02-G114-11,M,S,Göra 1,Göra_1112,2011,2012,NA,NA,1,NA,"c(13.4907863357261, 13.9094486331368, 13.1479179701683, 12.6906988152006, 60.527752339379, 60.6785337591212, 61.4487016493855, 61.0202085268327)",Dalarna,Malung,malung,G114-11,0.174,0.7,0.25,0.01437,1.914,81.3636363636364,NA,2.4,0.35199,2,0.00104346,0.3069765,0.35199,0,0,0,186,168,56,4,15,12,4,236838,0.9173115721112861,258187.08408408408,2011,2012,0,0,1
1194,G32-07,F,S,Äppelbo 1,Äppelbo_1112,2011,2012,illegal,NA,0,NA,"c(13.4907863357261, 13.9094486331368, 13.1479179701683, 12.6906988152006, 60.527752339379, 60.6785337591212, 61.4487016493855, 61.0202085268327)",Dalarna,Malung,malung,G32-07,0.25,0.93,0.26,4.4e-4,4.533,80.75,NA,2.3,0.227051,3,3.4703e-4,0.23291050000000002,0.23877,0,0,0,186,168,56,4,15,12,4,236838,0.9173115721112861,258187.08408408408,2008,2011,3,3,4
1195,G39-07,M,S,Äppelbo 1,Äppelbo_1112,2011,2012,illegal,NA,0,NA,"c(13.4907863357261, 13.9094486331368, 13.1479179701683, 12.6906988152006, 60.527752339379, 60.6785337591212, 61.4487016493855, 61.0202085268327)",Dalarna,Malung,malung,G39-07,0.25,0.93,0.26,4.4e-4,4.533,80.75,NA,2.3,0.23877,3,3.4703e-4,0.23291050000000002,0.23877,0,0,0,186,168,56,4,15,12,4,236838,0.9173115721112861,258187.08408408408,2008,2011,3,3,4
1314,G32-07,F,S,Äppelbo 1,Äppelbo_1011,2010,2011,NA,NA,0,NA,"c(13.5879624466823, 13.271035474507, 13.2597947559385, 60.619904142266, 60.9955250359388, 60.8828059409377)",Dalarna,Malung,malung,G32-07,0.253,0.8,0.22,5.7e-4,4.175,79.0989583333333,NA,2.6,0.227051,1,3.1879e-4,0.23291050000000002,0.23877,0,0,0,130,112,0,0,11,8,3,239870,0.9319217147916489,257392.86486486485,2008,2011,2,2,3
1315,G39-07,M,S,Äppelbo 1,Äppelbo_1011,2010,2011,NA,NA,0,NA,"c(13.5879624466823, 13.271035474507, 13.2597947559385, 60.619904142266, 60.9955250359388, 60.8828059409377)",Dalarna,Malung,malung,G39-07,0.253,0.8,0.22,5.7e-4,4.175,79.0989583333333,NA,2.6,0.23877,1,3.1879e-4,0.23291050000000002,0.23877,0,0,0,130,112,0,0,11,8,3,239870,0.9319217147916489,257392.86486486485,2008,2011,2,2,3
1420,G32-07,F,S,Äppelbo 1,Äppelbo_0910,2009,2010,NA,NA,0,NA,"c(13.7395266805243, 13.2058302061288, 13.0762419491527, 60.6631181220847, 61.284403945376, 61.2521721333033)",Dalarna,Malung,malung,G32-07,0.249,0.91,0.25,9.4e-4,4.2,77.5757575757576,NA,2.3,0.227051,2,2.995e-4,0.23291050000000002,0.23877,0,0,0,130,112,100,3,8,6,3,238197,0.920123611781748,258875,2008,2011,1,1,2
1421,G39-07,M,S,Äppelbo 1,Äppelbo_0910,2009,2010,NA,NA,0,NA,"c(13.7395266805243, 13.2058302061288, 13.0762419491527, 60.6631181220847, 61.284403945376, 61.2521721333033)",Dalarna,Malung,malung,G39-07,0.249,0.91,0.25,9.4e-4,4.2,77.5757575757576,NA,2.3,0.23877,2,2.995e-4,0.23291050000000002,0.23877,0,0,0,130,112,100,3,8,6,3,238197,0.920123611781748,258875,2008,2011,1,1,2
1436,M-09-04,M,S,Fulufjellet 1,Fulufjellet_0809,2008,2009,NA,NA,1,NA,list(),Dalarna,Malung,malung,M-09-04,0.141,0.6,0.19,0.0019,1.946,85.4479166666667,NA,2.4,0.290527,1,0.0012941,0.2790525,0.290527,0,0,0,30,12,1,1,5,3,0,233655,0.9189753851211837,254255.993993994,2007,2010,1,1,2
1437,M-09-06,F,S,Fulufjellet 1,Fulufjellet_0809,2008,2009,NA,NA,1,NA,list(),Dalarna,Malung,malung,M-09-06,0.141,0.6,0.19,0.0019,1.946,85.4479166666667,NA,2.4,0.267578,1,0.0012941,0.2790525,0.290527,0,0,0,30,12,1,1,5,3,0,233655,0.9189753851211837,254255.993993994,2007,2010,1,1,2
1498,G32-07,F,S,Äppelbo 1,Äppelbo_0809,2008,2009,NA,NA,0,NA,list(),Dalarna,Malung,malung,G32-07,0.259,0.86,0.24,0.00093000000000000005,4.25,83.4852941176471,NA,2.5,0.227051,3,3.2904e-4,0.23291050000000002,0.23877,0,0,0,30,12,1,1,5,3,0,233655,0.9189753851211837,254255.993993994,2008,2011,0,0,1
1499,G39-07,M,S,Äppelbo 1,Äppelbo_0809,2008,2009,NA,NA,0,NA,list(),Dalarna,Malung,malung,G39-07,0.259,0.86,0.24,0.00093000000000000005,4.25,83.4852941176471,NA,2.5,0.23877,3,3.2904e-4,0.23291050000000002,0.23877,0,0,0,30,12,1,1,5,3,0,233655,0.9189753851211837,254255.993993994,2008,2011,0,0,1
1514,M-09-04,M,S,Fulufjellet 1,Fulufjellet_0708,2007,2008,NA,NA,1,NA,"c(13.7641292575163, 12.9861960742501, 60.5386151212888, 61.3746618152033)",Dalarna,Malung,malung,M-09-04,0.146,0.55,0.16,0.00115,1.95,83.5428315412186,NA,2.6,0.290527,0,0.00103762,0.2790525,0.290527,0,0,0,29,11,11,1,5,3,2,234448,0.9329732408403242,251291.23723723725,2007,2010,0,0,1
1515,M-09-06,F,S,Fulufjellet 1,Fulufjellet_0708,2007,2008,NA,NA,1,NA,"c(13.7641292575163, 12.9861960742501, 60.5386151212888, 61.3746618152033)",Dalarna,Malung,malung,M-09-06,0.146,0.55,0.16,0.00115,1.95,83.5428315412186,NA,2.6,0.267578,0,0.00103762,0.2790525,0.290527,0,0,0,29,11,11,1,5,3,2,234448,0.9329732408403242,251291.23723723725,2007,2010,0,0,1
1522,G39-07,M,S,Halgån 2,Halgån_0708,2007,2008,NA,NA,0,NA,"c(13.7641292575163, 12.9861960742501, 60.5386151212888, 61.3746618152033)",Dalarna,Malung,torsby,G39-07,0.266,0.76,0.23,0,4.233,77.6875,NA,3.2,0.23877,3,1.5807e-4,0.2541505,0.269531,0,0,0,29,11,11,1,5,3,2,234448,0.9329732408403242,251291.23723723725,2006,2007,1,1,2
1523,M-02-06,F,S,Halgån 2,Halgån_0708,2007,2008,NA,NA,1,NA,"c(13.7641292575163, 12.9861960742501, 60.5386151212888, 61.3746618152033)",Dalarna,Malung,torsby,M-02-06,0.266,0.76,0.23,0,4.233,77.6875,NA,3.2,0.269531,3,1.5807e-4,0.2541505,0.269531,0,0,0,29,11,11,1,5,3,2,234448,0.9329732408403242,251291.23723723725,2006,2007,1,1,2
1819,M-00-06,M,S,Tyngsjö,Tyngsjö_0203,2002,2003,illegal,1,1,NA,list(),Dalarna,Malung,hagfors,M-00-06,0.32,0.91,0.21,0,5.5,78.6606060606061,NA,4.5,0.1875,0,2.24e-5,0.15625,0.1875,0,0,0,18,3,2,1,2,2,0,215027,0.9371120567417469,229457.08408408408,2000,2002,2,2,3
1820,M-02-04,F,S,Tyngsjö,Tyngsjö_0203,2002,2003,illegal,1,1,NA,list(),Dalarna,Malung,hagfors,M-02-04,0.32,0.91,0.21,0,5.5,78.6606060606061,NA,4.5,0.125,0,2.24e-5,0.15625,0.1875,0,0,0,18,3,2,1,2,2,0,215027,0.9371120567417469,229457.08408408408,2000,2002,2,2,3
1845,M-00-06,M,S,Tyngsjö,Tyngsjö_0102,2001,2002,NA,NA,1,NA,"c(12.8516333637327, 61.0532600586027)",Dalarna,Malung,hagfors,M-00-06,0.32,0.91,0.21,0,5.575,77.1262626262626,NA,4.7,0.1875,0,3.64e-5,0.15625,0.1875,0,0,0,16,1,0,0,2,2,1,207822,0.9277515609717044,224006.0903614458,2000,2002,1,1,2
1846,M-02-04,F,S,Tyngsjö,Tyngsjö_0102,2001,2002,NA,NA,1,NA,"c(12.8516333637327, 61.0532600586027)",Dalarna,Malung,hagfors,M-02-04,0.32,0.91,0.21,0,5.575,77.1262626262626,NA,4.7,0.125,0,3.64e-5,0.15625,0.1875,0,0,0,16,1,0,0,2,2,1,207822,0.9277515609717044,224006.0903614458,2000,2002,1,1,2
1877,M-00-06,M,S,Tyngsjö,Tyngsjö_0001,2000,2001,NA,NA,1,NA,list(),Dalarna,Malung,hagfors,M-00-06,0.31,0.88,0.22,0,5.16,73.6349126344086,NA,4.6,0.1875,0,3.84e-6,0.15625,0.1875,0,0,0,16,1,1,1,1,1,0,204785,0.9291216778066959,220407.0843373494,2000,2002,0,0,1
1878,M-02-04,F,S,Tyngsjö,Tyngsjö_0001,2000,2001,NA,NA,1,NA,list(),Dalarna,Malung,hagfors,M-02-04,0.31,0.88,0.22,0,5.16,73.6349126344086,NA,4.6,0.125,0,3.84e-6,0.15625,0.1875,0,0,0,16,1,1,1,1,1,0,204785,0.9291216778066959,220407.0843373494,2000,2002,0,0,1
520,G155-15,M,S,Säxen,Säxen_1617,2016,2017,illegal,NA,0,NA,list(),Dalarna,Mora,mora,G155-15,0.256,1.18,0.19,0,6.725,79.23125,2.8,2.2,0.224609,0,0.0012924,0.188385,0.224609,1,0,0,5,5,3,1,9,2,0,286773,0.9784107239462465,293100.83483483485,2016,2016,0,0,1
521,G174-16,F,S,Säxen,Säxen_1617,2016,2017,illegal,1,0,County personnell found track of hunting and  plenty blood while tracking the wolf-. After that she was not registered any more,list(),Dalarna,Mora,mora,G174-16,0.256,1.18,0.19,0,6.725,79.23125,2.8,2.2,0.152161,0,0.0012924,0.188385,0.224609,1,0,0,5,5,3,1,9,2,0,286773,0.9784107239462465,293100.83483483485,2016,2016,0,0,1
936,G21-05,M,S,Våmhus 3,Våmådalen_1314,2013,2014,illegal,NA,0,NA,"c(14.9166085965374, 61.0363778526455)",Dalarna,Mora,mora,G21-05,0.32,1.13,0.23,5.8e-4,4.033,81.7373737373737,2,2.2,0.23877,0,0.00347696,0.24328650000000002,0.247803,1,1,0,0,0,0,0,9,4,1,264612,0.9733649803245407,271852.8048048048,2012,2013,1,1,2
937,G83-13,F,S,Våmhus 3,Våmådalen_1314,2013,2014,illegal,NA,0,NA,"c(14.9166085965374, 61.0363778526455)",Dalarna,Mora,mora,G83-13,0.32,1.13,0.23,5.8e-4,4.033,81.7373737373737,2,2.2,0.247803,0,0.00347696,0.24328650000000002,0.247803,1,1,0,0,0,0,0,9,4,1,264612,0.9733649803245407,271852.8048048048,2012,2013,1,1,2
966,G30-12,F,S,Draggen 1,Draggen_1213,2012,2013,NA,NA,0,NA,"c(14.4339745822941, 60.860503556576)",Dalarna,Mora,mora,G30-12,0.085,1.02,0.27,0.00714,5.533,81.141975308642,2.4,1.9,0.227051,0,0.00221741,0.1135255,0.227051,1,1,0,0,0,0,0,8,3,1,256815,0.9686018336355912,265139.9069069069,2011,2012,1,1,2
967,G81-10,M,S,Draggen 1,Draggen_1213,2012,2013,illegal,NA,0,NA,"c(14.4339745822941, 60.860503556576)",Dalarna,Mora,mora,G81-10,0.085,1.02,0.27,0.00714,5.533,81.141975308642,2.4,1.9,0,0,0.00221741,0.1135255,0.227051,1,1,0,0,0,0,0,8,3,1,256815,0.9686018336355912,265139.9069069069,2011,2012,1,1,2
1097,G30-12,F,S,Draggen 1,Draggen_1112,2011,2012,NA,NA,0,NA,"c(13.7164672128395, 60.9048253072592)",Dalarna,Mora,mora,G30-12,0.091,1.08,0.27,0.00585,5.6,83.2559523809524,NA,2.3,0.227051,4,0.002272,0.1135255,0.227051,1,1,0,0,0,0,0,7,2,1,249091,0.9647694069734265,258187.08408408408,2011,2012,0,0,1
1098,G81-10,M,S,Draggen 1,Draggen_1112,2011,2012,illegal,NA,0,NA,"c(13.7164672128395, 60.9048253072592)",Dalarna,Mora,mora,G81-10,0.091,1.08,0.27,0.00585,5.6,83.2559523809524,NA,2.3,0,4,0.002272,0.1135255,0.227051,1,1,0,0,0,0,0,7,2,1,249091,0.9647694069734265,258187.08408408408,2011,2012,0,0,1
1115,G31-06,F,S,Görsjön,Görsjön_1112,2011,2012,censored,NA,0,NA,"c(13.7164672128395, 60.9048253072592)",Dalarna,Mora,mora,G31-06,0.262,1.15,0.17,0,6.625,81.9494949494949,NA,2.3,0.235352,2,0.00106888,0.268799,0.302246,1,1,0,0,0,0,0,7,2,1,249091,0.9647694069734265,258187.08408408408,2006,2011,5,5,6
1116,M-06-03,M,S,Görsjön,Görsjön_1112,2011,2012,illegal,NA,1,NA,"c(13.7164672128395, 60.9048253072592)",Dalarna,Mora,mora,M-06-03,0.262,1.15,0.17,0,6.625,81.9494949494949,NA,2.3,0.302246,2,0.00106888,0.268799,0.302246,1,1,0,0,0,0,0,7,2,1,249091,0.9647694069734265,258187.08408408408,2006,2011,5,5,6
1188,G21-05,M,S,Våmhus 2,Våmådalen_1112,2011,2012,NA,NA,0,NA,"c(13.7164672128395, 60.9048253072592)",Dalarna,Mora,mora,G21-05,0.257,1.17,0.29,0.00329,4.033,81.241935483871,NA,2.3,0.23877,2,0.00259592,0.21545430000000002,0.261963,1,1,0,0,0,0,0,7,2,1,249091,0.9647694069734265,258187.08408408408,2007,2011,4,4,5
1189,G29-07,F,S,Våmhus 2,Våmådalen_1112,2011,2012,illegal,NA,0,NA,"c(13.7164672128395, 60.9048253072592)",Dalarna,Mora,mora,G29-07,0.257,1.17,0.29,0.00329,4.033,81.241935483871,NA,2.3,0.1875,2,0.00259592,0.21545430000000002,0.261963,1,1,0,0,0,0,0,7,2,1,249091,0.9647694069734265,258187.08408408408,2007,2011,4,4,5
1234,G31-06,F,S,Görsjön,Görsjön_1011,2010,2011,NA,NA,0,NA,"c(13.8391302899478, 60.8911616490852)",Dalarna,Mora,mora,G31-06,0.258,1.13,0.17,0,6.625,85.40625,NA,2.3,0.235352,1,0.00101497,0.268799,0.302246,1,1,1,0,0,0,0,6,3,1,249934,0.9710214777368407,257392.86486486485,2006,2011,4,4,5
1235,M-06-03,M,S,Görsjön,Görsjön_1011,2010,2011,NA,NA,1,NA,"c(13.8391302899478, 60.8911616490852)",Dalarna,Mora,mora,M-06-03,0.258,1.13,0.17,0,6.625,85.40625,NA,2.3,0.302246,1,0.00101497,0.268799,0.302246,1,1,1,0,0,0,0,6,3,1,249934,0.9710214777368407,257392.86486486485,2006,2011,4,4,5
1312,M-09-07,F,S,Våmhus 2,Våmådalen_1011,2010,2011,NA,NA,1,NA,"c(13.8391302899478, 60.8911616490852)",Dalarna,Mora,mora,M-09-07,0.311,1.13,0.23,0.0021,4.033,87.46875,NA,2.3,0.261963,0,0.0025984100000000002,0.21545430000000002,0.261963,1,1,1,0,0,0,0,6,3,1,249934,0.9710214777368407,257392.86486486485,2007,2011,3,3,4
1313,G29-07,F,S,Våmhus 2,Våmådalen_1011,2010,2011,NA,NA,0,NA,"c(13.8391302899478, 60.8911616490852)",Dalarna,Mora,mora,G29-07,0.311,1.13,0.23,0.0021,4.033,87.46875,NA,2.3,0.1875,0,0.0025984100000000002,0.21545430000000002,0.261963,1,1,1,0,0,0,0,6,3,1,249934,0.9710214777368407,257392.86486486485,2007,2011,3,3,4
1346,G31-06,F,S,Görsjön,Görsjön_0910,2009,2010,NA,NA,0,NA,list(),Dalarna,Mora,mora,G31-06,0.271,1.18,0.18,0,6.625,81.4656862745098,NA,2.3,0.235352,1,0.00109262,0.268799,0.302246,0,0,0,0,0,0,0,5,5,0,253595,0.9796040560115886,258875,2006,2011,3,3,4
1347,M-06-03,M,S,Görsjön,Görsjön_0910,2009,2010,NA,NA,1,NA,list(),Dalarna,Mora,mora,M-06-03,0.271,1.18,0.18,0,6.625,81.4656862745098,NA,2.3,0.302246,1,0.00109262,0.268799,0.302246,0,0,0,0,0,0,0,5,5,0,253595,0.9796040560115886,258875,2006,2011,3,3,4
1444,G31-06,F,S,Görsjön,Görsjön_0809,2008,2009,NA,NA,0,NA,list(),Dalarna,Mora,mora,G31-06,0.27,1.15,0.17,0,6.65,83.9270833333333,NA,2.4,0.235352,1,8.752e-4,0.268799,0.302246,0,0,0,0,0,0,0,5,5,0,247595,0.9738020178428858,254255.993993994,2006,2011,2,2,3
1445,M-06-03,M,S,Görsjön,Görsjön_0809,2008,2009,NA,NA,1,NA,list(),Dalarna,Mora,mora,M-06-03,0.27,1.15,0.17,0,6.65,83.9270833333333,NA,2.4,0.302246,1,8.752e-4,0.268799,0.302246,0,0,0,0,0,0,0,5,5,0,247595,0.9738020178428858,254255.993993994,2006,2011,2,2,3
1496,G21-05,M,S,Våmhus 2,Våmhus_0809,2008,2009,NA,NA,0,NA,list(),Dalarna,Mora,mora,G21-05,0.29,1.14,0.25,0.0021,4.067,83.3854166666667,NA,2.4,0.23877,0,0.00232594,0.21545430000000002,0.261963,0,0,0,0,0,0,0,5,5,0,247595,0.9738020178428858,254255.993993994,2007,2011,1,1,2
1497,G29-07,F,S,Våmhus 2,Våmhus_0809,2008,2009,NA,NA,0,NA,list(),Dalarna,Mora,mora,G29-07,0.29,1.14,0.25,0.0021,4.067,83.3854166666667,NA,2.4,0.1875,0,0.00232594,0.21545430000000002,0.261963,0,0,0,0,0,0,0,5,5,0,247595,0.9738020178428858,254255.993993994,2007,2011,1,1,2
1520,G31-06,F,S,Görsjön,Görsjön_0708,2007,2008,NA,NA,0,NA,list(),Dalarna,Mora,mora,G31-06,0.272,1.17,0.19,0,8.033,78.453125,NA,2.6,0.235352,1,0.00104229,0.268799,0.302246,0,0,0,0,0,0,0,5,5,0,246702,0.9817373765687473,251291.23723723725,2006,2011,1,1,2
1521,M-06-03,M,S,Görsjön,Görsjön_0708,2007,2008,NA,NA,1,NA,list(),Dalarna,Mora,mora,M-06-03,0.272,1.17,0.19,0,8.033,78.453125,NA,2.6,0.302246,1,0.00104229,0.268799,0.302246,0,0,0,0,0,0,0,5,5,0,246702,0.9817373765687473,251291.23723723725,2006,2011,1,1,2
1576,G21-05,M,S,Våmhus 2,Våmhus_0708,2007,2008,NA,NA,0,NA,list(),Dalarna,Mora,mora,G21-05,0.277,1.07,0.21,0.00256,4.1,82.8569444444445,NA,2.6,0.23877,1,0.002317,0.21545430000000002,0.261963,0,0,0,0,0,0,0,5,5,0,246702,0.9817373765687473,251291.23723723725,2007,2011,0,0,1
1577,G29-07,F,S,Våmhus 2,Våmhus_0708,2007,2008,NA,NA,0,NA,list(),Dalarna,Mora,mora,G29-07,0.277,1.07,0.21,0.00256,4.1,82.8569444444445,NA,2.6,0.1875,1,0.002317,0.21545430000000002,0.261963,0,0,0,0,0,0,0,5,5,0,246702,0.9817373765687473,251291.23723723725,2007,2011,0,0,1
1591,G31-06,F,S,Görsjön,Görsjön_0607,2006,2007,NA,NA,0,NA,"c(14.3490511400454, 14.3344150479887, 61.1398346054008, 61.3073395020782)",Dalarna,Mora,mora,G31-06,0.267,1.14,0.17,0,6.7,83.875,NA,2.8,0.235352,0,6.2976e-4,0.268799,0.302246,0,0,0,0,0,0,0,5,5,2,244588,0.9921580611678221,246521.2042042042,2006,2011,0,0,1
1592,M-06-03,M,S,Görsjön,Görsjön_0607,2006,2007,NA,NA,1,NA,"c(14.3490511400454, 14.3344150479887, 61.1398346054008, 61.3073395020782)",Dalarna,Mora,mora,M-06-03,0.267,1.14,0.17,0,6.7,83.875,NA,2.8,0.302246,0,6.2976e-4,0.268799,0.302246,0,0,0,0,0,0,0,5,5,2,244588,0.9921580611678221,246521.2042042042,2006,2011,0,0,1
1638,G21-05,M,S,Våmhus 1,Våmhus_0607,2006,2007,NA,NA,0,NA,"c(14.3490511400454, 14.3344150479887, 61.1398346054008, 61.3073395020782)",Dalarna,Mora,mora,G21-05,0.316,1.12,0.23,0.00188,4.067,85.6666666666667,NA,2.8,0.23877,0,0.00165226,0.21313500000000002,0.23877,0,0,0,0,0,0,0,5,5,2,244588,0.9921580611678221,246521.2042042042,2005,2006,1,1,2
1639,G8-05,F,S,Våmhus 1,Våmhus_0607,2006,2007,censored,NA,0,NA,"c(14.3490511400454, 14.3344150479887, 61.1398346054008, 61.3073395020782)",Dalarna,Mora,mora,G8-05,0.316,1.12,0.23,0.00188,4.067,85.6666666666667,NA,2.8,0.1875,0,0.00165226,0.21313500000000002,0.23877,0,0,0,0,0,0,0,5,5,2,244588,0.9921580611678221,246521.2042042042,2005,2006,1,1,2
1693,G21-05,M,S,Våmhus 1,Våmhus_0506,2005,2006,NA,NA,0,NA,"c(14.6747398875704, 14.8655651888841, 14.2554885279883, 60.9823137287032, 61.017947468577, 61.2848208494764)",Dalarna,Mora,mora,G21-05,0.288,1.17,0.25,0.0021,4.067,84.0707070707071,NA,3.1,0.23877,1,0.00112696,0.21313500000000002,0.23877,0,0,0,0,0,0,0,3,3,3,242390,0.9960981362854888,243339.47747747749,2005,2006,0,0,1
1694,G8-05,F,S,Våmhus 1,Våmhus_0506,2005,2006,censored,NA,0,NA,"c(14.6747398875704, 14.8655651888841, 14.2554885279883, 60.9823137287032, 61.017947468577, 61.2848208494764)",Dalarna,Mora,mora,G8-05,0.288,1.17,0.25,0.0021,4.067,84.0707070707071,NA,3.1,0.1875,1,0.00112696,0.21313500000000002,0.23877,0,0,0,0,0,0,0,3,3,3,242390,0.9960981362854888,243339.47747747749,2005,2006,0,0,1
1911,D-99-02,M,S,Leksand 1,Leksand_9899,1998,1999,other,NA,0,Malformation in spine (skolios),list(),Dalarna,Mora,leksand,D-99-02,0.264,1.07,0.22,5.3e-4,9.475,NA,NA,3.1,0,0,3.4026e-4,0.0625,0.125,NA,NA,NA,0,0,0,0,0,0,0,205536,0.9927607610876652,207034.7741935484,1998,1998,0,0,1
1912,M-98-05,F,S,Leksand 1,Leksand_9899,1998,1999,NA,NA,1,NA,list(),Dalarna,Mora,leksand,M-98-05,0.264,1.07,0.22,5.3e-4,9.475,NA,NA,3.1,0.125,0,3.4026e-4,0.0625,0.125,NA,NA,NA,0,0,0,0,0,0,0,205536,0.9927607610876652,207034.7741935484,1998,1998,0,0,1
17,G133-17,F,S,Finnsjön,Finnsjön_1920,2019,2020,censored,NA,0,NA,list(),Dalarna,Orsa,NA,G133-17,0.197,0.82,0.19,0,4.433,84.65625,2,2.5,0.067337,1,0.00335734,0.136745,0.206153,1,0,0,127,18,0,0,12,0,0,265314,0.8730805461263981,303882.6156156156,2018,2019,1,1,2
18,G268-17,M,S,Finnsjön,Finnsjön_1920,2019,2020,illegal,NA,0,NA,list(),Dalarna,Orsa,NA,G268-17,0.197,0.82,0.19,0,4.433,84.65625,2,2.5,0.206153,1,0.00335734,0.136745,0.206153,1,0,0,127,18,0,0,12,0,0,265314,0.8730805461263981,303882.6156156156,2018,2019,1,1,2
153,G133-17,F,S,Finnsjön,Finnsjön_1819,2018,2019,NA,NA,0,NA,list(),Dalarna,Orsa,orsa,G133-17,0.161,0.96,0.14,6.6e-4,4.85,82.3181818181818,2.2,2.5,0.067337,1,0.00344803,0.136745,0.206153,1,0,0,127,18,0,0,12,0,0,263325,0.8742905835645098,301187.04804804805,2018,2019,0,0,1
154,G268-17,M,S,Finnsjön,Finnsjön_1819,2018,2019,NA,NA,0,NA,list(),Dalarna,Orsa,orsa,G268-17,0.161,0.96,0.14,6.6e-4,4.85,82.3181818181818,2.2,2.5,0.206153,1,0.00344803,0.136745,0.206153,1,0,0,127,18,0,0,12,0,0,263325,0.8742905835645098,301187.04804804805,2018,2019,0,0,1
279,G161-17,F,S,Draggen 3,Draggen_1718,2017,2018,illegal,NA,0,NA,list(),Dalarna,Orsa,orsa,G161-17,0.108,1.12,0.24,0.00208,5.6,77.6458333333333,2.4,2.4,0.206153,2,0.00237991,0.2187885,0.231424,1,0,0,127,27,18,1,12,0,0,258781,0.8694474338029604,297638.46546546544,2017,2017,0,0,1
280,G26-17,M,S,Draggen 3,Draggen_1718,2017,2018,illegal,NA,0,NA,list(),Dalarna,Orsa,orsa,G26-17,0.108,1.12,0.24,0.00208,5.6,77.6458333333333,2.4,2.4,0.231424,2,0.00237991,0.2187885,0.231424,1,0,0,127,27,18,1,12,0,0,258781,0.8694474338029604,297638.46546546544,2017,2017,0,0,1
530,G15-16,M,S,Tunturi,Tunturi_1617,2016,2017,illegal,NA,0,NA,list(),Dalarna,Orsa,orsa,G15-16,0.146,1.03,0.16,0.00213,4.85,79.8606060606061,1.8,2.2,NA,1,0.00262679,NA,NA,1,0,0,109,9,0,0,12,1,0,259672,0.8859476642102629,293100.83483483485,2015,2016,1,1,2
531,G76-15,F,S,Tunturi,Tunturi_1617,2016,2017,censored,NA,0,NA,list(),Dalarna,Orsa,orsa,G76-15,0.146,1.03,0.16,0.00213,4.85,79.8606060606061,1.8,2.2,0.286682,1,0.00262679,NA,NA,1,0,0,109,9,0,0,12,1,0,259672,0.8859476642102629,293100.83483483485,2015,2016,1,1,2
663,G15-16,M,S,Tunturi,Tunturi_1516,2015,2016,NA,NA,0,NA,list(),Dalarna,Orsa,orsa,G15-16,0.145,1.03,0.15,0.00213,4.75,78.9086021505376,1.7,2.3,NA,2,0.00307249,NA,NA,1,0,0,109,9,0,0,12,2,0,250573,0.8751029499765841,286335.45345345343,2015,2016,0,0,1
664,G76-15,F,S,Tunturi,Tunturi_1516,2015,2016,NA,NA,0,NA,list(),Dalarna,Orsa,orsa,G76-15,0.145,1.03,0.15,0.00213,4.75,78.9086021505376,1.7,2.3,0.286682,2,0.00307249,NA,NA,1,0,0,109,9,0,0,12,2,0,250573,0.8751029499765841,286335.45345345343,2015,2016,0,0,1
1163,G33-10,F,S,Siljansringen 2,Siljansringen_1112,2011,2012,NA,NA,0,NA,"c(14.893720902939, 61.1167825896316)",Dalarna,Orsa,orsa,G33-10,0.15,0.99,0.15,9.8e-4,4.85,82.530303030303,NA,2.3,0.260742,2,0.00345534,0.224121,0.260742,1,1,0,100,73,0,0,11,6,1,218698,0.8470524417432762,258187.08408408408,2010,2011,1,1,2
1164,M12-05/G9-05,M,S,Siljansringen 2,Siljansringen_1112,2011,2012,illegal,1,1,NA,"c(14.893720902939, 61.1167825896316)",Dalarna,Orsa,orsa,G9-05,0.15,0.99,0.15,9.8e-4,4.85,82.530303030303,NA,2.3,0.1875,2,0.00345534,0.224121,0.260742,1,1,0,100,73,0,0,11,6,1,218698,0.8470524417432762,258187.08408408408,2010,2011,1,1,2
1284,G33-10,F,S,Siljansringen 2,Siljansringen_1011,2010,2011,NA,NA,0,NA,list(),Dalarna,Orsa,orsa,G33-10,0.139,1.06,0.15,0.00213,4.8,82.828125,NA,2.3,0.260742,1,0.0032796,0.224121,0.260742,1,1,1,100,73,22,4,10,6,0,222803,0.8656145154488837,257392.86486486485,2010,2011,0,0,1
1285,M12-05/G9-05,M,S,Siljansringen 2,Siljansringen_1011,2010,2011,NA,NA,1,NA,list(),Dalarna,Orsa,orsa,G9-05,0.139,1.06,0.15,0.00213,4.8,82.828125,NA,2.3,0.1875,1,0.0032796,0.224121,0.260742,1,1,1,100,73,22,4,10,6,0,222803,0.8656145154488837,257392.86486486485,2010,2011,0,0,1
1394,D-10-20,F,S,Siljansringen 1,Siljansringen_0910,2009,2010,legal,NA,0,NA,"c(14.7932700529236, 14.7930465598414, 14.7736826823802, 61.2585867305428, 61.1815819494659, 61.1575178135569)",Dalarna,Orsa,rättvik,D-10-20,0.116,1.12,0.13,0.00148,5.567,81.5208333333333,NA,2.3,0.1875,0,0.00352742,0.1875,0.1875,0,0,0,78,74,18,2,10,7,3,226813,0.8761487204249155,258875,2004,2009,5,5,6
1395,M12-05/G9-05,M,S,Siljansringen 1,Siljansringen_0910,2009,2010,NA,NA,1,NA,"c(14.7932700529236, 14.7930465598414, 14.7736826823802, 61.2585867305428, 61.1815819494659, 61.1575178135569)",Dalarna,Orsa,rättvik,G9-05,0.116,1.12,0.13,0.00148,5.567,81.5208333333333,NA,2.3,0.1875,0,0.00352742,0.1875,0.1875,0,0,0,78,74,18,2,10,7,3,226813,0.8761487204249155,258875,2004,2009,5,5,6
1418,G21-05,M,S,Våmhus 2,Våmådalen_0910,2009,2010,NA,NA,0,NA,"c(14.7932700529236, 14.7930465598414, 14.7736826823802, 61.2585867305428, 61.1815819494659, 61.1575178135569)",Dalarna,Orsa,orsa,G21-05,0.279,1,0.2,0.00185,4.067,84.6739618406285,NA,2.3,0.23877,0,0.003438,0.21545430000000002,0.261963,0,0,0,78,74,18,2,10,7,3,226813,0.8761487204249155,258875,2007,2011,2,2,3
1419,G29-07,F,S,Våmhus 2,Våmådalen_0910,2009,2010,NA,NA,0,NA,"c(14.7932700529236, 14.7930465598414, 14.7736826823802, 61.2585867305428, 61.1815819494659, 61.1575178135569)",Dalarna,Orsa,orsa,G29-07,0.279,1,0.2,0.00185,4.067,84.6739618406285,NA,2.3,0.1875,0,0.003438,0.21545430000000002,0.261963,0,0,0,78,74,18,2,10,7,3,226813,0.8761487204249155,258875,2007,2011,2,2,3
1482,D-10-20,F,S,Siljansringen 1,Siljansringen_0809,2008,2009,NA,NA,0,NA,"c(14.7660145050999, 14.4930241800185, 61.0693525056083, 61.3753365839933)",Dalarna,Orsa,rättvik,D-10-20,0.116,1.12,0.13,0.00148,5.567,83.3072916666667,NA,2.4,0.1875,0,0.00274432,0.1875,0.1875,0,0,0,60,59,25,3,7,5,2,223015,0.8771277974483781,254255.993993994,2004,2009,4,4,5
1483,M12-05/G9-05,M,S,Siljansringen 1,Siljansringen_0809,2008,2009,NA,NA,1,NA,"c(14.7660145050999, 14.4930241800185, 61.0693525056083, 61.3753365839933)",Dalarna,Orsa,rättvik,G9-05,0.116,1.12,0.13,0.00148,5.567,83.3072916666667,NA,2.4,0.1875,0,0.00274432,0.1875,0.1875,0,0,0,60,59,25,3,7,5,2,223015,0.8771277974483781,254255.993993994,2004,2009,4,4,5
1562,D-10-20,F,S,Siljansringen 1,Siljansringen_0708,2007,2008,NA,NA,0,NA,list(),Dalarna,Orsa,rättvik,D-10-20,0.14,1.05,0.14,0.0021,4.85,81.5208333333333,NA,2.6,0.1875,1,0.00266379,0.1875,0.1875,0,0,0,35,35,8,1,5,4,0,223687,0.8901504185313998,251291.23723723725,2004,2009,3,3,4
1563,M12-05/G9-05,M,S,Siljansringen 1,Siljansringen_0708,2007,2008,NA,NA,1,NA,list(),Dalarna,Orsa,rättvik,G9-05,0.14,1.05,0.14,0.0021,4.85,81.5208333333333,NA,2.6,0.1875,1,0.00266379,0.1875,0.1875,0,0,0,35,35,8,1,5,4,0,223687,0.8901504185313998,251291.23723723725,2004,2009,3,3,4
1626,D-10-20,F,S,Siljansringen 1,Siljansringen_0607,2006,2007,NA,NA,0,NA,"c(14.7931493692852, 61.096671887143)",Dalarna,Orsa,orsa,D-10-20,0.115,1.12,0.14,0.00237,5.567,82.3020833333333,NA,2.8,0.1875,0,0.00161573,0.1875,0.1875,0,0,0,27,27,0,0,5,4,1,223472,0.9065021433810961,246521.2042042042,2004,2009,2,2,3
1627,M12-05/G9-05,M,S,Siljansringen 1,Siljansringen_0607,2006,2007,NA,NA,1,NA,"c(14.7931493692852, 61.096671887143)",Dalarna,Orsa,orsa,G9-05,0.115,1.12,0.14,0.00237,5.567,82.3020833333333,NA,2.8,0.1875,0,0.00161573,0.1875,0.1875,0,0,0,27,27,0,0,5,4,1,223472,0.9065021433810961,246521.2042042042,2004,2009,2,2,3
1683,D-10-20,F,S,Siljansringen 1,Siljansringen_0506,2005,2006,NA,NA,0,NA,"c(14.5695447840851, 61.1701219666507)",Dalarna,Orsa,orsa,D-10-20,0.112,1.1,0.23,0.00285,5.567,80.9141414141414,NA,3.1,0.1875,1,0.0014809,0.1875,0.1875,0,0,0,27,27,23,3,4,4,1,221277,0.9093345736327576,243339.47747747749,2004,2009,1,1,2
1684,M12-05/G9-05,M,S,Siljansringen 1,Siljansringen_0506,2005,2006,NA,NA,1,NA,"c(14.5695447840851, 61.1701219666507)",Dalarna,Orsa,orsa,G9-05,0.112,1.1,0.23,0.00285,5.567,80.9141414141414,NA,3.1,0.1875,1,0.0014809,0.1875,0.1875,0,0,0,27,27,23,3,4,4,1,221277,0.9093345736327576,243339.47747747749,2004,2009,1,1,2
1738,D-10-20,F,S,Siljansringen 1,Siljansringen_0405,2004,2005,NA,NA,0,NA,"c(14.8714900293252, 61.1722739491053)",Dalarna,Orsa,orsa,D-10-20,0.111,1.09,0.17,0.00263,5.567,76.3282828282828,NA,3.5,0.1875,2,0.00162939,0.1875,0.1875,0,0,0,4,4,3,2,3,3,1,218711,0.9178076973203496,238297.1951951952,2004,2009,0,0,1
1739,M12-05/G9-05,M,S,Siljansringen 1,Siljansringen_0405,2004,2005,NA,NA,1,NA,"c(14.8714900293252, 61.1722739491053)",Dalarna,Orsa,orsa,G9-05,0.111,1.09,0.17,0.00263,5.567,76.3282828282828,NA,3.5,0.1875,2,0.00162939,0.1875,0.1875,0,0,0,4,4,3,2,3,3,1,218711,0.9178076973203496,238297.1951951952,2004,2009,0,0,1
61,G124-16,M,S,Loberget,Loberget_1920,2019,2020,NA,NA,0,NA,"c(15.3535493602177, 15.2659061714813, 60.9169284308066, 61.0262558485709)",Dalarna,Rättvik,NA,G124-16,0.172,1.07,0.2,0,4.875,84.1225490196078,2,2.5,0.206153,4,0.00383303,0.24435400000000002,0.282555,2,0,0,42,16,0,0,17,2,2,269264,0.8860789863036947,303882.6156156156,2017,2019,2,2,3
62,G37-16,F,S,Loberget,Loberget_1920,2019,2020,NA,NA,0,NA,"c(15.3535493602177, 15.2659061714813, 60.9169284308066, 61.0262558485709)",Dalarna,Rättvik,NA,G37-16,0.172,1.07,0.2,0,4.875,84.1225490196078,2,2.5,0.282555,4,0.00383303,0.24435400000000002,0.282555,2,0,0,42,16,0,0,17,2,2,269264,0.8860789863036947,303882.6156156156,2017,2019,2,2,3
379,G47-16,M,S,Trollberget,Trollberget_1718,2017,2018,illegal,NA,0,NA,list(),Dalarna,Rättvik,rättvik,G47-16,0.163,0.93,0.26,3e-4,15.667,80.0490196078431,2.8,2.4,0.266815,3,0.00235198,0.23698800000000003,0.266815,2,0,0,42,18,7,2,15,1,0,266105,0.8940544683424857,297638.46546546544,2016,2017,1,1,2
380,G48-17,F,S,Trollberget,Trollberget_1718,2017,2018,censored,NA,0,NA,list(),Dalarna,Rättvik,rättvik,G48-17,0.163,0.93,0.26,3e-4,15.667,80.0490196078431,2.8,2.4,0.207161,3,0.00235198,0.23698800000000003,0.266815,2,0,0,42,18,7,2,15,1,0,266105,0.8940544683424857,297638.46546546544,2016,2017,1,1,2
389,G112-17,M,S,Ängsberget,Ängsberget_1718,2017,2018,illegal,NA,0,NA,list(),Dalarna,Rättvik,rättvik,G112-17,0.127,1.08,0.18,0.00179,5.6,78.8385416666667,2.4,2.4,0.125,3,0.0025534,0.133026,0.141052,2,0,0,42,18,7,2,15,1,0,266105,0.8940544683424857,297638.46546546544,2017,2017,0,0,1
390,G66-14,F,S,Ängsberget,Ängsberget_1718,2017,2018,illegal,NA,0,NA,list(),Dalarna,Rättvik,rättvik,G66-14,0.127,1.08,0.18,0.00179,5.6,78.8385416666667,2.4,2.4,0.141052,3,0.0025534,0.133026,0.141052,2,0,0,42,18,7,2,15,1,0,266105,0.8940544683424857,297638.46546546544,2017,2017,0,0,1
480,G180-13,M,S,Långsjön 6,Långsjön_1617,2016,2017,illegal,NA,0,NA,list(),Dalarna,Rättvik,rättvik,G180-13,0.165,0.95,0.26,6e-4,15.567,78.3870967741936,2.8,2.2,0.296997,4,0.00233778,0.2190245,0.296997,2,0,0,35,11,9,1,15,3,0,261370,0.8917408923358561,293100.83483483485,2014,2016,2,2,3
481,G66-14,F,S,Långsjön 6,Långsjön_1617,2016,2017,censored,NA,0,NA,list(),Dalarna,Rättvik,rättvik,G66-14,0.165,0.95,0.26,6e-4,15.567,78.3870967741936,2.8,2.2,0.141052,4,0.00233778,0.2190245,0.296997,2,0,0,35,11,9,1,15,3,0,261370,0.8917408923358561,293100.83483483485,2014,2016,2,2,3
619,G180-13,M,S,Långsjön 6,Långsjön_1516,2015,2016,NA,NA,0,NA,list(),Dalarna,Rättvik,rättvik,G180-13,0.161,0.98,0.23,0.00128,15.367,78.59375,2.8,2.3,0.296997,3,0.00331627,0.2190245,0.296997,2,0,0,26,2,0,0,15,5,0,254185,0.8877175247923681,286335.45345345343,2014,2016,1,1,2
620,G66-14,F,S,Långsjön 6,Långsjön_1516,2015,2016,NA,NA,0,NA,list(),Dalarna,Rättvik,rättvik,G66-14,0.161,0.98,0.23,0.00128,15.367,78.59375,2.8,2.3,0.141052,3,0.00331627,0.2190245,0.296997,2,0,0,26,2,0,0,15,5,0,254185,0.8877175247923681,286335.45345345343,2014,2016,1,1,2
693,G30-12,F,S,Draggen 2,Draggen_1415,2014,2015,illegal,NA,0,NA,"c(15.4678652946394, 61.070761601903)",Dalarna,Rättvik,rättvik,G30-12,0.104,1.13,0.22,0.00362,5.533,77.859375,2.7,2.2,0.227051,1,0.00310336,0.1840515,0.227051,2,2,0,26,2,0,0,15,6,1,246448,0.8914178638057938,276467.42342342343,2013,2014,1,1,2
694,G99-13,M,S,Draggen 2,Draggen_1415,2014,2015,censored,NA,0,NA,"c(15.4678652946394, 61.070761601903)",Dalarna,Rättvik,rättvik,G99-13,0.104,1.13,0.22,0.00362,5.533,77.859375,2.7,2.2,0.141052,1,0.00310336,0.1840515,0.227051,2,2,0,26,2,0,0,15,6,1,246448,0.8914178638057938,276467.42342342343,2013,2014,1,1,2
758,G180-13,M,S,Långsjön 6,Långsjön_1415,2014,2015,NA,NA,0,NA,"c(15.4678652946394, 61.070761601903)",Dalarna,Rättvik,rättvik,G180-13,0.183,1.04,0.36,0.00318,15.333,77.4545454545455,3,2.2,0.296997,3,0.00277807,0.2190245,0.296997,2,2,0,26,2,0,0,15,6,1,246448,0.8914178638057938,276467.42342342343,2014,2016,0,0,1
759,G66-14,F,S,Långsjön 6,Långsjön_1415,2014,2015,NA,NA,0,NA,"c(15.4678652946394, 61.070761601903)",Dalarna,Rättvik,rättvik,G66-14,0.183,1.04,0.36,0.00318,15.333,77.4545454545455,3,2.2,0.141052,3,0.00277807,0.2190245,0.296997,2,2,0,26,2,0,0,15,6,1,246448,0.8914178638057938,276467.42342342343,2014,2016,0,0,1
824,G30-12,F,S,Draggen 2,Draggen_1314,2013,2014,NA,NA,0,NA,list(),Dalarna,Rättvik,rättvik,G30-12,0.094,1.07,0.23,0.0042,5.567,80.3277777777778,2.5,2.2,0.227051,0,0.00320426,0.1840515,0.227051,2,2,0,26,3,2,1,14,5,0,244863,0.90071904969241,271852.8048048048,2013,2014,0,0,1
825,G99-13,M,S,Draggen 2,Draggen_1314,2013,2014,NA,NA,0,NA,list(),Dalarna,Rättvik,rättvik,G99-13,0.094,1.07,0.23,0.0042,5.567,80.3277777777778,2.5,2.2,0.141052,0,0.00320426,0.1840515,0.227051,2,2,0,26,3,2,1,14,5,0,244863,0.90071904969241,271852.8048048048,2013,2014,0,0,1
992,G1-10,F,S,Homna 2,Homna_1213,2012,2013,illegal,NA,0,NA,"c(15.6646237839489, 15.3532336706006, 60.9611226618249, 60.8950115481195)",Dalarna,Rättvik,rättvik,G1-10,0.169,0.93,0.29,0.00129,15.2,79.296875,2.4,1.9,0.4104,1,0.00210317,0.2052,0.4104,2,2,0,24,8,0,0,14,5,2,236598,0.8923515239939785,265139.9069069069,2011,2012,1,1,2
993,G37-10,M,S,Homna 2,Homna_1213,2012,2013,NA,NA,0,NA,"c(15.6646237839489, 15.3532336706006, 60.9611226618249, 60.8950115481195)",Dalarna,Rättvik,rättvik,G37-10,0.169,0.93,0.29,0.00129,15.2,79.296875,2.4,1.9,0,1,0.00210317,0.2052,0.4104,2,2,0,24,8,0,0,14,5,2,236598,0.8923515239939785,265139.9069069069,2011,2012,1,1,2
1048,G33-10,F,S,Siljansringen 3,Siljansringen_1213,2012,2013,other,NA,0,wolf killed,"c(15.6646237839489, 15.3532336706006, 60.9611226618249, 60.8950115481195)",Dalarna,Rättvik,rättvik,G33-10,0.148,1.03,0.15,9.8e-4,4.75,81.109375,0.8,1.9,0.260742,1,0.00367833,0.3375245,0.414307,2,2,0,24,8,0,0,14,5,2,236598,0.8923515239939785,265139.9069069069,2012,2012,0,0,1
1049,G59-12,M,S,Siljansringen 3,Siljansringen_1213,2012,2013,censored,NA,0,NA,"c(15.6646237839489, 15.3532336706006, 60.9611226618249, 60.8950115481195)",Dalarna,Rättvik,rättvik,G59-12,0.148,1.03,0.15,9.8e-4,4.75,81.109375,0.8,1.9,0.414307,1,0.00367833,0.3375245,0.414307,2,2,0,24,8,0,0,14,5,2,236598,0.8923515239939785,265139.9069069069,2012,2012,0,0,1
1125,G1-10,F,S,Homna 2,Homna_1112,2011,2012,NA,NA,0,NA,"c(15.2761782722766, 15.3390602033809, 61.0003873449276, 61.0264391394268)",Dalarna,Rättvik,rättvik,G1-10,0.159,0.96,0.21,3e-4,12.95,85.2083333333333,NA,2.3,0.4104,4,0.00254094,0.2052,0.4104,2,2,0,24,8,0,0,12,3,2,229971,0.8907145793749508,258187.08408408408,2011,2012,0,0,1
1126,G37-10,M,S,Homna 2,Homna_1112,2011,2012,NA,NA,0,NA,"c(15.2761782722766, 15.3390602033809, 61.0003873449276, 61.0264391394268)",Dalarna,Rättvik,rättvik,G37-10,0.159,0.96,0.21,3e-4,12.95,85.2083333333333,NA,2.3,0,4,0.00254094,0.2052,0.4104,2,2,0,24,8,0,0,12,3,2,229971,0.8907145793749508,258187.08408408408,2011,2012,0,0,1
1242,D-10-74,F,S,Homna 1,Homna_1011,2010,2011,legal,NA,0,NA,"c(15.4847780640488, 60.9737457545573)",Dalarna,Rättvik,rättvik,D-10-74,0.153,1.11,0.14,7.3e-4,5.85,88.6161616161616,NA,2.5,0.270508,1,0.0034341,0.135254,0.270508,2,2,2,24,9,0,0,10,2,1,233738,0.9080982105806079,257392.86486486485,2010,2010,0,0,1
1243,G37-10,M,S,Homna 1,Homna_1011,2010,2011,NA,NA,0,NA,"c(15.4847780640488, 60.9737457545573)",Dalarna,Rättvik,rättvik,G37-10,0.153,1.11,0.14,7.3e-4,5.85,88.6161616161616,NA,2.5,0,1,0.0034341,0.135254,0.270508,2,2,2,24,9,0,0,10,2,1,233738,0.9080982105806079,257392.86486486485,2010,2010,0,0,1
1643,M-05-02,M,S,Amungen 1,Amungen_0506,2005,2006,NA,NA,1,NA,"c(15.5518678079961, 15.2614425995203, 15.0774422417646, 14.9254514732231, 61.003674828286, 61.2119614702446, 61.0614207124423, 60.9743839434029)",Dalarna,Rättvik,rättvik,M-05-02,0.157,1.01,0.12,0,13.3,83.53125,NA,2.9,0.28125,2,0.00143144,0.234375,0.28125,0,0,0,15,15,15,3,8,7,4,220889,0.907740093345292,243339.47747747749,2003,2006,2,2,3
1644,M-05-12,F,S,Amungen 1,Amungen_0506,2005,2006,NA,NA,1,NA,"c(15.5518678079961, 15.2614425995203, 15.0774422417646, 14.9254514732231, 61.003674828286, 61.2119614702446, 61.0614207124423, 60.9743839434029)",Dalarna,Rättvik,rättvik,M-05-12,0.157,1.01,0.12,0,13.3,83.53125,NA,2.9,0.1875,2,0.00143144,0.234375,0.28125,0,0,0,15,15,15,3,8,7,4,220889,0.907740093345292,243339.47747747749,2003,2006,2,2,3
1650,M-05-09,F,S,Forshyttan,Furudal_0405,2005,2006,illegal,NA,1,NA,"c(15.5518678079961, 15.2614425995203, 15.0774422417646, 14.9254514732231, 61.003674828286, 61.2119614702446, 61.0614207124423, 60.9743839434029)",Dalarna,Rättvik,rättvik,M-05-09,0.131,1.09,0.17,0.00146,4.8,78.5208333333333,NA,3.1,0.28125,3,0.00164313,0.2890625,0.296875,0,0,0,15,15,15,3,8,7,4,220889,0.907740093345292,243339.47747747749,2004,2005,1,1,2
1703,D-04-13,F,S,Furudal,Furudal_0405,2004,2005,legal,NA,0,NA,list(),Dalarna,Rättvik,rättvik,D-04-13,0.131,1.09,0.17,0.00146,4.8,78.5208333333333,NA,3.1,0,3,0.00164313,0.1171875,0.234375,0,0,0,0,0,0,0,4,4,0,217730,0.913690989193775,238297.1951951952,2000,2004,4,4,5
1704,G1-03,M,S,Furudal,Furudal_0405,2004,2005,illegal,NA,0,NA,list(),Dalarna,Rättvik,rättvik,G1-03,0.131,1.09,0.17,0.00146,4.8,78.5208333333333,NA,3.1,0.234375,3,0.00164313,0.1171875,0.234375,0,0,0,0,0,0,0,4,4,0,217730,0.913690989193775,238297.1951951952,2000,2004,4,4,5
1744,G6-05,M,S,Voxna 1,Voxna_0405,2004,2005,NA,NA,0,NA,list(),Dalarna,Rättvik,rättvik,G6-05,0.176,1.12,0.19,0,4.925,78.6302083333333,NA,3.2,0.398438,2,0.00157588,0.29296900000000003,0.398438,0,0,0,0,0,0,0,4,4,0,217730,0.913690989193775,238297.1951951952,2004,2007,0,0,1
1745,G7-05,F,S,Voxna 1,Voxna_0405,2004,2005,NA,NA,0,NA,list(),Dalarna,Rättvik,rättvik,G7-05,0.176,1.12,0.19,0,4.925,78.6302083333333,NA,3.2,0.1875,2,0.00157588,0.29296900000000003,0.398438,0,0,0,0,0,0,0,4,4,0,217730,0.913690989193775,238297.1951951952,2004,2007,0,0,1
1748,M-05-02,M,S,Amungen 1,Amungen_0304,2003,2004,NA,NA,1,NA,"c(15.2466227560487, 15.2613914159802, 61.2386890494768, 61.0198658409603)",Dalarna,Rättvik,rättvik,M-05-02,0.153,1.04,0.12,0,12.933,82.50625,NA,3.5,0.28125,1,0.00133061,0.234375,0.28125,0,0,0,0,0,0,0,4,4,2,212311,0.909905269395658,233333.0810810811,2003,2006,0,0,1
1749,M-05-12,F,S,Amungen 1,Amungen_0304,2003,2004,NA,NA,1,NA,"c(15.2466227560487, 15.2613914159802, 61.2386890494768, 61.0198658409603)",Dalarna,Rättvik,rättvik,M-05-12,0.153,1.04,0.12,0,12.933,82.50625,NA,3.5,0.1875,1,0.00133061,0.234375,0.28125,0,0,0,0,0,0,0,4,4,2,212311,0.909905269395658,233333.0810810811,2003,2006,0,0,1
1754,D-04-13,F,S,Furudal,Furudal_0304,2003,2004,NA,NA,0,NA,"c(15.2466227560487, 15.2613914159802, 61.2386890494768, 61.0198658409603)",Dalarna,Rättvik,rättvik,D-04-13,0.13,1.09,0.16,0.00148,5.567,81.10625,NA,3.7,0,1,0.00156623,0.1171875,0.234375,0,0,0,0,0,0,0,4,4,2,212311,0.909905269395658,233333.0810810811,2000,2004,3,3,4
1755,G1-03,M,S,Furudal,Furudal_0304,2003,2004,NA,NA,0,NA,"c(15.2466227560487, 15.2613914159802, 61.2386890494768, 61.0198658409603)",Dalarna,Rättvik,rättvik,G1-03,0.13,1.09,0.16,0.00148,5.567,81.10625,NA,3.7,0.234375,1,0.00156623,0.1171875,0.234375,0,0,0,0,0,0,0,4,4,2,212311,0.909905269395658,233333.0810810811,2000,2004,3,3,4
1793,D-04-13,F,S,Furudal,Furudal_0203,2002,2003,NA,NA,0,NA,"c(15.0999804930557, 60.8931759141807)",Dalarna,Rättvik,rättvik,D-04-13,0.164,1.12,0.17,7.3e-4,5.367,83.2125,NA,3.5,0,0,9.1037e-4,0.1171875,0.234375,0,0,0,0,0,0,0,2,2,1,207221,0.9030926232988488,229457.08408408408,2000,2004,2,2,3
1794,G1-03,M,S,Furudal,Furudal_0203,2002,2003,NA,NA,0,NA,"c(15.0999804930557, 60.8931759141807)",Dalarna,Rättvik,rättvik,G1-03,0.164,1.12,0.17,7.3e-4,5.367,83.2125,NA,3.5,0.234375,0,9.1037e-4,0.1171875,0.234375,0,0,0,0,0,0,0,2,2,1,207221,0.9030926232988488,229457.08408408408,2000,2004,2,2,3
1827,D-04-13,F,S,Furudal,Furudal_0102,2001,2002,NA,NA,0,NA,list(),Dalarna,Rättvik,rättvik,D-04-13,0.146,1.12,0.17,9.8e-4,5.367,83.3802083333333,NA,3.6,0,0,7.3428e-4,0.1171875,0.234375,0,0,0,0,0,0,0,1,1,0,201658,0.9002344519946491,224006.0903614458,2000,2004,1,1,2
1828,G1-03,M,S,Furudal,Furudal_0102,2001,2002,NA,NA,0,NA,list(),Dalarna,Rättvik,rättvik,G1-03,0.146,1.12,0.17,9.8e-4,5.367,83.3802083333333,NA,3.6,0.234375,0,7.3428e-4,0.1171875,0.234375,0,0,0,0,0,0,0,1,1,0,201658,0.9002344519946491,224006.0903614458,2000,2004,1,1,2
1859,D-04-13,F,S,Furudal,Furudal_0001,2000,2001,NA,NA,0,NA,"c(15.1940127496708, 61.3489334864727)",Dalarna,Rättvik,rättvik,D-04-13,0.152,1.09,0.16,9.8e-4,5.4,74.7421875,NA,3.5,0,0,0.00109309,0.1171875,0.234375,0,0,0,0,0,0,0,1,1,1,197547,0.896282442980098,220407.0843373494,2000,2004,0,0,1
1860,G1-03,M,S,Furudal,Furudal_0001,2000,2001,NA,NA,0,NA,"c(15.1940127496708, 61.3489334864727)",Dalarna,Rättvik,rättvik,G1-03,0.152,1.09,0.16,9.8e-4,5.4,74.7421875,NA,3.5,0.234375,0,0.00109309,0.1171875,0.234375,0,0,0,0,0,0,0,1,1,1,197547,0.896282442980098,220407.0843373494,2000,2004,0,0,1
31,G124-13,F,S,Gåsmyren 2,Gåsmyren_1920,2019,2020,NA,NA,0,NA,list(),Dalarna,Smedjebacken,NA,G124-13,0.303,1.42,0.24,0.0029,15.775,82.6354166666667,3.2,2.4,0.338989,2,3.426e-4,0.36970749999999997,0.400426,6,5,0,8,4,4,1,3,2,0,292267,0.9617759785564426,303882.6156156156,2018,2019,1,1,2
32,G168-17,M,S,Gåsmyren 2,Gåsmyren_1920,2019,2020,NA,NA,0,NA,list(),Dalarna,Smedjebacken,NA,G168-17,0.303,1.42,0.24,0.0029,15.775,82.6354166666667,3.2,2.4,0.400426,2,3.426e-4,0.36970749999999997,0.400426,6,5,0,8,4,4,1,3,2,0,292267,0.9617759785564426,303882.6156156156,2018,2019,1,1,2
173,G124-13,F,S,Gåsmyren 2,Gåsmyren_1819,2018,2019,NA,NA,0,NA,list(),Dalarna,Smedjebacken,smedjebacken,G124-13,0.302,1.41,0.24,0.00232,15.85,83.2171717171717,2.8,2.4,0.338989,1,3.3302e-4,0.36970749999999997,0.400426,6,5,5,4,0,0,0,3,2,0,292735,0.9719375447821391,301187.04804804805,2018,2019,0,0,1
174,G168-17,M,S,Gåsmyren 2,Gåsmyren_1819,2018,2019,NA,NA,0,NA,list(),Dalarna,Smedjebacken,smedjebacken,G168-17,0.302,1.41,0.24,0.00232,15.85,83.2171717171717,2.8,2.4,0.400426,1,3.3302e-4,0.36970749999999997,0.400426,6,5,5,4,0,0,0,3,2,0,292735,0.9719375447821391,301187.04804804805,2018,2019,0,0,1
281,G126-15,M,S,Flaten 2,Flaten/Billsjön_1718,2017,2018,legal,NA,0,NA,"c(15.3487091631757, 15.3362987696458, 60.0952257745862, 60.0971210235499)",Dalarna,Smedjebacken,smedjebacken,G126-15,0.291,1.46,0.37,0.00704,17.971,72.2659610215054,2.3,2.4,0.304016,2,1.2838e-4,0.2280885,0.304016,1,0,0,4,0,0,0,3,2,2,290323,0.9754216396256946,297638.46546546544,2017,2017,0,0,1
282,G74-14,F,S,Flaten 2,Flaten/Billsjön_1718,2017,2018,legal,NA,0,NA,"c(15.3487091631757, 15.3362987696458, 60.0952257745862, 60.0971210235499)",Dalarna,Smedjebacken,smedjebacken,G74-14,0.291,1.46,0.37,0.00704,17.971,72.2659610215054,2.3,2.4,0.152161,2,1.2838e-4,0.2280885,0.304016,1,0,0,4,0,0,0,3,2,2,290323,0.9754216396256946,297638.46546546544,2017,2017,0,0,1
303,G124-13,F,S,Gåsmyren 1,Gåsmyren_1718,2017,2018,NA,NA,0,NA,"c(15.3487091631757, 15.3362987696458, 60.0952257745862, 60.0971210235499)",Dalarna,Smedjebacken,norberg,G124-13,0.302,1.4,0.34,0.00741,25.233,71.1467803030303,2.8,2.3,0.338989,3,2.4086e-4,0.3454895,0.35199,1,0,0,4,0,0,0,3,2,2,290323,0.9754216396256946,297638.46546546544,2013,2017,4,4,5
304,G67-11,M,S,Gåsmyren 1,Gåsmyren_1718,2017,2018,illegal,NA,0,NA,"c(15.3487091631757, 15.3362987696458, 60.0952257745862, 60.0971210235499)",Dalarna,Smedjebacken,norberg,G67-11,0.302,1.4,0.34,0.00741,25.233,71.1467803030303,2.8,2.3,0.35199,3,2.4086e-4,0.3454895,0.35199,1,0,0,4,0,0,0,3,2,2,290323,0.9754216396256946,297638.46546546544,2013,2017,4,4,5
406,G48-14,M,S,Billsjön,Billsjön_1617,2016,2017,illegal,NA,0,NA,list(),Dalarna,Smedjebacken,smedjebacken,G48-14,0.277,1.3,0.34,0.00293,18,66.9411764705882,2.3,2.3,0.205505,8,2.06e-5,0.178833,0.205505,1,1,0,4,4,0,0,1,0,0,284711,0.9713756023944367,293100.83483483485,2016,2016,0,0,1
407,G74-14,F,S,Billsjön,Billsjön_1617,2016,2017,NA,NA,0,NA,list(),Dalarna,Smedjebacken,smedjebacken,G74-14,0.277,1.3,0.34,0.00293,18,66.9411764705882,2.3,2.3,0.152161,8,2.06e-5,0.178833,0.205505,1,1,0,4,4,0,0,1,0,0,284711,0.9713756023944367,293100.83483483485,2016,2016,0,0,1
418,G126-15,M,S,Flaten 1,Flaten_1617,2016,2017,NA,NA,0,NA,list(),Dalarna,Smedjebacken,smedjebacken,G126-15,0.274,1.41,0.38,0.00742,12.44,64.61875,2.4,2.2,0.304016,5,6.72e-5,0.2547605,0.304016,1,1,0,4,4,0,0,1,0,0,284711,0.9713756023944367,293100.83483483485,2015,2016,1,1,2
419,G132-14,F,S,Flaten 1,Flaten_1617,2016,2017,illegal,NA,0,NA,list(),Dalarna,Smedjebacken,smedjebacken,G132-14,0.274,1.41,0.38,0.00742,12.44,64.61875,2.4,2.2,0.205505,5,6.72e-5,0.2547605,0.304016,1,1,0,4,4,0,0,1,0,0,284711,0.9713756023944367,293100.83483483485,2015,2016,1,1,2
446,G124-13,F,S,Gåsmyren 1,Gåsmyren_1617,2016,2017,NA,NA,0,NA,list(),Dalarna,Smedjebacken,smedjebacken,G124-13,0.3,1.42,0.3,0.00503,25.183,63.925,2.9,2.2,0.338989,2,2.292e-4,0.3454895,0.35199,1,1,0,4,4,0,0,1,0,0,284711,0.9713756023944367,293100.83483483485,2013,2017,3,3,4
447,G67-11,M,S,Gåsmyren 1,Gåsmyren_1617,2016,2017,NA,NA,0,NA,list(),Dalarna,Smedjebacken,smedjebacken,G67-11,0.3,1.42,0.3,0.00503,25.183,63.925,2.9,2.2,0.35199,2,2.292e-4,0.3454895,0.35199,1,1,0,4,4,0,0,1,0,0,284711,0.9713756023944367,293100.83483483485,2013,2017,3,3,4
557,G126-15,M,S,Flaten 1,Flaten_1516,2015,2016,NA,NA,0,NA,list(),Dalarna,Smedjebacken,smedjebacken,G126-15,0.284,1.46,0.36,0.00726,12.583,70.6919191919192,2.5,2.3,0.304016,3,2.1579e-4,0.2547605,0.304016,1,1,0,4,4,0,0,1,1,0,279946,0.9776854267384947,286335.45345345343,2015,2016,0,0,1
558,G132-14,F,S,Flaten 1,Flaten_1516,2015,2016,NA,NA,0,NA,list(),Dalarna,Smedjebacken,smedjebacken,G132-14,0.284,1.46,0.36,0.00726,12.583,70.6919191919192,2.5,2.3,0.205505,3,2.1579e-4,0.2547605,0.304016,1,1,0,4,4,0,0,1,1,0,279946,0.9776854267384947,286335.45345345343,2015,2016,0,0,1
597,M-05-07,F,S,Kloten,Kloten_1516,2015,2016,NA,NA,1,NA,list(),Dalarna,Smedjebacken,smedjebacken,M-05-07,0.26,1.32,0.28,0.00093000000000000005,12.32,75.2916666666667,2.3,2.4,0.302246,3,8.66e-5,0.3010255,0.302246,1,1,0,4,4,0,0,1,1,0,279946,0.9776854267384947,286335.45345345343,2007,2016,8,8,9
598,M-09-18,M,S,Kloten,Kloten_1516,2015,2016,NA,NA,1,NA,list(),Dalarna,Smedjebacken,smedjebacken,M-09-18,0.26,1.32,0.28,0.00093000000000000005,12.32,75.2916666666667,2.3,2.4,0.299805,3,8.66e-5,0.3010255,0.302246,1,1,0,4,4,0,0,1,1,0,279946,0.9776854267384947,286335.45345345343,2007,2016,8,8,9
713,G124-13,F,S,Gåsmyren 1,Gåsmyren_1415,2014,2015,NA,NA,0,NA,list(),Dalarna,Smedjebacken,norberg,G124-13,0.297,1.43,0.33,0.00441,24.483,69.5339486139283,2.9,2.3,0.338989,0,3.3476e-4,0.3454895,0.35199,1,1,0,4,4,0,0,1,1,0,273746,0.9901564408937417,276467.42342342343,2013,2017,1,1,2
714,G67-11,M,S,Gåsmyren 1,Gåsmyren_1415,2014,2015,NA,NA,0,NA,list(),Dalarna,Smedjebacken,norberg,G67-11,0.297,1.43,0.33,0.00441,24.483,69.5339486139283,2.9,2.3,0.35199,0,3.3476e-4,0.3454895,0.35199,1,1,0,4,4,0,0,1,1,0,273746,0.9901564408937417,276467.42342342343,2013,2017,1,1,2
844,G124-13,F,S,Gåsmyren 1,Gåsmyren_1314,2013,2014,NA,NA,0,NA,list(),Dalarna,Smedjebacken,norberg,G124-13,0.296,1.43,0.33,0.0041,24.133,81.6486486486486,2.9,2.3,0.338989,1,3.0535e-4,0.3454895,0.35199,1,1,0,4,4,0,0,1,1,0,269945,0.9929822140103552,271852.8048048048,2013,2017,0,0,1
845,G67-11,M,S,Gåsmyren 1,Gåsmyren_1314,2013,2014,NA,NA,0,NA,list(),Dalarna,Smedjebacken,norberg,G67-11,0.296,1.43,0.33,0.0041,24.133,81.6486486486486,2.9,2.3,0.35199,1,3.0535e-4,0.3454895,0.35199,1,1,0,4,4,0,0,1,1,0,269945,0.9929822140103552,271852.8048048048,2013,2017,0,0,1
864,M-05-07,F,S,Kloten,Kloten_1314,2013,2014,NA,NA,1,NA,list(),Dalarna,Smedjebacken,skinnskatteberg,M-05-07,0.27,1.28,0.32,0.00273,18.22,82.2676767676768,2.8,2.6,0.302246,6,1.0429e-4,0.3010255,0.302246,1,1,0,4,4,0,0,1,1,0,269945,0.9929822140103552,271852.8048048048,2007,2016,6,6,7
865,M-09-18,M,S,Kloten,Kloten_1314,2013,2014,NA,NA,1,NA,list(),Dalarna,Smedjebacken,skinnskatteberg,M-09-18,0.27,1.28,0.32,0.00273,18.22,82.2676767676768,2.8,2.6,0.299805,6,1.0429e-4,0.3010255,0.302246,1,1,0,4,4,0,0,1,1,0,269945,0.9929822140103552,271852.8048048048,2007,2016,6,6,7
1032,G21-11,F,S,Norn,Norn_1112,2012,2013,illegal,NA,0,"Norn not registered by VSC in 1213 because they disappeared early in season, I used the coordinates för  1112",list(),Dalarna,Smedjebacken,smedjebacken,G21-11,0.3,1.42,0.31,0.00402,23.95,81.296875,NA,2.1,0.299316,0,2.162e-4,0.364502,0.429688,1,1,1,4,4,4,2,1,1,0,263338,0.9932039392789724,265139.9069069069,2010,2012,2,2,3
1033,G24-11,M,S,Norn,Norn_1112,2012,2013,illegal,NA,0,NA,list(),Dalarna,Smedjebacken,smedjebacken,G24-11,0.3,1.42,0.31,0.00402,23.95,81.296875,NA,2.1,0.429688,0,2.162e-4,0.364502,0.429688,1,1,1,4,4,4,2,1,1,0,263338,0.9932039392789724,265139.9069069069,2010,2012,2,2,3
1155,G21-11,F,S,Norn,Norn_1112,2011,2012,NA,NA,0,NA,"c(15.55589936352, 60.1451451557494)",Dalarna,Smedjebacken,smedjebacken,G21-11,0.3,1.42,0.31,0.00402,23.95,81.296875,NA,2.1,0.299316,0,2.162e-4,0.364502,0.429688,0,0,0,0,0,0,0,1,1,1,255247,0.9886125826374546,258187.08408408408,2010,2012,1,1,2
1156,G24-11,M,S,Norn,Norn_1112,2011,2012,NA,NA,0,NA,"c(15.55589936352, 60.1451451557494)",Dalarna,Smedjebacken,smedjebacken,G24-11,0.3,1.42,0.31,0.00402,23.95,81.296875,NA,2.1,0.429688,0,2.162e-4,0.364502,0.429688,0,0,0,0,0,0,0,1,1,1,255247,0.9886125826374546,258187.08408408408,2010,2012,1,1,2
1252,M-05-07,F,S,Kloten,Kloten_1011,2010,2011,NA,NA,1,NA,list(),Dalarna,Smedjebacken,lindesberg,M-05-07,0.256,1.33,0.28,5e-4,12.06,82.1010101010101,NA,2.7,0.302246,4,5.7e-5,0.3010255,0.302246,0,0,0,0,0,0,0,0,0,0,253873,0.9863249322520543,257392.86486486485,2007,2016,3,3,4
1253,M-09-18,M,S,Kloten,Kloten_1011,2010,2011,NA,NA,1,NA,list(),Dalarna,Smedjebacken,lindesberg,M-09-18,0.256,1.33,0.28,5e-4,12.06,82.1010101010101,NA,2.7,0.299805,4,5.7e-5,0.3010255,0.302246,0,0,0,0,0,0,0,0,0,0,253873,0.9863249322520543,257392.86486486485,2007,2016,3,3,4
1272,G21-11,F,S,Norn,Norn_1011,2010,2011,NA,NA,0,NA,list(),Dalarna,Smedjebacken,smedjebacken,G21-11,0.3,1.43,0.29,0.0062,21.56,82.3645833333333,NA,2.2,0.299316,2,1.8998e-4,0.364502,0.429688,0,0,0,0,0,0,0,0,0,0,253873,0.9863249322520543,257392.86486486485,2010,2012,0,0,1
1273,G24-11,M,S,Norn,Norn_1011,2010,2011,NA,NA,0,NA,list(),Dalarna,Smedjebacken,smedjebacken,G24-11,0.3,1.43,0.29,0.0062,21.56,82.3645833333333,NA,2.2,0.429688,2,1.8998e-4,0.364502,0.429688,0,0,0,0,0,0,0,0,0,0,253873,0.9863249322520543,257392.86486486485,2010,2012,0,0,1
1362,M-05-07,F,S,Kloten,Kloten_0910,2009,2010,NA,NA,1,NA,list(),Dalarna,Smedjebacken,smedjebacken,M-05-07,0.259,1.32,0.29,7.9e-4,12.14,83.2829861111111,NA,2.6,0.302246,3,1.24e-5,0.3010255,0.302246,0,0,0,0,0,0,0,0,0,0,261908,1.0117160791887976,258875,2007,2016,2,2,3
1363,M-09-18,M,S,Kloten,Kloten_0910,2009,2010,NA,NA,1,NA,list(),Dalarna,Smedjebacken,smedjebacken,M-09-18,0.259,1.32,0.29,7.9e-4,12.14,83.2829861111111,NA,2.6,0.299805,3,1.24e-5,0.3010255,0.302246,0,0,0,0,0,0,0,0,0,0,261908,1.0117160791887976,258875,2007,2016,2,2,3
1458,M-05-07,F,S,Kloten,Kloten_0809,2008,2009,NA,NA,1,NA,list(),Dalarna,Smedjebacken,smedjebacken,M-05-07,0.269,1.29,0.3,0.00102,17.84,76.2864583333333,NA,2.4,0.302246,1,9.08e-6,0.3010255,0.302246,0,0,0,0,0,0,0,0,0,0,258443,1.0164676786581672,254255.993993994,2007,2016,1,1,2
1459,M-09-18,M,S,Kloten,Kloten_0809,2008,2009,NA,NA,1,NA,list(),Dalarna,Smedjebacken,smedjebacken,M-09-18,0.269,1.29,0.3,0.00102,17.84,76.2864583333333,NA,2.4,0.299805,1,9.08e-6,0.3010255,0.302246,0,0,0,0,0,0,0,0,0,0,258443,1.0164676786581672,254255.993993994,2007,2016,1,1,2
1536,M-05-07,F,S,Kloten,Kloten_0708,2007,2008,NA,NA,1,NA,list(),Dalarna,Smedjebacken,smedjebacken,M-05-07,0.264,1.32,0.28,0.00102,12.2,70.6060606060606,NA,2.6,0.302246,1,4.17e-6,0.3010255,0.302246,0,0,0,0,0,0,0,0,0,0,255549,1.01694353853948,251291.23723723725,2007,2016,0,0,1
1537,M-09-18,M,S,Kloten,Kloten_0708,2007,2008,NA,NA,1,NA,list(),Dalarna,Smedjebacken,smedjebacken,M-09-18,0.264,1.32,0.28,0.00102,12.2,70.6060606060606,NA,2.6,0.299805,1,4.17e-6,0.3010255,0.302246,0,0,0,0,0,0,0,0,0,0,255549,1.01694353853948,251291.23723723725,2007,2016,0,0,1
398,G71-13,F,S,Aamäck 4,Aamäkk_1617,2016,2017,censored,NA,0,"Senast reg 2017-10-25, var då ensam",list(),Dalarna,Vansbro,filipstad,G71-13,0.325,0.97,0.22,0,7.74,76.05625,2.1,2,0.214912,2,1.4284e-4,0.21493299999999999,0.214954,4,0,0,39,5,0,0,5,0,0,255676,0.8723141308828952,293100.83483483485,2014,2016,2,2,3
399,G8-14,M,S,Aamäck 4,Aamäkk_1617,2016,2017,illegal,NA,0,NA,list(),Dalarna,Vansbro,filipstad,G8-14,0.325,0.97,0.22,0,7.74,76.05625,2.1,2,0.214954,2,1.4284e-4,0.21493299999999999,0.214954,4,0,0,39,5,0,0,5,0,0,255676,0.8723141308828952,293100.83483483485,2014,2016,2,2,3
420,G49-16,M,S,Flintbäcken,Flintbäcken_1617,2016,2017,illegal,NA,0,NA,list(),Dalarna,Vansbro,vansbro,G49-16,0.331,1.13,0.22,1e-5,10.75,76.7375,2.1,2.2,0.299316,4,1.9446e-4,0.257114,0.299316,4,0,0,39,5,0,0,5,0,0,255676,0.8723141308828952,293100.83483483485,2015,2016,1,1,2
421,G88-15,F,S,Flintbäcken,Flintbäcken_1617,2016,2017,censored,NA,0,NA,list(),Dalarna,Vansbro,vansbro,G88-15,0.331,1.13,0.22,1e-5,10.75,76.7375,2.1,2.2,0.214912,4,1.9446e-4,0.257114,0.299316,4,0,0,39,5,0,0,5,0,0,255676,0.8723141308828952,293100.83483483485,2015,2016,1,1,2
631,G200-13,F,S,Närsen 2,Närsen_1516,2015,2016,illegal,NA,0,NA,list(),Dalarna,Vansbro,vansbro,G200-13,0.242,1.23,0.31,0.00187,11.733,71.7612612612613,2.6,2.3,0.27356,5,7.5898e-4,0.270447,0.27356,4,1,0,39,5,0,0,5,0,0,250292,0.8741215835526541,286335.45345345343,2014,2015,1,1,2
632,G58-13,M,S,Närsen 2,Närsen_1516,2015,2016,illegal,NA,0,NA,list(),Dalarna,Vansbro,vansbro,G58-13,0.242,1.23,0.31,0.00187,11.733,71.7612612612613,2.6,2.3,0.267334,5,7.5898e-4,0.270447,0.27356,4,1,0,39,5,0,0,5,0,0,250292,0.8741215835526541,286335.45345345343,2014,2015,1,1,2
770,G200-13,F,S,Närsen 2,Närsen_1415,2014,2015,NA,NA,0,NA,list(),Dalarna,Vansbro,vansbro,G200-13,0.284,1.22,0.24,3.5e-4,11.633,73.859375,2.5,2.2,0.27356,3,5.3149e-4,0.270447,0.27356,4,3,0,39,6,1,1,5,0,0,239816,0.8674295041000546,276467.42342342343,2014,2015,0,0,1
771,G58-13,M,S,Närsen 2,Närsen_1415,2014,2015,NA,NA,0,NA,list(),Dalarna,Vansbro,vansbro,G58-13,0.284,1.22,0.24,3.5e-4,11.633,73.859375,2.5,2.2,0.267334,3,5.3149e-4,0.270447,0.27356,4,3,0,39,6,1,1,5,0,0,239816,0.8674295041000546,276467.42342342343,2014,2015,0,0,1
814,M-13-09/G106-13,M,S,Aamäck 3,Aamäkk_1314,2013,2014,illegal,1,1,NA,list(),Dalarna,Vansbro,filipstad,G106-13,0.321,0.98,0.22,0,7.54,81.625,2.6,2.7,0.165527,2,3.7484e-4,0.2324215,0.299316,4,4,0,38,14,0,0,5,1,0,235305,0.8655603173524482,271852.8048048048,2013,2013,0,0,1
815,M-13-10/G44-12,F,S,Aamäck 3,Aamäkk_1314,2013,2014,illegal,1,1,NA,list(),Dalarna,Vansbro,filipstad,G44-12,0.321,0.98,0.22,0,7.54,81.625,2.6,2.7,0.299316,2,3.7484e-4,0.2324215,0.299316,4,4,0,38,14,0,0,5,1,0,235305,0.8655603173524482,271852.8048048048,2013,2013,0,0,1
900,G4-12,F,S,Närsen 1,Närsen_1314,2013,2014,illegal,NA,0,NA,list(),Dalarna,Vansbro,vansbro,G4-12,0.321,1.19,0.2,0,11.6,82.296875,2.6,2.2,0.302246,3,6.0151e-4,0.28479,0.302246,4,4,0,38,14,0,0,5,1,0,235305,0.8655603173524482,271852.8048048048,2012,2013,1,1,2
901,G58-13,M,S,Närsen 1,Närsen_1314,2013,2014,NA,NA,0,NA,list(),Dalarna,Vansbro,vansbro,G58-13,0.321,1.19,0.2,0,11.6,82.296875,2.6,2.2,0.267334,3,6.0151e-4,0.28479,0.302246,4,4,0,38,14,0,0,5,1,0,235305,0.8655603173524482,271852.8048048048,2012,2013,1,1,2
1034,G4-12,F,S,Närsen 1,Närsen_1213,2012,2013,NA,NA,0,NA,list(),Dalarna,Vansbro,vansbro,G4-12,0.338,1.13,0.23,4.4e-4,10.35,73.7023809523809,2.5,1.9,0.302246,3,1.2875e-4,0.28479,0.302246,4,4,0,38,14,4,1,5,1,0,230724,0.8701971826557566,265139.9069069069,2012,2013,0,0,1
1035,G58-13,M,S,Närsen 1,Närsen_1213,2012,2013,NA,NA,0,NA,list(),Dalarna,Vansbro,vansbro,G58-13,0.338,1.13,0.23,4.4e-4,10.35,73.7023809523809,2.5,1.9,0.267334,3,1.2875e-4,0.28479,0.302246,4,4,0,38,14,4,1,5,1,0,230724,0.8701971826557566,265139.9069069069,2012,2013,0,0,1
1380,G4-05,F,S,Lövsjön 2,Lövsjön_0910,2009,2010,censored,NA,0,NA,"c(13.9831061838137, 60.4471370051859)",Dalarna,Vansbro,vansbro,G4-05,0.299,1.2,0.23,0,11.533,81.9142628205128,NA,2.3,0.256836,2,2.8689e-4,0.27685550000000003,0.296875,1,1,1,33,19,9,1,5,5,1,222797,0.8606354418155481,258875,2007,2009,2,2,3
1381,M-05-05,M,S,Lövsjön 2,Lövsjön_0910,2009,2010,legal,NA,1,NA,"c(13.9831061838137, 60.4471370051859)",Dalarna,Vansbro,vansbro,M-05-05,0.299,1.2,0.23,0,11.533,81.9142628205128,NA,2.3,0.296875,2,2.8689e-4,0.27685550000000003,0.296875,1,1,1,33,19,9,1,5,5,1,222797,0.8606354418155481,258875,2007,2009,2,2,3
1548,G4-05,F,S,Lövsjön 2,Lövsjön_0708,2007,2008,NA,NA,0,NA,"c(14.1860402391979, 14.1602251547364, 13.9640457927929, 14.1032626506619, 60.3876383950289, 60.4606632747126, 60.4336332329944, 60.4493997831342)",Dalarna,Vansbro,vansbro,G4-05,0.336,1.15,0.22,4.1e-4,11.533,74.3529411764706,NA,2.6,0.256836,2,1.2804e-4,0.27685550000000003,0.296875,0,0,0,24,10,10,3,4,4,4,219947,0.8752672891349331,251291.23723723725,2007,2009,0,0,1
1549,M-05-05,M,S,Lövsjön 2,Lövsjön_0708,2007,2008,NA,NA,1,NA,"c(14.1860402391979, 14.1602251547364, 13.9640457927929, 14.1032626506619, 60.3876383950289, 60.4606632747126, 60.4336332329944, 60.4493997831342)",Dalarna,Vansbro,vansbro,M-05-05,0.336,1.15,0.22,4.1e-4,11.533,74.3529411764706,NA,2.6,0.296875,2,1.2804e-4,0.27685550000000003,0.296875,0,0,0,24,10,10,3,4,4,4,219947,0.8752672891349331,251291.23723723725,2007,2009,0,0,1
1578,D-07-27,M,S,Äppelbo 0,Äppelbo_0708,2007,2008,illegal,NA,0,NA,"c(14.1860402391979, 14.1602251547364, 13.9640457927929, 14.1032626506619, 60.3876383950289, 60.4606632747126, 60.4336332329944, 60.4493997831342)",Dalarna,Vansbro,vansbro,D-07-27,0.252,0.95,0.27,3.8e-4,4.7,76.34375,NA,2.6,0.324219,3,2.1348e-4,0.27563499999999996,0.324219,0,0,0,24,10,10,3,4,4,4,219947,0.8752672891349331,251291.23723723725,2007,2007,0,0,1
1579,G32-07,F,S,Äppelbo 0,Äppelbo_0708,2007,2008,NA,NA,0,NA,"c(14.1860402391979, 14.1602251547364, 13.9640457927929, 14.1032626506619, 60.3876383950289, 60.4606632747126, 60.4336332329944, 60.4493997831342)",Dalarna,Vansbro,vansbro,G32-07,0.252,0.95,0.27,3.8e-4,4.7,76.34375,NA,2.6,0.227051,3,2.1348e-4,0.27563499999999996,0.324219,0,0,0,24,10,10,3,4,4,4,219947,0.8752672891349331,251291.23723723725,2007,2007,0,0,1
1614,G3-05,M,S,Lövsjön 1,Lövsjön_0607,2006,2007,illegal,NA,0,NA,list(),Dalarna,Vansbro,ludvika,G3-05,0.338,1.12,0.22,4.4e-4,10.425,82.9354838709677,NA,2.8,0.256836,1,5.86e-5,0.256836,0.256836,0,0,0,14,0,0,0,0,0,0,221534,0.8986407506613256,246521.2042042042,2004,2006,2,2,3
1615,G4-05,F,S,Lövsjön 1,Lövsjön_0607,2006,2007,NA,NA,0,NA,list(),Dalarna,Vansbro,ludvika,G4-05,0.338,1.12,0.22,4.4e-4,10.425,82.9354838709677,NA,2.8,0.256836,1,5.86e-5,0.256836,0.256836,0,0,0,14,0,0,0,0,0,0,221534,0.8986407506613256,246521.2042042042,2004,2006,2,2,3
1673,G3-05,M,S,Lövsjön 1,Lövsjön_0506,2005,2006,NA,NA,0,NA,list(),Dalarna,Vansbro,vansbro,G3-05,0.29,1.25,0.23,2.6e-4,11.6,79.2070707070707,NA,3.1,0.256836,0,1.1401e-4,0.256836,0.256836,0,0,0,14,14,0,0,0,0,0,220471,0.9060223284995174,243339.47747747749,2004,2006,1,1,2
1674,G4-05,F,S,Lövsjön 1,Lövsjön_0506,2005,2006,NA,NA,0,NA,list(),Dalarna,Vansbro,vansbro,G4-05,0.29,1.25,0.23,2.6e-4,11.6,79.2070707070707,NA,3.1,0.256836,0,1.1401e-4,0.256836,0.256836,0,0,0,14,14,0,0,0,0,0,220471,0.9060223284995174,243339.47747747749,2004,2006,1,1,2
1728,G3-05,M,S,Lövsjön 1,Lövsjön_0405,2004,2005,NA,NA,0,NA,list(),Dalarna,Vansbro,vansbro,G3-05,0.337,1.13,0.2,4.4e-4,11.633,79.2916666666667,NA,3.5,0.256836,0,1.3073e-4,0.256836,0.256836,0,0,0,14,14,0,0,0,0,0,216901,0.9102121400225922,238297.1951951952,2004,2006,0,0,1
1729,G4-05,F,S,Lövsjön 1,Lövsjön_0405,2004,2005,NA,NA,0,NA,list(),Dalarna,Vansbro,vansbro,G4-05,0.337,1.13,0.2,4.4e-4,11.633,79.2916666666667,NA,3.5,0.256836,0,1.3073e-4,0.256836,0.256836,0,0,0,14,14,0,0,0,0,0,216901,0.9102121400225922,238297.1951951952,2004,2006,0,0,1
111,G315-17,M,S,Tönsen,Tönsen_1920,2019,2020,NA,NA,0,NA,list(),Gävleborg,Bollnäs,NA,G315-17,0.213,1.26,0.23,2.7e-4,18.4,86.7083333333333,2.4,2.6,0.169002,3,0.00283866,0.147001,0.169002,10,6,0,68,11,11,2,13,4,0,271552,0.8936082093734807,303882.6156156156,2019,2019,0,0,1
112,G51-16,F,S,Tönsen,Tönsen_1920,2019,2020,NA,NA,0,NA,list(),Gävleborg,Bollnäs,NA,G51-16,0.213,1.26,0.23,2.7e-4,18.4,86.7083333333333,2.4,2.6,0.125,3,0.00283866,0.147001,0.169002,10,6,0,68,11,11,2,13,4,0,271552,0.8936082093734807,303882.6156156156,2019,2019,0,0,1
139,G113-12,F,S,Björnås 4,Björnås_1819,2018,2019,NA,NA,0,NA,list(),Gävleborg,Bollnäs,bollnäs,G113-12,0.198,1.12,0.18,0,13.875,83.1515151515152,2.6,2.9,0,1,0.00365482,0.069504,0.139008,10,6,0,57,0,0,0,13,5,0,270087,0.8967417481940103,301187.04804804805,2017,2019,1,1,2
140,G22-14,M,S,Björnås 4,Björnås_1819,2018,2019,NA,NA,0,NA,list(),Gävleborg,Bollnäs,bollnäs,G22-14,0.198,1.12,0.18,0,13.875,83.1515151515152,2.6,2.9,0.139008,1,0.00365482,0.069504,0.139008,10,6,0,57,0,0,0,13,5,0,270087,0.8967417481940103,301187.04804804805,2017,2019,1,1,2
263,G113-12,F,S,Björnås 4,Björnås_1718,2017,2018,NA,NA,0,NA,"c(16.3210809454011, 61.1855333035311)",Gävleborg,Bollnäs,bollnäs,G113-12,0.204,1.16,0.17,0,13.775,81.8823529411765,2.4,2.8,0,1,0.00224688,0.069504,0.139008,10,6,6,57,0,0,0,13,5,1,268696,0.90275966038125,297638.46546546544,2017,2019,0,0,1
264,G22-14,M,S,Björnås 4,Björnås_1718,2017,2018,NA,NA,0,NA,"c(16.3210809454011, 61.1855333035311)",Gävleborg,Bollnäs,bollnäs,G22-14,0.204,1.16,0.17,0,13.775,81.8823529411765,2.4,2.8,0.139008,1,0.00224688,0.069504,0.139008,10,6,6,57,0,0,0,13,5,1,268696,0.90275966038125,297638.46546546544,2017,2019,0,0,1
410,G116-14,M,S,Blyberget,Blyberget_1617,2016,2017,legal,NA,0,NA,"c(16.3020580147308, 16.2435363099793, 61.1568149812794, 61.1369413495903)",Gävleborg,Bollnäs,bollnäs,G116-14,0.199,1.2,0.3,0.00121,10.5,78.4787878787879,2.6,2.9,0.296997,2,0.00221429,0.35565199999999997,0.414307,4,0,0,57,1,0,0,12,4,2,263498,0.8990011923660458,293100.83483483485,2015,2016,1,1,2
411,G62-15,F,S,Blyberget,Blyberget_1617,2016,2017,legal,NA,0,NA,"c(16.3020580147308, 16.2435363099793, 61.1568149812794, 61.1369413495903)",Gävleborg,Bollnäs,bollnäs,G62-15,0.199,1.2,0.3,0.00121,10.5,78.4787878787879,2.6,2.9,0.414307,2,0.00221429,0.35565199999999997,0.414307,4,0,0,57,1,0,0,12,4,2,263498,0.8990011923660458,293100.83483483485,2015,2016,1,1,2
551,G116-14,M,S,Blyberget,Blyberget_1516,2015,2016,NA,NA,0,NA,"c(16.2920153032734, 61.1595974999201)",Gävleborg,Bollnäs,bollnäs,G116-14,0.201,1.18,0.24,0,10.4,77.9791666666667,2.6,3.1,0.296997,3,0.00327461,0.35565199999999997,0.414307,4,0,0,57,57,0,0,10,3,1,256914,0.897248304048258,286335.45345345343,2015,2016,0,0,1
552,G62-15,F,S,Blyberget,Blyberget_1516,2015,2016,NA,NA,0,NA,"c(16.2920153032734, 61.1595974999201)",Gävleborg,Bollnäs,bollnäs,G62-15,0.201,1.18,0.24,0,10.4,77.9791666666667,2.6,3.1,0.414307,3,0.00327461,0.35565199999999997,0.414307,4,0,0,57,57,0,0,10,3,1,256914,0.897248304048258,286335.45345345343,2015,2016,0,0,1
615,G22-14,M,S,Lingbo,Lingbo_1516,2015,2016,censored,NA,0,NA,"c(16.2920153032734, 61.1595974999201)",Gävleborg,Bollnäs,bollnäs,G22-14,0.197,1.32,0.24,0.00112,14.833,78.0757575757576,2.6,3.1,0.139008,4,0.00260872,0.2766575,0.414307,4,0,0,57,57,0,0,10,3,1,256914,0.897248304048258,286335.45345345343,2013,2015,2,2,3
616,G31-14,F,S,Lingbo,Lingbo_1516,2015,2016,illegal,NA,0,NA,"c(16.2920153032734, 61.1595974999201)",Gävleborg,Bollnäs,bollnäs,G31-14,0.197,1.32,0.24,0.00112,14.833,78.0757575757576,2.6,3.1,0.414307,4,0.00260872,0.2766575,0.414307,4,0,0,57,57,0,0,10,3,1,256914,0.897248304048258,286335.45345345343,2013,2015,2,2,3
884,G22-14,M,S,Lingbo,Lingbo_1314,2013,2014,NA,NA,0,NA,list(),Gävleborg,Bollnäs,söderhamn,G22-14,0.192,1.33,0.25,7e-4,14.6,79.2689852150538,2.9,3,0.139008,2,0.00185584,0.2766575,0.414307,4,2,0,57,57,0,0,8,1,0,249868,0.919129748098092,271852.8048048048,2013,2015,0,0,1
885,G31-14,F,S,Lingbo,Lingbo_1314,2013,2014,NA,NA,0,NA,list(),Gävleborg,Bollnäs,söderhamn,G31-14,0.192,1.33,0.25,7e-4,14.6,79.2689852150538,2.9,3,0.414307,2,0.00185584,0.2766575,0.414307,4,2,0,57,57,0,0,8,1,0,249868,0.919129748098092,271852.8048048048,2013,2015,0,0,1
914,G51-10,M,S,Sjösveden  1,Sjösveden_1314,2013,2014,illegal,NA,0,NA,list(),Gävleborg,Bollnäs,bollnäs,G51-10,0.213,1.17,0.21,0,15.54,80.7676767676768,2.9,3,0.226807,3,0.00246942,0.226807,0.226807,4,2,0,57,57,0,0,8,1,0,249868,0.919129748098092,271852.8048048048,2010,2013,3,3,4
915,M-09-15,F,S,Sjösveden  1,Sjösveden_1314,2013,2014,NA,NA,1,NA,list(),Gävleborg,Bollnäs,bollnäs,M-09-15,0.213,1.17,0.21,0,15.54,80.7676767676768,2.9,3,0.226807,3,0.00246942,0.226807,0.226807,4,2,0,57,57,0,0,8,1,0,249868,0.919129748098092,271852.8048048048,2010,2013,3,3,4
1050,G51-10,M,S,Sjösveden  1,Sjösveden_1213,2012,2013,NA,NA,0,NA,list(),Gävleborg,Bollnäs,bollnäs,G51-10,0.205,1.15,0.18,0,13.35,77.828125,2.8,3,0.226807,1,0.00201729,0.226807,0.226807,4,2,0,57,57,1,1,8,2,0,244904,0.9236783811875896,265139.9069069069,2010,2013,2,2,3
1051,M-09-15,F,S,Sjösveden  1,Sjösveden_1213,2012,2013,NA,NA,1,NA,list(),Gävleborg,Bollnäs,bollnäs,M-09-15,0.205,1.15,0.18,0,13.35,77.828125,2.8,3,0.226807,1,0.00201729,0.226807,0.226807,4,2,0,57,57,1,1,8,2,0,244904,0.9236783811875896,265139.9069069069,2010,2013,2,2,3
1165,G51-10,M,S,Sjösveden  1,Sjösveden_1112,2011,2012,NA,NA,0,NA,"c(16.3754861947947, 61.0694749750332)",Gävleborg,Bollnäs,bollnäs,G51-10,0.204,1.12,0.18,0,13.375,83.1029411764706,NA,2.7,0.226807,3,0.00255597,0.226807,0.226807,4,2,0,56,56,56,3,8,4,1,238825,0.9250075419040775,258187.08408408408,2010,2013,1,1,2
1166,M-09-15,F,S,Sjösveden  1,Sjösveden_1112,2011,2012,NA,NA,1,NA,"c(16.3754861947947, 61.0694749750332)",Gävleborg,Bollnäs,bollnäs,M-09-15,0.204,1.12,0.18,0,13.375,83.1029411764706,NA,2.7,0.226807,3,0.00255597,0.226807,0.226807,4,2,0,56,56,56,3,8,4,1,238825,0.9250075419040775,258187.08408408408,2010,2013,1,1,2
1286,G51-10,M,S,Sjösveden  1,Sjösveden_1011,2010,2011,NA,NA,0,NA,list(),Gävleborg,Bollnäs,bollnäs,G51-10,0.208,1.13,0.19,0,13.325,93.3802083333333,NA,3,0.226807,0,0.00262769,0.226807,0.226807,4,4,2,0,0,0,0,7,3,0,239000,0.9285416677166969,257392.86486486485,2010,2013,0,0,1
1287,M-09-15,F,S,Sjösveden  1,Sjösveden_1011,2010,2011,NA,NA,1,NA,list(),Gävleborg,Bollnäs,bollnäs,M-09-15,0.208,1.13,0.19,0,13.325,93.3802083333333,NA,3,0.226807,0,0.00262769,0.226807,0.226807,4,4,2,0,0,0,0,7,3,0,239000,0.9285416677166969,257392.86486486485,2010,2013,0,0,1
1384,D-10-22,F,S,Ockelbo 3,Ockelbo_0910,2009,2010,legal,NA,0,NA,list(),Gävleborg,Bollnäs,bollnäs,D-10-22,0.212,1.3,0.23,2.7e-4,14.733,80.828125,NA,2.7,0.219727,1,0.00169919,0.219727,0.219727,2,2,0,0,0,0,0,7,5,0,242732,0.93764171897634,258875,2009,2009,0,0,1
1385,G6-05,M,S,Ockelbo3,Ockelbo_0910,2009,2010,NA,NA,0,NA,list(),Gävleborg,Bollnäs,bollnäs,G6-05,0.212,1.3,0.23,2.7e-4,14.733,80.828125,NA,2.7,0.398438,1,0.00169919,0.398438,0.398438,2,2,0,0,0,0,0,7,5,0,242732,0.93764171897634,258875,2009,2009,0,0,1
1474,D-10-22,F,S,Ockelbo 2,Ockelbo_0809,2008,2009,NA,NA,0,NA,"c(16.105847886413, 61.0764802028578)",Gävleborg,Bollnäs,bollnäs,D-10-22,0.212,1.28,0.23,2.7e-4,14.8,84.171875,NA,2.5,0.219727,1,0.00182835,0.227051,0.234375,2,2,0,0,0,0,0,7,6,1,238813,0.9392620258370044,254255.993993994,2007,2008,1,1,2
1475,M-09-10,M,S,Ockelbo 2,Ockelbo_0809,2008,2009,other,NA,1,tumour,"c(16.105847886413, 61.0764802028578)",Gävleborg,Bollnäs,bollnäs,M-09-10,0.212,1.28,0.23,2.7e-4,14.8,84.171875,NA,2.5,0.234375,1,0.00182835,0.227051,0.234375,2,2,0,0,0,0,0,7,6,1,238813,0.9392620258370044,254255.993993994,2007,2008,1,1,2
1554,D-10-22,F,S,Ockelbo 2,Ockelbo_0708,2007,2008,NA,NA,0,NA,"c(16.1076020790756, 16.2787392862995, 61.521376902629, 61.5307629135149)",Gävleborg,Bollnäs,bollnäs,D-10-22,0.204,1.32,0.22,4.3e-4,14.833,72.9166666666667,NA,2.4,0.219727,1,8.4371e-4,0.227051,0.234375,2,2,0,0,0,0,0,6,6,2,235788,0.938305698966331,251291.23723723725,2007,2008,0,0,1
1555,M-09-10,M,S,Ockelbo 2,Ockelbo_0708,2007,2008,NA,NA,1,NA,"c(16.1076020790756, 16.2787392862995, 61.521376902629, 61.5307629135149)",Gävleborg,Bollnäs,bollnäs,M-09-10,0.204,1.32,0.22,4.3e-4,14.833,72.9166666666667,NA,2.4,0.234375,1,8.4371e-4,0.227051,0.234375,2,2,0,0,0,0,0,6,6,2,235788,0.938305698966331,251291.23723723725,2007,2008,0,0,1
1620,G3-03,F,S,Ockelbo 1,Ockelbo_0607,2006,2007,other,NA,0,old age,list(),Gävleborg,Bollnäs,bollnäs,G3-03,0.211,1.3,0.23,2.7e-4,14.9,82.2311827956989,NA,2.6,0,0,6.0298e-4,0.1171875,0.234375,2,2,2,0,0,0,0,4,4,0,232861,0.9445881166762075,246521.2042042042,2000,2006,6,6,7
1621,M-09-10,M,S,Ockelbo 1,Ockelbo_0607,2006,2007,NA,NA,1,NA,list(),Gävleborg,Bollnäs,bollnäs,M-09-10,0.211,1.3,0.23,2.7e-4,14.9,82.2311827956989,NA,2.6,0.234375,0,6.0298e-4,0.1171875,0.234375,2,2,2,0,0,0,0,4,4,0,232861,0.9445881166762075,246521.2042042042,2000,2006,6,6,7
1679,G3-03,F,S,Ockelbo 1,Ockelbo_0506,2005,2006,NA,NA,0,NA,"c(16.2002885956164, 16.3238244679139, 61.2725652000702, 61.1895881660784)",Gävleborg,Bollnäs,bollnäs,G3-03,0.205,1.31,0.22,4.3e-4,15,84.4166666666667,NA,2.7,0,1,6.7716e-4,0.1171875,0.234375,0,0,0,0,0,0,0,4,4,2,229848,0.9445569719416933,243339.47747747749,2000,2006,5,5,6
1680,M-09-10,M,S,Ockelbo 1,Ockelbo_0506,2005,2006,NA,NA,1,NA,"c(16.2002885956164, 16.3238244679139, 61.2725652000702, 61.1895881660784)",Gävleborg,Bollnäs,bollnäs,M-09-10,0.205,1.31,0.22,4.3e-4,15,84.4166666666667,NA,2.7,0.234375,1,6.7716e-4,0.1171875,0.234375,0,0,0,0,0,0,0,4,4,2,229848,0.9445569719416933,243339.47747747749,2000,2006,5,5,6
1685,D-06-12,M,S,Svartbo,Svartbo_0506,2005,2006,legal,NA,0,NA,"c(16.2002885956164, 16.3238244679139, 61.2725652000702, 61.1895881660784)",Gävleborg,Bollnäs,bollnäs,D-06-12,0.197,1.21,0.31,0.00166,10.35,81.3802083333333,NA,2.7,0.219727,2,0.00109934,0.2036135,0.219727,0,0,0,0,0,0,0,4,4,2,229848,0.9445569719416933,243339.47747747749,2004,2005,1,1,2
1686,D-06-13,F,S,Svartbo,Svartbo_0506,2005,2006,legal,NA,0,NA,"c(16.2002885956164, 16.3238244679139, 61.2725652000702, 61.1895881660784)",Gävleborg,Bollnäs,bollnäs,D-06-13,0.197,1.21,0.31,0.00166,10.35,81.3802083333333,NA,2.7,0.1875,2,0.00109934,0.2036135,0.219727,0,0,0,0,0,0,0,4,4,2,229848,0.9445569719416933,243339.47747747749,2004,2005,1,1,2
1734,G3-03,F,S,Ockelbo 1,Ockelbo_0405,2004,2005,NA,NA,0,NA,"c(16.2514297286908, 61.1979221197489)",Gävleborg,Bollnäs,ockelbo,G3-03,0.204,1.28,0.2,3.3e-4,18,80.1822916666667,NA,2.9,0,1,6.0776e-4,0.1171875,0.234375,0,0,0,0,0,0,0,2,2,1,226706,0.9513582390858585,238297.1951951952,2000,2006,4,4,5
1735,M-09-10,M,S,Ockelbo 1,Ockelbo_0405,2004,2005,NA,NA,1,NA,"c(16.2514297286908, 61.1979221197489)",Gävleborg,Bollnäs,ockelbo,M-09-10,0.204,1.28,0.2,3.3e-4,18,80.1822916666667,NA,2.9,0.234375,1,6.0776e-4,0.1171875,0.234375,0,0,0,0,0,0,0,2,2,1,226706,0.9513582390858585,238297.1951951952,2000,2006,4,4,5
1740,D-06-12,M,S,Svartbo,Svartbo_0405,2004,2005,NA,NA,0,NA,"c(16.2514297286908, 61.1979221197489)",Gävleborg,Bollnäs,bollnäs,D-06-12,0.206,1.2,0.27,7.4e-4,8.833,79.9791666666667,NA,2.9,0.219727,2,8.4143e-4,0.2036135,0.219727,0,0,0,0,0,0,0,2,2,1,226706,0.9513582390858585,238297.1951951952,2004,2005,0,0,1
1741,D-06-13,F,S,Svartbo,Svartbo_0405,2004,2005,NA,NA,0,NA,"c(16.2514297286908, 61.1979221197489)",Gävleborg,Bollnäs,bollnäs,D-06-13,0.206,1.2,0.27,7.4e-4,8.833,79.9791666666667,NA,2.9,0.1875,2,8.4143e-4,0.2036135,0.219727,0,0,0,0,0,0,0,2,2,1,226706,0.9513582390858585,238297.1951951952,2004,2005,0,0,1
1780,G3-03,F,S,Ockelbo 1,Ockelbo_0304,2003,2004,NA,NA,0,NA,"c(16.2514118681629, 61.4599621195133)",Gävleborg,Bollnäs,bollnäs,G3-03,0.212,1.22,0.18,0,18.025,80.9272727272727,NA,3.3,0,0,6.7891e-4,0.1171875,0.234375,0,0,0,0,0,0,0,1,1,1,222547,0.9537738882497633,233333.0810810811,2000,2006,3,3,4
1781,M-09-10,M,S,Ockelbo 1,Ockelbo_0304,2003,2004,NA,NA,1,NA,"c(16.2514118681629, 61.4599621195133)",Gävleborg,Bollnäs,bollnäs,M-09-10,0.212,1.22,0.18,0,18.025,80.9272727272727,NA,3.3,0.234375,0,6.7891e-4,0.1171875,0.234375,0,0,0,0,0,0,0,1,1,1,222547,0.9537738882497633,233333.0810810811,2000,2006,3,3,4
1843,G3-03,F,S,Ockelbo 1,Ockelbo_0102,2001,2002,NA,NA,0,NA,list(),Gävleborg,Bollnäs,bollnäs,G3-03,0.212,1.22,0.19,0,18.15,82.093137254902,NA,3.6,0,0,4.0248e-4,0.1171875,0.234375,0,0,0,0,0,0,0,0,0,0,211863,0.9457912490600042,224006.0903614458,2000,2006,1,1,2
1844,M-09-10,M,S,Ockelbo 1,Ockelbo_0102,2001,2002,NA,NA,1,NA,list(),Gävleborg,Bollnäs,bollnäs,M-09-10,0.212,1.22,0.19,0,18.15,82.093137254902,NA,3.6,0.234375,0,4.0248e-4,0.1171875,0.234375,0,0,0,0,0,0,0,0,0,0,211863,0.9457912490600042,224006.0903614458,2000,2006,1,1,2
293,G12-16,M,S,Glamsen 2,Glamsen_1718,2017,2018,NA,NA,0,NA,"c(16.9902851187523, 16.9745583421278, 60.8586673359557, 60.866918669743)",Gävleborg,Gävle,gävle,G12-16,0.037,1.4,0.33,0.03002,39.833,57.0286596119929,2.7,2.9,0.231424,0,5.7711e-4,0.1851395,0.231424,0,0,0,0,0,0,0,4,3,2,298488,1.002854249813464,297638.46546546544,2017,2018,0,0,1
294,G66-12,F,S,Glamsen 2,Glamsen_1718,2017,2018,NA,NA,0,NA,"c(16.9902851187523, 16.9745583421278, 60.8586673359557, 60.866918669743)",Gävleborg,Gävle,gävle,G66-12,0.037,1.4,0.33,0.03002,39.833,57.0286596119929,2.7,2.9,0.138855,0,5.7711e-4,0.1851395,0.231424,0,0,0,0,0,0,0,4,3,2,298488,1.002854249813464,297638.46546546544,2017,2018,0,0,1
359,G104-15,M,S,Ryssjön,Ryssjön_1718,2017,2018,NA,NA,0,NA,"c(16.9902851187523, 16.9745583421278, 60.8586673359557, 60.866918669743)",Gävleborg,Gävle,gävle,G104-15,0.082,1.31,0.22,0.00156,31.45,67.0642968142968,2.5,2.9,0.067337,0,0.00132854,0.14112449999999999,0.214912,0,0,0,0,0,0,0,4,3,2,298488,1.002854249813464,297638.46546546544,2016,2019,1,1,2
360,G88-16,F,S,Ryssjön,Ryssjön_1718,2017,2018,NA,NA,0,NA,"c(16.9902851187523, 16.9745583421278, 60.8586673359557, 60.866918669743)",Gävleborg,Gävle,gävle,G88-16,0.082,1.31,0.22,0.00156,31.45,67.0642968142968,2.5,2.9,0.214912,0,0.00132854,0.14112449999999999,0.214912,0,0,0,0,0,0,0,4,3,2,298488,1.002854249813464,297638.46546546544,2016,2019,1,1,2
434,G61-14,M,S,Glamsen 1,Glamsen_1617,2016,2017,illegal,NA,0,NA,list(),Gävleborg,Gävle,älvkarleby,G61-14,0.035,1.3,0.32,0.02939,39.7,70.8642857142857,2.8,2.9,0.222382,0,2.6378e-4,0.18061850000000002,0.222382,0,0,0,0,0,0,0,2,1,0,294343,1.004238013057401,293100.83483483485,2014,2016,2,2,3
435,G66-12,F,S,Glamsen 1,Glamsen_1617,2016,2017,NA,NA,0,NA,list(),Gävleborg,Gävle,älvkarleby,G66-12,0.035,1.3,0.32,0.02939,39.7,70.8642857142857,2.8,2.9,0.138855,0,2.6378e-4,0.18061850000000002,0.222382,0,0,0,0,0,0,0,2,1,0,294343,1.004238013057401,293100.83483483485,2014,2016,2,2,3
506,G104-15,M,S,Ryssjön,Ryssjön_1617,2016,2017,NA,NA,0,NA,list(),Gävleborg,Gävle,ockelbo,G104-15,0.08,1.3,0.21,0.00156,31.3,78.0375,2.5,2.9,0.067337,0,0.00102154,0.14112449999999999,0.214912,0,0,0,0,0,0,0,2,1,0,294343,1.004238013057401,293100.83483483485,2016,2019,0,0,1
507,G88-16,F,S,Ryssjön,Ryssjön_1617,2016,2017,NA,NA,0,NA,list(),Gävleborg,Gävle,ockelbo,G88-16,0.08,1.3,0.21,0.00156,31.3,78.0375,2.5,2.9,0.214912,0,0.00102154,0.14112449999999999,0.214912,0,0,0,0,0,0,0,2,1,0,294343,1.004238013057401,293100.83483483485,2016,2019,0,0,1
567,G61-14,M,S,Glamsen 1,Glamsen_1516,2015,2016,NA,NA,0,NA,"c(17.0558227954647, 60.677788591032)",Gävleborg,Gävle,älvkarleby,G61-14,0.036,1.35,0.32,0.02834,39.267,60.5677083333333,2.6,3,0.222382,0,5.1611e-4,0.18061850000000002,0.222382,0,0,0,0,0,0,0,2,1,1,285533,0.9971975057794096,286335.45345345343,2014,2016,1,1,2
568,G66-12,F,S,Glamsen 1,Glamsen_1516,2015,2016,NA,NA,0,NA,"c(17.0558227954647, 60.677788591032)",Gävleborg,Gävle,älvkarleby,G66-12,0.036,1.35,0.32,0.02834,39.267,60.5677083333333,2.6,3,0.138855,0,5.1611e-4,0.18061850000000002,0.222382,0,0,0,0,0,0,0,2,1,1,285533,0.9971975057794096,286335.45345345343,2014,2016,1,1,2
703,G61-14,M,S,Glamsen 1,Glamsen_1415,2014,2015,NA,NA,0,NA,list(),Gävleborg,Gävle,gävle,G61-14,0.035,1.3,0.3,0.02964,38.867,58.509269558769,2.9,3,0.222382,0,3.8828e-4,0.18061850000000002,0.222382,0,0,0,0,0,0,0,1,1,0,275988,0.9982658954263512,276467.42342342343,2014,2016,0,0,1
704,G66-12,F,S,Glamsen 1,Glamsen_1415,2014,2015,NA,NA,0,NA,list(),Gävleborg,Gävle,gävle,G66-12,0.035,1.3,0.3,0.02964,38.867,58.509269558769,2.9,3,0.138855,0,3.8828e-4,0.18061850000000002,0.222382,0,0,0,0,0,0,0,1,1,0,275988,0.9982658954263512,276467.42342342343,2014,2016,0,0,1
105,G188-17,F,S,Tinäset 2,Tinäset_1920,2019,2020,NA,NA,0,NA,list(),Gävleborg,Hofors,NA,G188-17,0.121,1.41,0.31,0.00258,35.38,79.9375,3.2,2.6,0.400426,2,0.00101325,0.315925,0.400426,0,0,0,5,0,0,0,1,0,0,287280,0.9453650364895619,303882.6156156156,2019,2019,0,0,1
106,G88-17,M,S,Tinäset 2,Tinäset_1920,2019,2020,NA,NA,0,NA,list(),Gävleborg,Hofors,NA,G88-17,0.121,1.41,0.31,0.00258,35.38,79.9375,3.2,2.6,0.231424,2,0.00101325,0.315925,0.400426,0,0,0,5,0,0,0,1,0,0,287280,0.9453650364895619,303882.6156156156,2019,2019,0,0,1
1,G87-17,F,S,Andån,Andån_1920,2019,2020,NA,NA,0,NA,"c(16.0159246717567, 15.5215771720869, 15.5686808329458, 62.1031297042508, 62.0692934021934, 61.7196460726044)",Gävleborg,Ljusdal,NA,G87-17,0.18,1.17,0.2,0,8.2,84.7150537634409,1.9,2.6,0.233883,2,0.00352884,0.15061,0.233883,4,2,0,49,24,1,1,20,6,3,268957,0.8850687277886491,303882.6156156156,2017,2019,2,2,3
2,G176-16,M,S,Andån,Andån_1920,2019,2020,NA,NA,0,NA,"c(16.0159246717567, 15.5215771720869, 15.5686808329458, 62.1031297042508, 62.0692934021934, 61.7196460726044)",Gävleborg,Ljusdal,NA,G176-16,0.18,1.17,0.2,0,8.2,84.7150537634409,1.9,2.6,0.067337,2,0.00352884,0.15061,0.233883,4,2,0,49,24,1,1,20,6,3,268957,0.8850687277886491,303882.6156156156,2017,2019,2,2,3
51,G151-15,M,S,Krokvattnet,Krokvattnet_1920,2019,2020,legal,NA,0,NA,"c(16.0159246717567, 15.5215771720869, 15.5686808329458, 62.1031297042508, 62.0692934021934, 61.7196460726044)",Gävleborg,Ljusdal,NA,G151-15,0.182,0.91,0.22,0,2.25,85.2156862745098,1.9,2.6,0.233883,0,0.00351913,0.2548045,0.275726,4,2,0,49,24,1,1,20,6,3,268957,0.8850687277886491,303882.6156156156,2015,2019,4,4,5
52,G99-16,F,S,Krokvattnet,Krokvattnet_1920,2019,2020,illegal,NA,0,NA,"c(16.0159246717567, 15.5215771720869, 15.5686808329458, 62.1031297042508, 62.0692934021934, 61.7196460726044)",Gävleborg,Ljusdal,NA,G99-16,0.182,0.91,0.22,0,2.25,85.2156862745098,1.9,2.6,0.275726,0,0.00351913,0.2548045,0.275726,4,2,0,49,24,1,1,20,6,3,268957,0.8850687277886491,303882.6156156156,2015,2019,4,4,5
95,G23-16,M,S,Skrottmyran,Skrottmyran_1920,2019,2020,NA,NA,0,NA,"c(16.0159246717567, 15.5215771720869, 15.5686808329458, 62.1031297042508, 62.0692934021934, 61.7196460726044)",Gävleborg,Ljusdal,NA,G23-16,0.181,1.15,0.26,0.00151,3.6,85.765625,2.5,2.6,0.246851,2,0.00292712,0.20805649999999998,0.246851,4,2,0,49,24,1,1,20,6,3,268957,0.8850687277886491,303882.6156156156,2018,2019,1,1,2
96,G14-19,F,S,Skrottmyran,Skrottmyran_1920,2019,2020,NA,NA,0,NA,"c(16.0159246717567, 15.5215771720869, 15.5686808329458, 62.1031297042508, 62.0692934021934, 61.7196460726044)",Gävleborg,Ljusdal,NA,G14-19,0.181,1.15,0.26,0.00151,3.6,85.765625,2.5,2.6,0.169262,2,0.00292712,0.20805649999999998,0.246851,4,2,0,49,24,1,1,20,6,3,268957,0.8850687277886491,303882.6156156156,2018,2019,1,1,2
102,G91-18,M,N,Spekedalen 2,Stagelåsen_1920,2019,2020,legal,NA,0,NA,"c(16.0159246717567, 15.5215771720869, 15.5686808329458, 62.1031297042508, 62.0692934021934, 61.7196460726044)",Gävleborg,Ljusdal,NA,G91-18,0.177,1.04,0.18,0,7.175,85.5757575757576,3.1,2.6,0.305435,2,0.00228415,0.2706885,0.305435,4,2,0,49,24,1,1,20,6,3,268957,0.8850687277886491,303882.6156156156,2019,2019,0,0,1
133,G87-17,F,S,Andån,Andån_1819,2018,2019,NA,NA,0,NA,list(),Gävleborg,Ljusdal,ljusdal,G87-17,0.188,1.18,0.26,3.3e-4,8.233,82.171875,2.6,3,0.233883,2,0.00319843,0.15061,0.233883,4,4,2,48,25,0,0,17,4,0,264917,0.8795763354264095,301187.04804804805,2017,2019,1,1,2
134,G176-16,M,S,Andån,Andån_1819,2018,2019,NA,NA,0,NA,list(),Gävleborg,Ljusdal,ljusdal,G176-16,0.188,1.18,0.26,3.3e-4,8.233,82.171875,2.6,3,0.067337,2,0.00319843,0.15061,0.233883,4,4,2,48,25,0,0,17,4,0,264917,0.8795763354264095,301187.04804804805,2017,2019,1,1,2
181,G151-15,M,S,Krokvattnet,Krokvattnet_1819,2018,2019,NA,NA,0,NA,list(),Gävleborg,Ljusdal,ljusdal,G151-15,0.182,0.94,0.22,0,2.25,82.3802083333333,2.6,2.9,0.233883,1,0.00302483,0.2548045,0.275726,4,4,2,48,25,0,0,17,4,0,264917,0.8795763354264095,301187.04804804805,2015,2019,3,3,4
182,G99-16,F,S,Krokvattnet,Krokvattnet_1819,2018,2019,NA,NA,0,NA,list(),Gävleborg,Ljusdal,ljusdal,G99-16,0.182,0.94,0.22,0,2.25,82.3802083333333,2.6,2.9,0.275726,1,0.00302483,0.2548045,0.275726,4,4,2,48,25,0,0,17,4,0,264917,0.8795763354264095,301187.04804804805,2015,2019,3,3,4
207,G68-13,F,S,Prastkogen 4,Prästskogen_1819,2018,2019,NA,NA,0,NA,list(),Gävleborg,Ljusdal,ljusdal,G68-13,0.189,1.14,0.2,3.3e-4,2.533,82.6979166666667,3,2.9,0.139008,1,0.00242762,0.139008,0.139008,4,4,2,48,25,0,0,17,4,0,264917,0.8795763354264095,301187.04804804805,2016,2019,2,2,3
208,G108-16,M,S,Prästkogen 4,Prästskogen_1819,2018,2019,NA,NA,0,NA,list(),Gävleborg,Ljusdal,ljusdal,G108-16,0.189,1.14,0.2,3.3e-4,2.533,82.6979166666667,3,2.9,0.157578,1,0.00242762,0.157578,0.157578,4,4,2,48,25,0,0,17,4,0,264917,0.8795763354264095,301187.04804804805,2016,2019,2,2,3
223,G23-16,M,S,Skrottmyran,Skrottmyran_1819,2018,2019,NA,NA,0,NA,list(),Gävleborg,Ljusdal,ljusdal,G23-16,0.18,1.16,0.27,0.00211,3.6,81.8321572580645,3,3,0.246851,3,0.0026705,0.20805649999999998,0.246851,4,4,2,48,25,0,0,17,4,0,264917,0.8795763354264095,301187.04804804805,2018,2019,0,0,1
224,G14-19,F,S,Skrottmyran,Skrottmyran_1819,2018,2019,NA,NA,0,NA,list(),Gävleborg,Ljusdal,ljusdal,G14-19,0.18,1.16,0.27,0.00211,3.6,81.8321572580645,3,3,0.169262,3,0.0026705,0.20805649999999998,0.246851,4,4,2,48,25,0,0,17,4,0,264917,0.8795763354264095,301187.04804804805,2018,2019,0,0,1
259,G87-17,F,S,Andån,Andån_1718,2017,2018,NA,NA,0,NA,list(),Gävleborg,Ljusdal,ljusdal,G87-17,0.187,1.18,0.25,3.3e-4,8.2,83.859375,2.7,2.9,0.233883,2,0.00207999,0.15061,0.233883,2,2,0,48,29,0,0,17,8,0,262062,0.880470874589987,297638.46546546544,2017,2019,0,0,1
260,G176-16,M,S,Andån,Andån_1718,2017,2018,NA,NA,0,NA,list(),Gävleborg,Ljusdal,ljusdal,G176-16,0.187,1.18,0.25,3.3e-4,8.2,83.859375,2.7,2.9,0.067337,2,0.00207999,0.15061,0.233883,2,2,0,48,29,0,0,17,8,0,262062,0.880470874589987,297638.46546546544,2017,2019,0,0,1
321,G151-15,M,S,Krokvattnet,Krokvattnet_1718,2017,2018,NA,NA,0,NA,list(),Gävleborg,Ljusdal,ljusdal,G151-15,0.174,0.96,0.22,0,2.25,79.03125,2.7,2.8,0.233883,2,0.00220428,0.2548045,0.275726,2,2,0,48,29,0,0,17,8,0,262062,0.880470874589987,297638.46546546544,2015,2019,2,2,3
322,G99-16,F,S,Krokvattnet,Krokvattnet_1718,2017,2018,NA,NA,0,NA,list(),Gävleborg,Ljusdal,ljusdal,G99-16,0.174,0.96,0.22,0,2.25,79.03125,2.7,2.8,0.275726,2,0.00220428,0.2548045,0.275726,2,2,0,48,29,0,0,17,8,0,262062,0.880470874589987,297638.46546546544,2015,2019,2,2,3
333,G124-16,M,S,Loberget,Loberget_1718,2017,2018,NA,NA,0,NA,list(),Gävleborg,Ljusdal,ljusdal,G124-16,0.182,1.12,0.17,0,5.133,81.6764705882353,2.5,2.9,0.206153,2,0.00237842,0.24435400000000002,0.282555,2,2,0,48,29,0,0,17,8,0,262062,0.880470874589987,297638.46546546544,2017,2019,0,0,1
334,G37-16,F,S,Loberget,Loberget_1718,2017,2018,NA,NA,0,NA,list(),Gävleborg,Ljusdal,ljusdal,G37-16,0.182,1.12,0.17,0,5.133,81.6764705882353,2.5,2.9,0.282555,2,0.00237842,0.24435400000000002,0.282555,2,2,0,48,29,0,0,17,8,0,262062,0.880470874589987,297638.46546546544,2017,2019,0,0,1
347,G144-16,M,S,Nyskogen 2,Nyskogen_1718,2017,2018,legal,NA,0,NA,list(),Gävleborg,Ljusdal,ljusdal,G144-16,0.183,1.15,0.26,0.00154,3.6,82.6614583333333,2.7,2.9,0.214912,3,0.00201897,0.2105325,0.214912,2,2,0,48,29,0,0,17,8,0,262062,0.880470874589987,297638.46546546544,2017,2017,0,0,1
348,G255-17,F,S,Nyskogen 2,Nyskogen_1718,2017,2018,legal,NA,0,NA,list(),Gävleborg,Ljusdal,ljusdal,G255-17,0.183,1.15,0.26,0.00154,3.6,82.6614583333333,2.7,2.9,0.206153,3,0.00201897,0.2105325,0.214912,2,2,0,48,29,0,0,17,8,0,262062,0.880470874589987,297638.46546546544,2017,2017,0,0,1
351,G68-13,F,S,Prastkogen 4,Prästskogen_1718,2017,2018,NA,NA,0,NA,list(),Gävleborg,Ljusdal,ljusdal,G68-13,0.186,1.14,0.19,2.3e-4,2.25,81.2895833333333,2.8,2.8,0.139008,1,0.00201483,0.139008,0.139008,2,2,0,48,29,0,0,17,8,0,262062,0.880470874589987,297638.46546546544,2016,2019,1,1,2
352,G108-16,M,S,Prästkogen 4,Prästskogen_1718,2017,2018,NA,NA,0,NA,list(),Gävleborg,Ljusdal,ljusdal,G108-16,0.186,1.14,0.19,2.3e-4,2.25,81.2895833333333,2.8,2.8,0.157578,1,0.00201483,0.157578,0.157578,2,2,0,48,29,0,0,17,8,0,262062,0.880470874589987,297638.46546546544,2016,2019,1,1,2
468,G151-15,M,S,Krokvattnet,Krokvattnet_1617,2016,2017,NA,NA,0,NA,"c(15.7306060033051, 61.9162719572963)",Gävleborg,Ljusdal,ljusdal,G151-15,0.181,0.95,0.22,0,2.25,79.9615384615385,2.6,2.7,0.233883,1,0.00220301,0.2548045,0.275726,2,2,0,48,29,2,2,17,9,1,260325,0.8881755664281736,293100.83483483485,2015,2019,1,1,2
469,G99-16,F,S,Krokvattnet,Krokvattnet_1617,2016,2017,NA,NA,0,NA,"c(15.7306060033051, 61.9162719572963)",Gävleborg,Ljusdal,ljusdal,G99-16,0.181,0.95,0.22,0,2.25,79.9615384615385,2.6,2.7,0.275726,1,0.00220301,0.2548045,0.275726,2,2,0,48,29,2,2,17,9,1,260325,0.8881755664281736,293100.83483483485,2015,2019,1,1,2
490,G144-16,M,S,Nyskogen 1,Nyskogen_1617,2016,2017,NA,NA,0,NA,"c(15.7306060033051, 61.9162719572963)",Gävleborg,Ljusdal,ljusdal,G144-16,0.182,1.16,0.25,0.00151,3.6,79.86,2.6,2.9,0.214912,2,0.00152228,0.17479299999999998,0.214912,2,2,0,48,29,2,2,17,9,1,260325,0.8881755664281736,293100.83483483485,2016,2016,0,0,1
491,G28-17,F,S,Nyskogen 1,Nyskogen_1617,2016,2017,illegal,NA,0,NA,"c(15.7306060033051, 61.9162719572963)",Gävleborg,Ljusdal,ljusdal,G28-17,0.182,1.16,0.25,0.00151,3.6,79.86,2.6,2.9,0.134674,2,0.00152228,0.17479299999999998,0.214912,2,2,0,48,29,2,2,17,9,1,260325,0.8881755664281736,293100.83483483485,2016,2016,0,0,1
498,G68-13,F,S,Prastkogen 4,Prästskogen_1617,2016,2017,NA,NA,0,NA,"c(15.7306060033051, 61.9162719572963)",Gävleborg,Ljusdal,ljusdal,G68-13,0.181,1.1,0.2,3.3e-4,2.533,80.0114919354839,2.4,2.7,0.139008,1,0.00150366,0.139008,0.139008,2,2,0,48,29,2,2,17,9,1,260325,0.8881755664281736,293100.83483483485,2016,2019,0,0,1
499,G108-16,M,S,Prästkogen 4,Prästskogen_1617,2016,2017,NA,NA,0,Female in Prästskogen 1  (G103-10) is found under Överhogdal,"c(15.7306060033051, 61.9162719572963)",Gävleborg,Ljusdal,ljusdal,G108-16,0.181,1.1,0.2,3.3e-4,2.533,80.0114919354839,2.4,2.7,0.157578,1,0.00150366,0.157578,0.157578,2,2,0,48,29,2,2,17,9,1,260325,0.8881755664281736,293100.83483483485,2016,2019,0,0,1
639,G68-13,F,S,Prastkogen 3,Prästskogen_1516,2015,2016,NA,NA,0,NA,"c(15.7025331318959, 15.7921094084626, 62.0342124543156, 61.8945413166133)",Gävleborg,Ljusdal,ljusdal,G68-13,0.186,1.13,0.2,3.3e-4,2.533,81.015625,2.8,2.9,0.139008,0,0.00194502,NA,NA,2,2,0,46,43,21,8,16,9,2,253617,0.8857338375012924,286335.45345345343,2014,2015,1,1,2
640,M-09-03,M,S,Prastkogen 3,Prästskogen_1516,2015,2016,other,NA,1,Old age,"c(15.7025331318959, 15.7921094084626, 62.0342124543156, 61.8945413166133)",Gävleborg,Ljusdal,ljusdal,M-09-03,0.186,1.13,0.2,3.3e-4,2.533,81.015625,2.8,2.9,NA,0,0.00194502,NA,NA,2,2,0,46,43,21,8,16,9,2,253617,0.8857338375012924,286335.45345345343,2014,2015,1,1,2
776,G68-13,F,S,Prastkogen 3,Prästskogen_1415,2014,2015,NA,NA,0,NA,"c(15.3749593036805, 62.2230051366528)",Gävleborg,Ljusdal,ljusdal,G68-13,0.188,1.13,0.24,0,2.25,83.2073732718894,3,2.9,0.139008,0,0.0023172,NA,NA,2,2,2,25,22,2,1,14,7,1,247013,0.8934615042210143,276467.42342342343,2014,2015,0,0,1
777,M-09-03,M,S,Prastkogen 3,Prästskogen_1415,2014,2015,NA,NA,1,NA,"c(15.3749593036805, 62.2230051366528)",Gävleborg,Ljusdal,ljusdal,M-09-03,0.188,1.13,0.24,0,2.25,83.2073732718894,3,2.9,NA,0,0.0023172,NA,NA,2,2,2,25,22,2,1,14,7,1,247013,0.8934615042210143,276467.42342342343,2014,2015,0,0,1
848,G21-12,M,S,Haverö 3,Prästskogen/Haverö_1314,2013,2014,legal,NA,0,NA,"c(15.4219327062664, 15.8221855427094, 15.8206688037503, 15.8228672745893, 62.2482579232837, 61.7620882563666, 61.7582747908556, 61.762088175725)",Gävleborg,Ljusdal,ljusdal,G21-12,0.192,1.12,0.26,0.00112,2.25,81.8904761904762,2.8,3,0.469727,0,0.00247256,0.3043675,0.469727,0,0,0,23,20,4,1,13,7,4,244045,0.8977100684145183,271852.8048048048,2013,2013,0,0,1
849,G68-13,F,S,Haverö 3,Prästskogen/Haverö_1314,2013,2014,NA,NA,0,NA,"c(15.4219327062664, 15.8221855427094, 15.8206688037503, 15.8228672745893, 62.2482579232837, 61.7620882563666, 61.7582747908556, 61.762088175725)",Gävleborg,Ljusdal,ljusdal,G68-13,0.192,1.12,0.26,0.00112,2.25,81.8904761904762,2.8,3,0.139008,0,0.00247256,0.3043675,0.469727,0,0,0,23,20,4,1,13,7,4,244045,0.8977100684145183,271852.8048048048,2013,2013,0,0,1
904,G44-13,F,S,Prästkogen 2,Prästskogen/Haverö_1314,2013,2014,legal,NA,0,NA,"c(15.4219327062664, 15.8221855427094, 15.8206688037503, 15.8228672745893, 62.2482579232837, 61.7620882563666, 61.7582747908556, 61.762088175725)",Gävleborg,Ljusdal,ljusdal,G44-13,0.192,1.12,0.26,0.00112,2.25,81.8904761904762,2.8,3,0.247803,0,0.00247256,NA,NA,0,0,0,23,20,4,1,13,7,4,244045,0.8977100684145183,271852.8048048048,2013,2013,0,0,1
905,M-09-03,M,S,Prästkogen 2,Prästskogen/Haverö_1314,2013,2014,NA,NA,1,NA,"c(15.4219327062664, 15.8221855427094, 15.8206688037503, 15.8228672745893, 62.2482579232837, 61.7620882563666, 61.7582747908556, 61.762088175725)",Gävleborg,Ljusdal,ljusdal,M-09-03,0.192,1.12,0.26,0.00112,2.25,81.8904761904762,2.8,3,NA,0,0.00247256,NA,NA,0,0,0,23,20,4,1,13,7,4,244045,0.8977100684145183,271852.8048048048,2013,2013,0,0,1
1036,G103-10,F,S,Prästskogen 1,Prästskogen_1213,2012,2013,illegal,NA,0,NA,"c(15.534043864183, 61.7701822785272)",Gävleborg,Ljusdal,ljusdal,G103-10,0.185,1.14,0.28,0.00151,3.5,84.1666666666667,2.8,3.1,0,0,0.0030281,NA,NA,0,0,0,19,18,0,0,9,6,1,238126,0.8981145191531211,265139.9069069069,2011,2012,1,1,2
1037,M-09-03,M,S,Prästskogen 1,Prästskogen_1213,2012,2013,NA,NA,1,NA,"c(15.534043864183, 61.7701822785272)",Gävleborg,Ljusdal,ljusdal,M-09-03,0.185,1.14,0.28,0.00151,3.5,84.1666666666667,2.8,3.1,NA,0,0.0030281,NA,NA,0,0,0,19,18,0,0,9,6,1,238126,0.8981145191531211,265139.9069069069,2011,2012,1,1,2
1075,G21-12,M,S,Haverö 2,Haverö_1213,2012,2013,NA,NA,0,NA,"c(15.534043864183, 61.7701822785272)",Gävleborg,Ljusdal,ljusdal,G21-12,0.16,1.06,0.22,5.7e-4,2.5,89.7388888888889,3.4,3.4,0.469727,0,0.00255446,0.469727,0.469727,0,0,0,19,18,0,0,9,6,1,238126,0.8981145191531211,265139.9069069069,2011,2012,1,1,2
1076,G34-10,F,S,Haverö 2,Haverö_1213,2012,2013,illegal,1,0,7 hagel funna i kroppen,"c(15.534043864183, 61.7701822785272)",Gävleborg,Ljusdal,ljusdal,G34-10,0.16,1.06,0.22,5.7e-4,2.5,89.7388888888889,3.4,3.4,0.469727,0,0.00255446,0.469727,0.469727,0,0,0,19,18,0,0,9,6,1,238126,0.8981145191531211,265139.9069069069,2011,2012,1,1,2
1121,G21-12,M,S,Haverö 2,Haverö_1112,2011,2012,NA,NA,0,NA,"c(15.6850871609332, 61.6064913575983)",Gävleborg,Ljusdal,ljusdal,G21-12,0.16,1.06,0.22,5.6e-4,2.567,81.7575757575758,NA,3.5,0.469727,0,0.00249746,0.469727,0.469727,0,0,0,19,18,16,1,8,8,1,230413,0.8924265162890996,258187.08408408408,2011,2012,0,0,1
1122,G34-10,F,S,Haverö 2,Haverö_1112,2011,2012,NA,NA,0,NA,"c(15.6850871609332, 61.6064913575983)",Gävleborg,Ljusdal,ljusdal,G34-10,0.16,1.06,0.22,5.6e-4,2.567,81.7575757575758,NA,3.5,0.469727,0,0.00249746,0.469727,0.469727,0,0,0,19,18,16,1,8,8,1,230413,0.8924265162890996,258187.08408408408,2011,2012,0,0,1
1178,M-10-01,F,S,Tenskog 2,Tenskog_1112,2011,2012,illegal,NA,1,NA,"c(15.6850871609332, 61.6064913575983)",Gävleborg,Ljusdal,ljusdal,M-10-01,0.178,1.08,0.2,0,5.133,82.3854166666667,NA,2.8,0.292969,0,0.00406097,0.2768555,0.292969,0,0,0,19,18,16,1,8,8,1,230413,0.8924265162890996,258187.08408408408,2008,2011,3,3,4
1179,M-10-02,M,S,Tenskog 2,Tenskog_1112,2011,2012,legal,NA,1,NA,"c(15.6850871609332, 61.6064913575983)",Gävleborg,Ljusdal,ljusdal,M-10-02,0.178,1.08,0.2,0,5.133,82.3854166666667,NA,2.8,0.260742,0,0.00406097,0.2768555,0.292969,0,0,0,19,18,16,1,8,8,1,230413,0.8924265162890996,258187.08408408408,2008,2011,3,3,4
1198,G103-10,F,S,Prästskogen 1,Prästskogen_1112,2011,2012,NA,NA,0,Prästskogen not registered by Viltskadecenter 2011/12. Coordinates taken from 1213,"c(15.6850871609332, 61.6064913575983)",Gävleborg,Ljusdal,ljusdal,G103-10,0.18,1.14,0.28,0.00151,3.6,81.1979166666667,NA,2.8,0,1,0.00329619,NA,NA,0,0,0,19,18,16,1,8,8,1,230413,0.8924265162890996,258187.08408408408,2011,2012,0,0,1
1199,M-09-03,M,S,Prästskogen 1,Prästskogen_1112,2011,2012,NA,NA,1,NA,"c(15.6850871609332, 61.6064913575983)",Gävleborg,Ljusdal,ljusdal,M-09-03,0.18,1.14,0.28,0.00151,3.6,81.1979166666667,NA,2.8,NA,1,0.00329619,NA,NA,0,0,0,19,18,16,1,8,8,1,230413,0.8924265162890996,258187.08408408408,2011,2012,0,0,1
1222,M-09-03,M,S,Galven,Galven_1011,2010,2011,NA,NA,1,NA,list(),Gävleborg,Ljusdal,ljusdal,M-09-03,0.17,1.19,0.22,0,8.033,84.8686868686869,NA,3,NA,1,0.00354587,NA,NA,0,0,0,3,2,0,0,7,7,0,231188,0.8981911760505762,257392.86486486485,2007,2010,3,3,4
1223,M-09-14,F,S,Galven,Galven_1011,2010,2011,illegal,NA,1,NA,list(),Gävleborg,Ljusdal,ljusdal,M-09-14,0.17,1.19,0.22,0,8.033,84.8686868686869,NA,3,0.292969,1,0.00354587,NA,NA,0,0,0,3,2,0,0,7,7,0,231188,0.8981911760505762,257392.86486486485,2007,2010,3,3,4
1288,G10-07,F,S,Skrälldalen,Skrälldalen_1011,2010,2011,illegal,NA,0,NA,list(),Gävleborg,Ljusdal,ljusdal,G10-07,0.194,1.13,0.26,0.00112,2.25,91.1458333333333,NA,3,0.292969,1,0.00319524,0.292969,0.292969,0,0,0,3,2,0,0,7,7,0,231188,0.8981911760505762,257392.86486486485,2006,2010,4,4,5
1289,G31-08,M,S,Skrälldalen,Skrälldalen_1011,2010,2011,illegal,NA,0,NA,list(),Gävleborg,Ljusdal,ljusdal,G31-08,0.194,1.13,0.26,0.00112,2.25,91.1458333333333,NA,3,0.292969,1,0.00319524,0.292969,0.292969,0,0,0,3,2,0,0,7,7,0,231188,0.8981911760505762,257392.86486486485,2006,2010,4,4,5
1304,M-10-01,F,S,Tenskog 2,Tenskog_1011,2010,2011,NA,NA,1,NA,list(),Gävleborg,Ljusdal,ljusdal,M-10-01,0.181,1.03,0.21,0,4.825,88.4509803921569,NA,3,0.292969,1,0.0041264,0.2768555,0.292969,0,0,0,3,2,0,0,7,7,0,231188,0.8981911760505762,257392.86486486485,2008,2011,2,2,3
1305,M-10-02,M,S,Tenskog 2,Tenskog_1011,2010,2011,NA,NA,1,NA,list(),Gävleborg,Ljusdal,ljusdal,M-10-02,0.181,1.03,0.21,0,4.825,88.4509803921569,NA,3,0.260742,1,0.0041264,0.2768555,0.292969,0,0,0,3,2,0,0,7,7,0,231188,0.8981911760505762,257392.86486486485,2008,2011,2,2,3
1338,M-09-03,M,S,Galven,Galven_0910,2009,2010,NA,NA,1,NA,"c(15.3289251170969, 61.5935974968009)",Gävleborg,Ljusdal,ljusdal,M-09-03,0.166,1.2,0.25,0,8.033,82.5104166666667,NA,2.7,NA,0,0.00285618,NA,NA,0,0,0,3,2,0,0,7,7,1,234628,0.9063370352486722,258875,2007,2010,2,2,3
1339,M-09-14,F,S,Galven,Galven_0910,2009,2010,NA,NA,1,NA,"c(15.3289251170969, 61.5935974968009)",Gävleborg,Ljusdal,ljusdal,M-09-14,0.166,1.2,0.25,0,8.033,82.5104166666667,NA,2.7,0.292969,0,0.00285618,NA,NA,0,0,0,3,2,0,0,7,7,1,234628,0.9063370352486722,258875,2007,2010,2,2,3
1396,G10-07,F,S,Skrälldalen,Skrälldalen_0910,2009,2010,NA,NA,0,NA,"c(15.3289251170969, 61.5935974968009)",Gävleborg,Ljusdal,ljusdal,G10-07,0.192,1.13,0.24,0.00112,2.25,84.4375,NA,2.7,0.292969,1,0.00256048,0.292969,0.292969,0,0,0,3,2,0,0,7,7,1,234628,0.9063370352486722,258875,2006,2010,3,3,4
1397,G31-08,M,S,Skrälldalen,Skrälldalen_0910,2009,2010,NA,NA,0,NA,"c(15.3289251170969, 61.5935974968009)",Gävleborg,Ljusdal,ljusdal,G31-08,0.192,1.13,0.24,0.00112,2.25,84.4375,NA,2.7,0.292969,1,0.00256048,0.292969,0.292969,0,0,0,3,2,0,0,7,7,1,234628,0.9063370352486722,258875,2006,2010,3,3,4
1410,M-10-01,F,S,Tenskog 2,Tenskog_0910,2009,2010,NA,NA,1,NA,"c(15.3289251170969, 61.5935974968009)",Gävleborg,Ljusdal,ljusdal,M-10-01,0.176,1.03,0.19,0,4.825,82.4739583333333,NA,2.6,0.292969,0,0.00429748,0.2768555,0.292969,0,0,0,3,2,0,0,7,7,1,234628,0.9063370352486722,258875,2008,2011,1,1,2
1411,M-10-02,M,S,Tenskog 2,Tenskog_0910,2009,2010,NA,NA,1,NA,"c(15.3289251170969, 61.5935974968009)",Gävleborg,Ljusdal,ljusdal,M-10-02,0.176,1.03,0.19,0,4.825,82.4739583333333,NA,2.6,0.260742,0,0.00429748,0.2768555,0.292969,0,0,0,3,2,0,0,7,7,1,234628,0.9063370352486722,258875,2008,2011,1,1,2
1484,G10-07,F,S,Skrälldalen,Skrälldalen_0809,2008,2009,NA,NA,0,NA,"c(15.3063093358795, 15.2306871689863, 15.6640889008043, 62.0156784878786, 61.7932943579804, 61.6370706040447)",Gävleborg,Ljusdal,ljusdal,G10-07,0.164,1.09,0.29,0.00184,3.6,82.5343137254902,NA,2.5,0.292969,1,0.00183733,0.292969,0.292969,0,0,0,3,2,2,1,6,6,3,230040,0.9047574312267107,254255.993993994,2006,2010,2,2,3
1485,G31-08,M,S,Skrälldalen,Skrälldalen_0809,2008,2009,NA,NA,0,NA,"c(15.3063093358795, 15.2306871689863, 15.6640889008043, 62.0156784878786, 61.7932943579804, 61.6370706040447)",Gävleborg,Ljusdal,ljusdal,G31-08,0.164,1.09,0.29,0.00184,3.6,82.5343137254902,NA,2.5,0.292969,1,0.00183733,0.292969,0.292969,0,0,0,3,2,2,1,6,6,3,230040,0.9047574312267107,254255.993993994,2006,2010,2,2,3
1490,M-10-01,F,S,Tenskog 2,Tenskog_0809,2008,2009,NA,NA,1,NA,"c(15.3063093358795, 15.2306871689863, 15.6640889008043, 62.0156784878786, 61.7932943579804, 61.6370706040447)",Gävleborg,Ljusdal,ljusdal,M-10-01,0.221,0.9,0.27,0,4.4,82.9947916666667,NA,2.5,0.292969,0,0.00287553,0.2768555,0.292969,0,0,0,3,2,2,1,6,6,3,230040,0.9047574312267107,254255.993993994,2008,2011,0,0,1
1491,M-10-02,M,S,Tenskog 2,Tenskog_0809,2008,2009,NA,NA,1,NA,"c(15.3063093358795, 15.2306871689863, 15.6640889008043, 62.0156784878786, 61.7932943579804, 61.6370706040447)",Gävleborg,Ljusdal,ljusdal,M-10-02,0.221,0.9,0.27,0,4.4,82.9947916666667,NA,2.5,0.260742,0,0.00287553,0.2768555,0.292969,0,0,0,3,2,2,1,6,6,3,230040,0.9047574312267107,254255.993993994,2008,2011,0,0,1
1564,G10-07,F,S,Skrälldalen,Skrälldalen_0708,2007,2008,NA,NA,0,NA,"c(15.4405861492219, 15.6029142618656, 15.495350942358, 61.6773596046975, 61.6902595381255, 61.8033820262547)",Gävleborg,Ljusdal,ljusdal,G10-07,0.167,1.04,0.2,0,4.95,82.4635416666667,NA,2.4,0.292969,3,0.00213434,0.292969,0.292969,0,0,0,1,1,0,0,3,3,3,230414,0.9169201542132263,251291.23723723725,2006,2010,1,1,2
1565,G31-08,M,S,Skrälldalen,Skrälldalen_0708,2007,2008,NA,NA,0,NA,"c(15.4405861492219, 15.6029142618656, 15.495350942358, 61.6773596046975, 61.6902595381255, 61.8033820262547)",Gävleborg,Ljusdal,ljusdal,G31-08,0.167,1.04,0.2,0,4.95,82.4635416666667,NA,2.4,0.292969,3,0.00213434,0.292969,0.292969,0,0,0,1,1,0,0,3,3,3,230414,0.9169201542132263,251291.23723723725,2006,2010,1,1,2
1568,G9-07,M,S,Tenskog 1,Tenskog_0708,2007,2008,illegal,NA,0,NA,"c(15.4405861492219, 15.6029142618656, 15.495350942358, 61.6773596046975, 61.6902595381255, 61.8033820262547)",Gävleborg,Ljusdal,ljusdal,G9-07,0.182,1,0.22,0,4.9,81.6510416666667,NA,2.4,0.265625,3,0.00250744,0.279297,0.292969,0,0,0,1,1,0,0,3,3,3,230414,0.9169201542132263,251291.23723723725,2006,2007,1,1,2
1569,M-10-01,F,S,Tenskog 1,Tenskog_0708,2007,2008,NA,NA,1,NA,"c(15.4405861492219, 15.6029142618656, 15.495350942358, 61.6773596046975, 61.6902595381255, 61.8033820262547)",Gävleborg,Ljusdal,ljusdal,M-10-01,0.182,1,0.22,0,4.9,81.6510416666667,NA,2.4,0.292969,3,0.00250744,0.279297,0.292969,0,0,0,1,1,0,0,3,3,3,230414,0.9169201542132263,251291.23723723725,2006,2007,1,1,2
1628,G10-07,F,S,Skrälldalen,Skrälldalen_0607,2006,2007,NA,NA,0,NA,list(),Gävleborg,Ljusdal,ljusdal,G10-07,0.169,1.06,0.27,3.7e-4,3.6,88.34375,NA,2.6,0.292969,2,0.00163398,0.292969,0.292969,0,0,0,1,1,0,0,0,0,0,230009,0.9330191321371024,246521.2042042042,2006,2010,0,0,1
1629,G31-08,M,S,Skrälldalen,Skrälldalen_0607,2006,2007,NA,NA,0,NA,list(),Gävleborg,Ljusdal,ljusdal,G31-08,0.169,1.06,0.27,3.7e-4,3.6,88.34375,NA,2.6,0.292969,2,0.00163398,0.292969,0.292969,0,0,0,1,1,0,0,0,0,0,230009,0.9330191321371024,246521.2042042042,2006,2010,0,0,1
1630,G9-07,M,S,Tenskog 1,Tenskog_0607,2006,2007,NA,NA,0,NA,list(),Gävleborg,Ljusdal,ljusdal,G9-07,0.178,1,0.22,0,5.167,87.28125,NA,2.6,0.265625,2,0.00189885,0.279297,0.292969,0,0,0,1,1,0,0,0,0,0,230009,0.9330191321371024,246521.2042042042,2006,2007,0,0,1
1631,M-10-01,F,S,Tenskog 1,Tenskog_0607,2006,2007,NA,NA,1,NA,list(),Gävleborg,Ljusdal,ljusdal,M-10-01,0.178,1,0.22,0,5.167,87.28125,NA,2.6,0.292969,2,0.00189885,0.279297,0.292969,0,0,0,1,1,0,0,0,0,0,230009,0.9330191321371024,246521.2042042042,2006,2007,0,0,1
27,G136-17,F,S,Gullsjön 1,Gullsjön_1920,2019,2020,censored,NA,0,NA,"c(16.6845079170319, 60.9478084906786)",Gävleborg,Ockelbo,NA,G136-17,0.147,1.37,0.22,0,22.767,83.0619047619048,2.4,2.6,0.134674,4,0.00214217,0.154934,0.175194,11,7,0,6,5,5,2,7,1,1,263028,0.8655579045453095,303882.6156156156,2018,2019,1,1,2
28,G169-17,M,S,Gullsjön 1,Gullsjön_1920,2019,2020,illegal,NA,0,NA,"c(16.6845079170319, 60.9478084906786)",Gävleborg,Ockelbo,NA,G169-17,0.147,1.37,0.22,0,22.767,83.0619047619048,2.4,2.6,0.175194,4,0.00214217,0.154934,0.175194,11,7,0,6,5,5,2,7,1,1,263028,0.8655579045453095,303882.6156156156,2018,2019,1,1,2
83,G104-15,M,S,Ryssjön,Ryssjön_1920,2019,2020,NA,NA,0,NA,"c(16.6845079170319, 60.9478084906786)",Gävleborg,Ockelbo,NA,G104-15,0.1,1.38,0.23,0.00156,31.067,85.0151515151515,2.6,2.6,0.067337,2,0.00182938,0.14112449999999999,0.214912,11,7,0,6,5,5,2,7,1,1,263028,0.8655579045453095,303882.6156156156,2016,2019,3,3,4
84,G88-16,F,S,Ryssjön,Ryssjön_1920,2019,2020,NA,NA,0,NA,"c(16.6845079170319, 60.9478084906786)",Gävleborg,Ockelbo,NA,G88-16,0.1,1.38,0.23,0.00156,31.067,85.0151515151515,2.6,2.6,0.214912,2,0.00182938,0.14112449999999999,0.214912,11,7,0,6,5,5,2,7,1,1,263028,0.8655579045453095,303882.6156156156,2016,2019,3,3,4
213,G104-15,M,S,Ryssjön,Ryssjön_1819,2018,2019,NA,NA,0,NA,list(),Gävleborg,Ockelbo,ockelbo,G104-15,0.099,1.38,0.23,0.00156,30.9,81.7222222222222,2.7,3,0.067337,1,0.0022573,0.14112449999999999,0.214912,11,7,0,1,0,0,0,6,0,0,260859,0.8661029804919946,301187.04804804805,2016,2019,2,2,3
214,G88-16,F,S,Ryssjön,Ryssjön_1819,2018,2019,NA,NA,0,NA,list(),Gävleborg,Ockelbo,ockelbo,G88-16,0.099,1.38,0.23,0.00156,30.9,81.7222222222222,2.7,3,0.214912,1,0.0022573,0.14112449999999999,0.214912,11,7,0,1,0,0,0,6,0,0,260859,0.8661029804919946,301187.04804804805,2016,2019,2,2,3
673,G141-12,M,S,Åmot,Åmot_1516,2015,2016,legal,NA,0,NA,list(),Gävleborg,Ockelbo,ockelbo,G141-12,0.152,1.37,0.21,4.3e-4,22.133,73.9656862745098,2.6,3,0.306885,4,0.00229057,0.2214355,0.306885,4,3,0,1,1,0,0,6,1,0,251950,0.8799119946945616,286335.45345345343,2013,2015,2,2,3
674,G43-14,F,S,Åmot,Åmot_1516,2015,2016,legal,NA,0,NA,list(),Gävleborg,Ockelbo,ockelbo,G43-14,0.152,1.37,0.21,4.3e-4,22.133,73.9656862745098,2.6,3,0.135986,4,0.00229057,0.2214355,0.306885,4,3,0,1,1,0,0,6,1,0,251950,0.8799119946945616,286335.45345345343,2013,2015,2,2,3
752,G22-14,M,S,Lingbo,Lingbo_1415,2014,2015,NA,NA,0,NA,list(),Gävleborg,Ockelbo,ockelbo,G22-14,0.198,1.34,0.25,7e-4,14.633,72.8399305555556,2.7,3.1,0.139008,3,0.0022029800000000002,0.2766575,0.414307,4,4,0,1,1,0,0,6,2,0,247184,0.8940800219396032,276467.42342342343,2013,2015,1,1,2
753,G31-14,F,S,Lingbo,Lingbo_1415,2014,2015,NA,NA,0,NA,list(),Gävleborg,Ockelbo,ockelbo,G31-14,0.198,1.34,0.25,7e-4,14.633,72.8399305555556,2.7,3.1,0.414307,3,0.0022029800000000002,0.2766575,0.414307,4,4,0,1,1,0,0,6,2,0,247184,0.8940800219396032,276467.42342342343,2013,2015,1,1,2
808,G141-12,M,S,Åmot,Åmot_1415,2014,2015,NA,NA,0,NA,list(),Gävleborg,Ockelbo,ockelbo,G141-12,0.153,1.37,0.21,4.3e-4,21.933,73.7365196078431,2.7,3,0.306885,3,0.00190647,0.2214355,0.306885,4,4,0,1,1,0,0,6,2,0,247184,0.8940800219396032,276467.42342342343,2013,2015,1,1,2
809,G43-14,F,S,Åmot,Åmot_1415,2014,2015,NA,NA,0,NA,list(),Gävleborg,Ockelbo,ockelbo,G43-14,0.153,1.37,0.21,4.3e-4,21.933,73.7365196078431,2.7,3,0.135986,3,0.00190647,0.2214355,0.306885,4,4,0,1,1,0,0,6,2,0,247184,0.8940800219396032,276467.42342342343,2013,2015,1,1,2
940,G141-12,M,S,Åmot,Åmot_1314,2013,2014,NA,NA,0,NA,list(),Gävleborg,Ockelbo,ockelbo,G141-12,0.155,1.38,0.18,4.3e-4,27.3,78.9895833333333,2.9,3,0.306885,3,0.0015883,0.2214355,0.306885,4,4,0,1,1,0,0,6,3,0,247035,0.9087086674620686,271852.8048048048,2013,2015,0,0,1
941,G43-14,F,S,Åmot,Åmot_1314,2013,2014,NA,NA,0,NA,list(),Gävleborg,Ockelbo,ockelbo,G43-14,0.155,1.38,0.18,4.3e-4,27.3,78.9895833333333,2.9,3,0.135986,3,0.0015883,0.2214355,0.306885,4,4,0,1,1,0,0,6,3,0,247035,0.9087086674620686,271852.8048048048,2013,2015,0,0,1
1280,D-11-31,M,S,Råhällan,Råhällan_1011,2010,2011,legal,NA,0,NA,"c(16.2407634809957, 60.8820597180443)",Gävleborg,Ockelbo,ockelbo,D-11-31,0.079,1.39,0.24,0.00452,32,79.5416666666667,NA,3,0.29541,0,0.00113163,0.26123050000000003,0.29541,1,1,1,0,0,0,0,5,4,1,241341,0.937636713926424,257392.86486486485,2010,2010,0,0,1
1281,D-11-32,F,S,Råhällan,Råhällan_1011,2010,2011,legal,NA,0,NA,"c(16.2407634809957, 60.8820597180443)",Gävleborg,Ockelbo,ockelbo,D-11-32,0.079,1.39,0.24,0.00452,32,79.5416666666667,NA,3,0.227051,0,0.00113163,0.26123050000000003,0.29541,1,1,1,0,0,0,0,5,4,1,241341,0.937636713926424,257392.86486486485,2010,2010,0,0,1
1811,G3-03,F,S,Ockelbo 1,Ockelbo_0203,2002,2003,NA,NA,0,NA,list(),Gävleborg,Ockelbo,ockelbo,G3-03,0.199,1.15,0.17,0,13.325,83.7,NA,3.4,0,0,4.6712e-4,0.1171875,0.234375,0,0,0,0,0,0,0,0,0,0,211097,0.919984670957659,229457.08408408408,2000,2006,2,2,3
1812,M-09-10,M,S,Ockelbo 1,Ockelbo_0203,2002,2003,NA,NA,1,NA,list(),Gävleborg,Ockelbo,ockelbo,M-09-10,0.199,1.15,0.17,0,13.325,83.7,NA,3.4,0.234375,0,4.6712e-4,0.1171875,0.234375,0,0,0,0,0,0,0,0,0,0,211097,0.919984670957659,229457.08408408408,2000,2006,2,2,3
1875,G3-03,F,S,Ockelbo 1,Ockelbo_0001,2000,2001,NA,NA,0,NA,list(),Gävleborg,Ockelbo,ockelbo,G3-03,0.187,1.18,0.17,0,15.667,77.2651515151515,NA,4.1,0,0,4.4594e-4,0.1171875,0.234375,0,0,0,0,0,0,0,0,0,0,203676,0.9240900791022614,220407.0843373494,2000,2006,0,0,1
1876,M-09-10,M,S,Ockelbo 1,Ockelbo_0001,2000,2001,NA,NA,1,NA,list(),Gävleborg,Ockelbo,ockelbo,M-09-10,0.187,1.18,0.17,0,15.667,77.2651515151515,NA,4.1,0.234375,0,4.4594e-4,0.1171875,0.234375,0,0,0,0,0,0,0,0,0,0,203676,0.9240900791022614,220407.0843373494,2000,2006,0,0,1
71,G230-19,M,S,Mållången 1,Mållongen_1920,2019,2020,legal,NA,0,NA,"c(15.568992200166, 15.8049697513404, 15.706285665223, 16.1848019489136, 61.3660874581122, 61.3676943662173, 61.3720547597489, 61.4184622014199)",Gävleborg,Ovanåker,NA,G230-19,0.166,1.19,0.19,9.6e-4,5.95,85.9791666666667,2.3,2.6,0.175194,4,0.00367922,0.192541,0.209888,3,1,1,84,6,2,1,39,8,4,274674,0.9038819132300681,303882.6156156156,2019,2019,0,0,1
72,G262-17,F,S,Mållången 1,Mållongen_1920,2019,2020,NA,NA,0,NA,"c(15.568992200166, 15.8049697513404, 15.706285665223, 16.1848019489136, 61.3660874581122, 61.3676943662173, 61.3720547597489, 61.4184622014199)",Gävleborg,Ovanåker,NA,G262-17,0.166,1.19,0.19,9.6e-4,5.95,85.9791666666667,2.3,2.6,0.209888,4,0.00367922,0.192541,0.209888,3,1,1,84,6,2,1,39,8,4,274674,0.9038819132300681,303882.6156156156,2019,2019,0,0,1
91,G171-17,F,S,Sjösveden  4,Sjösveden_1920,2019,2020,legal,NA,0,NA,"c(15.568992200166, 15.8049697513404, 15.706285665223, 16.1848019489136, 61.3660874581122, 61.3676943662173, 61.3720547597489, 61.4184622014199)",Gävleborg,Ovanåker,NA,G171-17,0.158,1.04,0.11,0,13.95,86.7121212121212,2.5,2.5,0.175194,3,0.00354038,0.1589775,0.175194,3,1,1,84,6,2,1,39,8,4,274674,0.9038819132300681,303882.6156156156,2019,2019,0,0,1
92,G29-15,M,S,Sjösveden  4,Sjösveden_1920,2019,2020,illegal,NA,0,NA,"c(15.568992200166, 15.8049697513404, 15.706285665223, 16.1848019489136, 61.3660874581122, 61.3676943662173, 61.3720547597489, 61.4184622014199)",Gävleborg,Ovanåker,NA,G29-15,0.158,1.04,0.11,0,13.95,86.7121212121212,2.5,2.5,0.142761,3,0.00354038,0.1589775,0.175194,3,1,1,84,6,2,1,39,8,4,274674,0.9038819132300681,303882.6156156156,2019,2019,0,0,1
193,G124-16,M,S,Loberget,Loberget_1819,2018,2019,NA,NA,0,NA,list(),Gävleborg,Ovanåker,ovanåker,G124-16,0.176,1.1,0.17,0,4.875,82.1666666666667,2.4,2.8,0.206153,2,0.00365517,0.24435400000000002,0.282555,2,0,0,82,4,0,0,35,5,0,273268,0.90730329133013,301187.04804804805,2017,2019,1,1,2
194,G37-16,F,S,Loberget,Loberget_1819,2018,2019,NA,NA,0,NA,list(),Gävleborg,Ovanåker,ovanåker,G37-16,0.176,1.1,0.17,0,4.875,82.1666666666667,2.4,2.8,0.282555,2,0.00365517,0.24435400000000002,0.282555,2,0,0,82,4,0,0,35,5,0,273268,0.90730329133013,301187.04804804805,2017,2019,1,1,2
221,G173-16,F,S,Sjösveden  3,Sjösveden_1819,2018,2019,illegal,NA,0,NA,list(),Gävleborg,Ovanåker,ovanåker,G173-16,0.161,1.06,0.1,2.5e-4,13.925,82.921875,2.6,2.8,0.067337,1,0.00392185,0.105049,0.142761,2,0,0,82,4,0,0,35,5,0,273268,0.90730329133013,301187.04804804805,2016,2018,2,2,3
222,G29-15,M,S,Sjösveden  3,Sjösveden_1819,2018,2019,NA,NA,0,NA,list(),Gävleborg,Ovanåker,ovanåker,G29-15,0.161,1.06,0.1,2.5e-4,13.925,82.921875,2.6,2.8,0.142761,1,0.00392185,0.105049,0.142761,2,0,0,82,4,0,0,35,5,0,273268,0.90730329133013,301187.04804804805,2016,2018,2,2,3
367,G173-16,F,S,Sjösveden  3,Sjösveden_1718,2017,2018,NA,NA,0,NA,"c(15.6268551130974, 61.2918636673121)",Gävleborg,Ovanåker,ovanåker,G173-16,0.171,1.08,0.12,2e-5,13.8,82.2916666666667,2.4,2.7,0.067337,3,0.0025836,0.105049,0.142761,2,0,0,82,4,0,0,35,6,1,271211,0.9112095090796261,297638.46546546544,2016,2018,1,1,2
368,G29-15,M,S,Sjösveden  3,Sjösveden_1718,2017,2018,NA,NA,0,NA,"c(15.6268551130974, 61.2918636673121)",Gävleborg,Ovanåker,ovanåker,G29-15,0.171,1.08,0.12,2e-5,13.8,82.2916666666667,2.4,2.7,0.142761,3,0.0025836,0.105049,0.142761,2,0,0,82,4,0,0,35,6,1,271211,0.9112095090796261,297638.46546546544,2016,2018,1,1,2
470,G125-15,M,S,Kukkumäki 2,Kukkumäki_1617,2016,2017,illegal,NA,0,NA,"c(16.0542994191371, 61.2339993429821)",Gävleborg,Ovanåker,ovanåker,G125-15,0.178,1.21,0.2,0,5.167,79.6727272727273,2.2,2.7,0.067337,1,0.00257443,0.182167,0.296997,2,0,0,82,29,0,0,34,7,1,265637,0.9062990221426322,293100.83483483485,2016,2016,0,0,1
471,G15-13,F,S,Kukkumäki 2,Kukkumäki_1617,2016,2017,illegal,NA,0,NA,"c(16.0542994191371, 61.2339993429821)",Gävleborg,Ovanåker,ovanåker,G15-13,0.178,1.21,0.2,0,5.167,79.6727272727273,2.2,2.7,0.296997,1,0.00257443,0.182167,0.296997,2,0,0,82,29,0,0,34,7,1,265637,0.9062990221426322,293100.83483483485,2016,2016,0,0,1
512,G173-16,F,S,Sjösveden  3,Sjösveden_1617,2016,2017,NA,NA,0,NA,"c(16.0542994191371, 61.2339993429821)",Gävleborg,Ovanåker,ovanåker,G173-16,0.18,1.13,0.13,3.7e-4,13.75,79.8375,2.6,2.8,0.067337,3,0.00249738,0.105049,0.142761,2,0,0,82,29,0,0,34,7,1,265637,0.9062990221426322,293100.83483483485,2016,2018,0,0,1
513,G29-15,M,S,Sjösveden  3,Sjösveden_1617,2016,2017,NA,NA,0,NA,"c(16.0542994191371, 61.2339993429821)",Gävleborg,Ovanåker,ovanåker,G29-15,0.18,1.13,0.13,3.7e-4,13.75,79.8375,2.6,2.8,0.142761,3,0.00249738,0.105049,0.142761,2,0,0,82,29,0,0,34,7,1,265637,0.9062990221426322,293100.83483483485,2016,2018,0,0,1
603,G15-13,F,S,Kukkumäki 1,Kukkumäki_1516,2015,2016,NA,NA,0,NA,"c(15.9681124645729, 15.965951406883, 61.2918858005477, 61.0718808153138)",Gävleborg,Ovanåker,ovanåker,G15-13,0.177,1.2,0.2,0,5.85,80.3548387096774,2,2.8,0.296997,1,0.00329588,0.2724,0.296997,2,0,0,82,40,4,1,33,9,2,261118,0.9119303839279799,286335.45345345343,2012,2015,3,3,4
604,M-13-02/G24-13,M,S,Kukkumäki 1,Kukkumäki_1516,2015,2016,illegal,NA,1,NA,"c(15.9681124645729, 15.965951406883, 61.2918858005477, 61.0718808153138)",Gävleborg,Ovanåker,ovanåker,G24-13,0.177,1.2,0.2,0,5.85,80.3548387096774,2,2.8,0.247803,1,0.00329588,0.2724,0.296997,2,0,0,82,40,4,1,33,9,2,261118,0.9119303839279799,286335.45345345343,2012,2015,3,3,4
649,G29-15,M,S,Sjösveden  2,Sjösveden_1516,2015,2016,NA,NA,0,NA,"c(15.9681124645729, 15.965951406883, 61.2918858005477, 61.0718808153138)",Gävleborg,Ovanåker,ovanåker,G29-15,0.184,1.11,0.14,0,13.6,80.5104166666667,2.6,3,0.142761,4,0.00346409,0.184784,0.226807,2,0,0,82,40,4,1,33,9,2,261118,0.9119303839279799,286335.45345345343,2014,2015,1,1,2
650,M-09-15,F,S,Sjösveden  2,Sjösveden_1516,2015,2016,illegal,NA,1,NA,"c(15.9681124645729, 15.965951406883, 61.2918858005477, 61.0718808153138)",Gävleborg,Ovanåker,ovanåker,M-09-15,0.184,1.11,0.14,0,13.6,80.5104166666667,2.6,3,0.226807,4,0.00346409,0.184784,0.226807,2,0,0,82,40,4,1,33,9,2,261118,0.9119303839279799,286335.45345345343,2014,2015,1,1,2
738,G15-13,F,S,Kukkumäki 1,Kukkumäki_1415,2014,2015,NA,NA,0,NA,"c(15.7208702621841, 61.1049999398004)",Gävleborg,Ovanåker,ovanåker,G15-13,0.167,1.24,0.2,9.6e-4,5.85,77.3177083333333,1.9,2.8,0.296997,1,0.00375185,0.2724,0.296997,2,1,0,78,36,0,0,31,11,1,250740,0.9069422968361064,276467.42342342343,2012,2015,2,2,3
739,G24-13,M,S,Kukkumäki 1,Kukkumäki_1415,2014,2015,NA,NA,0,NA,"c(15.7208702621841, 61.1049999398004)",Gävleborg,Ovanåker,ovanåker,G24-13,0.167,1.24,0.2,9.6e-4,5.85,77.3177083333333,1.9,2.8,0.247803,1,0.00375185,0.2724,0.296997,2,1,0,78,36,0,0,31,11,1,250740,0.9069422968361064,276467.42342342343,2012,2015,2,2,3
790,G29-15,M,S,Sjösveden  2,Sjösveden_1415,2014,2015,NA,NA,0,NA,"c(15.7208702621841, 61.1049999398004)",Gävleborg,Ovanåker,ovanåker,G29-15,0.19,1.19,0.2,3.7e-4,8.733,76.2150537634409,2.7,3.1,0.142761,3,0.00334916,0.184784,0.226807,2,1,0,78,36,0,0,31,11,1,250740,0.9069422968361064,276467.42342342343,2014,2015,0,0,1
791,M-09-15,F,S,Sjösveden  2,Sjösveden_1415,2014,2015,NA,NA,1,NA,"c(15.7208702621841, 61.1049999398004)",Gävleborg,Ovanåker,ovanåker,M-09-15,0.19,1.19,0.2,3.7e-4,8.733,76.2150537634409,2.7,3.1,0.226807,3,0.00334916,0.184784,0.226807,2,1,0,78,36,0,0,31,11,1,250740,0.9069422968361064,276467.42342342343,2014,2015,0,0,1
872,G15-13,F,S,Kukkumäki 1,Kukkumäki_1314,2013,2014,NA,NA,0,NA,"c(15.6989149647804, 61.3400755031969)",Gävleborg,Ovanåker,ovanåker,G15-13,0.177,1.2,0.2,0,5.85,80.8387096774194,1.5,2.7,0.296997,0,0.0038957,0.2724,0.296997,2,1,0,78,36,0,0,30,14,1,249945,0.9194129896120256,271852.8048048048,2012,2015,1,1,2
873,G24-13,M,S,Kukkumäki 1,Kukkumäki_1314,2013,2014,NA,NA,0,NA,"c(15.6989149647804, 61.3400755031969)",Gävleborg,Ovanåker,ovanåker,G24-13,0.177,1.2,0.2,0,5.85,80.8387096774194,1.5,2.7,0.247803,0,0.0038957,0.2724,0.296997,2,1,0,78,36,0,0,30,14,1,249945,0.9194129896120256,271852.8048048048,2012,2015,1,1,2
958,G50-12,M,S,Björnås 1,Björnås_1213,2012,2013,legal,NA,0,NA,"c(15.7026708376845, 15.7993084953942, 61.0963720471931, 61.096411575764)",Gävleborg,Ovanåker,falun,G50-12,0.172,1.05,0.15,0,11.8,79.7171717171717,2.7,2.4,0.414307,2,0.00229212,0.320557,0.414307,2,2,0,78,38,25,3,29,15,2,247553,0.9336693328738256,265139.9069069069,2011,2012,1,1,2
959,G88-11,F,S,Björnås 1,Björnås_1213,2012,2013,illegal,NA,0,NA,"c(15.7026708376845, 15.7993084953942, 61.0963720471931, 61.096411575764)",Gävleborg,Ovanåker,falun,G88-11,0.172,1.05,0.15,0,11.8,79.7171717171717,2.7,2.4,0.226807,2,0.00229212,0.320557,0.414307,2,2,0,78,38,25,3,29,15,2,247553,0.9336693328738256,265139.9069069069,2011,2012,1,1,2
1012,G15-13,F,S,Kukkumäki 1,Kukumäki_1213,2012,2013,NA,NA,0,NA,"c(15.7026708376845, 15.7993084953942, 61.0963720471931, 61.096411575764)",Gävleborg,Ovanåker,ovanåker,G15-13,0.179,1.11,0.16,0,4.75,81.1451612903226,1.3,2.8,0.296997,1,0.00395102,0.2724,0.296997,2,2,0,78,38,25,3,29,15,2,247553,0.9336693328738256,265139.9069069069,2012,2015,0,0,1
1013,G24-13,M,S,Kukkumäki 1,Kukumäki_1213,2012,2013,NA,NA,0,NA,"c(15.7026708376845, 15.7993084953942, 61.0963720471931, 61.096411575764)",Gävleborg,Ovanåker,ovanåker,G24-13,0.179,1.11,0.16,0,4.75,81.1451612903226,1.3,2.8,0.247803,1,0.00395102,0.2724,0.296997,2,2,0,78,38,25,3,29,15,2,247553,0.9336693328738256,265139.9069069069,2012,2015,0,0,1
1324,D-10-30,M,S,Amungen 2,Amungen_0910,2009,2010,legal,NA,0,NA,"c(15.5705073122561, 15.4587654107626, 15.5552805028248, 15.8031151155735, 61.4802270968153, 61.4037111077177, 61.3552404067312, 61.4024047998673)",Gävleborg,Ovanåker,ovanåker,D-10-30,0.188,1.1,0.15,0,13.3,82.7323232323232,NA,2.6,0.269531,1,0.0027333600000000002,0.2285155,0.269531,1,1,0,42,41,0,0,20,19,4,243571,0.940882665379044,258875,2007,2009,2,2,3
1325,M-05-12,F,S,Amungen 2,Amungen_0910,2009,2010,legal,NA,1,NA,"c(15.5705073122561, 15.4587654107626, 15.5552805028248, 15.8031151155735, 61.4802270968153, 61.4037111077177, 61.3552404067312, 61.4024047998673)",Gävleborg,Ovanåker,ovanåker,M-05-12,0.188,1.1,0.15,0,13.3,82.7323232323232,NA,2.6,0.1875,1,0.0027333600000000002,0.2285155,0.269531,1,1,0,42,41,0,0,20,19,4,243571,0.940882665379044,258875,2007,2009,2,2,3
1426,D-10-30,M,S,Amungen 2,Amungen_0809,2008,2009,NA,NA,0,NA,"c(16.0618722123267, 15.9099358844521, 61.4442966439647, 61.411294239068)",Gävleborg,Ovanåker,ovanåker,D-10-30,0.17,1.07,0.11,0,13.275,84.1938502673797,NA,2.5,0.269531,1,0.00266098,0.2285155,0.269531,1,1,1,42,42,2,1,16,16,2,241629,0.9503374776120627,254255.993993994,2007,2009,1,1,2
1427,M-05-12,F,S,Amungen 2,Amungen_0809,2008,2009,NA,NA,1,NA,"c(16.0618722123267, 15.9099358844521, 61.4442966439647, 61.411294239068)",Gävleborg,Ovanåker,ovanåker,M-05-12,0.17,1.07,0.11,0,13.275,84.1938502673797,NA,2.5,0.1875,1,0.00266098,0.2285155,0.269531,1,1,1,42,42,2,1,16,16,2,241629,0.9503374776120627,254255.993993994,2007,2009,1,1,2
1438,M-09-03,M,S,Galven,Galven_0809,2008,2009,NA,NA,1,NA,"c(16.0618722123267, 15.9099358844521, 61.4442966439647, 61.411294239068)",Gävleborg,Ovanåker,ovanåker,M-09-03,0.17,1.2,0.2,0,8.067,84.75,NA,2.5,NA,1,0.0022789,NA,NA,1,1,1,42,42,2,1,16,16,2,241629,0.9503374776120627,254255.993993994,2007,2010,1,1,2
1439,M-09-14,F,S,Galven,Galven_0809,2008,2009,NA,NA,1,NA,"c(16.0618722123267, 15.9099358844521, 61.4442966439647, 61.411294239068)",Gävleborg,Ovanåker,ovanåker,M-09-14,0.17,1.2,0.2,0,8.067,84.75,NA,2.5,0.292969,1,0.0022789,NA,NA,1,1,1,42,42,2,1,16,16,2,241629,0.9503374776120627,254255.993993994,2007,2010,1,1,2
1506,D-10-30,M,S,Amungen 2,Amungen_0708,2007,2008,NA,NA,0,NA,"c(15.6603886631918, 15.8294550043648, 15.9438873251843, 61.5216315012006, 61.4562001461268, 61.0328583087272)",Gävleborg,Ovanåker,ovanåker,D-10-30,0.183,1.08,0.16,0,11.76,77.546875,NA,2.5,0.269531,1,0.00165892,0.2285155,0.269531,0,0,0,40,40,0,0,14,14,3,240279,0.9561773925811791,251291.23723723725,2007,2009,0,0,1
1507,M-05-12,F,S,Amungen 2,Amungen_0708,2007,2008,NA,NA,1,NA,"c(15.6603886631918, 15.8294550043648, 15.9438873251843, 61.5216315012006, 61.4562001461268, 61.0328583087272)",Gävleborg,Ovanåker,ovanåker,M-05-12,0.183,1.08,0.16,0,11.76,77.546875,NA,2.5,0.1875,1,0.00165892,0.2285155,0.269531,0,0,0,40,40,0,0,14,14,3,240279,0.9561773925811791,251291.23723723725,2007,2009,0,0,1
1516,M-09-03,M,S,Galven,Galven_0708,2007,2008,NA,NA,1,NA,"c(15.6603886631918, 15.8294550043648, 15.9438873251843, 61.5216315012006, 61.4562001461268, 61.0328583087272)",Gävleborg,Ovanåker,ovanåker,M-09-03,0.145,1.32,0.34,0.00225,8.1,73.6565656565657,NA,2.4,NA,1,0.00144229,NA,NA,0,0,0,40,40,0,0,14,14,3,240279,0.9561773925811791,251291.23723723725,2007,2010,0,0,1
1517,M-09-14,F,S,Galven,Galven_0708,2007,2008,NA,NA,1,NA,"c(15.6603886631918, 15.8294550043648, 15.9438873251843, 61.5216315012006, 61.4562001461268, 61.0328583087272)",Gävleborg,Ovanåker,ovanåker,M-09-14,0.145,1.32,0.34,0.00225,8.1,73.6565656565657,NA,2.4,0.292969,1,0.00144229,NA,NA,0,0,0,40,40,0,0,14,14,3,240279,0.9561773925811791,251291.23723723725,2007,2010,0,0,1
1574,G6-05,M,S,Voxna 1,Voxna_0708,2007,2008,censored,NA,0,NA,"c(15.6603886631918, 15.8294550043648, 15.9438873251843, 61.5216315012006, 61.4562001461268, 61.0328583087272)",Gävleborg,Ovanåker,ovanåker,G6-05,0.173,1.35,0.22,9.6e-4,5.167,78.796875,NA,2.4,0.398438,3,0.00227522,0.29296900000000003,0.398438,0,0,0,40,40,0,0,14,14,3,240279,0.9561773925811791,251291.23723723725,2004,2007,3,3,4
1575,G7-05,F,S,Voxna 1,Voxna_0708,2007,2008,illegal,NA,0,NA,"c(15.6603886631918, 15.8294550043648, 15.9438873251843, 61.5216315012006, 61.4562001461268, 61.0328583087272)",Gävleborg,Ovanåker,ovanåker,G7-05,0.173,1.35,0.22,9.6e-4,5.167,78.796875,NA,2.4,0.1875,3,0.00227522,0.29296900000000003,0.398438,0,0,0,40,40,0,0,14,14,3,240279,0.9561773925811791,251291.23723723725,2004,2007,3,3,4
1585,M-05-02,M,S,Amungen 1,Amungen_0607,2006,2007,illegal,NA,1,NA,"c(15.3784131602033, 15.4985615513377, 15.6025610293887, 15.6511409968985, 15.6680522837716, 61.5300125139993, 61.3544508366238, 61.4569472119189, 61.4920084025135, 61.4884371403247)",Gävleborg,Ovanåker,ovanåker,M-05-02,0.16,1.01,0.12,0,13.3,84.4731182795699,NA,2.7,0.28125,1,0.00110111,0.234375,0.28125,0,0,0,40,40,0,0,11,11,5,236868,0.9608422965668786,246521.2042042042,2003,2006,3,3,4
1586,M-05-12,F,S,Amungen 1,Amungen_0607,2006,2007,NA,NA,1,NA,"c(15.3784131602033, 15.4985615513377, 15.6025610293887, 15.6511409968985, 15.6680522837716, 61.5300125139993, 61.3544508366238, 61.4569472119189, 61.4920084025135, 61.4884371403247)",Gävleborg,Ovanåker,ovanåker,M-05-12,0.16,1.01,0.12,0,13.3,84.4731182795699,NA,2.7,0.1875,1,0.00110111,0.234375,0.28125,0,0,0,40,40,0,0,11,11,5,236868,0.9608422965668786,246521.2042042042,2003,2006,3,3,4
1636,G6-05,M,S,Voxna 1,Voxna_0607,2006,2007,NA,NA,0,NA,"c(15.3784131602033, 15.4985615513377, 15.6025610293887, 15.6511409968985, 15.6680522837716, 61.5300125139993, 61.3544508366238, 61.4569472119189, 61.4920084025135, 61.4884371403247)",Gävleborg,Ovanåker,ovanåker,G6-05,0.176,1.21,0.2,0,5.167,84.2291666666667,NA,2.6,0.398438,2,0.0017698,0.29296900000000003,0.398438,0,0,0,40,40,0,0,11,11,5,236868,0.9608422965668786,246521.2042042042,2004,2007,2,2,3
1637,G7-05,F,S,Voxna 1,Voxna_0607,2006,2007,NA,NA,0,NA,"c(15.3784131602033, 15.4985615513377, 15.6025610293887, 15.6511409968985, 15.6680522837716, 61.5300125139993, 61.3544508366238, 61.4569472119189, 61.4920084025135, 61.4884371403247)",Gävleborg,Ovanåker,ovanåker,G7-05,0.176,1.21,0.2,0,5.167,84.2291666666667,NA,2.6,0.1875,2,0.0017698,0.29296900000000003,0.398438,0,0,0,40,40,0,0,11,11,5,236868,0.9608422965668786,246521.2042042042,2004,2007,2,2,3
1691,G6-05,M,S,Voxna 1,Voxna_0506,2005,2006,NA,NA,0,NA,"c(15.7022879987699, 15.589752434641, 15.8745067639022, 15.9579792290079, 16.0290672419291, 61.3538618954891, 61.411161494275, 61.4786191526726, 61.2793340400759, 61.3124394383431)",Gävleborg,Ovanåker,ovanåker,G6-05,0.176,1.13,0.19,0,4.9,83.1212121212121,NA,2.9,0.398438,0,0.00173258,0.29296900000000003,0.398438,0,0,0,40,40,39,4,6,6,5,231406,0.9509595500032172,243339.47747747749,2004,2007,1,1,2
1692,G7-05,F,S,Voxna 1,Voxna_0506,2005,2006,NA,NA,0,NA,"c(15.7022879987699, 15.589752434641, 15.8745067639022, 15.9579792290079, 16.0290672419291, 61.3538618954891, 61.411161494275, 61.4786191526726, 61.2793340400759, 61.3124394383431)",Gävleborg,Ovanåker,ovanåker,G7-05,0.176,1.13,0.19,0,4.9,83.1212121212121,NA,2.9,0.1875,0,0.00173258,0.29296900000000003,0.398438,0,0,0,40,40,39,4,6,6,5,231406,0.9509595500032172,243339.47747747749,2004,2007,1,1,2
1695,M-05-02,M,S,Amungen 1,Amungen_0405,2004,2005,NA,NA,1,NA,"c(15.6368881539651, 61.3511040010635)",Gävleborg,Ovanåker,rättvik,M-05-02,0.158,1.01,0.12,0,13.3,80.2447916666667,NA,3.2,0.28125,2,0.00125349,0.234375,0.28125,0,0,0,1,1,1,1,1,1,1,225427,0.9459909916914763,238297.1951951952,2003,2006,1,1,2
1696,M-05-12,F,S,Amungen 1,Amungen_0405,2004,2005,NA,NA,1,NA,"c(15.6368881539651, 61.3511040010635)",Gävleborg,Ovanåker,rättvik,M-05-12,0.158,1.01,0.12,0,13.3,80.2447916666667,NA,3.2,0.1875,2,0.00125349,0.234375,0.28125,0,0,0,1,1,1,1,1,1,1,225427,0.9459909916914763,238297.1951951952,2003,2006,1,1,2
39,G205-17,M,S,Igelsjön 1,Igelsjön_1920,2019,2020,NA,NA,0,NA,list(),Gävleborg,Sandviken,NA,G205-17,0.167,1.27,0.25,3.6e-4,34.08,78.6720430107527,3.2,2.6,0.400426,1,7.1033e-4,0.315925,0.400426,0,0,0,20,10,0,0,4,4,0,282821,0.9306916074387859,303882.6156156156,2019,2019,0,0,1
40,G77-17,F,S,Igelsjön 1,Igelsjön_1920,2019,2020,illegal,NA,0,NA,list(),Gävleborg,Sandviken,NA,G77-17,0.167,1.27,0.25,3.6e-4,34.08,78.6720430107527,3.2,2.6,0.231424,1,7.1033e-4,0.315925,0.400426,0,0,0,20,10,0,0,4,4,0,282821,0.9306916074387859,303882.6156156156,2019,2019,0,0,1
169,G136-17,F,S,Gullsjön 1,Gullsjön_1819,2018,2019,NA,NA,0,NA,list(),Gävleborg,Sandviken,sandviken,G136-17,0.141,1.42,0.27,0,22.85,82.7864583333333,2.6,2.9,0.134674,2,0.00228617,0.154934,0.175194,0,0,0,20,10,4,2,4,4,0,280715,0.9320287901464402,301187.04804804805,2018,2019,0,0,1
170,G169-17,M,S,Gullsjön 1,Gullsjön_1819,2018,2019,NA,NA,0,NA,list(),Gävleborg,Sandviken,sandviken,G169-17,0.141,1.42,0.27,0,22.85,82.7864583333333,2.6,2.9,0.175194,2,0.00228617,0.154934,0.175194,0,0,0,20,10,4,2,4,4,0,280715,0.9320287901464402,301187.04804804805,2018,2019,0,0,1
237,G88-17,M,S,Tinäset 1,Tinäset_1819,2018,2019,NA,NA,0,NA,list(),Gävleborg,Sandviken,sandviken,G88-17,0.198,1.18,0.26,5.3e-4,31.567,82.0637254901961,3,2.9,0.231424,0,6.4843e-4,0.1493805,0.231424,0,0,0,20,10,4,2,4,4,0,280715,0.9320287901464402,301187.04804804805,2018,2018,0,0,1
238,G96-16,F,S,Tinäset 1,Tinäset_1819,2018,2019,illegal,NA,0,NA,list(),Gävleborg,Sandviken,sandviken,G96-16,0.198,1.18,0.26,5.3e-4,31.567,82.0637254901961,3,2.9,0.067337,0,6.4843e-4,0.1493805,0.231424,0,0,0,20,10,4,2,4,4,0,280715,0.9320287901464402,301187.04804804805,2018,2018,0,0,1
1526,D-08-03,M,S,Håckren,Håckren_0708,2007,2008,legal,NA,0,NA,list(),Jämtland,Åre,åre,D-08-03,0.266,0.24,0.1,0.00245,1.35,NA,NA,2.3,0.293457,0,3.0549e-4,0.293457,0.293457,0,0,0,0,0,0,0,0,0,0,236981,0.9430531784770221,251291.23723723725,2007,2007,0,0,1
1527,D-08-04,F,S,Håckren,Håckren_0708,2007,2008,legal,NA,0,NA,list(),Jämtland,Åre,åre,D-08-04,0.266,0.24,0.1,0.00245,1.35,NA,NA,2.3,0.293457,0,3.0549e-4,0.293457,0.293457,0,0,0,0,0,0,0,0,0,0,236981,0.9430531784770221,251291.23723723725,2007,2007,0,0,1
862,G135-13,M,S,Klaxåsen 2,Klaxåsen_1314,2013,2014,legal,NA,0,NA,list(),Jämtland,Berg,berg,G135-13,0.168,0.81,0.1,0,1.1,82.6397849462366,2.5,2.4,0.290619,0,0.00193458,0.2527655,0.290619,13,9,2,25,22,0,0,2,1,0,233945,0.8605576100933618,271852.8048048048,2013,2013,0,0,1
863,G76-13,F,S,Klaxåsen 2,Klaxåsen_1314,2013,2014,legal,NA,0,NA,list(),Jämtland,Berg,berg,G76-13,0.168,0.81,0.1,0,1.1,82.6397849462366,2.5,2.4,0.214912,0,0.00193458,0.2527655,0.290619,13,9,2,25,22,0,0,2,1,0,233945,0.8605576100933618,271852.8048048048,2013,2013,0,0,1
970,G102-12,F,S,Fuan,Fuan_1213,2012,2013,legal,NA,0,NA,list(),Jämtland,Berg,berg,G102-12,0.137,0.79,0.16,0,1.05,91.3786393345217,3.3,2.5,0.247803,0,0.00145605,0.247803,0.247803,11,9,4,25,22,0,0,2,1,0,227012,0.8561970268764785,265139.9069069069,2012,2012,0,0,1
971,G110-12,M,S,Fuan,Fuan_1213,2012,2013,legal,NA,0,NA,list(),Jämtland,Berg,berg,G110-12,0.137,0.79,0.16,0,1.05,91.3786393345217,3.3,2.5,0.247803,0,0.00145605,0.247803,0.247803,11,9,4,25,22,0,0,2,1,0,227012,0.8561970268764785,265139.9069069069,2012,2012,0,0,1
1002,G100-12,M,S,Klaxåsen 1,Klaxåsen_1213,2012,2013,legal,NA,0,NA,list(),Jämtland,Berg,berg,G100-12,0.156,0.76,0.1,0,1.05,94.1770833333333,2.2,2.5,0.138855,0,0.00328996,0.193329,0.247803,11,9,4,25,22,0,0,2,1,0,227012,0.8561970268764785,265139.9069069069,2012,2012,0,0,1
1003,G114-12,F,S,Klaxåsen 1,Klaxåsen_1213,2012,2013,legal,NA,0,NA,list(),Jämtland,Berg,berg,G114-12,0.156,0.76,0.1,0,1.05,94.1770833333333,2.2,2.5,0.247803,0,0.00328996,0.193329,0.247803,11,9,4,25,22,0,0,2,1,0,227012,0.8561970268764785,265139.9069069069,2012,2012,0,0,1
1762,D-04-07,M,S,Henvålen,Henvålen_0304,2003,2004,legal,NA,0,NA,list(),Jämtland,Berg,berg,D-04-07,0.212,0.35,0.07,1e-4,1.2,84.45,NA,2.8,0.269531,0,1.9824e-4,0.2285155,0.269531,0,0,0,3,3,0,0,1,1,0,206970,0.8870152446496853,233333.0810810811,2003,2003,0,0,1
1763,D-04-08,F,S,Henvålen,Henvålen_0304,2003,2004,legal,NA,0,NA,list(),Jämtland,Berg,berg,D-04-08,0.212,0.35,0.07,1e-4,1.2,84.45,NA,2.8,0.1875,0,1.9824e-4,0.2285155,0.269531,0,0,0,3,3,0,0,1,1,0,206970,0.8870152446496853,233333.0810810811,2003,2003,0,0,1
438,G130-14,M,S,Gråsjön,Gråssjön_1617,2016,2017,legal,NA,0,NA,list(),Jämtland,Bräcke,bräcke,G130-14,0.192,1.06,0.21,3.2e-4,2.5,80.0737903225806,3.5,2.4,0.26416,0,6.1543e-4,0.24327100000000002,0.26416,0,0,0,2,0,0,0,1,0,0,252969,0.8630784014741906,293100.83483483485,2016,2016,0,0,1
439,G140-16,F,S,Gråsjön,Gråssjön_1617,2016,2017,legal,NA,0,NA,list(),Jämtland,Bräcke,bräcke,G140-16,0.192,1.06,0.21,3.2e-4,2.5,80.0737903225806,3.5,2.4,0.222382,0,6.1543e-4,0.24327100000000002,0.26416,0,0,0,2,0,0,0,1,0,0,252969,0.8630784014741906,293100.83483483485,2016,2016,0,0,1
77,G68-13,F,S,Prastkogen 4,Prästskogen_1920,2019,2020,NA,NA,0,NA,list(),Jämtland,Härjedalen,NA,G68-13,0.182,1.11,0.22,3.3e-4,2.533,87.421875,2.5,2.7,0.139008,3,0.00262138,0.139008,0.139008,33,21,9,28,0,0,0,7,0,0,268931,0.8849831684355833,303882.6156156156,2016,2019,3,3,4
78,G108-16,M,S,Prästkogen 4,Prästskogen_1920,2019,2020,NA,NA,0,NA,list(),Jämtland,Härjedalen,NA,G108-16,0.182,1.11,0.22,3.3e-4,2.533,87.421875,2.5,2.7,0.157578,3,0.00262138,0.157578,0.157578,33,21,9,28,0,0,0,7,0,0,268931,0.8849831684355833,303882.6156156156,2016,2019,3,3,4
233,G295-17,M,S,Tandsjön 5,Tandsjön_1819,2018,2019,NA,NA,0,NA,list(),Jämtland,Härjedalen,härjedalen,G295-17,0.206,0.88,0.11,0,3.925,82.5833333333333,1.6,2.6,0.298141,0,0.00265333,0.2676225,0.298141,24,13,2,28,0,0,0,7,0,0,267657,0.8886736721736486,301187.04804804805,2018,2018,0,0,1
234,G26-18,F,S,Tandsjön 5,Tandsjön_1819,2018,2019,NA,NA,0,NA,list(),Jämtland,Härjedalen,härjedalen,G26-18,0.206,0.88,0.11,0,3.925,82.5833333333333,1.6,2.6,0.237104,0,0.00265333,0.2676225,0.298141,24,13,2,28,0,0,0,7,0,0,267657,0.8886736721736486,301187.04804804805,2018,2018,0,0,1
522,G48-16,F,S,Tandsjön 4,Tandsjön_1617,2016,2017,illegal,NA,0,NA,list(),Jämtland,Härjedalen,härjedalen,G48-16,0.216,0.71,0.07,0,3.34,80,1.4,2.3,0.243027,0,0.00258794,0.197594,0.243027,18,11,2,28,0,0,0,7,2,0,265499,0.9058281944151105,293100.83483483485,2016,2016,0,0,1
523,G80-16,M,S,Tandsjön 4,Tandsjön_1617,2016,2017,illegal,NA,0,NA,list(),Jämtland,Härjedalen,härjedalen,G80-16,0.216,0.71,0.07,0,3.34,80,1.4,2.3,0.152161,0,0.00258794,0.197594,0.243027,18,11,2,28,0,0,0,7,2,0,265499,0.9058281944151105,293100.83483483485,2016,2016,0,0,1
601,G151-15,M,S,Krokvattnet,Krokvattnet_1516,2015,2016,NA,NA,0,NA,list(),Jämtland,Härjedalen,ljusdal,G151-15,0.198,0.91,0.24,0,2.25,79.3958333333333,2.1,2.9,0.233883,0,0.00239811,0.2548045,0.275726,16,12,4,28,0,0,0,7,2,0,257198,0.8982401476937958,286335.45345345343,2015,2019,0,0,1
602,G99-16,F,S,Krokvattnet,Krokvattnet_1516,2015,2016,NA,NA,0,NA,list(),Jämtland,Härjedalen,ljusdal,G99-16,0.198,0.91,0.24,0,2.25,79.3958333333333,2.1,2.9,0.275726,0,0.00239811,0.2548045,0.275726,16,12,4,28,0,0,0,7,2,0,257198,0.8982401476937958,286335.45345345343,2015,2019,0,0,1
659,G117-14,F,S,Tandsjön 3,Tandsjön_1516,2015,2016,legal,NA,0,NA,list(),Jämtland,Härjedalen,härjedalen,G117-14,0.19,0.6,0.07,7e-5,3,77.3548387096774,1.6,2.3,0.296997,0,0.00183034,0.35565199999999997,0.414307,16,12,4,28,0,0,0,7,2,0,257198,0.8982401476937958,286335.45345345343,2015,2015,0,0,1
660,G7-14,M,S,Tandsjön 3,Tandsjön_1516,2015,2016,legal,NA,0,NA,list(),Jämtland,Härjedalen,härjedalen,G7-14,0.19,0.6,0.07,7e-5,3,77.3548387096774,1.6,2.3,0.414307,0,0.00183034,0.35565199999999997,0.414307,16,12,4,28,0,0,0,7,2,0,257198,0.8982401476937958,286335.45345345343,2015,2015,0,0,1
800,G62-14,M,S,Tandsjön 2,Tandsjön_1415,2014,2015,legal,NA,0,NA,list(),Jämtland,Härjedalen,härjedalen,G62-14,0.225,0.77,0.09,0,3.3,85.6197916666667,1.3,2.3,0.414307,0,0.00281881,0.33813499999999996,0.414307,12,11,1,28,0,0,0,7,2,0,244459,0.8842235261316811,276467.42342342343,2014,2014,0,0,1
801,M-09-09,F,S,Tandsjön 2,Tandsjön_1415,2014,2015,legal,NA,1,NA,list(),Jämtland,Härjedalen,härjedalen,M-09-09,0.225,0.77,0.09,0,3.3,85.6197916666667,1.3,2.3,0.261963,0,0.00281881,0.33813499999999996,0.414307,12,11,1,28,0,0,0,7,2,0,244459,0.8842235261316811,276467.42342342343,2014,2014,0,0,1
924,M-09-09,F,S,Tandsjön 1,Tandsjön_1314,2013,2014,NA,NA,1,NA,"c(15.335759709627, 14.1185118839114, 62.1500449911025, 61.6563177014698)",Jämtland,Härjedalen,härjedalen,M-09-09,0.202,0.77,0.07,0,3.32,82.1161616161616,1.1,2.4,0.261963,0,0.00345226,0.2645265,0.26709,11,11,1,28,28,0,0,7,3,2,240435,0.8844308234106198,271852.8048048048,2009,2013,4,4,5
925,M-11-03,M,S,Tandsjön 1,Tandsjön_1314,2013,2014,illegal,1,1,NA,"c(15.335759709627, 14.1185118839114, 62.1500449911025, 61.6563177014698)",Jämtland,Härjedalen,härjedalen,M-11-03,0.202,0.77,0.07,0,3.32,82.1161616161616,1.1,2.4,0.26709,0,0.00345226,0.2645265,0.26709,11,11,1,28,28,0,0,7,3,2,240435,0.8844308234106198,271852.8048048048,2009,2013,4,4,5
1059,M-09-09,F,S,Tandsjön 1,Tandsjön_1213,2012,2013,NA,NA,1,NA,list(),Jämtland,Härjedalen,härjedalen,M-09-09,0.207,0.73,0.07,0,3.28,91.2,1.1,2.4,0.261963,0,0.00408893,0.2645265,0.26709,10,10,3,28,28,0,0,5,1,0,235060,0.8865508128979307,265139.9069069069,2009,2013,3,3,4
1060,M-11-03,M,S,Tandsjön 1,Tandsjön_1213,2012,2013,NA,NA,1,NA,list(),Jämtland,Härjedalen,härjedalen,M-11-03,0.207,0.73,0.07,0,3.28,91.2,1.1,2.4,0.26709,0,0.00408893,0.2645265,0.26709,10,10,3,28,28,0,0,5,1,0,235060,0.8865508128979307,265139.9069069069,2009,2013,3,3,4
1175,M-09-09,F,S,Tandsjön 1,Tandsjön_1112,2011,2012,NA,NA,1,NA,list(),Jämtland,Härjedalen,härjedalen,M-09-09,0.216,0.74,0.08,0,3.32,79.90625,NA,2.7,0.261963,0,0.00351032,0.2645265,0.26709,7,7,3,28,28,0,0,5,1,0,227537,0.8812873068658142,258187.08408408408,2009,2013,2,2,3
1176,M-11-03,M,S,Tandsjön 1,Tandsjön_1112,2011,2012,NA,NA,1,NA,list(),Jämtland,Härjedalen,härjedalen,M-11-03,0.216,0.74,0.08,0,3.32,79.90625,NA,2.7,0.26709,0,0.00351032,0.2645265,0.26709,7,7,3,28,28,0,0,5,1,0,227537,0.8812873068658142,258187.08408408408,2009,2013,2,2,3
1300,M-09-09,F,S,Tandsjön 1,Tandsjön_1011,2010,2011,NA,NA,1,NA,list(),Jämtland,Härjedalen,härjedalen,M-09-09,0.202,0.77,0.07,0,3.32,90.2760416666667,NA,2.6,0.261963,0,0.00348469,0.2645265,0.26709,4,4,3,28,28,0,0,5,2,0,227207,0.8827245468489855,257392.86486486485,2009,2013,1,1,2
1301,M-11-03,M,S,Tandsjön 1,Tandsjön_1011,2010,2011,NA,NA,1,NA,list(),Jämtland,Härjedalen,härjedalen,M-11-03,0.202,0.77,0.07,0,3.32,90.2760416666667,NA,2.6,0.26709,0,0.00348469,0.2645265,0.26709,4,4,3,28,28,0,0,5,2,0,227207,0.8827245468489855,257392.86486486485,2009,2013,1,1,2
1316,G102-11,M,S,Överhogdal,Överhogdal_1011,2010,2011,legal,NA,0,NA,list(),Jämtland,Härjedalen,härjedalen,G102-11,0.207,1.04,0.19,0,1.833,89.3541666666667,NA,3.2,0,1,0.0026391,0,0,4,4,3,28,28,0,0,5,2,0,227207,0.8827245468489855,257392.86486486485,2010,2010,0,0,1
1317,G103-10,F,S,Överhogdal,Överhogdal_1011,2010,2011,illegal,NA,0,NA,list(),Jämtland,Härjedalen,härjedalen,G103-10,0.207,1.04,0.19,0,1.833,89.3541666666667,NA,3.2,0,1,0.0026391,0,0,4,4,3,28,28,0,0,5,2,0,227207,0.8827245468489855,257392.86486486485,2010,2010,0,0,1
1352,D-11-19,M,S,Haverö 1,Haverö_0910,2009,2010,NA,NA,0,NA,"c(13.6965321401495, 62.157093841196)",Jämtland,Härjedalen,härjedalen,D-11-19,0.165,1.06,0.21,3.3e-4,2.6,83.7708333333333,NA,3.1,0.1875,1,0.00177683,0.3286135,0.469727,1,1,1,28,28,28,3,5,2,1,230849,0.8917392563978754,258875,2009,2010,0,0,1
1353,G34-10,F,S,Haverö 1,Haverö_0910,2009,2010,NA,NA,0,NA,"c(13.6965321401495, 62.157093841196)",Jämtland,Härjedalen,härjedalen,G34-10,0.165,1.06,0.21,3.3e-4,2.6,83.7708333333333,NA,3.1,0.469727,1,0.00177683,0.3286135,0.469727,1,1,1,28,28,28,3,5,2,1,230849,0.8917392563978754,258875,2009,2010,0,0,1
1404,M-09-09,F,S,Tandsjön 1,Tandsjön_0910,2009,2010,NA,NA,1,NA,"c(13.6965321401495, 62.157093841196)",Jämtland,Härjedalen,härjedalen,M-09-09,0.213,0.82,0.08,0,3.9,91.34375,NA,2.5,0.261963,0,0.00397631,0.2645265,0.26709,1,1,1,28,28,28,3,5,2,1,230849,0.8917392563978754,258875,2009,2013,0,0,1
1405,M-11-03,M,S,Tandsjön 1,Tandsjön_0910,2009,2010,NA,NA,1,NA,"c(13.6965321401495, 62.157093841196)",Jämtland,Härjedalen,härjedalen,M-11-03,0.213,0.82,0.08,0,3.9,91.34375,NA,2.5,0.26709,0,0.00397631,0.2645265,0.26709,1,1,1,28,28,28,3,5,2,1,230849,0.8917392563978754,258875,2009,2013,0,0,1
583,G128-15,F,S,Halån/Edsele,HalånEdsele_1516,2015,2016,legal,NA,0,NA,"c(16.4598045455658, 16.2928094341386, 63.159499014997, 63.1776011216779)",Jämtland,Ragunda,ragunda,G128-15,0.188,1.06,0.24,0,2.567,81.375,2.4,2.7,0.222382,0,6.894e-4,0.1939545,0.222382,1,1,0,0,0,0,0,3,2,2,246078,0.8594045796009062,286335.45345345343,2015,2015,0,0,1
584,G50-13,M,S,Halån/Edsele,HalånEdsele_1516,2015,2016,legal,NA,0,NA,"c(16.4598045455658, 16.2928094341386, 63.159499014997, 63.1776011216779)",Jämtland,Ragunda,ragunda,G50-13,0.188,1.06,0.24,0,2.567,81.375,2.4,2.7,0.165527,0,6.894e-4,0.1939545,0.222382,1,1,0,0,0,0,0,3,2,2,246078,0.8594045796009062,286335.45345345343,2015,2015,0,0,1
377,G123-14,M,S,Tiveden 2,Tiveden_1718,2017,2018,NA,NA,0,NA,list(),Orebro,Askersund,askersund,G123-14,0.222,1.35,0.37,0.00409,16.3,58.9569892473118,2.7,2.3,0.214123,1,0,NA,NA,0,0,0,8,7,3,1,0,0,0,285359,0.9587436877613851,297638.46546546544,2016,2019,1,1,2
378,M-13-12/G31-13,F,S,Tiveden 2,Tiveden_1718,2017,2018,NA,NA,1,NA,list(),Orebro,Askersund,askersund,G31-13,0.222,1.35,0.37,0.00409,16.3,58.9569892473118,2.7,2.3,NA,1,0,NA,NA,0,0,0,8,7,3,1,0,0,0,285359,0.9587436877613851,297638.46546546544,2016,2019,1,1,2
526,G123-14,M,S,Tiveden 2,Tiveden_1617,2016,2017,NA,NA,0,NA,list(),Orebro,Askersund,askersund,G123-14,0.232,1.5,0.41,0.00505,16.28,57.15625,3.1,2.4,0.214123,0,0,NA,NA,0,0,0,5,4,0,0,0,0,0,277050,0.9452378399267282,293100.83483483485,2016,2019,0,0,1
527,M-13-12/G31-13,F,S,Tiveden 2,Tiveden_1617,2016,2017,NA,NA,1,NA,list(),Orebro,Askersund,askersund,G31-13,0.232,1.5,0.41,0.00505,16.28,57.15625,3.1,2.4,NA,0,0,NA,NA,0,0,0,5,4,0,0,0,0,0,277050,0.9452378399267282,293100.83483483485,2016,2019,0,0,1
804,M13-12/G23-13,M,S,Tiveden 1,Tiveden_1415,2014,2015,illegal,NA,1,NA,list(),Orebro,Askersund,askersund,G23-13,0.219,1.38,0.38,0.0042,15.95,52.9583333333333,3.3,2.7,NA,0,0,NA,NA,0,0,0,5,4,1,1,0,0,0,266059,0.9623520800586968,276467.42342342343,2013,2014,1,1,2
805,M-13-12/G31-13,F,S,Tiveden 1,Tiveden_1415,2014,2015,censored,NA,1,NA,list(),Orebro,Askersund,askersund,G31-13,0.219,1.38,0.38,0.0042,15.95,52.9583333333333,3.3,2.7,NA,0,0,NA,NA,0,0,0,5,4,1,1,0,0,0,266059,0.9623520800586968,276467.42342342343,2013,2014,1,1,2
928,M13-12/G23-13,M,S,Tiveden 1,Tiveden_1314,2013,2014,NA,NA,1,NA,list(),Orebro,Askersund,askersund,G23-13,0.22,1.41,0.38,0.00431,15.86,76.4329501915709,3.8,2.9,NA,0,0,NA,NA,0,0,0,4,3,3,2,0,0,0,261603,0.9622964905138119,271852.8048048048,2013,2014,0,0,1
929,M-13-12/G31-13,F,S,Tiveden 1,Tiveden_1314,2013,2014,NA,NA,1,NA,list(),Orebro,Askersund,askersund,G31-13,0.22,1.41,0.38,0.00431,15.86,76.4329501915709,3.8,2.9,NA,0,0,NA,NA,0,0,0,4,3,3,2,0,0,0,261603,0.9622964905138119,271852.8048048048,2013,2014,0,0,1
331,G17-17,M,S,Letälven,Letälven_1718,2017,2018,censored,NA,0,NA,list(),Orebro,Degerfors,degerfors,G17-17,0.189,1.46,0.36,0.00457,25.2,60.6808429118774,2.1,2.2,0.125,4,0,0.2184065,0.311813,1,0,0,6,4,0,0,6,0,0,268918,0.9035055317176475,297638.46546546544,2017,2017,0,0,1
332,G260-17,F,S,Letälven,Letälven_1718,2017,2018,illegal,NA,0,NA,list(),Orebro,Degerfors,degerfors,G260-17,0.189,1.46,0.36,0.00457,25.2,60.6808429118774,2.1,2.2,0.311813,4,0,0.2184065,0.311813,1,0,0,6,4,0,0,6,0,0,268918,0.9035055317176475,297638.46546546544,2017,2017,0,0,1
1119,G107-11,M,S,Hasselfors 5,Hasselfors_1112,2011,2012,censored,NA,0,NA,list(),Orebro,Degerfors,degerfors,G107-11,0.164,1.33,0.35,0.00408,20.333,76.1111111111111,NA,3.5,0.305908,1,0,0.369751,0.433594,1,1,0,2,1,0,0,6,6,0,240803,0.9326686532529157,258187.08408408408,2010,2011,1,1,2
1120,G37-07,F,S,Hasselfors 5,Hasselfors_1112,2011,2012,illegal,NA,0,NA,list(),Orebro,Degerfors,degerfors,G37-07,0.164,1.33,0.35,0.00408,20.333,76.1111111111111,NA,3.5,0.433594,1,0,0.369751,0.433594,1,1,0,2,1,0,0,6,6,0,240803,0.9326686532529157,258187.08408408408,2010,2011,1,1,2
1236,G107-11,M,S,Hasselfors 5,Hasselfors_1011,2010,2011,NA,NA,0,NA,list(),Orebro,Degerfors,degerfors,G107-11,0.16,1.3,0.35,0.0032,19.429,78.5919540229885,NA,3.3,0.305908,0,0,0.369751,0.433594,1,1,1,2,2,1,1,6,6,0,244126,0.9484567496778508,257392.86486486485,2010,2011,0,0,1
1237,G37-07,F,S,Hasselfors 5,Hasselfors_1011,2010,2011,NA,NA,0,NA,list(),Orebro,Degerfors,degerfors,G37-07,0.16,1.3,0.35,0.0032,19.429,78.5919540229885,NA,3.3,0.433594,0,0,0.369751,0.433594,1,1,1,2,2,1,1,6,6,0,244126,0.9484567496778508,257392.86486486485,2010,2011,0,0,1
1350,D-10-39,M,S,Hasselfors 4,Hasselfors_0910,2009,2010,legal,NA,0,NA,"c(14.4392299276266, 59.0594666105634)",Orebro,Degerfors,laxå,D-10-39,0.161,1.31,0.33,0.00357,19.514,74.7363984674329,NA,3.1,0.311035,0,0,0.3723145,0.433594,0,0,0,1,1,0,0,6,6,1,250151,0.9663003380009657,258875,2009,2009,0,0,1
1351,G37-07,F,S,Hasselfors 4,Hasselfors_0910,2009,2010,NA,NA,0,NA,"c(14.4392299276266, 59.0594666105634)",Orebro,Degerfors,laxå,G37-07,0.161,1.31,0.33,0.00357,19.514,74.7363984674329,NA,3.1,0.433594,0,0,0.3723145,0.433594,0,0,0,1,1,0,0,6,6,1,250151,0.9663003380009657,258875,2009,2009,0,0,1
1524,D-08-20,M,S,Hasselfors 3,Hasselfors_0708,2007,2008,NA,NA,0,NA,"c(14.3827022878705, 14.368375279128, 59.034150220616, 59.0585566025719)",Orebro,Degerfors,degerfors,D-08-20,0.161,1.3,0.34,0.00313,20.633,46.8870689655172,NA,2.9,0.324219,1,0,0.3789065,0.433594,0,0,0,1,1,0,0,2,2,2,244773,0.9740610245351152,251291.23723723725,2006,2008,1,1,2
1525,G37-07,F,S,Hasselfors 3,Hasselfors_0708,2007,2008,NA,NA,0,NA,"c(14.3827022878705, 14.368375279128, 59.034150220616, 59.0585566025719)",Orebro,Degerfors,degerfors,G37-07,0.161,1.3,0.34,0.00313,20.633,46.8870689655172,NA,2.9,0.433594,1,0,0.3789065,0.433594,0,0,0,1,1,0,0,2,2,2,244773,0.9740610245351152,251291.23723723725,2006,2008,1,1,2
1595,D-08-20,M,S,Hasselfors 3,Hasselfors_0607,2006,2007,NA,NA,0,NA,list(),Orebro,Degerfors,degerfors,D-08-20,0.168,1.34,0.34,0.00382,20.75,75.8166666666667,NA,3.4,0.324219,0,0,0.3789065,0.433594,0,0,0,1,1,1,1,0,0,0,240774,0.9766867753921746,246521.2042042042,2006,2008,0,0,1
1596,G37-07,F,S,Hasselfors 3,Hasselfors_0607,2006,2007,NA,NA,0,NA,list(),Orebro,Degerfors,degerfors,G37-07,0.168,1.34,0.34,0.00382,20.75,75.8166666666667,NA,3.4,0.433594,0,0,0.3789065,0.433594,0,0,0,1,1,1,1,0,0,0,240774,0.9766867753921746,246521.2042042042,2006,2008,0,0,1
1760,D-06-16,F,S,Hasselfors 2,Hasselfors_0304,2003,2004,NA,NA,0,NA,list(),Orebro,Degerfors,laxå,D-06-16,0.161,1.32,0.33,0.00378,20.086,56.1283333333333,NA,4.3,0.304688,0,0,0.214844,0.304688,0,0,0,0,0,0,0,0,0,0,232709,0.9973253639038683,233333.0810810811,2002,2005,1,1,2
1761,M-01-05,M,S,Hasselfors 2,Hasselfors_0304,2003,2004,NA,NA,1,NA,list(),Orebro,Degerfors,laxå,M-01-05,0.161,1.32,0.33,0.00378,20.086,56.1283333333333,NA,4.3,0.125,0,0,0.214844,0.304688,0,0,0,0,0,0,0,0,0,0,232709,0.9973253639038683,233333.0810810811,2002,2005,1,1,2
1797,D-06-16,F,S,Hasselfors 2,Hasselfors_0203,2002,2003,NA,NA,0,NA,list(),Orebro,Degerfors,degerfors,D-06-16,0.16,1.29,0.35,0.00319,20.171,55.3529235382309,NA,4.4,0.304688,0,0,0.214844,0.304688,0,0,0,0,0,0,0,0,0,0,229089,0.9983958478093917,229457.08408408408,2002,2005,0,0,1
1798,M-01-05,M,S,Hasselfors 2,Hasselfors_0203,2002,2003,NA,NA,1,NA,list(),Orebro,Degerfors,degerfors,M-01-05,0.16,1.29,0.35,0.00319,20.171,55.3529235382309,NA,4.4,0.125,0,0,0.214844,0.304688,0,0,0,0,0,0,0,0,0,0,229089,0.9983958478093917,229457.08408408408,2002,2005,0,0,1
209,G229-17,M,S,Rockesholm,Rockesholm_1819,2018,2019,NA,NA,0,NA,list(),Orebro,Hällefors,hällefors,G229-17,0.269,1.17,0.36,0.00152,21.4,82.7523148148148,2.7,2.3,0.287476,4,1.87e-6,0.24598150000000002,0.287476,4,2,0,3,1,0,0,3,0,0,255200,0.8473139919326419,301187.04804804805,2017,2018,1,1,2
210,G82-17,F,S,Rockesholm,Rockesholm_1819,2018,2019,illegal,NA,0,NA,list(),Orebro,Hällefors,hällefors,G82-17,0.269,1.17,0.36,0.00152,21.4,82.7523148148148,2.7,2.3,0.204487,4,1.87e-6,0.24598150000000002,0.287476,4,2,0,3,1,0,0,3,0,0,255200,0.8473139919326419,301187.04804804805,2017,2018,1,1,2
355,G229-17,M,S,Rockesholm,Rockesholm_1718,2017,2018,NA,NA,0,NA,list(),Orebro,Hällefors,hällefors,G229-17,0.265,1.16,0.35,8.7e-4,21.42,70.3737373737374,2.7,2.2,0.287476,5,2.16e-6,0.24598150000000002,0.287476,4,2,1,3,1,0,0,3,0,0,253993,0.8533608033584975,297638.46546546544,2017,2018,0,0,1
356,G82-17,F,S,Rockesholm,Rockesholm_1718,2017,2018,NA,NA,0,NA,list(),Orebro,Hällefors,hällefors,G82-17,0.265,1.16,0.35,8.7e-4,21.42,70.3737373737374,2.7,2.2,0.204487,5,2.16e-6,0.24598150000000002,0.287476,4,2,1,3,1,0,0,3,0,0,253993,0.8533608033584975,297638.46546546544,2017,2018,0,0,1
357,G80-13,F,S,Rombohöjden 2,Rombohöjden_1718,2017,2018,illegal,NA,0,NA,list(),Orebro,Hällefors,hällefors,G80-13,0.252,1.24,0.34,0,12.575,71.6145833333333,2.8,2.3,0.126678,3,8.3e-6,0.17453000000000002,0.222382,4,2,1,3,1,0,0,3,0,0,253993,0.8533608033584975,297638.46546546544,2015,2017,2,2,3
358,G90-15,M,S,Rombohöjden 2,Rombohöjden_1718,2017,2018,NA,NA,0,NA,list(),Orebro,Hällefors,hällefors,G90-15,0.252,1.24,0.34,0,12.575,71.6145833333333,2.8,2.3,0.222382,3,8.3e-6,0.17453000000000002,0.222382,4,2,1,3,1,0,0,3,0,0,253993,0.8533608033584975,297638.46546546544,2015,2017,2,2,3
444,G11-13,M,S,Gåsborn 4,Gåsborn_1617,2016,2017,illegal,NA,0,NA,list(),Orebro,Hällefors,hällefors,G11-13,0.325,1.1,0.28,8.5e-4,10.275,69.6875,2.1,2.2,0.165527,5,2.98e-5,0.15884399999999999,0.165527,3,1,0,3,1,0,0,3,0,0,251668,0.858639656014004,293100.83483483485,2016,2016,0,0,1
445,G145-15,F,S,Gåsborn 4,Gåsborn_1617,2016,2017,illegal,NA,0,NA,list(),Orebro,Hällefors,hällefors,G145-15,0.325,1.1,0.28,8.5e-4,10.275,69.6875,2.1,2.2,0.152161,5,2.98e-5,0.15884399999999999,0.165527,3,1,0,3,1,0,0,3,0,0,251668,0.858639656014004,293100.83483483485,2016,2016,0,0,1
478,G74-12,M,S,Loka 3,Loka_1617,2016,2017,legal,NA,0,NA,list(),Orebro,Hällefors,hällefors,G74-12,0.284,1.15,0.36,0.00132,23.283,67.7333333333333,2.3,2.2,0.152161,3,0,0.2096255,0.26709,3,1,0,3,1,0,0,3,0,0,251668,0.858639656014004,293100.83483483485,2012,2016,4,4,5
479,M-10-09,F,S,Loka 3,Loka_1617,2016,2017,legal,NA,1,NA,list(),Orebro,Hällefors,hällefors,M-10-09,0.284,1.15,0.36,0.00132,23.283,67.7333333333333,2.3,2.2,0.26709,3,0,0.2096255,0.26709,3,1,0,3,1,0,0,3,0,0,251668,0.858639656014004,293100.83483483485,2012,2016,4,4,5
595,G27-11,M,S,Kindla,Kindla_1516,2015,2016,NA,NA,0,NA,list(),Orebro,Hällefors,ljusnarsberg,G27-11,0.282,1.23,0.31,0.0013,10.075,76.9739583333333,2.3,2.4,0.227051,6,9.42e-5,0.2664795,0.305908,3,1,1,3,1,1,1,3,0,0,243075,0.8489168807715045,286335.45345345343,2012,2016,3,3,4
596,G60-13,F,S,Kindla,Kindla_1516,2015,2016,NA,NA,0,NA,list(),Orebro,Hällefors,ljusnarsberg,G60-13,0.282,1.23,0.31,0.0013,10.075,76.9739583333333,2.3,2.4,0.305908,6,9.42e-5,0.2664795,0.305908,3,1,1,3,1,1,1,3,0,0,243075,0.8489168807715045,286335.45345345343,2012,2016,3,3,4
643,G80-13,F,S,Rombohöjden 2,Rombohöjden_1516,2015,2016,NA,NA,0,NA,list(),Orebro,Hällefors,nora,G80-13,0.251,1.24,0.34,0,12.45,71.0959595959596,2.2,2.4,0.126678,3,2.99e-6,0.17453000000000002,0.222382,3,1,1,3,1,1,1,3,0,0,243075,0.8489168807715045,286335.45345345343,2015,2017,0,0,1
644,G90-15,M,S,Rombohöjden 2,Rombohöjden_1516,2015,2016,NA,NA,0,NA,list(),Orebro,Hällefors,nora,G90-15,0.251,1.24,0.34,0,12.45,71.0959595959596,2.2,2.4,0.222382,3,2.99e-6,0.17453000000000002,0.222382,3,1,1,3,1,1,1,3,0,0,243075,0.8489168807715045,286335.45345345343,2015,2017,0,0,1
711,G11-13,M,S,Gåsborn 3,Gåsborn_1415,2014,2015,NA,NA,0,NA,list(),Orebro,Hällefors,hällefors,G11-13,0.328,1.16,0.31,7.6e-4,9.975,77.2069444444444,2.4,2.6,0.165527,5,8.46e-5,0.14610250000000002,0.165527,2,2,0,2,0,0,0,3,0,0,239023,0.8645611733933822,276467.42342342343,2013,2015,1,1,2
712,G49-12,F,S,Gåsborn 3,Gåsborn_1415,2014,2015,NA,NA,0,NA,list(),Orebro,Hällefors,hällefors,G49-12,0.328,1.16,0.31,7.6e-4,9.975,77.2069444444444,2.4,2.6,0.126678,5,8.46e-5,0.14610250000000002,0.165527,2,2,0,2,0,0,0,3,0,0,239023,0.8645611733933822,276467.42342342343,2013,2015,1,1,2
728,G27-11,M,S,Kindla,Kindla_1415,2014,2015,NA,NA,0,NA,list(),Orebro,Hällefors,hällefors,G27-11,0.268,1.32,0.31,0.00127,13.32,72.1508838383838,2.5,2.7,0.227051,6,4.59e-5,0.2664795,0.305908,2,2,0,2,0,0,0,3,0,0,239023,0.8645611733933822,276467.42342342343,2012,2016,2,2,3
729,G60-13,F,S,Kindla,Kindla_1415,2014,2015,NA,NA,0,NA,list(),Orebro,Hällefors,hällefors,G60-13,0.268,1.32,0.31,0.00127,13.32,72.1508838383838,2.5,2.7,0.305908,6,4.59e-5,0.2664795,0.305908,2,2,0,2,0,0,0,3,0,0,239023,0.8645611733933822,276467.42342342343,2012,2016,2,2,3
754,G74-12,M,S,Loka 3,Loka_1415,2014,2015,NA,NA,0,NA,list(),Orebro,Hällefors,karlskoga,G74-12,0.279,1.18,0.36,0.00207,22.867,69.9219681412395,2.3,2.7,0.152161,5,3.62e-6,0.2096255,0.26709,2,2,0,2,0,0,0,3,0,0,239023,0.8645611733933822,276467.42342342343,2012,2016,2,2,3
755,M-10-09,F,S,Loka 3,Loka_1415,2014,2015,NA,NA,1,NA,list(),Orebro,Hällefors,karlskoga,M-10-09,0.279,1.18,0.36,0.00207,22.867,69.9219681412395,2.3,2.7,0.26709,5,3.62e-6,0.2096255,0.26709,2,2,0,2,0,0,0,3,0,0,239023,0.8645611733933822,276467.42342342343,2012,2016,2,2,3
780,G67-12,M,S,Rombohöjden 1,Rombohöjden_1415,2014,2015,legal,NA,0,NA,list(),Orebro,Hällefors,hällefors,G67-12,0.259,1.23,0.32,6e-4,20.367,69.8330749092707,2.4,2.7,0.248535,5,1.14e-5,0.1876065,0.248535,2,2,0,2,0,0,0,3,0,0,239023,0.8645611733933822,276467.42342342343,2012,2014,2,2,3
781,G80-13,F,S,Rombohöjden 1,Rombohöjden_1415,2014,2015,NA,NA,0,NA,list(),Orebro,Hällefors,hällefors,G80-13,0.259,1.23,0.32,6e-4,20.367,69.8330749092707,2.4,2.7,0.126678,5,1.14e-5,0.1876065,0.248535,2,2,0,2,0,0,0,3,0,0,239023,0.8645611733933822,276467.42342342343,2012,2014,2,2,3
842,G11-13,M,S,Gåsborn 3,Gåsborn_1314,2013,2014,NA,NA,0,NA,list(),Orebro,Hällefors,hällefors,G11-13,0.335,1.08,0.3,8.5e-4,9.95,81.3177083333333,2.5,2.8,0.165527,5,1.9278e-4,0.14610250000000002,0.165527,2,2,0,2,0,0,0,3,0,0,238552,0.8775042809335171,271852.8048048048,2013,2015,0,0,1
843,G49-12,F,S,Gåsborn 3,Gåsborn_1314,2013,2014,NA,NA,0,NA,list(),Orebro,Hällefors,hällefors,G49-12,0.335,1.08,0.3,8.5e-4,9.95,81.3177083333333,2.5,2.8,0.126678,5,1.9278e-4,0.14610250000000002,0.165527,2,2,0,2,0,0,0,3,0,0,238552,0.8775042809335171,271852.8048048048,2013,2015,0,0,1
860,G27-11,M,S,Kindla,Kindla_1314,2013,2014,NA,NA,0,NA,list(),Orebro,Hällefors,hällefors,G27-11,0.268,1.32,0.3,0.00135,13.3,81.1612903225806,2.3,2.9,0.227051,5,1.3781e-4,0.2664795,0.305908,2,2,0,2,0,0,0,3,0,0,238552,0.8775042809335171,271852.8048048048,2012,2016,1,1,2
861,G60-13,F,S,Kindla,Kindla_1314,2013,2014,NA,NA,0,NA,list(),Orebro,Hällefors,hällefors,G60-13,0.268,1.32,0.3,0.00135,13.3,81.1612903225806,2.3,2.9,0.305908,5,1.3781e-4,0.2664795,0.305908,2,2,0,2,0,0,0,3,0,0,238552,0.8775042809335171,271852.8048048048,2012,2016,1,1,2
908,G67-12,M,S,Rombohöjden 1,Rombohöjden_1314,2013,2014,NA,NA,0,NA,list(),Orebro,Hällefors,hällefors,G67-12,0.26,1.28,0.32,0.00171,11.22,81.2395833333333,2.2,2.9,0.248535,7,9.07e-5,0.1876065,0.248535,2,2,0,2,0,0,0,3,0,0,238552,0.8775042809335171,271852.8048048048,2012,2014,1,1,2
909,G80-13,F,S,Rombohöjden 1,Rombohöjden_1314,2013,2014,NA,NA,0,NA,list(),Orebro,Hällefors,hällefors,G80-13,0.26,1.28,0.32,0.00171,11.22,81.2395833333333,2.2,2.9,0.126678,7,9.07e-5,0.1876065,0.248535,2,2,0,2,0,0,0,3,0,0,238552,0.8775042809335171,271852.8048048048,2012,2014,1,1,2
984,G47-13,M,S,Gåsborn 2,Gåsborn_1213,2012,2013,illegal,NA,0,NA,list(),Orebro,Hällefors,hällefors,G47-13,0.338,1.17,0.29,0.00165,9.85,69.90625,2.9,3.3,0.255676,5,4.56e-5,0.191177,0.255676,2,2,0,2,1,0,0,3,2,0,231036,0.8713739198872046,265139.9069069069,2012,2012,0,0,1
985,G49-12,F,S,Gåsborn 2,Gåsborn_1213,2012,2013,NA,NA,0,NA,list(),Orebro,Hällefors,hällefors,G49-12,0.338,1.17,0.29,0.00165,9.85,69.90625,2.9,3.3,0.126678,5,4.56e-5,0.191177,0.255676,2,2,0,2,1,0,0,3,2,0,231036,0.8713739198872046,265139.9069069069,2012,2012,0,0,1
1000,G27-11,M,S,Kindla,Kindla_1213,2012,2013,NA,NA,0,NA,list(),Orebro,Hällefors,hällefors,G27-11,0.254,1.36,0.3,5.9e-4,12.175,66.5555555555556,2.9,3.3,0.227051,4,2.83e-5,0.2664795,0.305908,2,2,0,2,1,0,0,3,2,0,231036,0.8713739198872046,265139.9069069069,2012,2016,0,0,1
1001,G60-13,F,S,Kindla,Kindla_1213,2012,2013,NA,NA,0,NA,list(),Orebro,Hällefors,hällefors,G60-13,0.254,1.36,0.3,5.9e-4,12.175,66.5555555555556,2.9,3.3,0.305908,4,2.83e-5,0.2664795,0.305908,2,2,0,2,1,0,0,3,2,0,231036,0.8713739198872046,265139.9069069069,2012,2016,0,0,1
1042,G67-12,M,S,Rombohöjden 1,Rombo_1213,2012,2013,NA,NA,0,NA,list(),Orebro,Hällefors,hällefors,G67-12,0.277,1.26,0.33,0.00161,11.1,67.4403561827957,3,3.4,0.248535,5,1.77e-5,0.1876065,0.248535,2,2,0,2,1,0,0,3,2,0,231036,0.8713739198872046,265139.9069069069,2012,2014,0,0,1
1043,G80-13,F,S,Rombohöjden 1,Rombo_1213,2012,2013,NA,NA,0,NA,list(),Orebro,Hällefors,hällefors,G80-13,0.277,1.26,0.33,0.00161,11.1,67.4403561827957,3,3.4,0.126678,5,1.77e-5,0.1876065,0.248535,2,2,0,2,1,0,0,3,2,0,231036,0.8713739198872046,265139.9069069069,2012,2014,0,0,1
1111,G27-11,M,S,Gåsborn 1,Gåsborn_1112,2011,2012,NA,NA,0,NA,list(),Orebro,Hällefors,hällefors,G27-11,0.337,1.09,0.3,8.5e-4,9.95,82.09375,NA,3.2,0.227051,3,9e-5,0.1135255,0.227051,2,2,0,2,1,0,0,3,2,0,227528,0.881252448421861,258187.08408408408,2010,2011,1,1,2
1112,G6-11,F,S,Gåsborn 1,Gåsborn_1112,2011,2012,illegal,NA,0,NA,list(),Orebro,Hällefors,hällefors,G6-11,0.337,1.09,0.3,8.5e-4,9.95,82.09375,NA,3.2,0,3,9e-5,0.1135255,0.227051,2,2,0,2,1,0,0,3,2,0,227528,0.881252448421861,258187.08408408408,2010,2011,1,1,2
1145,G63-11,M,S,Loka 2,Loka_1112,2011,2012,other,NA,0,scabies,list(),Orebro,Hällefors,hällefors,G63-11,0.285,1.11,0.34,7.8e-4,21.02,82.2135416666667,NA,3.6,0.305908,4,6.74e-6,0.286499,0.305908,2,2,0,2,1,0,0,3,2,0,227528,0.881252448421861,258187.08408408408,2010,2011,1,1,2
1146,M-10-09,F,S,Loka 2,Loka_1112,2011,2012,NA,NA,1,NA,list(),Orebro,Hällefors,hällefors,M-10-09,0.285,1.11,0.34,7.8e-4,21.02,82.2135416666667,NA,3.6,0.26709,4,6.74e-6,0.286499,0.305908,2,2,0,2,1,0,0,3,2,0,227528,0.881252448421861,258187.08408408408,2010,2011,1,1,2
1182,G48-12,F,S,Ulriksberg 4,Ulriksberg_1112,2011,2012,illegal,NA,0,NA,list(),Orebro,Hällefors,hällefors,G48-12,0.248,1.39,0.31,0.00125,12.35,81.6822916666667,NA,3.5,0.284912,4,3.87e-5,0.29235849999999997,0.299805,2,2,0,2,1,0,0,3,2,0,227528,0.881252448421861,258187.08408408408,2011,2011,0,0,1
1183,G95-11,M,S,Ulriksberg 4,Ulriksberg_1112,2011,2012,illegal,NA,0,NA,list(),Orebro,Hällefors,hällefors,G95-11,0.248,1.39,0.31,0.00125,12.35,81.6822916666667,NA,3.5,0.299805,4,3.87e-5,0.29235849999999997,0.299805,2,2,0,2,1,0,0,3,2,0,227528,0.881252448421861,258187.08408408408,2011,2011,0,0,1
1264,G63-11,M,S,Loka 2,Loka_1011,2010,2011,NA,NA,0,NA,list(),Orebro,Hällefors,karlskoga,G63-11,0.282,1.17,0.36,0.00179,22.767,81.65625,NA,3.5,0.305908,2,3.21e-6,0.286499,0.305908,2,2,2,2,1,0,0,3,2,0,231600,0.8997918420217029,257392.86486486485,2010,2011,0,0,1
1265,M-10-09,F,S,Loka 2,Loka_1011,2010,2011,NA,NA,1,NA,list(),Orebro,Hällefors,karlskoga,M-10-09,0.282,1.17,0.36,0.00179,22.767,81.65625,NA,3.5,0.26709,2,3.21e-6,0.286499,0.305908,2,2,2,2,1,0,0,3,2,0,231600,0.8997918420217029,257392.86486486485,2010,2011,0,0,1
1308,G4-07,M,S,Ulriksberg 3,Ulriksberg_1011,2010,2011,illegal,NA,0,NA,list(),Orebro,Hällefors,hällefors,G4-07,0.28,1.3,0.32,0.00248,11.3,81.640625,NA,3.2,0.296875,4,5.77e-5,0.2678225,0.296875,2,2,2,2,1,0,0,3,2,0,231600,0.8997918420217029,257392.86486486485,2009,2010,1,1,2
1309,M-06-02,F,S,Ulriksberg 3,Ulriksberg_1011,2010,2011,illegal,NA,1,Male in Ulriksberg 3 (G4-07) is found under Loka,list(),Orebro,Hällefors,hällefors,M-06-02,0.28,1.3,0.32,0.00248,11.3,81.640625,NA,3.2,0.23877,4,5.77e-5,0.2678225,0.296875,2,2,2,2,1,0,0,3,2,0,231600,0.8997918420217029,257392.86486486485,2009,2010,1,1,2
1376,G28-06,F,S,Loka 1,Loka_0910,2009,2010,illegal,NA,0,NA,list(),Orebro,Hällefors,hällefors,G28-06,0.272,1.14,0.31,3.9e-4,21.04,81.84375,NA,3.1,0.260742,0,1.32e-6,0.2788085,0.296875,0,0,0,2,1,0,0,3,2,0,234289,0.9050275229357798,258875,2006,2009,3,3,4
1377,G4-07,M,S,Loka 1,Loka_0910,2009,2010,NA,NA,0,NA,list(),Orebro,Hällefors,hällefors,G4-07,0.272,1.14,0.31,3.9e-4,21.04,81.84375,NA,3.1,0.296875,0,1.32e-6,0.2788085,0.296875,0,0,0,2,1,0,0,3,2,0,234289,0.9050275229357798,258875,2006,2009,3,3,4
1414,G4-07,M,S,Ulriksberg 3,Ulriksberg_0910,2009,2010,NA,NA,0,NA,list(),Orebro,Hällefors,hällefors,G4-07,0.29,1.24,0.3,0.00118,10.025,82.4656084656085,NA,2.9,0.296875,1,2.96e-5,0.2678225,0.296875,0,0,0,2,1,0,0,3,2,0,234289,0.9050275229357798,258875,2009,2010,0,0,1
1415,M-06-02,F,S,Ulriksberg 3,Ulriksberg_0910,2009,2010,NA,NA,1,NA,list(),Orebro,Hällefors,hällefors,M-06-02,0.29,1.24,0.3,0.00118,10.025,82.4656084656085,NA,2.9,0.23877,1,2.96e-5,0.2678225,0.296875,0,0,0,2,1,0,0,3,2,0,234289,0.9050275229357798,258875,2009,2010,0,0,1
1466,G28-06,F,S,Loka 1,Loka_0809,2008,2009,NA,NA,0,NA,"c(14.7438712881814, 14.68937645285, 59.5052175202107, 59.8710203444788)",Orebro,Hällefors,hällefors,G28-06,0.272,1.14,0.36,7.8e-4,21.12,73.1442988351255,NA,2.8,0.260742,1,1.47e-6,0.2788085,0.296875,0,0,0,2,1,1,1,3,2,2,233695,0.9191327068793521,254255.993993994,2006,2009,2,2,3
1467,G4-07,M,S,Loka 1,Loka_0809,2008,2009,NA,NA,0,NA,"c(14.7438712881814, 14.68937645285, 59.5052175202107, 59.8710203444788)",Orebro,Hällefors,hällefors,G4-07,0.272,1.14,0.36,7.8e-4,21.12,73.1442988351255,NA,2.8,0.296875,1,1.47e-6,0.2788085,0.296875,0,0,0,2,1,1,1,3,2,2,233695,0.9191327068793521,254255.993993994,2006,2009,2,2,3
1492,M-06-02,F,S,Ulriksberg 2,Ulriksberg_0809,2008,2009,NA,NA,1,NA,"c(14.7438712881814, 14.68937645285, 59.5052175202107, 59.8710203444788)",Orebro,Hällefors,hällefors,M-06-02,0.296,1.21,0.31,9.9e-4,10.05,78.1666666666667,NA,2.6,0.23877,0,3.09e-5,0.21313500000000002,0.23877,0,0,0,2,1,1,1,3,2,2,233695,0.9191327068793521,254255.993993994,2005,2008,3,3,4
1493,M-98-04,M,S,Ulriksberg 2,Ulriksberg_0809,2008,2009,other,NA,1,old age,"c(14.7438712881814, 14.68937645285, 59.5052175202107, 59.8710203444788)",Orebro,Hällefors,hällefors,M-98-04,0.296,1.21,0.31,9.9e-4,10.05,78.1666666666667,NA,2.6,0.1875,0,3.09e-5,0.21313500000000002,0.23877,0,0,0,2,1,1,1,3,2,2,233695,0.9191327068793521,254255.993993994,2005,2008,3,3,4
1570,M-06-02,F,S,Ulriksberg 2,Ulriksberg_0708,2007,2008,NA,NA,1,NA,list(),Orebro,Hällefors,hällefors,M-06-02,0.303,1.18,0.3,7.6e-4,10.15,72.8118279569892,NA,2.9,0.23877,0,6.85e-6,0.21313500000000002,0.23877,0,0,0,1,1,0,0,1,1,0,231555,0.9214607025130573,251291.23723723725,2005,2008,2,2,3
1571,M-98-04,M,S,Ulriksberg 2,Ulriksberg_0708,2007,2008,NA,NA,1,NA,list(),Orebro,Hällefors,hällefors,M-98-04,0.303,1.18,0.3,7.6e-4,10.15,72.8118279569892,NA,2.9,0.1875,0,6.85e-6,0.21313500000000002,0.23877,0,0,0,1,1,0,0,1,1,0,231555,0.9214607025130573,251291.23723723725,2005,2008,2,2,3
1632,M-06-02,F,S,Ulriksberg 2,Ulriksberg_0607,2006,2007,NA,NA,1,NA,list(),Orebro,Hällefors,hällefors,M-06-02,0.297,1.21,0.3,9.7e-4,10.2,82.2135416666667,NA,3.2,0.23877,0,1.7e-5,0.21313500000000002,0.23877,0,0,0,1,1,0,0,1,1,0,231433,0.9387955115142712,246521.2042042042,2005,2008,1,1,2
1633,M-98-04,M,S,Ulriksberg 2,Ulriksberg_0607,2006,2007,NA,NA,1,NA,list(),Orebro,Hällefors,hällefors,M-98-04,0.297,1.21,0.3,9.7e-4,10.2,82.2135416666667,NA,3.2,0.1875,0,1.7e-5,0.21313500000000002,0.23877,0,0,0,1,1,0,0,1,1,0,231433,0.9387955115142712,246521.2042042042,2005,2008,1,1,2
1687,M-06-02,F,S,Ulriksberg 2,Ulriksberg_0506,2005,2006,NA,NA,1,NA,list(),Orebro,Hällefors,hällefors,M-06-02,0.296,1.22,0.31,0.00104,10.25,82.390625,NA,3.6,0.23877,0,4.92e-6,0.21313500000000002,0.23877,0,0,0,1,1,0,0,1,1,0,227768,0.9360092425655894,243339.47747747749,2005,2008,0,0,1
1688,M-98-04,M,S,Ulriksberg 2,Ulriksberg_0506,2005,2006,NA,NA,1,NA,list(),Orebro,Hällefors,hällefors,M-98-04,0.296,1.22,0.31,0.00104,10.25,82.390625,NA,3.6,0.1875,0,4.92e-6,0.21313500000000002,0.23877,0,0,0,1,1,0,0,1,1,0,227768,0.9360092425655894,243339.47747747749,2005,2008,0,0,1
1783,M-02-07,F,S,Stadra,Stadra_0304,2003,2004,illegal,1,1,NA,"c(14.6306644651721, 59.5105329669124)",Orebro,Hällefors,hällefors,M-02-07,0.276,1.13,0.35,7.8e-4,21.7,66.8676441837732,NA,4.5,0.269531,1,0,0.314453,0.359375,0,0,0,1,1,1,1,1,1,1,220091,0.9432481625848861,233333.0810810811,2002,2003,1,1,2
1784,M-03-04,M,S,Stadra,Stadra_0304,2003,2004,censored,NA,1,NA,"c(14.6306644651721, 59.5105329669124)",Orebro,Hällefors,hällefors,M-03-04,0.276,1.13,0.35,7.8e-4,21.7,66.8676441837732,NA,4.5,0.359375,1,0,0.314453,0.359375,0,0,0,1,1,1,1,1,1,1,220091,0.9432481625848861,233333.0810810811,2002,2003,1,1,2
1813,M-02-07,F,S,Stadra,Stadra_0203,2002,2003,NA,NA,1,NA,list(),Orebro,Hällefors,hällefors,M-02-07,0.259,1.24,0.33,0.00108,11.7,75.2022727272727,NA,4.4,0.269531,1,0,0.314453,0.359375,0,0,0,0,0,0,0,0,0,0,214104,0.9330895180448734,229457.08408408408,2002,2003,0,0,1
1814,M-03-04,M,S,Stadra,Stadra_0203,2002,2003,NA,NA,1,NA,list(),Orebro,Hällefors,hällefors,M-03-04,0.259,1.24,0.33,0.00108,11.7,75.2022727272727,NA,4.4,0.359375,1,0,0.314453,0.359375,0,0,0,0,0,0,0,0,0,0,214104,0.9330895180448734,229457.08408408408,2002,2003,0,0,1
25,G135-16,F,S,Grytingen 1,Grytingen_1920,2019,2020,NA,NA,0,NA,list(),Orebro,Karlskoga,NA,G135-16,0.285,1.2,0.36,0.00525,23.083,70.8222222222222,2.9,2.4,0.222382,4,0,0.254929,0.287476,1,1,0,29,0,0,0,3,1,0,289930,0.9540855090135711,303882.6156156156,2017,2019,2,2,3
26,G43-17,M,S,Grytingen 1,Grytingen_1920,2019,2020,NA,NA,0,NA,list(),Orebro,Karlskoga,NA,G43-17,0.285,1.2,0.36,0.00525,23.083,70.8222222222222,2.9,2.4,0.287476,4,0,0.254929,0.287476,1,1,0,29,0,0,0,3,1,0,289930,0.9540855090135711,303882.6156156156,2017,2019,2,2,3
617,G74-12,M,S,Loka 3,Loka_1516,2015,2016,NA,NA,0,NA,list(),Orebro,Karlskoga,karlskoga,G74-12,0.275,1.19,0.36,0.00386,23.017,68.505376344086,2,2.2,0.152161,3,1e-8,0.2096255,0.26709,0,0,0,29,0,0,0,2,1,0,272713,0.9524248454421035,286335.45345345343,2012,2016,3,3,4
618,M-10-09,F,S,Loka 3,Loka_1516,2015,2016,NA,NA,1,NA,list(),Orebro,Karlskoga,karlskoga,M-10-09,0.275,1.19,0.36,0.00386,23.017,68.505376344086,2,2.2,0.26709,3,1e-8,0.2096255,0.26709,0,0,0,29,0,0,0,2,1,0,272713,0.9524248454421035,286335.45345345343,2012,2016,3,3,4
886,G74-12,M,S,Loka 3,Loka_1314,2013,2014,NA,NA,0,NA,list(),Orebro,Karlskoga,karlskoga,G74-12,0.29,1.25,0.35,0.0073,22.783,79.010752688172,2.7,3.1,0.152161,5,1.93e-5,0.2096255,0.26709,0,0,0,29,0,0,0,2,1,0,263756,0.9702162175202921,271852.8048048048,2012,2016,1,1,2
887,M-10-09,F,S,Loka 3,Loka_1314,2013,2014,NA,NA,1,NA,list(),Orebro,Karlskoga,karlskoga,M-10-09,0.29,1.25,0.35,0.0073,22.783,79.010752688172,2.7,3.1,0.26709,5,1.93e-5,0.2096255,0.26709,0,0,0,29,0,0,0,2,1,0,263756,0.9702162175202921,271852.8048048048,2012,2016,1,1,2
932,G23-11,F,S,Villingsberg 1,Villingsberg_1314,2013,2014,illegal,NA,0,NA,list(),Orebro,Karlskoga,karlskoga,G23-11,0.199,1.31,0.51,0.01519,38.367,75.453125,2.7,2.9,0.262024,3,9.91e-6,0.2796935,0.297363,0,0,0,29,0,0,0,2,1,0,263756,0.9702162175202921,271852.8048048048,2011,2013,2,2,3
933,G68-11,M,S,Villingsberg 1,Villingsberg_1314,2013,2014,illegal,NA,0,NA,list(),Orebro,Karlskoga,karlskoga,G68-11,0.199,1.31,0.51,0.01519,38.367,75.453125,2.7,2.9,0.297363,3,9.91e-6,0.2796935,0.297363,0,0,0,29,0,0,0,2,1,0,263756,0.9702162175202921,271852.8048048048,2011,2013,2,2,3
1022,G74-12,M,S,Loka 3,Loka_1213,2012,2013,NA,NA,0,NA,list(),Orebro,Karlskoga,karlskoga,G74-12,0.274,1.24,0.38,0.00856,22.633,65.0183228278334,3.1,3.6,0.152161,5,5.4e-7,0.2096255,0.26709,0,0,0,29,0,0,0,2,1,0,259658,0.9793244744977916,265139.9069069069,2012,2016,0,0,1
1023,M-10-09,F,S,Loka 3,Loka_1213,2012,2013,NA,NA,1,NA,list(),Orebro,Karlskoga,karlskoga,M-10-09,0.274,1.24,0.38,0.00856,22.633,65.0183228278334,3.1,3.6,0.26709,5,5.4e-7,0.2096255,0.26709,0,0,0,29,0,0,0,2,1,0,259658,0.9793244744977916,265139.9069069069,2012,2016,0,0,1
1065,G23-11,F,S,Villingsberg 1,Villingsberg_1213,2012,2013,NA,NA,0,NA,list(),Orebro,Karlskoga,karlskoga,G23-11,0.196,1.32,0.52,0.01521,44.26,57.0637254901961,3.1,3.3,0.262024,3,0,0.2796935,0.297363,0,0,0,29,0,0,0,2,1,0,259658,0.9793244744977916,265139.9069069069,2011,2013,1,1,2
1066,G68-11,M,S,Villingsberg 1,Villingsberg_1213,2012,2013,NA,NA,0,NA,list(),Orebro,Karlskoga,karlskoga,G68-11,0.196,1.32,0.52,0.01521,44.26,57.0637254901961,3.1,3.3,0.297363,3,0,0.2796935,0.297363,0,0,0,29,0,0,0,2,1,0,259658,0.9793244744977916,265139.9069069069,2011,2013,1,1,2
1186,G23-11,F,S,Villingsberg 1,Villingsberg_1112,2011,2012,NA,NA,0,NA,"c(14.4743693863434, 59.4799656568693)",Orebro,Karlskoga,karlskoga,G23-11,0.198,1.34,0.53,0.01549,44.12,76.6111111111111,NA,3.5,0.262024,3,0,0.2796935,0.297363,0,0,0,29,0,0,0,2,1,1,250813,0.9714389892498164,258187.08408408408,2011,2013,0,0,1
1187,G68-11,M,S,Villingsberg 1,Villingsberg_1112,2011,2012,NA,NA,0,NA,"c(14.4743693863434, 59.4799656568693)",Orebro,Karlskoga,karlskoga,G68-11,0.198,1.34,0.53,0.01549,44.12,76.6111111111111,NA,3.5,0.297363,3,0,0.2796935,0.297363,0,0,0,29,0,0,0,2,1,1,250813,0.9714389892498164,258187.08408408408,2011,2013,0,0,1
1603,G7-03,F,S,Kilsbergen,Kilsbergen_0607,2006,2007,NA,NA,0,NA,list(),Orebro,Karlskoga,nora,G7-03,0.218,1.28,0.43,0.0118,34.8,75.1302083333333,NA,3.3,0.1875,1,0,0.2285155,0.269531,0,0,0,29,29,0,0,1,1,0,251033,1.0183018568741797,246521.2042042042,2002,2007,4,4,5
1604,M-05-04,M,S,Kilsbergen,Kilsbergen_0607,2006,2007,NA,NA,1,NA,list(),Orebro,Karlskoga,nora,M-05-04,0.218,1.28,0.43,0.0118,34.8,75.1302083333333,NA,3.3,0.269531,1,0,0.2285155,0.269531,0,0,0,29,29,0,0,1,1,0,251033,1.0183018568741797,246521.2042042042,2002,2007,4,4,5
1610,G28-06,F,S,Loka 1,Loka_0607,2006,2007,NA,NA,0,NA,list(),Orebro,Karlskoga,karlskoga,G28-06,0.277,1.24,0.38,0.00855,23.183,77.0416666666667,NA,3.5,0.260742,1,0,0.2788085,0.296875,0,0,0,29,29,0,0,1,1,0,251033,1.0183018568741797,246521.2042042042,2006,2009,0,0,1
1611,G4-07,M,S,Loka 1,Loka_0607,2006,2007,NA,NA,0,NA,list(),Orebro,Karlskoga,karlskoga,G4-07,0.277,1.24,0.38,0.00855,23.183,77.0416666666667,NA,3.5,0.296875,1,0,0.2788085,0.296875,0,0,0,29,29,0,0,1,1,0,251033,1.0183018568741797,246521.2042042042,2006,2009,0,0,1
107,G123-14,M,S,Tiveden 2,Tiveden_1920,2019,2020,illegal,NA,0,NA,list(),Orebro,Laxå,NA,G123-14,0.203,1.41,0.39,0.00315,16.65,56.6236559139785,2.1,2.3,0.214123,0,0,NA,NA,1,0,0,18,0,0,0,2,0,0,266519,0.8770458930665608,303882.6156156156,2016,2019,3,3,4
108,M-13-12/G31-13,F,S,Tiveden 2,Tiveden_1920,2019,2020,NA,NA,1,NA,list(),Orebro,Laxå,NA,G31-13,0.203,1.41,0.39,0.00315,16.65,56.6236559139785,2.1,2.3,NA,0,0,NA,NA,1,0,0,18,0,0,0,2,0,0,266519,0.8770458930665608,303882.6156156156,2016,2019,3,3,4
239,G123-14,M,S,Tiveden 2,Tiveden_1819,2018,2019,NA,NA,0,NA,list(),Orebro,Laxå,laxå,G123-14,0.19,1.4,0.39,0.0035,17.983,73.9847756410256,2.5,2.3,0.214123,1,0,NA,NA,1,0,0,18,0,0,0,2,0,0,269103,0.8934746754351478,301187.04804804805,2016,2019,2,2,3
240,M-13-12/G31-13,F,S,Tiveden 2,Tiveden_1819,2018,2019,NA,NA,1,NA,list(),Orebro,Laxå,laxå,G31-13,0.19,1.4,0.39,0.0035,17.983,73.9847756410256,2.5,2.3,NA,1,0,NA,NA,1,0,0,18,0,0,0,2,0,0,269103,0.8934746754351478,301187.04804804805,2016,2019,2,2,3
1448,D-08-20,M,S,Hasselfors 3,Hasselfors_0809,2008,2009,legal,NA,0,NA,"c(14.4128825218998, 58.9778883582366)",Orebro,Laxå,laxå,D-08-20,0.159,1.29,0.33,0.00303,19.6,48.752688172043,NA,2.7,0.324219,0,0,0.3789065,0.433594,1,1,1,17,4,0,0,1,1,1,242524,0.9538575519510816,254255.993993994,2006,2008,2,2,3
1449,G37-07,F,S,Hasselfors 3,Hasselfors_0809,2008,2009,NA,NA,0,NA,"c(14.4128825218998, 58.9778883582366)",Orebro,Laxå,laxå,G37-07,0.159,1.29,0.33,0.00303,19.6,48.752688172043,NA,2.7,0.433594,0,0,0.3789065,0.433594,1,1,1,17,4,0,0,1,1,1,242524,0.9538575519510816,254255.993993994,2006,2008,2,2,3
1655,D-06-16,F,S,Hasselfors 2,Hasselfors_0506,2005,2006,other,NA,0,trauma,list(),Orebro,Laxå,laxå,D-06-16,0.157,1.28,0.39,0.00319,19.562,64.2931034482759,NA,3.4,0.304688,1,0,0.214844,0.304688,0,0,0,17,17,3,1,0,0,0,233772,0.9606825921685354,243339.47747747749,2002,2005,3,3,4
1656,M-01-05,M,S,Hasselfors 2,Hasselfors_0506,2005,2006,other,NA,1,skeleton found,list(),Orebro,Laxå,laxå,M-01-05,0.157,1.28,0.39,0.00319,19.562,64.2931034482759,NA,3.4,0.125,1,0,0.214844,0.304688,0,0,0,17,17,3,1,0,0,0,233772,0.9606825921685354,243339.47747747749,2002,2005,3,3,4
1711,D-06-16,F,S,Hasselfors 2,Hasselfors_0405,2004,2005,NA,NA,0,NA,list(),Orebro,Laxå,laxå,D-06-16,0.157,1.28,0.34,0.00308,19.986,72.0888888888889,NA,4.2,0.304688,0,0,0.214844,0.304688,0,0,0,14,14,1,1,0,0,0,231162,0.9700575779360282,238297.1951951952,2002,2005,2,2,3
1712,M-01-05,M,S,Hasselfors 2,Hasselfors_0405,2004,2005,NA,NA,1,NA,list(),Orebro,Laxå,laxå,M-01-05,0.157,1.28,0.34,0.00308,19.986,72.0888888888889,NA,4.2,0.125,0,0,0.214844,0.304688,0,0,0,14,14,1,1,0,0,0,231162,0.9700575779360282,238297.1951951952,2002,2005,2,2,3
1833,M-01-04,F,S,Hasselfors 1,Laxå-Hasselfors_0102,2001,2002,natural,NA,1,Scabies,list(),Orebro,Laxå,laxå,M-01-04,0.16,1.3,0.33,0.00332,20.3,62.3788194444444,NA,4.3,0.125,0,0,0.125,0.125,0,0,0,0,0,0,0,0,0,0,224101,1.0004236922237295,224006.0903614458,1999,2001,2,2,3
1834,M-01-05,M,S,Hasselfors 1,Laxå-Hasselfors_0102,2001,2002,NA,NA,1,NA,list(),Orebro,Laxå,laxå,M-01-05,0.16,1.3,0.33,0.00332,20.3,62.3788194444444,NA,4.3,0.125,0,0,0.125,0.125,0,0,0,0,0,0,0,0,0,0,224101,1.0004236922237295,224006.0903614458,1999,2001,2,2,3
1867,M-01-04,F,S,Hasselfors 1,Laxå-Hasselfors_0001,2000,2001,NA,NA,1,NA,list(),Orebro,Laxå,laxå,M-01-04,0.161,1.28,0.37,0.00377,20.75,45.4632056451613,NA,4.1,0.125,0,0,0.125,0.125,0,0,0,0,0,0,0,0,0,0,222151,1.007912248682449,220407.0843373494,1999,2001,1,1,2
1868,M-01-05,M,S,Hasselfors 1,Laxå-Hasselfors_0001,2000,2001,NA,NA,1,NA,list(),Orebro,Laxå,laxå,M-01-05,0.161,1.28,0.37,0.00377,20.75,45.4632056451613,NA,4.1,0.125,0,0,0.125,0.125,0,0,0,0,0,0,0,0,0,0,222151,1.007912248682449,220407.0843373494,1999,2001,1,1,2
1891,M-01-04,F,S,Hasselfors 1,Hasselfors-Laxå_9900,1999,2000,NA,NA,1,NA,list(),Orebro,Laxå,laxå,M-01-04,0.154,1.25,0.35,0.00347,20.7,NA,NA,4.3,0.125,0,0,0.125,0.125,NA,NA,NA,0,0,0,0,0,0,0,219215,1.0209158228796114,214723.8734939759,1999,2001,0,0,1
1892,M-01-05,M,S,Hasselfors 1,Hasselfors-Laxå_9900,1999,2000,NA,NA,1,NA,list(),Orebro,Laxå,laxå,M-01-05,0.154,1.25,0.35,0.00347,20.7,NA,NA,4.3,0.125,0,0,0.125,0.125,NA,NA,NA,0,0,0,0,0,0,0,219215,1.0209158228796114,214723.8734939759,1999,2001,0,0,1
131,G12-20,F,S,Ölen,Ölen_1920,2019,2020,NA,NA,0,Ölen 1920 recognized by VSC in retrospect. Coordinates calculated by OL,list(),Orebro,Lekeberg,NA,G12-20,0.19,1.36,0.49,0.01041,42.617,58.546875,2.3,2.3,0.402695,3,0,0.2932035,0.402695,0,0,0,68,50,0,0,1,1,0,310195,1.0207724432396257,303882.6156156156,2019,2019,0,0,1
132,G28-16,M,S,Ölen,Ölen_1920,2019,2020,NA,NA,0,NA,list(),Orebro,Lekeberg,NA,G28-16,0.19,1.36,0.49,0.01041,42.617,58.546875,2.3,2.3,0.183712,3,0,0.2932035,0.402695,0,0,0,68,50,0,0,1,1,0,310195,1.0207724432396257,303882.6156156156,2019,2019,0,0,1
3,M-15-01/G140-13,F,S,Aspafallet 3,Aspafallet_1920,2019,2020,NA,NA,1,NA,list(),Orebro,Lindesberg,NA,G140-13,0.236,1.19,0.38,0.00131,22.4,65.09375,2.3,2.2,0.29248,4,4.84e-6,0.26082500000000003,0.29248,6,4,0,68,16,15,2,3,0,0,282049,0.9281511528016029,303882.6156156156,2017,2019,2,2,3
4,M17-11/G125-17,M,S,Aspafallet 3,Aspafallet_1920,2019,2020,censored,NA,1,NA,list(),Orebro,Lindesberg,NA,G125-17,0.236,1.19,0.38,0.00131,22.4,65.09375,2.3,2.2,0.22917,4,4.84e-6,0.26082500000000003,0.29248,6,4,0,68,16,15,2,3,0,0,282049,0.9281511528016029,303882.6156156156,2017,2019,2,2,3
33,G264-17,M,S,Haraldsjön,Haraldssjön_1920,2019,2020,NA,NA,0,NA,list(),Orebro,Lindesberg,NA,G264-17,0.256,1.29,0.35,0.00273,17.4,76.4242424242424,2.5,2.2,0.20644,4,2.27e-5,0.25912650000000004,0.311813,6,4,0,68,16,15,2,3,0,0,282049,0.9281511528016029,303882.6156156156,2019,2019,0,0,1
34,G259-17,F,S,Haraldsjön,Haraldssjön_1920,2019,2020,NA,NA,0,NA,list(),Orebro,Lindesberg,NA,G259-17,0.256,1.29,0.35,0.00273,17.4,76.4242424242424,2.5,2.2,0.311813,4,2.27e-5,0.25912650000000004,0.311813,6,4,0,68,16,15,2,3,0,0,282049,0.9281511528016029,303882.6156156156,2019,2019,0,0,1
119,G147-15,F,S,Vidaln 2,Vidaln_1920,2019,2020,NA,NA,0,NA,list(),Orebro,Lindesberg,NA,G147-15,0.21,1.43,0.52,0.00632,52,51.765625,2.1,2.1,0.319611,2,1.8e-7,0.2709965,0.319611,6,4,0,68,16,15,2,3,0,0,282049,0.9281511528016029,303882.6156156156,2019,2019,0,0,1
120,G45-19,M,S,Vidaln 2,Vidaln_1920,2019,2020,NA,NA,0,NA,list(),Orebro,Lindesberg,NA,G45-19,0.21,1.43,0.52,0.00632,52,51.765625,2.1,2.1,0.222382,2,1.8e-7,0.2709965,0.319611,6,4,0,68,16,15,2,3,0,0,282049,0.9281511528016029,303882.6156156156,2019,2019,0,0,1
135,M-15-01/G140-13,F,S,Aspafallet 3,Aspafallet_1819,2018,2019,NA,NA,1,NA,list(),Orebro,Lindesberg,lindesberg,G140-13,0.237,1.18,0.37,0.00182,22.433,81.6354166666667,2,2.1,0.29248,5,6.1e-7,0.26082500000000003,0.29248,6,4,0,53,1,0,0,3,1,0,281852,0.9358038528769552,301187.04804804805,2017,2019,1,1,2
136,M17-11/G125-17,M,S,Aspafallet 3,Aspafallet_1819,2018,2019,NA,NA,1,NA,list(),Orebro,Lindesberg,lindesberg,G125-17,0.237,1.18,0.37,0.00182,22.433,81.6354166666667,2,2.1,0.22917,5,6.1e-7,0.26082500000000003,0.29248,6,4,0,53,1,0,0,3,1,0,281852,0.9358038528769552,301187.04804804805,2017,2019,1,1,2
261,M-15-01/G140-13,F,S,Aspafallet 3,Aspafallet_1718,2017,2018,NA,NA,1,NA,list(),Orebro,Lindesberg,lindesberg,G140-13,0.224,1.16,0.41,2.8e-4,27.45,61.1616161616162,1.8,2.2,0.29248,3,3.19e-6,0.26082500000000003,0.29248,6,4,0,53,13,1,1,3,1,0,281277,0.9450290625578976,297638.46546546544,2017,2019,0,0,1
262,M17-11/G125-17,M,S,Aspafallet 3,Aspafallet_1718,2017,2018,NA,NA,1,NA,list(),Orebro,Lindesberg,lindesberg,G125-17,0.224,1.16,0.41,2.8e-4,27.45,61.1616161616162,1.8,2.2,0.22917,3,3.19e-6,0.26082500000000003,0.29248,6,4,0,53,13,1,1,3,1,0,281277,0.9450290625578976,297638.46546546544,2017,2019,0,0,1
307,G16-17,F,S,Holmsjön 2,Holmsjön_1718,2017,2018,legal,NA,0,NA,list(),Orebro,Lindesberg,lindesberg,G16-17,0.248,1.36,0.3,0.00184,12.4,74.1666666666667,2.1,2.3,0.287476,2,3.83e-5,0.287476,0.287476,6,4,0,53,13,1,1,3,1,0,281277,0.9450290625578976,297638.46546546544,2017,2017,0,0,1
308,G8-17,M,S,Holmsjön 2,Holmsjön_1718,2017,2018,legal,NA,0,NA,list(),Orebro,Lindesberg,lindesberg,G8-17,0.248,1.36,0.3,0.00184,12.4,74.1666666666667,2.1,2.3,0.287476,2,3.83e-5,0.287476,0.287476,6,4,0,53,13,1,1,3,1,0,281277,0.9450290625578976,297638.46546546544,2017,2017,0,0,1
400,M-15-01/G140-13,F,S,Aspafallet 2,Aspafallet_1617,2016,2017,NA,NA,1,NA,list(),Orebro,Lindesberg,lindesberg,G140-13,0.235,1.21,0.39,0.00347,22.267,62.1333333333333,2.2,2.4,0.29248,5,3.6e-7,0.2949215,0.297363,6,5,0,52,24,0,0,3,3,0,274341,0.9359952869277695,293100.83483483485,2015,2016,1,1,2
401,G83-14,M,S,Aspafallet 2,Aspafallet_1617,2016,2017,NA,NA,0,NA,list(),Orebro,Lindesberg,lindesberg,G83-14,0.235,1.21,0.39,0.00347,22.267,62.1333333333333,2.2,2.4,0.297363,5,3.6e-7,0.2949215,0.297363,6,5,0,52,24,0,0,3,3,0,274341,0.9359952869277695,293100.83483483485,2015,2016,1,1,2
462,M-05-07,F,S,Kloten,Kloten_1617,2016,2017,other,NA,1,old age,list(),Orebro,Lindesberg,lindesberg,M-05-07,0.248,1.36,0.3,0.00219,12.44,66.36875,2.3,2.3,0.302246,7,1.47e-5,0.3010255,0.302246,6,5,0,52,24,0,0,3,3,0,274341,0.9359952869277695,293100.83483483485,2007,2016,9,9,10
463,M-09-18,M,S,Kloten,Kloten_1617,2016,2017,other,NA,1,old age,list(),Orebro,Lindesberg,lindesberg,M-09-18,0.248,1.36,0.3,0.00219,12.44,66.36875,2.3,2.3,0.299805,7,1.47e-5,0.3010255,0.302246,6,5,0,52,24,0,0,3,3,0,274341,0.9359952869277695,293100.83483483485,2007,2016,9,9,10
545,M-15-01/G140-13,F,S,Aspafallet 2,Aspafallet_1516,2015,2016,NA,NA,1,NA,list(),Orebro,Lindesberg,köping,G140-13,0.235,1.17,0.38,0.0014,22.067,61.0050505050505,2.2,2.4,0.29248,3,2.07e-6,0.2949215,0.297363,6,5,4,52,24,0,0,3,3,0,267085,0.932769577705882,286335.45345345343,2015,2016,0,0,1
546,G83-14,M,S,Aspafallet 2,Aspafallet_1516,2015,2016,NA,NA,0,NA,list(),Orebro,Lindesberg,köping,G83-14,0.235,1.17,0.38,0.0014,22.067,61.0050505050505,2.2,2.4,0.297363,3,2.07e-6,0.2949215,0.297363,6,5,4,52,24,0,0,3,3,0,267085,0.932769577705882,286335.45345345343,2015,2016,0,0,1
685,G55-14,M,S,Aspafallet 1,Aspafallet_1415,2014,2015,other,NA,0,train,"c(15.1595301530436, 59.7595328372994)",Orebro,Lindesberg,lindesberg,G55-14,0.235,1.18,0.36,0.00273,19.225,66.505608974359,2.2,2.6,0.299316,5,1.12e-6,0.295898,0.299316,2,1,0,52,47,0,0,3,3,1,260539,0.9423858940551261,276467.42342342343,2013,2014,1,1,2
686,M-15-01/G140-13,F,S,Aspafallet 1,Aspafallet_1415,2014,2015,NA,NA,1,NA,"c(15.1595301530436, 59.7595328372994)",Orebro,Lindesberg,lindesberg,G140-13,0.235,1.18,0.36,0.00273,19.225,66.505608974359,2.2,2.6,0.29248,5,1.12e-6,0.295898,0.299316,2,1,0,52,47,0,0,3,3,1,260539,0.9423858940551261,276467.42342342343,2013,2014,1,1,2
766,G154-13,M,S,Mårdshyttan,Mårdshyttan_1415,2014,2015,legal,NA,0,NA,"c(15.1595301530436, 59.7595328372994)",Orebro,Lindesberg,lindesberg,G154-13,0.235,1.43,0.34,0.00264,12.275,67.9976686507937,2.4,2.7,0.152161,6,1.33e-5,0.152161,0.152161,2,1,0,52,47,0,0,3,3,1,260539,0.9423858940551261,276467.42342342343,2013,2014,1,1,2
767,G88-14,F,S,Mårdshyttan,Mårdshyttan_1415,2014,2015,legal,NA,0,NA,"c(15.1595301530436, 59.7595328372994)",Orebro,Lindesberg,lindesberg,G88-14,0.235,1.43,0.34,0.00264,12.275,67.9976686507937,2.4,2.7,0.152161,6,1.33e-5,0.152161,0.152161,2,1,0,52,47,0,0,3,3,1,260539,0.9423858940551261,276467.42342342343,2013,2014,1,1,2
816,G55-14,M,S,Aspafallet 1,Aspafallet_1314,2013,2014,NA,NA,0,NA,list(),Orebro,Lindesberg,lindesberg,G55-14,0.225,1.3,0.39,0.00411,18.12,78.0989583333333,2.7,2.8,0.299316,7,6.75e-5,0.295898,0.299316,2,1,0,52,52,12,1,2,2,0,259074,0.9529936620886431,271852.8048048048,2013,2014,0,0,1
817,M-15-01/G140-13,F,S,Aspafallet 1,Aspafallet_1314,2013,2014,NA,NA,0,NA,list(),Orebro,Lindesberg,lindesberg,G140-13,0.225,1.3,0.39,0.00411,18.12,78.0989583333333,2.7,2.8,0.29248,7,6.75e-5,0.295898,0.299316,2,1,0,52,52,12,1,2,2,0,259074,0.9529936620886431,271852.8048048048,2013,2014,0,0,1
894,G154-13,M,S,Mårdshyttan,Mårdshyttan_1314,2013,2014,NA,NA,0,NA,list(),Orebro,Lindesberg,lindesberg,G154-13,0.237,1.46,0.33,0.00386,12.3,80.0364583333333,2.4,2.9,0.152161,6,7.54e-5,0.152161,0.152161,2,1,0,52,52,12,1,2,2,0,259074,0.9529936620886431,271852.8048048048,2013,2014,0,0,1
895,G88-14,F,S,Mårdshyttan,Mårdshyttan_1314,2013,2014,NA,NA,0,NA,list(),Orebro,Lindesberg,lindesberg,G88-14,0.237,1.46,0.33,0.00386,12.3,80.0364583333333,2.4,2.9,0.152161,6,7.54e-5,0.152161,0.152161,2,1,0,52,52,12,1,2,2,0,259074,0.9529936620886431,271852.8048048048,2013,2014,0,0,1
1135,M-05-07,F,S,Kloten,Kloten_1112,2011,2012,NA,NA,1,NA,list(),Orebro,Lindesberg,lindesberg,M-05-07,0.248,1.32,0.34,0.00161,16.84,81.3802083333333,NA,3,0.302246,3,3.9e-5,0.3010255,0.302246,1,1,0,28,28,0,0,0,0,0,248845,0.9638166095053707,258187.08408408408,2007,2016,4,4,5
1136,M-09-18,M,S,Kloten,Kloten_1112,2011,2012,NA,NA,1,NA,list(),Orebro,Lindesberg,lindesberg,M-09-18,0.248,1.32,0.34,0.00161,16.84,81.3802083333333,NA,3,0.299805,3,3.9e-5,0.3010255,0.302246,1,1,0,28,28,0,0,0,0,0,248845,0.9638166095053707,258187.08408408408,2007,2016,4,4,5
1354,M-10-05,M,S,Hedbyn 1,Hedbyn_0910,2009,2010,other,NA,1,"Found dead, death cause not determined",list(),Orebro,Lindesberg,lindesberg,M-10-05,0.235,1.22,0.38,0.0034,21.5,79.8645833333333,NA,2.7,0.299316,2,1e-8,0.299316,0.299316,1,1,0,5,5,5,2,0,0,0,250648,0.9682201834862385,258875,2009,2009,0,0,1
1355,M-10-06,F,S,Hedbyn 1,Hedbyn_0910,2009,2010,NA,NA,1,NA,list(),Orebro,Lindesberg,lindesberg,M-10-06,0.235,1.22,0.38,0.0034,21.5,79.8645833333333,NA,2.7,0.299316,2,1e-8,0.299316,0.299316,1,1,0,5,5,5,2,0,0,0,250648,0.9682201834862385,258875,2009,2009,0,0,1
450,G65-16,F,S,Holmsjön 1,Holmsjön_1617,2016,2017,illegal,NA,0,NA,list(),Orebro,Ljusnarsberg,ljusnarsberg,G65-16,0.241,1.34,0.38,0.00592,12.54,65.8125,2.4,2.3,0.336578,6,3.91e-5,0.312027,0.336578,3,2,0,32,2,0,0,0,0,0,237017,0.8086534456087829,293100.83483483485,2016,2016,0,0,1
451,G8-17,M,S,Holmsjön 1,Holmsjön_1617,2016,2017,NA,NA,0,NA,list(),Orebro,Ljusnarsberg,ljusnarsberg,G8-17,0.241,1.34,0.38,0.00592,12.54,65.8125,2.4,2.3,0.287476,6,3.91e-5,0.312027,0.336578,3,2,0,32,2,0,0,0,0,0,237017,0.8086534456087829,293100.83483483485,2016,2016,0,0,1
460,G27-11,M,S,Kindla,Kindla_1617,2016,2017,censored,NA,0,NA,list(),Orebro,Ljusnarsberg,ljusnarsberg,G27-11,0.246,1.31,0.3,9.9e-4,13.68,65.08125,2.4,2.4,0.227051,7,1.4e-5,0.2664795,0.305908,3,2,0,32,2,0,0,0,0,0,237017,0.8086534456087829,293100.83483483485,2012,2016,4,4,5
461,G60-13,F,S,Kindla,Kindla_1617,2016,2017,other,NA,0,Train,list(),Orebro,Ljusnarsberg,ljusnarsberg,G60-13,0.246,1.31,0.3,9.9e-4,13.68,65.08125,2.4,2.4,0.305908,7,1.4e-5,0.2664795,0.305908,3,2,0,32,2,0,0,0,0,0,237017,0.8086534456087829,293100.83483483485,2012,2016,4,4,5
730,M-05-07,F,S,Kloten,Kloten_1415,2014,2015,NA,NA,1,NA,list(),Orebro,Ljusnarsberg,ljusnarsberg,M-05-07,0.242,1.35,0.34,0.00277,12.18,72.1236596736597,2.3,2.5,0.302246,5,6.08e-5,0.3010255,0.302246,1,1,0,32,2,2,2,0,0,0,225647,0.8161793429615414,276467.42342342343,2007,2016,7,7,8
731,M-09-18,M,S,Kloten,Kloten_1415,2014,2015,NA,NA,1,NA,list(),Orebro,Ljusnarsberg,ljusnarsberg,M-09-18,0.242,1.35,0.34,0.00277,12.18,72.1236596736597,2.3,2.5,0.299805,5,6.08e-5,0.3010255,0.302246,1,1,0,32,2,2,2,0,0,0,225647,0.8161793429615414,276467.42342342343,2007,2016,7,7,8
1004,M-05-07,F,S,Kloten,Kloten_1213,2012,2013,NA,NA,1,NA,list(),Orebro,Ljusnarsberg,ljusnarsberg,M-05-07,0.244,1.36,0.35,0.00301,12,70.960986744531,3,2.7,0.302246,2,4.21e-5,0.3010255,0.302246,1,1,0,30,12,0,0,0,0,0,223320,0.8422723029710112,265139.9069069069,2007,2016,5,5,6
1005,M-09-18,M,S,Kloten,Kloten_1213,2012,2013,NA,NA,1,NA,list(),Orebro,Ljusnarsberg,ljusnarsberg,M-09-18,0.244,1.36,0.35,0.00301,12,70.960986744531,3,2.7,0.299805,2,4.21e-5,0.3010255,0.302246,1,1,0,30,12,0,0,0,0,0,223320,0.8422723029710112,265139.9069069069,2007,2016,5,5,6
79,G151-17,F,S,Rombohöjden 4,Rombohöjden_1920,2019,2020,NA,NA,0,NA,"c(14.9221798259723, 59.6939506868573)",Orebro,Nora,NA,G151-17,0.25,1.25,0.34,1e-5,12.45,76.8484848484848,3.3,2.3,0.204487,2,1e-8,0.2134345,0.222382,5,5,0,72,8,0,0,8,2,1,284630,0.9366445639655528,303882.6156156156,2019,2019,0,0,1
80,G90-15,M,S,Rombohöjden 4,Rombohöjden_1920,2019,2020,censored,NA,0,Male moved to new territory,"c(14.9221798259723, 59.6939506868573)",Orebro,Nora,NA,G90-15,0.25,1.25,0.34,1e-5,12.45,76.8484848484848,3.3,2.3,0.222382,2,1e-8,0.2134345,0.222382,5,5,0,72,8,0,0,8,2,1,284630,0.9366445639655528,303882.6156156156,2019,2019,0,0,1
121,G166-14,M,S,Villingsberg 4,Villingsberg_1920,2019,2020,illegal,NA,0,NA,"c(14.9221798259723, 59.6939506868573)",Orebro,Nora,NA,G166-14,0.208,1.28,0.48,0.01056,44.1,65.4010416666667,2.6,2.3,0.157578,3,0,0.2385945,0.319611,5,5,0,72,8,0,0,8,2,1,284630,0.9366445639655528,303882.6156156156,2016,2019,3,3,4
122,G97-15,F,S,Villingsberg 4,Villingsberg_1920,2019,2020,illegal,NA,0,NA,"c(14.9221798259723, 59.6939506868573)",Orebro,Nora,NA,G97-15,0.208,1.28,0.48,0.01056,44.1,65.4010416666667,2.6,2.3,0.319611,3,0,0.2385945,0.319611,5,5,0,72,8,0,0,8,2,1,284630,0.9366445639655528,303882.6156156156,2016,2019,3,3,4
211,G103-17,F,S,Rombohöjden 3,Rombohöjden_1819,2018,2019,other,NA,0,Probably killed by rival,list(),Orebro,Nora,nora,G103-17,0.239,1.33,0.33,0.00135,12.5,82.1041666666667,3.1,2.3,0.204487,4,9.33e-6,0.2134345,0.222382,5,5,0,72,8,0,0,7,2,0,281589,0.934930641357056,301187.04804804805,2018,2018,0,0,1
212,G90-15,M,S,Rombohöjden 3,Rombohöjden_1819,2018,2019,NA,NA,0,NA,list(),Orebro,Nora,nora,G90-15,0.239,1.33,0.33,0.00135,12.5,82.1041666666667,3.1,2.3,0.222382,4,9.33e-6,0.2134345,0.222382,5,5,0,72,8,0,0,7,2,0,281589,0.934930641357056,301187.04804804805,2018,2018,0,0,1
249,G166-14,M,S,Villingsberg 4,Villingsberg_1819,2018,2019,NA,NA,0,NA,list(),Orebro,Nora,nora,G166-14,0.208,1.29,0.48,0.01228,43.74,81.0117669753086,2.4,2.3,0.157578,5,0,0.2385945,0.319611,5,5,0,72,8,0,0,7,2,0,281589,0.934930641357056,301187.04804804805,2016,2019,2,2,3
250,G97-15,F,S,Villingsberg 4,Villingsberg_1819,2018,2019,NA,NA,0,NA,list(),Orebro,Nora,nora,G97-15,0.208,1.29,0.48,0.01228,43.74,81.0117669753086,2.4,2.3,0.319611,5,0,0.2385945,0.319611,5,5,0,72,8,0,0,7,2,0,281589,0.934930641357056,301187.04804804805,2016,2019,2,2,3
502,G80-13,F,S,Rombohöjden 2,Rombohöjden_1617,2016,2017,NA,NA,0,NA,list(),Orebro,Nora,nora,G80-13,0.245,1.28,0.35,9.6e-4,12.575,68.01875,2.5,2.4,0.126678,4,2.3e-7,0.17453000000000002,0.222382,5,5,0,72,38,8,1,7,2,0,275287,0.939222845117882,293100.83483483485,2015,2017,1,1,2
503,G90-15,M,S,Rombohöjden 2,Rombohöjden_1617,2016,2017,NA,NA,0,NA,list(),Orebro,Nora,nora,G90-15,0.245,1.28,0.35,9.6e-4,12.575,68.01875,2.5,2.4,0.222382,4,2.3e-7,0.17453000000000002,0.222382,5,5,0,72,38,8,1,7,2,0,275287,0.939222845117882,293100.83483483485,2015,2017,1,1,2
534,G166-14,M,S,Villingsberg 4,Villingsberg_1617,2016,2017,NA,NA,0,NA,list(),Orebro,Nora,örebro,G166-14,0.203,1.26,0.49,0.01267,39.65,63.54375,2.5,2.4,0.157578,2,0,0.2385945,0.319611,5,5,0,72,38,8,1,7,2,0,275287,0.939222845117882,293100.83483483485,2016,2019,0,0,1
535,G97-15,F,S,Villingsberg 4,Villingsberg_1617,2016,2017,NA,NA,0,NA,list(),Orebro,Nora,örebro,G97-15,0.203,1.26,0.49,0.01267,39.65,63.54375,2.5,2.4,0.319611,2,0,0.2385945,0.319611,5,5,0,72,38,8,1,7,2,0,275287,0.939222845117882,293100.83483483485,2016,2019,0,0,1
768,G107-11,M,S,Nora 2,Nora_1415,2014,2015,legal,NA,0,NA,"c(14.806334707481, 59.6476970859793)",Orebro,Nora,nora,G107-11,0.231,1.25,0.36,0.00235,41.74,69.3438656009813,2.4,2.7,0.305908,5,2.54e-6,0.2910155,0.305908,0,0,0,64,30,0,0,6,1,1,265334,0.9597297096143872,276467.42342342343,2013,2014,1,1,2
769,G40-11,F,S,Nora 2,Nora_1415,2014,2015,legal,NA,0,NA,"c(14.806334707481, 59.6476970859793)",Orebro,Nora,nora,G40-11,0.231,1.25,0.36,0.00235,41.74,69.3438656009813,2.4,2.7,0.276123,5,2.54e-6,0.2910155,0.305908,0,0,0,64,30,0,0,6,1,1,265334,0.9597297096143872,276467.42342342343,2013,2014,1,1,2
896,G107-11,M,S,Nora 2,Nora_1314,2013,2014,NA,NA,0,NA,list(),Orebro,Nora,nora,G107-11,0.229,1.26,0.34,0.00235,41.32,80.4114583333333,2.3,2.9,0.305908,5,4.1e-5,0.2910155,0.305908,0,0,0,64,30,12,3,5,0,0,262261,0.9647169179965169,271852.8048048048,2013,2014,0,0,1
897,G40-11,F,S,Nora 2,Nora_1314,2013,2014,NA,NA,0,NA,list(),Orebro,Nora,nora,G40-11,0.229,1.26,0.34,0.00235,41.32,80.4114583333333,2.3,2.9,0.276123,5,4.1e-5,0.2910155,0.305908,0,0,0,64,30,12,3,5,0,0,262261,0.9647169179965169,271852.8048048048,2013,2014,0,0,1
1028,G12-11,M,S,Nora 1,Nora_1213,2012,2013,illegal,NA,0,NA,list(),Orebro,Nora,nora,G12-11,0.244,1.23,0.37,0.0011,20.15,65.7836917562724,3,3.3,0,4,3.53e-6,0.1380615,0.276123,0,0,0,52,18,18,2,5,1,0,257071,0.969567361620369,265139.9069069069,2010,2012,2,2,3
1029,G40-11,F,S,Nora 1,Nora_1213,2012,2013,NA,NA,0,NA,list(),Orebro,Nora,nora,G40-11,0.244,1.23,0.37,0.0011,20.15,65.7836917562724,3,3.3,0.276123,4,3.53e-6,0.1380615,0.276123,0,0,0,52,18,18,2,5,1,0,257071,0.969567361620369,265139.9069069069,2010,2012,2,2,3
1153,G12-11,M,S,Nora 1,Nora_1112,2011,2012,NA,NA,0,NA,list(),Orebro,Nora,nora,G12-11,0.239,1.24,0.37,0.00146,31.686,82.09375,NA,3.5,0,3,6.36e-6,0.1380615,0.276123,0,0,0,34,0,0,0,5,2,0,251463,0.9739565435353295,258187.08408408408,2010,2012,1,1,2
1154,G40-11,F,S,Nora 1,Nora_1112,2011,2012,NA,NA,0,NA,list(),Orebro,Nora,nora,G40-11,0.239,1.24,0.37,0.00146,31.686,82.09375,NA,3.5,0.276123,3,6.36e-6,0.1380615,0.276123,0,0,0,34,0,0,0,5,2,0,251463,0.9739565435353295,258187.08408408408,2010,2012,1,1,2
1270,G12-11,M,S,Nora 1,Nora_1011,2010,2011,NA,NA,0,NA,list(),Orebro,Nora,nora,G12-11,0.234,1.31,0.36,0.00423,40.38,79.9994058229352,NA,3.2,0,3,1.18e-5,0.1380615,0.276123,0,0,0,34,0,0,0,5,3,0,251067,0.975423309157439,257392.86486486485,2010,2012,0,0,1
1271,G40-11,F,S,Nora 1,Nora_1011,2010,2011,NA,NA,0,NA,list(),Orebro,Nora,nora,G40-11,0.234,1.31,0.36,0.00423,40.38,79.9994058229352,NA,3.2,0.276123,3,1.18e-5,0.1380615,0.276123,0,0,0,34,0,0,0,5,3,0,251067,0.975423309157439,257392.86486486485,2010,2012,0,0,1
1534,G7-03,F,S,Kilsbergen,Kilsbergen_0708,2007,2008,illegal,NA,0,NA,"c(14.7489461484751, 59.4558847427599)",Orebro,Nora,nora,G7-03,0.212,1.22,0.42,0.00409,39.56,61.3385416666667,NA,2.9,0.1875,1,0,0.2285155,0.269531,0,0,0,34,34,0,0,4,3,1,250108,0.9952913708800749,251291.23723723725,2002,2007,5,5,6
1535,M-05-04,M,S,Kilsbergen,Kilsbergen_0708,2007,2008,illegal,NA,1,NA,"c(14.7489461484751, 59.4558847427599)",Orebro,Nora,nora,M-05-04,0.212,1.22,0.42,0.00409,39.56,61.3385416666667,NA,2.9,0.269531,1,0,0.2285155,0.269531,0,0,0,34,34,0,0,4,3,1,250108,0.9952913708800749,251291.23723723725,2002,2007,5,5,6
1663,G7-03,F,S,Kilsbergen,Kilsbergen_0506,2005,2006,NA,NA,0,NA,list(),Orebro,Nora,nora,G7-03,0.217,1.26,0.42,0.01172,34.65,81.921875,NA,3.7,0.1875,0,0,0.2285155,0.269531,0,0,0,34,34,0,0,2,2,0,242098,0.9948981665846127,243339.47747747749,2002,2007,3,3,4
1664,M-05-04,M,S,Kilsbergen,Kilsbergen_0506,2005,2006,NA,NA,1,NA,list(),Orebro,Nora,nora,M-05-04,0.217,1.26,0.42,0.01172,34.65,81.921875,NA,3.7,0.269531,0,0,0.2285155,0.269531,0,0,0,34,34,0,0,2,2,0,242098,0.9948981665846127,243339.47747747749,2002,2007,3,3,4
1721,M-05-04,M,S,Kilsbergen,Kilsbergen_0405,2004,2005,NA,NA,1,NA,list(),Orebro,Nora,nora,M-05-04,0.213,1.28,0.42,0.00936,39.28,75.7020202020202,NA,4.2,0.269531,0,0,0.2285155,0.269531,0,0,0,34,34,12,1,2,2,0,235455,0.9880728969853502,238297.1951951952,2002,2007,2,2,3
1722,M-04-02,M,N,Koppang 3,Kilsbergen_0405,2004,2005,legal,NA,1,NA,list(),Orebro,Nora,nora,M-04-02,0.213,1.28,0.42,0.00936,39.28,75.7020202020202,NA,4.2,0.234375,0,0,0.251953,0.269531,0,0,0,34,34,12,1,2,2,0,235455,0.9880728969853502,238297.1951951952,2003,2004,1,1,2
1770,G7-03,F,S,Kilsbergen,Kilsbergen_0304,2003,2004,NA,NA,0,NA,"c(14.787102332826, 59.418484198986)",Orebro,Nora,nora,G7-03,0.216,1.27,0.41,0.00958,34.65,59.7815217391304,NA,4.2,0.1875,1,0,0.2285155,0.269531,0,0,0,22,22,22,2,2,2,1,229889,0.9852396365525028,233333.0810810811,2002,2007,1,1,2
1771,M-05-04,M,S,Kilsbergen,Kilsbergen_0304,2003,2004,NA,NA,1,NA,"c(14.787102332826, 59.418484198986)",Orebro,Nora,nora,M-05-04,0.216,1.27,0.41,0.00958,34.65,59.7815217391304,NA,4.2,0.269531,1,0,0.2285155,0.269531,0,0,0,22,22,22,2,2,2,1,229889,0.9852396365525028,233333.0810810811,2002,2007,1,1,2
1801,G7-03,F,S,Kilsbergen,Kilsbergen_0203,2002,2003,NA,NA,0,NA,"c(14.9034279483597, 59.4157495700709)",Orebro,Nora,nora,G7-03,0.214,1.29,0.45,0.01263,33.457,68.1254901960784,NA,4.4,0.1875,1,0,0.2285155,0.269531,0,0,0,0,0,0,0,1,1,1,227440,0.9912093187615645,229457.08408408408,2002,2007,0,0,1
1802,M-05-04,M,S,Kilsbergen,Kilsbergen_0203,2002,2003,NA,NA,1,NA,"c(14.9034279483597, 59.4157495700709)",Orebro,Nora,nora,M-05-04,0.214,1.29,0.45,0.01263,33.457,68.1254901960784,NA,4.4,0.269531,1,0,0.2285155,0.269531,0,0,0,0,0,0,0,1,1,1,227440,0.9912093187615645,229457.08408408408,2002,2007,0,0,1
385,G166-14,M,S,Villingsberg 4,Villingsberg_1718,2017,2018,NA,NA,0,NA,list(),Orebro,Örebro,örebro,G166-14,0.208,1.3,0.5,0.01486,40.217,63.2878787878788,2.6,2.3,0.157578,6,0,0.2385945,0.319611,1,0,0,100,37,0,0,1,0,0,286883,0.9638639936923294,297638.46546546544,2016,2019,1,1,2
385,G166-14,M,S,Villingsberg 4,Villingsberg_1718,2017,2018,NA,NA,0,NA,list(),Orebro,Örebro,örebro,G166-14,0.208,1.3,0.5,0.01486,40.217,63.2878787878788,2.6,2.3,0.157578,6,0,0.2385945,0.319611,1,0,0,100,37,0,0,1,0,0,293324,0.9855043417902379,297638.46546546544,2016,2019,1,1,2
386,G97-15,F,S,Villingsberg 4,Villingsberg_1718,2017,2018,NA,NA,0,NA,list(),Orebro,Örebro,örebro,G97-15,0.208,1.3,0.5,0.01486,40.217,63.2878787878788,2.6,2.3,0.319611,6,0,0.2385945,0.319611,1,0,0,100,37,0,0,1,0,0,286883,0.9638639936923294,297638.46546546544,2016,2019,1,1,2
386,G97-15,F,S,Villingsberg 4,Villingsberg_1718,2017,2018,NA,NA,0,NA,list(),Orebro,Örebro,örebro,G97-15,0.208,1.3,0.5,0.01486,40.217,63.2878787878788,2.6,2.3,0.319611,6,0,0.2385945,0.319611,1,0,0,100,37,0,0,1,0,0,293324,0.9855043417902379,297638.46546546544,2016,2019,1,1,2
667,G60-14,M,S,Villingsberg 3,Villingsberg_1516,2015,2016,illegal,NA,0,NA,list(),Orebro,Örebro,örebro,G60-14,0.199,1.27,0.51,0.00799,42,61.1960784313725,2.5,2.4,0.324783,2,0,0.32219699999999996,0.324783,1,1,0,100,85,0,0,1,1,0,275849,0.9633770344294508,286335.45345345343,2015,2015,0,0,1
667,G60-14,M,S,Villingsberg 3,Villingsberg_1516,2015,2016,illegal,NA,0,NA,list(),Orebro,Örebro,örebro,G60-14,0.199,1.27,0.51,0.00799,42,61.1960784313725,2.5,2.4,0.324783,2,0,0.32219699999999996,0.324783,1,1,0,100,85,0,0,1,1,0,282875,0.9879146874349042,286335.45345345343,2015,2015,0,0,1
668,G97-15,F,S,Villingsberg 3,Villingsberg_1516,2015,2016,NA,NA,0,NA,list(),Orebro,Örebro,örebro,G97-15,0.199,1.27,0.51,0.00799,42,61.1960784313725,2.5,2.4,0.319611,2,0,0.32219699999999996,0.324783,1,1,0,100,85,0,0,1,1,0,275849,0.9633770344294508,286335.45345345343,2015,2015,0,0,1
668,G97-15,F,S,Villingsberg 3,Villingsberg_1516,2015,2016,NA,NA,0,NA,list(),Orebro,Örebro,örebro,G97-15,0.199,1.27,0.51,0.00799,42,61.1960784313725,2.5,2.4,0.319611,2,0,0.32219699999999996,0.324783,1,1,0,100,85,0,0,1,1,0,282875,0.9879146874349042,286335.45345345343,2015,2015,0,0,1
63,G159-17,M,S,Långbogen 1,Långbogen_1920,2019,2020,NA,NA,0,NA,list(),Östergötland,Finspång,NA,G159-17,0.26,1.44,0.38,0.00546,68.8,47.84375,1.8,1.9,0.204487,0,0,0.18103249999999999,0.204487,0,0,0,35,14,14,1,0,0,0,288223,0.9484682084103697,303882.6156156156,2017,2019,2,2,3
64,G169-16,F,S,Långbogen 1,Långbogen_1920,2019,2020,NA,NA,0,NA,list(),Östergötland,Finspång,NA,G169-16,0.26,1.44,0.38,0.00546,68.8,47.84375,1.8,1.9,0.157578,0,0,0.18103249999999999,0.204487,0,0,0,35,14,14,1,0,0,0,288223,0.9484682084103697,303882.6156156156,2017,2019,2,2,3
335,G159-17,M,S,Långbogen 1,Långbogen_1718,2017,2018,NA,NA,0,NA,list(),Östergötland,Finspång,finspång,G159-17,0.274,1.45,0.36,0.00649,67.475,48.7449494949495,2,2.1,0.204487,0,0,0.18103249999999999,0.204487,0,0,0,21,0,0,0,0,0,0,283842,0.9536469002960029,297638.46546546544,2017,2019,0,0,1
336,G169-16,F,S,Långbogen 1,Långbogen_1718,2017,2018,NA,NA,0,NA,list(),Östergötland,Finspång,finspång,G169-16,0.274,1.45,0.36,0.00649,67.475,48.7449494949495,2,2.1,0.157578,0,0,0.18103249999999999,0.204487,0,0,0,21,0,0,0,0,0,0,283842,0.9536469002960029,297638.46546546544,2017,2019,0,0,1
195,G159-17,M,S,Långbogen 1,Långbogen_1819,2018,2019,NA,NA,0,NA,list(),Östergötland,Linköping,linköping,G159-17,0.253,1.41,0.39,0.00471,68.15,74.8010752688172,1.9,2,0.204487,0,0,0.18103249999999999,0.204487,0,0,0,10,4,0,0,0,0,0,299792,0.9953681672001198,301187.04804804805,2017,2019,1,1,2
196,G169-16,F,S,Långbogen 1,Långbogen_1819,2018,2019,NA,NA,0,NA,list(),Östergötland,Linköping,linköping,G169-16,0.253,1.41,0.39,0.00471,68.15,74.8010752688172,1.9,2,0.157578,0,0,0.18103249999999999,0.204487,0,0,0,10,4,0,0,0,0,0,299792,0.9953681672001198,301187.04804804805,2017,2019,1,1,2
253,G113-16,F,S,Ärla 2,Ärla_1819,2018,2019,NA,NA,0,NA,list(),Södermanland,Flen,flen,G113-16,0.254,1.44,0.42,0.00185,46.38,76,1.5,1.4,0.197039,1,0,0.197039,0.197039,0,0,0,45,5,0,0,0,0,0,250832,0.8328113762713496,301187.04804804805,2018,2019,0,0,1
254,G92-16,M,S,Ärla 2,Ärla_1819,2018,2019,NA,NA,0,NA,list(),Södermanland,Flen,flen,G92-16,0.254,1.44,0.42,0.00185,46.38,76,1.5,1.4,0.197039,1,0,0.197039,0.197039,0,0,0,45,5,0,0,0,0,0,250832,0.8328113762713496,301187.04804804805,2018,2019,0,0,1
391,G11-17,M,S,Ärla 1,Ärla_1718,2017,2018,NA,NA,0,Scabies,list(),Södermanland,Flen,flen,G11-17,0.249,1.44,0.47,0.00482,45.8,54.0686274509804,1.9,1.7,0.183712,1,0,0.19037549999999998,0.197039,0,0,0,45,5,0,0,0,0,0,250711,0.8423340027906764,297638.46546546544,2017,2017,0,0,1
392,G113-16,F,S,Ärla 1,Ärla_1718,2017,2018,NA,NA,0,NA,list(),Södermanland,Flen,flen,G113-16,0.249,1.44,0.47,0.00482,45.8,54.0686274509804,1.9,1.7,0.197039,1,0,0.19037549999999998,0.197039,0,0,0,45,5,0,0,0,0,0,250711,0.8423340027906764,297638.46546546544,2017,2017,0,0,1
89,G11-17,M,S,Sjunda 4,Sjunda_1920,2019,2020,NA,NA,0,NA,list(),Södermanland,Gnesta,NA,G11-17,0.293,1.53,0.44,0.01291,73.433,50.7239583333333,1.3,1.5,0.183712,1,0,0.288724,0.393736,1,1,0,12,12,12,3,0,0,0,300790,0.9898229926402651,303882.6156156156,2018,2019,1,1,2
90,G253-17,F,S,Sjunda 4,Sjunda_1920,2019,2020,NA,NA,0,NA,list(),Södermanland,Gnesta,NA,G253-17,0.293,1.53,0.44,0.01291,73.433,50.7239583333333,1.3,1.5,0.393736,1,0,0.288724,0.393736,1,1,0,12,12,12,3,0,0,0,300790,0.9898229926402651,303882.6156156156,2018,2019,1,1,2
125,G113-16,F,S,Ärla 2,Ärla_1920,2019,2020,NA,NA,0,NA,list(),Södermanland,Gnesta,NA,G113-16,0.269,1.42,0.47,0.00715,51.05,51.1764705882353,1.4,1.3,0.197039,1,0,0.197039,0.197039,1,1,0,12,12,12,3,0,0,0,300790,0.9898229926402651,303882.6156156156,2018,2019,1,1,2
126,G92-16,M,S,Ärla 2,Ärla_1920,2019,2020,NA,NA,0,NA,list(),Södermanland,Gnesta,NA,G92-16,0.269,1.42,0.47,0.00715,51.05,51.1764705882353,1.4,1.3,0.197039,1,0,0.197039,0.197039,1,1,0,12,12,12,3,0,0,0,300790,0.9898229926402651,303882.6156156156,2018,2019,1,1,2
219,G11-17,M,S,Sjunda 4,Sjunda_1819,2018,2019,NA,NA,0,NA,list(),Södermanland,Gnesta,gnesta,G11-17,0.293,1.43,0.44,0.00994,65.214,74.2760416666667,1.6,1.6,0.183712,1,0,0.288724,0.393736,1,1,1,0,0,0,0,0,0,0,300005,0.9960753689253614,301187.04804804805,2018,2019,0,0,1
220,G253-17,F,S,Sjunda 4,Sjunda_1819,2018,2019,NA,NA,0,NA,list(),Södermanland,Gnesta,gnesta,G253-17,0.293,1.43,0.44,0.00994,65.214,74.2760416666667,1.6,1.6,0.393736,1,0,0.288724,0.393736,1,1,1,0,0,0,0,0,0,0,300005,0.9960753689253614,301187.04804804805,2018,2019,0,0,1
1040,G18-12,M,S,Riala 2,Riala_1213,2012,2013,illegal,NA,0,NA,list(),Stockholm,Norrtälje,norrtälje,G18-12,0.257,1.24,0.46,0.01834,81.333,63.0333333333333,2.6,2.2,0.152161,0,0,0.152161,0.152161,1,1,0,17,17,0,0,2,2,0,257992,0.9730409994093547,265139.9069069069,2012,2012,0,0,1
1157,M-09-01,M,S,Riala 1,Riala_1112,2011,2012,NA,NA,1,NA,"c(18.5939072432625, 59.6511305191887)",Stockholm,Norrtälje,norrtälje,M-09-01,0.248,1.26,0.47,0.01531,80.333,74.6451612903226,NA,2.4,0,0,0,0.133545,0.26709,1,1,0,17,17,0,0,2,2,1,252608,0.9783913122382716,258187.08408408408,2009,2011,2,2,3
1158,M-10-03,F,S,Riala 1,Riala_1112,2011,2012,illegal,NA,1,NA,"c(18.5939072432625, 59.6511305191887)",Stockholm,Norrtälje,norrtälje,M-10-03,0.248,1.26,0.47,0.01531,80.333,74.6451612903226,NA,2.4,0.26709,0,0,0.133545,0.26709,1,1,0,17,17,0,0,2,2,1,252608,0.9783913122382716,258187.08408408408,2009,2011,2,2,3
1276,M-09-01,M,S,Riala 1,Riala_1011,2010,2011,NA,NA,1,NA,"c(18.5121985615994, 59.6538395950359)",Stockholm,Norrtälje,norrtälje,M-09-01,0.252,1.31,0.48,0.01948,79.567,77.5967741935484,NA,1.9,0,0,0,0.133545,0.26709,1,1,0,17,17,0,0,1,1,1,253746,0.9858315230813429,257392.86486486485,2009,2011,1,1,2
1277,M-10-03,F,S,Riala 1,Riala_1011,2010,2011,NA,NA,1,NA,"c(18.5121985615994, 59.6538395950359)",Stockholm,Norrtälje,norrtälje,M-10-03,0.252,1.31,0.48,0.01948,79.567,77.5967741935484,NA,1.9,0.26709,0,0,0.133545,0.26709,1,1,0,17,17,0,0,1,1,1,253746,0.9858315230813429,257392.86486486485,2009,2011,1,1,2
1388,M-09-01,M,S,Riala 1,Riala_0910,2009,2010,NA,NA,1,NA,list(),Stockholm,Norrtälje,norrtälje,M-09-01,0.255,1.27,0.46,0.02052,78.467,71.0166666666667,NA,2.1,0,0,0,0.133545,0.26709,1,1,0,17,17,3,1,0,0,0,255530,0.9870787059391598,258875,2009,2011,0,0,1
1389,M-10-03,F,S,Riala 1,Riala_0910,2009,2010,NA,NA,1,NA,list(),Stockholm,Norrtälje,norrtälje,M-10-03,0.255,1.27,0.46,0.02052,78.467,71.0166666666667,NA,2.1,0.26709,0,0,0.133545,0.26709,1,1,0,17,17,3,1,0,0,0,255530,0.9870787059391598,258875,2009,2011,0,0,1
365,G253-17,F,S,Sjunda 2,Sjunda_1718,2017,2018,other,NA,0,trol skabb,"c(17.4330828204919, 59.0876147691032)",Stockholm,Södertälje,södertälje,G253-17,0.289,1.55,0.45,0.01412,70.783,51.6111111111111,1.7,1.9,0.393736,1,0,0.29538749999999997,0.393736,0,0,0,95,91,2,1,1,1,1,277840,0.9334814959669162,297638.46546546544,2017,2017,0,0,1
366,G26-16,M,S,Sjunda 2,Sjunda_1718,2017,2018,other,NA,0,"skabb, avlivad","c(17.4330828204919, 59.0876147691032)",Stockholm,Södertälje,södertälje,G26-16,0.289,1.55,0.45,0.01412,70.783,51.6111111111111,1.7,1.9,0.197039,1,0,0.29538749999999997,0.393736,0,0,0,95,91,2,1,1,1,1,277840,0.9334814959669162,297638.46546546544,2017,2017,0,0,1
681,G108-14,M,S,Sjunda 1,Sjunda_1516,2015,2016,illegal,NA,0,"Sjunda not registered by VSC in 1516 because they disappeared early in season, I used the coordinates for  1415",list(),Stockholm,Södertälje,södertälje,G108-14,0.28,1.6,0.49,0.01996,124.271,54.0392156862745,1.8,2.2,0.214912,0,0,0.180866,0.214912,0,0,0,85,81,81,13,0,0,0,264832,0.9249011842784288,286335.45345345343,2014,2015,1,1,2
682,G1-14,F,S,Sjunda 1,Sjunda_1516,2015,2016,legal,NA,0,NA,list(),Stockholm,Södertälje,södertälje,G1-14,0.28,1.6,0.49,0.01996,124.271,54.0392156862745,1.8,2.2,0.14682,0,0,0.180866,0.214912,0,0,0,85,81,81,13,0,0,0,264832,0.9249011842784288,286335.45345345343,2014,2015,1,1,2
788,G108-14,M,S,Sjunda 1,Sjunda_1415,2014,2015,NA,NA,0,NA,list(),Stockholm,Södertälje,södertälje,G108-14,0.28,1.59,0.49,0.01957,122.971,50.5899057656024,2,2.4,0.214912,0,0,0.180866,0.214912,0,0,0,4,0,0,0,0,0,0,256492,0.9277476413818561,276467.42342342343,2014,2015,0,0,1
789,G1-14,F,S,Sjunda 1,Sjunda_1415,2014,2015,NA,NA,0,NA,list(),Stockholm,Södertälje,södertälje,G1-14,0.28,1.59,0.49,0.01957,122.971,50.5899057656024,2,2.4,0.14682,0,0,0.180866,0.214912,0,0,0,4,0,0,0,0,0,0,256492,0.9277476413818561,276467.42342342343,2014,2015,0,0,1
21,G187-17,M,S,Glamsen 3,Glamsen_1920,2019,2020,censored,NA,0,NA,list(),Uppsala,Älvkarleby,NA,G187-17,0.034,1.25,0.3,0.02856,39.967,79.4007936507937,2.9,2.6,0.400426,0,6.4018e-4,0.2696405,0.400426,0,0,0,0,0,0,0,0,0,0,284298,0.9355520368417902,303882.6156156156,2019,2019,0,0,1
22,G66-12,F,S,Glamsen 3,Glamsen_1920,2019,2020,natural,NA,0,NA,list(),Uppsala,Älvkarleby,NA,G66-12,0.034,1.25,0.3,0.02856,39.967,79.4007936507937,2.9,2.6,0.138855,0,6.4018e-4,0.2696405,0.400426,0,0,0,0,0,0,0,0,0,0,284298,0.9355520368417902,303882.6156156156,2019,2019,0,0,1
161,G12-16,M,S,Glamsen 2,Glamsen_1819,2018,2019,illegal,NA,0,NA,list(),Uppsala,Älvkarleby,älvkarleby,G12-16,0.033,1.24,0.29,0.02917,39.667,82.358024691358,2.8,2.9,0.231424,0,7.266e-4,0.1851395,0.231424,0,0,0,0,0,0,0,0,0,0,281597,0.9349572029242013,301187.04804804805,2017,2018,1,1,2
162,G66-12,F,S,Glamsen 2,Glamsen_1819,2018,2019,NA,NA,0,NA,list(),Uppsala,Älvkarleby,älvkarleby,G66-12,0.033,1.24,0.29,0.02917,39.667,82.358024691358,2.8,2.9,0.138855,0,7.266e-4,0.1851395,0.231424,0,0,0,0,0,0,0,0,0,0,281597,0.9349572029242013,301187.04804804805,2017,2018,1,1,2
23,G13-16,M,S,Glaskogen 5,Glaskogen_1920,2019,2020,illegal,NA,0,NA,list(),Värmland,Årjäng,NA,G13-16,0.366,1.08,0.22,0,11.1,74.296875,2.5,2.6,0.205933,5,5.56e-6,0.20644099999999999,0.206949,1,0,0,17,0,0,0,14,1,0,294658,0.9696441482941428,303882.6156156156,2019,2019,0,0,1
24,G250-17,F,S,Glaskogen 5,Glaskogen_1920,2019,2020,NA,NA,0,NA,list(),Värmland,Årjäng,NA,G250-17,0.366,1.08,0.22,0,11.1,74.296875,2.5,2.6,0.206949,5,5.56e-6,0.20644099999999999,0.206949,1,0,0,17,0,0,0,14,1,0,294658,0.9696441482941428,303882.6156156156,2019,2019,0,0,1
43,G17-20,M,S,Järnsjön,Järnsjön_1920,2019,2020,censored,NA,0,NA,list(),Värmland,Årjäng,NA,G17-20,0.409,1.1,0.32,0.00122,10.267,68.7552083333333,2.5,2.6,0.400426,4,0,0.37356049999999996,0.400426,1,0,0,17,0,0,0,14,1,0,294658,0.9696441482941428,303882.6156156156,2019,2019,0,0,1
44,G63-19,F,S,Järnsjön,Järnsjön_1920,2019,2020,censored,NA,0,NA,list(),Värmland,Årjäng,NA,G63-19,0.409,1.1,0.32,0.00122,10.267,68.7552083333333,2.5,2.6,0.346695,4,0,0.37356049999999996,0.400426,1,0,0,17,0,0,0,14,1,0,294658,0.9696441482941428,303882.6156156156,2019,2019,0,0,1
163,G13-16,M,S,Glaskogen 4,Glaskogen_1819,2018,2019,illegal,NA,0,NA,list(),Värmland,Årjäng,årjäng,G13-16,0.375,1.07,0.22,4.7e-4,11.133,82.8125,2.1,2.3,0.205933,3,0,0.2515565,0.29718,1,0,0,17,0,0,0,14,6,0,285176,0.9468401840257957,301187.04804804805,2017,2018,1,1,2
164,G56-11,F,S,Glaskogen 4,Glaskogen_1819,2018,2019,other,NA,0,Old age,list(),Värmland,Årjäng,årjäng,G56-11,0.375,1.07,0.22,4.7e-4,11.133,82.8125,2.1,2.3,0.29718,3,0,0.2515565,0.29718,1,0,0,17,0,0,0,14,6,0,285176,0.9468401840257957,301187.04804804805,2017,2018,1,1,2
257,G258-17,F,S,Brännan,Brännan_1819,2018,2019,illegal,NA,0,Brännan 1819 not registered by VSC. Both disappeared early in autumn 2018. Coordinates calculated by OL,list(),Värmland,Årjäng,årjäng,G258-17,0.36,1.19,0.28,8.4e-4,9.401,83.0260416666667,19.7,2.3,0.206949,5,0,0.2587745,0.3106,1,0,0,17,0,0,0,14,6,0,285176,0.9468401840257957,301187.04804804805,2017,2018,1,1,2
258,G66-16,M,S,Brännan,Brännan_1819,2018,2019,illegal,NA,0,NA,list(),Värmland,Årjäng,årjäng,G66-16,0.36,1.19,0.28,8.4e-4,9.401,83.0260416666667,19.7,2.3,0.3106,5,0,0.2587745,0.3106,1,0,0,17,0,0,0,14,6,0,285176,0.9468401840257957,301187.04804804805,2017,2018,1,1,2
273,G258-17,F,S,Brännan,Brännan_1718,2017,2018,NA,NA,0,NA,list(),Värmland,Årjäng,årjäng,G258-17,0.357,1.18,0.29,0,9.371,67.8541666666667,27.6,2.2,0.206949,3,2e-8,0.2587745,0.3106,1,0,0,17,0,0,0,14,6,0,284945,0.9573527385124277,297638.46546546544,2017,2018,0,0,1
274,G66-16,M,S,Brännan,Brännan_1718,2017,2018,NA,NA,0,NA,list(),Värmland,Årjäng,årjäng,G66-16,0.357,1.18,0.29,0,9.371,67.8541666666667,27.6,2.2,0.3106,3,2e-8,0.2587745,0.3106,1,0,0,17,0,0,0,14,6,0,284945,0.9573527385124277,297638.46546546544,2017,2018,0,0,1
327,G254-17,M,S,Laxarby 1,Laxarby_1718,2017,2018,NA,NA,0,NA,list(),Värmland,Årjäng,bengtsfors,G254-17,0.452,1.16,0.34,0.00134,14.4,63.703125,2.8,2.4,0.218197,4,0,0.2643985,0.3106,1,0,0,17,0,0,0,14,6,0,284945,0.9573527385124277,297638.46546546544,2017,2018,0,0,1
328,G270-17,F,S,Laxarby 1,Laxarby_1718,2017,2018,NA,NA,0,NA,list(),Värmland,Årjäng,bengtsfors,G270-17,0.452,1.16,0.34,0.00134,14.4,63.703125,2.8,2.4,0.3106,4,0,0.2643985,0.3106,1,0,0,17,0,0,0,14,6,0,284945,0.9573527385124277,297638.46546546544,2017,2018,0,0,1
373,G272-17,F,S,Stora Bör 1,Stora Bör_1718,2017,2018,NA,NA,0,NA,list(),Värmland,Årjäng,årjäng,G272-17,0.43,1.12,0.25,0.00122,11.75,64.5909090909091,2.3,2,0.3106,4,0,0.3323095,0.354019,1,0,0,17,0,0,0,14,6,0,284945,0.9573527385124277,297638.46546546544,2017,2018,0,0,1
374,G90-17,M,S,Stora Bör 1,Stora Bör_1718,2017,2018,NA,NA,0,NA,list(),Värmland,Årjäng,årjäng,G90-17,0.43,1.12,0.25,0.00122,11.75,64.5909090909091,2.3,2,0.354019,4,0,0.3323095,0.354019,1,0,0,17,0,0,0,14,6,0,284945,0.9573527385124277,297638.46546546544,2017,2018,0,0,1
964,G12-10,F,S,Djurskog 3,Djurskog_1213,2012,2013,NA,NA,0,NA,"c(11.9296155284103, 59.2394858805278)",Värmland,Årjäng,årjäng,G12-10,0.359,1.23,0.29,2.9e-4,9.015,68.9450431034483,60.4,3.7,0,2,0,0.1380615,0.276123,1,1,0,17,11,1,1,8,5,1,234117,0.8829942000477531,265139.9069069069,2010,2013,2,2,3
965,G22-12,M,S,Djurskog 3,Djurskog_1213,2012,2013,NA,NA,0,NA,"c(11.9296155284103, 59.2394858805278)",Värmland,Årjäng,årjäng,G22-12,0.359,1.23,0.29,2.9e-4,9.015,68.9450431034483,60.4,3.7,0.276123,2,0,0.1380615,0.276123,1,1,0,17,11,1,1,8,5,1,234117,0.8829942000477531,265139.9069069069,2010,2013,2,2,3
980,G27-12,M,S,Glaskogen 3,Glaskogen_1213,2012,2013,NA,NA,0,NA,"c(11.9296155284103, 59.2394858805278)",Värmland,Årjäng,årjäng,G27-12,0.392,1.07,0.24,0.00122,11.475,67.9670138888889,4.4,4,0.261963,1,0,0.2795715,0.29718,1,1,0,17,11,1,1,8,5,1,234117,0.8829942000477531,265139.9069069069,2011,2016,1,1,2
981,G56-11,F,S,Glaskogen 3,Glaskogen_1213,2012,2013,NA,NA,0,NA,"c(11.9296155284103, 59.2394858805278)",Värmland,Årjäng,årjäng,G56-11,0.392,1.07,0.24,0.00122,11.475,67.9670138888889,4.4,4,0.29718,1,0,0.2795715,0.29718,1,1,0,17,11,1,1,8,5,1,234117,0.8829942000477531,265139.9069069069,2011,2016,1,1,2
1095,G12-10,F,S,Djurskog 3,Djurskog_1112,2011,2012,NA,NA,0,NA,"c(12.1385025845785, 12.092888805883, 59.5646717361188, 59.5789651551575)",Värmland,Årjäng,årjäng,G12-10,0.378,1.17,0.29,0.00161,7.355,80.1935483870968,NA,3.7,0,1,1.1e-7,0.1380615,0.276123,1,1,0,16,10,10,1,7,4,2,203377,0.7877117506535144,258187.08408408408,2010,2013,1,1,2
1096,G22-12,M,S,Djurskog 3,Djurskog_1112,2011,2012,NA,NA,0,NA,"c(12.1385025845785, 12.092888805883, 59.5646717361188, 59.5789651551575)",Värmland,Årjäng,årjäng,G22-12,0.378,1.17,0.29,0.00161,7.355,80.1935483870968,NA,3.7,0.276123,1,1.1e-7,0.1380615,0.276123,1,1,0,16,10,10,1,7,4,2,203377,0.7877117506535144,258187.08408408408,2010,2013,1,1,2
1107,G27-12,M,S,Glaskogen 3,Glaskogen_1112,2011,2012,NA,NA,0,NA,"c(12.1385025845785, 12.092888805883, 59.5646717361188, 59.5789651551575)",Värmland,Årjäng,årjäng,G27-12,0.375,1.06,0.24,0.0011,11.4,81.1302083333333,NA,3.8,0.261963,1,1.8e-7,0.2795715,0.29718,1,1,0,16,10,10,1,7,4,2,203377,0.7877117506535144,258187.08408408408,2011,2016,0,0,1
1108,G56-11,F,S,Glaskogen 3,Glaskogen_1112,2011,2012,NA,NA,0,NA,"c(12.1385025845785, 12.092888805883, 59.5646717361188, 59.5789651551575)",Värmland,Årjäng,årjäng,G56-11,0.375,1.06,0.24,0.0011,11.4,81.1302083333333,NA,3.8,0.29718,1,1.8e-7,0.2795715,0.29718,1,1,0,16,10,10,1,7,4,2,203377,0.7877117506535144,258187.08408408408,2011,2016,0,0,1
1212,G12-10,F,S,Djurskog 3,Djurskog_1011,2010,2011,NA,NA,0,NA,list(),Värmland,Årjäng,årjäng,G12-10,0.365,1.24,0.43,0.00189,16.534,82.7849462365591,NA,3.6,0,1,0,0.1380615,0.276123,1,1,1,6,5,0,0,5,3,0,203978,0.7924772899477673,257392.86486486485,2010,2013,0,0,1
1213,G22-12,M,S,Djurskog 3,Djurskog_1011,2010,2011,NA,NA,0,NA,list(),Värmland,Årjäng,årjäng,G22-12,0.365,1.24,0.43,0.00189,16.534,82.7849462365591,NA,3.6,0.276123,1,0,0.1380615,0.276123,1,1,1,6,5,0,0,5,3,0,203978,0.7924772899477673,257392.86486486485,2010,2013,0,0,1
1226,G26-09,M,S,Glaskogen 2,Glaskogen_1011,2010,2011,illegal,NA,0,NA,list(),Värmland,Årjäng,årjäng,G26-09,0.374,1.06,0.23,5e-4,11.4,82.6875,NA,3.9,0.305908,1,2.8e-7,0.288208,0.305908,1,1,1,6,5,0,0,5,3,0,203978,0.7924772899477673,257392.86486486485,2008,2010,2,2,3
1227,G7-09,F,S,Glaskogen 2,Glaskogen_1011,2010,2011,illegal,NA,0,NA,list(),Värmland,Årjäng,årjäng,G7-09,0.374,1.06,0.23,5e-4,11.4,82.6875,NA,3.9,0.270508,1,2.8e-7,0.288208,0.305908,1,1,1,6,5,0,0,5,3,0,203978,0.7924772899477673,257392.86486486485,2008,2010,2,2,3
1440,G26-09,M,S,Glaskogen 2,Glaskogen_0809,2008,2009,NA,NA,0,NA,"c(12.3759439310724, 59.3719719854458)",Värmland,Årjäng,årjäng,G26-09,0.407,1.09,0.22,0.00122,11.9,66.9086021505376,NA,3.2,0.305908,0,2e-8,0.288208,0.305908,0,0,0,6,6,0,0,4,3,1,210856,0.8293059160091258,254255.993993994,2008,2010,0,0,1
1441,G7-09,F,S,Glaskogen 2,Glaskogen_0809,2008,2009,NA,NA,0,NA,"c(12.3759439310724, 59.3719719854458)",Värmland,Årjäng,årjäng,G7-09,0.407,1.09,0.22,0.00122,11.9,66.9086021505376,NA,3.2,0.270508,0,2e-8,0.288208,0.305908,0,0,0,6,6,0,0,4,3,1,210856,0.8293059160091258,254255.993993994,2008,2010,0,0,1
1647,G2-07,F,S,Djurskog 2,Djurskog_0506,2005,2006,illegal,NA,0,NA,"c(11.9208974153891, 59.5802594489178)",Värmland,Årjäng,årjäng,G2-07,0.358,1.21,0.28,0,8.615,77.2070707070707,NA,3.8,0.235352,1,0,0.2524415,0.269531,0,0,0,1,1,1,1,2,2,1,212288,0.8723944104780471,243339.47747747749,2005,2005,0,0,1
1648,G3-07,M,S,Djurskog 2,Djurskog_0506,2005,2006,censored,NA,0,NA,"c(11.9208974153891, 59.5802594489178)",Värmland,Årjäng,årjäng,G3-07,0.358,1.21,0.28,0,8.615,77.2070707070707,NA,3.8,0.269531,1,0,0.2524415,0.269531,0,0,0,1,1,1,1,2,2,1,212288,0.8723944104780471,243339.47747747749,2005,2005,0,0,1
1699,M-02-09,F,S,Djurskog 1,Djurskog_0405,2004,2005,illegal,1,1,NA,list(),Värmland,Årjäng,årjäng,M-02-09,0.346,1.21,0.31,0,8.845,78.6302083333333,NA,4.2,0.234375,1,0,0.2109375,0.234375,0,0,0,0,0,0,0,1,1,0,206714,0.8674630006898545,238297.1951951952,2002,2004,2,2,3
1700,M-03-06,M,S,Djurskog 1,Djurskog_0405,2004,2005,censored,NA,1,NA,list(),Värmland,Årjäng,årjäng,M-03-06,0.346,1.21,0.31,0,8.845,78.6302083333333,NA,4.2,0.1875,1,0,0.2109375,0.234375,0,0,0,0,0,0,0,1,1,0,206714,0.8674630006898545,238297.1951951952,2002,2004,2,2,3
1829,G1-02,M,S,Glaskogen 1,Glaskogen_0102,2001,2002,illegal,NA,0,NA,list(),Värmland,Årjäng,säffle,G1-02,0.441,1.22,0.28,7.5e-4,14.92,76.1197916666667,NA,5.3,0.125,0,0,0.1796875,0.234375,0,0,0,0,0,0,0,0,0,0,195491,0.8727039505245809,224006.0903614458,1999,2001,2,2,3
1830,M-02-12,F,S,Glaskogen 1,Glaskogen_0102,2001,2002,censored,NA,1,NA,list(),Värmland,Årjäng,säffle,M-02-12,0.441,1.22,0.28,7.5e-4,14.92,76.1197916666667,NA,5.3,0.234375,0,0,0.1796875,0.234375,0,0,0,0,0,0,0,0,0,0,195491,0.8727039505245809,224006.0903614458,1999,2001,2,2,3
53,G122-14,M,S,Kymmen 1,Kymmen_1920,2019,2020,illegal,NA,0,NA,list(),Värmland,Arvika,NA,G122-14,0.397,1.39,0.36,0,11.008,81.78125,57.6,2.4,0.214123,3,6.91e-5,0.183142,0.214123,7,5,0,22,15,0,0,12,3,0,284456,0.9360719744488821,303882.6156156156,2018,2019,1,1,2
54,G25-18,F,S,Kymmen 1,Kymmen_1920,2019,2020,NA,NA,0,NA,list(),Värmland,Arvika,NA,G25-18,0.397,1.39,0.36,0,11.008,81.78125,57.6,2.4,0.152161,3,6.91e-5,0.183142,0.214123,7,5,0,22,15,0,0,12,3,0,284456,0.9360719744488821,303882.6156156156,2018,2019,1,1,2
185,G122-14,M,S,Kymmen 1,Kymmen_1819,2018,2019,NA,NA,0,NA,"c(12.9132670813251, 59.6827792257405)",Värmland,Arvika,arvika,G122-14,0.393,1.33,0.35,2.9e-4,11.05,83.140625,41.4,2.2,0.214123,3,3.47e-5,0.183142,0.214123,7,5,2,22,15,0,0,12,3,1,281119,0.9333701492872741,301187.04804804805,2018,2019,0,0,1
186,G25-18,F,S,Kymmen 1,Kymmen_1819,2018,2019,NA,NA,0,The male in  Kymmen 1 is found under Kockohonka,"c(12.9132670813251, 59.6827792257405)",Värmland,Arvika,arvika,G25-18,0.393,1.33,0.35,2.9e-4,11.05,83.140625,41.4,2.2,0.152161,3,3.47e-5,0.183142,0.214123,7,5,2,22,15,0,0,12,3,1,281119,0.9333701492872741,301187.04804804805,2018,2019,0,0,1
295,G13-16,M,S,Glaskogen 4,Glaskogen_1718,2017,2018,NA,NA,0,NA,"c(12.7787735732281, 59.8448616775186)",Värmland,Arvika,arvika,G13-16,0.374,1.07,0.23,0.00122,11.575,65.2474747474748,2.2,2,0.205933,5,0,0.2515565,0.29718,5,3,3,22,16,14,1,11,3,1,279551,0.9392300809064476,297638.46546546544,2017,2018,0,0,1
296,G56-11,F,S,Glaskogen 4,Glaskogen_1718,2017,2018,NA,NA,0,NA,"c(12.7787735732281, 59.8448616775186)",Värmland,Arvika,arvika,G56-11,0.374,1.07,0.23,0.00122,11.575,65.2474747474748,2.2,2,0.29718,5,0,0.2515565,0.29718,5,3,3,22,16,14,1,11,3,1,279551,0.9392300809064476,297638.46546546544,2017,2018,0,0,1
343,G168-15,M,S,Nordtorp,Nordtorp_1718,2017,2018,illegal,NA,0,NA,"c(12.7787735732281, 59.8448616775186)",Värmland,Arvika,arvika,G168-15,0.399,0.99,0.23,0,14.775,63.140625,2.1,2,0.218197,4,0,0.2643985,0.3106,5,3,3,22,16,14,1,11,3,1,279551,0.9392300809064476,297638.46546546544,2017,2017,0,0,1
344,G41-16,F,S,Nordtorp,Nordtorp_1718,2017,2018,illegal,NA,0,NA,"c(12.7787735732281, 59.8448616775186)",Värmland,Arvika,arvika,G41-16,0.399,0.99,0.23,0,14.775,63.140625,2.1,2,0.3106,4,0,0.2643985,0.3106,5,3,3,22,16,14,1,11,3,1,279551,0.9392300809064476,297638.46546546544,2017,2017,0,0,1
353,G188-13,F,S,Rackstad  5,Rackstad_1718,2017,2018,legal,NA,0,NA,"c(12.7787735732281, 59.8448616775186)",Värmland,Arvika,arvika,G188-13,0.432,1.18,0.35,0.00426,19.733,69.7708333333333,1.8,2,0.152161,2,1.9e-5,0.152161,0.152161,5,3,3,22,16,14,1,11,3,1,279551,0.9392300809064476,297638.46546546544,2016,2017,1,1,2
354,G105-16,M,S,Rackstad 5,Rackstad_1718,2017,2018,legal,NA,0,NA,"c(12.7787735732281, 59.8448616775186)",Värmland,Arvika,arvika,G105-16,0.432,1.18,0.35,0.00426,19.733,69.7708333333333,1.8,2,0.224609,2,1.9e-5,0.224609,0.224609,5,3,3,22,16,14,1,11,3,1,279551,0.9392300809064476,297638.46546546544,2016,2017,1,1,2
436,G27-12,M,S,Glaskogen 3,Glaskogen_1617,2016,2017,illegal,NA,0,NA,"c(12.6380449614352, 59.8658277334099)",Värmland,Arvika,arvika,G27-12,0.366,1.04,0.2,4e-5,11.525,72.8451612903226,2.1,1.8,0.261963,1,0,0.2795715,0.29718,2,0,0,8,2,1,1,10,2,1,276605,0.943719591095227,293100.83483483485,2011,2016,5,5,6
437,G56-11,F,S,Glaskogen 3,Glaskogen_1617,2016,2017,NA,NA,0,NA,"c(12.6380449614352, 59.8658277334099)",Värmland,Arvika,arvika,G56-11,0.366,1.04,0.2,4e-5,11.525,72.8451612903226,2.1,1.8,0.29718,1,0,0.2795715,0.29718,2,0,0,8,2,1,1,10,2,1,276605,0.943719591095227,293100.83483483485,2011,2016,5,5,6
500,G188-13,F,S,Rackstad  5,Rackstad_1617,2016,2017,NA,NA,0,NA,"c(12.6380449614352, 59.8658277334099)",Värmland,Arvika,arvika,G188-13,0.436,1.15,0.32,0.00415,13.1,67.64375,1.9,1.8,0.152161,2,2.43e-6,0.152161,0.152161,2,0,0,8,2,1,1,10,2,1,276605,0.943719591095227,293100.83483483485,2016,2017,0,0,1
501,G105-16,M,S,Rackstad 5,Rackstad_1617,2016,2017,NA,NA,0,NA,"c(12.6380449614352, 59.8658277334099)",Värmland,Arvika,arvika,G105-16,0.436,1.15,0.32,0.00415,13.1,67.64375,1.9,1.8,0.224609,2,2.43e-6,0.224609,0.224609,2,0,0,8,2,1,1,10,2,1,276605,0.943719591095227,293100.83483483485,2016,2017,0,0,1
569,G27-12,M,S,Glaskogen 3,Glaskogen_1516,2015,2016,NA,NA,0,NA,list(),Värmland,Arvika,arvika,G27-12,0.37,1.02,0.21,5.5e-4,11.425,62.4393939393939,2.1,1.9,0.261963,1,1.56e-6,0.2795715,0.29718,2,1,0,7,1,0,0,9,1,0,271056,0.9466379267073987,286335.45345345343,2011,2016,4,4,5
570,G56-11,F,S,Glaskogen 3,Glaskogen_1516,2015,2016,NA,NA,0,NA,list(),Värmland,Arvika,arvika,G56-11,0.37,1.02,0.21,5.5e-4,11.425,62.4393939393939,2.1,1.9,0.29718,1,1.56e-6,0.2795715,0.29718,2,1,0,7,1,0,0,9,1,0,271056,0.9466379267073987,286335.45345345343,2011,2016,4,4,5
581,G13-10,M,S,Haersjo 2,Hærsjø_1516,2015,2016,illegal,NA,0,NA,list(),Värmland,Arvika,arvika,G13-10,0.382,1.54,0.39,9e-4,11.045,75.8998998998999,100.2,1.9,0.274902,4,7.19e-5,0.274902,0.274902,2,1,0,7,1,0,0,9,1,0,271056,0.9466379267073987,286335.45345345343,2015,2015,0,0,1
582,G103-16,F,S,Haersjö 2,Hærsjø_1516,2015,2016,illegal,NA,0,NA,list(),Värmland,Arvika,arvika,G103-16,0.382,1.54,0.39,9e-4,11.045,75.8998998998999,100.2,1.9,0.27356,4,7.19e-5,0.27356,0.27356,2,1,0,7,1,0,0,9,1,0,271056,0.9466379267073987,286335.45345345343,2015,2015,0,0,1
641,G188-13,F,S,Rackstad  4,Rackstad_1516,2015,2016,NA,NA,0,NA,list(),Värmland,Arvika,arvika,G188-13,0.43,1.17,0.35,0.00513,13,68.6770833333333,2.5,1.9,0.152161,3,2.45e-5,0.152161,0.152161,2,1,0,7,1,0,0,9,1,0,271056,0.9466379267073987,286335.45345345343,2015,2015,0,0,1
642,G62-16,M,S,Rackstad 4,Rackstad_1516,2015,2016,illegal,NA,0,NA,list(),Värmland,Arvika,arvika,G62-16,0.43,1.17,0.35,0.00513,13,68.6770833333333,2.5,1.9,0.198181,3,2.45e-5,0.198181,0.198181,2,1,0,7,1,0,0,9,1,0,271056,0.9466379267073987,286335.45345345343,2015,2015,0,0,1
705,G27-12,M,S,Glaskogen 3,Glaskogen_1415,2014,2015,NA,NA,0,NA,list(),Värmland,Arvika,årjäng,G27-12,0.39,1.05,0.23,0.00122,11.375,63.8450085090031,3,2.6,0.261963,2,0,0.2795715,0.29718,2,1,0,7,6,0,0,9,1,0,256408,0.9274438081165843,276467.42342342343,2011,2016,3,3,4
706,G56-11,F,S,Glaskogen 3,Glaskogen_1415,2014,2015,NA,NA,0,NA,list(),Värmland,Arvika,årjäng,G56-11,0.39,1.05,0.23,0.00122,11.375,63.8450085090031,3,2.6,0.29718,2,0,0.2795715,0.29718,2,1,0,7,6,0,0,9,1,0,256408,0.9274438081165843,276467.42342342343,2011,2016,3,3,4
778,G188-13,F,S,Rackstad 2,Rackstad_1415,2014,2015,NA,NA,0,NA,list(),Värmland,Arvika,arvika,G188-13,0.428,1.2,0.33,0.00477,19.6,65.7220140970141,3,2.6,0.152161,3,5.06e-6,0.225983,0.299805,2,1,0,7,6,0,0,9,1,0,256408,0.9274438081165843,276467.42342342343,2013,2014,1,1,2
779,G72-13,M,S,Rackstad 2,Rackstad_1415,2014,2015,other,NA,0,accident. Spruce twig in chest,list(),Värmland,Arvika,arvika,G72-13,0.428,1.2,0.33,0.00477,19.6,65.7220140970141,3,2.6,0.299805,3,5.06e-6,0.225983,0.299805,2,1,0,7,6,0,0,9,1,0,256408,0.9274438081165843,276467.42342342343,2013,2014,1,1,2
836,G27-12,M,S,Glaskogen 3,Glaskogen_1314,2013,2014,NA,NA,0,NA,"c(12.4086386480328, 59.6007970389991)",Värmland,Arvika,arvika,G27-12,0.383,0.98,0.19,7e-5,11.4,81.8645833333333,3.9,3.4,0.261963,0,0,0.2795715,0.29718,2,1,0,7,7,1,1,9,3,1,251359,0.9246143337769874,271852.8048048048,2011,2016,2,2,3
837,G56-11,F,S,Glaskogen 3,Glaskogen_1314,2013,2014,NA,NA,0,NA,"c(12.4086386480328, 59.6007970389991)",Värmland,Arvika,arvika,G56-11,0.383,0.98,0.19,7e-5,11.4,81.8645833333333,3.9,3.4,0.29718,0,0,0.2795715,0.29718,2,1,0,7,7,1,1,9,3,1,251359,0.9246143337769874,271852.8048048048,2011,2016,2,2,3
846,G13-10,M,S,Haersjo 1,Hærsjø_1314,2013,2014,NA,NA,0,NA,"c(12.4086386480328, 59.6007970389991)",Värmland,Arvika,arvika,G13-10,0.38,1.39,0.42,0.00138,10.972,82.28125,101.8,3.2,0.274902,4,4.55e-6,0.274902,0.274902,2,1,0,7,7,1,1,9,3,1,251359,0.9246143337769874,271852.8048048048,2011,2014,2,2,3
847,G88-13,F,S,Haersjö 1,Hærsjø_1314,2013,2014,NA,NA,0,NA,"c(12.4086386480328, 59.6007970389991)",Värmland,Arvika,arvika,G88-13,0.38,1.39,0.42,0.00138,10.972,82.28125,101.8,3.2,0.152161,4,4.55e-6,0.152161,0.152161,2,1,0,7,7,1,1,9,3,1,251359,0.9246143337769874,271852.8048048048,2011,2014,2,2,3
906,G188-13,F,S,Rackstad 2,Rackstad_1314,2013,2014,NA,NA,0,NA,"c(12.4086386480328, 59.6007970389991)",Värmland,Arvika,arvika,G188-13,0.436,1.16,0.32,0.00392,12.9,80.2395833333333,4,3.4,0.152161,3,1e-8,0.225983,0.299805,2,1,0,7,7,1,1,9,3,1,251359,0.9246143337769874,271852.8048048048,2013,2014,0,0,1
907,G72-13,M,S,Rackstad 2,Rackstad_1314,2013,2014,NA,NA,0,NA,"c(12.4086386480328, 59.6007970389991)",Värmland,Arvika,arvika,G72-13,0.436,1.16,0.32,0.00392,12.9,80.2395833333333,4,3.4,0.299805,3,1e-8,0.225983,0.299805,2,1,0,7,7,1,1,9,3,1,251359,0.9246143337769874,271852.8048048048,2013,2014,0,0,1
1038,G49-13,F,S,Rackstad 1,Rackstad_1213,2012,2013,illegal,NA,0,NA,list(),Värmland,Arvika,arvika,G49-13,0.409,1.16,0.37,0.00582,12,70.1586021505376,4.6,4,0.153625,1,0,0.226715,0.299805,2,2,0,6,6,0,0,8,3,0,246386,0.9292678830369674,265139.9069069069,2012,2012,0,0,1
1039,G72-13,M,S,Rackstad 1,Rackstad_1213,2012,2013,NA,NA,0,NA,list(),Värmland,Arvika,arvika,G72-13,0.409,1.16,0.37,0.00582,12,70.1586021505376,4.6,4,0.299805,1,0,0.226715,0.299805,2,2,0,6,6,0,0,8,3,0,246386,0.9292678830369674,265139.9069069069,2012,2012,0,0,1
1342,G26-09,M,S,Glaskogen 2,Glaskogen_0910,2009,2010,NA,NA,0,NA,"c(12.488821537555, 12.5543740870835, 60.0780791021834, 59.9025841861344)",Värmland,Arvika,årjäng,G26-09,0.397,1.06,0.22,0.00122,11.475,82.9315476190476,NA,3.6,0.305908,0,0,0.288208,0.305908,1,1,0,1,1,1,1,8,7,2,242071,0.9350883631096089,258875,2008,2010,1,1,2
1343,G7-09,F,S,Glaskogen 2,Glaskogen_0910,2009,2010,NA,NA,0,NA,"c(12.488821537555, 12.5543740870835, 60.0780791021834, 59.9025841861344)",Värmland,Arvika,årjäng,G7-09,0.397,1.06,0.22,0.00122,11.475,82.9315476190476,NA,3.6,0.270508,0,0,0.288208,0.305908,1,1,0,1,1,1,1,8,7,2,242071,0.9350883631096089,258875,2008,2010,1,1,2
1428,D-11-29,M,S,Bogen 2,Bogen_0809,2008,2009,NA,NA,0,NA,"c(12.6244067120794, 59.7926579074265)",Värmland,Arvika,arvika,D-11-29,0.414,1.13,0.39,0.00554,12.233,70.2843137254902,NA,3.2,0.267578,1,3.49e-5,0.2910155,0.314453,1,1,1,0,0,0,0,6,5,1,240468,0.9457712135812236,254255.993993994,2008,2008,0,0,1
1429,G18-09,F,S,Bogen 2,Bogen_0809,2008,2009,illegal,NA,0,NA,"c(12.6244067120794, 59.7926579074265)",Värmland,Arvika,arvika,G18-09,0.414,1.13,0.39,0.00554,12.233,70.2843137254902,NA,3.2,0.314453,1,3.49e-5,0.2910155,0.314453,1,1,1,0,0,0,0,6,5,1,240468,0.9457712135812236,254255.993993994,2008,2008,0,0,1
1508,D-08-02,F,S,Bogen 1,Bogen-Eidskog_0708,2007,2008,legal,NA,0,NA,"c(12.5440436390069, 12.5402220561352, 12.4733027009499, 60.0796064283108, 59.9474004389628, 59.896945970984)",Värmland,Arvika,arvika,D-08-02,0.413,1.08,0.32,0,12.681,67.6458333333333,NA,3.6,0.214844,1,1.41e-6,0.241211,0.267578,0,0,0,0,0,0,0,5,5,3,236473,0.9410316197247748,251291.23723723725,2007,2007,0,0,1
1509,D-11-29,M,S,Bogen 1,Bogen-Eidskog_0708,2007,2008,NA,NA,0,NA,"c(12.5440436390069, 12.5402220561352, 12.4733027009499, 60.0796064283108, 59.9474004389628, 59.896945970984)",Värmland,Arvika,arvika,D-11-29,0.413,1.08,0.32,0,12.681,67.6458333333333,NA,3.6,0.267578,1,1.41e-6,0.241211,0.267578,0,0,0,0,0,0,0,5,5,3,236473,0.9410316197247748,251291.23723723725,2007,2007,0,0,1
1861,G1-02,M,S,Glaskogen 1,Glaskogen_0001,2000,2001,NA,NA,0,NA,list(),Värmland,Arvika,arvika,G1-02,0.398,1,0.22,7.5e-4,12.1,55.3468077956989,NA,5.7,0.125,0,0,0.1796875,0.234375,0,0,0,0,0,0,0,0,0,0,207146,0.939833674687823,220407.0843373494,1999,2001,1,1,2
1862,M-02-12,F,S,Glaskogen 1,Glaskogen_0001,2000,2001,NA,NA,1,NA,list(),Värmland,Arvika,arvika,M-02-12,0.398,1,0.22,7.5e-4,12.1,55.3468077956989,NA,5.7,0.234375,0,0,0.1796875,0.234375,0,0,0,0,0,0,0,0,0,0,207146,0.939833674687823,220407.0843373494,1999,2001,1,1,2
67,G10-15,F,S,Magnor 2,Magnor_1920,2019,2020,censored,NA,0,NA,list(),Värmland,Eda,NA,G10-15,0.317,1.41,0.61,0.00287,12.297,78.7135416666667,64.1,2.3,0.139008,5,4.26e-5,0.1911205,0.243233,2,1,0,23,6,0,0,3,2,0,278143,0.9152975053756482,303882.6156156156,2018,2019,1,1,2
68,M-18-11/G237-17,M,S,Magnor 2,Magnor_1920,2019,2020,illegal,NA,1,NA,list(),Värmland,Eda,NA,G237-17,0.317,1.41,0.61,0.00287,12.297,78.7135416666667,64.1,2.3,0.243233,5,4.26e-5,0.1911205,0.243233,2,1,0,23,6,0,0,3,2,0,278143,0.9152975053756482,303882.6156156156,2018,2019,1,1,2
197,G10-15,F,S,Magnor 2,Magnor_1819,2018,2019,NA,NA,0,NA,list(),Värmland,Eda,eda,G10-15,0.311,1.39,0.57,0.00287,10.626,83.1927083333333,64.7,2.1,0.139008,5,3.67e-6,0.1911205,0.243233,2,1,0,23,6,0,0,3,2,0,274406,0.9110816742565381,301187.04804804805,2018,2019,0,0,1
198,M-18-11/G237-17,M,S,Magnor 2,Magnor_1819,2018,2019,NA,NA,1,NA,list(),Värmland,Eda,eda,G237-17,0.311,1.39,0.57,0.00287,10.626,83.1927083333333,64.7,2.1,0.243233,5,3.67e-6,0.1911205,0.243233,2,1,0,23,6,0,0,3,2,0,274406,0.9110816742565381,301187.04804804805,2018,2019,0,0,1
337,G10-15,F,S,Magnor 1,Magnor_1718,2017,2018,NA,NA,0,NA,list(),Värmland,Eda,eda,G10-15,0.309,1.4,0.57,0.00287,10.586,69.953125,68.2,2,0.139008,3,3.79e-6,0.1765655,0.214123,2,1,1,23,6,6,4,3,2,0,269018,0.9038415097971058,297638.46546546544,2016,2017,1,1,2
338,G68-15,M,S,Magnor 1,Magnor_1718,2017,2018,illegal,NA,0,NA,list(),Värmland,Eda,eda,G68-15,0.309,1.4,0.57,0.00287,10.586,69.953125,68.2,2,0.214123,3,3.79e-6,0.1765655,0.214123,2,1,1,23,6,6,4,3,2,0,269018,0.9038415097971058,297638.46546546544,2016,2017,1,1,2
482,G10-15,F,S,Magnor 1,Magnor_1617,2016,2017,NA,NA,0,NA,list(),Värmland,Eda,eda,G10-15,0.312,1.41,0.59,0.00287,11.202,69.63125,78.5,1.8,0.139008,3,6.93e-6,0.1765655,0.214123,1,0,0,17,1,0,0,3,2,0,270097,0.9215156284089135,293100.83483483485,2016,2017,0,0,1
483,G68-15,M,S,Magnor 1,Magnor_1617,2016,2017,NA,NA,0,NA,list(),Värmland,Eda,eda,G68-15,0.312,1.41,0.59,0.00287,11.202,69.63125,78.5,1.8,0.214123,3,6.93e-6,0.1765655,0.214123,1,0,0,17,1,0,0,3,2,0,270097,0.9215156284089135,293100.83483483485,2016,2017,0,0,1
792,G154-14,M,S,Skillingmark 1,Skillingmark_1415,2014,2015,illegal,NA,0,NA,list(),Värmland,Eda,eda,G154-14,0.33,1.34,0.35,3.1e-4,9.26,64.2642809139785,78,2.6,0.293274,2,1.4e-7,0.21614099999999997,0.293274,1,1,0,17,10,0,0,1,0,0,224435,0.8117954629911922,276467.42342342343,2014,2014,0,0,1
793,G69-14,F,S,Skillingmark 1,Skillingmark_1415,2014,2015,NA,NA,0,NA,list(),Värmland,Eda,eda,G69-14,0.33,1.34,0.35,3.1e-4,9.26,64.2642809139785,78,2.6,0.139008,2,1.4e-7,0.21614099999999997,0.293274,1,1,0,17,10,0,0,1,0,0,224435,0.8117954629911922,276467.42342342343,2014,2014,0,0,1
1752,M-02-09,F,S,Djurskog 1,Djurskog_0304,2003,2004,NA,NA,1,NA,list(),Värmland,Eda,eda,M-02-09,0.342,1.2,0.31,1.3e-4,8.81,73.5125,NA,4.6,0.234375,0,0,0.2109375,0.234375,0,0,0,0,0,0,0,0,0,0,207411,0.8889052466929307,233333.0810810811,2002,2004,1,1,2
1753,M-03-06,M,S,Djurskog 1,Djurskog_0304,2003,2004,NA,NA,1,NA,list(),Värmland,Eda,eda,M-03-06,0.342,1.2,0.31,1.3e-4,8.81,73.5125,NA,4.6,0.1875,0,0,0.2109375,0.234375,0,0,0,0,0,0,0,0,0,0,207411,0.8889052466929307,233333.0810810811,2002,2004,1,1,2
1791,M-02-09,F,S,Djurskog 1,Djurskog_0203,2002,2003,NA,NA,1,NA,list(),Värmland,Eda,eda,M-02-09,0.339,1.22,0.32,2.6e-4,8.763,75.26875,NA,4.6,0.234375,1,6.29e-5,0.2109375,0.234375,0,0,0,0,0,0,0,0,0,0,205655,0.8962678176658,229457.08408408408,2002,2004,0,0,1
1792,M-03-06,M,S,Djurskog 1,Djurskog_0203,2002,2003,NA,NA,1,NA,list(),Värmland,Eda,eda,M-03-06,0.339,1.22,0.32,2.6e-4,8.763,75.26875,NA,4.6,0.1875,1,6.29e-5,0.2109375,0.234375,0,0,0,0,0,0,0,0,0,0,205655,0.8962678176658,229457.08408408408,2002,2004,0,0,1
123,G181-19,M,S,Älgsjön,Älgsjön_1920,2019,2020,illegal,NA,0,NA,list(),Värmland,Filipstad,NA,G181-19,0.36,1.13,0.25,0,30.62,79.390625,2.1,2.6,0.134041,2,6.41e-6,0.20093149999999999,0.267822,10,7,0,107,39,0,0,18,2,0,248233,0.8168713419065492,303882.6156156156,2019,2019,0,0,1
124,G205-19,F,S,Älgsjön,Älgsjön_1920,2019,2020,illegal,NA,0,NA,list(),Värmland,Filipstad,NA,G205-19,0.36,1.13,0.25,0,30.62,79.390625,2.1,2.6,0.267822,2,6.41e-6,0.20093149999999999,0.267822,10,7,0,107,39,0,0,18,2,0,248233,0.8168713419065492,303882.6156156156,2019,2019,0,0,1
129,G177-19,M,S,Fräkensjon 1,Fräkensjon_1920,2019,2020,NA,NA,0,Fräkensjön was acknowledged by VSC in retrospect. Coordinates calculated by OL,list(),Värmland,Filipstad,NA,G177-19,0.32,0.98,0.24,1.7e-4,7.64,80.8440860215054,2.6,2.6,0.227697,3,1.1199e-4,0.180869,0.227697,10,7,0,107,39,0,0,18,2,0,248233,0.8168713419065492,303882.6156156156,2019,2019,0,0,1
130,G223-17,F,S,Fräkensjon 1,Fräkensjon_1920,2019,2020,NA,NA,0,NA,list(),Värmland,Filipstad,NA,G223-17,0.32,0.98,0.24,1.7e-4,7.64,80.8440860215054,2.6,2.6,0.134041,3,1.1199e-4,0.180869,0.227697,10,7,0,107,39,0,0,18,2,0,248233,0.8168713419065492,303882.6156156156,2019,2019,0,0,1
147,G117-15,M,S,Brattfors 3,Brattfors_1819,2018,2019,illegal,NA,0,NA,list(),Värmland,Filipstad,filipstad,G117-15,0.356,1.18,0.28,7.5e-4,30.52,82.9242424242424,2,2.3,0.224609,5,5.25e-5,0.2512205,0.277832,10,7,0,107,41,0,0,18,2,0,246480,0.8183618837443478,301187.04804804805,2017,2018,1,1,2
148,G172-16,F,S,Brattfors 3,Brattfors_1819,2018,2019,illegal,NA,0,NA,list(),Värmland,Filipstad,filipstad,G172-16,0.356,1.18,0.28,7.5e-4,30.52,82.9242424242424,2,2.3,0.277832,5,5.25e-5,0.2512205,0.277832,10,7,0,107,41,0,0,18,2,0,246480,0.8183618837443478,301187.04804804805,2017,2018,1,1,2
217,G136-15,F,S,Sandsjön 5,Sandsjön_1819,2018,2019,illegal,NA,0,NA,list(),Värmland,Filipstad,filipstad,G136-15,0.367,1.09,0.3,0.00108,29.875,83.0454545454545,1.6,2.3,0.214912,2,1.0792e-4,0.22316799999999998,0.231424,10,7,0,107,41,0,0,18,2,0,246480,0.8183618837443478,301187.04804804805,2018,2018,0,0,1
218,G19-17,M,S,Sandsjön 5,Sandsjön_1819,2018,2019,illegal,NA,0,NA,list(),Värmland,Filipstad,filipstad,G19-17,0.367,1.09,0.3,0.00108,29.875,83.0454545454545,1.6,2.3,0.231424,2,1.0792e-4,0.22316799999999998,0.231424,10,7,0,107,41,0,0,18,2,0,246480,0.8183618837443478,301187.04804804805,2018,2018,0,0,1
271,G117-15,M,S,Brattfors 3,Brattfors_1718,2017,2018,NA,NA,0,NA,"c(13.9723919411957, 59.6928252226533)",Värmland,Filipstad,filipstad,G117-15,0.354,1.21,0.3,0.00275,30.24,76.343137254902,1.7,2,0.224609,5,4.09e-5,0.2512205,0.277832,10,7,7,107,41,0,0,18,4,1,247655,0.832066512682431,297638.46546546544,2017,2018,0,0,1
272,G172-16,F,S,Brattfors 3,Brattfors_1718,2017,2018,NA,NA,0,NA,"c(13.9723919411957, 59.6928252226533)",Värmland,Filipstad,filipstad,G172-16,0.354,1.21,0.3,0.00275,30.24,76.343137254902,1.7,2,0.277832,5,4.09e-5,0.2512205,0.277832,10,7,7,107,41,0,0,18,4,1,247655,0.832066512682431,297638.46546546544,2017,2018,0,0,1
285,G55-16,M,S,Forshaga  3,Forshaga_1718,2017,2018,NA,NA,0,NA,"c(13.9723919411957, 59.6928252226533)",Värmland,Filipstad,karlstad,G55-16,0.314,1.11,0.39,0.00399,32.025,69.3636363636364,2.4,2,0.214912,6,4.63e-6,0.2672615,0.319611,10,7,7,107,41,0,0,18,4,1,247655,0.832066512682431,297638.46546546544,2015,2019,2,2,3
286,G56-16,F,S,Forshaga  3,Forshaga_1718,2017,2018,NA,NA,0,NA,"c(13.9723919411957, 59.6928252226533)",Värmland,Filipstad,karlstad,G56-16,0.314,1.11,0.39,0.00399,32.025,69.3636363636364,2.4,2,0.319611,6,4.63e-6,0.2672615,0.319611,10,7,7,107,41,0,0,18,4,1,247655,0.832066512682431,297638.46546546544,2015,2019,2,2,3
341,G109-17,F,S,Nordmark 3,Nordmark_1718,2017,2018,illegal,NA,0,NA,"c(13.9723919411957, 59.6928252226533)",Värmland,Filipstad,filipstad,G109-17,0.357,1.11,0.31,0.00248,6.9,79.5,1.3,2,0.242455,4,6.9e-5,0.203991,0.242455,10,7,7,107,41,0,0,18,4,1,247655,0.832066512682431,297638.46546546544,2017,2017,0,0,1
342,G76-17,M,S,Nordmark 3,Nordmark_1718,2017,2018,illegal,NA,0,NA,"c(13.9723919411957, 59.6928252226533)",Värmland,Filipstad,filipstad,G76-17,0.357,1.11,0.31,0.00248,6.9,79.5,1.3,2,0.165527,4,6.9e-5,0.203991,0.242455,10,7,7,107,41,0,0,18,4,1,247655,0.832066512682431,297638.46546546544,2017,2017,0,0,1
416,G146-16,F,S,Brattfors 2,Brattfors 2_1617,2016,2017,legal,NA,0,NA,list(),Värmland,Filipstad,filipstad,G146-16,0.355,1.2,0.3,0.00227,30.02,68.2705882352941,1.3,1.8,0.214912,5,3.17e-6,0.309513,0.404114,3,0,0,107,41,10,1,17,6,0,240466,0.8204207270016987,293100.83483483485,2016,2016,0,0,1
417,G31-16,M,S,Brattfors 2,Brattfors 2_1617,2016,2017,legal,NA,0,NA,list(),Värmland,Filipstad,filipstad,G31-16,0.355,1.2,0.3,0.00227,30.02,68.2705882352941,1.3,1.8,0.404114,5,3.17e-6,0.309513,0.404114,3,0,0,107,41,10,1,17,6,0,240466,0.8204207270016987,293100.83483483485,2016,2016,0,0,1
486,G41-12,F,S,Nordmark 2,Nordmark_1617,2016,2017,legal,NA,0,NA,list(),Värmland,Filipstad,filipstad,G41-12,0.361,1.11,0.28,0.00158,6.8,72.1806451612903,1,1.8,0.35199,5,8.45e-6,0.287186,0.35199,3,0,0,107,41,10,1,17,6,0,240466,0.8204207270016987,293100.83483483485,2015,2016,1,1,2
487,G50-16,M,S,Nordmark 2,Nordmark_1617,2016,2017,legal,NA,0,NA,list(),Värmland,Filipstad,filipstad,G50-16,0.361,1.11,0.28,0.00158,6.8,72.1806451612903,1,1.8,0.222382,5,8.45e-6,0.287186,0.35199,3,0,0,107,41,10,1,17,6,0,240466,0.8204207270016987,293100.83483483485,2015,2016,1,1,2
555,G28-09,M,S,Brattfors 1,Brattfors_1516,2015,2016,other,NA,0,"old age, 10+ yr old","c(14.0382623981256, 59.6993224818524)",Värmland,Filipstad,filipstad,G28-09,0.346,1.17,0.31,0.00349,26.45,71.3585858585859,1.7,1.9,0.314453,6,6.2e-7,0.2910155,0.314453,3,0,0,97,31,29,2,17,8,1,238754,0.8338261892490786,286335.45345345343,2008,2015,7,7,8
556,G9-09,F,S,Brattfors 1,Brattfors_1516,2015,2016,censored,NA,0,NA,"c(14.0382623981256, 59.6993224818524)",Värmland,Filipstad,filipstad,G9-09,0.346,1.17,0.31,0.00349,26.45,71.3585858585859,1.7,1.9,0.267578,6,6.2e-7,0.2910155,0.314453,3,0,0,97,31,29,2,17,8,1,238754,0.8338261892490786,286335.45345345343,2008,2015,7,7,8
575,G11-13,M,S,Gåsborn 3,Gåsborn_1516,2015,2016,NA,NA,0,NA,"c(14.0382623981256, 59.6993224818524)",Värmland,Filipstad,hällefors,G11-13,0.357,1.09,0.28,4.4e-4,10.567,78.1041666666667,2.1,2.2,0.165527,5,8.62e-5,0.14610250000000002,0.165527,3,0,0,97,31,29,2,17,8,1,238754,0.8338261892490786,286335.45345345343,2013,2015,2,2,3
576,G49-12,F,S,Gåsborn 3,Gåsborn_1516,2015,2016,illegal,NA,0,NA,"c(14.0382623981256, 59.6993224818524)",Värmland,Filipstad,hällefors,G49-12,0.357,1.09,0.28,4.4e-4,10.567,78.1041666666667,2.1,2.2,0.126678,5,8.62e-5,0.14610250000000002,0.165527,3,0,0,97,31,29,2,17,8,1,238754,0.8338261892490786,286335.45345345343,2013,2015,2,2,3
627,G41-12,F,S,Nordmark 2,Nordmark_1516,2015,2016,NA,NA,0,NA,"c(14.0382623981256, 59.6993224818524)",Värmland,Filipstad,filipstad,G41-12,0.354,1.11,0.3,0.00102,6.833,76.9494949494949,1.6,2,0.35199,5,2.84e-5,0.287186,0.35199,3,0,0,97,31,29,2,17,8,1,238754,0.8338261892490786,286335.45345345343,2015,2016,0,0,1
628,G50-16,M,S,Nordmark 2,Nordmark_1516,2015,2016,NA,NA,0,NA,"c(14.0382623981256, 59.6993224818524)",Värmland,Filipstad,filipstad,G50-16,0.354,1.11,0.3,0.00102,6.833,76.9494949494949,1.6,2,0.222382,5,2.84e-5,0.287186,0.35199,3,0,0,97,31,29,2,17,8,1,238754,0.8338261892490786,286335.45345345343,2015,2016,0,0,1
820,G28-09,M,S,Brattfors 1,Brattfors_1314,2013,2014,NA,NA,0,Dals Ed-Halden_1314,"c(14.0090830210179, 14.0877902820613, 59.7366255651433, 59.9405689644537)",Värmland,Filipstad,filipstad,G28-09,0.341,1.21,0.33,0.00375,26.32,79.3939393939394,2.9,3.4,0.314453,5,2.29e-5,0.2910155,0.314453,3,3,0,66,18,0,0,16,9,2,234539,0.8627426160579922,271852.8048048048,2008,2015,5,5,6
821,G9-09,F,S,Brattfors 1,Brattfors_1314,2013,2014,NA,NA,0,NA,"c(14.0090830210179, 14.0877902820613, 59.7366255651433, 59.9405689644537)",Värmland,Filipstad,filipstad,G9-09,0.341,1.21,0.33,0.00375,26.32,79.3939393939394,2.9,3.4,0.267578,5,2.29e-5,0.2910155,0.314453,3,3,0,66,18,0,0,16,9,2,234539,0.8627426160579922,271852.8048048048,2008,2015,5,5,6
898,G41-12,F,S,Nordmark 1,Nordmark_1314,2013,2014,censored,NA,0,NA,"c(14.0090830210179, 14.0877902820613, 59.7366255651433, 59.9405689644537)",Värmland,Filipstad,filipstad,G41-12,0.357,1.09,0.34,0.00268,6.867,82.2941176470588,2.9,3.4,0.35199,5,6.67e-5,0.32894900000000005,0.35199,3,3,0,66,18,0,0,16,9,2,234539,0.8627426160579922,271852.8048048048,2012,2013,1,1,2
899,G77-13,M,S,Nordmark 1,Nordmark_1314,2013,2014,illegal,NA,0,NA,"c(14.0090830210179, 14.0877902820613, 59.7366255651433, 59.9405689644537)",Värmland,Filipstad,filipstad,G77-13,0.357,1.09,0.34,0.00268,6.867,82.2941176470588,2.9,3.4,0.305908,5,6.67e-5,0.32894900000000005,0.35199,3,3,0,66,18,0,0,16,9,2,234539,0.8627426160579922,271852.8048048048,2012,2013,1,1,2
960,G28-09,M,S,Brattfors 1,Brattfors_1213,2012,2013,NA,NA,0,NA,"c(14.0653414242698, 14.0690112197579, 14.3692434476567, 59.5961665937232, 59.6173678875872, 59.803056374232)",Värmland,Filipstad,filipstad,G28-09,0.346,1.18,0.31,0.00325,26.067,66.9782828282828,3.5,4,0.314453,5,5.38e-6,0.2910155,0.314453,3,3,0,66,18,0,0,14,10,3,229056,0.8639061643799388,265139.9069069069,2008,2015,4,4,5
961,G9-09,F,S,Brattfors 1,Brattfors_1213,2012,2013,NA,NA,0,NA,"c(14.0653414242698, 14.0690112197579, 14.3692434476567, 59.5961665937232, 59.6173678875872, 59.803056374232)",Värmland,Filipstad,filipstad,G9-09,0.346,1.18,0.31,0.00325,26.067,66.9782828282828,3.5,4,0.267578,5,5.38e-6,0.2910155,0.314453,3,3,0,66,18,0,0,14,10,3,229056,0.8639061643799388,265139.9069069069,2008,2015,4,4,5
1030,G41-12,F,S,Nordmark 1,Nordmark_1213,2012,2013,NA,NA,0,NA,"c(14.0653414242698, 14.0690112197579, 14.3692434476567, 59.5961665937232, 59.6173678875872, 59.803056374232)",Värmland,Filipstad,filipstad,G41-12,0.355,1.09,0.29,0.00102,6.8,70.4184027777778,3.3,4,0.35199,4,2.94e-5,0.32894900000000005,0.35199,3,3,0,66,18,0,0,14,10,3,229056,0.8639061643799388,265139.9069069069,2012,2013,0,0,1
1031,G77-13,M,S,Nordmark 1,Nordmark_1213,2012,2013,NA,NA,0,NA,"c(14.0653414242698, 14.0690112197579, 14.3692434476567, 59.5961665937232, 59.6173678875872, 59.803056374232)",Värmland,Filipstad,filipstad,G77-13,0.355,1.09,0.29,0.00102,6.8,70.4184027777778,3.3,4,0.305908,4,2.94e-5,0.32894900000000005,0.35199,3,3,0,66,18,0,0,14,10,3,229056,0.8639061643799388,265139.9069069069,2012,2013,0,0,1
1081,G45-12,M,S,Aamäck 2,Aamäck_1112,2011,2012,NA,NA,0,NA,"c(13.8617306569349, 14.3941517187704, 59.7639942402125, 59.8439479847382)",Värmland,Filipstad,filipstad,G45-12,0.321,0.96,0.22,0,7.54,82.3333333333333,NA,3.1,0.152161,4,1.609e-4,0.2257385,0.299316,3,3,0,66,18,0,0,11,8,2,225496,0.8733821864093033,258187.08408408408,2011,2012,0,0,1
1082,M-13-10/G44-12,F,S,Aamäck 2,Aamäck_1112,2011,2012,NA,NA,1,NA,"c(13.8617306569349, 14.3941517187704, 59.7639942402125, 59.8439479847382)",Värmland,Filipstad,filipstad,G44-12,0.321,0.96,0.22,0,7.54,82.3333333333333,NA,3.1,0.299316,4,1.609e-4,0.2257385,0.299316,3,3,0,66,18,0,0,11,8,2,225496,0.8733821864093033,258187.08408408408,2011,2012,0,0,1
1089,G28-09,M,S,Brattfors 1,Brattfors_1112,2011,2012,NA,NA,0,NA,"c(13.8617306569349, 14.3941517187704, 59.7639942402125, 59.8439479847382)",Värmland,Filipstad,filipstad,G28-09,0.346,1.21,0.31,0.00324,26.12,82.3484848484848,NA,3.8,0.314453,2,3.22e-5,0.2910155,0.314453,3,3,0,66,18,0,0,11,8,2,225496,0.8733821864093033,258187.08408408408,2008,2015,3,3,4
1090,G9-09,F,S,Brattfors 1,Brattfors_1112,2011,2012,NA,NA,0,NA,"c(13.8617306569349, 14.3941517187704, 59.7639942402125, 59.8439479847382)",Värmland,Filipstad,filipstad,G9-09,0.346,1.21,0.31,0.00324,26.12,82.3484848484848,NA,3.8,0.267578,2,3.22e-5,0.2910155,0.314453,3,3,0,66,18,0,0,11,8,2,225496,0.8733821864093033,258187.08408408408,2008,2015,3,3,4
1200,M-06-09,F,S,Aamäck 1,Aamäck_1011,2010,2011,illegal,NA,1,NA,list(),Värmland,Filipstad,filipstad,M-06-09,0.316,0.98,0.23,4.4e-4,7.54,82.4444444444444,NA,2.9,0.267578,2,1.6705e-4,0.26855450000000003,0.269531,3,3,2,66,18,18,3,9,6,0,226569,0.8802458456606874,257392.86486486485,2006,2010,4,4,5
1201,M-09-16,M,S,Aamäck 1,Aamäck_1011,2010,2011,censored,NA,1,NA,list(),Värmland,Filipstad,filipstad,M-09-16,0.316,0.98,0.23,4.4e-4,7.54,82.4444444444444,NA,2.9,0.269531,2,1.6705e-4,0.26855450000000003,0.269531,3,3,2,66,18,18,3,9,6,0,226569,0.8802458456606874,257392.86486486485,2006,2010,4,4,5
1232,G27-11,M,S,Gåsborn 1,Gåsborn_1011,2010,2011,NA,NA,0,NA,list(),Värmland,Filipstad,filipstad,G27-11,0.324,1.2,0.31,0.00216,7.05,82.5625,NA,3.5,0.227051,4,4.9e-5,0.1135255,0.227051,3,3,2,66,18,18,3,9,6,0,226569,0.8802458456606874,257392.86486486485,2010,2011,0,0,1
1233,G6-11,F,S,Gåsborn 1,Gåsborn_1011,2010,2011,NA,NA,0,NA,list(),Värmland,Filipstad,filipstad,G6-11,0.324,1.2,0.31,0.00216,7.05,82.5625,NA,3.5,0,4,4.9e-5,0.1135255,0.227051,3,3,2,66,18,18,3,9,6,0,226569,0.8802458456606874,257392.86486486485,2010,2011,0,0,1
1320,M-06-09,F,S,Aamäck 1,Aamäck_0910,2009,2010,NA,NA,1,NA,"c(13.9223214239553, 14.3391528686215, 59.7687015423886, 59.9132074933017)",Värmland,Filipstad,filipstad,M-06-09,0.316,0.98,0.23,4.4e-4,7.56,81.6525297619048,NA,2.9,0.267578,3,1.4395e-4,0.26855450000000003,0.269531,1,1,1,48,33,0,0,9,6,2,231812,0.8954591984548528,258875,2006,2010,3,3,4
1321,M-09-16,M,S,Aamäck 1,Aamäck_0910,2009,2010,NA,NA,1,NA,"c(13.9223214239553, 14.3391528686215, 59.7687015423886, 59.9132074933017)",Värmland,Filipstad,filipstad,M-09-16,0.316,0.98,0.23,4.4e-4,7.56,81.6525297619048,NA,2.9,0.269531,3,1.4395e-4,0.26855450000000003,0.269531,1,1,1,48,33,0,0,9,6,2,231812,0.8954591984548528,258875,2006,2010,3,3,4
1392,G12-09,F,S,Sandsjön 2,Sandsjön_0910,2009,2010,NA,NA,0,NA,"c(13.9223214239553, 14.3391528686215, 59.7687015423886, 59.9132074933017)",Värmland,Filipstad,filipstad,G12-09,0.365,1.11,0.28,0,28.275,83.703125,NA,3.6,0.305908,1,5.53e-5,0.371338,0.436768,1,1,1,48,33,0,0,9,6,2,231812,0.8954591984548528,258875,2009,2011,0,0,1
1393,M-07-06,M,S,Sandsjön 2,Sandsjön_0910,2009,2010,NA,NA,1,NA,"c(13.9223214239553, 14.3391528686215, 59.7687015423886, 59.9132074933017)",Värmland,Filipstad,filipstad,M-07-06,0.365,1.11,0.28,0,28.275,83.703125,NA,3.6,0.436768,1,5.53e-5,0.371338,0.436768,1,1,1,48,33,0,0,9,6,2,231812,0.8954591984548528,258875,2009,2011,0,0,1
1422,M-06-09,F,S,Aamäck 1,Aamäck_0809,2008,2009,NA,NA,1,NA,"c(13.9694963738858, 14.1176508580758, 14.1767549641524, 59.8289394211371, 59.8656497849507, 59.8679474516846)",Värmland,Filipstad,filipstad,M-06-09,0.32,0.98,0.24,0,7.58,81.8388888888889,NA,2.9,0.267578,3,1.4579e-4,0.26855450000000003,0.269531,0,0,0,48,43,0,0,7,5,3,227718,0.8956249031650326,254255.993993994,2006,2010,2,2,3
1423,M-09-16,M,S,Aamäck 1,Aamäck_0809,2008,2009,NA,NA,1,NA,"c(13.9694963738858, 14.1176508580758, 14.1767549641524, 59.8289394211371, 59.8656497849507, 59.8679474516846)",Värmland,Filipstad,filipstad,M-09-16,0.32,0.98,0.24,0,7.58,81.8388888888889,NA,2.9,0.269531,3,1.4579e-4,0.26855450000000003,0.269531,0,0,0,48,43,0,0,7,5,3,227718,0.8956249031650326,254255.993993994,2006,2010,2,2,3
1430,G28-09,M,S,Brattfors 1,Brattfors_0809,2008,2009,NA,NA,0,NA,"c(13.9694963738858, 14.1176508580758, 14.1767549641524, 59.8289394211371, 59.8656497849507, 59.8679474516846)",Värmland,Filipstad,filipstad,G28-09,0.326,1.14,0.37,0.00402,30.525,68.7020202020202,NA,3.2,0.314453,2,2.29e-5,0.2910155,0.314453,0,0,0,48,43,0,0,7,5,3,227718,0.8956249031650326,254255.993993994,2008,2015,0,0,1
1431,G9-09,F,S,Brattfors 1,Brattfors_0809,2008,2009,NA,NA,0,NA,"c(13.9694963738858, 14.1176508580758, 14.1767549641524, 59.8289394211371, 59.8656497849507, 59.8679474516846)",Värmland,Filipstad,filipstad,G9-09,0.326,1.14,0.37,0.00402,30.525,68.7020202020202,NA,3.2,0.267578,2,2.29e-5,0.2910155,0.314453,0,0,0,48,43,0,0,7,5,3,227718,0.8956249031650326,254255.993993994,2008,2015,0,0,1
1480,D-09-22,F,S,Sandsjön 1,Sandsjön_0809,2008,2009,legal,NA,0,NA,"c(13.9694963738858, 14.1176508580758, 14.1767549641524, 59.8289394211371, 59.8656497849507, 59.8679474516846)",Värmland,Filipstad,filipstad,D-09-22,0.363,1.11,0.26,0,29.08,79.8383838383838,NA,3.2,0.267578,2,8.04e-5,0.35217299999999996,0.436768,0,0,0,48,43,0,0,7,5,3,227718,0.8956249031650326,254255.993993994,2007,2008,1,1,2
1481,M-07-06,M,S,Sandsjön 1,Sandsjön_0809,2008,2009,NA,NA,1,NA,"c(13.9694963738858, 14.1176508580758, 14.1767549641524, 59.8289394211371, 59.8656497849507, 59.8679474516846)",Värmland,Filipstad,filipstad,M-07-06,0.363,1.11,0.26,0,29.08,79.8383838383838,NA,3.2,0.436768,2,8.04e-5,0.35217299999999996,0.436768,0,0,0,48,43,0,0,7,5,3,227718,0.8956249031650326,254255.993993994,2007,2008,1,1,2
1502,M-06-09,F,S,Aamäck 1,Aamäck_0708,2007,2008,NA,NA,1,NA,"c(14.1849149877836, 60.1659809125502)",Värmland,Filipstad,filipstad,M-06-09,0.323,1,0.25,2.8e-4,7.62,72.6256272401434,NA,3.4,0.267578,3,1.42e-5,0.26855450000000003,0.269531,0,0,0,48,48,0,0,4,4,1,226802,0.9025463939511841,251291.23723723725,2006,2010,1,1,2
1503,M-09-16,M,S,Aamäck 1,Aamäck_0708,2007,2008,NA,NA,1,NA,"c(14.1849149877836, 60.1659809125502)",Värmland,Filipstad,filipstad,M-09-16,0.323,1,0.25,2.8e-4,7.62,72.6256272401434,NA,3.4,0.269531,3,1.42e-5,0.26855450000000003,0.269531,0,0,0,48,48,0,0,4,4,1,226802,0.9025463939511841,251291.23723723725,2006,2010,1,1,2
1544,G28-06,F,S,Loka 1,Loka_0708,2007,2008,NA,NA,0,NA,"c(14.1849149877836, 60.1659809125502)",Värmland,Filipstad,storfors,G28-06,0.302,1.1,0.36,0.00123,23.083,66.6145833333333,NA,3.2,0.260742,1,0,0.2788085,0.296875,0,0,0,48,48,0,0,4,4,1,226802,0.9025463939511841,251291.23723723725,2006,2009,1,1,2
1545,G4-07,M,S,Loka 1,Loka_0708,2007,2008,NA,NA,0,NA,"c(14.1849149877836, 60.1659809125502)",Värmland,Filipstad,storfors,G4-07,0.302,1.1,0.36,0.00123,23.083,66.6145833333333,NA,3.2,0.296875,1,0,0.2788085,0.296875,0,0,0,48,48,0,0,4,4,1,226802,0.9025463939511841,251291.23723723725,2006,2009,1,1,2
1560,D-09-22,F,S,Sandsjön 1,Sandsjön_0708,2007,2008,NA,NA,0,NA,"c(14.1849149877836, 60.1659809125502)",Värmland,Filipstad,filipstad,D-09-22,0.358,1.12,0.27,9.1e-4,29.65,70.734375,NA,3.6,0.267578,2,5e-8,0.35217299999999996,0.436768,0,0,0,48,48,0,0,4,4,1,226802,0.9025463939511841,251291.23723723725,2007,2008,0,0,1
1561,M-07-06,M,S,Sandsjön 1,Sandsjön_0708,2007,2008,NA,NA,1,NA,"c(14.1849149877836, 60.1659809125502)",Värmland,Filipstad,filipstad,M-07-06,0.358,1.12,0.27,9.1e-4,29.65,70.734375,NA,3.6,0.436768,2,5e-8,0.35217299999999996,0.436768,0,0,0,48,48,0,0,4,4,1,226802,0.9025463939511841,251291.23723723725,2007,2008,0,0,1
1649,M-05-05,M,S,Forshyttan,Forshyttan_0405,2005,2006,censored,NA,1,NA,list(),Värmland,Filipstad,filipstad,M-05-05,0.342,1.2,0.31,0.00375,25.82,81.515625,NA,4,0.296875,0,5e-8,0.2890625,0.296875,0,0,0,48,48,33,3,3,3,0,223714,0.9193493892527408,243339.47747747749,2004,2005,1,1,2
1701,M-05-05,M,S,Forshyttan,Forshyttan_0405,2004,2005,NA,NA,1,NA,"c(14.1389926615375, 59.8044871197805)",Värmland,Filipstad,filipstad,M-05-05,0.342,1.2,0.31,0.00375,25.82,81.515625,NA,4,0.296875,0,5e-8,0.2890625,0.296875,0,0,0,15,15,10,2,3,3,1,219911,0.9228434259155479,238297.1951951952,2004,2005,0,0,1
1702,M-05-09,F,S,Forshyttan,Forshyttan_0405,2004,2005,NA,NA,1,NA,"c(14.1389926615375, 59.8044871197805)",Värmland,Filipstad,filipstad,M-05-09,0.342,1.2,0.31,0.00375,25.82,81.515625,NA,4,0.28125,0,5e-8,0.2890625,0.296875,0,0,0,15,15,10,2,3,3,1,219911,0.9228434259155479,238297.1951951952,2004,2005,0,0,1
1825,G5-03,F,S,Filipstad,Filipstad_0102,2001,2002,other,NA,0,"old, may have died of age",list(),Värmland,Filipstad,filipstad,G5-03,0.357,1.13,0.25,0,29.24,74.578431372549,NA,5.5,0.375,1,4.9e-7,0.25,0.375,0,0,0,0,0,0,0,0,0,0,209638,0.9358584834088122,224006.0903614458,1998,2001,3,3,4
1826,M-05-08,M,S,Filipstad,Filipstad_0102,2001,2002,NA,NA,1,The male moved to Jangen 3 where he appears  2003/04,list(),Värmland,Filipstad,filipstad,M-05-08,0.357,1.13,0.25,0,29.24,74.578431372549,NA,5.5,0.125,1,4.9e-7,0.25,0.375,0,0,0,0,0,0,0,0,0,0,209638,0.9358584834088122,224006.0903614458,1998,2001,3,3,4
1857,G5-03,F,S,Filipstad,Filipstad_0001,2000,2001,NA,NA,0,NA,list(),Värmland,Filipstad,filipstad,G5-03,0.333,1.17,0.35,0.00375,24.025,64.9586693548387,NA,5.7,0.375,0,0,0.25,0.375,0,0,0,0,0,0,0,0,0,0,207053,0.939411728177893,220407.0843373494,1998,2001,2,2,3
1858,M-05-08,M,S,Filipstad,Filipstad_0001,2000,2001,NA,NA,1,NA,list(),Värmland,Filipstad,filipstad,M-05-08,0.333,1.17,0.35,0.00375,24.025,64.9586693548387,NA,5.7,0.125,0,0,0.25,0.375,0,0,0,0,0,0,0,0,0,0,207053,0.939411728177893,220407.0843373494,1998,2001,2,2,3
1905,G5-03,F,S,Filipstad,Filipstad_9899,1998,1999,NA,NA,0,NA,list(),Värmland,Filipstad,filipstad,G5-03,0.355,1.11,0.32,0.00268,8,NA,NA,5.4,0.375,1,0,0.25,0.375,NA,NA,NA,0,0,0,0,0,0,0,196936,0.9512218455431672,207034.7741935484,1998,2001,0,0,1
1906,M-05-08,M,S,Filipstad,Filipstad_9899,1998,1999,NA,NA,1,NA,list(),Värmland,Filipstad,filipstad,M-05-08,0.355,1.11,0.32,0.00268,8,NA,NA,5.4,0.125,1,0,0.25,0.375,NA,NA,NA,0,0,0,0,0,0,0,196936,0.9512218455431672,207034.7741935484,1998,2001,0,0,1
1907,M-98-02,M,S,Hagfors 2,Hagfors_9899,1998,1999,illegal,1,1,NA,list(),Värmland,Filipstad,filipstad,M-98-02,0.321,0.98,0.24,0,8.26,NA,NA,4.6,0.375,1,1.66e-6,0.1875,0.375,NA,NA,NA,0,0,0,0,0,0,0,196936,0.9512218455431672,207034.7741935484,1998,1998,0,0,1
1908,M-98-03,F,S,Hagfors 2,Hagfors_9899,1998,1999,illegal,1,1,NA,list(),Värmland,Filipstad,filipstad,M-98-03,0.321,0.98,0.24,0,8.26,NA,NA,4.6,0,1,1.66e-6,0.1875,0.375,NA,NA,NA,0,0,0,0,0,0,0,196936,0.9512218455431672,207034.7741935484,1998,1998,0,0,1
29,G77-14,F,S,Gårdsjö  6,Gårdsjö_1920,2019,2020,illegal,NA,0,hanen I Gårdsjö 6 finns I Jangen,"c(13.5500499695001, 13.5666549711276, 59.5323156207471, 59.6193164199777)",Värmland,Forshaga,NA,G77-14,0.393,1.18,0.33,9e-4,27.233,75.7447916666667,2.6,2.6,0.287476,3,5.29e-6,0.287476,0.287476,3,3,0,3,1,0,0,6,4,2,292101,0.9612297149945612,303882.6156156156,2016,2019,3,3,4
30,G6-12,M,S,Gårdsjö 6,Gårdsjö_1920,2019,2020,illegal,NA,0,NA,"c(13.5500499695001, 13.5666549711276, 59.5323156207471, 59.6193164199777)",Värmland,Forshaga,NA,G6-12,0.393,1.18,0.33,9e-4,27.233,75.7447916666667,2.6,2.6,0,3,5.29e-6,0,0,3,3,0,3,1,0,0,6,4,2,292101,0.9612297149945612,303882.6156156156,2016,2019,3,3,4
109,G222-17,M,S,Tjunken 1,Tjunken_1920,2019,2020,NA,NA,0,NA,"c(13.5500499695001, 13.5666549711276, 59.5323156207471, 59.6193164199777)",Värmland,Forshaga,NA,G222-17,0.296,1.27,0.57,0.01557,49,63.734375,2.6,2.6,0.134041,2,2e-8,0.20093149999999999,0.267822,3,3,0,3,1,0,0,6,4,2,292101,0.9612297149945612,303882.6156156156,2018,2019,1,1,2
110,G7-18,F,S,Tjunken 1,Tjunken_1920,2019,2020,illegal,NA,0,NA,"c(13.5500499695001, 13.5666549711276, 59.5323156207471, 59.6193164199777)",Värmland,Forshaga,NA,G7-18,0.296,1.27,0.57,0.01557,49,63.734375,2.6,2.6,0.267822,2,2e-8,0.20093149999999999,0.267822,3,3,0,3,1,0,0,6,4,2,292101,0.9612297149945612,303882.6156156156,2018,2019,1,1,2
171,G77-14,F,S,Gårdsjö  6,Gårdsjö_1819,2018,2019,NA,NA,0,NA,list(),Värmland,Forshaga,forshaga,G77-14,0.377,1.16,0.36,0.00235,28.029,83.1060606060606,2.4,2.3,0.287476,6,3.2e-5,0.287476,0.287476,3,3,0,3,2,0,0,4,2,0,289581,0.9614656469351347,301187.04804804805,2016,2019,2,2,3
172,G6-12,M,S,Gårdsjö 6,Gårdsjö_1819,2018,2019,NA,NA,0,NA,list(),Värmland,Forshaga,forshaga,G6-12,0.377,1.16,0.36,0.00235,28.029,83.1060606060606,2.4,2.3,0,6,3.2e-5,0,0,3,3,0,3,2,0,0,4,2,0,289581,0.9614656469351347,301187.04804804805,2016,2019,2,2,3
241,G222-17,M,S,Tjunken 1,Tjunken_1819,2018,2019,NA,NA,0,NA,list(),Värmland,Forshaga,forshaga,G222-17,0.324,1.14,0.46,0.00557,38.975,82.09375,2.5,2.3,0.134041,4,1.26e-5,0.20093149999999999,0.267822,3,3,0,3,2,0,0,4,2,0,289581,0.9614656469351347,301187.04804804805,2018,2019,0,0,1
242,G7-18,F,S,Tjunken 1,Tjunken_1819,2018,2019,NA,NA,0,NA,list(),Värmland,Forshaga,forshaga,G7-18,0.324,1.14,0.46,0.00557,38.975,82.09375,2.5,2.3,0.267822,4,1.26e-5,0.20093149999999999,0.267822,3,3,0,3,2,0,0,4,2,0,289581,0.9614656469351347,301187.04804804805,2018,2019,0,0,1
301,G77-14,F,S,Gårdsjö  6,Gårdsjö_1718,2017,2018,NA,NA,0,NA,list(),Värmland,Forshaga,forshaga,G77-14,0.372,1.19,0.35,0.0013,27.8,73.7135416666667,1.9,2,0.287476,5,3.52e-5,0.287476,0.287476,3,3,1,3,2,0,0,4,3,0,289157,0.971504135219211,297638.46546546544,2016,2019,1,1,2
302,G6-12,M,S,Gårdsjö 6,Gårdsjö_1718,2017,2018,NA,NA,0,NA,list(),Värmland,Forshaga,forshaga,G6-12,0.372,1.19,0.35,0.0013,27.8,73.7135416666667,1.9,2,0,5,3.52e-5,0,0,3,3,1,3,2,0,0,4,3,0,289157,0.971504135219211,297638.46546546544,2016,2019,1,1,2
442,G77-14,F,S,Gårdsjö  6,Gårdsjö_1617,2016,2017,NA,NA,0,NA,"c(13.5129743730483, 13.6141611106889, 59.7238981004249, 59.701597975898)",Värmland,Forshaga,forshaga,G77-14,0.363,1.13,0.43,0.00389,35.94,61.2727272727273,1.5,1.8,0.287476,3,3.5e-7,0.287476,0.287476,2,2,0,3,2,1,1,4,3,2,286261,0.97666388484123845,293100.83483483485,2016,2019,0,0,1
443,G6-12,M,S,Gårdsjö 6,Gårdsjö_1617,2016,2017,NA,NA,0,NA,"c(13.5129743730483, 13.6141611106889, 59.7238981004249, 59.701597975898)",Värmland,Forshaga,forshaga,G6-12,0.363,1.13,0.43,0.00389,35.94,61.2727272727273,1.5,1.8,0,3,3.5e-7,0,0,2,2,0,3,2,1,1,4,3,2,286261,0.97666388484123845,293100.83483483485,2016,2019,0,0,1
492,G117-15,M,S,Olsäter,Olsäter_1617,2016,2017,NA,NA,0,NA,"c(13.5129743730483, 13.6141611106889, 59.7238981004249, 59.701597975898)",Värmland,Forshaga,forshaga,G117-15,0.384,1.18,0.34,0.00131,27.614,65.475,1.4,1.8,0.224609,6,3.21e-6,0.19506800000000002,0.224609,2,2,0,3,2,1,1,4,3,2,286261,0.97666388484123845,293100.83483483485,2015,2016,1,1,2
493,G87-15,F,S,Olsäter,Olsäter_1617,2016,2017,legal,NA,0,NA,"c(13.5129743730483, 13.6141611106889, 59.7238981004249, 59.701597975898)",Värmland,Forshaga,forshaga,G87-15,0.384,1.18,0.34,0.00131,27.614,65.475,1.4,1.8,0.165527,6,3.21e-6,0.19506800000000002,0.224609,2,2,0,3,2,1,1,4,3,2,286261,0.97666388484123845,293100.83483483485,2015,2016,1,1,2
563,G55-16,M,S,Forshaga  3,Forshaga_1516,2015,2016,NA,NA,0,NA,list(),Värmland,Forshaga,forshaga,G55-16,0.304,1.25,0.56,0.0125,47.3,58.8978494623656,1.8,1.9,0.214912,4,1e-8,0.2672615,0.319611,2,2,2,2,2,0,0,2,1,0,279686,0.9767774008658192,286335.45345345343,2015,2019,0,0,1
564,G56-16,F,S,Forshaga  3,Forshaga_1516,2015,2016,NA,NA,0,NA,list(),Värmland,Forshaga,forshaga,G56-16,0.304,1.25,0.56,0.0125,47.3,58.8978494623656,1.8,1.9,0.319611,4,1e-8,0.2672615,0.319611,2,2,2,2,2,0,0,2,1,0,279686,0.9767774008658192,286335.45345345343,2015,2019,0,0,1
633,G117-15,M,S,Olsäter,Olsäter_1516,2015,2016,NA,NA,0,NA,list(),Värmland,Forshaga,forshaga,G117-15,0.387,1.18,0.34,0.00141,27.357,68,1.6,1.9,0.224609,6,2.58e-6,0.19506800000000002,0.224609,2,2,2,2,2,0,0,2,1,0,279686,0.9767774008658192,286335.45345345343,2015,2016,0,0,1
634,G87-15,F,S,Olsäter,Olsäter_1516,2015,2016,NA,NA,0,NA,list(),Värmland,Forshaga,forshaga,G87-15,0.387,1.18,0.34,0.00141,27.357,68,1.6,1.9,0.165527,6,2.58e-6,0.19506800000000002,0.224609,2,2,2,2,2,0,0,2,1,0,279686,0.9767774008658192,286335.45345345343,2015,2016,0,0,1
812,G19-13,F,S,Forshaga 2,Forshaga_1415,2014,2015,illegal,NA,0,"Forshaga not registered by VSC in 1415 because they disappeared early in season, I used the coordinates för  1314",list(),Värmland,Forshaga,forshaga,G19-13,0.37,1.16,0.36,0.00252,27.243,67.603570417980393,2.1,2.6,0.277832,4,1.45e-5,0.277832,0.277832,0,0,0,2,2,1,1,2,1,0,264280,0.9559173255477634,276467.42342342343,2014,2014,0,0,1
813,G51-14,M,S,Forshaga 2,Forshaga_1415,2014,2015,illegal,NA,0,NA,list(),Värmland,Forshaga,forshaga,G51-14,0.37,1.16,0.36,0.00252,27.243,67.603570417980393,2.1,2.6,0.277832,4,1.45e-5,0.277832,0.277832,0,0,0,2,2,1,1,2,1,0,264280,0.9559173255477634,276467.42342342343,2014,2014,0,0,1
828,G19-13,F,S,Forshaga 1,Forshaga_1314,2013,2014,NA,NA,0,NA,"c(13.5712401789828, 59.7870038129923)",Värmland,Forshaga,forshaga,G19-13,0.37,1.17,0.36,0.00255,27.1,80.1666666666667,2.9,3.4,0.277832,4,2.79e-6,0.138916,0.277832,0,0,0,1,1,0,0,2,2,1,262173,0.9643932134091643,271852.8048048048,2012,2013,1,1,2
829,M-09-01,M,S,Forshaga 1,Forshaga_1314,2013,2014,legal,NA,1,NA,"c(13.5712401789828, 59.7870038129923)",Värmland,Forshaga,forshaga,M-09-01,0.37,1.17,0.36,0.00255,27.1,80.1666666666667,2.9,3.4,0,4,2.79e-6,0.138916,0.277832,0,0,0,1,1,0,0,2,2,1,262173,0.9643932134091643,271852.8048048048,2012,2013,1,1,2
968,G19-13,F,S,Forshaga 1,Forshaga_1213,2012,2013,NA,NA,0,NA,list(),Värmland,Forshaga,karlstad,G19-13,0.305,1.21,0.51,0.00717,46.467,57.7730429292929,3.7,4,0.277832,3,4e-8,0.138916,0.277832,0,0,0,1,1,0,0,1,1,0,255045,0.9619261128033384,265139.9069069069,2012,2013,0,0,1
969,M-09-01,M,S,Forshaga 1,Forshaga_1213,2012,2013,NA,NA,1,NA,list(),Värmland,Forshaga,karlstad,M-09-01,0.305,1.21,0.51,0.00717,46.467,57.7730429292929,3.7,4,0,3,4e-8,0.138916,0.277832,0,0,0,1,1,0,0,1,1,0,255045,0.9619261128033384,265139.9069069069,2012,2013,0,0,1
553,G11-16,M,S,Borgvik 2,Borgvik_1516,2015,2016,NA,NA,0,NA,list(),Värmland,Grums,grums,G11-16,0.392,1.19,0.34,0.00251,31.975,53.4656862745098,2.4,1.9,0.139008,1,0,0.224804,0.3106,0,0,0,2,0,0,0,0,0,0,261885,0.9146090602523725,286335.45345345343,2015,2016,0,0,1
554,G64-15,F,S,Borgvik 2,Borgvik_1516,2015,2016,NA,NA,0,NA,list(),Värmland,Grums,grums,G64-15,0.392,1.19,0.34,0.00251,31.975,53.4656862745098,2.4,1.9,0.3106,1,0,0.224804,0.3106,0,0,0,2,0,0,0,0,0,0,261885,0.9146090602523725,286335.45345345343,2015,2016,0,0,1
363,G136-15,F,S,Sandsjön 4,Sandsjön_1718,2017,2018,NA,NA,0,NA,list(),Värmland,Hagfors,hagfors,G136-15,0.372,1.12,0.33,0.00331,13.367,78.0858585858586,1.3,2,0.214912,4,1.2598e-4,0.184856,0.214912,4,1,1,22,0,0,0,18,7,0,267645,0.8992285307661434,297638.46546546544,2017,2017,0,0,1
364,G39-11,M,S,Sandsjön 4,Sandsjön_1718,2017,2018,illegal,NA,0,NA,list(),Värmland,Hagfors,hagfors,G39-11,0.372,1.12,0.33,0.00331,13.367,78.0858585858586,1.3,2,0.1548,4,1.2598e-4,0.184856,0.214912,4,1,1,22,0,0,0,18,7,0,267645,0.8992285307661434,297638.46546546544,2017,2017,0,0,1
510,G12-09,F,S,Sandsjön 3,Sandsjön_1617,2016,2017,illegal,NA,0,NA,"c(13.5377990810474, 13.6611722683728, 13.5217445202705, 13.5658649472629, 60.1807955348895, 60.0253736046176, 59.9105261438226, 59.8533139412436)",Värmland,Hagfors,hagfors,G12-09,0.372,1.12,0.34,0.00331,13.333,71.7,1.1,1.8,0.305908,5,2.2e-5,0.230354,0.305908,3,0,0,22,0,0,0,18,8,4,264240,0.9015327443502568,293100.83483483485,2012,2016,4,4,5
511,G39-11,M,S,Sandsjön 3,Sandsjön_1617,2016,2017,NA,NA,0,NA,"c(13.5377990810474, 13.6611722683728, 13.5217445202705, 13.5658649472629, 60.1807955348895, 60.0253736046176, 59.9105261438226, 59.8533139412436)",Värmland,Hagfors,hagfors,G39-11,0.372,1.12,0.34,0.00331,13.333,71.7,1.1,1.8,0.1548,5,2.2e-5,0.230354,0.305908,3,0,0,22,0,0,0,18,8,4,264240,0.9015327443502568,293100.83483483485,2012,2016,4,4,5
543,G71-13,F,S,Aamäck 4,Aamäkk_1516,2015,2016,censored,NA,0,NA,list(),Värmland,Hagfors,hagfors,G71-13,0.322,0.98,0.26,2.8e-4,7.6,75.8854166666667,2.1,2,0.214912,5,1.7237e-4,0.21493299999999999,0.214954,3,1,0,22,0,0,0,14,6,0,257919,0.9007581732868689,286335.45345345343,2014,2016,1,1,2
544,G8-14,M,S,Aamäck 4,Aamäkk_1516,2015,2016,NA,NA,0,NA,list(),Värmland,Hagfors,hagfors,G8-14,0.322,0.98,0.26,2.8e-4,7.6,75.8854166666667,2.1,2,0.214954,5,1.7237e-4,0.21493299999999999,0.214954,3,1,0,22,0,0,0,14,6,0,257919,0.9007581732868689,286335.45345345343,2014,2016,1,1,2
587,G6-12,M,S,Jangen 6,Jangen_1516,2015,2016,NA,NA,0,NA,list(),Värmland,Hagfors,hagfors,G6-12,0.42,1.24,0.34,0.00324,11.4,70.2525252525253,1.4,1.9,0,5,3.57e-5,0.1347655,0.269531,3,1,0,22,0,0,0,14,6,0,257919,0.9007581732868689,286335.45345345343,2011,2015,4,4,5
588,M-06-05,F,S,Jangen 6,Jangen_1516,2015,2016,other,NA,1,Old age,list(),Värmland,Hagfors,hagfors,M-06-05,0.42,1.24,0.34,0.00324,11.4,70.2525252525253,1.4,1.9,0.269531,5,3.57e-5,0.1347655,0.269531,3,1,0,22,0,0,0,14,6,0,257919,0.9007581732868689,286335.45345345343,2011,2015,4,4,5
647,G12-09,F,S,Sandsjön 3,Sandsjön_1516,2015,2016,NA,NA,0,NA,list(),Värmland,Hagfors,hagfors,G12-09,0.371,1.2,0.32,0.00217,29.68,74.59375,1.6,1.9,0.305908,6,1.09e-5,0.230354,0.305908,3,1,0,22,0,0,0,14,6,0,257919,0.9007581732868689,286335.45345345343,2012,2016,3,3,4
648,G39-11,M,S,Sandsjön 3,Sandsjön_1516,2015,2016,NA,NA,0,NA,list(),Värmland,Hagfors,hagfors,G39-11,0.371,1.2,0.32,0.00217,29.68,74.59375,1.6,1.9,0.1548,6,1.09e-5,0.230354,0.305908,3,1,0,22,0,0,0,14,6,0,257919,0.9007581732868689,286335.45345345343,2012,2016,3,3,4
786,G12-09,F,S,Sandsjön 3,Sandsjön_1415,2014,2015,NA,NA,0,NA,"c(13.5171072597438, 13.4142459329614, 60.1046117316642, 60.0736537082706)",Värmland,Hagfors,filipstad,G12-09,0.365,1.15,0.29,2.3e-4,29.5,74.0740761689291,2.1,2.6,0.305908,3,6.11e-5,0.230354,0.305908,3,2,0,22,0,0,0,14,6,3,249049,0.9008258438411719,276467.42342342343,2012,2016,2,2,3
787,G39-11,M,S,Sandsjön 3,Sandsjön_1415,2014,2015,NA,NA,0,NA,"c(13.5171072597438, 13.4142459329614, 60.1046117316642, 60.0736537082706)",Värmland,Hagfors,filipstad,G39-11,0.365,1.15,0.29,2.3e-4,29.5,74.0740761689291,2.1,2.6,0.1548,3,6.11e-5,0.230354,0.305908,3,2,0,22,0,0,0,14,6,3,249049,0.9008258438411719,276467.42342342343,2012,2016,2,2,3
806,G24-12,M,S,Vimyren 1,Vimyren_1415,2014,2015,NA,NA,0,NA,"c(13.5171072597438, 13.4142459329614, 60.1046117316642, 60.0736537082706)",Värmland,Hagfors,torsby,G24-12,0.38,1.2,0.29,0.00271,6.533,72.9163306451613,2.2,2.6,0.165527,6,2.2414e-4,0.2313535,0.29718,3,2,0,22,0,0,0,14,6,3,249049,0.9008258438411719,276467.42342342343,2014,2016,0,0,1
807,G86-15,F,S,Vimyren 1,Vimyren_1415,2014,2015,NA,NA,0,NA,"c(13.5171072597438, 13.4142459329614, 60.1046117316642, 60.0736537082706)",Värmland,Hagfors,torsby,G86-15,0.38,1.2,0.29,0.00271,6.533,72.9163306451613,2.2,2.6,0.29718,6,2.2414e-4,0.2313535,0.29718,3,2,0,22,0,0,0,14,6,3,249049,0.9008258438411719,276467.42342342343,2014,2016,0,0,1
854,G6-12,M,S,Jangen 6,Jangen_1314,2013,2014,NA,NA,0,NA,list(),Värmland,Hagfors,hagfors,G6-12,0.416,1.19,0.34,0.00219,6.533,80.171875,3,3.4,0,4,6.63e-5,0.1347655,0.269531,3,2,0,22,0,0,0,11,5,0,244050,0.8977284607206178,271852.8048048048,2011,2015,2,2,3
855,M-06-05,F,S,Jangen 6,Jangen_1314,2013,2014,NA,NA,1,NA,list(),Värmland,Hagfors,hagfors,M-06-05,0.416,1.19,0.34,0.00219,6.533,80.171875,3,3.4,0.269531,4,6.63e-5,0.1347655,0.269531,3,2,0,22,0,0,0,11,5,0,244050,0.8977284607206178,271852.8048048048,2011,2015,2,2,3
892,G56-13,M,S,Musån,Musån_1314,2013,2014,illegal,NA,0,NA,list(),Värmland,Hagfors,hagfors,G56-13,0.309,0.86,0.24,0,4.1,82.1182795698925,2.6,2.9,0.141403,4,4.8624e-4,0.2236555,0.305908,3,2,0,22,0,0,0,11,5,0,244050,0.8977284607206178,271852.8048048048,2013,2013,0,0,1
893,G95-13,F,S,Musån,Musån_1314,2013,2014,illegal,NA,0,NA,list(),Värmland,Hagfors,hagfors,G95-13,0.309,0.86,0.24,0,4.1,82.1182795698925,2.6,2.9,0.305908,4,4.8624e-4,0.2236555,0.305908,3,2,0,22,0,0,0,11,5,0,244050,0.8977284607206178,271852.8048048048,2013,2013,0,0,1
912,G12-09,F,S,Sandsjön 3,Sandsjön_1314,2013,2014,NA,NA,0,NA,list(),Värmland,Hagfors,hagfors,G12-09,0.373,1.17,0.33,0.00262,29.36,82.0104166666667,2.9,3.4,0.305908,5,5.63e-5,0.230354,0.305908,3,2,0,22,0,0,0,11,5,0,244050,0.8977284607206178,271852.8048048048,2012,2016,1,1,2
913,G39-11,M,S,Sandsjön 3,Sandsjön_1314,2013,2014,NA,NA,0,NA,list(),Värmland,Hagfors,hagfors,G39-11,0.373,1.17,0.33,0.00262,29.36,82.0104166666667,2.9,3.4,0.1548,5,5.63e-5,0.230354,0.305908,3,2,0,22,0,0,0,11,5,0,244050,0.8977284607206178,271852.8048048048,2012,2016,1,1,2
944,G10-06,F,S,Acksjön,Acksjön_1314,2013,2014,other,NA,0,"10+ years old. Acksjön not registered by VSC in 1314 because they disappeared early in season, I used the coordinates för  1213",list(),Värmland,Hagfors,hagfors,G10-06,0.34,0.95,0.26,2.6e-4,4.66,82.1822916666667,2.7,3.1,0.23877,5,3.8108e-4,0.21313500000000002,0.23877,3,2,0,22,0,0,0,11,5,0,244050,0.8977284607206178,271852.8048048048,2005,2013,8,8,9
945,M-09-17,M,S,Acksjön,Acksjön_1314,2013,2014,other,NA,1,"10+ years old. Acksjön not registered by VSC in 1314 because they disappeared early in season, I used the coordinates för  1213",list(),Värmland,Hagfors,hagfors,M-09-17,0.34,0.95,0.26,2.6e-4,4.66,82.1822916666667,2.7,3.1,0.1875,5,3.8108e-4,0.21313500000000002,0.23877,3,2,0,22,0,0,0,11,5,0,244050,0.8977284607206178,271852.8048048048,2005,2013,8,8,9
954,G10-06,F,S,Acksjön,Acksjön_1213,2012,2013,NA,NA,0,NA,"c(13.3586371714599, 60.2409304539494)",Värmland,Hagfors,hagfors,G10-06,0.338,0.95,0.25,2.6e-4,4.62,77.9583333333333,2.8,3.4,0.23877,3,6.21e-5,0.21313500000000002,0.23877,3,2,0,22,0,0,0,11,8,1,238210,0.8984313330231263,265139.9069069069,2005,2013,7,7,8
955,M-09-17,M,S,Acksjön,Acksjön_1213,2012,2013,NA,NA,1,NA,"c(13.3586371714599, 60.2409304539494)",Värmland,Hagfors,hagfors,M-09-17,0.338,0.95,0.25,2.6e-4,4.62,77.9583333333333,2.8,3.4,0.1875,3,6.21e-5,0.21313500000000002,0.23877,3,2,0,22,0,0,0,11,8,1,238210,0.8984313330231263,265139.9069069069,2005,2013,7,7,8
994,G6-12,M,S,Jangen 6,Jangen_1213,2012,2013,NA,NA,0,NA,"c(13.3586371714599, 60.2409304539494)",Värmland,Hagfors,hagfors,G6-12,0.428,1.22,0.33,0.00195,11.325,67.4613095238095,3.6,4,0,2,7.96e-6,0.1347655,0.269531,3,2,0,22,0,0,0,11,8,1,238210,0.8984313330231263,265139.9069069069,2011,2015,1,1,2
995,M-06-05,F,S,Jangen 6,Jangen_1213,2012,2013,NA,NA,1,NA,"c(13.3586371714599, 60.2409304539494)",Värmland,Hagfors,hagfors,M-06-05,0.428,1.22,0.33,0.00195,11.325,67.4613095238095,3.6,4,0.269531,2,7.96e-6,0.1347655,0.269531,3,2,0,22,0,0,0,11,8,1,238210,0.8984313330231263,265139.9069069069,2011,2015,1,1,2
1046,G12-09,F,S,Sandsjön 3,Sandsjön_1213,2012,2013,NA,NA,0,NA,"c(13.3586371714599, 60.2409304539494)",Värmland,Hagfors,hagfors,G12-09,0.373,1.18,0.33,0.00274,29.16,69.7583333333333,3.4,4,0.305908,5,1.92e-5,0.230354,0.305908,3,2,0,22,0,0,0,11,8,1,238210,0.8984313330231263,265139.9069069069,2012,2016,0,0,1
1047,G39-11,M,S,Sandsjön 3,Sandsjön_1213,2012,2013,NA,NA,0,NA,"c(13.3586371714599, 60.2409304539494)",Värmland,Hagfors,hagfors,G39-11,0.373,1.18,0.33,0.00274,29.16,69.7583333333333,3.4,4,0.1548,5,1.92e-5,0.230354,0.305908,3,2,0,22,0,0,0,11,8,1,238210,0.8984313330231263,265139.9069069069,2012,2016,0,0,1
1083,G10-06,F,S,Acksjön,Acksjön_1112,2011,2012,NA,NA,0,NA,"c(13.4236795528655, 13.8721664277013, 59.98023103527, 60.184597645247)",Värmland,Hagfors,hagfors,G10-06,0.338,0.92,0.27,2.6e-4,4.067,82.6302083333333,NA,3.5,0.23877,5,1.6708e-4,0.21313500000000002,0.23877,3,3,1,22,0,0,0,10,8,2,229175,0.8876315436653072,258187.08408408408,2005,2013,6,6,7
1084,M-09-17,M,S,Acksjön,Acksjön_1112,2011,2012,NA,NA,1,NA,"c(13.4236795528655, 13.8721664277013, 59.98023103527, 60.184597645247)",Värmland,Hagfors,hagfors,M-09-17,0.338,0.92,0.27,2.6e-4,4.067,82.6302083333333,NA,3.5,0.1875,5,1.6708e-4,0.21313500000000002,0.23877,3,3,1,22,0,0,0,10,8,2,229175,0.8876315436653072,258187.08408408408,2005,2013,6,6,7
1129,G6-12,M,S,Jangen 6,Jangen_1112,2011,2012,NA,NA,0,NA,"c(13.4236795528655, 13.8721664277013, 59.98023103527, 60.184597645247)",Värmland,Hagfors,hagfors,G6-12,0.402,1.2,0.33,0.00218,6.633,81.4032258064516,NA,3.8,0,3,9.3e-5,0.1347655,0.269531,3,3,1,22,0,0,0,10,8,2,229175,0.8876315436653072,258187.08408408408,2011,2015,0,0,1
1131,G72-10,M,N,Julussa 8,Jangen_1112,2011,2012,illegal,NA,0,NA,"c(13.4236795528655, 13.8721664277013, 59.98023103527, 60.184597645247)",Värmland,Hagfors,hagfors,G72-10,0.402,1.2,0.33,0.00218,6.633,81.4032258064516,NA,3.8,0.269531,3,9.3e-5,0.1347655,0.269531,3,3,1,22,0,0,0,10,8,2,229175,0.8876315436653072,258187.08408408408,2010,2011,1,1,2
1161,G12-09,F,S,Sandsjön 2,Sandsjön_1112,2011,2012,NA,NA,0,NA,"c(13.4236795528655, 13.8721664277013, 59.98023103527, 60.184597645247)",Värmland,Hagfors,hagfors,G12-09,0.374,1.18,0.34,0.0034,29.18,83.875,NA,3.8,0.305908,2,6.74e-5,0.371338,0.436768,3,3,1,22,0,0,0,10,8,2,229175,0.8876315436653072,258187.08408408408,2009,2011,2,2,3
1162,M-07-06,M,S,Sandsjön 2,Sandsjön_1112,2011,2012,illegal,NA,1,NA,"c(13.4236795528655, 13.8721664277013, 59.98023103527, 60.184597645247)",Värmland,Hagfors,hagfors,M-07-06,0.374,1.18,0.34,0.0034,29.18,83.875,NA,3.8,0.436768,2,6.74e-5,0.371338,0.436768,3,3,1,22,0,0,0,10,8,2,229175,0.8876315436653072,258187.08408408408,2009,2011,2,2,3
1202,G10-06,F,S,Acksjön,Acksjön_1011,2010,2011,NA,NA,0,NA,list(),Värmland,Hagfors,hagfors,G10-06,0.34,0.92,0.28,2.6e-4,4.1,81.6960784313726,NA,3.7,0.23877,2,1.6169e-4,0.21313500000000002,0.23877,2,2,1,22,8,0,0,8,6,0,231810,0.9006077154535879,257392.86486486485,2005,2013,5,5,6
1203,M-09-17,M,S,Acksjön,Acksjön_1011,2010,2011,NA,NA,1,NA,list(),Värmland,Hagfors,hagfors,M-09-17,0.34,0.92,0.28,2.6e-4,4.1,81.6960784313726,NA,3.7,0.1875,2,1.6169e-4,0.21313500000000002,0.23877,2,2,1,22,8,0,0,8,6,0,231810,0.9006077154535879,257392.86486486485,2005,2013,5,5,6
1246,G13-08,M,S,Jangen 5,Jangen_1011,2010,2011,illegal,NA,0,NA,list(),Värmland,Hagfors,hagfors,G13-08,0.424,1.21,0.34,0.00221,11.625,82.5353535353535,NA,3.9,0.26709,4,8.17e-5,0.2683105,0.269531,2,2,1,22,8,0,0,8,6,0,231810,0.9006077154535879,257392.86486486485,2010,2010,0,0,1
1247,M-06-05,F,S,Jangen 5,Jangen_1011,2010,2011,NA,NA,1,NA,list(),Värmland,Hagfors,hagfors,M-06-05,0.424,1.21,0.34,0.00221,11.625,82.5353535353535,NA,3.9,0.269531,4,8.17e-5,0.2683105,0.269531,2,2,1,22,8,0,0,8,6,0,231810,0.9006077154535879,257392.86486486485,2010,2010,0,0,1
1282,G12-09,F,S,Sandsjön 2,Sandsjön_1011,2010,2011,NA,NA,0,NA,list(),Värmland,Hagfors,hagfors,G12-09,0.369,1.13,0.32,0.00184,29.18,83.6868686868687,NA,3.9,0.305908,5,6.86e-5,0.371338,0.436768,2,2,1,22,8,0,0,8,6,0,231810,0.9006077154535879,257392.86486486485,2009,2011,1,1,2
1283,M-07-06,M,S,Sandsjön 2,Sandsjön_1011,2010,2011,NA,NA,1,NA,list(),Värmland,Hagfors,hagfors,M-07-06,0.369,1.13,0.32,0.00184,29.18,83.6868686868687,NA,3.9,0.436768,5,6.86e-5,0.371338,0.436768,2,2,1,22,8,0,0,8,6,0,231810,0.9006077154535879,257392.86486486485,2009,2011,1,1,2
1322,G10-06,F,S,Acksjön,Acksjön_0910,2009,2010,NA,NA,0,NA,"c(13.4369679389399, 13.4128969300245, 60.1288457941215, 60.061524985439)",Värmland,Hagfors,hagfors,G10-06,0.342,0.94,0.27,2.6e-4,4.133,80.71875,NA,3.3,0.23877,6,1.6772e-4,0.21313500000000002,0.23877,1,1,0,22,19,0,0,8,6,2,233064,0.9002955094157412,258875,2005,2013,4,4,5
1323,M-09-17,M,S,Acksjön,Acksjön_0910,2009,2010,NA,NA,1,NA,"c(13.4369679389399, 13.4128969300245, 60.1288457941215, 60.061524985439)",Värmland,Hagfors,hagfors,M-09-17,0.342,0.94,0.27,2.6e-4,4.133,80.71875,NA,3.3,0.1875,6,1.6772e-4,0.21313500000000002,0.23877,1,1,0,22,19,0,0,8,6,2,233064,0.9002955094157412,258875,2005,2013,4,4,5
1356,D-10-25,M,S,Jangen 4,Jangen_0910,2009,2010,legal,NA,0,NA,"c(13.4369679389399, 13.4128969300245, 60.1288457941215, 60.061524985439)",Värmland,Hagfors,hagfors,D-10-25,0.413,1.18,0.34,0.0025,6.733,83.2561553030303,NA,3.6,0.269531,3,9.87e-5,0.269531,0.269531,1,1,0,22,19,0,0,8,6,2,233064,0.9002955094157412,258875,2007,2009,2,2,3
1357,M-06-05,F,S,Jangen 4,Jangen_0910,2009,2010,NA,NA,1,NA,"c(13.4369679389399, 13.4128969300245, 60.1288457941215, 60.061524985439)",Värmland,Hagfors,hagfors,M-06-05,0.413,1.18,0.34,0.0025,6.733,83.2561553030303,NA,3.6,0.269531,3,9.87e-5,0.269531,0.269531,1,1,0,22,19,0,0,8,6,2,233064,0.9002955094157412,258875,2007,2009,2,2,3
1424,G10-06,F,S,Acksjön,Acksjön_0809,2008,2009,NA,NA,0,NA,"c(13.3194815191872, 13.7589310653141, 13.9050940798187, 60.090286782749, 59.8742087763024, 59.9500208504325)",Värmland,Hagfors,hagfors,G10-06,0.348,0.97,0.28,2.6e-4,4.78,81.2647058823529,NA,3,0.23877,5,2.0498e-4,0.21313500000000002,0.23877,1,1,0,22,21,0,0,6,5,3,230208,0.9054181826110183,254255.993993994,2005,2013,3,3,4
1425,M-09-17,M,S,Acksjön,Acksjön_0809,2008,2009,NA,NA,1,NA,"c(13.3194815191872, 13.7589310653141, 13.9050940798187, 60.090286782749, 59.8742087763024, 59.9500208504325)",Värmland,Hagfors,hagfors,M-09-17,0.348,0.97,0.28,2.6e-4,4.78,81.2647058823529,NA,3,0.1875,5,2.0498e-4,0.21313500000000002,0.23877,1,1,0,22,21,0,0,6,5,3,230208,0.9054181826110183,254255.993993994,2005,2013,3,3,4
1452,D-10-25,M,S,Jangen 4,Jangen_0809,2008,2009,NA,NA,0,NA,"c(13.3194815191872, 13.7589310653141, 13.9050940798187, 60.090286782749, 59.8742087763024, 59.9500208504325)",Värmland,Hagfors,hagfors,D-10-25,0.415,1.19,0.33,0.00197,6.8,76.9731182795699,NA,3.2,0.269531,3,1.4907e-4,0.269531,0.269531,1,1,0,22,21,0,0,6,5,3,230208,0.9054181826110183,254255.993993994,2007,2009,1,1,2
1453,M-06-05,F,S,Jangen 4,Jangen_0809,2008,2009,NA,NA,1,NA,"c(13.3194815191872, 13.7589310653141, 13.9050940798187, 60.090286782749, 59.8742087763024, 59.9500208504325)",Värmland,Hagfors,hagfors,M-06-05,0.415,1.19,0.33,0.00197,6.8,76.9731182795699,NA,3.2,0.269531,3,1.4907e-4,0.269531,0.269531,1,1,0,22,21,0,0,6,5,3,230208,0.9054181826110183,254255.993993994,2007,2009,1,1,2
1504,G10-06,F,S,Acksjön,Acksjön_0708,2007,2008,NA,NA,0,NA,"c(13.4455593879873, 60.1021332402502)",Värmland,Hagfors,hagfors,G10-06,0.347,0.98,0.28,2.6e-4,4.84,69.6354166666667,NA,3.4,0.23877,4,4.5e-5,0.21313500000000002,0.23877,1,1,1,22,22,0,0,3,3,1,229100,0.9116911616926494,251291.23723723725,2005,2013,2,2,3
1505,M-09-17,M,S,Acksjön,Acksjön_0708,2007,2008,NA,NA,1,NA,"c(13.4455593879873, 60.1021332402502)",Värmland,Hagfors,hagfors,M-09-17,0.347,0.98,0.28,2.6e-4,4.84,69.6354166666667,NA,3.4,0.1875,4,4.5e-5,0.21313500000000002,0.23877,1,1,1,22,22,0,0,3,3,1,229100,0.9116911616926494,251291.23723723725,2005,2013,2,2,3
1581,M-06-09,F,S,Aamäck 1,Aamäck_0607,2006,2007,NA,NA,1,NA,list(),Värmland,Hagfors,hagfors,M-06-09,0.325,0.98,0.26,3e-4,7.68,83.2447916666667,NA,3.7,0.267578,2,2.02e-5,0.26855450000000003,0.269531,0,0,0,22,22,8,3,2,2,0,228662,0.9275550991167046,246521.2042042042,2006,2010,0,0,1
1582,M-09-16,M,S,Aamäck 1,Aamäck_0607,2006,2007,NA,NA,1,NA,list(),Värmland,Hagfors,hagfors,M-09-16,0.325,0.98,0.26,3e-4,7.68,83.2447916666667,NA,3.7,0.269531,2,2.02e-5,0.26855450000000003,0.269531,0,0,0,22,22,8,3,2,2,0,228662,0.9275550991167046,246521.2042042042,2006,2010,0,0,1
1583,G10-06,F,S,Acksjön,Acksjön_0607,2006,2007,NA,NA,0,NA,list(),Värmland,Hagfors,hagfors,G10-06,0.36,1.07,0.33,0.00281,5,82.9901960784314,NA,3.8,0.23877,3,3.58e-5,0.21313500000000002,0.23877,0,0,0,22,22,8,3,2,2,0,228662,0.9275550991167046,246521.2042042042,2005,2013,1,1,2
1584,M-09-17,M,S,Acksjön,Acksjön_0607,2006,2007,NA,NA,1,NA,list(),Värmland,Hagfors,hagfors,M-09-17,0.36,1.07,0.33,0.00281,5,82.9901960784314,NA,3.8,0.1875,3,3.58e-5,0.21313500000000002,0.23877,0,0,0,22,22,8,3,2,2,0,228662,0.9275550991167046,246521.2042042042,2005,2013,1,1,2
1593,G39-07,M,S,Halgån 2,Halgån_0607,2006,2007,NA,NA,0,NA,list(),Värmland,Hagfors,hagfors,G39-07,0.302,0.83,0.24,0,4.35,82.203125,NA,3.4,0.23877,2,1.2528e-4,0.2541505,0.269531,0,0,0,22,22,8,3,2,2,0,228662,0.9275550991167046,246521.2042042042,2006,2007,0,0,1
1594,M-02-06,F,S,Halgån 2,Halgån_0607,2006,2007,NA,NA,1,NA,list(),Värmland,Hagfors,hagfors,M-02-06,0.302,0.83,0.24,0,4.35,82.203125,NA,3.4,0.269531,2,1.2528e-4,0.2541505,0.269531,0,0,0,22,22,8,3,2,2,0,228662,0.9275550991167046,246521.2042042042,2006,2007,0,0,1
1597,M-05-08,M,S,Jangen 3,Jangen_0607,2006,2007,legal,NA,1,NA,list(),Värmland,Hagfors,hagfors,M-05-08,0.428,1.2,0.33,0.00221,12.125,80.953125,NA,3.9,0.125,1,1.91e-5,0.1828124,0.269531,0,0,0,22,22,8,3,2,2,0,228662,0.9275550991167046,246521.2042042042,2004,2006,2,2,3
1598,M-06-05,F,S,Jangen 3,Jangen_0607,2006,2007,NA,NA,1,NA,list(),Värmland,Hagfors,hagfors,M-06-05,0.428,1.2,0.33,0.00221,12.125,80.953125,NA,3.9,0.269531,1,1.91e-5,0.1828124,0.269531,0,0,0,22,22,8,3,2,2,0,228662,0.9275550991167046,246521.2042042042,2004,2006,2,2,3
1641,G10-06,F,S,Acksjön,Acksjön_0506,2005,2006,NA,NA,0,NA,list(),Värmland,Hagfors,hagfors,G10-06,0.343,1.03,0.32,0.00329,5.667,80.125,NA,3.9,0.23877,2,8.42e-6,0.21313500000000002,0.23877,0,0,0,14,14,11,4,2,2,0,228482,0.9389434150533481,243339.47747747749,2005,2013,0,0,1
1642,M-09-17,M,S,Acksjön,Acksjön_0506,2005,2006,NA,NA,1,NA,list(),Värmland,Hagfors,hagfors,M-09-17,0.343,1.03,0.32,0.00329,5.667,80.125,NA,3.9,0.1875,2,8.42e-6,0.21313500000000002,0.23877,0,0,0,14,14,11,4,2,2,0,228482,0.9389434150533481,243339.47747747749,2005,2013,0,0,1
1653,M-02-06,F,S,Halgån 1,Halgån_0506,2005,2006,NA,NA,1,NA,list(),Värmland,Hagfors,hagfors,M-02-06,0.333,0.9,0.27,2.6e-4,4.333,80.4191919191919,NA,3.8,0.269531,5,5.17e-5,0.2285155,0.269531,0,0,0,14,14,11,4,2,2,0,228482,0.9389434150533481,243339.47747747749,2003,2005,2,2,3
1654,M-04-01,M,S,Halgån 1,Halgån_0506,2005,2006,illegal,NA,1,NA,list(),Värmland,Hagfors,hagfors,M-04-01,0.333,0.9,0.27,2.6e-4,4.333,80.4191919191919,NA,3.8,0.1875,5,5.17e-5,0.2285155,0.269531,0,0,0,14,14,11,4,2,2,0,228482,0.9389434150533481,243339.47747747749,2003,2005,2,2,3
1657,M-05-08,M,S,Jangen 3,Jangen_0506,2005,2006,NA,NA,1,NA,list(),Värmland,Hagfors,hagfors,M-05-08,0.407,1.2,0.32,0.00173,6.967,78.9166666666667,NA,4,0.125,2,2.23e-5,0.1828124,0.269531,0,0,0,14,14,11,4,2,2,0,228482,0.9389434150533481,243339.47747747749,2004,2006,1,1,2
1658,M-06-05,F,S,Jangen 3,Jangen_0506,2005,2006,NA,NA,1,NA,list(),Värmland,Hagfors,hagfors,M-06-05,0.407,1.2,0.32,0.00173,6.967,78.9166666666667,NA,4,0.269531,2,2.23e-5,0.1828124,0.269531,0,0,0,14,14,11,4,2,2,0,228482,0.9389434150533481,243339.47747747749,2004,2006,1,1,2
1709,M-02-06,F,S,Halgån 1,Halgån_0405,2004,2005,NA,NA,1,NA,"c(13.3125242540957, 60.0752942478463)",Värmland,Hagfors,hagfors,M-02-06,0.298,0.84,0.26,0,4.367,79.1868686868687,NA,4.3,0.269531,2,8.88e-5,0.2285155,0.269531,0,0,0,3,3,2,1,2,2,1,226500,0.9504937723436827,238297.1951951952,2003,2005,1,1,2
1710,M-04-01,M,S,Halgån 1,Halgån_0405,2004,2005,NA,NA,1,NA,"c(13.3125242540957, 60.0752942478463)",Värmland,Hagfors,hagfors,M-04-01,0.298,0.84,0.26,0,4.367,79.1868686868687,NA,4.3,0.1875,2,8.88e-5,0.2285155,0.269531,0,0,0,3,3,2,1,2,2,1,226500,0.9504937723436827,238297.1951951952,2003,2005,1,1,2
1713,M-04-04,M,S,Jangen 1,Jangen1_0405,2004,2005,illegal,1,1,NA,"c(13.3125242540957, 60.0752942478463)",Värmland,Hagfors,hagfors,M-04-04,0.415,1.19,0.33,0.00189,7,77.1145833333333,NA,4.6,0.269531,2,3.21e-6,0.2753905,0.28125,0,0,0,3,3,2,1,2,2,1,226500,0.9504937723436827,238297.1951951952,2003,2004,1,1,2
1714,M-04-05,F,S,Jangen 1,Jangen1_0405,2004,2005,illegal,1,1,NA,"c(13.3125242540957, 60.0752942478463)",Värmland,Hagfors,hagfors,M-04-05,0.415,1.19,0.33,0.00189,7,77.1145833333333,NA,4.6,0.28125,2,3.21e-6,0.2753905,0.28125,0,0,0,3,3,2,1,2,2,1,226500,0.9504937723436827,238297.1951951952,2003,2004,1,1,2
1715,M-05-08,M,S,Jangen 3,Jangen2_0405,2004,2005,NA,NA,1,NA,"c(13.3125242540957, 60.0752942478463)",Värmland,Hagfors,hagfors,M-05-08,0.409,1.19,0.32,0.00187,7,77.1145833333333,NA,4.6,0.125,2,3.91e-6,0.1828124,0.269531,0,0,0,3,3,2,1,2,2,1,226500,0.9504937723436827,238297.1951951952,2004,2006,0,0,1
1716,M-06-06,M,S,Juvberget 1,Jangen2_0405,2004,2005,NA,NA,1,NA,"c(13.3125242540957, 60.0752942478463)",Värmland,Hagfors,hagfors,M-06-06,0.409,1.19,0.32,0.00187,7,77.1145833333333,NA,4.6,0.28125,2,3.91e-6,0.25,0.28125,0,0,0,3,3,2,1,2,2,1,226500,0.9504937723436827,238297.1951951952,2003,2009,1,1,2
1758,M-02-06,F,S,Halgån 1,Halgån_0304,2003,2004,NA,NA,1,NA,"c(13.746770748163, 60.2288926724059)",Värmland,Hagfors,hagfors,M-02-06,0.311,0.88,0.25,0,4.4,77.93125,NA,4.8,0.269531,2,7.34e-5,0.2285155,0.269531,0,0,0,1,1,1,1,1,1,1,221372,0.9487381685200277,233333.0810810811,2003,2005,0,0,1
1759,M-04-01,M,S,Halgån 1,Halgån_0304,2003,2004,NA,NA,1,NA,"c(13.746770748163, 60.2288926724059)",Värmland,Hagfors,hagfors,M-04-01,0.311,0.88,0.25,0,4.4,77.93125,NA,4.8,0.1875,2,7.34e-5,0.2285155,0.269531,0,0,0,1,1,1,1,1,1,1,221372,0.9487381685200277,233333.0810810811,2003,2005,0,0,1
1764,M-04-04,M,S,Jangen 1,Jangen_0304,2003,2004,NA,NA,1,NA,"c(13.746770748163, 60.2288926724059)",Värmland,Hagfors,hagfors,M-04-04,0.426,1.2,0.33,0.00221,7.033,73.5806451612903,NA,5.2,0.269531,1,2.07e-6,0.2753905,0.28125,0,0,0,1,1,1,1,1,1,1,221372,0.9487381685200277,233333.0810810811,2003,2004,0,0,1
1765,M-04-05,F,S,Jangen 1,Jangen_0304,2003,2004,NA,NA,1,NA,"c(13.746770748163, 60.2288926724059)",Värmland,Hagfors,hagfors,M-04-05,0.426,1.2,0.33,0.00221,7.033,73.5806451612903,NA,5.2,0.28125,1,2.07e-6,0.2753905,0.28125,0,0,0,1,1,1,1,1,1,1,221372,0.9487381685200277,233333.0810810811,2003,2004,0,0,1
1885,G5-03,F,S,Filipstad,Filipstad_9900,1999,2000,NA,NA,0,NA,list(),Värmland,Hagfors,filipstad,G5-03,0.357,1.16,0.26,3.2e-4,29.4,NA,NA,5.7,0.375,0,7.74e-6,0.25,0.375,NA,NA,NA,0,0,0,0,0,0,0,208777,0.9723045537638239,214723.8734939759,1998,2001,1,1,2
1886,M-05-08,M,S,Filipstad,Filipstad_9900,1999,2000,NA,NA,1,NA,list(),Värmland,Hagfors,filipstad,M-05-08,0.357,1.16,0.26,3.2e-4,29.4,NA,NA,5.7,0.125,0,7.74e-6,0.25,0.375,NA,NA,NA,0,0,0,0,0,0,0,208777,0.9723045537638239,214723.8734939759,1998,2001,1,1,2
19,G55-16,M,S,Forshaga  3,Forshaga_1920,2019,2020,NA,NA,0,NA,"c(13.8896334517553, 59.5334127656436)",Värmland,Karlstad,NA,G55-16,0.304,1.12,0.36,0.00188,32.52,68.6510416666667,2.5,2.6,0.214912,4,0,0.2672615,0.319611,2,2,0,61,10,0,0,7,1,1,304365,1.0015874036868058,303882.6156156156,2015,2019,4,4,5
20,G56-16,F,S,Forshaga  3,Forshaga_1920,2019,2020,NA,NA,0,NA,"c(13.8896334517553, 59.5334127656436)",Värmland,Karlstad,NA,G56-16,0.304,1.12,0.36,0.00188,32.52,68.6510416666667,2.5,2.6,0.319611,4,0,0.2672615,0.319611,2,2,0,61,10,0,0,7,1,1,304365,1.0015874036868058,303882.6156156156,2015,2019,4,4,5
157,G55-16,M,S,Forshaga  3,Forshaga_1819,2018,2019,NA,NA,0,NA,list(),Värmland,Karlstad,karlstad,G55-16,0.253,1.17,0.42,0.00213,32.4,80.890625,2.5,2.3,0.214912,5,2.42e-6,0.2672615,0.319611,2,2,0,61,61,0,0,6,0,0,302588,1.0046514349173756,301187.04804804805,2015,2019,3,3,4
158,G56-16,F,S,Forshaga  3,Forshaga_1819,2018,2019,NA,NA,0,NA,list(),Värmland,Karlstad,karlstad,G56-16,0.253,1.17,0.42,0.00213,32.4,80.890625,2.5,2.3,0.319611,5,2.42e-6,0.2672615,0.319611,2,2,0,61,61,0,0,6,0,0,302588,1.0046514349173756,301187.04804804805,2015,2019,3,3,4
424,G55-16,M,S,Forshaga  3,Forshaga_1617,2016,2017,NA,NA,0,NA,list(),Värmland,Karlstad,karlstad,G55-16,0.294,1.13,0.38,0.00188,32.04,59.2540540540541,1.8,1.8,0.214912,5,0,0.2672615,0.319611,0,0,0,61,61,10,1,6,1,0,296421,1.0113277233312423,293100.83483483485,2015,2019,1,1,2
425,G56-16,F,S,Forshaga  3,Forshaga_1617,2016,2017,NA,NA,0,NA,list(),Värmland,Karlstad,karlstad,G56-16,0.294,1.13,0.38,0.00188,32.04,59.2540540540541,1.8,1.8,0.319611,5,0,0.2672615,0.319611,0,0,0,61,61,10,1,6,1,0,296421,1.0113277233312423,293100.83483483485,2015,2019,1,1,2
605,G20-15,F,S,Kungskogen 2,Kungsskogen_1516,2015,2016,illegal,NA,0,NA,list(),Värmland,Karlstad,karlstad,G20-15,0.292,1.15,0.41,0.00266,31.425,61.3095238095238,1.8,1.9,0.286682,4,0,0.3031465,0.319611,0,0,0,51,51,0,0,6,2,0,289679,1.0116770260413808,286335.45345345343,2015,2015,0,0,1
606,G8-16,M,S,Kungskogen 2,Kungsskogen_1516,2015,2016,censored,NA,0,NA,list(),Värmland,Karlstad,karlstad,G8-16,0.292,1.15,0.41,0.00266,31.425,61.3095238095238,1.8,1.9,0.319611,4,0,0.3031465,0.319611,0,0,0,51,51,0,0,6,2,0,289679,1.0116770260413808,286335.45345345343,2015,2015,0,0,1
691,G28-09,M,S,Brattfors 1,Brattfors_1415,2014,2015,NA,NA,0,NA,list(),Värmland,Karlstad,karlstad,G28-09,0.343,1.17,0.31,0.00201,26.333,73.5731036699392,2.2,2.6,0.314453,4,2.18e-5,0.2910155,0.314453,0,0,0,51,51,51,2,6,2,0,277208,1.002678711898155,276467.42342342343,2008,2015,6,6,7
692,G9-09,F,S,Brattfors 1,Brattfors_1415,2014,2015,NA,NA,0,NA,list(),Värmland,Karlstad,karlstad,G9-09,0.343,1.17,0.31,0.00201,26.333,73.5731036699392,2.2,2.6,0.267578,4,2.18e-5,0.2910155,0.314453,0,0,0,51,51,51,2,6,2,0,277208,1.002678711898155,276467.42342342343,2008,2015,6,6,7
1014,G104-11,M,S,Kungskogen 1,Kungsskogen_1213,2012,2013,NA,NA,0,NA,list(),Värmland,Karlstad,karlstad,G104-11,0.28,1.15,0.42,0.00266,30.8,56.0574494949495,3.5,4,0,4,9e-8,0,0,0,0,0,0,0,0,0,5,1,0,266640,1.00565774164513,265139.9069069069,2011,2014,1,1,2
1015,G49-11,F,S,Kungskogen 1,Kungsskogen_1213,2012,2013,NA,NA,0,NA,list(),Värmland,Karlstad,karlstad,G49-11,0.28,1.15,0.42,0.00266,30.8,56.0574494949495,3.5,4,0,4,9e-8,0,0,0,0,0,0,0,0,0,5,1,0,266640,1.00565774164513,265139.9069069069,2011,2014,1,1,2
1196,G104-11,M,S,Kungskogen 1,Kungskogen_1112,2011,2012,NA,NA,0,NA,"c(13.736456940265, 59.7185244241979)",Värmland,Karlstad,karlstad,G104-11,0.28,1.15,0.42,0.00264,30.775,79.1614583333333,NA,3.8,0,3,3.66e-6,0,0,0,0,0,0,0,0,0,5,1,1,257514,0.9973930373532361,258187.08408408408,2011,2014,0,0,1
1197,G49-11,F,S,Kungskogen 1,Kungskogen_1112,2011,2012,NA,NA,0,NA,"c(13.736456940265, 59.7185244241979)",Värmland,Karlstad,karlstad,G49-11,0.28,1.15,0.42,0.00264,30.775,79.1614583333333,NA,3.8,0,3,3.66e-6,0,0,0,0,0,0,0,0,0,5,1,1,257514,0.9973930373532361,258187.08408408408,2011,2014,0,0,1
1208,G28-09,M,S,Brattfors 1,Brattfors_1011,2010,2011,NA,NA,0,NA,list(),Värmland,Karlstad,karlstad,G28-09,0.349,1.17,0.3,0.00188,29.18,83.4010416666667,NA,3.9,0.314453,2,3.08e-5,0.2910155,0.314453,0,0,0,0,0,0,0,4,0,0,257416,1.0000898825814277,257392.86486486485,2008,2015,2,2,3
1209,G9-09,F,S,Brattfors 1,Brattfors_1011,2010,2011,NA,NA,0,NA,list(),Värmland,Karlstad,karlstad,G9-09,0.349,1.17,0.3,0.00188,29.18,83.4010416666667,NA,3.9,0.267578,2,3.08e-5,0.2910155,0.314453,0,0,0,0,0,0,0,4,0,0,257416,1.0000898825814277,257392.86486486485,2008,2015,2,2,3
695,G12-13,F,S,Dömle,Dömle_1415,2014,2015,legal,NA,0,NA,"c(13.3862177120758, 59.5534806560761)",Värmland,Kil,kil,G12-13,0.357,1.2,0.48,0.00967,31.717,63.8712958570525,2.6,2.6,0.165527,4,3.31e-6,0.220825,0.276123,0,0,0,0,0,0,0,2,1,1,273169,0.9880693957263393,276467.42342342343,2013,2014,1,1,2
696,G63-12,M,S,Dömle,Dömle_1415,2014,2015,legal,NA,0,NA,"c(13.3862177120758, 59.5534806560761)",Värmland,Kil,kil,G63-12,0.357,1.2,0.48,0.00967,31.717,63.8712958570525,2.6,2.6,0.276123,4,3.31e-6,0.220825,0.276123,0,0,0,0,0,0,0,2,1,1,273169,0.9880693957263393,276467.42342342343,2013,2014,1,1,2
946,G12-13,F,S,Dömle,Dömle_1314,2013,2014,NA,NA,0,Dömle 1314 only recornized by VSC in retrospect. Coordinates taken from  1415,list(),Värmland,Kil,kil,G12-13,0.36,1.2,0.48,0.0096,31.533,75.8627352150538,3.5,3.4,0.165527,3,4e-8,0.220825,0.276123,0,0,0,0,0,0,0,1,0,0,268961,0.9893626081699574,271852.8048048048,2013,2014,0,0,1
947,G63-12,M,S,Dömle,Dömle_1314,2013,2014,NA,NA,0,NA,list(),Värmland,Kil,kil,G63-12,0.36,1.2,0.48,0.0096,31.533,75.8627352150538,3.5,3.4,0.276123,3,4e-8,0.220825,0.276123,0,0,0,0,0,0,0,1,0,0,268961,0.9893626081699574,271852.8048048048,2013,2014,0,0,1
183,G113-17,M,S,Kväggen,Kväggen_1819,2018,2019,illegal,NA,0,NA,list(),Värmland,Kristinehamn,kristinehamn,G113-17,0.238,1.53,0.41,0.01582,42.4,80.051724137931,2.5,2.3,0.244385,5,0,0.2333835,0.244385,1,1,0,89,25,0,0,2,0,0,270288,0.8974091075685341,301187.04804804805,2018,2018,0,0,1
184,G25-17,F,S,Kväggen,Kväggen_1819,2018,2019,illegal,NA,0,NA,list(),Värmland,Kristinehamn,kristinehamn,G25-17,0.238,1.53,0.41,0.01582,42.4,80.051724137931,2.5,2.3,0.222382,5,0,0.2333835,0.244385,1,1,0,89,25,0,0,2,0,0,270288,0.8974091075685341,301187.04804804805,2018,2018,0,0,1
671,G104-11,M,S,Vismen 2,Vismen_1516,2015,2016,censored,NA,0,The male continues to go with adult pups in several years in this territory,list(),Värmland,Kristinehamn,kristinehamn,G104-11,0.184,1.43,0.38,0.00725,24.886,58.4047619047619,1.6,2.1,0,0,0,0.107477,0.214954,1,1,0,88,27,2,1,2,1,0,257246,0.8984077832395205,286335.45345345343,2015,2015,0,0,1
672,G13-15,F,S,Vismen 2,Vismen_1516,2015,2016,illegal,NA,0,NA,list(),Värmland,Kristinehamn,kristinehamn,G13-15,0.184,1.43,0.38,0.00725,24.886,58.4047619047619,1.6,2.1,0.214954,0,0,0.107477,0.214954,1,1,0,88,27,2,1,2,1,0,257246,0.8984077832395205,286335.45345345343,2015,2015,0,0,1
740,G104-11,M,S,Kungskogen 1,Kungsskogen_1415,2014,2015,NA,NA,0,The male moves to Vismen 2 in winter 1415 after female killed,list(),Värmland,Kristinehamn,kristinehamn,G104-11,0.267,1.25,0.41,0.00506,31.225,59.7902976901633,2.3,2.6,0,3,1.22e-6,0,0,1,1,1,86,25,22,4,2,1,0,248202,0.8977621917496821,276467.42342342343,2011,2014,3,3,4
741,G49-11,F,S,Kungskogen 1,Kungsskogen_1415,2014,2015,illegal,NA,0,NA,list(),Värmland,Kristinehamn,kristinehamn,G49-11,0.267,1.25,0.41,0.00506,31.225,59.7902976901633,2.3,2.6,0,3,1.22e-6,0,0,1,1,1,86,25,22,4,2,1,0,248202,0.8977621917496821,276467.42342342343,2011,2014,3,3,4
934,G14-13,F,S,Vismen 1,Vismen_1314,2013,2014,illegal,NA,0,NA,list(),Värmland,Kristinehamn,kristinehamn,G14-13,0.212,1.55,0.42,0.01832,29.26,73.9195402298851,3.4,3.2,0.152161,3,1.45e-6,0.2044985,0.256836,0,0,0,64,3,2,2,2,1,0,247606,0.9108090688186409,271852.8048048048,2012,2013,1,1,2
935,G98-12,M,S,Vismen 1,Vismen_1314,2013,2014,other,NA,0,Killed by train,list(),Värmland,Kristinehamn,kristinehamn,G98-12,0.212,1.55,0.42,0.01832,29.26,73.9195402298851,3.4,3.2,0.256836,3,1.45e-6,0.2044985,0.256836,0,0,0,64,3,2,2,2,1,0,247606,0.9108090688186409,271852.8048048048,2012,2013,1,1,2
1067,G14-13,F,S,Vismen 1,Vismen_1213,2012,2013,NA,NA,0,NA,list(),Värmland,Kristinehamn,degerfors,G14-13,0.216,1.58,0.44,0.02005,29.12,55.4090722495895,3.7,3.7,0.152161,3,0,0.2044985,0.256836,0,0,0,62,1,0,0,2,1,0,242904,0.9161351938065131,265139.9069069069,2012,2013,0,0,1
1068,G98-12,M,S,Vismen 1,Vismen_1213,2012,2013,NA,NA,0,NA,list(),Värmland,Kristinehamn,degerfors,G98-12,0.216,1.58,0.44,0.02005,29.12,55.4090722495895,3.7,3.7,0.256836,3,0,0.2044985,0.256836,0,0,0,62,1,0,0,2,1,0,242904,0.9161351938065131,265139.9069069069,2012,2013,0,0,1
13,G11-16,M,S,Borgvik 3,Borgvik_1920,2019,2020,censored,NA,0,NA,list(),Värmland,Säffle,NA,G11-16,0.422,1.21,0.33,0.00133,19.525,65.1354166666667,2.6,2.6,0.139008,3,0,0.1911205,0.243233,0,0,0,26,1,0,0,3,0,0,263878,0.8683550372416897,303882.6156156156,2017,2019,2,2,3
14,G132-16,F,S,Borgvik 3,Borgvik_1920,2019,2020,illegal,NA,0,NA,list(),Värmland,Säffle,NA,G132-16,0.422,1.21,0.33,0.00133,19.525,65.1354166666667,2.6,2.6,0.243233,3,0,0.1911205,0.243233,0,0,0,26,1,0,0,3,0,0,263878,0.8683550372416897,303882.6156156156,2017,2019,2,2,3
103,G272-17,F,S,Stora Bör 2,Stora Bör_1920,2019,2020,NA,NA,0,NA,list(),Värmland,Säffle,NA,G272-17,0.418,1.1,0.25,7.5e-4,11.867,72.0490196078431,2.5,2.6,0.3106,4,1.8e-7,0.280146,0.3106,0,0,0,26,1,0,0,3,0,0,263878,0.8683550372416897,303882.6156156156,2019,2019,0,0,1
145,G11-16,M,S,Borgvik 3,Borgvik_1819,2018,2019,NA,NA,0,NA,list(),Värmland,Säffle,säffle,G11-16,0.406,1.2,0.33,0.00212,32.775,79.7916666666667,2.2,2.3,0.139008,2,0,0.1911205,0.243233,0,0,0,26,8,0,0,3,1,0,260513,0.8649541927129637,301187.04804804805,2017,2019,1,1,2
146,G132-16,F,S,Borgvik 3,Borgvik_1819,2018,2019,NA,NA,0,NA,list(),Värmland,Säffle,säffle,G132-16,0.406,1.2,0.33,0.00212,32.775,79.7916666666667,2.2,2.3,0.243233,2,0,0.1911205,0.243233,0,0,0,26,8,0,0,3,1,0,260513,0.8649541927129637,301187.04804804805,2017,2019,1,1,2
231,G272-17,F,S,Stora Bör 1,Stora Bör_1819,2018,2019,NA,NA,0,NA,list(),Värmland,Säffle,årjäng,G272-17,0.422,1.09,0.24,7.5e-4,11.9,82.3232323232323,2.1,2.3,0.3106,3,0,0.3323095,0.354019,0,0,0,26,8,0,0,3,1,0,260513,0.8649541927129637,301187.04804804805,2017,2018,1,1,2
232,G90-17,M,S,Stora Bör 1,Stora Bör_1819,2018,2019,illegal,NA,0,NA,list(),Värmland,Säffle,årjäng,G90-17,0.422,1.09,0.24,7.5e-4,11.9,82.3232323232323,2.1,2.3,0.354019,3,0,0.3323095,0.354019,0,0,0,26,8,0,0,3,1,0,260513,0.8649541927129637,301187.04804804805,2017,2018,1,1,2
269,G11-16,M,S,Borgvik 3,Borgvik_1718,2017,2018,NA,NA,0,NA,list(),Värmland,Säffle,säffle,G11-16,0.423,1.1,0.32,0,14.775,60.1818181818182,2.3,2,0.139008,4,0,0.1911205,0.243233,0,0,0,26,26,0,0,3,1,0,257968,0.8667159320169645,297638.46546546544,2017,2019,0,0,1
270,G132-16,F,S,Borgvik 3,Borgvik_1718,2017,2018,NA,NA,0,NA,list(),Värmland,Säffle,säffle,G132-16,0.423,1.1,0.32,0,14.775,60.1818181818182,2.3,2,0.243233,4,0,0.1911205,0.243233,0,0,0,26,26,0,0,3,1,0,257968,0.8667159320169645,297638.46546546544,2017,2019,0,0,1
414,G11-16,M,S,Borgvik 2,Borgvik_1617,2016,2017,NA,NA,0,NA,list(),Värmland,Säffle,säffle,G11-16,0.406,1.19,0.33,0.00212,32.325,62.9878787878788,2.3,1.8,0.139008,1,0,0.224804,0.3106,0,0,0,26,26,1,1,3,1,0,254859,0.8695266942641617,293100.83483483485,2015,2016,1,1,2
415,G64-15,F,S,Borgvik 2,Borgvik_1617,2016,2017,illegal,NA,0,NA,list(),Värmland,Säffle,säffle,G64-15,0.406,1.19,0.33,0.00212,32.325,62.9878787878788,2.3,1.8,0.3106,1,0,0.224804,0.3106,0,0,0,26,26,1,1,3,1,0,254859,0.8695266942641617,293100.83483483485,2015,2016,1,1,2
689,G63-15,M,S,Borgvik 1,Borgvik_1415,2014,2015,illegal,NA,0,NA,"c(12.9204196988955, 59.2753852531767)",Värmland,Säffle,säffle,G63-15,0.405,1.17,0.36,0.0023,31.75,63.0387544802867,3.3,2.6,0.205933,2,0,0.2582665,0.3106,0,0,0,25,25,7,2,3,2,1,238077,0.8611394320963934,276467.42342342343,2014,2014,0,0,1
690,G64-15,F,S,Borgvik 1,Borgvik_1415,2014,2015,NA,NA,0,NA,"c(12.9204196988955, 59.2753852531767)",Värmland,Säffle,säffle,G64-15,0.405,1.17,0.36,0.0023,31.75,63.0387544802867,3.3,2.6,0.3106,2,0,0.2582665,0.3106,0,0,0,25,25,7,2,3,2,1,238077,0.8611394320963934,276467.42342342343,2014,2014,0,0,1
1887,G1-02,M,S,Glaskogen 1,Glaskogen_9900,1999,2000,NA,NA,0,NA,list(),Värmland,Säffle,säffle,G1-02,0.419,1.09,0.26,7.5e-4,12.2,NA,NA,5.7,0.125,0,0,0.1796875,0.234375,NA,NA,NA,0,0,0,0,0,0,0,202745,0.9442126611305195,214723.8734939759,1999,2001,0,0,1
1888,M-02-12,F,S,Glaskogen 1,Glaskogen_9900,1999,2000,NA,NA,1,NA,list(),Värmland,Säffle,säffle,M-02-12,0.419,1.09,0.26,7.5e-4,12.2,NA,NA,5.7,0.234375,0,0,0.1796875,0.234375,NA,NA,NA,0,0,0,0,0,0,0,202745,0.9442126611305195,214723.8734939759,1999,2001,0,0,1
165,G135-16,F,S,Grytingen 1,Grytingen_1819,2018,2019,NA,NA,0,NA,list(),Värmland,Storfors,storfors,G135-16,0.281,1.27,0.4,0.01228,23.486,82.625,2.6,2.3,0.222382,5,5.2e-7,0.254929,0.287476,2,1,0,47,12,5,1,1,1,0,275426,0.9144682740675542,301187.04804804805,2017,2019,1,1,2
166,G43-17,M,S,Grytingen 1,Grytingen_1819,2018,2019,NA,NA,0,NA,list(),Värmland,Storfors,storfors,G43-17,0.281,1.27,0.4,0.01228,23.486,82.625,2.6,2.3,0.287476,5,5.2e-7,0.254929,0.287476,2,1,0,47,12,5,1,1,1,0,275426,0.9144682740675542,301187.04804804805,2017,2019,1,1,2
297,G135-16,F,S,Grytingen 1,Grytingen_1718,2017,2018,NA,NA,0,NA,list(),Värmland,Storfors,storfors,G135-16,0.293,1.24,0.35,0.00701,23.283,70.5268817204301,2.6,2.1,0.222382,6,1.11e-6,0.254929,0.287476,2,1,1,42,7,0,0,1,1,0,267987,0.9003775757978908,297638.46546546544,2017,2019,0,0,1
298,G43-17,M,S,Grytingen 1,Grytingen_1718,2017,2018,NA,NA,0,NA,list(),Värmland,Storfors,storfors,G43-17,0.293,1.24,0.35,0.00701,23.283,70.5268817204301,2.6,2.1,0.287476,6,1.11e-6,0.254929,0.287476,2,1,1,42,7,0,0,1,1,0,267987,0.9003775757978908,297638.46546546544,2017,2019,0,0,1
874,G104-11,M,S,Kungskogen 1,Kungsskogen_1314,2013,2014,NA,NA,0,NA,list(),Värmland,Storfors,storfors,G104-11,0.309,1.12,0.39,0.00272,31.1,75.1875,2.8,3.4,0,5,1.07e-5,0,0,1,1,0,35,16,0,0,0,0,0,247674,0.9110592041815953,271852.8048048048,2011,2014,2,2,3
875,G49-11,F,S,Kungskogen 1,Kungsskogen_1314,2013,2014,NA,NA,0,NA,list(),Värmland,Storfors,storfors,G49-11,0.309,1.12,0.39,0.00272,31.1,75.1875,2.8,3.4,0,5,1.07e-5,0,0,1,1,0,35,16,0,0,0,0,0,247674,0.9110592041815953,271852.8048048048,2011,2014,2,2,3
97,G18-10,F,S,Skugghöjden,Skugghöjden_1920,2019,2020,NA,NA,0,NA,list(),Värmland,Sunne,NA,G18-10,0.415,1.28,0.29,0.00197,11.3,82.6060606060606,15.1,2.6,0.276123,3,8.12e-5,0.1440641739130435,0.276123,8,4,0,47,28,2,1,16,5,0,283215,0.9319881607121668,303882.6156156156,2009,2019,10,10,11
98,G47-10,M,S,Skugghöjden,Skugghöjden_1920,2019,2020,NA,NA,0,NA,list(),Värmland,Sunne,NA,G47-10,0.415,1.28,0.29,0.00197,11.3,82.6060606060606,15.1,2.6,0,3,8.12e-5,0.1440641739130435,0.276123,8,4,0,47,28,2,1,16,5,0,283215,0.9319881607121668,303882.6156156156,2009,2019,10,10,11
141,G71-17,M,S,Blåbärskullen,Blåbärskullen_1819,2018,2019,NA,NA,0,NA,list(),Värmland,Sunne,arvika,G71-17,0.423,1.21,0.33,0.00434,19.8,81.96875,2.1,2.3,0.228912,3,2.18e-5,0.1905365,0.228912,8,4,0,45,32,0,0,16,6,0,284696,0.9452464899970823,301187.04804804805,2018,2018,0,0,1
142,G7-19,F,S,Blåbärskullen,Blåbärskullen_1819,2018,2019,illegal,NA,0,NA,list(),Värmland,Sunne,arvika,G7-19,0.423,1.21,0.33,0.00434,19.8,81.96875,2.1,2.3,0.152161,3,2.18e-5,0.1905365,0.228912,8,4,0,45,32,0,0,16,6,0,284696,0.9452464899970823,301187.04804804805,2018,2018,0,0,1
225,G18-10,F,S,Skugghöjden,Skugghöjden_1819,2018,2019,NA,NA,0,NA,list(),Värmland,Sunne,sunne,G18-10,0.412,1.31,0.29,0,11.341,83.109375,29.1,2.2,0.276123,2,6.7e-5,0.1440641739130435,0.276123,8,4,0,45,32,0,0,16,6,0,284696,0.9452464899970823,301187.04804804805,2009,2019,9,9,10
226,G47-10,M,S,Skugghöjden,Skugghöjden_1819,2018,2019,NA,NA,0,NA,list(),Värmland,Sunne,sunne,G47-10,0.412,1.31,0.29,0,11.341,83.109375,29.1,2.2,0,2,6.7e-5,0.1440641739130435,0.276123,8,4,0,45,32,0,0,16,6,0,284696,0.9452464899970823,301187.04804804805,2009,2019,9,9,10
251,G111-17,F,S,Visten,Visten_1819,2018,2019,illegal,NA,0,NA,list(),Värmland,Sunne,sunne,G111-17,0.409,1.16,0.38,0.00412,31.517,82.203125,2.4,2.3,0.238016,4,3.99e-5,0.20363900000000001,0.238016,8,4,0,45,32,0,0,16,6,0,284696,0.9452464899970823,301187.04804804805,2018,2018,0,0,1
252,G246-17,M,S,Visten,Visten_1819,2018,2019,NA,NA,0,NA,list(),Värmland,Sunne,sunne,G246-17,0.409,1.16,0.38,0.00412,31.517,82.203125,2.4,2.3,0.169262,4,3.99e-5,0.20363900000000001,0.238016,8,4,0,45,32,0,0,16,6,0,284696,0.9452464899970823,301187.04804804805,2018,2018,0,0,1
309,G19-17,F,S,Jangen 8,Jangen_1718,2017,2018,illegal,NA,0,NA,"c(12.8886514444512, 13.0969138194698, 13.0021895178716, 59.8190161664308, 59.7086238771807, 59.7377181595527)",Värmland,Sunne,sunne,G19-17,0.434,1.22,0.37,0.00385,19.125,70.8541666666667,1.7,2,0.231424,4,6.45e-5,0.233508,0.235592,8,4,1,45,32,3,3,16,7,3,278797,0.936696806187332,297638.46546546544,2017,2017,0,0,1
310,G78-16,M,S,Jangen 8,Jangen_1718,2017,2018,illegal,NA,0,NA,"c(12.8886514444512, 13.0969138194698, 13.0021895178716, 59.8190161664308, 59.7086238771807, 59.7377181595527)",Värmland,Sunne,sunne,G78-16,0.434,1.22,0.37,0.00385,19.125,70.8541666666667,1.7,2,0.235592,4,6.45e-5,0.233508,0.235592,8,4,1,45,32,3,3,16,7,3,278797,0.936696806187332,297638.46546546544,2017,2017,0,0,1
369,G18-10,F,S,Skugghöjden,Skugghöjden_1718,2017,2018,NA,NA,0,NA,"c(12.8886514444512, 13.0969138194698, 13.0021895178716, 59.8190161664308, 59.7086238771807, 59.7377181595527)",Värmland,Sunne,sunne,G18-10,0.412,1.31,0.28,1.5e-4,11.347,77.6875,28.1,2,0.276123,3,8.08e-5,0.1440641739130435,0.276123,8,4,1,45,32,3,3,16,7,3,278797,0.936696806187332,297638.46546546544,2009,2019,8,8,9
370,G47-10,M,S,Skugghöjden,Skugghöjden_1718,2017,2018,NA,NA,0,NA,"c(12.8886514444512, 13.0969138194698, 13.0021895178716, 59.8190161664308, 59.7086238771807, 59.7377181595527)",Värmland,Sunne,sunne,G47-10,0.412,1.31,0.28,1.5e-4,11.347,77.6875,28.1,2,0,3,8.08e-5,0.1440641739130435,0.276123,8,4,1,45,32,3,3,16,7,3,278797,0.936696806187332,297638.46546546544,2009,2019,8,8,9
452,G129-14,F,S,Jangen 7,Jangen_1617,2016,2017,other,NA,0,Traffic,"c(12.7453638708716, 59.9149038451647)",Värmland,Sunne,sunne,G129-14,0.43,1.23,0.32,0.00237,11.55,69.2625,1.2,1.8,0.165527,5,2.57e-5,0.2005595,0.235592,7,3,0,42,29,23,3,13,4,1,272406,0.9293934633570846,293100.83483483485,2016,2016,0,0,1
453,G78-16,M,S,Jangen 7,Jangen_1617,2016,2017,NA,NA,0,NA,"c(12.7453638708716, 59.9149038451647)",Värmland,Sunne,sunne,G78-16,0.43,1.23,0.32,0.00237,11.55,69.2625,1.2,1.8,0.235592,5,2.57e-5,0.2005595,0.235592,7,3,0,42,29,23,3,13,4,1,272406,0.9293934633570846,293100.83483483485,2016,2016,0,0,1
516,G18-10,F,S,Skugghöjden,Skugghöjden_1617,2016,2017,NA,NA,0,NA,"c(12.7453638708716, 59.9149038451647)",Värmland,Sunne,sunne,G18-10,0.42,1.27,0.29,2.3e-4,11.342,75.6606060606061,17.6,1.8,0.276123,5,3.13e-5,0.1440641739130435,0.276123,7,3,0,42,29,23,3,13,4,1,272406,0.9293934633570846,293100.83483483485,2009,2019,7,7,8
517,G47-10,M,S,Skugghöjden,Skugghöjden_1617,2016,2017,NA,NA,0,NA,"c(12.7453638708716, 59.9149038451647)",Värmland,Sunne,sunne,G47-10,0.42,1.27,0.29,2.3e-4,11.342,75.6606060606061,17.6,1.8,0,5,3.13e-5,0.1440641739130435,0.276123,7,3,0,42,29,23,3,13,4,1,272406,0.9293934633570846,293100.83483483485,2009,2019,7,7,8
573,G113-15,M,S,Gårdsjö 5,Gårdsjö_1516,2015,2016,illegal,NA,0,NA,"c(13.334397159136, 59.8402445134751)",Värmland,Sunne,sunne,G113-15,0.407,1.15,0.39,0.00468,28.614,63.9375,1.6,1.9,0.224609,6,6.55e-6,0.2560425,0.287476,7,5,3,19,7,0,0,12,4,1,265871,0.928529795361928,286335.45345345343,2015,2015,0,0,1
574,G77-14,F,S,Gårdsjö 5,Gårdsjö_1516,2015,2016,NA,NA,0,NA,"c(13.334397159136, 59.8402445134751)",Värmland,Sunne,sunne,G77-14,0.407,1.15,0.39,0.00468,28.614,63.9375,1.6,1.9,0.287476,6,6.55e-6,0.2560425,0.287476,7,5,3,19,7,0,0,12,4,1,265871,0.928529795361928,286335.45345345343,2015,2015,0,0,1
653,G18-10,F,S,Skugghöjden,Skugghöjden_1516,2015,2016,NA,NA,0,NA,"c(13.334397159136, 59.8402445134751)",Värmland,Sunne,sunne,G18-10,0.432,1.22,0.3,0,11.311,75.3686868686869,7.7,1.9,0.276123,3,6.35e-5,0.1440641739130435,0.276123,7,5,3,19,7,0,0,12,4,1,265871,0.928529795361928,286335.45345345343,2009,2019,6,6,7
654,G47-10,M,S,Skugghöjden,Skugghöjden_1516,2015,2016,NA,NA,0,NA,"c(13.334397159136, 59.8402445134751)",Värmland,Sunne,sunne,G47-10,0.432,1.22,0.3,0,11.311,75.3686868686869,7.7,1.9,0,3,6.35e-5,0.1440641739130435,0.276123,7,5,3,19,7,0,0,12,4,1,265871,0.928529795361928,286335.45345345343,2009,2019,6,6,7
709,G121-13,M,S,Gårdsjö 3,Gårdsjö_1415,2014,2015,legal,NA,0,NA,"c(13.2963417166469, 59.6839153855759)",Värmland,Sunne,sunne,G121-13,0.412,1.17,0.37,0.0041,30.633,65.444460125448,2,2.6,0.165527,5,2.03e-5,0.22167950000000003,0.277832,4,4,0,19,10,6,2,11,3,1,253875,0.918281788343569,276467.42342342343,2013,2014,1,1,2
710,G55-11,F,S,Gårdsjö 3,Gårdsjö_1415,2014,2015,legal,NA,0,NA,"c(13.2963417166469, 59.6839153855759)",Värmland,Sunne,sunne,G55-11,0.412,1.17,0.37,0.0041,30.633,65.444460125448,2,2.6,0.277832,5,2.03e-5,0.22167950000000003,0.277832,4,4,0,19,10,6,2,11,3,1,253875,0.918281788343569,276467.42342342343,2013,2014,1,1,2
720,G6-12,M,S,Jangen 6,Jangen_1415,2014,2015,NA,NA,0,NA,"c(13.2963417166469, 59.6839153855759)",Värmland,Sunne,sunne,G6-12,0.429,1.19,0.31,0.00172,11.35,69.4186507936508,1.9,2.6,0,3,8.96e-5,0.1347655,0.269531,4,4,0,19,10,6,2,11,3,1,253875,0.918281788343569,276467.42342342343,2011,2015,3,3,4
721,M-06-05,F,S,Jangen 6,Jangen_1415,2014,2015,NA,NA,1,NA,"c(13.2963417166469, 59.6839153855759)",Värmland,Sunne,sunne,M-06-05,0.429,1.19,0.31,0.00172,11.35,69.4186507936508,1.9,2.6,0.269531,3,8.96e-5,0.1347655,0.269531,4,4,0,19,10,6,2,11,3,1,253875,0.918281788343569,276467.42342342343,2011,2015,3,3,4
840,G121-13,M,S,Gårdsjö 3,Gårdsjö_1314,2013,2014,NA,NA,0,NA,"c(12.7408651048233, 59.8896043304759)",Värmland,Sunne,sunne,G121-13,0.42,1.18,0.36,0.00406,21.54,79.6442550505051,3.1,3.4,0.165527,5,2.56e-6,0.22167950000000003,0.277832,4,4,0,13,7,0,0,10,5,1,255131,0.9384894894985124,271852.8048048048,2013,2014,0,0,1
841,G55-11,F,S,Gårdsjö 3,Gårdsjö_1314,2013,2014,NA,NA,0,NA,"c(12.7408651048233, 59.8896043304759)",Värmland,Sunne,sunne,G55-11,0.42,1.18,0.36,0.00406,21.54,79.6442550505051,3.1,3.4,0.277832,5,2.56e-6,0.22167950000000003,0.277832,4,4,0,13,7,0,0,10,5,1,255131,0.9384894894985124,271852.8048048048,2013,2014,0,0,1
1041,G78-13,F,S,Riala 2,Skugghöjden_1213,2012,2013,illegal,NA,0,NA,list(),Värmland,Sunne,sunne,G78-13,0.416,1.3,0.31,0,10.938,75.9166666666667,47.7,3.9,0.152161,3,2.56e-6,0.152161,0.152161,4,4,0,13,7,0,0,9,5,0,248290,0.9364489974237523,265139.9069069069,2012,2012,0,0,1
1053,G18-10,F,S,Skugghöjden,Skugghöjden_1213,2012,2013,NA,NA,0,NA,list(),Värmland,Sunne,sunne,G18-10,0.416,1.3,0.31,0,10.938,75.9166666666667,47.7,3.9,0.276123,3,2.56e-6,0.1440641739130435,0.276123,4,4,0,13,7,0,0,9,5,0,248290,0.9364489974237523,265139.9069069069,2009,2019,3,3,4
1054,G47-10,M,S,Skugghöjden,Skugghöjden_1213,2012,2013,NA,NA,0,NA,list(),Värmland,Sunne,sunne,G47-10,0.416,1.3,0.31,0,10.938,75.9166666666667,47.7,3.9,0,3,2.56e-6,0.1440641739130435,0.276123,4,4,0,13,7,0,0,9,5,0,248290,0.9364489974237523,265139.9069069069,2009,2019,3,3,4
1167,G18-10,F,S,Skugghöjden,Skugghöjden_1112,2011,2012,NA,NA,0,NA,"c(13.3624377957103, 59.9133433238309)",Värmland,Sunne,sunne,G18-10,0.42,1.27,0.3,0,11.205,81.8125,NA,3.7,0.276123,2,5.55e-5,0.1440641739130435,0.276123,4,4,2,13,7,1,1,9,9,1,234015,0.9063776401912811,258187.08408408408,2009,2019,2,2,3
1168,G47-10,M,S,Skugghöjden,Skugghöjden_1112,2011,2012,NA,NA,0,NA,"c(13.3624377957103, 59.9133433238309)",Värmland,Sunne,sunne,G47-10,0.42,1.27,0.3,0,11.205,81.8125,NA,3.7,0,2,5.55e-5,0.1440641739130435,0.276123,4,4,2,13,7,1,1,9,9,1,234015,0.9063776401912811,258187.08408408408,2009,2019,2,2,3
1206,D-11-27,F,S,Bogen 3/Mangskog,Mangskog_1011,2010,2011,legal,NA,0,NA,list(),Värmland,Sunne,arvika,D-11-27,0.432,1.1,0.31,0,12.067,84.020202020202,NA,3.9,0.267578,2,4.15e-5,0.267578,0.267578,2,2,2,12,7,3,1,8,8,0,234765,0.9120882201736834,257392.86486486485,2009,2010,1,1,2
1207,D-11-29,M,S,Bogen 3/Mangskog,Mangskog_1011,2010,2011,legal,NA,0,NA,list(),Värmland,Sunne,arvika,D-11-29,0.432,1.1,0.31,0,12.067,84.020202020202,NA,3.9,0.267578,2,4.15e-5,0.267578,0.267578,2,2,2,12,7,3,1,8,8,0,234765,0.9120882201736834,257392.86486486485,2009,2010,1,1,2
1230,D-11-20,F,S,Gårdsjö 1,Gårdsjö_1011,2010,2011,legal,NA,0,NA,list(),Värmland,Sunne,sunne,D-11-20,0.411,1.18,0.36,0.0041,20.65,82.7311827956989,NA,3.9,NA,4,4.4e-5,NA,NA,2,2,2,12,7,3,1,8,8,0,234765,0.9120882201736834,257392.86486486485,2010,2010,0,0,1
1231,G20-10,M,S,Gårdsjö 1,Gårdsjö_1011,2010,2011,censored,NA,0,"Hanen G20-10 flyttade efter tikens död 2011, till Lelång",list(),Värmland,Sunne,sunne,G20-10,0.411,1.18,0.36,0.0041,20.65,82.7311827956989,NA,3.9,0.429688,4,4.4e-5,NA,NA,2,2,2,12,7,3,1,8,8,0,234765,0.9120882201736834,257392.86486486485,2010,2010,0,0,1
1290,G18-10,F,S,Skugghöjden,Skugghöjden_1011,2010,2011,NA,NA,0,NA,list(),Värmland,Sunne,sunne,G18-10,0.428,1.24,0.35,0.00197,9.633,84.5190476190476,NA,3.9,0.276123,3,6.88e-5,0.1440641739130435,0.276123,2,2,2,12,7,3,1,8,8,0,234765,0.9120882201736834,257392.86486486485,2009,2019,1,1,2
1291,G47-10,M,S,Skugghöjden,Skugghöjden_1011,2010,2011,NA,NA,0,NA,list(),Värmland,Sunne,sunne,G47-10,0.428,1.24,0.35,0.00197,9.633,84.5190476190476,NA,3.9,0,3,6.88e-5,0.1440641739130435,0.276123,2,2,2,12,7,3,1,8,8,0,234765,0.9120882201736834,257392.86486486485,2009,2019,1,1,2
1326,D-11-27,F,S,Bogen 3/Mangskog,Mangskog_0910,2009,2010,NA,NA,0,NA,"c(13.3774451448881, 12.9360613093895, 12.8609494767037, 59.9064369634002, 59.9661952463752, 59.8725583280516)",Värmland,Sunne,sunne,D-11-27,0.441,1.14,0.29,6e-4,13,82.6935307017544,NA,3.6,0.267578,1,3.17e-5,0.267578,0.267578,0,0,0,9,4,3,1,8,8,3,234003,0.9039227426364075,258875,2009,2010,0,0,1
1327,D-11-29,M,S,Bogen 3/Mangskog,Mangskog_0910,2009,2010,NA,NA,0,NA,"c(13.3774451448881, 12.9360613093895, 12.8609494767037, 59.9064369634002, 59.9661952463752, 59.8725583280516)",Värmland,Sunne,sunne,D-11-29,0.441,1.14,0.29,6e-4,13,82.6935307017544,NA,3.6,0.267578,1,3.17e-5,0.267578,0.267578,0,0,0,9,4,3,1,8,8,3,234003,0.9039227426364075,258875,2009,2010,0,0,1
1398,G18-10,F,S,Skugghöjden,Skugghöjden_0910,2009,2010,NA,NA,0,NA,"c(13.3774451448881, 12.9360613093895, 12.8609494767037, 59.9064369634002, 59.9661952463752, 59.8725583280516)",Värmland,Sunne,sunne,G18-10,0.438,1.14,0.3,0,9.85,82.2013685239492,NA,3.6,0.276123,2,3.75e-5,0.1440641739130435,0.276123,0,0,0,9,4,3,1,8,8,3,234003,0.9039227426364075,258875,2009,2019,0,0,1
1399,G47-10,M,S,Skugghöjden,Skugghöjden_0910,2009,2010,NA,NA,0,NA,"c(13.3774451448881, 12.9360613093895, 12.8609494767037, 59.9064369634002, 59.9661952463752, 59.8725583280516)",Värmland,Sunne,sunne,G47-10,0.438,1.14,0.3,0,9.85,82.2013685239492,NA,3.6,0,2,3.75e-5,0.1440641739130435,0.276123,0,0,0,9,4,3,1,8,8,3,234003,0.9039227426364075,258875,2009,2019,0,0,1
1528,D-10-25,M,S,Jangen 4,Jangen_0708,2007,2008,NA,NA,0,NA,"c(13.2860380364367, 13.2849029358345, 13.2468499969953, 13.2436963596678, 59.9183610208973, 60.061183804082, 59.9016479898243, 59.9075405682957)",Värmland,Sunne,hagfors,D-10-25,0.421,1.19,0.34,0.00218,6.9,64.7239583333333,NA,3.6,0.269531,1,1.11e-5,0.269531,0.269531,0,0,0,6,6,0,0,4,4,4,229609,0.9137166998912595,251291.23723723725,2007,2009,0,0,1
1529,M-06-05,F,S,Jangen 4,Jangen_0708,2007,2008,NA,NA,1,NA,"c(13.2860380364367, 13.2849029358345, 13.2468499969953, 13.2436963596678, 59.9183610208973, 60.061183804082, 59.9016479898243, 59.9075405682957)",Värmland,Sunne,hagfors,M-06-05,0.421,1.19,0.34,0.00218,6.9,64.7239583333333,NA,3.6,0.269531,1,1.11e-5,0.269531,0.269531,0,0,0,6,6,0,0,4,4,4,229609,0.9137166998912595,251291.23723723725,2007,2009,0,0,1
41,M-18-13/G160-16,F,S,Juvberget 6,Juvberget_1920,2019,2020,NA,NA,1,NA,list(),Värmland,Torsby,NA,G160-16,0.189,1.08,0.22,6.1e-4,6.883,84.4322916666667,62.9,2.4,0.233883,4,7.0099e-4,0.19970500000000002,0.233883,16,12,0,153,6,0,0,42,10,0,276261,0.9091043245114274,303882.6156156156,2018,2019,1,1,2
42,M19-03/G86-16,M,S,Juvberget 6,Juvberget_1920,2019,2020,illegal,NA,1,NA,list(),Värmland,Torsby,NA,G86-16,0.189,1.08,0.22,6.1e-4,6.883,84.4322916666667,62.9,2.4,0.165527,4,7.0099e-4,0.19970500000000002,0.233883,16,12,0,153,6,0,0,42,10,0,276261,0.9091043245114274,303882.6156156156,2018,2019,1,1,2
75,G224-19,F,S,Nyskoga 6,Nyskoga_1920,2019,2020,illegal,NA,0,NA,list(),Värmland,Torsby,NA,G224-19,0.216,0.93,0.27,9.2e-4,5.094,82.3125,6.7,2.6,0.235592,1,4.7024e-4,0.2394125,0.243233,16,12,0,153,6,0,0,42,10,0,276261,0.9091043245114274,303882.6156156156,2019,2019,0,0,1
76,G47-18,M,S,Nyskoga 6,Nyskoga_1920,2019,2020,illegal,NA,0,NA,list(),Värmland,Torsby,NA,G47-18,0.216,0.93,0.27,9.2e-4,5.094,82.3125,6.7,2.6,0.243233,1,4.7024e-4,0.2394125,0.243233,16,12,0,153,6,0,0,42,10,0,276261,0.9091043245114274,303882.6156156156,2019,2019,0,0,1
81,G246-17,M,S,Ruskåsen,Ruskåsen_1920,2019,2020,illegal,NA,0,NA,list(),Värmland,Torsby,NA,G246-17,0.38,1.19,0.29,0.00279,6.5,81.375,2.8,2.6,0.169262,1,1.6121e-4,0.202427,0.235592,16,12,0,153,6,0,0,42,10,0,276261,0.9091043245114274,303882.6156156156,2019,2019,0,0,1
82,G84-18,F,S,Ruskåsen,Ruskåsen_1920,2019,2020,censored,NA,0,The male found under Visten,list(),Värmland,Torsby,NA,G84-18,0.38,1.19,0.29,0.00279,6.5,81.375,2.8,2.6,0.235592,1,1.6121e-4,0.202427,0.235592,16,12,0,153,6,0,0,42,10,0,276261,0.9091043245114274,303882.6156156156,2019,2019,0,0,1
143,G166-16,F,S,Bograngen 3,Bograngen_1819,2018,2019,illegal,NA,0,NA,"c(13.4585531237184, 12.6659864909767, 60.4616079166848, 60.8295690382981)",Värmland,Torsby,torsby,G166-16,0.208,1.24,0.28,3.4e-4,5.004,83.7447916666667,58.8,2.2,0.224609,3,4.0539e-4,0.19506800000000002,0.224609,16,12,2,153,24,0,0,42,16,2,271509,0.901463066754074,301187.04804804805,2017,2018,1,1,2
144,M19-03/G86-16,M,S,Bograngen 3,Bograngen_1819,2018,2019,NA,NA,1,NA,"c(13.4585531237184, 12.6659864909767, 60.4616079166848, 60.8295690382981)",Värmland,Torsby,torsby,G86-16,0.208,1.24,0.28,3.4e-4,5.004,83.7447916666667,58.8,2.2,0.165527,3,4.0539e-4,0.19506800000000002,0.224609,16,12,2,153,24,0,0,42,16,2,271509,0.901463066754074,301187.04804804805,2017,2018,1,1,2
149,G29-18,M,S,Böhönen,Böhönen_1819,2018,2019,illegal,NA,0,NA,"c(13.4585531237184, 12.6659864909767, 60.4616079166848, 60.8295690382981)",Värmland,Torsby,torsby,G29-18,0.266,1.26,0.28,5.6e-4,5.152,83.21875,22.6,2.2,0.206949,3,2.4528e-4,0.179555,0.206949,16,12,2,153,24,0,0,42,16,2,271509,0.901463066754074,301187.04804804805,2017,2018,1,1,2
150,G45-17,F,S,Böhönen,Böhönen_1819,2018,2019,illegal,NA,0,NA,"c(13.4585531237184, 12.6659864909767, 60.4616079166848, 60.8295690382981)",Värmland,Torsby,torsby,G45-17,0.266,1.26,0.28,5.6e-4,5.152,83.21875,22.6,2.2,0.152161,3,2.4528e-4,0.179555,0.206949,16,12,2,153,24,0,0,42,16,2,271509,0.901463066754074,301187.04804804805,2017,2018,1,1,2
265,G166-16,F,S,Bograngen 3,Bograngen_1718,2017,2018,NA,NA,0,NA,"c(12.5971694120594, 13.3763878520525, 13.1570589260582, 12.9611849676057, 60.6348113567009, 60.3028640762702, 60.1614536131388, 60.0735432252356)",Värmland,Torsby,torsby,G166-16,0.197,1.29,0.27,6.1e-4,5.083,83.4509803921569,74.5,1.9,0.224609,4,3.7703e-4,0.19506800000000002,0.224609,14,10,0,153,25,0,0,40,19,4,269034,0.9038952662898191,297638.46546546544,2017,2018,0,0,1
266,M19-03/G86-16,M,S,Bograngen 3,Bograngen_1718,2017,2018,NA,NA,1,NA,"c(12.5971694120594, 13.3763878520525, 13.1570589260582, 12.9611849676057, 60.6348113567009, 60.3028640762702, 60.1614536131388, 60.0735432252356)",Värmland,Torsby,torsby,G86-16,0.197,1.29,0.27,6.1e-4,5.083,83.4509803921569,74.5,1.9,0.165527,4,3.7703e-4,0.19506800000000002,0.224609,14,10,0,153,25,0,0,40,19,4,269034,0.9038952662898191,297638.46546546544,2017,2018,0,0,1
275,G29-18,M,S,Böhönen,Böhönen_1718,2017,2018,NA,NA,0,NA,"c(12.5971694120594, 13.3763878520525, 13.1570589260582, 12.9611849676057, 60.6348113567009, 60.3028640762702, 60.1614536131388, 60.0735432252356)",Värmland,Torsby,torsby,G29-18,0.235,1.18,0.26,0,5.217,83.8541666666667,29.8,2,0.206949,4,3.0072e-4,0.179555,0.206949,14,10,0,153,25,0,0,40,19,4,269034,0.9038952662898191,297638.46546546544,2017,2018,0,0,1
276,G45-17,F,S,Böhönen,Böhönen_1718,2017,2018,NA,NA,0,NA,"c(12.5971694120594, 13.3763878520525, 13.1570589260582, 12.9611849676057, 60.6348113567009, 60.3028640762702, 60.1614536131388, 60.0735432252356)",Värmland,Torsby,torsby,G45-17,0.235,1.18,0.26,0,5.217,83.8541666666667,29.8,2,0.152161,4,3.0072e-4,0.179555,0.206949,14,10,0,153,25,0,0,40,19,4,269034,0.9038952662898191,297638.46546546544,2017,2018,0,0,1
317,G110-14,F,S,Kockohonka 1,Kockohonka_1718,2017,2018,illegal,NA,0,NA,"c(12.5971694120594, 13.3763878520525, 13.1570589260582, 12.9611849676057, 60.6348113567009, 60.3028640762702, 60.1614536131388, 60.0735432252356)",Värmland,Torsby,torsby,G110-14,0.38,1.45,0.3,5.6e-4,10.41,81.1927083333333,53.3,1.9,0.29718,5,1.5513e-4,0.25565150000000003,0.29718,14,10,0,153,25,0,0,40,19,4,269034,0.9038952662898191,297638.46546546544,2016,2017,1,1,2
318,G122-14,M,S,Kockohonka 1,Kockohonka_1718,2017,2018,NA,NA,0,NA,"c(12.5971694120594, 13.3763878520525, 13.1570589260582, 12.9611849676057, 60.6348113567009, 60.3028640762702, 60.1614536131388, 60.0735432252356)",Värmland,Torsby,torsby,G122-14,0.38,1.45,0.3,5.6e-4,10.41,81.1927083333333,53.3,1.9,0.214123,5,1.5513e-4,0.25565150000000003,0.29718,14,10,0,153,25,0,0,40,19,4,269034,0.9038952662898191,297638.46546546544,2016,2017,1,1,2
387,G204-17,F,S,Vimyren 2,Vimyren_1718,2017,2018,legal,NA,0,NA,"c(12.5971694120594, 13.3763878520525, 13.1570589260582, 12.9611849676057, 60.6348113567009, 60.3028640762702, 60.1614536131388, 60.0735432252356)",Värmland,Torsby,torsby,G204-17,0.355,1.11,0.27,5.6e-4,6.567,78.859375,2.2,2,0.233883,2,3.0144e-4,0.2359495,0.238016,14,10,0,153,25,0,0,40,19,4,269034,0.9038952662898191,297638.46546546544,2017,2017,0,0,1
388,G57-17,M,S,Vimyren 2,Vimyren_1718,2017,2018,legal,NA,0,NA,"c(12.5971694120594, 13.3763878520525, 13.1570589260582, 12.9611849676057, 60.6348113567009, 60.3028640762702, 60.1614536131388, 60.0735432252356)",Värmland,Torsby,torsby,G57-17,0.355,1.11,0.27,5.6e-4,6.567,78.859375,2.2,2,0.238016,2,3.0144e-4,0.2359495,0.238016,14,10,0,153,25,0,0,40,19,4,269034,0.9038952662898191,297638.46546546544,2017,2017,0,0,1
395,G125-16,F,N,Koppang 5,Koppang_1718,2017,2018,legal,NA,0,Koppang 1718 not registered by VSC. Both shot by management in Oct 2017. Coordinates calculated by OL,"c(12.5971694120594, 13.3763878520525, 13.1570589260582, 12.9611849676057, 60.6348113567009, 60.3028640762702, 60.1614536131388, 60.0735432252356)",Värmland,Torsby,torsby,G125-16,0.22,0.88,0.27,0,2.9,82.4270833333333,2.3,2,0,4,4.6414e-4,0.1553,0.3106,14,10,0,153,25,0,0,40,19,4,269034,0.9038952662898191,297638.46546546544,2017,2017,0,0,1
396,G61-17,M,N,Koppang 5,Koppang_1718,2017,2018,legal,NA,0,NA,"c(12.5971694120594, 13.3763878520525, 13.1570589260582, 12.9611849676057, 60.6348113567009, 60.3028640762702, 60.1614536131388, 60.0735432252356)",Värmland,Torsby,torsby,G61-17,0.22,0.88,0.27,0,2.9,82.4270833333333,2.3,2,0.3106,4,4.6414e-4,0.1553,0.3106,14,10,0,153,25,0,0,40,19,4,269034,0.9038952662898191,297638.46546546544,2017,2017,0,0,1
404,G73-15,F,S,Bertjärn,Berttjärn_1617,2016,2017,illegal,NA,0,NA,"c(13.1223600712804, 12.5825021065144, 60.0789792772721, 61.037308062458)",Värmland,Torsby,torsby,G73-15,0.225,0.69,0.25,9.2e-4,2.7,79.4823529411765,2,1.9,0.214912,2,4.88e-4,0.21864699999999998,0.222382,14,10,0,153,29,6,1,36,15,2,264141,0.9011949766326869,293100.83483483485,2016,2016,0,0,1
405,G83-16,M,S,Bertjärn,Berttjärn_1617,2016,2017,illegal,NA,0,NA,"c(13.1223600712804, 12.5825021065144, 60.0789792772721, 61.037308062458)",Värmland,Torsby,torsby,G83-16,0.225,0.69,0.25,9.2e-4,2.7,79.4823529411765,2,1.9,0.222382,2,4.88e-4,0.21864699999999998,0.222382,14,10,0,153,29,6,1,36,15,2,264141,0.9011949766326869,293100.83483483485,2016,2016,0,0,1
456,G148-15,M,S,Juvberget 4,Juvberget_1617,2016,2017,illegal,NA,0,NA,"c(13.1223600712804, 12.5825021065144, 60.0789792772721, 61.037308062458)",Värmland,Torsby,torsby,G148-15,0.195,1.3,0.27,6.1e-4,5.132,79.13125,77.7,1.8,0.273621,5,3.0106e-4,0.212891,0.273621,14,10,0,153,29,6,1,36,15,2,264141,0.9011949766326869,293100.83483483485,2015,2016,1,1,2
457,G34-16,F,S,Juvberget 4,Juvberget_1617,2016,2017,illegal,NA,0,NA,"c(13.1223600712804, 12.5825021065144, 60.0789792772721, 61.037308062458)",Värmland,Torsby,torsby,G34-16,0.195,1.3,0.27,6.1e-4,5.132,79.13125,77.7,1.8,0.152161,5,3.0106e-4,0.212891,0.273621,14,10,0,153,29,6,1,36,15,2,264141,0.9011949766326869,293100.83483483485,2015,2016,1,1,2
464,G110-14,F,S,Kockohonka 1,Kockohonka_1617,2016,2017,NA,NA,0,NA,"c(13.1223600712804, 12.5825021065144, 60.0789792772721, 61.037308062458)",Värmland,Torsby,torsby,G110-14,0.38,1.43,0.3,5.6e-4,10.401,77.55,48.3,1.8,0.29718,4,1.0056e-4,0.25565150000000003,0.29718,14,10,0,153,29,6,1,36,15,2,264141,0.9011949766326869,293100.83483483485,2016,2017,0,0,1
465,G122-14,M,S,Kockohonka 1,Kockohonka_1617,2016,2017,NA,NA,0,NA,"c(13.1223600712804, 12.5825021065144, 60.0789792772721, 61.037308062458)",Värmland,Torsby,torsby,G122-14,0.38,1.43,0.3,5.6e-4,10.401,77.55,48.3,1.8,0.214123,4,1.0056e-4,0.25565150000000003,0.29718,14,10,0,153,29,6,1,36,15,2,264141,0.9011949766326869,293100.83483483485,2016,2017,0,0,1
504,M-11-09/G77-10,M,S,Rotna 2,Rotna_1617,2016,2017,other,NA,1,Old age,"c(13.1223600712804, 12.5825021065144, 60.0789792772721, 61.037308062458)",Värmland,Torsby,torsby,G77-10,0.21,1.46,0.27,0,5.252,79.45,74.8,1.8,0.214844,4,2.1945e-4,0.2421875,0.269531,14,10,0,153,29,6,1,36,15,2,264141,0.9011949766326869,293100.83483483485,2006,2016,10,10,11
505,M11-10/G42-10,F,S,Rotna 2,Rotna_1617,2016,2017,other,NA,1,Old age,"c(13.1223600712804, 12.5825021065144, 60.0789792772721, 61.037308062458)",Värmland,Torsby,torsby,G42-10,0.21,1.46,0.27,0,5.252,79.45,74.8,1.8,0.269531,4,2.1945e-4,0.2421875,0.269531,14,10,0,153,29,6,1,36,15,2,264141,0.9011949766326869,293100.83483483485,2006,2016,10,10,11
536,G24-12,M,S,Vimyren 1,Vimyren_1617,2016,2017,illegal,NA,0,NA,"c(13.1223600712804, 12.5825021065144, 60.0789792772721, 61.037308062458)",Värmland,Torsby,torsby,G24-12,0.351,1.11,0.26,0.00172,6.6,76.35625,1.9,1.8,0.165527,3,1.2525e-4,0.2313535,0.29718,14,10,0,153,29,6,1,36,15,2,264141,0.9011949766326869,293100.83483483485,2014,2016,2,2,3
537,G86-15,F,S,Vimyren 1,Vimyren_1617,2016,2017,illegal,NA,0,NA,"c(13.1223600712804, 12.5825021065144, 60.0789792772721, 61.037308062458)",Värmland,Torsby,torsby,G86-15,0.351,1.11,0.26,0.00172,6.6,76.35625,1.9,1.8,0.29718,3,1.2525e-4,0.2313535,0.29718,14,10,0,153,29,6,1,36,15,2,264141,0.9011949766326869,293100.83483483485,2014,2016,2,2,3
540,G71-16,F,N,Spekedalen 1,Spekedalen_1617,2016,2017,legal,NA,0,Spekedalen 1617 not registered by VSC. Both shot by management in Dec 2016. Coordinates calculated by OL,"c(13.1223600712804, 12.5825021065144, 60.0789792772721, 61.037308062458)",Värmland,Torsby,torsby,G71-16,0.22,1.24,0.25,0,5.252,79.4121212121212,43.3,1.8,0.317108,5,2.1053e-4,0.30762449999999997,0.317108,14,10,0,153,29,6,1,36,15,2,264141,0.9011949766326869,293100.83483483485,2016,2016,0,0,1
585,G17-15,M,S,Höljes,Höljes_1516,2015,2016,illegal,NA,0,Female G51-13 moved here from Juberget,"c(13.043062845678, 12.8947971939656, 60.6235919426597, 60.3628458661674)",Värmland,Torsby,torsby,G17-15,0.195,0.81,0.23,6.1e-4,3.239,81.1182795698925,58.1,2,0.275726,3,5.5236e-4,0.2206265,0.275726,14,11,10,147,24,0,0,34,16,2,260296,0.9090596252074443,286335.45345345343,2015,2015,0,0,1
586,G51-13,F,S,Höljes,Höljes_1516,2015,2016,illegal,NA,0,NA,"c(13.043062845678, 12.8947971939656, 60.6235919426597, 60.3628458661674)",Värmland,Torsby,torsby,G51-13,0.195,0.81,0.23,6.1e-4,3.239,81.1182795698925,58.1,2,0.165527,3,5.5236e-4,0.2206265,0.275726,14,11,10,147,24,0,0,34,16,2,260296,0.9090596252074443,286335.45345345343,2015,2015,0,0,1
591,G148-15,M,S,Juvberget 4,Juvberget_1516,2015,2016,NA,NA,0,NA,"c(13.043062845678, 12.8947971939656, 60.6235919426597, 60.3628458661674)",Värmland,Torsby,torsby,G148-15,0.185,1.16,0.21,6.1e-4,6.927,81.8737373737374,97.3,1.9,0.273621,4,4.2515e-4,0.212891,0.273621,14,11,10,147,24,0,0,34,16,2,260296,0.9090596252074443,286335.45345345343,2015,2016,0,0,1
592,G34-16,F,S,Juvberget 4,Juvberget_1516,2015,2016,NA,NA,0,NA,"c(13.043062845678, 12.8947971939656, 60.6235919426597, 60.3628458661674)",Värmland,Torsby,torsby,G34-16,0.185,1.16,0.21,6.1e-4,6.927,81.8737373737374,97.3,1.9,0.152161,4,4.2515e-4,0.212891,0.273621,14,11,10,147,24,0,0,34,16,2,260296,0.9090596252074443,286335.45345345343,2015,2016,0,0,1
593,G20-13,F,S,Kerto,Kerto_1516,2015,2016,illegal,NA,0,NA,"c(13.043062845678, 12.8947971939656, 60.6235919426597, 60.3628458661674)",Värmland,Torsby,torsby,G20-13,0.38,1.47,0.3,5.2e-4,10.413,75.78125,64.4,1.9,0.152161,6,1.3636e-4,0.225983,0.299805,14,11,10,147,24,0,0,34,16,2,260296,0.9090596252074443,286335.45345345343,2013,2015,2,2,3
594,G27-14,M,S,Kerto,Kerto_1516,2015,2016,illegal,NA,0,NA,"c(13.043062845678, 12.8947971939656, 60.6235919426597, 60.3628458661674)",Värmland,Torsby,torsby,G27-14,0.38,1.47,0.3,5.2e-4,10.413,75.78125,64.4,1.9,0.299805,6,1.3636e-4,0.225983,0.299805,14,11,10,147,24,0,0,34,16,2,260296,0.9090596252074443,286335.45345345343,2013,2015,2,2,3
613,G139-15,M,S,Liksjön,Liksjön_1516,2015,2016,illegal,NA,0,NA,"c(13.043062845678, 12.8947971939656, 60.6235919426597, 60.3628458661674)",Värmland,Torsby,torsby,G139-15,0.224,0.73,0.25,9.2e-4,2.7,81.0885416666667,2.1,2,0.222382,2,5.2991e-4,0.225647,0.228912,14,11,10,147,24,0,0,34,16,2,260296,0.9090596252074443,286335.45345345343,2015,2015,0,0,1
614,G149-15,F,S,Liksjön,Liksjön_1516,2015,2016,legal,NA,0,NA,"c(13.043062845678, 12.8947971939656, 60.6235919426597, 60.3628458661674)",Värmland,Torsby,torsby,G149-15,0.224,0.73,0.25,9.2e-4,2.7,81.0885416666667,2.1,2,0.228912,2,5.2991e-4,0.225647,0.228912,14,11,10,147,24,0,0,34,16,2,260296,0.9090596252074443,286335.45345345343,2015,2015,0,0,1
625,G133-12,M,S,Medskogen 3,Medskogen_1516,2015,2016,censored,NA,0,NA,"c(13.043062845678, 12.8947971939656, 60.6235919426597, 60.3628458661674)",Värmland,Torsby,torsby,G133-12,0.214,0.85,0.28,9.2e-4,2.9,79.2990196078431,2,1.9,0.157578,3,3.6359e-4,0.215569,0.27356,14,11,10,147,24,0,0,34,16,2,260296,0.9090596252074443,286335.45345345343,2014,2015,1,1,2
626,G141-11,F,S,Medskogen 3,Medskogen_1516,2015,2016,illegal,NA,0,NA,"c(13.043062845678, 12.8947971939656, 60.6235919426597, 60.3628458661674)",Värmland,Torsby,torsby,G141-11,0.214,0.85,0.28,9.2e-4,2.9,79.2990196078431,2,1.9,0.27356,3,3.6359e-4,0.215569,0.27356,14,11,10,147,24,0,0,34,16,2,260296,0.9090596252074443,286335.45345345343,2014,2015,1,1,2
669,G24-12,M,S,Vimyren 1,Vimyren_1516,2015,2016,NA,NA,0,NA,"c(13.043062845678, 12.8947971939656, 60.6235919426597, 60.3628458661674)",Värmland,Torsby,torsby,G24-12,0.372,1.16,0.28,0.00267,6.567,73.6145833333333,1.9,1.9,0.165527,2,1.3308e-4,0.2313535,0.29718,14,11,10,147,24,0,0,34,16,2,260296,0.9090596252074443,286335.45345345343,2014,2016,1,1,2
670,G86-15,F,S,Vimyren 1,Vimyren_1516,2015,2016,NA,NA,0,NA,"c(13.043062845678, 12.8947971939656, 60.6235919426597, 60.3628458661674)",Värmland,Torsby,torsby,G86-15,0.372,1.16,0.28,0.00267,6.567,73.6145833333333,1.9,1.9,0.29718,2,1.3308e-4,0.2313535,0.29718,14,11,10,147,24,0,0,34,16,2,260296,0.9090596252074443,286335.45345345343,2014,2016,1,1,2
724,G29-10,M,S,Juvberget 3,Juvberget_1415,2014,2015,illegal,NA,0,NA,"c(12.8430534852344, 13.1553307746231, 13.0802127924252, 12.728984192977, 12.6307912253849, 12.6529131518536, 60.5141853886911, 60.1111115164721, 60.117469919733, 60.3225737170073, 60.2928758921488, 60.9677494794059)",Värmland,Torsby,torsby,G29-10,0.19,1.09,0.24,6.1e-4,5.171,82.7993062144213,77.6,2.5,0.311035,4,4.3925e-4,0.23828100000000002,0.311035,4,4,0,147,43,18,2,32,16,6,246277,0.8907993460872049,276467.42342342343,2014,2014,0,0,1
725,G51-13,F,S,Juvberget 3,Juvberget_1415,2014,2015,illegal,NA,0,NA,"c(12.8430534852344, 13.1553307746231, 13.0802127924252, 12.728984192977, 12.6307912253849, 12.6529131518536, 60.5141853886911, 60.1111115164721, 60.117469919733, 60.3225737170073, 60.2928758921488, 60.9677494794059)",Värmland,Torsby,torsby,G51-13,0.19,1.09,0.24,6.1e-4,5.171,82.7993062144213,77.6,2.5,0.165527,4,4.3925e-4,0.23828100000000002,0.311035,4,4,0,147,43,18,2,32,16,6,246277,0.8907993460872049,276467.42342342343,2014,2014,0,0,1
726,G20-13,F,S,Kerto,Kerto_1415,2014,2015,NA,NA,0,NA,"c(12.8430534852344, 13.1553307746231, 13.0802127924252, 12.728984192977, 12.6307912253849, 12.6529131518536, 60.5141853886911, 60.1111115164721, 60.117469919733, 60.3225737170073, 60.2928758921488, 60.9677494794059)",Värmland,Torsby,torsby,G20-13,0.396,1.37,0.29,5.6e-4,10.363,74.5329861111111,57.3,2.5,0.152161,7,1.468e-4,0.225983,0.299805,4,4,0,147,43,18,2,32,16,6,246277,0.8907993460872049,276467.42342342343,2013,2015,1,1,2
727,G27-14,M,S,Kerto,Kerto_1415,2014,2015,NA,NA,0,NA,"c(12.8430534852344, 13.1553307746231, 13.0802127924252, 12.728984192977, 12.6307912253849, 12.6529131518536, 60.5141853886911, 60.1111115164721, 60.117469919733, 60.3225737170073, 60.2928758921488, 60.9677494794059)",Värmland,Torsby,torsby,G27-14,0.396,1.37,0.29,5.6e-4,10.363,74.5329861111111,57.3,2.5,0.299805,7,1.468e-4,0.225983,0.299805,4,4,0,147,43,18,2,32,16,6,246277,0.8907993460872049,276467.42342342343,2013,2015,1,1,2
732,G32-12,M,S,Kläggen,Kläggen_1415,2014,2015,legal,NA,0,NA,"c(12.8430534852344, 13.1553307746231, 13.0802127924252, 12.728984192977, 12.6307912253849, 12.6529131518536, 60.5141853886911, 60.1111115164721, 60.117469919733, 60.3225737170073, 60.2928758921488, 60.9677494794059)",Värmland,Torsby,torsby,G32-12,0.326,1.33,0.26,5.6e-4,8.671,77.1198985042735,17,2.6,0.305908,7,2.2545e-4,0.288208,0.305908,4,4,0,147,43,18,2,32,16,6,246277,0.8907993460872049,276467.42342342343,2012,2014,2,2,3
733,G85-11,F,S,Kläggen,Kläggen_1415,2014,2015,legal,NA,0,NA,"c(12.8430534852344, 13.1553307746231, 13.0802127924252, 12.728984192977, 12.6307912253849, 12.6529131518536, 60.5141853886911, 60.1111115164721, 60.117469919733, 60.3225737170073, 60.2928758921488, 60.9677494794059)",Värmland,Torsby,torsby,G85-11,0.326,1.33,0.26,5.6e-4,8.671,77.1198985042735,17,2.6,0.270508,7,2.2545e-4,0.288208,0.305908,4,4,0,147,43,18,2,32,16,6,246277,0.8907993460872049,276467.42342342343,2012,2014,2,2,3
764,G133-12,M,S,Medskogen 3,Medskogen_1415,2014,2015,NA,NA,0,NA,"c(12.8430534852344, 13.1553307746231, 13.0802127924252, 12.728984192977, 12.6307912253849, 12.6529131518536, 60.5141853886911, 60.1111115164721, 60.117469919733, 60.3225737170073, 60.2928758921488, 60.9677494794059)",Värmland,Torsby,torsby,G133-12,0.221,0.92,0.26,9.2e-4,2.9,81.9309839466089,2.2,2.6,0.157578,4,4.0059e-4,0.215569,0.27356,4,4,0,147,43,18,2,32,16,6,246277,0.8907993460872049,276467.42342342343,2014,2015,0,0,1
765,G141-11,F,S,Medskogen 3,Medskogen_1415,2014,2015,NA,NA,0,NA,"c(12.8430534852344, 13.1553307746231, 13.0802127924252, 12.728984192977, 12.6307912253849, 12.6529131518536, 60.5141853886911, 60.1111115164721, 60.117469919733, 60.3225737170073, 60.2928758921488, 60.9677494794059)",Värmland,Torsby,torsby,G141-11,0.221,0.92,0.26,9.2e-4,2.9,81.9309839466089,2.2,2.6,0.27356,4,4.0059e-4,0.215569,0.27356,4,4,0,147,43,18,2,32,16,6,246277,0.8907993460872049,276467.42342342343,2014,2015,0,0,1
794,G18-10,F,S,Skugghöjden,Skugghöjden_1415,2014,2015,NA,NA,0,NA,"c(12.8430534852344, 13.1553307746231, 13.0802127924252, 12.728984192977, 12.6307912253849, 12.6529131518536, 60.5141853886911, 60.1111115164721, 60.117469919733, 60.3225737170073, 60.2928758921488, 60.9677494794059)",Värmland,Torsby,torsby,G18-10,0.403,1.39,0.29,0,10.352,69.4511088709677,77.4,2.5,0.276123,5,7.78e-5,0.1440641739130435,0.276123,4,4,0,147,43,18,2,32,16,6,246277,0.8907993460872049,276467.42342342343,2009,2019,5,5,6
795,G47-10,M,S,Skugghöjden,Skugghöjden_1415,2014,2015,NA,NA,0,NA,"c(12.8430534852344, 13.1553307746231, 13.0802127924252, 12.728984192977, 12.6307912253849, 12.6529131518536, 60.5141853886911, 60.1111115164721, 60.117469919733, 60.3225737170073, 60.2928758921488, 60.9677494794059)",Värmland,Torsby,torsby,G47-10,0.403,1.39,0.29,0,10.352,69.4511088709677,77.4,2.5,0,5,7.78e-5,0.1440641739130435,0.276123,4,4,0,147,43,18,2,32,16,6,246277,0.8907993460872049,276467.42342342343,2009,2019,5,5,6
830,G48-11,M,S,Fänstjärn,Fänstjärn_1314,2013,2014,illegal,NA,0,NA,"c(12.8578889270886, 13.5101520995717, 12.9937617282455, 13.0999312542365, 12.7481566265371, 60.4010648076978, 60.3988296429129, 60.0445043872313, 60.2613729391223, 60.1060788655507)",Värmland,Torsby,torsby,G48-11,0.238,0.75,0.24,0,4,81.8958333333333,2.7,3,0,3,6.4425e-4,0.152954,0.305908,4,4,0,129,66,1,1,26,10,5,244886,0.900803654300468,271852.8048048048,2012,2013,1,1,2
831,G58-10,F,S,Fänstjärn,Fänstjärn_1314,2013,2014,censored,NA,0,NA,"c(12.8578889270886, 13.5101520995717, 12.9937617282455, 13.0999312542365, 12.7481566265371, 60.4010648076978, 60.3988296429129, 60.0445043872313, 60.2613729391223, 60.1060788655507)",Värmland,Torsby,torsby,G58-10,0.238,0.75,0.24,0,4,81.8958333333333,2.7,3,0.305908,3,6.4425e-4,0.152954,0.305908,4,4,0,129,66,1,1,26,10,5,244886,0.900803654300468,271852.8048048048,2012,2013,1,1,2
838,G11-11,M,S,Gräsmark 4,Gräsmark_1314,2013,2014,NA,NA,0,NA,"c(12.8578889270886, 13.5101520995717, 12.9937617282455, 13.0999312542365, 12.7481566265371, 60.4010648076978, 60.3988296429129, 60.0445043872313, 60.2613729391223, 60.1060788655507)",Värmland,Torsby,torsby,G11-11,0.377,1.64,0.35,0,10.398,81.1510416666667,169.9,3,0.261963,5,1.3224e-4,0.279419,0.296875,4,4,0,129,66,1,1,26,10,5,244886,0.900803654300468,271852.8048048048,2011,2013,2,2,3
839,M-06-10,F,S,Gräsmark 4,Gräsmark_1314,2013,2014,illegal,NA,1,NA,"c(12.8578889270886, 13.5101520995717, 12.9937617282455, 13.0999312542365, 12.7481566265371, 60.4010648076978, 60.3988296429129, 60.0445043872313, 60.2613729391223, 60.1060788655507)",Värmland,Torsby,torsby,M-06-10,0.377,1.64,0.35,0,10.398,81.1510416666667,169.9,3,0.296875,5,1.3224e-4,0.279419,0.296875,4,4,0,129,66,1,1,26,10,5,244886,0.900803654300468,271852.8048048048,2011,2013,2,2,3
858,G20-13,F,S,Kerto,Kerto_1314,2013,2014,NA,NA,0,NA,"c(12.8578889270886, 13.5101520995717, 12.9937617282455, 13.0999312542365, 12.7481566265371, 60.4010648076978, 60.3988296429129, 60.0445043872313, 60.2613729391223, 60.1060788655507)",Värmland,Torsby,torsby,G20-13,0.406,1.3,0.28,0.00253,11.43,80.9791666666667,21.1,3.4,0.152161,5,8.4e-5,0.225983,0.299805,4,4,0,129,66,1,1,26,10,5,244886,0.900803654300468,271852.8048048048,2013,2015,0,0,1
859,G27-14,M,S,Kerto,Kerto_1314,2013,2014,NA,NA,0,NA,"c(12.8578889270886, 13.5101520995717, 12.9937617282455, 13.0999312542365, 12.7481566265371, 60.4010648076978, 60.3988296429129, 60.0445043872313, 60.2613729391223, 60.1060788655507)",Värmland,Torsby,torsby,G27-14,0.406,1.3,0.28,0.00253,11.43,80.9791666666667,21.1,3.4,0.299805,5,8.4e-5,0.225983,0.299805,4,4,0,129,66,1,1,26,10,5,244886,0.900803654300468,271852.8048048048,2013,2015,0,0,1
866,G32-12,M,S,Kläggen,Kläggen_1314,2013,2014,NA,NA,0,NA,"c(12.8578889270886, 13.5101520995717, 12.9937617282455, 13.0999312542365, 12.7481566265371, 60.4010648076978, 60.3988296429129, 60.0445043872313, 60.2613729391223, 60.1060788655507)",Värmland,Torsby,torsby,G32-12,0.326,1.45,0.3,5.6e-4,8.631,81.1919191919192,51.7,3.2,0.305908,6,2.3678e-4,0.288208,0.305908,4,4,0,129,66,1,1,26,10,5,244886,0.900803654300468,271852.8048048048,2012,2014,1,1,2
867,G85-11,F,S,Kläggen,Kläggen_1314,2013,2014,NA,NA,0,NA,"c(12.8578889270886, 13.5101520995717, 12.9937617282455, 13.0999312542365, 12.7481566265371, 60.4010648076978, 60.3988296429129, 60.0445043872313, 60.2613729391223, 60.1060788655507)",Värmland,Torsby,torsby,G85-11,0.326,1.45,0.3,5.6e-4,8.631,81.1919191919192,51.7,3.2,0.270508,6,2.3678e-4,0.288208,0.305908,4,4,0,129,66,1,1,26,10,5,244886,0.900803654300468,271852.8048048048,2012,2014,1,1,2
890,G123-12,F,S,Medskogen 2,Medskogen_1314,2013,2014,illegal,NA,0,NA,"c(12.8578889270886, 13.5101520995717, 12.9937617282455, 13.0999312542365, 12.7481566265371, 60.4010648076978, 60.3988296429129, 60.0445043872313, 60.2613729391223, 60.1060788655507)",Värmland,Torsby,torsby,G123-12,0.225,0.92,0.3,9.2e-4,5.391,81.6354166666667,25.4,3.3,0.27356,5,6.2262e-4,0.312775,0.35199,4,4,0,129,66,1,1,26,10,5,244886,0.900803654300468,271852.8048048048,2013,2013,0,0,1
891,G78-11,M,S,Medskogen 2,Medskogen_1314,2013,2014,illegal,NA,0,NA,"c(12.8578889270886, 13.5101520995717, 12.9937617282455, 13.0999312542365, 12.7481566265371, 60.4010648076978, 60.3988296429129, 60.0445043872313, 60.2613729391223, 60.1060788655507)",Värmland,Torsby,torsby,G78-11,0.225,0.92,0.3,9.2e-4,5.391,81.6354166666667,25.4,3.3,0.35199,5,6.2262e-4,0.312775,0.35199,4,4,0,129,66,1,1,26,10,5,244886,0.900803654300468,271852.8048048048,2013,2013,0,0,1
916,G18-10,F,S,Skugghöjden,Skugghöjden_1314,2013,2014,NA,NA,0,NA,"c(12.8578889270886, 13.5101520995717, 12.9937617282455, 13.0999312542365, 12.7481566265371, 60.4010648076978, 60.3988296429129, 60.0445043872313, 60.2613729391223, 60.1060788655507)",Värmland,Torsby,sunne,G18-10,0.404,1.38,0.32,0,10.972,82.078125,103.8,3.2,0.276123,5,2.56e-5,0.1440641739130435,0.276123,4,4,0,129,66,1,1,26,10,5,244886,0.900803654300468,271852.8048048048,2009,2019,4,4,5
917,G47-10,M,S,Skugghöjden,Skugghöjden_1314,2013,2014,NA,NA,0,NA,"c(12.8578889270886, 13.5101520995717, 12.9937617282455, 13.0999312542365, 12.7481566265371, 60.4010648076978, 60.3988296429129, 60.0445043872313, 60.2613729391223, 60.1060788655507)",Värmland,Torsby,sunne,G47-10,0.404,1.38,0.32,0,10.972,82.078125,103.8,3.2,0,5,2.56e-5,0.1440641739130435,0.276123,4,4,0,129,66,1,1,26,10,5,244886,0.900803654300468,271852.8048048048,2009,2019,4,4,5
930,G10-10,M,S,Trång 1,Trång_1314,2013,2014,illegal,NA,0,NA,"c(12.8578889270886, 13.5101520995717, 12.9937617282455, 13.0999312542365, 12.7481566265371, 60.4010648076978, 60.3988296429129, 60.0445043872313, 60.2613729391223, 60.1060788655507)",Värmland,Torsby,torsby,G10-10,0.258,0.89,0.29,0,4,81.5,2.9,3.3,0.279175,4,4.9785e-4,0.274353,0.279175,4,4,0,129,66,1,1,26,10,5,244886,0.900803654300468,271852.8048048048,2009,2013,4,4,5
931,G11-10,F,S,Trång 1,Trång_1314,2013,2014,illegal,NA,0,NA,"c(12.8578889270886, 13.5101520995717, 12.9937617282455, 13.0999312542365, 12.7481566265371, 60.4010648076978, 60.3988296429129, 60.0445043872313, 60.2613729391223, 60.1060788655507)",Värmland,Torsby,torsby,G11-10,0.258,0.89,0.29,0,4,81.5,2.9,3.3,0.269531,4,4.9785e-4,0.274353,0.279175,4,4,0,129,66,1,1,26,10,5,244886,0.900803654300468,271852.8048048048,2009,2013,4,4,5
938,G15-11,F,S,Värnas,Värnäs_1314,2013,2014,illegal,NA,0,NA,"c(12.8578889270886, 13.5101520995717, 12.9937617282455, 13.0999312542365, 12.7481566265371, 60.4010648076978, 60.3988296429129, 60.0445043872313, 60.2613729391223, 60.1060788655507)",Värmland,Torsby,torsby,G15-11,0.225,0.68,0.25,9.2e-4,2.7,82.6616161616162,2.9,2.9,0.274902,1,0.00100181,0.290405,0.305908,4,4,0,129,66,1,1,26,10,5,244886,0.900803654300468,271852.8048048048,2011,2013,2,2,3
939,G33-11,M,S,Värnas,Värnäs_1314,2013,2014,illegal,NA,0,NA,"c(12.8578889270886, 13.5101520995717, 12.9937617282455, 13.0999312542365, 12.7481566265371, 60.4010648076978, 60.3988296429129, 60.0445043872313, 60.2613729391223, 60.1060788655507)",Värmland,Torsby,torsby,G33-11,0.225,0.68,0.25,9.2e-4,2.7,82.6616161616162,2.9,2.9,0.305908,1,0.00100181,0.290405,0.305908,4,4,0,129,66,1,1,26,10,5,244886,0.900803654300468,271852.8048048048,2011,2013,2,2,3
976,G48-11,M,S,Fänstjärn,Fänstjärn_1213,2012,2013,NA,NA,0,NA,list(),Värmland,Torsby,torsby,G48-11,0.275,0.86,0.24,0,3.967,78.4237231182796,2.9,3.6,0,4,8.72e-5,0.152954,0.305908,4,4,0,128,75,4,1,21,5,0,238059,0.897861822375855,265139.9069069069,2012,2013,0,0,1
977,G58-10,F,S,Fänstjärn,Fänstjärn_1213,2012,2013,NA,NA,0,NA,list(),Värmland,Torsby,torsby,G58-10,0.275,0.86,0.24,0,3.967,78.4237231182796,2.9,3.6,0.305908,4,8.72e-5,0.152954,0.305908,4,4,0,128,75,4,1,21,5,0,238059,0.897861822375855,265139.9069069069,2012,2013,0,0,1
998,M-11-13/G29-10,M,S,Juvberget 2,Juvberget_1213,2012,2013,NA,NA,1,NA,list(),Värmland,Torsby,torsby,G29-10,0.197,1.13,0.26,6.1e-4,5.22,80.9375,88.8,3.7,0.311035,3,2.3623e-4,0.2648925,0.311035,4,4,0,128,75,4,1,21,5,0,238059,0.897861822375855,265139.9069069069,2010,2012,2,2,3
999,M-05-10,F,S,Juvberget 2,Juvberget_1213,2012,2013,illegal,NA,1,NA,list(),Värmland,Torsby,torsby,M-05-10,0.197,1.13,0.26,6.1e-4,5.22,80.9375,88.8,3.7,0.21875,3,2.3623e-4,0.2648925,0.311035,4,4,0,128,75,4,1,21,5,0,238059,0.897861822375855,265139.9069069069,2010,2012,2,2,3
1006,G32-12,M,S,Kläggen,Kläggen_1213,2012,2013,NA,NA,0,NA,list(),Värmland,Torsby,torsby,G32-12,0.289,1.29,0.27,5.6e-4,4.439,79.2916666666667,33.6,3.8,0.305908,6,7.83e-5,0.288208,0.305908,4,4,0,128,75,4,1,21,5,0,238059,0.897861822375855,265139.9069069069,2012,2014,0,0,1
1007,G85-11,F,S,Kläggen,Kläggen_1213,2012,2013,NA,NA,0,NA,list(),Värmland,Torsby,torsby,G85-11,0.289,1.29,0.27,5.6e-4,4.439,79.2916666666667,33.6,3.8,0.270508,6,7.83e-5,0.288208,0.305908,4,4,0,128,75,4,1,21,5,0,238059,0.897861822375855,265139.9069069069,2012,2014,0,0,1
1026,G55-12,F,S,Medskogen 1,Medskogen_1213,2012,2013,illegal,NA,0,NA,list(),Värmland,Torsby,torsby,G55-12,0.24,0.85,0.28,9.2e-4,5.104,81.59375,10.7,4,0.299805,5,1.969e-4,0.3258975,0.35199,4,4,0,128,75,4,1,21,5,0,238059,0.897861822375855,265139.9069069069,2011,2012,1,1,2
1027,G78-11,M,S,Medskogen 1,Medskogen_1213,2012,2013,NA,NA,0,NA,list(),Värmland,Torsby,torsby,G78-11,0.24,0.85,0.28,9.2e-4,5.104,81.59375,10.7,4,0.35199,5,1.969e-4,0.3258975,0.35199,4,4,0,128,75,4,1,21,5,0,238059,0.897861822375855,265139.9069069069,2011,2012,1,1,2
1063,G10-10,M,S,Trång 1,Trång_1213,2012,2013,NA,NA,0,NA,list(),Värmland,Torsby,torsby,G10-10,0.24,0.96,0.26,5.3e-4,2.9,78.8824179292929,3.5,4,0.279175,5,1.0113e-4,0.274353,0.279175,4,4,0,128,75,4,1,21,5,0,238059,0.897861822375855,265139.9069069069,2009,2013,3,3,4
1064,G11-10,F,S,Trång 1,Trång_1213,2012,2013,NA,NA,0,NA,list(),Värmland,Torsby,torsby,G11-10,0.24,0.96,0.26,5.3e-4,2.9,78.8824179292929,3.5,4,0.269531,5,1.0113e-4,0.274353,0.279175,4,4,0,128,75,4,1,21,5,0,238059,0.897861822375855,265139.9069069069,2009,2013,3,3,4
1071,G15-11,F,S,Värnas,Värnäs_1213,2012,2013,NA,NA,0,NA,list(),Värmland,Torsby,torsby,G15-11,0.223,0.78,0.26,0,2.65,78.7057673509286,3,3.6,0.274902,5,1.2648e-4,0.290405,0.305908,4,4,0,128,75,4,1,21,5,0,238059,0.897861822375855,265139.9069069069,2011,2013,1,1,2
1072,G33-11,M,S,Värnas,Värnäs_1213,2012,2013,NA,NA,0,NA,list(),Värmland,Torsby,torsby,G33-11,0.223,0.78,0.26,0,2.65,78.7057673509286,3,3.6,0.305908,5,1.2648e-4,0.290405,0.305908,4,4,0,128,75,4,1,21,5,0,238059,0.897861822375855,265139.9069069069,2011,2013,1,1,2
1109,G11-11,M,S,Gräsmark 4,Gräsmark_1112,2011,2012,NA,NA,0,NA,"c(13.1622102401246, 13.0409115147087, 13.0323194274726, 60.6400631633285, 60.8040744735672, 60.8035379864203)",Värmland,Torsby,torsby,G11-11,0.39,1.36,0.31,0.00121,10.346,81.5495495495496,NA,3.7,0.261963,5,9.42e-5,0.279419,0.296875,4,4,1,124,79,1,1,21,9,3,223613,0.866089025302194,258187.08408408408,2011,2013,0,0,1
1110,M-06-10,F,S,Gräsmark 4,Gräsmark_1112,2011,2012,NA,NA,1,NA,"c(13.1622102401246, 13.0409115147087, 13.0323194274726, 60.6400631633285, 60.8040744735672, 60.8035379864203)",Värmland,Torsby,torsby,M-06-10,0.39,1.36,0.31,0.00121,10.346,81.5495495495496,NA,3.7,0.296875,5,9.42e-5,0.279419,0.296875,4,4,1,124,79,1,1,21,9,3,223613,0.866089025302194,258187.08408408408,2011,2013,0,0,1
1127,G21-10,M,S,Hästberget,Hästberget_1112,2011,2012,illegal,NA,0,NA,"c(13.1622102401246, 13.0409115147087, 13.0323194274726, 60.6400631633285, 60.8040744735672, 60.8035379864203)",Värmland,Torsby,torsby,G21-10,0.224,0.67,0.26,9.2e-4,2.75,80.9784946236559,NA,3.2,0.429688,4,3.6543e-4,0.352295,0.429688,4,4,1,124,79,1,1,21,9,3,223613,0.866089025302194,258187.08408408408,2010,2011,1,1,2
1128,G22-09,F,S,Hästberget,Hästberget_1112,2011,2012,illegal,NA,0,NA,"c(13.1622102401246, 13.0409115147087, 13.0323194274726, 60.6400631633285, 60.8040744735672, 60.8035379864203)",Värmland,Torsby,torsby,G22-09,0.224,0.67,0.26,9.2e-4,2.75,80.9784946236559,NA,3.2,0.274902,4,3.6543e-4,0.352295,0.429688,4,4,1,124,79,1,1,21,9,3,223613,0.866089025302194,258187.08408408408,2010,2011,1,1,2
1130,M-06-05,F,S,Jangen 6,Hästberget_1112,2011,2012,NA,NA,1,NA,"c(13.1622102401246, 13.0409115147087, 13.0323194274726, 60.6400631633285, 60.8040744735672, 60.8035379864203)",Värmland,Torsby,torsby,M-06-05,0.224,0.67,0.26,9.2e-4,2.75,80.9784946236559,NA,3.2,0.269531,4,3.6543e-4,0.1347655,0.269531,4,4,1,124,79,1,1,21,9,3,223613,0.866089025302194,258187.08408408408,2011,2015,0,0,1
1133,M-11-13/G29-10,M,S,Juvberget 2,Juvberget_1112,2011,2012,NA,NA,1,NA,"c(13.1622102401246, 13.0409115147087, 13.0323194274726, 60.6400631633285, 60.8040744735672, 60.8035379864203)",Värmland,Torsby,torsby,G29-10,0.192,1.18,0.25,6.1e-4,5.268,82.5416666666667,NA,3.5,0.311035,4,2.9992e-4,0.2648925,0.311035,4,4,1,124,79,1,1,21,9,3,223613,0.866089025302194,258187.08408408408,2010,2012,1,1,2
1134,M-05-10,F,S,Juvberget 2,Juvberget_1112,2011,2012,NA,NA,1,NA,"c(13.1622102401246, 13.0409115147087, 13.0323194274726, 60.6400631633285, 60.8040744735672, 60.8035379864203)",Värmland,Torsby,torsby,M-05-10,0.192,1.18,0.25,6.1e-4,5.268,82.5416666666667,NA,3.5,0.21875,4,2.9992e-4,0.2648925,0.311035,4,4,1,124,79,1,1,21,9,3,223613,0.866089025302194,258187.08408408408,2010,2012,1,1,2
1151,G55-12,F,S,Medskogen 1,Medskogen_1112,2011,2012,NA,NA,0,NA,"c(13.1622102401246, 13.0409115147087, 13.0323194274726, 60.6400631633285, 60.8040744735672, 60.8035379864203)",Värmland,Torsby,torsby,G55-12,0.196,1.48,0.35,0,5.434,82.2239583333333,NA,3.4,0.299805,4,2.1872e-4,0.3258975,0.35199,4,4,1,124,79,1,1,21,9,3,223613,0.866089025302194,258187.08408408408,2011,2012,0,0,1
1152,G78-11,M,S,Medskogen 1,Medskogen_1112,2011,2012,NA,NA,0,NA,"c(13.1622102401246, 13.0409115147087, 13.0323194274726, 60.6400631633285, 60.8040744735672, 60.8035379864203)",Värmland,Torsby,torsby,G78-11,0.196,1.48,0.35,0,5.434,82.2239583333333,NA,3.4,0.35199,4,2.1872e-4,0.3258975,0.35199,4,4,1,124,79,1,1,21,9,3,223613,0.866089025302194,258187.08408408408,2011,2012,0,0,1
1180,G10-10,M,S,Trång 1,Trång_1112,2011,2012,NA,NA,0,NA,"c(13.1622102401246, 13.0409115147087, 13.0323194274726, 60.6400631633285, 60.8040744735672, 60.8035379864203)",Värmland,Torsby,torsby,G10-10,0.261,0.98,0.28,5.6e-4,3,81.7352941176471,NA,3.8,0.279175,4,1.6432e-4,0.274353,0.279175,4,4,1,124,79,1,1,21,9,3,223613,0.866089025302194,258187.08408408408,2009,2013,2,2,3
1181,G11-10,F,S,Trång 1,Trång_1112,2011,2012,NA,NA,0,NA,"c(13.1622102401246, 13.0409115147087, 13.0323194274726, 60.6400631633285, 60.8040744735672, 60.8035379864203)",Värmland,Torsby,torsby,G11-10,0.261,0.98,0.28,5.6e-4,3,81.7352941176471,NA,3.8,0.269531,4,1.6432e-4,0.274353,0.279175,4,4,1,124,79,1,1,21,9,3,223613,0.866089025302194,258187.08408408408,2009,2013,2,2,3
1190,G15-11,F,S,Värnas,Värnäs_1112,2011,2012,NA,NA,0,NA,"c(13.1622102401246, 13.0409115147087, 13.0323194274726, 60.6400631633285, 60.8040744735672, 60.8035379864203)",Värmland,Torsby,torsby,G15-11,0.234,0.8,0.26,0,4.067,81.2162162162162,NA,3.6,0.274902,4,2.021e-4,0.290405,0.305908,4,4,1,124,79,1,1,21,9,3,223613,0.866089025302194,258187.08408408408,2011,2013,0,0,1
1191,G33-11,M,S,Värnas,Värnäs_1112,2011,2012,NA,NA,0,NA,"c(13.1622102401246, 13.0409115147087, 13.0323194274726, 60.6400631633285, 60.8040744735672, 60.8035379864203)",Värmland,Torsby,torsby,G33-11,0.234,0.8,0.26,0,4.067,81.2162162162162,NA,3.6,0.305908,4,2.021e-4,0.290405,0.305908,4,4,1,124,79,1,1,21,9,3,223613,0.866089025302194,258187.08408408408,2011,2013,0,0,1
1228,G13-10,M,S,Gräsmark 3,Gräsmark_1011,2010,2011,NA,NA,0,NA,"c(13.4133092707285, 12.9378344746802, 60.3507287901351, 60.8397995902267)",Värmland,Torsby,torsby,G13-10,0.4,1.38,0.29,0.00113,10.347,85.421875,NA,3.8,0.274902,3,8.91e-5,0.2858885,0.296875,3,3,3,123,86,19,6,18,6,2,225728,0.8769784668215671,257392.86486486485,2009,2010,1,1,2
1229,M-06-10,F,S,Gräsmark 3,Gräsmark_1011,2010,2011,NA,NA,1,NA,"c(13.4133092707285, 12.9378344746802, 60.3507287901351, 60.8397995902267)",Värmland,Torsby,torsby,M-06-10,0.4,1.38,0.29,0.00113,10.347,85.421875,NA,3.8,0.296875,3,8.91e-5,0.2858885,0.296875,3,3,3,123,86,19,6,18,6,2,225728,0.8769784668215671,257392.86486486485,2009,2010,1,1,2
1244,G21-10,M,S,Hästberget,Hästberget_1011,2010,2011,NA,NA,0,NA,"c(13.4133092707285, 12.9378344746802, 60.3507287901351, 60.8397995902267)",Värmland,Torsby,torsby,G21-10,0.223,0.68,0.25,9.2e-4,2.75,85.921875,NA,3.3,0.429688,2,3.5089e-4,0.352295,0.429688,3,3,3,123,86,19,6,18,6,2,225728,0.8769784668215671,257392.86486486485,2010,2011,0,0,1
1245,G22-09,F,S,Hästberget,Hästberget_1011,2010,2011,NA,NA,0,NA,"c(13.4133092707285, 12.9378344746802, 60.3507287901351, 60.8397995902267)",Värmland,Torsby,torsby,G22-09,0.223,0.68,0.25,9.2e-4,2.75,85.921875,NA,3.3,0.274902,2,3.5089e-4,0.352295,0.429688,3,3,3,123,86,19,6,18,6,2,225728,0.8769784668215671,257392.86486486485,2010,2011,0,0,1
1250,M-11-13/G29-10,M,S,Juvberget 2,Juvberget_1011,2010,2011,NA,NA,1,NA,"c(13.4133092707285, 12.9378344746802, 60.3507287901351, 60.8397995902267)",Värmland,Torsby,torsby,G29-10,0.192,1.19,0.24,6.1e-4,5.266,82.6354166666667,NA,3.6,0.311035,3,3.0095e-4,0.2648925,0.311035,3,3,3,123,86,19,6,18,6,2,225728,0.8769784668215671,257392.86486486485,2010,2012,0,0,1
1251,M-05-10,F,S,Juvberget 2,Juvberget_1011,2010,2011,NA,NA,1,NA,"c(13.4133092707285, 12.9378344746802, 60.3507287901351, 60.8397995902267)",Värmland,Torsby,torsby,M-05-10,0.192,1.19,0.24,6.1e-4,5.266,82.6354166666667,NA,3.6,0.21875,3,3.0095e-4,0.2648925,0.311035,3,3,3,123,86,19,6,18,6,2,225728,0.8769784668215671,257392.86486486485,2010,2012,0,0,1
1306,G10-10,M,S,Trång 1,Trång_1011,2010,2011,NA,NA,0,NA,"c(13.4133092707285, 12.9378344746802, 60.3507287901351, 60.8397995902267)",Värmland,Torsby,torsby,G10-10,0.216,0.9,0.27,9.2e-4,4.533,84.84375,NA,3.9,0.279175,3,1.921e-4,0.274353,0.279175,3,3,3,123,86,19,6,18,6,2,225728,0.8769784668215671,257392.86486486485,2009,2013,1,1,2
1307,G11-10,F,S,Trång 1,Trång_1011,2010,2011,NA,NA,0,NA,"c(13.4133092707285, 12.9378344746802, 60.3507287901351, 60.8397995902267)",Värmland,Torsby,torsby,G11-10,0.216,0.9,0.27,9.2e-4,4.533,84.84375,NA,3.9,0.269531,3,1.921e-4,0.274353,0.279175,3,3,3,123,86,19,6,18,6,2,225728,0.8769784668215671,257392.86486486485,2009,2013,1,1,2
1344,G13-10,M,S,Gräsmark 3,Gräsmark_0910,2009,2010,NA,NA,0,NA,list(),Värmland,Torsby,torsby,G13-10,0.379,1.42,0.3,5.6e-4,10.372,77.0173611111111,NA,3.5,0.274902,4,7.66e-5,0.2858885,0.296875,0,0,0,104,87,41,6,16,9,0,226391,0.8745185900531144,258875,2009,2010,0,0,1
1345,M-06-10,F,S,Gräsmark 3,Gräsmark_0910,2009,2010,NA,NA,1,NA,list(),Värmland,Torsby,torsby,M-06-10,0.379,1.42,0.3,5.6e-4,10.372,77.0173611111111,NA,3.5,0.296875,4,7.66e-5,0.2858885,0.296875,0,0,0,104,87,41,6,16,9,0,226391,0.8745185900531144,258875,2009,2010,0,0,1
1348,D-10-29,M,S,Halgån 3,Halgån_0910,2009,2010,legal,NA,0,NA,list(),Värmland,Torsby,torsby,D-10-29,0.224,0.74,0.24,0,2.75,79.6050893550893,NA,3.2,0.227051,5,1.8979e-4,0.248291,0.269531,0,0,0,104,87,41,6,16,9,0,226391,0.8745185900531144,258875,2008,2009,1,1,2
1349,M-02-06,F,S,Halgån 3,Halgån_0910,2009,2010,legal,NA,1,NA,list(),Värmland,Torsby,torsby,M-02-06,0.224,0.74,0.24,0,2.75,79.6050893550893,NA,3.2,0.269531,5,1.8979e-4,0.248291,0.269531,0,0,0,104,87,41,6,16,9,0,226391,0.8745185900531144,258875,2008,2009,1,1,2
1360,M-06-06,M,S,Juvberget 1,Juvberget_0910,2009,2010,illegal,NA,1,NA,list(),Värmland,Torsby,torsby,M-06-06,0.192,1.24,0.27,6.1e-4,5.266,81.8510416666667,NA,3.4,0.28125,3,1.0741e-4,0.25,0.28125,0,0,0,104,87,41,6,16,9,0,226391,0.8745185900531144,258875,2003,2009,6,6,7
1361,M-05-10,F,S,Juvberget 1,Juvberget_0910,2009,2010,NA,NA,1,NA,list(),Värmland,Torsby,torsby,M-05-10,0.192,1.24,0.27,6.1e-4,5.266,81.8510416666667,NA,3.4,0.21875,3,1.0741e-4,0.25,0.28125,0,0,0,104,87,41,6,16,9,0,226391,0.8745185900531144,258875,2003,2009,6,6,7
1382,M-00-07,M,S,Nyskoga 5,Nyskoga_0910,2009,2010,other,NA,1,Old age,list(),Värmland,Torsby,torsby,M-00-07,0.215,0.95,0.28,9.2e-4,5.461,78.8154121863799,NA,3.6,0.125,5,1.1337e-4,0.1796875,0.234375,0,0,0,104,87,41,6,16,9,0,226391,0.8745185900531144,258875,1999,2009,10,10,11
1383,M-00-08,F,S,Nyskoga 5,Nyskoga_0910,2009,2010,other,NA,1,Old age,list(),Värmland,Torsby,torsby,M-00-08,0.215,0.95,0.28,9.2e-4,5.461,78.8154121863799,NA,3.6,0.234375,5,1.1337e-4,0.1796875,0.234375,0,0,0,104,87,41,6,16,9,0,226391,0.8745185900531144,258875,1999,2009,10,10,11
1412,G10-10,M,S,Trång 1,Trång_0910,2009,2010,NA,NA,0,NA,list(),Värmland,Torsby,torsby,G10-10,0.243,0.97,0.26,5.6e-4,3,79.3552920509442,NA,3.6,0.279175,6,1.3459e-4,0.274353,0.279175,0,0,0,104,87,41,6,16,9,0,226391,0.8745185900531144,258875,2009,2013,0,0,1
1413,G11-10,F,S,Trång 1,Trång_0910,2009,2010,NA,NA,0,NA,list(),Värmland,Torsby,torsby,G11-10,0.243,0.97,0.26,5.6e-4,3,79.3552920509442,NA,3.6,0.269531,6,1.3459e-4,0.274353,0.279175,0,0,0,104,87,41,6,16,9,0,226391,0.8745185900531144,258875,2009,2013,0,0,1
1442,G14-06,M,S,Gräsmark 2,Gräsmark_0809,2008,2009,illegal,NA,0,NA,list(),Värmland,Torsby,sunne,G14-06,0.413,1.28,0.29,0.00197,11.489,78.7857142857143,NA,3.2,0.433594,2,1.0316e-4,0.3652345,0.433594,0,0,0,63,59,10,7,16,16,0,220436,0.8669844770904678,254255.993993994,2008,2008,0,0,1
1443,M-06-10,F,S,Gräsmark 2,Gräsmark_0809,2008,2009,NA,NA,1,NA,list(),Värmland,Torsby,sunne,M-06-10,0.413,1.28,0.29,0.00197,11.489,78.7857142857143,NA,3.2,0.296875,2,1.0316e-4,0.3652345,0.433594,0,0,0,63,59,10,7,16,16,0,220436,0.8669844770904678,254255.993993994,2008,2008,0,0,1
1446,D-10-29,M,S,Halgån 3,Halgån_0809,2008,2009,NA,NA,0,NA,list(),Värmland,Torsby,torsby,D-10-29,0.239,0.77,0.24,0,4.167,82.8333333333333,NA,3,0.227051,4,2.7922e-4,0.248291,0.269531,0,0,0,63,59,10,7,16,16,0,220436,0.8669844770904678,254255.993993994,2008,2009,0,0,1
1447,M-02-06,F,S,Halgån 3,Halgån_0809,2008,2009,NA,NA,1,NA,list(),Värmland,Torsby,torsby,M-02-06,0.239,0.77,0.24,0,4.167,82.8333333333333,NA,3,0.269531,4,2.7922e-4,0.248291,0.269531,0,0,0,63,59,10,7,16,16,0,220436,0.8669844770904678,254255.993993994,2008,2009,0,0,1
1472,M-00-07,M,S,Nyskoga 5,Nyskoga_0809,2008,2009,NA,NA,1,NA,list(),Värmland,Torsby,torsby,M-00-07,0.226,0.95,0.25,8.2e-4,3,83.5353535353535,NA,3.2,0.125,4,2.1708e-4,0.1796875,0.234375,0,0,0,63,59,10,7,16,16,0,220436,0.8669844770904678,254255.993993994,1999,2009,9,9,10
1473,M-00-08,F,S,Nyskoga 5,Nyskoga_0809,2008,2009,NA,NA,1,NA,list(),Värmland,Torsby,torsby,M-00-08,0.226,0.95,0.25,8.2e-4,3,83.5353535353535,NA,3.2,0.234375,4,2.1708e-4,0.1796875,0.234375,0,0,0,63,59,10,7,16,16,0,220436,0.8669844770904678,254255.993993994,1999,2009,9,9,10
1518,M-06-10,F,S,Gräsmark 1,Gräsmark_0708,2007,2008,NA,NA,1,NA,"c(12.6025196322727, 12.647860545294, 13.2676079139884, 13.4040066933217, 60.3921069658926, 60.5383942109629, 60.5740053608906, 60.2951414319818)",Värmland,Torsby,torsby,M-06-10,0.399,1.55,0.33,0,10.438,72.9040404040404,NA,3.3,0.296875,1,3.76e-5,0.2421875,0.296875,0,0,0,53,52,8,3,16,16,4,220442,0.8772371150844654,251291.23723723725,2004,2007,3,3,4
1519,M-06-11,M,S,Gräsmark 1,Gräsmark_0708,2007,2008,illegal,NA,1,NA,"c(12.6025196322727, 12.647860545294, 13.2676079139884, 13.4040066933217, 60.3921069658926, 60.5383942109629, 60.5740053608906, 60.2951414319818)",Värmland,Torsby,torsby,M-06-11,0.399,1.55,0.33,0,10.438,72.9040404040404,NA,3.3,0.1875,1,3.76e-5,0.2421875,0.296875,0,0,0,53,52,8,3,16,16,4,220442,0.8772371150844654,251291.23723723725,2004,2007,3,3,4
1532,M-06-06,M,S,Juvberget 1,Juvberget_0708,2007,2008,NA,NA,1,NA,"c(12.6025196322727, 12.647860545294, 13.2676079139884, 13.4040066933217, 60.3921069658926, 60.5383942109629, 60.5740053608906, 60.2951414319818)",Värmland,Torsby,torsby,M-06-06,0.18,1.15,0.21,6.1e-4,6.765,81.8181818181818,NA,3.3,0.28125,1,3.2954e-4,0.25,0.28125,0,0,0,53,52,8,3,16,16,4,220442,0.8772371150844654,251291.23723723725,2003,2009,4,4,5
1533,M-05-10,F,S,Juvberget 1,Juvberget_0708,2007,2008,NA,NA,1,NA,"c(12.6025196322727, 12.647860545294, 13.2676079139884, 13.4040066933217, 60.3921069658926, 60.5383942109629, 60.5740053608906, 60.2951414319818)",Värmland,Torsby,torsby,M-05-10,0.18,1.15,0.21,6.1e-4,6.765,81.8181818181818,NA,3.3,0.21875,1,3.2954e-4,0.25,0.28125,0,0,0,53,52,8,3,16,16,4,220442,0.8772371150844654,251291.23723723725,2003,2009,4,4,5
1552,M-00-07,M,S,Nyskoga 5,Nyskoga_0708,2007,2008,NA,NA,1,NA,"c(12.6025196322727, 12.647860545294, 13.2676079139884, 13.4040066933217, 60.3921069658926, 60.5383942109629, 60.5740053608906, 60.2951414319818)",Värmland,Torsby,torsby,M-00-07,0.226,0.94,0.26,0,3.1,76.3958333333333,NA,3.6,0.125,1,1.5502e-4,0.1796875,0.234375,0,0,0,53,52,8,3,16,16,4,220442,0.8772371150844654,251291.23723723725,1999,2009,8,8,9
1553,M-00-08,F,S,Nyskoga 5,Nyskoga_0708,2007,2008,NA,NA,1,NA,"c(12.6025196322727, 12.647860545294, 13.2676079139884, 13.4040066933217, 60.3921069658926, 60.5383942109629, 60.5740053608906, 60.2951414319818)",Värmland,Torsby,torsby,M-00-08,0.226,0.94,0.26,0,3.1,76.3958333333333,NA,3.6,0.234375,1,1.5502e-4,0.1796875,0.234375,0,0,0,53,52,8,3,16,16,4,220442,0.8772371150844654,251291.23723723725,1999,2009,8,8,9
1589,M-06-10,F,S,Gräsmark 1,Gräsmark_0607,2006,2007,NA,NA,1,NA,list(),Värmland,Torsby,torsby,M-06-10,0.399,1.63,0.35,0,10.431,84.8385416666667,NA,3.4,0.296875,0,5.84e-5,0.2421875,0.296875,0,0,0,45,45,8,2,12,12,0,219414,0.8900410847346416,246521.2042042042,2004,2007,2,2,3
1590,M-06-11,M,S,Gräsmark 1,Gräsmark_0607,2006,2007,NA,NA,1,NA,list(),Värmland,Torsby,torsby,M-06-11,0.399,1.63,0.35,0,10.431,84.8385416666667,NA,3.4,0.1875,0,5.84e-5,0.2421875,0.296875,0,0,0,45,45,8,2,12,12,0,219414,0.8900410847346416,246521.2042042042,2004,2007,2,2,3
1601,M-06-06,M,S,Juvberget 1,Juvberget_0607,2006,2007,NA,NA,1,NA,list(),Värmland,Torsby,torsby,M-06-06,0.181,1.15,0.21,6.1e-4,6.755,86.9949494949495,NA,3.4,0.28125,2,2.2375e-4,0.25,0.28125,0,0,0,45,45,8,2,12,12,0,219414,0.8900410847346416,246521.2042042042,2003,2009,3,3,4
1602,M-05-10,F,S,Juvberget 1,Juvberget_0607,2006,2007,NA,NA,1,NA,list(),Värmland,Torsby,torsby,M-05-10,0.181,1.15,0.21,6.1e-4,6.755,86.9949494949495,NA,3.4,0.21875,2,2.2375e-4,0.25,0.28125,0,0,0,45,45,8,2,12,12,0,219414,0.8900410847346416,246521.2042042042,2003,2009,3,3,4
1618,M-00-07,M,S,Nyskoga 5,Nyskoga_0607,2006,2007,NA,NA,1,NA,list(),Värmland,Torsby,torsby,M-00-07,0.237,0.97,0.25,0,3.1,85.1960784313725,NA,3.9,0.125,1,1.5211e-4,0.1796875,0.234375,0,0,0,45,45,8,2,12,12,0,219414,0.8900410847346416,246521.2042042042,1999,2009,7,7,8
1619,M-00-08,F,S,Nyskoga 5,Nyskoga_0607,2006,2007,NA,NA,1,NA,list(),Värmland,Torsby,torsby,M-00-08,0.237,0.97,0.25,0,3.1,85.1960784313725,NA,3.9,0.234375,1,1.5211e-4,0.1796875,0.234375,0,0,0,45,45,8,2,12,12,0,219414,0.8900410847346416,246521.2042042042,1999,2009,7,7,8
1659,M-06-06,M,S,Juvberget 1,Juvberget_0506,2005,2006,NA,NA,1,NA,"c(12.5871760285284, 13.0531217032955, 12.5581220576871, 12.5894746787056, 12.6990387092195, 60.5949419531492, 60.2525251371136, 60.2066183003918, 60.1660634838412, 60.8582611598055)",Värmland,Torsby,torsby,M-06-06,0.18,1.16,0.2,6.1e-4,6.751,83.5,NA,3.4,0.28125,2,2.2488e-4,0.25,0.28125,0,0,0,37,37,20,8,12,12,5,216926,0.891454203192648,243339.47747747749,2003,2009,2,2,3
1660,M-05-10,F,S,Juvberget 1,Juvberget_0506,2005,2006,NA,NA,1,NA,"c(12.5871760285284, 13.0531217032955, 12.5581220576871, 12.5894746787056, 12.6990387092195, 60.5949419531492, 60.2525251371136, 60.2066183003918, 60.1660634838412, 60.8582611598055)",Värmland,Torsby,torsby,M-05-10,0.18,1.16,0.2,6.1e-4,6.751,83.5,NA,3.4,0.21875,2,2.2488e-4,0.25,0.28125,0,0,0,37,37,20,8,12,12,5,216926,0.891454203192648,243339.47747747749,2003,2009,2,2,3
1669,D-06-14,F,S,Likenäs,Likenäs_0506,2005,2006,other,NA,0,"traffic, car killed","c(12.5871760285284, 13.0531217032955, 12.5581220576871, 12.5894746787056, 12.6990387092195, 60.5949419531492, 60.2525251371136, 60.2066183003918, 60.1660634838412, 60.8582611598055)",Värmland,Torsby,torsby,D-06-14,0.226,0.75,0.23,0,2.85,81.6979166666667,NA,3.7,0.260742,3,1.2884e-4,0.281494,0.302246,0,0,0,37,37,20,8,12,12,5,216926,0.891454203192648,243339.47747747749,2005,2005,0,0,1
1670,G2-06,M,S,Likenäs,Likenäs_0506,2005,2006,censored,NA,0,NA,"c(12.5871760285284, 13.0531217032955, 12.5581220576871, 12.5894746787056, 12.6990387092195, 60.5949419531492, 60.2525251371136, 60.2066183003918, 60.1660634838412, 60.8582611598055)",Värmland,Torsby,torsby,G2-06,0.226,0.75,0.23,0,2.85,81.6979166666667,NA,3.7,0.302246,3,1.2884e-4,0.281494,0.302246,0,0,0,37,37,20,8,12,12,5,216926,0.891454203192648,243339.47747747749,2005,2005,0,0,1
1677,M-00-07,M,S,Nyskoga 5,Nyskoga_0506,2005,2006,NA,NA,1,NA,"c(12.5871760285284, 13.0531217032955, 12.5581220576871, 12.5894746787056, 12.6990387092195, 60.5949419531492, 60.2525251371136, 60.2066183003918, 60.1660634838412, 60.8582611598055)",Värmland,Torsby,torsby,M-00-07,0.237,1,0.26,0,3.1,82.6666666666667,NA,4,0.125,3,1.3819e-4,0.1796875,0.234375,0,0,0,37,37,20,8,12,12,5,216926,0.891454203192648,243339.47747747749,1999,2009,6,6,7
1678,M-00-08,F,S,Nyskoga 5,Nyskoga_0506,2005,2006,NA,NA,1,NA,"c(12.5871760285284, 13.0531217032955, 12.5581220576871, 12.5894746787056, 12.6990387092195, 60.5949419531492, 60.2525251371136, 60.2066183003918, 60.1660634838412, 60.8582611598055)",Värmland,Torsby,torsby,M-00-08,0.237,1,0.26,0,3.1,82.6666666666667,NA,4,0.234375,3,1.3819e-4,0.1796875,0.234375,0,0,0,37,37,20,8,12,12,5,216926,0.891454203192648,243339.47747747749,1999,2009,6,6,7
1707,M-06-10,F,S,Gräsmark 1,Gräsmark_0405,2004,2005,NA,NA,1,NA,"c(13.0647605022266, 13.4623183890598, 13.47418728716, 13.1671732390267, 12.9242517937469, 12.6757934481994, 12.6484768655467, 60.4443448283954, 60.4058524797336, 60.3972616192173, 60.1550910151412, 60.0455479197881, 60.2609176613356, 60.9824740210585)",Värmland,Torsby,torsby,M-06-10,0.4,1.45,0.34,0,10.503,80.520202020202,NA,4.1,0.296875,0,0,0.2421875,0.296875,0,0,0,17,17,13,2,7,7,7,214266,0.8991545193156358,238297.1951951952,2004,2007,0,0,1
1708,M-06-11,M,S,Gräsmark 1,Gräsmark_0405,2004,2005,NA,NA,1,NA,"c(13.0647605022266, 13.4623183890598, 13.47418728716, 13.1671732390267, 12.9242517937469, 12.6757934481994, 12.6484768655467, 60.4443448283954, 60.4058524797336, 60.3972616192173, 60.1550910151412, 60.0455479197881, 60.2609176613356, 60.9824740210585)",Värmland,Torsby,torsby,M-06-11,0.4,1.45,0.34,0,10.503,80.520202020202,NA,4.1,0.1875,0,0,0.2421875,0.296875,0,0,0,17,17,13,2,7,7,7,214266,0.8991545193156358,238297.1951951952,2004,2007,0,0,1
1719,M-03-05,F,N,Julussa 3,Juvberget_0405,2004,2005,NA,NA,1,NA,"c(13.0647605022266, 13.4623183890598, 13.47418728716, 13.1671732390267, 12.9242517937469, 12.6757934481994, 12.6484768655467, 60.4443448283954, 60.4058524797336, 60.3972616192173, 60.1550910151412, 60.0455479197881, 60.2609176613356, 60.9824740210585)",Värmland,Torsby,torsby,M-03-05,0.183,1.14,0.21,6.1e-4,6.772,81.9705882352941,NA,3.8,0.269531,2,6.16e-5,0.269531,0.269531,0,0,0,17,17,13,2,7,7,7,214266,0.8991545193156358,238297.1951951952,2004,2005,0,0,1
1720,G7-03,F,S,Kilsbergen,Juvberget_0405,2004,2005,NA,NA,0,NA,"c(13.0647605022266, 13.4623183890598, 13.47418728716, 13.1671732390267, 12.9242517937469, 12.6757934481994, 12.6484768655467, 60.4443448283954, 60.4058524797336, 60.3972616192173, 60.1550910151412, 60.0455479197881, 60.2609176613356, 60.9824740210585)",Värmland,Torsby,torsby,G7-03,0.183,1.14,0.21,6.1e-4,6.772,81.9705882352941,NA,3.8,0.1875,2,6.16e-5,0.2285155,0.269531,0,0,0,17,17,13,2,7,7,7,214266,0.8991545193156358,238297.1951951952,2002,2007,2,2,3
1732,M-00-07,M,S,Nyskoga 5,Nyskoga_0405,2004,2005,NA,NA,1,NA,"c(13.0647605022266, 13.4623183890598, 13.47418728716, 13.1671732390267, 12.9242517937469, 12.6757934481994, 12.6484768655467, 60.4443448283954, 60.4058524797336, 60.3972616192173, 60.1550910151412, 60.0455479197881, 60.2609176613356, 60.9824740210585)",Värmland,Torsby,torsby,M-00-07,0.217,0.9,0.27,9.2e-4,5.687,80.984375,NA,4.6,0.125,1,5.75e-5,0.1796875,0.234375,0,0,0,17,17,13,2,7,7,7,214266,0.8991545193156358,238297.1951951952,1999,2009,5,5,6
1733,M-00-08,F,S,Nyskoga 5,Nyskoga_0405,2004,2005,NA,NA,1,NA,"c(13.0647605022266, 13.4623183890598, 13.47418728716, 13.1671732390267, 12.9242517937469, 12.6757934481994, 12.6484768655467, 60.4443448283954, 60.4058524797336, 60.3972616192173, 60.1550910151412, 60.0455479197881, 60.2609176613356, 60.9824740210585)",Värmland,Torsby,torsby,M-00-08,0.217,0.9,0.27,9.2e-4,5.687,80.984375,NA,4.6,0.234375,1,5.75e-5,0.1796875,0.234375,0,0,0,17,17,13,2,7,7,7,214266,0.8991545193156358,238297.1951951952,1999,2009,5,5,6
1778,M-00-07,M,S,Nyskoga 5,Nyskoga_0304,2003,2004,NA,NA,1,NA,list(),Värmland,Torsby,torsby,M-00-07,0.24,1.09,0.24,1e-5,5.77,77.8242424242424,NA,5.1,0.125,1,2.77e-5,0.1796875,0.234375,0,0,0,4,4,3,2,0,0,0,209224,0.8966752550929398,233333.0810810811,1999,2009,4,4,5
1779,M-00-08,F,S,Nyskoga 5,Nyskoga_0304,2003,2004,NA,NA,1,NA,list(),Värmland,Torsby,torsby,M-00-08,0.24,1.09,0.24,1e-5,5.77,77.8242424242424,NA,5.1,0.234375,1,2.77e-5,0.1796875,0.234375,0,0,0,4,4,3,2,0,0,0,209224,0.8966752550929398,233333.0810810811,1999,2009,4,4,5
1787,M-00-09,M,S,Bograngen 1,Bograngen_0203,2002,2003,NA,NA,1,NA,list(),Värmland,Torsby,torsby,M-00-09,0.192,1.29,0.27,6.1e-4,5.537,95.90625,NA,4.4,0.125,1,2.2377e-4,0.25,0.375,0,0,0,1,1,1,1,0,0,0,204480,0.8911470343842979,229457.08408408408,1998,2002,4,4,5
1788,M-00-11,F,S,Bograngen 1,Bograngen_0203,2002,2003,natural,NA,1,Old age,list(),Värmland,Torsby,torsby,M-00-11,0.192,1.29,0.27,6.1e-4,5.537,95.90625,NA,4.4,0.375,1,2.2377e-4,0.25,0.375,0,0,0,1,1,1,1,0,0,0,204480,0.8911470343842979,229457.08408408408,1998,2002,4,4,5
1809,M-00-07,M,S,Nyskoga 5,Nyskoga_0203,2002,2003,NA,NA,1,NA,list(),Värmland,Torsby,torsby,M-00-07,0.316,1.13,0.28,9.8e-4,5.35,79.6666666666667,NA,5.2,0.125,0,1.3021e-4,0.1796875,0.234375,0,0,0,1,1,1,1,0,0,0,204480,0.8911470343842979,229457.08408408408,1999,2009,3,3,4
1810,M-00-08,F,S,Nyskoga 5,Nyskoga_0203,2002,2003,NA,NA,1,NA,list(),Värmland,Torsby,torsby,M-00-08,0.316,1.13,0.28,9.8e-4,5.35,79.6666666666667,NA,5.2,0.234375,0,1.3021e-4,0.1796875,0.234375,0,0,0,1,1,1,1,0,0,0,204480,0.8911470343842979,229457.08408408408,1999,2009,3,3,4
1821,M-00-09,M,S,Bograngen 1,Bograngen_0102,2001,2002,NA,NA,1,NA,list(),Värmland,Torsby,torsby,M-00-09,0.191,1.18,0.23,6.1e-4,7.88,81.546875,NA,4.5,0.125,1,1.4114e-4,0.25,0.375,0,0,0,0,0,0,0,0,0,0,201219,0.8982746838504364,224006.0903614458,1998,2002,3,3,4
1822,M-00-11,F,S,Bograngen 1,Bograngen_0102,2001,2002,NA,NA,1,NA,list(),Värmland,Torsby,torsby,M-00-11,0.191,1.18,0.23,6.1e-4,7.88,81.546875,NA,4.5,0.375,1,1.4114e-4,0.25,0.375,0,0,0,0,0,0,0,0,0,0,201219,0.8982746838504364,224006.0903614458,1998,2002,3,3,4
1841,M-00-07,M,S,Nyskoga 5,Nyskoga_0102,2001,2002,NA,NA,1,NA,list(),Värmland,Torsby,torsby,M-00-07,0.231,1.1,0.25,0,5.849,78.4393939393939,NA,5.3,0.125,0,7.43e-5,0.1796875,0.234375,0,0,0,0,0,0,0,0,0,0,201219,0.8982746838504364,224006.0903614458,1999,2009,2,2,3
1842,M-00-08,F,S,Nyskoga 5,Nyskoga_0102,2001,2002,NA,NA,1,NA,list(),Värmland,Torsby,torsby,M-00-08,0.231,1.1,0.25,0,5.849,78.4393939393939,NA,5.3,0.234375,0,7.43e-5,0.1796875,0.234375,0,0,0,0,0,0,0,0,0,0,201219,0.8982746838504364,224006.0903614458,1999,2009,2,2,3
1853,M-00-09,M,S,Bograngen 1,Bograngen_0001,2000,2001,NA,NA,1,NA,list(),Värmland,Torsby,torsby,M-00-09,0.198,1.27,0.27,6.1e-4,5.619,75.0204274891775,NA,4.8,0.125,0,9.57e-5,0.25,0.375,0,0,0,0,0,0,0,0,0,0,201118,0.9124842815495621,220407.0843373494,1998,2002,2,2,3
1854,M-00-11,F,S,Bograngen 1,Bograngen_0001,2000,2001,NA,NA,1,NA,list(),Värmland,Torsby,torsby,M-00-11,0.198,1.27,0.27,6.1e-4,5.619,75.0204274891775,NA,4.8,0.375,0,9.57e-5,0.25,0.375,0,0,0,0,0,0,0,0,0,0,201118,0.9124842815495621,220407.0843373494,1998,2002,2,2,3
1873,M-00-07,M,S,Nyskoga 5,Nyskoga_0001,2000,2001,NA,NA,1,NA,list(),Värmland,Torsby,torsby,M-00-07,0.23,0.98,0.24,4.6e-4,4.901,82.3292748917749,NA,5.7,0.125,0,6.19e-5,0.1796875,0.234375,0,0,0,0,0,0,0,0,0,0,201118,0.9124842815495621,220407.0843373494,1999,2009,1,1,2
1874,M-00-08,F,S,Nyskoga 5,Nyskoga_0001,2000,2001,NA,NA,1,NA,list(),Värmland,Torsby,torsby,M-00-08,0.23,0.98,0.24,4.6e-4,4.901,82.3292748917749,NA,5.7,0.234375,0,6.19e-5,0.1796875,0.234375,0,0,0,0,0,0,0,0,0,0,201118,0.9124842815495621,220407.0843373494,1999,2009,1,1,2
1883,M-00-09,M,S,Bograngen 1,Bograngen_9900,1999,2000,NA,NA,1,NA,list(),Värmland,Torsby,torsby,M-00-09,0.2,1.32,0.27,6.1e-4,5.653,NA,NA,4.7,0.125,1,3.73e-5,0.25,0.375,NA,NA,NA,0,0,0,0,0,0,0,198738,0.9255514851057101,214723.8734939759,1998,2002,1,1,2
1884,M-00-11,F,S,Bograngen 1,Bograngen_9900,1999,2000,NA,NA,1,NA,list(),Värmland,Torsby,torsby,M-00-11,0.2,1.32,0.27,6.1e-4,5.653,NA,NA,4.7,0.375,1,3.73e-5,0.25,0.375,NA,NA,NA,0,0,0,0,0,0,0,198738,0.9255514851057101,214723.8734939759,1998,2002,1,1,2
1897,M-00-07,M,S,Nyskoga 5,Nyskoga_9900,1999,2000,NA,NA,1,NA,list(),Värmland,Torsby,torsby,M-00-07,0.21,1.09,0.27,8.2e-4,5.876,NA,NA,5.2,0.125,1,3.58e-5,0.1796875,0.234375,NA,NA,NA,0,0,0,0,0,0,0,198738,0.9255514851057101,214723.8734939759,1999,2009,0,0,1
1898,M-00-08,F,S,Nyskoga 5,Nyskoga_9900,1999,2000,NA,NA,1,NA,list(),Värmland,Torsby,torsby,M-00-08,0.21,1.09,0.27,8.2e-4,5.876,NA,NA,5.2,0.234375,1,3.58e-5,0.1796875,0.234375,NA,NA,NA,0,0,0,0,0,0,0,198738,0.9255514851057101,214723.8734939759,1999,2009,0,0,1
1903,M-00-09,M,S,Bograngen 1,Höljes-Bograngen_9899,1998,1999,NA,NA,1,NA,list(),Värmland,Torsby,torsby,M-00-09,0.212,1.19,0.29,0,5.704,NA,NA,4.9,0.125,0,6.09e-6,0.25,0.375,NA,NA,NA,0,0,0,0,0,0,0,191969,0.9272307067629904,207034.7741935484,1998,2002,0,0,1
1904,M-00-11,F,S,Bograngen 1,Höljes-Bograngen_9899,1998,1999,NA,NA,1,NA,list(),Värmland,Torsby,torsby,M-00-11,0.212,1.19,0.29,0,5.704,NA,NA,4.9,0.375,0,6.09e-6,0.25,0.375,NA,NA,NA,0,0,0,0,0,0,0,191969,0.9272307067629904,207034.7741935484,1998,2002,0,0,1
1238,D-11-19,M,S,Haverö 1,Haverö_1011,2010,2011,legal,NA,0,NA,list(),Västernorrland,Ånge,härjedalen,D-11-19,0.162,1.06,0.2,3.3e-4,2.6,92.8676470588235,NA,3.4,0.1875,2,0.00254738,0.3286135,0.469727,0,0,0,0,0,0,0,2,2,0,239380,0.9300180101172506,257392.86486486485,2009,2010,1,1,2
1239,G34-10,F,S,Haverö 1,Haverö_1011,2010,2011,NA,NA,0,NA,list(),Västernorrland,Ånge,härjedalen,G34-10,0.162,1.06,0.2,3.3e-4,2.6,92.8676470588235,NA,3.4,0.469727,2,0.00254738,0.3286135,0.469727,0,0,0,0,0,0,0,2,2,0,239380,0.9300180101172506,257392.86486486485,2009,2010,1,1,2
1550,G17-05,F,S,Naggen 2,Naggen_0708,2007,2008,illegal,NA,0,NA,"c(16.2224801537113, 62.2407277450486)",Västernorrland,Ånge,ljusdal,G17-05,0.154,0.96,0.16,0,11.68,86.2929292929293,NA,3.1,0.28125,0,6.2063e-4,0.3027345,0.324219,0,0,0,0,0,0,0,2,2,1,233620,0.9296782592520155,251291.23723723725,2006,2007,1,1,2
1551,G24-07,M,S,Naggen 2,Naggen_0708,2007,2008,illegal,NA,0,NA,"c(16.2224801537113, 62.2407277450486)",Västernorrland,Ånge,ljusdal,G24-07,0.154,0.96,0.16,0,11.68,86.2929292929293,NA,3.1,0.324219,0,6.2063e-4,0.3027345,0.324219,0,0,0,0,0,0,0,2,2,1,233620,0.9296782592520155,251291.23723723725,2006,2007,1,1,2
1616,G17-05,F,S,Naggen 2,Naggen_0607,2006,2007,NA,NA,0,NA,"c(15.9543685241789, 62.4853241800183)",Västernorrland,Ånge,ånge,G17-05,0.146,1.05,0.2,0.00154,7.3,84.0553926360378,NA,3.4,0.28125,0,6.8123e-4,0.3027345,0.324219,0,0,0,0,0,0,0,1,1,1,232894,0.9447219794005379,246521.2042042042,2006,2007,0,0,1
1617,G24-07,M,S,Naggen 2,Naggen_0607,2006,2007,NA,NA,0,NA,"c(15.9543685241789, 62.4853241800183)",Västernorrland,Ånge,ånge,G24-07,0.146,1.05,0.2,0.00154,7.3,84.0553926360378,NA,3.4,0.324219,0,6.8123e-4,0.3027345,0.324219,0,0,0,0,0,0,0,1,1,1,232894,0.9447219794005379,246521.2042042042,2006,2007,0,0,1
1675,D-05-23,M,S,Naggen 1,Naggen_0506,2005,2006,legal,NA,0,NA,list(),Västernorrland,Ånge,ånge,D-05-23,0.153,0.99,0.16,5e-4,7.275,NA,NA,3.9,0.234375,0,3.6524e-4,0.2578125,0.28125,0,0,0,0,0,0,0,0,0,0,231334,0.9506636670632752,243339.47747747749,2004,2005,1,1,2
1676,G17-05,F,S,Naggen 1,Naggen_0506,2005,2006,NA,NA,0,NA,list(),Västernorrland,Ånge,ånge,G17-05,0.153,0.99,0.16,5e-4,7.275,NA,NA,3.9,0.28125,0,3.6524e-4,0.2578125,0.28125,0,0,0,0,0,0,0,0,0,0,231334,0.9506636670632752,243339.47747747749,2004,2005,1,1,2
1730,D-05-23,M,S,Naggen 1,Naggen_0405,2004,2005,NA,NA,0,NA,list(),Västernorrland,Ånge,ljusdal,D-05-23,0.154,0.96,0.16,0,11.68,81.3767361111111,NA,3.7,0.234375,0,1.7191e-4,0.2578125,0.28125,0,0,0,0,0,0,0,0,0,0,226437,0.9502293965924348,238297.1951951952,2004,2005,0,0,1
1731,G17-05,F,S,Naggen 1,Naggen_0405,2004,2005,NA,NA,0,NA,list(),Västernorrland,Ånge,ljusdal,G17-05,0.154,0.96,0.16,0,11.68,81.3767361111111,NA,3.7,0.28125,0,1.7191e-4,0.2578125,0.28125,0,0,0,0,0,0,0,0,0,0,226437,0.9502293965924348,238297.1951951952,2004,2005,0,0,1
383,G147-15,F,S,Vidaln 1,Vidaln_1718,2017,2018,NA,NA,0,NA,"c(15.7349008937808, 59.4404396800716)",Västmanland,Arboga,arboga,G147-15,0.209,1.45,0.52,0.00857,43.633,55.2760416666667,1.9,2.2,0.319611,2,5.7e-7,0.30848699999999996,0.319611,0,0,0,0,0,0,0,1,1,1,274870,0.923502947007005,297638.46546546544,2017,2018,0,0,1
384,M-15-02/G83-14,M,S,Vidaln 1,Vidaln_1718,2017,2018,NA,NA,1,NA,"c(15.7349008937808, 59.4404396800716)",Västmanland,Arboga,arboga,G83-14,0.209,1.45,0.52,0.00857,43.633,55.2760416666667,1.9,2.2,0.297363,2,5.7e-7,0.30848699999999996,0.319611,0,0,0,0,0,0,0,1,1,1,274870,0.923502947007005,297638.46546546544,2017,2018,0,0,1
87,G165-17,M,S,Siggefora,Siggefora_1920,2019,2020,NA,NA,0,NA,list(),Västmanland,Heby,NA,G165-17,0.164,1.3,0.44,0.00573,43.925,67.6197916666667,2.4,2.5,0,0,9.7e-5,0.0670205,0.134041,0,0,0,14,3,0,0,5,0,0,277029,0.9116316161712158,303882.6156156156,2019,2019,0,0,1
88,G24-19,F,S,Siggefora,Siggefora_1920,2019,2020,NA,NA,0,NA,list(),Västmanland,Heby,NA,G24-19,0.164,1.3,0.44,0.00573,43.925,67.6197916666667,2.4,2.5,0.134041,0,9.7e-5,0.0670205,0.134041,0,0,0,14,3,0,0,5,0,0,277029,0.9116316161712158,303882.6156156156,2019,2019,0,0,1
247,G147-15,F,S,Vidaln 1,Vidaln_1819,2018,2019,NA,NA,0,NA,list(),Västmanland,Köping,köping,G147-15,0.213,1.38,0.5,0.00782,44.2,76.530303030303,1.4,2,0.319611,2,0,0.30848699999999996,0.319611,3,2,2,8,0,0,0,4,3,0,283695,0.9419229739080361,301187.04804804805,2017,2018,1,1,2
248,M-15-02/G83-14,M,S,Vidaln 1,Vidaln_1819,2018,2019,illegal,NA,1,NA,list(),Västmanland,Köping,köping,G83-14,0.213,1.38,0.5,0.00782,44.2,76.530303030303,1.4,2,0.297363,2,0,0.30848699999999996,0.319611,3,2,2,8,0,0,0,4,3,0,283695,0.9419229739080361,301187.04804804805,2017,2018,1,1,2
717,G88-13,F,S,Haersjö 1,Hedbyn_1415,2014,2015,illegal,NA,0,NA,list(),Västmanland,Köping,köping,G88-13,0.23,1.14,0.37,2.8e-4,26.875,63.5124810517517,2.1,2.5,0.152161,3,9e-8,0.152161,0.152161,1,1,0,8,8,0,0,1,1,0,263197,0.9520000466633671,276467.42342342343,2011,2014,3,3,4
718,G34-12,M,S,Hedbyn 4,Hedbyn_1415,2014,2015,other,NA,0,train,list(),Västmanland,Köping,köping,G34-12,0.23,1.14,0.37,2.8e-4,26.875,63.5124810517517,2.1,2.5,0.35199,3,9e-8,0.32467650000000003,0.35199,1,1,0,8,8,0,0,1,1,0,263197,0.9520000466633671,276467.42342342343,2014,2014,0,0,1
719,G39-13,F,S,Hedbyn 4,Hedbyn_1415,2014,2015,illegal,NA,0,NA,list(),Västmanland,Köping,köping,G39-13,0.23,1.14,0.37,2.8e-4,26.875,63.5124810517517,2.1,2.5,0.297363,3,9e-8,0.32467650000000003,0.35199,1,1,0,8,8,0,0,1,1,0,263197,0.9520000466633671,276467.42342342343,2014,2014,0,0,1
850,G34-12,M,S,Hedbyn 3,Hedbyn_1314,2013,2014,NA,NA,0,NA,list(),Västmanland,Köping,köping,G34-12,0.235,1.12,0.37,9.1e-4,26.7,76.8177083333333,2.6,2.7,0.35199,5,5.03e-5,0.325653,0.35199,1,1,1,8,8,0,0,1,1,0,256934,0.9451217550780219,271852.8048048048,2011,2013,2,2,3
851,M-10-06,F,S,Hedbyn 3,Hedbyn_1314,2013,2014,illegal,NA,1,NA,list(),Västmanland,Köping,köping,M-10-06,0.235,1.12,0.37,9.1e-4,26.7,76.8177083333333,2.6,2.7,0.299316,5,5.03e-5,0.325653,0.35199,1,1,1,8,8,0,0,1,1,0,256934,0.9451217550780219,271852.8048048048,2011,2013,2,2,3
1018,G59-11,F,S,Kölsta 1,Kölsta_1213,2012,2013,illegal,NA,0,NA,list(),Västmanland,Köping,köping,G59-11,0.217,1.35,0.48,0.00871,58.75,58.2676767676768,2.8,2.8,0.297363,2,1e-8,0.298014,0.299316,0,0,0,8,8,0,0,1,1,0,252537,0.9524669558274684,265139.9069069069,2011,2012,1,1,2
1019,G84-11,M,S,Kölsta 1/2,Kölsta_1213,2012,2013,NA,NA,0,NA,list(),Västmanland,Köping,köping,G84-11,0.217,1.35,0.48,0.00871,58.75,58.2676767676768,2.8,2.8,0.299316,2,1e-8,0.299316,0.299316,0,0,0,8,8,0,0,1,1,0,252537,0.9524669558274684,265139.9069069069,2012,2012,0,0,1
1123,G34-12,M,S,Hedbyn 3,Hedbyn_1112,2011,2012,NA,NA,0,NA,"c(16.0332216106159, 59.6341499384636)",Västmanland,Köping,köping,G34-12,0.236,1.14,0.37,0.0012,21.5,78.1505376344086,NA,2.8,0.35199,3,1.37e-5,0.325653,0.35199,0,0,0,8,8,8,1,1,1,1,246552,0.9549354526181687,258187.08408408408,2011,2013,0,0,1
1124,M-10-06,F,S,Hedbyn 3,Hedbyn_1112,2011,2012,NA,NA,1,NA,"c(16.0332216106159, 59.6341499384636)",Västmanland,Köping,köping,M-10-06,0.236,1.14,0.37,0.0012,21.5,78.1505376344086,NA,2.8,0.299316,3,1.37e-5,0.325653,0.35199,0,0,0,8,8,8,1,1,1,1,246552,0.9549354526181687,258187.08408408408,2011,2013,0,0,1
1143,G59-11,F,S,Kölsta 1,Kölsta_1112,2011,2012,NA,NA,0,NA,"c(16.0332216106159, 59.6341499384636)",Västmanland,Köping,köping,G59-11,0.203,1.42,0.48,0.00885,55.886,72.8333333333333,NA,2.1,0.297363,3,1.49e-6,0.298014,0.299316,0,0,0,8,8,8,1,1,1,1,246552,0.9549354526181687,258187.08408408408,2011,2012,0,0,1
1144,G84-11,M,S,Kölsta 1,Kölsta_1112,2011,2012,NA,NA,0,NA,"c(16.0332216106159, 59.6341499384636)",Västmanland,Köping,köping,G84-11,0.203,1.42,0.48,0.00885,55.886,72.8333333333333,NA,2.1,0.299316,3,1.49e-6,0.298014,0.299316,0,0,0,8,8,8,1,1,1,1,246552,0.9549354526181687,258187.08408408408,2011,2012,0,0,1
1240,G66-10,M,S,Hedbyn 2,Hedbyn_1011,2010,2011,illegal,NA,0,NA,list(),Västmanland,Köping,köping,G66-10,0.23,1.15,0.37,8.4e-4,26.25,77.7135416666667,NA,2.7,0.270508,2,9.9e-6,0.28491200000000005,0.299316,0,0,0,0,0,0,0,0,0,0,244406,0.9495445809203641,257392.86486486485,2010,2010,0,0,1
1241,M-10-06,F,S,Hedbyn 2,Hedbyn_1011,2010,2011,NA,NA,1,NA,list(),Västmanland,Köping,köping,M-10-06,0.23,1.15,0.37,8.4e-4,26.25,77.7135416666667,NA,2.7,0.299316,2,9.9e-6,0.28491200000000005,0.299316,0,0,0,0,0,0,0,0,0,0,244406,0.9495445809203641,257392.86486486485,2010,2010,0,0,1
1494,M-05-06,M,S,Uttersberg,Uttersberg_0809,2008,2009,censored,NA,1,NA,list(),Västmanland,Köping,köping,M-05-06,0.234,1.13,0.37,6.4e-4,26.25,52.09375,NA,2.2,0.296875,1,1.32e-6,0.283203,0.296875,0,0,0,0,0,0,0,0,0,0,249733,0.982210865816989,254255.993993994,2003,2008,5,5,6
1495,M-06-01,F,S,Uttersberg,Uttersberg_0809,2008,2009,illegal,NA,1,NA,list(),Västmanland,Köping,köping,M-06-01,0.234,1.13,0.37,6.4e-4,26.25,52.09375,NA,2.2,0.269531,1,1.32e-6,0.283203,0.296875,0,0,0,0,0,0,0,0,0,0,249733,0.982210865816989,254255.993993994,2003,2008,5,5,6
1572,M-05-06,M,S,Uttersberg,Uttersberg_0708,2007,2008,NA,NA,1,NA,list(),Västmanland,Köping,köping,M-05-06,0.235,1.12,0.37,2.9e-4,26.325,65.5572916666667,NA,2.3,0.296875,1,0,0.283203,0.296875,0,0,0,0,0,0,0,0,0,0,248442,0.9886616132398307,251291.23723723725,2003,2008,4,4,5
1573,M-06-01,F,S,Uttersberg,Uttersberg_0708,2007,2008,NA,NA,1,NA,list(),Västmanland,Köping,köping,M-06-01,0.235,1.12,0.37,2.9e-4,26.325,65.5572916666667,NA,2.3,0.269531,1,0,0.283203,0.296875,0,0,0,0,0,0,0,0,0,0,248442,0.9886616132398307,251291.23723723725,2003,2008,4,4,5
1634,M-05-06,M,S,Uttersberg,Uttersberg_0607,2006,2007,NA,NA,1,NA,list(),Västmanland,Köping,köping,M-05-06,0.235,1.13,0.38,8.4e-4,26.35,75.703125,NA,2.9,0.296875,0,5.13e-6,0.283203,0.296875,0,0,0,0,0,0,0,0,0,0,243414,0.9873957933386113,246521.2042042042,2003,2008,3,3,4
1635,M-06-01,F,S,Uttersberg,Uttersberg_0607,2006,2007,NA,NA,1,NA,list(),Västmanland,Köping,köping,M-06-01,0.235,1.13,0.38,8.4e-4,26.35,75.703125,NA,2.9,0.269531,0,5.13e-6,0.283203,0.296875,0,0,0,0,0,0,0,0,0,0,243414,0.9873957933386113,246521.2042042042,2003,2008,3,3,4
1689,M-05-06,M,S,Uttersberg,Uttersberg_0506,2005,2006,NA,NA,1,NA,list(),Västmanland,Köping,köping,M-05-06,0.237,1.13,0.38,0.00192,26.375,81.265625,NA,3.2,0.296875,0,0,0.283203,0.296875,0,0,0,0,0,0,0,0,0,0,242675,0.9972693395894261,243339.47747747749,2003,2008,2,2,3
1690,M-06-01,F,S,Uttersberg,Uttersberg_0506,2005,2006,NA,NA,1,NA,list(),Västmanland,Köping,köping,M-06-01,0.237,1.13,0.38,0.00192,26.375,81.265625,NA,3.2,0.269531,0,0,0.283203,0.296875,0,0,0,0,0,0,0,0,0,0,242675,0.9972693395894261,243339.47747747749,2003,2008,2,2,3
1742,M-05-06,M,S,Uttersberg,Uttersberg_0405,2004,2005,NA,NA,1,NA,list(),Västmanland,Köping,köping,M-05-06,0.238,1.13,0.37,0.00192,26.425,76.140625,NA,3.5,0.296875,0,0,0.283203,0.296875,0,0,0,0,0,0,0,0,0,0,239282,1.0041326747635368,238297.1951951952,2003,2008,1,1,2
1743,M-06-01,F,S,Uttersberg,Uttersberg_0405,2004,2005,NA,NA,1,NA,list(),Västmanland,Köping,köping,M-06-01,0.238,1.13,0.37,0.00192,26.425,76.140625,NA,3.5,0.269531,0,0,0.283203,0.296875,0,0,0,0,0,0,0,0,0,0,239282,1.0041326747635368,238297.1951951952,2003,2008,1,1,2
746,G1-15,F,S,Kärrgången,Kärrgången_1415,2014,2015,illegal,NA,0,NA,list(),Västmanland,Sala,sala,G1-15,0.189,1.23,0.41,0.0044,44.45,49.6989081996435,2.8,2.4,0.297363,2,2.38e-5,0.2220915,0.297363,0,0,0,28,27,0,0,4,3,0,260741,0.9431165407168509,276467.42342342343,2014,2014,0,0,1
747,G16-15,M,S,Kärrgången,Kärrgången_1415,2014,2015,other,NA,0,NA,list(),Västmanland,Sala,sala,G16-15,0.189,1.23,0.41,0.0044,44.45,49.6989081996435,2.8,2.4,0.14682,2,2.38e-5,0.2220915,0.297363,0,0,0,28,27,0,0,4,3,0,260741,0.9431165407168509,276467.42342342343,2014,2014,0,0,1
1169,G19-11,M,S,Skultuna,Skultuna_1112,2011,2012,illegal,NA,0,NA,"c(16.1842572792624, 16.2242626730959, 59.9469294449076, 59.9410463149016)",Västmanland,Sala,sala,G19-11,0.172,1.27,0.47,0.00694,59.675,76.1078431372549,NA,2.1,0.28125,2,1.6e-5,0.2541505,0.28125,0,0,0,28,27,26,2,3,3,2,244989,0.9488817028516197,258187.08408408408,2010,2011,1,1,2
1170,G42-11,F,S,Skultuna,Skultuna_1112,2011,2012,legal,NA,0,NA,"c(16.1842572792624, 16.2242626730959, 59.9469294449076, 59.9410463149016)",Västmanland,Sala,sala,G42-11,0.172,1.27,0.47,0.00694,59.675,76.1078431372549,NA,2.1,0.227051,2,1.6e-5,0.2541505,0.28125,0,0,0,28,27,26,2,3,3,2,244989,0.9488817028516197,258187.08408408408,2010,2011,1,1,2
1292,G19-11,M,S,Skultuna,Skultuna_1011,2010,2011,NA,NA,0,NA,list(),Västmanland,Sala,sala,G19-11,0.22,1.16,0.33,5.4e-4,42.65,78.2352941176471,NA,2.1,0.28125,1,3.2e-5,0.2541505,0.28125,0,0,0,2,1,1,1,1,1,0,246665,0.958321047980498,257392.86486486485,2010,2011,0,0,1
1293,G42-11,F,S,Skultuna,Skultuna_1011,2010,2011,NA,NA,0,NA,list(),Västmanland,Sala,sala,G42-11,0.22,1.16,0.33,5.4e-4,42.65,78.2352941176471,NA,2.1,0.227051,1,3.2e-5,0.2541505,0.28125,0,0,0,2,1,1,1,1,1,0,246665,0.958321047980498,257392.86486486485,2010,2011,0,0,1
45,G64-17,F,S,Kesberget,Kesberget_1920,2019,2020,NA,NA,0,NA,list(),Västmanland,Skinnskatteberg,NA,G64-17,0.275,1.23,0.34,0.0063,22.2,73.9545454545455,2.3,2,0.222382,5,6.19e-5,0.22813250000000002,0.233883,1,1,0,57,4,4,1,4,1,0,269451,0.8866943554968983,303882.6156156156,2016,2019,3,3,4
46,G89-16,M,S,Kesberget,Kesberget_1920,2019,2020,NA,NA,0,NA,list(),Västmanland,Skinnskatteberg,NA,G89-16,0.275,1.23,0.34,0.0063,22.2,73.9545454545455,2.3,2,0.233883,5,6.19e-5,0.22813250000000002,0.233883,1,1,0,57,4,4,1,4,1,0,269451,0.8866943554968983,303882.6156156156,2016,2019,3,3,4
117,G319-17,M,S,Venabäcken,Venabäcken_1920,2019,2020,illegal,NA,0,NA,list(),Västmanland,Skinnskatteberg,NA,G319-17,0.222,1.28,0.42,0.00449,67.32,60.3888888888889,2,2,0.222382,4,1.1e-5,0.2289605,0.235539,1,1,0,57,4,4,1,4,1,0,269451,0.8866943554968983,303882.6156156156,2018,2019,1,1,2
118,G55-17,F,S,Venabäcken,Venabäcken_1920,2019,2020,NA,NA,0,NA,list(),Västmanland,Skinnskatteberg,NA,G55-17,0.222,1.28,0.42,0.00449,67.32,60.3888888888889,2,2,0.235539,4,1.1e-5,0.2289605,0.235539,1,1,0,57,4,4,1,4,1,0,269451,0.8866943554968983,303882.6156156156,2018,2019,1,1,2
177,G64-17,F,S,Kesberget,Kesberget_1819,2018,2019,NA,NA,0,NA,list(),Västmanland,Skinnskatteberg,skinnskatteberg,G64-17,0.263,1.2,0.34,0.00618,24.929,82.4270833333333,1.7,1.9,0.222382,3,1.73e-5,0.22813250000000002,0.233883,1,1,1,53,8,0,0,4,2,0,270609,0.8984748904502362,301187.04804804805,2016,2019,2,2,3
178,G89-16,M,S,Kesberget,Kesberget_1819,2018,2019,NA,NA,0,NA,list(),Västmanland,Skinnskatteberg,skinnskatteberg,G89-16,0.263,1.2,0.34,0.00618,24.929,82.4270833333333,1.7,1.9,0.233883,3,1.73e-5,0.22813250000000002,0.233883,1,1,1,53,8,0,0,4,2,0,270609,0.8984748904502362,301187.04804804805,2016,2019,2,2,3
315,G64-17,F,S,Kesberget,Kesberget_1718,2017,2018,NA,NA,0,NA,list(),Västmanland,Skinnskatteberg,skinnskatteberg,G64-17,0.246,1.16,0.31,0.0028,29.68,64.9197860962567,1.8,2.1,0.222382,4,3.46e-5,0.22813250000000002,0.233883,0,0,0,53,8,0,0,4,3,0,265367,0.8915749501160836,297638.46546546544,2016,2019,1,1,2
316,G89-16,M,S,Kesberget,Kesberget_1718,2017,2018,NA,NA,0,NA,list(),Västmanland,Skinnskatteberg,skinnskatteberg,G89-16,0.246,1.16,0.31,0.0028,29.68,64.9197860962567,1.8,2.1,0.233883,4,3.46e-5,0.22813250000000002,0.233883,0,0,0,53,8,0,0,4,3,0,265367,0.8915749501160836,297638.46546546544,2016,2019,1,1,2
325,G12-12,F,S,Kölsta 2,Kölsta_1718,2017,2018,legal,NA,0,NA,list(),Västmanland,Skinnskatteberg,skinnskatteberg,G12-12,0.223,1.26,0.42,0.00408,66.02,59.9220430107527,1.5,2.1,0.297363,4,1.27e-5,0.2983395,0.299316,0,0,0,53,8,0,0,4,3,0,265367,0.8915749501160836,297638.46546546544,2013,2017,4,4,5
326,G84-11,M,S,Kölsta 2,Kölsta_1718,2017,2018,legal,NA,0,NA,list(),Västmanland,Skinnskatteberg,skinnskatteberg,G84-11,0.223,1.26,0.42,0.00408,66.02,59.9220430107527,1.5,2.1,0.299316,4,1.27e-5,0.2983395,0.299316,0,0,0,53,8,0,0,4,3,0,265367,0.8915749501160836,297638.46546546544,2013,2017,4,4,5
458,G64-17,F,S,Kesberget,Kesberget_1617,2016,2017,NA,NA,0,NA,list(),Västmanland,Skinnskatteberg,skinnskatteberg,G64-17,0.251,1.15,0.28,0.00227,29.2,65.1,2,2.3,0.222382,5,2.58e-6,0.22813250000000002,0.233883,0,0,0,53,8,0,0,4,3,0,262083,0.8941735022613849,293100.83483483485,2016,2019,0,0,1
459,G89-16,M,S,Kesberget,Kesberget_1617,2016,2017,NA,NA,0,NA,list(),Västmanland,Skinnskatteberg,skinnskatteberg,G89-16,0.251,1.15,0.28,0.00227,29.2,65.1,2,2.3,0.233883,5,2.58e-6,0.22813250000000002,0.233883,0,0,0,53,8,0,0,4,3,0,262083,0.8941735022613849,293100.83483483485,2016,2019,0,0,1
474,G12-12,F,S,Kölsta 2,Kölsta_1617,2016,2017,NA,NA,0,NA,list(),Västmanland,Skinnskatteberg,köping,G12-12,0.221,1.31,0.45,0.00641,65.2,59.1090909090909,1.9,2.3,0.297363,3,2e-8,0.2983395,0.299316,0,0,0,53,8,0,0,4,3,0,262083,0.8941735022613849,293100.83483483485,2013,2017,3,3,4
475,G84-11,M,S,Kölsta 2,Kölsta_1617,2016,2017,NA,NA,0,NA,list(),Västmanland,Skinnskatteberg,köping,G84-11,0.221,1.31,0.45,0.00641,65.2,59.1090909090909,1.9,2.3,0.299316,3,2e-8,0.2983395,0.299316,0,0,0,53,8,0,0,4,3,0,262083,0.8941735022613849,293100.83483483485,2013,2017,3,3,4
565,G133-13,M,S,Färna 2,Färna_1516,2015,2016,NA,NA,0,NA,"c(15.927816981569, 59.7889379134054)",Västmanland,Skinnskatteberg,skinnskatteberg,G133-13,0.229,1.13,0.29,0.00228,44.543,61.0858585858586,2.3,2.4,0.152161,2,1.23e-5,0.2096255,0.26709,0,0,0,53,8,0,0,4,3,1,252985,0.8835266361492505,286335.45345345343,2014,2016,1,1,2
566,M-10-08,F,S,Färna 2,Färna_1516,2015,2016,NA,NA,1,NA,"c(15.927816981569, 59.7889379134054)",Västmanland,Skinnskatteberg,skinnskatteberg,M-10-08,0.229,1.13,0.29,0.00228,44.543,61.0858585858586,2.3,2.4,0.26709,2,1.23e-5,0.2096255,0.26709,0,0,0,53,8,0,0,4,3,1,252985,0.8835266361492505,286335.45345345343,2014,2016,1,1,2
609,G12-12,F,S,Kölsta 2,Kölsta_1516,2015,2016,NA,NA,0,NA,"c(15.927816981569, 59.7889379134054)",Västmanland,Skinnskatteberg,köping,G12-12,0.22,1.31,0.44,0.00546,64.38,59.1261261261261,2,2.4,0.297363,2,3.8e-7,0.2983395,0.299316,0,0,0,53,8,0,0,4,3,1,252985,0.8835266361492505,286335.45345345343,2013,2017,2,2,3
610,G84-11,M,S,Kölsta 2,Kölsta_1516,2015,2016,NA,NA,0,NA,"c(15.927816981569, 59.7889379134054)",Västmanland,Skinnskatteberg,köping,G84-11,0.22,1.31,0.44,0.00546,64.38,59.1261261261261,2,2.4,0.299316,2,3.8e-7,0.2983395,0.299316,0,0,0,53,8,0,0,4,3,1,252985,0.8835266361492505,286335.45345345343,2013,2017,2,2,3
699,G133-13,M,S,Färna 2,Färna_1415,2014,2015,NA,NA,0,NA,"c(15.8627841216072, 59.7579431493351)",Västmanland,Skinnskatteberg,skinnskatteberg,G133-13,0.245,1.15,0.31,0.00267,29.02,63.7680973824937,2.2,2.4,0.152161,4,1.54e-5,0.2096255,0.26709,0,0,0,53,25,8,2,3,2,1,250351,0.9055352594528837,276467.42342342343,2014,2016,0,0,1
700,M-10-08,F,S,Färna 2,Färna_1415,2014,2015,NA,NA,1,NA,"c(15.8627841216072, 59.7579431493351)",Västmanland,Skinnskatteberg,skinnskatteberg,M-10-08,0.245,1.15,0.31,0.00267,29.02,63.7680973824937,2.2,2.4,0.26709,4,1.54e-5,0.2096255,0.26709,0,0,0,53,25,8,2,3,2,1,250351,0.9055352594528837,276467.42342342343,2014,2016,0,0,1
748,G12-12,F,S,Kölsta 2,Kölsta_1415,2014,2015,NA,NA,0,NA,"c(15.8627841216072, 59.7579431493351)",Västmanland,Skinnskatteberg,köping,G12-12,0.226,1.22,0.41,0.00251,38.05,53.8709490740741,2,2.4,0.297363,4,3.9e-7,0.2983395,0.299316,0,0,0,53,25,8,2,3,2,1,250351,0.9055352594528837,276467.42342342343,2013,2017,1,1,2
749,G84-11,M,S,Kölsta 2,Kölsta_1415,2014,2015,NA,NA,0,NA,"c(15.8627841216072, 59.7579431493351)",Västmanland,Skinnskatteberg,köping,G84-11,0.226,1.22,0.41,0.00251,38.05,53.8709490740741,2,2.4,0.299316,4,3.9e-7,0.2983395,0.299316,0,0,0,53,25,8,2,3,2,1,250351,0.9055352594528837,276467.42342342343,2013,2017,1,1,2
832,M-10-07,M,S,Färna 1,Färna_1314,2013,2014,NA,NA,1,NA,"c(15.8914311438943, 59.6752317101395)",Västmanland,Skinnskatteberg,skinnskatteberg,M-10-07,0.261,1.2,0.33,0.00618,24.043,80.3989898989899,2.6,2.6,0.429688,5,6.76e-5,0.348389,0.429688,0,0,0,45,25,0,0,2,1,1,249948,0.9194240249956853,271852.8048048048,2009,2013,4,4,5
833,M-10-08,F,S,Färna 1,Färna_1314,2013,2014,NA,NA,1,NA,"c(15.8914311438943, 59.6752317101395)",Västmanland,Skinnskatteberg,skinnskatteberg,M-10-08,0.261,1.2,0.33,0.00618,24.043,80.3989898989899,2.6,2.6,0.26709,5,6.76e-5,0.348389,0.429688,0,0,0,45,25,0,0,2,1,1,249948,0.9194240249956853,271852.8048048048,2009,2013,4,4,5
880,G12-12,F,S,Kölsta 2,Kölsta_1314,2013,2014,NA,NA,0,NA,"c(15.8914311438943, 59.6752317101395)",Västmanland,Skinnskatteberg,skinnskatteberg,G12-12,0.226,1.24,0.4,0.00335,63.38,74.4895833333333,2.3,2.6,0.297363,4,3.44e-5,0.2983395,0.299316,0,0,0,45,25,0,0,2,1,1,249948,0.9194240249956853,271852.8048048048,2013,2017,0,0,1
881,G84-11,M,S,Kölsta 2,Kölsta_1314,2013,2014,NA,NA,0,NA,"c(15.8914311438943, 59.6752317101395)",Västmanland,Skinnskatteberg,skinnskatteberg,G84-11,0.226,1.24,0.4,0.00335,63.38,74.4895833333333,2.3,2.6,0.299316,4,3.44e-5,0.2983395,0.299316,0,0,0,45,25,0,0,2,1,1,249948,0.9194240249956853,271852.8048048048,2013,2017,0,0,1
978,M-10-07,M,S,Färna 1,Färna_1213,2012,2013,NA,NA,1,NA,list(),Västmanland,Skinnskatteberg,skinnskatteberg,M-10-07,0.227,1.22,0.33,0.00275,54.043,63.5677083333333,2.8,2.8,0.429688,2,7.4e-7,0.348389,0.429688,0,0,0,45,45,0,0,1,0,0,244349,0.9215851466893409,265139.9069069069,2009,2013,3,3,4
979,M-10-08,F,S,Färna 1,Färna_1213,2012,2013,NA,NA,1,NA,list(),Västmanland,Skinnskatteberg,skinnskatteberg,M-10-08,0.227,1.22,0.33,0.00275,54.043,63.5677083333333,2.8,2.8,0.26709,2,7.4e-7,0.348389,0.429688,0,0,0,45,45,0,0,1,0,0,244349,0.9215851466893409,265139.9069069069,2009,2013,3,3,4
990,G34-12,M,S,Hedbyn 3,Hedbyn_1213,2012,2013,NA,NA,0,NA,list(),Västmanland,Skinnskatteberg,skinnskatteberg,G34-12,0.24,1.14,0.36,0.00192,21.433,62.3489583333333,2.9,3,0.35199,3,2.6e-6,0.325653,0.35199,0,0,0,45,45,0,0,1,0,0,244349,0.9215851466893409,265139.9069069069,2011,2013,1,1,2
991,M-10-06,F,S,Hedbyn 3,Hedbyn_1213,2012,2013,NA,NA,1,NA,list(),Västmanland,Skinnskatteberg,skinnskatteberg,M-10-06,0.24,1.14,0.36,0.00192,21.433,62.3489583333333,2.9,3,0.299316,3,2.6e-6,0.325653,0.35199,0,0,0,45,45,0,0,1,0,0,244349,0.9215851466893409,265139.9069069069,2011,2013,1,1,2
1103,M-10-07,M,S,Färna 1,Färna_1112,2011,2012,NA,NA,1,NA,list(),Västmanland,Skinnskatteberg,skinnskatteberg,M-10-07,0.241,1.15,0.29,0.0027,30.775,80.0294117647059,NA,2.1,0.429688,4,1.47e-5,0.348389,0.429688,0,0,0,45,45,0,0,1,0,0,236864,0.9174122742827067,258187.08408408408,2009,2013,2,2,3
1104,M-10-08,F,S,Färna 1,Färna_1112,2011,2012,NA,NA,1,NA,list(),Västmanland,Skinnskatteberg,skinnskatteberg,M-10-08,0.241,1.15,0.29,0.0027,30.775,80.0294117647059,NA,2.1,0.26709,4,1.47e-5,0.348389,0.429688,0,0,0,45,45,0,0,1,0,0,236864,0.9174122742827067,258187.08408408408,2009,2013,2,2,3
1220,M-10-07,M,S,Färna 1,Färna_1011,2010,2011,NA,NA,1,NA,list(),Västmanland,Skinnskatteberg,skinnskatteberg,M-10-07,0.226,1.23,0.34,0.0031,53.143,79.7777777777778,NA,2.1,0.429688,2,7.51e-6,0.348389,0.429688,0,0,0,45,45,17,2,1,1,0,237854,0.9240893298455533,257392.86486486485,2009,2013,1,1,2
1221,M-10-08,F,S,Färna 1,Färna_1011,2010,2011,NA,NA,1,NA,list(),Västmanland,Skinnskatteberg,skinnskatteberg,M-10-08,0.226,1.23,0.34,0.0031,53.143,79.7777777777778,NA,2.1,0.26709,2,7.51e-6,0.348389,0.429688,0,0,0,45,45,17,2,1,1,0,237854,0.9240893298455533,257392.86486486485,2009,2013,1,1,2
1336,M-10-07,M,S,Färna 1,Färna_0910,2009,2010,NA,NA,1,NA,list(),Västmanland,Skinnskatteberg,skinnskatteberg,M-10-07,0.255,1.18,0.32,0.00523,25.25,81.1927083333333,NA,2,0.429688,2,1.43e-6,0.348389,0.429688,0,0,0,28,28,8,2,1,1,0,242095,0.9351810719459198,258875,2009,2013,0,0,1
1337,M-10-08,F,S,Färna 1,Färna_0910,2009,2010,NA,NA,1,NA,list(),Västmanland,Skinnskatteberg,skinnskatteberg,M-10-08,0.255,1.18,0.32,0.00523,25.25,81.1927083333333,NA,2,0.26709,2,1.43e-6,0.348389,0.429688,0,0,0,28,28,8,2,1,1,0,242095,0.9351810719459198,258875,2009,2013,0,0,1
1785,M-05-06,M,S,Uttersberg,Uttersberg_0304,2003,2004,NA,NA,1,NA,list(),Västmanland,Skinnskatteberg,skinnskatteberg,M-05-06,0.242,1.13,0.37,0.00192,21.6,59.8625,NA,3.7,0.296875,0,1e-8,0.283203,0.296875,0,0,0,0,0,0,0,0,0,0,225359,0.9658253298497774,233333.0810810811,2003,2008,0,0,1
1786,M-06-01,F,S,Uttersberg,Uttersberg_0304,2003,2004,NA,NA,1,NA,list(),Västmanland,Skinnskatteberg,skinnskatteberg,M-06-01,0.242,1.13,0.37,0.00192,21.6,59.8625,NA,3.7,0.269531,0,1e-8,0.283203,0.296875,0,0,0,0,0,0,0,0,0,0,225359,0.9658253298497774,233333.0810810811,2003,2008,0,0,1
245,G319-17,M,S,Venabäcken,Venabäcken_1819,2018,2019,NA,NA,0,NA,list(),Västmanland,Surahammar,köping,G319-17,0.216,1.3,0.43,0.00406,66.74,81.65625,1.3,1.9,0.222382,3,1.13e-6,0.2289605,0.235539,3,3,3,32,26,0,0,4,1,0,287007,0.9529194627061589,301187.04804804805,2018,2019,0,0,1
246,G55-17,F,S,Venabäcken,Venabäcken_1819,2018,2019,NA,NA,0,NA,list(),Västmanland,Surahammar,köping,G55-17,0.216,1.3,0.43,0.00406,66.74,81.65625,1.3,1.9,0.235539,3,1.13e-6,0.2289605,0.235539,3,3,3,32,26,0,0,4,1,0,287007,0.9529194627061589,301187.04804804805,2018,2019,0,0,1
289,G130-17,F,S,Färna 3,Färna_1718,2017,2018,illegal,NA,0,NA,list(),Västmanland,Surahammar,surahammar,G130-17,0.196,1.22,0.36,0.00388,57.057,55.5027573529412,2.1,2.1,0.319611,2,2.84e-5,0.23588599999999998,0.319611,0,0,0,32,31,1,1,4,1,0,282246,0.9482846901478484,297638.46546546544,2017,2017,0,0,1
290,G133-13,M,S,Färna 3,Färna_1718,2017,2018,legal,NA,0,NA,list(),Västmanland,Surahammar,surahammar,G133-13,0.196,1.22,0.36,0.00388,57.057,55.5027573529412,2.1,2.1,0.152161,2,2.84e-5,0.23588599999999998,0.319611,0,0,0,32,31,1,1,4,1,0,282246,0.9482846901478484,297638.46546546544,2017,2017,0,0,1
430,G133-13,M,S,Färna 2,Färna_1617,2016,2017,NA,NA,0,NA,list(),Västmanland,Surahammar,surahammar,G133-13,0.217,1.15,0.29,0.00281,51.138,61.68125,2.3,2.3,0.152161,4,4.57e-6,0.2096255,0.26709,0,0,0,31,30,0,0,4,2,0,280209,0.9560157007328228,293100.83483483485,2014,2016,2,2,3
431,M-10-08,F,S,Färna 2,Färna_1617,2016,2017,other,NA,1,"old, 9 or 10 yrs spring-17, may have died of age",list(),Västmanland,Surahammar,surahammar,M-10-08,0.217,1.15,0.29,0.00281,51.138,61.68125,2.3,2.3,0.26709,4,4.57e-6,0.2096255,0.26709,0,0,0,31,30,0,0,4,2,0,280209,0.9560157007328228,293100.83483483485,2014,2016,2,2,3
189,G254-17,M,S,Laxarby 1,Laxarby_1819,2018,2019,illegal,NA,0,NA,list(),Västra Götaland,Åmål,åmål,G254-17,0.441,1.27,0.4,0.00581,14.375,80.3870967741936,2.2,2.5,0.218197,2,0,0.2643985,0.3106,1,0,0,2,0,0,0,1,1,0,259445,0.8614082234990763,301187.04804804805,2017,2018,1,1,2
190,G270-17,F,S,Laxarby 1,Laxarby_1819,2018,2019,illegal,NA,0,NA,list(),Västra Götaland,Åmål,åmål,G270-17,0.441,1.27,0.4,0.00581,14.375,80.3870967741936,2.2,2.5,0.3106,2,0,0.2643985,0.3106,1,0,0,2,0,0,0,1,1,0,259445,0.8614082234990763,301187.04804804805,2017,2018,1,1,2
57,G23-20,M,S,Laxarby 2,Laxarby_1920,2019,2020,censored,NA,0,NA,list(),Västra Götaland,Bengtsfors,NA,G23-20,0.447,1.18,0.35,5.9e-4,14.25,66.515625,2.5,2.5,0.169262,3,0,0.1937295,0.218197,0,0,0,29,0,0,0,10,2,0,261258,0.8597332870481411,303882.6156156156,2019,2019,0,0,1
58,G71-19,F,S,Laxarby 2,Laxarby_1920,2019,2020,censored,NA,0,NA,list(),Västra Götaland,Bengtsfors,NA,G71-19,0.447,1.18,0.35,5.9e-4,14.25,66.515625,2.5,2.5,0.218197,3,0,0.1937295,0.218197,0,0,0,29,0,0,0,10,2,0,261258,0.8597332870481411,303882.6156156156,2019,2019,0,0,1
1256,D-11-26,M,S,Kroppefjäll 4,Kroppefjäll_1011,2010,2011,legal,NA,0,NA,"c(12.0308677491591, 59.0407300838759)",Västra Götaland,Bengtsfors,bengtsfors,D-11-26,0.352,1.3,0.47,8.4e-4,20.657,78.7741935483871,NA,2.7,0.267578,1,0,0.2836915,0.299805,0,0,0,21,15,0,0,6,4,1,215727,0.8381234659059409,257392.86486486485,2010,2010,0,0,1
1257,D-11-30,F,S,Kroppefjäll 4,Kroppefjäll_1011,2010,2011,legal,NA,0,"Male in  Kroppefjäll 4, D-11-26, found under Kynnefjälla 1","c(12.0308677491591, 59.0407300838759)",Västra Götaland,Bengtsfors,bengtsfors,D-11-30,0.352,1.3,0.47,8.4e-4,20.657,78.7741935483871,NA,2.7,0.299805,1,0,0.2836915,0.299805,0,0,0,21,15,0,0,6,4,1,215727,0.8381234659059409,257392.86486486485,2010,2010,0,0,1
412,G31-17,M,N,Boksjö 1,Boksjö_1617,2016,2017,NA,NA,0,NA,list(),Västra Götaland,Dals-Ed,dals-ed,G31-17,0.398,1.19,0.38,0.00164,19.439,65.6,60.2,2.9,0.231424,0,0,0.17056749999999998,0.231424,1,0,0,92,34,0,0,7,2,0,256067,0.8736481427775401,293100.83483483485,2016,2017,0,0,1
413,G79-15,F,N,Boksjö 1,Boksjö_1617,2016,2017,NA,NA,0,NA,list(),Västra Götaland,Dals-Ed,dals-ed,G79-15,0.398,1.19,0.38,0.00164,19.439,65.6,60.2,2.9,0.109711,0,0,0.17056749999999998,0.231424,1,0,0,92,34,0,0,7,2,0,256067,0.8736481427775401,293100.83483483485,2016,2017,0,0,1
1697,D-04-14,M,N,Dals Ed 3,Dals Ed-Halden_0405,2004,2005,other,NA,0,NA,list(),Västra Götaland,Dals-Ed,dals-ed,D-04-14,0.347,1.23,0.39,0.00165,18.062,70.0416666666667,NA,2.9,0.234375,1,0,0.234375,0.234375,0,0,0,40,40,3,1,1,1,0,219086,0.9193813625063492,238297.1951951952,2004,2004,0,0,1
1698,M-03-07,F,N,Dals Ed 3,Dals Ed-Halden_0405,2004,2005,NA,NA,1,NA,list(),Västra Götaland,Dals-Ed,dals-ed,M-03-07,0.347,1.23,0.39,0.00165,18.062,70.0416666666667,NA,2.9,0.234375,1,0,0.234375,0.234375,0,0,0,40,40,3,1,1,1,0,219086,0.9193813625063492,238297.1951951952,2004,2004,0,0,1
1750,M-02-08,M,N,Dals Ed 2,Dals Ed-Halden_0304,2003,2004,illegal,1,1,NA,"c(11.7766507341672, 59.0672177811548)",Västra Götaland,Dals-Ed,dals-ed,M-02-08,0.398,1.19,0.38,0.00164,17.943,59.7788306451613,NA,3.2,0.234375,0,0,0.234375,0.234375,0,0,0,37,37,14,3,1,1,1,217020,0.9300867197848708,233333.0810810811,2000,2003,3,3,4
1751,M-03-07,F,N,Dals Ed 2,Dals Ed-Halden_0304,2003,2004,NA,NA,1,NA,"c(11.7766507341672, 59.0672177811548)",Västra Götaland,Dals-Ed,dals-ed,M-03-07,0.398,1.19,0.38,0.00164,17.943,59.7788306451613,NA,3.2,0.234375,0,0,0.234375,0.234375,0,0,0,37,37,14,3,1,1,1,217020,0.9300867197848708,233333.0810810811,2000,2003,3,3,4
1789,M-02-08,M,N,Dals Ed 2,Dals Ed-Halden_0203,2002,2003,NA,NA,1,NA,list(),Västra Götaland,Dals-Ed,dals-ed,M-02-08,0.377,1.19,0.39,0.00376,16.33,64.875,NA,3.3,0.234375,0,0,0.234375,0.234375,0,0,0,23,23,23,4,0,0,0,209205,0.9117391203460828,229457.08408408408,2000,2003,2,2,3
1790,M-03-07,F,N,Dals Ed 2,Dals Ed-Halden_0203,2002,2003,NA,NA,1,NA,list(),Västra Götaland,Dals-Ed,dals-ed,M-03-07,0.377,1.19,0.39,0.00376,16.33,64.875,NA,3.3,0.234375,0,0,0.234375,0.234375,0,0,0,23,23,23,4,0,0,0,209205,0.9117391203460828,229457.08408408408,2000,2003,2,2,3
1823,M-02-08,M,N,Dals Ed 2,Dals Ed-Halden_0102,2001,2002,NA,NA,1,NA,list(),Västra Götaland,Dals-Ed,dals-ed,M-02-08,0.407,1.17,0.38,0.00164,17.094,67.5721275252525,NA,3.3,0.234375,0,0,0.234375,0.234375,0,0,0,0,0,0,0,0,0,0,202031,0.9018995852925793,224006.0903614458,2000,2003,1,1,2
1824,M-03-07,F,N,Dals Ed 2,Dals Ed-Halden_0102,2001,2002,NA,NA,1,NA,list(),Västra Götaland,Dals-Ed,dals-ed,M-03-07,0.407,1.17,0.38,0.00164,17.094,67.5721275252525,NA,3.3,0.234375,0,0,0.234375,0.234375,0,0,0,0,0,0,0,0,0,0,202031,0.9018995852925793,224006.0903614458,2000,2003,1,1,2
1855,M-02-08,M,N,Dals Ed 2,Dals Ed-Halden_0001,2000,2001,NA,NA,1,NA,list(),Västra Götaland,Dals-Ed,dals-ed,M-02-08,0.403,1.19,0.37,0.00165,16.548,48.5421875,NA,3.5,0.234375,0,0,0.234375,0.234375,0,0,0,0,0,0,0,0,0,0,203664,0.9240356343913027,220407.0843373494,2000,2003,0,0,1
1856,M-03-07,F,N,Dals Ed 2,Dals Ed-Halden_0001,2000,2001,NA,NA,1,NA,list(),Västra Götaland,Dals-Ed,dals-ed,M-03-07,0.403,1.19,0.37,0.00165,16.548,48.5421875,NA,3.5,0.234375,0,0,0.234375,0.234375,0,0,0,0,0,0,0,0,0,0,203664,0.9240356343913027,220407.0843373494,2000,2003,0,0,1
1010,G2-13,F,S,Kroppefjäll 5,Kroppefjäll_1213,2012,2013,illegal,NA,0,NA,"c(12.0318943329915, 58.4737208505317)",Västra Götaland,Färgelanda,mellerud,G2-13,0.295,1.26,0.52,0.00134,22.54,46.1122334455668,3.3,3.4,0.279175,0,0,0.2763675,0.279175,1,1,0,52,35,0,0,8,6,1,238500,0.8995250951933824,265139.9069069069,2012,2012,0,0,1
1011,G7-13,M,S,Kroppefjäll 5,Kroppefjäll_1213,2012,2013,NA,NA,0,NA,"c(12.0318943329915, 58.4737208505317)",Västra Götaland,Färgelanda,mellerud,G7-13,0.295,1.26,0.52,0.00134,22.54,46.1122334455668,3.3,3.4,0.27356,0,0,0.2763675,0.279175,1,1,0,52,35,0,0,8,6,1,238500,0.8995250951933824,265139.9069069069,2012,2012,0,0,1
1462,D-10-27,M,S,Kroppefjäll 3,Kroppefjäll_0809,2008,2009,NA,NA,0,NA,"c(11.8916168809713, 11.9098653383001, 11.9691898574968, 11.994759704794, 58.5009667166108, 58.4514552463847, 58.4492202876554, 58.4681281417508)",Västra Götaland,Färgelanda,färgelanda,D-10-27,0.294,1.25,0.48,9.1e-4,22.78,42.1197916666667,NA,2.4,0.290039,2,0,0.294922,0.299805,0,0,0,39,39,22,3,6,5,4,231530,0.9106176667184852,254255.993993994,2007,2009,1,1,2
1463,D-11-30,F,S,Kroppefjäll 3,Kroppefjäll_0809,2008,2009,NA,NA,0,NA,"c(11.8916168809713, 11.9098653383001, 11.9691898574968, 11.994759704794, 58.5009667166108, 58.4514552463847, 58.4492202876554, 58.4681281417508)",Västra Götaland,Färgelanda,färgelanda,D-11-30,0.294,1.25,0.48,9.1e-4,22.78,42.1197916666667,NA,2.4,0.299805,2,0,0.294922,0.299805,0,0,0,39,39,22,3,6,5,4,231530,0.9106176667184852,254255.993993994,2007,2009,1,1,2
1540,D-10-27,M,S,Kroppefjäll 3,Kroppefjäll_0708,2007,2008,NA,NA,0,NA,list(),Västra Götaland,Färgelanda,färgelanda,D-10-27,0.301,1.27,0.5,8.3e-4,22.88,40.8530092592593,NA,2.2,0.290039,1,0,0.294922,0.299805,0,0,0,17,17,8,2,2,2,0,231198,0.9200400401615765,251291.23723723725,2007,2009,0,0,1
1541,D-11-30,F,S,Kroppefjäll 3,Kroppefjäll_0708,2007,2008,NA,NA,0,NA,list(),Västra Götaland,Färgelanda,färgelanda,D-11-30,0.301,1.27,0.5,8.3e-4,22.88,40.8530092592593,NA,2.2,0.299805,1,0,0.294922,0.299805,0,0,0,17,17,8,2,2,2,0,231198,0.9200400401615765,251291.23723723725,2007,2009,0,0,1
1607,D-08-15/G27-06,M,S,Kroppefjäll 2,Kroppefjäll_0607,2006,2007,NA,NA,0,NA,"c(12.1991998133893, 58.7086907014039)",Västra Götaland,Färgelanda,mellerud,D-08-15,0.282,1.27,0.51,7e-4,22.92,72.1862745098039,NA,2.3,0.269531,0,0,0.283203,0.296875,0,0,0,9,9,9,3,2,2,1,231666,0.9397406634769682,246521.2042042042,2005,2006,1,1,2
1608,G15-05,F,S,Kroppefjäll 2,Kroppefjäll_0607,2006,2007,illegal,NA,0,NA,"c(12.1991998133893, 58.7086907014039)",Västra Götaland,Färgelanda,mellerud,G15-05,0.282,1.27,0.51,7e-4,22.92,72.1862745098039,NA,2.3,0.296875,0,0,0.283203,0.296875,0,0,0,9,9,9,3,2,2,1,231666,0.9397406634769682,246521.2042042042,2005,2006,1,1,2
1665,D-08-15/G27-06,M,S,Kroppefjäll 2,Kroppefjäll_0506,2005,2006,NA,NA,0,NA,list(),Västra Götaland,Färgelanda,färgelanda,D-08-15,0.295,1.26,0.52,0.00117,22.98,57.5909090909091,NA,2.6,0.269531,1,0,0.283203,0.296875,0,0,0,0,0,0,0,1,1,0,230204,0.9460199487002956,243339.47747747749,2005,2006,0,0,1
1666,G15-05,F,S,Kroppefjäll 2,Kroppefjäll_0506,2005,2006,NA,NA,0,NA,list(),Västra Götaland,Färgelanda,färgelanda,G15-05,0.295,1.26,0.52,0.00117,22.98,57.5909090909091,NA,2.6,0.296875,1,0,0.283203,0.296875,0,0,0,0,0,0,0,1,1,0,230204,0.9460199487002956,243339.47747747749,2005,2006,0,0,1
1774,G14-05,M,S,Kroppefjäll 1,Kroppefjäll_0304,2003,2004,NA,NA,0,NA,"c(12.0159639343803, 58.5100958206399)",Västra Götaland,Färgelanda,färgelanda,G14-05,0.311,1.24,0.46,9.1e-4,23.16,46.329525862069,NA,3.2,0.296875,0,0,0.296875,0.296875,0,0,0,0,0,0,0,1,1,1,225239,0.9653110435795065,233333.0810810811,2002,2004,1,1,2
1775,G15-05,F,S,Kroppefjäll 1,Kroppefjäll_0304,2003,2004,NA,NA,0,NA,"c(12.0159639343803, 58.5100958206399)",Västra Götaland,Färgelanda,färgelanda,G15-05,0.311,1.24,0.46,9.1e-4,23.16,46.329525862069,NA,3.2,0.296875,0,0,0.296875,0.296875,0,0,0,0,0,0,0,1,1,1,225239,0.9653110435795065,233333.0810810811,2002,2004,1,1,2
1805,G14-05,M,S,Kroppefjäll 1,Kroppefjäll_0203,2002,2003,NA,NA,0,NA,list(),Västra Götaland,Färgelanda,färgelanda,G14-05,0.3,1.25,0.46,0.00104,23.2,52.91875,NA,3.3,0.296875,0,0,0.296875,0.296875,0,0,0,0,0,0,0,0,0,0,220512,0.9610163089111419,229457.08408408408,2002,2004,0,0,1
1806,G15-05,F,S,Kroppefjäll 1,Kroppefjäll_0203,2002,2003,NA,NA,0,NA,list(),Västra Götaland,Färgelanda,färgelanda,G15-05,0.3,1.25,0.46,0.00104,23.2,52.91875,NA,3.3,0.296875,0,0,0.296875,0.296875,0,0,0,0,0,0,0,0,0,0,220512,0.9610163089111419,229457.08408408408,2002,2004,0,0,1
1510,D-08-15/G27-06,M,S,Bredfjället 1,Bredfjället_0708,2007,2008,NA,NA,0,NA,list(),Västra Götaland,Lilla Edet,lilla edet,D-08-15,0.36,1.65,0.56,0.01113,83.225,37.6779755283648,NA,2.2,0.269531,0,0,0.3339845,0.398438,0,0,0,0,0,0,0,0,0,0,NA,NA,NA,2007,2008,0,0,1
1511,G17-08,F,S,Bredfjället 1,Bredfjället_0708,2007,2008,NA,NA,0,Hanen I Bredfjället 1 (D-08-15/G27-06) var tidigare hane I Kroppefjäll 2,list(),Västra Götaland,Lilla Edet,lilla edet,G17-08,0.36,1.65,0.56,0.01113,83.225,37.6779755283648,NA,2.2,0.398438,0,0,0.3339845,0.398438,0,0,0,0,0,0,0,0,0,0,NA,NA,NA,2007,2008,0,0,1
736,G48-13,F,S,Kroppefjäll 6,Kroppefjäll_1415,2014,2015,legal,NA,0,NA,"c(12.6244963685268, 12.4839727125546, 58.6537583398334, 58.6139881123109)",Västra Götaland,Mellerud,mellerud,G48-13,0.292,1.27,0.52,0.00134,24.55,41.2284226190476,3.4,3.3,0.152161,1,0,0.2128605,0.27356,2,2,1,37,19,14,4,2,2,2,228444,0.8262962672825536,276467.42342342343,2013,2014,1,1,2
737,G7-13,M,S,Kroppefjäll 6,Kroppefjäll_1415,2014,2015,illegal,NA,0,NA,"c(12.6244963685268, 12.4839727125546, 58.6537583398334, 58.6139881123109)",Västra Götaland,Mellerud,mellerud,G7-13,0.292,1.27,0.52,0.00134,24.55,41.2284226190476,3.4,3.3,0.27356,1,0,0.2128605,0.27356,2,2,1,37,19,14,4,2,2,2,228444,0.8262962672825536,276467.42342342343,2013,2014,1,1,2
870,G48-13,F,S,Kroppefjäll 6,Kroppefjäll_1314,2013,2014,NA,NA,0,NA,list(),Västra Götaland,Mellerud,vänersborg,G48-13,0.278,1.26,0.52,9.4e-4,22.66,58.1372549019608,3.3,3.5,0.152161,1,0,0.2128605,0.27356,1,1,0,23,5,1,1,0,0,0,227105,0.8353969353491331,271852.8048048048,2013,2014,0,0,1
871,G7-13,M,S,Kroppefjäll 6,Kroppefjäll_1314,2013,2014,NA,NA,0,NA,list(),Västra Götaland,Mellerud,vänersborg,G7-13,0.278,1.26,0.52,9.4e-4,22.66,58.1372549019608,3.3,3.5,0.27356,1,0,0.2128605,0.27356,1,1,0,23,5,1,1,0,0,0,227105,0.8353969353491331,271852.8048048048,2013,2014,0,0,1
1330,D-10-33,F,S,Brudfjället,Brudfjället_0910,2009,2010,legal,NA,0,NA,list(),Västra Götaland,Mellerud,mellerud,D-10-33,0.39,1.34,0.45,0.00184,14.52,78.2289190718732,NA,2.6,0.327393,2,0,0.3629155,0.398438,0,0,0,18,18,0,0,0,0,0,221151,0.854277160791888,258875,2009,2009,0,0,1
1331,G25-06,M,S,Brudfjället,Brudfjället_0910,2009,2010,NA,NA,0,G25-06 flyttar 2010/11 över till Stopra Le,list(),Västra Götaland,Mellerud,mellerud,G25-06,0.39,1.34,0.45,0.00184,14.52,78.2289190718732,NA,2.6,0.398438,2,0,0.3629155,0.398438,0,0,0,18,18,0,0,0,0,0,221151,0.854277160791888,258875,2009,2009,0,0,1
1368,D-10-27,M,S,Kroppefjäll 3,Kroppefjäll_0910,2009,2010,legal,NA,0,NA,list(),Västra Götaland,Mellerud,mellerud,D-10-27,0.288,1.27,0.53,0.00134,22.66,65.6971726190476,NA,2.6,0.290039,2,0,0.294922,0.299805,0,0,0,18,18,0,0,0,0,0,221151,0.854277160791888,258875,2007,2009,2,2,3
1369,D-11-30,F,S,Kroppefjäll 3,Kroppefjäll_0910,2009,2010,NA,NA,0,NA,list(),Västra Götaland,Mellerud,mellerud,D-11-30,0.288,1.27,0.53,0.00134,22.66,65.6971726190476,NA,2.6,0.299805,2,0,0.294922,0.299805,0,0,0,18,18,0,0,0,0,0,221151,0.854277160791888,258875,2007,2009,2,2,3
744,G17-12,M,S,Kynnefjäll 3,Kynnefjäll_1415,2014,2015,censored,NA,0,NA,"c(11.6129145545913, 58.627446544481)",Västra Götaland,Munkedal,munkedal,G17-12,0.343,1.26,0.38,0,17.516,49.9741421568627,3.1,3.3,0.152161,1,0,0.0760805,0.152161,1,0,0,71,69,38,1,7,2,1,254131,0.9192077563901114,276467.42342342343,2013,2014,1,1,2
745,G198-13,F,S,Kynnefjäll 3,Kynnefjäll_1415,2014,2015,illegal,NA,0,NA,"c(11.6129145545913, 58.627446544481)",Västra Götaland,Munkedal,munkedal,G198-13,0.343,1.26,0.38,0,17.516,49.9741421568627,3.1,3.3,0,1,0,0.0760805,0.152161,1,0,0,71,69,38,1,7,2,1,254131,0.9192077563901114,276467.42342342343,2013,2014,1,1,2
878,G17-12,M,S,Kynnefjäll 3,Kynnefjäll_1314,2013,2014,NA,NA,0,NA,list(),Västra Götaland,Munkedal,munkedal,G17-12,0.346,1.35,0.42,8.5e-4,11.775,64.6822916666667,3.2,3.5,0.152161,1,0,0.0760805,0.152161,1,1,0,33,32,31,4,6,1,0,250717,0.9222527616738011,271852.8048048048,2013,2014,0,0,1
879,G198-13,F,S,Kynnefjäll 3,Kynnefjäll_1314,2013,2014,NA,NA,0,NA,list(),Västra Götaland,Munkedal,munkedal,G198-13,0.346,1.35,0.42,8.5e-4,11.775,64.6822916666667,3.2,3.5,0,1,0,0.0760805,0.152161,1,1,0,33,32,31,4,6,1,0,250717,0.9222527616738011,271852.8048048048,2013,2014,0,0,1
1450,D-09-23,F,S,Herrestad,Herrestad_0809,2008,2009,legal,NA,0,NA,"c(11.9013370173444, 11.7640456361373, 58.6450573525689, 58.4249956250814)",Västra Götaland,Munkedal,munkedal,D-09-23,0.348,1.45,0.48,0.00446,41.217,45.3232323232323,NA,2.4,0.290039,3,0,0.2788085,0.290039,0,0,0,1,1,0,0,5,2,2,231800,0.9116795885861222,254255.993993994,2008,2008,0,0,1
1451,G4-09,M,S,Herrestad,Herrestad_0809,2008,2009,censored,NA,0,NA,"c(11.9013370173444, 11.7640456361373, 58.6450573525689, 58.4249956250814)",Västra Götaland,Munkedal,munkedal,G4-09,0.348,1.45,0.48,0.00446,41.217,45.3232323232323,NA,2.4,0.267578,3,0,0.2788085,0.290039,0,0,0,1,1,0,0,5,2,2,231800,0.9116795885861222,254255.993993994,2008,2008,0,0,1
1318,G17-08,F,S,Bredfjället 2,Bredfjället_1011,2010,2011,censored,NA,0,NA,"c(11.8903136053595, 57.9776331519789)",Västra Götaland,Stenungsund,stenungsund,G17-08,0.35,1.73,0.6,0.01587,84.7,75.4055555555556,NA,2.7,0.398438,0,0,0.3127445,0.398438,0,0,0,15,15,0,0,2,2,1,286239,1.1120704536634292,257392.86486486485,2009,2010,1,1,2
1319,G53-10,M,S,Bredfjället 2,Bredfjället_1011,2010,2011,illegal,NA,0,NA,"c(11.8903136053595, 57.9776331519789)",Västra Götaland,Stenungsund,stenungsund,G53-10,0.35,1.73,0.6,0.01587,84.7,75.4055555555556,NA,2.7,0.227051,0,0,0.3127445,0.398438,0,0,0,15,15,0,0,2,2,1,286239,1.1120704536634292,257392.86486486485,2009,2010,1,1,2
1328,G17-08,F,S,Bredfjället 2,Bredfjället_0910,2009,2010,NA,NA,0,NA,list(),Västra Götaland,Stenungsund,stenungsund,G17-08,0.346,1.73,0.61,0.01587,84.287,53.2661616161616,NA,2.6,0.398438,0,0,0.3127445,0.398438,0,0,0,15,15,7,1,1,1,0,287638,1.111107677450507,258875,2009,2010,0,0,1
1329,G53-10,M,S,Bredfjället 2,Bredfjället_0910,2009,2010,NA,NA,0,NA,list(),Västra Götaland,Stenungsund,stenungsund,G53-10,0.346,1.73,0.61,0.01587,84.287,53.2661616161616,NA,2.6,0.227051,0,0,0.3127445,0.398438,0,0,0,15,15,7,1,1,1,0,287638,1.111107677450507,258875,2009,2010,0,0,1
1077,G2-11,F,S,Kynnefjäll 2,Kynnefjäll_1213,2012,2013,illegal,NA,0,"Kynnefjäll not registered by VSC 1213 because they disappeared early in season, I used the coordinates för  1112",list(),Västra Götaland,Tanum,tanum,G2-11,0.34,1.22,0.38,0.00291,19.863,56.7713721264368,17,3.4,0.29541,2,0,0.147705,0.29541,0,0,0,11,0,0,0,1,0,0,245730,0.9267937175759743,265139.9069069069,2010,2012,2,2,3
1078,G63-10,M,S,Kynnefjäll 2,Kynnefjäll_1213,2012,2013,illegal,NA,0,NA,list(),Västra Götaland,Tanum,tanum,G63-10,0.34,1.22,0.38,0.00291,19.863,56.7713721264368,17,3.4,0,2,0,0.147705,0.29541,0,0,0,11,0,0,0,1,0,0,245730,0.9267937175759743,265139.9069069069,2010,2012,2,2,3
1141,G2-11,F,S,Kynnefjäll 2,Kynnefjäll_1112,2011,2012,NA,NA,0,NA,list(),Västra Götaland,Tanum,tanum,G2-11,0.345,1.23,0.38,0.00291,19.746,76.2239583333333,NA,3.2,0.29541,0,0,0.147705,0.29541,0,0,0,11,0,0,0,1,0,0,233505,0.9044023283672632,258187.08408408408,2010,2012,1,1,2
1142,G63-10,M,S,Kynnefjäll 2,Kynnefjäll_1112,2011,2012,NA,NA,0,NA,list(),Västra Götaland,Tanum,tanum,G63-10,0.345,1.23,0.38,0.00291,19.746,76.2239583333333,NA,3.2,0,0,0,0.147705,0.29541,0,0,0,11,0,0,0,1,0,0,233505,0.9044023283672632,258187.08408408408,2010,2012,1,1,2
1260,G2-11,F,S,Kynnefjäll 2,Kynnefjäll_1011,2010,2011,NA,NA,0,NA,list(),Västra Götaland,Tanum,tanum,G2-11,0.345,1.24,0.37,0,17.13,78.8958333333333,NA,2.7,0.29541,2,0,0.147705,0.29541,0,0,0,11,0,0,0,1,0,0,233886,0.9086732070945078,257392.86486486485,2010,2012,0,0,1
1261,G63-10,M,S,Kynnefjäll 2,Kynnefjäll_1011,2010,2011,NA,NA,0,NA,list(),Västra Götaland,Tanum,tanum,G63-10,0.345,1.24,0.37,0,17.13,78.8958333333333,NA,2.7,0,2,0,0.147705,0.29541,0,0,0,11,0,0,0,1,0,0,233886,0.9086732070945078,257392.86486486485,2010,2012,0,0,1
1372,D-11-26,M,S,Kynnefjäll 1,Kynnefjäll_0910,2009,2010,NA,NA,0,NA,list(),Västra Götaland,Tanum,tanum,D-11-26,0.343,1.23,0.39,0.0021,18.183,74.7189075630252,NA,2.7,0.267578,3,0,0.2788085,0.290039,0,0,0,11,0,0,0,1,1,0,235773,0.9107600193143409,258875,2008,2009,1,1,2
1373,G5-09,F,S,Kynnefjäll 1,Kynnefjäll_0910,2009,2010,illegal,NA,0,NA,list(),Västra Götaland,Tanum,tanum,G5-09,0.343,1.23,0.39,0.0021,18.183,74.7189075630252,NA,2.7,0.290039,3,0,0.2788085,0.290039,0,0,0,11,0,0,0,1,1,0,235773,0.9107600193143409,258875,2008,2009,1,1,2
1500,D-11-26,M,S,Kynnefjäll 1,Kynnefjäll_0809,2008,2009,NA,NA,0,No data on coordinates. I took the coordinates from 0910,list(),Västra Götaland,Tanum,tanum,D-11-26,0.34,1.23,0.39,0.00214,18.116,44.9264705882353,NA,2.5,0.267578,4,0,0.2788085,0.290039,0,0,0,11,0,0,0,1,1,0,234423,0.9219959628780178,254255.993993994,2008,2009,0,0,1
1501,G5-09,F,S,Kynnefjäll 1,Kynnefjäll_0809,2008,2009,NA,NA,0,NA,list(),Västra Götaland,Tanum,tanum,G5-09,0.34,1.23,0.39,0.00214,18.116,44.9264705882353,NA,2.5,0.290039,4,0,0.2788085,0.290039,0,0,0,11,0,0,0,1,1,0,234423,0.9219959628780178,254255.993993994,2008,2009,0,0,1
1645,G11-06,M,S,Dals Ed 4,Dals Ed-Halden_0506,2005,2006,NA,NA,0,NA,"c(11.5881152366249, 58.65712408331)",Västra Götaland,Tanum,dals-ed,G11-06,0.354,1.22,0.39,0.0044,18.074,64.390625,NA,2.7,0.269531,1,0,0.251953,0.269531,0,0,0,11,11,0,0,1,1,1,225213,0.9255095076829234,243339.47747747749,2005,2006,0,0,1
1646,M-03-07,F,S,Dals Ed 4,Dals Ed-Halden_0506,2005,2006,NA,NA,1,NA,"c(11.5881152366249, 58.65712408331)",Västra Götaland,Tanum,dals-ed,M-03-07,0.354,1.22,0.39,0.0044,18.074,64.390625,NA,2.7,0.234375,1,0,0.251953,0.269531,0,0,0,11,11,0,0,1,1,1,225213,0.9255095076829234,243339.47747747749,2005,2006,0,0,1
1432,D-08-15/G27-06,M,S,Bredfjället 1,Bredfjället_0809,2008,2009,legal,NA,0,Hanen I Kroppefjäll D-08-15)   Flyttade 2007/08 till Bredfjället 1,list(),Västra Götaland,Uddevalla,uddevalla,D-08-15,0.311,1.65,0.63,0.02441,64.786,43.046875,NA,2.4,0.269531,1,0,0.3339845,0.398438,0,0,0,52,52,40,5,1,0,0,251476,0.9890661614291789,254255.993993994,2007,2008,1,1,2
1433,G17-08,F,S,Bredfjället 1,Bredfjället_0809,2008,2009,NA,NA,0,NA,list(),Västra Götaland,Uddevalla,uddevalla,G17-08,0.311,1.65,0.63,0.02441,64.786,43.046875,NA,2.4,0.398438,1,0,0.3339845,0.398438,0,0,0,52,52,40,5,1,0,0,251476,0.9890661614291789,254255.993993994,2007,2008,1,1,2
1725,G15-05,F,S,Kroppefjäll 1,Kroppefjäll_0405,2004,2005,NA,NA,0,NA,list(),Västra Götaland,Vänersborg,vänersborg,G15-05,0.283,1.26,0.51,9.1e-4,23.12,63.6274509803922,NA,2.9,0.296875,1,0,0.296875,0.296875,0,0,0,0,0,0,0,0,0,0,244609,1.0264871132857214,238297.1951951952,2002,2004,2,2,3
1726,G18-07,M,N,Kynna 1,Kroppefjäll_0405,2004,2005,NA,NA,0,NA,list(),Västra Götaland,Vänersborg,vänersborg,G18-07,0.283,1.26,0.51,9.1e-4,23.12,63.6274509803922,NA,2.9,0.314453,1,0,0.35644549999999997,0.398438,0,0,0,0,0,0,0,0,0,0,244609,1.0264871132857214,238297.1951951952,2004,2006,0,0,1
