"NAME_2","NAME_1","Autumn","sum_fate","n_territories","prop_disappearance","ruggedness_mean","average_gravel_km","average_paved_km","pop_mean","mean_snow","mean_artificial_area_total","hunt_county2","mean_fi","mean_maxfi","mean_number_neighbour_terr","mean_bear_density_BZtiff","wolfLKill_n","wolfLKill_last5y","sheepAttacks_n","NoAffectedSheep_last5y","AttackDogs_n","AttackDogs_last5y","IndividualIncome"
"Arboga","Västmanland",2017,0,1,0,0.209,1.45,0.52,NA,55.2760416666667,0.00857,NA,NA,0.319611,2,NA,NA,0,NA,0,NA,1,274870
"Aremark","Ãstfold",2010,1,1,1,0.412,1.11,0.38,-0.585464606921849,83.2365591397849,0,0.725866186311297,0.920289565453895,0.398438,2,NA,NA,0,NA,0,NA,0,321500
"Aremark","Ãstfold",2011,0,1,0,0.382,1.28,0.49,-0.569197737511883,80.3888888888889,0.00148,0.41478067789217,0.143842250898371,0.290039,0,NA,NA,0,NA,0,NA,0,352500
"Aremark","Ãstfold",2019,0,1,0,0.361,1.31,0.49,1.15466234443373,58.3879928315412,0.00082,-1.14064686420347,-1.06413181635227,0.121395,0,NA,NA,0,NA,0,NA,0,434200
"Arvika","Värmland",2000,0,1,0,0.398,1,0.22,-0.124222851945346,55.3468077956989,0.00075,2.37601841551115,-0.37217636147086,0.234375,0,-0.667344002847652,-0.5,0,-0.67700320038633,0,-0.88894875277345,0,207146
"Arvika","Värmland",2007,0,1,0,0.413,1.08,0.32,0.360705324853617,67.6458333333333,0,0.510732930436977,0.509946709085761,0.267578,1,-0.606310565670814,-0.5,0,-0.67700320038633,0,2.31126675721097,5,236473
"Arvika","Värmland",2008,1,2,0.5,0.414,1.13,0.39,-0.0132151970154621,70.2843137254902,0.00554,0.155440457089515,1.13262416191143,0.314453,1,0.843341782593225,0.5,1,-0.67700320038633,0,0.17778975055469,5,240468
"Arvika","Värmland",2009,0,1,0,0.397,1.06,0.22,-0.645875365713594,82.9315476190476,0.00122,0.510732930436977,1.5282817178029,0.305908,0,-0.667344002847652,-0.5,1,1.35400640077266,1,1.24452825388283,7,242071
"Arvika","Värmland",2012,1,2,0.5,0.409,1.16,0.37,-0.207687254148265,70.1586021505376,0.00582,0.866025403784439,-0.575683957786365,0.299805,1,-0.667344002847652,-0.5,2,-0.67700320038633,6,-0.88894875277345,3,246386
"Arvika","Värmland",2013,0,4,0,0.39475,1.23,0.3375,-0.574095979819083,81.6666666666667,0.0016875,0.24426357542638,0.202666179192141,0.256012,2.75,-0.568759851663079,-0.5,1,1.35400640077266,7,0.17778975055469,3,251359
"Arvika","Värmland",2014,0,2,0,0.409,1.125,0.28,2.70313377267856,64.7835113030086,0.002995,-0.377498252931678,-0.630001357351255,0.2984925,2.5,-0.557830104934603,-0.5,1,-0.67700320038633,6,-0.88894875277345,1,256408
"Arvika","Värmland",2015,3,5,0.6,0.3988,1.288,0.338,-0.288647724285097,70.3186720811721,0.002522,-0.999260081289737,-0.244072846077375,0.2391968,3,1.01527427370415,-0.5,1,-0.67700320038633,1,-0.88894875277345,1,271056
"Arvika","Värmland",2016,1,4,0.25,0.401,1.095,0.26,0.0531390027358585,70.2444556451613,0.002095,-1.0880831996266,-0.382717045392293,0.2427825,1.5,-0.614751360173994,-0.5,0,1.35400640077266,2,0.17778975055469,2,276605
"Arvika","Värmland",2017,1,2,0.5,0.3865,1.03,0.23,0.773019471736041,64.1940498737374,0.00061,-0.910436962952871,1.47466835887801,0.30389,4.5,-0.667344002847652,2.5,3,1.35400640077266,16,0.17778975055469,3,279551
"Arvika","Värmland",2018,0,1,0,0.393,1.33,0.35,-1.000599075076,83.140625,0.00029,-0.73279072627914,-0.910222815854882,0.214123,3,0.834684557461758,1.5,5,-0.67700320038633,15,0.17778975055469,3,281119
"Arvika","Värmland",2019,1,2,0.5,0.397,1.39,0.36,-1.03565412400123,81.78125,0,-0.555144489605409,-1.73331274293722,0.214123,3,2.32372728007397,-0.5,5,-0.67700320038633,15,-0.88894875277345,3,284456
"Askersund","Orebro",2013,0,2,0,0.22,1.41,0.38,-1.05347666519584,76.4329501915709,0.00431,1.18019368870416,NA,NA,0,NA,NA,0,1.22474487139159,3,NA,0,261603
"Askersund","Orebro",2014,1,1,1,0.219,1.38,0.38,-0.654264455226892,52.9583333333333,0.0042,0.453920649501602,NA,NA,0,NA,NA,0,0,4,NA,0,266059
"Askersund","Orebro",2016,0,1,0,0.232,1.5,0.41,0.809513647992595,57.15625,0.00505,-0.635488909302243,NA,NA,0,NA,NA,0,-1.22474487139159,4,NA,0,277050
"Askersund","Orebro",2017,0,1,0,0.222,1.35,0.37,0.898227472430137,58.9569892473118,0.00409,-0.998625428903525,NA,NA,1,NA,NA,0,0,7,NA,0,285359
"Aurskog-Høland","Akershus",1999,0,2,0,0.321,1.61,0.47,-0.856695120381798,NA,0,0.706907487666298,-1.49745300638862,0.125,0,-0.582281851289096,NA,NA,NA,0,NA,0,202800
"Aurskog-Høland","Akershus",2000,0,2,0,0.32,1.57,0.46,-0.873403016121587,64.546875,0,0.849586063158579,-1.49745300638862,0.125,0,0.400957239703456,NA,0,NA,0,NA,0,216300
"Aurskog-Høland","Akershus",2001,1,1,1,0.327,1.51,0.43,-0.929836391026217,76.90625,0,1.27762178963542,-1.49745300638862,0.125,0,-0.582281851289096,NA,0,NA,0,NA,0,226600
"Aurskog-Høland","Akershus",2002,0,1,0,0.32,1.59,0.48,-0.846100348847979,76.3679924242424,0,0.992264638650859,0.763130568080652,0.296875,1,2.78882360354251,NA,0,NA,0,NA,0,239200
"Aurskog-Høland","Akershus",2010,0,1,0,0.333,1.12,0.67,1.55706509262368,81.7708333333333,0.00149,0.564228912174018,0.238122774381219,0.256958,1,-0.582281851289096,NA,0,NA,0,NA,0,325300
"Aurskog-Høland","Akershus",2011,1,1,1,0.291,1.49,0.47,-0.589742259155823,82.3939393939394,0.00092,0.136193185697177,0.238122774381219,0.256958,0,-0.529002885767332,NA,0,NA,0,NA,0,337300
"Aurskog-Høland","Akershus",2012,1,1,1,0.314,1.43,0.51,-0.517682087647507,72.0220352564102,0.00092,0.136193185697177,0.238122774381219,0.256958,2,-0.582281851289096,NA,0,NA,0,NA,0,352600
"Aurskog-Høland","Akershus",2015,0,1,0,0.339,1.13,0.67,0.320739776923051,65.296875,0.00149,-0.719878267256505,0.943648441881908,0.3106,3,0.115188242813995,NA,0,NA,0,NA,0,392600
"Aurskog-Høland","Akershus",2016,1,1,1,0.353,1.06,0.7,1.8354382919965,70.8352941176471,0.00149,-1.14791399373335,0.943648441881908,0.3106,3,-0.22385971959723,NA,0,NA,0,NA,0,400700
"Aurskog-Høland","Akershus",2018,1,2,0.5,0.3395,1.32,0.57,0.503091716661905,82.6186868686869,0.000745,-1.21925328147949,0.335983848335189,0.2643985,4.5,-0.522221926519108,NA,0,NA,0,NA,0,424300
"Aurskog-Høland","Akershus",2019,1,2,0.5,0.335,1.18,0.61,0.397124344975783,79.1380952380952,0.00149,-1.57594972021019,0.791579395842555,0.3106,4,0.299242850980089,NA,0,NA,0,NA,0,443400
"Bollnäs","Gävleborg",2001,0,1,0,0.212,1.22,0.19,1.80686120502531,82.093137254902,0,2.39908767933181,-0.0816724828436379,0.234375,0,-1.36170986047427,-0.393973643519563,0,-0.423699512149524,0,-0.869510429550315,0,211863
"Bollnäs","Gävleborg",2003,0,1,0,0.212,1.22,0.18,1.73815838730803,80.9272727272727,0,1.42318760638328,-0.0816724828436379,0.234375,0,-1.08999651770363,-0.393973643519563,0,-0.423699512149524,0,0.521706257730189,1,222547
"Bollnäs","Gävleborg",2004,0,2,0,0.205,1.24,0.235,-0.794777096292772,80.0807291666667,0.000535,0.121987509118567,-0.179189480617815,0.227051,1.5,-1.04509102964344,-0.393973643519563,0,-0.423699512149524,0,0.521706257730189,2,226706
"Bollnäs","Gävleborg",2005,0,1,0,0.205,1.31,0.22,0.0755501985497723,84.4166666666667,0.00043,-0.528612539513788,-0.0816724828436379,0.234375,1,-1.09171665788323,-0.393973643519563,0,-0.423699512149524,0,1.91292294501069,4,229848
"Bollnäs","Gävleborg",2006,0,1,0,0.211,1.3,0.23,0.0205879443759459,82.2311827956989,0.00027,-0.853912563829966,-0.0816724828436379,0.234375,0,-1.16463094275364,0.866742015743038,2,-0.423699512149524,0,-0.869510429550315,4,232861
"Bollnäs","Gävleborg",2007,0,1,0,0.204,1.32,0.22,-0.016236765920518,72.9166666666667,0.00043,-1.50451261246232,-0.0816724828436379,0.234375,1,-0.928008459646966,-0.393973643519563,2,-0.423699512149524,0,1.91292294501069,6,235788
"Bollnäs","Gävleborg",2008,0,1,0,0.212,1.28,0.23,-0.0343743097978805,84.171875,0.00027,-1.17921258814614,-0.276706478391993,0.234375,1,0.039830869751753,-0.393973643519563,2,-0.423699512149524,0,0.521706257730189,6,238813
"Bollnäs","Gävleborg",2009,0,1,0,0.212,1.3,0.23,-0.0711990200943444,80.828125,0.00027,-0.528612539513788,2.10278016677745,0.398438,1,-0.0871253048756628,-0.393973643519563,2,-0.423699512149524,0,-0.869510429550315,5,242732
"Bollnäs","Gävleborg",2010,0,2,0,0.208,1.13,0.19,-0.845067558861823,93.3802083333333,0,0.447287533434745,-0.182438271914497,0.226807,0,0.825531927561279,0.866742015743038,4,-0.423699512149524,0,-0.869510429550315,3,239000
"Bollnäs","Gävleborg",2011,0,2,0,0.204,1.12,0.18,-0.81758643177491,83.1029411764706,0,-0.528612539513788,-0.182438271914497,0.226807,3,0.755035668314777,-0.393973643519563,2,2.96589658504667,56,0.521706257730189,4,238825
"Bollnäs","Gävleborg",2012,0,2,0,0.205,1.15,0.18,-0.831326995318366,77.828125,0,0.447287533434745,-0.182438271914497,0.226807,1,0.225547032914527,-0.393973643519563,2,0.70616585358254,57,-0.869510429550315,2,244904
"Bollnäs","Gävleborg",2013,1,3,0.333333333333333,0.206,1.22333333333333,0.223333333333333,0.200131308010446,80.2681129168025,0.000233333333333333,0.447287533434745,0.64973162989955,0.289307,2.66666666666667,0.468925571355197,-0.393973643519563,2,-0.423699512149524,57,-0.869510429550315,1,249868
"Bollnäs","Gävleborg",2015,1,2,0.5,0.199,1.25,0.24,-1.23447512968338,78.0274621212122,0.00056,0.772587557750923,2.31407143352765,0.414307,3.5,1.13414964921383,-0.393973643519563,0,-0.423699512149524,57,0.521706257730189,3,256914
"Bollnäs","Gävleborg",2017,0,1,0,0.204,1.16,0.17,-0.597737415079603,81.8823529411765,0,-0.203312515197611,-1.35145723526444,0.139008,1,0.451219595106447,3.38817333426824,6,-0.423699512149524,0,0.521706257730189,5,268696
"Bollnäs","Gävleborg",2018,0,1,0,0.198,1.12,0.18,-0.542775160905777,83.1515151515152,0,0.121987509118567,-1.35145723526444,0.139008,1,1.83513626052084,-0.393973643519563,6,-0.423699512149524,0,-0.869510429550315,5,270087
"Bollnäs","Gävleborg",2019,0,1,0,0.213,1.26,0.23,1.94426684045987,86.7083333333333,0.00027,-0.853912563829966,-0.952095570704274,0.169002,3,1.03290219824219,-0.393973643519563,6,1.8360312193146,11,-0.869510429550315,4,271552
"Borlänge","Dalarna",2013,0,1,0,0.242,1.43,0.36,-0.638407019407289,80.3774509803922,0.01199,-0.999999999999998,0.577350269189626,0.429688,2,-0.408995539959307,NA,0,1.15470053837925,1,NA,2,267237
"Borlänge","Dalarna",2015,0,1,0,0.277,1.29,0.27,-0.514059568908762,72.469696969697,0.00133,0,0.577350269189626,0.429688,4,-0.730671726004922,NA,0,-0.577350269189626,1,NA,3,280598
"Borlänge","Dalarna",2017,1,1,1,0.207,1.54,0.49,1.15246658831605,71.2395833333333,0.01876,1,-1.15470053837925,0.141052,1,1.13966726596423,NA,0,-0.577350269189626,3,NA,2,288749
"Dals-Ed","Västra Götaland",2000,0,2,0,0.403,1.19,0.37,-0.883418336977697,48.5421875,0.00165,1.31868153923788,0.408248290463859,0.234375,0,NA,NA,0,-0.761386987626881,0,-0.408248290463863,0,203664
"Dals-Ed","Västra Götaland",2001,0,2,0,0.407,1.17,0.38,-0.411147045864944,67.5721275252525,0.00164,0.48583004077185,0.408248290463859,0.234375,0,NA,NA,0,-0.761386987626881,0,-0.408248290463863,0,202031
"Dals-Ed","Västra Götaland",2002,0,2,0,0.377,1.19,0.39,-1.07198086712894,64.875,0.00376,0.48583004077185,0.408248290463859,0.234375,0,NA,NA,0,1.52277397525376,23,-0.408248290463863,0,209205
"Dals-Ed","Västra Götaland",2003,1,2,0.5,0.398,1.19,0.38,0.323208862843343,59.7788306451613,0.00164,0.0694042915388373,0.408248290463859,0.234375,0,NA,NA,0,0.951733734533601,37,2.04124145231932,1,217020
"Dals-Ed","Västra Götaland",2004,0,1,0,0.347,1.23,0.39,0.426139785265352,70.0416666666667,0.00165,-1.17987295616021,0.408248290463859,0.234375,1,NA,NA,0,-0.19034674690672,40,-0.408248290463863,1,219086
"Dals-Ed","Västra Götaland",2016,0,1,0,0.398,1.19,0.38,1.61719760186289,65.6,0.00164,-1.17987295616021,-2.04124145231932,0.231424,0,NA,NA,0,-0.761386987626881,34,-0.408248290463863,2,256067
"Degerfors","Orebro",2002,0,1,0,0.16,1.29,0.35,-0.320278047620628,55.3529235382309,0.00319,1.41015110953209,-1.24318142238359,0.304688,0,NA,-0.353553390593274,0,-0.540061724867322,0,-0.504016128774185,0,229089
"Degerfors","Orebro",2003,0,1,0,0.161,1.32,0.33,-0.366147692182976,56.1283333333333,0.00378,1.2708769258746,-1.24318142238359,0.304688,0,NA,-0.353553390593274,0,-0.540061724867322,0,-0.504016128774185,0,232709
"Degerfors","Orebro",2006,0,1,0,0.168,1.34,0.34,-0.00782482171945834,75.8166666666667,0.00382,0.0174092729571859,0.724160737916311,0.433594,0,NA,-0.353553390593274,0,1.62018517460197,1,-0.504016128774185,0,240774
"Degerfors","Orebro",2007,0,1,0,0.161,1.3,0.34,-0.0709630383523375,46.8870689655172,0.00313,-0.678961645330266,0.724160737916311,0.433594,1,NA,-0.353553390593274,0,-0.540061724867322,1,2.1840698913548,2,244773
"Degerfors","Orebro",2009,0,1,0,0.161,1.31,0.33,-0.674823417943715,74.7363984674329,0.00357,-0.400413278015285,0.724160737916311,0.433594,0,NA,-0.353553390593274,0,-0.540061724867322,1,0.840026881290309,6,250151
"Degerfors","Orebro",2010,0,1,0,0.16,1.3,0.35,-0.720693062506064,78.5919540229885,0.0032,-0.121864910700305,0.724160737916311,0.433594,0,NA,2.47487373415292,1,1.62018517460197,2,-0.504016128774185,6,244126
"Degerfors","Orebro",2011,1,1,1,0.164,1.33,0.35,-0.232855901513565,76.1111111111111,0.00408,0.156683456614676,0.724160737916311,0.433594,1,NA,-0.353553390593274,1,-0.540061724867322,1,-0.504016128774185,6,240803
"Degerfors","Orebro",2017,1,1,1,0.189,1.46,0.36,2.39358598183875,60.6808429118774,0.00457,-1.6538809309327,-1.13444084481438,0.311813,4,NA,-0.353553390593274,0,-0.540061724867322,4,-0.504016128774185,0,268918
"Eda","Värmland",2002,0,1,0,0.339,1.22,0.32,-1.09611503824243,75.26875,0.00026,1.43285027508128,0.474413518079796,0.234375,1,1.82070108973226,-0.377964473009227,0,-0.377964473009227,0,NA,0,205655
"Eda","Värmland",2003,0,1,0,0.342,1.2,0.31,-1.06077035064253,73.5125,0.00013,1.43285027508128,0.474413518079796,0.234375,0,-0.682357859932442,-0.377964473009227,0,-0.377964473009227,0,NA,0,207411
"Eda","Värmland",2014,1,2,0.5,0.33,1.34,0.35,-0.722363767239254,64.2642809139785,0.00031,-0.211404138946418,-0.296184317496519,0.293274,2,-0.676786663542091,-0.377964473009227,1,-0.377964473009227,10,NA,0,224435
"Eda","Värmland",2016,0,1,0,0.312,1.41,0.59,0.738048643803342,69.63125,0.00287,-0.869105904557497,-0.381468206505676,0.214123,3,-0.406583638610083,-0.377964473009227,0,-0.377964473009227,1,NA,2,270097
"Eda","Värmland",2017,1,2,0.5,0.309,1.4,0.57,0.274807631855742,69.953125,0.00287,-0.704680463154727,-1.96870788017341,0.214123,3,-0.531537614793662,2.26778683805536,1,2.26778683805536,6,NA,2,269018
"Eda","Värmland",2018,0,1,0,0.311,1.39,0.57,0.304888217047144,83.1927083333333,0.00287,-0.622467742453342,0.848766684008006,0.243233,5,-0.536312925985392,-0.377964473009227,1,-0.377964473009227,6,NA,2,274406
"Eda","Värmland",2019,1,1,1,0.317,1.41,0.61,1.56150466341799,78.7135416666667,0.00287,-0.458042301050573,0.848766684008006,0.243233,5,1.01287761313141,-0.377964473009227,1,-0.377964473009227,6,NA,2,278143
"Eidskog","Hedmark",2010,1,1,1,0.309,1.79,0.59,0.262752281450267,84.0052083333333,0.00179,1.25724989196128,0.113827619350889,0.256958,1,-0.006137472349151,NA,0,NA,0,NA,0,281200
"Eidskog","Hedmark",2013,1,1,1,0.3,1.68,0.51,0.555085945580364,82.3541666666667,0,0.163989116342776,0.503663806137486,0.286621,0,-1.30114413802002,NA,0,NA,0,NA,0,318600
"Eidskog","Hedmark",2014,0,1,0,0.302,1.67,0.51,0.660756339324359,66.2114305750351,0,-0.273315193904626,0.818799899012644,0.3106,2,1.12929491224379,NA,0,NA,0,NA,0,329700
"Eidskog","Hedmark",2016,2,2,1,0.325,1.62,0.46,-1.47859456635499,74.34375,0,-1.14792381439943,-1.43629132450102,0.139008,4,0.17798669812538,NA,0,NA,0,NA,0,355100
"Elverum","Hedmark",2002,0,1,0,0.201,1.17,0.31,2.38938805640624,98.1771428571429,0.0029,1.1378608797501,-0.442918725121377,0.269531,1,-1.66785716643247,-0.474341649025257,0,NA,0,NA,0,235600
"Elverum","Hedmark",2008,0,1,0,0.192,1.35,0.35,-0.124111496324051,85.09375,0.00234,1.602293891893,1.27887832144069,NA,1,-0.885697685321187,-0.474341649025257,1,NA,0,NA,0,306900
"Elverum","Hedmark",2012,0,1,0,0.194,1.11,0.33,-0.529893640425841,86.2395833333333,0.00149,0.90564437367865,0.251096602014148,0.279175,2,1.66700357781824,-0.474341649025257,0,NA,0,NA,0,351600
"Elverum","Hedmark",2013,0,1,0,0.194,1.12,0.35,-0.519410181914525,82.890625,0.00149,0.673427867607201,0.251096602014148,0.279175,1,0.637041561582523,1.89736659610103,1,NA,0,NA,0,364500
"Elverum","Hedmark",2014,0,1,0,0.196,1.13,0.31,-0.506938481271753,79.9347872495815,0.00213,-0.0232216506071444,0.251096602014148,0.279175,2,-0.17234896734463,-0.474341649025257,1,NA,0,NA,0,376500
"Elverum","Hedmark",2015,0,1,0,0.191,1.02,0.28,-0.496635772045115,80.375,6e-04,-0.487654662750042,0.251096602014148,0.279175,4,0.0459183543795143,-0.474341649025257,1,NA,0,NA,0,391300
"Elverum","Hedmark",2016,0,1,0,0.192,1.1,0.35,-0.487236809241867,79.7878787878788,0.00149,-0.952087674892939,0.251096602014148,0.279175,2,-0.376791295562254,-0.474341649025257,1,NA,0,NA,0,395200
"Elverum","Hedmark",2017,0,1,0,0.192,1.08,0.3,-0.480006837854753,85.6927083333333,0.00149,-0.952087674892939,0.251096602014148,0.279175,3,-0.800967232694108,-0.474341649025257,1,NA,0,NA,0,407200
"Elverum","Hedmark",2018,0,1,0,0.192,1.08,0.3,-0.479464590000719,83.8020833333333,0.00149,-0.952087674892939,0.251096602014148,0.279175,3,0.440140138913909,-0.474341649025257,0,NA,0,NA,0,419200
"Elverum","Hedmark",2019,2,4,0.5,0.1795,1.2375,0.44,1.23430975267239,83.5428921568627,0.0035675,-0.952087674892939,-2.59363581041836,0.283405,4.5,1.11355871466046,1.89736659610103,1,NA,0,NA,0,433800
"Enebakk","Akershus",2012,0,2,0,0.398,1.19,1.75,-1.21960350393257,69.2280092592593,0.03968,1.34164078649987,-0.676104928214437,0.2665405,1,-0.47733469159234,NA,0,NA,0,NA,0,389500
"Enebakk","Akershus",2013,1,2,0.5,0.4,1.17,1.6,-0.777296732467188,76.7760416666667,0.03636,0.670820393249936,-1.37670228432544,0.256958,0,-0.47733469159234,NA,0,NA,0,NA,0,405800
"Enebakk","Akershus",2017,1,2,0.5,0.412,1.16,1.54,0.0599466442984811,69.8484848484848,0.03365,-0.223606797749979,0.284217915685244,0.423096,0,-0.47733469159234,NA,0,NA,0,NA,0,444900
"Enebakk","Akershus",2018,0,1,0,0.407,1.14,1.43,0.848291785022749,81.9646464646465,0.02358,-0.670820393249937,0.921971380679636,0.423096,2,-0.354310286542768,NA,0,NA,0,NA,0,455700
"Enebakk","Akershus",2019,1,1,1,0.401,1.16,1.54,1.08866180707853,77.6770833333333,0.03183,-1.1180339887499,0.846617916174996,0.423096,1,1.78631436131979,NA,0,NA,0,NA,0,467400
"Falun","Dalarna",2007,0,2,0,0.1795,1.28,0.25,0.0682444529948377,75.1119791666667,0.001925,0.960792542584508,-0.680133230394127,0.223389,0,-1.54820273101032,NA,0,-0.533357522431621,50,-0.82775026403106,4,260496
"Falun","Dalarna",2008,1,4,0.25,0.1855,1.285,0.285,0.057571992926141,81.9143781565656,0.00153,-0.227502673931214,-0.771405922991045,0.223389,1,-0.514273225320143,NA,0,-0.533357522431621,50,0.96570864136957,6,262687
"Falun","Dalarna",2009,0,1,0,0.185,1.39,0.2,0.565225343527189,82.3513513513514,0.00253,-0.227502673931214,-0.179528270184962,0.267578,0,-1.40675812556822,NA,0,-0.533357522431621,50,0.068979188669255,7,269265
"Falun","Dalarna",2010,0,2,0,0.173,1.255,0.25,-0.475517387505303,85.7136363636364,0.001645,-0.227502673931214,0.561710104670447,0.333008,1.5,-0.337780014908143,NA,0,-0.533357522431621,50,0.068979188669255,7,266235
"Falun","Dalarna",2011,2,5,0.4,0.1732,1.248,0.258,-0.697326682599734,83.1958333333333,0.001368,-0.702820760537503,0.249175548078118,0.3492678,3.6,-0.0736644238869561,NA,0,0.457163590655676,7,2.7591675467702,8,265750
"Falun","Dalarna",2012,1,2,0.5,0.1765,1.35,0.265,-0.466623670781389,75.3791824494949,0.00258,-2.60409310696266,-0.558440083172718,0.234131,1.5,-1.16212980200194,NA,0,2.93346637337392,58,0.068979188669255,9,274342
"Falun","Dalarna",2013,1,3,0.333333333333333,0.176666666666667,1.16666666666667,0.2,-1.46858979689761,80.203227124183,0,0.0365629297389459,-1.64632229040995,0.211344666666667,2,0.921301543896038,NA,0,-0.0380969658879729,59,0.068979188669255,8,280604
"Falun","Dalarna",2014,1,3,0.333333333333333,0.177666666666667,1.26333333333333,0.196666666666667,-0.484351812784391,78.6132137911372,0,-0.491568277601373,-0.707794196800036,0.303792333333333,3,1.02838341005874,NA,0,-0.533357522431621,59,-0.82775026403106,7,286988
"Falun","Dalarna",2015,0,2,0,0.182,1.245,0.215,-0.138979146672373,76.7624327956989,0,0.960792542584508,1.48272399183795,0.414307,5.5,1.61568701750676,NA,0,-0.533357522431621,59,0.068979188669255,7,295591
"Falun","Dalarna",2016,0,3,0,0.178333333333333,1.21333333333333,0.22,-0.86773029502994,78.5229166666667,0.000476666666666667,0.0365629297389494,-0.63876450862256,0.365143,4,0.140896358112457,NA,0,0.952424147199324,60,-0.82775026403106,3,302223
"Falun","Dalarna",2017,0,1,0,0.193,1.4,0.24,1.95371239846474,74.234375,0.00253,0.564694137079269,1.48272399183795,0.414307,0,-0.169855784705531,NA,0,-0.533357522431621,9,-0.82775026403106,2,305524
"Falun","Dalarna",2018,0,1,0,0.204,1.43,0.25,1.93948245170648,82.3489583333333,0.00368,1.35689094808975,1.48272399183795,0.414307,1,0.445443876287104,NA,0,-0.533357522431621,8,-0.82775026403106,1,307747
"Falun","Dalarna",2019,0,2,0,0.188,1.28,0.19,0.0148821526513504,84.4767156862745,0.00166,0.564694137079269,-0.0766691256870303,0.2766575,2.5,1.06095190154015,NA,0,-0.0380969658879729,13,0.068979188669255,2,309927
"Filipstad","Värmland",1998,1,2,0.5,0.338,1.045,0.28,-1.55344371620982,NA,0.00134,1.28180602588239,1.22052443447845,0.375,1,-1.12253573109687,NA,NA,-0.471175628075041,0,-0.969887836143006,0,196936
"Filipstad","Värmland",2000,0,1,0,0.333,1.17,0.35,0.697393818656522,64.9586693548387,0.00375,1.89450541609932,1.22052443447845,0.375,0,-1.14286058072407,-0.376232006411049,0,-0.471175628075041,0,-0.969887836143006,0,207053
"Filipstad","Värmland",2001,0,1,0,0.357,1.13,0.25,1.43587244365356,74.578431372549,0,1.71944844746591,-2.49862930300784,0.375,1,-1.13086157311283,-0.376232006411049,0,-0.471175628075041,0,-0.969887836143006,0,209638
"Filipstad","Värmland",2004,0,1,0,0.342,1.2,0.31,0.951577736560585,81.515625,0.00375,0.406521182715356,0.0582888915139889,0.296875,0,-1.14163619219231,-0.376232006411049,0,1.54814849224656,15,-0.0606179897589379,3,219911
"Filipstad","Värmland",2007,0,3,0,0.327666666666667,1.07333333333333,0.293333333333333,0.144089475913453,69.9915285244922,0.000806666666666667,-0.118649723184865,0.616404936847782,0.334391333333333,2,-1.02654367020699,-0.376232006411049,0,-0.471175628075041,48,-0.0606179897589379,4,226802
"Filipstad","Värmland",2008,0,3,0,0.336333333333333,1.07666666666667,0.29,0.466574996270102,76.7930976430976,0.00134,-0.381235176134976,0.70357198271116,0.340250666666667,2.33333333333333,0.890359015114562,-0.376232006411049,0,-0.471175628075041,43,1.7579217030092,5,227718
"Filipstad","Värmland",2009,0,2,0,0.3405,1.045,0.255,-0.167468732095046,82.6778273809524,0.00022,-0.24994244965992,0.895462959514678,0.3531495,2,1.2967335688053,0.15049280256442,1,-0.471175628075041,33,0.84865185662513,6,231812
"Filipstad","Värmland",2010,1,2,0.5,0.32,1.09,0.27,-1.67168526019305,82.5034722222222,0.0013,-0.293706691818272,-0.679003583712769,0.248291,3,1.50243084214078,0.677217611539888,3,2.55781055240737,18,-0.969887836143006,6,226569
"Filipstad","Värmland",2011,0,2,0,0.3335,1.085,0.265,-0.321465952552243,82.3409090909091,0.00162,-0.0748854810265131,0.207196368855465,0.3068845,3,1.22143367410214,-0.376232006411049,3,-0.471175628075041,18,0.84865185662513,8,225496
"Filipstad","Värmland",2012,0,2,0,0.3505,1.135,0.3,-0.377612985114339,68.6983428030303,0.002135,0.406521182715356,0.599001776792171,0.3332215,4.5,-0.717018249378366,-0.376232006411049,3,-0.471175628075041,18,1.7579217030092,10,229056
"Filipstad","Värmland",2013,1,2,0.5,0.349,1.15,0.335,-0.354955922794199,80.8440285204991,0.003215,-0.118649723184865,0.256229691730484,0.3332215,5,-0.0458084562682019,-0.376232006411049,3,-0.471175628075041,18,0.84865185662513,9,234539
"Filipstad","Värmland",2015,1,3,0.333333333333333,0.356,1.09666666666667,0.286666666666667,-1.38460139971161,77.7192760942761,0.000633333333333333,-1.22734385786311,-1.16372584919101,0.227681333333333,5,0.496187533790352,-0.376232006411049,0,1.54814849224656,31,-0.0606179897589379,8,238754
"Filipstad","Värmland",2017,1,3,0.333333333333333,0.341666666666667,1.14333333333333,0.333333333333333,0.560035378340677,75.0689245395128,0.00307333333333333,-1.34404850361872,-0.193259790674634,0.279966,5,-0.207999123775182,3.31084165641723,7,-0.471175628075041,41,-0.0606179897589379,4,247655
"Filipstad","Värmland",2018,2,2,1,0.3615,1.135,0.29,1.57146080097565,82.9848484848484,0.000915,-1.0814630506686,-0.570203460276344,0.254628,3.5,0.821303501923367,-0.376232006411049,7,-0.471175628075041,41,-0.969887836143006,2,246480
"Filipstad","Värmland",2019,1,2,0.5,0.34,1.055,0.245,0.00422931829975938,80.1173555107527,8.5e-05,-0.818877597718494,-0.672383490060043,0.2477595,2.5,0.306815440878327,-0.376232006411049,7,-0.471175628075041,39,-0.969887836143006,2,248233
"Finspång","Östergötland",2017,0,1,0,0.274,1.45,0.36,-0.70710678118654,48.7449494949495,0.00649,0.707106781186547,NA,0.204487,0,NA,NA,0,-0.707106781186547,0,NA,0,283842
"Finspång","Östergötland",2019,0,1,0,0.26,1.44,0.38,0.707106781186555,47.84375,0.00546,-0.707106781186547,NA,0.204487,0,NA,NA,0,0.707106781186547,14,NA,0,288223
"Flen","Södermanland",2017,0,1,0,0.249,1.44,0.47,-0.707106781186556,54.0686274509804,0.00482,0.707106781186548,NA,0.197039,1,NA,NA,0,NA,5,NA,0,250711
"Flen","Södermanland",2018,0,2,0,0.254,1.44,0.42,0.707106781186539,76,0.00185,-0.707106781186547,NA,0.197039,1,NA,NA,0,NA,5,NA,0,250832
"Forshaga","Värmland",2012,0,1,0,0.305,1.21,0.51,1.90112087507075,57.7730429292929,0.00717,1.84516685385438,0.941623907246977,0.277832,3,-0.775821959656983,-0.504016128774185,0,-0.540061724867322,1,-0.682221028637269,1,255045
"Forshaga","Värmland",2013,0,1,0,0.37,1.17,0.36,-0.963094244079908,80.1666666666667,0.00255,1.06825449433675,0.941623907246977,0.277832,4,-0.570174145136878,-0.504016128774185,0,-0.540061724867322,1,0.409332617182361,2,262173
"Forshaga","Värmland",2014,2,2,1,0.37,1.16,0.36,-0.941945756341046,67.6035704179804,0.00252,0.0323713483132346,0.941623907246977,0.277832,4,0.305511639601458,-0.504016128774185,0,1.62018517460197,2,-0.682221028637269,1,264280
"Forshaga","Värmland",2015,0,2,0,0.3455,1.215,0.45,0.549614195339334,63.4489247311828,0.006955,-0.874026404457339,0.844801288129244,0.27211,5,-0.681971775212353,2.1840698913548,2,-0.540061724867322,2,-0.682221028637269,1,279686
"Forshaga","Värmland",2016,0,3,0,0.37,1.14666666666667,0.4,-0.0661814563856009,62.6734848484849,0.00303,-1.00351179771028,-0.871253573426989,0.170695,4,-0.681348600016838,-0.504016128774185,2,1.62018517460197,2,1.50088626300199,3,286261
"Forshaga","Värmland",2017,0,2,0,0.372,1.19,0.35,-0.859570178225338,73.7135416666667,0.0013,-0.7445410112044,-1.32739606618419,0.143738,5,1.85347882526188,0.840026881290309,3,-0.540061724867322,2,-0.682221028637269,3,289157
"Forshaga","Värmland",2018,0,3,0,0.359333333333333,1.15333333333333,0.393333333333333,-0.286096150565237,82.7686237373737,0.00342333333333333,-0.356084831445583,-0.62751619489183,0.185099333333333,5.33333333333333,1.13059559846394,-0.504016128774185,3,-0.540061724867322,2,-0.682221028637269,2,289581
"Forshaga","Värmland",2019,3,4,0.75,0.3445,1.225,0.45,0.66615271518705,69.7395833333333,0.008235,0.0323713483132346,-0.843507175367168,0.20578,2.5,-0.580269583304229,-0.504016128774185,3,-0.540061724867322,1,1.50088626300199,4,292101
"Färgelanda","Västra Götaland",2002,0,2,0,0.3,1.25,0.46,1.22893159825688,52.91875,0.00104,1.03189980882469,0.438777012338022,0.296875,0,NA,NA,0,-0.780720058358827,0,-0.707106781186547,0,220512
"Färgelanda","Västra Götaland",2003,0,2,0,0.311,1.24,0.46,1.05156002737445,46.329525862069,0.00091,0.836675520668665,0.438777012338022,0.296875,0,NA,NA,0,-0.780720058358827,0,0,1,225239
"Färgelanda","Västra Götaland",2005,0,1,0,0.295,1.26,0.52,0.25338795840348,57.5909090909091,0.00117,-0.334670208267466,0.438777012338022,0.296875,1,NA,NA,0,-0.780720058358827,0,-0.707106781186547,1,230204
"Färgelanda","Västra Götaland",2006,1,2,0.5,0.282,1.27,0.51,-0.0126693979201693,72.1862745098039,7e-04,-0.920343072735531,-1.04404278281366,0.296875,0,NA,NA,0,1.26867009483309,9,0,2,231666
"Färgelanda","Västra Götaland",2007,0,1,0,0.301,1.27,0.5,-0.190040968802618,40.8530092592593,0.00083,-1.11556736089155,0.756555098923334,0.299805,1,NA,NA,0,0.58554004376912,17,-0.707106781186547,2,231198
"Färgelanda","Västra Götaland",2008,0,1,0,0.294,1.25,0.48,-0.633469896008701,42.1197916666667,0.00091,-0.725118784579509,0.756555098923334,0.299805,2,NA,NA,0,1.26867009483309,39,2.12132034355964,5,231530
"Färgelanda","Västra Götaland",2012,1,2,0.5,0.295,1.26,0.52,-1.69769932130333,46.1122334455668,0.00134,1.22712409698071,-1.78539845204707,0.279175,0,NA,NA,1,-0.780720058358827,35,0,6,238500
"Gagnef","Dalarna",2012,1,2,0.5,0.243,1.34,0.31,0.197785674234983,71.4807449494949,0.00317,-1.38873014965883,-1.27441604119792,0.27356,2,-1.19601814095714,-0.5,0,NA,0,-0.5,2,262301
"Gagnef","Dalarna",2014,0,1,0,0.249,1.27,0.27,0.607294073260002,76.6927083333333,0.00274,0,1.17030738700713,0.429688,4,1.16241852718178,-0.5,0,NA,0,-0.5,1,273927
"Gagnef","Dalarna",2015,0,1,0,0.312,1.23,0.24,-1.46743377356507,74.4393939393939,0.00026,0.462910049886274,0.0317433951217474,0.293274,5,0.346768977525673,-0.5,0,NA,0,-0.5,1,280555
"Gagnef","Dalarna",2017,0,1,0,0.262,1.26,0.26,0.662354026070089,77.21875,0.00239,0.92582009977255,0.0723652590690413,0.298141,2,-0.313169363750305,1.5,2,NA,4,1.5,2,291447
"Gnesta","Södermanland",2018,0,1,0,0.293,1.43,0.44,0.707106781186548,74.2760416666667,0.00994,0.707106781186548,0.707106781186547,0.393736,1,NA,0.707106781186547,1,-0.707106781186548,0,NA,0,300005
"Gnesta","Södermanland",2019,0,3,0,0.277,1.45666666666667,0.46,-0.707106781186547,51.0256331699346,0.00907,-0.707106781186548,-0.707106781186548,0.262604666666667,1,NA,-0.707106781186547,1,0.707106781186548,12,NA,0,300790
"Grue","Hedmark",2003,0,2,0,0.177,2.04,0.46,2.04830346137319,79.51875,0.00105,0.422868459441169,-2.84604989415154,0.269531,2,-1.29257800516846,NA,0,NA,0,NA,0,224300
"Grue","Hedmark",2004,0,1,0,0.194,2.09,0.44,1.40085121783569,83.2083333333333,0.00105,-0.730409157216565,0.316227766016838,0.269531,1,-1.3076605956605,NA,0,NA,0,NA,0,225600
"Grue","Hedmark",2005,1,1,1,0.183,2.05,0.42,0.576821089697044,82.9322916666667,0.00063,-0.345983284997321,0.316227766016838,0.269531,2,0.31488889081316,NA,0,NA,0,NA,0,232600
"Grue","Hedmark",2007,0,1,0,0.17,2.03,0.6,-0.470874358936378,73.328125,0.00105,0.0384425872219236,0.316227766016838,0.269531,1,-0.219559424448518,NA,0,NA,0,NA,0,264200
"Grue","Hedmark",2009,0,1,0,0.192,1.98,0.37,-0.753398974298188,79.8448547979798,0.00044,0.807294331660414,0.316227766016838,0.269531,4,-0.753070932847335,NA,0,NA,0,NA,0,279800
"Grue","Hedmark",2010,0,1,0,0.196,1.96,0.36,-0.623908525590696,87.4583333333333,0.00044,1.19172020387966,0.316227766016838,0.269531,2,0.195446015798499,NA,0,NA,0,NA,0,289400
"Grue","Hedmark",2011,0,1,0,0.195,1.95,0.37,-0.670995961484328,82.6770833333333,0.00044,0.807294331660414,0.316227766016838,0.269531,4,0.207811866388252,NA,0,NA,0,NA,0,307600
"Grue","Hedmark",2012,0,1,0,0.193,1.97,0.38,-0.765170833271612,82.2227822580645,0.00044,0.422868459441169,0.316227766016838,0.269531,5,-0.139556118360267,NA,0,NA,0,NA,0,322800
"Grue","Hedmark",2013,0,1,0,0.194,1.96,0.37,-0.470874358936378,82.046875,0.00044,-0.345983284997321,0.316227766016838,0.269531,3,1.89781144698784,NA,0,NA,0,NA,0,332400
"Grue","Hedmark",2014,0,1,0,0.191,1.99,0.37,-0.270752756388408,77.4791666666667,0.00044,-2.26811264609354,0.316227766016838,0.269531,6,1.09646685649733,NA,0,NA,0,NA,0,342400
"Grums","Värmland",2015,0,1,0,0.392,1.19,0.34,NA,53.4656862745098,0.00251,NA,NA,0.3106,1,NA,NA,0,NA,0,NA,0,261885
"Gävle","Gävleborg",2014,0,1,0,0.035,1.3,0.3,0.703930449846636,58.509269558769,0.02964,0.866025403784435,0.482731058664541,0.222382,0,-0.830106141894974,NA,0,NA,0,-0.78334945180064,1,275988
"Gävle","Gävleborg",2015,0,1,0,0.036,1.35,0.32,0.938941137328042,60.5677083333333,0.02834,0.866025403784435,0.482731058664541,0.222382,0,-0.312775607492102,NA,0,NA,0,0.261116483933547,1,285533
"Gävle","Gävleborg",2016,1,3,0.333333333333333,0.05,1.3,0.283333333333333,-0.451734605843155,73.2553571428571,0.0201133333333333,-0.866025403784442,-1.49956017410195,0.219892,0,-0.311736872423416,NA,0,NA,0,-0.78334945180064,1,294343
"Gävle","Gävleborg",2017,0,2,0,0.0595,1.355,0.275,-1.19113698133152,62.0464782131449,0.01579,-0.866025403784442,0.534098056772867,0.223168,0,1.45461862181049,NA,0,NA,0,1.30558241966773,3,298488
"Hagfors","Värmland",1999,0,1,0,0.357,1.16,0.26,2.60959907328022,NA,0.00032,2.07041166351747,2.27081613124658,0.375,0,-1.23431353286113,NA,NA,-0.465130254709532,0,-0.858636874093699,0,208777
"Hagfors","Värmland",2003,0,2,0,0.3685,1.04,0.29,-0.931927794020599,75.7559475806452,0.001105,1.41675103965854,0.241748870533844,0.2753905,1.5,-0.727825303011858,-0.582575265003535,0,0.361767975885191,1,-0.0954040971215221,1,221372
"Hagfors","Värmland",2004,1,4,0.25,0.38275,1.1025,0.3075,-0.838430647324382,77.6326546717171,0.0014075,0.973195616325689,-0.494283135093313,0.2753905,2,-0.943583041198191,-0.582575265003535,0,0.361767975885191,3,-0.0954040971215221,2,226500
"Hagfors","Värmland",2005,1,4,0.25,0.354,1.0075,0.295,-0.990470989432944,79.9700126262626,0.001385,0.366225037028108,-0.45200983954626,0.26184075,3.5,-0.798829903995895,-0.582575265003535,0,2.84246266766936,14,-0.858636874093699,2,228482
"Hagfors","Värmland",2006,0,4,0,0.35375,1.02,0.29,-0.696820414743308,82.3478094362745,0.00133,0.202809881063375,-0.0342624950070174,0.26184075,2,-0.519117367658066,-0.582575265003535,0,2.01556443707464,22,-0.858636874093699,2,228662
"Hagfors","Värmland",2007,0,1,0,0.347,0.98,0.28,-1.06299576535884,69.6354166666667,0.00026,-0.0773303863047401,-0.504218709073833,0.23877,4,-0.605150290847999,1.60208197875972,1,-0.465130254709532,22,-0.0954040971215221,3,229100
"Hagfors","Värmland",2008,0,3,0,0.392666666666667,1.11666666666667,0.313333333333333,-0.870593267026226,78.4036474804976,0.0014,-0.32634395729862,-0.0864798521255522,0.259277333333333,3.66666666666667,1.46684445463307,-0.582575265003535,1,-0.465130254709532,21,1.43106145682283,5,230208
"Hagfors","Värmland",2009,0,2,0,0.3775,1.06,0.305,-0.974321142422642,81.9874526515152,0.00138,-0.0306403417433874,-0.190914566362623,0.2541505,4.5,0.884342183064462,-0.582575265003535,1,-0.465130254709532,19,0.667828679850655,6,233064
"Hagfors","Värmland",2010,1,4,0.25,0.38925,1.1175,0.32,0.326563987819234,82.6134135472371,0.00163,0.342880014747432,0.804970129131284,0.30365,3.75,0.296928970999733,1.60208197875972,2,-0.465130254709532,8,-0.858636874093699,6,231810
"Hagfors","Värmland",2011,2,4,0.5,0.372,1.12,0.32,0.794984318928226,82.9458585349462,0.00231,0.22615490334405,1.00265291271705,0.34545925,3,0.301952483197772,1.60208197875972,3,-0.465130254709532,0,0.667828679850655,8,229175
"Hagfors","Värmland",2012,0,3,0,0.379666666666667,1.11666666666667,0.303333333333333,0.461519885289582,71.725992063492,0.00165,0.296189970186079,0.160522625024208,0.271403,3.33333333333333,-0.862601773131776,-0.582575265003535,2,-0.465130254709532,0,-0.0954040971215221,8,238210
"Hagfors","Värmland",2013,1,3,0.333333333333333,0.366,1.07333333333333,0.303333333333333,0.206711188015928,81.4335237455197,0.00160333333333333,-0.232963868175915,0.61639453064811,0.293782333333333,4.33333333333333,2.0618984709654,-0.582575265003535,2,-0.465130254709532,0,-0.858636874093699,5,244050
"Hagfors","Värmland",2014,0,2,0,0.3725,1.175,0.29,0.907360337708245,73.4952034070452,0.00147,-0.824371099286378,0.774501375094661,0.301544,4.5,1.04323714032006,-0.582575265003535,2,-0.465130254709532,0,1.43106145682283,6,249049
"Hagfors","Värmland",2015,0,3,0,0.371,1.14,0.306666666666667,0.639716499677946,73.5772306397307,0.00189666666666667,-1.44690502677108,-1.83132485180046,0.263464333333333,5.33333333333333,-0.132518000350212,-0.582575265003535,1,-0.465130254709532,0,-0.858636874093699,6,257919
"Hagfors","Värmland",2016,1,2,0.5,0.372,1.12,0.34,0.20701025925686,71.7,0.00331,-1.57141181226802,-0.675654466367649,0.305908,5,-0.993522662461042,-0.582575265003535,0,-0.465130254709532,0,2.19429423379501,8,264240
"Hagfors","Värmland",2017,1,2,0.5,0.372,1.12,0.33,0.212094470352695,78.0858585858586,0.00331,-1.38465163402261,-1.60245865901904,0.214912,4,0.762258172335667,1.60208197875972,1,-0.465130254709532,0,-0.858636874093699,7,267645
"Halden","Ãstfold",2006,1,1,1,0.379,1.22,0.38,-0.765017746192389,80.8087121212121,0.0048,-1.05882860389317,0.217521190790456,0.269531,0,NA,NA,0,NA,0,NA,0,256400
"Halden","Ãstfold",2007,0,1,0,0.391,1.22,0.4,-0.548736477074994,57.3208333333333,0.00291,-1.05882860389317,0.901202761599114,0.290039,1,NA,NA,0,NA,0,NA,0,277300
"Halden","Ãstfold",2008,0,1,0,0.4,1.23,0.43,-0.490340534413296,52.489898989899,0.00059,-0.278639106287677,0.901202761599114,0.290039,1,NA,NA,0,NA,0,NA,0,296300
"Halden","Ãstfold",2009,0,2,0,0.364,1.285,0.555,2.07854023952858,80.9873936436437,0.001625,0.891645140120564,0.787255833131005,0.286621,1.5,NA,NA,0,NA,0,NA,0,300600
"Halden","Ãstfold",2010,1,2,0.5,0.389,1.21,0.38,-0.608213826082277,82.9141414141414,0.00362,0.11145564251507,-0.148722506152391,0.290039,3,NA,NA,0,NA,0,NA,0,310000
"Halden","Ãstfold",2012,1,1,1,0.403,1.22,0.41,-0.0853538579909725,63.3873737373737,0.00059,1.67183463772606,-1.60559632738845,0.290039,0,NA,NA,0,NA,0,NA,0,339700
"Halden","Ãstfold",2017,1,1,1,0.398,1.22,0.43,0.419122202225354,61.8767148683723,0.00043,-0.278639106287677,-1.05286371357884,0.231424,0,NA,NA,0,NA,0,NA,0,397500
"Heby","Västmanland",2019,0,1,0,0.164,1.3,0.44,NA,67.6197916666667,0.00573,NA,NA,0.134041,0,NA,NA,0,NA,3,NA,0,277029
"Hedemora","Dalarna",2006,0,1,0,0.205,1.44,0.26,-0.707106781186548,81.3047619047619,0.00372,0.707106781186548,-0.707106781186547,0.219727,0,-0.707106781186548,NA,0,NA,0,NA,0,238615
"Hedemora","Dalarna",2015,1,2,0.5,0.2645,1.45,0.335,0.707106781186548,64.40625,0.006235,-0.707106781186547,0.707106781186547,0.2473755,2.5,0.707106781186548,NA,0,NA,9,NA,0,265096
"Hofors","Gävleborg",2019,0,1,0,0.121,1.41,0.31,NA,79.9375,0.00258,NA,NA,0.400426,2,NA,NA,0,NA,0,NA,0,287280
"Hällefors","Orebro",2002,0,1,0,0.259,1.24,0.33,-0.59270801531908,75.2022727272727,0.00108,1.92807101708279,2.48827083569895,0.359375,1,-0.788741377731499,-0.433012701892219,0,-0.465130254709532,0,-0.344728919832691,0,214104
"Hällefors","Orebro",2003,1,1,1,0.276,1.13,0.35,1.9408299664266,66.8676441837732,0.00078,2.07284600154891,0.471901567940693,0.359375,1,-0.788741377731499,-0.433012701892219,0,2.01556443707464,1,1.493825319275,1,220091
"Hällefors","Orebro",2005,0,1,0,0.296,1.22,0.31,-0.960071022672202,82.390625,0.00104,0.769871141353744,-0.218467683712303,0.23877,0,-0.647674862707987,-0.433012701892219,0,-0.465130254709532,1,-0.344728919832691,1,227768
"Hällefors","Orebro",2006,0,1,0,0.297,1.21,0.3,-0.972738712580931,82.2135416666667,0.00097,0.190771203489224,-0.218467683712303,0.23877,0,-0.301316427447007,-0.433012701892219,0,-0.465130254709532,1,-0.344728919832691,1,231433
"Hällefors","Orebro",2007,0,1,0,0.303,1.18,0.3,-0.985406402489659,72.8118279569892,0.00076,-0.243553749909167,-0.218467683712303,0.23877,0,-0.592337794822748,-0.433012701892219,0,-0.465130254709532,1,-0.344728919832691,1,231555
"Hällefors","Orebro",2008,0,2,0,0.284,1.175,0.335,0.391571490589116,75.6554827508961,0.000885,-0.533103718841427,0.433557695295163,0.2678225,0.5,-0.324684153004764,-0.433012701892219,0,2.01556443707464,1,3.33237955838268,2,233695
"Hällefors","Orebro",2009,1,3,0.333333333333333,0.278,1.17333333333333,0.306666666666667,0.843385764000428,82.0510361552028,0.000653333333333333,-0.0505204372876603,0.815272050929117,0.296875,0.333333333333333,-0.480612350335969,-0.433012701892219,0,-0.465130254709532,1,-0.344728919832691,2,234289
"Hällefors","Orebro",2010,1,2,0.5,0.281,1.235,0.34,0.758554467244977,81.6484375,0.002135,0.407933680188419,1.18694690269217,0.3013915,3,0.0844660846752188,3.03108891324554,2,-0.465130254709532,1,-0.344728919832691,2,231600
"Hällefors","Orebro",2011,2,4,0.5,0.30175,1.17,0.3125,-0.182908246771717,82.0208333333333,0.0009325,0.444127426304951,-1.12255044269164,0.26495375,3.5,0.827215692741088,-0.433012701892219,2,-0.465130254709532,1,-0.344728919832691,2,227528
"Hällefors","Orebro",2012,1,4,0.25,0.30175,1.24,0.3025,-0.83497758482351,68.4521029345878,0.001375,0.371739934071886,-0.321049045078738,0.26644875,4.75,0.194710139607211,-0.433012701892219,2,-0.465130254709532,1,-0.344728919832691,2,231036
"Hällefors","Orebro",2013,0,3,0,0.287666666666667,1.22666666666667,0.306666666666667,-0.645912312935738,81.2395273297491,0.00130333333333333,-0.291812078064544,-0.191087218609847,0.23999,5.66666666666667,3.2376754321774,-0.433012701892219,2,-0.465130254709532,0,-0.344728919832691,0,238552
"Hällefors","Orebro",2014,0,4,0,0.2835,1.2225,0.325,0.656896255727431,72.2782178333346,0.001175,-0.569297464957959,-0.722745155436371,0.246765,5.25,0.254348015877314,-0.433012701892219,2,-0.465130254709532,0,-0.344728919832691,0,239023
"Hällefors","Orebro",2015,0,2,0,0.2665,1.235,0.325,-0.703550302020453,74.0349589646464,0.00065,-0.967428672239818,0.351023547414603,0.264145,4.5,0.604577178684671,1.29903810567666,1,2.01556443707464,1,-0.344728919832691,0,243075
"Hällefors","Orebro",2016,1,1,1,0.325,1.1,0.28,-0.953737177717838,69.6875,0.00085,-1.25697864117208,-1.86226063903951,0.165527,5,0.0656858880613163,-0.433012701892219,1,-0.465130254709532,1,-0.344728919832691,0,251668
"Hällefors","Orebro",2017,1,3,0.333333333333333,0.256333333333333,1.21333333333333,0.343333333333333,0.375948006368351,71.200968013468,0.00029,-1.16046198486132,-0.815257088926329,0.24408,3.66666666666667,-0.609445454842537,1.29903810567666,2,-0.465130254709532,1,-0.344728919832691,0,253993
"Hällefors","Orebro",2018,1,2,0.5,0.269,1.17,0.36,1.86482382697423,82.7523148148148,0.00152,-1.11220365670595,-0.0566199590513496,0.287476,4,-0.735124633200205,-0.433012701892219,2,-0.465130254709532,1,-0.344728919832691,0,255200
"Härjedalen","Jämtland",2009,0,2,0,0.189,0.94,0.145,0.307921588110209,87.5572916666667,0.000165,0.745355992499929,1.61524779177386,0.3684085,0.5,-0.272914242886864,-0.872009295040585,1,2.66666666666667,28,0.942809041582063,2,230849
"Härjedalen","Jämtland",2010,1,2,0.5,0.2045,0.905,0.13,-0.974432727472085,89.8151041666667,0,1.19256958799989,-1.63696101707512,0.133545,0.5,0.0613974617316358,-0.0458952260547676,4,-0.333333333333333,28,-0.471404520791032,2,227207
"Härjedalen","Jämtland",2011,0,1,0,0.216,0.74,0.08,0.441202660256846,79.90625,0,0.298142396999973,0.212267259680259,0.26709,0,0.870320845751873,-0.0458952260547676,7,-0.333333333333333,28,-0.471404520791032,1,227537
"Härjedalen","Jämtland",2012,0,1,0,0.207,0.73,0.07,0.365042047601625,91.2,0,-1.0434983894999,0.212267259680259,0.26709,0,1.91408771697437,-0.0458952260547676,10,-0.333333333333333,28,-0.471404520791032,1,235060
"Härjedalen","Jämtland",2013,1,2,0.5,0.202,0.77,0.07,0.441202660256846,82.1161616161616,0,-1.0434983894999,0.17676988660405,0.26709,0,0.765585178301987,-0.872009295040585,11,-0.333333333333333,28,2.35702260395516,3,240435
"Härjedalen","Jämtland",2015,0,1,0,0.198,0.91,0.24,-1.59609372827033,79.3958333333333,0,1.19256958799989,0.331851934494438,0.275726,0,-1.13601840148267,0.367161808438141,12,-0.333333333333333,0,-0.471404520791032,2,257198
"Härjedalen","Jämtland",2016,1,1,1,0.216,0.71,0.07,0.479282966584457,80,0,-1.49071198499986,-0.120938626152716,0.243027,0,-0.793580031658144,-0.458952260547676,11,-0.333333333333333,0,-0.471404520791032,2,265499
"Härjedalen","Jämtland",2018,0,1,0,0.206,0.88,0.11,1.59313192666707,82.5833333333333,0,-0.149071198499985,0.642237585948792,0.298141,0,-0.675621621486803,-0.458952260547676,13,-0.333333333333333,0,-0.471404520791032,0,267657
"Härjedalen","Jämtland",2019,0,2,0,0.182,1.11,0.22,-1.05725739373464,87.421875,0.00033,0.298142396999973,-1.43274207495382,0.148293,3,-0.733256905245396,2.43244698090268,21,-0.333333333333333,0,-0.471404520791032,0,268931
"Karlskoga","Orebro",2006,0,2,0,0.2475,1.26,0.405,-0.197319780941163,76.0859375,0.010175,0.719127823406843,-0.00624099264561698,0.283203,1,-0.417608681662956,NA,0,NA,29,-0.408248290463863,1,251033
"Karlskoga","Orebro",2011,0,1,0,0.198,1.34,0.53,1.7319040273107,76.6111111111111,0.01549,0.895240759751376,1.43854030209991,0.297363,3,-0.417608681662956,NA,0,NA,0,2.04124145231932,1,250813
"Karlskoga","Orebro",2012,0,2,0,0.235,1.28,0.45,0.370792858498442,61.0410241590148,0.011885,0.80718429157911,-0.105875804391309,0.2822265,4,-0.372158492593827,NA,0,NA,0,-0.408248290463863,1,259658
"Karlskoga","Orebro",2013,1,2,0.5,0.2445,1.28,0.43,0.00461206295392419,77.231938844086,0.011245,0.014676078028711,-0.105875804391309,0.2822265,4,2.04090987890976,NA,0,NA,0,-0.408248290463863,1,263756
"Karlskoga","Orebro",2015,0,1,0,0.275,1.19,0.36,-0.95920282568458,68.505376344086,0.00386,-1.39422741272755,-1.65029191088253,0.26709,3,-0.415925341327062,NA,0,NA,0,-0.408248290463863,1,272713
"Karlskoga","Orebro",2019,0,1,0,0.285,1.2,0.36,-0.950786342137327,70.8222222222222,0.00525,-1.04200154003849,0.429744210210858,0.287476,4,-0.417608681662956,NA,1,NA,0,-0.408248290463863,1,289930
"Karlstad","Värmland",2010,0,1,0,0.349,1.17,0.3,-0.727552483229599,83.4010416666667,0.00188,1.14386036737346,0.552677169460978,0.314453,2,1.95119028484355,NA,0,-0.504016128774185,0,-0.540061724867322,0,257416
"Karlstad","Värmland",2011,0,2,0,0.28,1.15,0.42,0.0439566737561622,79.1614583333333,0.00264,1.03360876569891,-1.61563450679148,0,3,-0.306670583062603,NA,0,-0.504016128774185,0,1.62018517460197,1,257514
"Karlstad","Värmland",2012,0,2,0,0.28,1.15,0.42,0.0560492937716141,56.0574494949495,0.00266,1.25411196904801,-1.61563450679148,0,4,-0.60366996767664,NA,0,-0.504016128774185,0,-0.540061724867322,1,266640
"Karlstad","Värmland",2014,0,1,0,0.343,1.17,0.31,-2.10466005058914,73.5731036699392,0.00201,-0.289410454395695,0.552677169460978,0.314453,4,1.20245234043841,NA,0,2.1840698913548,51,-0.540061724867322,2,277208
"Karlstad","Värmland",2015,1,1,1,0.292,1.15,0.41,0.358364794157884,61.3095238095238,0.00266,-1.06117166611755,0.361182149342846,0.319611,4,-0.611157347120692,NA,0,-0.504016128774185,51,-0.540061724867322,2,289679
"Karlstad","Värmland",2016,0,1,0,0.294,1.13,0.38,0.655843246537974,59.2540540540541,0.00188,-1.1714232677921,0.588244175106051,0.319611,5,-0.611157347120692,NA,0,0.840026881290309,61,-0.540061724867322,1,296421
"Karlstad","Värmland",2018,0,1,0,0.253,1.17,0.42,0.829976974760465,80.890625,0.00213,-0.620165259419347,0.588244175106051,0.319611,5,-0.409830033180644,NA,2,-0.504016128774185,61,-0.540061724867322,0,302588
"Karlstad","Värmland",2019,0,1,0,0.304,1.12,0.36,0.888021550834631,68.6510416666667,0.00188,-0.289410454395695,0.588244175106051,0.319611,4,-0.611157347120692,NA,2,-0.504016128774185,10,1.62018517460197,1,304365
"Kil","Värmland",2013,0,1,0,0.36,1.2,0.48,NA,75.8627352150538,0.0096,NA,NA,0.276123,3,NA,NA,0,NA,0,NA,0,268961
"Kongsvinger","Hedmark",2005,0,1,0,0.397,1.87,0.4,0.670877986643333,82.3636363636364,0,1.17743921260204,1.74540956011729,0.296875,1,-0.395671793287147,NA,0,NA,0,NA,0,265700
"Kongsvinger","Hedmark",2011,0,2,0,0.393,1.93,0.45,0.459118275987979,81.959595959596,0,1.17743921260204,-2.00607509705472,0.2135315,2,-0.678107706539043,NA,0,NA,0,NA,0,324600
"Kongsvinger","Hedmark",2012,0,3,0,0.386,1.75666666666667,0.443333333333333,1.05177045321173,78.4078472222222,0.000713333333333333,1.45412205629443,-0.755580211330719,0.241312666666667,2.66666666666667,-1.82237207599065,NA,0,NA,0,NA,0,336500
"Kongsvinger","Hedmark",2014,0,2,0,0.3695,1.925,0.445,-0.137659090404386,69.9624088668948,0.00037,-0.0676335840136952,0.46514652386833,0.2684325,5,0.086264402757508,NA,0,NA,0,NA,0,358500
"Kongsvinger","Hedmark",2015,0,1,0,0.304,1.94,0.67,0.452242960706962,73.3632392473118,0.00256,-0.648667555767706,0.173939291275816,0.261963,5,0.930580236652477,NA,0,NA,0,NA,0,381500
"Kongsvinger","Hedmark",2016,0,1,0,0.347,2.02,0.63,0.280360078681512,76.3625,0.00171,-0.98068696819857,0.173939291275816,0.261963,4,-0.331046626695612,NA,0,NA,0,NA,0,393300
"Kongsvinger","Hedmark",2017,0,1,0,0.338,2,0.52,-1.48659594854012,80.1770833333333,0.00065,-0.98068696819857,0.173939291275816,0.261963,4,-0.16589342318391,NA,0,NA,0,NA,0,396100
"Kongsvinger","Hedmark",2018,1,1,1,0.332,1.94,0.51,-1.84686246926546,83.0885416666667,0.00044,-0.814677261983139,0.173939291275816,0.261963,3,0.849918454647486,NA,0,NA,0,NA,0,415900
"Kongsvinger","Hedmark",2019,0,1,0,0.383,1.78,0.4,0.556747752978434,82.4427083333333,0,-0.316648143336842,-0.144657940703445,0.254885,2,1.52632853163889,NA,0,NA,0,NA,0,430900
"Kristinehamn","Värmland",2012,0,1,0,0.216,1.58,0.44,-0.343139141659968,55.4090722495895,0.02005,1.39170474787692,0.790780638768644,0.256836,3,-0.725822232433594,-0.447213595499958,0,-0.836660026534075,1,NA,1,242904
"Kristinehamn","Värmland",2013,1,1,1,0.212,1.55,0.42,-0.321865791278073,73.9195402298851,0.01832,0.635343471856854,-0.204483972036223,0.256836,3,1.24504337997972,-0.447213595499958,0,0.358568582800318,3,NA,1,247606
"Kristinehamn","Värmland",2014,1,2,0.5,0.267,1.25,0.41,-0.0232791234179021,59.7902976901633,0.00506,-0.272290059367223,-1.65125214442389,0,3,0.932423317321059,1.78885438199983,1,1.55379719213471,25,NA,1,248202
"Kristinehamn","Värmland",2015,1,1,1,0.184,1.43,0.38,-0.986506038209568,58.4047619047619,0.00725,-1.02865133538729,0.392560696760242,0.214954,0,-0.725822232433594,-0.447213595499958,1,-0.239045721866879,27,NA,1,257246
"Kristinehamn","Värmland",2018,1,1,1,0.238,1.53,0.41,1.67479009456551,80.051724137931,0.01582,-0.726106824979262,0.672394780931229,0.244385,5,-0.725822232433594,-0.447213595499958,1,-0.836660026534075,25,NA,0,270288
"Köping","Västmanland",2004,0,1,0,0.238,1.13,0.37,-0.528516401258116,76.140625,0.00192,1.91706241963315,0.133338395725393,0.296875,0,-0.454493129784958,-0.42174116783665,0,-0.301511344577764,0,-0.301511344577764,0,239282
"Köping","Västmanland",2005,0,1,0,0.237,1.13,0.38,-0.533166006502877,81.265625,0.00192,1.23313744830457,0.133338395725393,0.296875,0,-0.454493129784958,-0.42174116783665,0,-0.301511344577764,0,-0.301511344577764,0,242675
"Köping","Västmanland",2006,0,1,0,0.235,1.13,0.38,-0.535490809125257,75.703125,0.00084,0.549212476975983,0.133338395725393,0.296875,0,-0.109519731254254,-0.42174116783665,0,-0.301511344577764,0,-0.301511344577764,0,243414
"Köping","Västmanland",2007,0,1,0,0.235,1.12,0.37,-0.537815611747638,65.5572916666667,0.00029,-0.818637465681184,0.133338395725393,0.296875,1,-0.454493129784958,-0.42174116783665,0,-0.301511344577764,0,-0.301511344577764,0,248442
"Köping","Västmanland",2008,1,1,1,0.234,1.13,0.37,-0.544790019614779,52.09375,0.00064,-1.04661245612404,-0.849954427317618,0.296875,1,-0.365728044782906,-0.42174116783665,0,-0.301511344577764,0,-0.301511344577764,0,249733
"Köping","Västmanland",2010,1,2,0.5,0.23,1.15,0.37,-0.544790019614779,77.7135416666667,0.00084,0.0932624960902616,-0.296852214355923,0.299316,2,0.211245007730436,-0.42174116783665,0,-0.301511344577764,0,-0.301511344577764,0,244406
"Köping","Västmanland",2011,0,2,0,0.2195,1.28,0.425,0.612310741596425,75.4919354838709,0.005025,-0.476674980016891,1.1681979942308,0.325653,3,0.0562423403594272,-0.42174116783665,0,3.01511344577764,8,3.01511344577764,1,246552
"Köping","Västmanland",2012,1,2,0.5,0.217,1.35,0.48,2.47745338947982,58.2676767676768,0.00871,0.321237486533122,0.186001954068959,0.299316,2,-0.453820667019791,-0.42174116783665,0,-0.301511344577764,8,-0.301511344577764,1,252537
"Köping","Västmanland",2013,1,2,0.5,0.235,1.12,0.37,-0.502943572411931,76.8177083333333,0.00091,0.0932624960902616,1.1681979942308,0.35199,5,2.92799457900538,1.12464311423107,1,-0.301511344577764,8,-0.301511344577764,1,256934
"Köping","Västmanland",2014,2,2,1,0.23,1.14,0.37,-0.486669954055268,63.5124810517517,0.00028,-0.362687484795461,-2.45985189640819,0.2520755,3,-0.448440964898455,-0.42174116783665,1,-0.301511344577764,8,-0.301511344577764,1,263197
"Köping","Västmanland",2018,1,2,0.5,0.213,1.38,0.5,1.12441826325439,76.530303030303,0.00782,-1.50256243700977,0.550907012649597,0.319611,2,-0.454493129784958,2.67102739629878,2,-0.301511344577764,0,-0.301511344577764,3,283695
"Laxå","Orebro",1999,0,2,0,0.154,1.25,0.35,0.827241168064523,NA,0.00347,0.869561046163021,-0.761298348257944,0.125,0,NA,NA,NA,-0.377964473009227,0,-0.377964473009227,0,219215
"Laxå","Orebro",2000,0,2,0,0.161,1.28,0.37,0.859660203874913,45.4632056451613,0.00377,0.663224526734507,-0.761298348257944,0.125,0,NA,-0.408248290463863,0,-0.377964473009227,0,-0.377964473009227,0,222151
"Laxå","Orebro",2001,0,1,0,0.16,1.3,0.33,0.567888881581413,62.3788194444444,0.00332,0.869561046163021,-0.761298348257944,0.125,0,NA,-0.408248290463863,0,-0.377964473009227,0,-0.377964473009227,0,224101
"Laxå","Orebro",2004,0,1,0,0.157,1.28,0.34,0.36429733669217,72.0888888888889,0.00308,0.766392786448765,0.660194478459249,0.304688,0,NA,-0.408248290463863,0,2.26778683805536,14,-0.377964473009227,0,231162
"Laxå","Orebro",2008,0,1,0,0.159,1.29,0.33,0.114022380235968,48.752688172043,0.00303,-0.781131109265086,1.67995625621183,0.433594,0,NA,2.04124145231932,1,-0.377964473009227,4,2.26778683805536,1,242524
"Laxå","Orebro",2018,0,1,0,0.19,1.4,0.39,-0.93440923787201,73.9847756410256,0.0035,-1.19380414812211,-0.0562556898972501,NA,1,NA,-0.408248290463863,0,-0.377964473009227,0,-0.377964473009227,0,269103
"Laxå","Orebro",2019,1,2,0.5,0.203,1.41,0.39,-1.79870073257698,56.6236559139785,0.00315,-1.19380414812211,NA,NA,0,NA,-0.408248290463863,0,-0.377964473009227,0,-0.377964473009227,0,266519
"Lekeberg","Orebro",2019,0,1,0,0.19,1.36,0.49,NA,58.546875,0.01041,NA,NA,0.402695,3,NA,NA,0,NA,50,NA,1,310195
"Leksand","Dalarna",2001,0,1,0,0.254,1.06,0.23,-0.97009837920585,81.5505050505051,0.00096,2.04266714933428,-0.368865028579055,0.234375,0,-1.54337611944724,-0.393397896234721,0,-0.56649565222057,0,-0.718243006142779,0,216464
"Leksand","Dalarna",2002,1,1,1,0.25,1.06,0.23,-0.973428135655406,83,0.00096,1.84812742082625,-1.72804229450089,0.234375,0,-1.6666846454644,-0.393397896234721,0,-0.56649565222057,0,-0.718243006142779,0,221262
"Leksand","Dalarna",2005,0,2,0,0.175,0.99,0.28,-0.213178143092926,81.875,0.00028,1.06996850679415,-0.550892261413094,0.219727,1,-0.0558609302839954,-0.393397896234721,0,-0.56649565222057,0,-0.718243006142779,0,237452
"Leksand","Dalarna",2006,1,2,0.5,0.178,1.01,0.29,-0.213178143092926,81.6960784313726,0.00028,0.486349321270067,-0.550892261413094,0.219727,1,-0.549399714791084,-0.393397896234721,0,-0.56649565222057,0,-0.718243006142779,0,242240
"Leksand","Dalarna",2007,0,2,0,0.249,0.99,0.26,-0.976757892104961,74.75,0.00018,0.0972698642540138,0.365333016908429,0.293457,1,-0.279431083438653,-0.393397896234721,0,0.653648829485273,8,0.287297202457112,1,244519
"Leksand","Dalarna",2008,0,2,0,0.245,1.02,0.25,-0.976757892104961,83.2956989247312,0.00096,-0.29180959276204,0.365333016908429,0.293457,1,-0.674079302781255,-0.393397896234721,0,-0.56649565222057,8,0.287297202457112,2,246249
"Leksand","Dalarna",2009,0,6,0,0.215,1.17,0.34,0.371438295943674,80.3389557537743,0.00413,-0.486349321270067,-0.184808091027907,0.249186333333333,1.66666666666667,0.489415494389841,-0.393397896234721,0,-0.56649565222057,8,-0.718243006142779,2,252174
"Leksand","Dalarna",2010,0,4,0,0.229,1.225,0.33,0.67979594154883,87.0265940656566,0.00397,-0.486349321270067,-0.047272814043823,0.260254,2,-0.128831895292033,2.36038737740833,4,-0.56649565222057,8,-0.718243006142779,2,250549
"Leksand","Dalarna",2011,3,4,0.75,0.22125,1.1075,0.3575,0.0957233627323249,82.4544270833333,0.00335,-0.486349321270067,0.316032939118912,0.28948975,4.5,0.394358824742479,-0.393397896234721,4,0.0435765886323515,25,0.287297202457112,3,249939
"Leksand","Dalarna",2012,0,1,0,0.238,1.06,0.25,-0.986747161453627,78.5632183908046,0.00096,-1.26450823530217,0.365333016908429,0.293457,1,-0.688682200938247,-0.393397896234721,4,0.0435765886323515,34,1.292837411057,4,256482
"Leksand","Dalarna",2013,2,4,0.5,0.233,1.26,0.335,0.714758384269161,79.7541360294117,0.00715,-0.680889049778093,0.198659050470244,0.3519285,0.5,1.11456897400984,-0.393397896234721,4,-0.56649565222057,34,-0.718243006142779,3,263930
"Leksand","Dalarna",2014,1,3,0.333333333333333,0.243,1.13333333333333,0.296666666666667,0.164238651276009,77.4251528568417,0.0037,-0.680889049778093,1.06135604469615,0.460693333333333,0.666666666666667,1.20985415398604,-0.393397896234721,4,0.0435765886323515,39,1.292837411057,5,266896
"Leksand","Dalarna",2015,2,2,1,0.239,1.255,0.325,0.748055948764715,70.9057765151515,0.006885,-0.486349321270067,2.28729355157602,0.44812,1,1.72897884102652,2.36038737740833,4,3.09393779289696,99,-0.718243006142779,5,277172
"Leksand","Dalarna",2016,0,1,0,0.209,1.49,0.45,2.53613516217594,73.39375,0.01362,-0.680889049778093,-1.52856788560875,0.141052,3,0.649169604282175,-0.393397896234721,4,0.653648829485273,86,2.29837761965689,7,282903
"Lilla Edet","Västra Götaland",2007,0,1,0,0.36,1.65,0.56,NA,37.6779755283648,0.01113,NA,NA,0.398438,0,NA,NA,0,NA,0,NA,0,NA
"Lindesberg","Orebro",2009,0,1,0,0.235,1.22,0.38,-0.0696379077186728,79.8645833333333,0.0034,0.649791469772394,0.378413460400367,0.299316,2,-0.565239316234778,-0.333333333333333,1,1.539600717839,5,-0.333333333333333,0,250648
"Lindesberg","Orebro",2011,0,1,0,0.248,1.32,0.34,-1.00513241435581,81.3802083333333,0.00161,1.58966841712175,0.468364629707029,0.302246,3,0.981013276805884,-0.333333333333333,1,-0.769800358919501,28,-0.333333333333333,0,248845
"Lindesberg","Orebro",2013,0,3,0,0.233,1.40666666666667,0.35,-1.52708213908898,79.390625,0.00394333333333333,1.17194532941092,-2.63336454172065,0.201212666666667,6.33333333333333,2.32012063488932,-0.333333333333333,1,0.384900179459751,52,-0.333333333333333,2,259074
"Lindesberg","Orebro",2014,0,1,0,0.235,1.18,0.36,-0.526343916860194,66.505608974359,0.00273,0.336499153989275,0.168547865390011,0.299316,5,-0.521219301403408,-0.333333333333333,1,-0.769800358919501,47,2.66666666666667,3,260539
"Lindesberg","Orebro",2015,0,1,0,0.235,1.17,0.38,0.0441872822519834,61.0050505050505,0.0014,-0.290085477576961,0.318456247548519,0.297363,3,-0.483544513935118,2.66666666666667,5,-0.769800358919501,24,-0.333333333333333,3,267085
"Lindesberg","Orebro",2016,0,1,0,0.235,1.21,0.39,0.0843372610776115,62.1333333333333,0.00347,-0.290085477576961,0.318456247548519,0.297363,5,-0.55135913137804,-0.333333333333333,5,-0.769800358919501,24,-0.333333333333333,3,274341
"Lindesberg","Orebro",2017,0,1,0,0.224,1.16,0.41,1.12482396234377,61.1616161616162,0.00028,-0.916670109143196,0.168547865390011,0.29248,3,-0.439127922393555,-0.333333333333333,4,0.384900179459751,13,-0.333333333333333,1,281277
"Lindesberg","Orebro",2018,0,1,0,0.237,1.18,0.37,0.117661743502883,81.6354166666667,0.00182,-1.22996242492631,0.168547865390011,0.29248,5,-0.541444713623227,-0.333333333333333,4,-0.769800358919501,1,-0.333333333333333,1,281852
"Lindesberg","Orebro",2019,0,3,0,0.234,1.30333333333333,0.416666666666667,1.75718612884741,64.4278724747475,0.00345333333333333,-1.0211008810709,0.644030360346183,0.307968,3.33333333333333,-0.199199012727076,-0.333333333333333,4,1.539600717839,16,-0.333333333333333,0,282049
"Linköping","Östergötland",2018,0,1,0,0.253,1.41,0.39,NA,74.8010752688172,0.00471,NA,NA,0.204487,0,NA,NA,0,NA,4,NA,0,299792
"Ljusdal","Gävleborg",2006,0,3,0,0.172,1.04,0.253333333333333,0.482935681045857,87.9895833333333,0.000246666666666667,-0.911728003656871,0.870513104577979,0.292969,2,-1.36295011829968,-0.393397896234721,0,-0.511999759141367,1,-1.06414481213069,0,230009
"Ljusdal","Gävleborg",2007,1,4,0.25,0.1745,1.02,0.21,1.32454094960147,82.0572916666667,0,-1.72603052685918,0.762602535389991,0.292969,3,-0.34158517541261,-0.393397896234721,0,-0.511999759141367,1,1.17055929334376,3,230414
"Ljusdal","Gävleborg",2008,0,3,0,0.183,1.02666666666667,0.283333333333333,0.214866228810745,82.687806372549,0.00122666666666667,-1.31887926525803,0.870513104577979,0.292969,0.666666666666667,-0.576176185648406,-0.393397896234721,0,-0.0341333172760911,2,1.17055929334376,6,230040
"Ljusdal","Gävleborg",2009,0,4,0,0.1815,1.1225,0.23,0.710637438713622,83.46484375,0.00056,-0.606364557456004,0.870513104577979,NA,0.5,0.934250841623151,-0.393397896234721,0,-0.511999759141367,2,-0.319243443639208,7,234628
"Ljusdal","Gävleborg",2010,3,5,0.6,0.1818,1.134,0.234,1.48517291863309,88.0960041592395,0.000448,0.716877042747746,NA,NA,1,1.70727679015294,-0.393397896234721,0,-0.511999759141367,2,-1.06414481213069,7,231188
"Ljusdal","Gävleborg",2011,1,4,0.25,0.1695,1.085,0.23,-0.20445101410852,81.7746212121212,0.0006575,1.32760393514948,1.10945624503384,NA,0.25,0.967291388412446,-0.393397896234721,0,-0.0341333172760911,18,-0.319243443639208,8,230413
"Ljusdal","Gävleborg",2012,2,4,0.5,0.1725,1.1,0.25,-0.693843778765908,86.9527777777778,0.00104,1.73475519675063,NA,NA,0,0.460993848817532,-0.393397896234721,0,-0.511999759141367,18,-0.319243443639208,6,238126
"Ljusdal","Gävleborg",2013,0,2,0,0.192,1.12,0.26,-1.48022743916878,81.8904761904762,0.00112,0.716877042747746,NA,NA,0,-0.082805948377627,-0.393397896234721,0,-0.0341333172760911,20,1.91546066183525,7,244045
"Ljusdal","Gävleborg",2014,0,1,0,0.188,1.13,0.24,-1.48022743916878,83.2073732718894,0,0.309725781146592,-1.55985833233714,NA,0,-0.34788105032366,2.36038737740833,2,-0.0341333172760911,22,-0.319243443639208,7,247013
"Ljusdal","Gävleborg",2015,0,1,0,0.186,1.13,0.2,-1.1834986713101,81.015625,0.00033,0.309725781146592,-1.55985833233714,NA,0,-0.982894254766726,-0.393397896234721,2,3.31093177578084,43,0.425657924852277,9,253617
"Ljusdal","Gävleborg",2016,1,5,0.2,0.1814,1.094,0.224,-0.795339696535239,79.9409044665013,0.000736,-0.178855732774792,-0.843639025583237,0.2004272,1.4,-1.48458846902017,-0.393397896234721,2,0.443733124589184,29,-0.319243443639208,9,260325
"Ljusdal","Gävleborg",2017,0,5,0,0.183,1.108,0.204,0.372073060121505,81.4292524509804,0.000158,0.0654350241858987,-0.316866225988324,0.21775,1.6,-0.652830026706349,-0.393397896234721,2,-0.511999759141367,29,-1.06414481213069,8,262062
"Ljusdal","Gävleborg",2018,0,5,0,0.1856,1.112,0.23,0.17621110310383,82.3560147849462,0.00062,0.472586285787054,-0.429588255312137,0.2106092,1.6,0.390220707541003,2.36038737740833,4,-0.511999759141367,25,-1.06414481213069,4,264917
"Ljusdal","Gävleborg",2019,1,3,0.333333333333333,0.181,1.07666666666667,0.226666666666667,1.07115065902721,85.2321216793169,0.000503333333333333,-0.911728003656871,0.226212077400218,0.252153333333333,1.33333333333333,1.37167765200816,-0.393397896234721,2,-0.0341333172760911,24,1.17055929334376,6,268957
"Ljusnarsberg","Orebro",2012,0,1,0,0.244,1.36,0.35,-0.872871560943972,70.960986744531,0.00301,1,-0.577350269189622,0.302246,2,-0.445066479423765,NA,1,-0.577350269189626,12,NA,0,223320
"Ljusnarsberg","Orebro",2014,0,1,0,0.242,1.35,0.34,-0.218217890235995,72.1236596736597,0.00277,0,-0.577350269189622,0.302246,5,1.14526660947262,NA,1,1.15470053837925,2,NA,0,225647
"Ljusnarsberg","Orebro",2016,1,2,0.5,0.241,1.34,0.38,1.09108945117996,65.8125,0.00592,-1,1.15470053837925,0.336578,6,-0.700200130048853,NA,2,-0.577350269189626,2,NA,0,237017
"Ludvika","Dalarna",1999,0,1,0,0.275,1.29,0.23,1.68891891511439,NA,0.00134,1.07288245573425,-1.01085215776326,0.1875,0,0.28785944656618,NA,NA,1.49128634996049,10,-0.853912563829966,1,214900
"Ludvika","Dalarna",2000,1,2,0.5,0.298,1.31,0.23,-0.552321056998624,73.7205228031146,0.00191,1.23406667443611,-1.53847534409382,0.1875,0,-1.43384227550779,-0.467336508902655,0,-0.583546832593234,10,-0.853912563829966,0,218362
"Ludvika","Dalarna",2001,0,1,0,0.319,1.06,0.29,-0.725836409678342,77.0104166666667,0.00085,2.20117198664727,-1.01085215776326,0.1875,0,-1.43533041390795,-0.467336508902655,0,0.453869758683627,11,-0.853912563829966,0,221428
"Ludvika","Dalarna",2002,1,1,1,0.305,1.1,0.29,-0.743910925582479,79.3212121212121,0.00302,1.87880354924355,-2.06609853042438,0.1875,0,-1.71882077913989,-0.467336508902655,0,-0.583546832593234,11,-0.853912563829966,0,226079
"Ludvika","Dalarna",2008,0,1,0,0.333,1.17,0.22,-0.68607247468924,83.34375,0,-0.377775512582483,0.835828994393689,0.296875,1,-0.499068139442474,-0.467336508902655,0,-0.583546832593234,0,-0.853912563829966,1,247691
"Ludvika","Dalarna",2009,0,1,0,0.286,1.26,0.23,1.30573917794668,80.6063988095238,0.00191,-0.538959731284343,1.29750350341842,0.324219,1,0.0404564375383079,-0.467336508902655,0,-0.583546832593234,0,1.0978875820671,1,255685
"Ludvika","Dalarna",2010,1,1,1,0.293,1.29,0.22,2.02871981411217,82.5520833333333,0.00191,-0.538959731284343,0.877042696724342,0.324219,2,0.201249791676423,-0.467336508902655,0,-0.583546832593234,0,-0.853912563829966,1,252789
"Ludvika","Dalarna",2011,1,4,0.25,0.285,1.28,0.255,0.674360188383359,83.5182291666667,0.001765,-0.538959731284343,-0.407740866918019,0.312775,2,0.590658407540293,1.72330337657854,5,1.49128634996049,2,-0.853912563829966,1,250507
"Ludvika","Dalarna",2012,0,1,0,0.316,1.15,0.28,-0.704146990593377,71.7385912698413,0.00178,-1.02251238738992,0.464838137649966,0.274902,3,-0.775787474953649,-0.467336508902655,5,-0.583546832593234,2,1.0978875820671,2,258199
"Ludvika","Dalarna",2013,0,2,0,0.281,1.3,0.315,-0.677035216737171,81.0989583333333,0.00478,-0.538959731284343,0.549342267172668,0.2891845,4,1.3256871668431,-0.467336508902655,5,-0.583546832593234,2,1.0978875820671,3,267027
"Ludvika","Dalarna",2014,0,1,0,0.312,1.22,0.26,-0.689687377870067,75.2020202020202,0.00127,-0.700143949986202,0.63384639669537,0.284912,4,0.7709091712606,-0.467336508902655,5,2.52870294123735,17,1.0978875820671,3,268239
"Ludvika","Dalarna",2015,0,2,0,0.319,1.16,0.235,-0.917426278262196,76.1510416666667,0.000935,-0.619551840635272,0.24636837062519,0.2619625,6,1.39652255469108,1.2851753994823,9,0.453869758683627,19,1.0978875820671,4,274055
"Ludvika","Dalarna",2016,1,2,0.5,0.2865,1.22,0.28,0.726631688378124,70.3780303030303,0.002225,-0.700143949986202,1.34696501139779,0.3271485,4.5,0.505946129110749,2.59955933077102,11,-0.583546832593234,17,1.0978875820671,5,276846
"Ludvika","Dalarna",2017,0,1,0,0.322,1.17,0.27,-0.653538346061793,77.0052083333333,0.00121,-0.377775512582483,-0.384305955473961,0.224609,1,0.0667964872212752,-0.467336508902655,11,-0.583546832593234,17,-0.853912563829966,4,280734
"Ludvika","Dalarna",2018,0,2,0,0.2925,1.18,0.27,0.589988348142846,82.8339157706093,0.002015,-0.216591293880624,0.236449054722176,0.261375,1,1.29056710059914,-0.467336508902655,11,-0.583546832593234,17,1.0978875820671,4,281230
"Ludvika","Dalarna",2019,0,1,0,0.328,1.13,0.28,-0.664383055604275,82.2070707070707,0.00186,-0.216591293880624,-0.0698594203629112,0.243233,2,-0.6138036100954,-0.467336508902655,11,-0.583546832593234,2,-0.853912563829966,3,280349
"Lørenskog","Akershus",2014,0,1,0,0.398,1.2,1.86,NA,58.3372596153846,0.04327,NA,NA,0.256958,0,NA,NA,0,NA,0,NA,0,450100
"Malung","Dalarna",2000,0,1,0,0.31,0.88,0.22,0.981984528639902,73.6349126344086,0,1.71633558010091,-1.35427440277609,0.1875,0,-1.2671168106921,NA,0,0.120096115353815,1,-0.902692700427912,1,204785
"Malung","Dalarna",2001,0,1,0,0.32,0.91,0.21,1.27716943632925,77.1262626262626,0,1.82108845588172,-1.35427440277609,0.1875,0,-1.19764801242005,NA,0,-0.660528634445984,1,-0.169254881330234,2,207822
"Malung","Dalarna",2002,1,1,1,0.32,0.91,0.21,1.22382276626491,78.6606060606061,0,1.61158270432011,-1.35427440277609,0.1875,0,-1.22751788882695,NA,0,0.120096115353815,3,-0.902692700427912,2,215027
"Malung","Dalarna",2007,0,2,0,0.206,0.655,0.195,-0.489316631734597,80.6151657706093,0.000575,-0.064463308172804,1.1875697146474,0.280029,1.5,0.000230041813719804,NA,0,0.120096115353815,11,0.564182937767445,3,234448
"Malung","Dalarna",2008,0,2,0,0.2,0.73,0.215,-0.484693253662354,84.4666053921569,0.001415,-0.535851249186435,0.765055330529645,0.2646485,2,0.456225708604078,NA,0,0.120096115353815,12,-0.902692700427912,3,233655
"Malung","Dalarna",2009,0,1,0,0.249,0.91,0.25,0.299147151816349,77.5757575757576,0.00094,-0.692980562857646,0.054152662255442,0.23877,2,-0.636307692230352,NA,0,1.68134561495341,112,1.29762075686512,6,238197
"Malung","Dalarna",2010,0,1,0,0.253,0.8,0.22,0.281364928461569,79.0989583333333,0.00057,-0.378721935515225,0.054152662255442,0.23877,1,-0.595151269666843,NA,0,-0.660528634445984,112,1.29762075686512,8,239870
"Malung","Dalarna",2011,1,2,0.5,0.212,0.815,0.255,-0.395426492421358,81.0568181818182,0.007405,-0.640604124967243,1.6092737106548,0.29538,2.5,0.208039039101734,NA,0,2.46197036475321,168,2.0310585759628,12,236838
"Malung","Dalarna",2012,2,3,0.666666666666667,0.270666666666667,0.866666666666667,0.236666666666667,1.30443551213991,78.2527777777778,0.00495666666666667,-0.169216183953611,0.852243018584373,0.316874,2,-0.449016455283745,NA,0,-0.660528634445984,157,-0.169254881330234,11,244397
"Malung","Dalarna",2014,2,4,0.5,0.2305,0.755,0.2425,0.0283238901230497,83.6290951497901,0.007465,-0.692980562857646,0.573831207266832,0.27619625,1.75,0.531689817783513,NA,0,-0.660528634445984,68,-0.169254881330234,11,257612
"Malung","Dalarna",2015,1,1,1,0.171,0.71,0.26,-1.34179641936275,77.8177083333333,0.01323,-0.692980562857646,-0.396038536140047,0.222382,0,1.11914494420324,NA,0,-0.660528634445984,68,-0.169254881330234,9,269065
"Malung","Dalarna",2017,1,1,1,0.15,0.64,0.21,-1.34321899723113,86.2239583333333,0.00222,-0.692980562857646,-0.814171330305151,0.207161,0,1.40220469441064,NA,0,-0.660528634445984,19,-0.902692700427912,4,280352
"Malung","Dalarna",2018,1,1,1,0.153,0.64,0.22,-1.34179641936275,81.3958333333333,0.00222,-0.588227687076839,0.176754768579524,0.243233,0,1.6552238832031,NA,0,-0.660528634445984,7,-0.902692700427912,2,283001
"Marker","Ãstfold",2017,0,1,0,0.355,1.27,0.44,-0.707106781186662,67.847619047619,0.00189,0.707106781186549,-0.707106781186547,0.222382,2,-0.707106781186548,NA,0,NA,0,NA,0,398300
"Marker","Ãstfold",2019,0,1,0,0.349,1.28,0.42,0.707106781186433,73.5416666666667,0.00101,-0.707106781186546,0.707106781186547,0.249086,4,0.707106781186548,NA,0,NA,0,NA,0,426600
"Mellerud","Västra Götaland",2009,0,2,0,0.339,1.305,0.49,-1.09771390210109,71.9630458454604,0.00159,-1.12855298537376,1.15470053837925,0.3491215,2,NA,-0.577350269189626,0,-0.800640769025436,18,-0.577350269189626,0,221151
"Mellerud","Västra Götaland",2013,0,1,0,0.278,1.26,0.52,0.238585873038921,58.1372549019608,0.00094,0.775880177444458,-0.577350269189626,0.27356,1,NA,-0.577350269189626,1,-0.320256307610174,5,-0.577350269189626,0,227105
"Mellerud","Västra Götaland",2014,1,1,1,0.292,1.27,0.52,0.859128029062171,41.2284226190476,0.00134,0.352672807929299,-0.577350269189626,0.27356,1,NA,1.15470053837925,2,1.12089707663561,19,1.15470053837925,2,228444
"Mora","Dalarna",1998,0,1,0,0.264,1.07,0.22,2.46330484276517,NA,0.00053,1.62951718887013,-1.68292645689931,0.125,0,-1.58444335665977,NA,NA,-0.301511344577764,0,-0.833476259898716,0,205536
"Mora","Dalarna",2005,0,1,0,0.288,1.17,0.25,-1.15925063719257,84.0707070707071,0.0021,1.62951718887013,0.13005478845621,0.23877,1,-0.618356185828342,-0.316227766016838,0,-0.301511344577764,0,2.22260335972991,3,242390
"Mora","Dalarna",2006,0,2,0,0.2915,1.13,0.2,-0.277391486052708,84.7708333333333,0.00094,0.850182881149631,0.635815522965249,0.270508,0,-0.601102436304786,-0.316227766016838,0,-0.301511344577764,0,1.20391015318703,5,244588
"Mora","Dalarna",2007,0,2,0,0.2745,1.12,0.2,0.180116907588404,80.6550347222222,0.00128,0.330626676002635,0.635815522965249,0.2821045,1,0.0603547433835134,-0.316227766016838,0,-0.301511344577764,0,-0.833476259898716,5,246702
"Mora","Dalarna",2008,0,2,0,0.28,1.145,0.21,-0.29413776693269,83.65625,0.00105,-0.188929529144363,0.635815522965249,0.2821045,0.5,-0.0367513237748635,-0.316227766016838,0,-0.301511344577764,0,-0.833476259898716,5,247595
"Mora","Dalarna",2009,0,1,0,0.271,1.18,0.18,0.554228822447205,81.4656862745098,0,-0.448707631717861,1.14157625747429,0.302246,1,-0.660526560108692,-0.316227766016838,0,-0.301511344577764,0,-0.833476259898716,5,253595
"Mora","Dalarna",2010,0,2,0,0.2845,1.13,0.2,-0.313898378371069,86.4375,0.00105,-0.448707631717861,0.820611488613181,0.2821045,0.5,0.216369163897405,2.84604989415154,1,-0.301511344577764,0,0.185216946644159,3,249934
"Mora","Dalarna",2011,3,5,0.6,0.1916,1.13,0.258,-0.414911944639121,82.1890541358283,0.003656,-0.448707631717861,-0.629376713850282,0.2560548,2.8,0.651401888717179,-0.316227766016838,1,-0.301511344577764,0,0.185216946644159,2,249091
"Mora","Dalarna",2012,1,2,0.5,0.085,1.02,0.27,-0.177248726390415,81.141975308642,0.00714,-1.48782004201186,-1.86577829217954,0.227051,0,0.720743541428717,-0.316227766016838,1,-0.301511344577764,0,0.185216946644159,3,256815
"Mora","Dalarna",2013,1,1,1,0.32,1.13,0.23,-1.18202557918934,81.7373737373737,0.00058,-0.708485734291359,0.27400011314019,0.247803,0,2.26750227540701,-0.316227766016838,1,-0.301511344577764,0,0.185216946644159,4,264612
"Mora","Dalarna",2016,1,1,1,0.256,1.18,0.19,0.621213945967133,79.23125,0,-0.708485734291359,-0.0956077536504916,0.224609,0,-0.415191750157373,-0.316227766016838,0,3.01511344577764,5,-0.833476259898716,2,286773
"Munkedal","Västra Götaland",2013,0,1,0,0.346,1.35,0.42,-0.707106781186547,64.6822916666667,0.00085,0.707106781186547,0.707106781186548,0.152161,1,NA,NA,1,0.707106781186548,32,-0.707106781186547,1,250717
"Munkedal","Västra Götaland",2014,1,1,1,0.343,1.26,0.38,0.707106781186548,49.9741421568627,0,-0.707106781186547,-0.707106781186548,0.152161,1,NA,NA,0,-0.707106781186548,69,0.707106781186547,2,254131
"Nesodden","Akershus",2015,1,2,0.5,0.291,1.69,0.6,-1.06879998787342,72.5294117647059,0.0044,1.09108945117996,-0.0507175027308792,0.3106,3,1.10412513642498,NA,0,NA,0,NA,0,467500
"Nesodden","Akershus",2017,0,1,0,0.29,1.64,0.45,0.155916256582871,77.4010416666667,0.00123,-0.218217890235991,1.02439368628391,0.256382,1,-0.844775332430059,NA,0,NA,0,NA,0,487800
"Nesodden","Akershus",2018,1,2,0.5,0.293,1.66,0.45,0.91288373129055,83.359375,0.00129,-0.872871560943969,-0.973676183553033,0.256382,3,-0.259349803994921,NA,0,NA,0,NA,0,503300
"Nora","Orebro",2002,0,1,0,0.214,1.29,0.45,0.0488949504094266,68.1254901960784,0.01263,1.50303951679477,0.177462991493244,0.269531,1,-0.479045980607257,NA,0,-0.710705312219014,0,1.35400640077266,1,227440
"Nora","Orebro",2003,0,1,0,0.216,1.27,0.41,0.231015442164687,59.7815217391304,0.00958,1.23583249158681,0.177462991493244,0.269531,1,-0.479045980607257,NA,0,1.18450885369836,22,1.35400640077266,2,229889
"Nora","Orebro",2004,0,1,0,0.213,1.28,0.42,0.937820032966747,75.7020202020202,0.00936,1.23583249158681,0.177462991493244,0.269531,0,-0.479045980607257,NA,0,0.236901770739671,34,-0.67700320038633,2,235455
"Nora","Orebro",2005,0,1,0,0.217,1.26,0.42,0.231015442164687,81.921875,0.01172,0.567814928566913,0.177462991493244,0.269531,0,-0.479045980607257,NA,0,-0.710705312219014,34,-0.67700320038633,2,242098
"Nora","Orebro",2007,1,1,1,0.212,1.22,0.42,0.980564155088686,61.3385416666667,0.00409,-0.501013172264923,0.177462991493244,0.269531,1,-0.479045980607257,NA,0,-0.710705312219014,34,1.35400640077266,3,250108
"Nora","Orebro",2010,0,1,0,0.234,1.31,0.36,1.10574336987436,79.9994058229352,0.00423,-0.100202634452984,0.339828405115594,0.276123,3,0.526258366987965,NA,0,-0.710705312219014,0,-0.67700320038633,3,251067
"Nora","Orebro",2011,0,1,0,0.239,1.24,0.37,-0.221461622011836,82.09375,0.00146,0.300607903358954,0.339828405115594,0.276123,3,0.0627960236898287,NA,0,-0.710705312219014,0,-0.67700320038633,2,251463
"Nora","Orebro",2012,1,2,0.5,0.244,1.23,0.37,-1.98251945343571,65.7836917562724,0.0011,0.0334008781509947,-3.06071961564018,0.276123,4,-0.178306629165636,NA,0,1.18450885369836,18,-0.67700320038633,1,257071
"Nora","Orebro",2013,0,1,0,0.229,1.26,0.34,1.24924149414087,80.4114583333333,0.00235,-0.501013172264923,1.073453078165,0.305908,5,3.01396065086767,NA,0,2.13211593665704,30,-0.67700320038633,0,262261
"Nora","Orebro",2016,0,2,0,0.224,1.27,0.42,-1.07229863860693,65.78125,0.006815,-1.16903073528482,0.213559246599971,0.2709965,3,-0.469248522982389,NA,5,0.236901770739671,38,-0.67700320038633,2,275287
"Nora","Orebro",2018,0,2,0,0.2235,1.31,0.405,-0.765838548750528,81.5579668209876,0.006815,-1.3026342478888,0.213559246599971,0.2709965,4.5,-0.0816099821723664,NA,5,-0.710705312219014,8,-0.67700320038633,2,281589
"Nora","Orebro",2019,1,2,0.5,0.229,1.265,0.41,-0.742176624004455,71.1247632575758,0.005285,-1.3026342478888,-0.00682372342217292,0.2709965,2.5,-0.478620004188785,NA,5,-0.710705312219014,8,1.35400640077266,2,284630
"Norrtälje","Stockholm",2009,0,1,0,0.255,1.27,0.46,-1.20351334574215,71.0166666666667,0.02052,-0.24019223070763,0.86120477737289,0.26709,0,NA,NA,1,1.5,17,-0.866025403784439,0,255530
"Norrtälje","Stockholm",2010,0,1,0,0.252,1.31,0.48,-0.295512879132849,77.5967741935484,0.01948,-1.20096115353815,0.86120477737289,0.26709,0,NA,NA,1,-0.5,17,0.866025403784439,1,253746
"Norrtälje","Stockholm",2011,1,2,0.5,0.248,1.26,0.47,0.336785627615088,74.6451612903226,0.01531,1.20096115353815,-0.990249974339766,0.26709,0,NA,NA,1,-0.5,17,0.866025403784439,2,252608
"Norrtälje","Stockholm",2012,1,1,1,0.257,1.24,0.46,1.16224059725991,63.0333333333333,0.01834,0.240192230707632,-0.732159580406015,0.152161,0,NA,NA,1,-0.5,17,-0.866025403784439,2,257992
"Ockelbo","Gävleborg",2000,0,1,0,0.187,1.18,0.17,-0.886216355292147,77.2651515151515,0,1.77316660988186,-0.370177881181893,0.234375,0,-1.25698724819408,NA,0,-0.408248290463863,0,-0.408248290463863,0,203676
"Ockelbo","Gävleborg",2002,0,1,0,0.199,1.15,0.17,-1.21060062787785,83.7,0,0.406689589422444,-0.370177881181893,0.234375,0,-1.23090128138079,NA,0,-0.408248290463863,0,-0.408248290463863,0,211097
"Ockelbo","Gävleborg",2013,0,1,0,0.155,1.38,0.18,0.725039939750345,78.9895833333333,0.00043,-0.374154422268648,0.780620205129929,0.306885,3,0.149979940135824,NA,4,-0.408248290463863,1,-0.408248290463863,3,247035
"Ockelbo","Gävleborg",2014,0,2,0,0.1755,1.355,0.23,-0.523881061917165,73.2882250816994,0.000565,-0.276548920807262,1.63306146859558,0.360596,3,0.724443918931278,NA,4,-0.408248290463863,1,-0.408248290463863,2,247184
"Ockelbo","Gävleborg",2018,0,1,0,0.099,1.38,0.23,1.22366649026637,81.7222222222222,0.00156,-0.374154422268648,-0.679072973636547,0.214912,1,0.973941781405392,NA,7,-0.408248290463863,0,-0.408248290463863,0,260859
"Ockelbo","Gävleborg",2019,1,2,0.5,0.1235,1.375,0.225,0.671991615070445,84.0385281385282,0.00078,-1.15499843395974,-0.994252937725176,0.195053,3,0.639522889102374,NA,7,2.04124145231932,5,2.04124145231932,1,263028
"Orsa","Dalarna",2004,0,2,0,0.111,1.09,0.17,1.15743598280941,76.3282828282828,0.00263,2.51949045797601,-0.81390332655373,0.1875,2,-1.46138567380329,-0.277350098112615,0,0.540474745331175,4,0.32479917717646,3,218711
"Orsa","Dalarna",2005,0,2,0,0.112,1.1,0.23,1.15743598280941,80.9141414141414,0.00285,1.4543400204577,-0.81390332655373,0.1875,1,-1.66210866141771,-0.277350098112615,0,1.2430919142617,27,0.32479917717646,4,221277
"Orsa","Dalarna",2006,0,2,0,0.115,1.12,0.14,1.15743598280941,82.3020833333333,0.00237,0.655477192318962,-0.81390332655373,0.1875,0,-1.47985072876196,-0.277350098112615,0,-0.86475959252988,27,0.32479917717646,4,223472
"Orsa","Dalarna",2007,0,2,0,0.14,1.05,0.14,-0.554203045552724,81.5208333333333,0.0021,0.122901973559806,-0.81390332655373,0.1875,1,-0.0631241182214203,-0.277350098112615,0,-0.162142423599353,35,-0.730798148647035,4,223687
"Orsa","Dalarna",2008,0,2,0,0.116,1.12,0.13,1.15743598280941,83.3072916666667,0.00148,-0.409673245199351,-0.81390332655373,0.1875,0,0.0457331933321452,-0.277350098112615,0,1.2430919142617,59,1.38039650299996,5,223015
"Orsa","Dalarna",2009,0,2,0,0.1975,1.06,0.165,-0.632981410874829,83.0973975869809,0.001665,-0.67596085457893,-0.0213581671271254,0.2247315,0,1.04385998183379,-0.277350098112615,0,0.540474745331175,74,2.43599382882345,7,226813
"Orsa","Dalarna",2010,0,1,0,0.139,1.06,0.15,-0.673564205131673,82.828125,0.00213,-0.67596085457893,1.45048491478519,0.260742,1,0.769303809604248,3.32820117735137,1,1.94570908319223,73,-0.730798148647035,6,222803
"Orsa","Dalarna",2011,1,2,0.5,0.15,0.99,0.15,-0.554203045552724,82.530303030303,0.00098,-0.67596085457893,0.318290794115732,0.260742,2,1.00686228386755,-0.277350098112615,1,-0.86475959252988,73,0.32479917717646,6,218698
"Orsa","Dalarna",2015,0,1,0,0.145,1.03,0.15,-0.792925364710622,78.9086021505376,0.00213,-0.67596085457893,2.25245961482522,NA,2,0.489340593462948,-0.277350098112615,0,-0.86475959252988,9,-0.730798148647035,2,250573
"Orsa","Dalarna",2016,1,1,1,0.146,1.03,0.16,-0.554203045552724,79.8606060606061,0.00213,-0.942248463958507,NA,NA,1,-0.113139274405227,-0.277350098112615,0,-0.86475959252988,9,-0.730798148647035,1,259672
"Orsa","Dalarna",2017,1,1,1,0.108,1.12,0.24,1.23621434813152,77.6458333333333,0.00208,-0.409673245199351,0.544074187885675,0.231424,2,-0.446862024639229,-0.277350098112615,0,-0.162142423599353,27,-0.730798148647035,0,258781
"Orsa","Dalarna",2018,0,1,0,0.161,0.96,0.14,-0.554203045552724,82.3181818181818,0.00066,-0.143385635819772,-0.237217355858023,0.206153,1,0.996980911118802,-0.277350098112615,0,-0.86475959252988,18,-0.730798148647035,0,263325
"Orsa","Dalarna",2019,1,1,1,0.197,0.82,0.19,-1.54967511644116,84.65625,0,-0.143385635819772,-0.237217355858023,0.206153,1,0.874389708029359,-0.277350098112615,0,-0.86475959252988,18,-0.730798148647035,0,265314
"Ovanåker","Gävleborg",2004,0,1,0,0.158,1.01,0.12,1.48564569906638,80.2447916666667,0,2.18516601525263,0.464371598807594,0.28125,2,-1.52729540935894,-0.409673245199351,0,0.120096115353815,1,-0.710005311911463,1,225427
"Ovanåker","Gävleborg",2005,0,1,0,0.176,1.13,0.19,-1.76946426103304,83.1212121212121,0,0.752872324582839,2.21688435387326,0.398438,0,-1.02096918336155,-0.409673245199351,0,2.46197036475321,40,1.75134643604828,6,231406
"Ovanåker","Gävleborg",2006,1,3,0.333333333333333,0.165333333333333,1.07666666666667,0.146666666666667,0.435097710753338,84.3918010752688,0,-0.361133879271442,0.581207776440199,0.320312666666667,1.33333333333333,-1.4527698761538,-0.409673245199351,0,-0.660528634445984,40,1.75134643604828,11,236868
"Ovanåker","Gävleborg",2007,1,3,0.333333333333333,0.167,1.25,0.24,-0.435515032543095,76.6667718855219,0.00107,-1.47514008312573,-0.00296314191502285,NA,1.66666666666667,-0.958019679563741,-0.409673245199351,0,-0.660528634445984,40,0.520670562068407,14,240279
"Ovanåker","Gävleborg",2008,0,2,0,0.17,1.135,0.155,0.466873784173356,84.4719251336899,0,-1.15685259631022,0.464371598807594,NA,1,-0.241690329698489,2.25320284859643,1,0.120096115353815,42,-0.0946673749215284,16,241629
"Ovanåker","Gävleborg",2012,1,2,0.5,0.1755,1.08,0.155,-0.461607580635955,80.4311665037471,0,-0.679421366086954,0.175027836775556,0.355652,1.5,0.446984780712244,-0.409673245199351,2,1.68134561495341,38,-0.0946673749215284,15,247553
"Ovanåker","Gävleborg",2013,0,1,0,0.177,1.2,0.2,-1.40132682506942,80.8387096774194,0,-0.201990135863688,0.699863443996684,0.296997,0,1.26512400576674,-0.409673245199351,1,-0.660528634445984,36,-0.710005311911463,14,249945
"Ovanåker","Gävleborg",2014,0,2,0,0.1785,1.215,0.2,-0.842726705130929,76.7663810483871,0.000665,0.991587939694472,0.175027836775556,0.261902,2,0.900304699199772,-0.409673245199351,1,-0.660528634445984,36,-0.710005311911463,11,250740
"Ovanåker","Gävleborg",2015,2,4,0.5,0.1805,1.155,0.17,0.100286400571683,80.432627688172,0,0.752872324582839,-0.323113610055496,0.261902,2.5,0.720090651615656,-0.409673245199351,0,0.120096115353815,40,-0.0946673749215284,9,261118
"Ovanåker","Gävleborg",2016,1,2,0.5,0.179,1.17,0.165,-0.00298583804337558,79.7551136363637,0.000185,0.0367254792479432,-0.453414013124813,0.219879,2,-0.171975225025218,-0.409673245199351,0,-0.660528634445984,29,-0.710005311911463,7,265637
"Ovanåker","Gävleborg",2017,0,1,0,0.171,1.08,0.12,1.67940224431039,82.2916666666667,2e-05,-0.201990135863688,-1.60669147024631,0.142761,3,-0.121568768307387,-0.409673245199351,0,-0.660528634445984,4,-0.710005311911463,6,271211
"Ovanåker","Gävleborg",2018,1,3,0.333333333333333,0.166,1.07333333333333,0.123333333333333,0.558843557649181,82.6701388888889,0.000166666666666667,0.275441094359574,-1.28581320613629,0.189359,1.33333333333333,1.19881371923777,-0.409673245199351,0,-0.660528634445984,4,-1.3253432489014,5,273268
"Ovanåker","Gävleborg",2019,1,2,0.5,0.162,1.115,0.15,0.187476845931489,86.345643939394,0.00048,-0.918136981198585,-1.10475900399852,0.192541,3.5,0.962970614936931,2.25320284859643,1,0.120096115353815,6,1.13600849905834,8,274674
"Rakkestad","Ãstfold",2010,1,1,1,0.325,1.27,0.56,NA,80.5490196078431,0.00093,NA,NA,0.283203,2,NA,NA,0,NA,0,NA,0,320200
"Rendalen","Hedmark",1998,0,3,0,0.37,0.55,0.18,0.410477149386937,NA,0.00266666666666667,-0.949001482419963,-1.27503786996867,NA,1,-0.693067177706106,NA,NA,NA,0,NA,0,NA
"Rendalen","Hedmark",1999,0,3,0,0.373,0.523333333333333,0.163333333333333,0.350494760532014,NA,0.00106666666666667,-0.279921300569918,-1.27503786996867,NA,1,-0.836047890892905,NA,NA,NA,0,NA,0,164500
"Rendalen","Hedmark",2000,0,2,0,0.345,0.665,0.17,0.417209866503306,75.8045358341847,0.00346,0.0068273487943882,-0.585676239176671,0.1796875,1.5,-0.7341020012216,-0.387586074879319,1,NA,0,NA,0,177700
"Rendalen","Hedmark",2001,0,1,0,0.371,0.65,0.22,-0.980134967739456,83.8385416666667,0.00353,0.0068273487943882,0.103685391615325,0.234375,0,-0.957228854087097,2.27014701000744,6,NA,0,NA,0,185100
"Rendalen","Hedmark",2002,1,2,0.5,0.37,0.59,0.2,-1.03889322620959,95.4125,0.00119,0.580324647523,-0.585676239176671,0.234375,0,-0.954600060705636,-1.05201934610101,6,NA,0,NA,0,197000
"Rendalen","Hedmark",2003,0,1,0,0.37,0.68,0.24,-1.08296192006218,80.4647058823529,0.00427,0.867073296887304,0.546843288614153,0.269531,0,-0.914847575425001,-1.05201934610101,6,NA,0,NA,0,199300
"Rendalen","Hedmark",2004,1,1,1,0.358,0.74,0.18,-1.16742691661299,80.438753342246,0.00385,0.293575998158694,0.891527255377606,0.296875,1,-0.879006221760687,-1.05201934610101,6,NA,0,NA,0,208500
"Rendalen","Hedmark",2006,0,1,0,0.258,0.5,0.04,1.49505667031474,89.046875,0.00038,0.293575998158694,1.23621122214106,0.324219,0,-0.120182571282767,-1.05201934610101,2,NA,0,NA,0,223800
"Rendalen","Hedmark",2007,1,2,0.5,0.259,0.48,0.07,1.41059167376393,83.9606357694593,0.00342,1.15382194625161,1.06386923875933,0.324219,0,0.595169813033428,0.27684719634237,4,NA,0,NA,0,243100
"Rendalen","Hedmark",2008,0,1,0,0.281,0.56,0.09,-1.68890646053539,91.40625,0.00342,1.15382194625161,1.23621122214106,0.324219,0,1.58821254210838,0.27684719634237,6,NA,0,NA,0,261300
"Rendalen","Hedmark",2009,1,1,1,0.267,0.5,0.09,0.459442364778712,98.0757575757576,0.00342,1.15382194625161,1.23621122214106,0.324219,1,1.84397490305104,0.27684719634237,8,NA,0,NA,0,269600
"Rendalen","Hedmark",2014,0,1,0,0.274,0.54,0.08,0.507183449785692,82.4354166666667,0.00342,-0.853418599298528,-0.864376874166306,0.157578,1,0.385956330016152,0.27684719634237,10,NA,0,NA,0,335600
"Rendalen","Hedmark",2015,0,1,0,0.269,0.53,0.07,0.477804320550627,78.8774509803922,0.00342,-1.42691589802714,-0.864376874166306,0.157578,1,0.848688082065088,0.27684719634237,11,NA,0,NA,0,348600
"Rendalen","Hedmark",2016,0,1,0,0.269,0.52,0.07,0.430063235543647,80.057196969697,0.00342,-2.00041319675575,-0.864376874166306,0.157578,1,0.827080682807711,0.941280467564059,11,NA,0,NA,0,352100
"Rättvik","Dalarna",2000,0,1,0,0.152,1.09,0.16,-0.885715676636264,74.7421875,0.00098,1.29133089788571,-0.175877503637657,0.234375,0,-1.15769552751479,-0.258198889747161,0,-0.509753356878093,0,-0.0573270004145151,1,197547
"Rättvik","Dalarna",2001,0,1,0,0.146,1.12,0.17,-0.893725126204852,83.3802083333333,0.00098,1.45759667872936,-0.175877503637657,0.234375,0,-1.52208459982771,-0.258198889747161,0,-0.509753356878093,0,-0.917232006632242,1,201658
"Rättvik","Dalarna",2002,0,1,0,0.164,1.12,0.17,-0.893725126204852,83.2125,0.00073,1.29133089788571,-0.175877503637657,0.234375,0,-1.34325660801148,-0.258198889747161,0,-0.509753356878093,0,-0.0573270004145151,2,207221
"Rättvik","Dalarna",2003,0,2,0,0.1415,1.065,0.14,0.0487201063656954,81.80625,0.00074,1.45759667872936,0.0951648122380254,0.2578125,1,-0.796840565097499,-0.258198889747161,0,-0.509753356878093,0,0.802578005803212,4,212311
"Rättvik","Dalarna",2004,1,2,0.5,0.1535,1.105,0.18,-1.01617262036706,78.5755208333333,0.00073,0.709400664932922,0.772773493045269,0.3164065,2.5,-0.633250883334096,-0.258198889747161,0,-0.509753356878093,0,-0.917232006632242,4,217730
"Rättvik","Dalarna",2005,1,2,0.5,0.144,1.05,0.145,0.000177987768191153,81.0260416666667,0.00073,0.460001993667441,0.366207128113708,0.2890625,2.5,-0.706593819156506,-0.258198889747161,0,2.76723250876679,15,2.52238801823867,7,220889
"Rättvik","Dalarna",2010,0,1,0,0.153,1.11,0.14,-0.776495909791879,88.6161616161616,0.00073,-0.371326910550826,-2.88630066239448,0.270508,1,1.21971441695517,3.61478445646026,2,-0.509753356878093,9,-0.0573270004145151,2,233738
"Rättvik","Dalarna",2011,0,1,0,0.159,0.96,0.21,0.946749300419526,85.2083333333333,3e-04,-0.703858472238133,1.85975870551507,0.4104,4,0.31266683236442,-0.258198889747161,2,-0.509753356878093,8,0.802578005803212,3,229971
"Rättvik","Dalarna",2012,1,2,0.5,0.169,0.93,0.29,1.49284813464145,79.296875,0.00129,-1.36892159561275,-0.513270978439707,0.4104,1,-0.13190997482163,-0.258198889747161,2,-0.509753356878093,8,0.802578005803212,5,236598
"Rättvik","Dalarna",2013,0,1,0,0.094,1.07,0.23,-0.845183007607348,80.3277777777778,0.0042,-0.870124253081786,-0.260575697620527,0.227051,0,0.986300676032674,-0.258198889747161,2,0.582575265003535,3,-0.917232006632242,5,244863
"Rättvik","Dalarna",2014,1,2,0.5,0.1435,1.085,0.29,0.335846737869934,77.6569602272727,0.0034,-0.870124253081786,0.143868586672604,0.262024,2,0.718657862112469,-0.258198889747161,2,-0.509753356878093,2,-0.0573270004145151,6,246448
"Rättvik","Dalarna",2015,0,1,0,0.161,0.98,0.23,1.53338080367037,78.59375,0.00128,-0.703858472238133,0.548312870965735,0.296997,3,1.10005229942603,-0.258198889747161,0,-0.509753356878093,2,-0.917232006632242,5,254185
"Rättvik","Dalarna",2016,1,1,1,0.165,0.95,0.26,1.58192292226787,78.3870967741936,6e-04,-0.870124253081786,0.548312870965735,0.296997,4,0.106347933975042,-0.258198889747161,0,0.582575265003535,11,-0.917232006632242,3,261370
"Rättvik","Dalarna",2017,2,2,1,0.145,1.005,0.22,0.384510211763932,79.4437806372549,0.001045,-0.537592691394479,-0.52791738241012,0.2039335,3,0.223044648948085,-0.258198889747161,0,1.67490388688516,18,-0.917232006632242,1,266105
"Rättvik","Dalarna",2019,0,1,0,0.172,1.07,0.2,-1.01313873795471,84.1225490196078,0,-0.371326910550826,0.381298764261666,0.282555,4,1.62484730794983,-0.258198889747161,0,-0.509753356878093,16,0.802578005803212,2,269264
"Rælingen","Akershus",2016,0,1,0,0.405,1.19,1.7,NA,69.94375,0.0384,NA,NA,0.423096,1,NA,NA,0,NA,0,NA,0,461200
"Rømskog","Ãstfold",1998,0,2,0,0.342,1.36,0.38,-0.760142660503691,NA,0,1.67566572630909,-0.318586862245825,0.125,0,-0.648423675823602,NA,NA,NA,0,NA,0,NA
"Rømskog","Ãstfold",2013,1,1,1,0.361,1.24,0.3,-0.641282987460836,79.9462365591398,0.00092,0.801405347365217,-1.77884682114277,0.276123,0,-0.648423675823602,NA,0,NA,0,NA,0,356000
"Rømskog","Ãstfold",2015,0,2,0,0.323,1.44,0.39,-0.601348027730732,66.4509803921569,0,-0.655695284207904,-0.154944290211998,0.139008,2,1.47871292699654,NA,0,NA,0,NA,0,432900
"Rømskog","Ãstfold",2016,0,1,0,0.342,1.26,0.35,1.27843069802654,72.0875,0,-0.655695284207904,0.819037420292593,0.222382,3,-0.61619433335663,NA,0,NA,0,NA,0,395500
"Rømskog","Ãstfold",2018,1,2,0.5,0.348,1.26,0.34,1.29828002712316,83,1e-04,-0.655695284207904,0.794592668580658,0.222382,5,-0.648423675823602,NA,0,NA,0,NA,0,447400
"Rømskog","Ãstfold",2019,1,1,1,0.336,1.29,0.34,-0.573937049454447,78.5260416666667,0,-0.509985221050592,0.63874788472734,0.206949,4,1.08275243383089,NA,0,NA,0,NA,0,437200
"Sala","Västmanland",2010,0,1,0,0.22,1.16,0.33,-0.670895206373864,78.2352941176471,0.00054,-0.577350269189627,-0.577350269189628,0.28125,1,1.00822831501994,NA,0,0,1,-0.577350269189626,1,246665
"Sala","Västmanland",2011,1,1,1,0.172,1.27,0.47,1.14934238542136,76.1078431372549,0.00694,-0.577350269189627,-0.577350269189628,0.28125,2,-0.991563384193162,NA,0,1,27,1.15470053837925,3,244989
"Sala","Västmanland",2014,1,1,1,0.189,1.23,0.41,-0.478447179047496,49.6989081996435,0.0044,1.15470053837925,1.15470053837925,0.297363,2,-0.016664930826776,NA,0,-1,27,-0.577350269189626,3,260741
"Sandviken","Gävleborg",2018,1,3,0.333333333333333,0.179,1.26,0.263333333333333,-0.707106781186547,82.3046364379085,0.000353333333333333,0.707106781186547,-0.707106781186548,0.212680666666667,0.666666666666667,0.707106781186547,NA,0,0.707106781186547,10,NA,4,280715
"Sandviken","Gävleborg",2019,1,2,0.5,0.167,1.27,0.25,0.707106781186548,78.6720430107527,0.00036,-0.707106781186547,0.707106781186548,0.400426,1,-0.707106781186548,NA,0,-0.707106781186547,10,NA,4,282821
"Skinnskatteberg","Västmanland",2003,0,1,0,0.242,1.13,0.37,-1.36306749574886,59.8625,0.00192,2.6157440466579,-0.319637091748534,0.296875,0,-0.895706771414865,-0.288675134594813,0,-0.647905804468655,0,-0.552770798392567,0,225359
"Skinnskatteberg","Västmanland",2009,0,1,0,0.255,1.18,0.32,-1.05706319897331,81.1927083333333,0.00523,-0.740304918865442,1.32285486075695,0.429688,2,-0.806763326509069,-0.288675134594813,0,1.57348552513816,28,-0.552770798392567,1,242095
"Skinnskatteberg","Västmanland",2010,0,1,0,0.226,1.23,0.34,1.28139648594735,79.7777777777778,0.0031,-0.542890273834657,1.32285486075695,0.429688,2,-0.42593505536313,-0.288675134594813,0,1.57348552513816,45,-0.552770798392567,1,237854
"Skinnskatteberg","Västmanland",2011,0,1,0,0.241,1.15,0.29,-0.59386491412813,80.0294117647059,0.0027,-0.542890273834657,1.32285486075695,0.429688,4,0.024419429758467,-0.288675134594813,0,-0.647905804468655,45,-0.552770798392567,0,236864
"Skinnskatteberg","Västmanland",2012,0,2,0,0.2335,1.18,0.345,-0.010109320032745,62.9583333333333,0.002335,1.03642688641162,0.842411155224472,0.390839,2.5,-0.791730631595414,-0.288675134594813,0,-0.647905804468655,45,-0.552770798392567,0,244349
"Skinnskatteberg","Västmanland",2013,0,2,0,0.2435,1.22,0.365,0.490689766758693,77.4442866161616,0.004765,0.444182951319265,0.516702749020733,0.364502,4.5,2.29811453544886,-0.288675134594813,0,-0.647905804468655,25,1.6583123951777,1,249948
"Skinnskatteberg","Västmanland",2014,0,2,0,0.2355,1.185,0.36,-0.362475363689632,58.8195232282839,0.00259,0.049353661257696,-0.488718055017604,0.283203,4,-0.401820107272474,-0.288675134594813,0,1.57348552513816,25,1.6583123951777,2,250351
"Skinnskatteberg","Västmanland",2015,0,2,0,0.2245,1.22,0.365,1.39193529835791,60.1059923559924,0.00387,0.049353661257696,-0.488718055017604,0.283203,2,-0.4992194430672,-0.288675134594813,0,-0.647905804468655,8,1.6583123951777,3,252985
"Skinnskatteberg","Västmanland",2016,0,2,0,0.236,1.23,0.365,0.783154421361845,62.1045454545454,0.00434,-0.148060983773089,-0.694052737115176,0.2665995,4,-0.814906036253966,-0.288675134594813,0,-0.647905804468655,8,-0.552770798392567,3,262083
"Skinnskatteberg","Västmanland",2017,0,1,0,0.246,1.16,0.31,-0.685666203160794,64.9197860962567,0.0028,-0.542890273834657,-1.09865611151486,0.233883,4,1.27088038301574,-0.288675134594813,0,-0.647905804468655,8,-0.552770798392567,3,265367
"Skinnskatteberg","Västmanland",2018,0,1,0,0.263,1.2,0.34,-1.08397480973083,82.4270833333333,0.00618,-0.937719563896227,-1.09865611151486,0.233883,3,0.187273624656402,3.17542648054294,1,-0.647905804468655,8,-0.552770798392567,2,270609
"Skinnskatteberg","Västmanland",2019,1,3,0.333333333333333,0.239666666666667,1.26333333333333,0.393333333333333,1.2090453330385,64.9107744107744,0.00509333333333333,-0.740304918865442,-1.13924032458742,0.234987,4.33333333333333,0.855393398596647,-0.288675134594813,1,0.462789860334753,4,-0.552770798392567,1,269451
"Smedjebacken","Dalarna",2007,0,1,0,0.264,1.32,0.28,-1.27317756192685,70.6060606060606,0.00102,1.53075416422559,-0.778878555530339,0.302246,1,-1.38227564887961,-0.331716233706664,0,-0.385164443259822,0,-0.385164443259822,0,255549
"Smedjebacken","Dalarna",2008,0,1,0,0.269,1.29,0.3,-0.113148696582099,76.2864583333333,0.00102,0.251023994776543,-0.778878555530339,0.302246,1,-1.34245219475524,-0.331716233706664,0,-0.385164443259822,0,-0.385164443259822,0,258443
"Smedjebacken","Dalarna",2009,0,1,0,0.259,1.32,0.29,-1.2855182945369,83.2829861111111,0.00079,1.53075416422559,-0.778878555530339,0.302246,3,-1.31552472679334,-0.331716233706664,0,-0.385164443259822,0,-0.385164443259822,0,261908
"Smedjebacken","Dalarna",2010,0,2,0,0.278,1.38,0.285,-0.324997939721299,82.2327967171717,0.00335,0.570956537138806,0.34262883076978,0.365967,3,-0.414508938875482,-0.331716233706664,0,-0.385164443259822,0,-0.385164443259822,0,253873
"Smedjebacken","Dalarna",2011,0,1,0,0.3,1.42,0.31,1.14354924087471,81.296875,0.00402,-1.66857125939702,1.4641362170699,0.429688,0,0.337432493277407,-0.331716233706664,0,-0.385164443259822,0,1.28388147753274,1,255247
"Smedjebacken","Dalarna",2012,1,1,1,0.3,1.42,0.31,1.14354924087471,81.296875,0.00402,-1.66857125939702,1.4641362170699,0.429688,0,0.337432493277407,0.387002272657774,1,2.9529273983253,4,-0.385164443259822,1,263338
"Smedjebacken","Dalarna",2013,0,2,0,0.283,1.355,0.325,0.573098875975126,81.9581627081627,0.003415,0.570956537138806,-0.341124413064644,0.327118,3.5,0.245132919359816,-0.331716233706664,1,-0.385164443259822,4,-0.385164443259822,1,269945
"Smedjebacken","Dalarna",2014,0,1,0,0.297,1.43,0.33,1.25317608222733,69.5339486139283,0.00441,-0.38884108994798,0.0966297294010511,0.35199,0,1.29903508410954,-0.331716233706664,1,-0.385164443259822,4,-0.385164443259822,1,273746
"Smedjebacken","Dalarna",2015,0,2,0,0.272,1.39,0.32,-1.22144932440305,72.991792929293,0.004095,-0.0689085475857198,-0.763302308502269,0.303131,3,-0.189802463006689,-0.331716233706664,1,-0.385164443259822,4,-0.385164443259822,1,279946
"Smedjebacken","Dalarna",2016,2,5,0.4,0.2804,1.368,0.348,-0.24219162390786,65.4089705882353,0.005146,-0.77276014078269,-1.80692141955039,0.2742064,5.6,-0.759456292013897,-0.331716233706664,1,-0.385164443259822,4,-0.385164443259822,0,284711
"Smedjebacken","Dalarna",2017,1,2,0.5,0.302,1.4,0.34,1.40743523985296,71.1467803030303,0.00741,-0.38884108994798,-0.0177808850689658,0.35199,3,0.537441939042592,-0.331716233706664,0,-0.385164443259822,0,2.9529273983253,2,290323
"Smedjebacken","Dalarna",2018,0,1,0,0.302,1.41,0.24,-0.522449661482107,83.2171717171717,0.00232,0.251023994776543,0.949116849233328,0.400426,1,1.2849224954789,3.26187629811553,5,-0.385164443259822,0,-0.385164443259822,2,292735
"Smedjebacken","Dalarna",2019,0,1,0,0.303,1.42,0.24,-0.53787557724467,82.6354166666667,0.0029,0.251023994776543,0.949116849233328,0.400426,2,1.3626228397786,-0.331716233706664,5,1.28388147753274,4,-0.385164443259822,2,292267
"Stenungsund","Västra Götaland",2009,0,1,0,0.346,1.73,0.61,-0.707106781186572,53.2661616161616,0.01587,-0.707106781186551,0.707106781186548,0.398438,0,NA,NA,0,0.707106781186547,15,-0.707106781186547,1,287638
"Stenungsund","Västra Götaland",2010,1,1,1,0.35,1.73,0.6,0.707106781186523,75.4055555555556,0.01587,0.707106781186544,-0.707106781186547,0.398438,0,NA,NA,0,-0.707106781186547,15,0.707106781186547,2,286239
"Stor-Elvdal","Hedmark",2016,1,2,0.5,0.325,1.01,0.12,NA,80.469247311828,0.0011,NA,NA,0.284912,1,NA,NA,4,NA,0,NA,0,341600
"Storfors","Värmland",2013,0,2,0,0.309,1.12,0.39,1.15440090134468,75.1875,0.00272,1.14285714285714,-1.15470053837925,0,5,1.15316102985146,-0.577350269189626,1,-0.577350269189626,16,NA,0,247674
"Storfors","Värmland",2017,0,1,0,0.293,1.24,0.35,-0.599980249418985,70.5268817204301,0.00701,-0.714285714285714,0.577350269189626,0.287476,6,-0.524959497656203,1.15470053837925,1,-0.577350269189626,7,NA,1,267987
"Storfors","Värmland",2018,0,1,0,0.281,1.27,0.4,-0.554420651925698,82.625,0.01228,-0.428571428571429,0.577350269189626,0.287476,5,-0.628201532195256,-0.577350269189626,1,1.15470053837925,12,NA,1,275426
"Sunne","Värmland",2007,0,2,0,0.421,1.19,0.34,-1.29175634076145,64.7239583333333,0.00218,0.802775205762942,0.427113880851801,0.269531,1,-1.02815924290177,-0.621260744197396,0,-0.886405260427918,6,2.02682626077274,4,229609
"Sunne","Värmland",2009,0,3,0,0.44,1.14,0.293333333333333,-0.363595882808137,82.529476642486,4e-04,0.802775205762942,0.466270131175662,0.270426333333333,1.33333333333333,-0.289774241935088,-0.621260744197396,0,0,4,1.28979852958266,8,234003
"Sunne","Värmland",2010,0,1,0,0.428,1.24,0.35,-0.789446928566124,84.5190476190476,0.00197,1.16767302656428,0.715406511680063,0.276123,3,0.862586965194869,1.24252148839479,2,0,7,-0.921284663987611,8,234765
"Sunne","Värmland",2011,0,1,0,0.42,1.27,0.3,-0.500522524625012,81.8125,0,0.924407812696721,0.715406511680063,0.276123,2,0.426765048943823,1.24252148839479,4,0,7,-0.184256932797522,9,234015
"Sunne","Värmland",2012,1,2,0.5,0.416,1.3,0.31,-0.54959556269898,75.9166666666667,0,1.16767302656428,-1.99525270424326,0.214142,3,-1.30800278912613,-0.621260744197396,4,-0.886405260427918,7,-0.921284663987611,5,248290
"Sunne","Värmland",2013,0,1,0,0.42,1.18,0.36,1.39899001655272,79.6442550505051,0.00406,0.559509991895384,0.790147425831384,0.277832,5,-1.30800278912613,-0.621260744197396,4,-0.886405260427918,7,-0.184256932797522,5,255131
"Sunne","Värmland",2014,0,1,0,0.429,1.19,0.31,-0.473872372861997,69.4186507936508,0.00172,-0.413550863574849,0.427113880851801,0.269531,3,1.54417311993335,-0.621260744197396,4,0.886405260427918,10,-0.184256932797522,3,253875
"Sunne","Värmland",2015,1,3,0.333333333333333,0.415333333333333,1.17333333333333,0.36,1.63908644128665,67.7478956228956,0.00312,-1.2649791121113,0.129943306446757,0.283691666666667,5,-0.555199619501514,2.17441260469088,5,-0.886405260427918,7,-0.184256932797522,4,265871
"Sunne","Värmland",2016,0,2,0,0.425,1.25,0.305,-0.456228134453379,72.4615530303031,0.0013,-1.38661171904508,-0.170879032927061,0.2558575,5,-0.45798620961093,-0.621260744197396,3,1.77281052085584,29,-0.184256932797522,4,272406
"Sunne","Värmland",2017,1,2,0.5,0.423,1.265,0.325,0.240351694386833,74.2708333333333,0.002,-1.14334650517752,-0.170879032927061,0.2558575,3.5,0.98874594095175,0.310630372098698,4,1.77281052085584,32,1.28979852958266,7,278797
"Sunne","Värmland",2018,2,5,0.4,0.4152,1.21,0.342,1.62965167491537,82.290625,0.003384,-0.802775205762942,-2.04979739010021,0.2419958,3.2,-0.144063355649651,-0.621260744197396,4,-0.886405260427918,32,-0.921284663987611,6,284696
"Sunne","Värmland",2019,0,1,0,0.415,1.28,0.29,-0.483062080366485,82.6060606060606,0.00197,-0.413550863574849,0.715406511680063,0.276123,3,1.26891717282742,-0.621260744197396,4,0,28,-0.921284663987611,5,283215
"Surahammar","Västmanland",2016,0,1,0,0.217,1.15,0.29,-0.910790413632826,61.68125,0.00281,0.999999999999999,-0.998615634207781,0.26709,4,-0.45764987630413,-0.577350269189626,0,-0.577350269189626,30,NA,2,280209
"Surahammar","Västmanland",2017,1,1,1,0.196,1.22,0.36,-0.159296274193297,55.5027573529412,0.00388,0,1.00137864013272,0.319611,2,1.14693029323889,-0.577350269189626,0,1.15470053837925,31,NA,1,282246
"Surahammar","Västmanland",2018,0,1,0,0.216,1.3,0.43,1.07008668782612,81.65625,0.00406,-1,-0.00276300592493741,0.235539,3,-0.689280416934763,1.15470053837925,3,-0.577350269189626,26,NA,1,287007
"Säffle","Värmland",1999,0,1,0,0.419,1.09,0.26,-0.985529209691414,NA,0.00075,1.99022891639991,-0.768831181998561,0.234375,0,-0.408248290463863,NA,NA,-0.597614304667197,0,-0.408248290463863,0,202745
"Säffle","Värmland",2014,1,2,0.5,0.405,1.17,0.36,1.22044439866418,63.0387544802867,0.0023,-0.161995376916272,0.0538715760526715,0.3106,2,-0.408248290463863,NA,0,1.79284291400159,25,2.04124145231932,2,238077
"Säffle","Värmland",2016,1,2,0.5,0.406,1.19,0.33,1.28532597538053,62.9878787878788,0.00212,-0.717408097772062,-1.09840814858954,0.3106,1,-0.408248290463863,NA,0,0.597614304667197,26,-0.408248290463863,1,254859
"Säffle","Värmland",2017,0,1,0,0.423,1.1,0.32,-0.69497258352693,60.1818181818182,0,-0.578554917558115,-0.463806339237838,0.243233,4,-0.408248290463863,NA,0,-0.597614304667197,26,-0.408248290463863,1,257968
"Säffle","Värmland",2018,1,3,0.333333333333333,0.416666666666667,1.12666666666667,0.27,-0.234219357570305,81.4793771043771,0.00120666666666667,-0.370275147237194,1.58109058303021,0.317090333333333,2.66666666666667,-0.408248290463863,NA,0,-0.597614304667197,8,-0.408248290463863,1,260513
"Säffle","Värmland",2019,1,2,0.5,0.42,1.155,0.29,-0.59104922325606,68.5922181372549,0.00104,-0.161995376916272,0.696083510743063,0.2769165,3.5,2.04124145231932,NA,0,-0.597614304667197,1,-0.408248290463863,0,263878
"Södertälje","Stockholm",2014,0,1,0,0.28,1.59,0.49,-0.707106781186555,50.5899057656024,0.01957,0.707106781186549,NA,0.214912,0,NA,NA,0,-0.707106781186548,0,NA,0,256492
"Södertälje","Stockholm",2015,1,1,1,0.28,1.6,0.49,0.70710678118654,54.0392156862745,0.01996,-0.707106781186546,NA,0.214912,0,NA,NA,0,0.707106781186548,81,NA,0,264832
"Sør-Odal","Hedmark",2016,0,1,0,0.305,1.93,0.71,-0.707106781186548,75.6625,0.00478,0.707106781186546,NA,0.256382,3,-0.707106781186548,NA,0,NA,0,NA,0,388600
"Sør-Odal","Hedmark",2019,0,1,0,0.302,1.8,0.62,0.707106781186548,82.0885416666667,0.00342,-0.707106781186549,NA,0.256382,2,0.707106781186547,NA,0,NA,0,NA,0,429900
"Tanum","Västra Götaland",2005,0,1,0,0.354,1.22,0.39,-0.415939222668105,64.390625,0.0044,-0.4758668672668,-1.64462021115114,0.269531,1,NA,NA,0,NA,11,2.04124145231932,1,225213
"Tanum","Västra Götaland",2008,0,1,0,0.34,1.23,0.39,-0.376652609432589,44.9264705882353,0.00214,-1.04690710798696,0.23922374837061,0.290039,4,NA,NA,0,NA,0,-0.408248290463863,1,234423
"Tanum","Västra Götaland",2009,1,2,0.5,0.343,1.23,0.39,-0.313981107366405,74.7189075630252,0.0021,-0.4758668672668,-0.792398525249878,0.290039,3,NA,NA,0,NA,0,-0.408248290463863,1,235773
"Tanum","Västra Götaland",2010,0,1,0,0.345,1.24,0.37,-1.29895262491404,78.8958333333333,0,-0.4758668672668,0.732598329343467,0.29541,2,NA,NA,0,NA,0,-0.408248290463863,0,233886
"Tanum","Västra Götaland",2011,0,1,0,0.345,1.23,0.38,1.14804214232681,76.2239583333333,0.00291,0.951733734533602,0.732598329343467,0.29541,0,NA,NA,0,NA,0,-0.408248290463863,0,233505
"Tanum","Västra Götaland",2012,1,1,1,0.34,1.22,0.38,1.25748342205432,56.7713721264368,0.00291,1.52277397525376,0.732598329343467,0.29541,2,NA,NA,0,NA,0,-0.408248290463863,0,245730
"Torsby","Värmland",1998,0,1,0,0.212,1.19,0.29,-0.442409959131662,NA,0,1.21586756496738,2.22644987151298,0.375,0,-1.44544075040782,NA,NA,-0.782699638788101,0,-0.827332421520182,0,191969
"Torsby","Värmland",1999,0,2,0,0.205,1.205,0.27,-0.385193396934072,NA,0.000715,1.26123856705514,0.687726423784624,0.3046875,1,-1.20815950172946,NA,NA,-0.782699638788101,0,-0.827332421520182,0,198738
"Torsby","Värmland",2000,0,2,0,0.214,1.125,0.255,-0.862313324680914,78.6748511904762,0.000535,1.53346457958173,0.687726423784624,0.3046875,0,-0.879034985752409,-0.346638288085431,0,-0.782699638788101,0,-0.827332421520182,0,201118
"Torsby","Värmland",2001,0,2,0,0.211,1.14,0.24,0.655107733931191,79.9931344696969,0.000305,1.21586756496738,0.687726423784624,0.3046875,0.5,-0.65375022830729,-0.346638288085431,0,-0.782699638788101,0,-0.827332421520182,0,201219
"Torsby","Värmland",2002,0,2,0,0.254,1.21,0.275,-0.688772181486572,87.7864583333333,0.000795,1.12512556079185,-2.04778192773245,0.3046875,0.5,-0.114141820692372,-0.346638288085431,0,-0.382248660803491,1,-0.827332421520182,0,204480
"Torsby","Värmland",2003,0,1,0,0.24,1.09,0.24,-0.379991891279746,77.8242424242424,1e-05,1.39735157331844,-0.85099702394373,0.234375,1,-1.27710037667376,-0.346638288085431,0,0.0182023171811186,4,-0.827332421520182,0,209224
"Torsby","Värmland",2004,0,3,0,0.266666666666667,1.16333333333333,0.273333333333333,1.40176022740221,81.1583884184987,0.00051,0.550426201013501,-0.138626881075059,0.266927,1,-1.18362122420691,-0.346638288085431,0,0.0182023171811186,17,2.20621979072049,7,214266
"Torsby","Värmland",2005,0,2,0,0.2085,1.08,0.23,-1.17865944129403,83.0833333333333,0.000305,0.126963514861035,-0.338089208034279,0.2578125,2.5,-0.0787365916955513,-0.346638288085431,0,2.42090818508878,37,1.33949058722315,12,216926
"Torsby","Värmland",2006,0,3,0,0.272333333333333,1.25,0.27,0.558170583100564,85.6765231976629,0.000203333333333333,0.00597417596032932,-0.0531404214179172,0.270833333333333,1,-0.365263177222081,-0.346638288085431,0,0.0182023171811186,45,-0.827332421520182,12,219414
"Torsby","Värmland",2007,1,4,0.25,0.301,1.2975,0.2825,1.4313142368018,76.005523989899,0.0001525,-0.167947998709434,-0.509058480004096,0.27734375,1,-0.402758703933786,-0.346638288085431,0,0.418653295165728,52,0.906125985474485,16,220442
"Torsby","Värmland",2008,1,4,0.25,0.32275,1.07,0.2675,1.29040071998459,80.9850288600288,0.00119,-0.372117508104373,0.773211059769533,0.3427735,3,-0.12454137640431,-0.346638288085431,0,2.02045720710417,59,-0.827332421520182,16,220436
"Torsby","Värmland",2009,1,4,0.25,0.2515,1.2175,0.275,-0.185171861317706,80.0186841238472,0.000585,-0.0772059945339051,-0.0929876597383491,0.2846375,4,-0.663234467317989,-0.346638288085431,0,1.62000622911956,87,-0.827332421520182,9,226391
"Torsby","Värmland",2010,0,4,0,0.25775,1.0375,0.2625,-0.42349539311593,84.7057291666667,0.000895,0.0815925127732701,1.22401189406614,0.32919325,2.75,0.324197505083452,0.953255292234936,3,1.62000622911956,86,0.0393967819771515,6,225728
"Torsby","Värmland",2011,1,7,0.142857142857143,0.245857142857143,1.02,0.281428571428571,-1.29532178239821,81.603382018675,0.000602857142857143,-0.0674836369436699,1.03596288952327,0.320600285714286,4.14285714285714,0.410220582294022,0.0866595720213578,4,-0.382248660803491,79,0.472761383725818,9,223613
"Torsby","Värmland",2012,2,8,0.25,0.237625,0.98125,0.26375,-1.74609642176599,80.045759383146,0.00051875,0.217705519036563,0.526273985369735,0.315368625,4.5,-0.266581001095352,-0.346638288085431,4,-0.382248660803491,75,-0.827332421520182,5,238059
"Torsby","Värmland",2013,5,9,0.555555555555556,0.315111111111111,1.18333333333333,0.297777777777778,1.30025205645112,81.5826844837262,0.000547777777777778,-0.37715873055857,-0.19843360410965,0.302063,4.33333333333333,1.43041075332663,-0.346638288085431,4,-0.382248660803491,66,1.33949058722315,10,244886
"Torsby","Värmland",2014,1,4,0.25,0.3025,1.1925,0.27,0.969089529792344,77.1785962857772,0.0005225,-0.939255034201428,0.369165534217055,0.29013075,5,0.580096684961466,-0.346638288085431,4,0.0182023171811186,43,1.77285518897182,16,246277
"Torsby","Värmland",2015,4,6,0.666666666666667,0.261666666666667,1.03,0.258333333333333,-0.675374363892095,78.7959019252455,0.00104166666666667,-1.47614522557331,0.00986380693422453,0.274800666666667,3.33333333333333,1.286110967183,3.98634031298246,11,-0.782699638788101,24,0.0393967819771515,16,260296
"Torsby","Värmland",2016,3,4,0.75,0.28775,1.1325,0.27,0.0344735365399825,78.1299632352941,0.0009525,-1.57444906343013,-0.0146809976678212,0.27259075,3.5,0.483559985216008,-0.346638288085431,10,-0.382248660803491,29,0.0393967819771515,15,264141
"Torsby","Värmland",2017,1,4,0.25,0.298,1.3425,0.2825,1.52092199330133,82.4226409313725,0.0004325,-1.4837070592546,-0.821666903398765,0.2564795,4.5,0.431250609481431,-0.346638288085431,10,-0.782699638788101,25,0.906125985474485,19,269034
"Torsby","Värmland",2018,2,3,0.666666666666667,0.227333333333333,1.24666666666667,0.28,-1.05776384017681,83.5694444444445,0.000413333333333333,-1.2341665477719,-1.62452583886339,0.218722333333333,3,1.24932951733042,0.519957432128147,12,-0.782699638788101,24,0.0393967819771515,16,271509
"Torsby","Värmland",2019,3,4,0.75,0.2435,1.07,0.25,0.159073240168618,83.1380208333333,0.0012325,-0.96194053524531,-1.5381293667613,0.23664775,2.5,2.46718760056266,-0.346638288085431,12,-0.782699638788101,6,-0.827332421520182,10,276261
"Trysil","Hedmark",2009,1,3,0.333333333333333,0.177666666666667,1.02333333333333,0.276666666666667,-1.12072870512934,89.803564882698,0.00407333333333333,1.44825044810718,-2.4608518470308,0.273437333333333,1,-1.76724139829014,-0.301511344577764,0,NA,0,NA,0,280500
"Trysil","Hedmark",2010,1,2,0.5,0.187,1.07,0.36,-1.54768997535359,82.8958333333333,0.00787,1.48288252404018,0.531562566120989,0.2753905,2.5,-0.0974027765402949,-0.301511344577764,0,NA,0,NA,0,288300
"Trysil","Hedmark",2011,0,1,0,0.197,1.03,0.44,0.928236549613106,85.747311827957,0.01514,0.963401385045209,0.722571902904897,0.28125,0,-0.0460352473409132,-0.301511344577764,0,NA,0,NA,0,298500
"Trysil","Hedmark",2012,1,2,0.5,0.183,0.93,0.3,0.971157097802535,87.1380952380952,0.01422,0.547816473849237,0.639006336756668,0.28125,2,-0.25126901047648,-0.301511344577764,0,NA,0,NA,0,304300
"Trysil","Hedmark",2013,0,1,0,0.194,1.01,0.4,1.01996870162581,83.9270833333333,0.0142,0.34002401825125,0.555440770608439,0.276123,1,-0.484628859385328,-0.301511344577764,0,NA,0,NA,0,319100
"Trysil","Hedmark",2014,1,2,0.5,0.1865,1.02,0.38,-0.991406007643538,84.1734517854063,0.007345,-0.179457120743716,0.933466160831938,0.2877195,1.5,0.592474170444961,-0.301511344577764,0,NA,0,NA,0,329100
"Trysil","Hedmark",2015,0,2,0,0.187,1.05,0.39,0.860489409823908,82.4549539512774,0.007415,-0.698938259738682,0.740484631049406,0.2817995,4,-0.270177303433307,-0.301511344577764,0,NA,0,NA,0,348100
"Trysil","Hedmark",2016,1,3,0.333333333333333,0.189,0.816666666666667,0.263333333333333,-1.07893026277492,80.0196806777452,0.00486333333333333,-0.975994867202663,-0.0705430666236413,0.25692,1.66666666666667,0.200402837529741,-0.301511344577764,0,NA,0,NA,0,356100
"Trysil","Hedmark",2017,0,2,0,0.184,1.1,0.395,0.547421881853952,87.0412720959596,0.007615,-1.11452317093465,-0.209851608435406,0.2570695,4,-0.858540352606594,-0.301511344577764,0,NA,0,NA,0,377400
"Trysil","Hedmark",2018,0,1,0,0.172,1.13,0.35,-0.134678202607473,83.9343434343434,0,-0.906730715336668,-0.686780032672451,0.238016,2,0.813504236654877,-0.301511344577764,0,NA,0,NA,0,390500
"Trysil","Hedmark",2019,0,2,0,0.183,1.055,0.315,0.546159512789557,84.913558467742,0.00701,-0.906730715336668,-0.694505813510028,0.237779,3,2.16891370344347,3.01511344577764,2,NA,0,NA,0,403800
"Uddevalla","Västra Götaland",2008,0,1,0,0.311,1.65,0.63,NA,43.046875,0.02441,NA,NA,0.398438,1,NA,NA,0,NA,52,NA,0,251476
"Vansbro","Dalarna",2004,0,2,0,0.337,1.13,0.2,0.775945840693492,79.2916666666667,0.00044,1.86658486050341,-0.911976952938481,0.256836,0,-0.636426148613637,NA,0,-0.547996624351191,14,-0.333333333333333,0,216901
"Vansbro","Dalarna",2005,0,2,0,0.29,1.25,0.23,0.754712839739655,79.2070707070707,0.00026,1.08824059434755,-0.911976952938481,0.256836,0,-0.703604778454344,NA,0,-0.547996624351191,14,-0.333333333333333,0,220471
"Vansbro","Dalarna",2006,1,2,0.5,0.338,1.12,0.22,-0.00131067907122398,82.9354838709677,0.00044,0.504482394730651,-0.911976952938481,0.256836,1,-0.926234436317597,NA,0,-0.547996624351191,0,-0.333333333333333,0,221534
"Vansbro","Dalarna",2007,1,3,0.333333333333333,0.28,1.01666666666667,0.253333333333333,-2.21940861709736,75.6801470588235,0.00039,0.11531026165272,0.629098153610468,0.315104333333333,2.66666666666667,-0.418376851875887,NA,0,2.41118514714524,10,2.66666666666667,4,219947
"Vansbro","Dalarna",2012,0,1,0,0.338,1.13,0.23,-0.0495674994208553,73.7023809523809,0.00044,-1.24679220412004,1.79215460501924,0.302246,3,-0.644381512673721,NA,4,0.438397299480953,14,-0.333333333333333,1,230724
"Vansbro","Dalarna",2013,2,3,0.666666666666667,0.321,1.12,0.206666666666667,-0.116054674124791,82.0729166666667,0,-0.338723893604866,1.04100033344737,0.301269333333333,2.66666666666667,0.951526124975507,NA,4,-0.547996624351191,14,-0.333333333333333,1,235305
"Vansbro","Dalarna",2014,0,1,0,0.284,1.22,0.24,0.775945840693492,73.859375,0.00035,-0.663034004503141,0.0839247465833191,0.27356,3,0.973771680032408,NA,3,0.438397299480953,6,-0.333333333333333,0,239816
"Vansbro","Dalarna",2015,1,1,1,0.242,1.23,0.31,0.840288267826333,71.7612612612613,0.00187,-0.468447937964176,0.0839247465833191,0.27356,5,1.8877947962084,NA,1,-0.547996624351191,5,-0.333333333333333,0,250292
"Vansbro","Dalarna",2016,2,2,1,0.328,1.05,0.22,-0.760551319238745,76.396875,5e-06,-0.857620071042107,-0.894171726428256,0.257135,3,-0.484068873281124,NA,0,-0.547996624351191,5,-0.333333333333333,0,255676
"Vänersborg","Västra Götaland",2004,0,1,0,0.283,1.26,0.51,NA,63.6274509803922,0.00091,NA,NA,0.296875,1,NA,NA,0,NA,0,NA,0,244609
"Våler","Ãstfold",1998,0,2,0,0.319,1.22,0.9,1.78774977753487,NA,0.01541,0.395018144556725,-1.59762991752144,0.125,0,-1.32183348265297,NA,NA,NA,0,NA,0,NA
"Våler","Ãstfold",1999,0,2,0,0.319,1.19,0.84,1.67571708746803,NA,0.01318,0.653823135818026,-1.59762991752144,0.125,0,-1.32183348265297,NA,NA,NA,0,NA,0,187300
"Våler","Ãstfold",2000,0,2,0,0.317,1.19,0.93,1.70962637147479,54.65625,0.01559,0.912628127079328,-1.59762991752144,0.125,0,-1.32183348265297,-0.354245954216038,0,NA,0,NA,0,193100
"Våler","Ãstfold",2001,1,1,1,0.319,1.2,0.85,1.74926580569966,72.6458333333333,0.01402,0.912628127079328,-1.59762991752144,0.125,0,-1.32183348265297,-0.354245954216038,0,NA,0,NA,0,205000
"Våler","Hedmark",2004,0,1,0,0.193,1.41,0.26,-0.638343946909754,81.6818181818182,0,0.136213153295423,1.34208472971261,0.398438,1,-1.27788885363023,-0.354245954216038,0,NA,0,NA,0,226700
"Våler","Hedmark",2005,0,1,0,0.195,1.41,0.21,-0.638839145076751,83.7604166666667,0,0.136213153295423,1.34208472971261,0.398438,1,0.296831635081056,-0.354245954216038,0,NA,0,NA,0,238200
"Våler","Hedmark",2006,1,1,1,0.191,1.56,0.28,-0.63865049815599,86.0260416666667,0.00018,0.395018144556725,1.34208472971261,0.398438,2,-0.311486502427185,-0.354245954216038,0,NA,0,NA,0,238000
"Våler","Hedmark",2007,0,1,0,0.195,1.58,0.37,-0.638226042584278,77.3725490196078,0.00125,0.912628127079328,0.213440637153136,NA,2,0.223286996872012,-0.354245954216038,0,NA,0,NA,0,257900
"Våler","Hedmark",2008,0,1,0,0.168,1.3,0.2,-0.664730934951174,84.375,0.00061,1.17143311834063,0.0822039520589423,0.28125,2,0.247042901680506,-0.354245954216038,0,NA,0,NA,0,279100
"Våler","Hedmark",2009,0,1,0,0.192,1.46,0.32,-0.597855601541461,81.628507295174,0.00106,0.912628127079328,0.213440637153136,NA,1,-0.0538905250469019,-0.354245954216038,0,NA,0,NA,0,281600
"Våler","Hedmark",2010,1,2,0.5,0.191,1.43,0.3,-0.596935947802752,82.9656862745098,0.00117,0.912628127079328,NA,NA,2,0.738782541470387,-0.354245954216038,0,NA,0,NA,0,289600
"Våler","Hedmark",2012,0,1,0,0.194,1.49,0.23,-0.635396338772866,82.0989583333333,0,0.395018144556725,0.255433796158454,0.297363,1,0.447032707336678,-0.354245954216038,0,NA,0,NA,0,320900
"Våler","Hedmark",2013,0,1,0,0.191,1.55,0.28,-0.634665331954917,80.2474747474748,0,0.136213153295423,0.255433796158454,0.297363,0,1.37616940594877,-0.354245954216038,0,NA,0,NA,0,333200
"Våler","Hedmark",2014,0,1,0,0.195,1.5,0.35,-0.593705369284723,73.1153587952567,0.00106,-0.899006811749785,0.255433796158454,0.297363,2,0.567785565324901,-0.354245954216038,0,NA,0,NA,0,344500
"Våler","Hedmark",2015,0,1,0,0.194,1.46,0.29,-0.63301467139826,80.0989583333333,0.00093,-1.41661679427239,0.255433796158454,0.297363,5,0.780374349250115,-0.354245954216038,0,NA,0,NA,0,359100
"Våler","Ãstfold",2016,0,2,0,0.2565,1.33,0.6,0.83609680489178,67.403125,0.007555,-0.899006811749785,0.931307562315093,0.3602295,2,-0.642627118016512,-0.354245954216038,0,NA,0,NA,0,367300
"Våler","Ãstfold",2017,1,3,0.333333333333333,0.223666666666667,1.29,0.44,0.414046481419618,76.3967276936027,0.00397666666666667,-1.15781180301109,-0.257496980560286,0.345855666666667,2.66666666666667,-0.25006015857732,-0.354245954216038,0,NA,0,NA,0,376600
"Våler","Hedmark",2018,0,2,0,0.1785,1.32,0.27,-0.627756138482052,83.0601987618116,0.000835,-1.67542178553369,-0.122053095545266,0.265623,3,1.36785863413877,2.65684465662029,1,NA,0,NA,0,394200
"Våler","Hedmark",2019,0,1,0,0.193,1.46,0.31,-0.634382361573776,83.3602150537634,0.00106,-1.93422677679499,0.281687583739351,0.299805,7,1.77812235120686,2.65684465662029,2,NA,0,NA,0,404400
"Älvdalen","Dalarna",2008,1,1,1,0.163,0.74,0.23,-0.525309245534117,83.5,0.00175,0.879403474688334,-0.613463217974571,0.279175,1,-0.372421232748991,-1.32586105704145,0,-0.790569415042095,0,0.912870929175277,2,225032
"Älvdalen","Dalarna",2009,1,2,0.5,0.14,0.65,0.21,-0.347450222669974,88.9088541666667,0.001675,0.601697114260437,0.935893861388633,0.2982175,1,-1.03059084089629,-0.857910095732704,1,1.58113883008419,5,0.912870929175277,3,231209
"Älvdalen","Dalarna",2010,0,1,0,0.133,0.52,0.16,-0.247026420644642,88.0989583333333,0,0.323990753832543,-1.21267371122667,0.290527,0,-0.344822927624319,0.545942788193539,5,-0.790569415042095,5,0.912870929175277,3,230030
"Älvdalen","Dalarna",2011,0,1,0,0.147,0.44,0.15,-0.249446271295855,82.3535353535353,0,0.323990753832543,0.87597281206342,0.297363,1,-0.502776458532843,-0.389959134423956,7,0.790569415042095,19,-0.912870929175277,3,227819
"Älvdalen","Dalarna",2012,0,2,0,0.235,0.835,0.19,2.01553393823935,89.7439236111111,0.00051,-1.89766012959062,-0.861702556314236,0.272583,0,1.79421228312488,1.01389374950229,12,-0.790569415042095,19,-0.912870929175277,3,233837
"Älvdalen","Dalarna",2013,1,1,1,0.15,0.52,0.17,-0.646301778094758,82.2878787878788,0.00044,-0.231421967023245,0.87597281206342,0.297363,2,0.456399176677563,1.01389374950229,17,0,20,-0.912870929175277,2,241908
"Älvkarleby","Uppsala",2018,1,2,0.5,0.033,1.24,0.29,NA,82.358024691358,0.02917,NA,NA,0.231424,0,NA,NA,0,NA,0,NA,0,281597
"Åmot","Hedmark",2001,0,1,0,0.288,1.04,0.11,-0.995925933654638,83.1126893939394,0.00085,0.0139159170179905,-0.421957484390313,0.234375,0,-1.37022947947326,-0.51946248164932,0,NA,0,NA,0,205500
"Åmot","Hedmark",2002,0,1,0,0.281,1.14,0.12,-1.00132295820792,98.122816399287,5e-04,0.51488892966565,-0.421957484390313,0.234375,1,-1.26542407048871,-0.51946248164932,0,NA,0,NA,0,214300
"Åmot","Hedmark",2003,0,2,0,0.239,1.13,0.205,0.00765078202877773,80.5903225806452,0.001615,0.765375435989478,-0.210450091810527,0.251953,1,-1.29766939576379,-0.51946248164932,0,NA,0,NA,0,221700
"Åmot","Hedmark",2004,0,1,0,0.209,1.19,0.28,1.03659351311263,81.7211805555555,0.00316,0.26440242334182,0.00105730076926053,0.269531,1,-1.35033135915275,-0.51946248164932,0,NA,0,NA,0,238200
"Åmot","Hedmark",2005,1,2,0.5,0.2,1.24,0.24,1.03605381065731,84.8177083333333,0.0032,0.26440242334182,0.00105730076926053,0.269531,0,-0.469628887116865,0.64932810206165,1,NA,0,NA,0,249200
"Åmot","Hedmark",2006,0,1,0,0.209,1.25,0.24,1.04306994257658,84.0882352941177,0.0032,0.26440242334182,0.00105730076926053,0.269531,0,-1.01523923518855,-0.51946248164932,1,NA,0,NA,0,250600
"Åmot","Hedmark",2007,0,1,0,0.202,1.25,0.24,1.05764190887045,82.5967741935484,0.0032,1.01586194231331,2.0339010797421,0.438477,0,0.121092508977857,-0.51946248164932,1,NA,0,NA,0,274700
"Åmot","Hedmark",2008,1,2,0.5,0.201,1.23,0.24,1.0813888169049,87.9635416666667,0.0032,1.01586194231331,1.01747919025568,0.438477,0,0.257721947530378,-0.51946248164932,1,NA,0,NA,0,291000
"Åmot","Hedmark",2009,2,2,1,0.194,1.17,0.25,1.10189751020739,89.4429510155317,0.0028,1.01586194231331,0.00105730076926053,0.269531,1,1.607877466737,-0.51946248164932,1,NA,0,NA,0,297100
"Åmot","Hedmark",2010,0,1,0,0.224,1.24,0.2,1.11808858386724,83.5,0.00462,1.01586194231331,0.00105730076926053,0.269531,1,1.34032228535901,-0.51946248164932,0,NA,0,NA,0,302700
"Åmot","Hedmark",2011,0,1,0,0.291,1.1,0.12,-1.04719766691085,83.9281881313131,0.00056,0.765375435989478,-3.24207610629767,0.269531,0,1.30733159075596,-0.51946248164932,0,NA,0,NA,0,321100
"Åmot","Hedmark",2012,0,1,0,0.3,1.11,0.12,-1.04449915463421,90.0143623737374,0.00086,0.26440242334182,0.186129277403104,0.284912,2,1.31828527914086,1.81811868577262,2,NA,0,NA,0,345500
"Åmot","Hedmark",2013,0,1,0,0.295,1.13,0.12,-1.04341974972355,85.1529356060606,5e-04,0.0139159170179905,0.186129277403104,0.284912,0,0.588665929147631,-0.51946248164932,2,NA,0,NA,0,345200
"Åmot","Hedmark",2014,0,1,0,0.295,1.11,0.12,-1.03100659325099,84.0942060291859,5e-04,-0.737543601953497,0.186129277403104,0.284912,2,-0.185481136351091,-0.51946248164932,2,NA,0,NA,0,359500
"Åmot","Hedmark",2015,0,1,0,0.279,1.15,0.12,-1.03748302271494,80.3694295900178,5e-04,-1.23851661460116,0.186129277403104,0.284912,3,-0.133499727565929,-0.51946248164932,2,NA,0,NA,0,367100
"Åmot","Hedmark",2017,0,1,0,0.227,1.27,0.19,0.679310487685143,86.28125,0.00307,-1.73948962724882,0.573527844447068,0.317108,4,-0.0544905788014496,0.64932810206165,1,NA,0,NA,0,374600
"Åmot","Hedmark",2018,1,3,0.333333333333333,0.255333333333333,1.22666666666667,0.18,0.10200876130205,83.350692844342,0.00336666666666667,-1.73948962724882,-0.511342961521445,0.344744333333333,3,-0.0674967334517687,2.98690926948359,4,NA,0,NA,0,389600
"Åmot","Hedmark",2019,1,1,1,0.258,1.17,0.14,-1.06284903811538,87.3792335115864,5e-04,-1.73948962724882,0.433072400506697,0.305435,2,0.668193595705479,0.64932810206165,5,NA,0,NA,0,403100
"Åmål","Västra Götaland",2018,1,1,1,0.441,1.27,0.4,NA,80.3870967741936,0.00581,NA,NA,0.3106,2,NA,NA,0,NA,0,NA,1,259445
"Ånge","Västernorrland",2004,0,1,0,0.154,0.96,0.16,0.944828370953285,81.3767361111111,0,0.648885684523051,-0.706251761190004,0.28125,0,-0.738082360400712,NA,0,NA,0,-0.730296743340221,0,226437
"Ånge","Västernorrland",2005,0,1,0,0.153,0.99,0.16,-0.220010412715682,NA,5e-04,1.2977713690461,-0.706251761190004,0.28125,0,-0.53578588149003,NA,0,NA,0,-0.730296743340221,0,231334
"Ånge","Västernorrland",2006,0,1,0,0.146,1.05,0.2,-0.213399522910523,84.0553926360378,0.00154,-0.324442842261525,-0.153313111215089,0.324219,0,-0.205140537410031,NA,0,NA,0,1.09544511501033,1,232894
"Ånge","Västernorrland",2007,1,1,1,0.154,0.96,0.16,0.944828370953285,86.2929292929293,0,-1.2977713690461,-0.153313111215089,0.324219,0,-0.268551113223341,NA,0,NA,0,1.09544511501033,2,233620
"Ånge","Västernorrland",2010,0,1,0,0.162,1.06,0.2,-1.45624680628036,92.8676470588235,0.00033,-0.324442842261525,1.71912974481019,0.469727,2,1.74755989252411,NA,0,NA,0,-0.730296743340221,2,239380
"Årjäng","Värmland",2001,1,1,1,0.441,1.22,0.28,1.81626400084627,76.1197916666667,0.00075,1.90296011964423,-2.22741678665695,0.234375,0,-0.33586198945912,-0.316227766016838,0,-0.621059003408119,0,-0.707106781186547,0,195491
"Årjäng","Värmland",2004,1,1,1,0.346,1.21,0.31,-1.07798764976191,78.6302083333333,0,0.743261431772399,-0.360187826266527,0.234375,1,-0.33586198945912,-0.316227766016838,0,-0.621059003408119,0,-0.707106781186547,1,206714
"Årjäng","Värmland",2005,1,1,1,0.358,1.21,0.28,-1.18756425546395,77.2070707070707,0,0.321552818000825,-0.343508670204342,0.269531,1,-0.33586198945912,-0.316227766016838,0,1.44913767461894,1,0.707106781186547,2,212288
"Årjäng","Värmland",2008,0,1,0,0.407,1.09,0.22,0.377475525976028,66.9086021505376,0.00122,-0.311010102656536,0.861009789492177,0.305908,0,-0.324421898986485,-0.316227766016838,0,-0.621059003408119,6,0.707106781186547,3,210856
"Årjäng","Värmland",2010,1,2,0.5,0.3695,1.15,0.33,1.36223571722,82.7362231182796,0.001195,0.268839241279378,0.606767894245416,0.2910155,1,-0.255781356150672,2.84604989415154,1,-0.621059003408119,5,-0.707106781186547,3,203978
"Årjäng","Värmland",2011,0,2,0,0.3765,1.115,0.265,-0.824293986560455,80.661878360215,0.001355,0.268839241279378,0.532266525713816,0.2866515,1,-0.252921333532514,-0.316227766016838,1,1.44913767461894,10,2.12132034355964,4,203377
"Årjäng","Värmland",2012,0,2,0,0.3755,1.15,0.265,-0.410999615053855,68.4560284961686,0.000755,0.374266394722272,0.532266525713816,0.2866515,1.5,-0.33586198945912,-0.316227766016838,1,1.44913767461894,11,0.707106781186547,5,234117
"Årjäng","Värmland",2017,0,3,0,0.413,1.15333333333333,0.293333333333333,0.349049131163471,65.3827335858586,0.000853333333333333,-1.36528163708547,1.18819098287167,0.325073,3.66666666666667,-0.332048625968242,-0.316227766016838,0,-0.621059003408119,0,-0.707106781186547,6,284945
"Årjäng","Värmland",2018,2,2,1,0.3675,1.13,0.25,-0.400518374508443,82.9192708333333,0.000655,-1.25985448364258,0.0476832659132935,0.30389,4,-0.33586198945912,-0.316227766016838,0,-0.621059003408119,0,-0.707106781186547,6,285176
"Årjäng","Värmland",2019,1,2,0.5,0.366,1.08,0.22,-0.00366049385714829,74.296875,0,-0.943573023313897,-0.837071700822377,0.206949,5,2.84448316193351,-0.316227766016838,0,-0.621059003408119,0,-0.707106781186547,1,294658
"Åsnes","Hedmark",2003,0,1,0,0.193,1.74,0.35,-0.35916250594516,78.9375,0,1.84873908212778,0.110830333715919,0.28125,1,-1.89073358268896,NA,0,NA,0,NA,0,215200
"Åsnes","Hedmark",2006,0,1,0,0.185,2.01,0.37,-0.282940678851054,88.6989247311828,0.00019,0.879967510707108,-0.175190516496996,0.269531,2,-0.838589722819284,NA,0,NA,0,NA,0,235100
"Åsnes","Hedmark",2008,0,1,0,0.192,1.73,0.35,-0.39858758892487,84.0490196078431,0,0.879967510707108,-0.175190516496996,0.269531,3,-0.660331624895794,NA,0,NA,0,NA,0,277400
"Åsnes","Hedmark",2011,0,1,0,0.191,1.64,0.36,1.84776602796351,80.6827956989247,0,0.718505582136997,0.504093748638753,0.297363,3,0.277465045649729,NA,0,NA,0,NA,0,301100
"Åsnes","Hedmark",2014,0,1,0,0.18,1.53,0.22,1.88806722389833,76.8783718317123,0,-0.250265989283673,0.563694646003711,0.299805,3,0.787816576397611,NA,0,NA,0,NA,0,335200
"Åsnes","Hedmark",2015,0,2,0,0.193,1.885,0.425,-0.150209566152696,75.9170612373738,0.00053,-0.815382739279064,0.194252064753358,0.284668,4.5,0.30282354671916,NA,0,NA,0,NA,0,349100
"Åsnes","Hedmark",2016,0,1,0,0.181,2.08,0.45,-0.572057954035596,78.0838709677419,0.00044,-1.05757563213423,0.563694646003711,0.299805,4,-0.369972108960575,NA,0,NA,0,NA,0,363900
"Åsnes","Hedmark",2017,0,1,0,0.192,1.82,0.36,-0.60272190746426,82.3645833333333,0,-0.89611370356412,0.563694646003711,0.299805,4,0.171820220161214,NA,0,NA,0,NA,0,379800
"Åsnes","Hedmark",2018,0,1,0,0.188,1.93,0.36,-0.659669249546063,83.7760416666667,0,-0.734651774994008,0.563694646003711,0.299805,4,0.451605896167112,NA,0,NA,0,NA,0,390700
"Åsnes","Hedmark",2019,0,1,0,0.187,1.92,0.35,-0.710483800942134,83.0454545454545,0,-0.573189846423896,-2.71357369812888,0.254885,3,1.76809575426978,NA,0,NA,0,NA,0,406100
"Örebro","Orebro",2015,2,4,0.5,0.199,1.27,0.51,0.707106781186548,61.1960784313725,0.00799,0.707106781186551,0.707106781186548,0.324783,2,NA,NA,1,NA,85,NA,1,275849
"Örebro","Orebro",2017,0,2,0,0.208,1.3,0.5,-0.707106781186548,63.2878787878788,0.01486,-0.707106781186544,-0.707106781186548,0.319611,6,NA,NA,0,NA,37,NA,0,286883
