"mod_id","id","sex","Country_fatefile","territory","Revir_Vinter","Autumn","Spring","Fate","confirmed.illegal","Radio.collar","Comment","geometry","NAME_1","NAME_2","KommunerNamn","SLU.ID","ruggedness_mean","average_gravel_km","average_paved_km","artificial_area_total","pop_mean","mean_snow","hunt_afo","hunt_county2","Fi","number_neighbour_terr","bear_density_BZtiff","mean_fi","max_fi","wolfLKill_cumall","wolfLKill_last5y","wolfLKill_n","NoAffectedSheep_cumall","NoAffectedSheep_last5y","NoAffectedSheep","sheepAttacks_n","AttackDogs_cumall","AttackDogs_last5y","AttackDogs_n","IndividualIncome","income_prop","year_average","first_yeardet","last_yeardet","years_firstdet","time_start","time_end","Fate_binary","ruggedness_mean_sc","average_gravel_km_sc","average_paved_km_sc","artificial_area_total_sc","pop_mean_sc","mean_snow_sc","hunt_afo_sc","hunt_county2_sc","bear_density_BZtiff_sc","Fi_sc","mean_fi_sc","max_fi_sc","IndividualIncome_sc","income_prop_sc"
1581,"M-06-09","F","S","Aamäck 1","Aamäck_0607",2006,2007,NA,NA,1,NA,list(),"Värmland","Hagfors","hagfors","M-06-09",0.325,0.98,0.26,3e-04,7.68,83.2447916666667,NA,3.7,0.267578,2,2.02e-05,0.2685545,0.269531,0,0,0,22,22,8,3,2,2,0,228662,0.927555099116705,246521.204204204,2006,2010,0,0,1,0,NA,NA,NA,NA,NA,NA,NA,NA,NA,NA,NA,NA,NA,NA
1502,"M-06-09","F","S","Aamäck 1","Aamäck_0708",2007,2008,NA,NA,1,NA,c(14.1849149877836, 60.1659809125502),"Värmland","Filipstad","filipstad","M-06-09",0.323,1,0.25,0.00028,7.62,72.6256272401434,NA,3.4,0.267578,3,1.42e-05,0.2685545,0.269531,0,0,0,48,48,0,0,4,4,1,226802,0.902546393951184,251291.237237237,2006,2010,1,1,2,0,NA,NA,NA,NA,NA,NA,NA,NA,NA,NA,NA,NA,NA,NA
1422,"M-06-09","F","S","Aamäck 1","Aamäck_0809",2008,2009,NA,NA,1,NA,c(13.9694963738858, 14.1176508580758, 14.1767549641524, 59.8289394211371, 59.8656497849507, 59.8679474516846),"Värmland","Filipstad","filipstad","M-06-09",0.32,0.98,0.24,0,7.58,81.8388888888889,NA,2.9,0.267578,3,0.00014579,0.2685545,0.269531,0,0,0,48,43,0,0,7,5,3,227718,0.895624903165033,254255.993993994,2006,2010,2,2,3,0,NA,NA,NA,NA,NA,NA,NA,NA,NA,NA,NA,NA,NA,NA
1320,"M-06-09","F","S","Aamäck 1","Aamäck_0910",2009,2010,NA,NA,1,NA,c(13.9223214239553, 14.3391528686215, 59.7687015423886, 59.9132074933017),"Värmland","Filipstad","filipstad","M-06-09",0.316,0.98,0.23,0.00044,7.56,81.6525297619048,NA,2.9,0.267578,3,0.00014395,0.2685545,0.269531,1,1,1,48,33,0,0,9,6,2,231812,0.895459198454853,258875,2006,2010,3,3,4,0,NA,NA,NA,NA,NA,NA,NA,NA,NA,NA,NA,NA,NA,NA
1200,"M-06-09","F","S","Aamäck 1","Aamäck_1011",2010,2011,"illegal",NA,1,NA,list(),"Värmland","Filipstad","filipstad","M-06-09",0.316,0.98,0.23,0.00044,7.54,82.4444444444444,NA,2.9,0.267578,2,0.00016705,0.2685545,0.269531,3,3,2,66,18,18,3,9,6,0,226569,0.880245845660687,257392.864864865,2006,2010,4,4,5,1,NA,NA,NA,NA,NA,NA,NA,NA,NA,NA,NA,NA,NA,NA
1081,"G45-12","M","S","Aamäck 2","Aamäck_1112",2011,2012,NA,NA,0,NA,c(13.8617306569349, 14.3941517187704, 59.7639942402125, 59.8439479847382),"Värmland","Filipstad","filipstad","G45-12",0.321,0.96,0.22,0,7.54,82.3333333333333,NA,3.1,0.152161,4,0.0001609,0.2257385,0.299316,3,3,0,66,18,0,0,11,8,2,225496,0.873382186409303,258187.084084084,2011,2012,0,0,1,0,NA,NA,NA,NA,NA,NA,NA,NA,NA,NA,NA,NA,NA,NA
952,"G45-12","M","S","Aamäck 2","Aamäkk_1213",2012,2013,"illegal",NA,0,NA,c(13.8804310582558, 60.6471298019507),"Dalarna","Malung","filipstad","G45-12",0.318,0.95,0.23,0,7.48,74.4833333333333,2.7,3.2,0.152161,3,6.28e-05,0.2257385,0.299316,0,0,0,186,157,0,0,16,11,1,244397,0.921766183186487,265139.906906907,2011,2012,1,1,2,1,NA,NA,NA,NA,NA,NA,NA,NA,NA,NA,NA,NA,NA,NA
814,"M-13-09/G106-13","M","S","Aamäck 3","Aamäkk_1314",2013,2014,"illegal",1,1,NA,list(),"Dalarna","Vansbro","filipstad","G106-13",0.321,0.98,0.22,0,7.54,81.625,2.6,2.7,0.165527,2,0.00037484,0.2324215,0.299316,4,4,0,38,14,0,0,5,1,0,235305,0.865560317352448,271852.804804805,2013,2013,0,0,1,1,NA,NA,NA,NA,NA,NA,NA,NA,NA,NA,NA,NA,NA,NA
683,"G71-13","F","S","Aamäck 4","Aamäkk_1415",2014,2015,"censored",NA,0,NA,c(12.8395250247701, 60.9761202067794),"Dalarna","Malung","filipstad","G71-13",0.318,0.95,0.25,0.00028,7.52,78.7639296187683,2.3,2.5,0.214912,3,0.00023776,0.214933,0.214954,0,0,0,198,68,0,0,19,11,1,257612,0.931798751585479,276467.423423423,2014,2016,0,0,1,1,NA,NA,NA,NA,NA,NA,NA,NA,NA,NA,NA,NA,NA,NA
543,"G71-13","F","S","Aamäck 4","Aamäkk_1516",2015,2016,"censored",NA,0,NA,list(),"Värmland","Hagfors","hagfors","G71-13",0.322,0.98,0.26,0.00028,7.6,75.8854166666667,2.1,2,0.214912,5,0.00017237,0.214933,0.214954,3,1,0,22,0,0,0,14,6,0,257919,0.900758173286869,286335.453453453,2014,2016,1,1,2,1,NA,NA,NA,NA,NA,NA,NA,NA,NA,NA,NA,NA,NA,NA
398,"G71-13","F","S","Aamäck 4","Aamäkk_1617",2016,2017,"censored",NA,0,"Senast reg 2017-10-25, var då ensam",list(),"Dalarna","Vansbro","filipstad","G71-13",0.325,0.97,0.22,0,7.74,76.05625,2.1,2,0.214912,2,0.00014284,0.214933,0.214954,4,0,0,39,5,0,0,5,0,0,255676,0.872314130882895,293100.834834835,2014,2016,2,2,3,1,NA,NA,NA,NA,NA,NA,NA,NA,NA,NA,NA,NA,NA,NA
1748,"M-05-02","M","S","Amungen 1","Amungen_0304",2003,2004,NA,NA,1,NA,c(15.2466227560487, 15.2613914159802, 61.2386890494768, 61.0198658409603),"Dalarna","Rättvik","rättvik","M-05-02",0.153,1.04,0.12,0,12.933,82.50625,NA,3.5,0.28125,1,0.00133061,0.234375,0.28125,0,0,0,0,0,0,0,4,4,2,212311,0.909905269395658,233333.081081081,2003,2006,0,0,1,0,NA,NA,NA,NA,NA,NA,NA,NA,NA,NA,NA,NA,NA,NA
1695,"M-05-02","M","S","Amungen 1","Amungen_0405",2004,2005,NA,NA,1,NA,c(15.6368881539651, 61.3511040010635),"Gävleborg","Ovanåker","rättvik","M-05-02",0.158,1.01,0.12,0,13.3,80.2447916666667,NA,3.2,0.28125,2,0.00125349,0.234375,0.28125,0,0,0,1,1,1,1,1,1,1,225427,0.945990991691476,238297.195195195,2003,2006,1,1,2,0,NA,NA,NA,NA,NA,NA,NA,NA,NA,NA,NA,NA,NA,NA
1643,"M-05-02","M","S","Amungen 1","Amungen_0506",2005,2006,NA,NA,1,NA,c(15.5518678079961, 15.2614425995203, 15.0774422417646, 14.9254514732231, 61.003674828286, 61.2119614702446, 61.0614207124423, 60.9743839434029),"Dalarna","Rättvik","rättvik","M-05-02",0.157,1.01,0.12,0,13.3,83.53125,NA,2.9,0.28125,2,0.00143144,0.234375,0.28125,0,0,0,15,15,15,3,8,7,4,220889,0.907740093345292,243339.477477477,2003,2006,2,2,3,0,NA,NA,NA,NA,NA,NA,NA,NA,NA,NA,NA,NA,NA,NA
1585,"M-05-02","M","S","Amungen 1","Amungen_0607",2006,2007,"illegal",NA,1,NA,c(15.3784131602033, 15.4985615513377, 15.6025610293887, 15.6511409968985, 15.6680522837716, 61.5300125139993, 61.3544508366238, 61.4569472119189, 61.4920084025135, 61.4884371403247),"Gävleborg","Ovanåker","ovanåker","M-05-02",0.16,1.01,0.12,0,13.3,84.4731182795699,NA,2.7,0.28125,1,0.00110111,0.234375,0.28125,0,0,0,40,40,0,0,11,11,5,236868,0.960842296566879,246521.204204204,2003,2006,3,3,4,1,NA,NA,NA,NA,NA,NA,NA,NA,NA,NA,NA,NA,NA,NA
259,"G87-17","F","S","Andån","Andån_1718",2017,2018,NA,NA,0,NA,list(),"Gävleborg","Ljusdal","ljusdal","G87-17",0.187,1.18,0.25,0.00033,8.2,83.859375,2.7,2.9,0.233883,2,0.00207999,0.15061,0.233883,2,2,0,48,29,0,0,17,8,0,262062,0.880470874589987,297638.465465465,2017,2019,0,0,1,0,NA,NA,NA,NA,NA,NA,NA,NA,NA,NA,NA,NA,NA,NA
133,"G87-17","F","S","Andån","Andån_1819",2018,2019,NA,NA,0,NA,list(),"Gävleborg","Ljusdal","ljusdal","G87-17",0.188,1.18,0.26,0.00033,8.233,82.171875,2.6,3,0.233883,2,0.00319843,0.15061,0.233883,4,4,2,48,25,0,0,17,4,0,264917,0.879576335426409,301187.048048048,2017,2019,1,1,2,0,NA,NA,NA,NA,NA,NA,NA,NA,NA,NA,NA,NA,NA,NA
1,"G87-17","F","S","Andån","Andån_1920",2019,2020,NA,NA,0,NA,c(16.0159246717567, 15.5215771720869, 15.5686808329458, 62.1031297042508, 62.0692934021934, 61.7196460726044),"Gävleborg","Ljusdal",NA,"G87-17",0.18,1.17,0.2,0,8.2,84.7150537634409,1.9,2.6,0.233883,2,0.00352884,0.15061,0.233883,4,2,0,49,24,1,1,20,6,3,268957,0.885068727788649,303882.615615616,2017,2019,2,2,3,0,NA,NA,NA,NA,NA,NA,NA,NA,NA,NA,NA,NA,NA,NA
545,"M-15-01/G140-13","F","S","Aspafallet 2","Aspafallet_1516",2015,2016,NA,NA,1,NA,list(),"Orebro","Lindesberg","köping","G140-13",0.235,1.17,0.38,0.0014,22.067,61.0050505050505,2.2,2.4,0.29248,3,2.07e-06,0.2949215,0.297363,6,5,4,52,24,0,0,3,3,0,267085,0.932769577705882,286335.453453453,2015,2016,0,0,1,0,NA,NA,NA,NA,NA,NA,NA,NA,NA,NA,NA,NA,NA,NA
400,"M-15-01/G140-13","F","S","Aspafallet 2","Aspafallet_1617",2016,2017,NA,NA,1,NA,list(),"Orebro","Lindesberg","lindesberg","G140-13",0.235,1.21,0.39,0.00347,22.267,62.1333333333333,2.2,2.4,0.29248,5,3.6e-07,0.2949215,0.297363,6,5,0,52,24,0,0,3,3,0,274341,0.935995286927769,293100.834834835,2015,2016,1,1,2,0,NA,NA,NA,NA,NA,NA,NA,NA,NA,NA,NA,NA,NA,NA
261,"M-15-01/G140-13","F","S","Aspafallet 3","Aspafallet_1718",2017,2018,NA,NA,1,NA,list(),"Orebro","Lindesberg","lindesberg","G140-13",0.224,1.16,0.41,0.00028,27.45,61.1616161616162,1.8,2.2,0.29248,3,3.19e-06,0.260825,0.29248,6,4,0,53,13,1,1,3,1,0,281277,0.945029062557898,297638.465465465,2017,2019,0,0,1,0,NA,NA,NA,NA,NA,NA,NA,NA,NA,NA,NA,NA,NA,NA
135,"M-15-01/G140-13","F","S","Aspafallet 3","Aspafallet_1819",2018,2019,NA,NA,1,NA,list(),"Orebro","Lindesberg","lindesberg","G140-13",0.237,1.18,0.37,0.00182,22.433,81.6354166666667,2,2.1,0.29248,5,6.1e-07,0.260825,0.29248,6,4,0,53,1,0,0,3,1,0,281852,0.935803852876955,301187.048048048,2017,2019,1,1,2,0,NA,NA,NA,NA,NA,NA,NA,NA,NA,NA,NA,NA,NA,NA
3,"M-15-01/G140-13","F","S","Aspafallet 3","Aspafallet_1920",2019,2020,NA,NA,1,NA,list(),"Orebro","Lindesberg",NA,"G140-13",0.236,1.19,0.38,0.00131,22.4,65.09375,2.3,2.2,0.29248,4,4.84e-06,0.260825,0.29248,6,4,0,68,16,15,2,3,0,0,282049,0.928151152801603,303882.615615616,2017,2019,2,2,3,0,NA,NA,NA,NA,NA,NA,NA,NA,NA,NA,NA,NA,NA,NA
1204,"G69-10","M","N","Aurskog 1","Aurskog_1011",2010,2011,NA,NA,0,NA,list(),"Akershus","Aurskog-Høland","aurskog-høland","G69-10",0.333,1.12,0.67,0.00149,135.265,81.7708333333333,NA,3.3,0.214844,1,0,0.235901,0.256958,0,0,0,0,0,0,0,0,0,0,325300,1.26382679710561,257392.864864865,2010,2011,0,0,1,0,NA,NA,NA,NA,NA,NA,NA,NA,NA,NA,NA,NA,NA,NA
1085,"G69-10","M","N","Aurskog 1","Aurskog_1112",2011,2012,"illegal",NA,0,NA,list(),"Akershus","Aurskog-Høland","aurskog-høland","G69-10",0.291,1.49,0.47,0.00092,26.048,82.3939393939394,NA,3,0.214844,0,1.1e-06,0.235901,0.256958,0,0,0,0,0,0,0,0,0,0,337300,1.3064170161593,258187.084084084,2010,2011,1,1,2,1,NA,NA,NA,NA,NA,NA,NA,NA,NA,NA,NA,NA,NA,NA
956,"G111-10","M","N","Aurskog 3","Aurskog_1213",2012,2013,"illegal",NA,0,NA,list(),"Akershus","Aurskog-Høland","aurskog-høland","G111-10",0.314,1.43,0.51,0.00092,29.714,72.0220352564102,351.8,3,0.256958,2,0,0.255783,0.256958,0,0,0,0,0,0,0,0,0,0,352600,1.3298639352838,265139.906906907,2012,2012,0,0,1,1,NA,NA,NA,NA,NA,NA,NA,NA,NA,NA,NA,NA,NA,NA
547,"G107-16","M","N","Aurskog 4","Aurskog_1516",2015,2016,NA,NA,0,NA,list(),"Akershus","Aurskog-Høland","aurskog-høland","G107-16",0.339,1.13,0.67,0.00149,72.368,65.296875,233.4,2.4,0.3106,3,1.44e-05,0.301937,0.3106,0,0,0,0,0,0,0,0,0,0,392600,1.37111906773997,286335.453453453,2015,2016,0,0,1,0,NA,NA,NA,NA,NA,NA,NA,NA,NA,NA,NA,NA,NA,NA
402,"G107-16","M","N","Aurskog 4","Aurskog_1617",2016,2017,"illegal",NA,0,NA,list(),"Akershus","Aurskog-Høland","aurskog-høland","G107-16",0.353,1.06,0.7,0.00149,149.427,70.8352941176471,141.9,2.1,0.3106,3,7.4e-06,0.301937,0.3106,0,0,0,0,0,0,0,0,0,0,400700,1.36710630737643,293100.834834835,2015,2016,1,1,2,1,NA,NA,NA,NA,NA,NA,NA,NA,NA,NA,NA,NA,NA,NA
137,"G35-16","M","N","Aurskog 5","Aurskog_1819",2018,2019,NA,NA,0,NA,list(),"Akershus","Aurskog-Høland","aurskog-høland","G35-16",0.353,1.06,0.7,0.00149,153.698,82.0555555555556,140.7,2,0.3106,4,1.18e-06,0.299038,0.3106,0,0,0,0,0,0,0,0,0,0,424300,1.40875911746481,301187.048048048,2018,2019,0,0,1,0,NA,NA,NA,NA,NA,NA,NA,NA,NA,NA,NA,NA,NA,NA
5,"G35-16","M","N","Aurskog 5","Aurskog_1920",2019,2020,NA,NA,0,NA,list(),"Akershus","Aurskog-Høland",NA,"G35-16",0.335,1.18,0.61,0.00149,76.254,79.1380952380952,160.1,1.8,0.3106,4,1.82e-05,0.299038,0.3106,0,0,0,0,0,0,0,0,0,0,443400,1.4591160442059,303882.615615616,2018,2019,1,1,2,0,NA,NA,NA,NA,NA,NA,NA,NA,NA,NA,NA,NA,NA,NA
404,"G73-15","F","S","Bertjärn","Berttjärn_1617",2016,2017,"illegal",NA,0,NA,c(13.1223600712804, 12.5825021065144, 60.0789792772721, 61.037308062458),"Värmland","Torsby","torsby","G73-15",0.225,0.69,0.25,0.00092,2.7,79.4823529411765,2,1.9,0.214912,2,0.000488,0.218647,0.222382,14,10,0,153,29,6,1,36,15,2,264141,0.901194976632687,293100.834834835,2016,2016,0,0,1,1,NA,NA,NA,NA,NA,NA,NA,NA,NA,NA,NA,NA,NA,NA
406,"G48-14","M","S","Billsjön","Billsjön_1617",2016,2017,"illegal",NA,0,NA,list(),"Dalarna","Smedjebacken","smedjebacken","G48-14",0.277,1.3,0.34,0.00293,18,66.9411764705882,2.3,2.3,0.205505,8,2.06e-05,0.178833,0.205505,1,1,0,4,4,0,0,1,0,0,284711,0.971375602394437,293100.834834835,2016,2016,0,0,1,1,NA,NA,NA,NA,NA,NA,NA,NA,NA,NA,NA,NA,NA,NA
818,"G183-13","M","S","Björnås 2","Björnås_1314",2013,2014,"illegal",NA,0,NA,c(16.1169140591165, 60.7266126048823),"Dalarna","Falun","falun","G183-13",0.178,1.1,0.2,0,11.95,80.265625,2.9,2.4,0.414307,2,0.00256491,0.414307,0.414307,0,0,0,109,59,1,1,14,8,1,280604,1.03219093215345,271852.804804805,2013,2013,0,0,1,1,NA,NA,NA,NA,NA,NA,NA,NA,NA,NA,NA,NA,NA,NA
819,"G113-12","F","S","Björnås 2/3/4","Björnås_1314",2013,2014,NA,NA,0,NA,c(16.1169140591165, 60.7266126048823),"Dalarna","Falun","falun","G113-12",0.178,1.1,0.2,0,11.95,80.265625,2.9,2.4,0,2,0.00256491,0,0,0,0,0,109,59,1,1,14,8,1,280604,1.03219093215345,271852.804804805,2013,2013,0,0,1,0,NA,NA,NA,NA,NA,NA,NA,NA,NA,NA,NA,NA,NA,NA
263,"G113-12","F","S","Björnås 4","Björnås_1718",2017,2018,NA,NA,0,NA,c(16.3210809454011, 61.1855333035311),"Gävleborg","Bollnäs","bollnäs","G113-12",0.204,1.16,0.17,0,13.775,81.8823529411765,2.4,2.8,0,1,0.00224688,0.069504,0.139008,10,6,6,57,0,0,0,13,5,1,268696,0.90275966038125,297638.465465465,2017,2019,0,0,1,0,NA,NA,NA,NA,NA,NA,NA,NA,NA,NA,NA,NA,NA,NA
139,"G113-12","F","S","Björnås 4","Björnås_1819",2018,2019,NA,NA,0,NA,list(),"Gävleborg","Bollnäs","bollnäs","G113-12",0.198,1.12,0.18,0,13.875,83.1515151515152,2.6,2.9,0,1,0.00365482,0.069504,0.139008,10,6,0,57,0,0,0,13,5,0,270087,0.89674174819401,301187.048048048,2017,2019,1,1,2,0,NA,NA,NA,NA,NA,NA,NA,NA,NA,NA,NA,NA,NA,NA
7,"G22-14","M","S","Björnås 4","Björnås_1920",2019,2020,NA,NA,0,NA,c(15.8246297317034, 60.9015612619864),"Dalarna","Falun",NA,"G22-14",0.179,1.15,0.16,0,13.9,86.7916666666667,2.4,2.5,0.139008,3,0.00292842,0.069504,0.139008,0,0,0,122,13,5,1,16,2,1,309927,1.01989052375418,303882.615615616,2017,2019,2,2,3,0,NA,NA,NA,NA,NA,NA,NA,NA,NA,NA,NA,NA,NA,NA
141,"G71-17","M","S","Blåbärskullen","Blåbärskullen_1819",2018,2019,NA,NA,0,NA,list(),"Värmland","Sunne","arvika","G71-17",0.423,1.21,0.33,0.00434,19.8,81.96875,2.1,2.3,0.228912,3,2.18e-05,0.1905365,0.228912,8,4,0,45,32,0,0,16,6,0,284696,0.945246489997082,301187.048048048,2018,2018,0,0,1,0,NA,NA,NA,NA,NA,NA,NA,NA,NA,NA,NA,NA,NA,NA
1428,"D-11-29","M","S","Bogen 2","Bogen_0809",2008,2009,NA,NA,0,NA,c(12.6244067120794, 59.7926579074265),"Värmland","Arvika","arvika","D-11-29",0.414,1.13,0.39,0.00554,12.233,70.2843137254902,NA,3.2,0.267578,1,3.49e-05,0.2910155,0.314453,1,1,1,0,0,0,0,6,5,1,240468,0.945771213581224,254255.993993994,2008,2008,0,0,1,0,NA,NA,NA,NA,NA,NA,NA,NA,NA,NA,NA,NA,NA,NA
265,"G166-16","F","S","Bograngen 3","Bograngen_1718",2017,2018,NA,NA,0,NA,c(12.5971694120594, 13.3763878520525, 13.1570589260582, 12.9611849676057, 60.6348113567009, 60.3028640762702, 60.1614536131388, 60.0735432252356),"Värmland","Torsby","torsby","G166-16",0.197,1.29,0.27,0.00061,5.083,83.4509803921569,74.5,1.9,0.224609,4,0.00037703,0.195068,0.224609,14,10,0,153,25,0,0,40,19,4,269034,0.903895266289819,297638.465465465,2017,2018,0,0,1,0,NA,NA,NA,NA,NA,NA,NA,NA,NA,NA,NA,NA,NA,NA
143,"G166-16","F","S","Bograngen 3","Bograngen_1819",2018,2019,"illegal",NA,0,NA,c(13.4585531237184, 12.6659864909767, 60.4616079166848, 60.8295690382981),"Värmland","Torsby","torsby","G166-16",0.208,1.24,0.28,0.00034,5.004,83.7447916666667,58.8,2.2,0.224609,3,0.00040539,0.195068,0.224609,16,12,2,153,24,0,0,42,16,2,271509,0.901463066754074,301187.048048048,2017,2018,1,1,2,1,NA,NA,NA,NA,NA,NA,NA,NA,NA,NA,NA,NA,NA,NA
412,"G31-17","M","N","Boksjö 1","Boksjö_1617",2016,2017,NA,NA,0,NA,list(),"Västra Götaland","Dals-Ed","dals-ed","G31-17",0.398,1.19,0.38,0.00164,19.439,65.6,60.2,2.9,0.231424,0,0,0.1705675,0.231424,1,0,0,92,34,0,0,7,2,0,256067,0.87364814277754,293100.834834835,2016,2017,0,0,1,0,NA,NA,NA,NA,NA,NA,NA,NA,NA,NA,NA,NA,NA,NA
267,"G31-17","M","N","Boksjö 1","Boksjø_1718",2017,2018,"illegal",NA,0,NA,list(),"Ãstfold","Halden","halden","G31-17",0.398,1.22,0.43,0.00043,20.24,61.8767148683723,75.2,2.8,0.231424,0,0,0.1705675,0.231424,0,0,0,0,0,0,0,0,0,0,397500,1.33551286584671,297638.465465465,2016,2017,1,1,2,1,NA,NA,NA,NA,NA,NA,NA,NA,NA,NA,NA,NA,NA,NA
11,"G213-17","F","N","Boksjö 2","Boksjø_1920",2019,2020,NA,NA,0,NA,list(),"Ãstfold","Aremark",NA,"G213-17",0.361,1.31,0.49,0.00082,30.451,58.3879928315412,88.1,2.2,0.121395,0,0,0.0606975,0.121395,0,0,0,0,0,0,0,0,0,0,434200,1.42884119619802,303882.615615616,2019,2019,0,0,1,0,NA,NA,NA,NA,NA,NA,NA,NA,NA,NA,NA,NA,NA,NA
689,"G63-15","M","S","Borgvik 1","Borgvik_1415",2014,2015,"illegal",NA,0,NA,c(12.9204196988955, 59.2753852531767),"Värmland","Säffle","säffle","G63-15",0.405,1.17,0.36,0.0023,31.75,63.0387544802867,3.3,2.6,0.205933,2,0,0.2582665,0.3106,0,0,0,25,25,7,2,3,2,1,238077,0.861139432096393,276467.423423423,2014,2014,0,0,1,1,NA,NA,NA,NA,NA,NA,NA,NA,NA,NA,NA,NA,NA,NA
553,"G11-16","M","S","Borgvik 2","Borgvik_1516",2015,2016,NA,NA,0,NA,list(),"Värmland","Grums","grums","G11-16",0.392,1.19,0.34,0.00251,31.975,53.4656862745098,2.4,1.9,0.139008,1,0,0.224804,0.3106,0,0,0,2,0,0,0,0,0,0,261885,0.914609060252373,286335.453453453,2015,2016,0,0,1,0,NA,NA,NA,NA,NA,NA,NA,NA,NA,NA,NA,NA,NA,NA
414,"G11-16","M","S","Borgvik 2","Borgvik_1617",2016,2017,NA,NA,0,NA,list(),"Värmland","Säffle","säffle","G11-16",0.406,1.19,0.33,0.00212,32.325,62.9878787878788,2.3,1.8,0.139008,1,0,0.224804,0.3106,0,0,0,26,26,1,1,3,1,0,254859,0.869526694264162,293100.834834835,2015,2016,1,1,2,0,NA,NA,NA,NA,NA,NA,NA,NA,NA,NA,NA,NA,NA,NA
269,"G11-16","M","S","Borgvik 3","Borgvik_1718",2017,2018,NA,NA,0,NA,list(),"Värmland","Säffle","säffle","G11-16",0.423,1.1,0.32,0,14.775,60.1818181818182,2.3,2,0.139008,4,0,0.1911205,0.243233,0,0,0,26,26,0,0,3,1,0,257968,0.866715932016965,297638.465465465,2017,2019,0,0,1,0,NA,NA,NA,NA,NA,NA,NA,NA,NA,NA,NA,NA,NA,NA
145,"G11-16","M","S","Borgvik 3","Borgvik_1819",2018,2019,NA,NA,0,NA,list(),"Värmland","Säffle","säffle","G11-16",0.406,1.2,0.33,0.00212,32.775,79.7916666666667,2.2,2.3,0.139008,2,0,0.1911205,0.243233,0,0,0,26,8,0,0,3,1,0,260513,0.864954192712964,301187.048048048,2017,2019,1,1,2,0,NA,NA,NA,NA,NA,NA,NA,NA,NA,NA,NA,NA,NA,NA
13,"G11-16","M","S","Borgvik 3","Borgvik_1920",2019,2020,"censored",NA,0,NA,list(),"Värmland","Säffle",NA,"G11-16",0.422,1.21,0.33,0.00133,19.525,65.1354166666667,2.6,2.6,0.139008,3,0,0.1911205,0.243233,0,0,0,26,1,0,0,3,0,0,263878,0.86835503724169,303882.615615616,2017,2019,2,2,3,1,NA,NA,NA,NA,NA,NA,NA,NA,NA,NA,NA,NA,NA,NA
271,"G117-15","M","S","Brattfors 3","Brattfors_1718",2017,2018,NA,NA,0,NA,c(13.9723919411957, 59.6928252226533),"Värmland","Filipstad","filipstad","G117-15",0.354,1.21,0.3,0.00275,30.24,76.343137254902,1.7,2,0.224609,5,4.09e-05,0.2512205,0.277832,10,7,7,107,41,0,0,18,4,1,247655,0.832066512682431,297638.465465465,2017,2018,0,0,1,0,NA,NA,NA,NA,NA,NA,NA,NA,NA,NA,NA,NA,NA,NA
147,"G117-15","M","S","Brattfors 3","Brattfors_1819",2018,2019,"illegal",NA,0,NA,list(),"Värmland","Filipstad","filipstad","G117-15",0.356,1.18,0.28,0.00075,30.52,82.9242424242424,2,2.3,0.224609,5,5.25e-05,0.2512205,0.277832,10,7,0,107,41,0,0,18,2,0,246480,0.818361883744348,301187.048048048,2017,2018,1,1,2,1,NA,NA,NA,NA,NA,NA,NA,NA,NA,NA,NA,NA,NA,NA
1328,"G17-08","F","S","Bredfjället 2","Bredfjället_0910",2009,2010,NA,NA,0,NA,list(),"Västra Götaland","Stenungsund","stenungsund","G17-08",0.346,1.73,0.61,0.01587,84.287,53.2661616161616,NA,2.6,0.398438,0,0,0.3127445,0.398438,0,0,0,15,15,7,1,1,1,0,287638,1.11110767745051,258875,2009,2010,0,0,1,0,NA,NA,NA,NA,NA,NA,NA,NA,NA,NA,NA,NA,NA,NA
1318,"G17-08","F","S","Bredfjället 2","Bredfjället_1011",2010,2011,"censored",NA,0,NA,c(11.8903136053595, 57.9776331519789),"Västra Götaland","Stenungsund","stenungsund","G17-08",0.35,1.73,0.6,0.01587,84.7,75.4055555555556,NA,2.7,0.398438,0,0,0.3127445,0.398438,0,0,0,15,15,0,0,2,2,1,286239,1.11207045366343,257392.864864865,2009,2010,1,1,2,1,NA,NA,NA,NA,NA,NA,NA,NA,NA,NA,NA,NA,NA,NA
273,"G258-17","F","S","Brännan","Brännan_1718",2017,2018,NA,NA,0,NA,list(),"Värmland","Årjäng","årjäng","G258-17",0.357,1.18,0.29,0,9.371,67.8541666666667,27.6,2.2,0.206949,3,2e-08,0.2587745,0.3106,1,0,0,17,0,0,0,14,6,0,284945,0.957352738512428,297638.465465465,2017,2018,0,0,1,0,NA,NA,NA,NA,NA,NA,NA,NA,NA,NA,NA,NA,NA,NA
257,"G258-17","F","S","Brännan","Brännan_1819",2018,2019,"illegal",NA,0,"Brännan 1819 not registered by VSC. Both disappeared early in autumn 2018. Coordinates calculated by OL",list(),"Värmland","Årjäng","årjäng","G258-17",0.36,1.19,0.28,0.00084,9.401,83.0260416666667,19.7,2.3,0.206949,5,0,0.2587745,0.3106,1,0,0,17,0,0,0,14,6,0,285176,0.946840184025796,301187.048048048,2017,2018,1,1,2,1,NA,NA,NA,NA,NA,NA,NA,NA,NA,NA,NA,NA,NA,NA
275,"G29-18","M","S","Böhönen","Böhönen_1718",2017,2018,NA,NA,0,NA,c(12.5971694120594, 13.3763878520525, 13.1570589260582, 12.9611849676057, 60.6348113567009, 60.3028640762702, 60.1614536131388, 60.0735432252356),"Värmland","Torsby","torsby","G29-18",0.235,1.18,0.26,0,5.217,83.8541666666667,29.8,2,0.206949,4,0.00030072,0.179555,0.206949,14,10,0,153,25,0,0,40,19,4,269034,0.903895266289819,297638.465465465,2017,2018,0,0,1,0,NA,NA,NA,NA,NA,NA,NA,NA,NA,NA,NA,NA,NA,NA
149,"G29-18","M","S","Böhönen","Böhönen_1819",2018,2019,"illegal",NA,0,NA,c(13.4585531237184, 12.6659864909767, 60.4616079166848, 60.8295690382981),"Värmland","Torsby","torsby","G29-18",0.266,1.26,0.28,0.00056,5.152,83.21875,22.6,2.2,0.206949,3,0.00024528,0.179555,0.206949,16,12,2,153,24,0,0,42,16,2,271509,0.901463066754074,301187.048048048,2017,2018,1,1,2,1,NA,NA,NA,NA,NA,NA,NA,NA,NA,NA,NA,NA,NA,NA
1855,"M-02-08","M","N","Dals Ed 2","Dals Ed-Halden_0001",2000,2001,NA,NA,1,NA,list(),"Västra Götaland","Dals-Ed","dals-ed","M-02-08",0.403,1.19,0.37,0.00165,16.548,48.5421875,NA,3.5,0.234375,0,0,0.234375,0.234375,0,0,0,0,0,0,0,0,0,0,203664,0.924035634391303,220407.084337349,2000,2003,0,0,1,0,NA,NA,NA,NA,NA,NA,NA,NA,NA,NA,NA,NA,NA,NA
1823,"M-02-08","M","N","Dals Ed 2","Dals Ed-Halden_0102",2001,2002,NA,NA,1,NA,list(),"Västra Götaland","Dals-Ed","dals-ed","M-02-08",0.407,1.17,0.38,0.00164,17.094,67.5721275252525,NA,3.3,0.234375,0,0,0.234375,0.234375,0,0,0,0,0,0,0,0,0,0,202031,0.901899585292579,224006.090361446,2000,2003,1,1,2,0,NA,NA,NA,NA,NA,NA,NA,NA,NA,NA,NA,NA,NA,NA
1789,"M-02-08","M","N","Dals Ed 2","Dals Ed-Halden_0203",2002,2003,NA,NA,1,NA,list(),"Västra Götaland","Dals-Ed","dals-ed","M-02-08",0.377,1.19,0.39,0.00376,16.33,64.875,NA,3.3,0.234375,0,0,0.234375,0.234375,0,0,0,23,23,23,4,0,0,0,209205,0.911739120346083,229457.084084084,2000,2003,2,2,3,0,NA,NA,NA,NA,NA,NA,NA,NA,NA,NA,NA,NA,NA,NA
1750,"M-02-08","M","N","Dals Ed 2","Dals Ed-Halden_0304",2003,2004,"illegal",1,1,NA,c(11.7766507341672, 59.0672177811548),"Västra Götaland","Dals-Ed","dals-ed","M-02-08",0.398,1.19,0.38,0.00164,17.943,59.7788306451613,NA,3.2,0.234375,0,0,0.234375,0.234375,0,0,0,37,37,14,3,1,1,1,217020,0.930086719784871,233333.081081081,2000,2003,3,3,4,1,NA,NA,NA,NA,NA,NA,NA,NA,NA,NA,NA,NA,NA,NA
1645,"G11-06","M","S","Dals Ed 4","Dals Ed-Halden_0506",2005,2006,NA,NA,0,NA,c(11.5881152366249, 58.65712408331),"Västra Götaland","Tanum","dals-ed","G11-06",0.354,1.22,0.39,0.0044,18.074,64.390625,NA,2.7,0.269531,1,0,0.251953,0.269531,0,0,0,11,11,0,0,1,1,1,225213,0.925509507682923,243339.477477477,2005,2006,0,0,1,0,NA,NA,NA,NA,NA,NA,NA,NA,NA,NA,NA,NA,NA,NA
1587,"G11-06","M","N","Dals Ed 4","Dals Ed-Halden_0607",2006,2007,"illegal",NA,0,NA,list(),"Ãstfold","Halden","dals-ed","G11-06",0.379,1.22,0.38,0.0048,18.05,80.8087121212121,NA,2.6,0.269531,0,0,0.251953,0.269531,0,0,0,0,0,0,0,0,0,0,256400,1.04007280358574,246521.204204204,2005,2006,1,1,2,1,NA,NA,NA,NA,NA,NA,NA,NA,NA,NA,NA,NA,NA,NA
1512,"G1-08","F","N","Dals Ed 5","Dals Ed-Halden_0708",2007,2008,NA,NA,0,NA,list(),"Ãstfold","Halden","halden","G1-08",0.391,1.22,0.4,0.00291,18.45,57.3208333333333,NA,2.6,0.290039,1,0,0.258545,0.290039,0,0,0,0,0,0,0,0,0,0,277300,1.10350047637439,251291.237237237,2007,2010,0,0,1,0,NA,NA,NA,NA,NA,NA,NA,NA,NA,NA,NA,NA,NA,NA
1434,"G1-08","F","N","Dals Ed 5","DalsEd-Halden_0809",2008,2009,NA,NA,0,NA,list(),"Ãstfold","Halden","halden","G1-08",0.4,1.23,0.43,0.00059,18.558,52.489898989899,NA,2.8,0.290039,1,0,0.258545,0.290039,0,0,0,0,0,0,0,0,0,0,296300,1.16536092363274,254255.993993994,2007,2010,1,1,2,0,NA,NA,NA,NA,NA,NA,NA,NA,NA,NA,NA,NA,NA,NA
1332,"G1-08","F","N","Dals Ed 5","Dals Ed-Halden_0910",2009,2010,NA,NA,0,NA,list(),"Ãstfold","Halden","halden","G1-08",0.398,1.25,0.49,0.00122,18.665,80.9956206206206,NA,2.9,0.290039,2,0,0.258545,0.290039,0,0,0,0,0,0,0,0,0,0,300600,1.16117817479479,258875,2007,2010,2,2,3,0,NA,NA,NA,NA,NA,NA,NA,NA,NA,NA,NA,NA,NA,NA
1210,"G1-08","F","N","Dals Ed 5","DalsEd-Halden_1011",2010,2011,NA,NA,0,NA,list(),"Ãstfold","Halden","halden","G1-08",0.389,1.21,0.38,0.00362,18.34,82.9141414141414,NA,2.9,0.290039,3,0,0.258545,0.290039,0,0,0,0,0,0,0,0,0,0,310000,1.20438458992542,257392.864864865,2007,2010,3,3,4,0,NA,NA,NA,NA,NA,NA,NA,NA,NA,NA,NA,NA,NA,NA
1091,"G1-08","F","N","Dals Ed 6","Dals Ed-Eidsberg_1112",2011,2012,NA,NA,0,NA,list(),"Ãstfold","Aremark","aremark","G1-08",0.382,1.28,0.49,0.00148,14.343,80.3888888888889,NA,3.2,0.290039,0,0,0.2524415,0.290039,0,0,0,0,0,0,0,0,0,0,352500,1.36528905483591,258187.084084084,2011,2012,0,0,1,0,NA,NA,NA,NA,NA,NA,NA,NA,NA,NA,NA,NA,NA,NA
962,"G1-08","F","N","Dals Ed 6","Dals Ed-Eidsberg_1213",2012,2013,"censored",NA,0,NA,list(),"Ãstfold","Halden","dals-ed","G1-08",0.403,1.22,0.41,0.00059,19.307,63.3873737373737,66.2,3.3,0.290039,0,0,0.2524415,0.290039,0,0,0,0,0,0,0,0,0,0,339700,1.28121037667586,265139.906906907,2011,2012,1,1,2,1,NA,NA,NA,NA,NA,NA,NA,NA,NA,NA,NA,NA,NA,NA
277,"G168-16","F","N","Deisjöen 1","Deisjø_1718",2017,2018,NA,NA,0,NA,list(),"Hedmark","Åmot","åmot","G168-16",0.227,1.27,0.19,0.00307,4.89,86.28125,311.2,1.8,0.157578,4,0.00020593,0.237343,0.317108,4,1,1,0,0,0,0,0,0,0,374600,1.25857388565076,297638.465465465,2017,2018,0,0,1,0,NA,NA,NA,NA,NA,NA,NA,NA,NA,NA,NA,NA,NA,NA
151,"G168-16","F","N","Deisjöen 1","Deisjøen_1819",2018,2019,NA,NA,0,NA,list(),"Hedmark","Åmot","åmot","G168-16",0.234,1.27,0.21,0.0045,4.886,83.4095238095238,225.7,1.8,0.157578,3,0.00023027,0.237343,0.317108,7,4,3,0,0,0,0,0,0,0,389600,1.2935483199724,301187.048048048,2017,2018,1,1,2,0,NA,NA,NA,NA,NA,NA,NA,NA,NA,NA,NA,NA,NA,NA
15,"G168-16","F","N","Deisjöen 2","Deisjøen_1920",2019,2020,"censored",NA,0,NA,list(),"Hedmark","Åmot",NA,"G168-16",0.258,1.17,0.14,5e-04,1.662,87.3792335115864,299,1.8,0.157578,2,0.00031743,0.2315065,0.305435,8,5,1,0,0,0,0,0,0,0,403100,1.32649904695399,303882.615615616,2019,2019,0,0,1,1,NA,NA,NA,NA,NA,NA,NA,NA,NA,NA,NA,NA,NA,NA
1093,"G80-11","F","S","Digerberget","Digerberget_1112",2011,2012,"illegal",NA,0,NA,c(15.4225905635203, 60.8258538086554),"Dalarna","Leksand","leksand","G80-11",0.239,0.9,0.26,5e-04,9.275,82.5364583333333,NA,2.3,0.4104,4,0.00110439,0.3586425,0.4104,4,4,0,25,25,17,1,3,3,1,249939,0.968053847025911,258187.084084084,2011,2011,0,0,1,1,NA,NA,NA,NA,NA,NA,NA,NA,NA,NA,NA,NA,NA,NA
1791,"M-02-09","F","S","Djurskog 1","Djurskog_0203",2002,2003,NA,NA,1,NA,list(),"Värmland","Eda","eda","M-02-09",0.339,1.22,0.32,0.00026,8.763,75.26875,NA,4.6,0.234375,1,6.29e-05,0.2109375,0.234375,0,0,0,0,0,0,0,0,0,0,205655,0.8962678176658,229457.084084084,2002,2004,0,0,1,0,NA,NA,NA,NA,NA,NA,NA,NA,NA,NA,NA,NA,NA,NA
1752,"M-02-09","F","S","Djurskog 1","Djurskog_0304",2003,2004,NA,NA,1,NA,list(),"Värmland","Eda","eda","M-02-09",0.342,1.2,0.31,0.00013,8.81,73.5125,NA,4.6,0.234375,0,0,0.2109375,0.234375,0,0,0,0,0,0,0,0,0,0,207411,0.888905246692931,233333.081081081,2002,2004,1,1,2,0,NA,NA,NA,NA,NA,NA,NA,NA,NA,NA,NA,NA,NA,NA
1699,"M-02-09","F","S","Djurskog 1","Djurskog_0405",2004,2005,"illegal",1,1,NA,list(),"Värmland","Årjäng","årjäng","M-02-09",0.346,1.21,0.31,0,8.845,78.6302083333333,NA,4.2,0.234375,1,0,0.2109375,0.234375,0,0,0,0,0,0,0,1,1,0,206714,0.867463000689854,238297.195195195,2002,2004,2,2,3,1,NA,NA,NA,NA,NA,NA,NA,NA,NA,NA,NA,NA,NA,NA
1647,"G2-07","F","S","Djurskog 2","Djurskog_0506",2005,2006,"illegal",NA,0,NA,c(11.9208974153891, 59.5802594489178),"Värmland","Årjäng","årjäng","G2-07",0.358,1.21,0.28,0,8.615,77.2070707070707,NA,3.8,0.235352,1,0,0.2524415,0.269531,0,0,0,1,1,1,1,2,2,1,212288,0.872394410478047,243339.477477477,2005,2005,0,0,1,1,NA,NA,NA,NA,NA,NA,NA,NA,NA,NA,NA,NA,NA,NA
1212,"G12-10","F","S","Djurskog 3","Djurskog_1011",2010,2011,NA,NA,0,NA,list(),"Värmland","Årjäng","årjäng","G12-10",0.365,1.24,0.43,0.00189,16.534,82.7849462365591,NA,3.6,0,1,0,0.1380615,0.276123,1,1,1,6,5,0,0,5,3,0,203978,0.792477289947767,257392.864864865,2010,2013,0,0,1,0,NA,NA,NA,NA,NA,NA,NA,NA,NA,NA,NA,NA,NA,NA
1095,"G12-10","F","S","Djurskog 3","Djurskog_1112",2011,2012,NA,NA,0,NA,c(12.1385025845785, 12.092888805883, 59.5646717361188, 59.5789651551575),"Värmland","Årjäng","årjäng","G12-10",0.378,1.17,0.29,0.00161,7.355,80.1935483870968,NA,3.7,0,1,1.1e-07,0.1380615,0.276123,1,1,0,16,10,10,1,7,4,2,203377,0.787711750653514,258187.084084084,2010,2013,1,1,2,0,NA,NA,NA,NA,NA,NA,NA,NA,NA,NA,NA,NA,NA,NA
964,"G12-10","F","S","Djurskog 3","Djurskog_1213",2012,2013,NA,NA,0,NA,c(11.9296155284103, 59.2394858805278),"Värmland","Årjäng","årjäng","G12-10",0.359,1.23,0.29,0.00029,9.015,68.9450431034483,60.4,3.7,0,2,0,0.1380615,0.276123,1,1,0,17,11,1,1,8,5,1,234117,0.882994200047753,265139.906906907,2010,2013,2,2,3,0,NA,NA,NA,NA,NA,NA,NA,NA,NA,NA,NA,NA,NA,NA
822,"G12-10","F","N","Djurskog 3","Djurskog_1314",2013,2014,"illegal",NA,0,NA,list(),"Ãstfold","Rømskog","årjäng","G12-10",0.361,1.24,0.3,0.00092,9.145,79.9462365591398,66,3.2,0,0,0,0.1380615,0.276123,0,0,0,0,0,0,0,0,0,0,356000,1.30953219429027,271852.804804805,2010,2013,3,3,4,1,NA,NA,NA,NA,NA,NA,NA,NA,NA,NA,NA,NA,NA,NA
1097,"G30-12","F","S","Draggen 1","Draggen_1112",2011,2012,NA,NA,0,NA,c(13.7164672128395, 60.9048253072592),"Dalarna","Mora","mora","G30-12",0.091,1.08,0.27,0.00585,5.6,83.2559523809524,NA,2.3,0.227051,4,0.002272,0.1135255,0.227051,1,1,0,0,0,0,0,7,2,1,249091,0.964769406973427,258187.084084084,2011,2012,0,0,1,0,NA,NA,NA,NA,NA,NA,NA,NA,NA,NA,NA,NA,NA,NA
966,"G30-12","F","S","Draggen 1","Draggen_1213",2012,2013,NA,NA,0,NA,c(14.4339745822941, 60.860503556576),"Dalarna","Mora","mora","G30-12",0.085,1.02,0.27,0.00714,5.533,81.141975308642,2.4,1.9,0.227051,0,0.00221741,0.1135255,0.227051,1,1,0,0,0,0,0,8,3,1,256815,0.968601833635591,265139.906906907,2011,2012,1,1,2,0,NA,NA,NA,NA,NA,NA,NA,NA,NA,NA,NA,NA,NA,NA
824,"G30-12","F","S","Draggen 2","Draggen_1314",2013,2014,NA,NA,0,NA,list(),"Dalarna","Rättvik","rättvik","G30-12",0.094,1.07,0.23,0.0042,5.567,80.3277777777778,2.5,2.2,0.227051,0,0.00320426,0.1840515,0.227051,2,2,0,26,3,2,1,14,5,0,244863,0.90071904969241,271852.804804805,2013,2014,0,0,1,0,NA,NA,NA,NA,NA,NA,NA,NA,NA,NA,NA,NA,NA,NA
693,"G30-12","F","S","Draggen 2","Draggen_1415",2014,2015,"illegal",NA,0,NA,c(15.4678652946394, 61.070761601903),"Dalarna","Rättvik","rättvik","G30-12",0.104,1.13,0.22,0.00362,5.533,77.859375,2.7,2.2,0.227051,1,0.00310336,0.1840515,0.227051,2,2,0,26,2,0,0,15,6,1,246448,0.891417863805794,276467.423423423,2013,2014,1,1,2,1,NA,NA,NA,NA,NA,NA,NA,NA,NA,NA,NA,NA,NA,NA
279,"G161-17","F","S","Draggen 3","Draggen_1718",2017,2018,"illegal",NA,0,NA,list(),"Dalarna","Orsa","orsa","G161-17",0.108,1.12,0.24,0.00208,5.6,77.6458333333333,2.4,2.4,0.206153,2,0.00237991,0.2187885,0.231424,1,0,0,127,27,18,1,12,0,0,258781,0.86944743380296,297638.465465465,2017,2017,0,0,1,1,NA,NA,NA,NA,NA,NA,NA,NA,NA,NA,NA,NA,NA,NA
1214,"G111-10","M","N","Eidskog","Eidskog_1011",2010,2011,"illegal",NA,0,NA,list(),"Hedmark","Eidskog","eidskog","G111-10",0.309,1.79,0.59,0.00179,16.071,84.0052083333333,NA,3.1,0.256958,1,6.95e-06,0.128479,0.256958,0,0,0,0,0,0,0,0,0,0,281200,1.09249337640977,257392.864864865,2010,2010,0,0,1,1,NA,NA,NA,NA,NA,NA,NA,NA,NA,NA,NA,NA,NA,NA
153,"G133-17","F","S","Finnsjön","Finnsjön_1819",2018,2019,NA,NA,0,NA,list(),"Dalarna","Orsa","orsa","G133-17",0.161,0.96,0.14,0.00066,4.85,82.3181818181818,2.2,2.5,0.067337,1,0.00344803,0.136745,0.206153,1,0,0,127,18,0,0,12,0,0,263325,0.87429058356451,301187.048048048,2018,2019,0,0,1,0,NA,NA,NA,NA,NA,NA,NA,NA,NA,NA,NA,NA,NA,NA
17,"G133-17","F","S","Finnsjön","Finnsjön_1920",2019,2020,"censored",NA,0,NA,list(),"Dalarna","Orsa",NA,"G133-17",0.197,0.82,0.19,0,4.433,84.65625,2,2.5,0.067337,1,0.00335734,0.136745,0.206153,1,0,0,127,18,0,0,12,0,0,265314,0.873080546126398,303882.615615616,2018,2019,1,1,2,1,NA,NA,NA,NA,NA,NA,NA,NA,NA,NA,NA,NA,NA,NA
557,"G126-15","M","S","Flaten 1","Flaten_1516",2015,2016,NA,NA,0,NA,list(),"Dalarna","Smedjebacken","smedjebacken","G126-15",0.284,1.46,0.36,0.00726,12.583,70.6919191919192,2.5,2.3,0.304016,3,0.00021579,0.2547605,0.304016,1,1,0,4,4,0,0,1,1,0,279946,0.977685426738495,286335.453453453,2015,2016,0,0,1,0,NA,NA,NA,NA,NA,NA,NA,NA,NA,NA,NA,NA,NA,NA
418,"G126-15","M","S","Flaten 1","Flaten_1617",2016,2017,NA,NA,0,NA,list(),"Dalarna","Smedjebacken","smedjebacken","G126-15",0.274,1.41,0.38,0.00742,12.44,64.61875,2.4,2.2,0.304016,5,6.72e-05,0.2547605,0.304016,1,1,0,4,4,0,0,1,0,0,284711,0.971375602394437,293100.834834835,2015,2016,1,1,2,0,NA,NA,NA,NA,NA,NA,NA,NA,NA,NA,NA,NA,NA,NA
559,"G49-16","M","S","Flintbäcken","Flintbäcken_1516",2015,2016,NA,NA,0,NA,c(14.9225236504503, 60.2468595032357),"Dalarna","Ludvika","ludvika","G49-16",0.334,1.05,0.22,0.00044,7.6,77.8958333333333,2.4,2.2,0.299316,6,0.00030207,0.257114,0.299316,9,9,4,31,19,2,1,7,4,1,274055,0.95711165590799,286335.453453453,2015,2016,0,0,1,0,NA,NA,NA,NA,NA,NA,NA,NA,NA,NA,NA,NA,NA,NA
420,"G49-16","M","S","Flintbäcken","Flintbäcken_1617",2016,2017,"illegal",NA,0,NA,list(),"Dalarna","Vansbro","vansbro","G49-16",0.331,1.13,0.22,1e-05,10.75,76.7375,2.1,2.2,0.299316,4,0.00019446,0.257114,0.299316,4,0,0,39,5,0,0,5,0,0,255676,0.872314130882895,293100.834834835,2015,2016,1,1,2,1,NA,NA,NA,NA,NA,NA,NA,NA,NA,NA,NA,NA,NA,NA
697,"G18-15","M","N","Flisdalen","Flisdalen_1415",2014,2015,NA,NA,0,NA,list(),"Hedmark","Åsnes","åsnes","G18-15",0.18,1.53,0.22,0,8.06,76.8783718317123,259.6,2.3,0.299805,3,0.00030565,0.223301,0.299805,0,0,0,0,0,0,0,0,0,0,335200,1.21243941094146,276467.423423423,2014,2018,0,0,1,0,NA,NA,NA,NA,NA,NA,NA,NA,NA,NA,NA,NA,NA,NA
561,"G18-15","M","N","Flisdalen","Flisdalen_1516",2015,2016,NA,NA,0,NA,list(),"Hedmark","Åsnes","åsnes","G18-15",0.183,2.02,0.53,0.00106,6.146,72.859375,273.8,2,0.299805,4,0.00023432,0.223301,0.299805,0,0,0,0,0,0,0,0,0,0,349100,1.21919935442696,286335.453453453,2014,2018,1,1,2,0,NA,NA,NA,NA,NA,NA,NA,NA,NA,NA,NA,NA,NA,NA
422,"G18-15","M","N","Flisdalen","Flisdalen_1617",2016,2017,NA,NA,0,NA,list(),"Hedmark","Åsnes","åsnes","G18-15",0.181,2.08,0.45,0.00044,5.252,78.0838709677419,182.5,1.8,0.299805,4,0.00018192,0.223301,0.299805,0,0,0,0,0,0,0,0,0,0,363900,1.24155224670398,293100.834834835,2014,2018,2,2,3,0,NA,NA,NA,NA,NA,NA,NA,NA,NA,NA,NA,NA,NA,NA
283,"G18-15","M","N","Flisdalen","Flisdalen_1718",2017,2018,NA,NA,0,NA,list(),"Hedmark","Åsnes","åsnes","G18-15",0.192,1.82,0.36,0,5.217,82.3645833333333,127.5,1.9,0.299805,4,0.00023982,0.223301,0.299805,0,0,0,0,0,0,0,0,0,0,379800,1.27604474578259,297638.465465465,2014,2018,3,3,4,0,NA,NA,NA,NA,NA,NA,NA,NA,NA,NA,NA,NA,NA,NA
155,"G18-15","M","N","Flisdalen","Flisdalen_1819",2018,2019,NA,NA,0,NA,list(),"Hedmark","Åsnes","åsnes","G18-15",0.188,1.93,0.36,0,5.152,83.7760416666667,135.3,2,0.299805,4,0.00026972,0.223301,0.299805,0,0,0,0,0,0,0,0,0,0,390700,1.29720053545487,301187.048048048,2014,2018,4,4,5,0,NA,NA,NA,NA,NA,NA,NA,NA,NA,NA,NA,NA,NA,NA
563,"G55-16","M","S","Forshaga  3","Forshaga_1516",2015,2016,NA,NA,0,NA,list(),"Värmland","Forshaga","forshaga","G55-16",0.304,1.25,0.56,0.0125,47.3,58.8978494623656,1.8,1.9,0.214912,4,1e-08,0.2672615,0.319611,2,2,2,2,2,0,0,2,1,0,279686,0.976777400865819,286335.453453453,2015,2019,0,0,1,0,NA,NA,NA,NA,NA,NA,NA,NA,NA,NA,NA,NA,NA,NA
424,"G55-16","M","S","Forshaga  3","Forshaga_1617",2016,2017,NA,NA,0,NA,list(),"Värmland","Karlstad","karlstad","G55-16",0.294,1.13,0.38,0.00188,32.04,59.2540540540541,1.8,1.8,0.214912,5,0,0.2672615,0.319611,0,0,0,61,61,10,1,6,1,0,296421,1.01132772333124,293100.834834835,2015,2019,1,1,2,0,NA,NA,NA,NA,NA,NA,NA,NA,NA,NA,NA,NA,NA,NA
285,"G55-16","M","S","Forshaga  3","Forshaga_1718",2017,2018,NA,NA,0,NA,c(13.9723919411957, 59.6928252226533),"Värmland","Filipstad","karlstad","G55-16",0.314,1.11,0.39,0.00399,32.025,69.3636363636364,2.4,2,0.214912,6,4.63e-06,0.2672615,0.319611,10,7,7,107,41,0,0,18,4,1,247655,0.832066512682431,297638.465465465,2015,2019,2,2,3,0,NA,NA,NA,NA,NA,NA,NA,NA,NA,NA,NA,NA,NA,NA
157,"G55-16","M","S","Forshaga  3","Forshaga_1819",2018,2019,NA,NA,0,NA,list(),"Värmland","Karlstad","karlstad","G55-16",0.253,1.17,0.42,0.00213,32.4,80.890625,2.5,2.3,0.214912,5,2.42e-06,0.2672615,0.319611,2,2,0,61,61,0,0,6,0,0,302588,1.00465143491738,301187.048048048,2015,2019,3,3,4,0,NA,NA,NA,NA,NA,NA,NA,NA,NA,NA,NA,NA,NA,NA
19,"G55-16","M","S","Forshaga  3","Forshaga_1920",2019,2020,NA,NA,0,NA,c(13.8896334517553, 59.5334127656436),"Värmland","Karlstad",NA,"G55-16",0.304,1.12,0.36,0.00188,32.52,68.6510416666667,2.5,2.6,0.214912,4,0,0.2672615,0.319611,2,2,0,61,10,0,0,7,1,1,304365,1.00158740368681,303882.615615616,2015,2019,4,4,5,0,NA,NA,NA,NA,NA,NA,NA,NA,NA,NA,NA,NA,NA,NA
812,"G19-13","F","S","Forshaga 2","Forshaga_1415",2014,2015,"illegal",NA,0,"Forshaga not registered by VSC in 1415 because they disappeared early in season, I used the coordinates för  1314",list(),"Värmland","Forshaga","forshaga","G19-13",0.37,1.16,0.36,0.00252,27.243,67.6035704179804,2.1,2.6,0.277832,4,1.45e-05,0.277832,0.277832,0,0,0,2,2,1,1,2,1,0,264280,0.955917325547763,276467.423423423,2014,2014,0,0,1,1,NA,NA,NA,NA,NA,NA,NA,NA,NA,NA,NA,NA,NA,NA
1701,"M-05-05","M","S","Forshyttan","Forshyttan_0405",2004,2005,NA,NA,1,NA,c(14.1389926615375, 59.8044871197805),"Värmland","Filipstad","filipstad","M-05-05",0.342,1.2,0.31,0.00375,25.82,81.515625,NA,4,0.296875,0,5e-08,0.2890625,0.296875,0,0,0,15,15,10,2,3,3,1,219911,0.922843425915548,238297.195195195,2004,2005,0,0,1,0,NA,NA,NA,NA,NA,NA,NA,NA,NA,NA,NA,NA,NA,NA
1650,"M-05-09","F","S","Forshyttan","Furudal_0405",2005,2006,"illegal",NA,1,NA,c(15.5518678079961, 15.2614425995203, 15.0774422417646, 14.9254514732231, 61.003674828286, 61.2119614702446, 61.0614207124423, 60.9743839434029),"Dalarna","Rättvik","rättvik","M-05-09",0.131,1.09,0.17,0.00146,4.8,78.5208333333333,NA,3.1,0.28125,3,0.00164313,0.2890625,0.296875,0,0,0,15,15,15,3,8,7,4,220889,0.907740093345292,243339.477477477,2004,2005,1,1,2,1,NA,NA,NA,NA,NA,NA,NA,NA,NA,NA,NA,NA,NA,NA
129,"G177-19","M","S","Fräkensjon 1","Fräkensjon_1920",2019,2020,NA,NA,0,"Fräkensjön was acknowledged by VSC in retrospect. Coordinates calculated by OL",list(),"Värmland","Filipstad",NA,"G177-19",0.32,0.98,0.24,0.00017,7.64,80.8440860215054,2.6,2.6,0.227697,3,0.00011199,0.180869,0.227697,10,7,0,107,39,0,0,18,2,0,248233,0.816871341906549,303882.615615616,2019,2019,0,0,1,0,NA,NA,NA,NA,NA,NA,NA,NA,NA,NA,NA,NA,NA,NA
1101,"G51-12","M","S","Fulufjellet 2","Fulufjellet_1112",2011,2012,NA,NA,0,NA,list(),"Dalarna","Älvdalen","älvdalen","G51-12",0.147,0.44,0.15,0,1.914,82.3535353535353,NA,2.3,0.297363,1,0.00134656,0.2824705,0.297363,7,7,2,19,19,14,2,5,3,0,227819,0.882379538109683,258187.084084084,2011,2013,0,0,1,0,NA,NA,NA,NA,NA,NA,NA,NA,NA,NA,NA,NA,NA,NA
974,"G51-12","M","S","Fulufjellet 2","Fulufjället_1213",2012,2013,NA,NA,0,NA,list(),"Dalarna","Älvdalen","älvdalen","G51-12",0.148,0.51,0.16,0.00044,1.7,91.7222222222222,0.9,1.9,0.297363,0,0.0018482,0.2824705,0.297363,12,12,5,19,19,0,0,5,3,0,233837,0.881938153814402,265139.906906907,2011,2013,1,1,2,0,NA,NA,NA,NA,NA,NA,NA,NA,NA,NA,NA,NA,NA,NA
948,"G51-12","M","S","Fulufjellet 2","Fulufjellet_1314",2013,2014,"illegal",NA,0,"Fulufjellet not registered by VSC in 1314 because they disappeared early in season, I used the coordinates för  1213",list(),"Dalarna","Älvdalen","älvdalen","G51-12",0.15,0.52,0.17,0.00044,1.75,82.2878787878788,1.2,2.2,0.297363,2,0.00172087,0.2824705,0.297363,17,17,5,20,20,1,1,5,2,0,241908,0.889849196787557,271852.804804805,2011,2013,2,2,3,1,NA,NA,NA,NA,NA,NA,NA,NA,NA,NA,NA,NA,NA,NA
428,"G32-14","F","N","Fulufjellet 3","Fulufjellet_1617",2016,2017,NA,NA,0,NA,list(),"Hedmark","Trysil","trysil","G32-14",0.203,0.37,0.17,0.00155,1.583,80.1212121212121,282.5,2,0.157578,0,0.00092491,0.1823695,0.207161,0,0,0,0,0,0,0,0,0,0,356100,1.21494024471362,293100.834834835,2016,2017,0,0,1,0,NA,NA,NA,NA,NA,NA,NA,NA,NA,NA,NA,NA,NA,NA
287,"G32-14","F","S","Fulufjellet 3","Fulufjället_1718",2017,2018,"illegal",NA,0,NA,list(),"Dalarna","Malung","malung","G32-14",0.15,0.64,0.21,0.00222,1.891,86.2239583333333,63,2.3,0.157578,0,0.00125495,0.1823695,0.207161,0,0,0,205,19,0,0,20,4,0,280352,0.941921265322908,297638.465465465,2016,2017,1,1,2,1,NA,NA,NA,NA,NA,NA,NA,NA,NA,NA,NA,NA,NA,NA
159,"G195-17","M","S","Fulufjellet 4","Fulufjället_1819",2018,2019,"illegal",NA,0,NA,list(),"Dalarna","Malung","malung","G195-17",0.153,0.64,0.22,0.00222,1.893,81.3958333333333,60.9,2.4,0.243233,0,0.00137354,0.1994545,0.243233,0,0,0,205,7,0,0,20,2,0,283001,0.939618757958188,301187.048048048,2018,2018,0,0,1,1,NA,NA,NA,NA,NA,NA,NA,NA,NA,NA,NA,NA,NA,NA
976,"G48-11","M","S","Fänstjärn","Fänstjärn_1213",2012,2013,NA,NA,0,NA,list(),"Värmland","Torsby","torsby","G48-11",0.275,0.86,0.24,0,3.967,78.4237231182796,2.9,3.6,0,4,8.72e-05,0.152954,0.305908,4,4,0,128,75,4,1,21,5,0,238059,0.897861822375855,265139.906906907,2012,2013,0,0,1,0,NA,NA,NA,NA,NA,NA,NA,NA,NA,NA,NA,NA,NA,NA
830,"G48-11","M","S","Fänstjärn","Fänstjärn_1314",2013,2014,"illegal",NA,0,NA,c(12.8578889270886, 13.5101520995717, 12.9937617282455, 13.0999312542365, 12.7481566265371, 60.4010648076978, 60.3988296429129, 60.0445043872313, 60.2613729391223, 60.1060788655507),"Värmland","Torsby","torsby","G48-11",0.238,0.75,0.24,0,4,81.8958333333333,2.7,3,0,3,0.00064425,0.152954,0.305908,4,4,0,129,66,1,1,26,10,5,244886,0.900803654300468,271852.804804805,2012,2013,1,1,2,1,NA,NA,NA,NA,NA,NA,NA,NA,NA,NA,NA,NA,NA,NA
1336,"M-10-07","M","S","Färna 1","Färna_0910",2009,2010,NA,NA,1,NA,list(),"Västmanland","Skinnskatteberg","skinnskatteberg","M-10-07",0.255,1.18,0.32,0.00523,25.25,81.1927083333333,NA,2,0.429688,2,1.43e-06,0.348389,0.429688,0,0,0,28,28,8,2,1,1,0,242095,0.93518107194592,258875,2009,2013,0,0,1,0,NA,NA,NA,NA,NA,NA,NA,NA,NA,NA,NA,NA,NA,NA
1220,"M-10-07","M","S","Färna 1","Färna_1011",2010,2011,NA,NA,1,NA,list(),"Västmanland","Skinnskatteberg","skinnskatteberg","M-10-07",0.226,1.23,0.34,0.0031,53.143,79.7777777777778,NA,2.1,0.429688,2,7.51e-06,0.348389,0.429688,0,0,0,45,45,17,2,1,1,0,237854,0.924089329845553,257392.864864865,2009,2013,1,1,2,0,NA,NA,NA,NA,NA,NA,NA,NA,NA,NA,NA,NA,NA,NA
1103,"M-10-07","M","S","Färna 1","Färna_1112",2011,2012,NA,NA,1,NA,list(),"Västmanland","Skinnskatteberg","skinnskatteberg","M-10-07",0.241,1.15,0.29,0.0027,30.775,80.0294117647059,NA,2.1,0.429688,4,1.47e-05,0.348389,0.429688,0,0,0,45,45,0,0,1,0,0,236864,0.917412274282707,258187.084084084,2009,2013,2,2,3,0,NA,NA,NA,NA,NA,NA,NA,NA,NA,NA,NA,NA,NA,NA
978,"M-10-07","M","S","Färna 1","Färna_1213",2012,2013,NA,NA,1,NA,list(),"Västmanland","Skinnskatteberg","skinnskatteberg","M-10-07",0.227,1.22,0.33,0.00275,54.043,63.5677083333333,2.8,2.8,0.429688,2,7.4e-07,0.348389,0.429688,0,0,0,45,45,0,0,1,0,0,244349,0.921585146689341,265139.906906907,2009,2013,3,3,4,0,NA,NA,NA,NA,NA,NA,NA,NA,NA,NA,NA,NA,NA,NA
832,"M-10-07","M","S","Färna 1","Färna_1314",2013,2014,NA,NA,1,NA,c(15.8914311438943, 59.6752317101395),"Västmanland","Skinnskatteberg","skinnskatteberg","M-10-07",0.261,1.2,0.33,0.00618,24.043,80.3989898989899,2.6,2.6,0.429688,5,6.76e-05,0.348389,0.429688,0,0,0,45,25,0,0,2,1,1,249948,0.919424024995685,271852.804804805,2009,2013,4,4,5,0,NA,NA,NA,NA,NA,NA,NA,NA,NA,NA,NA,NA,NA,NA
1516,"M-09-03","M","S","Galven","Galven_0708",2007,2008,NA,NA,1,NA,c(15.6603886631918, 15.8294550043648, 15.9438873251843, 61.5216315012006, 61.4562001461268, 61.0328583087272),"Gävleborg","Ovanåker","ovanåker","M-09-03",0.145,1.32,0.34,0.00225,8.1,73.6565656565657,NA,2.4,NA,1,0.00144229,NA,NA,0,0,0,40,40,0,0,14,14,3,240279,0.956177392581179,251291.237237237,2007,2010,0,0,1,0,NA,NA,NA,NA,NA,NA,NA,NA,NA,NA,NA,NA,NA,NA
1438,"M-09-03","M","S","Galven","Galven_0809",2008,2009,NA,NA,1,NA,c(16.0618722123267, 15.9099358844521, 61.4442966439647, 61.411294239068),"Gävleborg","Ovanåker","ovanåker","M-09-03",0.17,1.2,0.2,0,8.067,84.75,NA,2.5,NA,1,0.0022789,NA,NA,1,1,1,42,42,2,1,16,16,2,241629,0.950337477612063,254255.993993994,2007,2010,1,1,2,0,NA,NA,NA,NA,NA,NA,NA,NA,NA,NA,NA,NA,NA,NA
1338,"M-09-03","M","S","Galven","Galven_0910",2009,2010,NA,NA,1,NA,c(15.3289251170969, 61.5935974968009),"Gävleborg","Ljusdal","ljusdal","M-09-03",0.166,1.2,0.25,0,8.033,82.5104166666667,NA,2.7,NA,0,0.00285618,NA,NA,0,0,0,3,2,0,0,7,7,1,234628,0.906337035248672,258875,2007,2010,2,2,3,0,NA,NA,NA,NA,NA,NA,NA,NA,NA,NA,NA,NA,NA,NA
1222,"M-09-03","M","S","Galven","Galven_1011",2010,2011,NA,NA,1,NA,list(),"Gävleborg","Ljusdal","ljusdal","M-09-03",0.17,1.19,0.22,0,8.033,84.8686868686869,NA,3,NA,1,0.00354587,NA,NA,0,0,0,3,2,0,0,7,7,0,231188,0.898191176050576,257392.864864865,2007,2010,3,3,4,0,NA,NA,NA,NA,NA,NA,NA,NA,NA,NA,NA,NA,NA,NA
1340,"G21-07","M","S","Gimmen 1","Gimmen_0910",2009,2010,NA,NA,0,NA,list(),"Dalarna","Leksand","leksand","G21-07",0.213,1.47,0.44,0.01186,33.925,79.5776515151515,NA,2.3,0.227051,2,0.00105021,0.227051,0.227051,0,0,0,8,8,0,0,2,2,0,252174,0.974114920328344,258875,2009,2011,0,0,1,0,NA,NA,NA,NA,NA,NA,NA,NA,NA,NA,NA,NA,NA,NA
1224,"G21-07","M","S","Gimmen 1","Gimmen_1011",2010,2011,NA,NA,0,NA,list(),"Dalarna","Leksand","leksand","G21-07",0.217,1.43,0.41,0.00698,34.2,86.2552083333333,NA,2.3,0.227051,2,0.00109305,0.227051,0.227051,4,4,4,8,8,0,0,2,2,0,250549,0.973410821358789,257392.864864865,2009,2011,1,1,2,0,NA,NA,NA,NA,NA,NA,NA,NA,NA,NA,NA,NA,NA,NA
1105,"G21-07","M","S","Gimmen 1","Gimmen_1112",2011,2012,"illegal",NA,0,NA,c(15.4225905635203, 60.8258538086554),"Dalarna","Leksand","leksand","G21-07",0.202,1.21,0.42,0.00599,25.067,82.3958333333333,NA,2.3,0.227051,5,0.00148058,0.227051,0.227051,4,4,0,25,25,17,1,3,3,1,249939,0.968053847025911,258187.084084084,2009,2011,2,2,3,1,NA,NA,NA,NA,NA,NA,NA,NA,NA,NA,NA,NA,NA,NA
834,"G100-13","M","S","Gimmen 2","Gimmen_1314",2013,2014,"illegal",NA,0,NA,list(),"Dalarna","Leksand","leksand","G100-13",0.212,1.48,0.44,0.01334,34.75,78.2843137254902,2.6,2.2,0.26416,1,0.00155872,0.33728,0.4104,4,4,0,42,34,0,0,5,3,0,263930,0.970856269772558,271852.804804805,2013,2013,0,0,1,1,NA,NA,NA,NA,NA,NA,NA,NA,NA,NA,NA,NA,NA,NA
701,"G37-10","M","S","Gimmen 3","Gimmen_1415",2014,2015,NA,NA,0,NA,c(15.2630117159716, 15.2102673140299, 60.7461909393899, 60.6953037236882),"Dalarna","Leksand","leksand","G37-10",0.217,1.46,0.41,0.0111,35.1,72.9313725490196,3,2.2,0,2,0.00170729,0.2052,0.4104,4,4,0,47,39,5,1,7,5,2,266896,0.965379561523369,276467.423423423,2014,2015,0,0,1,0,NA,NA,NA,NA,NA,NA,NA,NA,NA,NA,NA,NA,NA,NA
677,"G37-10","M","S","Gimmen 3","Gimmen_1516",2015,2016,"illegal",NA,0,"Gimmen not registered by VSC in 1516 because they disappeared early in season, I used the coordinates för  1415",list(),"Dalarna","Leksand","leksand","G37-10",0.21,1.48,0.44,0.01326,35.225,66.030303030303,2.9,2.3,0,1,0.00200852,0.2052,0.4104,8,4,4,107,99,60,6,7,5,0,277172,0.967997489158488,286335.453453453,2014,2015,1,1,2,1,NA,NA,NA,NA,NA,NA,NA,NA,NA,NA,NA,NA,NA,NA
432,"G86-17","M","S","Gimmen 4","Gimmen_1617",2016,2017,NA,NA,0,"G86-17 ensam 2 år, ny partner I Gimmen 5 20/21",c(14.9446593443817, 15.2880027636898, 14.6659981187975, 60.5797834303468, 60.676851449369, 60.6316947453102),"Dalarna","Leksand","leksand","G86-17",0.209,1.49,0.45,0.01362,35.675,73.39375,3,2.2,0.067337,3,0.00134057,0.1041945,0.141052,8,4,0,111,86,4,2,10,7,3,282903,0.965207076804877,293100.834834835,2016,2017,0,0,1,0,NA,NA,NA,NA,NA,NA,NA,NA,NA,NA,NA,NA,NA,NA
291,"G86-17","M","S","Gimmen 4","Gimmen_1718",2017,2018,"censored",NA,0,NA,list(),"Dalarna","Borlänge","borlänge","G86-17",0.207,1.54,0.49,0.01876,35.925,71.2395833333333,2.7,2.4,0.067337,1,0.00129986,0.1041945,0.141052,0,0,0,3,3,0,0,4,2,0,288749,0.970133344655021,297638.465465465,2016,2017,1,1,2,1,NA,NA,NA,NA,NA,NA,NA,NA,NA,NA,NA,NA,NA,NA
703,"G61-14","M","S","Glamsen 1","Glamsen_1415",2014,2015,NA,NA,0,NA,list(),"Gävleborg","Gävle","gävle","G61-14",0.035,1.3,0.3,0.02964,38.867,58.509269558769,2.9,3,0.222382,0,0.00038828,0.1806185,0.222382,0,0,0,0,0,0,0,1,1,0,275988,0.998265895426351,276467.423423423,2014,2016,0,0,1,0,NA,NA,NA,NA,NA,NA,NA,NA,NA,NA,NA,NA,NA,NA
567,"G61-14","M","S","Glamsen 1","Glamsen_1516",2015,2016,NA,NA,0,NA,c(17.0558227954647, 60.677788591032),"Gävleborg","Gävle","älvkarleby","G61-14",0.036,1.35,0.32,0.02834,39.267,60.5677083333333,2.6,3,0.222382,0,0.00051611,0.1806185,0.222382,0,0,0,0,0,0,0,2,1,1,285533,0.99719750577941,286335.453453453,2014,2016,1,1,2,0,NA,NA,NA,NA,NA,NA,NA,NA,NA,NA,NA,NA,NA,NA
434,"G61-14","M","S","Glamsen 1","Glamsen_1617",2016,2017,"illegal",NA,0,NA,list(),"Gävleborg","Gävle","älvkarleby","G61-14",0.035,1.3,0.32,0.02939,39.7,70.8642857142857,2.8,2.9,0.222382,0,0.00026378,0.1806185,0.222382,0,0,0,0,0,0,0,2,1,0,294343,1.0042380130574,293100.834834835,2014,2016,2,2,3,1,NA,NA,NA,NA,NA,NA,NA,NA,NA,NA,NA,NA,NA,NA
293,"G12-16","M","S","Glamsen 2","Glamsen_1718",2017,2018,NA,NA,0,NA,c(16.9902851187523, 16.9745583421278, 60.8586673359557, 60.866918669743),"Gävleborg","Gävle","gävle","G12-16",0.037,1.4,0.33,0.03002,39.833,57.0286596119929,2.7,2.9,0.231424,0,0.00057711,0.1851395,0.231424,0,0,0,0,0,0,0,4,3,2,298488,1.00285424981346,297638.465465465,2017,2018,0,0,1,0,NA,NA,NA,NA,NA,NA,NA,NA,NA,NA,NA,NA,NA,NA
161,"G12-16","M","S","Glamsen 2","Glamsen_1819",2018,2019,"illegal",NA,0,NA,list(),"Uppsala","Älvkarleby","älvkarleby","G12-16",0.033,1.24,0.29,0.02917,39.667,82.358024691358,2.8,2.9,0.231424,0,0.0007266,0.1851395,0.231424,0,0,0,0,0,0,0,0,0,0,281597,0.934957202924201,301187.048048048,2017,2018,1,1,2,1,NA,NA,NA,NA,NA,NA,NA,NA,NA,NA,NA,NA,NA,NA
1887,"G1-02","M","S","Glaskogen 1","Glaskogen_9900",1999,2000,NA,NA,0,NA,list(),"Värmland","Säffle","säffle","G1-02",0.419,1.09,0.26,0.00075,12.2,NA,NA,5.7,0.125,0,0,0.1796875,0.234375,NA,NA,NA,0,0,0,0,0,0,0,202745,0.944212661130519,214723.873493976,1999,2001,0,0,1,0,NA,NA,NA,NA,NA,NA,NA,NA,NA,NA,NA,NA,NA,NA
1861,"G1-02","M","S","Glaskogen 1","Glaskogen_0001",2000,2001,NA,NA,0,NA,list(),"Värmland","Arvika","arvika","G1-02",0.398,1,0.22,0.00075,12.1,55.3468077956989,NA,5.7,0.125,0,0,0.1796875,0.234375,0,0,0,0,0,0,0,0,0,0,207146,0.939833674687823,220407.084337349,1999,2001,1,1,2,0,NA,NA,NA,NA,NA,NA,NA,NA,NA,NA,NA,NA,NA,NA
1829,"G1-02","M","S","Glaskogen 1","Glaskogen_0102",2001,2002,"illegal",NA,0,NA,list(),"Värmland","Årjäng","säffle","G1-02",0.441,1.22,0.28,0.00075,14.92,76.1197916666667,NA,5.3,0.125,0,0,0.1796875,0.234375,0,0,0,0,0,0,0,0,0,0,195491,0.872703950524581,224006.090361446,1999,2001,2,2,3,1,NA,NA,NA,NA,NA,NA,NA,NA,NA,NA,NA,NA,NA,NA
1440,"G26-09","M","S","Glaskogen 2","Glaskogen_0809",2008,2009,NA,NA,0,NA,c(12.3759439310724, 59.3719719854458),"Värmland","Årjäng","årjäng","G26-09",0.407,1.09,0.22,0.00122,11.9,66.9086021505376,NA,3.2,0.305908,0,2e-08,0.288208,0.305908,0,0,0,6,6,0,0,4,3,1,210856,0.829305916009126,254255.993993994,2008,2010,0,0,1,0,NA,NA,NA,NA,NA,NA,NA,NA,NA,NA,NA,NA,NA,NA
1342,"G26-09","M","S","Glaskogen 2","Glaskogen_0910",2009,2010,NA,NA,0,NA,c(12.488821537555, 12.5543740870835, 60.0780791021834, 59.9025841861344),"Värmland","Arvika","årjäng","G26-09",0.397,1.06,0.22,0.00122,11.475,82.9315476190476,NA,3.6,0.305908,0,0,0.288208,0.305908,1,1,0,1,1,1,1,8,7,2,242071,0.935088363109609,258875,2008,2010,1,1,2,0,NA,NA,NA,NA,NA,NA,NA,NA,NA,NA,NA,NA,NA,NA
1226,"G26-09","M","S","Glaskogen 2","Glaskogen_1011",2010,2011,"illegal",NA,0,NA,list(),"Värmland","Årjäng","årjäng","G26-09",0.374,1.06,0.23,5e-04,11.4,82.6875,NA,3.9,0.305908,1,2.8e-07,0.288208,0.305908,1,1,1,6,5,0,0,5,3,0,203978,0.792477289947767,257392.864864865,2008,2010,2,2,3,1,NA,NA,NA,NA,NA,NA,NA,NA,NA,NA,NA,NA,NA,NA
1107,"G27-12","M","S","Glaskogen 3","Glaskogen_1112",2011,2012,NA,NA,0,NA,c(12.1385025845785, 12.092888805883, 59.5646717361188, 59.5789651551575),"Värmland","Årjäng","årjäng","G27-12",0.375,1.06,0.24,0.0011,11.4,81.1302083333333,NA,3.8,0.261963,1,1.8e-07,0.2795715,0.29718,1,1,0,16,10,10,1,7,4,2,203377,0.787711750653514,258187.084084084,2011,2016,0,0,1,0,NA,NA,NA,NA,NA,NA,NA,NA,NA,NA,NA,NA,NA,NA
980,"G27-12","M","S","Glaskogen 3","Glaskogen_1213",2012,2013,NA,NA,0,NA,c(11.9296155284103, 59.2394858805278),"Värmland","Årjäng","årjäng","G27-12",0.392,1.07,0.24,0.00122,11.475,67.9670138888889,4.4,4,0.261963,1,0,0.2795715,0.29718,1,1,0,17,11,1,1,8,5,1,234117,0.882994200047753,265139.906906907,2011,2016,1,1,2,0,NA,NA,NA,NA,NA,NA,NA,NA,NA,NA,NA,NA,NA,NA
836,"G27-12","M","S","Glaskogen 3","Glaskogen_1314",2013,2014,NA,NA,0,NA,c(12.4086386480328, 59.6007970389991),"Värmland","Arvika","arvika","G27-12",0.383,0.98,0.19,7e-05,11.4,81.8645833333333,3.9,3.4,0.261963,0,0,0.2795715,0.29718,2,1,0,7,7,1,1,9,3,1,251359,0.924614333776987,271852.804804805,2011,2016,2,2,3,0,NA,NA,NA,NA,NA,NA,NA,NA,NA,NA,NA,NA,NA,NA
705,"G27-12","M","S","Glaskogen 3","Glaskogen_1415",2014,2015,NA,NA,0,NA,list(),"Värmland","Arvika","årjäng","G27-12",0.39,1.05,0.23,0.00122,11.375,63.8450085090031,3,2.6,0.261963,2,0,0.2795715,0.29718,2,1,0,7,6,0,0,9,1,0,256408,0.927443808116584,276467.423423423,2011,2016,3,3,4,0,NA,NA,NA,NA,NA,NA,NA,NA,NA,NA,NA,NA,NA,NA
569,"G27-12","M","S","Glaskogen 3","Glaskogen_1516",2015,2016,NA,NA,0,NA,list(),"Värmland","Arvika","arvika","G27-12",0.37,1.02,0.21,0.00055,11.425,62.4393939393939,2.1,1.9,0.261963,1,1.56e-06,0.2795715,0.29718,2,1,0,7,1,0,0,9,1,0,271056,0.946637926707399,286335.453453453,2011,2016,4,4,5,0,NA,NA,NA,NA,NA,NA,NA,NA,NA,NA,NA,NA,NA,NA
436,"G27-12","M","S","Glaskogen 3","Glaskogen_1617",2016,2017,"illegal",NA,0,NA,c(12.6380449614352, 59.8658277334099),"Värmland","Arvika","arvika","G27-12",0.366,1.04,0.2,4e-05,11.525,72.8451612903226,2.1,1.8,0.261963,1,0,0.2795715,0.29718,2,0,0,8,2,1,1,10,2,1,276605,0.943719591095227,293100.834834835,2011,2016,5,5,6,1,NA,NA,NA,NA,NA,NA,NA,NA,NA,NA,NA,NA,NA,NA
23,"G13-16","M","S","Glaskogen 5","Glaskogen_1920",2019,2020,"illegal",NA,0,NA,list(),"Värmland","Årjäng",NA,"G13-16",0.366,1.08,0.22,0,11.1,74.296875,2.5,2.6,0.205933,5,5.56e-06,0.206441,0.206949,1,0,0,17,0,0,0,14,1,0,294658,0.969644148294143,303882.615615616,2019,2019,0,0,1,1,NA,NA,NA,NA,NA,NA,NA,NA,NA,NA,NA,NA,NA,NA
1889,"M-00-04","F","S","Grangärde","Grangärde_9900",1999,2000,NA,NA,1,NA,list(),"Dalarna","Ludvika","ludvika","M-00-04",0.275,1.29,0.23,0.00134,27.3,NA,NA,3.3,0.125,0,0.00026979,0.15625,0.1875,NA,NA,NA,10,10,10,2,1,1,0,214900,1.00082024650151,214723.873493976,1999,2000,0,0,1,0,NA,NA,NA,NA,NA,NA,NA,NA,NA,NA,NA,NA,NA,NA
1863,"M-00-04","F","S","Grangärde","Grangärde_0001",2000,2001,"illegal",1,1,NA,list(),"Dalarna","Ludvika","ludvika","M-00-04",0.298,1.31,0.23,0.00191,11.8,73.7205228031146,NA,3.4,0.125,0,3.84e-05,0.15625,0.1875,0,0,0,10,10,0,0,1,0,0,218362,0.990721331197235,220407.084337349,1999,2000,1,1,2,1,NA,NA,NA,NA,NA,NA,NA,NA,NA,NA,NA,NA,NA,NA
297,"G135-16","F","S","Grytingen 1","Grytingen_1718",2017,2018,NA,NA,0,NA,list(),"Värmland","Storfors","storfors","G135-16",0.293,1.24,0.35,0.00701,23.283,70.5268817204301,2.6,2.1,0.222382,6,1.11e-06,0.254929,0.287476,2,1,1,42,7,0,0,1,1,0,267987,0.900377575797891,297638.465465465,2017,2019,0,0,1,0,NA,NA,NA,NA,NA,NA,NA,NA,NA,NA,NA,NA,NA,NA
165,"G135-16","F","S","Grytingen 1","Grytingen_1819",2018,2019,NA,NA,0,NA,list(),"Värmland","Storfors","storfors","G135-16",0.281,1.27,0.4,0.01228,23.486,82.625,2.6,2.3,0.222382,5,5.2e-07,0.254929,0.287476,2,1,0,47,12,5,1,1,1,0,275426,0.914468274067554,301187.048048048,2017,2019,1,1,2,0,NA,NA,NA,NA,NA,NA,NA,NA,NA,NA,NA,NA,NA,NA
25,"G135-16","F","S","Grytingen 1","Grytingen_1920",2019,2020,NA,NA,0,NA,list(),"Orebro","Karlskoga",NA,"G135-16",0.285,1.2,0.36,0.00525,23.083,70.8222222222222,2.9,2.4,0.222382,4,0,0.254929,0.287476,1,1,0,29,0,0,0,3,1,0,289930,0.954085509013571,303882.615615616,2017,2019,2,2,3,0,NA,NA,NA,NA,NA,NA,NA,NA,NA,NA,NA,NA,NA,NA
1707,"M-06-10","F","S","Gräsmark 1","Gräsmark_0405",2004,2005,NA,NA,1,NA,c(13.0647605022266, 13.4623183890598, 13.47418728716, 13.1671732390267, 12.9242517937469, 12.6757934481994, 12.6484768655467, 60.4443448283954, 60.4058524797336, 60.3972616192173, 60.1550910151412, 60.0455479197881, 60.2609176613356, 60.9824740210585),"Värmland","Torsby","torsby","M-06-10",0.4,1.45,0.34,0,10.503,80.520202020202,NA,4.1,0.296875,0,0,0.2421875,0.296875,0,0,0,17,17,13,2,7,7,7,214266,0.899154519315636,238297.195195195,2004,2007,0,0,1,0,NA,NA,NA,NA,NA,NA,NA,NA,NA,NA,NA,NA,NA,NA
1651,"M-06-10","F","N","Gräsmark 1","Gräsmark_0506",2005,2006,NA,NA,1,NA,list(),"Hedmark","Kongsvinger","kongsvinger","M-06-10",0.397,1.87,0.4,0,10.421,82.3636363636364,NA,3.1,0.296875,1,7.29e-05,0.2421875,0.296875,0,0,0,0,0,0,0,0,0,0,265700,1.09189023809173,243339.477477477,2004,2007,1,1,2,0,NA,NA,NA,NA,NA,NA,NA,NA,NA,NA,NA,NA,NA,NA
1589,"M-06-10","F","S","Gräsmark 1","Gräsmark_0607",2006,2007,NA,NA,1,NA,list(),"Värmland","Torsby","torsby","M-06-10",0.399,1.63,0.35,0,10.431,84.8385416666667,NA,3.4,0.296875,0,5.84e-05,0.2421875,0.296875,0,0,0,45,45,8,2,12,12,0,219414,0.890041084734642,246521.204204204,2004,2007,2,2,3,0,NA,NA,NA,NA,NA,NA,NA,NA,NA,NA,NA,NA,NA,NA
1518,"M-06-10","F","S","Gräsmark 1","Gräsmark_0708",2007,2008,NA,NA,1,NA,c(12.6025196322727, 12.647860545294, 13.2676079139884, 13.4040066933217, 60.3921069658926, 60.5383942109629, 60.5740053608906, 60.2951414319818),"Värmland","Torsby","torsby","M-06-10",0.399,1.55,0.33,0,10.438,72.9040404040404,NA,3.3,0.296875,1,3.76e-05,0.2421875,0.296875,0,0,0,53,52,8,3,16,16,4,220442,0.877237115084465,251291.237237237,2004,2007,3,3,4,0,NA,NA,NA,NA,NA,NA,NA,NA,NA,NA,NA,NA,NA,NA
1442,"G14-06","M","S","Gräsmark 2","Gräsmark_0809",2008,2009,"illegal",NA,0,NA,list(),"Värmland","Torsby","sunne","G14-06",0.413,1.28,0.29,0.00197,11.489,78.7857142857143,NA,3.2,0.433594,2,0.00010316,0.3652345,0.433594,0,0,0,63,59,10,7,16,16,0,220436,0.866984477090468,254255.993993994,2008,2008,0,0,1,1,NA,NA,NA,NA,NA,NA,NA,NA,NA,NA,NA,NA,NA,NA
1344,"G13-10","M","S","Gräsmark 3","Gräsmark_0910",2009,2010,NA,NA,0,NA,list(),"Värmland","Torsby","torsby","G13-10",0.379,1.42,0.3,0.00056,10.372,77.0173611111111,NA,3.5,0.274902,4,7.66e-05,0.2858885,0.296875,0,0,0,104,87,41,6,16,9,0,226391,0.874518590053114,258875,2009,2010,0,0,1,0,NA,NA,NA,NA,NA,NA,NA,NA,NA,NA,NA,NA,NA,NA
1228,"G13-10","M","S","Gräsmark 3","Gräsmark_1011",2010,2011,NA,NA,0,NA,c(13.4133092707285, 12.9378344746802, 60.3507287901351, 60.8397995902267),"Värmland","Torsby","torsby","G13-10",0.4,1.38,0.29,0.00113,10.347,85.421875,NA,3.8,0.274902,3,8.91e-05,0.2858885,0.296875,3,3,3,123,86,19,6,18,6,2,225728,0.876978466821567,257392.864864865,2009,2010,1,1,2,0,NA,NA,NA,NA,NA,NA,NA,NA,NA,NA,NA,NA,NA,NA
1109,"G11-11","M","S","Gräsmark 4","Gräsmark_1112",2011,2012,NA,NA,0,NA,c(13.1622102401246, 13.0409115147087, 13.0323194274726, 60.6400631633285, 60.8040744735672, 60.8035379864203),"Värmland","Torsby","torsby","G11-11",0.39,1.36,0.31,0.00121,10.346,81.5495495495496,NA,3.7,0.261963,5,9.42e-05,0.279419,0.296875,4,4,1,124,79,1,1,21,9,3,223613,0.866089025302194,258187.084084084,2011,2013,0,0,1,0,NA,NA,NA,NA,NA,NA,NA,NA,NA,NA,NA,NA,NA,NA
982,"G11-11","M","N","Gräsmark 4","Gräsmark_1213",2012,2013,NA,NA,0,NA,list(),"Hedmark","Kongsvinger","kongsvinger","G11-11",0.396,1.81,0.39,0,10.218,79.244375,246.7,3.2,0.261963,4,3.13e-05,0.279419,0.296875,0,0,0,0,0,0,0,0,0,0,336500,1.26914127686613,265139.906906907,2011,2013,1,1,2,0,NA,NA,NA,NA,NA,NA,NA,NA,NA,NA,NA,NA,NA,NA
838,"G11-11","M","S","Gräsmark 4","Gräsmark_1314",2013,2014,NA,NA,0,NA,c(12.8578889270886, 13.5101520995717, 12.9937617282455, 13.0999312542365, 12.7481566265371, 60.4010648076978, 60.3988296429129, 60.0445043872313, 60.2613729391223, 60.1060788655507),"Värmland","Torsby","torsby","G11-11",0.377,1.64,0.35,0,10.398,81.1510416666667,169.9,3,0.261963,5,0.00013224,0.279419,0.296875,4,4,0,129,66,1,1,26,10,5,244886,0.900803654300468,271852.804804805,2011,2013,2,2,3,0,NA,NA,NA,NA,NA,NA,NA,NA,NA,NA,NA,NA,NA,NA
707,"G11-11","M","N","Gräsmark 5","Gräsmark_1415",2014,2015,NA,NA,0,NA,list(),"Hedmark","Kongsvinger","kongsvinger","G11-11",0.347,1.96,0.41,0.00044,8.671,71.537720959596,230.4,2.3,0.261963,5,0.00013697,0.230072,0.261963,0,0,0,0,0,0,0,0,0,0,358500,1.29671697142755,276467.423423423,2014,2018,0,0,1,0,NA,NA,NA,NA,NA,NA,NA,NA,NA,NA,NA,NA,NA,NA
571,"G11-11","M","N","Gräsmark 5","Gräsmark_1516",2015,2016,NA,NA,0,NA,list(),"Hedmark","Kongsvinger","kongsvinger","G11-11",0.304,1.94,0.67,0.00256,10.262,73.3632392473118,224.6,2,0.261963,5,0.00012831,0.230072,0.261963,0,0,0,0,0,0,0,0,0,0,381500,1.33235334779113,286335.453453453,2014,2018,1,1,2,0,NA,NA,NA,NA,NA,NA,NA,NA,NA,NA,NA,NA,NA,NA
440,"G11-11","M","N","Gräsmark 5","Gräsmark_1617",2016,2017,NA,NA,0,NA,list(),"Hedmark","Kongsvinger","kongsvinger","G11-11",0.347,2.02,0.63,0.00171,10.137,76.3625,209.9,1.8,0.261963,4,7.56e-05,0.230072,0.261963,0,0,0,0,0,0,0,0,0,0,393300,1.34185902343686,293100.834834835,2014,2018,2,2,3,0,NA,NA,NA,NA,NA,NA,NA,NA,NA,NA,NA,NA,NA,NA
299,"G11-11","M","N","Gräsmark 5","Gräsmark_1718",2017,2018,NA,NA,0,NA,list(),"Hedmark","Kongsvinger","kongsvinger","G11-11",0.338,2,0.52,0.00065,8.852,80.1770833333333,194.7,1.8,0.261963,4,8.25e-05,0.230072,0.261963,0,0,0,0,0,0,0,0,0,0,396100,1.33080917273429,297638.465465465,2014,2018,3,3,4,0,NA,NA,NA,NA,NA,NA,NA,NA,NA,NA,NA,NA,NA,NA
167,"G11-11","M","N","Gräsmark 5","Gräsmark_1819",2018,2019,"illegal",NA,0,NA,list(),"Hedmark","Kongsvinger","kongsvinger","G11-11",0.332,1.94,0.51,0.00044,8.59,83.0885416666667,181.4,1.9,0.261963,3,0.00012494,0.230072,0.261963,0,0,0,0,0,0,0,0,0,0,415900,1.38086947196233,301187.048048048,2014,2018,4,4,5,1,NA,NA,NA,NA,NA,NA,NA,NA,NA,NA,NA,NA,NA,NA
169,"G136-17","F","S","Gullsjön 1","Gullsjön_1819",2018,2019,NA,NA,0,NA,list(),"Gävleborg","Sandviken","sandviken","G136-17",0.141,1.42,0.27,0,22.85,82.7864583333333,2.6,2.9,0.134674,2,0.00228617,0.154934,0.175194,0,0,0,20,10,4,2,4,4,0,280715,0.93202879014644,301187.048048048,2018,2019,0,0,1,0,NA,NA,NA,NA,NA,NA,NA,NA,NA,NA,NA,NA,NA,NA
27,"G136-17","F","S","Gullsjön 1","Gullsjön_1920",2019,2020,"censored",NA,0,NA,c(16.6845079170319, 60.9478084906786),"Gävleborg","Ockelbo",NA,"G136-17",0.147,1.37,0.22,0,22.767,83.0619047619048,2.4,2.6,0.134674,4,0.00214217,0.154934,0.175194,11,7,0,6,5,5,2,7,1,1,263028,0.865557904545309,303882.615615616,2018,2019,1,1,2,1,NA,NA,NA,NA,NA,NA,NA,NA,NA,NA,NA,NA,NA,NA
442,"G77-14","F","S","Gårdsjö  6","Gårdsjö_1617",2016,2017,NA,NA,0,NA,c(13.5129743730483, 13.6141611106889, 59.7238981004249, 59.701597975898),"Värmland","Forshaga","forshaga","G77-14",0.363,1.13,0.43,0.00389,35.94,61.2727272727273,1.5,1.8,0.287476,3,3.5e-07,0.287476,0.287476,2,2,0,3,2,1,1,4,3,2,286261,0.976663884841238,293100.834834835,2016,2019,0,0,1,0,NA,NA,NA,NA,NA,NA,NA,NA,NA,NA,NA,NA,NA,NA
301,"G77-14","F","S","Gårdsjö  6","Gårdsjö_1718",2017,2018,NA,NA,0,NA,list(),"Värmland","Forshaga","forshaga","G77-14",0.372,1.19,0.35,0.0013,27.8,73.7135416666667,1.9,2,0.287476,5,3.52e-05,0.287476,0.287476,3,3,1,3,2,0,0,4,3,0,289157,0.971504135219211,297638.465465465,2016,2019,1,1,2,0,NA,NA,NA,NA,NA,NA,NA,NA,NA,NA,NA,NA,NA,NA
171,"G77-14","F","S","Gårdsjö  6","Gårdsjö_1819",2018,2019,NA,NA,0,NA,list(),"Värmland","Forshaga","forshaga","G77-14",0.377,1.16,0.36,0.00235,28.029,83.1060606060606,2.4,2.3,0.287476,6,3.2e-05,0.287476,0.287476,3,3,0,3,2,0,0,4,2,0,289581,0.961465646935135,301187.048048048,2016,2019,2,2,3,0,NA,NA,NA,NA,NA,NA,NA,NA,NA,NA,NA,NA,NA,NA
29,"G77-14","F","S","Gårdsjö  6","Gårdsjö_1920",2019,2020,"illegal",NA,0,"hanen I Gårdsjö 6 finns I Jangen",c(13.5500499695001, 13.5666549711276, 59.5323156207471, 59.6193164199777),"Värmland","Forshaga",NA,"G77-14",0.393,1.18,0.33,9e-04,27.233,75.7447916666667,2.6,2.6,0.287476,3,5.29e-06,0.287476,0.287476,3,3,0,3,1,0,0,6,4,2,292101,0.961229714994561,303882.615615616,2016,2019,3,3,4,1,NA,NA,NA,NA,NA,NA,NA,NA,NA,NA,NA,NA,NA,NA
573,"G113-15","M","S","Gårdsjö 5","Gårdsjö_1516",2015,2016,"illegal",NA,0,NA,c(13.334397159136, 59.8402445134751),"Värmland","Sunne","sunne","G113-15",0.407,1.15,0.39,0.00468,28.614,63.9375,1.6,1.9,0.224609,6,6.55e-06,0.2560425,0.287476,7,5,3,19,7,0,0,12,4,1,265871,0.928529795361928,286335.453453453,2015,2015,0,0,1,1,NA,NA,NA,NA,NA,NA,NA,NA,NA,NA,NA,NA,NA,NA
443,"G6-12","M","S","Gårdsjö 6","Gårdsjö_1617",2016,2017,NA,NA,0,NA,c(13.5129743730483, 13.6141611106889, 59.7238981004249, 59.701597975898),"Värmland","Forshaga","forshaga","G6-12",0.363,1.13,0.43,0.00389,35.94,61.2727272727273,1.5,1.8,0,3,3.5e-07,0,0,2,2,0,3,2,1,1,4,3,2,286261,0.976663884841238,293100.834834835,2016,2019,0,0,1,0,NA,NA,NA,NA,NA,NA,NA,NA,NA,NA,NA,NA,NA,NA
302,"G6-12","M","S","Gårdsjö 6","Gårdsjö_1718",2017,2018,NA,NA,0,NA,list(),"Värmland","Forshaga","forshaga","G6-12",0.372,1.19,0.35,0.0013,27.8,73.7135416666667,1.9,2,0,5,3.52e-05,0,0,3,3,1,3,2,0,0,4,3,0,289157,0.971504135219211,297638.465465465,2016,2019,1,1,2,0,NA,NA,NA,NA,NA,NA,NA,NA,NA,NA,NA,NA,NA,NA
172,"G6-12","M","S","Gårdsjö 6","Gårdsjö_1819",2018,2019,NA,NA,0,NA,list(),"Värmland","Forshaga","forshaga","G6-12",0.377,1.16,0.36,0.00235,28.029,83.1060606060606,2.4,2.3,0,6,3.2e-05,0,0,3,3,0,3,2,0,0,4,2,0,289581,0.961465646935135,301187.048048048,2016,2019,2,2,3,0,NA,NA,NA,NA,NA,NA,NA,NA,NA,NA,NA,NA,NA,NA
30,"G6-12","M","S","Gårdsjö 6","Gårdsjö_1920",2019,2020,"illegal",NA,0,NA,c(13.5500499695001, 13.5666549711276, 59.5323156207471, 59.6193164199777),"Värmland","Forshaga",NA,"G6-12",0.393,1.18,0.33,9e-04,27.233,75.7447916666667,2.6,2.6,0,3,5.29e-06,0,0,3,3,0,3,1,0,0,6,4,2,292101,0.961229714994561,303882.615615616,2016,2019,3,3,4,1,NA,NA,NA,NA,NA,NA,NA,NA,NA,NA,NA,NA,NA,NA
1232,"G27-11","M","S","Gåsborn 1","Gåsborn_1011",2010,2011,NA,NA,0,NA,list(),"Värmland","Filipstad","filipstad","G27-11",0.324,1.2,0.31,0.00216,7.05,82.5625,NA,3.5,0.227051,4,4.9e-05,0.1135255,0.227051,3,3,2,66,18,18,3,9,6,0,226569,0.880245845660687,257392.864864865,2010,2011,0,0,1,0,NA,NA,NA,NA,NA,NA,NA,NA,NA,NA,NA,NA,NA,NA
1111,"G27-11","M","S","Gåsborn 1","Gåsborn_1112",2011,2012,NA,NA,0,NA,list(),"Orebro","Hällefors","hällefors","G27-11",0.337,1.09,0.3,0.00085,9.95,82.09375,NA,3.2,0.227051,3,9e-05,0.1135255,0.227051,2,2,0,2,1,0,0,3,2,0,227528,0.881252448421861,258187.084084084,2010,2011,1,1,2,0,NA,NA,NA,NA,NA,NA,NA,NA,NA,NA,NA,NA,NA,NA
984,"G47-13","M","S","Gåsborn 2","Gåsborn_1213",2012,2013,"illegal",NA,0,NA,list(),"Orebro","Hällefors","hällefors","G47-13",0.338,1.17,0.29,0.00165,9.85,69.90625,2.9,3.3,0.255676,5,4.56e-05,0.191177,0.255676,2,2,0,2,1,0,0,3,2,0,231036,0.871373919887205,265139.906906907,2012,2012,0,0,1,1,NA,NA,NA,NA,NA,NA,NA,NA,NA,NA,NA,NA,NA,NA
842,"G11-13","M","S","Gåsborn 3","Gåsborn_1314",2013,2014,NA,NA,0,NA,list(),"Orebro","Hällefors","hällefors","G11-13",0.335,1.08,0.3,0.00085,9.95,81.3177083333333,2.5,2.8,0.165527,5,0.00019278,0.1461025,0.165527,2,2,0,2,0,0,0,3,0,0,238552,0.877504280933517,271852.804804805,2013,2015,0,0,1,0,NA,NA,NA,NA,NA,NA,NA,NA,NA,NA,NA,NA,NA,NA
711,"G11-13","M","S","Gåsborn 3","Gåsborn_1415",2014,2015,NA,NA,0,NA,list(),"Orebro","Hällefors","hällefors","G11-13",0.328,1.16,0.31,0.00076,9.975,77.2069444444444,2.4,2.6,0.165527,5,8.46e-05,0.1461025,0.165527,2,2,0,2,0,0,0,3,0,0,239023,0.864561173393382,276467.423423423,2013,2015,1,1,2,0,NA,NA,NA,NA,NA,NA,NA,NA,NA,NA,NA,NA,NA,NA
575,"G11-13","M","S","Gåsborn 3","Gåsborn_1516",2015,2016,NA,NA,0,NA,c(14.0382623981256, 59.6993224818524),"Värmland","Filipstad","hällefors","G11-13",0.357,1.09,0.28,0.00044,10.567,78.1041666666667,2.1,2.2,0.165527,5,8.62e-05,0.1461025,0.165527,3,0,0,97,31,29,2,17,8,1,238754,0.833826189249079,286335.453453453,2013,2015,2,2,3,0,NA,NA,NA,NA,NA,NA,NA,NA,NA,NA,NA,NA,NA,NA
444,"G11-13","M","S","Gåsborn 4","Gåsborn_1617",2016,2017,"illegal",NA,0,NA,list(),"Orebro","Hällefors","hällefors","G11-13",0.325,1.1,0.28,0.00085,10.275,69.6875,2.1,2.2,0.165527,5,2.98e-05,0.158844,0.165527,3,1,0,3,1,0,0,3,0,0,251668,0.858639656014004,293100.834834835,2016,2016,0,0,1,1,NA,NA,NA,NA,NA,NA,NA,NA,NA,NA,NA,NA,NA,NA
844,"G124-13","F","S","Gåsmyren 1","Gåsmyren_1314",2013,2014,NA,NA,0,NA,list(),"Dalarna","Smedjebacken","norberg","G124-13",0.296,1.43,0.33,0.0041,24.133,81.6486486486486,2.9,2.3,0.338989,1,0.00030535,0.3454895,0.35199,1,1,0,4,4,0,0,1,1,0,269945,0.992982214010355,271852.804804805,2013,2017,0,0,1,0,NA,NA,NA,NA,NA,NA,NA,NA,NA,NA,NA,NA,NA,NA
713,"G124-13","F","S","Gåsmyren 1","Gåsmyren_1415",2014,2015,NA,NA,0,NA,list(),"Dalarna","Smedjebacken","norberg","G124-13",0.297,1.43,0.33,0.00441,24.483,69.5339486139283,2.9,2.3,0.338989,0,0.00033476,0.3454895,0.35199,1,1,0,4,4,0,0,1,1,0,273746,0.990156440893742,276467.423423423,2013,2017,1,1,2,0,NA,NA,NA,NA,NA,NA,NA,NA,NA,NA,NA,NA,NA,NA
577,"G124-13","F","S","Gåsmyren 1","Gåsmyren_1516",2015,2016,NA,NA,0,NA,list(),"Dalarna","Hedemora","hedemora","G124-13",0.299,1.43,0.34,0.00512,24.917,64.4947916666667,3,2.3,0.338989,2,0.00045108,0.3454895,0.35199,0,0,0,9,9,0,0,2,0,0,265096,0.925823179779915,286335.453453453,2013,2017,2,2,3,0,NA,NA,NA,NA,NA,NA,NA,NA,NA,NA,NA,NA,NA,NA
446,"G124-13","F","S","Gåsmyren 1","Gåsmyren_1617",2016,2017,NA,NA,0,NA,list(),"Dalarna","Smedjebacken","smedjebacken","G124-13",0.3,1.42,0.3,0.00503,25.183,63.925,2.9,2.2,0.338989,2,0.0002292,0.3454895,0.35199,1,1,0,4,4,0,0,1,0,0,284711,0.971375602394437,293100.834834835,2013,2017,3,3,4,0,NA,NA,NA,NA,NA,NA,NA,NA,NA,NA,NA,NA,NA,NA
303,"G124-13","F","S","Gåsmyren 1","Gåsmyren_1718",2017,2018,NA,NA,0,NA,c(15.3487091631757, 15.3362987696458, 60.0952257745862, 60.0971210235499),"Dalarna","Smedjebacken","norberg","G124-13",0.302,1.4,0.34,0.00741,25.233,71.1467803030303,2.8,2.3,0.338989,3,0.00024086,0.3454895,0.35199,1,0,0,4,0,0,0,3,2,2,290323,0.975421639625695,297638.465465465,2013,2017,4,4,5,0,NA,NA,NA,NA,NA,NA,NA,NA,NA,NA,NA,NA,NA,NA
173,"G124-13","F","S","Gåsmyren 2","Gåsmyren_1819",2018,2019,NA,NA,0,NA,list(),"Dalarna","Smedjebacken","smedjebacken","G124-13",0.302,1.41,0.24,0.00232,15.85,83.2171717171717,2.8,2.4,0.338989,1,0.00033302,0.3697075,0.400426,6,5,5,4,0,0,0,3,2,0,292735,0.971937544782139,301187.048048048,2018,2019,0,0,1,0,NA,NA,NA,NA,NA,NA,NA,NA,NA,NA,NA,NA,NA,NA
31,"G124-13","F","S","Gåsmyren 2","Gåsmyren_1920",2019,2020,NA,NA,0,NA,list(),"Dalarna","Smedjebacken",NA,"G124-13",0.303,1.42,0.24,0.0029,15.775,82.6354166666667,3.2,2.4,0.338989,2,0.0003426,0.3697075,0.400426,6,5,0,8,4,4,1,3,2,0,292267,0.961775978556443,303882.615615616,2018,2019,1,1,2,0,NA,NA,NA,NA,NA,NA,NA,NA,NA,NA,NA,NA,NA,NA
579,"G58-16","M","S","Göra  3","Göra_1516",2015,2016,"censored",NA,0,NA,c(13.0945894075758, 61.242600258205),"Dalarna","Malung","malung","G58-16",0.171,0.71,0.26,0.01323,1.893,77.8177083333333,77.4,2.3,0.319611,0,0.00112228,0.319611,0.319611,0,0,0,198,68,0,0,20,9,1,269065,0.939684543967026,286335.453453453,2015,2015,0,0,1,1,NA,NA,NA,NA,NA,NA,NA,NA,NA,NA,NA,NA,NA,NA
1113,"G77-11","F","S","Göra 1","Göra_1112",2011,2012,NA,NA,0,NA,c(13.4907863357261, 13.9094486331368, 13.1479179701683, 12.6906988152006, 60.527752339379, 60.6785337591212, 61.4487016493855, 61.0202085268327),"Dalarna","Malung","malung","G77-11",0.174,0.7,0.25,0.01437,1.914,81.3636363636364,NA,2.4,0.261963,2,0.00104346,0.3069765,0.35199,0,0,0,186,168,56,4,15,12,4,236838,0.917311572111286,258187.084084084,2011,2012,0,0,1,0,NA,NA,NA,NA,NA,NA,NA,NA,NA,NA,NA,NA,NA,NA
986,"G77-11","F","S","Göra 1","Göra_1213",2012,2013,"illegal",NA,0,NA,c(13.8804310582558, 60.6471298019507),"Dalarna","Malung","malung","G77-11",0.176,0.7,0.25,0.01487,1.88,85.7916666666667,89.4,2,0.261963,0,0.00103625,0.3069765,0.35199,0,0,0,186,157,0,0,16,11,1,244397,0.921766183186487,265139.906906907,2011,2012,1,1,2,1,NA,NA,NA,NA,NA,NA,NA,NA,NA,NA,NA,NA,NA,NA
542,"G57-16","F","S","Göra 2","Göra_1415",2014,2016,NA,NA,0,NA,c(12.8395250247701, 60.9761202067794),"Dalarna","Malung","malung","G57-16",0.168,0.65,0.26,0.01479,1.866,86.3137254901961,29,2.2,0.222382,1,0.00131517,0.2593995,0.296417,0,0,0,198,68,0,0,19,11,1,257612,0.931798751585479,276467.423423423,2014,2014,0,0,2,0,NA,NA,NA,NA,NA,NA,NA,NA,NA,NA,NA,NA,NA,NA
580,"G57-16","F","S","Göra 3","Göra_1516",2015,2016,"illegal",NA,0,NA,c(13.0945894075758, 61.242600258205),"Dalarna","Malung","malung","G57-16",0.171,0.71,0.26,0.01323,1.893,77.8177083333333,77.4,2.3,0.222382,0,0.00112228,0.222382,0.222382,0,0,0,198,68,0,0,20,9,1,269065,0.939684543967026,286335.453453453,2015,2015,0,0,1,1,NA,NA,NA,NA,NA,NA,NA,NA,NA,NA,NA,NA,NA,NA
1591,"G31-06","F","S","Görsjön","Görsjön_0607",2006,2007,NA,NA,0,NA,c(14.3490511400454, 14.3344150479887, 61.1398346054008, 61.3073395020782),"Dalarna","Mora","mora","G31-06",0.267,1.14,0.17,0,6.7,83.875,NA,2.8,0.235352,0,0.00062976,0.268799,0.302246,0,0,0,0,0,0,0,5,5,2,244588,0.992158061167822,246521.204204204,2006,2011,0,0,1,0,NA,NA,NA,NA,NA,NA,NA,NA,NA,NA,NA,NA,NA,NA
1520,"G31-06","F","S","Görsjön","Görsjön_0708",2007,2008,NA,NA,0,NA,list(),"Dalarna","Mora","mora","G31-06",0.272,1.17,0.19,0,8.033,78.453125,NA,2.6,0.235352,1,0.00104229,0.268799,0.302246,0,0,0,0,0,0,0,5,5,0,246702,0.981737376568747,251291.237237237,2006,2011,1,1,2,0,NA,NA,NA,NA,NA,NA,NA,NA,NA,NA,NA,NA,NA,NA
1444,"G31-06","F","S","Görsjön","Görsjön_0809",2008,2009,NA,NA,0,NA,list(),"Dalarna","Mora","mora","G31-06",0.27,1.15,0.17,0,6.65,83.9270833333333,NA,2.4,0.235352,1,0.0008752,0.268799,0.302246,0,0,0,0,0,0,0,5,5,0,247595,0.973802017842886,254255.993993994,2006,2011,2,2,3,0,NA,NA,NA,NA,NA,NA,NA,NA,NA,NA,NA,NA,NA,NA
1346,"G31-06","F","S","Görsjön","Görsjön_0910",2009,2010,NA,NA,0,NA,list(),"Dalarna","Mora","mora","G31-06",0.271,1.18,0.18,0,6.625,81.4656862745098,NA,2.3,0.235352,1,0.00109262,0.268799,0.302246,0,0,0,0,0,0,0,5,5,0,253595,0.979604056011589,258875,2006,2011,3,3,4,0,NA,NA,NA,NA,NA,NA,NA,NA,NA,NA,NA,NA,NA,NA
1234,"G31-06","F","S","Görsjön","Görsjön_1011",2010,2011,NA,NA,0,NA,c(13.8391302899478, 60.8911616490852),"Dalarna","Mora","mora","G31-06",0.258,1.13,0.17,0,6.625,85.40625,NA,2.3,0.235352,1,0.00101497,0.268799,0.302246,1,1,1,0,0,0,0,6,3,1,249934,0.971021477736841,257392.864864865,2006,2011,4,4,5,0,NA,NA,NA,NA,NA,NA,NA,NA,NA,NA,NA,NA,NA,NA
1115,"G31-06","F","S","Görsjön","Görsjön_1112",2011,2012,"censored",NA,0,NA,c(13.7164672128395, 60.9048253072592),"Dalarna","Mora","mora","G31-06",0.262,1.15,0.17,0,6.625,81.9494949494949,NA,2.3,0.235352,2,0.00106888,0.268799,0.302246,1,1,0,0,0,0,0,7,2,1,249091,0.964769406973427,258187.084084084,2006,2011,5,5,6,1,NA,NA,NA,NA,NA,NA,NA,NA,NA,NA,NA,NA,NA,NA
1117,"G13-10","M","N","Haersjo 1","Hærsjø_1112",2011,2012,NA,NA,0,NA,list(),"Hedmark","Kongsvinger","kongsvinger","G13-10",0.393,1.93,0.45,0,10.267,81.959595959596,NA,3.1,0.274902,2,6.11e-05,0.274902,0.274902,0,0,0,0,0,0,0,0,0,0,324600,1.25722787858082,258187.084084084,2011,2014,0,0,1,0,NA,NA,NA,NA,NA,NA,NA,NA,NA,NA,NA,NA,NA,NA
988,"G13-10","M","N","Haersjo 1","Hærsjø_1213",2012,2013,NA,NA,0,NA,list(),"Hedmark","Kongsvinger","kongsvinger","G13-10",0.381,1.73,0.47,0.00107,10.938,77.9895833333333,217.6,3.3,0.274902,2,4.29e-06,0.274902,0.274902,0,0,0,0,0,0,0,0,0,0,336500,1.26914127686613,265139.906906907,2011,2014,1,1,2,0,NA,NA,NA,NA,NA,NA,NA,NA,NA,NA,NA,NA,NA,NA
846,"G13-10","M","S","Haersjo 1","Hærsjø_1314",2013,2014,NA,NA,0,NA,c(12.4086386480328, 59.6007970389991),"Värmland","Arvika","arvika","G13-10",0.38,1.39,0.42,0.00138,10.972,82.28125,101.8,3.2,0.274902,4,4.55e-06,0.274902,0.274902,2,1,0,7,7,1,1,9,3,1,251359,0.924614333776987,271852.804804805,2011,2014,2,2,3,0,NA,NA,NA,NA,NA,NA,NA,NA,NA,NA,NA,NA,NA,NA
716,"G13-10","M","N","Haersjo 1","Hærsjø_1415",2014,2015,NA,NA,0,NA,list(),"Hedmark","Kongsvinger","kongsvinger","G13-10",0.392,1.89,0.48,3e-04,10.995,68.3870967741936,207.4,2.4,0.274902,5,4.91e-05,0.274902,0.274902,0,0,0,0,0,0,0,0,0,0,358500,1.29671697142755,276467.423423423,2011,2014,3,3,4,0,NA,NA,NA,NA,NA,NA,NA,NA,NA,NA,NA,NA,NA,NA
581,"G13-10","M","S","Haersjo 2","Hærsjø_1516",2015,2016,"illegal",NA,0,NA,list(),"Värmland","Arvika","arvika","G13-10",0.382,1.54,0.39,9e-04,11.045,75.8998998998999,100.2,1.9,0.274902,4,7.19e-05,0.274902,0.274902,2,1,0,7,1,0,0,9,1,0,271056,0.946637926707399,286335.453453453,2015,2015,0,0,1,1,NA,NA,NA,NA,NA,NA,NA,NA,NA,NA,NA,NA,NA,NA
1118,"G88-13","F","N","Haersjö 1","Hærsjø_1112",2011,2012,NA,NA,0,NA,list(),"Hedmark","Kongsvinger","kongsvinger","G88-13",0.393,1.93,0.45,0,10.267,81.959595959596,NA,3.1,0.152161,2,6.11e-05,0.152161,0.152161,0,0,0,0,0,0,0,0,0,0,324600,1.25722787858082,258187.084084084,2011,2014,0,0,1,0,NA,NA,NA,NA,NA,NA,NA,NA,NA,NA,NA,NA,NA,NA
989,"G88-13","F","N","Haersjö 1","Hærsjø_1213",2012,2013,NA,NA,0,NA,list(),"Hedmark","Kongsvinger","kongsvinger","G88-13",0.381,1.73,0.47,0.00107,10.938,77.9895833333333,217.6,3.3,0.152161,2,4.29e-06,0.152161,0.152161,0,0,0,0,0,0,0,0,0,0,336500,1.26914127686613,265139.906906907,2011,2014,1,1,2,0,NA,NA,NA,NA,NA,NA,NA,NA,NA,NA,NA,NA,NA,NA
847,"G88-13","F","S","Haersjö 1","Hærsjø_1314",2013,2014,NA,NA,0,NA,c(12.4086386480328, 59.6007970389991),"Värmland","Arvika","arvika","G88-13",0.38,1.39,0.42,0.00138,10.972,82.28125,101.8,3.2,0.152161,4,4.55e-06,0.152161,0.152161,2,1,0,7,7,1,1,9,3,1,251359,0.924614333776987,271852.804804805,2011,2014,2,2,3,0,NA,NA,NA,NA,NA,NA,NA,NA,NA,NA,NA,NA,NA,NA
717,"G88-13","F","S","Haersjö 1","Hedbyn_1415",2014,2015,"illegal",NA,0,NA,list(),"Västmanland","Köping","köping","G88-13",0.23,1.14,0.37,0.00028,26.875,63.5124810517517,2.1,2.5,0.152161,3,9e-08,0.152161,0.152161,1,1,0,8,8,0,0,1,1,0,263197,0.952000046663367,276467.423423423,2011,2014,3,3,4,1,NA,NA,NA,NA,NA,NA,NA,NA,NA,NA,NA,NA,NA,NA
582,"G103-16","F","S","Haersjö 2","Hærsjø_1516",2015,2016,"illegal",NA,0,NA,list(),"Värmland","Arvika","arvika","G103-16",0.382,1.54,0.39,9e-04,11.045,75.8998998998999,100.2,1.9,0.27356,4,7.19e-05,0.27356,0.27356,2,1,0,7,1,0,0,9,1,0,271056,0.946637926707399,286335.453453453,2015,2015,0,0,1,1,NA,NA,NA,NA,NA,NA,NA,NA,NA,NA,NA,NA,NA,NA
1907,"M-98-02","M","S","Hagfors 2","Hagfors_9899",1998,1999,"illegal",1,1,NA,list(),"Värmland","Filipstad","filipstad","M-98-02",0.321,0.98,0.24,0,8.26,NA,NA,4.6,0.375,1,1.66e-06,0.1875,0.375,NA,NA,NA,0,0,0,0,0,0,0,196936,0.951221845543167,207034.774193548,1998,1998,0,0,1,1,NA,NA,NA,NA,NA,NA,NA,NA,NA,NA,NA,NA,NA,NA
1758,"M-02-06","F","S","Halgån 1","Halgån_0304",2003,2004,NA,NA,1,NA,c(13.746770748163, 60.2288926724059),"Värmland","Hagfors","hagfors","M-02-06",0.311,0.88,0.25,0,4.4,77.93125,NA,4.8,0.269531,2,7.34e-05,0.2285155,0.269531,0,0,0,1,1,1,1,1,1,1,221372,0.948738168520028,233333.081081081,2003,2005,0,0,1,0,NA,NA,NA,NA,NA,NA,NA,NA,NA,NA,NA,NA,NA,NA
1709,"M-02-06","F","S","Halgån 1","Halgån_0405",2004,2005,NA,NA,1,NA,c(13.3125242540957, 60.0752942478463),"Värmland","Hagfors","hagfors","M-02-06",0.298,0.84,0.26,0,4.367,79.1868686868687,NA,4.3,0.269531,2,8.88e-05,0.2285155,0.269531,0,0,0,3,3,2,1,2,2,1,226500,0.950493772343683,238297.195195195,2003,2005,1,1,2,0,NA,NA,NA,NA,NA,NA,NA,NA,NA,NA,NA,NA,NA,NA
1653,"M-02-06","F","S","Halgån 1","Halgån_0506",2005,2006,NA,NA,1,NA,list(),"Värmland","Hagfors","hagfors","M-02-06",0.333,0.9,0.27,0.00026,4.333,80.4191919191919,NA,3.8,0.269531,5,5.17e-05,0.2285155,0.269531,0,0,0,14,14,11,4,2,2,0,228482,0.938943415053348,243339.477477477,2003,2005,2,2,3,0,NA,NA,NA,NA,NA,NA,NA,NA,NA,NA,NA,NA,NA,NA
1593,"G39-07","M","S","Halgån 2","Halgån_0607",2006,2007,NA,NA,0,NA,list(),"Värmland","Hagfors","hagfors","G39-07",0.302,0.83,0.24,0,4.35,82.203125,NA,3.4,0.23877,2,0.00012528,0.2541505,0.269531,0,0,0,22,22,8,3,2,2,0,228662,0.927555099116705,246521.204204204,2006,2007,0,0,1,0,NA,NA,NA,NA,NA,NA,NA,NA,NA,NA,NA,NA,NA,NA
1522,"G39-07","M","S","Halgån 2","Halgån_0708",2007,2008,NA,NA,0,NA,c(13.7641292575163, 12.9861960742501, 60.5386151212888, 61.3746618152033),"Dalarna","Malung","torsby","G39-07",0.266,0.76,0.23,0,4.233,77.6875,NA,3.2,0.23877,3,0.00015807,0.2541505,0.269531,0,0,0,29,11,11,1,5,3,2,234448,0.932973240840324,251291.237237237,2006,2007,1,1,2,0,NA,NA,NA,NA,NA,NA,NA,NA,NA,NA,NA,NA,NA,NA
33,"G264-17","M","S","Haraldsjön","Haraldssjön_1920",2019,2020,NA,NA,0,NA,list(),"Orebro","Lindesberg",NA,"G264-17",0.256,1.29,0.35,0.00273,17.4,76.4242424242424,2.5,2.2,0.20644,4,2.27e-05,0.2591265,0.311813,6,4,0,68,16,15,2,3,0,0,282049,0.928151152801603,303882.615615616,2019,2019,0,0,1,0,NA,NA,NA,NA,NA,NA,NA,NA,NA,NA,NA,NA,NA,NA
1236,"G107-11","M","S","Hasselfors 5","Hasselfors_1011",2010,2011,NA,NA,0,NA,list(),"Orebro","Degerfors","degerfors","G107-11",0.16,1.3,0.35,0.0032,19.429,78.5919540229885,NA,3.3,0.305908,0,0,0.369751,0.433594,1,1,1,2,2,1,1,6,6,0,244126,0.948456749677851,257392.864864865,2010,2011,0,0,1,0,NA,NA,NA,NA,NA,NA,NA,NA,NA,NA,NA,NA,NA,NA
1119,"G107-11","M","S","Hasselfors 5","Hasselfors_1112",2011,2012,"censored",NA,0,NA,list(),"Orebro","Degerfors","degerfors","G107-11",0.164,1.33,0.35,0.00408,20.333,76.1111111111111,NA,3.5,0.305908,1,0,0.369751,0.433594,1,1,0,2,1,0,0,6,6,0,240803,0.932668653252916,258187.084084084,2010,2011,1,1,2,1,NA,NA,NA,NA,NA,NA,NA,NA,NA,NA,NA,NA,NA,NA
1121,"G21-12","M","S","Haverö 2","Haverö_1112",2011,2012,NA,NA,0,NA,c(15.6850871609332, 61.6064913575983),"Gävleborg","Ljusdal","ljusdal","G21-12",0.16,1.06,0.22,0.00056,2.567,81.7575757575758,NA,3.5,0.469727,0,0.00249746,0.469727,0.469727,0,0,0,19,18,16,1,8,8,1,230413,0.8924265162891,258187.084084084,2011,2012,0,0,1,0,NA,NA,NA,NA,NA,NA,NA,NA,NA,NA,NA,NA,NA,NA
1075,"G21-12","M","S","Haverö 2","Haverö_1213",2012,2013,NA,NA,0,NA,c(15.534043864183, 61.7701822785272),"Gävleborg","Ljusdal","ljusdal","G21-12",0.16,1.06,0.22,0.00057,2.5,89.7388888888889,3.4,3.4,0.469727,0,0.00255446,0.469727,0.469727,0,0,0,19,18,0,0,9,6,1,238126,0.898114519153121,265139.906906907,2011,2012,1,1,2,0,NA,NA,NA,NA,NA,NA,NA,NA,NA,NA,NA,NA,NA,NA
1240,"G66-10","M","S","Hedbyn 2","Hedbyn_1011",2010,2011,"illegal",NA,0,NA,list(),"Västmanland","Köping","köping","G66-10",0.23,1.15,0.37,0.00084,26.25,77.7135416666667,NA,2.7,0.270508,2,9.9e-06,0.284912,0.299316,0,0,0,0,0,0,0,0,0,0,244406,0.949544580920364,257392.864864865,2010,2010,0,0,1,1,NA,NA,NA,NA,NA,NA,NA,NA,NA,NA,NA,NA,NA,NA
1123,"G34-12","M","S","Hedbyn 3","Hedbyn_1112",2011,2012,NA,NA,0,NA,c(16.0332216106159, 59.6341499384636),"Västmanland","Köping","köping","G34-12",0.236,1.14,0.37,0.0012,21.5,78.1505376344086,NA,2.8,0.35199,3,1.37e-05,0.325653,0.35199,0,0,0,8,8,8,1,1,1,1,246552,0.954935452618169,258187.084084084,2011,2013,0,0,1,0,NA,NA,NA,NA,NA,NA,NA,NA,NA,NA,NA,NA,NA,NA
990,"G34-12","M","S","Hedbyn 3","Hedbyn_1213",2012,2013,NA,NA,0,NA,list(),"Västmanland","Skinnskatteberg","skinnskatteberg","G34-12",0.24,1.14,0.36,0.00192,21.433,62.3489583333333,2.9,3,0.35199,3,2.6e-06,0.325653,0.35199,0,0,0,45,45,0,0,1,0,0,244349,0.921585146689341,265139.906906907,2011,2013,1,1,2,0,NA,NA,NA,NA,NA,NA,NA,NA,NA,NA,NA,NA,NA,NA
850,"G34-12","M","S","Hedbyn 3","Hedbyn_1314",2013,2014,NA,NA,0,NA,list(),"Västmanland","Köping","köping","G34-12",0.235,1.12,0.37,0.00091,26.7,76.8177083333333,2.6,2.7,0.35199,5,5.03e-05,0.325653,0.35199,1,1,1,8,8,0,0,1,1,0,256934,0.945121755078022,271852.804804805,2011,2013,2,2,3,0,NA,NA,NA,NA,NA,NA,NA,NA,NA,NA,NA,NA,NA,NA
35,"G302-17","F","N","Hernes","Hernes_1920",2019,2020,"illegal",NA,0,NA,list(),"Hedmark","Elverum",NA,"G302-17",0.189,1.17,0.48,0.00797,32.497,83.5520833333333,253.4,1.8,0.222382,4,0.00027248,0.2602615,0.298141,3,1,1,0,0,0,0,0,0,0,433800,1.42752489845855,303882.615615616,2019,2019,0,0,1,1,NA,NA,NA,NA,NA,NA,NA,NA,NA,NA,NA,NA,NA,NA
448,"G143-14","F","N","Hoböl","Hobøl_1617",2016,2017,NA,NA,0,NA,list(),"Ãstfold","Våler","våler","G143-14",0.319,1.2,0.87,0.01405,130.962,57.3875,55.6,2.6,0.217712,0,0,0.320404,0.423096,0,0,0,0,0,0,0,0,0,0,367300,1.25315235013567,293100.834834835,2016,2017,0,0,1,0,NA,NA,NA,NA,NA,NA,NA,NA,NA,NA,NA,NA,NA,NA
305,"G143-14","F","N","Hoböl","Hobøl_1718",2017,2018,"illegal",NA,0,NA,list(),"Ãstfold","Våler","våler","G143-14",0.317,1.2,0.83,0.01087,142.535,60.9141414141414,59.4,2.7,0.217712,0,0,0.320404,0.423096,0,0,0,0,0,0,0,0,0,0,376600,1.26529344723992,297638.465465465,2016,2017,1,1,2,1,NA,NA,NA,NA,NA,NA,NA,NA,NA,NA,NA,NA,NA,NA
450,"G65-16","F","S","Holmsjön 1","Holmsjön_1617",2016,2017,"illegal",NA,0,NA,list(),"Orebro","Ljusnarsberg","ljusnarsberg","G65-16",0.241,1.34,0.38,0.00592,12.54,65.8125,2.4,2.3,0.336578,6,3.91e-05,0.312027,0.336578,3,2,0,32,2,0,0,0,0,0,237017,0.808653445608783,293100.834834835,2016,2016,0,0,1,1,NA,NA,NA,NA,NA,NA,NA,NA,NA,NA,NA,NA,NA,NA
1125,"G1-10","F","S","Homna 2","Homna_1112",2011,2012,NA,NA,0,NA,c(15.2761782722766, 15.3390602033809, 61.0003873449276, 61.0264391394268),"Dalarna","Rättvik","rättvik","G1-10",0.159,0.96,0.21,3e-04,12.95,85.2083333333333,NA,2.3,0.4104,4,0.00254094,0.2052,0.4104,2,2,0,24,8,0,0,12,3,2,229971,0.890714579374951,258187.084084084,2011,2012,0,0,1,0,NA,NA,NA,NA,NA,NA,NA,NA,NA,NA,NA,NA,NA,NA
992,"G1-10","F","S","Homna 2","Homna_1213",2012,2013,"illegal",NA,0,NA,c(15.6646237839489, 15.3532336706006, 60.9611226618249, 60.8950115481195),"Dalarna","Rättvik","rättvik","G1-10",0.169,0.93,0.29,0.00129,15.2,79.296875,2.4,1.9,0.4104,1,0.00210317,0.2052,0.4104,2,2,0,24,8,0,0,14,5,2,236598,0.892351523993979,265139.906906907,2011,2012,1,1,2,1,NA,NA,NA,NA,NA,NA,NA,NA,NA,NA,NA,NA,NA,NA
37,"G27-19","M","N","Hornmoen 1","Hornmoen_1920",2019,2020,"illegal",NA,0,NA,list(),"Hedmark","Elverum",NA,"G27-19",0.179,1.3,0.52,0.00315,14.411,83.5572916666667,265.1,1.8,0.206153,4,0.00028352,0.255794,0.305435,3,1,1,0,0,0,0,0,0,0,433800,1.42752489845855,303882.615615616,2019,2019,0,0,1,1,NA,NA,NA,NA,NA,NA,NA,NA,NA,NA,NA,NA,NA,NA
1244,"G21-10","M","S","Hästberget","Hästberget_1011",2010,2011,NA,NA,0,NA,c(13.4133092707285, 12.9378344746802, 60.3507287901351, 60.8397995902267),"Värmland","Torsby","torsby","G21-10",0.223,0.68,0.25,0.00092,2.75,85.921875,NA,3.3,0.429688,2,0.00035089,0.352295,0.429688,3,3,3,123,86,19,6,18,6,2,225728,0.876978466821567,257392.864864865,2010,2011,0,0,1,0,NA,NA,NA,NA,NA,NA,NA,NA,NA,NA,NA,NA,NA,NA
1127,"G21-10","M","S","Hästberget","Hästberget_1112",2011,2012,"illegal",NA,0,NA,c(13.1622102401246, 13.0409115147087, 13.0323194274726, 60.6400631633285, 60.8040744735672, 60.8035379864203),"Värmland","Torsby","torsby","G21-10",0.224,0.67,0.26,0.00092,2.75,80.9784946236559,NA,3.2,0.429688,4,0.00036543,0.352295,0.429688,4,4,1,124,79,1,1,21,9,3,223613,0.866089025302194,258187.084084084,2010,2011,1,1,2,1,NA,NA,NA,NA,NA,NA,NA,NA,NA,NA,NA,NA,NA,NA
679,"G42-14","M","S","Hålnan","Hålnan_1516",2015,2016,"illegal",NA,0,NA,list(),"Dalarna","Hedemora","hedemora","G42-14",0.23,1.47,0.33,0.00735,25.16,64.3177083333333,3,2.5,0.139008,3,0.00113187,0.1408845,0.142761,0,0,0,9,9,0,0,2,0,0,265096,0.925823179779915,286335.453453453,2015,2015,0,0,1,1,NA,NA,NA,NA,NA,NA,NA,NA,NA,NA,NA,NA,NA,NA
585,"G17-15","M","S","Höljes","Höljes_1516",2015,2016,"illegal",NA,0,"Female G51-13 moved here from Juberget",c(13.043062845678, 12.8947971939656, 60.6235919426597, 60.3628458661674),"Värmland","Torsby","torsby","G17-15",0.195,0.81,0.23,0.00061,3.239,81.1182795698925,58.1,2,0.275726,3,0.00055236,0.2206265,0.275726,14,11,10,147,24,0,0,34,16,2,260296,0.909059625207444,286335.453453453,2015,2015,0,0,1,1,NA,NA,NA,NA,NA,NA,NA,NA,NA,NA,NA,NA,NA,NA
39,"G205-17","M","S","Igelsjön 1","Igelsjön_1920",2019,2020,NA,NA,0,NA,list(),"Gävleborg","Sandviken",NA,"G205-17",0.167,1.27,0.25,0.00036,34.08,78.6720430107527,3.2,2.6,0.400426,1,0.00071033,0.315925,0.400426,0,0,0,20,10,0,0,4,4,0,282821,0.930691607438786,303882.615615616,2019,2019,0,0,1,0,NA,NA,NA,NA,NA,NA,NA,NA,NA,NA,NA,NA,NA,NA
1764,"M-04-04","M","S","Jangen 1","Jangen_0304",2003,2004,NA,NA,1,NA,c(13.746770748163, 60.2288926724059),"Värmland","Hagfors","hagfors","M-04-04",0.426,1.2,0.33,0.00221,7.033,73.5806451612903,NA,5.2,0.269531,1,2.07e-06,0.2753905,0.28125,0,0,0,1,1,1,1,1,1,1,221372,0.948738168520028,233333.081081081,2003,2004,0,0,1,0,NA,NA,NA,NA,NA,NA,NA,NA,NA,NA,NA,NA,NA,NA
1713,"M-04-04","M","S","Jangen 1","Jangen1_0405",2004,2005,"illegal",1,1,NA,c(13.3125242540957, 60.0752942478463),"Värmland","Hagfors","hagfors","M-04-04",0.415,1.19,0.33,0.00189,7,77.1145833333333,NA,4.6,0.269531,2,3.21e-06,0.2753905,0.28125,0,0,0,3,3,2,1,2,2,1,226500,0.950493772343683,238297.195195195,2003,2004,1,1,2,1,NA,NA,NA,NA,NA,NA,NA,NA,NA,NA,NA,NA,NA,NA
1246,"G13-08","M","S","Jangen 5","Jangen_1011",2010,2011,"illegal",NA,0,NA,list(),"Värmland","Hagfors","hagfors","G13-08",0.424,1.21,0.34,0.00221,11.625,82.5353535353535,NA,3.9,0.26709,4,8.17e-05,0.2683105,0.269531,2,2,1,22,8,0,0,8,6,0,231810,0.900607715453588,257392.864864865,2010,2010,0,0,1,1,NA,NA,NA,NA,NA,NA,NA,NA,NA,NA,NA,NA,NA,NA
309,"G19-17","F","S","Jangen 8","Jangen_1718",2017,2018,"illegal",NA,0,NA,c(12.8886514444512, 13.0969138194698, 13.0021895178716, 59.8190161664308, 59.7086238771807, 59.7377181595527),"Värmland","Sunne","sunne","G19-17",0.434,1.22,0.37,0.00385,19.125,70.8541666666667,1.7,2,0.231424,4,6.45e-05,0.233508,0.235592,8,4,1,45,32,3,3,16,7,3,278797,0.936696806187332,297638.465465465,2017,2017,0,0,1,1,NA,NA,NA,NA,NA,NA,NA,NA,NA,NA,NA,NA,NA,NA
1718,"G6-03","M","N","Julussa 3","Julussa_0405",2004,2005,NA,NA,0,NA,list(),"Hedmark","Åmot","åmot","G6-03",0.209,1.19,0.28,0.00316,5.552,81.7211805555555,NA,2.6,0.269531,1,6e-06,0.269531,0.269531,0,0,0,0,0,0,0,0,0,0,238200,0.999592126146866,238297.195195195,2004,2005,0,0,1,0,NA,NA,NA,NA,NA,NA,NA,NA,NA,NA,NA,NA,NA,NA
1661,"G6-03","M","N","Julussa 3","Julussa_0506",2005,2006,"illegal",NA,0,NA,list(),"Hedmark","Åmot","åmot","G6-03",0.2,1.24,0.24,0.0032,5.551,84.8177083333333,NA,2.6,0.269531,0,0.00014188,0.269531,0.269531,1,1,1,0,0,0,0,0,0,0,249200,1.02408373102168,243339.477477477,2004,2005,1,1,2,1,NA,NA,NA,NA,NA,NA,NA,NA,NA,NA,NA,NA,NA,NA
1530,"G23-07","M","N","Julussa 5","Julussa_0708",2007,2008,NA,NA,0,NA,list(),"Hedmark","Åmot","åmot","G23-07",0.202,1.25,0.24,0.0032,5.591,82.5967741935484,NA,2.9,0.438477,0,0.00023302,0.354004,0.438477,1,1,0,0,0,0,0,0,0,0,274700,1.09315391583139,251291.237237237,2007,2008,0,0,1,0,NA,NA,NA,NA,NA,NA,NA,NA,NA,NA,NA,NA,NA,NA
1454,"G23-07","M","N","Julussa 5","Julussa_0809",2008,2009,"illegal",NA,0,NA,list(),"Hedmark","Åmot","åmot","G23-07",0.201,1.23,0.24,0.0032,5.635,87.9635416666667,NA,2.9,0.438477,0,0.0002541,0.354004,0.438477,1,1,0,0,0,0,0,0,0,0,291000,1.14451579067542,254255.993993994,2007,2008,1,1,2,1,NA,NA,NA,NA,NA,NA,NA,NA,NA,NA,NA,NA,NA,NA
1358,"G72-10","M","N","Julussa 7","Julussa_0910",2009,2010,"illegal",NA,0,NA,list(),"Hedmark","Åmot","åmot","G72-10",0.194,1.17,0.25,0.0028,5.673,89.4429510155317,NA,2.9,0.269531,1,0.00046241,0.269531,0.269531,1,1,0,0,0,0,0,0,0,0,297100,1.1476581361661,258875,2009,2009,0,0,1,1,NA,NA,NA,NA,NA,NA,NA,NA,NA,NA,NA,NA,NA,NA
1248,"G72-10","M","N","Julussa 8","Julussa_1011",2010,2011,NA,NA,0,NA,list(),"Hedmark","Åmot","åmot","G72-10",0.224,1.24,0.2,0.00462,5.703,83.5,NA,2.9,0.269531,1,0.00042113,0.1347655,0.269531,1,0,0,0,0,0,0,0,0,0,302700,1.17602327538847,257392.864864865,2010,2011,0,0,1,0,NA,NA,NA,NA,NA,NA,NA,NA,NA,NA,NA,NA,NA,NA
1132,"M14-09/G16-12","F","N","Julussa 8","Julussa_1112",2011,2012,NA,NA,1,NA,list(),"Hedmark","Åmot","åmot","G16-12",0.291,1.1,0.12,0.00056,1.691,83.9281881313131,NA,2.8,0,0,0.00041604,0.1347655,0.269531,1,0,0,0,0,0,0,0,0,0,321100,1.24367181704344,258187.084084084,2010,2011,1,1,2,0,NA,NA,NA,NA,NA,NA,NA,NA,NA,NA,NA,NA,NA,NA
996,"M14-09/G16-12","F","N","Julussa 9","Julussa_1213",2012,2013,NA,NA,1,NA,list(),"Hedmark","Åmot","åmot","G16-12",0.3,1.11,0.12,0.00086,1.696,90.0143623737374,591,2.6,0,2,0.00041773,0.142456,0.284912,3,2,2,0,0,0,0,0,0,0,345500,1.30308562008098,265139.906906907,2012,2016,0,0,1,0,NA,NA,NA,NA,NA,NA,NA,NA,NA,NA,NA,NA,NA,NA
856,"M14-09/G16-12","F","N","Julussa 9","Julussa_1314",2013,2014,NA,NA,1,NA,list(),"Hedmark","Åmot","åmot","G16-12",0.295,1.13,0.12,5e-04,1.698,85.1529356060606,561.6,2.5,0,0,0.00030516,0.142456,0.284912,3,2,0,0,0,0,0,0,0,0,345200,1.26980481311517,271852.804804805,2012,2016,1,1,2,0,NA,NA,NA,NA,NA,NA,NA,NA,NA,NA,NA,NA,NA,NA
722,"M14-09/G16-12","F","N","Julussa 9","Julussa_1415",2014,2015,NA,NA,1,NA,list(),"Hedmark","Åmot","åmot","G16-12",0.295,1.11,0.12,5e-04,1.721,84.0942060291859,486.6,2.2,0,2,0.00018572,0.142456,0.284912,3,2,0,0,0,0,0,0,0,0,359500,1.30033403410936,276467.423423423,2012,2016,2,2,3,0,NA,NA,NA,NA,NA,NA,NA,NA,NA,NA,NA,NA,NA,NA
589,"M14-09/G16-12","F","N","Julussa 9","Julussa_1516",2015,2016,NA,NA,1,NA,list(),"Hedmark","Åmot","åmot","G16-12",0.279,1.15,0.12,5e-04,1.709,80.3694295900178,399.3,2,0,3,0.00019374,0.142456,0.284912,3,2,0,0,0,0,0,0,0,0,367100,1.28206268407372,286335.453453453,2012,2016,3,3,4,0,NA,NA,NA,NA,NA,NA,NA,NA,NA,NA,NA,NA,NA,NA
454,"M14-09/G16-12","F","N","Julussa 9","Julussa_1617",2016,2017,"illegal",NA,1,NA,list(),"Hedmark","Stor-Elvdal","stor-elvdal","G16-12",0.325,1.01,0.12,0.0011,1.699,80.469247311828,353.5,1.8,0,1,0.00020876,0.142456,0.284912,9,4,1,0,0,0,0,0,0,0,341600,1.16546921537257,293100.834834835,2012,2016,4,4,5,1,NA,NA,NA,NA,NA,NA,NA,NA,NA,NA,NA,NA,NA,NA
1766,"M-06-06","M","N","Juvberget 1","Juvberget_0304",2003,2004,NA,NA,1,NA,list(),"Hedmark","Åsnes","åsnes","M-06-06",0.193,1.74,0.35,0,5.495,78.9375,NA,3.6,0.28125,1,1.94e-05,0.25,0.28125,0,0,0,0,0,0,0,0,0,0,215200,0.922286711352429,233333.081081081,2003,2009,0,0,1,0,NA,NA,NA,NA,NA,NA,NA,NA,NA,NA,NA,NA,NA,NA
1717,"M-05-10","F","S","Juvberget 1","Julussa_0405",2004,2005,NA,NA,1,NA,list(),"Hedmark","Åmot","åmot","M-05-10",0.209,1.19,0.28,0.00316,5.552,81.7211805555555,NA,2.6,0.21875,1,6e-06,0.25,0.28125,0,0,0,0,0,0,0,0,0,0,238200,0.999592126146866,238297.195195195,2003,2009,1,1,2,0,NA,NA,NA,NA,NA,NA,NA,NA,NA,NA,NA,NA,NA,NA
1659,"M-06-06","M","S","Juvberget 1","Juvberget_0506",2005,2006,NA,NA,1,NA,c(12.5871760285284, 13.0531217032955, 12.5581220576871, 12.5894746787056, 12.6990387092195, 60.5949419531492, 60.2525251371136, 60.2066183003918, 60.1660634838412, 60.8582611598055),"Värmland","Torsby","torsby","M-06-06",0.18,1.16,0.2,0.00061,6.751,83.5,NA,3.4,0.28125,2,0.00022488,0.25,0.28125,0,0,0,37,37,20,8,12,12,5,216926,0.891454203192648,243339.477477477,2003,2009,2,2,3,0,NA,NA,NA,NA,NA,NA,NA,NA,NA,NA,NA,NA,NA,NA
1601,"M-06-06","M","S","Juvberget 1","Juvberget_0607",2006,2007,NA,NA,1,NA,list(),"Värmland","Torsby","torsby","M-06-06",0.181,1.15,0.21,0.00061,6.755,86.9949494949495,NA,3.4,0.28125,2,0.00022375,0.25,0.28125,0,0,0,45,45,8,2,12,12,0,219414,0.890041084734642,246521.204204204,2003,2009,3,3,4,0,NA,NA,NA,NA,NA,NA,NA,NA,NA,NA,NA,NA,NA,NA
1532,"M-06-06","M","S","Juvberget 1","Juvberget_0708",2007,2008,NA,NA,1,NA,c(12.6025196322727, 12.647860545294, 13.2676079139884, 13.4040066933217, 60.3921069658926, 60.5383942109629, 60.5740053608906, 60.2951414319818),"Värmland","Torsby","torsby","M-06-06",0.18,1.15,0.21,0.00061,6.765,81.8181818181818,NA,3.3,0.28125,1,0.00032954,0.25,0.28125,0,0,0,53,52,8,3,16,16,4,220442,0.877237115084465,251291.237237237,2003,2009,4,4,5,0,NA,NA,NA,NA,NA,NA,NA,NA,NA,NA,NA,NA,NA,NA
1456,"M-06-06","M","N","Juvberget 1","Juvberget_0809",2008,2009,NA,NA,1,NA,list(),"Hedmark","Våler","våler","M-06-06",0.168,1.3,0.2,0.00061,6.769,84.375,NA,3,0.28125,2,0.00020671,0.25,0.28125,0,0,0,0,0,0,0,0,0,0,279100,1.09771256762031,254255.993993994,2003,2009,5,5,6,0,NA,NA,NA,NA,NA,NA,NA,NA,NA,NA,NA,NA,NA,NA
1360,"M-06-06","M","S","Juvberget 1","Juvberget_0910",2009,2010,"illegal",NA,1,NA,list(),"Värmland","Torsby","torsby","M-06-06",0.192,1.24,0.27,0.00061,5.266,81.8510416666667,NA,3.4,0.28125,3,0.00010741,0.25,0.28125,0,0,0,104,87,41,6,16,9,0,226391,0.874518590053114,258875,2003,2009,6,6,7,1,NA,NA,NA,NA,NA,NA,NA,NA,NA,NA,NA,NA,NA,NA
1250,"M-11-13/G29-10","M","S","Juvberget 2","Juvberget_1011",2010,2011,NA,NA,1,NA,c(13.4133092707285, 12.9378344746802, 60.3507287901351, 60.8397995902267),"Värmland","Torsby","torsby","G29-10",0.192,1.19,0.24,0.00061,5.266,82.6354166666667,NA,3.6,0.311035,3,0.00030095,0.2648925,0.311035,3,3,3,123,86,19,6,18,6,2,225728,0.876978466821567,257392.864864865,2010,2012,0,0,1,0,NA,NA,NA,NA,NA,NA,NA,NA,NA,NA,NA,NA,NA,NA
1133,"M-11-13/G29-10","M","S","Juvberget 2","Juvberget_1112",2011,2012,NA,NA,1,NA,c(13.1622102401246, 13.0409115147087, 13.0323194274726, 60.6400631633285, 60.8040744735672, 60.8035379864203),"Värmland","Torsby","torsby","G29-10",0.192,1.18,0.25,0.00061,5.268,82.5416666666667,NA,3.5,0.311035,4,0.00029992,0.2648925,0.311035,4,4,1,124,79,1,1,21,9,3,223613,0.866089025302194,258187.084084084,2010,2012,1,1,2,0,NA,NA,NA,NA,NA,NA,NA,NA,NA,NA,NA,NA,NA,NA
998,"M-11-13/G29-10","M","S","Juvberget 2","Juvberget_1213",2012,2013,NA,NA,1,NA,list(),"Värmland","Torsby","torsby","G29-10",0.197,1.13,0.26,0.00061,5.22,80.9375,88.8,3.7,0.311035,3,0.00023623,0.2648925,0.311035,4,4,0,128,75,4,1,21,5,0,238059,0.897861822375855,265139.906906907,2010,2012,2,2,3,0,NA,NA,NA,NA,NA,NA,NA,NA,NA,NA,NA,NA,NA,NA
724,"G29-10","M","S","Juvberget 3","Juvberget_1415",2014,2015,"illegal",NA,0,NA,c(12.8430534852344, 13.1553307746231, 13.0802127924252, 12.728984192977, 12.6307912253849, 12.6529131518536, 60.5141853886911, 60.1111115164721, 60.117469919733, 60.3225737170073, 60.2928758921488, 60.9677494794059),"Värmland","Torsby","torsby","G29-10",0.19,1.09,0.24,0.00061,5.171,82.7993062144213,77.6,2.5,0.311035,4,0.00043925,0.238281,0.311035,4,4,0,147,43,18,2,32,16,6,246277,0.890799346087205,276467.423423423,2014,2014,0,0,1,1,NA,NA,NA,NA,NA,NA,NA,NA,NA,NA,NA,NA,NA,NA
591,"G148-15","M","S","Juvberget 4","Juvberget_1516",2015,2016,NA,NA,0,NA,c(13.043062845678, 12.8947971939656, 60.6235919426597, 60.3628458661674),"Värmland","Torsby","torsby","G148-15",0.185,1.16,0.21,0.00061,6.927,81.8737373737374,97.3,1.9,0.273621,4,0.00042515,0.212891,0.273621,14,11,10,147,24,0,0,34,16,2,260296,0.909059625207444,286335.453453453,2015,2016,0,0,1,0,NA,NA,NA,NA,NA,NA,NA,NA,NA,NA,NA,NA,NA,NA
456,"G148-15","M","S","Juvberget 4","Juvberget_1617",2016,2017,"illegal",NA,0,NA,c(13.1223600712804, 12.5825021065144, 60.0789792772721, 61.037308062458),"Värmland","Torsby","torsby","G148-15",0.195,1.3,0.27,0.00061,5.132,79.13125,77.7,1.8,0.273621,5,0.00030106,0.212891,0.273621,14,10,0,153,29,6,1,36,15,2,264141,0.901194976632687,293100.834834835,2015,2016,1,1,2,1,NA,NA,NA,NA,NA,NA,NA,NA,NA,NA,NA,NA,NA,NA
175,"M-18-13/G160-16","F","N","Juvberget 6","Juvberget_1819",2018,2019,NA,NA,1,NA,list(),"Hedmark","Våler","våler","G160-16",0.161,1.16,0.19,0.00061,6.875,83.7365591397849,185.3,2,0.233883,3,0.00042994,0.199705,0.233883,1,1,1,0,0,0,0,0,0,0,394200,1.30882122108091,301187.048048048,2018,2019,0,0,1,0,NA,NA,NA,NA,NA,NA,NA,NA,NA,NA,NA,NA,NA,NA
41,"M-18-13/G160-16","F","S","Juvberget 6","Juvberget_1920",2019,2020,NA,NA,1,NA,list(),"Värmland","Torsby",NA,"G160-16",0.189,1.08,0.22,0.00061,6.883,84.4322916666667,62.9,2.4,0.233883,4,0.00070099,0.199705,0.233883,16,12,0,153,6,0,0,42,10,0,276261,0.909104324511427,303882.615615616,2018,2019,1,1,2,0,NA,NA,NA,NA,NA,NA,NA,NA,NA,NA,NA,NA,NA,NA
43,"G17-20","M","S","Järnsjön","Järnsjön_1920",2019,2020,"censored",NA,0,NA,list(),"Värmland","Årjäng",NA,"G17-20",0.409,1.1,0.32,0.00122,10.267,68.7552083333333,2.5,2.6,0.400426,4,0,0.3735605,0.400426,1,0,0,17,0,0,0,14,1,0,294658,0.969644148294143,303882.615615616,2019,2019,0,0,1,1,NA,NA,NA,NA,NA,NA,NA,NA,NA,NA,NA,NA,NA,NA
858,"G20-13","F","S","Kerto","Kerto_1314",2013,2014,NA,NA,0,NA,c(12.8578889270886, 13.5101520995717, 12.9937617282455, 13.0999312542365, 12.7481566265371, 60.4010648076978, 60.3988296429129, 60.0445043872313, 60.2613729391223, 60.1060788655507),"Värmland","Torsby","torsby","G20-13",0.406,1.3,0.28,0.00253,11.43,80.9791666666667,21.1,3.4,0.152161,5,8.4e-05,0.225983,0.299805,4,4,0,129,66,1,1,26,10,5,244886,0.900803654300468,271852.804804805,2013,2015,0,0,1,0,NA,NA,NA,NA,NA,NA,NA,NA,NA,NA,NA,NA,NA,NA
726,"G20-13","F","S","Kerto","Kerto_1415",2014,2015,NA,NA,0,NA,c(12.8430534852344, 13.1553307746231, 13.0802127924252, 12.728984192977, 12.6307912253849, 12.6529131518536, 60.5141853886911, 60.1111115164721, 60.117469919733, 60.3225737170073, 60.2928758921488, 60.9677494794059),"Värmland","Torsby","torsby","G20-13",0.396,1.37,0.29,0.00056,10.363,74.5329861111111,57.3,2.5,0.152161,7,0.0001468,0.225983,0.299805,4,4,0,147,43,18,2,32,16,6,246277,0.890799346087205,276467.423423423,2013,2015,1,1,2,0,NA,NA,NA,NA,NA,NA,NA,NA,NA,NA,NA,NA,NA,NA
593,"G20-13","F","S","Kerto","Kerto_1516",2015,2016,"illegal",NA,0,NA,c(13.043062845678, 12.8947971939656, 60.6235919426597, 60.3628458661674),"Värmland","Torsby","torsby","G20-13",0.38,1.47,0.3,0.00052,10.413,75.78125,64.4,1.9,0.152161,6,0.00013636,0.225983,0.299805,14,11,10,147,24,0,0,34,16,2,260296,0.909059625207444,286335.453453453,2013,2015,2,2,3,1,NA,NA,NA,NA,NA,NA,NA,NA,NA,NA,NA,NA,NA,NA
458,"G64-17","F","S","Kesberget","Kesberget_1617",2016,2017,NA,NA,0,NA,list(),"Västmanland","Skinnskatteberg","skinnskatteberg","G64-17",0.251,1.15,0.28,0.00227,29.2,65.1,2,2.3,0.222382,5,2.58e-06,0.2281325,0.233883,0,0,0,53,8,0,0,4,3,0,262083,0.894173502261385,293100.834834835,2016,2019,0,0,1,0,NA,NA,NA,NA,NA,NA,NA,NA,NA,NA,NA,NA,NA,NA
315,"G64-17","F","S","Kesberget","Kesberget_1718",2017,2018,NA,NA,0,NA,list(),"Västmanland","Skinnskatteberg","skinnskatteberg","G64-17",0.246,1.16,0.31,0.0028,29.68,64.9197860962567,1.8,2.1,0.222382,4,3.46e-05,0.2281325,0.233883,0,0,0,53,8,0,0,4,3,0,265367,0.891574950116084,297638.465465465,2016,2019,1,1,2,0,NA,NA,NA,NA,NA,NA,NA,NA,NA,NA,NA,NA,NA,NA
177,"G64-17","F","S","Kesberget","Kesberget_1819",2018,2019,NA,NA,0,NA,list(),"Västmanland","Skinnskatteberg","skinnskatteberg","G64-17",0.263,1.2,0.34,0.00618,24.929,82.4270833333333,1.7,1.9,0.222382,3,1.73e-05,0.2281325,0.233883,1,1,1,53,8,0,0,4,2,0,270609,0.898474890450236,301187.048048048,2016,2019,2,2,3,0,NA,NA,NA,NA,NA,NA,NA,NA,NA,NA,NA,NA,NA,NA
45,"G64-17","F","S","Kesberget","Kesberget_1920",2019,2020,NA,NA,0,NA,list(),"Västmanland","Skinnskatteberg",NA,"G64-17",0.275,1.23,0.34,0.0063,22.2,73.9545454545455,2.3,2,0.222382,5,6.19e-05,0.2281325,0.233883,1,1,0,57,4,4,1,4,1,0,269451,0.886694355496898,303882.615615616,2016,2019,3,3,4,0,NA,NA,NA,NA,NA,NA,NA,NA,NA,NA,NA,NA,NA,NA
1801,"G7-03","F","S","Kilsbergen","Kilsbergen_0203",2002,2003,NA,NA,0,NA,c(14.9034279483597, 59.4157495700709),"Orebro","Nora","nora","G7-03",0.214,1.29,0.45,0.01263,33.457,68.1254901960784,NA,4.4,0.1875,1,0,0.2285155,0.269531,0,0,0,0,0,0,0,1,1,1,227440,0.991209318761564,229457.084084084,2002,2007,0,0,1,0,NA,NA,NA,NA,NA,NA,NA,NA,NA,NA,NA,NA,NA,NA
1770,"G7-03","F","S","Kilsbergen","Kilsbergen_0304",2003,2004,NA,NA,0,NA,c(14.787102332826, 59.418484198986),"Orebro","Nora","nora","G7-03",0.216,1.27,0.41,0.00958,34.65,59.7815217391304,NA,4.2,0.1875,1,0,0.2285155,0.269531,0,0,0,22,22,22,2,2,2,1,229889,0.985239636552503,233333.081081081,2002,2007,1,1,2,0,NA,NA,NA,NA,NA,NA,NA,NA,NA,NA,NA,NA,NA,NA
1721,"M-05-04","M","S","Kilsbergen","Kilsbergen_0405",2004,2005,NA,NA,1,NA,list(),"Orebro","Nora","nora","M-05-04",0.213,1.28,0.42,0.00936,39.28,75.7020202020202,NA,4.2,0.269531,0,0,0.2285155,0.269531,0,0,0,34,34,12,1,2,2,0,235455,0.98807289698535,238297.195195195,2002,2007,2,2,3,0,NA,NA,NA,NA,NA,NA,NA,NA,NA,NA,NA,NA,NA,NA
1663,"G7-03","F","S","Kilsbergen","Kilsbergen_0506",2005,2006,NA,NA,0,NA,list(),"Orebro","Nora","nora","G7-03",0.217,1.26,0.42,0.01172,34.65,81.921875,NA,3.7,0.1875,0,0,0.2285155,0.269531,0,0,0,34,34,0,0,2,2,0,242098,0.994898166584613,243339.477477477,2002,2007,3,3,4,0,NA,NA,NA,NA,NA,NA,NA,NA,NA,NA,NA,NA,NA,NA
1603,"G7-03","F","S","Kilsbergen","Kilsbergen_0607",2006,2007,NA,NA,0,NA,list(),"Orebro","Karlskoga","nora","G7-03",0.218,1.28,0.43,0.0118,34.8,75.1302083333333,NA,3.3,0.1875,1,0,0.2285155,0.269531,0,0,0,29,29,0,0,1,1,0,251033,1.01830185687418,246521.204204204,2002,2007,4,4,5,0,NA,NA,NA,NA,NA,NA,NA,NA,NA,NA,NA,NA,NA,NA
1534,"G7-03","F","S","Kilsbergen","Kilsbergen_0708",2007,2008,"illegal",NA,0,NA,c(14.7489461484751, 59.4558847427599),"Orebro","Nora","nora","G7-03",0.212,1.22,0.42,0.00409,39.56,61.3385416666667,NA,2.9,0.1875,1,0,0.2285155,0.269531,0,0,0,34,34,0,0,4,3,1,250108,0.995291370880075,251291.237237237,2002,2007,5,5,6,1,NA,NA,NA,NA,NA,NA,NA,NA,NA,NA,NA,NA,NA,NA
464,"G110-14","F","S","Kockohonka 1","Kockohonka_1617",2016,2017,NA,NA,0,NA,c(13.1223600712804, 12.5825021065144, 60.0789792772721, 61.037308062458),"Värmland","Torsby","torsby","G110-14",0.38,1.43,0.3,0.00056,10.401,77.55,48.3,1.8,0.29718,4,0.00010056,0.2556515,0.29718,14,10,0,153,29,6,1,36,15,2,264141,0.901194976632687,293100.834834835,2016,2017,0,0,1,0,NA,NA,NA,NA,NA,NA,NA,NA,NA,NA,NA,NA,NA,NA
317,"G110-14","F","S","Kockohonka 1","Kockohonka_1718",2017,2018,"illegal",NA,0,NA,c(12.5971694120594, 13.3763878520525, 13.1570589260582, 12.9611849676057, 60.6348113567009, 60.3028640762702, 60.1614536131388, 60.0735432252356),"Värmland","Torsby","torsby","G110-14",0.38,1.45,0.3,0.00056,10.41,81.1927083333333,53.3,1.9,0.29718,5,0.00015513,0.2556515,0.29718,14,10,0,153,25,0,0,40,19,4,269034,0.903895266289819,297638.465465465,2016,2017,1,1,2,1,NA,NA,NA,NA,NA,NA,NA,NA,NA,NA,NA,NA,NA,NA
47,"G35-18","F","N","Kockohonka 2","Kockohonka_1920",2019,2020,NA,NA,0,NA,list(),"Hedmark","Kongsvinger",NA,"G35-18",0.383,1.78,0.4,0,10.338,82.4427083333333,114.2,2.2,0.254885,2,0.0001532,0.245212,0.254885,0,0,0,0,0,0,0,0,0,0,430900,1.41798173984737,303882.615615616,2019,2019,0,0,1,0,NA,NA,NA,NA,NA,NA,NA,NA,NA,NA,NA,NA,NA,NA
1835,"G2-02","F","N","Koppang 2","Koppang_0102",2001,2002,NA,NA,0,NA,list(),"Hedmark","Rendalen","rendalen","G2-02",0.371,0.65,0.22,0.00353,1.039,83.8385416666667,NA,2.5,0.125,0,0,0.1796875,0.234375,6,6,5,0,0,0,0,0,0,0,185100,0.826316818892429,224006.090361446,2001,2002,0,0,1,0,NA,NA,NA,NA,NA,NA,NA,NA,NA,NA,NA,NA,NA,NA
1803,"G2-02","F","N","Koppang 2","Koppang_0203",2002,2003,"illegal",NA,0,NA,list(),"Hedmark","Rendalen","rendalen","G2-02",0.37,0.59,0.2,0.00119,1.023,95.4125,NA,2.7,0.125,0,4.1e-07,0.1796875,0.234375,6,6,0,0,0,0,0,0,0,0,197000,0.858548345919927,229457.084084084,2001,2002,1,1,2,1,NA,NA,NA,NA,NA,NA,NA,NA,NA,NA,NA,NA,NA,NA
1605,"G13-07","M","S","Korsån 1","Korsån_0607",2006,2007,NA,NA,0,NA,list(),"Dalarna","Hedemora","hedemora","G13-07",0.205,1.44,0.26,0.00372,24.08,81.3047619047619,NA,2.8,0.1875,0,0.00039043,0.2036135,0.219727,0,0,0,0,0,0,0,1,0,0,238615,0.967928908064009,246521.204204204,2006,2008,0,0,1,0,NA,NA,NA,NA,NA,NA,NA,NA,NA,NA,NA,NA,NA,NA
1538,"G13-07","M","S","Korsån 1","Korsån_0708",2007,2008,NA,NA,0,NA,list(),"Dalarna","Falun","falun","G13-07",0.19,1.42,0.21,0.00332,24.04,73.984375,NA,2.5,0.1875,0,0.0004686,0.2036135,0.219727,0,0,0,50,50,0,0,4,4,0,260496,1.03662985969572,251291.237237237,2006,2008,1,1,2,0,NA,NA,NA,NA,NA,NA,NA,NA,NA,NA,NA,NA,NA,NA
1460,"G13-07","M","S","Korsån 1","Korsån_0809",2008,2009,"illegal",NA,0,NA,c(15.7222547843619, 15.4507677211126, 60.8764527845521, 60.6220255485626),"Dalarna","Falun","falun","G13-07",0.2,1.42,0.27,0.00253,23.98,81.8388573232323,NA,2.4,0.1875,1,0.00114572,0.2036135,0.219727,0,0,0,50,50,0,0,6,6,2,262687,1.03315951719984,254255.993993994,2006,2008,2,2,3,1,NA,NA,NA,NA,NA,NA,NA,NA,NA,NA,NA,NA,NA,NA
1366,"G24-10","M","S","Korsån 2","Korsån_0910",2009,2010,NA,NA,0,NA,c(15.5662409457741, 60.813443294323),"Dalarna","Falun","falun","G24-10",0.185,1.39,0.2,0.00253,20.917,82.3513513513514,NA,2.4,0.267578,0,0.00093054,0.2436525,0.267578,0,0,0,50,50,0,0,7,7,1,269265,1.04013520038629,258875,2009,2011,0,0,1,0,NA,NA,NA,NA,NA,NA,NA,NA,NA,NA,NA,NA,NA,NA
1254,"G24-10","M","S","Korsån 2","Korsån_1011",2010,2011,NA,NA,0,NA,c(16.0473681585801, 60.7602310966654),"Dalarna","Falun","falun","G24-10",0.176,1.31,0.18,0,20.85,82.5606060606061,NA,2.5,0.267578,1,0.00147332,0.2436525,0.267578,0,0,0,50,50,0,0,8,7,1,266235,1.03435268160902,257392.864864865,2009,2011,1,1,2,0,NA,NA,NA,NA,NA,NA,NA,NA,NA,NA,NA,NA,NA,NA
1137,"G24-10","M","S","Korsån 2","Korsån_1112",2011,2012,"illegal",NA,0,NA,c(15.7621847742742, 16.2017541122923, 15.4803776055228, 15.4469758742468, 60.7842050364311, 60.7502530641907, 60.7828385261378, 60.5753728892155),"Dalarna","Falun","falun","G24-10",0.177,1.27,0.2,0,21.567,83.78125,NA,2.4,0.267578,3,0.00162499,0.2436525,0.267578,0,0,0,57,7,7,2,12,8,4,265750,1.02929238673091,258187.084084084,2009,2011,2,2,3,1,NA,NA,NA,NA,NA,NA,NA,NA,NA,NA,NA,NA,NA,NA
734,"G68-12","F","S","Korsån 4","Korsån_1415",2014,2015,"illegal",NA,0,NA,list(),"Dalarna","Falun","falun","G68-12",0.177,1.33,0.2,0,21,77.2297165200391,2.7,2.3,0.248535,2,0.00202239,0.1242675,0.248535,0,0,0,109,59,0,0,14,7,0,286988,1.03805358492622,276467.423423423,2014,2014,0,0,1,1,NA,NA,NA,NA,NA,NA,NA,NA,NA,NA,NA,NA,NA,NA
599,"G26-15","F","S","Korsån 5","Korsån_1516",2015,2016,NA,NA,0,NA,c(16.1059462251744, 60.6133669682476),"Dalarna","Falun","falun","G26-15",0.181,1.35,0.26,0,24.3,74.0625,2.6,2.4,0.414307,4,0.00219066,0.2071535,0.414307,0,0,0,109,59,0,0,15,7,1,295591,1.03232413742314,286335.453453453,2015,2019,0,0,1,0,NA,NA,NA,NA,NA,NA,NA,NA,NA,NA,NA,NA,NA,NA
466,"G26-15","F","S","Korsån 5","Korsån_1617",2016,2017,NA,NA,0,NA,list(),"Dalarna","Falun","falun","G26-15",0.181,1.37,0.18,9e-04,21.4,78.45625,2.6,2.5,0.414307,3,0.00143425,0.2071535,0.414307,0,0,0,117,60,8,3,15,3,0,302223,1.03112295865792,293100.834834835,2015,2019,1,1,2,0,NA,NA,NA,NA,NA,NA,NA,NA,NA,NA,NA,NA,NA,NA
319,"G26-15","F","S","Korsån 5","Korsån_1718",2017,2018,NA,NA,0,NA,list(),"Dalarna","Falun","falun","G26-15",0.193,1.4,0.24,0.00253,24.82,74.234375,2.5,2.5,0.414307,0,0.00164289,0.2071535,0.414307,0,0,0,117,9,0,0,15,2,0,305524,1.02649366748415,297638.465465465,2015,2019,2,2,3,0,NA,NA,NA,NA,NA,NA,NA,NA,NA,NA,NA,NA,NA,NA
179,"G26-15","F","S","Korsån 5","Korsån_1819",2018,2019,NA,NA,0,NA,list(),"Dalarna","Falun","säter","G26-15",0.204,1.43,0.25,0.00368,24.78,82.3489583333333,2.8,2.6,0.414307,1,0.00199725,0.2071535,0.414307,0,0,0,117,8,0,0,15,1,0,307747,1.02178032553015,301187.048048048,2015,2019,3,3,4,0,NA,NA,NA,NA,NA,NA,NA,NA,NA,NA,NA,NA,NA,NA
49,"G26-15","F","S","Korsån 5","Korsån_1920",2019,2020,NA,NA,0,NA,c(15.8246297317034, 60.9015612619864),"Dalarna","Falun",NA,"G26-15",0.197,1.41,0.22,0.00332,24.84,82.1617647058823,2.6,2.5,0.414307,2,0.00177504,0.2071535,0.414307,0,0,0,122,13,5,1,16,2,1,309927,1.01989052375418,303882.615615616,2015,2019,4,4,5,0,NA,NA,NA,NA,NA,NA,NA,NA,NA,NA,NA,NA,NA,NA
1805,"G14-05","M","S","Kroppefjäll 1","Kroppefjäll_0203",2002,2003,NA,NA,0,NA,list(),"Västra Götaland","Färgelanda","färgelanda","G14-05",0.3,1.25,0.46,0.00104,23.2,52.91875,NA,3.3,0.296875,0,0,0.296875,0.296875,0,0,0,0,0,0,0,0,0,0,220512,0.961016308911142,229457.084084084,2002,2004,0,0,1,0,NA,NA,NA,NA,NA,NA,NA,NA,NA,NA,NA,NA,NA,NA
1774,"G14-05","M","S","Kroppefjäll 1","Kroppefjäll_0304",2003,2004,NA,NA,0,NA,c(12.0159639343803, 58.5100958206399),"Västra Götaland","Färgelanda","färgelanda","G14-05",0.311,1.24,0.46,0.00091,23.16,46.329525862069,NA,3.2,0.296875,0,0,0.296875,0.296875,0,0,0,0,0,0,0,1,1,1,225239,0.965311043579506,233333.081081081,2002,2004,1,1,2,0,NA,NA,NA,NA,NA,NA,NA,NA,NA,NA,NA,NA,NA,NA
1724,"G14-05","M","S","Kroppefjäll 1","Koppang_0405",2004,2005,"illegal",NA,0,NA,list(),"Hedmark","Rendalen","rendalen","G14-05",0.358,0.74,0.18,0.00385,0.988,80.438753342246,NA,2.6,0.296875,1,1.22e-05,0.296875,0.296875,6,6,0,0,0,0,0,0,0,0,208500,0.874957843415708,238297.195195195,2002,2004,2,2,3,1,NA,NA,NA,NA,NA,NA,NA,NA,NA,NA,NA,NA,NA,NA
1665,"D-08-15/G27-06","M","S","Kroppefjäll 2","Kroppefjäll_0506",2005,2006,NA,NA,0,NA,list(),"Västra Götaland","Färgelanda","färgelanda","D-08-15",0.295,1.26,0.52,0.00117,22.98,57.5909090909091,NA,2.6,0.269531,1,0,0.283203,0.296875,0,0,0,0,0,0,0,1,1,0,230204,0.946019948700296,243339.477477477,2005,2006,0,0,1,0,NA,NA,NA,NA,NA,NA,NA,NA,NA,NA,NA,NA,NA,NA
1607,"D-08-15/G27-06","M","S","Kroppefjäll 2","Kroppefjäll_0607",2006,2007,NA,NA,0,NA,c(12.1991998133893, 58.7086907014039),"Västra Götaland","Färgelanda","mellerud","D-08-15",0.282,1.27,0.51,7e-04,22.92,72.1862745098039,NA,2.3,0.269531,0,0,0.283203,0.296875,0,0,0,9,9,9,3,2,2,1,231666,0.939740663476968,246521.204204204,2005,2006,1,1,2,0,NA,NA,NA,NA,NA,NA,NA,NA,NA,NA,NA,NA,NA,NA
1010,"G2-13","F","S","Kroppefjäll 5","Kroppefjäll_1213",2012,2013,"illegal",NA,0,NA,c(12.0318943329915, 58.4737208505317),"Västra Götaland","Färgelanda","mellerud","G2-13",0.295,1.26,0.52,0.00134,22.54,46.1122334455668,3.3,3.4,0.279175,0,0,0.2763675,0.279175,1,1,0,52,35,0,0,8,6,1,238500,0.899525095193382,265139.906906907,2012,2012,0,0,1,1,NA,NA,NA,NA,NA,NA,NA,NA,NA,NA,NA,NA,NA,NA
1012,"G15-13","F","S","Kukkumäki 1","Kukumäki_1213",2012,2013,NA,NA,0,NA,c(15.7026708376845, 15.7993084953942, 61.0963720471931, 61.096411575764),"Gävleborg","Ovanåker","ovanåker","G15-13",0.179,1.11,0.16,0,4.75,81.1451612903226,1.3,2.8,0.296997,1,0.00395102,0.2724,0.296997,2,2,0,78,38,25,3,29,15,2,247553,0.933669332873826,265139.906906907,2012,2015,0,0,1,0,NA,NA,NA,NA,NA,NA,NA,NA,NA,NA,NA,NA,NA,NA
872,"G15-13","F","S","Kukkumäki 1","Kukkumäki_1314",2013,2014,NA,NA,0,NA,c(15.6989149647804, 61.3400755031969),"Gävleborg","Ovanåker","ovanåker","G15-13",0.177,1.2,0.2,0,5.85,80.8387096774194,1.5,2.7,0.296997,0,0.0038957,0.2724,0.296997,2,1,0,78,36,0,0,30,14,1,249945,0.919412989612026,271852.804804805,2012,2015,1,1,2,0,NA,NA,NA,NA,NA,NA,NA,NA,NA,NA,NA,NA,NA,NA
738,"G15-13","F","S","Kukkumäki 1","Kukkumäki_1415",2014,2015,NA,NA,0,NA,c(15.7208702621841, 61.1049999398004),"Gävleborg","Ovanåker","ovanåker","G15-13",0.167,1.24,0.2,0.00096,5.85,77.3177083333333,1.9,2.8,0.296997,1,0.00375185,0.2724,0.296997,2,1,0,78,36,0,0,31,11,1,250740,0.906942296836106,276467.423423423,2012,2015,2,2,3,0,NA,NA,NA,NA,NA,NA,NA,NA,NA,NA,NA,NA,NA,NA
603,"G15-13","F","S","Kukkumäki 1","Kukkumäki_1516",2015,2016,NA,NA,0,NA,c(15.9681124645729, 15.965951406883, 61.2918858005477, 61.0718808153138),"Gävleborg","Ovanåker","ovanåker","G15-13",0.177,1.2,0.2,0,5.85,80.3548387096774,2,2.8,0.296997,1,0.00329588,0.2724,0.296997,2,0,0,82,40,4,1,33,9,2,261118,0.91193038392798,286335.453453453,2012,2015,3,3,4,0,NA,NA,NA,NA,NA,NA,NA,NA,NA,NA,NA,NA,NA,NA
470,"G125-15","M","S","Kukkumäki 2","Kukkumäki_1617",2016,2017,"illegal",NA,0,NA,c(16.0542994191371, 61.2339993429821),"Gävleborg","Ovanåker","ovanåker","G125-15",0.178,1.21,0.2,0,5.167,79.6727272727273,2.2,2.7,0.067337,1,0.00257443,0.182167,0.296997,2,0,0,82,29,0,0,34,7,1,265637,0.906299022142632,293100.834834835,2016,2016,0,0,1,1,NA,NA,NA,NA,NA,NA,NA,NA,NA,NA,NA,NA,NA,NA
1196,"G104-11","M","S","Kungskogen 1","Kungskogen_1112",2011,2012,NA,NA,0,NA,c(13.736456940265, 59.7185244241979),"Värmland","Karlstad","karlstad","G104-11",0.28,1.15,0.42,0.00264,30.775,79.1614583333333,NA,3.8,0,3,3.66e-06,0,0,0,0,0,0,0,0,0,5,1,1,257514,0.997393037353236,258187.084084084,2011,2014,0,0,1,0,NA,NA,NA,NA,NA,NA,NA,NA,NA,NA,NA,NA,NA,NA
1014,"G104-11","M","S","Kungskogen 1","Kungsskogen_1213",2012,2013,NA,NA,0,NA,list(),"Värmland","Karlstad","karlstad","G104-11",0.28,1.15,0.42,0.00266,30.8,56.0574494949495,3.5,4,0,4,9e-08,0,0,0,0,0,0,0,0,0,5,1,0,266640,1.00565774164513,265139.906906907,2011,2014,1,1,2,0,NA,NA,NA,NA,NA,NA,NA,NA,NA,NA,NA,NA,NA,NA
874,"G104-11","M","S","Kungskogen 1","Kungsskogen_1314",2013,2014,NA,NA,0,NA,list(),"Värmland","Storfors","storfors","G104-11",0.309,1.12,0.39,0.00272,31.1,75.1875,2.8,3.4,0,5,1.07e-05,0,0,1,1,0,35,16,0,0,0,0,0,247674,0.911059204181595,271852.804804805,2011,2014,2,2,3,0,NA,NA,NA,NA,NA,NA,NA,NA,NA,NA,NA,NA,NA,NA
740,"G104-11","M","S","Kungskogen 1","Kungsskogen_1415",2014,2015,NA,NA,0,"The male moves to Vismen 2 in winter 1415 after female killed",list(),"Värmland","Kristinehamn","kristinehamn","G104-11",0.267,1.25,0.41,0.00506,31.225,59.7902976901633,2.3,2.6,0,3,1.22e-06,0,0,1,1,1,86,25,22,4,2,1,0,248202,0.897762191749682,276467.423423423,2011,2014,3,3,4,0,NA,NA,NA,NA,NA,NA,NA,NA,NA,NA,NA,NA,NA,NA
605,"G20-15","F","S","Kungskogen 2","Kungsskogen_1516",2015,2016,"illegal",NA,0,NA,list(),"Värmland","Karlstad","karlstad","G20-15",0.292,1.15,0.41,0.00266,31.425,61.3095238095238,1.8,1.9,0.286682,4,0,0.3031465,0.319611,0,0,0,51,51,0,0,6,2,0,289679,1.01167702604138,286335.453453453,2015,2015,0,0,1,1,NA,NA,NA,NA,NA,NA,NA,NA,NA,NA,NA,NA,NA,NA
183,"G113-17","M","S","Kväggen","Kväggen_1819",2018,2019,"illegal",NA,0,NA,list(),"Värmland","Kristinehamn","kristinehamn","G113-17",0.238,1.53,0.41,0.01582,42.4,80.051724137931,2.5,2.3,0.244385,5,0,0.2333835,0.244385,1,1,0,89,25,0,0,2,0,0,270288,0.897409107568534,301187.048048048,2018,2018,0,0,1,1,NA,NA,NA,NA,NA,NA,NA,NA,NA,NA,NA,NA,NA,NA
185,"G122-14","M","S","Kymmen 1","Kymmen_1819",2018,2019,NA,NA,0,NA,c(12.9132670813251, 59.6827792257405),"Värmland","Arvika","arvika","G122-14",0.393,1.33,0.35,0.00029,11.05,83.140625,41.4,2.2,0.214123,3,3.47e-05,0.183142,0.214123,7,5,2,22,15,0,0,12,3,1,281119,0.933370149287274,301187.048048048,2018,2019,0,0,1,0,NA,NA,NA,NA,NA,NA,NA,NA,NA,NA,NA,NA,NA,NA
53,"G122-14","M","S","Kymmen 1","Kymmen_1920",2019,2020,"illegal",NA,0,NA,list(),"Värmland","Arvika",NA,"G122-14",0.397,1.39,0.36,0,11.008,81.78125,57.6,2.4,0.214123,3,6.91e-05,0.183142,0.214123,7,5,0,22,15,0,0,12,3,0,284456,0.936071974448882,303882.615615616,2018,2019,1,1,2,1,NA,NA,NA,NA,NA,NA,NA,NA,NA,NA,NA,NA,NA,NA
1580,"G18-07","M","N","Kynna 1","Kynna_0405",2004,2007,"illegal",NA,0,NA,list(),"Hedmark","Våler","våler","G18-07",0.193,1.41,0.26,0,7.888,81.6818181818182,NA,2.6,0.314453,1,5.79e-06,0.3564455,0.398438,0,0,0,0,0,0,0,0,0,0,226700,0.951333060442882,238297.195195195,2004,2006,0,0,3,1,NA,NA,NA,NA,NA,NA,NA,NA,NA,NA,NA,NA,NA,NA
1667,"G18-07","M","N","Kynna 1","Kynna_0506",2005,2006,NA,NA,0,NA,list(),"Hedmark","Våler","våler","G18-07",0.195,1.41,0.21,0,7.867,83.7604166666667,NA,2.6,0.314453,1,0.00021327,0.3564455,0.398438,0,0,0,0,0,0,0,0,0,0,238200,0.978879392974972,243339.477477477,2004,2006,1,1,2,0,NA,NA,NA,NA,NA,NA,NA,NA,NA,NA,NA,NA,NA,NA
1609,"M-07-04","F","N","Kynna 1","Kynna_0607",2006,2007,"illegal",1,1,NA,list(),"Hedmark","Våler","våler","M-07-04",0.191,1.56,0.28,0.00018,7.875,86.0260416666667,NA,2.7,0.398438,2,0.00013312,0.3564455,0.398438,0,0,0,0,0,0,0,0,0,0,238000,0.965434193656032,246521.204204204,2004,2006,2,2,3,1,NA,NA,NA,NA,NA,NA,NA,NA,NA,NA,NA,NA,NA,NA
1542,"M-07-05","F","N","Kynna 2","Kynna_0708",2007,2008,NA,NA,1,NA,list(),"Hedmark","Våler","våler","M-07-05",0.195,1.58,0.37,0.00125,7.893,77.3725490196078,NA,2.9,0.293457,2,0.00020358,NA,NA,0,0,0,0,0,0,0,0,0,0,257900,1.02629921693817,251291.237237237,2007,2010,0,0,1,0,NA,NA,NA,NA,NA,NA,NA,NA,NA,NA,NA,NA,NA,NA
1464,"M-07-05","F","N","Kynna 2","Kynna_0809",2008,2009,NA,NA,1,NA,list(),"Hedmark","Elverum","elverum","M-07-05",0.192,1.35,0.35,0.00234,9.535,85.09375,NA,2.9,0.293457,1,0.00013558,NA,NA,1,1,0,0,0,0,0,0,0,0,306900,1.20705118954737,254255.993993994,2007,2010,1,1,2,0,NA,NA,NA,NA,NA,NA,NA,NA,NA,NA,NA,NA,NA,NA
1370,"M-07-05","F","N","Kynna 2","Kynna_0910",2009,2010,NA,NA,1,NA,list(),"Hedmark","Våler","våler","M-07-05",0.192,1.46,0.32,0.00106,9.605,81.628507295174,NA,2.9,0.293457,1,0.00016706,NA,NA,0,0,0,0,0,0,0,0,0,0,281600,1.08778367938194,258875,2007,2010,2,2,3,0,NA,NA,NA,NA,NA,NA,NA,NA,NA,NA,NA,NA,NA,NA
1258,"M-07-05","F","N","Kynna 2","Kynna_1011",2010,2011,NA,NA,1,NA,list(),"Hedmark","Våler","våler","M-07-05",0.191,1.43,0.3,0.00117,9.644,82.9656862745098,NA,2.9,0.293457,2,0.0002715,NA,NA,0,0,0,0,0,0,0,0,0,0,289600,1.12512831368517,257392.864864865,2007,2010,3,3,4,0,NA,NA,NA,NA,NA,NA,NA,NA,NA,NA,NA,NA,NA,NA
55,"G18-15","M","N","Kynna 5","Kynna_1920",2019,2020,NA,NA,0,NA,list(),"Hedmark","Våler",NA,"G18-15",0.193,1.46,0.31,0.00106,8.056,83.3602150537634,248.2,1.8,0.299805,7,0.00040844,0.295212,0.299805,2,2,1,0,0,0,0,0,0,0,404400,1.33077701460728,303882.615615616,2019,2019,0,0,1,0,NA,NA,NA,NA,NA,NA,NA,NA,NA,NA,NA,NA,NA,NA
1500,"D-11-26","M","S","Kynnefjäll 1","Kynnefjäll_0809",2008,2009,NA,NA,0,"No data on coordinates. I took the coordinates from 0910",list(),"Västra Götaland","Tanum","tanum","D-11-26",0.34,1.23,0.39,0.00214,18.116,44.9264705882353,NA,2.5,0.267578,4,0,0.2788085,0.290039,0,0,0,11,0,0,0,1,1,0,234423,0.921995962878018,254255.993993994,2008,2009,0,0,1,0,NA,NA,NA,NA,NA,NA,NA,NA,NA,NA,NA,NA,NA,NA
1372,"D-11-26","M","S","Kynnefjäll 1","Kynnefjäll_0910",2009,2010,NA,NA,0,NA,list(),"Västra Götaland","Tanum","tanum","D-11-26",0.343,1.23,0.39,0.0021,18.183,74.7189075630252,NA,2.7,0.267578,3,0,0.2788085,0.290039,0,0,0,11,0,0,0,1,1,0,235773,0.910760019314341,258875,2008,2009,1,1,2,0,NA,NA,NA,NA,NA,NA,NA,NA,NA,NA,NA,NA,NA,NA
1260,"G2-11","F","S","Kynnefjäll 2","Kynnefjäll_1011",2010,2011,NA,NA,0,NA,list(),"Västra Götaland","Tanum","tanum","G2-11",0.345,1.24,0.37,0,17.13,78.8958333333333,NA,2.7,0.29541,2,0,0.147705,0.29541,0,0,0,11,0,0,0,1,0,0,233886,0.908673207094508,257392.864864865,2010,2012,0,0,1,0,NA,NA,NA,NA,NA,NA,NA,NA,NA,NA,NA,NA,NA,NA
1141,"G2-11","F","S","Kynnefjäll 2","Kynnefjäll_1112",2011,2012,NA,NA,0,NA,list(),"Västra Götaland","Tanum","tanum","G2-11",0.345,1.23,0.38,0.00291,19.746,76.2239583333333,NA,3.2,0.29541,0,0,0.147705,0.29541,0,0,0,11,0,0,0,1,0,0,233505,0.904402328367263,258187.084084084,2010,2012,1,1,2,0,NA,NA,NA,NA,NA,NA,NA,NA,NA,NA,NA,NA,NA,NA
1077,"G2-11","F","S","Kynnefjäll 2","Kynnefjäll_1213",2012,2013,"illegal",NA,0,"Kynnefjäll not registered by VSC 1213 because they disappeared early in season, I used the coordinates för  1112",list(),"Västra Götaland","Tanum","tanum","G2-11",0.34,1.22,0.38,0.00291,19.863,56.7713721264368,17,3.4,0.29541,2,0,0.147705,0.29541,0,0,0,11,0,0,0,1,0,0,245730,0.926793717575974,265139.906906907,2010,2012,2,2,3,1,NA,NA,NA,NA,NA,NA,NA,NA,NA,NA,NA,NA,NA,NA
878,"G17-12","M","S","Kynnefjäll 3","Kynnefjäll_1314",2013,2014,NA,NA,0,NA,list(),"Västra Götaland","Munkedal","munkedal","G17-12",0.346,1.35,0.42,0.00085,11.775,64.6822916666667,3.2,3.5,0.152161,1,0,0.0760805,0.152161,1,1,0,33,32,31,4,6,1,0,250717,0.922252761673801,271852.804804805,2013,2014,0,0,1,0,NA,NA,NA,NA,NA,NA,NA,NA,NA,NA,NA,NA,NA,NA
744,"G17-12","M","S","Kynnefjäll 3","Kynnefjäll_1415",2014,2015,"censored",NA,0,NA,c(11.6129145545913, 58.627446544481),"Västra Götaland","Munkedal","munkedal","G17-12",0.343,1.26,0.38,0,17.516,49.9741421568627,3.1,3.3,0.152161,1,0,0.0760805,0.152161,1,0,0,71,69,38,1,7,2,1,254131,0.919207756390111,276467.423423423,2013,2014,1,1,2,1,NA,NA,NA,NA,NA,NA,NA,NA,NA,NA,NA,NA,NA,NA
1143,"G59-11","F","S","Kölsta 1","Kölsta_1112",2011,2012,NA,NA,0,NA,c(16.0332216106159, 59.6341499384636),"Västmanland","Köping","köping","G59-11",0.203,1.42,0.48,0.00885,55.886,72.8333333333333,NA,2.1,0.297363,3,1.49e-06,0.298014,0.299316,0,0,0,8,8,8,1,1,1,1,246552,0.954935452618169,258187.084084084,2011,2012,0,0,1,0,NA,NA,NA,NA,NA,NA,NA,NA,NA,NA,NA,NA,NA,NA
1018,"G59-11","F","S","Kölsta 1","Kölsta_1213",2012,2013,"illegal",NA,0,NA,list(),"Västmanland","Köping","köping","G59-11",0.217,1.35,0.48,0.00871,58.75,58.2676767676768,2.8,2.8,0.297363,2,1e-08,0.298014,0.299316,0,0,0,8,8,0,0,1,1,0,252537,0.952466955827468,265139.906906907,2011,2012,1,1,2,1,NA,NA,NA,NA,NA,NA,NA,NA,NA,NA,NA,NA,NA,NA
1019,"G84-11","M","S","Kölsta 1/2","Kölsta_1213",2012,2013,NA,NA,0,NA,list(),"Västmanland","Köping","köping","G84-11",0.217,1.35,0.48,0.00871,58.75,58.2676767676768,2.8,2.8,0.299316,2,1e-08,0.299316,0.299316,0,0,0,8,8,0,0,1,1,0,252537,0.952466955827468,265139.906906907,2012,2012,0,0,1,0,NA,NA,NA,NA,NA,NA,NA,NA,NA,NA,NA,NA,NA,NA
327,"G254-17","M","S","Laxarby 1","Laxarby_1718",2017,2018,NA,NA,0,NA,list(),"Värmland","Årjäng","bengtsfors","G254-17",0.452,1.16,0.34,0.00134,14.4,63.703125,2.8,2.4,0.218197,4,0,0.2643985,0.3106,1,0,0,17,0,0,0,14,6,0,284945,0.957352738512428,297638.465465465,2017,2018,0,0,1,0,NA,NA,NA,NA,NA,NA,NA,NA,NA,NA,NA,NA,NA,NA
189,"G254-17","M","S","Laxarby 1","Laxarby_1819",2018,2019,"illegal",NA,0,NA,list(),"Västra Götaland","Åmål","åmål","G254-17",0.441,1.27,0.4,0.00581,14.375,80.3870967741936,2.2,2.5,0.218197,2,0,0.2643985,0.3106,1,0,0,2,0,0,0,1,1,0,259445,0.861408223499076,301187.048048048,2017,2018,1,1,2,1,NA,NA,NA,NA,NA,NA,NA,NA,NA,NA,NA,NA,NA,NA
57,"G23-20","M","S","Laxarby 2","Laxarby_1920",2019,2020,"censored",NA,0,NA,list(),"Västra Götaland","Bengtsfors",NA,"G23-20",0.447,1.18,0.35,0.00059,14.25,66.515625,2.5,2.5,0.169262,3,0,0.1937295,0.218197,0,0,0,29,0,0,0,10,2,0,261258,0.859733287048141,303882.615615616,2019,2019,0,0,1,1,NA,NA,NA,NA,NA,NA,NA,NA,NA,NA,NA,NA,NA,NA
331,"G17-17","M","S","Letälven","Letälven_1718",2017,2018,"censored",NA,0,NA,list(),"Orebro","Degerfors","degerfors","G17-17",0.189,1.46,0.36,0.00457,25.2,60.6808429118774,2.1,2.2,0.125,4,0,0.2184065,0.311813,1,0,0,6,4,0,0,6,0,0,268918,0.903505531717647,297638.465465465,2017,2017,0,0,1,1,NA,NA,NA,NA,NA,NA,NA,NA,NA,NA,NA,NA,NA,NA
884,"G22-14","M","S","Lingbo","Lingbo_1314",2013,2014,NA,NA,0,NA,list(),"Gävleborg","Bollnäs","söderhamn","G22-14",0.192,1.33,0.25,7e-04,14.6,79.2689852150538,2.9,3,0.139008,2,0.00185584,0.2766575,0.414307,4,2,0,57,57,0,0,8,1,0,249868,0.919129748098092,271852.804804805,2013,2015,0,0,1,0,NA,NA,NA,NA,NA,NA,NA,NA,NA,NA,NA,NA,NA,NA
752,"G22-14","M","S","Lingbo","Lingbo_1415",2014,2015,NA,NA,0,NA,list(),"Gävleborg","Ockelbo","ockelbo","G22-14",0.198,1.34,0.25,7e-04,14.633,72.8399305555556,2.7,3.1,0.139008,3,0.00220298,0.2766575,0.414307,4,4,0,1,1,0,0,6,2,0,247184,0.894080021939603,276467.423423423,2013,2015,1,1,2,0,NA,NA,NA,NA,NA,NA,NA,NA,NA,NA,NA,NA,NA,NA
615,"G22-14","M","S","Lingbo","Lingbo_1516",2015,2016,"censored",NA,0,NA,c(16.2920153032734, 61.1595974999201),"Gävleborg","Bollnäs","bollnäs","G22-14",0.197,1.32,0.24,0.00112,14.833,78.0757575757576,2.6,3.1,0.139008,4,0.00260872,0.2766575,0.414307,4,0,0,57,57,0,0,10,3,1,256914,0.897248304048258,286335.453453453,2013,2015,2,2,3,1,NA,NA,NA,NA,NA,NA,NA,NA,NA,NA,NA,NA,NA,NA
1374,"G5-07","F","N","Linnekleppen","Linnekleppen_0910",2009,2010,NA,NA,0,NA,list(),"Ãstfold","Halden","halden","G5-07",0.33,1.32,0.62,0.00203,27.953,80.9791666666667,NA,3.3,0.283203,1,0,0.2490235,0.283203,0,0,0,0,0,0,0,0,0,0,300600,1.16117817479479,258875,2009,2010,0,0,1,0,NA,NA,NA,NA,NA,NA,NA,NA,NA,NA,NA,NA,NA,NA
1262,"G5-07","F","N","Linnekleppen","Linnekleppen_1011",2010,2011,"illegal",NA,0,NA,list(),"Ãstfold","Rakkestad","rakkestad","G5-07",0.325,1.27,0.56,0.00093,28.532,80.5490196078431,NA,3.3,0.283203,2,0,0.2490235,0.283203,0,0,0,0,0,0,0,0,0,0,320200,1.24401272804555,257392.864864865,2009,2010,1,1,2,1,NA,NA,NA,NA,NA,NA,NA,NA,NA,NA,NA,NA,NA,NA
333,"G124-16","M","S","Loberget","Loberget_1718",2017,2018,NA,NA,0,NA,list(),"Gävleborg","Ljusdal","ljusdal","G124-16",0.182,1.12,0.17,0,5.133,81.6764705882353,2.5,2.9,0.206153,2,0.00237842,0.244354,0.282555,2,2,0,48,29,0,0,17,8,0,262062,0.880470874589987,297638.465465465,2017,2019,0,0,1,0,NA,NA,NA,NA,NA,NA,NA,NA,NA,NA,NA,NA,NA,NA
193,"G124-16","M","S","Loberget","Loberget_1819",2018,2019,NA,NA,0,NA,list(),"Gävleborg","Ovanåker","ovanåker","G124-16",0.176,1.1,0.17,0,4.875,82.1666666666667,2.4,2.8,0.206153,2,0.00365517,0.244354,0.282555,2,0,0,82,4,0,0,35,5,0,273268,0.90730329133013,301187.048048048,2017,2019,1,1,2,0,NA,NA,NA,NA,NA,NA,NA,NA,NA,NA,NA,NA,NA,NA
61,"G124-16","M","S","Loberget","Loberget_1920",2019,2020,NA,NA,0,NA,c(15.3535493602177, 15.2659061714813, 60.9169284308066, 61.0262558485709),"Dalarna","Rättvik",NA,"G124-16",0.172,1.07,0.2,0,4.875,84.1225490196078,2,2.5,0.206153,4,0.00383303,0.244354,0.282555,2,0,0,42,16,0,0,17,2,2,269264,0.886078986303695,303882.615615616,2017,2019,2,2,3,0,NA,NA,NA,NA,NA,NA,NA,NA,NA,NA,NA,NA,NA,NA
1610,"G28-06","F","S","Loka 1","Loka_0607",2006,2007,NA,NA,0,NA,list(),"Orebro","Karlskoga","karlskoga","G28-06",0.277,1.24,0.38,0.00855,23.183,77.0416666666667,NA,3.5,0.260742,1,0,0.2788085,0.296875,0,0,0,29,29,0,0,1,1,0,251033,1.01830185687418,246521.204204204,2006,2009,0,0,1,0,NA,NA,NA,NA,NA,NA,NA,NA,NA,NA,NA,NA,NA,NA
1544,"G28-06","F","S","Loka 1","Loka_0708",2007,2008,NA,NA,0,NA,c(14.1849149877836, 60.1659809125502),"Värmland","Filipstad","storfors","G28-06",0.302,1.1,0.36,0.00123,23.083,66.6145833333333,NA,3.2,0.260742,1,0,0.2788085,0.296875,0,0,0,48,48,0,0,4,4,1,226802,0.902546393951184,251291.237237237,2006,2009,1,1,2,0,NA,NA,NA,NA,NA,NA,NA,NA,NA,NA,NA,NA,NA,NA
1466,"G28-06","F","S","Loka 1","Loka_0809",2008,2009,NA,NA,0,NA,c(14.7438712881814, 14.68937645285, 59.5052175202107, 59.8710203444788),"Orebro","Hällefors","hällefors","G28-06",0.272,1.14,0.36,0.00078,21.12,73.1442988351255,NA,2.8,0.260742,1,1.47e-06,0.2788085,0.296875,0,0,0,2,1,1,1,3,2,2,233695,0.919132706879352,254255.993993994,2006,2009,2,2,3,0,NA,NA,NA,NA,NA,NA,NA,NA,NA,NA,NA,NA,NA,NA
1376,"G28-06","F","S","Loka 1","Loka_0910",2009,2010,"illegal",NA,0,NA,list(),"Orebro","Hällefors","hällefors","G28-06",0.272,1.14,0.31,0.00039,21.04,81.84375,NA,3.1,0.260742,0,1.32e-06,0.2788085,0.296875,0,0,0,2,1,0,0,3,2,0,234289,0.90502752293578,258875,2006,2009,3,3,4,1,NA,NA,NA,NA,NA,NA,NA,NA,NA,NA,NA,NA,NA,NA
756,"G125-14","M","N","Lutnes","Lutnes_1415",2014,2015,"illegal",NA,0,NA,list(),"Hedmark","Trysil","malung","G125-14",0.172,0.96,0.33,0.00197,2.499,85.6769162210339,301.7,2.3,0.299316,2,0.00074012,0.2203595,0.299316,0,0,0,0,0,0,0,0,0,0,329100,1.19037532858245,276467.423423423,2014,2014,0,0,1,1,NA,NA,NA,NA,NA,NA,NA,NA,NA,NA,NA,NA,NA,NA
335,"G159-17","M","S","Långbogen 1","Långbogen_1718",2017,2018,NA,NA,0,NA,list(),"Östergötland","Finspång","finspång","G159-17",0.274,1.45,0.36,0.00649,67.475,48.7449494949495,2,2.1,0.204487,0,0,0.1810325,0.204487,0,0,0,21,0,0,0,0,0,0,283842,0.953646900296003,297638.465465465,2017,2019,0,0,1,0,NA,NA,NA,NA,NA,NA,NA,NA,NA,NA,NA,NA,NA,NA
195,"G159-17","M","S","Långbogen 1","Långbogen_1819",2018,2019,NA,NA,0,NA,list(),"Östergötland","Linköping","linköping","G159-17",0.253,1.41,0.39,0.00471,68.15,74.8010752688172,1.9,2,0.204487,0,0,0.1810325,0.204487,0,0,0,10,4,0,0,0,0,0,299792,0.99536816720012,301187.048048048,2017,2019,1,1,2,0,NA,NA,NA,NA,NA,NA,NA,NA,NA,NA,NA,NA,NA,NA
63,"G159-17","M","S","Långbogen 1","Långbogen_1920",2019,2020,NA,NA,0,NA,list(),"Östergötland","Finspång",NA,"G159-17",0.26,1.44,0.38,0.00546,68.8,47.84375,1.8,1.9,0.204487,0,0,0.1810325,0.204487,0,0,0,35,14,14,1,0,0,0,288223,0.94846820841037,303882.615615616,2017,2019,2,2,3,0,NA,NA,NA,NA,NA,NA,NA,NA,NA,NA,NA,NA,NA,NA
1671,"D-07-10","M","S","Långsjön 1","Långsjön_0506",2005,2006,NA,NA,0,NA,list(),"Dalarna","Leksand","leksand","D-07-10",0.175,0.99,0.28,0.00028,15.033,81.875,NA,3.1,0.219727,1,0.00101661,0.219727,0.219727,0,0,0,0,0,0,0,0,0,0,237452,0.975805497987796,243339.477477477,2005,2006,0,0,1,0,NA,NA,NA,NA,NA,NA,NA,NA,NA,NA,NA,NA,NA,NA
1612,"D-07-10","M","S","Långsjön 1","Långsjön_0607",2006,2007,"illegal",NA,0,NA,list(),"Dalarna","Leksand","leksand","D-07-10",0.178,1.01,0.29,0.00028,15.033,81.6960784313726,NA,2.8,0.219727,1,0.00078983,0.219727,0.219727,0,0,0,0,0,0,0,0,0,0,242240,0.9826335255094,246521.204204204,2005,2006,1,1,2,1,NA,NA,NA,NA,NA,NA,NA,NA,NA,NA,NA,NA,NA,NA
1468,"G18-08","F","S","Långsjön 3","Långsjön_0809",2008,2009,NA,NA,0,NA,c(15.7222547843619, 15.4507677211126, 60.8764527845521, 60.6220255485626),"Dalarna","Falun","falun","G18-08",0.171,1.15,0.3,0.00053,15,81.989898989899,NA,2.4,0.227051,1,0.00174335,0.227051,0.227051,0,0,0,50,50,0,0,6,6,2,262687,1.03315951719984,254255.993993994,2008,2009,0,0,1,0,NA,NA,NA,NA,NA,NA,NA,NA,NA,NA,NA,NA,NA,NA
1378,"G18-08","F","S","Långsjön 3","Långsjön_0910",2009,2010,NA,NA,0,NA,list(),"Dalarna","Leksand","leksand","G18-08",0.185,1.05,0.3,0.00053,15.067,81.098622311828,NA,2.3,0.227051,1,0.00179718,0.227051,0.227051,0,0,0,8,8,0,0,2,2,0,252174,0.974114920328344,258875,2008,2009,1,1,2,0,NA,NA,NA,NA,NA,NA,NA,NA,NA,NA,NA,NA,NA,NA
1266,"G18-08","F","S","Långsjön 4","Långsjön_1011",2010,2011,NA,NA,0,NA,c(16.0473681585801, 60.7602310966654),"Dalarna","Falun","falun","G18-08",0.17,1.2,0.32,0.00329,15.133,88.8666666666667,NA,2.3,0.227051,2,0.00161904,0.3127445,0.398438,0,0,0,50,50,0,0,8,7,1,266235,1.03435268160902,257392.864864865,2010,2011,0,0,1,0,NA,NA,NA,NA,NA,NA,NA,NA,NA,NA,NA,NA,NA,NA
1147,"G18-08","F","S","Långsjön 4","Långsjön_1112",2011,2012,NA,NA,0,NA,c(15.7621847742742, 16.2017541122923, 15.4803776055228, 15.4469758742468, 60.7842050364311, 60.7502530641907, 60.7828385261378, 60.5753728892155),"Dalarna","Falun","falun","G18-08",0.168,1.3,0.33,0.00342,15.233,82.21875,NA,2.3,0.227051,4,0.0015773,0.3127445,0.398438,0,0,0,57,7,7,2,12,8,4,265750,1.02929238673091,258187.084084084,2010,2011,1,1,2,0,NA,NA,NA,NA,NA,NA,NA,NA,NA,NA,NA,NA,NA,NA
1079,"G18-08","F","S","Långsjön 5","Långsjön_1213",2012,2013,"illegal",NA,0,"Långsjön not registered by VSC in 1213 because they disappeared early in season, I used the coordinates för  1112",c(15.4961175463103, 60.5480685820172),"Dalarna","Falun","falun","G18-08",0.17,1.31,0.33,0.00318,15.2,75.3385416666667,2.6,1.9,0.227051,3,0.00127786,0.237793,0.248535,0,0,0,108,58,51,7,13,9,1,274342,1.03470655624966,265139.906906907,2012,2012,0,0,1,1,NA,NA,NA,NA,NA,NA,NA,NA,NA,NA,NA,NA,NA,NA
758,"G180-13","M","S","Långsjön 6","Långsjön_1415",2014,2015,NA,NA,0,NA,c(15.4678652946394, 61.070761601903),"Dalarna","Rättvik","rättvik","G180-13",0.183,1.04,0.36,0.00318,15.333,77.4545454545455,3,2.2,0.296997,3,0.00277807,0.2190245,0.296997,2,2,0,26,2,0,0,15,6,1,246448,0.891417863805794,276467.423423423,2014,2016,0,0,1,0,NA,NA,NA,NA,NA,NA,NA,NA,NA,NA,NA,NA,NA,NA
619,"G180-13","M","S","Långsjön 6","Långsjön_1516",2015,2016,NA,NA,0,NA,list(),"Dalarna","Rättvik","rättvik","G180-13",0.161,0.98,0.23,0.00128,15.367,78.59375,2.8,2.3,0.296997,3,0.00331627,0.2190245,0.296997,2,0,0,26,2,0,0,15,5,0,254185,0.887717524792368,286335.453453453,2014,2016,1,1,2,0,NA,NA,NA,NA,NA,NA,NA,NA,NA,NA,NA,NA,NA,NA
480,"G180-13","M","S","Långsjön 6","Långsjön_1617",2016,2017,"illegal",NA,0,NA,list(),"Dalarna","Rättvik","rättvik","G180-13",0.165,0.95,0.26,6e-04,15.567,78.3870967741936,2.8,2.2,0.296997,4,0.00233778,0.2190245,0.296997,2,0,0,35,11,9,1,15,3,0,261370,0.891740892335856,293100.834834835,2014,2016,2,2,3,1,NA,NA,NA,NA,NA,NA,NA,NA,NA,NA,NA,NA,NA,NA
65,"G172-19","M","S","Låsen","Låsen_1920",2019,2020,NA,NA,0,NA,list(),"Dalarna","Ludvika",NA,"G172-19",0.328,1.13,0.28,0.00186,11.025,82.2070707070707,2.9,2.5,0.134041,2,0.00014861,0.188637,0.243233,16,11,0,31,2,0,0,9,3,0,280349,0.922556887408842,303882.615615616,2019,2019,0,0,1,0,NA,NA,NA,NA,NA,NA,NA,NA,NA,NA,NA,NA,NA,NA
1728,"G3-05","M","S","Lövsjön 1","Lövsjön_0405",2004,2005,NA,NA,0,NA,list(),"Dalarna","Vansbro","vansbro","G3-05",0.337,1.13,0.2,0.00044,11.633,79.2916666666667,NA,3.5,0.256836,0,0.00013073,0.256836,0.256836,0,0,0,14,14,0,0,0,0,0,216901,0.910212140022592,238297.195195195,2004,2006,0,0,1,0,NA,NA,NA,NA,NA,NA,NA,NA,NA,NA,NA,NA,NA,NA
1673,"G3-05","M","S","Lövsjön 1","Lövsjön_0506",2005,2006,NA,NA,0,NA,list(),"Dalarna","Vansbro","vansbro","G3-05",0.29,1.25,0.23,0.00026,11.6,79.2070707070707,NA,3.1,0.256836,0,0.00011401,0.256836,0.256836,0,0,0,14,14,0,0,0,0,0,220471,0.906022328499517,243339.477477477,2004,2006,1,1,2,0,NA,NA,NA,NA,NA,NA,NA,NA,NA,NA,NA,NA,NA,NA
1614,"G3-05","M","S","Lövsjön 1","Lövsjön_0607",2006,2007,"illegal",NA,0,NA,list(),"Dalarna","Vansbro","ludvika","G3-05",0.338,1.12,0.22,0.00044,10.425,82.9354838709677,NA,2.8,0.256836,1,5.86e-05,0.256836,0.256836,0,0,0,14,0,0,0,0,0,0,221534,0.898640750661326,246521.204204204,2004,2006,2,2,3,1,NA,NA,NA,NA,NA,NA,NA,NA,NA,NA,NA,NA,NA,NA
1149,"G1-11","M","S","Lövsjön 4","Lövsjön_1112",2011,2012,NA,NA,0,NA,list(),"Dalarna","Ludvika","ludvika","G1-11",0.314,1.27,0.23,0.00095,11.567,83.1197916666667,NA,2.3,0.267334,2,0.00023379,0.309662,0.35199,5,5,5,14,2,2,2,3,1,0,250507,0.970253802155406,258187.084084084,2011,2011,0,0,1,0,NA,NA,NA,NA,NA,NA,NA,NA,NA,NA,NA,NA,NA,NA
1024,"G1-11","M","S","Lövsjön 5","Lövsjön_1213",2012,2013,NA,NA,0,NA,c(14.4591691383493, 60.0690521541746),"Dalarna","Ludvika","ludvika","G1-11",0.316,1.15,0.28,0.00178,10.75,71.7385912698413,2.5,2,0.267334,3,0.00012684,0.271118,0.274902,5,5,0,14,2,0,0,4,2,1,258199,0.973821719303296,265139.906906907,2012,2012,0,0,1,0,NA,NA,NA,NA,NA,NA,NA,NA,NA,NA,NA,NA,NA,NA
482,"G10-15","F","S","Magnor 1","Magnor_1617",2016,2017,NA,NA,0,NA,list(),"Värmland","Eda","eda","G10-15",0.312,1.41,0.59,0.00287,11.202,69.63125,78.5,1.8,0.139008,3,6.93e-06,0.1765655,0.214123,1,0,0,17,1,0,0,3,2,0,270097,0.921515628408914,293100.834834835,2016,2017,0,0,1,0,NA,NA,NA,NA,NA,NA,NA,NA,NA,NA,NA,NA,NA,NA
337,"G10-15","F","S","Magnor 1","Magnor_1718",2017,2018,NA,NA,0,NA,list(),"Värmland","Eda","eda","G10-15",0.309,1.4,0.57,0.00287,10.586,69.953125,68.2,2,0.139008,3,3.79e-06,0.1765655,0.214123,2,1,1,23,6,6,4,3,2,0,269018,0.903841509797106,297638.465465465,2016,2017,1,1,2,0,NA,NA,NA,NA,NA,NA,NA,NA,NA,NA,NA,NA,NA,NA
197,"G10-15","F","S","Magnor 2","Magnor_1819",2018,2019,NA,NA,0,NA,list(),"Värmland","Eda","eda","G10-15",0.311,1.39,0.57,0.00287,10.626,83.1927083333333,64.7,2.1,0.139008,5,3.67e-06,0.1911205,0.243233,2,1,0,23,6,0,0,3,2,0,274406,0.911081674256538,301187.048048048,2018,2019,0,0,1,0,NA,NA,NA,NA,NA,NA,NA,NA,NA,NA,NA,NA,NA,NA
67,"G10-15","F","S","Magnor 2","Magnor_1920",2019,2020,"censored",NA,0,NA,list(),"Värmland","Eda",NA,"G10-15",0.317,1.41,0.61,0.00287,12.297,78.7135416666667,64.1,2.3,0.139008,5,4.26e-05,0.1911205,0.243233,2,1,0,23,6,0,0,3,2,0,278143,0.915297505375648,303882.615615616,2018,2019,1,1,2,1,NA,NA,NA,NA,NA,NA,NA,NA,NA,NA,NA,NA,NA,NA
950,"G109-14","F","N","Mangen 3","Mangen_1314",2013,2014,"illegal",NA,0,"Mangen 1314 ej reg av VSC. Koordinaterna tagna från Mangen 1415",list(),"Hedmark","Eidskog","eidskog","G109-14",0.3,1.68,0.51,0,16.533,82.3541666666667,280,2.6,0.205933,0,6.2e-07,0.246277,0.286621,0,0,0,0,0,0,0,0,0,0,318600,1.17195774466539,271852.804804805,2013,2013,0,0,1,1,NA,NA,NA,NA,NA,NA,NA,NA,NA,NA,NA,NA,NA,NA
762,"172-14","F","N","Mangen 4","Mangen_1415",2014,2015,NA,NA,0,NA,list(),"Hedmark","Eidskog","eidskog","G172-14",0.302,1.67,0.51,0,16.7,66.2114305750351,231.2,2.4,0.139008,2,1.25e-05,0.224804,0.3106,0,0,0,0,0,0,0,0,0,0,329700,1.19254556619153,276467.423423423,2014,2015,0,0,1,0,NA,NA,NA,NA,NA,NA,NA,NA,NA,NA,NA,NA,NA,NA
623,"172-14","F","N","Mangen 4","Mangen_1516",2015,2016,NA,NA,0,NA,list(),"Akershus","Nesodden","nes","G172-14",0.291,1.69,0.6,0.0044,18.087,72.5294117647059,185.4,2.2,0.139008,3,5.65e-05,0.224804,0.3106,0,0,0,0,0,0,0,0,0,0,467500,1.63270036721456,286335.453453453,2014,2015,1,1,2,0,NA,NA,NA,NA,NA,NA,NA,NA,NA,NA,NA,NA,NA,NA
484,"172-14","F","N","Mangen 5","Mangen_1617",2016,2017,NA,NA,0,NA,list(),"Hedmark","Sør-Odal","sør-odal","G172-14",0.305,1.93,0.71,0.00478,18.249,75.6625,180.4,1.9,0.139008,3,3.91e-05,0.197695,0.256382,0,0,0,0,0,0,0,0,0,0,388600,1.32582358634011,293100.834834835,2016,2018,0,0,1,0,NA,NA,NA,NA,NA,NA,NA,NA,NA,NA,NA,NA,NA,NA
339,"172-14","F","N","Mangen 5","Mangen_1718",2017,2018,NA,NA,0,NA,list(),"Akershus","Nesodden","nes","G172-14",0.29,1.64,0.45,0.00123,18.43,77.4010416666667,174.2,2,0.139008,1,4.9e-06,0.197695,0.256382,0,0,0,0,0,0,0,0,0,0,487800,1.63890107159754,297638.465465465,2016,2018,1,1,2,0,NA,NA,NA,NA,NA,NA,NA,NA,NA,NA,NA,NA,NA,NA
199,"G172-14","F","N","Mangen 5","Mangen_1819",2018,2019,"illegal",NA,0,NA,list(),"Akershus","Nesodden","nes","G172-14",0.293,1.66,0.45,0.00129,18.642,83.359375,162.8,1.9,0.139008,3,2.04e-05,0.197695,0.256382,0,0,0,0,0,0,0,0,0,0,503300,1.6710545930239,301187.048048048,2016,2018,2,2,3,1,NA,NA,NA,NA,NA,NA,NA,NA,NA,NA,NA,NA,NA,NA
69,"G124-17","M","N","Mangen 6","Mangen_1920",2019,2020,NA,NA,0,NA,list(),"Hedmark","Sør-Odal",NA,"G124-17",0.302,1.8,0.62,0.00342,18.697,82.0885416666667,156.7,1.8,0.256382,2,5.71e-05,0.2559565,0.256382,0,0,0,0,0,0,0,0,0,0,429900,1.41469099549869,303882.615615616,2019,2019,0,0,1,0,NA,NA,NA,NA,NA,NA,NA,NA,NA,NA,NA,NA,NA,NA
1151,"G55-12","F","S","Medskogen 1","Medskogen_1112",2011,2012,NA,NA,0,NA,c(13.1622102401246, 13.0409115147087, 13.0323194274726, 60.6400631633285, 60.8040744735672, 60.8035379864203),"Värmland","Torsby","torsby","G55-12",0.196,1.48,0.35,0,5.434,82.2239583333333,NA,3.4,0.299805,4,0.00021872,0.3258975,0.35199,4,4,1,124,79,1,1,21,9,3,223613,0.866089025302194,258187.084084084,2011,2012,0,0,1,0,NA,NA,NA,NA,NA,NA,NA,NA,NA,NA,NA,NA,NA,NA
1026,"G55-12","F","S","Medskogen 1","Medskogen_1213",2012,2013,"illegal",NA,0,NA,list(),"Värmland","Torsby","torsby","G55-12",0.24,0.85,0.28,0.00092,5.104,81.59375,10.7,4,0.299805,5,0.0001969,0.3258975,0.35199,4,4,0,128,75,4,1,21,5,0,238059,0.897861822375855,265139.906906907,2011,2012,1,1,2,1,NA,NA,NA,NA,NA,NA,NA,NA,NA,NA,NA,NA,NA,NA
890,"G123-12","F","S","Medskogen 2","Medskogen_1314",2013,2014,"illegal",NA,0,NA,c(12.8578889270886, 13.5101520995717, 12.9937617282455, 13.0999312542365, 12.7481566265371, 60.4010648076978, 60.3988296429129, 60.0445043872313, 60.2613729391223, 60.1060788655507),"Värmland","Torsby","torsby","G123-12",0.225,0.92,0.3,0.00092,5.391,81.6354166666667,25.4,3.3,0.27356,5,0.00062262,0.312775,0.35199,4,4,0,129,66,1,1,26,10,5,244886,0.900803654300468,271852.804804805,2013,2013,0,0,1,1,NA,NA,NA,NA,NA,NA,NA,NA,NA,NA,NA,NA,NA,NA
764,"G133-12","M","S","Medskogen 3","Medskogen_1415",2014,2015,NA,NA,0,NA,c(12.8430534852344, 13.1553307746231, 13.0802127924252, 12.728984192977, 12.6307912253849, 12.6529131518536, 60.5141853886911, 60.1111115164721, 60.117469919733, 60.3225737170073, 60.2928758921488, 60.9677494794059),"Värmland","Torsby","torsby","G133-12",0.221,0.92,0.26,0.00092,2.9,81.9309839466089,2.2,2.6,0.157578,4,0.00040059,0.215569,0.27356,4,4,0,147,43,18,2,32,16,6,246277,0.890799346087205,276467.423423423,2014,2015,0,0,1,0,NA,NA,NA,NA,NA,NA,NA,NA,NA,NA,NA,NA,NA,NA
625,"G133-12","M","S","Medskogen 3","Medskogen_1516",2015,2016,"censored",NA,0,NA,c(13.043062845678, 12.8947971939656, 60.6235919426597, 60.3628458661674),"Värmland","Torsby","torsby","G133-12",0.214,0.85,0.28,0.00092,2.9,79.2990196078431,2,1.9,0.157578,3,0.00036359,0.215569,0.27356,14,11,10,147,24,0,0,34,16,2,260296,0.909059625207444,286335.453453453,2014,2015,1,1,2,1,NA,NA,NA,NA,NA,NA,NA,NA,NA,NA,NA,NA,NA,NA
1913,"G1-01","F","N","Moss","Moss_9899",1998,1999,NA,NA,0,NA,list(),"Ãstfold","Våler","våler","G1-01",0.319,1.22,0.9,0.01541,110.772,NA,NA,2.7,0.125,0,0,0.125,0.125,NA,NA,NA,0,0,0,0,0,0,0,NA,NA,NA,1998,2001,0,0,1,0,NA,NA,NA,NA,NA,NA,NA,NA,NA,NA,NA,NA,NA,NA
1895,"G1-01","F","N","Moss","Moss-Våler_9900",1999,2000,NA,NA,0,NA,list(),"Ãstfold","Våler","våler","G1-01",0.319,1.19,0.84,0.01318,106.021,NA,NA,2.8,0.125,0,0,0.125,0.125,NA,NA,NA,0,0,0,0,0,0,0,187300,0.872283071985727,214723.873493976,1998,2001,1,1,2,0,NA,NA,NA,NA,NA,NA,NA,NA,NA,NA,NA,NA,NA,NA
1871,"G1-01","F","N","Moss","Moss-Våler_0001",2000,2001,NA,NA,0,NA,list(),"Ãstfold","Våler","våler","G1-01",0.317,1.19,0.93,0.01559,107.459,54.65625,NA,2.9,0.125,0,0,0.125,0.125,0,0,0,0,0,0,0,0,0,0,193100,0.876106140510648,220407.084337349,1998,2001,2,2,3,0,NA,NA,NA,NA,NA,NA,NA,NA,NA,NA,NA,NA,NA,NA
1839,"G1-01","F","N","Moss","Moss-Våler_0102",2001,2002,"censored",NA,0,NA,list(),"Ãstfold","Våler","våler","G1-01",0.319,1.2,0.85,0.01402,109.14,72.6458333333333,NA,2.9,0.125,0,0,0.125,0.125,0,0,0,0,0,0,0,0,0,0,205000,0.915153689210957,224006.090361446,1998,2001,3,3,4,1,NA,NA,NA,NA,NA,NA,NA,NA,NA,NA,NA,NA,NA,NA
892,"G56-13","M","S","Musån","Musån_1314",2013,2014,"illegal",NA,0,NA,list(),"Värmland","Hagfors","hagfors","G56-13",0.309,0.86,0.24,0,4.1,82.1182795698925,2.6,2.9,0.141403,4,0.00048624,0.2236555,0.305908,3,2,0,22,0,0,0,11,5,0,244050,0.897728460720618,271852.804804805,2013,2013,0,0,1,1,NA,NA,NA,NA,NA,NA,NA,NA,NA,NA,NA,NA,NA,NA
1616,"G17-05","F","S","Naggen 2","Naggen_0607",2006,2007,NA,NA,0,NA,c(15.9543685241789, 62.4853241800183),"Västernorrland","Ånge","ånge","G17-05",0.146,1.05,0.2,0.00154,7.3,84.0553926360378,NA,3.4,0.28125,0,0.00068123,0.3027345,0.324219,0,0,0,0,0,0,0,1,1,1,232894,0.944721979400538,246521.204204204,2006,2007,0,0,1,0,NA,NA,NA,NA,NA,NA,NA,NA,NA,NA,NA,NA,NA,NA
1550,"G17-05","F","S","Naggen 2","Naggen_0708",2007,2008,"illegal",NA,0,NA,c(16.2224801537113, 62.2407277450486),"Västernorrland","Ånge","ljusdal","G17-05",0.154,0.96,0.16,0,11.68,86.2929292929293,NA,3.1,0.28125,0,0.00062063,0.3027345,0.324219,0,0,0,0,0,0,0,2,2,1,233620,0.929678259252016,251291.237237237,2006,2007,1,1,2,1,NA,NA,NA,NA,NA,NA,NA,NA,NA,NA,NA,NA,NA,NA
1270,"G12-11","M","S","Nora 1","Nora_1011",2010,2011,NA,NA,0,NA,list(),"Orebro","Nora","nora","G12-11",0.234,1.31,0.36,0.00423,40.38,79.9994058229352,NA,3.2,0,3,1.18e-05,0.1380615,0.276123,0,0,0,34,0,0,0,5,3,0,251067,0.975423309157439,257392.864864865,2010,2012,0,0,1,0,NA,NA,NA,NA,NA,NA,NA,NA,NA,NA,NA,NA,NA,NA
1153,"G12-11","M","S","Nora 1","Nora_1112",2011,2012,NA,NA,0,NA,list(),"Orebro","Nora","nora","G12-11",0.239,1.24,0.37,0.00146,31.686,82.09375,NA,3.5,0,3,6.36e-06,0.1380615,0.276123,0,0,0,34,0,0,0,5,2,0,251463,0.973956543535329,258187.084084084,2010,2012,1,1,2,0,NA,NA,NA,NA,NA,NA,NA,NA,NA,NA,NA,NA,NA,NA
1028,"G12-11","M","S","Nora 1","Nora_1213",2012,2013,"illegal",NA,0,NA,list(),"Orebro","Nora","nora","G12-11",0.244,1.23,0.37,0.0011,20.15,65.7836917562724,3,3.3,0,4,3.53e-06,0.1380615,0.276123,0,0,0,52,18,18,2,5,1,0,257071,0.969567361620369,265139.906906907,2010,2012,2,2,3,1,NA,NA,NA,NA,NA,NA,NA,NA,NA,NA,NA,NA,NA,NA
1030,"G41-12","F","S","Nordmark 1","Nordmark_1213",2012,2013,NA,NA,0,NA,c(14.0653414242698, 14.0690112197579, 14.3692434476567, 59.5961665937232, 59.6173678875872, 59.803056374232),"Värmland","Filipstad","filipstad","G41-12",0.355,1.09,0.29,0.00102,6.8,70.4184027777778,3.3,4,0.35199,4,2.94e-05,0.328949,0.35199,3,3,0,66,18,0,0,14,10,3,229056,0.863906164379939,265139.906906907,2012,2013,0,0,1,0,NA,NA,NA,NA,NA,NA,NA,NA,NA,NA,NA,NA,NA,NA
898,"G41-12","F","S","Nordmark 1","Nordmark_1314",2013,2014,"censored",NA,0,NA,c(14.0090830210179, 14.0877902820613, 59.7366255651433, 59.9405689644537),"Värmland","Filipstad","filipstad","G41-12",0.357,1.09,0.34,0.00268,6.867,82.2941176470588,2.9,3.4,0.35199,5,6.67e-05,0.328949,0.35199,3,3,0,66,18,0,0,16,9,2,234539,0.862742616057992,271852.804804805,2012,2013,1,1,2,1,NA,NA,NA,NA,NA,NA,NA,NA,NA,NA,NA,NA,NA,NA
341,"G109-17","F","S","Nordmark 3","Nordmark_1718",2017,2018,"illegal",NA,0,NA,c(13.9723919411957, 59.6928252226533),"Värmland","Filipstad","filipstad","G109-17",0.357,1.11,0.31,0.00248,6.9,79.5,1.3,2,0.242455,4,6.9e-05,0.203991,0.242455,10,7,7,107,41,0,0,18,4,1,247655,0.832066512682431,297638.465465465,2017,2017,0,0,1,1,NA,NA,NA,NA,NA,NA,NA,NA,NA,NA,NA,NA,NA,NA
343,"G168-15","M","S","Nordtorp","Nordtorp_1718",2017,2018,"illegal",NA,0,NA,c(12.7787735732281, 59.8448616775186),"Värmland","Arvika","arvika","G168-15",0.399,0.99,0.23,0,14.775,63.140625,2.1,2,0.218197,4,0,0.2643985,0.3106,5,3,3,22,16,14,1,11,3,1,279551,0.939230080906448,297638.465465465,2017,2017,0,0,1,1,NA,NA,NA,NA,NA,NA,NA,NA,NA,NA,NA,NA,NA,NA
1272,"G21-11","F","S","Norn","Norn_1011",2010,2011,NA,NA,0,NA,list(),"Dalarna","Smedjebacken","smedjebacken","G21-11",0.3,1.43,0.29,0.0062,21.56,82.3645833333333,NA,2.2,0.299316,2,0.00018998,0.364502,0.429688,0,0,0,0,0,0,0,0,0,0,253873,0.986324932252054,257392.864864865,2010,2012,0,0,1,0,NA,NA,NA,NA,NA,NA,NA,NA,NA,NA,NA,NA,NA,NA
1155,"G21-11","F","S","Norn","Norn_1112",2011,2012,NA,NA,0,NA,c(15.55589936352, 60.1451451557494),"Dalarna","Smedjebacken","smedjebacken","G21-11",0.3,1.42,0.31,0.00402,23.95,81.296875,NA,2.1,0.299316,0,0.0002162,0.364502,0.429688,0,0,0,0,0,0,0,1,1,1,255247,0.988612582637455,258187.084084084,2010,2012,1,1,2,0,NA,NA,NA,NA,NA,NA,NA,NA,NA,NA,NA,NA,NA,NA
1032,"G21-11","F","S","Norn","Norn_1112",2012,2013,"illegal",NA,0,"Norn not registered by VSC in 1213 because they disappeared early in season, I used the coordinates för  1112",list(),"Dalarna","Smedjebacken","smedjebacken","G21-11",0.3,1.42,0.31,0.00402,23.95,81.296875,NA,2.1,0.299316,0,0.0002162,0.364502,0.429688,1,1,1,4,4,4,2,1,1,0,263338,0.993203939278972,265139.906906907,2010,2012,2,2,3,1,NA,NA,NA,NA,NA,NA,NA,NA,NA,NA,NA,NA,NA,NA
75,"G224-19","F","S","Nyskoga 6","Nyskoga_1920",2019,2020,"illegal",NA,0,NA,list(),"Värmland","Torsby",NA,"G224-19",0.216,0.93,0.27,0.00092,5.094,82.3125,6.7,2.6,0.235592,1,0.00047024,0.2394125,0.243233,16,12,0,153,6,0,0,42,10,0,276261,0.909104324511427,303882.615615616,2019,2019,0,0,1,1,NA,NA,NA,NA,NA,NA,NA,NA,NA,NA,NA,NA,NA,NA
490,"G144-16","M","S","Nyskogen 1","Nyskogen_1617",2016,2017,NA,NA,0,NA,c(15.7306060033051, 61.9162719572963),"Gävleborg","Ljusdal","ljusdal","G144-16",0.182,1.16,0.25,0.00151,3.6,79.86,2.6,2.9,0.214912,2,0.00152228,0.174793,0.214912,2,2,0,48,29,2,2,17,9,1,260325,0.888175566428174,293100.834834835,2016,2016,0,0,1,0,NA,NA,NA,NA,NA,NA,NA,NA,NA,NA,NA,NA,NA,NA
1034,"G4-12","F","S","Närsen 1","Närsen_1213",2012,2013,NA,NA,0,NA,list(),"Dalarna","Vansbro","vansbro","G4-12",0.338,1.13,0.23,0.00044,10.35,73.7023809523809,2.5,1.9,0.302246,3,0.00012875,0.28479,0.302246,4,4,0,38,14,4,1,5,1,0,230724,0.870197182655757,265139.906906907,2012,2013,0,0,1,0,NA,NA,NA,NA,NA,NA,NA,NA,NA,NA,NA,NA,NA,NA
900,"G4-12","F","S","Närsen 1","Närsen_1314",2013,2014,"illegal",NA,0,NA,list(),"Dalarna","Vansbro","vansbro","G4-12",0.321,1.19,0.2,0,11.6,82.296875,2.6,2.2,0.302246,3,0.00060151,0.28479,0.302246,4,4,0,38,14,0,0,5,1,0,235305,0.865560317352448,271852.804804805,2012,2013,1,1,2,1,NA,NA,NA,NA,NA,NA,NA,NA,NA,NA,NA,NA,NA,NA
770,"G200-13","F","S","Närsen 2","Närsen_1415",2014,2015,NA,NA,0,NA,list(),"Dalarna","Vansbro","vansbro","G200-13",0.284,1.22,0.24,0.00035,11.633,73.859375,2.5,2.2,0.27356,3,0.00053149,0.270447,0.27356,4,3,0,39,6,1,1,5,0,0,239816,0.867429504100055,276467.423423423,2014,2015,0,0,1,0,NA,NA,NA,NA,NA,NA,NA,NA,NA,NA,NA,NA,NA,NA
631,"G200-13","F","S","Närsen 2","Närsen_1516",2015,2016,"illegal",NA,0,NA,list(),"Dalarna","Vansbro","vansbro","G200-13",0.242,1.23,0.31,0.00187,11.733,71.7612612612613,2.6,2.3,0.27356,5,0.00075898,0.270447,0.27356,4,1,0,39,5,0,0,5,0,0,250292,0.874121583552654,286335.453453453,2014,2015,1,1,2,1,NA,NA,NA,NA,NA,NA,NA,NA,NA,NA,NA,NA,NA,NA
1385,"G6-05","M","S","Ockelbo3","Ockelbo_0910",2009,2010,NA,NA,0,NA,list(),"Gävleborg","Bollnäs","bollnäs","G6-05",0.212,1.3,0.23,0.00027,14.733,80.828125,NA,2.7,0.398438,1,0.00169919,0.398438,0.398438,2,2,0,0,0,0,0,7,5,0,242732,0.93764171897634,258875,2009,2009,0,0,1,0,NA,NA,NA,NA,NA,NA,NA,NA,NA,NA,NA,NA,NA,NA
1622,"M-07-07","M","N","Osdalen 1","Osdalen_0607",2006,2007,NA,NA,1,NA,list(),"Hedmark","Rendalen","rendalen","G100-11",0.258,0.5,0.04,0.00038,1.713,89.046875,NA,2.6,0.296875,0,0.00013055,0.310547,0.324219,8,2,0,0,0,0,0,0,0,0,223800,0.907832657732017,246521.204204204,2006,2007,0,0,1,0,NA,NA,NA,NA,NA,NA,NA,NA,NA,NA,NA,NA,NA,NA
1556,"M-07-07","M","N","Osdalen 1","Osdalen_0708",2007,2008,"illegal",1,1,NA,list(),"Hedmark","Rendalen","rendalen","G100-11",0.259,0.48,0.07,0.00342,1.69,83.9606357694593,NA,2.9,0.296875,0,0.00024212,0.310547,0.324219,10,4,2,0,0,0,0,0,0,0,243100,0.967403410770332,251291.237237237,2006,2007,1,1,2,1,NA,NA,NA,NA,NA,NA,NA,NA,NA,NA,NA,NA,NA,NA
1476,"M-09-05","M","N","Osdalen 2","Osdalen_0809",2008,2009,NA,NA,1,NA,list(),"Hedmark","Rendalen","rendalen","M-09-05",0.281,0.56,0.09,0.00342,0.846,91.40625,NA,2.9,0.219727,0,0.000397,0.271973,0.324219,12,6,2,0,0,0,0,0,0,0,261300,1.02770438523535,254255.993993994,2008,2009,0,0,1,0,NA,NA,NA,NA,NA,NA,NA,NA,NA,NA,NA,NA,NA,NA
1386,"M-09-05","M","N","Osdalen 2","Osdalen_0910",2009,2010,"censored",NA,1,NA,list(),"Hedmark","Rendalen","rendalen","M-09-05",0.267,0.5,0.09,0.00342,1.431,98.0757575757576,NA,2.9,0.219727,1,0.00043689,0.271973,0.324219,14,8,2,0,0,0,0,0,0,0,269600,1.04142926122646,258875,2008,2009,1,1,2,1,NA,NA,NA,NA,NA,NA,NA,NA,NA,NA,NA,NA,NA,NA
498,"G68-13","F","S","Prastkogen 4","Prästskogen_1617",2016,2017,NA,NA,0,NA,c(15.7306060033051, 61.9162719572963),"Gävleborg","Ljusdal","ljusdal","G68-13",0.181,1.1,0.2,0.00033,2.533,80.0114919354839,2.4,2.7,0.139008,1,0.00150366,0.139008,0.139008,2,2,0,48,29,2,2,17,9,1,260325,0.888175566428174,293100.834834835,2016,2019,0,0,1,0,NA,NA,NA,NA,NA,NA,NA,NA,NA,NA,NA,NA,NA,NA
351,"G68-13","F","S","Prastkogen 4","Prästskogen_1718",2017,2018,NA,NA,0,NA,list(),"Gävleborg","Ljusdal","ljusdal","G68-13",0.186,1.14,0.19,0.00023,2.25,81.2895833333333,2.8,2.8,0.139008,1,0.00201483,0.139008,0.139008,2,2,0,48,29,0,0,17,8,0,262062,0.880470874589987,297638.465465465,2016,2019,1,1,2,0,NA,NA,NA,NA,NA,NA,NA,NA,NA,NA,NA,NA,NA,NA
207,"G68-13","F","S","Prastkogen 4","Prästskogen_1819",2018,2019,NA,NA,0,NA,list(),"Gävleborg","Ljusdal","ljusdal","G68-13",0.189,1.14,0.2,0.00033,2.533,82.6979166666667,3,2.9,0.139008,1,0.00242762,0.139008,0.139008,4,4,2,48,25,0,0,17,4,0,264917,0.879576335426409,301187.048048048,2016,2019,2,2,3,0,NA,NA,NA,NA,NA,NA,NA,NA,NA,NA,NA,NA,NA,NA
77,"G68-13","F","S","Prastkogen 4","Prästskogen_1920",2019,2020,NA,NA,0,NA,list(),"Jämtland","Härjedalen",NA,"G68-13",0.182,1.11,0.22,0.00033,2.533,87.421875,2.5,2.7,0.139008,3,0.00262138,0.139008,0.139008,33,21,9,28,0,0,0,7,0,0,268931,0.884983168435583,303882.615615616,2016,2019,3,3,4,0,NA,NA,NA,NA,NA,NA,NA,NA,NA,NA,NA,NA,NA,NA
499,"G108-16","M","S","Prästkogen 4","Prästskogen_1617",2016,2017,NA,NA,0,"Female in Prästskogen 1  (G103-10) is found under Överhogdal",c(15.7306060033051, 61.9162719572963),"Gävleborg","Ljusdal","ljusdal","G108-16",0.181,1.1,0.2,0.00033,2.533,80.0114919354839,2.4,2.7,0.157578,1,0.00150366,0.157578,0.157578,2,2,0,48,29,2,2,17,9,1,260325,0.888175566428174,293100.834834835,2016,2019,0,0,1,0,NA,NA,NA,NA,NA,NA,NA,NA,NA,NA,NA,NA,NA,NA
352,"G108-16","M","S","Prästkogen 4","Prästskogen_1718",2017,2018,NA,NA,0,NA,list(),"Gävleborg","Ljusdal","ljusdal","G108-16",0.186,1.14,0.19,0.00023,2.25,81.2895833333333,2.8,2.8,0.157578,1,0.00201483,0.157578,0.157578,2,2,0,48,29,0,0,17,8,0,262062,0.880470874589987,297638.465465465,2016,2019,1,1,2,0,NA,NA,NA,NA,NA,NA,NA,NA,NA,NA,NA,NA,NA,NA
208,"G108-16","M","S","Prästkogen 4","Prästskogen_1819",2018,2019,NA,NA,0,NA,list(),"Gävleborg","Ljusdal","ljusdal","G108-16",0.189,1.14,0.2,0.00033,2.533,82.6979166666667,3,2.9,0.157578,1,0.00242762,0.157578,0.157578,4,4,2,48,25,0,0,17,4,0,264917,0.879576335426409,301187.048048048,2016,2019,2,2,3,0,NA,NA,NA,NA,NA,NA,NA,NA,NA,NA,NA,NA,NA,NA
78,"G108-16","M","S","Prästkogen 4","Prästskogen_1920",2019,2020,NA,NA,0,NA,list(),"Jämtland","Härjedalen",NA,"G108-16",0.182,1.11,0.22,0.00033,2.533,87.421875,2.5,2.7,0.157578,3,0.00262138,0.157578,0.157578,33,21,9,28,0,0,0,7,0,0,268931,0.884983168435583,303882.615615616,2016,2019,3,3,4,0,NA,NA,NA,NA,NA,NA,NA,NA,NA,NA,NA,NA,NA,NA
1198,"G103-10","F","S","Prästskogen 1","Prästskogen_1112",2011,2012,NA,NA,0,"Prästskogen not registered by Viltskadecenter 2011/12. Coordinates taken from 1213",c(15.6850871609332, 61.6064913575983),"Gävleborg","Ljusdal","ljusdal","G103-10",0.18,1.14,0.28,0.00151,3.6,81.1979166666667,NA,2.8,0,1,0.00329619,NA,NA,0,0,0,19,18,16,1,8,8,1,230413,0.8924265162891,258187.084084084,2011,2012,0,0,1,0,NA,NA,NA,NA,NA,NA,NA,NA,NA,NA,NA,NA,NA,NA
1036,"G103-10","F","S","Prästskogen 1","Prästskogen_1213",2012,2013,"illegal",NA,0,NA,c(15.534043864183, 61.7701822785272),"Gävleborg","Ljusdal","ljusdal","G103-10",0.185,1.14,0.28,0.00151,3.5,84.1666666666667,2.8,3.1,0,0,0.0030281,NA,NA,0,0,0,19,18,0,0,9,6,1,238126,0.898114519153121,265139.906906907,2011,2012,1,1,2,1,NA,NA,NA,NA,NA,NA,NA,NA,NA,NA,NA,NA,NA,NA
641,"G188-13","F","S","Rackstad  4","Rackstad_1516",2015,2016,NA,NA,0,NA,list(),"Värmland","Arvika","arvika","G188-13",0.43,1.17,0.35,0.00513,13,68.6770833333333,2.5,1.9,0.152161,3,2.45e-05,0.152161,0.152161,2,1,0,7,1,0,0,9,1,0,271056,0.946637926707399,286335.453453453,2015,2015,0,0,1,0,NA,NA,NA,NA,NA,NA,NA,NA,NA,NA,NA,NA,NA,NA
1038,"G49-13","F","S","Rackstad 1","Rackstad_1213",2012,2013,"illegal",NA,0,NA,list(),"Värmland","Arvika","arvika","G49-13",0.409,1.16,0.37,0.00582,12,70.1586021505376,4.6,4,0.153625,1,0,0.226715,0.299805,2,2,0,6,6,0,0,8,3,0,246386,0.929267883036967,265139.906906907,2012,2012,0,0,1,1,NA,NA,NA,NA,NA,NA,NA,NA,NA,NA,NA,NA,NA,NA
642,"G62-16","M","S","Rackstad 4","Rackstad_1516",2015,2016,"illegal",NA,0,NA,list(),"Värmland","Arvika","arvika","G62-16",0.43,1.17,0.35,0.00513,13,68.6770833333333,2.5,1.9,0.198181,3,2.45e-05,0.198181,0.198181,2,1,0,7,1,0,0,9,1,0,271056,0.946637926707399,286335.453453453,2015,2015,0,0,1,1,NA,NA,NA,NA,NA,NA,NA,NA,NA,NA,NA,NA,NA,NA
1388,"M-09-01","M","S","Riala 1","Riala_0910",2009,2010,NA,NA,1,NA,list(),"Stockholm","Norrtälje","norrtälje","M-09-01",0.255,1.27,0.46,0.02052,78.467,71.0166666666667,NA,2.1,0,0,0,0.133545,0.26709,1,1,0,17,17,3,1,0,0,0,255530,0.98707870593916,258875,2009,2011,0,0,1,0,NA,NA,NA,NA,NA,NA,NA,NA,NA,NA,NA,NA,NA,NA
1276,"M-09-01","M","S","Riala 1","Riala_1011",2010,2011,NA,NA,1,NA,c(18.5121985615994, 59.6538395950359),"Stockholm","Norrtälje","norrtälje","M-09-01",0.252,1.31,0.48,0.01948,79.567,77.5967741935484,NA,1.9,0,0,0,0.133545,0.26709,1,1,0,17,17,0,0,1,1,1,253746,0.985831523081343,257392.864864865,2009,2011,1,1,2,0,NA,NA,NA,NA,NA,NA,NA,NA,NA,NA,NA,NA,NA,NA
1157,"M-09-01","M","S","Riala 1","Riala_1112",2011,2012,NA,NA,1,NA,c(18.5939072432625, 59.6511305191887),"Stockholm","Norrtälje","norrtälje","M-09-01",0.248,1.26,0.47,0.01531,80.333,74.6451612903226,NA,2.4,0,0,0,0.133545,0.26709,1,1,0,17,17,0,0,2,2,1,252608,0.978391312238272,258187.084084084,2009,2011,2,2,3,0,NA,NA,NA,NA,NA,NA,NA,NA,NA,NA,NA,NA,NA,NA
1040,"G18-12","M","S","Riala 2","Riala_1213",2012,2013,"illegal",NA,0,NA,list(),"Stockholm","Norrtälje","norrtälje","G18-12",0.257,1.24,0.46,0.01834,81.333,63.0333333333333,2.6,2.2,0.152161,0,0,0.152161,0.152161,1,1,0,17,17,0,0,2,2,0,257992,0.973040999409355,265139.906906907,2012,2012,0,0,1,1,NA,NA,NA,NA,NA,NA,NA,NA,NA,NA,NA,NA,NA,NA
355,"G229-17","M","S","Rockesholm","Rockesholm_1718",2017,2018,NA,NA,0,NA,list(),"Orebro","Hällefors","hällefors","G229-17",0.265,1.16,0.35,0.00087,21.42,70.3737373737374,2.7,2.2,0.287476,5,2.16e-06,0.2459815,0.287476,4,2,1,3,1,0,0,3,0,0,253993,0.853360803358498,297638.465465465,2017,2018,0,0,1,0,NA,NA,NA,NA,NA,NA,NA,NA,NA,NA,NA,NA,NA,NA
209,"G229-17","M","S","Rockesholm","Rockesholm_1819",2018,2019,NA,NA,0,NA,list(),"Orebro","Hällefors","hällefors","G229-17",0.269,1.17,0.36,0.00152,21.4,82.7523148148148,2.7,2.3,0.287476,4,1.87e-06,0.2459815,0.287476,4,2,0,3,1,0,0,3,0,0,255200,0.847313991932642,301187.048048048,2017,2018,1,1,2,0,NA,NA,NA,NA,NA,NA,NA,NA,NA,NA,NA,NA,NA,NA
643,"G80-13","F","S","Rombohöjden 2","Rombohöjden_1516",2015,2016,NA,NA,0,NA,list(),"Orebro","Hällefors","nora","G80-13",0.251,1.24,0.34,0,12.45,71.0959595959596,2.2,2.4,0.126678,3,2.99e-06,0.17453,0.222382,3,1,1,3,1,1,1,3,0,0,243075,0.848916880771505,286335.453453453,2015,2017,0,0,1,0,NA,NA,NA,NA,NA,NA,NA,NA,NA,NA,NA,NA,NA,NA
502,"G80-13","F","S","Rombohöjden 2","Rombohöjden_1617",2016,2017,NA,NA,0,NA,list(),"Orebro","Nora","nora","G80-13",0.245,1.28,0.35,0.00096,12.575,68.01875,2.5,2.4,0.126678,4,2.3e-07,0.17453,0.222382,5,5,0,72,38,8,1,7,2,0,275287,0.939222845117882,293100.834834835,2015,2017,1,1,2,0,NA,NA,NA,NA,NA,NA,NA,NA,NA,NA,NA,NA,NA,NA
357,"G80-13","F","S","Rombohöjden 2","Rombohöjden_1718",2017,2018,"illegal",NA,0,NA,list(),"Orebro","Hällefors","hällefors","G80-13",0.252,1.24,0.34,0,12.575,71.6145833333333,2.8,2.3,0.126678,3,8.3e-06,0.17453,0.222382,4,2,1,3,1,0,0,3,0,0,253993,0.853360803358498,297638.465465465,2015,2017,2,2,3,1,NA,NA,NA,NA,NA,NA,NA,NA,NA,NA,NA,NA,NA,NA
79,"G151-17","F","S","Rombohöjden 4","Rombohöjden_1920",2019,2020,NA,NA,0,NA,c(14.9221798259723, 59.6939506868573),"Orebro","Nora",NA,"G151-17",0.25,1.25,0.34,1e-05,12.45,76.8484848484848,3.3,2.3,0.204487,2,1e-08,0.2134345,0.222382,5,5,0,72,8,0,0,8,2,1,284630,0.936644563965553,303882.615615616,2019,2019,0,0,1,0,NA,NA,NA,NA,NA,NA,NA,NA,NA,NA,NA,NA,NA,NA
1640,"M-06-07","F","N","Rotna 1","Rotna_0304",2003,2006,NA,NA,1,NA,list(),"Hedmark","Grue","grue","M-06-07",0.177,2.04,0.46,0.00105,8.513,79.51875,NA,3,0.269531,2,3.11e-06,0.1972655,0.269531,0,0,0,0,0,0,0,0,0,0,224300,0.961286753514637,233333.081081081,2003,2005,0,0,3,0,NA,NA,NA,NA,NA,NA,NA,NA,NA,NA,NA,NA,NA,NA
1736,"M-00-09","M","N","Rotna 1","Rotna_0405",2004,2005,NA,NA,1,NA,list(),"Hedmark","Grue","grue","M-00-09",0.194,2.09,0.44,0.00105,8.458,83.2083333333333,NA,2.7,0.125,1,1.5e-06,0.1972655,0.269531,0,0,0,0,0,0,0,0,0,0,225600,0.946716975897284,238297.195195195,2003,2005,1,1,2,0,NA,NA,NA,NA,NA,NA,NA,NA,NA,NA,NA,NA,NA,NA
1681,"M-00-09","M","N","Rotna 1","Rotna_0506",2005,2006,"illegal",NA,1,NA,list(),"Hedmark","Grue","grue","M-00-09",0.183,2.05,0.42,0.00063,8.388,82.9322916666667,NA,2.8,0.125,2,0.0001747,0.1972655,0.269531,0,0,0,0,0,0,0,0,0,0,232600,0.955866275423923,243339.477477477,2003,2005,2,2,3,1,NA,NA,NA,NA,NA,NA,NA,NA,NA,NA,NA,NA,NA,NA
784,"G54-15","M","S","Rotån","Rotån_1415",2014,2015,"illegal",NA,0,NA,c(12.8395250247701, 60.9761202067794),"Dalarna","Malung","malung","G54-15",0.268,0.77,0.2,0,4.025,83.125,2.3,2.3,0.286682,2,0.00051966,0.2918395,0.296997,0,0,0,198,68,0,0,19,11,1,257612,0.931798751585479,276467.423423423,2014,2014,0,0,1,1,NA,NA,NA,NA,NA,NA,NA,NA,NA,NA,NA,NA,NA,NA
81,"G246-17","M","S","Ruskåsen","Ruskåsen_1920",2019,2020,"illegal",NA,0,NA,list(),"Värmland","Torsby",NA,"G246-17",0.38,1.19,0.29,0.00279,6.5,81.375,2.8,2.6,0.169262,1,0.00016121,0.202427,0.235592,16,12,0,153,6,0,0,42,10,0,276261,0.909104324511427,303882.615615616,2019,2019,0,0,1,1,NA,NA,NA,NA,NA,NA,NA,NA,NA,NA,NA,NA,NA,NA
506,"G104-15","M","S","Ryssjön","Ryssjön_1617",2016,2017,NA,NA,0,NA,list(),"Gävleborg","Gävle","ockelbo","G104-15",0.08,1.3,0.21,0.00156,31.3,78.0375,2.5,2.9,0.067337,0,0.00102154,0.1411245,0.214912,0,0,0,0,0,0,0,2,1,0,294343,1.0042380130574,293100.834834835,2016,2019,0,0,1,0,NA,NA,NA,NA,NA,NA,NA,NA,NA,NA,NA,NA,NA,NA
359,"G104-15","M","S","Ryssjön","Ryssjön_1718",2017,2018,NA,NA,0,NA,c(16.9902851187523, 16.9745583421278, 60.8586673359557, 60.866918669743),"Gävleborg","Gävle","gävle","G104-15",0.082,1.31,0.22,0.00156,31.45,67.0642968142968,2.5,2.9,0.067337,0,0.00132854,0.1411245,0.214912,0,0,0,0,0,0,0,4,3,2,298488,1.00285424981346,297638.465465465,2016,2019,1,1,2,0,NA,NA,NA,NA,NA,NA,NA,NA,NA,NA,NA,NA,NA,NA
213,"G104-15","M","S","Ryssjön","Ryssjön_1819",2018,2019,NA,NA,0,NA,list(),"Gävleborg","Ockelbo","ockelbo","G104-15",0.099,1.38,0.23,0.00156,30.9,81.7222222222222,2.7,3,0.067337,1,0.0022573,0.1411245,0.214912,11,7,0,1,0,0,0,6,0,0,260859,0.866102980491995,301187.048048048,2016,2019,2,2,3,0,NA,NA,NA,NA,NA,NA,NA,NA,NA,NA,NA,NA,NA,NA
83,"G104-15","M","S","Ryssjön","Ryssjön_1920",2019,2020,NA,NA,0,NA,c(16.6845079170319, 60.9478084906786),"Gävleborg","Ockelbo",NA,"G104-15",0.1,1.38,0.23,0.00156,31.067,85.0151515151515,2.6,2.6,0.067337,2,0.00182938,0.1411245,0.214912,11,7,0,6,5,5,2,7,1,1,263028,0.865557904545309,303882.615615616,2016,2019,3,3,4,0,NA,NA,NA,NA,NA,NA,NA,NA,NA,NA,NA,NA,NA,NA
508,"G129-17","F","N","Römskog 2","Rømskog_1617",2016,2017,NA,NA,0,NA,list(),"Ãstfold","Rømskog","rømskog","G129-17",0.342,1.26,0.35,0,17.269,72.0875,106,2.2,0.218197,3,3.5e-07,0.2202895,0.222382,0,0,0,0,0,0,0,0,0,0,395500,1.34936497271619,293100.834834835,2016,2018,0,0,1,0,NA,NA,NA,NA,NA,NA,NA,NA,NA,NA,NA,NA,NA,NA
361,"G129-17","F","N","Römskog 2","Rømskog_1718",2017,2018,NA,NA,0,NA,list(),"Ãstfold","Marker","marker","G129-17",0.355,1.27,0.44,0.00189,17.348,67.847619047619,96.9,2.4,0.218197,2,0,0.2202895,0.222382,0,0,0,0,0,0,0,0,0,0,398300,1.33820069048237,297638.465465465,2016,2018,1,1,2,0,NA,NA,NA,NA,NA,NA,NA,NA,NA,NA,NA,NA,NA,NA
215,"G129-17","F","N","Römskog 2","Rømskog_1819",2018,2019,NA,NA,0,NA,list(),"Ãstfold","Rømskog","rømskog","G129-17",0.348,1.26,0.34,1e-04,17.353,83,96,2.2,0.218197,5,0,0.2202895,0.222382,0,0,0,0,0,0,0,0,0,0,447400,1.48545564259665,301187.048048048,2016,2018,2,2,3,0,NA,NA,NA,NA,NA,NA,NA,NA,NA,NA,NA,NA,NA,NA
85,"G129-17","F","N","Römskog 3","Rømskog_1920",2019,2020,NA,NA,0,NA,list(),"Ãstfold","Marker",NA,"G129-17",0.349,1.28,0.42,0.00101,17.37,73.5416666666667,85.8,2.2,0.218197,4,5.87e-06,0.2336415,0.249086,0,0,0,0,0,0,0,0,0,0,426600,1.40383153914803,303882.615615616,2019,2019,0,0,1,0,NA,NA,NA,NA,NA,NA,NA,NA,NA,NA,NA,NA,NA,NA
1392,"G12-09","F","S","Sandsjön 2","Sandsjön_0910",2009,2010,NA,NA,0,NA,c(13.9223214239553, 14.3391528686215, 59.7687015423886, 59.9132074933017),"Värmland","Filipstad","filipstad","G12-09",0.365,1.11,0.28,0,28.275,83.703125,NA,3.6,0.305908,1,5.53e-05,0.371338,0.436768,1,1,1,48,33,0,0,9,6,2,231812,0.895459198454853,258875,2009,2011,0,0,1,0,NA,NA,NA,NA,NA,NA,NA,NA,NA,NA,NA,NA,NA,NA
1282,"G12-09","F","S","Sandsjön 2","Sandsjön_1011",2010,2011,NA,NA,0,NA,list(),"Värmland","Hagfors","hagfors","G12-09",0.369,1.13,0.32,0.00184,29.18,83.6868686868687,NA,3.9,0.305908,5,6.86e-05,0.371338,0.436768,2,2,1,22,8,0,0,8,6,0,231810,0.900607715453588,257392.864864865,2009,2011,1,1,2,0,NA,NA,NA,NA,NA,NA,NA,NA,NA,NA,NA,NA,NA,NA
1161,"G12-09","F","S","Sandsjön 2","Sandsjön_1112",2011,2012,NA,NA,0,NA,c(13.4236795528655, 13.8721664277013, 59.98023103527, 60.184597645247),"Värmland","Hagfors","hagfors","G12-09",0.374,1.18,0.34,0.0034,29.18,83.875,NA,3.8,0.305908,2,6.74e-05,0.371338,0.436768,3,3,1,22,0,0,0,10,8,2,229175,0.887631543665307,258187.084084084,2009,2011,2,2,3,0,NA,NA,NA,NA,NA,NA,NA,NA,NA,NA,NA,NA,NA,NA
1046,"G12-09","F","S","Sandsjön 3","Sandsjön_1213",2012,2013,NA,NA,0,NA,c(13.3586371714599, 60.2409304539494),"Värmland","Hagfors","hagfors","G12-09",0.373,1.18,0.33,0.00274,29.16,69.7583333333333,3.4,4,0.305908,5,1.92e-05,0.230354,0.305908,3,2,0,22,0,0,0,11,8,1,238210,0.898431333023126,265139.906906907,2012,2016,0,0,1,0,NA,NA,NA,NA,NA,NA,NA,NA,NA,NA,NA,NA,NA,NA
912,"G12-09","F","S","Sandsjön 3","Sandsjön_1314",2013,2014,NA,NA,0,NA,list(),"Värmland","Hagfors","hagfors","G12-09",0.373,1.17,0.33,0.00262,29.36,82.0104166666667,2.9,3.4,0.305908,5,5.63e-05,0.230354,0.305908,3,2,0,22,0,0,0,11,5,0,244050,0.897728460720618,271852.804804805,2012,2016,1,1,2,0,NA,NA,NA,NA,NA,NA,NA,NA,NA,NA,NA,NA,NA,NA
786,"G12-09","F","S","Sandsjön 3","Sandsjön_1415",2014,2015,NA,NA,0,NA,c(13.5171072597438, 13.4142459329614, 60.1046117316642, 60.0736537082706),"Värmland","Hagfors","filipstad","G12-09",0.365,1.15,0.29,0.00023,29.5,74.0740761689291,2.1,2.6,0.305908,3,6.11e-05,0.230354,0.305908,3,2,0,22,0,0,0,14,6,3,249049,0.900825843841172,276467.423423423,2012,2016,2,2,3,0,NA,NA,NA,NA,NA,NA,NA,NA,NA,NA,NA,NA,NA,NA
647,"G12-09","F","S","Sandsjön 3","Sandsjön_1516",2015,2016,NA,NA,0,NA,list(),"Värmland","Hagfors","hagfors","G12-09",0.371,1.2,0.32,0.00217,29.68,74.59375,1.6,1.9,0.305908,6,1.09e-05,0.230354,0.305908,3,1,0,22,0,0,0,14,6,0,257919,0.900758173286869,286335.453453453,2012,2016,3,3,4,0,NA,NA,NA,NA,NA,NA,NA,NA,NA,NA,NA,NA,NA,NA
510,"G12-09","F","S","Sandsjön 3","Sandsjön_1617",2016,2017,"illegal",NA,0,NA,c(13.5377990810474, 13.6611722683728, 13.5217445202705, 13.5658649472629, 60.1807955348895, 60.0253736046176, 59.9105261438226, 59.8533139412436),"Värmland","Hagfors","hagfors","G12-09",0.372,1.12,0.34,0.00331,13.333,71.7,1.1,1.8,0.305908,5,2.2e-05,0.230354,0.305908,3,0,0,22,0,0,0,18,8,4,264240,0.901532744350257,293100.834834835,2012,2016,4,4,5,1,NA,NA,NA,NA,NA,NA,NA,NA,NA,NA,NA,NA,NA,NA
363,"G136-15","F","S","Sandsjön 4","Sandsjön_1718",2017,2018,NA,NA,0,NA,list(),"Värmland","Hagfors","hagfors","G136-15",0.372,1.12,0.33,0.00331,13.367,78.0858585858586,1.3,2,0.214912,4,0.00012598,0.184856,0.214912,4,1,1,22,0,0,0,18,7,0,267645,0.899228530766143,297638.465465465,2017,2017,0,0,1,0,NA,NA,NA,NA,NA,NA,NA,NA,NA,NA,NA,NA,NA,NA
217,"G136-15","F","S","Sandsjön 5","Sandsjön_1819",2018,2019,"illegal",NA,0,NA,list(),"Värmland","Filipstad","filipstad","G136-15",0.367,1.09,0.3,0.00108,29.875,83.0454545454545,1.6,2.3,0.214912,2,0.00010792,0.223168,0.231424,10,7,0,107,41,0,0,18,2,0,246480,0.818361883744348,301187.048048048,2018,2018,0,0,1,1,NA,NA,NA,NA,NA,NA,NA,NA,NA,NA,NA,NA,NA,NA
87,"G165-17","M","S","Siggefora","Siggefora_1920",2019,2020,NA,NA,0,NA,list(),"Västmanland","Heby",NA,"G165-17",0.164,1.3,0.44,0.00573,43.925,67.6197916666667,2.4,2.5,0,0,9.7e-05,0.0670205,0.134041,0,0,0,14,3,0,0,5,0,0,277029,0.911631616171216,303882.615615616,2019,2019,0,0,1,0,NA,NA,NA,NA,NA,NA,NA,NA,NA,NA,NA,NA,NA,NA
1284,"G33-10","F","S","Siljansringen 2","Siljansringen_1011",2010,2011,NA,NA,0,NA,list(),"Dalarna","Orsa","orsa","G33-10",0.139,1.06,0.15,0.00213,4.8,82.828125,NA,2.3,0.260742,1,0.0032796,0.224121,0.260742,1,1,1,100,73,22,4,10,6,0,222803,0.865614515448884,257392.864864865,2010,2011,0,0,1,0,NA,NA,NA,NA,NA,NA,NA,NA,NA,NA,NA,NA,NA,NA
1163,"G33-10","F","S","Siljansringen 2","Siljansringen_1112",2011,2012,NA,NA,0,NA,c(14.893720902939, 61.1167825896316),"Dalarna","Orsa","orsa","G33-10",0.15,0.99,0.15,0.00098,4.85,82.530303030303,NA,2.3,0.260742,2,0.00345534,0.224121,0.260742,1,1,0,100,73,0,0,11,6,1,218698,0.847052441743276,258187.084084084,2010,2011,1,1,2,0,NA,NA,NA,NA,NA,NA,NA,NA,NA,NA,NA,NA,NA,NA
219,"G11-17","M","S","Sjunda 4","Sjunda_1819",2018,2019,NA,NA,0,NA,list(),"Södermanland","Gnesta","gnesta","G11-17",0.293,1.43,0.44,0.00994,65.214,74.2760416666667,1.6,1.6,0.183712,1,0,0.288724,0.393736,1,1,1,0,0,0,0,0,0,0,300005,0.996075368925361,301187.048048048,2018,2019,0,0,1,0,NA,NA,NA,NA,NA,NA,NA,NA,NA,NA,NA,NA,NA,NA
89,"G11-17","M","S","Sjunda 4","Sjunda_1920",2019,2020,NA,NA,0,NA,list(),"Södermanland","Gnesta",NA,"G11-17",0.293,1.53,0.44,0.01291,73.433,50.7239583333333,1.3,1.5,0.183712,1,0,0.288724,0.393736,1,1,0,12,12,12,3,0,0,0,300790,0.989822992640265,303882.615615616,2018,2019,1,1,2,0,NA,NA,NA,NA,NA,NA,NA,NA,NA,NA,NA,NA,NA,NA
1286,"G51-10","M","S","Sjösveden  1","Sjösveden_1011",2010,2011,NA,NA,0,NA,list(),"Gävleborg","Bollnäs","bollnäs","G51-10",0.208,1.13,0.19,0,13.325,93.3802083333333,NA,3,0.226807,0,0.00262769,0.226807,0.226807,4,4,2,0,0,0,0,7,3,0,239000,0.928541667716697,257392.864864865,2010,2013,0,0,1,0,NA,NA,NA,NA,NA,NA,NA,NA,NA,NA,NA,NA,NA,NA
1165,"G51-10","M","S","Sjösveden  1","Sjösveden_1112",2011,2012,NA,NA,0,NA,c(16.3754861947947, 61.0694749750332),"Gävleborg","Bollnäs","bollnäs","G51-10",0.204,1.12,0.18,0,13.375,83.1029411764706,NA,2.7,0.226807,3,0.00255597,0.226807,0.226807,4,2,0,56,56,56,3,8,4,1,238825,0.925007541904078,258187.084084084,2010,2013,1,1,2,0,NA,NA,NA,NA,NA,NA,NA,NA,NA,NA,NA,NA,NA,NA
1050,"G51-10","M","S","Sjösveden  1","Sjösveden_1213",2012,2013,NA,NA,0,NA,list(),"Gävleborg","Bollnäs","bollnäs","G51-10",0.205,1.15,0.18,0,13.35,77.828125,2.8,3,0.226807,1,0.00201729,0.226807,0.226807,4,2,0,57,57,1,1,8,2,0,244904,0.92367838118759,265139.906906907,2010,2013,2,2,3,0,NA,NA,NA,NA,NA,NA,NA,NA,NA,NA,NA,NA,NA,NA
914,"G51-10","M","S","Sjösveden  1","Sjösveden_1314",2013,2014,"illegal",NA,0,NA,list(),"Gävleborg","Bollnäs","bollnäs","G51-10",0.213,1.17,0.21,0,15.54,80.7676767676768,2.9,3,0.226807,3,0.00246942,0.226807,0.226807,4,2,0,57,57,0,0,8,1,0,249868,0.919129748098092,271852.804804805,2010,2013,3,3,4,1,NA,NA,NA,NA,NA,NA,NA,NA,NA,NA,NA,NA,NA,NA
790,"G29-15","M","S","Sjösveden  2","Sjösveden_1415",2014,2015,NA,NA,0,NA,c(15.7208702621841, 61.1049999398004),"Gävleborg","Ovanåker","ovanåker","G29-15",0.19,1.19,0.2,0.00037,8.733,76.2150537634409,2.7,3.1,0.142761,3,0.00334916,0.184784,0.226807,2,1,0,78,36,0,0,31,11,1,250740,0.906942296836106,276467.423423423,2014,2015,0,0,1,0,NA,NA,NA,NA,NA,NA,NA,NA,NA,NA,NA,NA,NA,NA
649,"G29-15","M","S","Sjösveden  2","Sjösveden_1516",2015,2016,NA,NA,0,NA,c(15.9681124645729, 15.965951406883, 61.2918858005477, 61.0718808153138),"Gävleborg","Ovanåker","ovanåker","G29-15",0.184,1.11,0.14,0,13.6,80.5104166666667,2.6,3,0.142761,4,0.00346409,0.184784,0.226807,2,0,0,82,40,4,1,33,9,2,261118,0.91193038392798,286335.453453453,2014,2015,1,1,2,0,NA,NA,NA,NA,NA,NA,NA,NA,NA,NA,NA,NA,NA,NA
512,"G173-16","F","S","Sjösveden  3","Sjösveden_1617",2016,2017,NA,NA,0,NA,c(16.0542994191371, 61.2339993429821),"Gävleborg","Ovanåker","ovanåker","G173-16",0.18,1.13,0.13,0.00037,13.75,79.8375,2.6,2.8,0.067337,3,0.00249738,0.105049,0.142761,2,0,0,82,29,0,0,34,7,1,265637,0.906299022142632,293100.834834835,2016,2018,0,0,1,0,NA,NA,NA,NA,NA,NA,NA,NA,NA,NA,NA,NA,NA,NA
367,"G173-16","F","S","Sjösveden  3","Sjösveden_1718",2017,2018,NA,NA,0,NA,c(15.6268551130974, 61.2918636673121),"Gävleborg","Ovanåker","ovanåker","G173-16",0.171,1.08,0.12,2e-05,13.8,82.2916666666667,2.4,2.7,0.067337,3,0.0025836,0.105049,0.142761,2,0,0,82,4,0,0,35,6,1,271211,0.911209509079626,297638.465465465,2016,2018,1,1,2,0,NA,NA,NA,NA,NA,NA,NA,NA,NA,NA,NA,NA,NA,NA
221,"G173-16","F","S","Sjösveden  3","Sjösveden_1819",2018,2019,"illegal",NA,0,NA,list(),"Gävleborg","Ovanåker","ovanåker","G173-16",0.161,1.06,0.1,0.00025,13.925,82.921875,2.6,2.8,0.067337,1,0.00392185,0.105049,0.142761,2,0,0,82,4,0,0,35,5,0,273268,0.90730329133013,301187.048048048,2016,2018,2,2,3,1,NA,NA,NA,NA,NA,NA,NA,NA,NA,NA,NA,NA,NA,NA
651,"G2-16","M","N","Skillingmark  2","Skillingmark_1516",2015,2016,NA,NA,0,NA,list(),"Ãstfold","Rømskog","aurskog-høland","G2-16",0.323,1.44,0.39,0,9.314,66.4509803921569,114.1,2.2,0.139008,2,2.31e-05,0.139008,0.139008,0,0,0,0,0,0,0,0,0,0,432900,1.51186307800467,286335.453453453,2015,2016,0,0,1,0,NA,NA,NA,NA,NA,NA,NA,NA,NA,NA,NA,NA,NA,NA
514,"G2-16","M","N","Skillingmark  2","Skillingmark_1617",2016,2017,"illegal",NA,0,NA,list(),"Hedmark","Eidskog","eidskog","G2-16",0.325,1.62,0.46,0,13.319,74.34375,148.4,2,0.139008,4,7.85e-06,0.139008,0.139008,0,0,0,0,0,0,0,0,0,0,355100,1.21152844958665,293100.834834835,2015,2016,1,1,2,1,NA,NA,NA,NA,NA,NA,NA,NA,NA,NA,NA,NA,NA,NA
792,"G154-14","M","S","Skillingmark 1","Skillingmark_1415",2014,2015,"illegal",NA,0,NA,list(),"Värmland","Eda","eda","G154-14",0.33,1.34,0.35,0.00031,9.26,64.2642809139785,78,2.6,0.293274,2,1.4e-07,0.216141,0.293274,1,1,0,17,10,0,0,1,0,0,224435,0.811795462991192,276467.423423423,2014,2014,0,0,1,1,NA,NA,NA,NA,NA,NA,NA,NA,NA,NA,NA,NA,NA,NA
93,"G31-19","F","N","Skillingmark 3","Skillingmark_1920",2019,2020,"censored",NA,0,NA,list(),"Ãstfold","Rømskog",NA,"G31-19",0.336,1.29,0.34,0,9.43,78.5260416666667,49.3,2.3,0.206949,4,1.88e-05,0.206949,0.206949,0,0,0,0,0,0,0,0,0,0,437200,1.43871342924407,303882.615615616,2019,2019,0,0,1,1,NA,NA,NA,NA,NA,NA,NA,NA,NA,NA,NA,NA,NA,NA
223,"G23-16","M","S","Skrottmyran","Skrottmyran_1819",2018,2019,NA,NA,0,NA,list(),"Gävleborg","Ljusdal","ljusdal","G23-16",0.18,1.16,0.27,0.00211,3.6,81.8321572580645,3,3,0.246851,3,0.0026705,0.2080565,0.246851,4,4,2,48,25,0,0,17,4,0,264917,0.879576335426409,301187.048048048,2018,2019,0,0,1,0,NA,NA,NA,NA,NA,NA,NA,NA,NA,NA,NA,NA,NA,NA
95,"G23-16","M","S","Skrottmyran","Skrottmyran_1920",2019,2020,NA,NA,0,NA,c(16.0159246717567, 15.5215771720869, 15.5686808329458, 62.1031297042508, 62.0692934021934, 61.7196460726044),"Gävleborg","Ljusdal",NA,"G23-16",0.181,1.15,0.26,0.00151,3.6,85.765625,2.5,2.6,0.246851,2,0.00292712,0.2080565,0.246851,4,2,0,49,24,1,1,20,6,3,268957,0.885068727788649,303882.615615616,2018,2019,1,1,2,0,NA,NA,NA,NA,NA,NA,NA,NA,NA,NA,NA,NA,NA,NA
1628,"G10-07","F","S","Skrälldalen","Skrälldalen_0607",2006,2007,NA,NA,0,NA,list(),"Gävleborg","Ljusdal","ljusdal","G10-07",0.169,1.06,0.27,0.00037,3.6,88.34375,NA,2.6,0.292969,2,0.00163398,0.292969,0.292969,0,0,0,1,1,0,0,0,0,0,230009,0.933019132137102,246521.204204204,2006,2010,0,0,1,0,NA,NA,NA,NA,NA,NA,NA,NA,NA,NA,NA,NA,NA,NA
1564,"G10-07","F","S","Skrälldalen","Skrälldalen_0708",2007,2008,NA,NA,0,NA,c(15.4405861492219, 15.6029142618656, 15.495350942358, 61.6773596046975, 61.6902595381255, 61.8033820262547),"Gävleborg","Ljusdal","ljusdal","G10-07",0.167,1.04,0.2,0,4.95,82.4635416666667,NA,2.4,0.292969,3,0.00213434,0.292969,0.292969,0,0,0,1,1,0,0,3,3,3,230414,0.916920154213226,251291.237237237,2006,2010,1,1,2,0,NA,NA,NA,NA,NA,NA,NA,NA,NA,NA,NA,NA,NA,NA
1484,"G10-07","F","S","Skrälldalen","Skrälldalen_0809",2008,2009,NA,NA,0,NA,c(15.3063093358795, 15.2306871689863, 15.6640889008043, 62.0156784878786, 61.7932943579804, 61.6370706040447),"Gävleborg","Ljusdal","ljusdal","G10-07",0.164,1.09,0.29,0.00184,3.6,82.5343137254902,NA,2.5,0.292969,1,0.00183733,0.292969,0.292969,0,0,0,3,2,2,1,6,6,3,230040,0.904757431226711,254255.993993994,2006,2010,2,2,3,0,NA,NA,NA,NA,NA,NA,NA,NA,NA,NA,NA,NA,NA,NA
1396,"G10-07","F","S","Skrälldalen","Skrälldalen_0910",2009,2010,NA,NA,0,NA,c(15.3289251170969, 61.5935974968009),"Gävleborg","Ljusdal","ljusdal","G10-07",0.192,1.13,0.24,0.00112,2.25,84.4375,NA,2.7,0.292969,1,0.00256048,0.292969,0.292969,0,0,0,3,2,0,0,7,7,1,234628,0.906337035248672,258875,2006,2010,3,3,4,0,NA,NA,NA,NA,NA,NA,NA,NA,NA,NA,NA,NA,NA,NA
1288,"G10-07","F","S","Skrälldalen","Skrälldalen_1011",2010,2011,"illegal",NA,0,NA,list(),"Gävleborg","Ljusdal","ljusdal","G10-07",0.194,1.13,0.26,0.00112,2.25,91.1458333333333,NA,3,0.292969,1,0.00319524,0.292969,0.292969,0,0,0,3,2,0,0,7,7,0,231188,0.898191176050576,257392.864864865,2006,2010,4,4,5,1,NA,NA,NA,NA,NA,NA,NA,NA,NA,NA,NA,NA,NA,NA
1398,"G18-10","F","S","Skugghöjden","Skugghöjden_0910",2009,2010,NA,NA,0,NA,c(13.3774451448881, 12.9360613093895, 12.8609494767037, 59.9064369634002, 59.9661952463752, 59.8725583280516),"Värmland","Sunne","sunne","G18-10",0.438,1.14,0.3,0,9.85,82.2013685239492,NA,3.6,0.276123,2,3.75e-05,0.144064173913043,0.276123,0,0,0,9,4,3,1,8,8,3,234003,0.903922742636407,258875,2009,2019,0,0,1,0,NA,NA,NA,NA,NA,NA,NA,NA,NA,NA,NA,NA,NA,NA
1290,"G18-10","F","S","Skugghöjden","Skugghöjden_1011",2010,2011,NA,NA,0,NA,list(),"Värmland","Sunne","sunne","G18-10",0.428,1.24,0.35,0.00197,9.633,84.5190476190476,NA,3.9,0.276123,3,6.88e-05,0.144064173913043,0.276123,2,2,2,12,7,3,1,8,8,0,234765,0.912088220173683,257392.864864865,2009,2019,1,1,2,0,NA,NA,NA,NA,NA,NA,NA,NA,NA,NA,NA,NA,NA,NA
1167,"G18-10","F","S","Skugghöjden","Skugghöjden_1112",2011,2012,NA,NA,0,NA,c(13.3624377957103, 59.9133433238309),"Värmland","Sunne","sunne","G18-10",0.42,1.27,0.3,0,11.205,81.8125,NA,3.7,0.276123,2,5.55e-05,0.144064173913043,0.276123,4,4,2,13,7,1,1,9,9,1,234015,0.906377640191281,258187.084084084,2009,2019,2,2,3,0,NA,NA,NA,NA,NA,NA,NA,NA,NA,NA,NA,NA,NA,NA
1052,"G18-10","F","N","Skugghöjden","Østmarka_1213",2012,2013,NA,NA,0,NA,list(),"Akershus","Enebakk","enebakk","G18-10",0.398,1.19,1.75,0.03968,271.533,69.2280092592593,60.9,2.8,0.276123,1,0,0.144064173913043,0.276123,0,0,0,0,0,0,0,0,0,0,389500,1.46903574246466,265139.906906907,2009,2019,3,3,4,0,NA,NA,NA,NA,NA,NA,NA,NA,NA,NA,NA,NA,NA,NA
916,"G18-10","F","S","Skugghöjden","Skugghöjden_1314",2013,2014,NA,NA,0,NA,c(12.8578889270886, 13.5101520995717, 12.9937617282455, 13.0999312542365, 12.7481566265371, 60.4010648076978, 60.3988296429129, 60.0445043872313, 60.2613729391223, 60.1060788655507),"Värmland","Torsby","sunne","G18-10",0.404,1.38,0.32,0,10.972,82.078125,103.8,3.2,0.276123,5,2.56e-05,0.144064173913043,0.276123,4,4,0,129,66,1,1,26,10,5,244886,0.900803654300468,271852.804804805,2009,2019,4,4,5,0,NA,NA,NA,NA,NA,NA,NA,NA,NA,NA,NA,NA,NA,NA
794,"G18-10","F","S","Skugghöjden","Skugghöjden_1415",2014,2015,NA,NA,0,NA,c(12.8430534852344, 13.1553307746231, 13.0802127924252, 12.728984192977, 12.6307912253849, 12.6529131518536, 60.5141853886911, 60.1111115164721, 60.117469919733, 60.3225737170073, 60.2928758921488, 60.9677494794059),"Värmland","Torsby","torsby","G18-10",0.403,1.39,0.29,0,10.352,69.4511088709677,77.4,2.5,0.276123,5,7.78e-05,0.144064173913043,0.276123,4,4,0,147,43,18,2,32,16,6,246277,0.890799346087205,276467.423423423,2009,2019,5,5,6,0,NA,NA,NA,NA,NA,NA,NA,NA,NA,NA,NA,NA,NA,NA
653,"G18-10","F","S","Skugghöjden","Skugghöjden_1516",2015,2016,NA,NA,0,NA,c(13.334397159136, 59.8402445134751),"Värmland","Sunne","sunne","G18-10",0.432,1.22,0.3,0,11.311,75.3686868686869,7.7,1.9,0.276123,3,6.35e-05,0.144064173913043,0.276123,7,5,3,19,7,0,0,12,4,1,265871,0.928529795361928,286335.453453453,2009,2019,6,6,7,0,NA,NA,NA,NA,NA,NA,NA,NA,NA,NA,NA,NA,NA,NA
516,"G18-10","F","S","Skugghöjden","Skugghöjden_1617",2016,2017,NA,NA,0,NA,c(12.7453638708716, 59.9149038451647),"Värmland","Sunne","sunne","G18-10",0.42,1.27,0.29,0.00023,11.342,75.6606060606061,17.6,1.8,0.276123,5,3.13e-05,0.144064173913043,0.276123,7,3,0,42,29,23,3,13,4,1,272406,0.929393463357085,293100.834834835,2009,2019,7,7,8,0,NA,NA,NA,NA,NA,NA,NA,NA,NA,NA,NA,NA,NA,NA
369,"G18-10","F","S","Skugghöjden","Skugghöjden_1718",2017,2018,NA,NA,0,NA,c(12.8886514444512, 13.0969138194698, 13.0021895178716, 59.8190161664308, 59.7086238771807, 59.7377181595527),"Värmland","Sunne","sunne","G18-10",0.412,1.31,0.28,0.00015,11.347,77.6875,28.1,2,0.276123,3,8.08e-05,0.144064173913043,0.276123,8,4,1,45,32,3,3,16,7,3,278797,0.936696806187332,297638.465465465,2009,2019,8,8,9,0,NA,NA,NA,NA,NA,NA,NA,NA,NA,NA,NA,NA,NA,NA
225,"G18-10","F","S","Skugghöjden","Skugghöjden_1819",2018,2019,NA,NA,0,NA,list(),"Värmland","Sunne","sunne","G18-10",0.412,1.31,0.29,0,11.341,83.109375,29.1,2.2,0.276123,2,6.7e-05,0.144064173913043,0.276123,8,4,0,45,32,0,0,16,6,0,284696,0.945246489997082,301187.048048048,2009,2019,9,9,10,0,NA,NA,NA,NA,NA,NA,NA,NA,NA,NA,NA,NA,NA,NA
97,"G18-10","F","S","Skugghöjden","Skugghöjden_1920",2019,2020,NA,NA,0,NA,list(),"Värmland","Sunne",NA,"G18-10",0.415,1.28,0.29,0.00197,11.3,82.6060606060606,15.1,2.6,0.276123,3,8.12e-05,0.144064173913043,0.276123,8,4,0,47,28,2,1,16,5,0,283215,0.931988160712167,303882.615615616,2009,2019,10,10,11,0,NA,NA,NA,NA,NA,NA,NA,NA,NA,NA,NA,NA,NA,NA
1400,"G73-10","M","N","Slettås 1","Slettås_0910",2009,2010,NA,NA,0,NA,list(),"Hedmark","Trysil","trysil","G73-10",0.189,0.93,0.27,0.011,2.717,96.1927083333333,NA,2.9,0.28125,1,0.00039038,0.2786865,0.28125,0,0,0,0,0,0,0,0,0,0,280500,1.08353452438436,258875,2009,2012,0,0,1,0,NA,NA,NA,NA,NA,NA,NA,NA,NA,NA,NA,NA,NA,NA
1294,"G73-10","M","N","Slettås 1","Slettås_1011",2010,2011,NA,NA,0,NA,list(),"Hedmark","Trysil","trysil","G73-10",0.203,1.03,0.41,0.01574,2.721,82.6979166666667,NA,2.9,0.28125,2,0.00051522,0.2786865,0.28125,0,0,0,0,0,0,0,0,0,0,288300,1.12007766863064,257392.864864865,2009,2012,1,1,2,0,NA,NA,NA,NA,NA,NA,NA,NA,NA,NA,NA,NA,NA,NA
1171,"G73-10","M","N","Slettås 1","Slettås_1112",2011,2012,NA,NA,0,NA,list(),"Hedmark","Trysil","trysil","G73-10",0.197,1.03,0.44,0.01514,7.239,85.747311827957,NA,2.8,0.28125,0,0.00049091,0.2786865,0.28125,0,0,0,0,0,0,0,0,0,0,298500,1.15613839111637,258187.084084084,2009,2012,2,2,3,0,NA,NA,NA,NA,NA,NA,NA,NA,NA,NA,NA,NA,NA,NA
1055,"G73-10","M","N","Slettås 1","Slettås_1213",2012,2013,"illegal",NA,0,NA,list(),"Hedmark","Trysil","trysil","G73-10",0.183,0.93,0.3,0.01422,7.29,87.1380952380952,724.9,2.6,0.28125,2,0.00046486,0.2786865,0.28125,0,0,0,0,0,0,0,0,0,0,304300,1.1476959600308,265139.906906907,2009,2012,3,3,4,1,NA,NA,NA,NA,NA,NA,NA,NA,NA,NA,NA,NA,NA,NA
99,"G136-19","F","N","Slettås 4","Slettås_1920",2019,2020,NA,NA,0,NA,list(),"Hedmark","Trysil",NA,"G136-19",0.194,0.96,0.29,0.01402,7.573,84.4677419354839,457.8,1.8,0.134041,2,0.00067403,0.1857915,0.237542,2,2,2,0,0,0,0,0,0,0,403800,1.32880256799807,303882.615615616,2019,2019,0,0,1,0,NA,NA,NA,NA,NA,NA,NA,NA,NA,NA,NA,NA,NA,NA
229,"G175-17","F","N","Sotsjöen 1","Sotsjøen_1819",2018,2019,"illegal",NA,0,NA,list(),"Akershus","Aurskog-Høland","aurskog-høland","G175-17",0.326,1.58,0.44,0,9.592,83.1818181818182,138.2,2.1,0.218197,5,1.3e-06,0.212573,0.218197,0,0,0,0,0,0,0,0,0,0,424300,1.40875911746481,301187.048048048,2018,2018,0,0,1,1,NA,NA,NA,NA,NA,NA,NA,NA,NA,NA,NA,NA,NA,NA
1813,"M-02-07","F","S","Stadra","Stadra_0203",2002,2003,NA,NA,1,NA,list(),"Orebro","Hällefors","hällefors","M-02-07",0.259,1.24,0.33,0.00108,11.7,75.2022727272727,NA,4.4,0.269531,1,0,0.314453,0.359375,0,0,0,0,0,0,0,0,0,0,214104,0.933089518044873,229457.084084084,2002,2003,0,0,1,0,NA,NA,NA,NA,NA,NA,NA,NA,NA,NA,NA,NA,NA,NA
1783,"M-02-07","F","S","Stadra","Stadra_0304",2003,2004,"illegal",1,1,NA,c(14.6306644651721, 59.5105329669124),"Orebro","Hällefors","hällefors","M-02-07",0.276,1.13,0.35,0.00078,21.7,66.8676441837732,NA,4.5,0.269531,1,0,0.314453,0.359375,0,0,0,1,1,1,1,1,1,1,220091,0.943248162584886,233333.081081081,2002,2003,1,1,2,1,NA,NA,NA,NA,NA,NA,NA,NA,NA,NA,NA,NA,NA,NA
373,"G272-17","F","S","Stora Bör 1","Stora Bör_1718",2017,2018,NA,NA,0,NA,list(),"Värmland","Årjäng","årjäng","G272-17",0.43,1.12,0.25,0.00122,11.75,64.5909090909091,2.3,2,0.3106,4,0,0.3323095,0.354019,1,0,0,17,0,0,0,14,6,0,284945,0.957352738512428,297638.465465465,2017,2018,0,0,1,0,NA,NA,NA,NA,NA,NA,NA,NA,NA,NA,NA,NA,NA,NA
231,"G272-17","F","S","Stora Bör 1","Stora Bör_1819",2018,2019,NA,NA,0,NA,list(),"Värmland","Säffle","årjäng","G272-17",0.422,1.09,0.24,0.00075,11.9,82.3232323232323,2.1,2.3,0.3106,3,0,0.3323095,0.354019,0,0,0,26,8,0,0,3,1,0,260513,0.864954192712964,301187.048048048,2017,2018,1,1,2,0,NA,NA,NA,NA,NA,NA,NA,NA,NA,NA,NA,NA,NA,NA
104,"G52-19","M","S","Stora Bör 2","Tansen_1920",2019,2020,NA,NA,0,NA,list(),"Dalarna","Gagnef",NA,"G52-19",0.249,1.28,0.28,0.00274,27.567,82.1979166666667,2.8,2.5,0.249692,1,0.00063433,0.280146,0.3106,2,2,0,7,7,3,1,6,2,0,292243,0.961697000692074,303882.615615616,2019,2019,0,0,1,0,NA,NA,NA,NA,NA,NA,NA,NA,NA,NA,NA,NA,NA,NA
1296,"G106-11","F","N","Stora Le","Stora Le_1011",2010,2011,"illegal",NA,0,NA,list(),"Ãstfold","Aremark","aremark","G106-11",0.412,1.11,0.38,0,14.191,83.2365591397849,NA,3.4,0.256958,2,0,0.327698,0.398438,0,0,0,0,0,0,0,0,0,0,321500,1.24906337310008,257392.864864865,2010,2010,0,0,1,1,NA,NA,NA,NA,NA,NA,NA,NA,NA,NA,NA,NA,NA,NA
520,"G155-15","M","S","Säxen","Säxen_1617",2016,2017,"illegal",NA,0,NA,list(),"Dalarna","Mora","mora","G155-15",0.256,1.18,0.19,0,6.725,79.23125,2.8,2.2,0.224609,0,0.0012924,0.188385,0.224609,1,0,0,5,5,3,1,9,2,0,286773,0.978410723946247,293100.834834835,2016,2016,0,0,1,1,NA,NA,NA,NA,NA,NA,NA,NA,NA,NA,NA,NA,NA,NA
1566,"G4-08","F","S","Sången 1","Sången_0708",2007,2008,NA,NA,0,NA,c(15.4450052775812, 60.8104796179632),"Dalarna","Leksand","leksand","G4-08",0.249,0.99,0.26,0.00018,9.3,74.75,NA,2.6,0.293457,1,0.00091388,0.293457,0.293457,0,0,0,8,8,8,2,1,1,1,244519,0.973050245158992,251291.237237237,2007,2011,0,0,1,0,NA,NA,NA,NA,NA,NA,NA,NA,NA,NA,NA,NA,NA,NA
1486,"G4-08","F","S","Sången 1","Sången_0809",2008,2009,NA,NA,0,NA,c(15.2505608709496, 60.6571090872159),"Dalarna","Leksand","leksand","G4-08",0.245,1.02,0.25,0.00096,9.3,83.2956989247312,NA,2.4,0.293457,1,0.00073254,0.293457,0.293457,0,0,0,8,8,0,0,2,2,1,246249,0.968508140680518,254255.993993994,2007,2011,1,1,2,0,NA,NA,NA,NA,NA,NA,NA,NA,NA,NA,NA,NA,NA,NA
1402,"G4-08","F","S","Sången 1","Sången_0910",2009,2010,NA,NA,0,NA,list(),"Dalarna","Leksand","leksand","G4-08",0.247,0.99,0.28,0,9.275,80.3405934343434,NA,2.3,0.293457,2,0.0009541,0.293457,0.293457,0,0,0,8,8,0,0,2,2,0,252174,0.974114920328344,258875,2007,2011,2,2,3,0,NA,NA,NA,NA,NA,NA,NA,NA,NA,NA,NA,NA,NA,NA
1298,"G4-08","F","S","Sången 1","Sången_1011",2010,2011,NA,NA,0,NA,list(),"Dalarna","Leksand","leksand","G4-08",0.241,1.02,0.25,0.00096,9.275,87.7979797979798,NA,2.3,0.293457,2,0.00087311,0.293457,0.293457,4,4,4,8,8,0,0,2,2,0,250549,0.973410821358789,257392.864864865,2007,2011,3,3,4,0,NA,NA,NA,NA,NA,NA,NA,NA,NA,NA,NA,NA,NA,NA
1173,"G4-08","F","S","Sången 1","Sången_1112",2011,2012,NA,NA,0,NA,c(15.4225905635203, 60.8258538086554),"Dalarna","Leksand","leksand","G4-08",0.242,1.11,0.33,0.00092,10,82.4895833333333,NA,2.3,0.293457,4,0.00082839,0.293457,0.293457,4,4,0,25,25,17,1,3,3,1,249939,0.968053847025911,258187.084084084,2007,2011,4,4,5,0,NA,NA,NA,NA,NA,NA,NA,NA,NA,NA,NA,NA,NA,NA
1057,"G4-08","F","S","Sången 2","Sången_1213",2012,2013,NA,NA,0,NA,c(15.1459834638427, 15.5047588613318, 60.6581600023249, 60.864474293293),"Dalarna","Leksand","leksand","G4-08",0.238,1.06,0.25,0.00096,9.225,78.5632183908046,2.2,1.9,0.293457,1,0.00072583,0.222809,0.293457,4,4,0,42,34,17,1,5,4,2,256482,0.967345892936642,265139.906906907,2012,2013,0,0,1,0,NA,NA,NA,NA,NA,NA,NA,NA,NA,NA,NA,NA,NA,NA
920,"G4-08","F","S","Sången 2","Sången_1314",2013,2014,"illegal",NA,0,NA,list(),"Dalarna","Leksand","leksand","G4-08",0.254,1.04,0.23,0.00096,9.25,81.2239583333333,2.6,2.2,0.293457,0,0.00155012,0.222809,0.293457,4,4,0,42,34,0,0,5,3,0,263930,0.970856269772558,271852.804804805,2012,2013,1,1,2,1,NA,NA,NA,NA,NA,NA,NA,NA,NA,NA,NA,NA,NA,NA
798,"G4-15","F","S","Sången 3","Sången_1415",2014,2015,NA,NA,0,NA,c(15.2630117159716, 15.2102673140299, 60.7461909393899, 60.6953037236882),"Dalarna","Leksand","leksand","G4-15",0.256,0.97,0.24,0,9.25,79.6720430107527,2.8,2.2,0.48584,0,0.00154366,0.3190005,0.48584,4,4,0,47,39,5,1,7,5,2,266896,0.965379561523369,276467.423423423,2014,2014,0,0,1,0,NA,NA,NA,NA,NA,NA,NA,NA,NA,NA,NA,NA,NA,NA
657,"G153-14","M","S","Sången 4","Sången_1516",2015,2016,"illegal",NA,0,NA,list(),"Dalarna","Leksand","leksand","G153-14",0.268,1.03,0.21,0.00051,9.275,75.78125,3.2,2.3,0.298141,1,0.00166496,0.3919905,0.48584,8,4,4,107,99,60,6,7,5,0,277172,0.967997489158488,286335.453453453,2015,2015,0,0,1,1,NA,NA,NA,NA,NA,NA,NA,NA,NA,NA,NA,NA,NA,NA
1404,"M-09-09","F","S","Tandsjön 1","Tandsjön_0910",2009,2010,NA,NA,1,NA,c(13.6965321401495, 62.157093841196),"Jämtland","Härjedalen","härjedalen","M-09-09",0.213,0.82,0.08,0,3.9,91.34375,NA,2.5,0.261963,0,0.00397631,0.2645265,0.26709,1,1,1,28,28,28,3,5,2,1,230849,0.891739256397875,258875,2009,2013,0,0,1,0,NA,NA,NA,NA,NA,NA,NA,NA,NA,NA,NA,NA,NA,NA
1300,"M-09-09","F","S","Tandsjön 1","Tandsjön_1011",2010,2011,NA,NA,1,NA,list(),"Jämtland","Härjedalen","härjedalen","M-09-09",0.202,0.77,0.07,0,3.32,90.2760416666667,NA,2.6,0.261963,0,0.00348469,0.2645265,0.26709,4,4,3,28,28,0,0,5,2,0,227207,0.882724546848985,257392.864864865,2009,2013,1,1,2,0,NA,NA,NA,NA,NA,NA,NA,NA,NA,NA,NA,NA,NA,NA
1175,"M-09-09","F","S","Tandsjön 1","Tandsjön_1112",2011,2012,NA,NA,1,NA,list(),"Jämtland","Härjedalen","härjedalen","M-09-09",0.216,0.74,0.08,0,3.32,79.90625,NA,2.7,0.261963,0,0.00351032,0.2645265,0.26709,7,7,3,28,28,0,0,5,1,0,227537,0.881287306865814,258187.084084084,2009,2013,2,2,3,0,NA,NA,NA,NA,NA,NA,NA,NA,NA,NA,NA,NA,NA,NA
1059,"M-09-09","F","S","Tandsjön 1","Tandsjön_1213",2012,2013,NA,NA,1,NA,list(),"Jämtland","Härjedalen","härjedalen","M-09-09",0.207,0.73,0.07,0,3.28,91.2,1.1,2.4,0.261963,0,0.00408893,0.2645265,0.26709,10,10,3,28,28,0,0,5,1,0,235060,0.886550812897931,265139.906906907,2009,2013,3,3,4,0,NA,NA,NA,NA,NA,NA,NA,NA,NA,NA,NA,NA,NA,NA
924,"M-09-09","F","S","Tandsjön 1","Tandsjön_1314",2013,2014,NA,NA,1,NA,c(15.335759709627, 14.1185118839114, 62.1500449911025, 61.6563177014698),"Jämtland","Härjedalen","härjedalen","M-09-09",0.202,0.77,0.07,0,3.32,82.1161616161616,1.1,2.4,0.261963,0,0.00345226,0.2645265,0.26709,11,11,1,28,28,0,0,7,3,2,240435,0.88443082341062,271852.804804805,2009,2013,4,4,5,0,NA,NA,NA,NA,NA,NA,NA,NA,NA,NA,NA,NA,NA,NA
522,"G48-16","F","S","Tandsjön 4","Tandsjön_1617",2016,2017,"illegal",NA,0,NA,list(),"Jämtland","Härjedalen","härjedalen","G48-16",0.216,0.71,0.07,0,3.34,80,1.4,2.3,0.243027,0,0.00258794,0.197594,0.243027,18,11,2,28,0,0,0,7,2,0,265499,0.905828194415111,293100.834834835,2016,2016,0,0,1,1,NA,NA,NA,NA,NA,NA,NA,NA,NA,NA,NA,NA,NA,NA
233,"G295-17","M","S","Tandsjön 5","Tandsjön_1819",2018,2019,NA,NA,0,NA,list(),"Jämtland","Härjedalen","härjedalen","G295-17",0.206,0.88,0.11,0,3.925,82.5833333333333,1.6,2.6,0.298141,0,0.00265333,0.2676225,0.298141,24,13,2,28,0,0,0,7,0,0,267657,0.888673672173649,301187.048048048,2018,2018,0,0,1,0,NA,NA,NA,NA,NA,NA,NA,NA,NA,NA,NA,NA,NA,NA
397,"M11-05/G47-11","F","S","Tansen 2","Tansen _1112",2011,2017,NA,NA,1,NA,list(),"Dalarna","Ludvika","ludvika","G47-11",0.256,1.29,0.28,0.00258,29,83.9166666666667,NA,2.3,0,2,0.00038718,0.13678,0.27356,5,5,5,14,2,2,2,3,1,0,250507,0.970253802155406,258187.084084084,2011,2012,0,0,6,0,NA,NA,NA,NA,NA,NA,NA,NA,NA,NA,NA,NA,NA,NA
1061,"G75-12","M","S","Tansen 2","Tansen_1213",2012,2013,"illegal",NA,0,NA,list(),"Dalarna","Gagnef","borlänge","G75-12",0.243,1.34,0.31,0.00317,26.25,71.4807449494949,2.5,1.9,0.27356,2,0.00038206,0.13678,0.27356,0,0,0,0,0,0,0,3,2,0,262301,0.989292796621884,265139.906906907,2011,2012,1,1,2,1,NA,NA,NA,NA,NA,NA,NA,NA,NA,NA,NA,NA,NA,NA
926,"M-10-07","M","S","Tansen 3","Tansen_1314",2013,2014,NA,NA,1,NA,list(),"Dalarna","Borlänge","borlänge","M-10-07",0.242,1.43,0.36,0.01199,29.3,80.3774509803922,2.7,2.2,0.429688,2,0.0008826,0.214844,0.429688,0,0,0,1,1,1,1,2,2,0,267237,0.983020941026821,271852.804804805,2013,2016,0,0,1,0,NA,NA,NA,NA,NA,NA,NA,NA,NA,NA,NA,NA,NA,NA
802,"M-10-07","M","S","Tansen 3","Tansen_1415",2014,2015,NA,NA,1,NA,list(),"Dalarna","Gagnef","gagnef","M-10-07",0.249,1.27,0.27,0.00274,29.82,76.6927083333333,2.7,2.2,0.429688,4,0.00078707,0.214844,0.429688,0,0,0,0,0,0,0,4,1,0,273927,0.990811129239149,276467.423423423,2013,2016,1,1,2,0,NA,NA,NA,NA,NA,NA,NA,NA,NA,NA,NA,NA,NA,NA
661,"M-10-07","M","S","Tansen 3","Tansen_1516",2015,2016,NA,NA,1,NA,list(),"Dalarna","Borlänge","ludvika","M-10-07",0.277,1.29,0.27,0.00133,29.76,72.469696969697,2.9,2.3,0.429688,4,0.00079593,0.214844,0.429688,0,0,0,1,1,0,0,4,3,0,280598,0.979962476234589,286335.453453453,2013,2016,2,2,3,0,NA,NA,NA,NA,NA,NA,NA,NA,NA,NA,NA,NA,NA,NA
524,"M-10-07","M","S","Tansen 3","Tansen_1617",2016,2017,"illegal",NA,1,NA,c(14.4467497806852, 60.207076534258),"Dalarna","Ludvika","ludvika","M-10-07",0.268,1.26,0.26,0.00195,30.14,71.75,2.6,2.2,0.429688,3,0.00043976,0.214844,0.429688,16,11,7,31,17,0,0,8,5,1,276846,0.944541833720826,293100.834834835,2013,2016,3,3,4,1,NA,NA,NA,NA,NA,NA,NA,NA,NA,NA,NA,NA,NA,NA
375,"M17-01/G156-16","M","S","Tansen 4","Tansen_1718",2017,2018,NA,NA,1,NA,c(14.9295583600675, 60.3801418199025),"Dalarna","Gagnef","ludvika","G156-16",0.262,1.26,0.26,0.00239,30.3,77.21875,2.5,2.4,0.298141,2,0.00053367,0.270687,0.298141,2,2,2,4,4,0,0,5,2,1,291447,0.979198033238806,297638.465465465,2017,2018,0,0,1,0,NA,NA,NA,NA,NA,NA,NA,NA,NA,NA,NA,NA,NA,NA
235,"M17-01/G156-16","M","S","Tansen 4","Tansen_1819",2018,2019,NA,NA,1,NA,c(14.6474524266691, 60.2618518773062),"Dalarna","Ludvika","ludvika","G156-16",0.27,1.29,0.26,0.00195,30.38,82.625,2.8,2.5,0.298141,1,0.00061604,0.270687,0.298141,16,11,0,31,17,0,0,9,4,1,281230,0.933738691031414,301187.048048048,2017,2018,1,1,2,0,NA,NA,NA,NA,NA,NA,NA,NA,NA,NA,NA,NA,NA,NA
1408,"G33-09","F","S","Tennan","Tennån_0910",2009,2010,"illegal",NA,0,NA,c(13.404156810597, 61.3977002486097),"Dalarna","Älvdalen","älvdalen","G33-09",0.128,0.69,0.23,0.00116,1.8,86,NA,2.3,0.305908,1,0.00136321,0.288208,0.305908,1,1,1,5,5,5,3,4,3,1,231209,0.89312988894254,258875,2009,2009,0,0,1,1,NA,NA,NA,NA,NA,NA,NA,NA,NA,NA,NA,NA,NA,NA
1630,"G9-07","M","S","Tenskog 1","Tenskog_0607",2006,2007,NA,NA,0,NA,list(),"Gävleborg","Ljusdal","ljusdal","G9-07",0.178,1,0.22,0,5.167,87.28125,NA,2.6,0.265625,2,0.00189885,0.279297,0.292969,0,0,0,1,1,0,0,0,0,0,230009,0.933019132137102,246521.204204204,2006,2007,0,0,1,0,NA,NA,NA,NA,NA,NA,NA,NA,NA,NA,NA,NA,NA,NA
1568,"G9-07","M","S","Tenskog 1","Tenskog_0708",2007,2008,"illegal",NA,0,NA,c(15.4405861492219, 15.6029142618656, 15.495350942358, 61.6773596046975, 61.6902595381255, 61.8033820262547),"Gävleborg","Ljusdal","ljusdal","G9-07",0.182,1,0.22,0,4.9,81.6510416666667,NA,2.4,0.265625,3,0.00250744,0.279297,0.292969,0,0,0,1,1,0,0,3,3,3,230414,0.916920154213226,251291.237237237,2006,2007,1,1,2,1,NA,NA,NA,NA,NA,NA,NA,NA,NA,NA,NA,NA,NA,NA
237,"G88-17","M","S","Tinäset 1","Tinäset_1819",2018,2019,NA,NA,0,NA,list(),"Gävleborg","Sandviken","sandviken","G88-17",0.198,1.18,0.26,0.00053,31.567,82.0637254901961,3,2.9,0.231424,0,0.00064843,0.1493805,0.231424,0,0,0,20,10,4,2,4,4,0,280715,0.93202879014644,301187.048048048,2018,2018,0,0,1,0,NA,NA,NA,NA,NA,NA,NA,NA,NA,NA,NA,NA,NA,NA
105,"G188-17","F","S","Tinäset 2","Tinäset_1920",2019,2020,NA,NA,0,NA,list(),"Gävleborg","Hofors",NA,"G188-17",0.121,1.41,0.31,0.00258,35.38,79.9375,3.2,2.6,0.400426,2,0.00101325,0.315925,0.400426,0,0,0,5,0,0,0,1,0,0,287280,0.945365036489562,303882.615615616,2019,2019,0,0,1,0,NA,NA,NA,NA,NA,NA,NA,NA,NA,NA,NA,NA,NA,NA
928,"M13-12/G23-13","M","S","Tiveden 1","Tiveden_1314",2013,2014,NA,NA,1,NA,list(),"Orebro","Askersund","askersund","G23-13",0.22,1.41,0.38,0.00431,15.86,76.4329501915709,3.8,2.9,NA,0,0,NA,NA,0,0,0,4,3,3,2,0,0,0,261603,0.962296490513812,271852.804804805,2013,2014,0,0,1,0,NA,NA,NA,NA,NA,NA,NA,NA,NA,NA,NA,NA,NA,NA
804,"M13-12/G23-13","M","S","Tiveden 1","Tiveden_1415",2014,2015,"illegal",NA,1,NA,list(),"Orebro","Askersund","askersund","G23-13",0.219,1.38,0.38,0.0042,15.95,52.9583333333333,3.3,2.7,NA,0,0,NA,NA,0,0,0,5,4,1,1,0,0,0,266059,0.962352080058697,276467.423423423,2013,2014,1,1,2,1,NA,NA,NA,NA,NA,NA,NA,NA,NA,NA,NA,NA,NA,NA
526,"G123-14","M","S","Tiveden 2","Tiveden_1617",2016,2017,NA,NA,0,NA,list(),"Orebro","Askersund","askersund","G123-14",0.232,1.5,0.41,0.00505,16.28,57.15625,3.1,2.4,0.214123,0,0,NA,NA,0,0,0,5,4,0,0,0,0,0,277050,0.945237839926728,293100.834834835,2016,2019,0,0,1,0,NA,NA,NA,NA,NA,NA,NA,NA,NA,NA,NA,NA,NA,NA
377,"G123-14","M","S","Tiveden 2","Tiveden_1718",2017,2018,NA,NA,0,NA,list(),"Orebro","Askersund","askersund","G123-14",0.222,1.35,0.37,0.00409,16.3,58.9569892473118,2.7,2.3,0.214123,1,0,NA,NA,0,0,0,8,7,3,1,0,0,0,285359,0.958743687761385,297638.465465465,2016,2019,1,1,2,0,NA,NA,NA,NA,NA,NA,NA,NA,NA,NA,NA,NA,NA,NA
239,"G123-14","M","S","Tiveden 2","Tiveden_1819",2018,2019,NA,NA,0,NA,list(),"Orebro","Laxå","laxå","G123-14",0.19,1.4,0.39,0.0035,17.983,73.9847756410256,2.5,2.3,0.214123,1,0,NA,NA,1,0,0,18,0,0,0,2,0,0,269103,0.893474675435148,301187.048048048,2016,2019,2,2,3,0,NA,NA,NA,NA,NA,NA,NA,NA,NA,NA,NA,NA,NA,NA
107,"G123-14","M","S","Tiveden 2","Tiveden_1920",2019,2020,"illegal",NA,0,NA,list(),"Orebro","Laxå",NA,"G123-14",0.203,1.41,0.39,0.00315,16.65,56.6236559139785,2.1,2.3,0.214123,0,0,NA,NA,1,0,0,18,0,0,0,2,0,0,266519,0.877045893066561,303882.615615616,2016,2019,3,3,4,1,NA,NA,NA,NA,NA,NA,NA,NA,NA,NA,NA,NA,NA,NA
241,"G222-17","M","S","Tjunken 1","Tjunken_1819",2018,2019,NA,NA,0,NA,list(),"Värmland","Forshaga","forshaga","G222-17",0.324,1.14,0.46,0.00557,38.975,82.09375,2.5,2.3,0.134041,4,1.26e-05,0.2009315,0.267822,3,3,0,3,2,0,0,4,2,0,289581,0.961465646935135,301187.048048048,2018,2019,0,0,1,0,NA,NA,NA,NA,NA,NA,NA,NA,NA,NA,NA,NA,NA,NA
109,"G222-17","M","S","Tjunken 1","Tjunken_1920",2019,2020,NA,NA,0,NA,c(13.5500499695001, 13.5666549711276, 59.5323156207471, 59.6193164199777),"Värmland","Forshaga",NA,"G222-17",0.296,1.27,0.57,0.01557,49,63.734375,2.6,2.6,0.134041,2,2e-08,0.2009315,0.267822,3,3,0,3,1,0,0,6,4,2,292101,0.961229714994561,303882.615615616,2018,2019,1,1,2,0,NA,NA,NA,NA,NA,NA,NA,NA,NA,NA,NA,NA,NA,NA
528,"G47-16","M","S","Trollberget","Trollberget_1617",2016,2017,NA,NA,0,NA,list(),"Dalarna","Falun","falun","G47-16",0.167,1.13,0.3,0.00053,15.567,77.06875,2.9,2.2,0.266815,4,0.00194169,0.236988,0.266815,0,0,0,117,60,8,3,15,3,0,302223,1.03112295865792,293100.834834835,2016,2017,0,0,1,0,NA,NA,NA,NA,NA,NA,NA,NA,NA,NA,NA,NA,NA,NA
379,"G47-16","M","S","Trollberget","Trollberget_1718",2017,2018,"illegal",NA,0,NA,list(),"Dalarna","Rättvik","rättvik","G47-16",0.163,0.93,0.26,3e-04,15.667,80.0490196078431,2.8,2.4,0.266815,3,0.00235198,0.236988,0.266815,2,0,0,42,18,7,2,15,1,0,266105,0.894054468342486,297638.465465465,2016,2017,1,1,2,1,NA,NA,NA,NA,NA,NA,NA,NA,NA,NA,NA,NA,NA,NA
1412,"G10-10","M","S","Trång 1","Trång_0910",2009,2010,NA,NA,0,NA,list(),"Värmland","Torsby","torsby","G10-10",0.243,0.97,0.26,0.00056,3,79.3552920509442,NA,3.6,0.279175,6,0.00013459,0.274353,0.279175,0,0,0,104,87,41,6,16,9,0,226391,0.874518590053114,258875,2009,2013,0,0,1,0,NA,NA,NA,NA,NA,NA,NA,NA,NA,NA,NA,NA,NA,NA
1306,"G10-10","M","S","Trång 1","Trång_1011",2010,2011,NA,NA,0,NA,c(13.4133092707285, 12.9378344746802, 60.3507287901351, 60.8397995902267),"Värmland","Torsby","torsby","G10-10",0.216,0.9,0.27,0.00092,4.533,84.84375,NA,3.9,0.279175,3,0.0001921,0.274353,0.279175,3,3,3,123,86,19,6,18,6,2,225728,0.876978466821567,257392.864864865,2009,2013,1,1,2,0,NA,NA,NA,NA,NA,NA,NA,NA,NA,NA,NA,NA,NA,NA
1180,"G10-10","M","S","Trång 1","Trång_1112",2011,2012,NA,NA,0,NA,c(13.1622102401246, 13.0409115147087, 13.0323194274726, 60.6400631633285, 60.8040744735672, 60.8035379864203),"Värmland","Torsby","torsby","G10-10",0.261,0.98,0.28,0.00056,3,81.7352941176471,NA,3.8,0.279175,4,0.00016432,0.274353,0.279175,4,4,1,124,79,1,1,21,9,3,223613,0.866089025302194,258187.084084084,2009,2013,2,2,3,0,NA,NA,NA,NA,NA,NA,NA,NA,NA,NA,NA,NA,NA,NA
1063,"G10-10","M","S","Trång 1","Trång_1213",2012,2013,NA,NA,0,NA,list(),"Värmland","Torsby","torsby","G10-10",0.24,0.96,0.26,0.00053,2.9,78.8824179292929,3.5,4,0.279175,5,0.00010113,0.274353,0.279175,4,4,0,128,75,4,1,21,5,0,238059,0.897861822375855,265139.906906907,2009,2013,3,3,4,0,NA,NA,NA,NA,NA,NA,NA,NA,NA,NA,NA,NA,NA,NA
930,"G10-10","M","S","Trång 1","Trång_1314",2013,2014,"illegal",NA,0,NA,c(12.8578889270886, 13.5101520995717, 12.9937617282455, 13.0999312542365, 12.7481566265371, 60.4010648076978, 60.3988296429129, 60.0445043872313, 60.2613729391223, 60.1060788655507),"Värmland","Torsby","torsby","G10-10",0.258,0.89,0.29,0,4,81.5,2.9,3.3,0.279175,4,0.00049785,0.274353,0.279175,4,4,0,129,66,1,1,26,10,5,244886,0.900803654300468,271852.804804805,2009,2013,4,4,5,1,NA,NA,NA,NA,NA,NA,NA,NA,NA,NA,NA,NA,NA,NA
663,"G15-16","M","S","Tunturi","Tunturi_1516",2015,2016,NA,NA,0,NA,list(),"Dalarna","Orsa","orsa","G15-16",0.145,1.03,0.15,0.00213,4.75,78.9086021505376,1.7,2.3,NA,2,0.00307249,NA,NA,1,0,0,109,9,0,0,12,2,0,250573,0.875102949976584,286335.453453453,2015,2016,0,0,1,0,NA,NA,NA,NA,NA,NA,NA,NA,NA,NA,NA,NA,NA,NA
530,"G15-16","M","S","Tunturi","Tunturi_1617",2016,2017,"illegal",NA,0,NA,list(),"Dalarna","Orsa","orsa","G15-16",0.146,1.03,0.16,0.00213,4.85,79.8606060606061,1.8,2.2,NA,1,0.00262679,NA,NA,1,0,0,109,9,0,0,12,1,0,259672,0.885947664210263,293100.834834835,2015,2016,1,1,2,1,NA,NA,NA,NA,NA,NA,NA,NA,NA,NA,NA,NA,NA,NA
1877,"M-00-06","M","S","Tyngsjö","Tyngsjö_0001",2000,2001,NA,NA,1,NA,list(),"Dalarna","Malung","hagfors","M-00-06",0.31,0.88,0.22,0,5.16,73.6349126344086,NA,4.6,0.1875,0,3.84e-06,0.15625,0.1875,0,0,0,16,1,1,1,1,1,0,204785,0.929121677806696,220407.084337349,2000,2002,0,0,1,0,NA,NA,NA,NA,NA,NA,NA,NA,NA,NA,NA,NA,NA,NA
1845,"M-00-06","M","S","Tyngsjö","Tyngsjö_0102",2001,2002,NA,NA,1,NA,c(12.8516333637327, 61.0532600586027),"Dalarna","Malung","hagfors","M-00-06",0.32,0.91,0.21,0,5.575,77.1262626262626,NA,4.7,0.1875,0,3.64e-05,0.15625,0.1875,0,0,0,16,1,0,0,2,2,1,207822,0.927751560971704,224006.090361446,2000,2002,1,1,2,0,NA,NA,NA,NA,NA,NA,NA,NA,NA,NA,NA,NA,NA,NA
1819,"M-00-06","M","S","Tyngsjö","Tyngsjö_0203",2002,2003,"illegal",1,1,NA,list(),"Dalarna","Malung","hagfors","M-00-06",0.32,0.91,0.21,0,5.5,78.6606060606061,NA,4.5,0.1875,0,2.24e-05,0.15625,0.1875,0,0,0,18,3,2,1,2,2,0,215027,0.937112056741747,229457.084084084,2000,2002,2,2,3,1,NA,NA,NA,NA,NA,NA,NA,NA,NA,NA,NA,NA,NA,NA
111,"G315-17","M","S","Tönsen","Tönsen_1920",2019,2020,NA,NA,0,NA,list(),"Gävleborg","Bollnäs",NA,"G315-17",0.213,1.26,0.23,0.00027,18.4,86.7083333333333,2.4,2.6,0.169002,3,0.00283866,0.147001,0.169002,10,6,0,68,11,11,2,13,4,0,271552,0.893608209373481,303882.615615616,2019,2019,0,0,1,0,NA,NA,NA,NA,NA,NA,NA,NA,NA,NA,NA,NA,NA,NA
1847,"M-02-03","F","S","Ulriksberg 1","Ulriksberg_0102",2001,2002,NA,NA,1,NA,list(),"Dalarna","Ludvika","ludvika","M-02-03",0.319,1.06,0.29,0.00085,10.6,77.0104166666667,NA,4,0.125,0,3.82e-05,0.15625,0.1875,0,0,0,11,11,1,1,1,0,0,221428,0.988490980949286,224006.090361446,2001,2002,0,0,1,0,NA,NA,NA,NA,NA,NA,NA,NA,NA,NA,NA,NA,NA,NA
1815,"M-02-03","F","S","Ulriksberg 1","Ulriksberg_0203",2002,2003,"illegal",1,1,"Male in Ulriksberg 1 and 2 (M-98-04) is found under Grangärde",list(),"Dalarna","Ludvika","ludvika","M-02-03",0.305,1.1,0.29,0.00302,10.475,79.3212121212121,NA,3.8,0.125,0,1e-07,0.15625,0.1875,0,0,0,11,11,0,0,1,0,0,226079,0.985277926381884,229457.084084084,2001,2002,1,1,2,1,NA,NA,NA,NA,NA,NA,NA,NA,NA,NA,NA,NA,NA,NA
1414,"G4-07","M","S","Ulriksberg 3","Ulriksberg_0910",2009,2010,NA,NA,0,NA,list(),"Orebro","Hällefors","hällefors","G4-07",0.29,1.24,0.3,0.00118,10.025,82.4656084656085,NA,2.9,0.296875,1,2.96e-05,0.2678225,0.296875,0,0,0,2,1,0,0,3,2,0,234289,0.90502752293578,258875,2009,2010,0,0,1,0,NA,NA,NA,NA,NA,NA,NA,NA,NA,NA,NA,NA,NA,NA
1308,"G4-07","M","S","Ulriksberg 3","Ulriksberg_1011",2010,2011,"illegal",NA,0,NA,list(),"Orebro","Hällefors","hällefors","G4-07",0.28,1.3,0.32,0.00248,11.3,81.640625,NA,3.2,0.296875,4,5.77e-05,0.2678225,0.296875,2,2,2,2,1,0,0,3,2,0,231600,0.899791842021703,257392.864864865,2009,2010,1,1,2,1,NA,NA,NA,NA,NA,NA,NA,NA,NA,NA,NA,NA,NA,NA
1182,"G48-12","F","S","Ulriksberg 4","Ulriksberg_1112",2011,2012,"illegal",NA,0,NA,list(),"Orebro","Hällefors","hällefors","G48-12",0.248,1.39,0.31,0.00125,12.35,81.6822916666667,NA,3.5,0.284912,4,3.87e-05,0.2923585,0.299805,2,2,0,2,1,0,0,3,2,0,227528,0.881252448421861,258187.084084084,2011,2011,0,0,1,1,NA,NA,NA,NA,NA,NA,NA,NA,NA,NA,NA,NA,NA,NA
113,"G236-17","F","N","Ulvåa","Ulvåa_1920",2019,2020,NA,NA,0,NA,list(),"Hedmark","Elverum",NA,"G236-17",0.171,1.18,0.24,0,6.883,83.5049019607843,281.1,1.8,0.134041,6,0.00046635,0.179325,0.224609,3,1,1,0,0,0,0,0,0,0,433800,1.42752489845855,303882.615615616,2019,2019,0,0,1,0,NA,NA,NA,NA,NA,NA,NA,NA,NA,NA,NA,NA,NA,NA
1785,"M-05-06","M","S","Uttersberg","Uttersberg_0304",2003,2004,NA,NA,1,NA,list(),"Västmanland","Skinnskatteberg","skinnskatteberg","M-05-06",0.242,1.13,0.37,0.00192,21.6,59.8625,NA,3.7,0.296875,0,1e-08,0.283203,0.296875,0,0,0,0,0,0,0,0,0,0,225359,0.965825329849777,233333.081081081,2003,2008,0,0,1,0,NA,NA,NA,NA,NA,NA,NA,NA,NA,NA,NA,NA,NA,NA
1742,"M-05-06","M","S","Uttersberg","Uttersberg_0405",2004,2005,NA,NA,1,NA,list(),"Västmanland","Köping","köping","M-05-06",0.238,1.13,0.37,0.00192,26.425,76.140625,NA,3.5,0.296875,0,0,0.283203,0.296875,0,0,0,0,0,0,0,0,0,0,239282,1.00413267476354,238297.195195195,2003,2008,1,1,2,0,NA,NA,NA,NA,NA,NA,NA,NA,NA,NA,NA,NA,NA,NA
1689,"M-05-06","M","S","Uttersberg","Uttersberg_0506",2005,2006,NA,NA,1,NA,list(),"Västmanland","Köping","köping","M-05-06",0.237,1.13,0.38,0.00192,26.375,81.265625,NA,3.2,0.296875,0,0,0.283203,0.296875,0,0,0,0,0,0,0,0,0,0,242675,0.997269339589426,243339.477477477,2003,2008,2,2,3,0,NA,NA,NA,NA,NA,NA,NA,NA,NA,NA,NA,NA,NA,NA
1634,"M-05-06","M","S","Uttersberg","Uttersberg_0607",2006,2007,NA,NA,1,NA,list(),"Västmanland","Köping","köping","M-05-06",0.235,1.13,0.38,0.00084,26.35,75.703125,NA,2.9,0.296875,0,5.13e-06,0.283203,0.296875,0,0,0,0,0,0,0,0,0,0,243414,0.987395793338611,246521.204204204,2003,2008,3,3,4,0,NA,NA,NA,NA,NA,NA,NA,NA,NA,NA,NA,NA,NA,NA
1572,"M-05-06","M","S","Uttersberg","Uttersberg_0708",2007,2008,NA,NA,1,NA,list(),"Västmanland","Köping","köping","M-05-06",0.235,1.12,0.37,0.00029,26.325,65.5572916666667,NA,2.3,0.296875,1,0,0.283203,0.296875,0,0,0,0,0,0,0,0,0,0,248442,0.988661613239831,251291.237237237,2003,2008,4,4,5,0,NA,NA,NA,NA,NA,NA,NA,NA,NA,NA,NA,NA,NA,NA
1494,"M-05-06","M","S","Uttersberg","Uttersberg_0809",2008,2009,"censored",NA,1,NA,list(),"Västmanland","Köping","köping","M-05-06",0.234,1.13,0.37,0.00064,26.25,52.09375,NA,2.2,0.296875,1,1.32e-06,0.283203,0.296875,0,0,0,0,0,0,0,0,0,0,249733,0.982210865816989,254255.993993994,2003,2008,5,5,6,1,NA,NA,NA,NA,NA,NA,NA,NA,NA,NA,NA,NA,NA,NA
665,"G157-14","F","N","Varåa 1","Varåa_1516",2015,2016,NA,NA,0,NA,list(),"Hedmark","Trysil","trysil","G157-14",0.176,1.06,0.34,0,6.843,83.1813725490196,505.1,2,0.224609,5,0.00048106,0.2560425,0.287476,0,0,0,0,0,0,0,0,0,0,348100,1.21570694722436,286335.453453453,2015,2016,0,0,1,0,NA,NA,NA,NA,NA,NA,NA,NA,NA,NA,NA,NA,NA,NA
532,"G157-14","F","N","Varåa 1","Varåa_1617",2016,2017,"illegal",NA,0,NA,list(),"Hedmark","Trysil","trysil","G157-14",0.173,1.12,0.26,0.00061,6.001,79.9636363636364,330.8,1.8,0.224609,3,0.00035554,0.2560425,0.287476,0,0,0,0,0,0,0,0,0,0,356100,1.21494024471362,293100.834834835,2015,2016,1,1,2,1,NA,NA,NA,NA,NA,NA,NA,NA,NA,NA,NA,NA,NA,NA
381,"G154-15","M","N","Varåa 2","Varåa_1718",2017,2018,NA,NA,0,NA,list(),"Hedmark","Trysil","trysil","G154-15",0.172,1.15,0.33,0,6.007,86.3585858585859,405.1,1.8,0.22917,4,0.00043179,0.233593,0.238016,0,0,0,0,0,0,0,0,0,0,377400,1.26798127187559,297638.465465465,2017,2019,0,0,1,0,NA,NA,NA,NA,NA,NA,NA,NA,NA,NA,NA,NA,NA,NA
243,"G154-15","M","N","Varåa 2","Varåa_1819",2018,2019,NA,NA,0,NA,list(),"Hedmark","Trysil","trysil","G154-15",0.172,1.13,0.35,0,5.976,83.9343434343434,418.9,1.9,0.22917,2,0.00060001,0.233593,0.238016,0,0,0,0,0,0,0,0,0,0,390500,1.29653649627624,301187.048048048,2017,2019,1,1,2,0,NA,NA,NA,NA,NA,NA,NA,NA,NA,NA,NA,NA,NA,NA
115,"G154-15","M","N","Varåa 2","Varåa_1920",2019,2020,NA,NA,0,NA,list(),"Hedmark","Trysil",NA,"G154-15",0.172,1.15,0.34,0,5.997,85.359375,422.9,2,0.22917,4,0.00087007,0.233593,0.238016,2,2,2,0,0,0,0,0,0,0,403800,1.32880256799807,303882.615615616,2017,2019,2,2,3,0,NA,NA,NA,NA,NA,NA,NA,NA,NA,NA,NA,NA,NA,NA
1416,"G16-09","M","N","VaråaHöljes  1","Varåa-Höljes_0910",2009,2010,NA,NA,0,NA,list(),"Hedmark","Trysil","trysil","G16-09",0.172,1.07,0.28,0.00061,5.848,86.6089931573803,NA,3.1,0.269531,1,0.00021347,0.1347655,0.269531,0,0,0,0,0,0,0,0,0,0,280500,1.08353452438436,258875,2009,2009,0,0,1,0,NA,NA,NA,NA,NA,NA,NA,NA,NA,NA,NA,NA,NA,NA
1310,"G16-10","F","N","VaråaHöljes  2","Varåa-Höljes_1011",2010,2011,"illegal",NA,0,NA,list(),"Hedmark","Trysil","trysil","G16-10",0.171,1.11,0.31,0,5.873,83.09375,NA,3.2,0,3,0.00045356,0.1347655,0.269531,0,0,0,0,0,0,0,0,0,0,288300,1.12007766863064,257392.864864865,2010,2010,0,0,1,1,NA,NA,NA,NA,NA,NA,NA,NA,NA,NA,NA,NA,NA,NA
245,"G319-17","M","S","Venabäcken","Venabäcken_1819",2018,2019,NA,NA,0,NA,list(),"Västmanland","Surahammar","köping","G319-17",0.216,1.3,0.43,0.00406,66.74,81.65625,1.3,1.9,0.222382,3,1.13e-06,0.2289605,0.235539,3,3,3,32,26,0,0,4,1,0,287007,0.952919462706159,301187.048048048,2018,2019,0,0,1,0,NA,NA,NA,NA,NA,NA,NA,NA,NA,NA,NA,NA,NA,NA
117,"G319-17","M","S","Venabäcken","Venabäcken_1920",2019,2020,"illegal",NA,0,NA,list(),"Västmanland","Skinnskatteberg",NA,"G319-17",0.222,1.28,0.42,0.00449,67.32,60.3888888888889,2,2,0.222382,4,1.1e-05,0.2289605,0.235539,1,1,0,57,4,4,1,4,1,0,269451,0.886694355496898,303882.615615616,2018,2019,1,1,2,1,NA,NA,NA,NA,NA,NA,NA,NA,NA,NA,NA,NA,NA,NA
383,"G147-15","F","S","Vidaln 1","Vidaln_1718",2017,2018,NA,NA,0,NA,c(15.7349008937808, 59.4404396800716),"Västmanland","Arboga","arboga","G147-15",0.209,1.45,0.52,0.00857,43.633,55.2760416666667,1.9,2.2,0.319611,2,5.7e-07,0.308487,0.319611,0,0,0,0,0,0,0,1,1,1,274870,0.923502947007005,297638.465465465,2017,2018,0,0,1,0,NA,NA,NA,NA,NA,NA,NA,NA,NA,NA,NA,NA,NA,NA
247,"G147-15","F","S","Vidaln 1","Vidaln_1819",2018,2019,NA,NA,0,NA,list(),"Västmanland","Köping","köping","G147-15",0.213,1.38,0.5,0.00782,44.2,76.530303030303,1.4,2,0.319611,2,0,0.308487,0.319611,3,2,2,8,0,0,0,4,3,0,283695,0.941922973908036,301187.048048048,2017,2018,1,1,2,0,NA,NA,NA,NA,NA,NA,NA,NA,NA,NA,NA,NA,NA,NA
119,"G147-15","F","S","Vidaln 2","Vidaln_1920",2019,2020,NA,NA,0,NA,list(),"Orebro","Lindesberg",NA,"G147-15",0.21,1.43,0.52,0.00632,52,51.765625,2.1,2.1,0.319611,2,1.8e-07,0.2709965,0.319611,6,4,0,68,16,15,2,3,0,0,282049,0.928151152801603,303882.615615616,2019,2019,0,0,1,0,NA,NA,NA,NA,NA,NA,NA,NA,NA,NA,NA,NA,NA,NA
1186,"G23-11","F","S","Villingsberg 1","Villingsberg_1112",2011,2012,NA,NA,0,NA,c(14.4743693863434, 59.4799656568693),"Orebro","Karlskoga","karlskoga","G23-11",0.198,1.34,0.53,0.01549,44.12,76.6111111111111,NA,3.5,0.262024,3,0,0.2796935,0.297363,0,0,0,29,0,0,0,2,1,1,250813,0.971438989249816,258187.084084084,2011,2013,0,0,1,0,NA,NA,NA,NA,NA,NA,NA,NA,NA,NA,NA,NA,NA,NA
1065,"G23-11","F","S","Villingsberg 1","Villingsberg_1213",2012,2013,NA,NA,0,NA,list(),"Orebro","Karlskoga","karlskoga","G23-11",0.196,1.32,0.52,0.01521,44.26,57.0637254901961,3.1,3.3,0.262024,3,0,0.2796935,0.297363,0,0,0,29,0,0,0,2,1,0,259658,0.979324474497792,265139.906906907,2011,2013,1,1,2,0,NA,NA,NA,NA,NA,NA,NA,NA,NA,NA,NA,NA,NA,NA
932,"G23-11","F","S","Villingsberg 1","Villingsberg_1314",2013,2014,"illegal",NA,0,NA,list(),"Orebro","Karlskoga","karlskoga","G23-11",0.199,1.31,0.51,0.01519,38.367,75.453125,2.7,2.9,0.262024,3,9.91e-06,0.2796935,0.297363,0,0,0,29,0,0,0,2,1,0,263756,0.970216217520292,271852.804804805,2011,2013,2,2,3,1,NA,NA,NA,NA,NA,NA,NA,NA,NA,NA,NA,NA,NA,NA
667,"G60-14","M","S","Villingsberg 3","Villingsberg_1516",2015,2016,"illegal",NA,0,NA,list(),"Orebro","Örebro","örebro","G60-14",0.199,1.27,0.51,0.00799,42,61.1960784313725,2.5,2.4,0.324783,2,0,0.322197,0.324783,1,1,0,100,85,0,0,1,1,0,275849,0.963377034429451,286335.453453453,2015,2015,0,0,1,1,NA,NA,NA,NA,NA,NA,NA,NA,NA,NA,NA,NA,NA,NA
534,"G166-14","M","S","Villingsberg 4","Villingsberg_1617",2016,2017,NA,NA,0,NA,list(),"Orebro","Nora","örebro","G166-14",0.203,1.26,0.49,0.01267,39.65,63.54375,2.5,2.4,0.157578,2,0,0.2385945,0.319611,5,5,0,72,38,8,1,7,2,0,275287,0.939222845117882,293100.834834835,2016,2019,0,0,1,0,NA,NA,NA,NA,NA,NA,NA,NA,NA,NA,NA,NA,NA,NA
385,"G166-14","M","S","Villingsberg 4","Villingsberg_1718",2017,2018,NA,NA,0,NA,list(),"Orebro","Örebro","örebro","G166-14",0.208,1.3,0.5,0.01486,40.217,63.2878787878788,2.6,2.3,0.157578,6,0,0.2385945,0.319611,1,0,0,100,37,0,0,1,0,0,286883,0.963863993692329,297638.465465465,2016,2019,1,1,2,0,NA,NA,NA,NA,NA,NA,NA,NA,NA,NA,NA,NA,NA,NA
249,"G166-14","M","S","Villingsberg 4","Villingsberg_1819",2018,2019,NA,NA,0,NA,list(),"Orebro","Nora","nora","G166-14",0.208,1.29,0.48,0.01228,43.74,81.0117669753086,2.4,2.3,0.157578,5,0,0.2385945,0.319611,5,5,0,72,8,0,0,7,2,0,281589,0.934930641357056,301187.048048048,2016,2019,2,2,3,0,NA,NA,NA,NA,NA,NA,NA,NA,NA,NA,NA,NA,NA,NA
121,"G166-14","M","S","Villingsberg 4","Villingsberg_1920",2019,2020,"illegal",NA,0,NA,c(14.9221798259723, 59.6939506868573),"Orebro","Nora",NA,"G166-14",0.208,1.28,0.48,0.01056,44.1,65.4010416666667,2.6,2.3,0.157578,3,0,0.2385945,0.319611,5,5,0,72,8,0,0,8,2,1,284630,0.936644563965553,303882.615615616,2016,2019,3,3,4,1,NA,NA,NA,NA,NA,NA,NA,NA,NA,NA,NA,NA,NA,NA
806,"G24-12","M","S","Vimyren 1","Vimyren_1415",2014,2015,NA,NA,0,NA,c(13.5171072597438, 13.4142459329614, 60.1046117316642, 60.0736537082706),"Värmland","Hagfors","torsby","G24-12",0.38,1.2,0.29,0.00271,6.533,72.9163306451613,2.2,2.6,0.165527,6,0.00022414,0.2313535,0.29718,3,2,0,22,0,0,0,14,6,3,249049,0.900825843841172,276467.423423423,2014,2016,0,0,1,0,NA,NA,NA,NA,NA,NA,NA,NA,NA,NA,NA,NA,NA,NA
669,"G24-12","M","S","Vimyren 1","Vimyren_1516",2015,2016,NA,NA,0,NA,c(13.043062845678, 12.8947971939656, 60.6235919426597, 60.3628458661674),"Värmland","Torsby","torsby","G24-12",0.372,1.16,0.28,0.00267,6.567,73.6145833333333,1.9,1.9,0.165527,2,0.00013308,0.2313535,0.29718,14,11,10,147,24,0,0,34,16,2,260296,0.909059625207444,286335.453453453,2014,2016,1,1,2,0,NA,NA,NA,NA,NA,NA,NA,NA,NA,NA,NA,NA,NA,NA
536,"G24-12","M","S","Vimyren 1","Vimyren_1617",2016,2017,"illegal",NA,0,NA,c(13.1223600712804, 12.5825021065144, 60.0789792772721, 61.037308062458),"Värmland","Torsby","torsby","G24-12",0.351,1.11,0.26,0.00172,6.6,76.35625,1.9,1.8,0.165527,3,0.00012525,0.2313535,0.29718,14,10,0,153,29,6,1,36,15,2,264141,0.901194976632687,293100.834834835,2014,2016,2,2,3,1,NA,NA,NA,NA,NA,NA,NA,NA,NA,NA,NA,NA,NA,NA
671,"G104-11","M","S","Vismen 2","Vismen_1516",2015,2016,"censored",NA,0,"The male continues to go with adult pups in several years in this territory",list(),"Värmland","Kristinehamn","kristinehamn","G104-11",0.184,1.43,0.38,0.00725,24.886,58.4047619047619,1.6,2.1,0,0,0,0.107477,0.214954,1,1,0,88,27,2,1,2,1,0,257246,0.898407783239521,286335.453453453,2015,2015,0,0,1,1,NA,NA,NA,NA,NA,NA,NA,NA,NA,NA,NA,NA,NA,NA
251,"G111-17","F","S","Visten","Visten_1819",2018,2019,"illegal",NA,0,NA,list(),"Värmland","Sunne","sunne","G111-17",0.409,1.16,0.38,0.00412,31.517,82.203125,2.4,2.3,0.238016,4,3.99e-05,0.203639,0.238016,8,4,0,45,32,0,0,16,6,0,284696,0.945246489997082,301187.048048048,2018,2018,0,0,1,1,NA,NA,NA,NA,NA,NA,NA,NA,NA,NA,NA,NA,NA,NA
1744,"G6-05","M","S","Voxna 1","Voxna_0405",2004,2005,NA,NA,0,NA,list(),"Dalarna","Rättvik","rättvik","G6-05",0.176,1.12,0.19,0,4.925,78.6302083333333,NA,3.2,0.398438,2,0.00157588,0.292969,0.398438,0,0,0,0,0,0,0,4,4,0,217730,0.913690989193775,238297.195195195,2004,2007,0,0,1,0,NA,NA,NA,NA,NA,NA,NA,NA,NA,NA,NA,NA,NA,NA
1691,"G6-05","M","S","Voxna 1","Voxna_0506",2005,2006,NA,NA,0,NA,c(15.7022879987699, 15.589752434641, 15.8745067639022, 15.9579792290079, 16.0290672419291, 61.3538618954891, 61.411161494275, 61.4786191526726, 61.2793340400759, 61.3124394383431),"Gävleborg","Ovanåker","ovanåker","G6-05",0.176,1.13,0.19,0,4.9,83.1212121212121,NA,2.9,0.398438,0,0.00173258,0.292969,0.398438,0,0,0,40,40,39,4,6,6,5,231406,0.950959550003217,243339.477477477,2004,2007,1,1,2,0,NA,NA,NA,NA,NA,NA,NA,NA,NA,NA,NA,NA,NA,NA
1636,"G6-05","M","S","Voxna 1","Voxna_0607",2006,2007,NA,NA,0,NA,c(15.3784131602033, 15.4985615513377, 15.6025610293887, 15.6511409968985, 15.6680522837716, 61.5300125139993, 61.3544508366238, 61.4569472119189, 61.4920084025135, 61.4884371403247),"Gävleborg","Ovanåker","ovanåker","G6-05",0.176,1.21,0.2,0,5.167,84.2291666666667,NA,2.6,0.398438,2,0.0017698,0.292969,0.398438,0,0,0,40,40,0,0,11,11,5,236868,0.960842296566879,246521.204204204,2004,2007,2,2,3,0,NA,NA,NA,NA,NA,NA,NA,NA,NA,NA,NA,NA,NA,NA
1574,"G6-05","M","S","Voxna 1","Voxna_0708",2007,2008,"censored",NA,0,NA,c(15.6603886631918, 15.8294550043648, 15.9438873251843, 61.5216315012006, 61.4562001461268, 61.0328583087272),"Gävleborg","Ovanåker","ovanåker","G6-05",0.173,1.35,0.22,0.00096,5.167,78.796875,NA,2.4,0.398438,3,0.00227522,0.292969,0.398438,0,0,0,40,40,0,0,14,14,3,240279,0.956177392581179,251291.237237237,2004,2007,3,3,4,1,NA,NA,NA,NA,NA,NA,NA,NA,NA,NA,NA,NA,NA,NA
1190,"G15-11","F","S","Värnas","Värnäs_1112",2011,2012,NA,NA,0,NA,c(13.1622102401246, 13.0409115147087, 13.0323194274726, 60.6400631633285, 60.8040744735672, 60.8035379864203),"Värmland","Torsby","torsby","G15-11",0.234,0.8,0.26,0,4.067,81.2162162162162,NA,3.6,0.274902,4,0.0002021,0.290405,0.305908,4,4,1,124,79,1,1,21,9,3,223613,0.866089025302194,258187.084084084,2011,2013,0,0,1,0,NA,NA,NA,NA,NA,NA,NA,NA,NA,NA,NA,NA,NA,NA
1071,"G15-11","F","S","Värnas","Värnäs_1213",2012,2013,NA,NA,0,NA,list(),"Värmland","Torsby","torsby","G15-11",0.223,0.78,0.26,0,2.65,78.7057673509286,3,3.6,0.274902,5,0.00012648,0.290405,0.305908,4,4,0,128,75,4,1,21,5,0,238059,0.897861822375855,265139.906906907,2011,2013,1,1,2,0,NA,NA,NA,NA,NA,NA,NA,NA,NA,NA,NA,NA,NA,NA
938,"G15-11","F","S","Värnas","Värnäs_1314",2013,2014,"illegal",NA,0,NA,c(12.8578889270886, 13.5101520995717, 12.9937617282455, 13.0999312542365, 12.7481566265371, 60.4010648076978, 60.3988296429129, 60.0445043872313, 60.2613729391223, 60.1060788655507),"Värmland","Torsby","torsby","G15-11",0.225,0.68,0.25,0.00092,2.7,82.6616161616162,2.9,2.9,0.274902,1,0.00100181,0.290405,0.305908,4,4,0,129,66,1,1,26,10,5,244886,0.900803654300468,271852.804804805,2011,2013,2,2,3,1,NA,NA,NA,NA,NA,NA,NA,NA,NA,NA,NA,NA,NA,NA
1693,"G21-05","M","S","Våmhus 1","Våmhus_0506",2005,2006,NA,NA,0,NA,c(14.6747398875704, 14.8655651888841, 14.2554885279883, 60.9823137287032, 61.017947468577, 61.2848208494764),"Dalarna","Mora","mora","G21-05",0.288,1.17,0.25,0.0021,4.067,84.0707070707071,NA,3.1,0.23877,1,0.00112696,0.213135,0.23877,0,0,0,0,0,0,0,3,3,3,242390,0.996098136285489,243339.477477477,2005,2006,0,0,1,0,NA,NA,NA,NA,NA,NA,NA,NA,NA,NA,NA,NA,NA,NA
1638,"G21-05","M","S","Våmhus 1","Våmhus_0607",2006,2007,NA,NA,0,NA,c(14.3490511400454, 14.3344150479887, 61.1398346054008, 61.3073395020782),"Dalarna","Mora","mora","G21-05",0.316,1.12,0.23,0.00188,4.067,85.6666666666667,NA,2.8,0.23877,0,0.00165226,0.213135,0.23877,0,0,0,0,0,0,0,5,5,2,244588,0.992158061167822,246521.204204204,2005,2006,1,1,2,0,NA,NA,NA,NA,NA,NA,NA,NA,NA,NA,NA,NA,NA,NA
1576,"G21-05","M","S","Våmhus 2","Våmhus_0708",2007,2008,NA,NA,0,NA,list(),"Dalarna","Mora","mora","G21-05",0.277,1.07,0.21,0.00256,4.1,82.8569444444445,NA,2.6,0.23877,1,0.002317,0.2154543,0.261963,0,0,0,0,0,0,0,5,5,0,246702,0.981737376568747,251291.237237237,2007,2011,0,0,1,0,NA,NA,NA,NA,NA,NA,NA,NA,NA,NA,NA,NA,NA,NA
1496,"G21-05","M","S","Våmhus 2","Våmhus_0809",2008,2009,NA,NA,0,NA,list(),"Dalarna","Mora","mora","G21-05",0.29,1.14,0.25,0.0021,4.067,83.3854166666667,NA,2.4,0.23877,0,0.00232594,0.2154543,0.261963,0,0,0,0,0,0,0,5,5,0,247595,0.973802017842886,254255.993993994,2007,2011,1,1,2,0,NA,NA,NA,NA,NA,NA,NA,NA,NA,NA,NA,NA,NA,NA
1418,"G21-05","M","S","Våmhus 2","Våmådalen_0910",2009,2010,NA,NA,0,NA,c(14.7932700529236, 14.7930465598414, 14.7736826823802, 61.2585867305428, 61.1815819494659, 61.1575178135569),"Dalarna","Orsa","orsa","G21-05",0.279,1,0.2,0.00185,4.067,84.6739618406285,NA,2.3,0.23877,0,0.003438,0.2154543,0.261963,0,0,0,78,74,18,2,10,7,3,226813,0.876148720424916,258875,2007,2011,2,2,3,0,NA,NA,NA,NA,NA,NA,NA,NA,NA,NA,NA,NA,NA,NA
1312,"M-09-07","F","S","Våmhus 2","Våmådalen_1011",2010,2011,NA,NA,1,NA,c(13.8391302899478, 60.8911616490852),"Dalarna","Mora","mora","M-09-07",0.311,1.13,0.23,0.0021,4.033,87.46875,NA,2.3,0.261963,0,0.00259841,0.2154543,0.261963,1,1,1,0,0,0,0,6,3,1,249934,0.971021477736841,257392.864864865,2007,2011,3,3,4,0,NA,NA,NA,NA,NA,NA,NA,NA,NA,NA,NA,NA,NA,NA
1188,"G21-05","M","S","Våmhus 2","Våmådalen_1112",2011,2012,NA,NA,0,NA,c(13.7164672128395, 60.9048253072592),"Dalarna","Mora","mora","G21-05",0.257,1.17,0.29,0.00329,4.033,81.241935483871,NA,2.3,0.23877,2,0.00259592,0.2154543,0.261963,1,1,0,0,0,0,0,7,2,1,249091,0.964769406973427,258187.084084084,2007,2011,4,4,5,0,NA,NA,NA,NA,NA,NA,NA,NA,NA,NA,NA,NA,NA,NA
1069,"G21-05","M","S","Våmhus 3","Våmådalen_1213",2012,2013,NA,NA,0,NA,list(),"Dalarna","Älvdalen","älvdalen","G21-05",0.322,1.16,0.22,0.00058,4,87.765625,1.7,1.9,0.23877,0,0.00263768,0.2432865,0.247803,12,12,5,19,19,0,0,5,3,0,233837,0.881938153814402,265139.906906907,2012,2013,0,0,1,0,NA,NA,NA,NA,NA,NA,NA,NA,NA,NA,NA,NA,NA,NA
936,"G21-05","M","S","Våmhus 3","Våmådalen_1314",2013,2014,"illegal",NA,0,NA,c(14.9166085965374, 61.0363778526455),"Dalarna","Mora","mora","G21-05",0.32,1.13,0.23,0.00058,4.033,81.7373737373737,2,2.2,0.23877,0,0.00347696,0.2432865,0.247803,1,1,0,0,0,0,0,9,4,1,264612,0.973364980324541,271852.804804805,2012,2013,1,1,2,1,NA,NA,NA,NA,NA,NA,NA,NA,NA,NA,NA,NA,NA,NA
123,"G181-19","M","S","Älgsjön","Älgsjön_1920",2019,2020,"illegal",NA,0,NA,list(),"Värmland","Filipstad",NA,"G181-19",0.36,1.13,0.25,0,30.62,79.390625,2.1,2.6,0.134041,2,6.41e-06,0.2009315,0.267822,10,7,0,107,39,0,0,18,2,0,248233,0.816871341906549,303882.615615616,2019,2019,0,0,1,1,NA,NA,NA,NA,NA,NA,NA,NA,NA,NA,NA,NA,NA,NA
389,"G112-17","M","S","Ängsberget","Ängsberget_1718",2017,2018,"illegal",NA,0,NA,list(),"Dalarna","Rättvik","rättvik","G112-17",0.127,1.08,0.18,0.00179,5.6,78.8385416666667,2.4,2.4,0.125,3,0.0025534,0.133026,0.141052,2,0,0,42,18,7,2,15,1,0,266105,0.894054468342486,297638.465465465,2017,2017,0,0,1,1,NA,NA,NA,NA,NA,NA,NA,NA,NA,NA,NA,NA,NA,NA
1578,"D-07-27","M","S","Äppelbo 0","Äppelbo_0708",2007,2008,"illegal",NA,0,NA,c(14.1860402391979, 14.1602251547364, 13.9640457927929, 14.1032626506619, 60.3876383950289, 60.4606632747126, 60.4336332329944, 60.4493997831342),"Dalarna","Vansbro","vansbro","D-07-27",0.252,0.95,0.27,0.00038,4.7,76.34375,NA,2.6,0.324219,3,0.00021348,0.275635,0.324219,0,0,0,24,10,10,3,4,4,4,219947,0.875267289134933,251291.237237237,2007,2007,0,0,1,1,NA,NA,NA,NA,NA,NA,NA,NA,NA,NA,NA,NA,NA,NA
1498,"G32-07","F","S","Äppelbo 1","Äppelbo_0809",2008,2009,NA,NA,0,NA,list(),"Dalarna","Malung","malung","G32-07",0.259,0.86,0.24,0.00093,4.25,83.4852941176471,NA,2.5,0.227051,3,0.00032904,0.2329105,0.23877,0,0,0,30,12,1,1,5,3,0,233655,0.918975385121184,254255.993993994,2008,2011,0,0,1,0,NA,NA,NA,NA,NA,NA,NA,NA,NA,NA,NA,NA,NA,NA
1420,"G32-07","F","S","Äppelbo 1","Äppelbo_0910",2009,2010,NA,NA,0,NA,c(13.7395266805243, 13.2058302061288, 13.0762419491527, 60.6631181220847, 61.284403945376, 61.2521721333033),"Dalarna","Malung","malung","G32-07",0.249,0.91,0.25,0.00094,4.2,77.5757575757576,NA,2.3,0.227051,2,0.0002995,0.2329105,0.23877,0,0,0,130,112,100,3,8,6,3,238197,0.920123611781748,258875,2008,2011,1,1,2,0,NA,NA,NA,NA,NA,NA,NA,NA,NA,NA,NA,NA,NA,NA
1314,"G32-07","F","S","Äppelbo 1","Äppelbo_1011",2010,2011,NA,NA,0,NA,c(13.5879624466823, 13.271035474507, 13.2597947559385, 60.619904142266, 60.9955250359388, 60.8828059409377),"Dalarna","Malung","malung","G32-07",0.253,0.8,0.22,0.00057,4.175,79.0989583333333,NA,2.6,0.227051,1,0.00031879,0.2329105,0.23877,0,0,0,130,112,0,0,11,8,3,239870,0.931921714791649,257392.864864865,2008,2011,2,2,3,0,NA,NA,NA,NA,NA,NA,NA,NA,NA,NA,NA,NA,NA,NA
1194,"G32-07","F","S","Äppelbo 1","Äppelbo_1112",2011,2012,"illegal",NA,0,NA,c(13.4907863357261, 13.9094486331368, 13.1479179701683, 12.6906988152006, 60.527752339379, 60.6785337591212, 61.4487016493855, 61.0202085268327),"Dalarna","Malung","malung","G32-07",0.25,0.93,0.26,0.00044,4.533,80.75,NA,2.3,0.227051,3,0.00034703,0.2329105,0.23877,0,0,0,186,168,56,4,15,12,4,236838,0.917311572111286,258187.084084084,2008,2011,3,3,4,1,NA,NA,NA,NA,NA,NA,NA,NA,NA,NA,NA,NA,NA,NA
391,"G11-17","M","S","Ärla 1","Ärla_1718",2017,2018,NA,NA,0,"Scabies",list(),"Södermanland","Flen","flen","G11-17",0.249,1.44,0.47,0.00482,45.8,54.0686274509804,1.9,1.7,0.183712,1,0,0.1903755,0.197039,0,0,0,45,5,0,0,0,0,0,250711,0.842334002790676,297638.465465465,2017,2017,0,0,1,0,NA,NA,NA,NA,NA,NA,NA,NA,NA,NA,NA,NA,NA,NA
253,"G113-16","F","S","Ärla 2","Ärla_1819",2018,2019,NA,NA,0,NA,list(),"Södermanland","Flen","flen","G113-16",0.254,1.44,0.42,0.00185,46.38,76,1.5,1.4,0.197039,1,0,0.197039,0.197039,0,0,0,45,5,0,0,0,0,0,250832,0.83281137627135,301187.048048048,2018,2019,0,0,1,0,NA,NA,NA,NA,NA,NA,NA,NA,NA,NA,NA,NA,NA,NA
125,"G113-16","F","S","Ärla 2","Ärla_1920",2019,2020,NA,NA,0,NA,list(),"Södermanland","Gnesta",NA,"G113-16",0.269,1.42,0.47,0.00715,51.05,51.1764705882353,1.4,1.3,0.197039,1,0,0.197039,0.197039,1,1,0,12,12,12,3,0,0,0,300790,0.989822992640265,303882.615615616,2018,2019,1,1,2,0,NA,NA,NA,NA,NA,NA,NA,NA,NA,NA,NA,NA,NA,NA
1915,"M-00-01","M","N","Årjangkongsvinger","Årjäng-Kongsvinger_9899",1998,1999,NA,NA,1,NA,list(),"Ãstfold","Rømskog","rømskog","M-00-01",0.342,1.36,0.38,0,8.642,NA,NA,3.8,0.125,0,0,0.125,0.125,NA,NA,NA,0,0,0,0,0,0,0,NA,NA,NA,1998,2001,0,0,1,0,NA,NA,NA,NA,NA,NA,NA,NA,NA,NA,NA,NA,NA,NA
1899,"M-00-01","M","N","Årjangkongsvinger","Årjäng-Kongsvinger_9900",1999,2000,NA,NA,1,NA,list(),"Akershus","Aurskog-Høland","aurskog-høland","M-00-01",0.321,1.61,0.47,0,12.467,NA,NA,3.4,0.125,0,0,0.125,0.125,NA,NA,NA,0,0,0,0,0,0,0,202800,0.94446880405075,214723.873493976,1998,2001,1,1,2,0,NA,NA,NA,NA,NA,NA,NA,NA,NA,NA,NA,NA,NA,NA
1879,"M-00-01","M","N","Årjangkongsvinger","Årjäng-Kongsvinger_0001",2000,2001,NA,NA,1,NA,list(),"Akershus","Aurskog-Høland","aurskog-høland","M-00-01",0.32,1.57,0.46,0,11.617,64.546875,NA,3.5,0.125,0,2.03e-05,0.125,0.125,0,0,0,0,0,0,0,0,0,0,216300,0.981365915030829,220407.084337349,1998,2001,2,2,3,0,NA,NA,NA,NA,NA,NA,NA,NA,NA,NA,NA,NA,NA,NA
1849,"M-00-01","M","N","Årjangkongsvinger","Årjäng-Kongsvinger_0102",2001,2002,"illegal",1,1,NA,list(),"Akershus","Aurskog-Høland","aurskog-høland","M-00-01",0.327,1.51,0.43,0,8.746,76.90625,NA,3.8,0.125,0,0,0.125,0.125,0,0,0,0,0,0,0,0,0,0,226600,1.01157963890343,224006.090361446,1998,2001,3,3,4,1,NA,NA,NA,NA,NA,NA,NA,NA,NA,NA,NA,NA,NA,NA
131,"G12-20","F","S","Ölen","Ölen_1920",2019,2020,NA,NA,0,"Ölen 1920 recognized by VSC in retrospect. Coordinates calculated by OL",list(),"Orebro","Lekeberg",NA,"G12-20",0.19,1.36,0.49,0.01041,42.617,58.546875,2.3,2.3,0.402695,3,0,0.2932035,0.402695,0,0,0,68,50,0,0,1,1,0,310195,1.02077244323963,303882.615615616,2019,2019,0,0,1,0,NA,NA,NA,NA,NA,NA,NA,NA,NA,NA,NA,NA,NA,NA
1073,"G46-13","F","N","Östmarka 1","Østmarka_1213",2012,2013,NA,NA,0,NA,list(),"Akershus","Enebakk","enebakk","G46-13",0.398,1.19,1.75,0.03968,271.533,69.2280092592593,60.9,2.8,0.138855,1,0,0.1979065,0.256958,0,0,0,0,0,0,0,0,0,0,389500,1.46903574246466,265139.906906907,2012,2013,0,0,1,0,NA,NA,NA,NA,NA,NA,NA,NA,NA,NA,NA,NA,NA,NA
942,"G46-13","F","N","Östmarka 1","Østmarka_1314",2013,2014,"illegal",NA,0,NA,list(),"Akershus","Enebakk","enebakk","G46-13",0.4,1.17,1.6,0.03636,281.085,76.7760416666667,57,2.5,0.138855,0,0,0.1979065,0.256958,0,0,0,0,0,0,0,0,0,0,405800,1.49271956304211,271852.804804805,2012,2013,1,1,2,1,NA,NA,NA,NA,NA,NA,NA,NA,NA,NA,NA,NA,NA,NA
538,"G152-15","F","N","Östmarka 3","Østmarka_1617",2016,2017,NA,NA,0,NA,list(),"Akershus","Rælingen","enebakk","G152-15",0.405,1.19,1.7,0.0384,295.469,69.94375,42,1.9,0.423096,1,2.12e-06,0.3606185,0.423096,0,0,0,0,0,0,0,0,0,0,461200,1.57351991255805,293100.834834835,2016,2017,0,0,1,0,NA,NA,NA,NA,NA,NA,NA,NA,NA,NA,NA,NA,NA,NA
393,"G152-15","F","N","Östmarka 3","Østmarka_1718",2017,2018,NA,NA,0,NA,list(),"Akershus","Enebakk","enebakk","G152-15",0.412,1.16,1.54,0.03365,299.166,69.8484848484848,47.6,2.1,0.423096,0,0,0.3606185,0.423096,0,0,0,0,0,0,0,0,0,0,444900,1.49476647550994,297638.465465465,2016,2017,1,1,2,0,NA,NA,NA,NA,NA,NA,NA,NA,NA,NA,NA,NA,NA,NA
255,"G152-15","F","N","Östmarka 4","Østmarka_1819",2018,2019,NA,NA,0,NA,list(),"Akershus","Enebakk","enebakk","G152-15",0.407,1.14,1.43,0.02358,316.191,81.9646464646465,45.6,1.9,0.423096,2,1e-07,0.3295945,0.423096,0,0,0,0,0,0,0,0,0,0,455700,1.51301326850982,301187.048048048,2018,2018,0,0,1,0,NA,NA,NA,NA,NA,NA,NA,NA,NA,NA,NA,NA,NA,NA
127,"G152-15","F","N","Östmarka 5","Østmarka_1920",2019,2020,"censored",NA,0,NA,list(),"Akershus","Enebakk",NA,"G152-15",0.401,1.16,1.54,0.03183,321.382,77.6770833333333,37.9,1.7,0.423096,1,1.84e-06,0.419405,0.423096,0,0,0,0,0,0,0,0,0,0,467400,1.53809390857429,303882.615615616,2019,2019,0,0,1,1,NA,NA,NA,NA,NA,NA,NA,NA,NA,NA,NA,NA,NA,NA
