id,sex,Country_fatefile,territory,Revir_Vinter,Y_coordinate_fatefile,X_coordinate_fatefile,Autumn,Spring,Fate,confirmed illegal,Radio collar,Comment,average_paved_km,average_gravel_km,average_light,average_hf,dem_mean,slope_mean,aspect_mean,ruggedness_mean,KommunerKode,KommunerNamn,Country,pop_mean,Norwegian_wolf_zone,number_neighbour_terr,Reindeerarea,mean_snow,n_months_monitoringseason_averagesnow,hunt_afo,hunt_county,extr_parabol_2yr_value,extr_parabol_5yr_value,code_1,code_2,code_3,code_4,code_5,code_6,code_7,code_8,code_9,code_10,code_11,code_12,code_16,code_18,code_20,code_21,code_23,code_24,code_25,code_26,code_27,code_29,code_30,code_31,code_32,code_33,code_35,code_36,code_37,code_39,code_40,code_41,code_42,code_43,code_44,monitoredwolfterrcentroid,SLU-ID,Fi,BirthTerr
D-01-18,M,N,Atndalen,Atndalen_9899,6869518,1230119,1998,1999,NA,NA,0,NA,0.1,0.35,0.01,3.5,826.91,22.648,164.322,0.368,432,Rendalen,N,2.139,0,1,0,NA,NA,NA,5839.3,0.29727491,0.126598784,0,0,0,0,0,0,0,0,0,0,0.00048,0,0,0,0.00061,0.00776,0.07764,0.41425,0.03311,0,0.02905,0.03561,0,0.01017,0.29977,0,0,0.08449,0,0,0.00463,0.00245,0,0,0,1,D-01-18,0.125,Fre
D-01-21,F,N,Atndalen,Atndalen_9899,6869518,1230119,1998,1999,NA,NA,0,NA,0.1,0.35,0.01,3.5,826.91,22.648,164.322,0.368,432,Rendalen,N,2.139,0,1,0,NA,NA,NA,5839.3,0.29727491,0.126598784,0,0,0,0,0,0,0,0,0,0,0.00048,0,0,0,0.00061,0.00776,0.07764,0.41425,0.03311,0,0.02905,0.03561,0,0.01017,0.29977,0,0,0.08449,0,0,0.00463,0.00245,0,0,0,1,D-01-21,NA,Mitt
M-00-09,M,S,Bograngen 1,Höljes-Bograngen_9899,6741284,1323674,1998,1999,NA,NA,1,NA,0.29,1.19,0.05,4.84,394.853,19.522,177.155,0.212,1737,Torsby,S,5.704,0,0,0,NA,NA,NA,1250,0.250082953,0.281674466,0,0.00242,0,0,0,0,0,0,0,0,0,0.00022,0,0.00048,0.00079,0.00129,0.00243,0.69962,0.07795,0,0,0.10153,0,0,0,0,0.00056,0.07768,0,0,0.00448,0.03057,0,0,0,1,M-00-09,0.125,Fre
M-00-11,F,S,Bograngen 1,Höljes-Bograngen_9899,6741284,1323674,1998,1999,NA,NA,1,NA,0.29,1.19,0.05,4.84,394.853,19.522,177.155,0.212,1737,Torsby,S,5.704,0,0,0,NA,NA,NA,1250,0.250082953,0.281674466,0,0.00242,0,0,0,0,0,0,0,0,0,0.00022,0,0.00048,0.00079,0.00129,0.00243,0.69962,0.07795,0,0,0.10153,0,0,0,0,0.00056,0.07768,0,0,0.00448,0.03057,0,0,0,1,M-00-11,0.375,Ny4b
G5-03,F,S,Filipstad,Filipstad_9899,6637289,1409510,1998,1999,NA,NA,0,NA,0.32,1.11,0.7,7.49,251.161,35.081,170.591,0.355,1782,Filipstad,S,8,0,1,0,NA,NA,NA,5.4,0.500458108,0.200183243,0,0.00965,0.00166,0,0,0,0.00051,0,0,0,0.00051,0.00493,0,0.00089,0.0022,0.00412,0.00289,0.68914,0.06267,0,0,0.0813,0,0,0,0,0.00028,0.03455,0,0,0.00049,0.10422,0,0,0,1,G5-03,0.375,Ny4b
M-05-08,M,S,Filipstad,Filipstad_9899,6637289,1409510,1998,1999,NA,NA,1,NA,0.32,1.11,0.7,7.49,251.161,35.081,170.591,0.355,1782,Filipstad,S,8,0,1,0,NA,NA,NA,5.4,0.500458108,0.200183243,0,0.00965,0.00166,0,0,0,0.00051,0,0,0,0.00051,0.00493,0,0.00089,0.0022,0.00412,0.00289,0.68914,0.06267,0,0,0.0813,0,0,0,0,0.00028,0.03455,0,0,0.00049,0.10422,0,0,0,1,M-05-08,0.125,Hag2
M-98-02,M,S,Hagfors 2,Hagfors_9899,6671310,1404129,1998,1999,illegal,1,1,NA,0.24,0.98,0.05,5.9,319.463,33.662,176.434,0.321,1782,Filipstad,S,8.26,0,1,0,NA,NA,NA,4.6,0.547107805,0.574604663,0,0.00205,0,0,0,0,0,0,0,0,0,0.00067,0,0,0,0.00126,0.00025,0.64521,0.02618,0,0,0.18014,0,0,0,0,0.00224,0.04471,0,0,0,0.09729,0,0,0,1,M-98-02,0.375,Ny4
M-98-03,F,S,Hagfors 2,Hagfors_9899,6671310,1404129,1998,1999,illegal,1,1,NA,0.24,0.98,0.05,5.9,319.463,33.662,176.434,0.321,1782,Filipstad,S,8.26,0,1,0,NA,NA,NA,4.6,0.547107805,0.574604663,0,0.00205,0,0,0,0,0,0,0,0,0,0.00067,0,0,0,0.00126,0.00025,0.64521,0.02618,0,0,0.18014,0,0,0,0,0.00224,0.04471,0,0,0,0.09729,0,0,0,1,M-98-03,0,Gh
D-00-15,M,N,Koppang 1,Koppang_9899,6856204,1247003,1998,1999,NA,NA,0,NA,0.22,0.65,0.4,4.27,618.45,22.052,170.387,0.371,432,Rendalen,N,1.057,0,1,0,NA,NA,NA,5903,0.498124886,0.287088526,0,0.00158,0.00026,0,0,0,0,0,0,0,0.0035,0.00209,0,0,0.00136,0.01934,0.02189,0.68625,0.01168,0,0.01122,0.05095,0,0.00128,0.05147,0,0,0.10918,0,0,0.00691,0.02106,0,0,0,1,D-00-15,0.125,Fre
G2-02,F,N,Koppang 1,Koppang_9899,6856204,1247003,1998,1999,NA,NA,0,NA,0.22,0.65,0.4,4.27,618.45,22.052,170.387,0.371,432,Rendalen,N,1.057,0,1,0,NA,NA,NA,5903,0.498124886,0.287088526,0,0.00158,0.00026,0,0,0,0,0,0,0,0.0035,0.00209,0,0,0.00136,0.01934,0.02189,0.68625,0.01168,0,0.01122,0.05095,0,0.00128,0.05147,0,0,0.10918,0,0,0.00691,0.02106,0,0,0,1,G2-02,0.125,Hag2
D-99-02,M,S,Leksand 1,Leksand_9899,6732053,1425211,1998,1999,other,NA,0,Malformation in spine (skolios),0.22,1.07,0.39,4.57,329.771,29.702,177.984,0.264,2029,Leksand,S,9.475,0,0,0,NA,NA,NA,3.1,0.49260798,0.294057368,0,0.0034,0,0,0,0,0,0,0,0,0.00053,0.01235,0,0,3.00E-04,0.00084,0.00099,0.74201,0.02662,0,0,0.10812,0,0,0,0,0.00166,0.02725,0,0,0.00034,0.07559,0,0,0,1,D-99-02,0,Gh
M-98-05,F,S,Leksand 1,Leksand_9899,6732053,1425211,1998,1999,NA,NA,1,NA,0.22,1.07,0.39,4.57,329.771,29.702,177.984,0.264,2029,Leksand,S,9.475,0,0,0,NA,NA,NA,3.1,0.49260798,0.294057368,0,0.0034,0,0,0,0,0,0,0,0,0.00053,0.01235,0,0,3.00E-04,0.00084,0.00099,0.74201,0.02662,0,0,0.10812,0,0,0,0,0.00166,0.02725,0,0,0.00034,0.07559,0,0,0,1,M-98-05,0.125,X
G1-01,F,N,Moss,Moss_9899,6601308,1223908,1998,1999,NA,NA,0,NA,0.9,1.22,5.6,18.8,78.875,34.008,185.359,0.319,137,Våler,N,110.772,0,0,0,NA,NA,NA,1124.5,0.25007945,0.10003178,0.00038,0.02398,0.00401,0.00041,0,0.00285,0.00062,0,0,0.00057,0.00695,0.20938,0,0,0.00689,0.07242,0.01105,0.52049,0.00241,0,0,0.0304,0,0,0,0,0,0.00645,0,0.00277,0.01868,0.0558,0,0,0.02348,1,G1-01,0.125,Hag2
M-98-08,M,N,Moss,Moss_9899,6601308,1223908,1998,1999,NA,NA,1,NA,0.9,1.22,5.6,18.8,78.875,34.008,185.359,0.319,137,Våler,N,110.772,0,0,0,NA,NA,NA,1124.5,0.25007945,0.10003178,0.00038,0.02398,0.00401,0.00041,0,0.00285,0.00062,0,0,0.00057,0.00695,0.20938,0,0,0.00689,0.07242,0.01105,0.52049,0.00241,0,0,0.0304,0,0,0,0,0,0.00645,0,0.00277,0.01868,0.0558,0,0,0.02348,1,M-98-08,0.125,Hag2
M-00-01,M,S,Årjangkongsvinger,Årjäng-Kongsvinger_9899,6632272,1273927,1998,1999,NA,NA,1,NA,0.38,1.36,0.15,5.42,229.274,31.685,180.295,0.342,121,Rømskog,N,8.642,0,0,0,NA,NA,NA,1062.4,0.253520119,0.102780057,0,8.00E-04,0,0,0,0,0,0,0,0,0,0.0263,0,0.00176,0.00622,0.02577,0,0.77918,0.00337,0,0,0.03069,0,0,0,0,0,0.05285,0,0,0,0.07306,0,0,0,1,M-00-01,0.125,Hag1
M-00-02,F,S,Årjangkongsvinger,Årjäng-Kongsvinger_9899,6632272,1273927,1998,1999,NA,NA,1,NA,0.38,1.36,0.15,5.42,229.274,31.685,180.295,0.342,121,Rømskog,N,8.642,0,0,0,NA,NA,NA,1062.4,0.253520119,0.102780057,0,8.00E-04,0,0,0,0,0,0,0,0,0,0.0263,0,0.00176,0.00622,0.02577,0,0.77918,0.00337,0,0,0.03069,0,0,0,0,0,0.05285,0,0,0,0.07306,0,0,0,1,M-00-02,0.125,Fre
D-01-18,M,N,Atndalen,Atndalen_9900,6873488,1229879,1999,2000,NA,NA,0,NA,0.09,0.35,0.02,3.66,837.471,22.383,164.69,0.375,432,Rendalen,N,2.122,0,1,0,NA,NA,NA,6471.7,0.528648811,0.216608353,0,0,0,0,0,0,0,0,0,0,0.00048,0,0,0,0.00067,0.00708,0.08181,0.39031,0.03615,0,0.02945,0.03539,0,0.00941,0.33151,0,0,0.07073,0,0,0.00564,0.00137,0,0,0,1,D-01-18,0.125,Fre
D-01-21,F,N,Atndalen,Atndalen_9900,6873488,1229879,1999,2000,NA,NA,0,NA,0.09,0.35,0.02,3.66,837.471,22.383,164.69,0.375,432,Rendalen,N,2.122,0,1,0,NA,NA,NA,6471.7,0.528648811,0.216608353,0,0,0,0,0,0,0,0,0,0,0.00048,0,0,0,0.00067,0.00708,0.08181,0.39031,0.03615,0,0.02945,0.03539,0,0.00941,0.33151,0,0,0.07073,0,0,0.00564,0.00137,0,0,0,1,D-01-21,NA,Mitt
M-00-09,M,S,Bograngen 1,Bograngen_9900,6744133,1320489,1999,2000,NA,NA,1,NA,0.27,1.32,0,5.18,380.975,19.274,173.418,0.2,1737,Torsby,S,5.653,0,1,0,NA,NA,NA,1872,0.490343475,0.277414156,0,0.00083,0,0,0,0,0,0,0,0,0.00061,0.00176,0,0.00048,0.00079,0.00112,0.00243,0.66174,0.07543,0,0,0.12631,0,0,0,0,0,0.09196,0,0,0.0039,0.03266,0,0,0,1,M-00-09,0.125,Fre
M-00-11,F,S,Bograngen 1,Bograngen_9900,6744133,1320489,1999,2000,NA,NA,1,NA,0.27,1.32,0,5.18,380.975,19.274,173.418,0.2,1737,Torsby,S,5.653,0,1,0,NA,NA,NA,1872,0.490343475,0.277414156,0,0.00083,0,0,0,0,0,0,0,0,0.00061,0.00176,0,0.00048,0.00079,0.00112,0.00243,0.66174,0.07543,0,0,0.12631,0,0,0,0,0,0.09196,0,0,0.0039,0.03266,0,0,0,1,M-00-11,0.375,Ny4b
G5-03,F,S,Filipstad,Filipstad_9900,6632623,1392080,1999,2000,NA,NA,0,NA,0.26,1.16,0.06,6.25,236.305,35.405,177.019,0.357,1782,Filipstad,S,29.4,0,0,0,NA,NA,NA,5.7,0.353147746,0.182481052,0,0.00174,0.00032,0,0,0,0,0,0,0,0,0.01731,0,0.00033,0.00128,0.00644,0.00178,0.76916,0.03,0,0,0.08495,0,0,0,0,0.00097,0.02383,0,0,0,0.06188,0,0,0,1,G5-03,0.375,Ny4b
M-05-08,M,S,Filipstad,Filipstad_9900,6632623,1392080,1999,2000,NA,NA,1,NA,0.26,1.16,0.06,6.25,236.305,35.405,177.019,0.357,1782,Filipstad,S,29.4,0,0,0,NA,NA,NA,5.7,0.353147746,0.182481052,0,0.00174,0.00032,0,0,0,0,0,0,0,0,0.01731,0,0.00033,0.00128,0.00644,0.00178,0.76916,0.03,0,0,0.08495,0,0,0,0,0.00097,0.02383,0,0,0,0.06188,0,0,0,1,M-05-08,0.125,Hag2
G1-02,M,S,Glaskogen 1,Glaskogen_9900,6590610,1312488,1999,2000,NA,NA,0,NA,0.26,1.09,0.11,6.37,176.418,37.33,175.556,0.419,1785,Säffle,S,12.2,0,0,0,NA,NA,NA,5.7,0.250114209,0.100045684,0,0.00059,0,0,0,0,0,0,0,0,0.00075,0.04063,0,0.00399,0.00286,0.01473,0.00498,0.673,0.07392,0,0,0.03742,0,0,0,0,0.00021,0.00231,0,0,0,0.14463,0,0,0,1,G1-02,0.125,Fre
M-02-12,F,S,Glaskogen 1,Glaskogen_9900,6590610,1312488,1999,2000,NA,NA,1,NA,0.26,1.09,0.11,6.37,176.418,37.33,175.556,0.419,1785,Säffle,S,12.2,0,0,0,NA,NA,NA,5.7,0.250114209,0.100045684,0,0.00059,0,0,0,0,0,0,0,0,0.00075,0.04063,0,0.00399,0.00286,0.01473,0.00498,0.673,0.07392,0,0,0.03742,0,0,0,0,0.00021,0.00231,0,0,0,0.14463,0,0,0,1,M-02-12,0.234375,Årj
M-00-04,F,S,Grangärde,Grangärde_9900,6692097,1450111,1999,2000,NA,NA,1,NA,0.23,1.29,0.68,7.6,285.623,31.921,181.126,0.275,2085,Ludvika,S,27.3,0,0,0,NA,NA,NA,3.3,0.250099366,0.100821001,0,0.00763,0.00064,0,0,0,0.00026,0,0,0,0.00044,0.0084,0,0,0.00391,0.00385,0.00284,0.76831,0.0377,0,0,0.08548,0,0,0,0,0.0011,0.01354,0,0,0.00308,0.06281,0,0,0,1,M-00-04,0.125,Hag1
M-98-04,M,S,Grangärde,Grangärde_9900,6692097,1450111,1999,2000,NA,NA,1,NA,0.23,1.29,0.68,7.6,285.623,31.921,181.126,0.275,2085,Ludvika,S,27.3,0,0,0,NA,NA,NA,3.3,0.250099366,0.100821001,0,0.00763,0.00064,0,0,0,0.00026,0,0,0,0.00044,0.0084,0,0,0.00391,0.00385,0.00284,0.76831,0.0377,0,0,0.08548,0,0,0,0,0.0011,0.01354,0,0,0.00308,0.06281,0,0,0,1,M-98-04,0.1875,Le1
M-01-04,F,S,Hasselfors 1,Hasselfors-Laxå_9900,6544784,1425467,1999,2000,NA,NA,1,NA,0.35,1.25,0.73,7.9,118.506,36.744,183.153,0.154,1860,Laxå,S,20.7,0,0,0,NA,NA,NA,4.3,0.250093006,0.100037203,0,0.00677,0.00156,0.00043,0,0,0.00054,0,0,0.00025,0.00069,0.05053,0,0.00272,0.00317,0.005,0.00891,0.57257,0.07233,0,0,0.04847,0,0,0,0,0.0044,0.04767,0,0,0.00153,0.17245,0,0,0,1,M-01-04,0.125,Hag1
M-01-05,M,S,Hasselfors 1,Hasselfors-Laxå_9900,6544784,1425467,1999,2000,NA,NA,1,NA,0.35,1.25,0.73,7.9,118.506,36.744,183.153,0.154,1860,Laxå,S,20.7,0,0,0,NA,NA,NA,4.3,0.250093006,0.100037203,0,0.00677,0.00156,0.00043,0,0,0.00054,0,0,0.00025,0.00069,0.05053,0,0.00272,0.00317,0.005,0.00891,0.57257,0.07233,0,0,0.04847,0,0,0,0,0.0044,0.04767,0,0,0.00153,0.17245,0,0,0,1,M-01-05,0.125,Hag2
D-00-15,M,N,Koppang 1,Koppang_9900,6860071,1245831,1999,2000,NA,NA,0,NA,0.2,0.61,0.19,3.93,636.918,21.897,169.453,0.372,432,Rendalen,N,1.041,0,1,0,NA,NA,NA,6486,0.580111636,0.377709688,0,0.00107,0,0,0,0,0,0,0,0,0.00136,0.00209,0,0,0.00136,0.02395,0.02591,0.67366,0.01098,0,0.0113,0.04147,0,0.00137,0.07221,0,0,0.11291,0,0,0.00594,0.01442,0,0,0,1,D-00-15,0.125,Fre
G2-02,F,N,Koppang 1,Koppang_9900,6860071,1245831,1999,2000,NA,NA,0,NA,0.2,0.61,0.19,3.93,636.918,21.897,169.453,0.372,432,Rendalen,N,1.041,0,1,0,NA,NA,NA,6486,0.580111636,0.377709688,0,0.00107,0,0,0,0,0,0,0,0,0.00136,0.00209,0,0,0.00136,0.02395,0.02591,0.67366,0.01098,0,0.0113,0.04147,0,0.00137,0.07221,0,0,0.11291,0,0,0.00594,0.01442,0,0,0,1,G2-02,0.125,Hag2
G1-01,F,N,Moss,Moss-Våler_9900,6607633,1227572,1999,2000,NA,NA,0,NA,0.84,1.19,5.19,17.29,99.132,34.659,184.906,0.319,137,Våler,N,106.021,0,0,0,NA,NA,NA,1186.8,0.466079793,0.186431917,0,0.01945,0.00463,0.00165,0,0.00194,0.00066,0,0,0.00035,0.00395,0.24197,0,0,0.00407,0.07519,0.01052,0.5161,0.00273,0,0,0.04525,0,0,0,0,0,0.00706,0,0,0.01931,0.04288,0,0,0.00229,1,G1-01,0.125,Hag2
M-98-08,M,N,Moss,Moss-Våler_9900,6607633,1227572,1999,2000,NA,NA,1,NA,0.84,1.19,5.19,17.29,99.132,34.659,184.906,0.319,137,Våler,N,106.021,0,0,0,NA,NA,NA,1186.8,0.466079793,0.186431917,0,0.01945,0.00463,0.00165,0,0.00194,0.00066,0,0,0.00035,0.00395,0.24197,0,0,0.00407,0.07519,0.01052,0.5161,0.00273,0,0,0.04525,0,0,0,0,0,0.00706,0,0,0.01931,0.04288,0,0,0.00229,1,M-98-08,0.125,Hag2
M-00-07,M,S,Nyskoga 5,Nyskoga_9900,6716039,1333878,1999,2000,NA,NA,1,NA,0.27,1.09,0.42,4.16,389.053,19.782,172.402,0.21,1737,Torsby,S,5.876,0,1,0,NA,NA,NA,880.5,0.286725288,0.137183691,0,0.00075,0,0,0,0,0,0,0,0,0.00082,0.00147,0,0,0.00379,0.00171,0.00062,0.80605,0.02925,0,0,0.06242,0,0,0,0,0.00083,0.05641,0,0,0.00248,0.03341,0,0,0,1,M-00-07,0.125,Hag2
M-00-08,F,S,Nyskoga 5,Nyskoga_9900,6716039,1333878,1999,2000,NA,NA,1,NA,0.27,1.09,0.42,4.16,389.053,19.782,172.402,0.21,1737,Torsby,S,5.876,0,1,0,NA,NA,NA,880.5,0.286725288,0.137183691,0,0.00075,0,0,0,0,0,0,0,0,0.00082,0.00147,0,0,0.00379,0.00171,0.00062,0.80605,0.02925,0,0,0.06242,0,0,0,0,0.00083,0.05641,0,0,0.00248,0.03341,0,0,0,1,M-00-08,0.234375,Årj
M-00-01,M,S,Årjangkongsvinger,Årjäng-Kongsvinger_9900,6646256,1276503,1999,2000,NA,NA,1,NA,0.47,1.61,0.47,5.87,244.029,31.487,176.646,0.321,221,Aurskog-Høland,N,12.467,0,0,0,NA,NA,NA,2434.8,0.396014379,0.230397387,0,0.00275,0,0,0,0,0,0,0,0,0,0.02787,0,0.0015,0.00156,0.02491,0.00055,0.76064,0.00133,0,0,0.04654,0,0,0,0,0,0.06171,0,0,0,0.07064,0,0,0,1,M-00-01,0.125,Hag1
M-00-02,F,S,Årjangkongsvinger,Årjäng-Kongsvinger_9900,6646256,1276503,1999,2000,NA,NA,1,NA,0.47,1.61,0.47,5.87,244.029,31.487,176.646,0.321,221,Aurskog-Høland,N,12.467,0,0,0,NA,NA,NA,2434.8,0.396014379,0.230397387,0,0.00275,0,0,0,0,0,0,0,0,0,0.02787,0,0.0015,0.00156,0.02491,0.00055,0.76064,0.00133,0,0,0.04654,0,0,0,0,0,0.06171,0,0,0,0.07064,0,0,0,1,M-00-02,0.125,Fre
D-01-18,M,N,Atndalen,Atndalen_0001,6877163,1233512,2000,2001,legal,NA,0,NA,0.11,0.4,0.11,4,812.077,22.098,166.816,0.388,432,Rendalen,N,1.893,0,1,0,75.00913978,4,NA,6744,0.54065193,0.306472746,0,0,0,0,0,0,0,0,0,0,0.00048,0.00091,0,0,0.00093,0.00962,0.05468,0.41844,0.0292,0,0.02813,0.03328,0,0.00998,0.33711,0.00153,0,0.06572,0,0,0.00605,0.00393,0,0,0,1,D-01-18,0.125,Fre
D-01-21,F,N,Atndalen,Atndalen_0001,6877163,1233512,2000,2001,legal,NA,0,NA,0.11,0.4,0.11,4,812.077,22.098,166.816,0.388,432,Rendalen,N,1.893,0,1,0,75.00913978,4,NA,6744,0.54065193,0.306472746,0,0,0,0,0,0,0,0,0,0,0.00048,0.00091,0,0,0.00093,0.00962,0.05468,0.41844,0.0292,0,0.02813,0.03328,0,0.00998,0.33711,0.00153,0,0.06572,0,0,0.00605,0.00393,0,0,0,1,D-01-21,NA,Mitt
M-00-09,M,S,Bograngen 1,Bograngen_0001,6746432,1320516,2000,2001,NA,NA,1,NA,0.27,1.27,0,5.25,383.232,19.112,172.522,0.198,1737,Torsby,S,5.619,1,0,0,75.02042749,4,NA,1798.1,0.496251034,0.288875317,0,0.00083,0,0,0,0,0,0,0,0,0.00061,8.00E-05,0,0.00048,0.00079,0.00169,0.00212,0.65542,0.07411,0,0,0.13213,0,0,0,0,0,0.09599,0,0,0.00392,0.03184,0,0,0,1,M-00-09,0.125,Fre
M-00-11,F,S,Bograngen 1,Bograngen_0001,6746432,1320516,2000,2001,NA,NA,1,NA,0.27,1.27,0,5.25,383.232,19.112,172.522,0.198,1737,Torsby,S,5.619,1,0,0,75.02042749,4,NA,1798.1,0.496251034,0.288875317,0,0.00083,0,0,0,0,0,0,0,0,0.00061,8.00E-05,0,0.00048,0.00079,0.00169,0.00212,0.65542,0.07411,0,0,0.13213,0,0,0,0,0,0.09599,0,0,0.00392,0.03184,0,0,0,1,M-00-11,0.375,Ny4b
M-02-08,M,S,Dals Ed 2,Dals Ed-Halden_0001,6544732,1267622,2000,2001,NA,NA,1,NA,0.37,1.19,0.28,6.81,166.742,37.786,175.726,0.403,1438,Dals-Ed,S,16.548,1,0,0,48.5421875,4,NA,359.9,0.494275723,0.481524614,0,0.0023,8.00E-04,0,0,0,0,0,0,0.00085,0,0.04178,0,0.00087,0.00168,0.0165,0.00246,0.75074,0.02025,0,0,0.03427,0,6.00E-04,0,0,0,0.0381,0,0,0,0.08763,0,0.00016,0.00101,1,M-02-08,0.234375,Kop1
M-03-07,F,S,Dals Ed 2,Dals Ed-Halden_0001,6544732,1267622,2000,2001,NA,NA,1,NA,0.37,1.19,0.28,6.81,166.742,37.786,175.726,0.403,1438,Dals-Ed,S,16.548,1,0,0,48.5421875,4,NA,359.9,0.494275723,0.481524614,0,0.0023,8.00E-04,0,0,0,0,0,0,0.00085,0,0.04178,0,0.00087,0.00168,0.0165,0.00246,0.75074,0.02025,0,0,0.03427,0,6.00E-04,0,0,0,0.0381,0,0,0,0.08763,0,0.00016,0.00101,1,M-03-07,0.234375,Kop1
G5-03,F,S,Filipstad,Filipstad_0001,6619852,1397111,2000,2001,NA,NA,0,NA,0.35,1.17,0.64,8.95,196.652,37.321,176.043,0.333,1782,Filipstad,S,24.025,0,0,0,64.95866935,4,NA,5.7,0.400725706,0.215333192,0,0.009,0.00166,0,0,0,0.00095,0,0,0,0.00114,0.05154,0,0.00092,0.00488,0.00809,0.00388,0.6872,0.05568,0,0,0.06483,0,0,0,0,0.00086,0.04004,0,0,0,0.06931,0,0,0,1,G5-03,0.375,Ny4b
M-05-08,M,S,Filipstad,Filipstad_0001,6619852,1397111,2000,2001,NA,NA,1,NA,0.35,1.17,0.64,8.95,196.652,37.321,176.043,0.333,1782,Filipstad,S,24.025,0,0,0,64.95866935,4,NA,5.7,0.400725706,0.215333192,0,0.009,0.00166,0,0,0,0.00095,0,0,0,0.00114,0.05154,0,0.00092,0.00488,0.00809,0.00388,0.6872,0.05568,0,0,0.06483,0,0,0,0,0.00086,0.04004,0,0,0,0.06931,0,0,0,1,M-05-08,0.125,Hag2
D-04-13,F,S,Furudal,Furudal_0001,6798942,1468323,2000,2001,NA,NA,0,NA,0.16,1.09,0.16,4.99,303.266,22.991,168.884,0.152,2031,Rättvik,S,5.4,0,0,0,74.7421875,4,NA,3.5,0.250137987,0.100055195,0,0.00282,0.00025,0,0,0,0,0,0,0,0.00073,0.00316,0,0,0.00066,0.00457,0.00035,0.70277,0.01273,0,0,0.16498,0,0,0,0,0.00168,0.03876,0,0,0,0.06655,0,0,0,1,D-04-13,0,Gh
G1-03,M,S,Furudal,Furudal_0001,6798942,1468323,2000,2001,NA,NA,0,NA,0.16,1.09,0.16,4.99,303.266,22.991,168.884,0.152,2031,Rättvik,S,5.4,0,0,0,74.7421875,4,NA,3.5,0.250137987,0.100055195,0,0.00282,0.00025,0,0,0,0,0,0,0,0.00073,0.00316,0,0,0.00066,0.00457,0.00035,0.70277,0.01273,0,0,0.16498,0,0,0,0,0.00168,0.03876,0,0,0,0.06655,0,0,0,1,G1-03,0.234375,Kop1
G1-02,M,S,Glaskogen 1,Glaskogen_0001,6594757,1312211,2000,2001,NA,NA,0,NA,0.22,1,0.18,6.32,179.048,37.193,174.903,0.398,1784,Arvika,S,12.1,0,0,0,55.3468078,4,NA,5.7,0.488050273,0.195220109,0,0.00107,0,0,0,0,0,0,0,0,0.00075,0.03104,0,0.0033,0.00152,0.00954,0.00293,0.68565,0.05638,0,0,0.03478,0,0,0,0,0,0.00377,0,0,0,0.16926,0,0,0,1,G1-02,0.125,Fre
M-02-12,F,S,Glaskogen 1,Glaskogen_0001,6594757,1312211,2000,2001,NA,NA,1,NA,0.22,1,0.18,6.32,179.048,37.193,174.903,0.398,1784,Arvika,S,12.1,0,0,0,55.3468078,4,NA,5.7,0.488050273,0.195220109,0,0.00107,0,0,0,0,0,0,0,0,0.00075,0.03104,0,0.0033,0.00152,0.00954,0.00293,0.68565,0.05638,0,0,0.03478,0,0,0,0,0,0.00377,0,0,0,0.16926,0,0,0,1,M-02-12,0.234375,Årj
M-00-04,F,S,Grangärde,Grangärde_0001,6685459,1445240,2000,2001,illegal,1,1,NA,0.23,1.31,0.31,6.18,284.872,34.575,176.807,0.298,2085,Ludvika,S,11.8,0,0,0,73.7205228,4,NA,3.4,0.468508282,0.207250589,0,0.00505,0.00028,0,0,0,0.00119,0,0,0,0.00044,0.00511,0,0.00027,0.00393,0.00379,0.00188,0.75221,0.03137,0,0,0.10327,0,0,0,0,0.0011,0.02723,0,0,0,0.06288,0,0,0,1,M-00-04,0.125,Hag1
M-98-04,M,S,Grangärde,Grangärde_0001,6685459,1445240,2000,2001,NA,NA,1,NA,0.23,1.31,0.31,6.18,284.872,34.575,176.807,0.298,2085,Ludvika,S,11.8,0,0,0,73.7205228,4,NA,3.4,0.468508282,0.207250589,0,0.00505,0.00028,0,0,0,0.00119,0,0,0,0.00044,0.00511,0,0.00027,0.00393,0.00379,0.00188,0.75221,0.03137,0,0,0.10327,0,0,0,0,0.0011,0.02723,0,0,0,0.06288,0,0,0,1,M-98-04,0.1875,Le1
M-01-09,M,N,Gråfjell,Gråfjell_0001,6837459,1260708,2000,2001,NA,NA,1,NA,0.15,0.73,0.2,3.25,628.392,20.526,177.182,0.328,432,Rendalen,N,1.789,1,1,0,76.50237192,4,NA,6744,0.284485257,0.230554255,0,0.00165,0.00043,0,0,0,0,0,0,0,0.00342,0.0046,0,0,0.00073,0.00751,0.02858,0.61478,0.00733,0,0.02935,0.05945,0,0,0.07992,0,0,0.10465,0,0,0.00461,0.053,0,0,0,1,M-01-09,0.125,Hag2
M-01-10,F,N,Gråfjell,Gråfjell_0001,6837459,1260708,2000,2001,NA,NA,1,NA,0.15,0.73,0.2,3.25,628.392,20.526,177.182,0.328,432,Rendalen,N,1.789,1,1,0,76.50237192,4,NA,6744,0.284485257,0.230554255,0,0.00165,0.00043,0,0,0,0,0,0,0,0.00342,0.0046,0,0,0.00073,0.00751,0.02858,0.61478,0.00733,0,0.02935,0.05945,0,0,0.07992,0,0,0.10465,0,0,0.00461,0.053,0,0,0,1,M-01-10,0.234375,Kop1
M-01-04,F,S,Hasselfors 1,Laxå-Hasselfors_0001,6545028,1429612,2000,2001,NA,NA,1,NA,0.37,1.28,0.79,7.99,120.027,36.937,182.335,0.161,1860,Laxå,S,20.75,0,0,0,45.46320565,4,NA,4.1,0.488476558,0.195390623,0,0.009,0.00156,0.00086,0,0,0.00054,0,0,0.00025,0.00056,0.06402,0,0.00471,0.00308,0.00509,0.01311,0.5789,0.08137,0,0,0.04859,0,0,0,0,0.00529,0.04974,0,0,0.00094,0.13239,0,0,0,1,M-01-04,0.125,Hag1
M-01-05,M,S,Hasselfors 1,Laxå-Hasselfors_0001,6545028,1429612,2000,2001,NA,NA,1,NA,0.37,1.28,0.79,7.99,120.027,36.937,182.335,0.161,1860,Laxå,S,20.75,0,0,0,45.46320565,4,NA,4.1,0.488476558,0.195390623,0,0.009,0.00156,0.00086,0,0,0.00054,0,0,0.00025,0.00056,0.06402,0,0.00471,0.00308,0.00509,0.01311,0.5789,0.08137,0,0,0.04859,0,0,0,0,0.00529,0.04974,0,0,0.00094,0.13239,0,0,0,1,M-01-05,0.125,Hag2
D-00-15,M,N,Koppang 1,Koppang_0001,6861633,1248727,2000,2001,legal,NA,0,NA,0.19,0.6,0.13,3.71,640.736,21.781,171.491,0.362,432,Rendalen,N,1.05,0,2,0,75.10669975,4,NA,6744,0.551006424,0.467694472,0,0.00107,0,0,0,0,0,0,0,0,0.00307,0.00119,0,0,0.00136,0.02471,0.02617,0.6715,0.01284,0,0.01065,0.03744,0,0.00137,0.06778,0,0,0.12126,0,0,0.00542,0.01419,0,0,0,1,D-00-15,0.125,Fre
G2-02,F,N,Koppang 1,Koppang_0001,6861633,1248727,2000,2001,NA,NA,0,NA,0.19,0.6,0.13,3.71,640.736,21.781,171.491,0.362,432,Rendalen,N,1.05,0,2,0,75.10669975,4,NA,6744,0.551006424,0.467694472,0,0.00107,0,0,0,0,0,0,0,0,0.00307,0.00119,0,0,0.00136,0.02471,0.02617,0.6715,0.01284,0,0.01065,0.03744,0,0.00137,0.06778,0,0,0.12126,0,0,0.00542,0.01419,0,0,0,1,G2-02,0.125,Hag2
G1-01,F,N,Moss,Moss-Våler_0001,6608544,1225511,2000,2001,NA,NA,0,NA,0.93,1.19,5.54,18.58,95.684,34.676,183.803,0.317,137,Våler,N,107.459,1,0,0,54.65625,4,NA,1253.8,0.496595524,0.284611681,1.00E-05,0.02639,0.00538,0.00165,0,0.00285,0.00062,0,0,0.00035,0.00474,0.22397,0,0,0.00407,0.07715,0.01098,0.50604,0.00292,0,0,0.05035,0,0,0,0,0,0.00648,0,0,0.01818,0.04302,0,0,0.01485,1,G1-01,0.125,Hag2
M-98-08,M,N,Moss,Moss-Våler_0001,6608544,1225511,2000,2001,NA,NA,1,NA,0.93,1.19,5.54,18.58,95.684,34.676,183.803,0.317,137,Våler,N,107.459,1,0,0,54.65625,4,NA,1253.8,0.496595524,0.284611681,1.00E-05,0.02639,0.00538,0.00165,0,0.00285,0.00062,0,0,0.00035,0.00474,0.22397,0,0,0.00407,0.07715,0.01098,0.50604,0.00292,0,0,0.05035,0,0,0,0,0,0.00648,0,0,0.01818,0.04302,0,0,0.01485,1,M-98-08,0.125,Hag2
M-00-07,M,S,Nyskoga 5,Nyskoga_0001,6711695,1341982,2000,2001,NA,NA,1,NA,0.24,0.98,0.43,4.04,338.969,20.618,171.437,0.23,1737,Torsby,S,4.901,1,0,0,82.32927489,4,NA,12.4,0.448747349,0.206040327,0,0.00217,0,0,0,0,0,0,0,0,0.00046,0.00642,0,0,0.00824,0.00169,0.00064,0.84197,0.01825,0,0,0.05773,0,0,0,0,0.00058,0.04094,0,0,0.00462,0.01629,0,0,0,1,M-00-07,0.125,Hag2
M-00-08,F,S,Nyskoga 5,Nyskoga_0001,6711695,1341982,2000,2001,NA,NA,1,NA,0.24,0.98,0.43,4.04,338.969,20.618,171.437,0.23,1737,Torsby,S,4.901,1,0,0,82.32927489,4,NA,12.4,0.448747349,0.206040327,0,0.00217,0,0,0,0,0,0,0,0,0.00046,0.00642,0,0,0.00824,0.00169,0.00064,0.84197,0.01825,0,0,0.05773,0,0,0,0,0.00058,0.04094,0,0,0.00462,0.01629,0,0,0,1,M-00-08,0.234375,Årj
G3-03,F,S,Ockelbo 1,Ockelbo_0001,6760956,1525093,2000,2001,NA,NA,0,NA,0.17,1.18,0.1,5.63,293.447,28.151,161.238,0.187,2101,Ockelbo,S,15.667,0,0,0,77.26515152,4,NA,4.1,0.250149816,0.100059926,0,0.00166,0,0,0,0,0,0,0,0,0,0.00561,0,0.00029,0.00031,0,0.00319,0.71591,0.03053,0,0,0.15028,0,0,0,0,0.00191,0.04052,0,0,0,0.04979,0,0,0,1,G3-03,0,Gh
M-09-10,M,S,Ockelbo 1,Ockelbo_0001,6760956,1525093,2000,2001,NA,NA,1,NA,0.17,1.18,0.1,5.63,293.447,28.151,161.238,0.187,2101,Ockelbo,S,15.667,0,0,0,77.26515152,4,NA,4.1,0.250149816,0.100059926,0,0.00166,0,0,0,0,0,0,0,0,0,0.00561,0,0.00029,0.00031,0,0.00319,0.71591,0.03053,0,0,0.15028,0,0,0,0,0.00191,0.04052,0,0,0,0.04979,0,0,0,1,M-09-10,0.234375,Årj
M-00-06,M,S,Tyngsjö,Tyngsjö_0001,6688136,1388576,2000,2001,NA,NA,1,NA,0.22,0.88,0.01,4.17,335.533,32.939,177.141,0.31,1783,Hagfors,S,5.16,0,0,0,73.63491263,4,NA,4.6,0.250148958,0.210176386,0,0,0,0,0,0,0,0,0,0,0,0.00067,0,0,0,5.00E-05,0.00166,0.67927,0.02419,0,0,0.12863,0,0,0,0,0.00121,0.08299,0,0,3.00E-05,0.0813,0,0,0,1,M-00-06,0.1875,Le1
M-02-04,F,S,Tyngsjö,Tyngsjö_0001,6688136,1388576,2000,2001,NA,NA,1,NA,0.22,0.88,0.01,4.17,335.533,32.939,177.141,0.31,1783,Hagfors,S,5.16,0,0,0,73.63491263,4,NA,4.6,0.250148958,0.210176386,0,0,0,0,0,0,0,0,0,0,0,0.00067,0,0,0,5.00E-05,0.00166,0.67927,0.02419,0,0,0.12863,0,0,0,0,0.00121,0.08299,0,0,3.00E-05,0.0813,0,0,0,1,M-02-04,0.125,Fre
M-00-01,M,S,Årjangkongsvinger,Årjäng-Kongsvinger_0001,6643663,1274635,2000,2001,NA,NA,1,NA,0.46,1.57,0.47,5.94,239.353,31.526,178.12,0.32,221,Aurskog-Høland,N,11.617,1,0,0,64.546875,4,NA,2150,0.492729075,0.324893978,0,0.00332,0,0,0,0,0,0,0,0,0,0.03818,0,0.0015,0.00177,0.02096,0.00055,0.74705,0.00094,0,0,0.04913,0,0,0,0,0,0.06109,0,0,0,0.07551,0,0,0,1,M-00-01,0.125,Hag1
M-00-02,F,S,Årjangkongsvinger,Årjäng-Kongsvinger_0001,6643663,1274635,2000,2001,NA,NA,1,NA,0.46,1.57,0.47,5.94,239.353,31.526,178.12,0.32,221,Aurskog-Høland,N,11.617,1,0,0,64.546875,4,NA,2150,0.492729075,0.324893978,0,0.00332,0,0,0,0,0,0,0,0,0,0.03818,0,0.0015,0.00177,0.02096,0.00055,0.74705,0.00094,0,0,0.04913,0,0,0,0,0,0.06109,0,0,0,0.07551,0,0,0,1,M-00-02,0.125,Fre
M-00-09,M,S,Bograngen 1,Bograngen_0102,6753952,1316610,2001,2002,NA,NA,1,NA,0.23,1.18,0,5.16,407.871,18.653,169.491,0.191,1737,Torsby,S,7.88,1,1,0,81.546875,6,NA,2189.7,0.457706187,0.314043936,0,0.00083,0,0,0,0,0,0,0,0,0.00061,2.00E-04,0,0.00048,0,0.00189,0.00171,0.62817,0.07117,0,0,0.136,0,0,0,0,0,0.13185,0,0,0.00256,0.02454,0,0,0,1,M-00-09,0.125,Fre
M-00-11,F,S,Bograngen 1,Bograngen_0102,6753952,1316610,2001,2002,NA,NA,1,NA,0.23,1.18,0,5.16,407.871,18.653,169.491,0.191,1737,Torsby,S,7.88,1,1,0,81.546875,6,NA,2189.7,0.457706187,0.314043936,0,0.00083,0,0,0,0,0,0,0,0,0.00061,2.00E-04,0,0.00048,0,0.00189,0.00171,0.62817,0.07117,0,0,0.136,0,0,0,0,0,0.13185,0,0,0.00256,0.02454,0,0,0,1,M-00-11,0.375,Ny4b
M-02-08,M,S,Dals Ed 2,Dals Ed-Halden_0102,6550200,1267094,2001,2002,NA,NA,1,NA,0.38,1.17,0.21,6.76,168.511,37.253,177.019,0.407,1438,Dals-Ed,S,17.094,1,0,0,67.57212753,6,NA,480.9,0.479794911,0.458300403,0,0.0023,8.00E-04,0,0,0,0,0,0,0.00084,0,0.01913,0,0.00087,0.00095,0.01932,0.00293,0.74866,0.02439,0,0,0.03353,0,6.00E-04,0,0,0,0.03991,0,0,1.00E-04,0.10224,0,0.00115,0.00228,1,M-02-08,0.234375,Kop1
M-03-07,F,S,Dals Ed 2,Dals Ed-Halden_0102,6550200,1267094,2001,2002,NA,NA,1,NA,0.38,1.17,0.21,6.76,168.511,37.253,177.019,0.407,1438,Dals-Ed,S,17.094,1,0,0,67.57212753,6,NA,480.9,0.479794911,0.458300403,0,0.0023,8.00E-04,0,0,0,0,0,0,0.00084,0,0.01913,0,0.00087,0.00095,0.01932,0.00293,0.74866,0.02439,0,0,0.03353,0,6.00E-04,0,0,0,0.03991,0,0,1.00E-04,0.10224,0,0.00115,0.00228,1,M-03-07,0.234375,Kop1
G5-03,F,S,Filipstad,Filipstad_0102,6635229,1392410,2001,2002,other,NA,0,"old, may have died of age",0.25,1.13,0.04,5.87,244.689,35.286,176.647,0.357,1782,Filipstad,S,29.24,0,1,0,74.57843137,6,NA,5.5,0.375218738,0.337742792,0,0.00116,0,0,0,0,0,0,0,0,0,0.01177,0,0.00033,0.00128,0.00527,0.00118,0.77176,0.03112,0,0,0.08619,0,0,0,0,0.00097,0.02754,0,0,0,0.06144,0,0,0,1,G5-03,0.375,Ny4b
M-05-08,M,S,Filipstad,Filipstad_0102,6635229,1392410,2001,2002,NA,NA,1,The male moved to Jangen 3 where he appears  2003/04,0.25,1.13,0.04,5.87,244.689,35.286,176.647,0.357,1782,Filipstad,S,29.24,0,1,0,74.57843137,6,NA,5.5,0.375218738,0.337742792,0,0.00116,0,0,0,0,0,0,0,0,0,0.01177,0,0.00033,0.00128,0.00527,0.00118,0.77176,0.03112,0,0,0.08619,0,0,0,0,0.00097,0.02754,0,0,0,0.06144,0,0,0,1,M-05-08,0.125,Hag2
D-04-13,F,S,Furudal,Furudal_0102,6794149,1469635,2001,2002,NA,NA,0,NA,0.17,1.12,0.17,5.07,297.414,23.197,171.204,0.146,2031,Rättvik,S,5.367,0,0,0,83.38020833,6,NA,3.6,0.48350441,0.193401764,0,0.00208,0.00025,0,0,0,0,0,0,0,0.00073,0.00713,0,0.00178,0.00036,0.00654,0.00035,0.70454,0.01281,0,0,0.14589,0,0,0,0,0.00078,0.04358,0,0,0,0.07318,0,0,0,1,D-04-13,0,Gh
G1-03,M,S,Furudal,Furudal_0102,6794149,1469635,2001,2002,NA,NA,0,NA,0.17,1.12,0.17,5.07,297.414,23.197,171.204,0.146,2031,Rättvik,S,5.367,0,0,0,83.38020833,6,NA,3.6,0.48350441,0.193401764,0,0.00208,0.00025,0,0,0,0,0,0,0,0.00073,0.00713,0,0.00178,0.00036,0.00654,0.00035,0.70454,0.01281,0,0,0.14589,0,0,0,0,0.00078,0.04358,0,0,0,0.07318,0,0,0,1,G1-03,0.234375,Kop1
G1-02,M,S,Glaskogen 1,Glaskogen_0102,6579506,1309681,2001,2002,illegal,NA,0,NA,0.28,1.22,0.1,6.38,168.54,37.36,178.441,0.441,1785,Säffle,S,14.92,0,0,0,76.11979167,6,NA,5.3,0.381208099,0.222908973,0,0.00152,0,0,0,0,0,0,0,0,0.00075,0.04026,0,0.00389,0.00447,0.02099,0.00646,0.66398,0.09445,0,0,0.02876,0,0,0,0,0.00024,0.00172,0,0,0,0.13252,0,0,0,1,G1-02,0.125,Fre
M-02-12,F,S,Glaskogen 1,Glaskogen_0102,6579506,1309681,2001,2002,censor,NA,1,NA,0.28,1.22,0.1,6.38,168.54,37.36,178.441,0.441,1785,Säffle,S,14.92,0,0,0,76.11979167,6,NA,5.3,0.381208099,0.222908973,0,0.00152,0,0,0,0,0,0,0,0,0.00075,0.04026,0,0.00389,0.00447,0.02099,0.00646,0.66398,0.09445,0,0,0.02876,0,0,0,0,0.00024,0.00172,0,0,0,0.13252,0,0,0,1,M-02-12,0.234375,Årj
M-01-09,M,N,Gråfjell,Gråfjell_0102,6819054,1265877,2001,2002,NA,NA,1,NA,0.11,1.04,0,3.56,576.547,19.556,164.302,0.288,429,Åmot,N,1.786,1,0,0,83.11268939,6,NA,6810,0.341142747,0.136534545,0,0,0,0,0,0,5.00E-04,0,0,0,0.00035,0.00483,0,0,0,0.00423,0.00572,0.68057,0.00912,0,0.0141,0.08744,0,0,0.01587,0,0,0.14465,0,0,0.0046,0.02802,0,0,0,1,M-01-09,0.125,Hag2
M-01-10,F,N,Gråfjell,Gråfjell_0102,6819054,1265877,2001,2002,NA,NA,1,NA,0.11,1.04,0,3.56,576.547,19.556,164.302,0.288,429,Åmot,N,1.786,1,0,0,83.11268939,6,NA,6810,0.341142747,0.136534545,0,0,0,0,0,0,5.00E-04,0,0,0,0.00035,0.00483,0,0,0,0.00423,0.00572,0.68057,0.00912,0,0.0141,0.08744,0,0,0.01587,0,0,0.14465,0,0,0.0046,0.02802,0,0,0,1,M-01-10,0.234375,Kop1
M-01-04,F,S,Hasselfors 1,Laxå-Hasselfors_0102,6549543,1424811,2001,2002,natural,NA,1,Scabies,0.33,1.3,0.92,8.72,113.777,36.653,182.869,0.16,1860,Laxå,S,20.3,0,0,0,62.37881944,6,NA,4.3,0.47195584,0.282519666,0,0.00754,0.00161,0.00022,0,0,0.00054,0,0,0.00039,0.00056,0.0613,0,0.00322,0.00322,0.00458,0.00968,0.56806,0.07867,0,0,0.05057,0,0,0,0,0.0044,0.05382,0,0,0.00307,0.14854,0,0,0,1,M-01-04,0.125,Hag1
M-01-05,M,S,Hasselfors 1,Laxå-Hasselfors_0102,6549543,1424811,2001,2002,NA,NA,1,NA,0.33,1.3,0.92,8.72,113.777,36.653,182.869,0.16,1860,Laxå,S,20.3,0,0,0,62.37881944,6,NA,4.3,0.47195584,0.282519666,0,0.00754,0.00161,0.00022,0,0,0.00054,0,0,0.00039,0.00056,0.0613,0,0.00322,0.00322,0.00458,0.00968,0.56806,0.07867,0,0,0.05057,0,0,0,0,0.0044,0.05382,0,0,0.00307,0.14854,0,0,0,1,M-01-05,0.125,Hag2
G2-02,F,N,Koppang 2,Koppang_0102,6856762,1246644,2001,2002,NA,NA,0,NA,0.22,0.65,0.37,4.18,620.877,22.04,170.257,0.371,432,Rendalen,N,1.039,0,0,0,83.83854167,6,NA,6810,0.526136305,0.510498361,0,0.00132,6.00E-05,0,0,0,0,0,0,0,0.00347,0.00209,0,0,0.00136,0.01977,0.02245,0.68431,0.01168,0,0.01101,0.04918,0,0.00132,0.05508,0,0,0.11012,0,0,0.00679,0.01999,0,0,0,1,G2-02,0.125,Hag2
M-04-02,M,N,Koppang 2,Koppang_0102,6856762,1246644,2001,2002,NA,NA,1,NA,0.22,0.65,0.37,4.18,620.877,22.04,170.257,0.371,432,Rendalen,N,1.039,0,0,0,83.83854167,6,NA,6810,0.526136305,0.510498361,0,0.00132,6.00E-05,0,0,0,0,0,0,0,0.00347,0.00209,0,0,0.00136,0.01977,0.02245,0.68431,0.01168,0,0.01101,0.04918,0,0.00132,0.05508,0,0,0.11012,0,0,0.00679,0.01999,0,0,0,1,M-04-02,0.234375,Årj
M-02-01,M,S,Leksand 2,Leksand_0102,6727785,1427450,2001,2002,NA,NA,1,NA,0.23,1.06,0.33,4.6,323.821,29.592,176.029,0.254,2029,Leksand,S,9.35,0,0,0,81.55050505,6,NA,3.6,0.25012137,0.386397444,0,0.00268,0,0,0,0,0,0,0,0,0.00096,0.01915,0,0.00045,0.00089,0.00138,0.00124,0.72891,0.03287,0,0,0.11321,0,0,0,0,0.00135,0.02747,0,0,0.00228,0.06715,0,0,0,1,M-02-01,0.234375,Kop1
M-98-05,F,S,Leksand 2,Leksand_0102,6727785,1427450,2001,2002,NA,NA,1,NA,0.23,1.06,0.33,4.6,323.821,29.592,176.029,0.254,2029,Leksand,S,9.35,0,0,0,81.55050505,6,NA,3.6,0.25012137,0.386397444,0,0.00268,0,0,0,0,0,0,0,0,0.00096,0.01915,0,0.00045,0.00089,0.00138,0.00124,0.72891,0.03287,0,0,0.11321,0,0,0,0,0.00135,0.02747,0,0,0.00228,0.06715,0,0,0,1,M-98-05,0.125,X
G1-01,F,N,Moss,Moss-Våler_0102,6606958,1227508,2001,2002,censor,NA,0,NA,0.85,1.2,5.23,17.45,97.609,34.598,184.892,0.319,137,Våler,N,109.14,1,0,0,72.64583333,6,NA,1257,0.495581182,0.386515694,0,0.01971,0.00464,0.00165,0,0.00281,0.00062,0,0,0.00035,0.00395,0.23981,0,0,0.00407,0.07548,0.01071,0.51668,0.00303,0,0,0.04325,0,0,0,0,0,0.00695,0,0,0.01963,0.04433,0,0,0.00235,1,G1-01,0.125,Hag2
M-98-08,M,N,Moss,Moss-Våler_0102,6606958,1227508,2001,2002,Illegal,1,1,NA,0.85,1.2,5.23,17.45,97.609,34.598,184.892,0.319,137,Våler,N,109.14,1,0,0,72.64583333,6,NA,1257,0.495581182,0.386515694,0,0.01971,0.00464,0.00165,0,0.00281,0.00062,0,0,0.00035,0.00395,0.23981,0,0,0.00407,0.07548,0.01071,0.51668,0.00303,0,0,0.04325,0,0,0,0,0,0.00695,0,0,0.01963,0.04433,0,0,0.00235,1,M-98-08,0.125,Hag2
M-00-07,M,S,Nyskoga 5,Nyskoga_0102,6709667,1337508,2001,2002,NA,NA,1,NA,0.25,1.1,0.27,3.93,344.539,21.198,173.744,0.231,1737,Torsby,S,5.849,1,0,0,78.43939394,6,NA,441,0.483754696,0.291099206,0,0.00077,0,0,0,0,0,0,0,0,0,0.00463,0,0,0.00655,0.00163,0,0.83007,0.01935,0,0,0.06176,0,0,0,0,0.00061,0.04131,0,0,0.00216,0.03116,0,0,0,1,M-00-07,0.125,Hag2
M-00-08,F,S,Nyskoga 5,Nyskoga_0102,6709667,1337508,2001,2002,NA,NA,1,NA,0.25,1.1,0.27,3.93,344.539,21.198,173.744,0.231,1737,Torsby,S,5.849,1,0,0,78.43939394,6,NA,441,0.483754696,0.291099206,0,0.00077,0,0,0,0,0,0,0,0,0,0.00463,0,0,0.00655,0.00163,0,0.83007,0.01935,0,0,0.06176,0,0,0,0,0.00061,0.04131,0,0,0.00216,0.03116,0,0,0,1,M-00-08,0.234375,Årj
G3-03,F,S,Ockelbo 1,Ockelbo_0102,6772595,1529123,2001,2002,NA,NA,0,NA,0.19,1.22,0.26,5.49,273.133,28.762,158.871,0.212,2183,Bollnäs,S,18.15,0,0,0,82.09313725,6,NA,3.6,0.417132206,0.166852882,0,0.00096,0,0,0,0,0,0,0,0,0,0.01259,0,0.00058,0.00031,0,0.00207,0.7249,0.0215,0,0,0.16602,0,0,0,0,0.00111,0.03289,0,0,0,0.03707,0,0,0,1,G3-03,0,Gh
M-09-10,M,S,Ockelbo 1,Ockelbo_0102,6772595,1529123,2001,2002,NA,NA,1,NA,0.19,1.22,0.26,5.49,273.133,28.762,158.871,0.212,2183,Bollnäs,S,18.15,0,0,0,82.09313725,6,NA,3.6,0.417132206,0.166852882,0,0.00096,0,0,0,0,0,0,0,0,0,0.01259,0,0.00058,0.00031,0,0.00207,0.7249,0.0215,0,0,0.16602,0,0,0,0,0.00111,0.03289,0,0,0,0.03707,0,0,0,1,M-09-10,0.234375,Årj
M-00-06,M,S,Tyngsjö,Tyngsjö_0102,6685916,1389858,2001,2002,NA,NA,1,NA,0.21,0.91,0,4.03,333.162,33.278,176.473,0.32,1783,Hagfors,S,5.575,0,0,0,77.12626263,6,NA,4.7,0.495602827,0.284745054,0,0,0,0,0,0,0,0,0,0,0,0.00067,0,0,0,0,0.00166,0.67335,0.02622,0,0,0.13893,0,0,0,0,0.00121,0.07175,0,0,0,0.0862,0,0,0,1,M-00-06,0.1875,Le1
M-02-04,F,S,Tyngsjö,Tyngsjö_0102,6685916,1389858,2001,2002,NA,NA,1,NA,0.21,0.91,0,4.03,333.162,33.278,176.473,0.32,1783,Hagfors,S,5.575,0,0,0,77.12626263,6,NA,4.7,0.495602827,0.284745054,0,0,0,0,0,0,0,0,0,0,0,0.00067,0,0,0,0,0.00166,0.67335,0.02622,0,0,0.13893,0,0,0,0,0.00121,0.07175,0,0,0,0.0862,0,0,0,1,M-02-04,0.125,Fre
M-02-03,F,S,Ulriksberg 1,Ulriksberg_0102,6660674,1432207,2001,2002,NA,NA,1,NA,0.29,1.06,0.22,6.27,312.81,34.191,173.921,0.319,2085,Ludvika,S,10.6,0,0,0,77.01041667,6,NA,4,0.378211412,0.280429812,0,0.00229,0,0,0,0,0,0.00041,0,0,0.00044,0,0,0.00052,0.00029,0.00157,0,0.75917,0.02434,0,0,0.09179,0,0,0,0,0.00048,0.05872,0,0,0,0.05997,0,0,0,1,M-02-03,0.125,Hag2
M-98-04,M,S,Ulriksberg 1,Ulriksberg_0102,6660674,1432207,2001,2002,NA,NA,1,NA,0.29,1.06,0.22,6.27,312.81,34.191,173.921,0.319,2085,Ludvika,S,10.6,0,0,0,77.01041667,6,NA,4,0.378211412,0.280429812,0,0.00229,0,0,0,0,0,0.00041,0,0,0.00044,0,0,0.00052,0.00029,0.00157,0,0.75917,0.02434,0,0,0.09179,0,0,0,0,0.00048,0.05872,0,0,0,0.05997,0,0,0,1,M-98-04,0.1875,Le1
M-00-01,M,S,Årjangkongsvinger,Årjäng-Kongsvinger_0102,6638460,1276475,2001,2002,illegal,1,1,NA,0.43,1.51,0.25,5.58,234.925,31.726,178.539,0.327,221,Aurskog-Høland,N,8.746,1,0,0,76.90625,6,NA,1710.4,0.479565538,0.375613884,0,0.003,0,0,0,0,0,0,0,0,0,0.02217,0,0.00217,0.00299,0.0197,0.00028,0.77403,0.00168,0,0,0.03759,0,0,0,0,0,0.05733,0,0,0,0.07907,0,0,0,1,M-00-01,0.125,Hag1
M-00-02,F,S,Årjangkongsvinger,Årjäng-Kongsvinger_0102,6638460,1276475,2001,2002,censor,NA,1,NA,0.43,1.51,0.25,5.58,234.925,31.726,178.539,0.327,221,Aurskog-Høland,N,8.746,1,0,0,76.90625,6,NA,1710.4,0.479565538,0.375613884,0,0.003,0,0,0,0,0,0,0,0,0,0.02217,0,0.00217,0.00299,0.0197,0.00028,0.77403,0.00168,0,0,0.03759,0,0,0,0,0,0.05733,0,0,0,0.07907,0,0,0,1,M-00-02,0.125,Fre
M-00-09,M,S,Bograngen 1,Bograngen_0203,6750144,1317757,2002,2003,NA,NA,1,NA,0.27,1.29,0,5.38,389.537,18.748,170.079,0.192,1737,Torsby,S,5.537,1,1,0,95.90625,5,NA,2358.7,0.514604513,0.462283977,0,0.00083,0,0,0,0,0,0,0,0,0.00061,0.00035,0,0.00048,0,0.00189,0.00171,0.63532,0.07114,0,0,0.1408,0,0,0,0,0,0.11396,0,0,0.00337,0.02954,0,0,0,1,M-00-09,0.125,Fre
M-00-11,F,S,Bograngen 1,Bograngen_0203,6750144,1317757,2002,2003,natural,NA,1,Old age,0.27,1.29,0,5.38,389.537,18.748,170.079,0.192,1737,Torsby,S,5.537,1,1,0,95.90625,5,NA,2358.7,0.514604513,0.462283977,0,0.00083,0,0,0,0,0,0,0,0,0.00061,0.00035,0,0.00048,0,0.00189,0.00171,0.63532,0.07114,0,0,0.1408,0,0,0,0,0,0.11396,0,0,0.00337,0.02954,0,0,0,1,M-00-11,0.375,Ny4b
M-02-08,M,S,Dals Ed 2,Dals Ed-Halden_0203,6538807,1264786,2002,2003,NA,NA,1,NA,0.39,1.19,0.29,6.86,160.119,37.506,175.978,0.377,1438,Dals-Ed,S,16.33,1,0,0,64.875,5,NA,289.5,0.424039352,0.434405107,0,0.00196,0.00292,0,0,0,0,0,0,0.00084,0,0.06183,0,0.00111,0.00229,0.01744,0.00367,0.73401,0.02078,0,0,0.03124,0,0.00021,0,0,0,0.04172,0,0,0,0.07894,0,0.00017,0.00086,1,M-02-08,0.234375,Kop1
M-03-07,F,S,Dals Ed 2,Dals Ed-Halden_0203,6538807,1264786,2002,2003,NA,NA,1,NA,0.39,1.19,0.29,6.86,160.119,37.506,175.978,0.377,1438,Dals-Ed,S,16.33,1,0,0,64.875,5,NA,289.5,0.424039352,0.434405107,0,0.00196,0.00292,0,0,0,0,0,0,0.00084,0,0.06183,0,0.00111,0.00229,0.01744,0.00367,0.73401,0.02078,0,0,0.03124,0,0.00021,0,0,0,0.04172,0,0,0,0.07894,0,0.00017,0.00086,1,M-03-07,0.234375,Kop1
M-02-09,F,S,Djurskog 1,Djurskog_0203,6628460,1283482,2002,2003,NA,NA,1,NA,0.32,1.22,0.24,5.63,222.56,32.485,175.868,0.339,1730,Eda,S,8.763,1,1,0,75.26875,5,NA,536.7,0.45125169,0.335501862,0,0.00179,0,0,0,0,0.00026,0,0,0,0,0.03716,0,0.003,0.00922,0.02122,0,0.79248,0.01244,0,0,0.0199,0,0,0,0,0.00027,0.04301,0,0,0,0.05926,0,0,0,1,M-02-09,0.234375,Årj
M-03-06,M,S,Djurskog 1,Djurskog_0203,6628460,1283482,2002,2003,NA,NA,1,NA,0.32,1.22,0.24,5.63,222.56,32.485,175.868,0.339,1730,Eda,S,8.763,1,1,0,75.26875,5,NA,536.7,0.45125169,0.335501862,0,0.00179,0,0,0,0,0.00026,0,0,0,0,0.03716,0,0.003,0.00922,0.02122,0,0.79248,0.01244,0,0,0.0199,0,0,0,0,0.00027,0.04301,0,0,0,0.05926,0,0,0,1,M-03-06,0.1875,Fur
D-04-13,F,S,Furudal,Furudal_0203,6800738,1471227,2002,2003,NA,NA,0,NA,0.17,1.12,0.13,5.26,300.035,23.573,172.436,0.164,2031,Rättvik,S,5.367,0,0,0,83.2125,5,NA,3.5,0.470751447,0.285003157,0,0.00178,0,0,0,0,0,0,0,0,0.00073,0.00105,0,0,0.00071,0.00281,0.00035,0.71263,0.01066,0,0,0.17714,0,0,0,0.00041,0.00228,0.03902,0,0,0,0.05043,0,0,0,1,D-04-13,0,Gh
G1-03,M,S,Furudal,Furudal_0203,6800738,1471227,2002,2003,NA,NA,0,NA,0.17,1.12,0.13,5.26,300.035,23.573,172.436,0.164,2031,Rättvik,S,5.367,0,0,0,83.2125,5,NA,3.5,0.470751447,0.285003157,0,0.00178,0,0,0,0,0,0,0,0,0.00073,0.00105,0,0,0.00071,0.00281,0.00035,0.71263,0.01066,0,0,0.17714,0,0,0,0.00041,0.00228,0.03902,0,0,0,0.05043,0,0,0,1,G1-03,0.234375,Kop1
M-01-09,M,N,Gråfjell,Gråfjell_0203,6814816,1265057,2002,2003,NA,NA,1,NA,0.12,1.14,0.02,3.95,554.977,19.473,158.596,0.281,429,Åmot,N,1.776,1,1,0,98.1228164,5,NA,7360,0.487918436,0.216321793,0,0,0,0,0,0,5.00E-04,0,0,0,0,0.00604,0,0,0,0.00423,0.00796,0.67122,0.00834,0,0.01818,0.10938,0,0,0.00674,0,0,0.13972,0,0,0.00532,0.02238,0,0,0,1,M-01-09,0.125,Hag2
M-01-10,F,N,Gråfjell,Gråfjell_0203,6814816,1265057,2002,2003,NA,NA,1,NA,0.12,1.14,0.02,3.95,554.977,19.473,158.596,0.281,429,Åmot,N,1.776,1,1,0,98.1228164,5,NA,7360,0.487918436,0.216321793,0,0,0,0,0,0,5.00E-04,0,0,0,0,0.00604,0,0,0,0.00423,0.00796,0.67122,0.00834,0,0.01818,0.10938,0,0,0.00674,0,0,0.13972,0,0,0.00532,0.02238,0,0,0,1,M-01-10,0.234375,Kop1
D-06-16,F,S,Hasselfors 2,Hasselfors_0203,6548611,1421385,2002,2003,NA,NA,0,NA,0.35,1.29,0.88,8.89,110.961,36.693,182.616,0.16,1862,Degerfors,S,20.171,0,0,0,55.35292354,5,NA,4.4,0.491500026,0.368651146,0,0.00705,0.00156,0,0,0,0.00054,0,0,0.00025,0.00084,0.07112,0,0.00246,0.00308,0.00589,0.01131,0.53493,0.08273,0,0,0.052,0,0,0,0,0.00518,0.04416,0,0,0.00295,0.17396,0,0,0,1,D-06-16,0.30468800000000001,Has1
M-01-05,M,S,Hasselfors 2,Hasselfors_0203,6548611,1421385,2002,2003,NA,NA,1,NA,0.35,1.29,0.88,8.89,110.961,36.693,182.616,0.16,1862,Degerfors,S,20.171,0,0,0,55.35292354,5,NA,4.4,0.491500026,0.368651146,0,0.00705,0.00156,0,0,0,0.00054,0,0,0.00025,0.00084,0.07112,0,0.00246,0.00308,0.00589,0.01131,0.53493,0.08273,0,0,0.052,0,0,0,0,0.00518,0.04416,0,0,0.00295,0.17396,0,0,0,1,M-01-05,0.125,Hag2
D-03-15,F,N,Julussa 1,Julussa_0203,6781518,1270719,2002,2003,NA,NA,0,NA,0.31,1.17,0.95,7.84,419.413,20.317,179.804,0.201,427,Elverum,N,23.441,1,1,0,98.17714286,5,NA,7360,0.250519085,0.100207634,0,0.00162,0.00105,0,0,0,0,0,0,0,0.00185,0.01248,0,0.00026,0.00038,0.0295,4.00E-04,0.63207,0.00141,0,0.00141,0.1593,0,0,0.00881,0,0,0.13312,0,0,0.00906,0.00729,0,0,0,1,D-03-15,0.21093799999999999,Gran
G6-03,M,N,Julussa 1,Julussa_0203,6781518,1270719,2002,2003,NA,NA,0,NA,0.31,1.17,0.95,7.84,419.413,20.317,179.804,0.201,427,Elverum,N,23.441,1,1,0,98.17714286,5,NA,7360,0.250519085,0.100207634,0,0.00162,0.00105,0,0,0,0,0,0,0,0.00185,0.01248,0,0.00026,0.00038,0.0295,4.00E-04,0.63207,0.00141,0,0.00141,0.1593,0,0,0.00881,0,0,0.13312,0,0,0.00906,0.00729,0,0,0,1,G6-03,0.26953100000000002,Grav
G7-03,F,S,Kilsbergen,Kilsbergen_0203,6589261,1440853,2002,2003,NA,NA,0,NA,0.45,1.29,1.21,10.47,186.492,33.026,177.152,0.214,1884,Nora,S,33.457,0,1,0,68.1254902,5,NA,4.4,0.259231951,0.10369278,0,0.01428,0.00595,0,0,0.00063,0.00062,0,0,0.00364,0.00179,0.04356,0,0.00172,0.00523,0.00913,0.00456,0.69421,0.09327,0,0,0.02687,0,0,0,0.00028,0,0.02708,0,0,0.00206,0.06512,0,0,0,1,G7-03,0.1875,Ock1
M-05-04,M,S,Kilsbergen,Kilsbergen_0203,6589261,1440853,2002,2003,NA,NA,1,NA,0.45,1.29,1.21,10.47,186.492,33.026,177.152,0.214,1884,Nora,S,33.457,0,1,0,68.1254902,5,NA,4.4,0.259231951,0.10369278,0,0.01428,0.00595,0,0,0.00063,0.00062,0,0,0.00364,0.00179,0.04356,0,0.00172,0.00523,0.00913,0.00456,0.69421,0.09327,0,0,0.02687,0,0,0,0.00028,0,0.02708,0,0,0.00206,0.06512,0,0,0,1,M-05-04,0.26953100000000002,Grav
G2-02,F,N,Koppang 2,Koppang_0203,6862021,1246774,2002,2003,Illegal,NA,0,NA,0.2,0.59,0.13,3.79,644.431,21.787,170.132,0.37,432,Rendalen,N,1.023,0,0,0,95.4125,5,NA,7360,0.481709478,0.539352044,0,0.00107,0,0,0,0,0,0,0,0,0.00119,0.00137,0,0,0.00136,0.02473,0.02976,0.66419,0.01125,0,0.01123,0.03896,0,0.00137,0.0798,0,0,0.11587,0,0,0.00567,0.0122,0,0,0,1,G2-02,0.125,Hag2
M-04-02,M,N,Koppang 2,Koppang_0203,6862021,1246774,2002,2003,NA,NA,1,NA,0.2,0.59,0.13,3.79,644.431,21.787,170.132,0.37,432,Rendalen,N,1.023,0,0,0,95.4125,5,NA,7360,0.481709478,0.539352044,0,0.00107,0,0,0,0,0,0,0,0,0.00119,0.00137,0,0,0.00136,0.02473,0.02976,0.66419,0.01125,0,0.01123,0.03896,0,0.00137,0.0798,0,0,0.11587,0,0,0.00567,0.0122,0,0,0,1,M-04-02,0.234375,Årj
G14-05,M,S,Kroppefjäll 1,Kroppefjäll_0203,6505295,1284763,2002,2003,NA,NA,0,NA,0.46,1.25,0.51,8.2,121.965,40.21,177.042,0.3,1439,Färgelanda,S,23.2,0,0,0,52.91875,5,NA,3.3,0.250123299,0.10004932,0,0.00688,0,0,0,0,0.00043,0,0,0,0.00061,0.26442,0,0.00486,0.00403,0.03563,0.0203,0.51349,0.05211,0,0,0.0229,0,0,0,0,0.0011,0.03456,0,0,0,0.03868,0,0,0,1,G14-05,0.296875,Gla1
G15-05,F,S,Kroppefjäll 1,Kroppefjäll_0203,6505295,1284763,2002,2003,NA,NA,0,NA,0.46,1.25,0.51,8.2,121.965,40.21,177.042,0.3,1439,Färgelanda,S,23.2,0,0,0,52.91875,5,NA,3.3,0.250123299,0.10004932,0,0.00688,0,0,0,0,0.00043,0,0,0,0.00061,0.26442,0,0.00486,0.00403,0.03563,0.0203,0.51349,0.05211,0,0,0.0229,0,0,0,0,0.0011,0.03456,0,0,0,0.03868,0,0,0,1,G15-05,0.296875,Gla1
M-02-11,F,N,Mangen 1 (N. f.d. Årjäng),Mangen_0203,6645955,1273974,2002,2003,NA,NA,1,NA,0.48,1.59,0.55,6.03,243.174,31.356,177.938,0.32,221,Aurskog-Høland,N,13.006,1,1,0,76.36799242,5,NA,2557,0.495170419,0.455309621,0,0.00375,0,0,0,0,0,0,0,0,0,0.0428,0,0.0015,0.00126,0.02126,0.00055,0.74594,0.00065,0,0,0.04981,0,0,0,0,0,0.06242,0,0,0,0.07006,0,0,0,1,M-02-11,0.234375,Årj
M-02-14/G28-03,M,N,Mangen 1 (N. f.d. Årjäng),Mangen_0203,6645955,1273974,2002,2003,NA,NA,1,NA,0.48,1.59,0.55,6.03,243.174,31.356,177.938,0.32,221,Aurskog-Høland,N,13.006,1,1,0,76.36799242,5,NA,2557,0.495170419,0.455309621,0,0.00375,0,0,0,0,0,0,0,0,0,0.0428,0,0.0015,0.00126,0.02126,0.00055,0.74594,0.00065,0,0,0.04981,0,0,0,0,0,0.06242,0,0,0,0.07006,0,0,0,1,M-02-14,0.296875,Gla1
M-00-07,M,S,Nyskoga 5,Nyskoga_0203,6691447,1348024,2002,2003,NA,NA,1,NA,0.28,1.13,0.47,4.66,249.954,29.901,177.645,0.316,1737,Torsby,S,5.35,0,0,0,79.66666667,5,NA,5.2,0.322331738,0.171744906,0,0.00285,0.00014,0,0,0.00028,0,0,0,0,0.00056,0.02382,0,0,0.00734,0.01308,0.00106,0.79512,0.01838,0,0,0.05912,0,0,0,0,0.00055,0.04265,0,0,0.00329,0.03176,0,0,0,1,M-00-07,0.125,Hag2
M-00-08,F,S,Nyskoga 5,Nyskoga_0203,6691447,1348024,2002,2003,NA,NA,1,NA,0.28,1.13,0.47,4.66,249.954,29.901,177.645,0.316,1737,Torsby,S,5.35,0,0,0,79.66666667,5,NA,5.2,0.322331738,0.171744906,0,0.00285,0.00014,0,0,0.00028,0,0,0,0,0.00056,0.02382,0,0,0.00734,0.01308,0.00106,0.79512,0.01838,0,0,0.05912,0,0,0,0,0.00055,0.04265,0,0,0.00329,0.03176,0,0,0,1,M-00-08,0.234375,Årj
G3-03,F,S,Ockelbo 1,Ockelbo_0203,6765811,1522203,2002,2003,NA,NA,0,NA,0.17,1.15,0.08,5.53,310.032,28.296,162.957,0.199,2101,Ockelbo,S,13.325,0,0,0,83.7,5,NA,3.4,0.444391249,0.269351401,0,0.00062,0,0,0,0,0,0,0,0,0,0.00457,0,0.00029,0.00031,0,0.0021,0.69255,0.03344,0,0,0.17066,0,0,0,0,0.00191,0.04191,0,0,0,0.05163,0,0,0,1,G3-03,0,Gh
M-09-10,M,S,Ockelbo 1,Ockelbo_0203,6765811,1522203,2002,2003,NA,NA,1,NA,0.17,1.15,0.08,5.53,310.032,28.296,162.957,0.199,2101,Ockelbo,S,13.325,0,0,0,83.7,5,NA,3.4,0.444391249,0.269351401,0,0.00062,0,0,0,0,0,0,0,0,0,0.00457,0,0.00029,0.00031,0,0.0021,0.69255,0.03344,0,0,0.17066,0,0,0,0,0.00191,0.04191,0,0,0,0.05163,0,0,0,1,M-09-10,0.234375,Årj
M-02-07,F,S,Stadra,Stadra_0203,6616904,1438086,2002,2003,NA,NA,1,NA,0.33,1.24,0.36,7.55,213.509,30.766,172.718,0.259,1863,Hällefors,S,11.7,0,1,0,75.20227273,5,NA,4.4,0.259028579,0.110745542,0,0.00613,0.00108,0,0,0,0,0,0,0,0,0.01165,0,0.00084,0.00391,0.00576,0.00309,0.70352,0.08314,0,0,0.03759,0,0,0,0,0,0.00585,0,0,0.00067,0.13677,0,0,0,1,M-02-07,0.26953100000000002,Ny5
M-03-04,M,S,Stadra,Stadra_0203,6616904,1438086,2002,2003,NA,NA,1,NA,0.33,1.24,0.36,7.55,213.509,30.766,172.718,0.259,1863,Hällefors,S,11.7,0,1,0,75.20227273,5,NA,4.4,0.259028579,0.110745542,0,0.00613,0.00108,0,0,0,0,0,0,0,0,0.01165,0,0.00084,0.00391,0.00576,0.00309,0.70352,0.08314,0,0,0.03759,0,0,0,0,0,0.00585,0,0,0.00067,0.13677,0,0,0,1,M-03-04,0.359375,Mos
M-02-03,F,S,Ulriksberg 1,Ulriksberg_0203,6662792,1436484,2002,2003,illegal,1,1,Male in Ulriksberg 1 and 2 (M-98-04) is found under Grangärde,0.29,1.1,0.19,5.78,317.042,33.822,172.761,0.305,2085,Ludvika,S,10.475,0,0,0,79.32121212,5,NA,3.8,0.484636463,0.344118011,0,0.0039,0.00024,0,0,0,0.00122,0.00041,0,0,0.00115,0,0,0.00052,0.00029,0.0016,0.00033,0.76789,0.02686,0,0,0.085,0,0,0,0,0.00135,0.05486,0,0,0,0.05437,0,0,0,1,M-02-03,0.125,Hag2
M-98-04,M,S,Ulriksberg 1,Ulriksberg_0203,6662792,1436484,2002,2003,censor,NA,1,NA,0.29,1.1,0.19,5.78,317.042,33.822,172.761,0.305,2085,Ludvika,S,10.475,0,0,0,79.32121212,5,NA,3.8,0.484636463,0.344118011,0,0.0039,0.00024,0,0,0,0.00122,0.00041,0,0,0.00115,0,0,0.00052,0.00029,0.0016,0.00033,0.76789,0.02686,0,0,0.085,0,0,0,0,0.00135,0.05486,0,0,0,0.05437,0,0,0,1,M-98-04,0.1875,Le1
M-05-02,M,S,Amungen 1,Amungen_0304,6779317,1490833,2003,2004,NA,NA,1,NA,0.12,1.04,0,4.65,297.675,24.05,177.434,0.153,2031,Rättvik,S,12.933,0,1,0,82.50625,5,NA,3.5,0.302162752,0.137416068,0,0.00106,0,0,0,0,0,0,0,0,0,0.00087,0,0.00053,0.00033,0.00049,0.00258,0.68051,0.04387,0,0,0.11579,0,0,0,0,0.00153,0.03282,0,0,0,0.1196,0,0,0,1,M-05-02,0.28125,Fil
M-05-12,F,S,Amungen 1,Amungen_0304,6779317,1490833,2003,2004,NA,NA,1,NA,0.12,1.04,0,4.65,297.675,24.05,177.434,0.153,2031,Rättvik,S,12.933,0,1,0,82.50625,5,NA,3.5,0.302162752,0.137416068,0,0.00106,0,0,0,0,0,0,0,0,0,0.00087,0,0.00053,0.00033,0.00049,0.00258,0.68051,0.04387,0,0,0.11579,0,0,0,0,0.00153,0.03282,0,0,0,0.1196,0,0,0,1,M-05-12,0.1875,Ock1
M-02-08,M,S,Dals Ed 2,Dals Ed-Halden_0304,6543044,1266669,2003,2004,illegal,1,1,NA,0.38,1.19,0.28,6.82,164.711,37.633,176.225,0.398,1438,Dals-Ed,S,17.943,1,0,0,59.77883065,5,NA,374.8,0.485726419,0.473749377,0,0.0023,8.00E-04,0,0,0,0,0,0,0.00084,0,0.04592,0,0.00087,0.00186,0.01751,0.00226,0.74868,0.01912,0,0,0.03218,0,6.00E-04,0,0,0,0.03881,0,0,0,0.0866,0,0.00045,0.00121,1,M-02-08,0.234375,Kop1
M-03-07,F,S,Dals Ed 2,Dals Ed-Halden_0304,6543044,1266669,2003,2004,NA,NA,1,NA,0.38,1.19,0.28,6.82,164.711,37.633,176.225,0.398,1438,Dals-Ed,S,17.943,1,0,0,59.77883065,5,NA,374.8,0.485726419,0.473749377,0,0.0023,8.00E-04,0,0,0,0,0,0,0.00084,0,0.04592,0,0.00087,0.00186,0.01751,0.00226,0.74868,0.01912,0,0,0.03218,0,6.00E-04,0,0,0,0.03881,0,0,0,0.0866,0,0.00045,0.00121,1,M-03-07,0.234375,Kop1
M-02-09,F,S,Djurskog 1,Djurskog_0304,6627624,1283574,2003,2004,NA,NA,1,NA,0.31,1.2,0.24,5.64,222.569,32.558,176.129,0.342,1730,Eda,S,8.81,1,0,0,73.5125,5,NA,496.1,0.52578171,0.346987891,0,0.00179,0,0,0,0,0.00013,0,0,0,0,0.03802,0,0.003,0.00923,0.02021,0,0.79586,0.01255,0,0,0.02004,0,0,0,0,0.00027,0.04207,0,0,0,0.05685,0,0,0,1,M-02-09,0.234375,Årj
M-03-06,M,S,Djurskog 1,Djurskog_0304,6627624,1283574,2003,2004,NA,NA,1,NA,0.31,1.2,0.24,5.64,222.569,32.558,176.129,0.342,1730,Eda,S,8.81,1,0,0,73.5125,5,NA,496.1,0.52578171,0.346987891,0,0.00179,0,0,0,0,0.00013,0,0,0,0,0.03802,0,0.003,0.00923,0.02021,0,0.79586,0.01255,0,0,0.02004,0,0,0,0,0.00027,0.04207,0,0,0,0.05685,0,0,0,1,M-03-06,0.1875,Fur
D-04-13,F,S,Furudal,Furudal_0304,6781968,1472523,2003,2004,NA,NA,0,NA,0.16,1.09,0.26,4.92,298.717,23.37,171.122,0.13,2031,Rättvik,S,5.567,0,1,0,81.10625,5,NA,3.7,0.382999585,0.262598397,0,0.00431,0.00025,0,0,0,5.00E-04,0,0,0,0.00073,0.01292,0,0.0018,0.00031,0.00625,0.00094,0.70519,0.02848,0,0,0.09873,0,0,0,0,0.00057,0.0559,0,0,0,0.08311,0,0,0,1,D-04-13,0,Gh
G1-03,M,S,Furudal,Furudal_0304,6781968,1472523,2003,2004,NA,NA,0,NA,0.16,1.09,0.26,4.92,298.717,23.37,171.122,0.13,2031,Rättvik,S,5.567,0,1,0,81.10625,5,NA,3.7,0.382999585,0.262598397,0,0.00431,0.00025,0,0,0,5.00E-04,0,0,0,0.00073,0.01292,0,0.0018,0.00031,0.00625,0.00094,0.70519,0.02848,0,0,0.09873,0,0,0,0,0.00057,0.0559,0,0,0,0.08311,0,0,0,1,G1-03,0.234375,Kop1
M-01-09,M,N,Gråfjell,Gråfjell_0304,6817599,1266242,2003,2004,NA,NA,1,NA,0.12,1.09,0,3.66,567.123,19.318,162.362,0.282,429,Åmot,N,1.766,1,1,0,80.72903226,5,NA,7652,0.495104552,0.32770418,0,0,0,0,0,0,5.00E-04,0,0,0,0.00035,0.00464,0,0,0,0.00423,0.00572,0.68829,0.00768,0,0.012,0.08985,0,0,0.01084,0,0,0.14657,0,0,0.00475,0.02458,0,0,0,1,M-01-09,0.125,Hag2
M-01-10,F,N,Gråfjell,Gråfjell_0304,6817599,1266242,2003,2004,NA,NA,1,NA,0.12,1.09,0,3.66,567.123,19.318,162.362,0.282,429,Åmot,N,1.766,1,1,0,80.72903226,5,NA,7652,0.495104552,0.32770418,0,0,0,0,0,0,5.00E-04,0,0,0,0.00035,0.00464,0,0,0,0.00423,0.00572,0.68829,0.00768,0,0.012,0.08985,0,0,0.01084,0,0,0.14657,0,0,0.00475,0.02458,0,0,0,1,M-01-10,0.234375,Kop1
M-02-06,F,S,Halgån 1,Halgån_0304,6693308,1374782,2003,2004,NA,NA,1,NA,0.25,0.88,0.16,4.81,326.375,31.605,177.08,0.311,1783,Hagfors,S,4.4,0,2,0,77.93125,5,NA,4.9,0.281833728,0.214988011,0,0.00136,0,0,0,0,0,0,0,0,0,0.01219,0,0,0.00169,0.00214,0.00107,0.71374,0.02509,0,0,0.08159,0,0,0,0,0.00114,0.10743,0,0,0.00631,0.04624,0,0,0,1,M-02-06,0.26953100000000002,Ny5
M-04-01,M,S,Halgån 1,Halgån_0304,6693308,1374782,2003,2004,NA,NA,1,NA,0.25,0.88,0.16,4.81,326.375,31.605,177.08,0.311,1783,Hagfors,S,4.4,0,2,0,77.93125,5,NA,4.9,0.281833728,0.214988011,0,0.00136,0,0,0,0,0,0,0,0,0,0.01219,0,0,0.00169,0.00214,0.00107,0.71374,0.02509,0,0,0.08159,0,0,0,0,0.00114,0.10743,0,0,0.00631,0.04624,0,0,0,1,M-04-01,0.1875,Fur
D-06-16,F,S,Hasselfors 2,Hasselfors_0304,6550257,1423757,2003,2004,NA,NA,0,NA,0.33,1.32,0.98,8.94,112.677,36.648,182.955,0.161,1860,Laxå,S,20.086,0,0,0,56.12833333,5,NA,4.3,0.49422307,0.473131784,0,0.00789,0.0021,6.00E-05,0,0,0.00054,0,0,0.00052,0.00056,0.06372,0,0.00292,0.00336,0.00481,0.00928,0.56146,0.07944,0,0,0.05055,0,0,0,0,0.0044,0.0547,0,0,0.0032,0.15048,0,0,0,1,D-06-16,0.30468800000000001,Has1
M-01-05,M,S,Hasselfors 2,Hasselfors_0304,6550257,1423757,2003,2004,NA,NA,1,NA,0.33,1.32,0.98,8.94,112.677,36.648,182.955,0.161,1860,Laxå,S,20.086,0,0,0,56.12833333,5,NA,4.3,0.49422307,0.473131784,0,0.00789,0.0021,6.00E-05,0,0,0.00054,0,0,0.00052,0.00056,0.06372,0,0.00292,0.00336,0.00481,0.00928,0.56146,0.07944,0,0,0.05055,0,0,0,0,0.0044,0.0547,0,0,0.0032,0.15048,0,0,0,1,M-01-05,0.125,Hag2
D-04-07,M,S,Henvålen,Henvålen_0304,6963602,1374692,2003,2004,legal,NA,0,NA,0.07,0.35,0,3.18,692.583,25.916,169.302,0.212,2326,Berg,S,1.2,0,0,1,84.45,5,NA,2.8,0.250070506,0.100028202,0,0,0,0,0,0,0,0,0,0,1.00E-04,0,0,0,0.00025,0.00161,0.06825,0.4118,0.10924,0,0.11256,0.05797,0,0,0,0,0.0017,0.17038,0,0,0,0.06615,0,0,0,1,D-04-07,0.26953100000000002,Ny5
D-04-08,F,S,Henvålen,Henvålen_0304,6963602,1374692,2003,2004,legal,NA,0,NA,0.07,0.35,0,3.18,692.583,25.916,169.302,0.212,2326,Berg,S,1.2,0,0,1,84.45,5,NA,2.8,0.250070506,0.100028202,0,0,0,0,0,0,0,0,0,0,1.00E-04,0,0,0,0.00025,0.00161,0.06825,0.4118,0.10924,0,0.11256,0.05797,0,0,0,0,0.0017,0.17038,0,0,0,0.06615,0,0,0,1,D-04-08,0.1875,Fur
M-04-04,M,S,Jangen 1,Jangen_0304,6661599,1362417,2003,2004,NA,NA,1,NA,0.33,1.2,0.41,6.82,207.167,36.806,176.78,0.426,1783,Hagfors,S,7.033,0,1,0,73.58064516,5,NA,5.2,0.252041966,0.100816786,0,0.00563,0.00026,0,0,0.00119,0,0,0,0,0.00076,0.06647,0,0.00213,0.00551,0.01836,0.00382,0.71234,0.01875,0,0,0.05025,0,0,0,0,0.00063,0.01594,0,0,0.00811,0.08984,0,0,0,1,M-04-04,0.26953100000000002,Ny5
M-04-05,F,S,Jangen 1,Jangen_0304,6661599,1362417,2003,2004,NA,NA,1,NA,0.33,1.2,0.41,6.82,207.167,36.806,176.78,0.426,1783,Hagfors,S,7.033,0,1,0,73.58064516,5,NA,5.2,0.252041966,0.100816786,0,0.00563,0.00026,0,0,0.00119,0,0,0,0,0.00076,0.06647,0,0.00213,0.00551,0.01836,0.00382,0.71234,0.01875,0,0,0.05025,0,0,0,0,0.00063,0.01594,0,0,0.00811,0.08984,0,0,0,1,M-04-05,0.28125,Fil
M-06-06,M,S,Juvberget 1,Juvberget_0304,6739672,1310962,2003,2004,NA,NA,1,NA,0.35,1.74,0.07,5.37,369.48,20.317,179.956,0.193,425,Åsnes,N,5.495,1,1,0,78.9375,5,NA,4968,0.439835816,0.373289764,0,0.00032,0,0,0,0,0,0,0,0,0,0.02985,0,0,0,0.00115,0.00228,0.6316,0.05596,0,0,0.15632,0,0,0.00147,0,0,0.09996,0,0,0,0.02108,0,0,0,1,M-06-06,0.28125,Fil
M-05-10,F,S,Juvberget 1,Juvberget_0304,6739672,1310962,2003,2004,NA,NA,1,NA,0.35,1.74,0.07,5.37,369.48,20.317,179.956,0.193,425,Åsnes,N,5.495,1,1,0,78.9375,5,NA,4968,0.439835816,0.373289764,0,0.00032,0,0,0,0,0,0,0,0,0,0.02985,0,0,0,0.00115,0.00228,0.6316,0.05596,0,0,0.15632,0,0,0.00147,0,0,0.09996,0,0,0,0.02108,0,0,0,1,M-05-10,0.21875,Tyn
D-03-15,F,N,Julussa 1,Julussa_0304,6786150,1274504,2003,2004,legal,NA,0,NA,0.29,1.17,0.48,6.83,436.895,20.509,184.251,0.196,427,Elverum,N,5.525,1,1,0,80.4516129,5,NA,7652,0.486001117,0.194674733,0,0.00162,0.00105,0,0,0,0,0,0,0,0.00133,0.00931,0,0,0.00038,0.02043,4.00E-04,0.63453,0,0,0.00178,0.13289,0,0,0.00881,0,0,0.15023,0,0,0.00727,0.02997,0,0,0,1,D-03-15,0.21093799999999999,Gran
G6-03,M,N,Julussa 1,Julussa_0304,6786150,1274504,2003,2004,NA,NA,0,NA,0.29,1.17,0.48,6.83,436.895,20.509,184.251,0.196,427,Elverum,N,5.525,1,1,0,80.4516129,5,NA,7652,0.486001117,0.194674733,0,0.00162,0.00105,0,0,0,0,0,0,0,0.00133,0.00931,0,0,0.00038,0.02043,4.00E-04,0.63453,0,0,0.00178,0.13289,0,0,0.00881,0,0,0.15023,0,0,0.00727,0.02997,0,0,0,1,G6-03,0.26953100000000002,Grav
G7-03,F,S,Kilsbergen,Kilsbergen_0304,6592188,1440640,2003,2004,NA,NA,0,NA,0.41,1.27,1.07,10.25,192.938,32.59,177.161,0.216,1884,Nora,S,34.65,0,1,0,59.78152174,5,NA,4.2,0.564145954,0.225658382,0,0.01273,0.00549,0,0,4.00E-05,0.00036,0,0,0.00273,0.00096,0.03473,0,0.00172,0.00523,0.00687,0.00472,0.71216,0.0876,0,0,0.02796,0,0,0,0.00028,0,0.02704,0,0,0.00206,0.06731,0,0,0,1,G7-03,0.1875,Ock1
M-05-04,M,S,Kilsbergen,Kilsbergen_0304,6592188,1440640,2003,2004,NA,NA,1,NA,0.41,1.27,1.07,10.25,192.938,32.59,177.161,0.216,1884,Nora,S,34.65,0,1,0,59.78152174,5,NA,4.2,0.564145954,0.225658382,0,0.01273,0.00549,0,0,4.00E-05,0.00036,0,0,0.00273,0.00096,0.03473,0,0.00172,0.00523,0.00687,0.00472,0.71216,0.0876,0,0,0.02796,0,0,0,0.00028,0,0.02704,0,0,0.00206,0.06731,0,0,0,1,M-05-04,0.26953100000000002,Grav
M-04-02,M,N,Koppang 3,Koppang_0304,6854452,1248460,2003,2004,NA,NA,1,NA,0.24,0.68,0.44,4.38,611.06,22.187,169.929,0.37,432,Rendalen,N,1.011,0,0,0,80.46470588,5,NA,7652,0.462522423,0.484082589,0,0.00233,0.00043,0,0,0,0,0,0,0,0.00384,0.00237,0,0,0.00153,0.01911,0.01647,0.68918,0.01128,0,0.01027,0.05322,0,0.00098,0.04905,0,0,0.10757,0,0,0.00698,0.0254,0,0,0,1,M-04-02,0.234375,Årj
M-04-03,F,N,Koppang 3,Koppang_0304,6854452,1248460,2003,2004,NA,NA,1,NA,0.24,0.68,0.44,4.38,611.06,22.187,169.929,0.37,432,Rendalen,N,1.011,0,0,0,80.46470588,5,NA,7652,0.462522423,0.484082589,0,0.00233,0.00043,0,0,0,0,0,0,0,0.00384,0.00237,0,0,0.00153,0.01911,0.01647,0.68918,0.01128,0,0.01027,0.05322,0,0.00098,0.04905,0,0,0.10757,0,0,0.00698,0.0254,0,0,0,1,M-04-03,0.26953100000000002,Kop2
G14-05,M,S,Kroppefjäll 1,Kroppefjäll_0304,6508507,1284204,2003,2004,NA,NA,0,NA,0.46,1.24,0.43,7.9,129.404,39.843,176.759,0.311,1439,Färgelanda,S,23.16,0,0,0,46.32952586,5,NA,3.2,0.492541235,0.197016494,0,0.00702,0,0,0,0,3.00E-04,0,0,0,0.00061,0.22983,0,0.00343,0.00464,0.03743,0.02365,0.54148,0.0553,0,0,0.02412,0,0,0,0,0.00201,0.03478,0,0,0,0.0354,0,0,0,1,G14-05,0.296875,Gla1
G15-05,F,S,Kroppefjäll 1,Kroppefjäll_0304,6508507,1284204,2003,2004,NA,NA,0,NA,0.46,1.24,0.43,7.9,129.404,39.843,176.759,0.311,1439,Färgelanda,S,23.16,0,0,0,46.32952586,5,NA,3.2,0.492541235,0.197016494,0,0.00702,0,0,0,0,3.00E-04,0,0,0,0.00061,0.22983,0,0.00343,0.00464,0.03743,0.02365,0.54148,0.0553,0,0,0.02412,0,0,0,0,0.00201,0.03478,0,0,0,0.0354,0,0,0,1,G15-05,0.296875,Gla1
M-02-11,F,N,Mangen 1 (N. f.d. Årjäng),Mangen_0304,6662598,1273376,2003,2004,censor,NA,1,NA,0.4,1.56,0.54,5.51,273.553,32.011,176.419,0.288,236,Nes,N,23.94,1,0,0,77.69677419,5,NA,4398.4,0.368970719,0.249489466,0,0.00237,0,0,0,0,0,0,0,0,0,0.03565,0,0,0.00283,0.01222,0.00055,0.75847,0.00113,0,0,0.05562,0,0,0,0,0,0.09582,0,0,0,0.03534,0,0,0,1,M-02-11,0.234375,Årj
M-02-14/G28-03,M,N,Mangen 1 (N. f.d. Årjäng),Mangen_0304,6662598,1273376,2003,2004,traffic,NA,1,killed by car while groggy after capture,0.4,1.56,0.54,5.51,273.553,32.011,176.419,0.288,236,Nes,N,23.94,1,0,0,77.69677419,5,NA,4398.4,0.368970719,0.249489466,0,0.00237,0,0,0,0,0,0,0,0,0,0.03565,0,0,0.00283,0.01222,0.00055,0.75847,0.00113,0,0,0.05562,0,0,0,0,0,0.09582,0,0,0,0.03534,0,0,0,1,M-02-14,0.296875,Gla1
M-00-07,M,S,Nyskoga 5,Nyskoga_0304,6707696,1339319,2003,2004,NA,NA,1,NA,0.24,1.09,0.25,3.74,331.611,21.731,174.983,0.24,1737,Torsby,S,5.77,1,1,0,77.82424242,5,NA,242.3,0.352255772,0.409112922,0,0.00141,0,0,0,0,0,0,0,0,1.00E-05,0.0053,0,0,0.00731,0.00276,0.00032,0.84145,0.02069,0,0,0.05988,0,0,0,0,0.00058,0.03646,0,0,0.00258,0.02124,0,0,0,1,M-00-07,0.125,Hag2
M-00-08,F,S,Nyskoga 5,Nyskoga_0304,6707696,1339319,2003,2004,NA,NA,1,NA,0.24,1.09,0.25,3.74,331.611,21.731,174.983,0.24,1737,Torsby,S,5.77,1,1,0,77.82424242,5,NA,242.3,0.352255772,0.409112922,0,0.00141,0,0,0,0,0,0,0,0,1.00E-05,0.0053,0,0,0.00731,0.00276,0.00032,0.84145,0.02069,0,0,0.05988,0,0,0,0,0.00058,0.03646,0,0,0.00258,0.02124,0,0,0,1,M-00-08,0.234375,Årj
G3-03,F,S,Ockelbo 1,Ockelbo_0304,6772518,1529417,2003,2004,NA,NA,0,NA,0.18,1.22,0.27,5.48,271.298,28.72,158.682,0.212,2183,Bollnäs,S,18.025,0,0,0,80.92727273,5,NA,3.3,0.443029501,0.343905124,0,0.0014,0,0,0,0,0,0,0,0,0,0.01324,0,0.00058,0.00031,0,0.00214,0.72501,0.02162,0,0,0.16514,0,0,0,0,0.00111,0.03221,0,0,0,0.03724,0,0,0,1,G3-03,0,Gh
M-09-10,M,S,Ockelbo 1,Ockelbo_0304,6772518,1529417,2003,2004,NA,NA,1,NA,0.18,1.22,0.27,5.48,271.298,28.72,158.682,0.212,2183,Bollnäs,S,18.025,0,0,0,80.92727273,5,NA,3.3,0.443029501,0.343905124,0,0.0014,0,0,0,0,0,0,0,0,0,0.01324,0,0.00058,0.00031,0,0.00214,0.72501,0.02162,0,0,0.16514,0,0,0,0,0.00111,0.03221,0,0,0,0.03724,0,0,0,1,M-09-10,0.234375,Årj
M-00-09,M,S,Rotna 1,Rotna_0304,6717145,1310199,2003,2004,NA,NA,1,Tik I Roten 1 är M-06-07,0.46,2.04,0.12,5.45,350.187,19.015,188.654,0.177,423,Grue,N,8.513,1,2,0,79.51875,5,NA,6841.4,0.279002234,0.146680243,0,0.00169,0.00061,0,0,0,0,0,0,0,0.00044,0.06089,0,0,0,0.00355,0.00162,0.69173,0.01508,0,0,0.09691,0,0,0,0,0,0.07397,0,0,0.00509,0.04843,0,0,0,1,M-00-09,0.125,Fre
M-06-07,F,S,Rotna 1,Rotna_0304,6717145,1310199,2003,2006,NA,NA,1,NA,0.46,2.04,0.12,5.45,350.187,19.015,188.654,0.177,423,Grue,N,8.513,1,2,0,79.51875,5,NA,6841.4,0.279002234,0.146680243,0,0.00169,0.00061,0,0,0,0,0,0,0,0.00044,0.06089,0,0,0,0.00355,0.00162,0.69173,0.01508,0,0,0.09691,0,0,0,0,0,0.07397,0,0,0.00509,0.04843,0,0,0,1,M-06-07,0.26953100000000002,Ny5
M-02-07,F,S,Stadra,Stadra_0304,6604978,1428623,2003,2004,illegal,1,1,NA,0.35,1.13,0.31,7.35,205.334,32.598,177.266,0.276,1863,Hällefors,S,21.7,0,1,0,66.86764418,5,NA,4.5,0.498952872,0.205924809,0,0.00644,0.00042,0,0,0,0.00036,0,0,0,0,0.02842,0,0.00085,0.00379,0.0022,6.00E-04,0.69442,0.07974,0,0,0.03563,0,0,0,0,0.00108,0.0077,0,0,0.00164,0.13668,0,0,0,1,M-02-07,0.26953100000000002,Ny5
M-03-04,M,S,Stadra,Stadra_0304,6604978,1428623,2003,2004,censor,NA,1,NA,0.35,1.13,0.31,7.35,205.334,32.598,177.266,0.276,1863,Hällefors,S,21.7,0,1,0,66.86764418,5,NA,4.5,0.498952872,0.205924809,0,0.00644,0.00042,0,0,0,0.00036,0,0,0,0,0.02842,0,0.00085,0.00379,0.0022,6.00E-04,0.69442,0.07974,0,0,0.03563,0,0,0,0,0.00108,0.0077,0,0,0.00164,0.13668,0,0,0,1,M-03-04,0.359375,Mos
M-05-06,M,S,Uttersberg,Uttersberg_0304,6621165,1491334,2003,2004,NA,NA,1,NA,0.37,1.13,0.41,8.04,118.252,39.061,172.973,0.242,1904,Skinnskatteberg,S,21.6,0,0,0,59.8625,5,NA,3.7,0.250093537,0.100037415,0,0.00645,0.00068,0,0,0,0.00052,0,0,0.00044,0.00028,0.05756,0,0.00117,0.01226,0.01393,0.00237,0.66105,0.04583,0,0,0.08743,0,0,0,0.00054,0.0021,0.03632,0,0,0,0.07106,0,0,0,1,M-05-06,0.296875,Fil2
M-06-01,F,S,Uttersberg,Uttersberg_0304,6621165,1491334,2003,2004,NA,NA,1,NA,0.37,1.13,0.41,8.04,118.252,39.061,172.973,0.242,1904,Skinnskatteberg,S,21.6,0,0,0,59.8625,5,NA,3.7,0.250093537,0.100037415,0,0.00645,0.00068,0,0,0,0.00052,0,0,0.00044,0.00028,0.05756,0,0.00117,0.01226,0.01393,0.00237,0.66105,0.04583,0,0,0.08743,0,0,0,0.00054,0.0021,0.03632,0,0,0,0.07106,0,0,0,1,M-06-01,0.26953100000000002,Grav
M-05-02,M,S,Amungen 1,Amungen_0405,6775700,1494349,2004,2005,NA,NA,1,NA,0.12,1.01,0,4.71,302.563,24.003,179.89,0.158,2031,Rättvik,S,13.3,0,2,0,80.24479167,6,NA,3.3,0.502343862,0.208610473,0,0.00032,0,0,0,0,0,0,0,0,0,0.00069,0,0.00053,0.00039,0.00022,0.00258,0.67795,0.0464,0,0,0.1159,0,0,0,0,0.00153,0.03213,0,0,0,0.12136,0,0,0,1,M-05-02,0.28125,Fil
M-05-12,F,S,Amungen 1,Amungen_0405,6775700,1494349,2004,2005,NA,NA,1,NA,0.12,1.01,0,4.71,302.563,24.003,179.89,0.158,2031,Rättvik,S,13.3,0,2,0,80.24479167,6,NA,3.3,0.502343862,0.208610473,0,0.00032,0,0,0,0,0,0,0,0,0,0.00069,0,0.00053,0.00039,0.00022,0.00258,0.67795,0.0464,0,0,0.1159,0,0,0,0,0.00153,0.03213,0,0,0,0.12136,0,0,0,1,M-05-12,0.1875,Ock1
D-04-14,M,S,Dals Ed 3,Dals Ed-Halden_0405,6531632,1264518,2004,2005,other,NA,0,NA,0.39,1.23,0.29,7,153.669,37.791,176.017,0.347,1438,Dals-Ed,S,18.062,1,1,0,70.04166667,6,NA,157.6,0.432815887,0.360306617,0,0.00197,0.00081,0,0,0,0,0,0,0.00084,0,0.08253,0,0.00153,0.00417,0.02695,0.00417,0.72481,0.02057,0,0,0.03316,0,0.00121,0,0,0,0.04334,0,0,0,0.05395,0,0,0,1,D-04-14,0.234375,Årj
M-03-07,F,S,Dals Ed 3,Dals Ed-Halden_0405,6531632,1264518,2004,2005,NA,NA,1,NA,0.39,1.23,0.29,7,153.669,37.791,176.017,0.347,1438,Dals-Ed,S,18.062,1,1,0,70.04166667,6,NA,157.6,0.432815887,0.360306617,0,0.00197,0.00081,0,0,0,0,0,0,0.00084,0,0.08253,0,0.00153,0.00417,0.02695,0.00417,0.72481,0.02057,0,0,0.03316,0,0.00121,0,0,0,0.04334,0,0,0,0.05395,0,0,0,1,M-03-07,0.234375,Kop1
M-02-09,F,S,Djurskog 1,Djurskog_0405,6626678,1282669,2004,2005,illegal,1,1,NA,0.31,1.21,0.24,5.62,223.246,32.571,176.762,0.346,1765,Årjäng,S,8.845,1,1,0,78.63020833,6,NA,498.1,0.553063994,0.429246906,0,0.00179,0,0,0,0,0,0,0,0,0,0.03682,0,0.00253,0.00927,0.01956,0,0.7963,0.01228,0,0,0.01967,0,0,0,0,0.00027,0.04458,0,0,0,0.05695,0,0,0,1,M-02-09,0.234375,Årj
M-03-06,M,S,Djurskog 1,Djurskog_0405,6626678,1282669,2004,2005,censor,NA,1,NA,0.31,1.21,0.24,5.62,223.246,32.571,176.762,0.346,1765,Årjäng,S,8.845,1,1,0,78.63020833,6,NA,498.1,0.553063994,0.429246906,0,0.00179,0,0,0,0,0,0,0,0,0,0.03682,0,0.00253,0.00927,0.01956,0,0.7963,0.01228,0,0,0.01967,0,0,0,0,0.00027,0.04458,0,0,0,0.05695,0,0,0,1,M-03-06,0.1875,Fur
M-05-05,M,S,Forshyttan,Forshyttan_0405,6626241,1395573,2004,2005,NA,NA,1,NA,0.31,1.2,0.53,8.13,218.377,36.132,175.619,0.342,1782,Filipstad,S,25.82,0,0,0,81.515625,6,NA,4.6,0.408949792,0.404284678,0,0.00759,0.00166,0,0,0,0.00095,0,0,0,0.00114,0.02634,0,0.00092,0.00254,0.00848,0.00296,0.72499,0.0492,0,0,0.07382,0,0,0,0,0.00126,0.02565,0,0,0,0.07251,0,0,0,1,M-05-05,0.296875,Fil2
M-05-09,F,S,Forshyttan,Forshyttan_0405,6626241,1395573,2004,2005,NA,NA,1,NA,0.31,1.2,0.53,8.13,218.377,36.132,175.619,0.342,1782,Filipstad,S,25.82,0,0,0,81.515625,6,NA,4.6,0.408949792,0.404284678,0,0.00759,0.00166,0,0,0,0.00095,0,0,0,0.00114,0.02634,0,0.00092,0.00254,0.00848,0.00296,0.72499,0.0492,0,0,0.07382,0,0,0,0,0.00126,0.02565,0,0,0,0.07251,0,0,0,1,M-05-09,0.28125,Fil
D-04-13,F,S,Furudal,Furudal_0405,6787748,1468038,2004,2005,legal,NA,0,NA,0.17,1.09,0.19,4.85,299.31,23.087,170.871,0.131,2031,Rättvik,S,4.8,0,3,0,78.52083333,6,NA,3.5,0.554894455,0.443853088,0,0.00304,0.00025,0,0,0,0.00048,0,0,0,0.00073,0.00858,0,0.00194,0.00031,0.00661,0.00035,0.70989,0.01879,0,0,0.11948,0,0,0,0,0.00057,0.0664,0,0,0,0.06257,0,0,0,1,D-04-13,0,Gh
G1-03,M,S,Furudal,Furudal_0405,6787748,1468038,2004,2005,illegal,NA,0,NA,0.17,1.09,0.19,4.85,299.31,23.087,170.871,0.131,2031,Rättvik,S,4.8,0,3,0,78.52083333,6,NA,3.5,0.554894455,0.443853088,0,0.00304,0.00025,0,0,0,0.00048,0,0,0,0.00073,0.00858,0,0.00194,0.00031,0.00661,0.00035,0.70989,0.01879,0,0,0.11948,0,0,0,0,0.00057,0.0664,0,0,0,0.06257,0,0,0,1,G1-03,0.234375,Kop1
M-01-09,M,N,Gråfjell,Gråfjell_0405,6820024,1262069,2004,2005,natural,NA,1,"Found dead, death cause not determined",0.11,1,0,3.61,575.833,20.513,164.409,0.315,429,Åmot,N,1.759,1,1,0,80.72345679,6,NA,7008,0.516178334,0.43613107,0,0,0,0,0,0,5.00E-04,0,0,0,0.00035,0.00671,0,0,0,0.00514,0.00575,0.67783,0.00979,0,0.01732,0.1004,0,0,0.01378,0,0,0.1227,0,0,0.00713,0.0326,0,0,0,1,M-01-09,0.125,Hag2
M-01-10,F,N,Gråfjell,Gråfjell_0405,6820024,1262069,2004,2005,legal,NA,1,NA,0.11,1,0,3.61,575.833,20.513,164.409,0.315,429,Åmot,N,1.759,1,1,0,80.72345679,6,NA,7008,0.516178334,0.43613107,0,0,0,0,0,0,5.00E-04,0,0,0,0.00035,0.00671,0,0,0,0.00514,0.00575,0.67783,0.00979,0,0.01732,0.1004,0,0,0.01378,0,0,0.1227,0,0,0.00713,0.0326,0,0,0,1,M-01-10,0.234375,Kop1
M-06-10,F,S,Gräsmark 1,Gräsmark_0405,6673858,1323261,2004,2005,NA,NA,1,NA,0.34,1.45,0.05,4.73,286.268,34.391,170.759,0.4,1737,Torsby,S,10.503,1,0,0,80.52020202,6,NA,1853.5,0.250088918,0.103289878,0,0.00133,0,0,0,0,0,0,0,0,0,0.00752,0,0,0.00421,0.01022,0.00011,0.79831,0.01455,0,0,0.07318,0,0,0,0,0,0.03026,0,0,0.00031,0.06001,0,0,0,1,M-06-10,0.296875,Grå
M-06-11,M,S,Gräsmark 1,Gräsmark_0405,6673858,1323261,2004,2005,NA,NA,1,NA,0.34,1.45,0.05,4.73,286.268,34.391,170.759,0.4,1737,Torsby,S,10.503,1,0,0,80.52020202,6,NA,1853.5,0.250088918,0.103289878,0,0.00133,0,0,0,0,0,0,0,0,0,0.00752,0,0,0.00421,0.01022,0.00011,0.79831,0.01455,0,0,0.07318,0,0,0,0,0,0.03026,0,0,0.00031,0.06001,0,0,0,1,M-06-11,0.1875,Fur
M-02-06,F,S,Halgån 1,Halgån_0405,6696998,1374718,2004,2005,NA,NA,1,NA,0.26,0.84,0.04,4.69,339.466,30.468,177.06,0.298,1783,Hagfors,S,4.367,0,2,0,79.18686869,6,NA,4.3,0.492441088,0.291992199,0,0.00082,0,0,0,0,0,0,0,0,0,0.0091,0,0,0.00209,0.00234,0.00167,0.7083,0.03359,0,0,0.06563,0,0,0,0,0.00127,0.12738,0,0,0.00582,0.04199,0,0,0,1,M-02-06,0.26953100000000002,Ny5
M-04-01,M,S,Halgån 1,Halgån_0405,6696998,1374718,2004,2005,NA,NA,1,NA,0.26,0.84,0.04,4.69,339.466,30.468,177.06,0.298,1783,Hagfors,S,4.367,0,2,0,79.18686869,6,NA,4.3,0.492441088,0.291992199,0,0.00082,0,0,0,0,0,0,0,0,0,0.0091,0,0,0.00209,0.00234,0.00167,0.7083,0.03359,0,0,0.06563,0,0,0,0,0.00127,0.12738,0,0,0.00582,0.04199,0,0,0,1,M-04-01,0.1875,Fur
D-06-16,F,S,Hasselfors 2,Hasselfors_0405,6548143,1424122,2004,2005,NA,NA,0,NA,0.34,1.28,0.88,8.54,113.772,36.683,183.08,0.157,1860,Laxå,S,19.986,0,0,0,72.08888889,6,NA,4.2,0.496940879,0.485487821,0,0.00755,0.00156,0.00017,0,0,0.00054,0,0,0.00025,0.00056,0.06019,0,0.00272,0.00364,0.00537,0.00978,0.55373,0.08067,0,0,0.04948,0,0,0,0,0.0044,0.05274,0,0,0.00282,0.16383,0,0,0,1,D-06-16,0.30468800000000001,Has1
M-01-05,M,S,Hasselfors 2,Hasselfors_0405,6548143,1424122,2004,2005,NA,NA,1,NA,0.34,1.28,0.88,8.54,113.772,36.683,183.08,0.157,1860,Laxå,S,19.986,0,0,0,72.08888889,6,NA,4.2,0.496940879,0.485487821,0,0.00755,0.00156,0.00017,0,0,0.00054,0,0,0.00025,0.00056,0.06019,0,0.00272,0.00364,0.00537,0.00978,0.55373,0.08067,0,0,0.04948,0,0,0,0,0.0044,0.05274,0,0,0.00282,0.16383,0,0,0,1,M-01-05,0.125,Hag2
M-04-04,M,S,Jangen 1,Jangen1_0405,6665196,1361950,2004,2005,illegal,1,1,NA,0.33,1.19,0.32,6.4,211.038,36.434,176.792,0.415,1783,Hagfors,S,7,0,2,0,77.11458333,6,NA,4.6,0.509889483,0.20832523,0,0.00676,0.00026,0,0,0.00119,0,0,0,2.00E-05,0.00042,0.06307,0,0.00024,0.00535,0.01781,0.00376,0.7173,0.01503,0,0,0.05501,0,0,0,0,0.00063,0.01968,0,0,0.00854,0.08493,0,0,0,1,M-04-04,0.26953100000000002,Ny5
M-04-05,F,S,Jangen 1,Jangen1_0405,6665196,1361950,2004,2005,illegal,1,1,NA,0.33,1.19,0.32,6.4,211.038,36.434,176.792,0.415,1783,Hagfors,S,7,0,2,0,77.11458333,6,NA,4.6,0.509889483,0.20832523,0,0.00676,0.00026,0,0,0.00119,0,0,0,2.00E-05,0.00042,0.06307,0,0.00024,0.00535,0.01781,0.00376,0.7173,0.01503,0,0,0.05501,0,0,0,0,0.00063,0.01968,0,0,0.00854,0.08493,0,0,0,1,M-04-05,0.28125,Fil
M-05-08,M,S,Jangen 3,Jangen2_0405,6666324,1362369,2004,2005,NA,NA,1,NA,0.32,1.19,0.32,6.32,212.863,36.404,176.95,0.409,1783,Hagfors,S,7,0,2,0,77.11458333,6,NA,4.6,0.509004271,0.209768574,0,0.00622,0.00026,0,0,0.00119,0,0,0,2.00E-05,4.00E-04,0.06049,0,2.00E-04,0.00536,0.01747,0.00345,0.72088,0.01272,0,0,0.05838,0,0,0,0,0.00063,0.02215,0,0,0.00853,0.08166,0,0,0,1,M-05-08,0.125,Hag2
M-06-06,M,S,Juvberget 1,Jangen2_0405,6666324,1362369,2004,2005,NA,NA,1,NA,0.32,1.19,0.32,6.32,212.863,36.404,176.95,0.409,1783,Hagfors,S,7,0,2,0,77.11458333,6,NA,4.6,0.509004271,0.209768574,0,0.00622,0.00026,0,0,0.00119,0,0,0,2.00E-05,4.00E-04,0.06049,0,2.00E-04,0.00536,0.01747,0.00345,0.72088,0.01272,0,0,0.05838,0,0,0,0,0.00063,0.02215,0,0,0.00853,0.08166,0,0,0,1,M-06-06,0.28125,Fil
M-05-10,F,S,Juvberget 1,Julussa_0405,6785473,1272294,2004,2005,NA,NA,1,NA,0.28,1.19,0.62,7.1,429.414,20.611,180.432,0.209,429,Åmot,N,5.552,1,1,0,81.72118056,6,NA,7008,0.535090029,0.312556279,0,0.00162,0.00105,0,0,0,0,0,0,0,0.00211,0.01176,0,0,0.00038,0.02105,4.00E-04,0.6394,4.00E-05,0,0.00178,0.15687,0,0,0.00881,0,0,0.13661,0,0,0.0079,0.01022,0,0,0,1,M-05-10,0.21875,Tyn
G6-03,M,N,Julussa 3,Julussa_0405,6785473,1272294,2004,2005,NA,NA,0,NA,0.28,1.19,0.62,7.1,429.414,20.611,180.432,0.209,429,Åmot,N,5.552,1,1,0,81.72118056,6,NA,7008,0.535090029,0.312556279,0,0.00162,0.00105,0,0,0,0,0,0,0,0.00211,0.01176,0,0,0.00038,0.02105,4.00E-04,0.6394,4.00E-05,0,0.00178,0.15687,0,0,0.00881,0,0,0.13661,0,0,0.0079,0.01022,0,0,0,1,G6-03,0.26953100000000002,Grav
M-03-05,F,N,Julussa 3,Juvberget_0405,6757707,1314780,2004,2005,NA,NA,1,NA,0.21,1.14,0,5.04,419.045,18.495,171.487,0.183,1737,Torsby,S,6.772,1,2,0,81.97058824,6,NA,2588.9,0.395132544,0.405552824,0,0.00083,0,0,0,0,0,0,0,0,0.00061,0,0,0.00048,0,0.00183,0.00171,0.60365,0.06738,0,0,0.13117,0,0,0,0,0,0.16226,0,0,0.00211,0.02798,0,0,0,1,M-03-05,0.26953100000000002,Ny5
G7-03,F,S,Kilsbergen,Juvberget_0405,6757707,1314780,2004,2005,NA,NA,0,NA,0.21,1.14,0,5.04,419.045,18.495,171.487,0.183,1737,Torsby,S,6.772,1,2,0,81.97058824,6,NA,2588.9,0.395132544,0.405552824,0,0.00083,0,0,0,0,0,0,0,0,0.00061,0,0,0.00048,0,0.00183,0.00171,0.60365,0.06738,0,0,0.13117,0,0,0,0,0,0.16226,0,0,0.00211,0.02798,0,0,0,1,G7-03,0.1875,Ock1
M-05-04,M,S,Kilsbergen,Kilsbergen_0405,6591149,1442492,2004,2005,NA,NA,1,NA,0.42,1.28,1.13,10.25,187.857,32.649,176.334,0.213,1884,Nora,S,39.28,0,0,0,75.7020202,6,NA,4.2,0.520056562,0.313873221,0,0.01434,0.00514,0,0,0,3.00E-04,0,0,0.00208,0.00184,0.03945,0,0.00171,0.00512,0.00778,0.00441,0.70539,0.08939,0,0,0.02829,0,0,0,0.00028,0,0.02702,0,0,0.00206,0.06541,0,0,0,1,M-05-04,0.26953100000000002,Grav
M-04-02,M,N,Koppang 3,Kilsbergen_0405,6591149,1442492,2004,2005,legal,NA,1,NA,0.42,1.28,1.13,10.25,187.857,32.649,176.334,0.213,1884,Nora,S,39.28,0,0,0,75.7020202,6,NA,4.2,0.520056562,0.313873221,0,0.01434,0.00514,0,0,0,3.00E-04,0,0,0.00208,0.00184,0.03945,0,0.00171,0.00512,0.00778,0.00441,0.70539,0.08939,0,0,0.02829,0,0,0,0.00028,0,0.02702,0,0,0.00206,0.06541,0,0,0,1,M-04-02,0.234375,Årj
M-04-03,F,N,Koppang 3,Koppang_0405,6839055,1254838,2004,2005,legal,NA,1,NA,0.18,0.74,0.39,4.13,605.984,21.72,175.193,0.358,432,Rendalen,N,0.988,0,1,0,80.43875334,6,NA,7008,0.443919496,0.368027371,0,0.00165,0.00043,0,0,0,0,0,0,0,0.00342,0.00717,0,0,0.00084,0.01002,0.01474,0.64981,0.00707,0,0.0221,0.06741,0,0,0.05609,0,0,0.10071,0,0,0.00773,0.05081,0,0,0,1,M-04-03,0.26953100000000002,Kop2
G14-05,M,S,Kroppefjäll 1,Koppang_0405,6839055,1254838,2004,2005,illegal,NA,0,NA,0.18,0.74,0.39,4.13,605.984,21.72,175.193,0.358,432,Rendalen,N,0.988,0,1,0,80.43875334,6,NA,7008,0.443919496,0.368027371,0,0.00165,0.00043,0,0,0,0,0,0,0,0.00342,0.00717,0,0,0.00084,0.01002,0.01474,0.64981,0.00707,0,0.0221,0.06741,0,0,0.05609,0,0,0.10071,0,0,0.00773,0.05081,0,0,0,1,G14-05,0.296875,Gla1
G15-05,F,S,Kroppefjäll 1,Kroppefjäll_0405,6506059,1289166,2004,2005,NA,NA,0,NA,0.51,1.26,0.74,9.46,116.648,40.457,176.444,0.283,1487,Vänersborg,S,23.12,0,1,0,63.62745098,6,NA,2.9,0.47962079,0.286316047,0,0.00832,0,0,0,0,3.00E-04,0,0,0,0.00061,0.3338,0,0.00396,0.00265,0.0367,0.02879,0.43844,0.05931,0,0,0.02033,0,0,0,0,0.00091,0.03123,0,0,0,0.03464,0,0,0,1,G15-05,0.296875,Gla1
G18-07,M,N,Kynna 1,Kroppefjäll_0405,6506059,1289166,2004,2005,NA,NA,0,NA,0.51,1.26,0.74,9.46,116.648,40.457,176.444,0.283,1487,Vänersborg,S,23.12,0,1,0,63.62745098,6,NA,2.9,0.47962079,0.286316047,0,0.00832,0,0,0,0,3.00E-04,0,0,0,0.00061,0.3338,0,0.00396,0.00265,0.0367,0.02879,0.43844,0.05931,0,0,0.02033,0,0,0,0,0.00091,0.03123,0,0,0,0.03464,0,0,0,1,G18-07,0.31445299999999998,Sta
G18-07,M,N,Kynna 1,Kynna_0405,6754032,1294019,2004,2007,Illegal,NA,0,NA,0.26,1.41,0.26,5.96,379.177,21.723,175.759,0.193,426,Våler,N,7.888,1,1,0,81.68181818,6,NA,6980,0.341120566,0.185883816,0,5.00E-05,0,0,0,0,0,0,0,0,0,0.03687,0,0,0,0.0096,0,0.5661,0.0048,0,0,0.19504,0,0,0.0025,0,0,0.17141,0,0,0.00054,0.01309,0,0,0,1,G18-07,0.31445299999999998,Sta
M-07-04,F,N,Kynna 1,Kynna_0405,6754032,1294019,2004,2005,NA,NA,1,NA,0.26,1.41,0.26,5.96,379.177,21.723,175.759,0.193,426,Våler,N,7.888,1,1,0,81.68181818,6,NA,6980,0.341120566,0.185883816,0,5.00E-05,0,0,0,0,0,0,0,0,0,0.03687,0,0,0,0.0096,0,0.5661,0.0048,0,0,0.19504,0,0,0.0025,0,0,0.17141,0,0,0.00054,0.01309,0,0,0,1,M-07-04,0.39843800000000001,DE2
G3-05,M,S,Lövsjön 1,Lövsjön_0405,6684537,1428437,2004,2005,NA,NA,0,NA,0.2,1.13,0.32,5.33,341.066,35.324,174.325,0.337,2021,Vansbro,S,11.633,0,0,0,79.29166667,6,NA,3.5,0.266298336,0.191818344,0,0.00229,0,0,0,0,0,0,0,0,0.00044,0.00101,0,0.00027,0.00086,0.00052,0.00548,0.70813,0.03079,0,0,0.14002,0,0,0,0,0.00114,0.04251,0,0,0,0.06654,0,0,0,1,G3-05,0.25683600000000001,Julu1
G4-05,F,S,Lövsjön 1,Lövsjön_0405,6684537,1428437,2004,2005,NA,NA,0,NA,0.2,1.13,0.32,5.33,341.066,35.324,174.325,0.337,2021,Vansbro,S,11.633,0,0,0,79.29166667,6,NA,3.5,0.266298336,0.191818344,0,0.00229,0,0,0,0,0,0,0,0,0.00044,0.00101,0,0.00027,0.00086,0.00052,0.00548,0.70813,0.03079,0,0,0.14002,0,0,0,0,0.00114,0.04251,0,0,0,0.06654,0,0,0,1,G4-05,0.25683600000000001,Julu1
D-05-23,M,S,Naggen 1,Naggen_0405,6907838,1505064,2004,2005,NA,NA,0,NA,0.16,0.96,0.05,4.36,385.249,22.704,174.088,0.154,2161,Ljusdal,S,11.68,0,0,0,81.37673611,6,NA,3.7,0.2500929,0.10003716,0,0.00068,0,0,0,0,0,0,0,0,0,0.00147,0,0.00045,0.00052,0.00077,0.00151,0.63269,0.07559,0,0,0.17861,0,0,0,0,0.00124,0.04999,0,0,0,0.05648,0,0,0,1,D-05-23,0.234375,Årj
G17-05,F,S,Naggen 1,Naggen_0405,6907838,1505064,2004,2005,NA,NA,0,NA,0.16,0.96,0.05,4.36,385.249,22.704,174.088,0.154,2161,Ljusdal,S,11.68,0,0,0,81.37673611,6,NA,3.7,0.2500929,0.10003716,0,0.00068,0,0,0,0,0,0,0,0,0,0.00147,0,0.00045,0.00052,0.00077,0.00151,0.63269,0.07559,0,0,0.17861,0,0,0,0,0.00124,0.04999,0,0,0,0.05648,0,0,0,1,G17-05,0.28125,Fil
M-00-07,M,S,Nyskoga 5,Nyskoga_0405,6717133,1341599,2004,2005,NA,NA,1,NA,0.27,0.9,0.49,4.14,360.33,19.521,169.362,0.217,1737,Torsby,S,5.687,1,1,0,80.984375,6,NA,18.6,0.448000802,0.364427564,0,0.00217,0,0,0,0,0,0,0,0,0.00092,0.00624,0,0,0.00556,0.00141,0.00031,0.83199,0.02077,0,0,0.06125,0,0,0,0,0.00114,0.04454,0,0,0.00576,0.01794,0,0,0,1,M-00-07,0.125,Hag2
M-00-08,F,S,Nyskoga 5,Nyskoga_0405,6717133,1341599,2004,2005,NA,NA,1,NA,0.27,0.9,0.49,4.14,360.33,19.521,169.362,0.217,1737,Torsby,S,5.687,1,1,0,80.984375,6,NA,18.6,0.448000802,0.364427564,0,0.00217,0,0,0,0,0,0,0,0,0.00092,0.00624,0,0,0.00556,0.00141,0.00031,0.83199,0.02077,0,0,0.06125,0,0,0,0,0.00114,0.04454,0,0,0.00576,0.01794,0,0,0,1,M-00-08,0.234375,Årj
G3-03,F,S,Ockelbo 1,Ockelbo_0405,6770416,1533916,2004,2005,NA,NA,0,NA,0.2,1.28,0.51,5.73,241.836,28.429,157.675,0.204,2101,Ockelbo,S,18,0,1,0,80.18229167,6,NA,2.9,0.515404035,0.428481361,0,0.00319,0,0,0,0,0.00033,0,0,0,0,0.0267,0,0.00029,0.00031,0.00011,0.0041,0.73037,0.02277,0,0,0.14466,0,0,0,0,0.0012,0.02341,0,0,0,0.04253,0,0,0,1,G3-03,0,Gh
M-09-10,M,S,Ockelbo 1,Ockelbo_0405,6770416,1533916,2004,2005,NA,NA,1,NA,0.2,1.28,0.51,5.73,241.836,28.429,157.675,0.204,2101,Ockelbo,S,18,0,1,0,80.18229167,6,NA,2.9,0.515404035,0.428481361,0,0.00319,0,0,0,0,0.00033,0,0,0,0,0.0267,0,0.00029,0.00031,0.00011,0.0041,0.73037,0.02277,0,0,0.14466,0,0,0,0,0.0012,0.02341,0,0,0,0.04253,0,0,0,1,M-09-10,0.234375,Årj
M-00-09,M,S,Rotna 1,Rotna_0405,6712198,1309736,2004,2005,NA,NA,1,NA,0.44,2.09,0.16,5.55,346.335,20.648,190.144,0.194,423,Grue,N,8.458,1,1,0,83.20833333,6,NA,6482.7,0.492055029,0.205568461,0,0.00197,0.00061,0,0,0,0,0,0,0,0.00044,0.05623,0,0,0,0.00306,7.00E-04,0.70129,0.00577,0,0,0.09054,0,0,0,0,0,0.07964,0,0,0.0063,0.05346,0,0,0,1,M-00-09,0.125,Fre
M-06-07,F,S,Rotna 1,Rotna_0405,6712198,1309736,2004,2005,NA,NA,1,NA,0.44,2.09,0.16,5.55,346.335,20.648,190.144,0.194,423,Grue,N,8.458,1,1,0,83.20833333,6,NA,6482.7,0.492055029,0.205568461,0,0.00197,0.00061,0,0,0,0,0,0,0,0.00044,0.05623,0,0,0,0.00306,7.00E-04,0.70129,0.00577,0,0,0.09054,0,0,0,0,0,0.07964,0,0,0.0063,0.05346,0,0,0,1,M-06-07,0.26953100000000002,Ny5
D-10-20,F,S,Siljansringen 1,Siljansringen_0405,6777313,1456044,2004,2005,NA,NA,0,NA,0.17,1.09,0.24,4.35,286.839,23.388,178.647,0.111,2034,Orsa,S,5.567,0,2,0,76.32828283,6,NA,3.5,0.409386019,0.212924467,0,0.00501,0.00025,0,0,0.00115,5.00E-04,0,0,0,0.00073,0.01654,0,0.00425,0.00863,0.00661,0.00028,0.74388,0.02676,0,0,0.05782,0,0,0,0,0,0.08657,0,0,0,0.04102,0,0,0,1,D-10-20,0.1875,Fur
M12-05/G9-05,M,S,Siljansringen 1,Siljansringen_0405,6777313,1456044,2004,2005,NA,NA,1,NA,0.17,1.09,0.24,4.35,286.839,23.388,178.647,0.111,2034,Orsa,S,5.567,0,2,0,76.32828283,6,NA,3.5,0.409386019,0.212924467,0,0.00501,0.00025,0,0,0.00115,5.00E-04,0,0,0,0.00073,0.01654,0,0.00425,0.00863,0.00661,0.00028,0.74388,0.02676,0,0,0.05782,0,0,0,0,0,0.08657,0,0,0,0.04102,0,0,0,1,G9-05,0.1875,Ock1
D-06-12,M,S,Svartbo,Svartbo_0405,6787066,1522033,2004,2005,NA,NA,0,NA,0.27,1.2,1.1,7.76,253.273,28.757,165.162,0.206,2183,Bollnäs,S,8.833,0,2,0,79.97916667,6,NA,2.9,0.411816644,0.253730707,0,0.00319,1.00E-05,0,0,0,0,0.00027,0,0,0.00046,0.06042,0,0.00028,0,0.00079,0.00219,0.70233,0.02292,0,0,0.11935,0,0,0,0,0.00098,0.03324,0,0,0,0.05357,0,0,0,1,D-06-12,0.21972700000000001,Amu1
D-06-13,F,S,Svartbo,Svartbo_0405,6787066,1522033,2004,2005,NA,NA,0,NA,0.27,1.2,1.1,7.76,253.273,28.757,165.162,0.206,2183,Bollnäs,S,8.833,0,2,0,79.97916667,6,NA,2.9,0.411816644,0.253730707,0,0.00319,1.00E-05,0,0,0,0,0.00027,0,0,0.00046,0.06042,0,0.00028,0,0.00079,0.00219,0.70233,0.02292,0,0,0.11935,0,0,0,0,0.00098,0.03324,0,0,0,0.05357,0,0,0,1,D-06-13,0.1875,Fur
M-05-06,M,S,Uttersberg,Uttersberg_0405,6618471,1488818,2004,2005,NA,NA,1,NA,0.37,1.13,0.44,7.88,112.633,39.249,173.556,0.238,1983,Köping,S,26.425,0,0,0,76.140625,6,NA,3.5,0.490606676,0.196242671,0,0.00651,0.00068,0,0,0,0.00052,0,0,0.00044,0.00028,0.07158,0,0.00117,0.01227,0.01437,0.00167,0.65567,0.04315,0,0,0.08162,0,0,0,0.00054,0.00284,0.03761,0,0,0,0.06909,0,0,0,1,M-05-06,0.296875,Fil2
M-06-01,F,S,Uttersberg,Uttersberg_0405,6618471,1488818,2004,2005,NA,NA,1,NA,0.37,1.13,0.44,7.88,112.633,39.249,173.556,0.238,1983,Köping,S,26.425,0,0,0,76.140625,6,NA,3.5,0.490606676,0.196242671,0,0.00651,0.00068,0,0,0,0.00052,0,0,0.00044,0.00028,0.07158,0,0.00117,0.01227,0.01437,0.00167,0.65567,0.04315,0,0,0.08162,0,0,0,0.00054,0.00284,0.03761,0,0,0,0.06909,0,0,0,1,M-06-01,0.26953100000000002,Grav
G6-05,M,S,Voxna 1,Voxna_0405,6806768,1475301,2004,2005,NA,NA,0,NA,0.19,1.12,0.02,5.05,296.112,24.371,171.31,0.176,2031,Rättvik,S,4.925,0,2,0,78.63020833,6,NA,3.2,0.321261288,0.349651895,0,0.00081,0,0,0,0,0,0,0,0,0,0.00273,0,0,0.00071,0.00035,0.00035,0.71289,0.0066,0,0,0.18653,0,0,0,0.00134,0.00193,0.04349,0,0,0.00058,0.04169,0,0,0,1,G6-05,0.39843800000000001,DE2
G7-05,F,S,Voxna 1,Voxna_0405,6806768,1475301,2004,2005,NA,NA,0,NA,0.19,1.12,0.02,5.05,296.112,24.371,171.31,0.176,2031,Rättvik,S,4.925,0,2,0,78.63020833,6,NA,3.2,0.321261288,0.349651895,0,0.00081,0,0,0,0,0,0,0,0,0,0.00273,0,0,0.00071,0.00035,0.00035,0.71289,0.0066,0,0,0.18653,0,0,0,0.00134,0.00193,0.04349,0,0,0.00058,0.04169,0,0,0,1,G7-05,0.1875,Fur
D-05-13,F,N,Åsta/Löten 1,Åsta-Løten_0405,6783224,1253774,2004,2005,legal,NA,0,NA,0.17,1.01,0.82,8.09,527.937,18.548,161.826,0.18,429,Åmot,N,23.667,1,1,0,80.72172619,6,NA,7008,0.361327686,0.190710626,0,0.00162,0.00105,0,0,0,0,0,0,0,0.00848,0.00936,0,0.00119,0,0.01442,0.00581,0.49822,0.00117,0,0.02014,0.12788,0,0,0.01386,0,0,0.28375,0,0,0.00741,0.00564,0,0,0,1,D-05-13,0.296875,Grå
D-05-14,M,N,Åsta/Löten 1,Åsta-Løten_0405,6783224,1253774,2004,2005,legal,NA,0,NA,0.17,1.01,0.82,8.09,527.937,18.548,161.826,0.18,429,Åmot,N,23.667,1,1,0,80.72172619,6,NA,7008,0.361327686,0.190710626,0,0.00162,0.00105,0,0,0,0,0,0,0,0.00848,0.00936,0,0.00119,0,0.01442,0.00581,0.49822,0.00117,0,0.02014,0.12788,0,0,0.01386,0,0,0.28375,0,0,0.00741,0.00564,0,0,0,1,D-05-14,0.1875,Ock1
G10-06,F,S,Acksjön,Acksjön_0506,6668938,1388035,2005,2006,NA,NA,0,NA,0.32,1.03,0.62,6.26,271.703,34.415,180.964,0.343,1783,Hagfors,S,5.667,0,2,0,80.125,6,NA,3.9,0.323496263,0.247446198,0,0.00968,0.00134,0,0,0.00119,0.00028,0,0,0,0.00048,0.01689,0,0.00079,0.00146,0.00698,0.00278,0.64209,0.01808,0,0,0.15417,0,0,0,0,0.00119,0.03792,0,0,0.00651,0.09817,0,0,0,1,G10-06,0.23877000000000001,Hlg1
M-09-17,M,S,Acksjön,Acksjön_0506,6668938,1388035,2005,2006,NA,NA,1,NA,0.32,1.03,0.62,6.26,271.703,34.415,180.964,0.343,1783,Hagfors,S,5.667,0,2,0,80.125,6,NA,3.9,0.323496263,0.247446198,0,0.00968,0.00134,0,0,0.00119,0.00028,0,0,0,0.00048,0.01689,0,0.00079,0.00146,0.00698,0.00278,0.64209,0.01808,0,0,0.15417,0,0,0,0,0.00119,0.03792,0,0,0.00651,0.09817,0,0,0,1,M-09-17,0.1875,Fur
M-05-02,M,S,Amungen 1,Amungen_0506,6776136,1493061,2005,2006,NA,NA,1,NA,0.12,1.01,0,4.66,300.145,23.825,178.943,0.157,2031,Rättvik,S,13.3,0,2,0,83.53125,6,NA,2.9,0.521239532,0.318287787,0,0.00032,0,0,0,0,0,0,0,0,0,0.00069,0,0.00053,0.00033,0.00026,0.00258,0.67803,0.04512,0,0,0.11717,0,0,0,0,0.00153,0.02964,0,0,0,0.1238,0,0,0,1,M-05-02,0.28125,Fil
M-05-12,F,S,Amungen 1,Amungen_0506,6776136,1493061,2005,2006,NA,NA,1,NA,0.12,1.01,0,4.66,300.145,23.825,178.943,0.157,2031,Rättvik,S,13.3,0,2,0,83.53125,6,NA,2.9,0.521239532,0.318287787,0,0.00032,0,0,0,0,0,0,0,0,0,0.00069,0,0.00053,0.00033,0.00026,0.00258,0.67803,0.04512,0,0,0.11717,0,0,0,0,0.00153,0.02964,0,0,0,0.1238,0,0,0,1,M-05-12,0.1875,Ock1
G11-06,M,S,Dals Ed 4,Dals Ed-Halden_0506,6534220,1263603,2005,2006,NA,NA,0,NA,0.39,1.22,0.29,7.03,155.574,37.386,176.534,0.354,1438,Dals-Ed,S,18.074,1,1,0,64.390625,6,NA,213.7,0.49473691,0.420085212,0,0.00197,0.00356,0,0,0,0,0,0,0.00084,0,0.07359,0,0.00111,0.00314,0.0221,0.00417,0.73571,0.02117,0,0,0.03122,0,0.00121,0,0,0,0.03988,0,0,0,0.06034,0,0,0,1,G11-06,0.26953100000000002,Ny5
M-03-07,F,S,Dals Ed 4,Dals Ed-Halden_0506,6534220,1263603,2005,2006,NA,NA,1,NA,0.39,1.22,0.29,7.03,155.574,37.386,176.534,0.354,1438,Dals-Ed,S,18.074,1,1,0,64.390625,6,NA,213.7,0.49473691,0.420085212,0,0.00197,0.00356,0,0,0,0,0,0,0.00084,0,0.07359,0,0.00111,0.00314,0.0221,0.00417,0.73571,0.02117,0,0,0.03122,0,0.00121,0,0,0,0.03988,0,0,0,0.06034,0,0,0,1,M-03-07,0.234375,Kop1
G2-07,F,S,Djurskog 2,Djurskog_0506,6623815,1282236,2005,2006,illegal,NA,0,NA,0.28,1.21,0.35,6.01,221.878,32.786,176.213,0.358,1765,Årjäng,S,8.615,1,1,0,77.20707071,6,NA,432.9,0.609128885,0.487326275,0,0.00179,0,0,0,0,0,0,0,0,0,0.03954,0,0.00261,0.01002,0.01806,0,0.80069,0.01273,0,0,0.01803,0,0,0,0,0.00027,0.04187,0,0,0,0.05439,0,0,0,1,G2-07,0.23535200000000001,Dju1
G3-07,M,S,Djurskog 2,Djurskog_0506,6623815,1282236,2005,2006,censor,NA,0,NA,0.28,1.21,0.35,6.01,221.878,32.786,176.213,0.358,1765,Årjäng,S,8.615,1,1,0,77.20707071,6,NA,432.9,0.609128885,0.487326275,0,0.00179,0,0,0,0,0,0,0,0,0,0.03954,0,0.00261,0.01002,0.01806,0,0.80069,0.01273,0,0,0.01803,0,0,0,0,0.00027,0.04187,0,0,0,0.05439,0,0,0,1,G3-07,0.26953100000000002,Ny5
M-05-05,M,S,Forshyttan,Forshyttan_0405,6626241,1395573,2005,2006,censor,NA,1,NA,0.31,1.2,0.53,8.13,218.377,36.132,175.619,0.342,1782,Filipstad,S,25.82,0,0,0,81.515625,6,NA,4.6,0.408949792,0.404284678,0,0.00759,0.00166,0,0,0,0.00095,0,0,0,0.00114,0.02634,0,0.00092,0.00254,0.00848,0.00296,0.72499,0.0492,0,0,0.07382,0,0,0,0,0.00126,0.02565,0,0,0,0.07251,0,0,0,1,M-05-05,0.296875,Fil2
M-05-09,F,S,Forshyttan,Furudal_0405,6787748,1468038,2005,2006,illegal,NA,1,NA,0.17,1.09,0.19,4.85,299.31,23.087,170.871,0.131,2031,Rättvik,S,4.8,0,3,0,78.52083333,6,NA,3.5,0.554894455,0.443853088,0,0.00304,0.00025,0,0,0,0.00048,0,0,0,0.00073,0.00858,0,0.00194,0.00031,0.00661,0.00035,0.70989,0.01879,0,0,0.11948,0,0,0,0,0.00057,0.0664,0,0,0,0.06257,0,0,0,1,M-05-09,0.28125,Fil
M-06-10,F,S,Gräsmark 1,Gräsmark_0506,6681556,1314118,2005,2006,NA,NA,1,NA,0.4,1.87,0.03,5.54,317.851,33.164,175.054,0.397,402,Kongsvinger,N,10.421,1,1,0,82.36363636,6,NA,4460.6,0.426401411,0.170580861,0,0.00029,0,0,0,0,0,0,0,0,0,0.00066,0,0,0.00283,0.00859,0.00192,0.80063,0.01456,0,0,0.07287,0,0,0,0,0,0.04646,0,0,0.00031,0.05089,0,0,0,1,M-06-10,0.296875,Grå
M-06-11,M,S,Gräsmark 1,Gräsmark_0506,6681556,1314118,2005,2006,NA,NA,1,NA,0.4,1.87,0.03,5.54,317.851,33.164,175.054,0.397,402,Kongsvinger,N,10.421,1,1,0,82.36363636,6,NA,4460.6,0.426401411,0.170580861,0,0.00029,0,0,0,0,0,0,0,0,0,0.00066,0,0,0.00283,0.00859,0.00192,0.80063,0.01456,0,0,0.07287,0,0,0,0,0,0.04646,0,0,0.00031,0.05089,0,0,0,1,M-06-11,0.1875,Fur
M-02-06,F,S,Halgån 1,Halgån_0506,6689613,1375575,2005,2006,NA,NA,1,NA,0.27,0.9,0.19,4.98,313.354,32.505,177.123,0.333,1783,Hagfors,S,4.333,0,5,0,80.41919192,6,NA,3.8,0.543443419,0.387019783,0,0.00135,0.00026,0,0,0,0,0,0,0,0,0.01821,0,0,0.00174,0.0029,0.00198,0.71273,0.02187,0,0,0.09689,0,0,0,0,0.00121,0.07634,0,0,0.00684,0.0577,0,0,0,1,M-02-06,0.26953100000000002,Ny5
M-04-01,M,S,Halgån 1,Halgån_0506,6689613,1375575,2005,2006,illegal,NA,1,NA,0.27,0.9,0.19,4.98,313.354,32.505,177.123,0.333,1783,Hagfors,S,4.333,0,5,0,80.41919192,6,NA,3.8,0.543443419,0.387019783,0,0.00135,0.00026,0,0,0,0,0,0,0,0,0.01821,0,0,0.00174,0.0029,0.00198,0.71273,0.02187,0,0,0.09689,0,0,0,0,0.00121,0.07634,0,0,0.00684,0.0577,0,0,0,1,M-04-01,0.1875,Fur
D-06-16,F,S,Hasselfors 2,Hasselfors_0506,6541991,1418433,2005,2006,other,NA,0,trauma,0.39,1.28,0.66,7.94,114.872,36.645,183.755,0.157,1860,Laxå,S,19.562,0,1,0,64.29310345,6,NA,3.4,0.504228591,0.442390041,0,0.00879,0.00109,0,0,0,0.00054,0,0,0.00025,0.00131,0.07624,0,0.00184,0.00357,0.01162,0.01318,0.52921,0.08835,0,0,0.04044,0,0,0,0,0.00717,0.03511,0,0,0.00249,0.17881,0,0,0,1,D-06-16,0.30468800000000001,Has1
M-01-05,M,S,Hasselfors 2,Hasselfors_0506,6541991,1418433,2005,2006,other,NA,1,skeleton found,0.39,1.28,0.66,7.94,114.872,36.645,183.755,0.157,1860,Laxå,S,19.562,0,1,0,64.29310345,6,NA,3.4,0.504228591,0.442390041,0,0.00879,0.00109,0,0,0,0.00054,0,0,0.00025,0.00131,0.07624,0,0.00184,0.00357,0.01162,0.01318,0.52921,0.08835,0,0,0.04044,0,0,0,0,0.00717,0.03511,0,0,0.00249,0.17881,0,0,0,1,M-01-05,0.125,Hag2
M-05-08,M,S,Jangen 3,Jangen_0506,6666408,1363524,2005,2006,NA,NA,1,NA,0.32,1.2,0.35,6.29,215.064,36.474,178.669,0.407,1783,Hagfors,S,6.967,0,2,0,78.91666667,6,NA,4,0.541992987,0.320807474,0,0.00621,0.00026,0,0,0.00119,0,0,0,0,0.00028,0.05674,0,0.00079,0.00509,0.01744,0.00361,0.72335,0.01213,0,0,0.05997,0,0,0,0,0.00063,0.02245,0,0,0.00919,0.08069,0,0,0,1,M-05-08,0.125,Hag2
M-06-05,F,S,Jangen 3,Jangen_0506,6666408,1363524,2005,2006,NA,NA,1,NA,0.32,1.2,0.35,6.29,215.064,36.474,178.669,0.407,1783,Hagfors,S,6.967,0,2,0,78.91666667,6,NA,4,0.541992987,0.320807474,0,0.00621,0.00026,0,0,0.00119,0,0,0,0,0.00028,0.05674,0,0.00079,0.00509,0.01744,0.00361,0.72335,0.01213,0,0,0.05997,0,0,0,0,0.00063,0.02245,0,0,0.00919,0.08069,0,0,0,1,M-06-05,0.26953100000000002,Ny5
M-06-06,M,S,Juvberget 1,Juvberget_0506,6758828,1313654,2005,2006,NA,NA,1,NA,0.2,1.16,0,5.01,421.269,18.449,170.099,0.18,1737,Torsby,S,6.751,1,2,0,83.5,6,NA,2977.5,0.6038609,0.448914847,0,0.00083,0,0,0,0,0,0,0,0,0.00061,0,0,0.00048,0,0.00146,0.00169,0.59585,0.06043,0,0,0.13215,0,0,0,0,0,0.17725,0,0,0.00183,0.02742,0,0,0,1,M-06-06,0.28125,Fil
M-05-10,F,S,Juvberget 1,Juvberget_0506,6758828,1313654,2005,2006,NA,NA,1,NA,0.2,1.16,0,5.01,421.269,18.449,170.099,0.18,1737,Torsby,S,6.751,1,2,0,83.5,6,NA,2977.5,0.6038609,0.448914847,0,0.00083,0,0,0,0,0,0,0,0,0.00061,0,0,0.00048,0,0.00146,0.00169,0.59585,0.06043,0,0,0.13215,0,0,0,0,0,0.17725,0,0,0.00183,0.02742,0,0,0,1,M-05-10,0.21875,Tyn
G6-03,M,N,Julussa 3,Julussa_0506,6789790,1271964,2005,2006,Illegal,NA,0,NA,0.24,1.24,0.57,6.7,436.464,20.028,178.195,0.2,429,Åmot,N,5.551,1,0,0,84.81770833,6,NA,7169,0.52504952,0.409561268,0,0.00162,0.00105,0,0,0,0,0,0,0,0.00215,0.00747,0,0,0,0.0149,4.00E-04,0.62809,0,0,0.00193,0.15426,0,0,0.00881,0,0,0.14349,0,0,0.00654,0.02928,0,0,0,1,G6-03,0.26953100000000002,Grav
M-03-05,F,N,Julussa 3,Julussa_0506,6789790,1271964,2005,2006,NA,NA,1,NA,0.24,1.24,0.57,6.7,436.464,20.028,178.195,0.2,429,Åmot,N,5.551,1,0,0,84.81770833,6,NA,7169,0.52504952,0.409561268,0,0.00162,0.00105,0,0,0,0,0,0,0,0.00215,0.00747,0,0,0,0.0149,4.00E-04,0.62809,0,0,0.00193,0.15426,0,0,0.00881,0,0,0.14349,0,0,0.00654,0.02928,0,0,0,1,M-03-05,0.26953100000000002,Ny5
G7-03,F,S,Kilsbergen,Kilsbergen_0506,6591482,1439657,2005,2006,NA,NA,0,NA,0.42,1.26,1.08,10.28,192.254,32.724,178.073,0.217,1884,Nora,S,34.65,0,0,0,81.921875,6,NA,3.7,0.494393093,0.422335434,0,0.01228,0.00572,0,0,6.00E-04,0.00036,0,0,0.00353,0.00151,0.03632,0,0.00172,0.00523,0.00653,0.00472,0.70342,0.0877,0,0,0.02792,0,0,0,0.00028,0,0.02693,0,0,0.00206,0.07317,0,0,0,1,G7-03,0.1875,Ock1
M-05-04,M,S,Kilsbergen,Kilsbergen_0506,6591482,1439657,2005,2006,NA,NA,1,NA,0.42,1.26,1.08,10.28,192.254,32.724,178.073,0.217,1884,Nora,S,34.65,0,0,0,81.921875,6,NA,3.7,0.494393093,0.422335434,0,0.01228,0.00572,0,0,6.00E-04,0.00036,0,0,0.00353,0.00151,0.03632,0,0.00172,0.00523,0.00653,0.00472,0.70342,0.0877,0,0,0.02792,0,0,0,0.00028,0,0.02693,0,0,0.00206,0.07317,0,0,0,1,M-05-04,0.26953100000000002,Grav
D-08-15/G27-06,M,S,Kroppefjäll 2,Kroppefjäll_0506,6510987,1289974,2005,2006,NA,NA,0,NA,0.52,1.26,0.71,9.22,126.902,40.267,175.876,0.295,1439,Färgelanda,S,22.98,0,1,0,57.59090909,6,NA,2.6,0.485139127,0.368496948,0,0.00997,0.00043,0,0,0,3.00E-04,0,0,0,0.00044,0.2887,0,0.0024,0.00228,0.03657,0.03294,0.46952,0.06191,0,0,0.02491,0,0,0,0,0.00201,0.03156,0,0,0,0.03606,0,0,0,1,D-08-15,0.26953100000000002,Ny5
G15-05,F,S,Kroppefjäll 2,Kroppefjäll_0506,6510987,1289974,2005,2006,NA,NA,0,NA,0.52,1.26,0.71,9.22,126.902,40.267,175.876,0.295,1439,Färgelanda,S,22.98,0,1,0,57.59090909,6,NA,2.6,0.485139127,0.368496948,0,0.00997,0.00043,0,0,0,3.00E-04,0,0,0,0.00044,0.2887,0,0.0024,0.00228,0.03657,0.03294,0.46952,0.06191,0,0,0.02491,0,0,0,0,0.00201,0.03156,0,0,0,0.03606,0,0,0,1,G15-05,0.296875,Gla1
G18-07,M,N,Kynna 1,Kynna_0506,6754786,1295227,2005,2006,NA,NA,0,NA,0.21,1.41,0.15,5.53,389.456,21.72,175.361,0.195,426,Våler,N,7.867,1,1,0,83.76041667,6,NA,6982.7,0.579481067,0.306633919,0,0,0,0,0,0,0,0,0,0,0,0.01867,0,0,0,0.00797,0,0.57248,0.00696,0,0,0.19322,0,0,0.0025,0,0,0.18513,0,0,0,0.01308,0,0,0,1,G18-07,0.31445299999999998,Sta
M-07-04,F,N,Kynna 1,Kynna_0506,6754786,1295227,2005,2006,NA,NA,1,NA,0.21,1.41,0.15,5.53,389.456,21.72,175.361,0.195,426,Våler,N,7.867,1,1,0,83.76041667,6,NA,6982.7,0.579481067,0.306633919,0,0,0,0,0,0,0,0,0,0,0,0.01867,0,0,0,0.00797,0,0.57248,0.00696,0,0,0.19322,0,0,0.0025,0,0,0.18513,0,0,0,0.01308,0,0,0,1,M-07-04,0.39843800000000001,DE2
D-06-14,F,S,Likenäs,Likenäs_0506,6717116,1362096,2005,2006,other,NA,0,"traffic, car killed",0.23,0.75,0.15,3.76,376.699,23.551,174.862,0.226,1737,Torsby,S,2.85,0,3,0,81.69791667,6,NA,3.7,0.417038848,0.210660537,0,0.00271,0,0,0,0,0,0,0,0,0,0.00568,0,0,0.00671,0.00152,0.00128,0.72259,0.03396,0,0,0.04058,0,0,0,0,0.00169,0.15708,0,0,0.00496,0.02125,0,0,0,1,D-06-14,0.26074199999999997,Kil1
G2-06,M,S,Likenäs,Likenäs_0506,6717116,1362096,2005,2006,censor,NA,0,NA,0.23,0.75,0.15,3.76,376.699,23.551,174.862,0.226,1737,Torsby,S,2.85,0,3,0,81.69791667,6,NA,3.7,0.417038848,0.210660537,0,0.00271,0,0,0,0,0,0,0,0,0,0.00568,0,0,0.00671,0.00152,0.00128,0.72259,0.03396,0,0,0.04058,0,0,0,0,0.00169,0.15708,0,0,0.00496,0.02125,0,0,0,1,G2-06,0.30224600000000001,Utt
D-07-10,M,S,Långsjön 1,Långsjön_0506,6747065,1483819,2005,2006,NA,NA,0,NA,0.28,0.99,0.79,6.83,271.451,23.131,175.305,0.175,2029,Leksand,S,15.033,0,1,0,81.875,6,NA,3.1,0.261499017,0.105317765,0,0.00769,0.00028,0,0,0,0,0,0,0,0,0.01335,0,0.00147,0.00708,0.01106,0.00078,0.77829,0.03348,0,0,0.0499,0,0,0,0,0,0.01206,0,0,0,0.08455,0,0,0,1,D-07-10,0.21972700000000001,Amu1
D-07-23,F,S,Långsjön 1,Långsjön_0506,6747065,1483819,2005,2006,NA,NA,0,NA,0.28,0.99,0.79,6.83,271.451,23.131,175.305,0.175,2029,Leksand,S,15.033,0,1,0,81.875,6,NA,3.1,0.261499017,0.105317765,0,0.00769,0.00028,0,0,0,0,0,0,0,0,0.01335,0,0.00147,0.00708,0.01106,0.00078,0.77829,0.03348,0,0,0.0499,0,0,0,0,0,0.01206,0,0,0,0.08455,0,0,0,1,D-07-23,0.21972700000000001,Amu1
G3-05,M,S,Lövsjön 1,Lövsjön_0506,6695398,1430496,2005,2006,NA,NA,0,NA,0.23,1.25,0.3,5.83,303.474,33.398,176.465,0.29,2021,Vansbro,S,11.6,0,0,0,79.20707071,6,NA,3.1,0.430211383,0.174151691,0,0.00249,0,0,0,0,0.00026,0,0,0,0,0.0109,0,0,0.00178,0.00096,0.00653,0.7168,0.03943,0,0,0.10849,0,0,0,0,0.00122,0.04899,0,0,0.00481,0.05734,0,0,0,1,G3-05,0.25683600000000001,Julu1
G4-05,F,S,Lövsjön 1,Lövsjön_0506,6695398,1430496,2005,2006,NA,NA,0,NA,0.23,1.25,0.3,5.83,303.474,33.398,176.465,0.29,2021,Vansbro,S,11.6,0,0,0,79.20707071,6,NA,3.1,0.430211383,0.174151691,0,0.00249,0,0,0,0,0.00026,0,0,0,0,0.0109,0,0,0.00178,0.00096,0.00653,0.7168,0.03943,0,0,0.10849,0,0,0,0,0.00122,0.04899,0,0,0.00481,0.05734,0,0,0,1,G4-05,0.25683600000000001,Julu1
D-05-23,M,S,Naggen 1,Naggen_0506,6914594,1504602,2005,2006,legal,NA,0,NA,0.16,0.99,0.48,4.88,384.132,22.436,173.903,0.153,2260,Ånge,S,7.275,0,0,1,NA,6,NA,3.9,0.470187629,0.188075052,0,0.00041,0,0,0,0,0,0,0,2.00E-04,3.00E-04,0.00072,0,0.00059,0.00052,0.00156,0.00202,0.59958,0.11225,0,0,0.18957,0,0,0,0,0.00124,0.05105,0,0,0,0.03998,0,0,0,1,D-05-23,0.234375,Årj
G17-05,F,S,Naggen 1,Naggen_0506,6914594,1504602,2005,2006,NA,NA,0,NA,0.16,0.99,0.48,4.88,384.132,22.436,173.903,0.153,2260,Ånge,S,7.275,0,0,1,NA,6,NA,3.9,0.470187629,0.188075052,0,0.00041,0,0,0,0,0,0,0,2.00E-04,3.00E-04,0.00072,0,0.00059,0.00052,0.00156,0.00202,0.59958,0.11225,0,0,0.18957,0,0,0,0,0.00124,0.05105,0,0,0,0.03998,0,0,0,1,G17-05,0.28125,Fil
M-00-07,M,S,Nyskoga 5,Nyskoga_0506,6708028,1345391,2005,2006,NA,NA,1,NA,0.26,1,0.27,4.01,313.915,22.094,172.697,0.237,1737,Torsby,S,3.1,0,3,0,82.66666667,6,NA,4,0.484682491,0.415559035,0,0.00299,0,0,0,0,0,0,0,0,0,0.00667,0,0,0.00893,0.00306,0.00064,0.83471,0.01624,0,0,0.05474,0,0,0,0,0.00058,0.04495,0,0,0.00473,0.02177,0,0,0,1,M-00-07,0.125,Hag2
M-00-08,F,S,Nyskoga 5,Nyskoga_0506,6708028,1345391,2005,2006,NA,NA,1,NA,0.26,1,0.27,4.01,313.915,22.094,172.697,0.237,1737,Torsby,S,3.1,0,3,0,82.66666667,6,NA,4,0.484682491,0.415559035,0,0.00299,0,0,0,0,0,0,0,0,0,0.00667,0,0,0.00893,0.00306,0.00064,0.83471,0.01624,0,0,0.05474,0,0,0,0,0.00058,0.04495,0,0,0.00473,0.02177,0,0,0,1,M-00-08,0.234375,Årj
G3-03,F,S,Ockelbo 1,Ockelbo_0506,6771719,1536662,2005,2006,NA,NA,0,NA,0.22,1.31,0.64,6.38,222.28,28.486,158.197,0.205,2183,Bollnäs,S,15,0,1,0,84.41666667,6,NA,2.7,0.534855921,0.437998935,0,0.00343,0,0,0,0,0.00043,0,0,0,0,0.03829,0,0.00043,0.00031,3.00E-04,0.0056,0.72986,0.02266,0,0,0.13025,0,0,0,0,0.00088,0.0205,0,0,0,0.04705,0,0,0,1,G3-03,0,Gh
M-09-10,M,S,Ockelbo 1,Ockelbo_0506,6771719,1536662,2005,2006,NA,NA,1,NA,0.22,1.31,0.64,6.38,222.28,28.486,158.197,0.205,2183,Bollnäs,S,15,0,1,0,84.41666667,6,NA,2.7,0.534855921,0.437998935,0,0.00343,0,0,0,0,0.00043,0,0,0,0,0.03829,0,0.00043,0.00031,3.00E-04,0.0056,0.72986,0.02266,0,0,0.13025,0,0,0,0,0.00088,0.0205,0,0,0,0.04705,0,0,0,1,M-09-10,0.234375,Årj
M-00-09,M,S,Rotna 1,Rotna_0506,6716550,1311310,2005,2006,illegal,NA,1,NA,0.42,2.05,0.05,5.18,359.292,19.136,188.132,0.183,423,Grue,N,8.388,1,2,0,82.93229167,6,NA,6208.9,0.492589343,0.317310962,0,0.00089,0.00019,0,0,0,0,0,0,0,0.00044,0.04323,0,0,0,0.0032,0.00108,0.70815,0.01654,0,0,0.09696,0,0,0,0,0,0.07631,0,0,0.00323,0.04977,0,0,0,1,M-00-09,0.125,Fre
M-06-07,F,S,Rotna 1,Rotna_0506,6716550,1311310,2005,2006,illegal,1,1,NA,0.42,2.05,0.05,5.18,359.292,19.136,188.132,0.183,423,Grue,N,8.388,1,2,0,82.93229167,6,NA,6208.9,0.492589343,0.317310962,0,0.00089,0.00019,0,0,0,0,0,0,0,0.00044,0.04323,0,0,0,0.0032,0.00108,0.70815,0.01654,0,0,0.09696,0,0,0,0,0,0.07631,0,0,0.00323,0.04977,0,0,0,1,M-06-07,0.26953100000000002,Ny5
D-10-20,F,S,Siljansringen 1,Siljansringen_0506,6778843,1453545,2005,2006,NA,NA,0,NA,0.23,1.1,0.25,4.62,284.657,23.461,177.643,0.112,2034,Orsa,S,5.567,0,1,0,80.91414141,6,NA,3.1,0.530487467,0.279424661,0,0.01001,0.00025,0,0,0.00115,5.00E-04,0,0,0.00022,0.00073,0.01781,0,0.00523,0.01249,0.00661,0.00028,0.73074,0.02732,0,0,0.05695,0,0,0,0,0,0.08687,0,0,0.00065,0.04221,0,0,0,1,D-10-20,0.1875,Fur
M12-05/G9-05,M,S,Siljansringen 1,Siljansringen_0506,6778843,1453545,2005,2006,NA,NA,1,NA,0.23,1.1,0.25,4.62,284.657,23.461,177.643,0.112,2034,Orsa,S,5.567,0,1,0,80.91414141,6,NA,3.1,0.530487467,0.279424661,0,0.01001,0.00025,0,0,0.00115,5.00E-04,0,0,0.00022,0.00073,0.01781,0,0.00523,0.01249,0.00661,0.00028,0.73074,0.02732,0,0,0.05695,0,0,0,0,0,0.08687,0,0,0.00065,0.04221,0,0,0,1,G9-05,0.1875,Ock1
D-06-12,M,S,Svartbo,Svartbo_0506,6790643,1519725,2005,2006,legal,NA,0,NA,0.31,1.21,1.38,8.13,237.389,28.15,165.951,0.197,2183,Bollnäs,S,10.35,0,2,0,81.38020833,6,NA,2.7,0.518231704,0.286979782,0,0.01075,0.00033,0,0,0,0,0.00027,0,0.00039,0.00067,0.07774,0,0.00028,0.00076,0.00107,0.00141,0.68657,0.02483,0,0,0.10058,0,0,0,0,0.00062,0.0273,0,0,0,0.06643,0,0,0,1,D-06-12,0.21972700000000001,Amu1
D-06-13,F,S,Svartbo,Svartbo_0506,6790643,1519725,2005,2006,legal,NA,0,NA,0.31,1.21,1.38,8.13,237.389,28.15,165.951,0.197,2183,Bollnäs,S,10.35,0,2,0,81.38020833,6,NA,2.7,0.518231704,0.286979782,0,0.01075,0.00033,0,0,0,0,0.00027,0,0.00039,0.00067,0.07774,0,0.00028,0.00076,0.00107,0.00141,0.68657,0.02483,0,0,0.10058,0,0,0,0,0.00062,0.0273,0,0,0,0.06643,0,0,0,1,D-06-13,0.1875,Fur
M-06-02,F,S,Ulriksberg 2,Ulriksberg_0506,6646689,1436889,2005,2006,NA,NA,1,NA,0.31,1.22,0.36,6.55,259.668,32.796,173.665,0.296,1863,Hällefors,S,10.25,0,0,0,82.390625,6,NA,3.6,0.250072681,0.209444988,0,0.00344,0.00028,0,0,0,0.00035,0.00041,0,0,0,0.00022,0,0.00026,0.00034,0.00323,0.00096,0.7694,0.03284,0,0,0.06922,0,0,0,0,0.00056,0.03672,0,0,0.00049,0.08128,0,0,0,1,M-06-02,0.23877000000000001,Hlg1
M-98-04,M,S,Ulriksberg 2,Ulriksberg_0506,6646689,1436889,2005,2006,NA,NA,1,NA,0.31,1.22,0.36,6.55,259.668,32.796,173.665,0.296,1863,Hällefors,S,10.25,0,0,0,82.390625,6,NA,3.6,0.250072681,0.209444988,0,0.00344,0.00028,0,0,0,0.00035,0.00041,0,0,0,0.00022,0,0.00026,0.00034,0.00323,0.00096,0.7694,0.03284,0,0,0.06922,0,0,0,0,0.00056,0.03672,0,0,0.00049,0.08128,0,0,0,1,M-98-04,0.1875,Le1
M-05-06,M,S,Uttersberg,Uttersberg_0506,6617757,1489711,2005,2006,NA,NA,1,NA,0.38,1.13,0.48,8.03,108.759,39.411,173.649,0.237,1983,Köping,S,26.375,0,0,0,81.265625,6,NA,3.2,0.499264083,0.295748883,0,0.00718,0.00068,0,0,0,0.00052,0,0,0.00044,0.00028,0.07552,0,0.00117,0.01179,0.01417,0.00176,0.65011,0.04518,0,0,0.08162,0,0,0,0.00054,0.00327,0.03729,0,0,0,0.06848,0,0,0,1,M-05-06,0.296875,Fil2
M-06-01,F,S,Uttersberg,Uttersberg_0506,6617757,1489711,2005,2006,NA,NA,1,NA,0.38,1.13,0.48,8.03,108.759,39.411,173.649,0.237,1983,Köping,S,26.375,0,0,0,81.265625,6,NA,3.2,0.499264083,0.295748883,0,0.00718,0.00068,0,0,0,0.00052,0,0,0.00044,0.00028,0.07552,0,0.00117,0.01179,0.01417,0.00176,0.65011,0.04518,0,0,0.08162,0,0,0,0.00054,0.00327,0.03729,0,0,0,0.06848,0,0,0,1,M-06-01,0.26953100000000002,Grav
G6-05,M,S,Voxna 1,Voxna_0506,6813452,1475902,2005,2006,NA,NA,0,NA,0.19,1.13,0.02,4.2,295.702,24.152,172.451,0.176,2121,Ovanåker,S,4.9,0,0,0,83.12121212,6,NA,2.9,0.471086332,0.283544445,0,0.00101,0,0,0,0,0,0,0,0,0,0.00166,0,2.00E-04,0.00094,0.00035,0.00035,0.70919,0.00811,0,0,0.18731,0,0,0,0.00134,0.0023,0.04125,0,0,0.00058,0.04541,0,0,0,1,G6-05,0.39843800000000001,DE2
G7-05,F,S,Voxna 1,Voxna_0506,6813452,1475902,2005,2006,NA,NA,0,NA,0.19,1.13,0.02,4.2,295.702,24.152,172.451,0.176,2121,Ovanåker,S,4.9,0,0,0,83.12121212,6,NA,2.9,0.471086332,0.283544445,0,0.00101,0,0,0,0,0,0,0,0,0,0.00166,0,2.00E-04,0.00094,0.00035,0.00035,0.70919,0.00811,0,0,0.18731,0,0,0,0.00134,0.0023,0.04125,0,0,0.00058,0.04541,0,0,0,1,G7-05,0.1875,Fur
G21-05,M,S,Våmhus 1,Våmhus_0506,6791725,1421038,2005,2006,NA,NA,0,NA,0.25,1.17,0.61,4.71,385.964,27.072,172.349,0.288,2062,Mora,S,4.067,0,1,0,84.07070707,6,NA,3.1,0.250162033,0.100064813,0,0.00758,0.00058,0,0,0,0,0,0,0,0.00152,0.00591,0,0.00306,0.00876,0.00098,0,0.77815,0.02984,0,0,0.11298,0,0,0,0.00038,0,0.01936,0,0,0.00469,0.02621,0,0,0,1,G21-05,0.23877000000000001,Hlg1
G8-05,F,S,Våmhus 1,Våmhus_0506,6791725,1421038,2005,2006,censor,NA,0,NA,0.25,1.17,0.61,4.71,385.964,27.072,172.349,0.288,2062,Mora,S,4.067,0,1,0,84.07070707,6,NA,3.1,0.250162033,0.100064813,0,0.00758,0.00058,0,0,0,0,0,0,0,0.00152,0.00591,0,0.00306,0.00876,0.00098,0,0.77815,0.02984,0,0,0.11298,0,0,0,0.00038,0,0.01936,0,0,0.00469,0.02621,0,0,0,1,G8-05,0.1875,Fur
M-06-09,F,S,Aamäck 1,Aamäck_0607,6668635,1399382,2006,2007,NA,NA,1,NA,0.26,0.98,0.04,5.79,299.351,34.114,175.133,0.325,1783,Hagfors,S,7.68,0,2,0,83.24479167,6,NA,3.7,0.478379765,0.271569845,0,0.00094,2.00E-05,0,0,0,0.00028,0,0,0,0,0.00067,0,0,0,0.00138,0,0.64251,0.02497,0,0,0.17807,0,0,0,0,0.00239,0.04525,0,0,0.00049,0.10303,0,0,0,1,M-06-09,0.26757799999999998,Grä1
M-09-16,M,S,Aamäck 1,Aamäck_0607,6668635,1399382,2006,2007,NA,NA,1,NA,0.26,0.98,0.04,5.79,299.351,34.114,175.133,0.325,1783,Hagfors,S,7.68,0,2,0,83.24479167,6,NA,3.7,0.478379765,0.271569845,0,0.00094,2.00E-05,0,0,0,0.00028,0,0,0,0,0.00067,0,0,0,0.00138,0,0.64251,0.02497,0,0,0.17807,0,0,0,0,0.00239,0.04525,0,0,0.00049,0.10303,0,0,0,1,M-09-16,0.26953100000000002,Ny5
G10-06,F,S,Acksjön,Acksjön_0607,6673006,1381506,2006,2007,NA,NA,0,NA,0.33,1.07,0.82,7.26,250.746,35.782,176.771,0.36,1783,Hagfors,S,5,0,3,0,82.99019608,6,NA,3.8,0.681310779,0.40153333,0,0.00936,0.00134,0,0,0.00119,0.00028,0,0,0,0,0.03094,0,0.00079,0.00198,0.00923,0.00278,0.6411,0.01197,0,0,0.13701,0,0,0,0,0.00238,0.04725,0,0,0.00841,0.09399,0,0,0,1,G10-06,0.23877000000000001,Hlg1
M-09-17,M,S,Acksjön,Acksjön_0607,6673006,1381506,2006,2007,NA,NA,1,NA,0.33,1.07,0.82,7.26,250.746,35.782,176.771,0.36,1783,Hagfors,S,5,0,3,0,82.99019608,6,NA,3.8,0.681310779,0.40153333,0,0.00936,0.00134,0,0,0.00119,0.00028,0,0,0,0,0.03094,0,0.00079,0.00198,0.00923,0.00278,0.6411,0.01197,0,0,0.13701,0,0,0,0,0.00238,0.04725,0,0,0.00841,0.09399,0,0,0,1,M-09-17,0.1875,Fur
M-05-02,M,S,Amungen 1,Amungen_0607,6774606,1498387,2006,2007,illegal,NA,1,NA,0.12,1.01,0,4.74,313.264,24.382,180.669,0.16,2121,Ovanåker,S,13.3,0,1,0,84.47311828,6,NA,2.7,0.50511983,0.402178275,0,0.00032,0,0,0,0,0,0,0,0,0,0.00073,0,0.00053,6.00E-04,0,0.00258,0.66749,0.04912,0,0,0.12262,0,0,0,0,0.00117,0.04142,0,0,0,0.11341,0,0,0,1,M-05-02,0.28125,Fil
M-05-12,F,S,Amungen 1,Amungen_0607,6774606,1498387,2006,2007,NA,NA,1,NA,0.12,1.01,0,4.74,313.264,24.382,180.669,0.16,2121,Ovanåker,S,13.3,0,1,0,84.47311828,6,NA,2.7,0.50511983,0.402178275,0,0.00032,0,0,0,0,0,0,0,0,0,0.00073,0,0.00053,6.00E-04,0,0.00258,0.66749,0.04912,0,0,0.12262,0,0,0,0,0.00117,0.04142,0,0,0,0.11341,0,0,0,1,M-05-12,0.1875,Ock1
G11-06,M,S,Dals Ed 4,Dals Ed-Halden_0607,6543275,1262502,2006,2007,illegal,NA,0,NA,0.38,1.22,0.19,6.71,161.242,36.627,177.524,0.379,1438,Dals-Ed,S,18.05,1,0,0,80.80871212,6,NA,441.9,0.450026469,0.437172057,0,0.00221,0.0037,0,0,0,0.00026,0,0,0.00084,0,0.03508,0,0.00077,0.0025,0.01418,0.00244,0.75915,0.02162,0,0,0.02721,0,6.00E-04,0,0,0,0.0433,0,0,0,0.08102,0,0.00115,0.00399,1,G11-06,0.26953100000000002,Ny5
M-03-07,F,S,Dals Ed 4,Dals Ed-Halden_0607,6543275,1262502,2006,2007,illegal,NA,1,NA,0.38,1.22,0.19,6.71,161.242,36.627,177.524,0.379,1438,Dals-Ed,S,18.05,1,0,0,80.80871212,6,NA,441.9,0.450026469,0.437172057,0,0.00221,0.0037,0,0,0,0.00026,0,0,0.00084,0,0.03508,0,0.00077,0.0025,0.01418,0.00244,0.75915,0.02162,0,0,0.02721,0,6.00E-04,0,0,0,0.0433,0,0,0,0.08102,0,0.00115,0.00399,1,M-03-07,0.234375,Kop1
M-06-10,F,S,Gräsmark 1,Gräsmark_0607,6681841,1319584,2006,2007,NA,NA,1,NA,0.35,1.63,0.05,4.99,308.248,33.311,170.645,0.399,1737,Torsby,S,10.431,1,0,0,84.83854167,6,NA,3169.3,0.479919592,0.27919084,0,0.00123,0,0,0,0,0,0,0,0,0,0.00444,0,0,0.00464,0.00564,0.00192,0.79808,0.01713,0,0,0.08012,0,0,0,0,0,0.03696,0,0,0,0.04984,0,0,0,1,M-06-10,0.296875,Grå
M-06-11,M,S,Gräsmark 1,Gräsmark_0607,6681841,1319584,2006,2007,NA,NA,1,NA,0.35,1.63,0.05,4.99,308.248,33.311,170.645,0.399,1737,Torsby,S,10.431,1,0,0,84.83854167,6,NA,3169.3,0.479919592,0.27919084,0,0.00123,0,0,0,0,0,0,0,0,0,0.00444,0,0,0.00464,0.00564,0.00192,0.79808,0.01713,0,0,0.08012,0,0,0,0,0,0.03696,0,0,0,0.04984,0,0,0,1,M-06-11,0.1875,Fur
G31-06,F,S,Görsjön,Görsjön_0607,6737541,1418675,2006,2007,NA,NA,0,NA,0.17,1.14,0.22,4.73,338.913,29.803,173.956,0.267,2062,Mora,S,6.7,0,0,0,83.875,6,NA,2.8,0.250089293,0.100035717,0,0.00129,0,0,0,0,0,0,0,0,0,0,0,0,0,0,0.00052,0.75696,0.01727,0,0,0.10908,0,0,0,0,0.00188,0.03954,0,0,0.00033,0.07313,0,0,0,1,G31-06,0.23535200000000001,Dju1
M-06-03,M,S,Görsjön,Görsjön_0607,6737541,1418675,2006,2007,NA,NA,1,NA,0.17,1.14,0.22,4.73,338.913,29.803,173.956,0.267,2062,Mora,S,6.7,0,0,0,83.875,6,NA,2.8,0.250089293,0.100035717,0,0.00129,0,0,0,0,0,0,0,0,0,0,0,0,0,0,0.00052,0.75696,0.01727,0,0,0.10908,0,0,0,0,0.00188,0.03954,0,0,0.00033,0.07313,0,0,0,1,M-06-03,0.30224600000000001,Utt
G39-07,M,S,Halgån 2,Halgån_0607,6697857,1377989,2006,2007,NA,NA,0,NA,0.24,0.83,0,4.57,348.951,30.283,175.876,0.302,1783,Hagfors,S,4.35,0,2,0,82.203125,6,NA,3.4,0.595922993,0.432842102,0,2.00E-04,0,0,0,0,0,0,0,0,0,0.0082,0,0,0.00138,0.00154,0.00196,0.69624,0.03369,0,0,0.07641,0,0,0,0,0.00105,0.12521,0,0,0.00471,0.04943,0,0,0,1,G39-07,0.23877000000000001,Hlg1
M-02-06,F,S,Halgån 2,Halgån_0607,6697857,1377989,2006,2007,NA,NA,1,NA,0.24,0.83,0,4.57,348.951,30.283,175.876,0.302,1783,Hagfors,S,4.35,0,2,0,82.203125,6,NA,3.4,0.595922993,0.432842102,0,2.00E-04,0,0,0,0,0,0,0,0,0,0.0082,0,0,0.00138,0.00154,0.00196,0.69624,0.03369,0,0,0.07641,0,0,0,0,0.00105,0.12521,0,0,0.00471,0.04943,0,0,0,1,M-02-06,0.26953100000000002,Ny5
D-08-20,M,S,Hasselfors 3,Hasselfors_0607,6552998,1420314,2006,2007,NA,NA,0,NA,0.34,1.34,1.08,9.34,109.954,36.654,182.986,0.168,1862,Degerfors,S,20.75,0,0,0,75.81666667,6,NA,3.4,0.433478372,0.452450105,0,0.01115,0.00252,0,0,0,0.00027,0,0,0.00052,0.00051,0.07946,0,0.00337,0.00324,0.00577,0.00977,0.52949,0.08799,0,0,0.05409,0,0,0,0,0.00512,0.04477,0,0,0.00358,0.15838,0,0,0,1,D-08-20,0.32421899999999998,Julu3
G37-07,F,S,Hasselfors 3,Hasselfors_0607,6552998,1420314,2006,2007,NA,NA,0,NA,0.34,1.34,1.08,9.34,109.954,36.654,182.986,0.168,1862,Degerfors,S,20.75,0,0,0,75.81666667,6,NA,3.4,0.433478372,0.452450105,0,0.01115,0.00252,0,0,0,0.00027,0,0,0.00052,0.00051,0.07946,0,0.00337,0.00324,0.00577,0.00977,0.52949,0.08799,0,0,0.05409,0,0,0,0,0.00512,0.04477,0,0,0.00358,0.15838,0,0,0,1,G37-07,0.43359399999999998,Has2
M-05-08,M,S,Jangen 3,Jangen_0607,6659392,1362597,2006,2007,legal,NA,1,NA,0.33,1.2,0.49,7.08,203.764,36.943,175.747,0.428,1783,Hagfors,S,12.125,0,1,0,80.953125,6,NA,3.9,0.49669296,0.390225165,0,0.00475,0.00026,0,0,0.00119,0,0,0,0,0.00076,0.07027,0,0.00393,0.00611,0.01841,0.00369,0.71188,0.02184,0,0,0.04564,0,0,0,0,0.00063,0.01383,0,0,0.00796,0.08886,0,0,0,1,M-05-08,0.125,Hag2
M-06-05,F,S,Jangen 3,Jangen_0607,6659392,1362597,2006,2007,NA,NA,1,NA,0.33,1.2,0.49,7.08,203.764,36.943,175.747,0.428,1783,Hagfors,S,12.125,0,1,0,80.953125,6,NA,3.9,0.49669296,0.390225165,0,0.00475,0.00026,0,0,0.00119,0,0,0,0,0.00076,0.07027,0,0.00393,0.00611,0.01841,0.00369,0.71188,0.02184,0,0,0.04564,0,0,0,0,0.00063,0.01383,0,0,0.00796,0.08886,0,0,0,1,M-06-05,0.26953100000000002,Ny5
D-07-15,M,N,Julussa 4,Julussa_0607,6787069,1270101,2006,2007,legal,NA,0,NA,0.24,1.25,0.6,6.89,429.92,20.373,178.572,0.209,429,Åmot,N,5.564,1,0,0,84.08823529,6,NA,7264,0.492218161,0.513765594,0,0.00162,0.00105,0,0,0,0,0,0,0,0.00215,0.00976,0,0,0.00038,0.01718,0.00075,0.64985,0.00051,0,0.00253,0.16339,0,0,0.00881,0,0,0.12667,0,0,0.00816,0.00717,0,0,0,1,D-07-15,0.25683600000000001,Julu1
M-03-05,F,N,Julussa 4,Julussa_0607,6787069,1270101,2006,2007,NA,NA,1,NA,0.24,1.25,0.6,6.89,429.92,20.373,178.572,0.209,429,Åmot,N,5.564,1,0,0,84.08823529,6,NA,7264,0.492218161,0.513765594,0,0.00162,0.00105,0,0,0,0,0,0,0,0.00215,0.00976,0,0,0.00038,0.01718,0.00075,0.64985,0.00051,0,0.00253,0.16339,0,0,0.00881,0,0,0.12667,0,0,0.00816,0.00717,0,0,0,1,M-03-05,0.26953100000000002,Ny5
M-06-06,M,S,Juvberget 1,Juvberget_0607,6757766,1314253,2006,2007,NA,NA,1,NA,0.21,1.15,0,5.02,417.836,18.525,171.346,0.181,1737,Torsby,S,6.755,1,2,0,86.99494949,6,NA,2820.8,0.597101242,0.482997223,0,0.00083,0,0,0,0,0,0,0,0,0.00061,1.00E-05,0,0.00048,0,0.00187,0.00171,0.59913,0.06522,0,0,0.13258,0,0,0,0,0,0.16802,0,0,0.00205,0.0275,0,0,0,1,M-06-06,0.28125,Fil
M-05-10,F,S,Juvberget 1,Juvberget_0607,6757766,1314253,2006,2007,NA,NA,1,NA,0.21,1.15,0,5.02,417.836,18.525,171.346,0.181,1737,Torsby,S,6.755,1,2,0,86.99494949,6,NA,2820.8,0.597101242,0.482997223,0,0.00083,0,0,0,0,0,0,0,0,0.00061,1.00E-05,0,0.00048,0,0.00187,0.00171,0.59913,0.06522,0,0,0.13258,0,0,0,0,0,0.16802,0,0,0.00205,0.0275,0,0,0,1,M-05-10,0.21875,Tyn
G7-03,F,S,Kilsbergen,Kilsbergen_0607,6592190,1437934,2006,2007,NA,NA,0,NA,0.43,1.28,1.05,10.24,193.155,32.708,179.045,0.218,1884,Nora,S,34.8,0,1,0,75.13020833,6,NA,3.3,0.546734322,0.542056521,0,0.01192,0.00565,0,0,0.00063,0.00036,0,0,0.00364,0.00152,0.03992,0,0.00124,0.00523,0.00505,0.00442,0.69595,0.08312,0,0,0.02963,0,0,0,0.00028,0,0.02708,0,0,0.00206,0.0823,0,0,0,1,G7-03,0.1875,Ock1
M-05-04,M,S,Kilsbergen,Kilsbergen_0607,6592190,1437934,2006,2007,NA,NA,1,NA,0.43,1.28,1.05,10.24,193.155,32.708,179.045,0.218,1884,Nora,S,34.8,0,1,0,75.13020833,6,NA,3.3,0.546734322,0.542056521,0,0.01192,0.00565,0,0,0.00063,0.00036,0,0,0.00364,0.00152,0.03992,0,0.00124,0.00523,0.00505,0.00442,0.69595,0.08312,0,0,0.02963,0,0,0,0.00028,0,0.02708,0,0,0.00206,0.0823,0,0,0,1,M-05-04,0.26953100000000002,Grav
G13-07,M,S,Korsån 1,Korsån_0607,6717164,1515666,2006,2007,NA,NA,0,NA,0.26,1.44,1.19,8.75,195.485,28.753,177.808,0.205,2083,Hedemora,S,24.08,0,0,0,81.3047619,6,NA,2.8,0.250100918,0.100040367,0,0.01165,0.00232,0,0,0,0,0,0,0.00032,0.00108,0.03517,0,0,0.00318,0.00589,0.00047,0.70704,0.0208,0,0,0.11719,0,0,0,0,0,0.00287,0,0,0.00018,0.09184,0,0,0,1,G13-07,0.1875,Fur
M-05-11,F,S,Korsån 1,Korsån_0607,6717164,1515666,2006,2007,NA,NA,1,NA,0.26,1.44,1.19,8.75,195.485,28.753,177.808,0.205,2083,Hedemora,S,24.08,0,0,0,81.3047619,6,NA,2.8,0.250100918,0.100040367,0,0.01165,0.00232,0,0,0,0,0,0,0.00032,0.00108,0.03517,0,0,0.00318,0.00589,0.00047,0.70704,0.0208,0,0,0.11719,0,0,0,0,0,0.00287,0,0,0.00018,0.09184,0,0,0,1,M-05-11,0.21972700000000001,Amu1
D-08-15/G27-06,M,S,Kroppefjäll 2,Kroppefjäll_0607,6507329,1289757,2006,2007,NA,NA,0,NA,0.51,1.27,0.78,9.52,118.537,40.423,176.232,0.282,1461,Mellerud,S,22.92,0,0,0,72.18627451,6,NA,2.3,0.490621621,0.479229808,0,0.01014,1.00E-04,0,0,0,3.00E-04,0,0,0,3.00E-04,0.33143,0,0.0038,0.00287,0.03661,0.02956,0.43544,0.06203,0,0,0.02206,0,0,0,0,0.002,0.03066,0,0,0,0.03269,0,0,0,1,D-08-15,0.26953100000000002,Ny5
G15-05,F,S,Kroppefjäll 2,Kroppefjäll_0607,6507329,1289757,2006,2007,illegal,NA,0,NA,0.51,1.27,0.78,9.52,118.537,40.423,176.232,0.282,1461,Mellerud,S,22.92,0,0,0,72.18627451,6,NA,2.3,0.490621621,0.479229808,0,0.01014,1.00E-04,0,0,0,3.00E-04,0,0,0,3.00E-04,0.33143,0,0.0038,0.00287,0.03661,0.02956,0.43544,0.06203,0,0,0.02206,0,0,0,0,0.002,0.03066,0,0,0,0.03269,0,0,0,1,G15-05,0.296875,Gla1
M-07-04,F,N,Kynna 1,Kynna_0607,6749465,1297224,2006,2007,illegal,1,1,NA,0.28,1.56,0.39,5.84,358.535,21.569,173.653,0.191,426,Våler,N,7.875,1,2,0,86.02604167,6,NA,6951.8,0.557729802,0.411131065,0,0.00059,0.00018,0,0,0,0,0,0,0,0,0.06479,0,0,0,0.00249,0.00029,0.56315,0.01055,0,0,0.19278,0,0,0.0025,0,0,0.14612,0,0,0,0.01657,0,0,0,1,M-07-04,0.39843800000000001,DE2
G28-06,F,S,Loka 1,Loka_0607,6597245,1424248,2006,2007,NA,NA,0,NA,0.38,1.24,0.89,9.57,183.66,33.779,177.415,0.277,1883,Karlskoga,S,23.183,0,1,0,77.04166667,6,NA,3.5,0.420090121,0.361032631,0,0.00986,0.0048,0,0,0.00063,0.00036,0,0,0.00188,0.00088,0.06635,0,0.00305,0.00475,0.00943,3.00E-04,0.63347,0.08769,0,0,0.03178,0,0,0,0,0.00309,0.01074,0,0,0.00244,0.12849,0,0,0,1,G28-06,0.26074199999999997,Kil1
G4-07,M,S,Loka 1,Loka_0607,6597245,1424248,2006,2007,NA,NA,0,NA,0.38,1.24,0.89,9.57,183.66,33.779,177.415,0.277,1883,Karlskoga,S,23.183,0,1,0,77.04166667,6,NA,3.5,0.420090121,0.361032631,0,0.00986,0.0048,0,0,0.00063,0.00036,0,0,0.00188,0.00088,0.06635,0,0.00305,0.00475,0.00943,3.00E-04,0.63347,0.08769,0,0,0.03178,0,0,0,0,0.00309,0.01074,0,0,0.00244,0.12849,0,0,0,1,G4-07,0.296875,Grå
D-07-10,M,S,Långsjön 1,Långsjön_0607,6746214,1483230,2006,2007,illegal,NA,0,NA,0.29,1.01,0.82,6.81,270.591,23.359,174.045,0.178,2029,Leksand,S,15.033,0,1,0,81.69607843,6,NA,2.8,0.502198793,0.203080106,0,0.00868,0.00028,0,0,0,0,0,0,0,0,0.0132,0,0.0015,0.00809,0.01144,0.00078,0.78212,0.03247,0,0,0.04857,0,0,0,0,0,0.01183,0,0,0,0.08105,0,0,0,1,D-07-10,0.21972700000000001,Amu1
D-07-23,F,S,Långsjön 1,Långsjön_0607,6746214,1483230,2006,2007,NA,NA,0,NA,0.29,1.01,0.82,6.81,270.591,23.359,174.045,0.178,2029,Leksand,S,15.033,0,1,0,81.69607843,6,NA,2.8,0.502198793,0.203080106,0,0.00868,0.00028,0,0,0,0,0,0,0,0,0.0132,0,0.0015,0.00809,0.01144,0.00078,0.78212,0.03247,0,0,0.04857,0,0,0,0,0,0.01183,0,0,0,0.08105,0,0,0,1,D-07-23,0.21972700000000001,Amu1
G3-05,M,S,Lövsjön 1,Lövsjön_0607,6682173,1421927,2006,2007,illegal,NA,0,NA,0.22,1.12,0.28,5.99,350.381,34.495,175.059,0.338,2085,Ludvika,S,10.425,0,1,0,82.93548387,6,NA,2.8,0.390922057,0.288061172,0,0.00229,0,0,0,0,0,0,0,0,0.00044,0.00032,0,0,0.00086,0.00081,0.00591,0.68314,0.03054,0,0,0.16012,0,0,0,0,0.00114,0.04023,0,0,0,0.0742,0,0,0,1,G3-05,0.25683600000000001,Julu1
G4-05,F,S,Lövsjön 1,Lövsjön_0607,6682173,1421927,2006,2007,NA,NA,0,NA,0.22,1.12,0.28,5.99,350.381,34.495,175.059,0.338,2085,Ludvika,S,10.425,0,1,0,82.93548387,6,NA,2.8,0.390922057,0.288061172,0,0.00229,0,0,0,0,0,0,0,0,0.00044,0.00032,0,0,0.00086,0.00081,0.00591,0.68314,0.03054,0,0,0.16012,0,0,0,0,0.00114,0.04023,0,0,0,0.0742,0,0,0,1,G4-05,0.25683600000000001,Julu1
G17-05,F,S,Naggen 2,Naggen_0607,6918272,1500154,2006,2007,NA,NA,0,NA,0.2,1.05,0.63,5.16,364.815,22.023,178.144,0.146,2260,Ånge,S,7.3,0,0,1,84.05539264,6,NA,3.5,0.478257615,0.261156914,0,0.00298,0.00023,1.00E-05,0,0,0,0,0,0.00039,0.00091,0.00962,0,0.00062,0.00052,0.00508,0.00202,0.60884,0.09403,0,0,0.18819,0,0,0,0,0.00124,0.04383,0,0,0.00159,0.03991,0,0,0,1,G17-05,0.28125,Fil
G24-07,M,S,Naggen 2,Naggen_0607,6918272,1500154,2006,2007,NA,NA,0,NA,0.2,1.05,0.63,5.16,364.815,22.023,178.144,0.146,2260,Ånge,S,7.3,0,0,1,84.05539264,6,NA,3.5,0.478257615,0.261156914,0,0.00298,0.00023,1.00E-05,0,0,0,0,0,0.00039,0.00091,0.00962,0,0.00062,0.00052,0.00508,0.00202,0.60884,0.09403,0,0,0.18819,0,0,0,0,0.00124,0.04383,0,0,0.00159,0.03991,0,0,0,1,G24-07,0.32421899999999998,Julu3
M-00-07,M,S,Nyskoga 5,Nyskoga_0607,6707718,1347031,2006,2007,NA,NA,1,NA,0.25,0.97,0.25,4.1,309.886,22.345,173.606,0.237,1737,Torsby,S,3.1,0,1,0,85.19607843,6,NA,3.9,0.550558323,0.433276956,0,0.00304,0,0,0,0,0,0,0,0,0,0.00726,0,0,0.00893,0.00282,0.00107,0.82667,0.01639,0,0,0.05153,0,0,0,0,0.00058,0.05297,0,0,0.00508,0.02367,0,0,0,1,M-00-07,0.125,Hag2
M-00-08,F,S,Nyskoga 5,Nyskoga_0607,6707718,1347031,2006,2007,NA,NA,1,NA,0.25,0.97,0.25,4.1,309.886,22.345,173.606,0.237,1737,Torsby,S,3.1,0,1,0,85.19607843,6,NA,3.9,0.550558323,0.433276956,0,0.00304,0,0,0,0,0,0,0,0,0,0.00726,0,0,0.00893,0.00282,0.00107,0.82667,0.01639,0,0,0.05153,0,0,0,0,0.00058,0.05297,0,0,0.00508,0.02367,0,0,0,1,M-00-08,0.234375,Årj
G3-03,F,S,Ockelbo 1,Ockelbo_0607,6774944,1534972,2006,2007,other,NA,0,old age,0.23,1.3,0.67,6.44,229.547,28.387,158.083,0.211,2183,Bollnäs,S,14.9,0,0,0,82.2311828,6,NA,2.6,0.535570771,0.47471045,0,0.00588,0,0,0,0,0,0,0,0.00027,0,0.04106,0,0.00028,0.00088,0.00067,0.00528,0.71861,0.02003,0,0,0.13718,0,0,0,0,0.00059,0.02077,0,0,0,0.0485,0,0,0,1,G3-03,0,Gh
M-09-10,M,S,Ockelbo 1,Ockelbo_0607,6774944,1534972,2006,2007,NA,NA,1,NA,0.23,1.3,0.67,6.44,229.547,28.387,158.083,0.211,2183,Bollnäs,S,14.9,0,0,0,82.2311828,6,NA,2.6,0.535570771,0.47471045,0,0.00588,0,0,0,0,0,0,0,0.00027,0,0.04106,0,0.00028,0.00088,0.00067,0.00528,0.71861,0.02003,0,0,0.13718,0,0,0,0,0.00059,0.02077,0,0,0,0.0485,0,0,0,1,M-09-10,0.234375,Årj
M-07-07,M,N,Osdalen 1,Osdalen_0607,6835360,1272163,2006,2007,NA,NA,1,NA,0.04,0.5,0,1.8,703.953,18.788,179.989,0.258,432,Rendalen,N,1.713,1,0,0,89.046875,6,NA,7264,0.250146313,0.237788278,0,0,0,0,0,0,0,0,0,0,0.00038,0.00027,0,0,0,0.00097,0.04545,0.49608,0.00715,0,0.04214,0.03041,0,0.00372,0.15432,0,0,0.17763,0,0,0,0.04147,0,0,0,1,G100-11,0.296875,Grå
M-09-19,F,N,Osdalen 1,Osdalen_0607,6835360,1272163,2006,2007,NA,NA,1,NA,0.04,0.5,0,1.8,703.953,18.788,179.989,0.258,432,Rendalen,N,1.713,1,0,0,89.046875,6,NA,7264,0.250146313,0.237788278,0,0,0,0,0,0,0,0,0,0,0.00038,0.00027,0,0,0,0.00097,0.04545,0.49608,0.00715,0,0.04214,0.03041,0,0.00372,0.15432,0,0,0.17763,0,0,0,0.04147,0,0,0,1,M-09-19,0.32421899999999998,Julu3
M-11-09/G77-10,M,S,Rotna 2,Rotna_0607,6721900,1313488,2006,2007,NA,NA,1,NA,0.37,2.01,0.02,5.02,368.596,18.932,185.748,0.185,425,Åsnes,N,5.582,1,2,0,88.69892473,6,NA,5499.8,0.480278625,0.401525351,0,0.00043,0,0,0,0,0,0,0,0,0.00019,0.02113,0,0,0.00019,0.00073,0.00072,0.73524,0.0254,0,0,0.10928,0,0,0,0,0.00044,0.07628,0,0,0,0.02997,0,0,0,1,G77-10,0.21484400000000001,Ulr2
M11-10/G42-10,F,S,Rotna 2,Rotna_0607,6721900,1313488,2006,2007,NA,NA,1,NA,0.37,2.01,0.02,5.02,368.596,18.932,185.748,0.185,425,Åsnes,N,5.582,1,2,0,88.69892473,6,NA,5499.8,0.480278625,0.401525351,0,0.00043,0,0,0,0,0,0,0,0,0.00019,0.02113,0,0,0.00019,0.00073,0.00072,0.73524,0.0254,0,0,0.10928,0,0,0,0,0.00044,0.07628,0,0,0,0.02997,0,0,0,1,G42-10,0.26953100000000002,Ny5
D-10-20,F,S,Siljansringen 1,Siljansringen_0607,6782325,1458625,2006,2007,NA,NA,0,NA,0.14,1.12,0.19,4.45,300.901,22.904,176.949,0.115,2034,Orsa,S,5.567,0,0,0,82.30208333,6,NA,2.8,0.475688766,0.405974182,0,0.00342,0.00025,0,0,0.00089,5.00E-04,0,0,0,0.00073,0.01256,0,0.00332,0.00647,0.00661,0.00028,0.73372,0.02101,0,0,0.08045,0,0,0,0,0,0.0868,0,0,0,0.04299,0,0,0,1,D-10-20,0.1875,Fur
M12-05/G9-05,M,S,Siljansringen 1,Siljansringen_0607,6782325,1458625,2006,2007,NA,NA,1,NA,0.14,1.12,0.19,4.45,300.901,22.904,176.949,0.115,2034,Orsa,S,5.567,0,0,0,82.30208333,6,NA,2.8,0.475688766,0.405974182,0,0.00342,0.00025,0,0,0.00089,5.00E-04,0,0,0,0.00073,0.01256,0,0.00332,0.00647,0.00661,0.00028,0.73372,0.02101,0,0,0.08045,0,0,0,0,0,0.0868,0,0,0,0.04299,0,0,0,1,G9-05,0.1875,Ock1
G10-07,F,S,Skrälldalen,Skrälldalen_0607,6853633,1480732,2006,2007,NA,NA,0,NA,0.27,1.06,0.07,4.51,345.188,23.491,162.326,0.169,2161,Ljusdal,S,3.6,0,2,0,88.34375,6,NA,2.6,0.279544248,0.111817699,0,0.00214,2.00E-05,0,0,0.00035,0,0,0,0,0,0.01256,0,0.00029,0.00026,0,0,0.71761,0.00664,0,0,0.14277,0,0,0,0,0.00128,0.07003,0,0,0.00501,0.04103,0,0,0,1,G10-07,0.29296899999999998,Vox
G31-08,M,S,Skrälldalen,Skrälldalen_0607,6853633,1480732,2006,2007,NA,NA,0,NA,0.27,1.06,0.07,4.51,345.188,23.491,162.326,0.169,2161,Ljusdal,S,3.6,0,2,0,88.34375,6,NA,2.6,0.279544248,0.111817699,0,0.00214,2.00E-05,0,0,0.00035,0,0,0,0,0,0.01256,0,0.00029,0.00026,0,0,0.71761,0.00664,0,0,0.14277,0,0,0,0,0.00128,0.07003,0,0,0.00501,0.04103,0,0,0,1,G31-08,0.29296899999999998,Vox
G9-07,M,S,Tenskog 1,Tenskog_0607,6836723,1468220,2006,2007,NA,NA,0,NA,0.22,1,0.07,4.56,343.255,23.098,172.312,0.178,2161,Ljusdal,S,5.167,0,2,0,87.28125,6,NA,2.6,0.345672909,0.140938242,0,0.00266,0,0,0,0,0,0,0,0,0,0.00028,0,0.00029,0.00068,0,0,0.65476,0.0158,0,0,0.18517,0,0,0,0.00078,0.00212,0.06527,0,0,0.00058,0.07161,0,0,0,1,G9-07,0.265625,Rot1
M-10-01,F,S,Tenskog 1,Tenskog_0607,6836723,1468220,2006,2007,NA,NA,1,NA,0.22,1,0.07,4.56,343.255,23.098,172.312,0.178,2161,Ljusdal,S,5.167,0,2,0,87.28125,6,NA,2.6,0.345672909,0.140938242,0,0.00266,0,0,0,0,0,0,0,0,0,0.00028,0,0.00029,0.00068,0,0,0.65476,0.0158,0,0,0.18517,0,0,0,0.00078,0.00212,0.06527,0,0,0.00058,0.07161,0,0,0,1,M-10-01,0.29296899999999998,Vox
M-06-02,F,S,Ulriksberg 2,Ulriksberg_0607,6648044,1437226,2006,2007,NA,NA,1,NA,0.3,1.21,0.29,6.43,263.862,32.772,173.576,0.297,1863,Hällefors,S,10.2,0,0,0,82.21354167,6,NA,3.2,0.498722334,0.257338279,0,0.00249,0.00021,0,0,0,0.00035,0.00041,0,0,0,0,0,0.00026,0.00034,0.0032,0.00069,0.76691,0.0311,0,0,0.06979,0,0,0,0,0.00056,0.03809,0,0,0.00049,0.08511,0,0,0,1,M-06-02,0.23877000000000001,Hlg1
M-98-04,M,S,Ulriksberg 2,Ulriksberg_0607,6648044,1437226,2006,2007,NA,NA,1,NA,0.3,1.21,0.29,6.43,263.862,32.772,173.576,0.297,1863,Hällefors,S,10.2,0,0,0,82.21354167,6,NA,3.2,0.498722334,0.257338279,0,0.00249,0.00021,0,0,0,0.00035,0.00041,0,0,0,0,0,0.00026,0.00034,0.0032,0.00069,0.76691,0.0311,0,0,0.06979,0,0,0,0,0.00056,0.03809,0,0,0.00049,0.08511,0,0,0,1,M-98-04,0.1875,Le1
M-05-06,M,S,Uttersberg,Uttersberg_0607,6616675,1488821,2006,2007,NA,NA,1,NA,0.38,1.13,0.5,8,106.313,39.541,173.735,0.235,1983,Köping,S,26.35,0,0,0,75.703125,6,NA,2.9,0.49872679,0.39143482,0,0.00659,0,0,0,0,0.00033,0,0,0.00023,0.00028,0.08043,0,0.00117,0.01141,0.01569,0.00162,0.65161,0.04391,0,0,0.07748,0,0,0,0.00054,0.00373,0.03685,0,0,0,0.06812,0,0,0,1,M-05-06,0.296875,Fil2
M-06-01,F,S,Uttersberg,Uttersberg_0607,6616675,1488821,2006,2007,NA,NA,1,NA,0.38,1.13,0.5,8,106.313,39.541,173.735,0.235,1983,Köping,S,26.35,0,0,0,75.703125,6,NA,2.9,0.49872679,0.39143482,0,0.00659,0,0,0,0,0.00033,0,0,0.00023,0.00028,0.08043,0,0.00117,0.01141,0.01569,0.00162,0.65161,0.04391,0,0,0.07748,0,0,0,0.00054,0.00373,0.03685,0,0,0,0.06812,0,0,0,1,M-06-01,0.26953100000000002,Grav
G6-05,M,S,Voxna 1,Voxna_0607,6819181,1482453,2006,2007,NA,NA,0,NA,0.2,1.21,0.02,4.29,290.194,23.775,170.11,0.176,2121,Ovanåker,S,5.167,0,2,0,84.22916667,6,NA,2.6,0.478204445,0.275745312,0,0.00101,0,0,0,0,0,0,0,0,0,0.00534,0,0.00027,0.00097,0.00035,0,0.73037,0.00672,0,0,0.15776,0,0,0,0.00134,0.00166,0.03339,0,0,0.00058,0.06024,0,0,0,1,G6-05,0.39843800000000001,DE2
G7-05,F,S,Voxna 1,Voxna_0607,6819181,1482453,2006,2007,NA,NA,0,NA,0.2,1.21,0.02,4.29,290.194,23.775,170.11,0.176,2121,Ovanåker,S,5.167,0,2,0,84.22916667,6,NA,2.6,0.478204445,0.275745312,0,0.00101,0,0,0,0,0,0,0,0,0,0.00534,0,0.00027,0.00097,0.00035,0,0.73037,0.00672,0,0,0.15776,0,0,0,0.00134,0.00166,0.03339,0,0,0.00058,0.06024,0,0,0,1,G7-05,0.1875,Fur
G21-05,M,S,Våmhus 1,Våmhus_0607,6796970,1416432,2006,2007,NA,NA,0,NA,0.23,1.12,0.57,4.61,432.575,26.709,173.78,0.316,2062,Mora,S,4.067,0,0,0,85.66666667,6,NA,2.8,0.468663078,0.187465231,0,0.00496,0.00058,0,0,0,0,0,0,0,0.0013,0.00276,0,0.00029,0.00572,0.00098,0,0.78075,0.02902,0,0,0.13695,0,0,0,0.00038,0,0.02177,0,0,0.00539,0.00915,0,0,0,1,G21-05,0.23877000000000001,Hlg1
G8-05,F,S,Våmhus 1,Våmhus_0607,6796970,1416432,2006,2007,censor,NA,0,NA,0.23,1.12,0.57,4.61,432.575,26.709,173.78,0.316,2062,Mora,S,4.067,0,0,0,85.66666667,6,NA,2.8,0.468663078,0.187465231,0,0.00496,0.00058,0,0,0,0,0,0,0,0.0013,0.00276,0,0.00029,0.00572,0.00098,0,0.78075,0.02902,0,0,0.13695,0,0,0,0.00038,0,0.02177,0,0,0.00539,0.00915,0,0,0,1,G8-05,0.1875,Fur
M-06-09,F,S,Aamäck 1,Aamäck_0708,6665515,1402834,2007,2008,NA,NA,1,NA,0.25,1,0.17,6.2,299.75,33.973,175.057,0.323,1782,Filipstad,S,7.62,0,3,0,72.62562724,6,NA,3.4,0.533752893,0.335056375,0,0.00292,0,0,0,0,0.00028,0,0,0,0,0.00067,0,0,0,0.00126,0,0.65515,0.0221,0,0,0.17404,0,0,0,0,0.00224,0.04722,0,0,4.00E-04,0.09373,0,0,0,1,M-06-09,0.26757799999999998,Grä1
M-09-16,M,S,Aamäck 1,Aamäck_0708,6665515,1402834,2007,2008,NA,NA,1,NA,0.25,1,0.17,6.2,299.75,33.973,175.057,0.323,1782,Filipstad,S,7.62,0,3,0,72.62562724,6,NA,3.4,0.533752893,0.335056375,0,0.00292,0,0,0,0,0.00028,0,0,0,0,0.00067,0,0,0,0.00126,0,0.65515,0.0221,0,0,0.17404,0,0,0,0,0.00224,0.04722,0,0,4.00E-04,0.09373,0,0,0,1,M-09-16,0.26953100000000002,Ny5
G10-06,F,S,Acksjön,Acksjön_0708,6682914,1381921,2007,2008,NA,NA,0,NA,0.28,0.98,0.22,5.63,292.102,34.16,179.718,0.347,1783,Hagfors,S,4.84,0,4,0,69.63541667,6,NA,3.4,0.613229048,0.54823528,0,0.00188,0.00026,0,0,0,0,0,0,0,0,0.0224,0,0,0.00076,0.00613,0.00372,0.67767,0.01869,0,0,0.12302,0,0,0,0,0.00121,0.05353,0,0,0.00621,0.08454,0,0,0,1,G10-06,0.23877000000000001,Hlg1
M-09-17,M,S,Acksjön,Acksjön_0708,6682914,1381921,2007,2008,NA,NA,1,NA,0.28,0.98,0.22,5.63,292.102,34.16,179.718,0.347,1783,Hagfors,S,4.84,0,4,0,69.63541667,6,NA,3.4,0.613229048,0.54823528,0,0.00188,0.00026,0,0,0,0,0,0,0,0,0.0224,0,0,0.00076,0.00613,0.00372,0.67767,0.01869,0,0,0.12302,0,0,0,0,0.00121,0.05353,0,0,0.00621,0.08454,0,0,0,1,M-09-17,0.1875,Fur
D-10-30,M,S,Amungen 2,Amungen_0708,6775987,1506325,2007,2008,NA,NA,0,NA,0.16,1.08,0,4.97,322.401,26.386,175.026,0.183,2121,Ovanåker,S,11.76,0,1,0,77.546875,6,NA,2.5,0.476607145,0.462536322,0,0.00032,0,0,0,0,0,0,0,0,0,0.00117,0,0,0.00033,0,0.00151,0.69095,0.03327,0,0,0.12447,0,0,0,0,0.00128,0.04732,0,0,0,0.09938,0,0,0,1,D-10-30,0.26953100000000002,Ny5
M-05-12,F,S,Amungen 2,Amungen_0708,6775987,1506325,2007,2008,NA,NA,1,NA,0.16,1.08,0,4.97,322.401,26.386,175.026,0.183,2121,Ovanåker,S,11.76,0,1,0,77.546875,6,NA,2.5,0.476607145,0.462536322,0,0.00032,0,0,0,0,0,0,0,0,0,0.00117,0,0,0.00033,0,0.00151,0.69095,0.03327,0,0,0.12447,0,0,0,0,0.00128,0.04732,0,0,0,0.09938,0,0,0,1,M-05-12,0.1875,Ock1
D-08-02,F,S,Bogen 1,Bogen-Eidskog_0708,6648494,1323163,2007,2008,legal,NA,0,NA,0.32,1.08,0.13,5.75,232.351,36.088,176.449,0.413,1784,Arvika,S,12.681,1,1,0,67.64583333,6,NA,50.8,0.252411044,0.115222087,0,0.00152,0,0,0,0,0,0,0,0,0,0.02331,0,0.00067,0.00701,0.01309,0.00026,0.81257,0.00747,0,0,0.04512,0,0,0,0,0,0.00895,0,0,0,0.08005,0,0,0,1,D-08-02,0.21484400000000001,Ulr2
D-11-29,M,S,Bogen 1,Bogen-Eidskog_0708,6648494,1323163,2007,2008,NA,NA,0,NA,0.32,1.08,0.13,5.75,232.351,36.088,176.449,0.413,1784,Arvika,S,12.681,1,1,0,67.64583333,6,NA,50.8,0.252411044,0.115222087,0,0.00152,0,0,0,0,0,0,0,0,0,0.02331,0,0.00067,0.00701,0.01309,0.00026,0.81257,0.00747,0,0,0.04512,0,0,0,0,0,0.00895,0,0,0,0.08005,0,0,0,1,D-11-29,0.26757799999999998,Grä1
D-08-15/G27-06,M,S,Bredfjället 1,Bredfjället_0708,6448818,1278241,2007,2008,NA,NA,0,NA,0.56,1.65,2.59,13.77,76.049,36.329,185.518,0.36,1462,Lilla Edet,S,83.225,0,0,0,37.67797553,6,NA,2.2,0.250126157,0.100050463,0,0.02854,0.00514,0.00062,0,0,0.00097,0,0,0.00141,0.00299,0.15051,0,0.01219,0.00785,0.04845,0.05122,0.52304,0.05743,0,0,0.01567,0,0,0,0,0,0.00299,0,0,0.00699,0.02749,0,0,0.05651,1,D-08-15,0.26953100000000002,Ny5
G17-08,F,S,Bredfjället 1,Bredfjället_0708,6448818,1278241,2007,2008,NA,NA,0,Hanen I Bredfjället 1 (D-08-15/G27-06) var tidigare hane I Kroppefjäll 2,0.56,1.65,2.59,13.77,76.049,36.329,185.518,0.36,1462,Lilla Edet,S,83.225,0,0,0,37.67797553,6,NA,2.2,0.250126157,0.100050463,0,0.02854,0.00514,0.00062,0,0,0.00097,0,0,0.00141,0.00299,0.15051,0,0.01219,0.00785,0.04845,0.05122,0.52304,0.05743,0,0,0.01567,0,0,0,0,0,0.00299,0,0,0.00699,0.02749,0,0,0.05651,1,G17-08,0.39843800000000001,DE2
G1-08,F,S,Dals Ed 5,Dals Ed-Halden_0708,6548215,1261994,2007,2008,NA,NA,0,NA,0.4,1.22,0.12,6.79,159.08,36,178.839,0.391,101,Halden,N,18.45,1,1,0,57.32083333,6,NA,560.2,0.489698422,0.38900964,0,0.00192,0.0022,0,0,0,0.00026,0,0,0.00045,0,0.027,0,0.00032,0.00159,0.01363,0.00252,0.75374,0.02601,0,0,0.02709,0,6.00E-04,0,0,0,0.04137,0,0,2.00E-05,0.0912,0,0.00115,0.00892,1,G1-08,0.29003899999999999,DE4
G28-07,M,S,Dals Ed 5,Dals Ed-Halden_0708,6548215,1261994,2007,2008,NA,NA,0,NA,0.4,1.22,0.12,6.79,159.08,36,178.839,0.391,101,Halden,N,18.45,1,1,0,57.32083333,6,NA,560.2,0.489698422,0.38900964,0,0.00192,0.0022,0,0,0,0.00026,0,0,0.00045,0,0.027,0,0.00032,0.00159,0.01363,0.00252,0.75374,0.02601,0,0,0.02709,0,6.00E-04,0,0,0,0.04137,0,0,2.00E-05,0.0912,0,0.00115,0.00892,1,G28-07,0.227051,Sil1
M-09-04,M,S,Fulufjellet 1,Fulufjellet_0708,6818632,1351220,2007,2008,NA,NA,1,NA,0.16,0.55,0.12,2.69,562.623,19.639,167.497,0.146,2023,Malung,S,1.95,1,0,0,83.54283154,6,NA,655.9,0.250117836,0.100047134,0,0,0,0,0,0,0,0,0,0,0.00115,0,0,3.00E-04,0,0.00118,0.011,0.57587,0.02083,0,0.12265,0.09031,0,0.00459,0.02135,0,0.0019,0.11798,0,0,0,0.0309,0,0,0,1,M-09-04,0.29052699999999998,Julu2
M-09-06,F,S,Fulufjellet 1,Fulufjellet_0708,6818632,1351220,2007,2008,NA,NA,1,NA,0.16,0.55,0.12,2.69,562.623,19.639,167.497,0.146,2023,Malung,S,1.95,1,0,0,83.54283154,6,NA,655.9,0.250117836,0.100047134,0,0,0,0,0,0,0,0,0,0,0.00115,0,0,3.00E-04,0,0.00118,0.011,0.57587,0.02083,0,0.12265,0.09031,0,0.00459,0.02135,0,0.0019,0.11798,0,0,0,0.0309,0,0,0,1,M-09-06,0.26757799999999998,Grä1
M-09-03,M,S,Galven,Galven_0708,6817649,1518691,2007,2008,NA,NA,1,NA,0.34,1.32,1.45,9,206.796,21.933,163.365,0.145,2121,Ovanåker,S,8.1,0,1,0,73.65656566,6,NA,2.4,0.260644898,0.116603546,0,0.01254,0.00051,0,0,0,0,0.00027,0,0.00035,0.00112,0.10154,0,0,0.00076,0.00354,0.00092,0.67451,0.04942,0,0,0.06943,0,0,0,0,0,0.01919,0,0,0.00174,0.06418,0,0,0,1,M-09-03,NA,[Immigrant]
M-09-14,F,S,Galven,Galven_0708,6817649,1518691,2007,2008,NA,NA,1,NA,0.34,1.32,1.45,9,206.796,21.933,163.365,0.145,2121,Ovanåker,S,8.1,0,1,0,73.65656566,6,NA,2.4,0.260644898,0.116603546,0,0.01254,0.00051,0,0,0,0,0.00027,0,0.00035,0.00112,0.10154,0,0,0.00076,0.00354,0.00092,0.67451,0.04942,0,0,0.06943,0,0,0,0,0,0.01919,0,0,0.00174,0.06418,0,0,0,1,M-09-14,0.29296899999999998,Vox
M-06-10,F,S,Gräsmark 1,Gräsmark_0708,6681026,1321686,2007,2008,NA,NA,1,NA,0.33,1.55,0.05,4.75,300.44,33.465,170.968,0.399,1737,Torsby,S,10.438,1,1,0,72.9040404,6,NA,2821.2,0.497797522,0.37264278,0,0.0011,0,0,0,0,0,0,0,0,0,0.00643,0,0,0.005,0.00541,0.00192,0.79813,0.01778,0,0,0.07924,0,0,0,0,0,0.03371,0,0,0,0.05129,0,0,0,1,M-06-10,0.296875,Grå
M-06-11,M,S,Gräsmark 1,Gräsmark_0708,6681026,1321686,2007,2008,illegal,NA,1,NA,0.33,1.55,0.05,4.75,300.44,33.465,170.968,0.399,1737,Torsby,S,10.438,1,1,0,72.9040404,6,NA,2821.2,0.497797522,0.37264278,0,0.0011,0,0,0,0,0,0,0,0,0,0.00643,0,0,0.005,0.00541,0.00192,0.79813,0.01778,0,0,0.07924,0,0,0,0,0,0.03371,0,0,0,0.05129,0,0,0,1,M-06-11,0.1875,Fur
G31-06,F,S,Görsjön,Görsjön_0708,6738942,1421230,2007,2008,NA,NA,0,NA,0.19,1.17,0.34,4.94,331.311,29.833,173.3,0.272,2062,Mora,S,8.033,0,1,0,78.453125,6,NA,2.6,0.529272948,0.211709179,0,0.00261,0,0,0,0,0,0,0,0,0,0,0,0,0.00049,0,0.00052,0.76569,0.02789,0,0,0.10271,0,0,0,0,0.00221,0.02846,0,0,0,0.0694,0,0,0,1,G31-06,0.23535200000000001,Dju1
M-06-03,M,S,Görsjön,Görsjön_0708,6738942,1421230,2007,2008,NA,NA,1,NA,0.19,1.17,0.34,4.94,331.311,29.833,173.3,0.272,2062,Mora,S,8.033,0,1,0,78.453125,6,NA,2.6,0.529272948,0.211709179,0,0.00261,0,0,0,0,0,0,0,0,0,0,0,0,0.00049,0,0.00052,0.76569,0.02789,0,0,0.10271,0,0,0,0,0.00221,0.02846,0,0,0,0.0694,0,0,0,1,M-06-03,0.30224600000000001,Utt
G39-07,M,S,Halgån 2,Halgån_0708,6706025,1372609,2007,2008,NA,NA,0,NA,0.23,0.76,0.05,4.4,369.004,27.406,174.889,0.266,1737,Torsby,S,4.233,0,3,0,77.6875,6,NA,3.2,0.528659762,0.484635375,0,0.00141,0,0,0,0,0,0,0,0,0,0.00521,0,0,0.00311,0.00105,0.00139,0.70139,0.04519,0,0,0.04043,0,0,0,0,0.00068,0.15742,0,0,0.00422,0.0385,0,0,0,1,G39-07,0.23877000000000001,Hlg1
M-02-06,F,S,Halgån 2,Halgån_0708,6706025,1372609,2007,2008,NA,NA,1,NA,0.23,0.76,0.05,4.4,369.004,27.406,174.889,0.266,1737,Torsby,S,4.233,0,3,0,77.6875,6,NA,3.2,0.528659762,0.484635375,0,0.00141,0,0,0,0,0,0,0,0,0,0.00521,0,0,0.00311,0.00105,0.00139,0.70139,0.04519,0,0,0.04043,0,0,0,0,0.00068,0.15742,0,0,0.00422,0.0385,0,0,0,1,M-02-06,0.26953100000000002,Ny5
D-08-20,M,S,Hasselfors 3,Hasselfors_0708,6547008,1417189,2007,2008,NA,NA,0,NA,0.34,1.3,0.64,8.52,107.165,36.613,184.15,0.161,1862,Degerfors,S,20.633,0,1,0,46.88706897,6,NA,2.9,0.500918987,0.480795578,0,0.00889,0.00161,0,0,0,0.00027,0,0,0.00025,0.001,0.07943,0,0.00175,0.00408,0.00954,0.01368,0.49331,0.09344,0,0,0.04907,0,0,0,0,0.01129,0.0365,0,0,0.00377,0.19213,0,0,0,1,D-08-20,0.32421899999999998,Julu3
G37-07,F,S,Hasselfors 3,Hasselfors_0708,6547008,1417189,2007,2008,NA,NA,0,NA,0.34,1.3,0.64,8.52,107.165,36.613,184.15,0.161,1862,Degerfors,S,20.633,0,1,0,46.88706897,6,NA,2.9,0.500918987,0.480795578,0,0.00889,0.00161,0,0,0,0.00027,0,0,0.00025,0.001,0.07943,0,0.00175,0.00408,0.00954,0.01368,0.49331,0.09344,0,0,0.04907,0,0,0,0,0.01129,0.0365,0,0,0.00377,0.19213,0,0,0,1,G37-07,0.43359399999999998,Has2
D-08-03,M,S,Håckren,Håckren_0708,6999822,1388000,2007,2008,legal,NA,0,NA,0.1,0.24,0.12,3.65,757.491,25.081,169.624,0.266,2321,Åre,S,1.35,0,0,1,NA,6,NA,2.3,0.250101854,0.100040742,0,0,0,0,0,0,0,0,0,0,0.00245,0,0,0,0.00044,0,0.13996,0.20539,0.05101,0.012,0.41672,0.0282,0,0.01986,0.00533,0,0,0.05447,0,0,0,0.06418,0,0,0,1,D-08-03,0.29345700000000002,Kyn1
D-08-04,F,S,Håckren,Håckren_0708,6999822,1388000,2007,2008,legal,NA,0,NA,0.1,0.24,0.12,3.65,757.491,25.081,169.624,0.266,2321,Åre,S,1.35,0,0,1,NA,6,NA,2.3,0.250101854,0.100040742,0,0,0,0,0,0,0,0,0,0,0.00245,0,0,0,0.00044,0,0.13996,0.20539,0.05101,0.012,0.41672,0.0282,0,0.01986,0.00533,0,0,0.05447,0,0,0,0.06418,0,0,0,1,D-08-04,0.29345700000000002,Kyn1
D-10-25,M,S,Jangen 4,Jangen_0708,6665105,1358695,2007,2008,NA,NA,0,NA,0.34,1.19,0.39,6.26,208.311,36.808,175.331,0.421,1783,Hagfors,S,6.9,0,1,0,64.72395833,6,NA,3.6,0.494580989,0.48643054,0,0.00895,0.00078,0,0,0.00042,0,0,0,0.00034,0.00064,0.06986,0,0,0.00451,0.02113,0.00388,0.715,0.01522,0,0,0.04574,0,0,0,0,0.00063,0.02199,0,0,0.005,0.08591,0,0,0,1,D-10-25,0.26953100000000002,Ny5
M-06-05,F,S,Jangen 4,Jangen_0708,6665105,1358695,2007,2008,NA,NA,1,NA,0.34,1.19,0.39,6.26,208.311,36.808,175.331,0.421,1783,Hagfors,S,6.9,0,1,0,64.72395833,6,NA,3.6,0.494580989,0.48643054,0,0.00895,0.00078,0,0,0.00042,0,0,0,0.00034,0.00064,0.06986,0,0,0.00451,0.02113,0.00388,0.715,0.01522,0,0,0.04574,0,0,0,0,0.00063,0.02199,0,0,0.005,0.08591,0,0,0,1,M-06-05,0.26953100000000002,Ny5
G23-07,M,N,Julussa 5,Julussa_0708,6788956,1271926,2007,2008,NA,NA,0,NA,0.24,1.25,0.56,6.73,434.748,20.154,179.077,0.202,429,Åmot,N,5.591,1,0,0,82.59677419,6,NA,7874,0.495000881,0.51023554,0,0.00162,0.00105,0,0,0,0,0,0,0,0.00215,0.00814,0,0,0.00027,0.01572,4.00E-04,0.63367,0,0,0.00189,0.15493,0,0,0.00881,0,0,0.14126,0,0,0.00665,0.02344,0,0,0,1,G23-07,0.43847700000000001,Löv1
M-03-05,F,N,Julussa 5,Julussa_0708,6788956,1271926,2007,2008,NA,NA,1,NA,0.24,1.25,0.56,6.73,434.748,20.154,179.077,0.202,429,Åmot,N,5.591,1,0,0,82.59677419,6,NA,7874,0.495000881,0.51023554,0,0.00162,0.00105,0,0,0,0,0,0,0,0.00215,0.00814,0,0,0.00027,0.01572,4.00E-04,0.63367,0,0,0.00189,0.15493,0,0,0.00881,0,0,0.14126,0,0,0.00665,0.02344,0,0,0,1,M-03-05,0.26953100000000002,Ny5
M-06-06,M,S,Juvberget 1,Juvberget_0708,6759478,1313642,2007,2008,NA,NA,1,NA,0.21,1.15,0,5.01,424.334,18.439,169.653,0.18,1737,Torsby,S,6.765,1,1,0,81.81818182,6,NA,3317,0.5601307,0.496523762,0,0.00083,0,0,0,0,0,0,0,0,0.00061,0,0,0.00048,0,0.00142,0.00115,0.59635,0.05872,0,0,0.12961,0,0,0,0,0,0.18096,0,0,0.00177,0.0281,0,0,0,1,M-06-06,0.28125,Fil
M-05-10,F,S,Juvberget 1,Juvberget_0708,6759478,1313642,2007,2008,NA,NA,1,NA,0.21,1.15,0,5.01,424.334,18.439,169.653,0.18,1737,Torsby,S,6.765,1,1,0,81.81818182,6,NA,3317,0.5601307,0.496523762,0,0.00083,0,0,0,0,0,0,0,0,0.00061,0,0,0.00048,0,0.00142,0.00115,0.59635,0.05872,0,0,0.12961,0,0,0,0,0,0.18096,0,0,0.00177,0.0281,0,0,0,1,M-05-10,0.21875,Tyn
G7-03,F,S,Kilsbergen,Kilsbergen_0708,6591912,1444042,2007,2008,illegal,NA,0,NA,0.42,1.22,1.07,10.02,185.148,32.577,174.792,0.212,1884,Nora,S,39.56,0,1,0,61.33854167,6,NA,2.9,0.497589297,0.497414554,0,0.01148,0.0014,0,0,0,4.00E-05,0,0,0.00089,0.00176,0.04671,0,0.00141,0.00553,0.00823,0.00441,0.70537,0.0858,0,0,0.02896,0,0,0,0.00028,0.00039,0.02671,0,0,0.00206,0.06855,0,0,0,1,G7-03,0.1875,Ock1
M-05-04,M,S,Kilsbergen,Kilsbergen_0708,6591912,1444042,2007,2008,illegal,NA,1,NA,0.42,1.22,1.07,10.02,185.148,32.577,174.792,0.212,1884,Nora,S,39.56,0,1,0,61.33854167,6,NA,2.9,0.497589297,0.497414554,0,0.01148,0.0014,0,0,0,4.00E-05,0,0,0.00089,0.00176,0.04671,0,0.00141,0.00553,0.00823,0.00441,0.70537,0.0858,0,0,0.02896,0,0,0,0.00028,0.00039,0.02671,0,0,0.00206,0.06855,0,0,0,1,M-05-04,0.26953100000000002,Grav
M-05-07,F,S,Kloten,Kloten_0708,6645357,1474553,2007,2008,NA,NA,1,NA,0.28,1.32,0.32,6.15,245.519,31.72,173.886,0.264,2061,Smedjebacken,S,12.2,0,1,0,70.60606061,6,NA,2.6,0.254906185,0.111656208,0,0.00307,0,0,0,0,0.00052,0,0,0,5.00E-04,0.01712,0,0.00057,0.00477,0.00796,0.00237,0.79067,0.01365,0,0,0.08338,0,0,0,0,0,0.00833,0,0,0,0.06709,0,0,0,1,M-05-07,0.30224600000000001,Utt
M-09-18,M,S,Kloten,Kloten_0708,6645357,1474553,2007,2008,NA,NA,1,NA,0.28,1.32,0.32,6.15,245.519,31.72,173.886,0.264,2061,Smedjebacken,S,12.2,0,1,0,70.60606061,6,NA,2.6,0.254906185,0.111656208,0,0.00307,0,0,0,0,0.00052,0,0,0,5.00E-04,0.01712,0,0.00057,0.00477,0.00796,0.00237,0.79067,0.01365,0,0,0.08338,0,0,0,0,0,0.00833,0,0,0,0.06709,0,0,0,1,M-09-18,0.29980499999999999,Krp2
G13-07,M,S,Korsån 1,Korsån_0708,6724830,1522822,2007,2008,NA,NA,0,NA,0.21,1.42,0.92,8.12,205.099,29.103,165.968,0.19,2080,Falun,S,24.04,0,0,0,73.984375,6,NA,2.5,0.43621676,0.174486704,0,0.00872,0.00192,0,0,0,0,0,0,0.00032,0.00108,0.02488,0,0,0.00026,0.00227,0.00122,0.74648,0.01984,0,0,0.11809,0,0,0,0,0.00033,0.00784,0,0,0,0.06676,0,0,0,1,G13-07,0.1875,Fur
M-05-11,F,S,Korsån 1,Korsån_0708,6724830,1522822,2007,2008,NA,NA,1,NA,0.21,1.42,0.92,8.12,205.099,29.103,165.968,0.19,2080,Falun,S,24.04,0,0,0,73.984375,6,NA,2.5,0.43621676,0.174486704,0,0.00872,0.00192,0,0,0,0,0,0,0.00032,0.00108,0.02488,0,0,0.00026,0.00227,0.00122,0.74648,0.01984,0,0,0.11809,0,0,0,0,0.00033,0.00784,0,0,0,0.06676,0,0,0,1,M-05-11,0.21972700000000001,Amu1
D-10-27,M,S,Kroppefjäll 3,Kroppefjäll_0708,6508971,1287481,2007,2008,NA,NA,0,NA,0.5,1.27,0.61,8.64,125.819,40.106,176.635,0.301,1439,Färgelanda,S,22.88,0,1,0,40.85300926,6,NA,2.2,0.525203639,0.502083153,0,0.00824,0,0,0,0,3.00E-04,0,0,0,0.00053,0.27714,0,0.00338,0.00298,0.03851,0.02785,0.48604,0.06217,0,0,0.02284,0,0,0,0,0.00201,0.03225,0,0,0,0.03574,0,0,0,1,D-10-27,0.29003899999999999,DE4
D-11-30,F,S,Kroppefjäll 3,Kroppefjäll_0708,6508971,1287481,2007,2008,NA,NA,0,NA,0.5,1.27,0.61,8.64,125.819,40.106,176.635,0.301,1439,Färgelanda,S,22.88,0,1,0,40.85300926,6,NA,2.2,0.525203639,0.502083153,0,0.00824,0,0,0,0,3.00E-04,0,0,0,0.00053,0.27714,0,0.00338,0.00298,0.03851,0.02785,0.48604,0.06217,0,0,0.02284,0,0,0,0,0.00201,0.03225,0,0,0,0.03574,0,0,0,1,D-11-30,0.29980499999999999,Krp2
M-07-05,F,N,Kynna 2,Kynna_0708,6747165,1295788,2007,2008,NA,NA,1,NA,0.37,1.58,0.71,6.95,337.73,21.626,174.472,0.195,426,Våler,N,7.893,1,2,0,77.37254902,6,NA,7763.8,0.546124407,0.457711391,0,0.00237,0.00085,0,0,0,0,0,0,0,4.00E-04,0.09028,0,0,0,0.00424,0.0017,0.55537,0.00968,0,0,0.18988,0,0,0.0025,0,0,0.12397,0,0,0.00359,0.01518,0,0,0,1,M-07-05,0.29345700000000002,Kyn1
M-10-10,M,N,Kynna 2,Kynna_0708,6747165,1295788,2007,2008,NA,NA,1,NA,0.37,1.58,0.71,6.95,337.73,21.626,174.472,0.195,426,Våler,N,7.893,1,2,0,77.37254902,6,NA,7763.8,0.546124407,0.457711391,0,0.00237,0.00085,0,0,0,0,0,0,0,4.00E-04,0.09028,0,0,0,0.00424,0.0017,0.55537,0.00968,0,0,0.18988,0,0,0.0025,0,0,0.12397,0,0,0.00359,0.01518,0,0,0,1,M-10-10,NA,[Immigrant]
G28-06,F,S,Loka 1,Loka_0708,6606242,1422988,2007,2008,NA,NA,0,NA,0.36,1.1,0.58,8.12,198.635,33.672,177.175,0.302,1760,Storfors,S,23.083,0,1,0,66.61458333,6,NA,3.2,0.478450551,0.325600395,0,0.00684,0.00042,0,0,0,0.00036,0,0,0,0.00045,0.03817,0,0.00181,0.0055,0.00359,0.00075,0.6464,0.08193,0,0,0.03667,0,0,0,0,0.00159,0.01217,0,0,0.001,0.16235,0,0,0,1,G28-06,0.26074199999999997,Kil1
G4-07,M,S,Loka 1,Loka_0708,6606242,1422988,2007,2008,NA,NA,0,NA,0.36,1.1,0.58,8.12,198.635,33.672,177.175,0.302,1760,Storfors,S,23.083,0,1,0,66.61458333,6,NA,3.2,0.478450551,0.325600395,0,0.00684,0.00042,0,0,0,0.00036,0,0,0,0.00045,0.03817,0,0.00181,0.0055,0.00359,0.00075,0.6464,0.08193,0,0,0.03667,0,0,0,0,0.00159,0.01217,0,0,0.001,0.16235,0,0,0,1,G4-07,0.296875,Grå
D-07-23,F,S,Långsjön 2,Långsjön_0708,6741995,1488231,2007,2008,legal,NA,0,NA,0.29,1.14,1.35,8.16,250.14,22.585,170.055,0.169,2080,Falun,S,15,0,0,0,76.23958333,6,NA,2.6,0.472150073,0.277244437,0,0.01154,0.00053,0,0,0,0,0,0,0,0,0.02267,0,0,0.00974,0.01601,0.00078,0.77129,0.02332,0,0,0.05894,0,0,0,0,0,0.0078,0,0,0,0.07738,0,0,0,1,D-07-23,0.21972700000000001,Amu1
G21-07,M,S,Långsjön 2,Långsjön_0708,6741995,1488231,2007,2008,NA,NA,0,NA,0.29,1.14,1.35,8.16,250.14,22.585,170.055,0.169,2080,Falun,S,15,0,0,0,76.23958333,6,NA,2.6,0.472150073,0.277244437,0,0.01154,0.00053,0,0,0,0,0,0,0,0,0.02267,0,0,0.00974,0.01601,0.00078,0.77129,0.02332,0,0,0.05894,0,0,0,0,0,0.0078,0,0,0,0.07738,0,0,0,1,G21-07,0.227051,Sil1
G4-05,F,S,Lövsjön 2,Lövsjön_0708,6685342,1426021,2007,2008,NA,NA,0,NA,0.22,1.15,0.34,5.49,344.432,34.578,177.076,0.336,2021,Vansbro,S,11.533,0,2,0,74.35294118,6,NA,2.6,0.486211557,0.376341369,0,0.00231,0,0,0,0,0,0,0,0,0.00041,0.00163,0,0,0.00086,0.00081,0.00591,0.70071,0.03441,0,0,0.14861,0,0,0,0,0.00114,0.03599,0,0,0.00027,0.06694,0,0,0,1,G4-05,0.25683600000000001,Julu1
M-05-05,M,S,Lövsjön 2,Lövsjön_0708,6685342,1426021,2007,2008,NA,NA,1,NA,0.22,1.15,0.34,5.49,344.432,34.578,177.076,0.336,2021,Vansbro,S,11.533,0,2,0,74.35294118,6,NA,2.6,0.486211557,0.376341369,0,0.00231,0,0,0,0,0,0,0,0,0.00041,0.00163,0,0,0.00086,0.00081,0.00591,0.70071,0.03441,0,0,0.14861,0,0,0,0,0.00114,0.03599,0,0,0.00027,0.06694,0,0,0,1,M-05-05,0.296875,Fil2
G17-05,F,S,Naggen 2,Naggen_0708,6908316,1505976,2007,2008,illegal,NA,0,NA,0.16,0.96,0.08,4.28,387.237,22.789,174.014,0.154,2161,Ljusdal,S,11.68,0,0,0,86.29292929,6,NA,3.1,0.424997558,0.358865737,0,0,0,0,0,0,0,0,0,0,0,9.00E-04,0,0.00031,0.00052,0.00077,0.00159,0.62936,0.08592,0,0,0.17428,0,0,0,0,0.00124,0.05015,0,0,0,0.05495,0,0,0,1,G17-05,0.28125,Fil
G24-07,M,S,Naggen 2,Naggen_0708,6908316,1505976,2007,2008,illegal,NA,0,NA,0.16,0.96,0.08,4.28,387.237,22.789,174.014,0.154,2161,Ljusdal,S,11.68,0,0,0,86.29292929,6,NA,3.1,0.424997558,0.358865737,0,0,0,0,0,0,0,0,0,0,0,9.00E-04,0,0.00031,0.00052,0.00077,0.00159,0.62936,0.08592,0,0,0.17428,0,0,0,0,0.00124,0.05015,0,0,0,0.05495,0,0,0,1,G24-07,0.32421899999999998,Julu3
M-00-07,M,S,Nyskoga 5,Nyskoga_0708,6709601,1347839,2007,2008,NA,NA,1,NA,0.26,0.94,0.29,4.21,313.033,21.737,173.217,0.226,1737,Torsby,S,3.1,0,1,0,76.39583333,6,NA,3.6,0.515090641,0.495945722,0,0.00299,0,0,0,0,0,0,0,0,0,0.00758,0,0,0.00935,0.00249,9.00E-04,0.82616,0.01472,0,0,0.05061,0,0,0,0,0.00058,0.05732,0,0,0.0053,0.02201,0,0,0,1,M-00-07,0.125,Hag2
M-00-08,F,S,Nyskoga 5,Nyskoga_0708,6709601,1347839,2007,2008,NA,NA,1,NA,0.26,0.94,0.29,4.21,313.033,21.737,173.217,0.226,1737,Torsby,S,3.1,0,1,0,76.39583333,6,NA,3.6,0.515090641,0.495945722,0,0.00299,0,0,0,0,0,0,0,0,0,0.00758,0,0,0.00935,0.00249,9.00E-04,0.82616,0.01472,0,0,0.05061,0,0,0,0,0.00058,0.05732,0,0,0.0053,0.02201,0,0,0,1,M-00-08,0.234375,Årj
D-10-22,F,S,Ockelbo 2,Ockelbo_0708,6771877,1537545,2007,2008,NA,NA,0,NA,0.22,1.32,0.67,6.54,216.169,28.4,157.53,0.204,2183,Bollnäs,S,14.833,0,1,0,72.91666667,6,NA,2.4,0.491133716,0.489327608,0,0.00384,0,0,0,0,0.00043,0,0,0,0,0.04199,0,0.00035,0.00031,3.00E-04,0.00579,0.73094,0.0232,0,0,0.12693,0,0,0,0,6.00E-04,0.01754,0,0,0,0.04777,0,0,0,1,D-10-22,0.21972700000000001,Amu1
M-09-10,M,S,Ockelbo 2,Ockelbo_0708,6771877,1537545,2007,2008,NA,NA,1,NA,0.22,1.32,0.67,6.54,216.169,28.4,157.53,0.204,2183,Bollnäs,S,14.833,0,1,0,72.91666667,6,NA,2.4,0.491133716,0.489327608,0,0.00384,0,0,0,0,0.00043,0,0,0,0,0.04199,0,0.00035,0.00031,3.00E-04,0.00579,0.73094,0.0232,0,0,0.12693,0,0,0,0,6.00E-04,0.01754,0,0,0,0.04777,0,0,0,1,M-09-10,0.234375,Årj
M-07-07,M,N,Osdalen 1,Osdalen_0708,6838478,1271644,2007,2008,Illegal,1,1,NA,0.07,0.48,0,2,703.237,19.11,181.317,0.259,432,Rendalen,N,1.69,1,0,0,83.96063577,6,NA,7874,0.49306707,0.296117431,0,0,0,0,0,0,0,0,0,0,0.00342,0.00027,0,0,0,0,0.05212,0.50377,0.00781,0,0.03882,0.02674,0,0.00365,0.14183,0,0,0.17966,0,0,0,0.04191,0,0,0,1,G100-11,0.296875,Grå
M-09-19,F,N,Osdalen 1,Osdalen_0708,6838478,1271644,2007,2008,NA,NA,1,NA,0.07,0.48,0,2,703.237,19.11,181.317,0.259,432,Rendalen,N,1.69,1,0,0,83.96063577,6,NA,7874,0.49306707,0.296117431,0,0,0,0,0,0,0,0,0,0,0.00342,0.00027,0,0,0,0,0.05212,0.50377,0.00781,0,0.03882,0.02674,0,0.00365,0.14183,0,0,0.17966,0,0,0,0.04191,0,0,0,1,M-09-19,0.32421899999999998,Julu3
M-11-09/G77-10,M,S,Rotna 2,Rotna_0708,6716728,1305031,2007,2008,NA,NA,1,NA,0.6,2.03,0.72,6.76,310.071,19.343,184.755,0.17,423,Grue,N,8.299,1,1,0,73.328125,6,NA,7834.6,0.444432344,0.456166249,0,0.00367,0.00061,0,0,0,0,0,0,0,0.00044,0.14422,0,0,0,0.00929,0.00254,0.62146,0.00254,0,0,0.09631,0,0,0,0,0,0.06744,0,0,0.01157,0.03989,0,0,0,1,G77-10,0.21484400000000001,Ulr2
M11-10/G42-10,F,S,Rotna 2,Rotna_0708,6716728,1305031,2007,2008,NA,NA,1,NA,0.6,2.03,0.72,6.76,310.071,19.343,184.755,0.17,423,Grue,N,8.299,1,1,0,73.328125,6,NA,7834.6,0.444432344,0.456166249,0,0.00367,0.00061,0,0,0,0,0,0,0,0.00044,0.14422,0,0,0,0.00929,0.00254,0.62146,0.00254,0,0,0.09631,0,0,0,0,0,0.06744,0,0,0.01157,0.03989,0,0,0,1,G42-10,0.26953100000000002,Ny5
D-09-22,F,S,Sandsjön 1,Sandsjön_0708,6636782,1397521,2007,2008,NA,NA,0,NA,0.27,1.12,0.34,6.16,253.627,35.113,174.026,0.358,1782,Filipstad,S,29.65,0,2,0,70.734375,6,NA,3.6,0.295560057,0.287862352,0,0.00498,0.00091,0,0,0,0,0,0,0,0,0.0095,0,0.00033,0.00128,0.00347,0.00098,0.74409,0.04517,0,0,0.08074,0,0,0,0,0.00097,0.02822,0,0,0,0.07935,0,0,0,1,D-09-22,0.26757799999999998,Grä1
M-07-06,M,S,Sandsjön 1,Sandsjön_0708,6636782,1397521,2007,2008,NA,NA,1,NA,0.27,1.12,0.34,6.16,253.627,35.113,174.026,0.358,1782,Filipstad,S,29.65,0,2,0,70.734375,6,NA,3.6,0.295560057,0.287862352,0,0.00498,0.00091,0,0,0,0,0,0,0,0,0.0095,0,0.00033,0.00128,0.00347,0.00098,0.74409,0.04517,0,0,0.08074,0,0,0,0,0.00097,0.02822,0,0,0,0.07935,0,0,0,1,M-07-06,0.43676799999999999,Hlg2
D-10-20,F,S,Siljansringen 1,Siljansringen_0708,6792116,1457935,2007,2008,NA,NA,0,NA,0.14,1.05,0.16,4.81,318.853,23.108,167.735,0.14,2031,Rättvik,S,4.85,0,1,0,81.52083333,6,NA,2.6,0.44431028,0.396271493,0,0.0021,0.00025,0,0,0.00112,0,0,0,0,0.00073,0.00874,0,0.00175,0.00478,0.00661,5.00E-05,0.69521,0.02114,0,0,0.12689,0,0,0,0,0.00102,0.08394,0,0,0,0.04567,0,0,0,1,D-10-20,0.1875,Fur
M12-05/G9-05,M,S,Siljansringen 1,Siljansringen_0708,6792116,1457935,2007,2008,NA,NA,1,NA,0.14,1.05,0.16,4.81,318.853,23.108,167.735,0.14,2031,Rättvik,S,4.85,0,1,0,81.52083333,6,NA,2.6,0.44431028,0.396271493,0,0.0021,0.00025,0,0,0.00112,0,0,0,0,0.00073,0.00874,0,0.00175,0.00478,0.00661,5.00E-05,0.69521,0.02114,0,0,0.12689,0,0,0,0,0.00102,0.08394,0,0,0,0.04567,0,0,0,1,G9-05,0.1875,Ock1
G10-07,F,S,Skrälldalen,Skrälldalen_0708,6845084,1479285,2007,2008,NA,NA,0,NA,0.2,1.04,0.06,4.12,352.496,22.45,168.866,0.167,2161,Ljusdal,S,4.95,0,3,0,82.46354167,6,NA,2.4,0.617896153,0.248748254,0,0.0016,0,0,0,0,0,0,0,0,0,0.00112,0,0.00029,0.00039,0,0,0.69324,0.00858,0,0,0.17038,0,0,0,0,0.00166,0.06729,0,0,0,0.05544,0,0,0,1,G10-07,0.29296899999999998,Vox
G31-08,M,S,Skrälldalen,Skrälldalen_0708,6845084,1479285,2007,2008,NA,NA,0,NA,0.2,1.04,0.06,4.12,352.496,22.45,168.866,0.167,2161,Ljusdal,S,4.95,0,3,0,82.46354167,6,NA,2.4,0.617896153,0.248748254,0,0.0016,0,0,0,0,0,0,0,0,0,0.00112,0,0.00029,0.00039,0,0,0.69324,0.00858,0,0,0.17038,0,0,0,0,0.00166,0.06729,0,0,0,0.05544,0,0,0,1,G31-08,0.29296899999999998,Vox
G4-08,F,S,Sången 1,Sången_0708,6727863,1437151,2007,2008,NA,NA,0,NA,0.26,0.99,0.43,5.36,296.979,28.895,170.069,0.249,2029,Leksand,S,9.3,0,1,0,74.75,6,NA,2.6,0.359300603,0.144381565,0,0.00492,0,0,0,0,0,0,0,0,0.00018,0.00845,0,0,0.00168,0.00066,0.00207,0.72715,0.05323,0,0,0.09514,0,0,0,0,0.00097,0.01087,0,0,0,0.09467,0,0,0,1,G4-08,0.29345700000000002,Kyn1
G6-08,M,S,Sången 1,Sången_0708,6727863,1437151,2007,2008,NA,NA,0,NA,0.26,0.99,0.43,5.36,296.979,28.895,170.069,0.249,2029,Leksand,S,9.3,0,1,0,74.75,6,NA,2.6,0.359300603,0.144381565,0,0.00492,0,0,0,0,0,0,0,0,0.00018,0.00845,0,0,0.00168,0.00066,0.00207,0.72715,0.05323,0,0,0.09514,0,0,0,0,0.00097,0.01087,0,0,0,0.09467,0,0,0,1,G6-08,0.29345700000000002,Kyn1
G9-07,M,S,Tenskog 1,Tenskog_0708,6832944,1467338,2007,2008,illegal,NA,0,NA,0.22,1,0.07,4.6,333.023,23.205,171.937,0.182,2161,Ljusdal,S,4.9,0,3,0,81.65104167,6,NA,2.4,0.634640851,0.290208529,0,0.00266,0,0,0,0,0,0,0,0,0,0.00028,0,0.00029,0.00068,0,0,0.64995,0.01542,0,0,0.19982,0,0,0,0.00134,0.00201,0.05759,0,0,0.00058,0.06937,0,0,0,1,G9-07,0.265625,Rot1
M-10-01,F,S,Tenskog 1,Tenskog_0708,6832944,1467338,2007,2008,NA,NA,1,NA,0.22,1,0.07,4.6,333.023,23.205,171.937,0.182,2161,Ljusdal,S,4.9,0,3,0,81.65104167,6,NA,2.4,0.634640851,0.290208529,0,0.00266,0,0,0,0,0,0,0,0,0,0.00028,0,0.00029,0.00068,0,0,0.64995,0.01542,0,0,0.19982,0,0,0,0.00134,0.00201,0.05759,0,0,0.00058,0.06937,0,0,0,1,M-10-01,0.29296899999999998,Vox
M-06-02,F,S,Ulriksberg 2,Ulriksberg_0708,6649466,1435714,2007,2008,NA,NA,1,NA,0.3,1.18,0.19,5.98,270.77,33.161,172.748,0.303,1863,Hällefors,S,10.15,0,0,0,72.81182796,6,NA,2.9,0.496875116,0.296244761,0,0.00224,0,0,0,0,0.00035,0.00041,0,0,0,0,0,0.00026,0.00034,0.00215,0.00069,0.76543,0.02994,0,0,0.07447,0,0,0,0,0.00025,0.04362,0,0,0.00049,0.07936,0,0,0,1,M-06-02,0.23877000000000001,Hlg1
M-98-04,M,S,Ulriksberg 2,Ulriksberg_0708,6649466,1435714,2007,2008,NA,NA,1,NA,0.3,1.18,0.19,5.98,270.77,33.161,172.748,0.303,1863,Hällefors,S,10.15,0,0,0,72.81182796,6,NA,2.9,0.496875116,0.296244761,0,0.00224,0,0,0,0,0.00035,0.00041,0,0,0,0,0,0.00026,0.00034,0.00215,0.00069,0.76543,0.02994,0,0,0.07447,0,0,0,0,0.00025,0.04362,0,0,0.00049,0.07936,0,0,0,1,M-98-04,0.1875,Le1
M-05-06,M,S,Uttersberg,Uttersberg_0708,6616244,1489203,2007,2008,NA,NA,1,NA,0.37,1.12,0.52,8.07,104.404,39.634,174.062,0.235,1983,Köping,S,26.325,0,1,0,65.55729167,6,NA,2.3,0.501160593,0.49060184,0,0.00607,0,0,0,0,0,0,0,1.00E-05,0.00028,0.08392,0,0.00117,0.0113,0.016,0.00162,0.64864,0.04483,0,0,0.07692,0,0,0,0.00054,0.00382,0.03685,0,0,0,0.06802,0,0,0,1,M-05-06,0.296875,Fil2
M-06-01,F,S,Uttersberg,Uttersberg_0708,6616244,1489203,2007,2008,NA,NA,1,NA,0.37,1.12,0.52,8.07,104.404,39.634,174.062,0.235,1983,Köping,S,26.325,0,1,0,65.55729167,6,NA,2.3,0.501160593,0.49060184,0,0.00607,0,0,0,0,0,0,0,1.00E-05,0.00028,0.08392,0,0.00117,0.0113,0.016,0.00162,0.64864,0.04483,0,0,0.07692,0,0,0,0.00054,0.00382,0.03685,0,0,0,0.06802,0,0,0,1,M-06-01,0.26953100000000002,Grav
G6-05,M,S,Voxna 1,Voxna_0708,6813654,1491806,2007,2008,censor,NA,0,NA,0.22,1.35,0.59,5.82,264.102,23.73,164.25,0.173,2121,Ovanåker,S,5.167,0,3,0,78.796875,6,NA,2.4,0.446201911,0.271272429,0,0.00658,0.00059,0,0,0,0.00037,0,0,0,0,0.03484,0,0.00079,0.0016,0.00184,0,0.76364,0.00933,0,0,0.11685,0,0,0,0,0,0.01821,0,0,0,0.04535,0,0,0,1,G6-05,0.39843800000000001,DE2
G7-05,F,S,Voxna 1,Voxna_0708,6813654,1491806,2007,2008,illegal,NA,0,NA,0.22,1.35,0.59,5.82,264.102,23.73,164.25,0.173,2121,Ovanåker,S,5.167,0,3,0,78.796875,6,NA,2.4,0.446201911,0.271272429,0,0.00658,0.00059,0,0,0,0.00037,0,0,0,0,0.03484,0,0.00079,0.0016,0.00184,0,0.76364,0.00933,0,0,0.11685,0,0,0,0,0,0.01821,0,0,0,0.04535,0,0,0,1,G7-05,0.1875,Fur
G21-05,M,S,Våmhus 2,Våmhus_0708,6794503,1425662,2007,2008,NA,NA,0,NA,0.21,1.07,0.39,4.3,411.039,27.081,171.279,0.277,2062,Mora,S,4.1,0,1,0,82.85694444,6,NA,2.6,0.447511716,0.272596437,0,0.00397,0,0,0,0.00085,0,0,0,2.00E-05,0.00169,0.00568,0,0.00268,0.00631,0,0,0.76743,0.03832,0,0,0.11498,0,0,0,0.00038,0,0.03955,0,0,0.00101,0.01714,0,0,0,1,G21-05,0.23877000000000001,Hlg1
G29-07,F,S,Våmhus 2,Våmhus_0708,6794503,1425662,2007,2008,NA,NA,0,NA,0.21,1.07,0.39,4.3,411.039,27.081,171.279,0.277,2062,Mora,S,4.1,0,1,0,82.85694444,6,NA,2.6,0.447511716,0.272596437,0,0.00397,0,0,0,0.00085,0,0,0,2.00E-05,0.00169,0.00568,0,0.00268,0.00631,0,0,0.76743,0.03832,0,0,0.11498,0,0,0,0.00038,0,0.03955,0,0,0.00101,0.01714,0,0,0,1,G29-07,0.1875,Fur
D-07-27,M,S,Äppelbo 0,Äppelbo_0708,6705273,1396086,2007,2008,illegal,NA,0,NA,0.27,0.95,0.35,4.36,345.514,29.433,168.029,0.252,2021,Vansbro,S,4.7,0,3,0,76.34375,6,NA,2.6,0.369800851,0.2948464,0,0.0022,0.00038,0,0,0,0,0,0,0,0,0.00646,0,0.00262,0.00353,0.0043,0.00292,0.65621,0.04188,0,0,0.0987,0,0,0,0,3.00E-04,0.11734,0,0,0.00765,0.05549,0,0,0,1,D-07-27,0.32421899999999998,Julu3
G32-07,F,S,Äppelbo 0,Äppelbo_0708,6705273,1396086,2007,2008,NA,NA,0,NA,0.27,0.95,0.35,4.36,345.514,29.433,168.029,0.252,2021,Vansbro,S,4.7,0,3,0,76.34375,6,NA,2.6,0.369800851,0.2948464,0,0.0022,0.00038,0,0,0,0,0,0,0,0,0.00646,0,0.00262,0.00353,0.0043,0.00292,0.65621,0.04188,0,0,0.0987,0,0,0,0,3.00E-04,0.11734,0,0,0.00765,0.05549,0,0,0,1,G32-07,0.227051,Sil1
M-06-09,F,S,Aamäck 1,Aamäck_0809,6671702,1404740,2008,2009,NA,NA,1,NA,0.24,0.98,0.06,5.89,322.45,33.555,176.445,0.32,1782,Filipstad,S,7.58,0,3,0,81.83888889,6,NA,2.9,0.541793034,0.391184164,0,0.00193,0,0,0,0,0,0,0,0,0,0.00067,0,0,0,0.00126,0.00027,0.64531,0.02619,0,0,0.18085,0,0,0,0,0.00173,0.04538,0,0,0,0.09643,0,0,0,1,M-06-09,0.26757799999999998,Grä1
M-09-16,M,S,Aamäck 1,Aamäck_0809,6671702,1404740,2008,2009,NA,NA,1,NA,0.24,0.98,0.06,5.89,322.45,33.555,176.445,0.32,1782,Filipstad,S,7.58,0,3,0,81.83888889,6,NA,2.9,0.541793034,0.391184164,0,0.00193,0,0,0,0,0,0,0,0,0,0.00067,0,0,0,0.00126,0.00027,0.64531,0.02619,0,0,0.18085,0,0,0,0,0.00173,0.04538,0,0,0,0.09643,0,0,0,1,M-09-16,0.26953100000000002,Ny5
G10-06,F,S,Acksjön,Acksjön_0809,6684066,1381563,2008,2009,NA,NA,0,NA,0.28,0.97,0.21,5.53,296.75,33.829,179.528,0.348,1783,Hagfors,S,4.78,0,5,0,81.26470588,6,NA,3,0.623618466,0.576396337,0,0.00188,0.00026,0,0,0,0,0,0,0,0,0.02013,0,0,0.00076,0.00508,0.00387,0.68893,0.01782,0,0,0.11972,0,0,0,0,0.00121,0.05156,0,0,0.00637,0.08242,0,0,0,1,G10-06,0.23877000000000001,Hlg1
M-09-17,M,S,Acksjön,Acksjön_0809,6684066,1381563,2008,2009,NA,NA,1,NA,0.28,0.97,0.21,5.53,296.75,33.829,179.528,0.348,1783,Hagfors,S,4.78,0,5,0,81.26470588,6,NA,3,0.623618466,0.576396337,0,0.00188,0.00026,0,0,0,0,0,0,0,0,0.02013,0,0,0.00076,0.00508,0.00387,0.68893,0.01782,0,0,0.11972,0,0,0,0,0.00121,0.05156,0,0,0.00637,0.08242,0,0,0,1,M-09-17,0.1875,Fur
D-10-30,M,S,Amungen 2,Amungen_0809,6780001,1500672,2008,2009,NA,NA,0,NA,0.11,1.07,0.06,4.53,312.677,25.733,175.774,0.17,2121,Ovanåker,S,13.275,0,1,0,84.19385027,6,NA,2.5,0.470061699,0.491489324,0,0.00032,0,0,0,0,0,0,0,0,0,0.00204,0,0.00053,0.00033,0.00049,0.00228,0.6712,0.03763,0,0,0.12689,0,0,0,0,0.00096,0.03818,0,0,0,0.11914,0,0,0,1,D-10-30,0.26953100000000002,Ny5
M-05-12,F,S,Amungen 2,Amungen_0809,6780001,1500672,2008,2009,NA,NA,1,NA,0.11,1.07,0.06,4.53,312.677,25.733,175.774,0.17,2121,Ovanåker,S,13.275,0,1,0,84.19385027,6,NA,2.5,0.470061699,0.491489324,0,0.00032,0,0,0,0,0,0,0,0,0,0.00204,0,0.00053,0.00033,0.00049,0.00228,0.6712,0.03763,0,0,0.12689,0,0,0,0,0.00096,0.03818,0,0,0,0.11914,0,0,0,1,M-05-12,0.1875,Ock1
D-11-29,M,S,Bogen 2,Bogen_0809,6635228,1325238,2008,2009,NA,NA,0,NA,0.39,1.13,0.97,8.01,202.902,35.963,177.071,0.414,1784,Arvika,S,12.233,0,1,0,70.28431373,6,NA,3.2,0.405055049,0.16202202,0,0.00756,0.00296,0,0,0,0.00035,0.00069,0,0.00103,0.00051,0.04941,0,0.00033,0.01062,0.02063,0.00185,0.74453,0.02915,0,0,0.03042,0,0,0,0,0,0.00371,0,0,0.00025,0.09601,0,0,0,1,D-11-29,0.26757799999999998,Grä1
G18-09,F,S,Bogen 2,Bogen_0809,6635228,1325238,2008,2009,illegal,NA,0,NA,0.39,1.13,0.97,8.01,202.902,35.963,177.071,0.414,1784,Arvika,S,12.233,0,1,0,70.28431373,6,NA,3.2,0.405055049,0.16202202,0,0.00756,0.00296,0,0,0,0.00035,0.00069,0,0.00103,0.00051,0.04941,0,0.00033,0.01062,0.02063,0.00185,0.74453,0.02915,0,0,0.03042,0,0,0,0,0,0.00371,0,0,0.00025,0.09601,0,0,0,1,G18-09,0.31445299999999998,Jang3
G28-09,M,S,Brattfors 1,Brattfors_0809,6614726,1397040,2008,2009,NA,NA,0,NA,0.37,1.14,0.65,9.33,177.959,38.11,176.386,0.326,1782,Filipstad,S,30.525,0,2,0,68.7020202,6,NA,3.2,0.393855135,0.228571367,0,0.00853,0.00166,0,0,0,0.00095,0,0,0,0.00141,0.07676,0,0.0012,0.00541,0.00782,0.00435,0.65937,0.04943,0,0,0.05637,0,0,0,0,0.00086,0.0463,0,0,0,0.07958,0,0,0,1,G28-09,0.31445299999999998,Jang3
G9-09,F,S,Brattfors 1,Brattfors_0809,6614726,1397040,2008,2009,NA,NA,0,NA,0.37,1.14,0.65,9.33,177.959,38.11,176.386,0.326,1782,Filipstad,S,30.525,0,2,0,68.7020202,6,NA,3.2,0.393855135,0.228571367,0,0.00853,0.00166,0,0,0,0.00095,0,0,0,0.00141,0.07676,0,0.0012,0.00541,0.00782,0.00435,0.65937,0.04943,0,0,0.05637,0,0,0,0,0.00086,0.0463,0,0,0,0.07958,0,0,0,1,G9-09,0.26757799999999998,Grä1
D-08-15/G27-06,M,S,Bredfjället 1,Bredfjället_0809,6468313,1282213,2008,2009,legal,NA,0,Hanen I Kroppefjäll D-08-15)   Flyttade 2007/08 till Bredfjället 1,0.63,1.65,3.44,16.65,76.668,39.351,180.971,0.311,1485,Uddevalla,S,64.786,0,1,0,43.046875,6,NA,2.4,0.335901642,0.134360657,0.00209,0.04504,0.01439,0.00061,0,0.00066,0.00155,0.00139,0,0.00376,0.00205,0.16251,0,0.01476,0.00641,0.05976,0.04223,0.46695,0.05999,0,0,0.02364,0,0,0,0,0.00082,0.00849,0,0,0.00754,0.03378,0,0,0.04158,1,D-08-15,0.26953100000000002,Ny5
G17-08,F,S,Bredfjället 1,Bredfjället_0809,6468313,1282213,2008,2009,NA,NA,0,NA,0.63,1.65,3.44,16.65,76.668,39.351,180.971,0.311,1485,Uddevalla,S,64.786,0,1,0,43.046875,6,NA,2.4,0.335901642,0.134360657,0.00209,0.04504,0.01439,0.00061,0,0.00066,0.00155,0.00139,0,0.00376,0.00205,0.16251,0,0.01476,0.00641,0.05976,0.04223,0.46695,0.05999,0,0,0.02364,0,0,0,0,0.00082,0.00849,0,0,0.00754,0.03378,0,0,0.04158,1,G17-08,0.39843800000000001,DE2
G1-08,F,S,Dals Ed 5,DalsEd-Halden_0809,6551697,1263469,2008,2009,NA,NA,0,NA,0.43,1.23,0.13,6.78,160.299,36.099,179.197,0.4,101,Halden,N,18.558,1,1,0,52.48989899,6,NA,653,0.496731127,0.357300665,0,0.00241,0,0,0,0,0.00026,0,0,0.00033,0,0.02524,0,0.00087,0.00161,0.01739,0.00843,0.72647,0.02914,0,0.00035,0.0286,0,6.00E-04,0,0,0,0.04102,0,0,0.00034,0.10658,0,0.00115,0.00921,1,G1-08,0.29003899999999999,DE4
G28-07,M,S,Dals Ed 5,DalsEd-Halden_0809,6551697,1263469,2008,2009,NA,NA,0,NA,0.43,1.23,0.13,6.78,160.299,36.099,179.197,0.4,101,Halden,N,18.558,1,1,0,52.48989899,6,NA,653,0.496731127,0.357300665,0,0.00241,0,0,0,0,0.00026,0,0,0.00033,0,0.02524,0,0.00087,0.00161,0.01739,0.00843,0.72647,0.02914,0,0.00035,0.0286,0,6.00E-04,0,0,0,0.04102,0,0,0.00034,0.10658,0,0.00115,0.00921,1,G28-07,0.227051,Sil1
M-09-04,M,S,Fulufjellet 1,Fulufjellet_0809,6814154,1353265,2008,2009,NA,NA,1,NA,0.19,0.6,0.17,2.88,532.336,20.022,170.975,0.141,2023,Malung,S,1.946,1,1,0,85.44791667,6,NA,594.1,0.484891059,0.193956423,0,0,0,0,0,0,0,0,0,0,0.0019,0,0,3.00E-04,0,0.00072,0.00675,0.60877,0.01877,0,0.07928,0.09884,0,0.00253,0.01544,0,0.00429,0.13113,0,0,0.00113,0.03015,0,0,0,1,M-09-04,0.29052699999999998,Julu2
M-09-06,F,S,Fulufjellet 1,Fulufjellet_0809,6814154,1353265,2008,2009,NA,NA,1,NA,0.19,0.6,0.17,2.88,532.336,20.022,170.975,0.141,2023,Malung,S,1.946,1,1,0,85.44791667,6,NA,594.1,0.484891059,0.193956423,0,0,0,0,0,0,0,0,0,0,0.0019,0,0,3.00E-04,0,0.00072,0.00675,0.60877,0.01877,0,0.07928,0.09884,0,0.00253,0.01544,0,0.00429,0.13113,0,0,0.00113,0.03015,0,0,0,1,M-09-06,0.26757799999999998,Grä1
M-09-03,M,S,Galven,Galven_0809,6826916,1501737,2008,2009,NA,NA,1,NA,0.2,1.2,0.32,5.11,298.017,22.416,166.826,0.17,2121,Ovanåker,S,8.067,0,1,0,84.75,6,NA,2.5,0.461367776,0.220460381,0,0.00047,0,0,0,0,0,0,0,0,0,0.00869,0,0.00027,0.00027,0.00092,0.00031,0.77129,0.02118,0,0,0.11694,0,0,0,0,0,0.02735,0,0,0,0.0523,0,0,0,1,M-09-03,NA,[Immigrant]
M-09-14,F,S,Galven,Galven_0809,6826916,1501737,2008,2009,NA,NA,1,NA,0.2,1.2,0.32,5.11,298.017,22.416,166.826,0.17,2121,Ovanåker,S,8.067,0,1,0,84.75,6,NA,2.5,0.461367776,0.220460381,0,0.00047,0,0,0,0,0,0,0,0,0,0.00869,0,0.00027,0.00027,0.00092,0.00031,0.77129,0.02118,0,0,0.11694,0,0,0,0,0,0.02735,0,0,0,0.0523,0,0,0,1,M-09-14,0.29296899999999998,Vox
G26-09,M,S,Glaskogen 2,Glaskogen_0809,6594196,1308553,2008,2009,NA,NA,0,NA,0.22,1.09,0.16,6.14,191.509,37.204,176.302,0.407,1765,Årjäng,S,11.9,0,0,0,66.90860215,6,NA,3.2,0.25007256,0.100029024,0,0.00337,0.00047,0,0,0,0,0,0,0,0.00075,0.02444,0,0.00255,0.00163,0.0106,0.00249,0.72151,0.04786,0,0,0.037,0,0,0,0,0,0.00693,0,0,0,0.14041,0,0,0,1,G26-09,0.30590800000000001,Ack
G7-09,F,S,Glaskogen 2,Glaskogen_0809,6594196,1308553,2008,2009,NA,NA,0,NA,0.22,1.09,0.16,6.14,191.509,37.204,176.302,0.407,1765,Årjäng,S,11.9,0,0,0,66.90860215,6,NA,3.2,0.25007256,0.100029024,0,0.00337,0.00047,0,0,0,0,0,0,0,0.00075,0.02444,0,0.00255,0.00163,0.0106,0.00249,0.72151,0.04786,0,0,0.037,0,0,0,0,0,0.00693,0,0,0,0.14041,0,0,0,1,G7-09,0.27050800000000003,Eds
G14-06,M,S,Gräsmark 2,Gräsmark_0809,6668363,1330698,2008,2009,illegal,NA,0,NA,0.29,1.28,0.49,5.47,266.981,35.349,167.753,0.413,1766,Sunne,S,11.489,1,2,0,78.78571429,6,NA,410.9,0.468769968,0.342497536,0,0.00558,0.00052,0,0,0.00047,0,0,0,0.00034,0.00064,0.01935,0,0,0.003,0.01038,0.00073,0.79386,0.01631,0,0,0.06936,0,0,0,0,0,0.019,0,0,0,0.06047,0,0,0,1,G14-06,0.43359399999999998,Has2
M-06-10,F,S,Gräsmark 2,Gräsmark_0809,6668363,1330698,2008,2009,NA,NA,1,NA,0.29,1.28,0.49,5.47,266.981,35.349,167.753,0.413,1766,Sunne,S,11.489,1,2,0,78.78571429,6,NA,410.9,0.468769968,0.342497536,0,0.00558,0.00052,0,0,0.00047,0,0,0,0.00034,0.00064,0.01935,0,0,0.003,0.01038,0.00073,0.79386,0.01631,0,0,0.06936,0,0,0,0,0,0.019,0,0,0,0.06047,0,0,0,1,M-06-10,0.296875,Grå
G31-06,F,S,Görsjön,Görsjön_0809,6738717,1419407,2008,2009,NA,NA,0,NA,0.17,1.15,0.26,4.82,336.725,29.814,173.953,0.27,2062,Mora,S,6.65,0,1,0,83.92708333,6,NA,2.4,0.553905339,0.320968697,0,0.00129,0,0,0,0,0,0,0,0,0,0,0,0,0.00024,0,0.00052,0.76285,0.02101,0,0,0.10748,0,0,0,0,0.00153,0.03586,0,0,1.00E-04,0.06912,0,0,0,1,G31-06,0.23535200000000001,Dju1
M-06-03,M,S,Görsjön,Görsjön_0809,6738717,1419407,2008,2009,NA,NA,1,NA,0.17,1.15,0.26,4.82,336.725,29.814,173.953,0.27,2062,Mora,S,6.65,0,1,0,83.92708333,6,NA,2.4,0.553905339,0.320968697,0,0.00129,0,0,0,0,0,0,0,0,0,0,0,0,0.00024,0,0.00052,0.76285,0.02101,0,0,0.10748,0,0,0,0,0.00153,0.03586,0,0,1.00E-04,0.06912,0,0,0,1,M-06-03,0.30224600000000001,Utt
D-10-29,M,S,Halgån 3,Halgån_0809,6708614,1364840,2008,2009,NA,NA,0,NA,0.24,0.77,0.13,3.88,356.317,25.485,178.793,0.239,1737,Torsby,S,4.167,0,4,0,82.83333333,6,NA,3,0.627744743,0.534835811,0,0.00195,0,0,0,0,0,0,0,0,0,0.00846,0,0,0.0046,0.00132,0.00111,0.72705,0.03387,0,0,0.03427,0,0,0,0,0.00099,0.16234,0,0,0.00543,0.01861,0,0,0,1,D-10-29,0.227051,Sil1
M-02-06,F,S,Halgån 3,Halgån_0809,6708614,1364840,2008,2009,NA,NA,1,NA,0.24,0.77,0.13,3.88,356.317,25.485,178.793,0.239,1737,Torsby,S,4.167,0,4,0,82.83333333,6,NA,3,0.627744743,0.534835811,0,0.00195,0,0,0,0,0,0,0,0,0,0.00846,0,0,0.0046,0.00132,0.00111,0.72705,0.03387,0,0,0.03427,0,0,0,0,0.00099,0.16234,0,0,0.00543,0.01861,0,0,0,1,M-02-06,0.26953100000000002,Ny5
D-08-20,M,S,Hasselfors 3,Hasselfors_0809,6549027,1423680,2008,2009,legal,NA,0,NA,0.33,1.29,0.93,8.76,112.881,36.674,182.962,0.159,1860,Laxå,S,19.6,0,0,0,48.75268817,6,NA,2.7,0.48675867,0.469017054,0,0.00754,0.00156,1.00E-04,0,0,0.00054,0,0,0.00027,0.00056,0.06118,0,0.00272,0.00348,0.0052,0.00975,0.55384,0.08046,0,0,0.05095,0,0,0,0,0.0044,0.05364,0,0,0.00301,0.1608,0,0,0,1,D-08-20,0.32421899999999998,Julu3
G37-07,F,S,Hasselfors 3,Hasselfors_0809,6549027,1423680,2008,2009,NA,NA,0,NA,0.33,1.29,0.93,8.76,112.881,36.674,182.962,0.159,1860,Laxå,S,19.6,0,0,0,48.75268817,6,NA,2.7,0.48675867,0.469017054,0,0.00754,0.00156,1.00E-04,0,0,0.00054,0,0,0.00027,0.00056,0.06118,0,0.00272,0.00348,0.0052,0.00975,0.55384,0.08046,0,0,0.05095,0,0,0,0,0.0044,0.05364,0,0,0.00301,0.1608,0,0,0,1,G37-07,0.43359399999999998,Has2
D-09-23,F,S,Herrestad,Herrestad_0809,6495438,1266244,2008,2009,legal,NA,0,NA,0.48,1.45,1.51,9.54,105.793,38.255,179.719,0.348,1430,Munkedal,S,41.217,0,3,0,45.32323232,6,NA,2.4,0.349542789,0.171939792,0,0.0116,7.00E-04,0.00028,0,0,0.00049,0,0,0.00086,0.00213,0.14701,0,0.00663,0.00491,0.042,0.02963,0.62228,0.03866,0,0,0.02864,0,0,0,0,0,0.01746,0,0,0,0.03003,0,0,0.0167,1,D-09-23,0.29003899999999999,DE4
G4-09,M,S,Herrestad,Herrestad_0809,6495438,1266244,2008,2009,censor,NA,0,NA,0.48,1.45,1.51,9.54,105.793,38.255,179.719,0.348,1430,Munkedal,S,41.217,0,3,0,45.32323232,6,NA,2.4,0.349542789,0.171939792,0,0.0116,7.00E-04,0.00028,0,0,0.00049,0,0,0.00086,0.00213,0.14701,0,0.00663,0.00491,0.042,0.02963,0.62228,0.03866,0,0,0.02864,0,0,0,0,0,0.01746,0,0,0,0.03003,0,0,0.0167,1,G4-09,0.26757799999999998,Grä1
D-10-25,M,S,Jangen 4,Jangen_0809,6664650,1362800,2008,2009,NA,NA,0,NA,0.33,1.19,0.37,6.47,211.386,36.467,177.128,0.415,1783,Hagfors,S,6.8,0,3,0,76.97311828,6,NA,3.2,0.543714233,0.539163033,0,0.00631,0.00026,0,0,0.00119,0,0,0,0,0.00052,0.06152,0,0.00079,0.00496,0.01831,0.00382,0.71489,0.01522,0,0,0.05792,0,0,0,0,0.00063,0.01885,0,0,0.00878,0.08603,0,0,0,1,D-10-25,0.26953100000000002,Ny5
M-06-05,F,S,Jangen 4,Jangen_0809,6664650,1362800,2008,2009,NA,NA,1,NA,0.33,1.19,0.37,6.47,211.386,36.467,177.128,0.415,1783,Hagfors,S,6.8,0,3,0,76.97311828,6,NA,3.2,0.543714233,0.539163033,0,0.00631,0.00026,0,0,0.00119,0,0,0,0,0.00052,0.06152,0,0.00079,0.00496,0.01831,0.00382,0.71489,0.01522,0,0,0.05792,0,0,0,0,0.00063,0.01885,0,0,0.00878,0.08603,0,0,0,1,M-06-05,0.26953100000000002,Ny5
G23-07,M,N,Julussa 5,Julussa_0809,6788647,1272635,2008,2009,Illegal,NA,0,NA,0.24,1.23,0.55,6.74,435.963,20.144,180.135,0.201,429,Åmot,N,5.635,1,0,0,87.96354167,6,NA,7998,0.49969507,0.506576188,0,0.00162,0.00105,0,0,0,0,0,0,0,0.00215,0.00799,0,0,0.00038,0.01643,4.00E-04,0.62935,0,0,0.00178,0.14922,0,0,0.00881,0,0,0.1447,0,0,0.00651,0.02961,0,0,0,1,G23-07,0.43847700000000001,Löv1
M-03-05,F,N,Julussa 5,Julussa_0809,6788647,1272635,2008,2009,NA,NA,1,NA,0.24,1.23,0.55,6.74,435.963,20.144,180.135,0.201,429,Åmot,N,5.635,1,0,0,87.96354167,6,NA,7998,0.49969507,0.506576188,0,0.00162,0.00105,0,0,0,0,0,0,0,0.00215,0.00799,0,0,0.00038,0.01643,4.00E-04,0.62935,0,0,0.00178,0.14922,0,0,0.00881,0,0,0.1447,0,0,0.00651,0.02961,0,0,0,1,M-03-05,0.26953100000000002,Ny5
M-06-06,M,S,Juvberget 1,Juvberget_0809,6755833,1308802,2008,2009,NA,NA,1,NA,0.2,1.3,0,4.85,402.746,19.52,169.514,0.168,426,Våler,N,6.769,1,2,0,84.375,6,NA,4592.2,0.605145621,0.631387982,0,0.00083,0,0,0,0,0,0,0,0,0.00061,0.00035,0,9.00E-05,0,0.00163,0.00171,0.58327,0.04992,0,0,0.14245,0,0,0.0025,0,0,0.1972,0,0,0.00099,0.01846,0,0,0,1,M-06-06,0.28125,Fil
M-05-10,F,S,Juvberget 1,Juvberget_0809,6755833,1308802,2008,2009,NA,NA,1,NA,0.2,1.3,0,4.85,402.746,19.52,169.514,0.168,426,Våler,N,6.769,1,2,0,84.375,6,NA,4592.2,0.605145621,0.631387982,0,0.00083,0,0,0,0,0,0,0,0,0.00061,0.00035,0,9.00E-05,0,0.00163,0.00171,0.58327,0.04992,0,0,0.14245,0,0,0.0025,0,0,0.1972,0,0,0.00099,0.01846,0,0,0,1,M-05-10,0.21875,Tyn
M-05-07,F,S,Kloten,Kloten_0809,6643043,1476102,2008,2009,NA,NA,1,NA,0.3,1.29,0.25,6.17,235.975,32.214,173.036,0.269,2061,Smedjebacken,S,17.84,0,1,0,76.28645833,6,NA,2.4,0.509592419,0.222794448,0,0.00314,0,0,0,0,0.00052,0,0,0,5.00E-04,0.02193,0,0.00061,0.00439,0.00981,0.00154,0.7781,0.01515,0,0,0.08368,0,0,0,0,0,0.00849,0,0,0,0.07213,0,0,0,1,M-05-07,0.30224600000000001,Utt
M-09-18,M,S,Kloten,Kloten_0809,6643043,1476102,2008,2009,NA,NA,1,NA,0.3,1.29,0.25,6.17,235.975,32.214,173.036,0.269,2061,Smedjebacken,S,17.84,0,1,0,76.28645833,6,NA,2.4,0.509592419,0.222794448,0,0.00314,0,0,0,0,0.00052,0,0,0,5.00E-04,0.02193,0,0.00061,0.00439,0.00981,0.00154,0.7781,0.01515,0,0,0.08368,0,0,0,0,0,0.00849,0,0,0,0.07213,0,0,0,1,M-09-18,0.29980499999999999,Krp2
G13-07,M,S,Korsån 1,Korsån_0809,6722473,1514937,2008,2009,illegal,NA,0,NA,0.27,1.42,1.02,8.07,204.806,28.577,176.484,0.2,2080,Falun,S,23.98,0,1,0,81.83885732,6,NA,2.4,0.460105857,0.276405879,0,0.01314,0.00192,0,0,0,0,0,0,0.00032,0.00029,0.03232,0,0.00039,0.00266,0.00669,0.00076,0.71277,0.01752,0,0,0.1183,0,0,0,0,0,0.00593,0,0,0.00059,0.0864,0,0,0,1,G13-07,0.1875,Fur
M-05-11,F,S,Korsån 1,Korsån_0809,6722473,1514937,2008,2009,NA,NA,1,NA,0.27,1.42,1.02,8.07,204.806,28.577,176.484,0.2,2080,Falun,S,23.98,0,1,0,81.83885732,6,NA,2.4,0.460105857,0.276405879,0,0.01314,0.00192,0,0,0,0,0,0,0.00032,0.00029,0.03232,0,0.00039,0.00266,0.00669,0.00076,0.71277,0.01752,0,0,0.1183,0,0,0,0,0,0.00593,0,0,0.00059,0.0864,0,0,0,1,M-05-11,0.21972700000000001,Amu1
D-10-27,M,S,Kroppefjäll 3,Kroppefjäll_0809,6505130,1285907,2008,2009,NA,NA,0,NA,0.48,1.25,0.55,8.57,119.877,40.279,176.705,0.294,1439,Färgelanda,S,22.78,0,2,0,42.11979167,6,NA,2.4,0.552551252,0.499473966,0,0.00751,0,0,0,0,3.00E-04,0,0,0,0.00061,0.28561,0,0.00482,0.00318,0.03715,0.02247,0.48917,0.05259,0,0,0.02256,0,0,0,0,0.00074,0.03374,0,0,0,0.03952,0,0,0,1,D-10-27,0.29003899999999999,DE4
D-11-30,F,S,Kroppefjäll 3,Kroppefjäll_0809,6505130,1285907,2008,2009,NA,NA,0,NA,0.48,1.25,0.55,8.57,119.877,40.279,176.705,0.294,1439,Färgelanda,S,22.78,0,2,0,42.11979167,6,NA,2.4,0.552551252,0.499473966,0,0.00751,0,0,0,0,3.00E-04,0,0,0,0.00061,0.28561,0,0.00482,0.00318,0.03715,0.02247,0.48917,0.05259,0,0,0.02256,0,0,0,0,0.00074,0.03374,0,0,0,0.03952,0,0,0,1,D-11-30,0.29980499999999999,Krp2
M-07-05,F,N,Kynna 2,Kynna_0809,6753064,1290026,2008,2009,NA,NA,1,NA,0.35,1.35,0.67,7.11,358.095,21.926,176.506,0.192,427,Elverum,N,9.535,1,1,0,85.09375,6,NA,7998,0.508014413,0.479344901,0,0.00084,0.00066,0,0,0,0,0,0,0,0.00168,0.06945,0,0,6.00E-05,0.01769,0.0017,0.54343,0.00464,0,0,0.19534,0,0,0.0025,0,0,0.14448,0,0,0.00541,0.01212,0,0,0,1,M-07-05,0.29345700000000002,Kyn1
M-10-10,M,N,Kynna 2,Kynna_0809,6753064,1290026,2008,2009,NA,NA,1,NA,0.35,1.35,0.67,7.11,358.095,21.926,176.506,0.192,427,Elverum,N,9.535,1,1,0,85.09375,6,NA,7998,0.508014413,0.479344901,0,0.00084,0.00066,0,0,0,0,0,0,0,0.00168,0.06945,0,0,6.00E-05,0.01769,0.0017,0.54343,0.00464,0,0,0.19534,0,0,0.0025,0,0,0.14448,0,0,0.00541,0.01212,0,0,0,1,M-10-10,NA,[Immigrant]
G28-06,F,S,Loka 1,Loka_0809,6603975,1429054,2008,2009,NA,NA,0,NA,0.36,1.14,0.3,7.41,203.732,32.56,177.213,0.272,1863,Hällefors,S,21.12,0,1,0,73.14429884,6,NA,2.8,0.544076994,0.410695864,0,0.00628,0.00042,0,0,0,0.00036,0,0,0,0,0.03358,0,0.00124,0.00434,0.00213,0.00063,0.69343,0.07993,0,0,0.03469,0,0,0,0,0.00108,0.00837,0,0,0.00218,0.13132,0,0,0,1,G28-06,0.26074199999999997,Kil1
G4-07,M,S,Loka 1,Loka_0809,6603975,1429054,2008,2009,NA,NA,0,NA,0.36,1.14,0.3,7.41,203.732,32.56,177.213,0.272,1863,Hällefors,S,21.12,0,1,0,73.14429884,6,NA,2.8,0.544076994,0.410695864,0,0.00628,0.00042,0,0,0,0.00036,0,0,0,0,0.03358,0,0.00124,0.00434,0.00213,0.00063,0.69343,0.07993,0,0,0.03469,0,0,0,0,0.00108,0.00837,0,0,0.00218,0.13132,0,0,0,1,G4-07,0.296875,Grå
G18-08,F,S,Långsjön 3,Långsjön_0809,6741922,1487686,2008,2009,NA,NA,0,NA,0.3,1.15,1.3,8.06,251.318,22.704,170.118,0.171,2080,Falun,S,15,0,1,0,81.98989899,6,NA,2.4,0.500501795,0.379268612,0,0.01167,0.00053,0,0,0,0,0,0,0,0,0.02182,0,0,0.00957,0.01576,0.00078,0.77381,0.02394,0,0,0.05796,0,0,0,0,0,0.00807,0,0,0,0.07609,0,0,0,1,G18-08,0.227051,Sil1
G21-07,M,S,Långsjön 3,Långsjön_0809,6741922,1487686,2008,2009,NA,NA,0,NA,0.3,1.15,1.3,8.06,251.318,22.704,170.118,0.171,2080,Falun,S,15,0,1,0,81.98989899,6,NA,2.4,0.500501795,0.379268612,0,0.01167,0.00053,0,0,0,0,0,0,0,0,0.02182,0,0,0.00957,0.01576,0.00078,0.77381,0.02394,0,0,0.05796,0,0,0,0,0,0.00807,0,0,0,0.07609,0,0,0,1,G21-07,0.227051,Sil1
G4-05,F,S,Lövsjön 2,Lövsjön_0809,6683075,1435327,2008,2009,NA,NA,0,NA,0.22,1.17,0.16,5.55,315.862,36.415,172.109,0.333,2085,Ludvika,S,10.875,0,1,0,83.34375,6,NA,2.4,0.447271177,0.390628674,0,0.00114,0,0,0,0,0,0,0,0,0,0.00118,0,0.00027,0.00116,0.00328,0.00298,0.74331,0.02339,0,0,0.11024,0,0,0,0,0.00174,0.0432,0,0,0,0.06811,0,0,0,1,G4-05,0.25683600000000001,Julu1
M-05-05,M,S,Lövsjön 2,Lövsjön_0809,6683075,1435327,2008,2009,NA,NA,1,NA,0.22,1.17,0.16,5.55,315.862,36.415,172.109,0.333,2085,Ludvika,S,10.875,0,1,0,83.34375,6,NA,2.4,0.447271177,0.390628674,0,0.00114,0,0,0,0,0,0,0,0,0,0.00118,0,0.00027,0.00116,0.00328,0.00298,0.74331,0.02339,0,0,0.11024,0,0,0,0,0.00174,0.0432,0,0,0,0.06811,0,0,0,1,M-05-05,0.296875,Fil2
M-00-07,M,S,Nyskoga 5,Nyskoga_0809,6712498,1343200,2008,2009,NA,NA,1,NA,0.25,0.95,0.44,4.08,338.215,20.511,169.856,0.226,1737,Torsby,S,3,0,4,0,83.53535354,6,NA,3.2,0.526165298,0.50555552,0,0.00217,0,0,0,0,0,0,0,0,0.00082,0.00688,0,0,0.00786,0.00169,0.00064,0.84335,0.01638,0,0,0.05493,0,0,0,0,0.00058,0.0442,0,0,0.00493,0.01558,0,0,0,1,M-00-07,0.125,Hag2
M-00-08,F,S,Nyskoga 5,Nyskoga_0809,6712498,1343200,2008,2009,NA,NA,1,NA,0.25,0.95,0.44,4.08,338.215,20.511,169.856,0.226,1737,Torsby,S,3,0,4,0,83.53535354,6,NA,3.2,0.526165298,0.50555552,0,0.00217,0,0,0,0,0,0,0,0,0.00082,0.00688,0,0,0.00786,0.00169,0.00064,0.84335,0.01638,0,0,0.05493,0,0,0,0,0.00058,0.0442,0,0,0.00493,0.01558,0,0,0,1,M-00-08,0.234375,Årj
D-10-22,F,S,Ockelbo 2,Ockelbo_0809,6775323,1533556,2008,2009,NA,NA,0,NA,0.23,1.28,0.61,6.2,237.735,28.439,158.772,0.212,2183,Bollnäs,S,14.8,0,1,0,84.171875,6,NA,2.5,0.502431852,0.540177789,0,0.00587,0,0,0,0,0,0,0,0.00027,0,0.03959,0,0.00028,0.00082,0.00067,0.00463,0.7151,0.01885,0,0,0.14335,0,0,0,0,0.00074,0.02187,0,0,0,0.04797,0,0,0,1,D-10-22,0.21972700000000001,Amu1
M-09-10,M,S,Ockelbo 2,Ockelbo_0809,6775323,1533556,2008,2009,other,NA,1,tumour,0.23,1.28,0.61,6.2,237.735,28.439,158.772,0.212,2183,Bollnäs,S,14.8,0,1,0,84.171875,6,NA,2.5,0.502431852,0.540177789,0,0.00587,0,0,0,0,0,0,0,0.00027,0,0.03959,0,0.00028,0.00082,0.00067,0.00463,0.7151,0.01885,0,0,0.14335,0,0,0,0,0.00074,0.02187,0,0,0,0.04797,0,0,0,1,M-09-10,0.234375,Årj
M-09-05,M,N,Osdalen 2,Osdalen_0809,6839895,1267298,2008,2009,NA,NA,1,NA,0.09,0.56,0,2.14,674.054,19.851,178.882,0.281,432,Rendalen,N,0.846,1,0,0,91.40625,6,NA,7998,0.486073304,0.365522993,0,0,0,0,0,0,0,0,0,0,0.00342,0.0012,0,0,0,0.00214,0.04617,0.55349,0.00684,0,0.03121,0.03353,0,0.00028,0.11157,0,0,0.16207,0,0,0,0.04808,0,0,0,1,M-09-05,0.21972700000000001,Amu1
M-09-19,F,N,Osdalen 2,Osdalen_0809,6839895,1267298,2008,2009,NA,NA,1,NA,0.09,0.56,0,2.14,674.054,19.851,178.882,0.281,432,Rendalen,N,0.846,1,0,0,91.40625,6,NA,7998,0.486073304,0.365522993,0,0,0,0,0,0,0,0,0,0,0.00342,0.0012,0,0,0,0.00214,0.04617,0.55349,0.00684,0,0.03121,0.03353,0,0.00028,0.11157,0,0,0.16207,0,0,0,0.04808,0,0,0,1,M-09-19,0.32421899999999998,Julu3
M-11-09/G77-10,M,S,Rotna 2,Rotna_0809,6724151,1319623,2008,2009,NA,NA,1,NA,0.35,1.73,0.01,4.67,391.606,19.644,183.449,0.192,425,Åsnes,N,5.45,1,3,0,84.04901961,6,NA,4240.4,0.39556905,0.397183927,0,0,0,0,0,0,0,0,0,0,0,0.00754,0,0,0.00044,0.00073,0.00156,0.72632,0.03755,0,0,0.09818,0,0,0,0,0.00056,0.08401,0,0,0,0.04312,0,0,0,1,G77-10,0.21484400000000001,Ulr2
M11-10/G42-10,F,S,Rotna 2,Rotna_0809,6724151,1319623,2008,2009,NA,NA,1,NA,0.35,1.73,0.01,4.67,391.606,19.644,183.449,0.192,425,Åsnes,N,5.45,1,3,0,84.04901961,6,NA,4240.4,0.39556905,0.397183927,0,0,0,0,0,0,0,0,0,0,0,0.00754,0,0,0.00044,0.00073,0.00156,0.72632,0.03755,0,0,0.09818,0,0,0,0,0.00056,0.08401,0,0,0,0.04312,0,0,0,1,G42-10,0.26953100000000002,Ny5
D-09-22,F,S,Sandsjön 1,Sandsjön_0809,6639708,1393944,2008,2009,legal,NA,0,NA,0.26,1.11,0.11,5.67,258.228,34.771,176.045,0.363,1782,Filipstad,S,29.08,0,2,0,79.83838384,6,NA,3.2,0.570679561,0.298093655,0,0.00116,0,0,0,0,0,0,0,0,0,0.0099,0,0.00033,0.00128,0.00315,0.00141,0.76429,0.03321,0,0,0.08414,0,0,0,0,0.00097,0.02732,0,0,0,0.07283,0,0,0,1,D-09-22,0.26757799999999998,Grä1
M-07-06,M,S,Sandsjön 1,Sandsjön_0809,6639708,1393944,2008,2009,NA,NA,1,NA,0.26,1.11,0.11,5.67,258.228,34.771,176.045,0.363,1782,Filipstad,S,29.08,0,2,0,79.83838384,6,NA,3.2,0.570679561,0.298093655,0,0.00116,0,0,0,0,0,0,0,0,0,0.0099,0,0.00033,0.00128,0.00315,0.00141,0.76429,0.03321,0,0,0.08414,0,0,0,0,0.00097,0.02732,0,0,0,0.07283,0,0,0,1,M-07-06,0.43676799999999999,Hlg2
D-10-20,F,S,Siljansringen 1,Siljansringen_0809,6782121,1459830,2008,2009,NA,NA,0,NA,0.13,1.12,0.2,4.48,302.82,23.078,175.833,0.116,2031,Rättvik,S,5.567,0,0,0,83.30729167,6,NA,2.4,0.439166015,0.497481152,0,0.00374,0.00025,0,0,0,5.00E-04,0,0,0,0.00073,0.01248,0,0.00295,0.00558,0.00661,0.00028,0.734,0.02028,0,0,0.08466,0,0,0,0,0,0.0845,0,0,0,0.04346,0,0,0,1,D-10-20,0.1875,Fur
M12-05/G9-05,M,S,Siljansringen 1,Siljansringen_0809,6782121,1459830,2008,2009,NA,NA,1,NA,0.13,1.12,0.2,4.48,302.82,23.078,175.833,0.116,2031,Rättvik,S,5.567,0,0,0,83.30729167,6,NA,2.4,0.439166015,0.497481152,0,0.00374,0.00025,0,0,0,5.00E-04,0,0,0,0.00073,0.01248,0,0.00295,0.00558,0.00661,0.00028,0.734,0.02028,0,0,0.08466,0,0,0,0,0,0.0845,0,0,0,0.04346,0,0,0,1,G9-05,0.1875,Ock1
G10-07,F,S,Skrälldalen,Skrälldalen_0809,6857769,1484896,2008,2009,NA,NA,0,NA,0.29,1.09,0.16,4.43,318.682,23.456,163.932,0.164,2161,Ljusdal,S,3.6,0,1,0,82.53431373,6,NA,2.5,0.399777756,0.250909068,0,0.00167,0.00033,0,0,0.00151,0,0,0,0,0,0.0236,0,0,0,0,0.00131,0.73657,0.0069,0,0,0.12076,0,0,0,0,0.00128,0.06788,0,0,0.00852,0.02969,0,0,0,1,G10-07,0.29296899999999998,Vox
G31-08,M,S,Skrälldalen,Skrälldalen_0809,6857769,1484896,2008,2009,NA,NA,0,NA,0.29,1.09,0.16,4.43,318.682,23.456,163.932,0.164,2161,Ljusdal,S,3.6,0,1,0,82.53431373,6,NA,2.5,0.399777756,0.250909068,0,0.00167,0.00033,0,0,0.00151,0,0,0,0,0,0.0236,0,0,0,0,0.00131,0.73657,0.0069,0,0,0.12076,0,0,0,0,0.00128,0.06788,0,0,0.00852,0.02969,0,0,0,1,G31-08,0.29296899999999998,Vox
G4-08,F,S,Sången 1,Sången_0809,6725186,1434056,2008,2009,NA,NA,0,NA,0.25,1.02,0.36,5.65,303.835,29.19,172.12,0.245,2029,Leksand,S,9.3,0,1,0,83.29569892,6,NA,2.4,0.565270506,0.264022113,0,0.00329,0,0,0,0,0,0,0,0,0.00096,0.0167,0,0,0.00065,0.00059,0.00099,0.73169,0.04402,0,0,0.10211,0,0,0,0,0.00097,0.01896,0,0,0.00173,0.07733,0,0,0,1,G4-08,0.29345700000000002,Kyn1
G6-08,M,S,Sången 1,Sången_0809,6725186,1434056,2008,2009,NA,NA,0,NA,0.25,1.02,0.36,5.65,303.835,29.19,172.12,0.245,2029,Leksand,S,9.3,0,1,0,83.29569892,6,NA,2.4,0.565270506,0.264022113,0,0.00329,0,0,0,0,0,0,0,0,0.00096,0.0167,0,0,0.00065,0.00059,0.00099,0.73169,0.04402,0,0,0.10211,0,0,0,0,0.00097,0.01896,0,0,0.00173,0.07733,0,0,0,1,G6-08,0.29345700000000002,Kyn1
D-09-24,M,S,Tennådalen,Tennådalen_0809,6792941,1377638,2008,2009,other,NA,0,Killed by other wolves,0.23,0.74,0.29,3.38,457.377,24.416,169.19,0.163,2039,Älvdalen,S,1.8,0,1,0,83.5,6,NA,2.4,0.251549184,0.100619674,0,0.00166,0,0,0,0,0,0,0,0,0.00175,0.00034,0,0,0.00253,0,0,0.65397,0.01219,0,0,0.12119,0,0,0,0,0.00259,0.18148,0,0,0.0014,0.02089,0,0,0,1,D-09-24,0.27917500000000001,Gös
G17-09,F,S,Tennådalen,Tennådalen_0809,6792941,1377638,2008,2009,illegal,NA,0,NA,0.23,0.74,0.29,3.38,457.377,24.416,169.19,0.163,2039,Älvdalen,S,1.8,0,1,0,83.5,6,NA,2.4,0.251549184,0.100619674,0,0.00166,0,0,0,0,0,0,0,0,0.00175,0.00034,0,0,0.00253,0,0,0.65397,0.01219,0,0,0.12119,0,0,0,0,0.00259,0.18148,0,0,0.0014,0.02089,0,0,0,1,G17-09,0.27612300000000001,Löv2
M-10-01,F,S,Tenskog 2,Tenskog_0809,6831428,1452776,2008,2009,NA,NA,1,NA,0.27,0.9,0.06,5.07,410.299,23.939,164.227,0.221,2161,Ljusdal,S,4.4,0,0,0,82.99479167,6,NA,2.5,0.548485605,0.273647733,0,0.00176,0,0,0,0,0,0,0,0,0,0,0,0,0.00028,0,0.00038,0.68628,0.01925,0,0,0.18224,0,0,0,0,0.00132,0.06261,0,0,0,0.04586,0,0,0,1,M-10-01,0.29296899999999998,Vox
M-10-02,M,S,Tenskog 2,Tenskog_0809,6831428,1452776,2008,2009,NA,NA,1,NA,0.27,0.9,0.06,5.07,410.299,23.939,164.227,0.221,2161,Ljusdal,S,4.4,0,0,0,82.99479167,6,NA,2.5,0.548485605,0.273647733,0,0.00176,0,0,0,0,0,0,0,0,0,0,0,0,0.00028,0,0.00038,0.68628,0.01925,0,0,0.18224,0,0,0,0,0.00132,0.06261,0,0,0,0.04586,0,0,0,1,M-10-02,0.26074199999999997,Amu2
M-06-02,F,S,Ulriksberg 2,Ulriksberg_0809,6646146,1436209,2008,2009,NA,NA,1,NA,0.31,1.21,0.37,6.51,258.595,32.904,174.015,0.296,1863,Hällefors,S,10.05,0,0,0,78.16666667,6,NA,2.6,0.492308294,0.395432487,0,0.00422,0.00023,0,0,0,0.00035,0.00041,0,0,0,0.00039,0,0.00026,0.00034,0.00341,0.00133,0.76619,0.03325,0,0,0.06756,0,0,0,0,0.00056,0.03842,0,0,0.00049,0.08258,0,0,0,1,M-06-02,0.23877000000000001,Hlg1
M-98-04,M,S,Ulriksberg 2,Ulriksberg_0809,6646146,1436209,2008,2009,other,NA,1,old age,0.31,1.21,0.37,6.51,258.595,32.904,174.015,0.296,1863,Hällefors,S,10.05,0,0,0,78.16666667,6,NA,2.6,0.492308294,0.395432487,0,0.00422,0.00023,0,0,0,0.00035,0.00041,0,0,0,0.00039,0,0.00026,0.00034,0.00341,0.00133,0.76619,0.03325,0,0,0.06756,0,0,0,0,0.00056,0.03842,0,0,0.00049,0.08258,0,0,0,1,M-98-04,0.1875,Le1
M-05-06,M,S,Uttersberg,Uttersberg_0809,6616572,1488236,2008,2009,censor,NA,1,NA,0.37,1.13,0.48,7.96,106.815,39.495,173.723,0.234,1983,Köping,S,26.25,0,1,0,52.09375,6,NA,2.2,0.508122402,0.50105176,0,0.00642,0,0,0,0,0.00029,0,0,7.00E-05,0.00028,0.08028,0,0.00117,0.01161,0.01567,0.00162,0.65424,0.04388,0,0,0.07667,0,0,0,0.00054,0.00384,0.03627,0,0,0,0.06714,0,0,0,1,M-05-06,0.296875,Fil2
M-06-01,F,S,Uttersberg,Uttersberg_0809,6616572,1488236,2008,2009,illegal,NA,1,NA,0.37,1.13,0.48,7.96,106.815,39.495,173.723,0.234,1983,Köping,S,26.25,0,1,0,52.09375,6,NA,2.2,0.508122402,0.50105176,0,0.00642,0,0,0,0,0.00029,0,0,7.00E-05,0.00028,0.08028,0,0.00117,0.01161,0.01567,0.00162,0.65424,0.04388,0,0,0.07667,0,0,0,0.00054,0.00384,0.03627,0,0,0,0.06714,0,0,0,1,M-06-01,0.26953100000000002,Grav
G21-05,M,S,Våmhus 2,Våmhus_0809,6793028,1422091,2008,2009,NA,NA,0,NA,0.25,1.14,0.54,4.6,397.162,27.153,172.958,0.29,2062,Mora,S,4.067,0,0,0,83.38541667,6,NA,2.4,0.489681006,0.383022444,0,0.00762,0.00058,0,0,0,0,0,0,0,0.00152,0.00572,0,0.00271,0.00825,0.00098,0,0.77475,0.03257,0,0,0.11216,0,0,0,0.00038,0,0.02598,0,0,0.00433,0.02244,0,0,0,1,G21-05,0.23877000000000001,Hlg1
G29-07,F,S,Våmhus 2,Våmhus_0809,6793028,1422091,2008,2009,NA,NA,0,NA,0.25,1.14,0.54,4.6,397.162,27.153,172.958,0.29,2062,Mora,S,4.067,0,0,0,83.38541667,6,NA,2.4,0.489681006,0.383022444,0,0.00762,0.00058,0,0,0,0,0,0,0,0.00152,0.00572,0,0.00271,0.00825,0.00098,0,0.77475,0.03257,0,0,0.11216,0,0,0,0.00038,0,0.02598,0,0,0.00433,0.02244,0,0,0,1,G29-07,0.1875,Fur
G32-07,F,S,Äppelbo 1,Äppelbo_0809,6707709,1388339,2008,2009,NA,NA,0,NA,0.24,0.86,0.3,4.23,369.709,28.719,170.358,0.259,2023,Malung,S,4.25,0,3,0,83.48529412,6,NA,2.5,0.610008512,0.464028423,0,0.00118,0.00037,0,0,0,0,0,0,0,0.00056,0.00646,0,0.00262,0.00429,0.0043,0.0026,0.63963,0.05559,0,0,0.07565,0,0,0,0,0.00079,0.14765,0,0,0.00566,0.05264,0,0,0,1,G32-07,0.227051,Sil1
G39-07,M,S,Äppelbo 1,Äppelbo_0809,6707709,1388339,2008,2009,NA,NA,0,NA,0.24,0.86,0.3,4.23,369.709,28.719,170.358,0.259,2023,Malung,S,4.25,0,3,0,83.48529412,6,NA,2.5,0.610008512,0.464028423,0,0.00118,0.00037,0,0,0,0,0,0,0,0.00056,0.00646,0,0.00262,0.00429,0.0043,0.0026,0.63963,0.05559,0,0,0.07565,0,0,0,0,0.00079,0.14765,0,0,0.00566,0.05264,0,0,0,1,G39-07,0.23877000000000001,Hlg1
M-06-09,F,S,Aamäck 1,Aamäck_0910,6672938,1406833,2009,2010,NA,NA,1,NA,0.23,0.98,0.11,5.82,332.105,33.578,176.603,0.316,1782,Filipstad,S,7.56,0,3,0,81.65252976,6,NA,2.9,0.520817293,0.473174281,0,0.00201,0,0,0,0,0,0,0,0,0.00044,1.00E-04,0,0,0,0.00152,0.00028,0.65436,0.02562,0,0,0.18014,0,0,0,0,0.00138,0.04753,0,0,0,0.08662,0,0,0,1,M-06-09,0.26757799999999998,Grä1
M-09-16,M,S,Aamäck 1,Aamäck_0910,6672938,1406833,2009,2010,NA,NA,1,NA,0.23,0.98,0.11,5.82,332.105,33.578,176.603,0.316,1782,Filipstad,S,7.56,0,3,0,81.65252976,6,NA,2.9,0.520817293,0.473174281,0,0.00201,0,0,0,0,0,0,0,0,0.00044,1.00E-04,0,0,0,0.00152,0.00028,0.65436,0.02562,0,0,0.18014,0,0,0,0,0.00138,0.04753,0,0,0,0.08662,0,0,0,1,M-09-16,0.26953100000000002,Ny5
G10-06,F,S,Acksjön,Acksjön_0910,6687622,1378556,2009,2010,NA,NA,0,NA,0.27,0.94,0.2,5.29,307.852,32.987,178.263,0.342,1783,Hagfors,S,4.133,0,6,0,80.71875,6,NA,3.3,0.651605582,0.638168013,0,0.00135,0.00026,0,0,0,0,0,0,0,0,0.01839,0,0,0.00174,0.00312,0.00214,0.70777,0.01583,0,0,0.11006,0,0,0,0,0.00121,0.0607,0,0,0.00655,0.07089,0,0,0,1,G10-06,0.23877000000000001,Hlg1
M-09-17,M,S,Acksjön,Acksjön_0910,6687622,1378556,2009,2010,NA,NA,1,NA,0.27,0.94,0.2,5.29,307.852,32.987,178.263,0.342,1783,Hagfors,S,4.133,0,6,0,80.71875,6,NA,3.3,0.651605582,0.638168013,0,0.00135,0.00026,0,0,0,0,0,0,0,0,0.01839,0,0,0.00174,0.00312,0.00214,0.70777,0.01583,0,0,0.11006,0,0,0,0,0.00121,0.0607,0,0,0.00655,0.07089,0,0,0,1,M-09-17,0.1875,Fur
D-10-30,M,S,Amungen 2,Amungen_0910,6779275,1507113,2009,2010,legal,NA,0,NA,0.15,1.1,0.07,5.05,317.853,27.038,174.645,0.188,2121,Ovanåker,S,13.3,0,1,0,82.73232323,6,NA,2.6,0.507048557,0.487285672,0,0.00032,0,0,0,0,0,0,0,0,0,0.00222,0,0,0.00033,0.00049,0.00032,0.6906,0.02893,0,0,0.13297,0,0,0,0,0.00128,0.04452,0,0,0,0.09802,0,0,0,1,D-10-30,0.26953100000000002,Ny5
M-05-12,F,S,Amungen 2,Amungen_0910,6779275,1507113,2009,2010,legal,NA,1,NA,0.15,1.1,0.07,5.05,317.853,27.038,174.645,0.188,2121,Ovanåker,S,13.3,0,1,0,82.73232323,6,NA,2.6,0.507048557,0.487285672,0,0.00032,0,0,0,0,0,0,0,0,0,0.00222,0,0,0.00033,0.00049,0.00032,0.6906,0.02893,0,0,0.13297,0,0,0,0,0.00128,0.04452,0,0,0,0.09802,0,0,0,1,M-05-12,0.1875,Ock1
D-11-27,F,S,Bogen 3/Mangskog,Mangskog_0910,6642511,1332169,2009,2010,NA,NA,0,NA,0.29,1.14,0.33,6.03,233.562,37.135,173.642,0.441,1766,Sunne,S,13,0,1,0,82.6935307,6,NA,3.6,0.525290289,0.283452541,0,0.00171,0,0,0,0,0.00026,0.00034,0,0,0,0.04079,0,0,0.00745,0.01445,0.001,0.78823,0.01029,0,0,0.04992,0,0,0,0,0,0.00368,0,0,0,0.08188,0,0,0,1,D-11-27,0.26757799999999998,Grä1
D-11-29,M,S,Bogen 3/Mangskog,Mangskog_0910,6642511,1332169,2009,2010,NA,NA,0,NA,0.29,1.14,0.33,6.03,233.562,37.135,173.642,0.441,1766,Sunne,S,13,0,1,0,82.6935307,6,NA,3.6,0.525290289,0.283452541,0,0.00171,0,0,0,0,0.00026,0.00034,0,0,0,0.04079,0,0,0.00745,0.01445,0.001,0.78823,0.01029,0,0,0.04992,0,0,0,0,0,0.00368,0,0,0,0.08188,0,0,0,1,D-11-29,0.26757799999999998,Grä1
G17-08,F,S,Bredfjället 2,Bredfjället_0910,6443614,1273592,2009,2010,NA,NA,0,NA,0.61,1.73,3.42,15.44,64.735,35.817,186.167,0.346,1415,Stenungsund,S,84.287,0,0,0,53.26616162,6,NA,2.6,0.279812142,0.199378057,0,0.03467,0.00555,0.00113,0.00102,0,0.00124,0,0,0.00204,0.00489,0.16188,0,0.01588,0.00832,0.05723,0.0546,0.46628,0.05429,0,0,0.01169,0,9.00E-05,0.00051,0,0,0.00233,0,0,0.00736,0.01858,0,0,0.09042,1,G17-08,0.39843800000000001,DE2
G53-10,M,S,Bredfjället 2,Bredfjället_0910,6443614,1273592,2009,2010,NA,NA,0,NA,0.61,1.73,3.42,15.44,64.735,35.817,186.167,0.346,1415,Stenungsund,S,84.287,0,0,0,53.26616162,6,NA,2.6,0.279812142,0.199378057,0,0.03467,0.00555,0.00113,0.00102,0,0.00124,0,0,0.00204,0.00489,0.16188,0,0.01588,0.00832,0.05723,0.0546,0.46628,0.05429,0,0,0.01169,0,9.00E-05,0.00051,0,0,0.00233,0,0,0.00736,0.01858,0,0,0.09042,1,G53-10,0.227051,Sil1
D-10-33,F,S,Brudfjället,Brudfjället_0910,6529750,1296697,2009,2010,legal,NA,0,NA,0.45,1.34,0.72,8.62,132.597,38.873,174.835,0.39,1461,Mellerud,S,14.52,0,2,0,78.22891907,6,NA,2.6,0.464557378,0.29059107,0,0.0079,0.00063,0,0,0,0.00093,0,0,0,0.00028,0.09598,0,3.00E-04,0.00286,0.02251,0.04823,0.55676,0.07056,0,0,0.02726,0,0,0,0,0.00239,0.02416,0,0,0,0.13925,0,0,0,1,D-10-33,0.32739299999999999,Krp3
G25-06,M,S,Brudfjället,Brudfjället_0910,6529750,1296697,2009,2010,NA,NA,0,G25-06 flyttar 2010/11 över till Stopra Le,0.45,1.34,0.72,8.62,132.597,38.873,174.835,0.39,1461,Mellerud,S,14.52,0,2,0,78.22891907,6,NA,2.6,0.464557378,0.29059107,0,0.0079,0.00063,0,0,0,0.00093,0,0,0,0.00028,0.09598,0,3.00E-04,0.00286,0.02251,0.04823,0.55676,0.07056,0,0,0.02726,0,0,0,0,0.00239,0.02416,0,0,0,0.13925,0,0,0,1,G25-06,0.39843800000000001,DE2
G1-08,F,S,Dals Ed 5,Dals Ed-Halden_0910,6552244,1261850,2009,2010,NA,NA,0,NA,0.49,1.25,0.22,7.02,155.524,35.765,179.99,0.398,101,Halden,N,18.665,1,2,0,80.99562062,6,NA,707.8,0.539144389,0.43244631,0,0.00508,8.00E-05,0,0,0,0.00026,0,0,0.00088,0,0.02995,0,0.00032,0.00183,0.01691,0.01029,0.72045,0.02831,0,0.00035,0.02556,0,6.00E-04,0,0,0,0.0395,0,0,0.00034,0.10596,0,0.00115,0.01219,1,G1-08,0.29003899999999999,DE4
G28-07,M,S,Dals Ed 5,Dals Ed-Halden_0910,6552244,1261850,2009,2010,NA,NA,0,NA,0.49,1.25,0.22,7.02,155.524,35.765,179.99,0.398,101,Halden,N,18.665,1,2,0,80.99562062,6,NA,707.8,0.539144389,0.43244631,0,0.00508,8.00E-05,0,0,0,0.00026,0,0,0.00088,0,0.02995,0,0.00032,0.00183,0.01691,0.01029,0.72045,0.02831,0,0.00035,0.02556,0,6.00E-04,0,0,0,0.0395,0,0,0.00034,0.10596,0,0.00115,0.01219,1,G28-07,0.227051,Sil1
M-09-04,M,S,Fulufjellet 1,Fulufjellet_0910,6816691,1348816,2009,2010,NA,NA,1,NA,0.19,0.61,0.28,3.13,570.635,18.897,165.861,0.152,2039,Älvdalen,S,1.947,1,1,0,91.81770833,6,NA,1226.3,0.500018702,0.297305069,0,0.00028,0,0,0,0,0,0,0,0,0.00219,0,0,3.00E-04,0,0.00403,0.01208,0.56703,0.02036,0,0.12932,0.10189,0,0.00465,0.03196,0,0.00163,0.09707,0,0,0.00032,0.02687,0,0,0,1,M-09-04,0.29052699999999998,Julu2
M-09-06,F,S,Fulufjellet 1,Fulufjellet_0910,6816691,1348816,2009,2010,NA,NA,1,NA,0.19,0.61,0.28,3.13,570.635,18.897,165.861,0.152,2039,Älvdalen,S,1.947,1,1,0,91.81770833,6,NA,1226.3,0.500018702,0.297305069,0,0.00028,0,0,0,0,0,0,0,0,0.00219,0,0,3.00E-04,0,0.00403,0.01208,0.56703,0.02036,0,0.12932,0.10189,0,0.00465,0.03196,0,0.00163,0.09707,0,0,0.00032,0.02687,0,0,0,1,M-09-06,0.26757799999999998,Grä1
M-10-07,M,S,Färna 1,Färna_0910,6635506,1502770,2009,2010,NA,NA,1,NA,0.32,1.18,1.06,9.74,127.356,38.63,173.203,0.255,1904,Skinnskatteberg,S,25.25,0,2,0,81.19270833,6,NA,2,0.326938824,0.199301175,0,0.00825,0.00257,0,0,0,0.00087,0,0,0.00072,0.00107,0.03981,0,0.00205,0.0076,0.01754,0.00548,0.61984,0.05983,0,0,0.06651,0,0,0,0.0421,0.0027,0.02776,0,0,0.00184,0.09345,0,0,0,1,M-10-07,0.42968800000000001,Jang4
M-10-08,F,S,Färna 1,Färna_0910,6635506,1502770,2009,2010,NA,NA,1,NA,0.32,1.18,1.06,9.74,127.356,38.63,173.203,0.255,1904,Skinnskatteberg,S,25.25,0,2,0,81.19270833,6,NA,2,0.326938824,0.199301175,0,0.00825,0.00257,0,0,0,0.00087,0,0,0.00072,0.00107,0.03981,0,0.00205,0.0076,0.01754,0.00548,0.61984,0.05983,0,0,0.06651,0,0,0,0.0421,0.0027,0.02776,0,0,0.00184,0.09345,0,0,0,1,M-10-08,0.26708999999999999,Lok1
M-09-03,M,S,Galven,Galven_0910,6827013,1508760,2009,2010,NA,NA,1,NA,0.25,1.2,0.53,5.98,277.475,21.924,163.71,0.166,2161,Ljusdal,S,8.033,0,0,0,82.51041667,6,NA,2.7,0.468058351,0.278974377,0,0,0,0,0,0,0,0,0,0,0,0.0248,0,0.00037,0,0.00321,0.00031,0.75738,0.03159,0,0,0.10496,0,0,0,0,0.00046,0.02427,0,0,8.00E-04,0.05185,0,0,0,1,M-09-03,NA,[Immigrant]
M-09-14,F,S,Galven,Galven_0910,6827013,1508760,2009,2010,NA,NA,1,NA,0.25,1.2,0.53,5.98,277.475,21.924,163.71,0.166,2161,Ljusdal,S,8.033,0,0,0,82.51041667,6,NA,2.7,0.468058351,0.278974377,0,0,0,0,0,0,0,0,0,0,0,0.0248,0,0.00037,0,0.00321,0.00031,0.75738,0.03159,0,0,0.10496,0,0,0,0,0.00046,0.02427,0,0,8.00E-04,0.05185,0,0,0,1,M-09-14,0.29296899999999998,Vox
G21-07,M,S,Gimmen 1,Gimmen_0910,6724332,1472629,2009,2010,NA,NA,0,NA,0.44,1.47,3.17,13.61,227.839,25.236,172.171,0.213,2029,Leksand,S,33.925,0,2,0,79.57765152,6,NA,2.3,0.329819219,0.182547488,0,0.04471,0.00642,5.00E-05,0,0,0.0014,0.00111,0,0.00107,0.00181,0.06175,0.00029,0.00057,0.00775,0.0155,0.00765,0.68367,0.04241,0,0,0.05382,0,0,0,0,0.00028,0.00227,0,0,0.01192,0.05552,0,0,0,1,G21-07,0.227051,Sil1
G54-10,F,S,Gimmen 1,Gimmen_0910,6724332,1472629,2009,2010,NA,NA,0,NA,0.44,1.47,3.17,13.61,227.839,25.236,172.171,0.213,2029,Leksand,S,33.925,0,2,0,79.57765152,6,NA,2.3,0.329819219,0.182547488,0,0.04471,0.00642,5.00E-05,0,0,0.0014,0.00111,0,0.00107,0.00181,0.06175,0.00029,0.00057,0.00775,0.0155,0.00765,0.68367,0.04241,0,0,0.05382,0,0,0,0,0.00028,0.00227,0,0,0.01192,0.05552,0,0,0,1,G54-10,0.227051,Sil1
G26-09,M,S,Glaskogen 2,Glaskogen_0910,6596357,1306755,2009,2010,NA,NA,0,NA,0.22,1.06,0.28,6.53,195.002,36.982,176.657,0.397,1765,Årjäng,S,11.475,0,0,0,82.93154762,6,NA,3.6,0.494433906,0.197773563,0,0.00419,0.00047,0,0,0,0,0,0,0,0.00075,0.02451,0,0.00207,0.00142,0.01155,0.00208,0.72357,0.04287,0,0,0.03598,0,0,0,0,0,0.00824,0,0,0,0.14229,0,0,0,1,G26-09,0.30590800000000001,Ack
G7-09,F,S,Glaskogen 2,Glaskogen_0910,6596357,1306755,2009,2010,NA,NA,0,NA,0.22,1.06,0.28,6.53,195.002,36.982,176.657,0.397,1765,Årjäng,S,11.475,0,0,0,82.93154762,6,NA,3.6,0.494433906,0.197773563,0,0.00419,0.00047,0,0,0,0,0,0,0,0.00075,0.02451,0,0.00207,0.00142,0.01155,0.00208,0.72357,0.04287,0,0,0.03598,0,0,0,0,0,0.00824,0,0,0,0.14229,0,0,0,1,G7-09,0.27050800000000003,Eds
G13-10,M,S,Gräsmark 3,Gräsmark_0910,6688577,1328585,2009,2010,NA,NA,0,NA,0.3,1.42,0.1,3.9,303.858,31.173,170.93,0.379,1737,Torsby,S,10.372,1,4,0,77.01736111,6,NA,1493.1,0.36882397,0.374871189,0,0.00138,0,0,0,0,0,0,0,0,0.00056,0.01108,0,0,0.00786,0.00711,0.00192,0.81282,0.02182,0,0,0.07719,0,0,0,0,0,0.02235,0,0,0,0.03593,0,0,0,1,G13-10,0.27490199999999998,Äpp
M-06-10,F,S,Gräsmark 3,Gräsmark_0910,6688577,1328585,2009,2010,NA,NA,1,NA,0.3,1.42,0.1,3.9,303.858,31.173,170.93,0.379,1737,Torsby,S,10.372,1,4,0,77.01736111,6,NA,1493.1,0.36882397,0.374871189,0,0.00138,0,0,0,0,0,0,0,0,0.00056,0.01108,0,0,0.00786,0.00711,0.00192,0.81282,0.02182,0,0,0.07719,0,0,0,0,0,0.02235,0,0,0,0.03593,0,0,0,1,M-06-10,0.296875,Grå
G31-06,F,S,Görsjön,Görsjön_0910,6740207,1420120,2009,2010,NA,NA,0,NA,0.18,1.18,0.36,4.97,333.287,29.839,172.681,0.271,2062,Mora,S,6.625,0,1,0,81.46568627,6,NA,2.3,0.553063851,0.42595537,0,0.00276,0,0,0,0,0,0,0,0,0,0,0,0,0.00049,0,0.00052,0.76616,0.02602,0,0,0.10582,0,0,0,0,0.00184,0.0325,0,0,0,0.06389,0,0,0,1,G31-06,0.23535200000000001,Dju1
M-06-03,M,S,Görsjön,Görsjön_0910,6740207,1420120,2009,2010,NA,NA,1,NA,0.18,1.18,0.36,4.97,333.287,29.839,172.681,0.271,2062,Mora,S,6.625,0,1,0,81.46568627,6,NA,2.3,0.553063851,0.42595537,0,0.00276,0,0,0,0,0,0,0,0,0,0,0,0,0.00049,0,0.00052,0.76616,0.02602,0,0,0.10582,0,0,0,0,0.00184,0.0325,0,0,0,0.06389,0,0,0,1,M-06-03,0.30224600000000001,Utt
D-10-29,M,S,Halgån 3,Halgån_0910,6718224,1361305,2009,2010,legal,NA,0,NA,0.24,0.74,0.16,3.69,378.293,23.384,174.782,0.224,1737,Torsby,S,2.75,0,5,0,79.60508936,6,NA,3.2,0.569772697,0.486684099,0,0.00271,0,0,0,0,0,0,0,0,0,0.00532,0,0,0.00653,0.00152,0.00128,0.72084,0.03395,0,0,0.04566,0,0,0,0,0.00177,0.15369,0,0,0.00511,0.02163,0,0,0,1,D-10-29,0.227051,Sil1
M-02-06,F,S,Halgån 3,Halgån_0910,6718224,1361305,2009,2010,legal,NA,1,NA,0.24,0.74,0.16,3.69,378.293,23.384,174.782,0.224,1737,Torsby,S,2.75,0,5,0,79.60508936,6,NA,3.2,0.569772697,0.486684099,0,0.00271,0,0,0,0,0,0,0,0,0,0.00532,0,0,0.00653,0.00152,0.00128,0.72084,0.03395,0,0,0.04566,0,0,0,0,0.00177,0.15369,0,0,0.00511,0.02163,0,0,0,1,M-02-06,0.26953100000000002,Ny5
D-10-39,M,S,Hasselfors 4,Hasselfors_0910,6549991,1422939,2009,2010,legal,NA,0,NA,0.33,1.31,0.96,8.97,111.864,36.724,182.947,0.161,1860,Laxå,S,19.514,0,0,0,74.73639847,6,NA,3.1,0.499058895,0.474547743,0,0.00812,0.00195,0,0,0,0.00054,0,0,0.00052,0.00056,0.06624,0,0.00272,0.00323,0.00513,0.00973,0.55077,0.07985,0,0,0.05189,0,0,0,0,0.00442,0.05323,0,0,0.00317,0.15793,0,0,0,1,D-10-39,0.31103500000000001,Has3
G37-07,F,S,Hasselfors 4,Hasselfors_0910,6549991,1422939,2009,2010,NA,NA,0,NA,0.33,1.31,0.96,8.97,111.864,36.724,182.947,0.161,1860,Laxå,S,19.514,0,0,0,74.73639847,6,NA,3.1,0.499058895,0.474547743,0,0.00812,0.00195,0,0,0,0.00054,0,0,0.00052,0.00056,0.06624,0,0.00272,0.00323,0.00513,0.00973,0.55077,0.07985,0,0,0.05189,0,0,0,0,0.00442,0.05323,0,0,0.00317,0.15793,0,0,0,1,G37-07,0.43359399999999998,Has2
D-11-19,M,S,Haverö 1,Haverö_0910,6905424,1475005,2009,2010,NA,NA,0,NA,0.21,1.06,0.19,3.43,340.632,22.249,171.628,0.165,2361,Härjedalen,S,2.6,0,1,1,83.77083333,6,NA,3.1,0.251986563,0.112524737,0,0,0,0,0,0,0.00033,0,0,0,0,5.00E-05,0,0.00058,0.00139,0.00306,0,0.60542,0.04711,0,0,0.21272,0,0,0,0,0,0.05208,0,0,0.00028,0.077,0,0,0,1,D-11-19,0.1875,Fur
G34-10,F,S,Haverö 1,Haverö_0910,6905424,1475005,2009,2010,NA,NA,0,NA,0.21,1.06,0.19,3.43,340.632,22.249,171.628,0.165,2361,Härjedalen,S,2.6,0,1,1,83.77083333,6,NA,3.1,0.251986563,0.112524737,0,0,0,0,0,0,0.00033,0,0,0,0,5.00E-05,0,0.00058,0.00139,0.00306,0,0.60542,0.04711,0,0,0.21272,0,0,0,0,0,0.05208,0,0,0.00028,0.077,0,0,0,1,G34-10,0.46972700000000001,Skrä1
M-10-05,M,S,Hedbyn 1,Hedbyn_0910,6619868,1480175,2009,2010,other,NA,1,"Found dead, death cause not determined",0.38,1.22,0.66,7.87,132.933,36.937,174.404,0.235,1885,Lindesberg,S,21.5,0,2,0,79.86458333,6,NA,2.7,0.515907212,0.452063393,0,0.00959,0.00084,0,0,0,0.00091,7.00E-04,0,0,0.00095,0.06051,0,0.00107,0.00929,0.01653,0.00261,0.68997,0.03701,0,0,0.07638,0,0,0,0,0.00246,0.03248,0,0,0.00036,0.05832,0,0,0,1,M-10-05,0.29931600000000003,Klot
M-10-06,F,S,Hedbyn 1,Hedbyn_0910,6619868,1480175,2009,2010,NA,NA,1,NA,0.38,1.22,0.66,7.87,132.933,36.937,174.404,0.235,1885,Lindesberg,S,21.5,0,2,0,79.86458333,6,NA,2.7,0.515907212,0.452063393,0,0.00959,0.00084,0,0,0,0.00091,7.00E-04,0,0,0.00095,0.06051,0,0.00107,0.00929,0.01653,0.00261,0.68997,0.03701,0,0,0.07638,0,0,0,0,0.00246,0.03248,0,0,0.00036,0.05832,0,0,0,1,M-10-06,0.29931600000000003,Klot
D-10-25,M,S,Jangen 4,Jangen_0910,6665589,1360631,2009,2010,legal,NA,0,NA,0.34,1.18,0.33,6.32,209.815,36.513,176.634,0.413,1783,Hagfors,S,6.733,0,3,0,83.2561553,6,NA,3.6,0.569915772,0.535377414,0,0.00815,0.00057,0,0,0.00119,0,0,0,0.00034,4.00E-04,0.06676,0,0,0.00529,0.0179,0.00388,0.71969,0.01438,0,0,0.04907,0,0,0,0,0.00063,0.02203,0,0,0.00631,0.0834,0,0,0,1,D-10-25,0.26953100000000002,Ny5
M-06-05,F,S,Jangen 4,Jangen_0910,6665589,1360631,2009,2010,NA,NA,1,NA,0.34,1.18,0.33,6.32,209.815,36.513,176.634,0.413,1783,Hagfors,S,6.733,0,3,0,83.2561553,6,NA,3.6,0.569915772,0.535377414,0,0.00815,0.00057,0,0,0.00119,0,0,0,0.00034,4.00E-04,0.06676,0,0,0.00529,0.0179,0.00388,0.71969,0.01438,0,0,0.04907,0,0,0,0,0.00063,0.02203,0,0,0.00631,0.0834,0,0,0,1,M-06-05,0.26953100000000002,Ny5
G72-10,M,N,Julussa 7,Julussa_0910,6791754,1274298,2009,2010,Illegal,NA,0,NA,0.25,1.17,0.45,6.1,451.224,20.079,182.112,0.194,429,Åmot,N,5.673,1,1,0,89.44295102,6,NA,8055,0.507994729,0.486291341,0,0.00162,0.00105,0,0,0,0,0,0,0,0.00175,0.00584,0,0,0,0.01272,4.00E-04,0.61533,0,0,0.00209,0.13517,0,0,0.00881,0,0,0.16503,0,0,0.00522,0.04497,0,0,0,1,G72-10,0.26953100000000002,Ny5
M-03-05,F,N,Julussa 7,Julussa_0910,6791754,1274298,2009,2010,Illegal,NA,1,NA,0.25,1.17,0.45,6.1,451.224,20.079,182.112,0.194,429,Åmot,N,5.673,1,1,0,89.44295102,6,NA,8055,0.507994729,0.486291341,0,0.00162,0.00105,0,0,0,0,0,0,0,0.00175,0.00584,0,0,0,0.01272,4.00E-04,0.61533,0,0,0.00209,0.13517,0,0,0.00881,0,0,0.16503,0,0,0.00522,0.04497,0,0,0,1,M-03-05,0.26953100000000002,Ny5
M-06-06,M,S,Juvberget 1,Juvberget_0910,6750270,1318474,2009,2010,illegal,NA,1,NA,0.27,1.24,0,5.34,390.826,18.741,170.65,0.192,1737,Torsby,S,5.266,1,3,0,81.85104167,6,NA,2378.8,0.514472341,0.494045488,0,0.00083,0,0,0,0,0,0,0,0,0.00061,1.00E-05,0,0.00048,0.00022,0.00189,0.00171,0.63628,0.0739,0,0,0.13661,0,0,0,0,0,0.11263,0,0,0.00342,0.03142,0,0,0,1,M-06-06,0.28125,Fil
M-05-10,F,S,Juvberget 1,Juvberget_0910,6750270,1318474,2009,2010,NA,NA,1,NA,0.27,1.24,0,5.34,390.826,18.741,170.65,0.192,1737,Torsby,S,5.266,1,3,0,81.85104167,6,NA,2378.8,0.514472341,0.494045488,0,0.00083,0,0,0,0,0,0,0,0,0.00061,1.00E-05,0,0.00048,0.00022,0.00189,0.00171,0.63628,0.0739,0,0,0.13661,0,0,0,0,0,0.11263,0,0,0.00342,0.03142,0,0,0,1,M-05-10,0.21875,Tyn
M-05-07,F,S,Kloten,Kloten_0910,6646353,1473321,2009,2010,NA,NA,1,NA,0.29,1.32,0.39,6.3,249.497,31.426,175.006,0.259,2061,Smedjebacken,S,12.14,0,3,0,83.28298611,6,NA,2.6,0.499604972,0.3003641,0,0.0026,0,0,0,0,0.00029,0,0,0,5.00E-04,0.01555,0,0.00029,0.00401,0.00835,0.00234,0.79874,0.0135,0,0,0.08101,0,0,0,0,0,0.00842,0,0,0,0.06439,0,0,0,1,M-05-07,0.30224600000000001,Utt
M-09-18,M,S,Kloten,Kloten_0910,6646353,1473321,2009,2010,NA,NA,1,NA,0.29,1.32,0.39,6.3,249.497,31.426,175.006,0.259,2061,Smedjebacken,S,12.14,0,3,0,83.28298611,6,NA,2.6,0.499604972,0.3003641,0,0.0026,0,0,0,0,0.00029,0,0,0,5.00E-04,0.01555,0,0.00029,0.00401,0.00835,0.00234,0.79874,0.0135,0,0,0.08101,0,0,0,0,0,0.00842,0,0,0,0.06439,0,0,0,1,M-09-18,0.29980499999999999,Krp2
G12-08,F,N,Koppang 4,Koppang_0910,6846775,1246843,2009,2010,legal,NA,0,NA,0.21,0.72,0.4,4.41,620.673,22.891,164.113,0.382,430,Stor-Elvdal,N,0.937,0,1,0,97.64583333,6,NA,8055,0.334649378,0.153612612,0,0.00233,0.00043,0,0,0,0,0,0,0,0.00599,0.00574,0,0,0.00147,0.01424,0.02755,0.64031,0.0133,0,0.02257,0.05446,0,0.00368,0.06444,0,0,0.10086,0,0,0.00817,0.03444,0,0,0,1,G12-08,0.26708999999999999,Lok1
M-09-11,M,N,Koppang 4,Koppang_0910,6846775,1246843,2009,2010,legal,NA,1,NA,0.21,0.72,0.4,4.41,620.673,22.891,164.113,0.382,430,Stor-Elvdal,N,0.937,0,1,0,97.64583333,6,NA,8055,0.334649378,0.153612612,0,0.00233,0.00043,0,0,0,0,0,0,0,0.00599,0.00574,0,0,0.00147,0.01424,0.02755,0.64031,0.0133,0,0.02257,0.05446,0,0.00368,0.06444,0,0,0.10086,0,0,0.00817,0.03444,0,0,0,1,M-09-11,0.34277299999999999,Ock2
G24-10,M,S,Korsån 2,Korsån_0910,6728208,1521743,2009,2010,NA,NA,0,NA,0.2,1.39,0.69,7.68,217.064,28.914,168.439,0.185,2080,Falun,S,20.917,0,0,0,82.35135135,6,NA,2.4,0.451814282,0.342592338,0,0.00752,0.00192,0,0,0,0,0,0,0.00032,0.00029,0.01824,0,0,0.00026,0.00212,0.00152,0.75532,0.01664,0,0,0.1174,0,0,0,0,0.00033,0.01119,0,0,0,0.06693,0,0,0,1,G24-10,0.26757799999999998,Grä1
M-05-11,F,S,Korsån 2,Korsån_0910,6728208,1521743,2009,2010,NA,NA,1,NA,0.2,1.39,0.69,7.68,217.064,28.914,168.439,0.185,2080,Falun,S,20.917,0,0,0,82.35135135,6,NA,2.4,0.451814282,0.342592338,0,0.00752,0.00192,0,0,0,0,0,0,0.00032,0.00029,0.01824,0,0,0.00026,0.00212,0.00152,0.75532,0.01664,0,0,0.1174,0,0,0,0,0.00033,0.01119,0,0,0,0.06693,0,0,0,1,M-05-11,0.21972700000000001,Amu1
D-10-27,M,S,Kroppefjäll 3,Kroppefjäll_0910,6509912,1290905,2009,2010,legal,NA,0,NA,0.53,1.27,0.78,9.59,122.394,40.359,175.6,0.288,1461,Mellerud,S,22.66,0,2,0,65.69717262,6,NA,2.6,0.514326973,0.504373704,0,0.00997,0.00043,0,0,0,3.00E-04,0,0,0,0.00061,0.31482,0,0.00235,0.00203,0.03833,0.03265,0.44579,0.06266,0,0,0.02259,0,0,0,0,0.00201,0.03038,0,0,0,0.03505,0,0,0,1,D-10-27,0.29003899999999999,DE4
D-11-30,F,S,Kroppefjäll 3,Kroppefjäll_0910,6509912,1290905,2009,2010,NA,NA,0,NA,0.53,1.27,0.78,9.59,122.394,40.359,175.6,0.288,1461,Mellerud,S,22.66,0,2,0,65.69717262,6,NA,2.6,0.514326973,0.504373704,0,0.00997,0.00043,0,0,0,3.00E-04,0,0,0,0.00061,0.31482,0,0.00235,0.00203,0.03833,0.03265,0.44579,0.06266,0,0,0.02259,0,0,0,0,0.00201,0.03038,0,0,0,0.03505,0,0,0,1,D-11-30,0.29980499999999999,Krp2
M-07-05,F,N,Kynna 2,Kynna_0910,6751615,1293288,2009,2010,NA,NA,1,NA,0.32,1.46,0.49,6.51,358.633,21.832,174.665,0.192,426,Våler,N,9.605,1,1,0,81.6285073,6,NA,8055,0.575851181,0.537774823,0,0.00048,0.00066,0,0,0,0,0,0,0,4.00E-04,0.06961,0,0,0,0.01134,0.0017,0.54805,0.00501,0,0,0.19353,0,0,0.0025,0,0,0.14791,0,0,0.004,0.01482,0,0,0,1,M-07-05,0.29345700000000002,Kyn1
M-10-10,M,N,Kynna 2,Kynna_0910,6751615,1293288,2009,2010,NA,NA,1,NA,0.32,1.46,0.49,6.51,358.633,21.832,174.665,0.192,426,Våler,N,9.605,1,1,0,81.6285073,6,NA,8055,0.575851181,0.537774823,0,0.00048,0.00066,0,0,0,0,0,0,0,4.00E-04,0.06961,0,0,0,0.01134,0.0017,0.54805,0.00501,0,0,0.19353,0,0,0.0025,0,0,0.14791,0,0,0.004,0.01482,0,0,0,1,M-10-10,NA,[Immigrant]
D-11-26,M,S,Kynnefjäll 1,Kynnefjäll_0910,6528946,1261771,2009,2010,NA,NA,0,NA,0.39,1.23,0.23,6.85,147.043,37.665,177.91,0.343,1435,Tanum,S,18.183,1,3,0,74.71890756,6,NA,130.1,0.523885303,0.460902362,0,0.00182,0.00203,0,0,0,0,0,0,7.00E-05,0,0.08357,0,0.00266,0.00555,0.02655,0.00479,0.73367,0.02026,0,0,0.02889,0,0.00121,0.0016,0,0,0.03622,0,0,0,0.0511,0,0,0,1,D-11-26,0.26757799999999998,Grä1
G5-09,F,S,Kynnefjäll 1,Kynnefjäll_0910,6528946,1261771,2009,2010,illegal,NA,0,NA,0.39,1.23,0.23,6.85,147.043,37.665,177.91,0.343,1435,Tanum,S,18.183,1,3,0,74.71890756,6,NA,130.1,0.523885303,0.460902362,0,0.00182,0.00203,0,0,0,0,0,0,7.00E-05,0,0.08357,0,0.00266,0.00555,0.02655,0.00479,0.73367,0.02026,0,0,0.02889,0,0.00121,0.0016,0,0,0.03622,0,0,0,0.0511,0,0,0,1,G5-09,0.29003899999999999,DE4
G5-07,F,N,Linnekleppen,Linnekleppen_0910,6577113,1256446,2009,2010,NA,NA,0,NA,0.62,1.32,1.02,8.66,144.163,35.02,180.769,0.33,101,Halden,N,27.953,1,1,0,80.97916667,6,NA,1340.9,0.293040649,0.121998471,0.00029,0.0133,0.00102,0,0,0,0,0,0,0.00101,0,0.12377,0,0.00038,0.00492,0.04002,0.00543,0.65872,0.00475,0,0.00035,0.04927,0,0,0,0,0,0.01458,0,0,0.00034,0.08042,0,0,0.00141,1,G5-07,0.28320299999999998,DE3
M-11-07/G71-10,M,N,Linnekleppen,Linnekleppen_0910,6577113,1256446,2009,2010,NA,NA,1,NA,0.62,1.32,1.02,8.66,144.163,35.02,180.769,0.33,101,Halden,N,27.953,1,1,0,80.97916667,6,NA,1340.9,0.293040649,0.121998471,0.00029,0.0133,0.00102,0,0,0,0,0,0,0.00101,0,0.12377,0,0.00038,0.00492,0.04002,0.00543,0.65872,0.00475,0,0.00035,0.04927,0,0,0,0,0,0.01458,0,0,0.00034,0.08042,0,0,0.00141,1,G71-10,0.21484400000000001,Ulr2
G28-06,F,S,Loka 1,Loka_0910,6608201,1430845,2009,2010,illegal,NA,0,NA,0.31,1.14,0.27,6.88,210.941,32.055,175.204,0.272,1863,Hällefors,S,21.04,0,0,0,81.84375,6,NA,3.1,0.485797792,0.418675527,0,0.00473,3.00E-05,0,0,0,0.00036,0,0,0,0,0.01362,0,0.00025,0.00465,0.0026,0.00236,0.71429,0.07301,0,0,0.03736,0,0,0,0,0,0.00642,0,0,0.00101,0.13932,0,0,0,1,G28-06,0.26074199999999997,Kil1
G4-07,M,S,Loka 1,Loka_0910,6608201,1430845,2009,2010,NA,NA,0,NA,0.31,1.14,0.27,6.88,210.941,32.055,175.204,0.272,1863,Hällefors,S,21.04,0,0,0,81.84375,6,NA,3.1,0.485797792,0.418675527,0,0.00473,3.00E-05,0,0,0,0.00036,0,0,0,0,0.01362,0,0.00025,0.00465,0.0026,0.00236,0.71429,0.07301,0,0,0.03736,0,0,0,0,0,0.00642,0,0,0.00101,0.13932,0,0,0,1,G4-07,0.296875,Grå
G18-08,F,S,Långsjön 3,Långsjön_0910,6743493,1482898,2009,2010,NA,NA,0,NA,0.3,1.05,0.94,7.07,268.551,23.757,170.579,0.185,2029,Leksand,S,15.067,0,1,0,81.09862231,6,NA,2.3,0.509953364,0.489838593,0,0.00867,0.00053,0,0,0,0,0,0,0,0,0.0156,0,9.00E-05,0.00925,0.01226,0.00078,0.79401,0.03123,0,0,0.05064,0,0,0,0,0,0.01136,0,0,0,0.06558,0,0,0,1,G18-08,0.227051,Sil1
G21-07,M,S,Långsjön 3,Långsjön_0910,6743493,1482898,2009,2010,NA,NA,0,NA,0.3,1.05,0.94,7.07,268.551,23.757,170.579,0.185,2029,Leksand,S,15.067,0,1,0,81.09862231,6,NA,2.3,0.509953364,0.489838593,0,0.00867,0.00053,0,0,0,0,0,0,0,0,0.0156,0,9.00E-05,0.00925,0.01226,0.00078,0.79401,0.03123,0,0,0.05064,0,0,0,0,0,0.01136,0,0,0,0.06558,0,0,0,1,G21-07,0.227051,Sil1
G4-05,F,S,Lövsjön 2,Lövsjön_0910,6694084,1425226,2009,2010,censor,NA,0,NA,0.23,1.2,0.27,5.39,319.442,33.267,178.965,0.299,2021,Vansbro,S,11.533,0,2,0,81.91426282,6,NA,2.3,0.416303076,0.40866035,0,0.00141,0,0,0,0,0,0,0,0,0,0.01083,0,0,0.00196,0.00125,0.00622,0.68786,0.0367,0,0,0.12536,0,0,0,0,0.00122,0.05713,0,0,0.00483,0.06524,0,0,0,1,G4-05,0.25683600000000001,Julu1
M-05-05,M,S,Lövsjön 2,Lövsjön_0910,6694084,1425226,2009,2010,legal,NA,1,NA,0.23,1.2,0.27,5.39,319.442,33.267,178.965,0.299,2021,Vansbro,S,11.533,0,2,0,81.91426282,6,NA,2.3,0.416303076,0.40866035,0,0.00141,0,0,0,0,0,0,0,0,0,0.01083,0,0,0.00196,0.00125,0.00622,0.68786,0.0367,0,0,0.12536,0,0,0,0,0.00122,0.05713,0,0,0.00483,0.06524,0,0,0,1,M-05-05,0.296875,Fil2
M-00-07,M,S,Nyskoga 5,Nyskoga_0910,6717737,1338224,2009,2010,other,NA,1,Old age,0.28,0.95,0.47,4.05,373.351,19.309,171.174,0.215,1737,Torsby,S,5.461,1,5,0,78.81541219,6,NA,317.6,0.651923214,0.487282748,0,0.0014,0,0,0,0,0,0,0,0,0.00092,0.00548,0,0,0.00469,0.00188,0.00062,0.8199,0.02687,0,0,0.05883,0,0,0,0,0.00083,0.04662,0,0,0.00505,0.02692,0,0,0,1,M-00-07,0.125,Hag2
M-00-08,F,S,Nyskoga 5,Nyskoga_0910,6717737,1338224,2009,2010,other,NA,1,Old age,0.28,0.95,0.47,4.05,373.351,19.309,171.174,0.215,1737,Torsby,S,5.461,1,5,0,78.81541219,6,NA,317.6,0.651923214,0.487282748,0,0.0014,0,0,0,0,0,0,0,0,0.00092,0.00548,0,0,0.00469,0.00188,0.00062,0.8199,0.02687,0,0,0.05883,0,0,0,0,0.00083,0.04662,0,0,0.00505,0.02692,0,0,0,1,M-00-08,0.234375,Årj
D-10-22,F,S,Ockelbo 3,Ockelbo_0910,6775640,1534582,2009,2010,legal,NA,0,NA,0.23,1.3,0.67,6.48,230.76,28.428,158.421,0.212,2183,Bollnäs,S,14.733,0,1,0,80.828125,6,NA,2.7,0.508499075,0.518276572,0,0.0059,0,0,0,0,0,0,0,0.00027,0,0.04251,0,0.00028,0.00093,0.00067,0.00463,0.71572,0.01972,0,0,0.13691,0,0,0,0,0.00059,0.02128,0,0,0,0.0506,0,0,0,1,D-10-22,0.21972700000000001,Amu1
G6-05,M,S,Ockelbo3,Ockelbo_0910,6775640,1534582,2009,2010,NA,NA,0,NA,0.23,1.3,0.67,6.48,230.76,28.428,158.421,0.212,2183,Bollnäs,S,14.733,0,1,0,80.828125,6,NA,2.7,0.508499075,0.518276572,0,0.0059,0,0,0,0,0,0,0,0.00027,0,0.04251,0,0.00028,0.00093,0.00067,0.00463,0.71572,0.01972,0,0,0.13691,0,0,0,0,0.00059,0.02128,0,0,0,0.0506,0,0,0,1,G6-05,0.39843800000000001,DE2
M-09-05,M,N,Osdalen 2,Osdalen_0910,6840164,1270515,2009,2010,censor,NA,1,NA,0.09,0.5,0,2.13,692.485,19.41,181.547,0.267,432,Rendalen,N,1.431,1,1,0,98.07575758,6,NA,8055,0.510951138,0.396249126,0,0,0,0,0,0,0,0,0,0,0.00342,0.00027,0,0,0,0.00153,0.052,0.52005,0.00779,0,0.03675,0.02999,0,0.00229,0.12601,0,0,0.17721,0,0,0,0.04269,0,0,0,1,M-09-05,0.21972700000000001,Amu1
M-09-19,F,N,Osdalen 2,Osdalen_0910,6840164,1270515,2009,2010,Illegal,NA,1,NA,0.09,0.5,0,2.13,692.485,19.41,181.547,0.267,432,Rendalen,N,1.431,1,1,0,98.07575758,6,NA,8055,0.510951138,0.396249126,0,0,0,0,0,0,0,0,0,0,0.00342,0.00027,0,0,0,0.00153,0.052,0.52005,0.00779,0,0.03675,0.02999,0,0.00229,0.12601,0,0,0.17721,0,0,0,0.04269,0,0,0,1,M-09-19,0.32421899999999998,Julu3
M-09-01,M,S,Riala 1,Riala_0910,6612215,1649909,2009,2010,NA,NA,1,NA,0.46,1.27,2.42,13.67,33.986,37.036,181.022,0.255,188,Norrtälje,S,78.467,0,0,0,71.01666667,6,NA,2.1,0.25015122,0.100060488,0,0.04654,0.00162,0,0,0,0.00249,0.00113,0.00025,0,0.01503,0.13698,0,0.00558,0.00713,0.03595,0.00192,0.50989,0.06191,0,0,0.00833,0,0,0,0,4.00E-04,0.0012,0,0,0,0.02834,0.00222,0,0.1331,1,M-09-01,0,Gal
M-10-03,F,S,Riala 1,Riala_0910,6612215,1649909,2009,2010,NA,NA,1,NA,0.46,1.27,2.42,13.67,33.986,37.036,181.022,0.255,188,Norrtälje,S,78.467,0,0,0,71.01666667,6,NA,2.1,0.25015122,0.100060488,0,0.04654,0.00162,0,0,0,0.00249,0.00113,0.00025,0,0.01503,0.13698,0,0.00558,0.00713,0.03595,0.00192,0.50989,0.06191,0,0,0.00833,0,0,0,0,4.00E-04,0.0012,0,0,0,0.02834,0.00222,0,0.1331,1,M-10-03,0.26708999999999999,Lok1
M-11-09/G77-10,M,S,Rotna 2,Rotna_0910,6717688,1315015,2009,2010,NA,NA,1,NA,0.37,1.98,0.02,4.82,381.905,19.088,183.85,0.192,423,Grue,N,8.275,1,4,0,79.8448548,6,NA,5977.7,0.489996045,0.465074832,0,0.00043,0,0,0,0,0,0,0,0,0.00044,0.00808,0,0,0.00044,0.00132,0.00072,0.73862,0.02555,0,0,0.09913,0,0,0,0,0.00029,0.07779,0,0,0,0.04717,0,0,0,1,G77-10,0.21484400000000001,Ulr2
M11-10/G42-10,F,S,Rotna 2,Rotna_0910,6717688,1315015,2009,2010,NA,NA,1,NA,0.37,1.98,0.02,4.82,381.905,19.088,183.85,0.192,423,Grue,N,8.275,1,4,0,79.8448548,6,NA,5977.7,0.489996045,0.465074832,0,0.00043,0,0,0,0,0,0,0,0,0.00044,0.00808,0,0,0.00044,0.00132,0.00072,0.73862,0.02555,0,0,0.09913,0,0,0,0,0.00029,0.07779,0,0,0,0.04717,0,0,0,1,G42-10,0.26953100000000002,Ny5
G12-09,F,S,Sandsjön 2,Sandsjön_0910,6642582,1394434,2009,2010,NA,NA,0,NA,0.28,1.11,0.16,5.66,264.569,34.612,176.072,0.365,1782,Filipstad,S,28.275,0,1,0,83.703125,6,NA,3.6,0.503932047,0.338337795,0,0.00318,0,0,0,0,0,0,0,0,0,0.01001,0,0.00033,0.00098,0.00345,0.00178,0.76701,0.02895,0,0,0.09278,0,0,0,0,0.00073,0.02769,0,0,0,0.0631,0,0,0,1,G12-09,0.30590800000000001,Ack
M-07-06,M,S,Sandsjön 2,Sandsjön_0910,6642582,1394434,2009,2010,NA,NA,1,NA,0.28,1.11,0.16,5.66,264.569,34.612,176.072,0.365,1782,Filipstad,S,28.275,0,1,0,83.703125,6,NA,3.6,0.503932047,0.338337795,0,0.00318,0,0,0,0,0,0,0,0,0,0.01001,0,0.00033,0.00098,0.00345,0.00178,0.76701,0.02895,0,0,0.09278,0,0,0,0,0.00073,0.02769,0,0,0,0.0631,0,0,0,1,M-07-06,0.43676799999999999,Hlg2
D-10-20,F,S,Siljansringen 1,Siljansringen_0910,6782406,1459900,2009,2010,legal,NA,0,NA,0.13,1.12,0.2,4.5,303.199,23.06,175.67,0.116,2031,Rättvik,S,5.567,0,0,0,81.52083333,6,NA,2.3,0.500137565,0.463306957,0,0.00363,0.00025,0,0,0,5.00E-04,0,0,0,0.00073,0.01235,0,0.00295,0.00558,0.00661,0.00028,0.73338,0.01972,0,0,0.08614,0,0,0,0,0,0.08442,0,0,0,0.04348,0,0,0,1,D-10-20,0.1875,Fur
M12-05/G9-05,M,S,Siljansringen 1,Siljansringen_0910,6782406,1459900,2009,2010,NA,NA,1,NA,0.13,1.12,0.2,4.5,303.199,23.06,175.67,0.116,2031,Rättvik,S,5.567,0,0,0,81.52083333,6,NA,2.3,0.500137565,0.463306957,0,0.00363,0.00025,0,0,0,5.00E-04,0,0,0,0.00073,0.01235,0,0.00295,0.00558,0.00661,0.00028,0.73338,0.01972,0,0,0.08614,0,0,0,0,0,0.08442,0,0,0,0.04348,0,0,0,1,G9-05,0.1875,Ock1
G10-07,F,S,Skrälldalen,Skrälldalen_0910,6874648,1483092,2009,2010,NA,NA,0,NA,0.24,1.13,0.05,3.82,331.942,22.812,164.71,0.192,2161,Ljusdal,S,2.25,0,1,0,84.4375,6,NA,2.7,0.366459181,0.178847143,0,0.00039,0,0,0,0.00112,0,0,0,0,0,0.00211,0,0,0.00054,0,0,0.72425,0.01856,0,0,0.1789,0,0,0,0,0.00064,0.03883,0,0,0.00826,0.0264,0,0,0,1,G10-07,0.29296899999999998,Vox
G31-08,M,S,Skrälldalen,Skrälldalen_0910,6874648,1483092,2009,2010,NA,NA,0,NA,0.24,1.13,0.05,3.82,331.942,22.812,164.71,0.192,2161,Ljusdal,S,2.25,0,1,0,84.4375,6,NA,2.7,0.366459181,0.178847143,0,0.00039,0,0,0,0.00112,0,0,0,0,0,0.00211,0,0,0.00054,0,0,0.72425,0.01856,0,0,0.1789,0,0,0,0,0.00064,0.03883,0,0,0.00826,0.0264,0,0,0,1,G31-08,0.29296899999999998,Vox
G18-10,F,S,Skugghöjden,Skugghöjden_0910,6650928,1329076,2009,2010,NA,NA,0,NA,0.3,1.14,0.15,5.72,249.184,36.623,172.413,0.438,1766,Sunne,S,9.85,0,2,0,82.20136852,6,NA,3.6,0.536706202,0.308431276,0,0.00152,0,0,0,0,0,0,0,0,0,0.01903,0,0,0.00556,0.01049,0.00026,0.81987,0.00606,0,0,0.05635,0,0,0,0,0,0.00467,0,0,0,0.07619,0,0,0,1,G18-10,0.27612300000000001,Löv2
G47-10,M,S,Skugghöjden,Skugghöjden_0910,6650928,1329076,2009,2010,NA,NA,0,NA,0.3,1.14,0.15,5.72,249.184,36.623,172.413,0.438,1766,Sunne,S,9.85,0,2,0,82.20136852,6,NA,3.6,0.536706202,0.308431276,0,0.00152,0,0,0,0,0,0,0,0,0,0.01903,0,0,0.00556,0.01049,0.00026,0.81987,0.00606,0,0,0.05635,0,0,0,0,0,0.00467,0,0,0,0.07619,0,0,0,1,G47-10,0,Kyn2
G73-10,M,N,Slettås 1,Slettås_0910,6810070,1291120,2009,2010,NA,NA,0,NA,0.27,0.93,0.37,4.4,604.389,18.999,175.505,0.189,428,Trysil,N,2.717,1,1,0,96.19270833,6,NA,8055,0.284542659,0.131941604,0,0,0,0,0,0,0,0,0,0,0.011,0.00064,0,0,0.00147,0.01347,0.00345,0.62037,0.00476,0,0.01824,0.04047,0,0.00085,0.02417,0,0,0.22387,0,0,0.00147,0.03576,0,0,0,1,G73-10,0.28125,Osd2
M-17-14/G70-10,F,N,Slettås 1,Slettås_0910,6810070,1291120,2009,2010,NA,NA,1,NA,0.27,0.93,0.37,4.4,604.389,18.999,175.505,0.189,428,Trysil,N,2.717,1,1,0,96.19270833,6,NA,8055,0.284542659,0.131941604,0,0,0,0,0,0,0,0,0,0,0.011,0.00064,0,0,0.00147,0.01347,0.00345,0.62037,0.00476,0,0.01824,0.04047,0,0.00085,0.02417,0,0,0.22387,0,0,0.00147,0.03576,0,0,0,1,G70-10,0.27612300000000001,Löv2
G4-08,F,S,Sången 1,Sången_0910,6728031,1438520,2009,2010,NA,NA,0,NA,0.28,0.99,0.53,5.61,291.913,28.957,170.778,0.247,2029,Leksand,S,9.275,0,2,0,80.34059343,6,NA,2.3,0.528371082,0.346618154,0,0.00679,0,0,0,0,0,0,0,0,0,0.01097,0,0,0.00188,0.00098,0.00337,0.71547,0.05717,0,0,0.09229,0,0,0,0,0.00071,0.01095,0,0,0,0.09942,0,0,0,1,G4-08,0.29345700000000002,Kyn1
G6-08,M,S,Sången 1,Sången_0910,6728031,1438520,2009,2010,NA,NA,0,NA,0.28,0.99,0.53,5.61,291.913,28.957,170.778,0.247,2029,Leksand,S,9.275,0,2,0,80.34059343,6,NA,2.3,0.528371082,0.346618154,0,0.00679,0,0,0,0,0,0,0,0,0,0.01097,0,0,0.00188,0.00098,0.00337,0.71547,0.05717,0,0,0.09229,0,0,0,0,0.00071,0.01095,0,0,0,0.09942,0,0,0,1,G6-08,0.29345700000000002,Kyn1
M-09-09,F,S,Tandsjön 1,Tandsjön_0910,6845007,1420126,2009,2010,NA,NA,1,NA,0.08,0.82,0.02,2.87,560.568,25.282,169.668,0.213,2361,Härjedalen,S,3.9,0,0,1,91.34375,6,NA,2.5,0.250114318,0.100045727,0,0,0,0,0,0,0,0,0,0,0,0.00088,0,0.00101,0.00046,0.00047,0.00029,0.65411,0.00253,0,0.00106,0.18512,0,0,0,0,0.00042,0.13008,0,0,0,0.02355,0,0,0,1,M-09-09,0.261963,Ful1
M-11-03,M,S,Tandsjön 1,Tandsjön_0910,6845007,1420126,2009,2010,NA,NA,1,NA,0.08,0.82,0.02,2.87,560.568,25.282,169.668,0.213,2361,Härjedalen,S,3.9,0,0,1,91.34375,6,NA,2.5,0.250114318,0.100045727,0,0,0,0,0,0,0,0,0,0,0,0.00088,0,0.00101,0.00046,0.00047,0.00029,0.65411,0.00253,0,0.00106,0.18512,0,0,0,0,0.00042,0.13008,0,0,0,0.02355,0,0,0,1,M-11-03,0.26708999999999999,Lok1
D-11-17,F,S,Tansen 1,Tansen_0910,6687122,1451801,2009,2010,NA,NA,0,NA,0.23,1.26,0.47,6.77,283.917,32.732,177.816,0.286,2085,Ludvika,S,24.65,0,1,0,80.60639881,6,NA,2.3,0.374349652,0.187910745,0,0.00813,0.00028,0,0,0,0.00119,0,0,0,0.00044,0.0054,0,0.00027,0.00303,0.00356,0.00247,0.74751,0.03914,0,0,0.09092,0,0,0,0,0.0011,0.01379,0,0,0,0.08277,0,0,0,1,D-11-17,0.32421899999999998,Julu3
G7-10,M,S,Tansen 1,Tansen_0910,6687122,1451801,2009,2010,NA,NA,0,NA,0.23,1.26,0.47,6.77,283.917,32.732,177.816,0.286,2085,Ludvika,S,24.65,0,1,0,80.60639881,6,NA,2.3,0.374349652,0.187910745,0,0.00813,0.00028,0,0,0,0.00119,0,0,0,0.00044,0.0054,0,0.00027,0.00303,0.00356,0.00247,0.74751,0.03914,0,0,0.09092,0,0,0,0,0.0011,0.01379,0,0,0,0.08277,0,0,0,1,G7-10,0.29931600000000003,Klot
G33-09,F,S,Tennan,Tennån_0910,6803383,1369715,2009,2010,illegal,NA,0,NA,0.23,0.69,0.35,3.49,475.508,23.014,173.073,0.128,2039,Älvdalen,S,1.8,0,1,0,86,6,NA,2.3,0.509565025,0.221957041,0,6.00E-05,0,0,0,0,0,0,0,0,0.00116,0.00034,0,3.00E-04,0,0,1.00E-04,0.63015,0.01387,0,1.00E-05,0.1275,0,2.00E-04,0,0,0.00429,0.18874,0,0,0.00196,0.03131,0,0,0,1,G33-09,0.30590800000000001,Ack
G40-08,M,S,Tennan,Tennån_0910,6803383,1369715,2009,2010,illegal,NA,0,NA,0.23,0.69,0.35,3.49,475.508,23.014,173.073,0.128,2039,Älvdalen,S,1.8,0,1,0,86,6,NA,2.3,0.509565025,0.221957041,0,6.00E-05,0,0,0,0,0,0,0,0,0.00116,0.00034,0,3.00E-04,0,0,1.00E-04,0.63015,0.01387,0,1.00E-05,0.1275,0,2.00E-04,0,0,0.00429,0.18874,0,0,0.00196,0.03131,0,0,0,1,G40-08,0.27050800000000003,Amä1
M-10-01,F,S,Tenskog 2,Tenskog_0910,6826561,1468769,2009,2010,NA,NA,1,NA,0.19,1.03,0.03,4.44,315.275,23.221,173.921,0.176,2161,Ljusdal,S,4.825,0,0,0,82.47395833,6,NA,2.6,0.37020464,0.440378919,0,0.00106,0,0,0,0,0,0,0,0,0,0.00028,0,0.00029,0.00028,0,0,0.65575,0.01561,0,0,0.20905,0,0,0,0.00134,0.00244,0.04579,0,0,0.00058,0.06753,0,0,0,1,M-10-01,0.29296899999999998,Vox
M-10-02,M,S,Tenskog 2,Tenskog_0910,6826561,1468769,2009,2010,NA,NA,1,NA,0.19,1.03,0.03,4.44,315.275,23.221,173.921,0.176,2161,Ljusdal,S,4.825,0,0,0,82.47395833,6,NA,2.6,0.37020464,0.440378919,0,0.00106,0,0,0,0,0,0,0,0,0,0.00028,0,0.00029,0.00028,0,0,0.65575,0.01561,0,0,0.20905,0,0,0,0.00134,0.00244,0.04579,0,0,0.00058,0.06753,0,0,0,1,M-10-02,0.26074199999999997,Amu2
G10-10,M,S,Trång 1,Trång_0910,6705640,1348813,2009,2010,NA,NA,0,NA,0.26,0.97,0.22,4.07,303.34,23.282,175.155,0.243,1737,Torsby,S,3,0,6,0,79.35529205,6,NA,3.6,0.701611275,0.605593856,0,0.00257,0,0,0,0,0,0,0,0,0.00056,0.00949,0,0,0.00893,0.00203,0.00076,0.81862,0.01857,0,0,0.05009,0,0,0,0,0.00058,0.05788,0,0,0.00529,0.02464,0,0,0,1,G10-10,0.27917500000000001,Gös
G11-10,F,S,Trång 1,Trång_0910,6705640,1348813,2009,2010,NA,NA,0,NA,0.26,0.97,0.22,4.07,303.34,23.282,175.155,0.243,1737,Torsby,S,3,0,6,0,79.35529205,6,NA,3.6,0.701611275,0.605593856,0,0.00257,0,0,0,0,0,0,0,0,0.00056,0.00949,0,0,0.00893,0.00203,0.00076,0.81862,0.01857,0,0,0.05009,0,0,0,0,0.00058,0.05788,0,0,0.00529,0.02464,0,0,0,1,G11-10,0.26953100000000002,Ny5
G4-07,M,S,Ulriksberg 3,Ulriksberg_0910,6645306,1437411,2009,2010,NA,NA,0,NA,0.3,1.24,0.42,6.79,255.355,32.545,174.171,0.29,1863,Hällefors,S,10.025,0,1,0,82.46560847,6,NA,2.9,0.498688545,0.491235359,0,0.00615,0.00042,0,0,0,0.00035,0.00041,0,0,0,0.00067,0,0.00026,0.00034,0.00372,0.00128,0.76682,0.034,0,0,0.06747,0,0,0,0,0.00056,0.03455,0,0,0.00049,0.08251,0,0,0,1,G4-07,0.296875,Grå
M-06-02,F,S,Ulriksberg 3,Ulriksberg_0910,6645306,1437411,2009,2010,NA,NA,1,NA,0.3,1.24,0.42,6.79,255.355,32.545,174.171,0.29,1863,Hällefors,S,10.025,0,1,0,82.46560847,6,NA,2.9,0.498688545,0.491235359,0,0.00615,0.00042,0,0,0,0.00035,0.00041,0,0,0,0.00067,0,0.00026,0.00034,0.00372,0.00128,0.76682,0.034,0,0,0.06747,0,0,0,0,0.00056,0.03455,0,0,0.00049,0.08251,0,0,0,1,M-06-02,0.23877000000000001,Hlg1
G16-09,M,S,VaråaHöljes  1,Varåa-Höljes_0910,6776340,1319679,2009,2010,NA,NA,0,NA,0.28,1.07,0.02,3.98,451.833,18.631,170.749,0.172,428,Trysil,N,5.848,1,1,0,86.60899316,6,NA,4552.5,0.315449869,0.249810519,0,0,0,0,0,0,0,0,0,0,0.00061,0,0,0,0,0.00321,0,0.61122,0.03042,0,0,0.13189,0,0,0,0,0.00083,0.19587,0,0,0.00314,0.02281,0,0,0,1,G16-09,0.26953100000000002,Ny5
G16-10,F,S,VaråaHöljes  1,Varåa-Höljes_0910,6776340,1319679,2009,2010,illegal,1,0,NA,0.28,1.07,0.02,3.98,451.833,18.631,170.749,0.172,428,Trysil,N,5.848,1,1,0,86.60899316,6,NA,4552.5,0.315449869,0.249810519,0,0,0,0,0,0,0,0,0,0,0.00061,0,0,0,0,0.00321,0,0.61122,0.03042,0,0,0.13189,0,0,0,0,0.00083,0.19587,0,0,0.00314,0.02281,0,0,0,1,G16-10,0,Kyn2
G21-05,M,S,Våmhus 2,Våmådalen_0910,6796678,1426371,2009,2010,NA,NA,0,NA,0.2,1,0.28,3.89,432.251,26.888,171.482,0.279,2034,Orsa,S,4.067,0,0,0,84.67396184,6,NA,2.3,0.479051972,0.455323773,0,0.00152,0,0,0,0.00033,0,0,0,0,0.00152,0.00294,0,0.00258,0.00417,0,0,0.77082,0.03869,0,0,0.1187,0,0,0,0.00038,0,0.04938,0,0,0,0.00896,0,0,0,1,G21-05,0.23877000000000001,Hlg1
G29-07,F,S,Våmhus 2,Våmådalen_0910,6796678,1426371,2009,2010,NA,NA,0,NA,0.2,1,0.28,3.89,432.251,26.888,171.482,0.279,2034,Orsa,S,4.067,0,0,0,84.67396184,6,NA,2.3,0.479051972,0.455323773,0,0.00152,0,0,0,0.00033,0,0,0,0,0.00152,0.00294,0,0.00258,0.00417,0,0,0.77082,0.03869,0,0,0.1187,0,0,0,0.00038,0,0.04938,0,0,0,0.00896,0,0,0,1,G29-07,0.1875,Fur
G32-07,F,S,Äppelbo 1,Äppelbo_0910,6712442,1389424,2009,2010,NA,NA,0,NA,0.25,0.91,0.59,4.65,369.75,27.818,168.109,0.249,2023,Malung,S,4.2,0,2,0,77.57575758,6,NA,2.3,0.516014383,0.455119674,0,0.00295,0.00037,0,0,0,0,0,0,0,0.00057,0.00684,0,0.0033,0.00519,0.00456,0.00114,0.6233,0.06182,0,0,0.08063,0,0,0,0,0.00078,0.14979,0,0,0.00676,0.05201,0,0,0,1,G32-07,0.227051,Sil1
G39-07,M,S,Äppelbo 1,Äppelbo_0910,6712442,1389424,2009,2010,NA,NA,0,NA,0.25,0.91,0.59,4.65,369.75,27.818,168.109,0.249,2023,Malung,S,4.2,0,2,0,77.57575758,6,NA,2.3,0.516014383,0.455119674,0,0.00295,0.00037,0,0,0,0,0,0,0,0.00057,0.00684,0,0.0033,0.00519,0.00456,0.00114,0.6233,0.06182,0,0,0.08063,0,0,0,0,0.00078,0.14979,0,0,0.00676,0.05201,0,0,0,1,G39-07,0.23877000000000001,Hlg1
M-06-09,F,S,Aamäck 1,Aamäck_1011,6674717,1408846,2010,2011,illegal,NA,1,NA,0.23,0.98,0.15,5.75,340.771,33.6,175.713,0.316,1782,Filipstad,S,7.54,0,2,0,82.44444444,6,NA,2.9,0.540182779,0.54443777,0,0.00201,0,0,0,0,0,0,0,0,0.00044,0,0,0,0,0.00136,0.00028,0.66165,0.0258,0,0,0.16887,0,0,0,0,0.00186,0.05206,0,0,0,0.08568,0,0,0,1,M-06-09,0.26757799999999998,Grä1
M-09-16,M,S,Aamäck 1,Aamäck_1011,6674717,1408846,2010,2011,censor,NA,1,NA,0.23,0.98,0.15,5.75,340.771,33.6,175.713,0.316,1782,Filipstad,S,7.54,0,2,0,82.44444444,6,NA,2.9,0.540182779,0.54443777,0,0.00201,0,0,0,0,0,0,0,0,0.00044,0,0,0,0,0.00136,0.00028,0.66165,0.0258,0,0,0.16887,0,0,0,0,0.00186,0.05206,0,0,0,0.08568,0,0,0,1,M-09-16,0.26953100000000002,Ny5
G10-06,F,S,Acksjön,Acksjön_1011,6688619,1375024,2010,2011,NA,NA,0,NA,0.28,0.92,0.2,5.07,307.88,32.82,177.133,0.34,1783,Hagfors,S,4.1,0,2,0,81.69607843,6,NA,3.7,0.591158098,0.623807634,0,0.00135,0.00026,0,0,0,0,0,0,0,0,0.02125,0,0,0.00174,0.00365,0.00215,0.71313,0.02007,0,0,0.09985,0,0,0,0,0.00121,0.06933,0,0,0.007,0.05901,0,0,0,1,G10-06,0.23877000000000001,Hlg1
M-09-17,M,S,Acksjön,Acksjön_1011,6688619,1375024,2010,2011,NA,NA,1,NA,0.28,0.92,0.2,5.07,307.88,32.82,177.133,0.34,1783,Hagfors,S,4.1,0,2,0,81.69607843,6,NA,3.7,0.591158098,0.623807634,0,0.00135,0.00026,0,0,0,0,0,0,0,0,0.02125,0,0,0.00174,0.00365,0.00215,0.71313,0.02007,0,0,0.09985,0,0,0,0,0.00121,0.06933,0,0,0.007,0.05901,0,0,0,1,M-09-17,0.1875,Fur
G69-10,M,N,Aurskog 1,Aurskog_1011,6650536,1254786,2010,2011,NA,NA,0,NA,0.67,1.12,3,12.64,214.513,31.668,184.427,0.333,221,Aurskog-Høland,N,135.265,1,1,0,81.77083333,6,NA,1615.9,0.256558878,0.115496194,0,0.01611,0,0,0,0,0,0,0,0,0.00149,0.18892,0,0,4.00E-04,0.02524,0.00095,0.59901,0.00261,0,0,0.05222,0,0,0,0,0.00051,0.02857,0,0,0.01265,0.07131,0,0,0,1,G69-10,0.21484400000000001,Ulr2
G75-10,F,N,Aurskog 1,Aurskog_1011,6650536,1254786,2010,2011,NA,NA,0,NA,0.67,1.12,3,12.64,214.513,31.668,184.427,0.333,221,Aurskog-Høland,N,135.265,1,1,0,81.77083333,6,NA,1615.9,0.256558878,0.115496194,0,0.01611,0,0,0,0,0,0,0,0,0.00149,0.18892,0,0,4.00E-04,0.02524,0.00095,0.59901,0.00261,0,0,0.05222,0,0,0,0,0.00051,0.02857,0,0,0.01265,0.07131,0,0,0,1,G75-10,0.25695800000000002,DE5
D-11-27,F,S,Bogen 3/Mangskog,Mangskog_1011,6641989,1329344,2010,2011,legal,NA,0,NA,0.31,1.1,0.28,6.09,230.874,36.769,176.3,0.432,1784,Arvika,S,12.067,0,2,0,84.02020202,6,NA,3.9,0.577504117,0.406880428,0,0.00152,0,0,0,0,0,0,0,0,0,0.03539,0,0,0.00799,0.01508,0.00072,0.78958,0.00811,0,0,0.04836,0,0,0,0,0,0.00378,0,0,0,0.08946,0,0,0,1,D-11-27,0.26757799999999998,Grä1
D-11-29,M,S,Bogen 3/Mangskog,Mangskog_1011,6641989,1329344,2010,2011,legal,NA,0,NA,0.31,1.1,0.28,6.09,230.874,36.769,176.3,0.432,1784,Arvika,S,12.067,0,2,0,84.02020202,6,NA,3.9,0.577504117,0.406880428,0,0.00152,0,0,0,0,0,0,0,0,0,0.03539,0,0,0.00799,0.01508,0.00072,0.78958,0.00811,0,0,0.04836,0,0,0,0,0,0.00378,0,0,0,0.08946,0,0,0,1,D-11-29,0.26757799999999998,Grä1
G28-09,M,S,Brattfors 1,Brattfors_1011,6622753,1387485,2010,2011,NA,NA,0,NA,0.3,1.17,0.24,7.74,193.893,36.113,177.302,0.349,1780,Karlstad,S,29.18,0,2,0,83.40104167,6,NA,3.9,0.354266736,0.343620438,0,0.0037,0,0,0,0,0.00044,0,0,0,0.00144,0.05296,0,0.00251,0.00411,0.00785,0.00404,0.7209,0.03725,0,0,0.06659,0,0,0,0,7.00E-04,0.02473,0,0,0.00026,0.07253,0,0,0,1,G28-09,0.31445299999999998,Jang3
G9-09,F,S,Brattfors 1,Brattfors_1011,6622753,1387485,2010,2011,NA,NA,0,NA,0.3,1.17,0.24,7.74,193.893,36.113,177.302,0.349,1780,Karlstad,S,29.18,0,2,0,83.40104167,6,NA,3.9,0.354266736,0.343620438,0,0.0037,0,0,0,0,0.00044,0,0,0,0.00144,0.05296,0,0.00251,0.00411,0.00785,0.00404,0.7209,0.03725,0,0,0.06659,0,0,0,0,7.00E-04,0.02473,0,0,0.00026,0.07253,0,0,0,1,G9-09,0.26757799999999998,Grä1
G1-08,F,S,Dals Ed 5,DalsEd-Halden_1011,6547158,1262547,2010,2011,NA,NA,0,NA,0.38,1.21,0.13,6.76,161.11,36.273,178.718,0.389,101,Halden,N,18.34,1,3,0,82.91414141,6,NA,550.6,0.576389836,0.538340559,0,0.00221,0.00289,0,0,0,0.00026,0,0,0.00047,0,0.02674,0,0.00041,0.00232,0.01238,0.00149,0.7586,0.02546,0,0,0.02713,0,6.00E-04,0,0,0,0.0418,0,0,0,0.08865,0,0.00115,0.00743,1,G1-08,0.29003899999999999,DE4
G28-07,M,S,Dals Ed 5,DalsEd-Halden_1011,6547158,1262547,2010,2011,illegal,NA,0,NA,0.38,1.21,0.13,6.76,161.11,36.273,178.718,0.389,101,Halden,N,18.34,1,3,0,82.91414141,6,NA,550.6,0.576389836,0.538340559,0,0.00221,0.00289,0,0,0,0.00026,0,0,0.00047,0,0.02674,0,0.00041,0.00232,0.01238,0.00149,0.7586,0.02546,0,0,0.02713,0,6.00E-04,0,0,0,0.0418,0,0,0,0.08865,0,0.00115,0.00743,1,G28-07,0.227051,Sil1
G12-10,F,S,Djurskog 3,Djurskog_1011,6615618,1269798,2010,2011,NA,NA,0,NA,0.43,1.24,0.94,6.52,200.64,33.45,180.396,0.365,1765,Årjäng,S,16.534,1,1,0,82.78494624,6,NA,881.7,0.25155683,0.100622732,0,0.00315,0.00098,0,0,0,0,0,0.00063,0,0.00028,0.06584,0,0.00042,0.01207,0.03196,0.00203,0.73781,0.00548,0,0,0.03119,0,0,0,0,0.00027,0.03257,0,0,0,0.07531,0,0,0,1,G12-10,0,Gal
G22-12,M,S,Djurskog 3,Djurskog_1011,6615618,1269798,2010,2011,NA,NA,0,NA,0.43,1.24,0.94,6.52,200.64,33.45,180.396,0.365,1765,Årjäng,S,16.534,1,1,0,82.78494624,6,NA,881.7,0.25155683,0.100622732,0,0.00315,0.00098,0,0,0,0,0,0.00063,0,0.00028,0.06584,0,0.00042,0.01207,0.03196,0.00203,0.73781,0.00548,0,0,0.03119,0,0,0,0,0.00027,0.03257,0,0,0,0.07531,0,0,0,1,G22-12,0.27612300000000001,Löv2
G111-10,M,N,Eidskog,Eidskog_1011,6660091,1282159,2010,2011,Illegal,NA,0,NA,0.59,1.79,0.98,7.06,269.562,31.753,170.263,0.309,420,Eidskog,N,16.071,1,1,0,84.00520833,6,NA,5708.2,0.256348102,0.198516769,0,0.00283,3.00E-04,0,0,0,0,0,0,0,0.00149,0.02116,0,0.0015,0.00453,0.02736,0.00028,0.75725,0.00113,0,0,0.045,0,0,0,0,0,0.08774,0,0,0,0.04942,0,0,0,1,G111-10,0.25695800000000002,DE5
M-09-02,F,N,Eidskog,Eidskog_1011,6660091,1282159,2010,2011,Illegal,NA,1,NA,0.59,1.79,0.98,7.06,269.562,31.753,170.263,0.309,420,Eidskog,N,16.071,1,1,0,84.00520833,6,NA,5708.2,0.256348102,0.198516769,0,0.00283,3.00E-04,0,0,0,0,0,0,0,0.00149,0.02116,0,0.0015,0.00453,0.02736,0.00028,0.75725,0.00113,0,0,0.045,0,0,0,0,0,0.08774,0,0,0,0.04942,0,0,0,1,M-09-02,0,Gal
D-10-70,M,S,Fjätdalen,Fjätdalen_1011,6865023,1367590,2010,2011,legal,NA,0,NA,0.08,0.28,0.02,2.53,675.924,19.773,176.795,0.119,2039,Älvdalen,S,0.95,0,1,1,85.39705882,6,NA,2.4,0.257328124,0.10293125,0,0,0,0,0,0,0,0,0,0,0.00257,0,0,0.00116,0,0.00028,0.01748,0.43906,0.0181,0,0.18303,0.05196,0,3.00E-04,0.01945,0,0,0.26548,0,0,0,0.00113,0,0,0,1,D-10-70,0.28125,Osd2
D-10-71,F,S,Fjätdalen,Fjätdalen_1011,6865023,1367590,2010,2011,legal,NA,0,NA,0.08,0.28,0.02,2.53,675.924,19.773,176.795,0.119,2039,Älvdalen,S,0.95,0,1,1,85.39705882,6,NA,2.4,0.257328124,0.10293125,0,0,0,0,0,0,0,0,0,0,0.00257,0,0,0.00116,0,0.00028,0.01748,0.43906,0.0181,0,0.18303,0.05196,0,3.00E-04,0.01945,0,0,0.26548,0,0,0,0.00113,0,0,0,1,D-10-71,0.261963,Ful1
M-09-04,M,S,Fulufjellet 1,Fulufjället_1011,6822982,1353749,2010,2011,legal,NA,1,NA,0.16,0.52,0.13,2.67,555.288,20.774,164.117,0.133,2039,Älvdalen,S,1.915,1,0,0,88.09895833,6,NA,82.5,0.477657233,0.365140931,0,0,0,0,0,0,0,0,0,0,0,0,0,3.00E-04,0,0.00066,0.00702,0.6021,0.01723,0,0.1145,0.08068,0,0.00589,0.00662,0,0.00138,0.13053,0,0,0,0.03307,0,0,0,1,M-09-04,0.29052699999999998,Julu2
M-09-06,F,S,Fulufjellet 1,Fulufjället_1011,6822982,1353749,2010,2011,NA,NA,1,NA,0.16,0.52,0.13,2.67,555.288,20.774,164.117,0.133,2039,Älvdalen,S,1.915,1,0,0,88.09895833,6,NA,82.5,0.477657233,0.365140931,0,0,0,0,0,0,0,0,0,0,0,0,0,3.00E-04,0,0.00066,0.00702,0.6021,0.01723,0,0.1145,0.08068,0,0.00589,0.00662,0,0.00138,0.13053,0,0,0,0.03307,0,0,0,1,M-09-06,0.26757799999999998,Grä1
M-10-07,M,S,Färna 1,Färna_1011,6623475,1510064,2010,2011,NA,NA,1,NA,0.34,1.23,1.2,9.75,96.434,40.046,174.047,0.226,1904,Skinnskatteberg,S,53.143,0,2,0,79.77777778,6,NA,2.1,0.44510091,0.248626384,0,0.01121,0.00171,0,0,0,0,0,0,0.00039,0.001,0.09454,0,0.00392,0.00889,0.01259,0.00463,0.61291,0.06485,0,0,0.07543,0,0,0,0.01103,0.00475,0.03536,0,0,0.00219,0.0546,0,0,0,1,M-10-07,0.42968800000000001,Jang4
M-10-08,F,S,Färna 1,Färna_1011,6623475,1510064,2010,2011,NA,NA,1,NA,0.34,1.23,1.2,9.75,96.434,40.046,174.047,0.226,1904,Skinnskatteberg,S,53.143,0,2,0,79.77777778,6,NA,2.1,0.44510091,0.248626384,0,0.01121,0.00171,0,0,0,0,0,0,0.00039,0.001,0.09454,0,0.00392,0.00889,0.01259,0.00463,0.61291,0.06485,0,0,0.07543,0,0,0,0.01103,0.00475,0.03536,0,0,0.00219,0.0546,0,0,0,1,M-10-08,0.26708999999999999,Lok1
M-09-03,M,S,Galven,Galven_1011,6828428,1503474,2010,2011,NA,NA,1,NA,0.22,1.19,0.27,4.8,294.298,22.416,165.467,0.17,2161,Ljusdal,S,8.033,0,1,0,84.86868687,6,NA,3,0.480278318,0.389545538,0,0,0,0,0,0,0,0,0,0,0,0.01373,0,0.00027,0.00027,0.00142,0.00031,0.76923,0.02276,0,0,0.11416,0,0,0,0,0,0.02765,0,0,0,0.05021,0,0,0,1,M-09-03,NA,[Immigrant]
M-09-14,F,S,Galven,Galven_1011,6828428,1503474,2010,2011,illegal,NA,1,NA,0.22,1.19,0.27,4.8,294.298,22.416,165.467,0.17,2161,Ljusdal,S,8.033,0,1,0,84.86868687,6,NA,3,0.480278318,0.389545538,0,0,0,0,0,0,0,0,0,0,0,0.01373,0,0.00027,0.00027,0.00142,0.00031,0.76923,0.02276,0,0,0.11416,0,0,0,0,0,0.02765,0,0,0,0.05021,0,0,0,1,M-09-14,0.29296899999999998,Vox
G21-07,M,S,Gimmen 1,Gimmen_1011,6726097,1471699,2010,2011,NA,NA,0,NA,0.41,1.43,2.91,12.77,233.07,25.517,174.391,0.217,2029,Leksand,S,34.2,0,2,0,86.25520833,6,NA,2.3,0.565136779,0.291850528,0,0.03757,0.00324,0,0,0,0.00063,0.00086,0,0.00062,0.00163,0.06106,0.00029,0.00057,0.0087,0.01622,0.00774,0.69732,0.04247,0,0,0.05237,0,0,0,0,0.00089,0.00228,0,0,0.0117,0.05383,0,0,0,1,G21-07,0.227051,Sil1
G54-10,F,S,Gimmen 1,Gimmen_1011,6726097,1471699,2010,2011,NA,NA,0,NA,0.41,1.43,2.91,12.77,233.07,25.517,174.391,0.217,2029,Leksand,S,34.2,0,2,0,86.25520833,6,NA,2.3,0.565136779,0.291850528,0,0.03757,0.00324,0,0,0,0.00063,0.00086,0,0.00062,0.00163,0.06106,0.00029,0.00057,0.0087,0.01622,0.00774,0.69732,0.04247,0,0,0.05237,0,0,0,0,0.00089,0.00228,0,0,0.0117,0.05383,0,0,0,1,G54-10,0.227051,Sil1
G26-09,M,S,Glaskogen 2,Glaskogen_1011,6603038,1299592,2010,2011,illegal,NA,0,NA,0.23,1.06,0.47,7,205.321,36.378,177.203,0.374,1765,Årjäng,S,11.4,0,1,0,82.6875,6,NA,3.9,0.44460964,0.243234598,0,0.00423,0.00047,0,0,0,0,0,0,0,3.00E-05,0.04045,0,0.0011,0.00391,0.01625,0.00113,0.74576,0.03195,0,0,0.0349,0,0,0,0,0,0.0118,0,0,0,0.10801,0,0,0,1,G26-09,0.30590800000000001,Ack
G7-09,F,S,Glaskogen 2,Glaskogen_1011,6603038,1299592,2010,2011,illegal,NA,0,NA,0.23,1.06,0.47,7,205.321,36.378,177.203,0.374,1765,Årjäng,S,11.4,0,1,0,82.6875,6,NA,3.9,0.44460964,0.243234598,0,0.00423,0.00047,0,0,0,0,0,0,0,3.00E-05,0.04045,0,0.0011,0.00391,0.01625,0.00113,0.74576,0.03195,0,0,0.0349,0,0,0,0,0,0.0118,0,0,0,0.10801,0,0,0,1,G7-09,0.27050800000000003,Eds
G13-10,M,S,Gräsmark 3,Gräsmark_1011,6683676,1329207,2010,2011,NA,NA,0,NA,0.29,1.38,0.16,3.97,290.065,33.133,170.36,0.4,1737,Torsby,S,10.347,1,3,0,85.421875,6,NA,1094.5,0.522318281,0.430695254,0,0.00142,2.00E-05,0,0,0.00043,0,0,0,0,0.00068,0.0165,0,0,0.00533,0.00939,0.00192,0.80657,0.02389,0,0,0.07969,0,0,0,0,0,0.02241,0,0,0,0.03175,0,0,0,1,G13-10,0.27490199999999998,Äpp
M-06-10,F,S,Gräsmark 3,Gräsmark_1011,6683676,1329207,2010,2011,NA,NA,1,NA,0.29,1.38,0.16,3.97,290.065,33.133,170.36,0.4,1737,Torsby,S,10.347,1,3,0,85.421875,6,NA,1094.5,0.522318281,0.430695254,0,0.00142,2.00E-05,0,0,0.00043,0,0,0,0,0.00068,0.0165,0,0,0.00533,0.00939,0.00192,0.80657,0.02389,0,0,0.07969,0,0,0,0,0,0.02241,0,0,0,0.03175,0,0,0,1,M-06-10,0.296875,Grå
D-11-20,F,S,Gårdsjö 1,Gårdsjö_1011,6630678,1360102,2010,2011,legal,NA,0,NA,0.36,1.18,1.04,9.45,155.832,37.867,176.208,0.411,1766,Sunne,S,20.65,0,4,0,82.7311828,6,NA,3.9,0.273385188,0.148487725,0,0.01097,0.00084,0,0,0,0.00051,0.00034,0,0.00114,0.00127,0.13417,0,0.00407,0.00716,0.01113,0.00449,0.59445,0.06219,0,0,0.04466,0,0,0,0,0.00026,0.00926,0,0,0.00576,0.10733,0,0,0,1,D-11-20,NA,Fryk
G20-10,M,S,Gårdsjö 1,Gårdsjö_1011,6630678,1360102,2010,2011,censor,NA,0,"Hanen G20-10 flyttade efter tikens död 2011, till Lelång",0.36,1.18,1.04,9.45,155.832,37.867,176.208,0.411,1766,Sunne,S,20.65,0,4,0,82.7311828,6,NA,3.9,0.273385188,0.148487725,0,0.01097,0.00084,0,0,0,0.00051,0.00034,0,0.00114,0.00127,0.13417,0,0.00407,0.00716,0.01113,0.00449,0.59445,0.06219,0,0,0.04466,0,0,0,0,0.00026,0.00926,0,0,0.00576,0.10733,0,0,0,1,G20-10,0.42968800000000001,Jang4
G27-11,M,S,Gåsborn 1,Gåsborn_1011,6635866,1421967,2010,2011,NA,NA,0,NA,0.31,1.2,0.78,7.82,243.896,33.912,174.447,0.324,1782,Filipstad,S,7.05,0,4,0,82.5625,6,NA,3.5,0.423137558,0.312742614,0,0.00882,0.00114,0,0,0,0.00051,0,0,0,0.00051,0.00275,0,0.00056,0.00229,0.00576,0.00425,0.6661,0.07247,0,0,0.06348,0,0,0,0,0.00025,0.0261,0,0,0.00049,0.14453,0,0,0,1,G27-11,0.227051,Sil1
G6-11,F,S,Gåsborn 1,Gåsborn_1011,6635866,1421967,2010,2011,NA,NA,0,NA,0.31,1.2,0.78,7.82,243.896,33.912,174.447,0.324,1782,Filipstad,S,7.05,0,4,0,82.5625,6,NA,3.5,0.423137558,0.312742614,0,0.00882,0.00114,0,0,0,0.00051,0,0,0,0.00051,0.00275,0,0.00056,0.00229,0.00576,0.00425,0.6661,0.07247,0,0,0.06348,0,0,0,0,0.00025,0.0261,0,0,0.00049,0.14453,0,0,0,1,G6-11,0,Kyn2
G31-06,F,S,Görsjön,Görsjön_1011,6737632,1416609,2010,2011,NA,NA,0,NA,0.17,1.13,0.11,4.55,342.925,29.716,176.484,0.258,2062,Mora,S,6.625,0,1,0,85.40625,6,NA,2.3,0.520016787,0.511158249,0,0.00129,0,0,0,0,0,0,0,0,0,0,0,0,0,0,0.00048,0.75049,0.01332,0,0,0.1096,0,0,0,0,0.00188,0.05183,0,0,0.00033,0.07078,0,0,0,1,G31-06,0.23535200000000001,Dju1
M-06-03,M,S,Görsjön,Görsjön_1011,6737632,1416609,2010,2011,NA,NA,1,NA,0.17,1.13,0.11,4.55,342.925,29.716,176.484,0.258,2062,Mora,S,6.625,0,1,0,85.40625,6,NA,2.3,0.520016787,0.511158249,0,0.00129,0,0,0,0,0,0,0,0,0,0,0,0,0,0,0.00048,0.75049,0.01332,0,0,0.1096,0,0,0,0,0.00188,0.05183,0,0,0.00033,0.07078,0,0,0,1,M-06-03,0.30224600000000001,Utt
G107-11,M,S,Hasselfors 5,Hasselfors_1011,6548814,1420962,2010,2011,NA,NA,0,NA,0.35,1.3,0.88,8.93,110.409,36.695,182.645,0.16,1862,Degerfors,S,19.429,0,0,0,78.59195402,6,NA,3.3,0.496203834,0.49716471,0,0.00718,0.00154,0,0,0,0.00054,0,0,0.00028,0.00084,0.0728,0,0.0027,0.00311,0.00614,0.01193,0.53184,0.08375,0,0,0.05248,0,0,0,0,0.00524,0.04198,0,0,0.00302,0.17464,0,0,0,1,G107-11,0.30590800000000001,Ack
G37-07,F,S,Hasselfors 5,Hasselfors_1011,6548814,1420962,2010,2011,NA,NA,0,NA,0.35,1.3,0.88,8.93,110.409,36.695,182.645,0.16,1862,Degerfors,S,19.429,0,0,0,78.59195402,6,NA,3.3,0.496203834,0.49716471,0,0.00718,0.00154,0,0,0,0.00054,0,0,0.00028,0.00084,0.0728,0,0.0027,0.00311,0.00614,0.01193,0.53184,0.08375,0,0,0.05248,0,0,0,0,0.00524,0.04198,0,0,0.00302,0.17464,0,0,0,1,G37-07,0.43359399999999998,Has2
D-11-19,M,S,Haverö 1,Haverö_1011,6907858,1473533,2010,2011,legal,NA,0,NA,0.2,1.06,0.21,3.41,335.15,22.71,172.191,0.162,2361,Härjedalen,S,2.6,0,2,1,92.86764706,6,NA,3.4,0.511362295,0.211854836,0,0.00019,0,0,0,0,0.00033,0,0,0,0,0,0,0.00096,0.00139,0.00423,0,0.60646,0.04365,0,0,0.19391,0,0,0,0,0,0.05241,0,0,0.00028,0.09619,0,0,0,1,D-11-19,0.1875,Fur
G34-10,F,S,Haverö 1,Haverö_1011,6907858,1473533,2010,2011,NA,NA,0,NA,0.2,1.06,0.21,3.41,335.15,22.71,172.191,0.162,2361,Härjedalen,S,2.6,0,2,1,92.86764706,6,NA,3.4,0.511362295,0.211854836,0,0.00019,0,0,0,0,0.00033,0,0,0,0,0,0,0.00096,0.00139,0.00423,0,0.60646,0.04365,0,0,0.19391,0,0,0,0,0,0.05241,0,0,0.00028,0.09619,0,0,0,1,G34-10,0.46972700000000001,Skrä1
G66-10,M,S,Hedbyn 2,Hedbyn_1011,6613729,1485862,2010,2011,illegal,NA,0,NA,0.37,1.15,0.41,7.94,100.742,39.569,174.179,0.23,1983,Köping,S,26.25,0,2,0,77.71354167,6,NA,2.7,0.48147001,0.479745801,0,0.00427,0.00031,0,0,0,0,0,0,0,0.00053,0.10413,0,0.00143,0.01197,0.01645,0.00162,0.64307,0.04471,0,0,0.07194,0,0,0,0,0.00451,0.03447,0,0,0.00036,0.06022,0,0,0,1,G66-10,0.27050800000000003,Amä1
M-10-06,F,S,Hedbyn 2,Hedbyn_1011,6613729,1485862,2010,2011,NA,NA,1,NA,0.37,1.15,0.41,7.94,100.742,39.569,174.179,0.23,1983,Köping,S,26.25,0,2,0,77.71354167,6,NA,2.7,0.48147001,0.479745801,0,0.00427,0.00031,0,0,0,0,0,0,0,0.00053,0.10413,0,0.00143,0.01197,0.01645,0.00162,0.64307,0.04471,0,0,0.07194,0,0,0,0,0.00451,0.03447,0,0,0.00036,0.06022,0,0,0,1,M-10-06,0.29931600000000003,Klot
D-10-74,F,S,Homna 1,Homna_1011,6791231,1481034,2010,2011,legal,NA,0,NA,0.14,1.11,0.04,4.5,297.399,23.975,173.465,0.153,2031,Rättvik,S,5.85,0,1,0,88.61616162,6,NA,2.5,0.340744067,0.264613299,0,0.00163,0,0,0,0,0,0,0,0,0.00073,0.00702,0,0.00092,0.00071,0.00183,8.00E-04,0.70061,0.0214,0,0,0.13056,0,0,0,0,0.00057,0.03634,0,0,0,0.09688,0,0,0,1,D-10-74,0.27050800000000003,Amä1
G37-10,M,S,Homna 1,Homna_1011,6791231,1481034,2010,2011,NA,NA,0,NA,0.14,1.11,0.04,4.5,297.399,23.975,173.465,0.153,2031,Rättvik,S,5.85,0,1,0,88.61616162,6,NA,2.5,0.340744067,0.264613299,0,0.00163,0,0,0,0,0,0,0,0,0.00073,0.00702,0,0.00092,0.00071,0.00183,8.00E-04,0.70061,0.0214,0,0,0.13056,0,0,0,0,0.00057,0.03634,0,0,0,0.09688,0,0,0,1,G37-10,0,Gal
G21-10,M,S,Hästberget,Hästberget_1011,6740538,1350494,2010,2011,NA,NA,0,NA,0.25,0.68,0.56,4.59,443.55,21.767,170.994,0.223,1737,Torsby,S,2.75,0,2,0,85.921875,6,NA,3.3,0.331850325,0.226438457,0,0.00282,0,0,0,0,0,0,0,0,0.00092,0.0023,0,0,0.00146,0.00172,9.00E-04,0.7092,0.03295,0,0,0.08763,0,0,0,0,0.00081,0.10656,0,0,0.0054,0.04732,0,0,0,1,G21-10,0.42968800000000001,Jang4
G22-09,F,S,Hästberget,Hästberget_1011,6740538,1350494,2010,2011,NA,NA,0,NA,0.25,0.68,0.56,4.59,443.55,21.767,170.994,0.223,1737,Torsby,S,2.75,0,2,0,85.921875,6,NA,3.3,0.331850325,0.226438457,0,0.00282,0,0,0,0,0,0,0,0,0.00092,0.0023,0,0,0.00146,0.00172,9.00E-04,0.7092,0.03295,0,0,0.08763,0,0,0,0,0.00081,0.10656,0,0,0.0054,0.04732,0,0,0,1,G22-09,0.27490199999999998,Äpp
G13-08,M,S,Jangen 5,Jangen_1011,6659402,1363425,2010,2011,illegal,NA,0,NA,0.34,1.21,0.52,7.21,203.893,36.912,176.024,0.424,1783,Hagfors,S,11.625,0,4,0,82.53535354,6,NA,3.9,0.492049299,0.488968825,0,0.00576,0.00026,0,0,0.00119,0,0,0,0,0.00076,0.07116,0,0.00348,0.00612,0.01903,0.00486,0.70885,0.02215,0,0,0.04558,0,0,0,0,0.00063,0.01407,0,0,0.00826,0.08785,0,0,0,1,G13-08,0.26708999999999999,Lok1
M-06-05,F,S,Jangen 5,Jangen_1011,6659402,1363425,2010,2011,NA,NA,1,NA,0.34,1.21,0.52,7.21,203.893,36.912,176.024,0.424,1783,Hagfors,S,11.625,0,4,0,82.53535354,6,NA,3.9,0.492049299,0.488968825,0,0.00576,0.00026,0,0,0.00119,0,0,0,0,0.00076,0.07116,0,0.00348,0.00612,0.01903,0.00486,0.70885,0.02215,0,0,0.04558,0,0,0,0,0.00063,0.01407,0,0,0.00826,0.08785,0,0,0,1,M-06-05,0.26953100000000002,Ny5
G72-10,M,N,Julussa 8,Julussa_1011,6802816,1273926,2010,2011,NA,NA,0,NA,0.2,1.24,0.32,5.22,500.965,19.9,177.682,0.224,429,Åmot,N,5.703,1,1,0,83.5,6,NA,8023,0.53154449,0.379931004,0,0,0.00101,0,0,0,5.00E-04,0,0,0,0.00311,0.00403,0,0,0,0.00661,0.00181,0.63843,0.00602,0,0.0111,0.11642,0,0,0.0126,0,0,0.15649,0,0,0.00463,0.03723,0,0,0,1,G72-10,0.26953100000000002,Ny5
M14-09/G16-12,F,N,Julussa 8,Julussa_1011,6802816,1273926,2010,2011,NA,NA,1,NA,0.2,1.24,0.32,5.22,500.965,19.9,177.682,0.224,429,Åmot,N,5.703,1,1,0,83.5,6,NA,8023,0.53154449,0.379931004,0,0,0.00101,0,0,0,5.00E-04,0,0,0,0.00311,0.00403,0,0,0,0.00661,0.00181,0.63843,0.00602,0,0.0111,0.11642,0,0,0.0126,0,0,0.15649,0,0,0.00463,0.03723,0,0,0,1,G16-12,0,Kyn2
M-11-13/G29-10,M,S,Juvberget 2,Juvberget_1011,6753066,1317219,2010,2011,NA,NA,1,NA,0.24,1.19,0,5.23,403.791,18.656,168.782,0.192,1737,Torsby,S,5.266,1,3,0,82.63541667,6,NA,2481.8,0.586689179,0.528714005,0,0.00083,0,0,0,0,0,0,0,0,0.00061,9.00E-05,0,0.00048,0,0.00189,0.00171,0.63205,0.07142,0,0,0.13742,0,0,0,0,0,0.12638,0,0,0.0028,0.02434,0,0,0,1,G29-10,0.31103500000000001,Has3
M-05-10,F,S,Juvberget 2,Juvberget_1011,6753066,1317219,2010,2011,NA,NA,1,NA,0.24,1.19,0,5.23,403.791,18.656,168.782,0.192,1737,Torsby,S,5.266,1,3,0,82.63541667,6,NA,2481.8,0.586689179,0.528714005,0,0.00083,0,0,0,0,0,0,0,0,0.00061,9.00E-05,0,0.00048,0,0.00189,0.00171,0.63205,0.07142,0,0,0.13742,0,0,0,0,0,0.12638,0,0,0.0028,0.02434,0,0,0,1,M-05-10,0.21875,Tyn
M-05-07,F,S,Kloten,Kloten_1011,6645347,1471847,2010,2011,NA,NA,1,NA,0.28,1.33,0.34,6.22,249.177,31.147,174.723,0.256,1885,Lindesberg,S,12.06,0,4,0,82.1010101,6,NA,2.7,0.540805949,0.408540215,0,0.00511,0,0,0,0,0,0,0,0,5.00E-04,0.01729,0,0.00029,0.00395,0.01161,0.0019,0.79551,0.0131,0,0,0.07855,0,0,0,0,0,0.00794,0,0,0,0.06425,0,0,0,1,M-05-07,0.30224600000000001,Utt
M-09-18,M,S,Kloten,Kloten_1011,6645347,1471847,2010,2011,NA,NA,1,NA,0.28,1.33,0.34,6.22,249.177,31.147,174.723,0.256,1885,Lindesberg,S,12.06,0,4,0,82.1010101,6,NA,2.7,0.540805949,0.408540215,0,0.00511,0,0,0,0,0,0,0,0,5.00E-04,0.01729,0,0.00029,0.00395,0.01161,0.0019,0.79551,0.0131,0,0,0.07855,0,0,0,0,0,0.00794,0,0,0,0.06425,0,0,0,1,M-09-18,0.29980499999999999,Krp2
G24-10,M,S,Korsån 2,Korsån_1011,6736633,1522157,2010,2011,NA,NA,0,NA,0.18,1.31,0.29,6.46,243.504,28.618,165.812,0.176,2080,Falun,S,20.85,0,1,0,82.56060606,6,NA,2.5,0.456574881,0.333182989,0,0.0038,0,0,0,0,0,0,0,0,0,0.01945,0,0,0,0.00281,0.00185,0.76568,0.01483,0,0,0.11778,0,0,0,0,0,0.01767,0,0,0,0.05613,0,0,0,1,G24-10,0.26757799999999998,Grä1
M-05-11,F,S,Korsån 2,Korsån_1011,6736633,1522157,2010,2011,NA,NA,1,NA,0.18,1.31,0.29,6.46,243.504,28.618,165.812,0.176,2080,Falun,S,20.85,0,1,0,82.56060606,6,NA,2.5,0.456574881,0.333182989,0,0.0038,0,0,0,0,0,0,0,0,0,0.01945,0,0,0,0.00281,0.00185,0.76568,0.01483,0,0,0.11778,0,0,0,0,0,0.01767,0,0,0,0.05613,0,0,0,1,M-05-11,0.21972700000000001,Amu1
D-11-26,M,S,Kroppefjäll 4,Kroppefjäll_1011,6522427,1291009,2010,2011,legal,NA,0,NA,0.47,1.3,0.51,8.48,144.342,39.5,175.119,0.352,1460,Bengtsfors,S,20.657,0,1,0,78.77419355,6,NA,2.7,0.583268378,0.443357181,0,0.00734,0.00021,0,0,0,0.00063,0,0,0,0,0.15363,0,0.00099,0.0029,0.02952,0.04143,0.55951,0.06276,0,0,0.03641,0,0,0,0,0.00201,0.03183,0,0,0,0.07082,0,0,0,1,D-11-26,0.26757799999999998,Grä1
D-11-30,F,S,Kroppefjäll 4,Kroppefjäll_1011,6522427,1291009,2010,2011,legal,NA,0,"Male in  Kroppefjäll 4, D-11-26, found under Kynnefjälla 1",0.47,1.3,0.51,8.48,144.342,39.5,175.119,0.352,1460,Bengtsfors,S,20.657,0,1,0,78.77419355,6,NA,2.7,0.583268378,0.443357181,0,0.00734,0.00021,0,0,0,0.00063,0,0,0,0,0.15363,0,0.00099,0.0029,0.02952,0.04143,0.55951,0.06276,0,0,0.03641,0,0,0,0,0.00201,0.03183,0,0,0,0.07082,0,0,0,1,D-11-30,0.29980499999999999,Krp2
M-07-05,F,N,Kynna 2,Kynna_1011,6752687,1293069,2010,2011,NA,NA,1,NA,0.3,1.43,0.44,6.42,365.673,21.836,175.155,0.191,426,Våler,N,9.644,1,2,0,82.96568627,6,NA,8023,0.533171105,0.539788141,0,0.00048,0.00066,0,0,0,0,0,0,0,0.00051,0.05823,0,0,0,0.01207,0.00149,0.55209,0.00464,0,0,0.19196,0,0,0.0025,0,0,0.15743,0,0,0.00313,0.01481,0,0,0,1,M-07-05,0.29345700000000002,Kyn1
M-10-10,M,N,Kynna 2,Kynna_1011,6752687,1293069,2010,2011,Illegal,NA,1,NA,0.3,1.43,0.44,6.42,365.673,21.836,175.155,0.191,426,Våler,N,9.644,1,2,0,82.96568627,6,NA,8023,0.533171105,0.539788141,0,0.00048,0.00066,0,0,0,0,0,0,0,0.00051,0.05823,0,0,0,0.01207,0.00149,0.55209,0.00464,0,0,0.19196,0,0,0.0025,0,0,0.15743,0,0,0.00313,0.01481,0,0,0,1,M-10-10,NA,[Immigrant]
G2-11,F,S,Kynnefjäll 2,Kynnefjäll_1011,6522717,1261602,2010,2011,NA,NA,0,NA,0.37,1.24,0.14,6.54,137.445,38.017,179.54,0.345,1435,Tanum,S,17.13,1,2,0,78.89583333,6,NA,25,0.5014525,0.41994277,0,0.00066,0,0,0,0,0,0,0,0,0,0.10011,0,0.00326,0.00773,0.03131,0.00547,0.72805,0.02187,0,0,0.02561,0,0.00153,0.00172,0,0,0.02397,0,0,0,0.04869,0,0,0,1,G2-11,0.29541000000000001,Kyf
G63-10,M,S,Kynnefjäll 2,Kynnefjäll_1011,6522717,1261602,2010,2011,NA,NA,0,NA,0.37,1.24,0.14,6.54,137.445,38.017,179.54,0.345,1435,Tanum,S,17.13,1,2,0,78.89583333,6,NA,25,0.5014525,0.41994277,0,0.00066,0,0,0,0,0,0,0,0,0,0.10011,0,0.00326,0.00773,0.03131,0.00547,0.72805,0.02187,0,0,0.02561,0,0.00153,0.00172,0,0,0.02397,0,0,0,0.04869,0,0,0,1,G63-10,0,Gal
G5-07,F,N,Linnekleppen,Linnekleppen_1011,6579660,1256767,2010,2011,Illegal,NA,0,NA,0.56,1.27,0.91,8.35,146.066,35.166,180.537,0.325,128,Rakkestad,N,28.532,1,2,0,80.54901961,6,NA,1355.2,0.548108361,0.226563988,6.00E-05,0.00908,0.00047,0,0,0,0,0,0,0.00046,0,0.12626,0,0.00017,0.00532,0.04331,0.00396,0.66141,0.00328,0,0.00035,0.05007,0,0,0,0,0,0.0165,0,0,0.00034,0.07895,0,0,0,1,G5-07,0.28320299999999998,DE3
M-11-07/G71-10,M,N,Linnekleppen,Linnekleppen_1011,6579660,1256767,2010,2011,censor,NA,1,NA,0.56,1.27,0.91,8.35,146.066,35.166,180.537,0.325,128,Rakkestad,N,28.532,1,2,0,80.54901961,6,NA,1355.2,0.548108361,0.226563988,6.00E-05,0.00908,0.00047,0,0,0,0,0,0,0.00046,0,0.12626,0,0.00017,0.00532,0.04331,0.00396,0.66141,0.00328,0,0.00035,0.05007,0,0,0,0,0,0.0165,0,0,0.00034,0.07895,0,0,0,1,G71-10,0.21484400000000001,Ulr2
G63-11,M,S,Loka 2,Loka_1011,6601517,1425891,2010,2011,NA,NA,0,NA,0.36,1.17,0.54,8.23,193.604,33.18,178.575,0.282,1883,Karlskoga,S,22.767,0,2,0,81.65625,6,NA,3.5,0.476969822,0.515627085,0,0.00506,0.00089,0,0,0,0.00036,0,0,0,0.00054,0.05148,0,0.00253,0.00468,0.00515,3.00E-04,0.65323,0.08435,0,0,0.03263,0,0,0,0,0.00159,0.00997,0,0,0.00244,0.1448,0,0,0,1,G63-11,0.30590800000000001,Ack
M-10-09,F,S,Loka 2,Loka_1011,6601517,1425891,2010,2011,NA,NA,1,NA,0.36,1.17,0.54,8.23,193.604,33.18,178.575,0.282,1883,Karlskoga,S,22.767,0,2,0,81.65625,6,NA,3.5,0.476969822,0.515627085,0,0.00506,0.00089,0,0,0,0.00036,0,0,0,0.00054,0.05148,0,0.00253,0.00468,0.00515,3.00E-04,0.65323,0.08435,0,0,0.03263,0,0,0,0,0.00159,0.00997,0,0,0.00244,0.1448,0,0,0,1,M-10-09,0.26708999999999999,Lok1
G18-08,F,S,Långsjön 4,Långsjön_1011,6739623,1488130,2010,2011,NA,NA,0,NA,0.32,1.2,1.68,8.79,242.895,22.711,168.07,0.17,2080,Falun,S,15.133,0,2,0,88.86666667,6,NA,2.3,0.531965421,0.494089134,0,0.01933,0.00088,0,0,0,0,0.00051,0,0.00105,0.00085,0.02666,0,0.00028,0.00947,0.01764,0.00078,0.76199,0.02158,0,0,0.05463,0,0,0,0,0,0.00641,0,0,0,0.07793,0,0,0,1,G18-08,0.227051,Sil1
G6-05,M,S,Långsjön 4,Långsjön_1011,6739623,1488130,2010,2011,NA,NA,0,NA,0.32,1.2,1.68,8.79,242.895,22.711,168.07,0.17,2080,Falun,S,15.133,0,2,0,88.86666667,6,NA,2.3,0.531965421,0.494089134,0,0.01933,0.00088,0,0,0,0,0.00051,0,0.00105,0.00085,0.02666,0,0.00028,0.00947,0.01764,0.00078,0.76199,0.02158,0,0,0.05463,0,0,0,0,0,0.00641,0,0,0,0.07793,0,0,0,1,G6-05,0.39843800000000001,DE2
D-10-67,F,S,Nipfjället,Nipfjället_1011,6873841,1340338,2010,2011,legal,NA,0,NA,0.17,0.37,0.54,3.4,651.78,20.761,171.125,0.192,2039,Älvdalen,S,1,0,1,1,81.47395833,6,NA,2.3,0.257083681,0.102833472,0,0.00154,0,0,0,0.00054,0,0.00079,0,0,0.00521,0,0,5.00E-05,0.00033,0.00062,0.00994,0.74842,0.00831,0,0.0712,0.06538,0,0.00449,0.00149,0,0,0.0678,0,0,0.00055,0.01333,0,0,0,1,D-10-67,0.28125,Osd2
D-10-68,M,S,Nipfjället,Nipfjället_1011,6873841,1340338,2010,2011,legal,NA,0,NA,0.17,0.37,0.54,3.4,651.78,20.761,171.125,0.192,2039,Älvdalen,S,1,0,1,1,81.47395833,6,NA,2.3,0.257083681,0.102833472,0,0.00154,0,0,0,0.00054,0,0.00079,0,0,0.00521,0,0,5.00E-05,0.00033,0.00062,0.00994,0.74842,0.00831,0,0.0712,0.06538,0,0.00449,0.00149,0,0,0.0678,0,0,0.00055,0.01333,0,0,0,1,D-10-68,0.31103500000000001,Has3
G12-11,M,S,Nora 1,Nora_1011,6610969,1447973,2010,2011,NA,NA,0,NA,0.36,1.31,0.81,8.52,185.003,30.378,171.16,0.234,1884,Nora,S,40.38,0,3,0,79.99940582,6,NA,3.2,0.38400181,0.260929403,0,0.01199,0.00206,0,0,0,0.00056,0,0,0.00036,0.00125,0.03253,0,0.0011,0.0057,0.01143,0.00598,0.65646,0.10061,0,0,0.03325,0,0,0,0,0,0.00408,0,0,0.00066,0.13198,0,0,0,1,G12-11,0,Kyn2
G40-11,F,S,Nora 1,Nora_1011,6610969,1447973,2010,2011,NA,NA,0,NA,0.36,1.31,0.81,8.52,185.003,30.378,171.16,0.234,1884,Nora,S,40.38,0,3,0,79.99940582,6,NA,3.2,0.38400181,0.260929403,0,0.01199,0.00206,0,0,0,0.00056,0,0,0.00036,0.00125,0.03253,0,0.0011,0.0057,0.01143,0.00598,0.65646,0.10061,0,0,0.03325,0,0,0,0,0,0.00408,0,0,0.00066,0.13198,0,0,0,1,G40-11,0.27612300000000001,Löv2
G21-11,F,S,Norn,Norn_1011,6670274,1493253,2010,2011,NA,NA,0,NA,0.29,1.43,1.54,8.49,186.793,35.546,173.344,0.3,2061,Smedjebacken,S,21.56,0,2,0,82.36458333,6,NA,2.3,0.258368657,0.106934752,0,0.01578,0.00358,0,0,0.00042,0,0.00042,0,0.00036,0.00142,0.02712,0,0.00086,0.00525,0.01008,0.00754,0.70479,0.03952,0,0,0.08408,0,0,0,0,0.00163,0.00238,0,0,0,0.09477,0,0,0,1,G21-11,0.29931600000000003,Klot
G24-11,M,S,Norn,Norn_1011,6670274,1493253,2010,2011,NA,NA,0,NA,0.29,1.43,1.54,8.49,186.793,35.546,173.344,0.3,2061,Smedjebacken,S,21.56,0,2,0,82.36458333,6,NA,2.3,0.258368657,0.106934752,0,0.01578,0.00358,0,0,0.00042,0,0.00042,0,0.00036,0.00142,0.02712,0,0.00086,0.00525,0.01008,0.00754,0.70479,0.03952,0,0,0.08408,0,0,0,0,0.00163,0.00238,0,0,0,0.09477,0,0,0,1,G24-11,0.42968800000000001,Jang4
G105-10,M,N,Osdalen 3,Osdalen_1011,6846849,1271011,2010,2011,legal,NA,0,NA,0.12,0.47,0,1.9,704.65,19.344,179.698,0.252,432,Rendalen,N,0.641,0,0,0,81.36979167,6,NA,8023,0.494558305,0.434861427,0,0,0,0,0,0,0,0,0,0,0.00393,0.00087,0,0,7.00E-04,0.00414,0.05003,0.52685,0.00762,0,0.03522,0.02654,0,0.00142,0.13962,0,0,0.17526,0,0,0,0.02779,0,0,0,1,G105-10,0.26074199999999997,Amu2
G35-11,F,N,Osdalen 3,Osdalen_1011,6846849,1271011,2010,2011,legal,NA,0,NA,0.12,0.47,0,1.9,704.65,19.344,179.698,0.252,432,Rendalen,N,0.641,0,0,0,81.36979167,6,NA,8023,0.494558305,0.434861427,0,0,0,0,0,0,0,0,0,0,0.00393,0.00087,0,0,7.00E-04,0.00414,0.05003,0.52685,0.00762,0,0.03522,0.02654,0,0.00142,0.13962,0,0,0.17526,0,0,0,0.02779,0,0,0,1,G35-11,0.27917500000000001,Gös
M-09-01,M,S,Riala 1,Riala_1011,6612878,1648550,2010,2011,NA,NA,1,NA,0.48,1.31,2.49,13.71,35.475,37.051,180.854,0.252,188,Norrtälje,S,79.567,0,0,0,77.59677419,6,NA,1.9,0.498446106,0.199378442,0,0.04687,0.00162,0,0,0,0.00249,0.00113,0.00025,0,0.01399,0.1523,0,0.00671,0.0077,0.03706,0.00192,0.5257,0.06222,0,0,0.00839,0,0,0,0,4.00E-04,0.00175,0,0,0,0.02989,0.00222,0,0.0974,1,M-09-01,0,Gal
M-10-03,F,S,Riala 1,Riala_1011,6612878,1648550,2010,2011,NA,NA,1,NA,0.48,1.31,2.49,13.71,35.475,37.051,180.854,0.252,188,Norrtälje,S,79.567,0,0,0,77.59677419,6,NA,1.9,0.498446106,0.199378442,0,0.04687,0.00162,0,0,0,0.00249,0.00113,0.00025,0,0.01399,0.1523,0,0.00671,0.0077,0.03706,0.00192,0.5257,0.06222,0,0,0.00839,0,0,0,0,4.00E-04,0.00175,0,0,0,0.02989,0.00222,0,0.0974,1,M-10-03,0.26708999999999999,Lok1
M-11-09/G77-10,M,S,Rotna 2,Rotna_1011,6716763,1315654,2010,2011,NA,NA,1,NA,0.36,1.96,0.02,4.77,386.466,19.378,182.869,0.196,423,Grue,N,8.286,1,2,0,87.45833333,6,NA,5817.7,0.543607872,0.470451676,0,0.00043,0,0,0,0,0,0,0,0,0.00044,0.00585,0,0,0.00044,0.00132,0.00072,0.74147,0.0253,0,0,0.09698,0,0,0,0,0.00032,0.07758,0,0,0,0.04916,0,0,0,1,G77-10,0.21484400000000001,Ulr2
M11-10/G42-10,F,S,Rotna 2,Rotna_1011,6716763,1315654,2010,2011,NA,NA,1,NA,0.36,1.96,0.02,4.77,386.466,19.378,182.869,0.196,423,Grue,N,8.286,1,2,0,87.45833333,6,NA,5817.7,0.543607872,0.470451676,0,0.00043,0,0,0,0,0,0,0,0,0.00044,0.00585,0,0,0.00044,0.00132,0.00072,0.74147,0.0253,0,0,0.09698,0,0,0,0,0.00032,0.07758,0,0,0,0.04916,0,0,0,1,G42-10,0.26953100000000002,Ny5
D-11-31,M,S,Råhällan,Råhällan_1011,6742318,1558345,2010,2011,legal,NA,0,NA,0.24,1.39,2.14,11.36,81.732,27.258,153.035,0.079,2101,Ockelbo,S,32,0,0,0,79.54166667,6,NA,3,0.250080403,0.100032161,0,0.02509,0.00028,0.00011,0,0,0.00068,8.00E-04,0,0.0014,0.00125,0.04958,0,0.00133,3.00E-04,0.00377,0.01469,0.66871,0.07289,0,0,0.06138,0,0,0,0,0.00248,0.02097,0,0,0.00264,0.07168,0,0,0,1,D-11-31,0.29541000000000001,Kyf
D-11-32,F,S,Råhällan,Råhällan_1011,6742318,1558345,2010,2011,legal,NA,0,NA,0.24,1.39,2.14,11.36,81.732,27.258,153.035,0.079,2101,Ockelbo,S,32,0,0,0,79.54166667,6,NA,3,0.250080403,0.100032161,0,0.02509,0.00028,0.00011,0,0,0.00068,8.00E-04,0,0.0014,0.00125,0.04958,0,0.00133,3.00E-04,0.00377,0.01469,0.66871,0.07289,0,0,0.06138,0,0,0,0,0.00248,0.02097,0,0,0.00264,0.07168,0,0,0,1,D-11-32,0.227051,Sil1
G12-09,F,S,Sandsjön 2,Sandsjön_1011,6645209,1391488,2010,2011,NA,NA,0,NA,0.32,1.13,0.25,5.94,257.515,34.618,179.723,0.369,1783,Hagfors,S,29.18,0,5,0,83.68686869,6,NA,3.9,0.520285574,0.430197885,0,0.00603,0.00108,0,0,0,0,0,0,0,0.00076,0.01319,0,0.00033,0.00143,0.00644,0.00351,0.74853,0.02223,0,0,0.10109,0,0,0,0,0.00155,0.02468,0,0,0.00126,0.06789,0,0,0,1,G12-09,0.30590800000000001,Ack
M-07-06,M,S,Sandsjön 2,Sandsjön_1011,6645209,1391488,2010,2011,NA,NA,1,NA,0.32,1.13,0.25,5.94,257.515,34.618,179.723,0.369,1783,Hagfors,S,29.18,0,5,0,83.68686869,6,NA,3.9,0.520285574,0.430197885,0,0.00603,0.00108,0,0,0,0,0,0,0,0.00076,0.01319,0,0.00033,0.00143,0.00644,0.00351,0.74853,0.02223,0,0,0.10109,0,0,0,0,0.00155,0.02468,0,0,0.00126,0.06789,0,0,0,1,M-07-06,0.43676799999999999,Hlg2
G33-10,F,S,Siljansringen 2,Siljansringen_1011,6791617,1457338,2010,2011,NA,NA,0,NA,0.15,1.06,0.17,4.85,319.648,23.061,168.45,0.139,2034,Orsa,S,4.8,0,1,0,82.828125,6,NA,2.3,0.471359112,0.445374099,0,0.0021,0.00025,0,0,0.00115,0,0,0,0,0.00073,0.00874,0,0.00175,0.0063,0.00661,0,0.70011,0.02098,0,0,0.12375,0,0,0,0,6.00E-04,0.08395,0,0,0,0.04299,0,0,0,1,G33-10,0.26074199999999997,Amu2
M12-05/G9-05,M,S,Siljansringen 2,Siljansringen_1011,6791617,1457338,2010,2011,NA,NA,1,NA,0.15,1.06,0.17,4.85,319.648,23.061,168.45,0.139,2034,Orsa,S,4.8,0,1,0,82.828125,6,NA,2.3,0.471359112,0.445374099,0,0.0021,0.00025,0,0,0.00115,0,0,0,0,0.00073,0.00874,0,0.00175,0.0063,0.00661,0,0.70011,0.02098,0,0,0.12375,0,0,0,0,6.00E-04,0.08395,0,0,0,0.04299,0,0,0,1,G9-05,0.1875,Ock1
G51-10,M,S,Sjösveden  1,Sjösveden_1011,6777618,1519997,2010,2011,NA,NA,0,NA,0.19,1.13,0.05,5.02,309.514,28.842,163.85,0.208,2183,Bollnäs,S,13.325,0,0,0,93.38020833,6,NA,3,0.53846486,0.488786805,0,0.00031,0,0,0,0,0,0,0,0,0,0.00333,0,0.00028,0.00031,0,3.00E-04,0.70788,0.02454,0,0,0.16413,0,0,0,0,0.00105,0.04736,0,0,0,0.05049,0,0,0,1,G51-10,0.22680700000000001,Kors1
M-09-15,F,S,Sjösveden  1,Sjösveden_1011,6777618,1519997,2010,2011,NA,NA,1,NA,0.19,1.13,0.05,5.02,309.514,28.842,163.85,0.208,2183,Bollnäs,S,13.325,0,0,0,93.38020833,6,NA,3,0.53846486,0.488786805,0,0.00031,0,0,0,0,0,0,0,0,0,0.00333,0,0.00028,0.00031,0,3.00E-04,0.70788,0.02454,0,0,0.16413,0,0,0,0,0.00105,0.04736,0,0,0,0.05049,0,0,0,1,M-09-15,0.22680700000000001,Kors1
G10-07,F,S,Skrälldalen,Skrälldalen_1011,6876705,1484426,2010,2011,illegal,NA,0,NA,0.26,1.13,0.06,4.15,324.769,22.595,163.203,0.194,2161,Ljusdal,S,2.25,0,1,0,91.14583333,6,NA,3,0.503271708,0.260003803,0,0.00039,0,0,0,0.00112,0,0,0,0,0,0.00215,0,0,0.00083,0,0,0.70596,0.02035,0,0,0.18729,0,0,0,0,0.00064,0.03268,0,0,0.008,0.04059,0,0,0,1,G10-07,0.29296899999999998,Vox
G31-08,M,S,Skrälldalen,Skrälldalen_1011,6876705,1484426,2010,2011,illegal,NA,0,NA,0.26,1.13,0.06,4.15,324.769,22.595,163.203,0.194,2161,Ljusdal,S,2.25,0,1,0,91.14583333,6,NA,3,0.503271708,0.260003803,0,0.00039,0,0,0,0.00112,0,0,0,0,0,0.00215,0,0,0.00083,0,0,0.70596,0.02035,0,0,0.18729,0,0,0,0,0.00064,0.03268,0,0,0.008,0.04059,0,0,0,1,G31-08,0.29296899999999998,Vox
G18-10,F,S,Skugghöjden,Skugghöjden_1011,6662808,1336300,2010,2011,NA,NA,0,NA,0.35,1.24,0.56,6.41,239.259,35.998,168.205,0.428,1766,Sunne,S,9.633,0,3,0,84.51904762,6,NA,3.9,0.533274877,0.415330537,0,0.00703,0.00052,0,0,0.00047,0,0,0,0.00034,0.00064,0.04013,0,0,0.00139,0.01784,0.0011,0.7707,0.01224,0,0,0.06301,0,0,0,0,0,0.00751,0,0,0,0.07709,0,0,0,1,G18-10,0.27612300000000001,Löv2
G47-10,M,S,Skugghöjden,Skugghöjden_1011,6662808,1336300,2010,2011,NA,NA,0,NA,0.35,1.24,0.56,6.41,239.259,35.998,168.205,0.428,1766,Sunne,S,9.633,0,3,0,84.51904762,6,NA,3.9,0.533274877,0.415330537,0,0.00703,0.00052,0,0,0.00047,0,0,0,0.00034,0.00064,0.04013,0,0,0.00139,0.01784,0.0011,0.7707,0.01224,0,0,0.06301,0,0,0,0,0,0.00751,0,0,0,0.07709,0,0,0,1,G47-10,0,Kyn2
G19-11,M,S,Skultuna,Skultuna_1011,6641423,1520938,2010,2011,NA,NA,0,NA,0.33,1.16,0.96,9.54,99.827,40.129,172.952,0.22,1981,Sala,S,42.65,0,1,0,78.23529412,6,NA,2.1,0.371413397,0.148565359,0,0.00721,0.00045,0,0,0,9.00E-05,0,0,0,0,0.13987,0,0.01048,0.00583,0.01846,0.00953,0.48499,0.04356,0,0,0.05682,0,0,0,0.1169,0.00663,0.03211,0,0,0.00217,0.06491,0,0,0,1,G19-11,0.28125,Osd2
G42-11,F,S,Skultuna,Skultuna_1011,6641423,1520938,2010,2011,NA,NA,0,NA,0.33,1.16,0.96,9.54,99.827,40.129,172.952,0.22,1981,Sala,S,42.65,0,1,0,78.23529412,6,NA,2.1,0.371413397,0.148565359,0,0.00721,0.00045,0,0,0,9.00E-05,0,0,0,0,0.13987,0,0.01048,0.00583,0.01846,0.00953,0.48499,0.04356,0,0,0.05682,0,0,0,0.1169,0.00663,0.03211,0,0,0.00217,0.06491,0,0,0,1,G42-11,0.227051,Sil1
G73-10,M,N,Slettås 1,Slettås_1011,6806175,1295741,2010,2011,NA,NA,0,NA,0.41,1.03,0.93,5.62,590.669,19.162,175.133,0.203,428,Trysil,N,2.721,1,2,0,82.69791667,6,NA,8023,0.515713237,0.217852924,0,0.00227,0.00082,0,0,0,0,0,0.00022,0,0.0147,0.00035,0,0,0.00147,0.01543,0.00208,0.63464,0.00284,0,0.0134,0.0462,0,0.00085,0.01011,0,0,0.21135,0,0,0.00275,0.04052,0,0,0,1,G73-10,0.28125,Osd2
M-17-14/G70-10,F,N,Slettås 1,Slettås_1011,6806175,1295741,2010,2011,NA,NA,1,NA,0.41,1.03,0.93,5.62,590.669,19.162,175.133,0.203,428,Trysil,N,2.721,1,2,0,82.69791667,6,NA,8023,0.515713237,0.217852924,0,0.00227,0.00082,0,0,0,0,0,0.00022,0,0.0147,0.00035,0,0,0.00147,0.01543,0.00208,0.63464,0.00284,0,0.0134,0.0462,0,0.00085,0.01011,0,0,0.21135,0,0,0.00275,0.04052,0,0,0,1,G70-10,0.27612300000000001,Löv2
G106-11,F,S,Stora Le,Stora Le_1011,6576759,1271563,2010,2011,illegal,NA,0,NA,0.38,1.11,0.09,5.58,152.603,37.155,177.845,0.412,118,Aremark,N,14.191,1,2,0,83.23655914,6,NA,690.4,0.4554815,0.19712472,0,0.00151,0,0,0,0,0,0,0,0,0,0.02618,0,0.00038,0.00501,0.03113,0.0045,0.67298,0.03448,0,0.00035,0.04898,0,0,0,0,0,0.01368,0,0,0.00034,0.16047,0,0,0,1,G106-11,0.25695800000000002,DE5
G25-06,M,S,Stora Le,Stora Le_1011,6576759,1271563,2010,2011,illegal,NA,0,NA,0.38,1.11,0.09,5.58,152.603,37.155,177.845,0.412,118,Aremark,N,14.191,1,2,0,83.23655914,6,NA,690.4,0.4554815,0.19712472,0,0.00151,0,0,0,0,0,0,0,0,0,0.02618,0,0.00038,0.00501,0.03113,0.0045,0.67298,0.03448,0,0.00035,0.04898,0,0,0,0,0,0.01368,0,0,0.00034,0.16047,0,0,0,1,G25-06,0.39843800000000001,DE2
G4-08,F,S,Sången 1,Sången_1011,6724887,1437273,2010,2011,NA,NA,0,NA,0.25,1.02,0.51,6.2,293.787,29.032,171.996,0.241,2029,Leksand,S,9.275,0,2,0,87.7979798,6,NA,2.3,0.532959042,0.444153896,0,0.00438,0,0,0,0,0,0,0,0,0.00096,0.01222,0,0,0.00055,9.00E-04,0.00172,0.74088,0.04848,0,0,0.09464,0,0,0,0,0.00097,0.01301,0,0,0.00107,0.08021,0,0,0,1,G4-08,0.29345700000000002,Kyn1
G6-08,M,S,Sången 1,Sången_1011,6724887,1437273,2010,2011,NA,NA,0,NA,0.25,1.02,0.51,6.2,293.787,29.032,171.996,0.241,2029,Leksand,S,9.275,0,2,0,87.7979798,6,NA,2.3,0.532959042,0.444153896,0,0.00438,0,0,0,0,0,0,0,0,0.00096,0.01222,0,0,0.00055,9.00E-04,0.00172,0.74088,0.04848,0,0,0.09464,0,0,0,0,0.00097,0.01301,0,0,0.00107,0.08021,0,0,0,1,G6-08,0.29345700000000002,Kyn1
M-09-09,F,S,Tandsjön 1,Tandsjön_1011,6843847,1416468,2010,2011,NA,NA,1,NA,0.07,0.77,0.05,2.78,581.522,24.665,169.836,0.202,2361,Härjedalen,S,3.32,0,0,1,90.27604167,6,NA,2.6,0.489623923,0.195849569,0,0,0,0,0,0,0,0,0,0,0,0.00185,0,0.00136,0.00046,0.00047,0.00975,0.61316,0.01003,0,0.00963,0.17465,0,0,0,0,0.00042,0.161,0,0,0,0.01722,0,0,0,1,M-09-09,0.261963,Ful1
M-11-03,M,S,Tandsjön 1,Tandsjön_1011,6843847,1416468,2010,2011,NA,NA,1,NA,0.07,0.77,0.05,2.78,581.522,24.665,169.836,0.202,2361,Härjedalen,S,3.32,0,0,1,90.27604167,6,NA,2.6,0.489623923,0.195849569,0,0,0,0,0,0,0,0,0,0,0,0.00185,0,0.00136,0.00046,0.00047,0.00975,0.61316,0.01003,0,0.00963,0.17465,0,0,0,0,0.00042,0.161,0,0,0,0.01722,0,0,0,1,M-11-03,0.26708999999999999,Lok1
D-11-17,F,S,Tansen 1,Tansen_1011,6687186,1447808,2010,2011,legal,NA,0,NA,0.22,1.29,0.39,6.45,284.78,33.597,178.341,0.293,2085,Ludvika,S,29.65,0,2,0,82.55208333,6,NA,2.3,0.579636055,0.331668209,0,0.00525,0.00028,0,0,0,0.00119,0,0,0,0.00044,0.00511,0,0.00027,0.00308,0.00355,0.00207,0.75787,0.03189,0,0,0.0983,0,0,0,0,0.0011,0.0193,0,0,8.00E-05,0.07023,0,0,0,1,D-11-17,0.32421899999999998,Julu3
G7-10,M,S,Tansen 1,Tansen_1011,6687186,1447808,2010,2011,illegal,NA,0,NA,0.22,1.29,0.39,6.45,284.78,33.597,178.341,0.293,2085,Ludvika,S,29.65,0,2,0,82.55208333,6,NA,2.3,0.579636055,0.331668209,0,0.00525,0.00028,0,0,0,0.00119,0,0,0,0.00044,0.00511,0,0.00027,0.00308,0.00355,0.00207,0.75787,0.03189,0,0,0.0983,0,0,0,0,0.0011,0.0193,0,0,8.00E-05,0.07023,0,0,0,1,G7-10,0.29931600000000003,Klot
M-10-01,F,S,Tenskog 2,Tenskog_1011,6835373,1470027,2010,2011,NA,NA,1,NA,0.21,1.03,0.07,4.48,337.04,23.149,175.781,0.181,2161,Ljusdal,S,4.825,0,1,0,88.45098039,6,NA,3,0.451673787,0.501609361,0,0.00266,0,0,0,0,0,0,0,0,0,0.00028,0,0.00029,0.00068,0,0,0.65588,0.01677,0,0,0.18801,0,0,0,0.00134,0.00249,0.05534,0,0,0.00058,0.0757,0,0,0,1,M-10-01,0.29296899999999998,Vox
M-10-02,M,S,Tenskog 2,Tenskog_1011,6835373,1470027,2010,2011,NA,NA,1,NA,0.21,1.03,0.07,4.48,337.04,23.149,175.781,0.181,2161,Ljusdal,S,4.825,0,1,0,88.45098039,6,NA,3,0.451673787,0.501609361,0,0.00266,0,0,0,0,0,0,0,0,0,0.00028,0,0.00029,0.00068,0,0,0.65588,0.01677,0,0,0.18801,0,0,0,0.00134,0.00249,0.05534,0,0,0.00058,0.0757,0,0,0,1,M-10-02,0.26074199999999997,Amu2
G10-10,M,S,Trång 1,Trång_1011,6716960,1342153,2010,2011,NA,NA,0,NA,0.27,0.9,0.49,4.13,357.689,19.553,168.813,0.216,1737,Torsby,S,4.533,1,3,0,84.84375,6,NA,3.9,0.634926374,0.537835973,0,0.00217,0,0,0,0,0,0,0,0,0.00092,0.00632,0,0,0.00556,0.00141,0.00031,0.83331,0.02052,0,0,0.06099,0,0,0,0,0.00114,0.04434,0,0,0.0058,0.01719,0,0,0,1,G10-10,0.27917500000000001,Gös
G11-10,F,S,Trång 1,Trång_1011,6716960,1342153,2010,2011,NA,NA,0,NA,0.27,0.9,0.49,4.13,357.689,19.553,168.813,0.216,1737,Torsby,S,4.533,1,3,0,84.84375,6,NA,3.9,0.634926374,0.537835973,0,0.00217,0,0,0,0,0,0,0,0,0.00092,0.00632,0,0,0.00556,0.00141,0.00031,0.83331,0.02052,0,0,0.06099,0,0,0,0,0.00114,0.04434,0,0,0.0058,0.01719,0,0,0,1,G11-10,0.26953100000000002,Ny5
G4-07,M,S,Ulriksberg 3,Ulriksberg_1011,6641837,1439300,2010,2011,illegal,NA,0,NA,0.32,1.3,0.58,7.47,244.674,31.857,175.583,0.28,1863,Hällefors,S,11.3,0,4,0,81.640625,6,NA,3.2,0.53363397,0.477456066,0,0.01004,0.00141,0,0,0,0.00035,0.00041,0,0,0.00031,0.00109,0,0.00013,0.00034,0.00377,0.00256,0.76636,0.04079,0,0,0.05986,0,0,0,0,0.00056,0.02355,0,0,0.00025,0.0882,0,0,0,1,G4-07,0.296875,Grå
M-06-02,F,S,Ulriksberg 3,Ulriksberg_1011,6641837,1439300,2010,2011,illegal,NA,1,Male in Ulriksberg 3 (G4-07) is found under Loka,0.32,1.3,0.58,7.47,244.674,31.857,175.583,0.28,1863,Hällefors,S,11.3,0,4,0,81.640625,6,NA,3.2,0.53363397,0.477456066,0,0.01004,0.00141,0,0,0,0.00035,0.00041,0,0,0.00031,0.00109,0,0.00013,0.00034,0.00377,0.00256,0.76636,0.04079,0,0,0.05986,0,0,0,0,0.00056,0.02355,0,0,0.00025,0.0882,0,0,0,1,M-06-02,0.23877000000000001,Hlg1
G16-10,F,S,VaråaHöljes  2,Varåa-Höljes_1011,6778754,1317492,2010,2011,illegal,NA,0,NA,0.31,1.11,0.03,4.13,458.156,18.848,168.456,0.171,428,Trysil,N,5.873,1,3,0,83.09375,6,NA,5424.7,0.510068117,0.283098218,0,0,0,0,0,0,0,0,0,0,0,0,0,0,0,0.00522,0,0.60303,0.02463,0,0,0.11408,0,0,0,0,0.00018,0.2268,0,0,0.00304,0.02304,0,0,0,1,G16-10,0,Kyn2
G16-09,M,S,VaråaHöljes  2,Varåa-Höljes_1011,6778754,1317492,2010,2011,illegal,NA,0,NA,0.31,1.11,0.03,4.13,458.156,18.848,168.456,0.171,428,Trysil,N,5.873,1,3,0,83.09375,6,NA,5424.7,0.510068117,0.283098218,0,0,0,0,0,0,0,0,0,0,0,0,0,0,0,0.00522,0,0.60303,0.02463,0,0,0.11408,0,0,0,0,0.00018,0.2268,0,0,0.00304,0.02304,0,0,0,1,G16-09,0.26953100000000002,Ny5
M-09-07,F,S,Våmhus 2,Våmådalen_1011,6795736,1417800,2010,2011,NA,NA,1,NA,0.23,1.13,0.63,4.73,421.888,26.698,173.84,0.311,2062,Mora,S,4.033,0,0,0,87.46875,6,NA,2.3,0.454471339,0.457984138,0,0.00512,0.00058,0,0,0,0,0,0,0,0.00152,0.00336,0,0.00089,0.00614,0.00098,0,0.78513,0.02868,0,0,0.13049,0,0,0,0.00038,0,0.01936,0,0,0.00514,0.01222,0,0,0,1,M-09-07,0.261963,Ful1
G29-07,F,S,Våmhus 2,Våmådalen_1011,6795736,1417800,2010,2011,NA,NA,0,NA,0.23,1.13,0.63,4.73,421.888,26.698,173.84,0.311,2062,Mora,S,4.033,0,0,0,87.46875,6,NA,2.3,0.454471339,0.457984138,0,0.00512,0.00058,0,0,0,0,0,0,0,0.00152,0.00336,0,0.00089,0.00614,0.00098,0,0.78513,0.02868,0,0,0.13049,0,0,0,0.00038,0,0.01936,0,0,0.00514,0.01222,0,0,0,1,G29-07,0.1875,Fur
G32-07,F,S,Äppelbo 1,Äppelbo_1011,6713382,1380169,2010,2011,NA,NA,0,NA,0.22,0.8,0.76,5.12,391.934,27.274,171.652,0.253,2023,Malung,S,4.175,0,1,0,79.09895833,6,NA,2.6,0.564024966,0.499088368,0,0.00315,0,0,0,0,0,0,0,0,0.00057,0.00082,0,0.0017,0.00425,0.00026,0.00132,0.6505,0.05284,0,0,0.05424,0,0,0,0,0.00115,0.179,0,0,0.00511,0.0451,0,0,0,1,G32-07,0.227051,Sil1
G39-07,M,S,Äppelbo 1,Äppelbo_1011,6713382,1380169,2010,2011,NA,NA,0,NA,0.22,0.8,0.76,5.12,391.934,27.274,171.652,0.253,2023,Malung,S,4.175,0,1,0,79.09895833,6,NA,2.6,0.564024966,0.499088368,0,0.00315,0,0,0,0,0,0,0,0,0.00057,0.00082,0,0.0017,0.00425,0.00026,0.00132,0.6505,0.05284,0,0,0.05424,0,0,0,0,0.00115,0.179,0,0,0.00511,0.0451,0,0,0,1,G39-07,0.23877000000000001,Hlg1
G102-11,M,S,Överhogdal,Överhogdal_1011,6918399,1450680,2010,2011,legal,NA,0,NA,0.19,1.04,0.05,2.9,367.008,23.63,168.105,0.207,2361,Härjedalen,S,1.833,0,1,1,89.35416667,6,NA,3.2,0.286455209,0.114582084,0,0,0,0,0,0,0,0,0,0,0,0,0,0.00152,0.00223,0.00911,0.00145,0.68412,0.03565,0,0,0.14416,0,0,0,0,0.00055,0.0489,0,0,0.00276,0.06954,0,0,0,1,G102-11,0,Kyn2
G103-10,F,S,Överhogdal,Överhogdal_1011,6918399,1450680,2010,2011,illegal,NA,0,NA,0.19,1.04,0.05,2.9,367.008,23.63,168.105,0.207,2361,Härjedalen,S,1.833,0,1,1,89.35416667,6,NA,3.2,0.286455209,0.114582084,0,0,0,0,0,0,0,0,0,0,0,0,0,0.00152,0.00223,0.00911,0.00145,0.68412,0.03565,0,0,0.14416,0,0,0,0,0.00055,0.0489,0,0,0.00276,0.06954,0,0,0,1,G103-10,0,Kyn2
G45-12,M,S,Aamäck 2,Aamäck_1112,6674686,1402684,2011,2012,NA,NA,0,NA,0.22,0.96,0,5.76,327.762,33.6,176.733,0.321,1782,Filipstad,S,7.54,0,4,0,82.33333333,6,NA,3.1,0.493709594,0.524226726,0,0.00031,0,0,0,0,0,0,0,0,0,0.00067,0,0,0,0.00126,0.00029,0.64743,0.02584,0,0,0.18093,0,0,0,0,0.00166,0.0439,0,0,0,0.09771,0,0,0,1,G45-12,0.15216099999999999,Sku
M-13-10/G44-12,F,S,Aamäck 2,Aamäck_1112,6674686,1402684,2011,2012,NA,NA,1,NA,0.22,0.96,0,5.76,327.762,33.6,176.733,0.321,1782,Filipstad,S,7.54,0,4,0,82.33333333,6,NA,3.1,0.493709594,0.524226726,0,0.00031,0,0,0,0,0,0,0,0,0,0.00067,0,0,0,0.00126,0.00029,0.64743,0.02584,0,0,0.18093,0,0,0,0,0.00166,0.0439,0,0,0,0.09771,0,0,0,1,G44-12,0.29931600000000003,Klot
G10-06,F,S,Acksjön,Acksjön_1112,6688707,1377086,2011,2012,NA,NA,0,NA,0.27,0.92,0.2,5.1,310.635,32.736,177.21,0.338,1783,Hagfors,S,4.067,0,5,0,82.63020833,6,NA,3.5,0.568554436,0.624047376,0,0.00135,0.00026,0,0,0,0,0,0,0,0,0.01811,0,0,0.00174,0.00293,0.00165,0.70947,0.01838,0,0,0.1029,0,0,0,0,0.00121,0.06979,0,0,0.00649,0.06573,0,0,0,1,G10-06,0.23877000000000001,Hlg1
M-09-17,M,S,Acksjön,Acksjön_1112,6688707,1377086,2011,2012,NA,NA,1,NA,0.27,0.92,0.2,5.1,310.635,32.736,177.21,0.338,1783,Hagfors,S,4.067,0,5,0,82.63020833,6,NA,3.5,0.568554436,0.624047376,0,0.00135,0.00026,0,0,0,0,0,0,0,0,0.01811,0,0,0.00174,0.00293,0.00165,0.70947,0.01838,0,0,0.1029,0,0,0,0,0.00121,0.06979,0,0,0.00649,0.06573,0,0,0,1,M-09-17,0.1875,Fur
G69-10,M,N,Aurskog 1,Aurskog_1112,6657295,1269156,2011,2012,Illegal,NA,0,NA,0.47,1.49,0.8,6.35,256.242,31.753,179.228,0.291,221,Aurskog-Høland,N,26.048,1,0,0,82.39393939,6,NA,2963.9,0.525961074,0.287219265,0,0.00576,0,0,0,0,0,0,0,0,0.00092,0.08065,0,0,0,0.00905,0.00084,0.72644,0.00145,0,0,0.05393,0,0,0,0,0,0.0732,0,0,0,0.04776,0,0,0,1,G69-10,0.21484400000000001,Ulr2
G75-10,F,N,Aurskog 1,Aurskog_1112,6657295,1269156,2011,2012,Illegal,NA,0,NA,0.47,1.49,0.8,6.35,256.242,31.753,179.228,0.291,221,Aurskog-Høland,N,26.048,1,0,0,82.39393939,6,NA,2963.9,0.525961074,0.287219265,0,0.00576,0,0,0,0,0,0,0,0,0.00092,0.08065,0,0,0,0.00905,0.00084,0.72644,0.00145,0,0,0.05393,0,0,0,0,0,0.0732,0,0,0,0.04776,0,0,0,1,G75-10,0.25695800000000002,DE5
G50-12,M,S,Björnås 1,Björnås_1112,6752503,1503086,2011,2012,NA,NA,0,NA,0.23,1.1,0.55,6.48,292.184,23.525,176.289,0.176,2080,Falun,S,13.24,0,4,0,83.97916667,6,NA,2.3,0.506133715,0.347196984,0,0.00474,0,0,0,0,0,0,0,0,0,0.0162,0,0,0.00367,0.00429,0.00071,0.76812,0.03217,0,0,0.08724,0,0,0,0,0.00108,0.01986,0,0,0,0.06193,0,0,0,1,G50-12,0.41430699999999998,Sjö
G88-11,F,S,Björnås 1,Björnås_1112,6752503,1503086,2011,2012,NA,NA,0,NA,0.23,1.1,0.55,6.48,292.184,23.525,176.289,0.176,2080,Falun,S,13.24,0,4,0,83.97916667,6,NA,2.3,0.506133715,0.347196984,0,0.00474,0,0,0,0,0,0,0,0,0,0.0162,0,0,0.00367,0.00429,0.00071,0.76812,0.03217,0,0,0.08724,0,0,0,0,0.00108,0.01986,0,0,0,0.06193,0,0,0,1,G88-11,0.22680700000000001,Kors1
G28-09,M,S,Brattfors 1,Brattfors_1112,6624443,1392528,2011,2012,NA,NA,0,NA,0.31,1.21,0.49,8.24,206.155,36.207,175.526,0.346,1782,Filipstad,S,26.12,0,2,0,82.34848485,6,NA,3.8,0.572447699,0.492957851,0,0.00835,0.00166,0,0,0,0.00044,0,0,0,0.00114,0.04085,0,0.00054,0.00294,0.00873,0.00373,0.71495,0.0437,0,0,0.06972,0,0,0,0,0.00126,0.02961,0,0,0,0.07238,0,0,0,1,G28-09,0.31445299999999998,Jang3
G9-09,F,S,Brattfors 1,Brattfors_1112,6624443,1392528,2011,2012,NA,NA,0,NA,0.31,1.21,0.49,8.24,206.155,36.207,175.526,0.346,1782,Filipstad,S,26.12,0,2,0,82.34848485,6,NA,3.8,0.572447699,0.492957851,0,0.00835,0.00166,0,0,0,0.00044,0,0,0,0.00114,0.04085,0,0.00054,0.00294,0.00873,0.00373,0.71495,0.0437,0,0,0.06972,0,0,0,0,0.00126,0.02961,0,0,0,0.07238,0,0,0,1,G9-09,0.26757799999999998,Grä1
G1-08,F,S,Dals Ed 6,Dals Ed-Eidsberg_1112,6571746,1263235,2011,2012,NA,NA,0,NA,0.49,1.28,0.41,6.85,156.443,36.146,178.064,0.382,118,Aremark,N,14.343,1,0,0,80.38888889,6,NA,1014.8,0.585029845,0.395196372,0.00024,0.01036,0.00047,0,0,0,0,0,0,0.00101,0,0.04405,0,0.00038,0.00423,0.0327,0.00429,0.69589,0.01985,0,0.00035,0.04801,0,0,0,0,0,0.01722,0,0,0.00034,0.12059,0,0,0,1,G1-08,0.29003899999999999,DE4
G71-10,M,S,Dals Ed 6,Dals Ed-Eidsberg_1112,6571746,1263235,2011,2012,NA,NA,0,NA,0.49,1.28,0.41,6.85,156.443,36.146,178.064,0.382,118,Aremark,N,14.343,1,0,0,80.38888889,6,NA,1014.8,0.585029845,0.395196372,0.00024,0.01036,0.00047,0,0,0,0,0,0,0.00101,0,0.04405,0,0.00038,0.00423,0.0327,0.00429,0.69589,0.01985,0,0.00035,0.04801,0,0,0,0,0,0.01722,0,0,0.00034,0.12059,0,0,0,1,G71-10,0.21484400000000001,Ulr2
G80-11,F,S,Digerberget,Digerberget_1112,6733809,1438149,2011,2012,illegal,NA,0,NA,0.26,0.9,0.48,5.04,291.056,28.978,169.466,0.239,2029,Leksand,S,9.275,0,4,0,82.53645833,6,NA,2.3,0.579257066,0.55435788,0,0.00959,0,0,0,0,0,0,0,0,5.00E-04,0.00677,0,0.00014,0.00318,0.00103,0.0059,0.6357,0.07249,0,0,0.09264,0,0,0,0,0.00071,0.01095,0,0,9.00E-05,0.16031,0,0,0,1,G80-11,0.41039999999999999,Gim
G83-12,M,S,Digerberget,Digerberget_1112,6733809,1438149,2011,2012,illegal,NA,0,NA,0.26,0.9,0.48,5.04,291.056,28.978,169.466,0.239,2029,Leksand,S,9.275,0,4,0,82.53645833,6,NA,2.3,0.579257066,0.55435788,0,0.00959,0,0,0,0,0,0,0,0,5.00E-04,0.00677,0,0.00014,0.00318,0.00103,0.0059,0.6357,0.07249,0,0,0.09264,0,0,0,0,0.00071,0.01095,0,0,9.00E-05,0.16031,0,0,0,1,G83-12,0.30688500000000002,Sle
G12-10,F,S,Djurskog 3,Djurskog_1112,6614944,1283531,2011,2012,NA,NA,0,NA,0.29,1.17,0.46,6.23,210.413,34.068,177.425,0.378,1765,Årjäng,S,7.355,1,1,0,80.19354839,6,NA,214.3,0.512528704,0.210240545,0,0.00282,0.00098,0,0,0,0,0,0.00063,0,0,0.04613,0,0.00255,0.01013,0.02262,0.00068,0.79801,0.01657,0,0,0.01421,0,0,0,0,0.00027,0.02814,0,0,0,0.05627,0,0,0,1,G12-10,0,Gal
G22-12,M,S,Djurskog 3,Djurskog_1112,6614944,1283531,2011,2012,NA,NA,0,NA,0.29,1.17,0.46,6.23,210.413,34.068,177.425,0.378,1765,Årjäng,S,7.355,1,1,0,80.19354839,6,NA,214.3,0.512528704,0.210240545,0,0.00282,0.00098,0,0,0,0,0,0.00063,0,0,0.04613,0,0.00255,0.01013,0.02262,0.00068,0.79801,0.01657,0,0,0.01421,0,0,0,0,0.00027,0.02814,0,0,0,0.05627,0,0,0,1,G22-12,0.27612300000000001,Löv2
G30-12,F,S,Draggen 1,Draggen_1112,6767185,1447542,2011,2012,NA,NA,0,NA,0.27,1.08,1.1,6.68,254.515,23.802,183.033,0.091,2062,Mora,S,5.6,0,4,0,83.25595238,6,NA,2.3,0.28527815,0.193935734,0,0.02477,0.00253,0,0,0,0,0,0,0.00107,0.00225,0.02412,0,0.00532,0.01287,0.00759,0.00142,0.59486,0.04904,0,0,0.03125,0,0,0,0,0.00084,0.08267,0,0,0.00222,0.15716,0,0,0,1,G30-12,0.227051,Sil1
G81-10,M,S,Draggen 1,Draggen_1112,6767185,1447542,2011,2012,illegal,NA,0,NA,0.27,1.08,1.1,6.68,254.515,23.802,183.033,0.091,2062,Mora,S,5.6,0,4,0,83.25595238,6,NA,2.3,0.28527815,0.193935734,0,0.02477,0.00253,0,0,0,0,0,0,0.00107,0.00225,0.02412,0,0.00532,0.01287,0.00759,0.00142,0.59486,0.04904,0,0,0.03125,0,0,0,0,0.00084,0.08267,0,0,0.00222,0.15716,0,0,0,1,G81-10,0,Gal
G1-12,F,S,Drevfjället 1,Drevfjället_1112,6866957,1317783,2011,2012,legal,NA,0,NA,0.15,0.51,0,2.74,677.89,26.402,161.732,0.174,2039,Älvdalen,S,0.821,0,2,1,82.7688172,6,NA,1671.2,0.337347239,0.134938896,0,0.00032,1.00E-05,0,0,0.00013,0,0.00079,0,0,4.00E-05,0.00028,0,0,0,0.00877,0.01734,0.64708,0.01319,0,0.00452,0.07175,0,0,0.0048,0,0.00096,0.19843,0,0,0,0.03158,0,0,0,1,G1-12,0.24853500000000001,Kors2
G3-11,M,S,Drevfjället 1,Drevfjället_1112,6866957,1317783,2011,2012,legal,NA,0,NA,0.15,0.51,0,2.74,677.89,26.402,161.732,0.174,2039,Älvdalen,S,0.821,0,2,1,82.7688172,6,NA,1671.2,0.337347239,0.134938896,0,0.00032,1.00E-05,0,0,0.00013,0,0.00079,0,0,4.00E-05,0.00028,0,0,0,0.00877,0.01734,0.64708,0.01319,0,0.00452,0.07175,0,0,0.0048,0,0.00096,0.19843,0,0,0,0.03158,0,0,0,1,G3-11,0.29931600000000003,Klot
G51-12,M,S,Fulufjellet 2,Fulufjellet_1112,6828014,1349008,2011,2012,NA,NA,0,NA,0.15,0.44,0.24,2.44,614.118,20.232,159.018,0.147,2039,Älvdalen,S,1.914,1,1,0,82.35353535,6,NA,246.2,0.47135531,0.394397327,0,0,0,0,0,0,0,0,0,0,0,0,0,0,0,0.00066,0.01157,0.57309,0.01252,0.00035,0.18748,0.05741,0,0.00733,0.02199,0,0,0.10604,0,0,0,0.02157,0,0,0,1,G51-12,0.29736299999999999,Jang5
M-09-06,F,S,Fulufjellet 2,Fulufjellet_1112,6828014,1349008,2011,2012,NA,NA,1,NA,0.15,0.44,0.24,2.44,614.118,20.232,159.018,0.147,2039,Älvdalen,S,1.914,1,1,0,82.35353535,6,NA,246.2,0.47135531,0.394397327,0,0,0,0,0,0,0,0,0,0,0,0,0,0,0,0.00066,0.01157,0.57309,0.01252,0.00035,0.18748,0.05741,0,0.00733,0.02199,0,0,0.10604,0,0,0,0.02157,0,0,0,1,M-09-06,0.26757799999999998,Grä1
M-10-07,M,S,Färna 1,Färna_1112,6627507,1502853,2011,2012,NA,NA,1,NA,0.29,1.15,0.67,8.48,114.111,39.687,172.859,0.241,1904,Skinnskatteberg,S,30.775,0,4,0,80.02941176,6,NA,2.1,0.597459084,0.422019102,0,0.00436,0.00113,0,0,0,0.00085,0,0,0.00044,0.00028,0.04304,0,0.00226,0.0094,0.01544,0.0043,0.66578,0.06083,0,0,0.07819,0,0,0,0.00054,0.00356,0.03465,0,0,0.00184,0.0731,0,0,0,1,M-10-07,0.42968800000000001,Jang4
M-10-08,F,S,Färna 1,Färna_1112,6627507,1502853,2011,2012,NA,NA,1,NA,0.29,1.15,0.67,8.48,114.111,39.687,172.859,0.241,1904,Skinnskatteberg,S,30.775,0,4,0,80.02941176,6,NA,2.1,0.597459084,0.422019102,0,0.00436,0.00113,0,0,0,0.00085,0,0,0.00044,0.00028,0.04304,0,0.00226,0.0094,0.01544,0.0043,0.66578,0.06083,0,0,0.07819,0,0,0,0.00054,0.00356,0.03465,0,0,0.00184,0.0731,0,0,0,1,M-10-08,0.26708999999999999,Lok1
G21-07,M,S,Gimmen 1,Gimmen_1112,6739269,1466010,2011,2012,illegal,NA,0,NA,0.42,1.21,2.65,10.88,259.361,26.695,184.037,0.202,2029,Leksand,S,25.067,0,5,0,82.39583333,6,NA,2.3,0.448269594,0.316073971,0,0.0365,0.00202,0,0,0,0.00068,0,0,0.00103,0.00226,0.03823,0,0.0034,0.01201,0.01409,0.01525,0.64592,0.06714,0,0,0.02905,0,0,0,0,0.00089,0.00661,0,0,0.00329,0.12163,0,0,0,1,G21-07,0.227051,Sil1
G54-10,F,S,Gimmen 1,Gimmen_1112,6739269,1466010,2011,2012,illegal,NA,0,Gimmen 1-hanen G21-07 kommer efter skilsmässa fr helsyster i Långsjön 3,0.42,1.21,2.65,10.88,259.361,26.695,184.037,0.202,2029,Leksand,S,25.067,0,5,0,82.39583333,6,NA,2.3,0.448269594,0.316073971,0,0.0365,0.00202,0,0,0,0.00068,0,0,0.00103,0.00226,0.03823,0,0.0034,0.01201,0.01409,0.01525,0.64592,0.06714,0,0,0.02905,0,0,0,0,0.00089,0.00661,0,0,0.00329,0.12163,0,0,0,1,G54-10,0.227051,Sil1
G27-12,M,S,Glaskogen 3,Glaskogen_1112,6601629,1299314,2011,2012,NA,NA,0,NA,0.24,1.06,0.43,7.01,203.641,36.39,177.517,0.375,1765,Årjäng,S,11.4,0,1,0,81.13020833,6,NA,3.8,0.530682429,0.360738914,0,0.00391,0.00047,0,0,0,0,0,0,0,0.00063,0.03885,0,0.00132,0.00311,0.01697,0.00151,0.73712,0.03599,0,0,0.03453,0,0,0,0,0,0.01206,0,0,0,0.11353,0,0,0,1,G27-12,0.261963,Ful1
G56-11,F,S,Glaskogen 3,Glaskogen_1112,6601629,1299314,2011,2012,NA,NA,0,NA,0.24,1.06,0.43,7.01,203.641,36.39,177.517,0.375,1765,Årjäng,S,11.4,0,1,0,81.13020833,6,NA,3.8,0.530682429,0.360738914,0,0.00391,0.00047,0,0,0,0,0,0,0,0.00063,0.03885,0,0.00132,0.00311,0.01697,0.00151,0.73712,0.03599,0,0,0.03453,0,0,0,0,0,0.01206,0,0,0,0.11353,0,0,0,1,G56-11,0.29718,Gla2
G11-11,M,S,Gräsmark 4,Gräsmark_1112,6685606,1330872,2011,2012,NA,NA,0,NA,0.31,1.36,0.2,3.99,283.69,32.536,170.823,0.39,1737,Torsby,S,10.346,1,5,0,81.54954955,6,NA,758.1,0.566849169,0.464786062,0,0.00205,7.00E-05,0,0,0.00045,0,0,0,0,0.00069,0.01873,0,0,0.00786,0.01135,0.00192,0.79791,0.02615,0,0,0.07743,0,0,0,0,0,0.01772,0,0,0,0.03767,0,0,0,1,G11-11,0.261963,Ful1
M-06-10,F,S,Gräsmark 4,Gräsmark_1112,6685606,1330872,2011,2012,NA,NA,1,NA,0.31,1.36,0.2,3.99,283.69,32.536,170.823,0.39,1737,Torsby,S,10.346,1,5,0,81.54954955,6,NA,758.1,0.566849169,0.464786062,0,0.00205,7.00E-05,0,0,0.00045,0,0,0,0,0.00069,0.01873,0,0,0.00786,0.01135,0.00192,0.79791,0.02615,0,0,0.07743,0,0,0,0,0,0.01772,0,0,0,0.03767,0,0,0,1,M-06-10,0.296875,Grå
G27-11,M,S,Gåsborn 1,Gåsborn_1112,6653812,1427840,2011,2012,NA,NA,0,NA,0.3,1.09,0.22,6.37,290.285,34.075,173.326,0.337,1863,Hällefors,S,9.95,0,3,0,82.09375,6,NA,3.2,0.450750004,0.421065877,0,0.00175,0,0,0,0,0,0.00041,0,0,0.00044,0,0,0.00057,0.00092,0.00155,0.00028,0.7446,0.02695,0,0,0.09946,0,0,0,0,0.00048,0.05195,0,0,0.00049,0.07014,0,0,0,1,G27-11,0.227051,Sil1
G6-11,F,S,Gåsborn 1,Gåsborn_1112,6653812,1427840,2011,2012,illegal,NA,0,NA,0.3,1.09,0.22,6.37,290.285,34.075,173.326,0.337,1863,Hällefors,S,9.95,0,3,0,82.09375,6,NA,3.2,0.450750004,0.421065877,0,0.00175,0,0,0,0,0,0.00041,0,0,0.00044,0,0,0.00057,0.00092,0.00155,0.00028,0.7446,0.02695,0,0,0.09946,0,0,0,0,0.00048,0.05195,0,0,0.00049,0.07014,0,0,0,1,G6-11,0,Kyn2
G77-11,F,S,Göra 1,Göra_1112,6796717,1352028,2011,2012,NA,NA,0,NA,0.25,0.7,1.52,5.59,557.121,17.825,174.811,0.174,2023,Malung,S,1.914,1,2,0,81.36363636,6,NA,855.8,0.28277168,0.257485236,0,0.00106,0,0,0,0,0,0,0,0,0.01437,0.00156,0,0,8.00E-05,8.00E-05,0.00531,0.60901,0.02946,0,0.10106,0.1046,0,0.00059,0.00949,0,0.0032,0.1017,0,0,0.00239,0.01604,0,0,0,1,G77-11,0.261963,Ful1
M-12-02-G114-11,M,S,Göra 1,Göra_1112,6796717,1352028,2011,2012,NA,NA,1,NA,0.25,0.7,1.52,5.59,557.121,17.825,174.811,0.174,2023,Malung,S,1.914,1,2,0,81.36363636,6,NA,855.8,0.28277168,0.257485236,0,0.00106,0,0,0,0,0,0,0,0,0.01437,0.00156,0,0,8.00E-05,8.00E-05,0.00531,0.60901,0.02946,0,0.10106,0.1046,0,0.00059,0.00949,0,0.0032,0.1017,0,0,0.00239,0.01604,0,0,0,1,G114-11,0.35199000000000003,Snd2
G31-06,F,S,Görsjön,Görsjön_1112,6739822,1416829,2011,2012,censor,NA,0,NA,0.17,1.15,0.2,4.67,342.07,29.707,176.552,0.262,2062,Mora,S,6.625,0,2,0,81.94949495,6,NA,2.3,0.534378999,0.51406951,0,0.00129,0,0,0,0,0,0,0,0,0,0,0,0,0,0,0.00052,0.76276,0.01483,0,0,0.10358,0,0,0,0,0.0015,0.04781,0,0,0.00019,0.06752,0,0,0,1,G31-06,0.23535200000000001,Dju1
M-06-03,M,S,Görsjön,Görsjön_1112,6739822,1416829,2011,2012,illegal,NA,1,NA,0.17,1.15,0.2,4.67,342.07,29.707,176.552,0.262,2062,Mora,S,6.625,0,2,0,81.94949495,6,NA,2.3,0.534378999,0.51406951,0,0.00129,0,0,0,0,0,0,0,0,0,0,0,0,0,0,0.00052,0.76276,0.01483,0,0,0.10358,0,0,0,0,0.0015,0.04781,0,0,0.00019,0.06752,0,0,0,1,M-06-03,0.30224600000000001,Utt
G13-10,M,S,Haersjo 1,Hærsjø_1112,6679807,1311769,2011,2012,NA,NA,0,NA,0.45,1.93,0.02,5.63,311.064,33.284,176.526,0.393,402,Kongsvinger,N,10.267,1,2,0,81.95959596,6,NA,5245.8,0.407989932,0.301995802,0,0.00029,0,0,0,0,0,0,0,0,0,0.00262,0,0,0.0022,0.01404,0.00146,0.79918,0.01094,0,0,0.06872,0,0,0,0,0,0.04915,0,0,0.00031,0.05107,0,0,0,1,G13-10,0.27490199999999998,Äpp
G88-13,F,S,Haersjö 1,Hærsjø_1112,6679807,1311769,2011,2012,NA,NA,0,NA,0.45,1.93,0.02,5.63,311.064,33.284,176.526,0.393,402,Kongsvinger,N,10.267,1,2,0,81.95959596,6,NA,5245.8,0.407989932,0.301995802,0,0.00029,0,0,0,0,0,0,0,0,0,0.00262,0,0,0.0022,0.01404,0.00146,0.79918,0.01094,0,0,0.06872,0,0,0,0,0,0.04915,0,0,0.00031,0.05107,0,0,0,1,G88-13,0.15216099999999999,Sku
G107-11,M,S,Hasselfors 5,Hasselfors_1112,6551763,1422312,2011,2012,censor,NA,0,NA,0.35,1.33,1.02,9.14,111.559,36.627,183.371,0.164,1862,Degerfors,S,20.333,0,1,0,76.11111111,6,NA,3.5,0.495334567,0.497384902,0,0.01083,0.00246,0,0,0,0.00054,0,0,0.00052,0.00056,0.07253,0,0.00272,0.00305,0.00495,0.00898,0.54936,0.07981,0,0,0.05317,0,0,0,0,0.00483,0.05073,0,0,0.00346,0.15151,0,0,0,1,G107-11,0.30590800000000001,Ack
G37-07,F,S,Hasselfors 5,Hasselfors_1112,6551763,1422312,2011,2012,illegal,NA,0,NA,0.35,1.33,1.02,9.14,111.559,36.627,183.371,0.164,1862,Degerfors,S,20.333,0,1,0,76.11111111,6,NA,3.5,0.495334567,0.497384902,0,0.01083,0.00246,0,0,0,0.00054,0,0,0.00052,0.00056,0.07253,0,0.00272,0.00305,0.00495,0.00898,0.54936,0.07981,0,0,0.05317,0,0,0,0,0.00483,0.05073,0,0,0.00346,0.15151,0,0,0,1,G37-07,0.43359399999999998,Has2
G21-12,M,S,Haverö 2,Haverö_1112,6907168,1476581,2011,2012,NA,NA,0,NA,0.22,1.06,0.21,3.66,338.277,22.208,172.361,0.16,2161,Ljusdal,S,2.567,0,0,1,81.75757576,6,NA,3.5,0.499594702,0.302984719,0,0.00054,0.00023,0,0,0,0.00033,0,0,0,0,0.00022,0,0.001,0.00139,0.00326,0,0.60313,0.04492,0,0,0.20596,0,0,0,0,0,0.0514,0,0,0.00042,0.0872,0,0,0,1,G21-12,0.46972700000000001,Skrä1
G34-10,F,S,Haverö 2,Haverö_1112,6907168,1476581,2011,2012,NA,NA,0,NA,0.22,1.06,0.21,3.66,338.277,22.208,172.361,0.16,2161,Ljusdal,S,2.567,0,0,1,81.75757576,6,NA,3.5,0.499594702,0.302984719,0,0.00054,0.00023,0,0,0,0.00033,0,0,0,0,0.00022,0,0.001,0.00139,0.00326,0,0.60313,0.04492,0,0,0.20596,0,0,0,0,0,0.0514,0,0,0.00042,0.0872,0,0,0,1,G34-10,0.46972700000000001,Skrä1
G34-12,M,S,Hedbyn 3,Hedbyn_1112,6617992,1485555,2011,2012,NA,NA,0,NA,0.37,1.14,0.42,7.6,115.653,38.766,173.46,0.236,1983,Köping,S,21.5,0,3,0,78.15053763,6,NA,2.8,0.586024294,0.542003955,0,0.00455,0.00011,0,0,0,0.00052,0,0,0.00029,0.00028,0.07879,0,0.00117,0.01126,0.01679,0.00162,0.66247,0.03819,0,0,0.07842,0,0,0,9.00E-05,0.00369,0.03638,0,0,0,0.06538,0,0,0,1,G34-12,0.35199000000000003,Snd2
M-10-06,F,S,Hedbyn 3,Hedbyn_1112,6617992,1485555,2011,2012,NA,NA,1,NA,0.37,1.14,0.42,7.6,115.653,38.766,173.46,0.236,1983,Köping,S,21.5,0,3,0,78.15053763,6,NA,2.8,0.586024294,0.542003955,0,0.00455,0.00011,0,0,0,0.00052,0,0,0.00029,0.00028,0.07879,0,0.00117,0.01126,0.01679,0.00162,0.66247,0.03819,0,0,0.07842,0,0,0,9.00E-05,0.00369,0.03638,0,0,0,0.06538,0,0,0,1,M-10-06,0.29931600000000003,Klot
G1-10,F,S,Homna 2,Homna_1112,6764453,1484887,2011,2012,NA,NA,0,NA,0.21,0.96,0.02,4.77,294.541,21.976,179.892,0.159,2031,Rättvik,S,12.95,0,4,0,85.20833333,6,NA,2.3,0.342208022,0.268114784,0,0.00261,0,0,0,0,3.00E-04,0,0,0,0,0.0107,0,0.00177,0.00222,0,0.00288,0.74412,0.05206,0,0,0.07936,0,0,0,0,0.00071,0.01948,0,0,0,0.08378,0,0,0,1,G1-10,0.41039999999999999,Lång3
G37-10,M,S,Homna 2,Homna_1112,6764453,1484887,2011,2012,NA,NA,0,NA,0.21,0.96,0.02,4.77,294.541,21.976,179.892,0.159,2031,Rättvik,S,12.95,0,4,0,85.20833333,6,NA,2.3,0.342208022,0.268114784,0,0.00261,0,0,0,0,3.00E-04,0,0,0,0,0.0107,0,0.00177,0.00222,0,0.00288,0.74412,0.05206,0,0,0.07936,0,0,0,0,0.00071,0.01948,0,0,0,0.08378,0,0,0,1,G37-10,0,Gal
G21-10,M,S,Hästberget,Hästberget_1112,6742720,1349896,2011,2012,illegal,NA,0,NA,0.26,0.67,0.56,4.59,447.708,21.613,169.773,0.224,1737,Torsby,S,2.75,0,4,0,80.97849462,6,NA,3.2,0.509107055,0.311928949,0,0.00255,0,0,0,0,0,0,0,0,0.00092,0.0023,0,0,0.00121,0.00147,0.00071,0.70078,0.03325,0,0,0.09107,0,0,0,0,0.00081,0.10478,0,0,0.0052,0.05495,0,0,0,1,G21-10,0.42968800000000001,Jang4
G22-09,F,S,Hästberget,Hästberget_1112,6742720,1349896,2011,2012,illegal,NA,0,NA,0.26,0.67,0.56,4.59,447.708,21.613,169.773,0.224,1737,Torsby,S,2.75,0,4,0,80.97849462,6,NA,3.2,0.509107055,0.311928949,0,0.00255,0,0,0,0,0,0,0,0,0.00092,0.0023,0,0,0.00121,0.00147,0.00071,0.70078,0.03325,0,0,0.09107,0,0,0,0,0.00081,0.10478,0,0,0.0052,0.05495,0,0,0,1,G22-09,0.27490199999999998,Äpp
G6-12,M,S,Jangen 6,Jangen_1112,6669890,1360822,2011,2012,NA,NA,0,NA,0.33,1.2,0.33,6.18,216.885,36.243,177.175,0.402,1783,Hagfors,S,6.633,0,3,0,81.40322581,6,NA,3.8,0.521853653,0.571657659,0,0.00891,0.00078,0,0,0.00042,0,0,0,0.00034,0.00064,0.0595,0,0,0.00415,0.01872,0.00388,0.72921,0.01114,0,0,0.05391,0,0,0,0,0.00063,0.02785,0,0,0.00703,0.07289,0,0,0,1,G6-12,0,Kyn2
M-06-05,F,S,Jangen 6,Hästberget_1112,6742720,1349896,2011,2012,NA,NA,1,NA,0.26,0.67,0.56,4.59,447.708,21.613,169.773,0.224,1737,Torsby,S,2.75,0,4,0,80.97849462,6,NA,3.2,0.509107055,0.311928949,0,0.00255,0,0,0,0,0,0,0,0,0.00092,0.0023,0,0,0.00121,0.00147,0.00071,0.70078,0.03325,0,0,0.09107,0,0,0,0,0.00081,0.10478,0,0,0.0052,0.05495,0,0,0,1,M-06-05,0.26953100000000002,Ny5
G72-10,M,N,Julussa 8,Jangen_1112,6669890,1360822,2011,2012,Illegal,NA,0,NA,0.33,1.2,0.33,6.18,216.885,36.243,177.175,0.402,1783,Hagfors,S,6.633,0,3,0,81.40322581,6,NA,3.8,0.521853653,0.571657659,0,0.00891,0.00078,0,0,0.00042,0,0,0,0.00034,0.00064,0.0595,0,0,0.00415,0.01872,0.00388,0.72921,0.01114,0,0,0.05391,0,0,0,0,0.00063,0.02785,0,0,0.00703,0.07289,0,0,0,1,G72-10,0.26953100000000002,Ny5
M14-09/G16-12,F,N,Julussa 8,Julussa_1112,6815946,1263943,2011,2012,NA,NA,1,NA,0.12,1.1,0.01,3.83,563.338,19.834,160.234,0.291,429,Åmot,N,1.691,1,0,0,83.92818813,6,NA,7623,0.374204993,0.231827609,0,0,0,0,0,0,5.00E-04,0,0,0,6.00E-05,0.006,0,0,0,0.00434,0.00799,0.67326,0.00838,0,0.01855,0.10771,0,0,0.0069,0,0,0.13589,0,0,0.00583,0.02459,0,0,0,1,G16-12,0,Kyn2
M-11-13/G29-10,M,S,Juvberget 2,Juvberget_1112,6752586,1318081,2011,2012,NA,NA,1,NA,0.25,1.18,0,5.27,401.449,18.619,168.373,0.192,1737,Torsby,S,5.268,1,4,0,82.54166667,6,NA,2182.9,0.589048479,0.537496112,0,0.00083,0,0,0,0,0,0,0,0,0.00061,0,0,0.00048,0,0.00189,0.00171,0.63498,0.07305,0,0,0.13645,0,0,0,0,0,0.1208,0,0,0.00302,0.0262,0,0,0,1,G29-10,0.31103500000000001,Has3
M-05-10,F,S,Juvberget 2,Juvberget_1112,6752586,1318081,2011,2012,NA,NA,1,NA,0.25,1.18,0,5.27,401.449,18.619,168.373,0.192,1737,Torsby,S,5.268,1,4,0,82.54166667,6,NA,2182.9,0.589048479,0.537496112,0,0.00083,0,0,0,0,0,0,0,0,0.00061,0,0,0.00048,0,0.00189,0.00171,0.63498,0.07305,0,0,0.13645,0,0,0,0,0,0.1208,0,0,0.00302,0.0262,0,0,0,1,M-05-10,0.21875,Tyn
M-05-07,F,S,Kloten,Kloten_1112,6634965,1473898,2011,2012,NA,NA,1,NA,0.34,1.32,0.25,6.62,212.361,32.261,172.586,0.248,1885,Lindesberg,S,16.84,0,3,0,81.38020833,6,NA,3,0.522151971,0.518494737,0,0.00621,0,0,0,0,0.00091,7.00E-04,0,0,0,0.03804,0,0.00126,0.00682,0.01528,0.00256,0.75451,0.0255,0,0,0.07554,0,0,0,0,0.00062,0.01317,0,0,0,0.05888,0,0,0,1,M-05-07,0.30224600000000001,Utt
M-09-18,M,S,Kloten,Kloten_1112,6634965,1473898,2011,2012,NA,NA,1,NA,0.34,1.32,0.25,6.62,212.361,32.261,172.586,0.248,1885,Lindesberg,S,16.84,0,3,0,81.38020833,6,NA,3,0.522151971,0.518494737,0,0.00621,0,0,0,0,0.00091,7.00E-04,0,0,0,0.03804,0,0.00126,0.00682,0.01528,0.00256,0.75451,0.0255,0,0,0.07554,0,0,0,0,0.00062,0.01317,0,0,0,0.05888,0,0,0,1,M-09-18,0.29980499999999999,Krp2
G24-10,M,S,Korsån 2,Korsån_1112,6740711,1517262,2011,2012,illegal,NA,0,NA,0.2,1.27,0.34,6.23,262.88,27.656,170.124,0.177,2080,Falun,S,21.567,0,3,0,83.78125,6,NA,2.4,0.546481016,0.376994666,0,0.00522,0,0,0,0,0,0,0,0,0,0.02089,0,0,0.00061,0.005,0.00071,0.75152,0.02032,0,0,0.11075,0,0,0,0,0.00077,0.02064,0,0,0,0.06358,0,0,0,1,G24-10,0.26757799999999998,Grä1
M-05-11,F,S,Korsån 2,Korsån_1112,6740711,1517262,2011,2012,NA,NA,1,NA,0.2,1.27,0.34,6.23,262.88,27.656,170.124,0.177,2080,Falun,S,21.567,0,3,0,83.78125,6,NA,2.4,0.546481016,0.376994666,0,0.00522,0,0,0,0,0,0,0,0,0,0.02089,0,0,0.00061,0.005,0.00071,0.75152,0.02032,0,0,0.11075,0,0,0,0,0.00077,0.02064,0,0,0,0.06358,0,0,0,1,M-05-11,0.21972700000000001,Amu1
G91-11,M,N,Kynna 3,Kynna_1112,6745790,1299308,2011,2012,NA,NA,0,NA,0.36,1.64,0.48,6.28,341.316,21.036,175.489,0.191,425,Åsnes,N,8.014,1,3,0,80.6827957,6,NA,7074.4,0.558331814,0.563432437,0,0.00088,0,0,0,0,0,0,0,0,0,0.08142,0,0,0,0.00253,0.00048,0.57235,0.01511,0,0,0.18114,0,0,0.0025,0,0,0.12447,0,0,0,0.01911,0,0,0,1,G91-11,0.29736299999999999,Jang5
M-07-05,F,N,Kynna 3,Kynna_1112,6745790,1299308,2011,2012,NA,NA,1,NA,0.36,1.64,0.48,6.28,341.316,21.036,175.489,0.191,425,Åsnes,N,8.014,1,3,0,80.6827957,6,NA,7074.4,0.558331814,0.563432437,0,0.00088,0,0,0,0,0,0,0,0,0,0.08142,0,0,0,0.00253,0.00048,0.57235,0.01511,0,0,0.18114,0,0,0.0025,0,0,0.12447,0,0,0,0.01911,0,0,0,1,M-07-05,0.29345700000000002,Kyn1
G2-11,F,S,Kynnefjäll 2,Kynnefjäll_1112,6528246,1259310,2011,2012,NA,NA,0,NA,0.38,1.23,0.11,6.61,140.647,37.507,179.927,0.345,1435,Tanum,S,19.746,1,0,0,76.22395833,6,NA,124.5,0.544106067,0.504863924,0,0,0.00291,0,0,0,0,0,0,0,0,0.08785,0,0.00223,0.00609,0.02756,0.00523,0.73968,0.01896,0,0,0.02674,0,0.00142,0.00172,0,0,0.02927,0,0,0,0.05035,0,0,0,1,G2-11,0.29541000000000001,Kyf
G63-10,M,S,Kynnefjäll 2,Kynnefjäll_1112,6528246,1259310,2011,2012,NA,NA,0,NA,0.38,1.23,0.11,6.61,140.647,37.507,179.927,0.345,1435,Tanum,S,19.746,1,0,0,76.22395833,6,NA,124.5,0.544106067,0.504863924,0,0,0.00291,0,0,0,0,0,0,0,0,0.08785,0,0.00223,0.00609,0.02756,0.00523,0.73968,0.01896,0,0,0.02674,0,0.00142,0.00172,0,0,0.02927,0,0,0,0.05035,0,0,0,1,G63-10,0,Gal
G59-11,F,S,Kölsta 1,Kölsta_1112,6609504,1511487,2011,2012,NA,NA,0,NA,0.48,1.42,3.06,13.55,61.775,39.438,172.352,0.203,1983,Köping,S,55.886,0,3,0,72.83333333,6,NA,2.1,0.457009486,0.229640119,0,0.02426,0.00689,0,0,0,0,0,0,0.00039,0.00157,0.30006,0,0.0059,0.00769,0.01426,0.00737,0.45447,0.06318,0,0,0.05129,0,0,0,0,0.00384,0.00707,0,0,0.001,0.05074,0,0,0,1,G59-11,0.29736299999999999,Fär
G84-11,M,S,Kölsta 1,Kölsta_1112,6609504,1511487,2011,2012,NA,NA,0,NA,0.48,1.42,3.06,13.55,61.775,39.438,172.352,0.203,1983,Köping,S,55.886,0,3,0,72.83333333,6,NA,2.1,0.457009486,0.229640119,0,0.02426,0.00689,0,0,0,0,0,0,0.00039,0.00157,0.30006,0,0.0059,0.00769,0.01426,0.00737,0.45447,0.06318,0,0,0.05129,0,0,0,0,0.00384,0.00707,0,0,0.001,0.05074,0,0,0,1,G84-11,0.29931600000000003,Klot
G63-11,M,S,Loka 2,Loka_1112,6607223,1426843,2011,2012,other,NA,0,scabies,0.34,1.11,0.55,7.68,207.301,32.714,177.873,0.285,1863,Hällefors,S,21.02,0,4,0,82.21354167,6,NA,3.6,0.592530211,0.54007299,0,0.00645,0.00042,0,0,0,0.00036,0,0,0,0,0.0235,0,0.00043,0.00322,0.00294,0.00106,0.68624,0.07786,0,0,0.03716,0,0,0,0,0.00108,0.00827,0,0,0.00101,0.14999,0,0,0,1,G63-11,0.30590800000000001,Ack
M-10-09,F,S,Loka 2,Loka_1112,6607223,1426843,2011,2012,NA,NA,1,NA,0.34,1.11,0.55,7.68,207.301,32.714,177.873,0.285,1863,Hällefors,S,21.02,0,4,0,82.21354167,6,NA,3.6,0.592530211,0.54007299,0,0.00645,0.00042,0,0,0,0.00036,0,0,0,0,0.0235,0,0.00043,0.00322,0.00294,0.00106,0.68624,0.07786,0,0,0.03716,0,0,0,0,0.00108,0.00827,0,0,0.00101,0.14999,0,0,0,1,M-10-09,0.26708999999999999,Lok1
G18-08,F,S,Långsjön 4,Långsjön_1112,6737838,1497539,2011,2012,NA,NA,0,NA,0.33,1.3,2.11,9.69,223.552,23.208,175.054,0.168,2080,Falun,S,15.233,0,4,0,82.21875,6,NA,2.3,0.560715567,0.466010607,0,0.02215,0.0011,0,0,0,0,0,0,0.00123,0.00109,0.04305,0,0.00077,0.00884,0.01486,0.00018,0.74908,0.01529,0,0,0.05917,0,0,0,0,0,0.0043,0,0,0.00059,0.0783,0,0,0,1,G18-08,0.227051,Sil1
G6-05,M,S,Långsjön 4,Långsjön_1112,6737838,1497539,2011,2012,illegal,NA,0,NA,0.33,1.3,2.11,9.69,223.552,23.208,175.054,0.168,2080,Falun,S,15.233,0,4,0,82.21875,6,NA,2.3,0.560715567,0.466010607,0,0.02215,0.0011,0,0,0,0,0,0,0.00123,0.00109,0.04305,0,0.00077,0.00884,0.01486,0.00018,0.74908,0.01529,0,0,0.05917,0,0,0,0,0,0.0043,0,0,0.00059,0.0783,0,0,0,1,G6-05,0.39843800000000001,DE2
G1-11,M,S,Lövsjön 4,Lövsjön_1112,6685123,1440446,2011,2012,NA,NA,0,NA,0.23,1.27,0.3,6.25,293.116,35.726,174.434,0.314,2085,Ludvika,S,11.567,0,2,0,83.11979167,6,NA,2.3,0.611886328,0.501825387,0,0.00441,0.00028,0,0,0,0.00067,0,0,0,0,0.00511,0,0.00027,0.00317,0.0038,0.00238,0.73997,0.02888,0,0,0.10828,0,0,0,0,0.00117,0.03664,0,0,0,0.06497,0,0,0,1,G1-11,0.26733400000000002,Grä3
G64-12,F,S,Lövsjön 4,Lövsjön_1112,6685123,1440446,2011,2012,illegal,NA,0,NA,0.23,1.27,0.3,6.25,293.116,35.726,174.434,0.314,2085,Ludvika,S,11.567,0,2,0,83.11979167,6,NA,2.3,0.611886328,0.501825387,0,0.00441,0.00028,0,0,0,0.00067,0,0,0,0,0.00511,0,0.00027,0.00317,0.0038,0.00238,0.73997,0.02888,0,0,0.10828,0,0,0,0,0.00117,0.03664,0,0,0,0.06497,0,0,0,1,G64-12,0.35199000000000003,Snd2
G55-12,F,S,Medskogen 1,Medskogen_1112,6732622,1321383,2011,2012,NA,NA,0,NA,0.35,1.48,0.01,4.78,397.504,19.759,177.606,0.196,1737,Torsby,S,5.434,1,4,0,82.22395833,6,NA,2891.5,0.560418463,0.473497717,0,1.00E-05,0,0,0,0,0,0,0,0,0,0.00782,0,0,0.00123,0.00071,0.00243,0.71611,0.05682,0,0,0.0947,0,0,0,0,0.00056,0.08138,0,0,0.00163,0.03661,0,0,0,1,G55-12,0.29980499999999999,Trå
G78-11,M,S,Medskogen 1,Medskogen_1112,6732622,1321383,2011,2012,NA,NA,0,NA,0.35,1.48,0.01,4.78,397.504,19.759,177.606,0.196,1737,Torsby,S,5.434,1,4,0,82.22395833,6,NA,2891.5,0.560418463,0.473497717,0,1.00E-05,0,0,0,0,0,0,0,0,0,0.00782,0,0,0.00123,0.00071,0.00243,0.71611,0.05682,0,0,0.0947,0,0,0,0,0.00056,0.08138,0,0,0.00163,0.03661,0,0,0,1,G78-11,0.35199000000000003,Snd2
G12-11,M,S,Nora 1,Nora_1112,6605123,1440560,2011,2012,NA,NA,0,NA,0.37,1.24,0.3,8.36,196.821,30.835,174.813,0.239,1884,Nora,S,31.686,0,3,0,82.09375,6,NA,3.5,0.626638378,0.492527259,0,0.00877,0.0011,0,0,0,0.00036,0,0,0,0,0.02431,0,0.00093,0.00529,0.00825,0.00484,0.69006,0.0903,0,0,0.03263,0,0,0,0,0,0.00652,0,0,0.00178,0.12485,0,0,0,1,G12-11,0,Kyn2
G40-11,F,S,Nora 1,Nora_1112,6605123,1440560,2011,2012,NA,NA,0,NA,0.37,1.24,0.3,8.36,196.821,30.835,174.813,0.239,1884,Nora,S,31.686,0,3,0,82.09375,6,NA,3.5,0.626638378,0.492527259,0,0.00877,0.0011,0,0,0,0.00036,0,0,0,0,0.02431,0,0.00093,0.00529,0.00825,0.00484,0.69006,0.0903,0,0,0.03263,0,0,0,0,0,0.00652,0,0,0.00178,0.12485,0,0,0,1,G40-11,0.27612300000000001,Löv2
G21-11,F,S,Norn,Norn_1112,6672844,1496416,2011,2012,NA,NA,0,NA,0.31,1.42,2,9.94,182.43,36.029,173.682,0.3,2061,Smedjebacken,S,23.95,0,0,0,81.296875,6,NA,2.2,0.488508172,0.195476685,0,0.01361,0.00141,0,0,0.00042,0,0.00042,0,0.00036,0.00141,0.05946,0,0.00039,0.00622,0.01257,0.00833,0.67494,0.03903,0,0,0.08324,0,0,0,0,0.00163,0.00197,0,0,0.00235,0.09222,0,0,0,1,G21-11,0.29931600000000003,Klot
G24-11,M,S,Norn,Norn_1112,6672844,1496416,2011,2012,NA,NA,0,NA,0.31,1.42,2,9.94,182.43,36.029,173.682,0.3,2061,Smedjebacken,S,23.95,0,0,0,81.296875,6,NA,2.2,0.488508172,0.195476685,0,0.01361,0.00141,0,0,0.00042,0,0.00042,0,0.00036,0.00141,0.05946,0,0.00039,0.00622,0.01257,0.00833,0.67494,0.03903,0,0,0.08324,0,0,0,0,0.00163,0.00197,0,0,0.00235,0.09222,0,0,0,1,G24-11,0.42968800000000001,Jang4
M-09-01,M,S,Riala 1,Riala_1112,6617543,1650810,2011,2012,NA,NA,1,NA,0.47,1.26,2.18,12.75,35.956,37.479,181.082,0.248,188,Norrtälje,S,80.333,0,0,0,74.64516129,6,NA,2.4,0.481560199,0.284779121,0,0.02931,0.00156,0,0,0,0.00249,0.00142,0.00025,0,0.00959,0.15458,0,0.00601,0.00716,0.03643,0.00417,0.53294,0.07352,0,0,0.0128,0,0,0,0,4.00E-04,0.00099,0,0,0,0.04276,0.00095,0,0.08268,1,M-09-01,0,Gal
M-10-03,F,S,Riala 1,Riala_1112,6617543,1650810,2011,2012,illegal,NA,1,NA,0.47,1.26,2.18,12.75,35.956,37.479,181.082,0.248,188,Norrtälje,S,80.333,0,0,0,74.64516129,6,NA,2.4,0.481560199,0.284779121,0,0.02931,0.00156,0,0,0,0.00249,0.00142,0.00025,0,0.00959,0.15458,0,0.00601,0.00716,0.03643,0.00417,0.53294,0.07352,0,0,0.0128,0,0,0,0,4.00E-04,0.00099,0,0,0,0.04276,0.00095,0,0.08268,1,M-10-03,0.26708999999999999,Lok1
M-11-09/G77-10,M,S,Rotna 2,Rotna_1112,6717211,1315793,2011,2012,NA,NA,1,NA,0.37,1.95,0.02,4.77,386.565,19.307,183.06,0.195,423,Grue,N,8.282,1,4,0,82.67708333,6,NA,5474.4,0.558171044,0.497429695,0,0.00043,0,0,0,0,0,0,0,0,0.00044,0.00626,0,0,0.00044,0.00132,0.00072,0.74201,0.02574,0,0,0.09711,0,0,0,0,0.00045,0.07793,0,0,0,0.04714,0,0,0,1,G77-10,0.21484400000000001,Ulr2
M11-10/G42-10,F,S,Rotna 2,Rotna_1112,6717211,1315793,2011,2012,NA,NA,1,NA,0.37,1.95,0.02,4.77,386.565,19.307,183.06,0.195,423,Grue,N,8.282,1,4,0,82.67708333,6,NA,5474.4,0.558171044,0.497429695,0,0.00043,0,0,0,0,0,0,0,0,0.00044,0.00626,0,0,0.00044,0.00132,0.00072,0.74201,0.02574,0,0,0.09711,0,0,0,0,0.00045,0.07793,0,0,0,0.04714,0,0,0,1,G42-10,0.26953100000000002,Ny5
G12-09,F,S,Sandsjön 2,Sandsjön_1112,6644770,1388227,2011,2012,NA,NA,0,NA,0.34,1.18,0.51,7.2,243.797,34.957,179.361,0.374,1783,Hagfors,S,29.18,0,2,0,83.875,6,NA,3.8,0.570909548,0.50736507,0,0.01127,0.00141,0,0,0.00055,0.00011,0,0,0.00057,0.00076,0.01423,0,0.00112,0.00144,0.00978,0.00321,0.74478,0.02176,0,0,0.09898,0,0,0,0,0.00155,0.02142,0,0,0.00588,0.06118,0,0,0,1,G12-09,0.30590800000000001,Ack
M-07-06,M,S,Sandsjön 2,Sandsjön_1112,6644770,1388227,2011,2012,illegal,NA,1,NA,0.34,1.18,0.51,7.2,243.797,34.957,179.361,0.374,1783,Hagfors,S,29.18,0,2,0,83.875,6,NA,3.8,0.570909548,0.50736507,0,0.01127,0.00141,0,0,0.00055,0.00011,0,0,0.00057,0.00076,0.01423,0,0.00112,0.00144,0.00978,0.00321,0.74478,0.02176,0,0,0.09898,0,0,0,0,0.00155,0.02142,0,0,0.00588,0.06118,0,0,0,1,M-07-06,0.43676799999999999,Hlg2
G33-10,F,S,Siljansringen 2,Siljansringen_1112,6796886,1457899,2011,2012,NA,NA,0,NA,0.15,0.99,0.14,4.9,328.844,22.954,166.122,0.15,2034,Orsa,S,4.85,0,2,0,82.53030303,6,NA,2.3,0.506486643,0.414134142,0,0.0021,0.00025,0,0,0,0,0,0,0,0.00073,0.00421,0,0.00115,0.00174,0.00523,0.00035,0.68999,0.0189,0,0,0.14304,0,0,0,0,0.00133,0.08242,0,0,0,0.04858,0,0,0,1,G33-10,0.26074199999999997,Amu2
M12-05/G9-05,M,S,Siljansringen 2,Siljansringen_1112,6796886,1457899,2011,2012,illegal,1,1,NA,0.15,0.99,0.14,4.9,328.844,22.954,166.122,0.15,2034,Orsa,S,4.85,0,2,0,82.53030303,6,NA,2.3,0.506486643,0.414134142,0,0.0021,0.00025,0,0,0,0,0,0,0,0.00073,0.00421,0,0.00115,0.00174,0.00523,0.00035,0.68999,0.0189,0,0,0.14304,0,0,0,0,0.00133,0.08242,0,0,0,0.04858,0,0,0,1,G9-05,0.1875,Ock1
G51-10,M,S,Sjösveden  1,Sjösveden_1112,6772293,1517047,2011,2012,NA,NA,0,NA,0.18,1.12,0,4.92,329.051,28.181,165.312,0.204,2183,Bollnäs,S,13.375,0,3,0,83.10294118,6,NA,2.7,0.495435921,0.491514031,0,0,0,0,0,0,0,0,0,0,0,0,0,0,0.00044,0,0.00071,0.70508,0.03133,0,0,0.16216,0,0,0,0,0.00214,0.05014,0,0,0,0.048,0,0,0,1,G51-10,0.22680700000000001,Kors1
M-09-15,F,S,Sjösveden  1,Sjösveden_1112,6772293,1517047,2011,2012,NA,NA,1,NA,0.18,1.12,0,4.92,329.051,28.181,165.312,0.204,2183,Bollnäs,S,13.375,0,3,0,83.10294118,6,NA,2.7,0.495435921,0.491514031,0,0,0,0,0,0,0,0,0,0,0,0,0,0,0.00044,0,0.00071,0.70508,0.03133,0,0,0.16216,0,0,0,0,0.00214,0.05014,0,0,0,0.048,0,0,0,1,M-09-15,0.22680700000000001,Kors1
G18-10,F,S,Skugghöjden,Skugghöjden_1112,6659875,1325872,2011,2012,NA,NA,0,NA,0.3,1.27,0.09,5.39,269.599,35.788,172.788,0.42,1766,Sunne,S,11.205,1,2,0,81.8125,6,NA,567.6,0.548241076,0.494134622,0,0.00069,0,0,0,0,0,0,0,0,0,0.00733,0,0.00067,0.0038,0.01064,0,0.82058,0.00899,0,0,0.06334,0,0,0,0,0,0.0122,0,0,0,0.07177,0,0,0,1,G18-10,0.27612300000000001,Löv2
G47-10,M,S,Skugghöjden,Skugghöjden_1112,6659875,1325872,2011,2012,NA,NA,0,NA,0.3,1.27,0.09,5.39,269.599,35.788,172.788,0.42,1766,Sunne,S,11.205,1,2,0,81.8125,6,NA,567.6,0.548241076,0.494134622,0,0.00069,0,0,0,0,0,0,0,0,0,0.00733,0,0.00067,0.0038,0.01064,0,0.82058,0.00899,0,0,0.06334,0,0,0,0,0,0.0122,0,0,0,0.07177,0,0,0,1,G47-10,0,Kyn2
G19-11,M,S,Skultuna,Skultuna_1112,6637827,1532535,2011,2012,illegal,NA,0,NA,0.47,1.27,2.21,12.14,82.413,39.473,172.788,0.172,1981,Sala,S,59.675,0,2,0,76.10784314,6,NA,2.1,0.426978625,0.174748279,0,0.01536,0.00317,0,0,0,0.00254,0,0,0.00051,0.00072,0.27626,0,0.00993,0.00453,0.01116,0.01073,0.42255,0.05234,0,0,0.04604,0,0,0,0.08561,0.00672,0.02294,0,0,0.00179,0.02709,0,0,0,1,G19-11,0.28125,Osd2
G42-11,F,S,Skultuna,Skultuna_1112,6637827,1532535,2011,2012,legal,NA,0,NA,0.47,1.27,2.21,12.14,82.413,39.473,172.788,0.172,1981,Sala,S,59.675,0,2,0,76.10784314,6,NA,2.1,0.426978625,0.174748279,0,0.01536,0.00317,0,0,0,0.00254,0,0,0.00051,0.00072,0.27626,0,0.00993,0.00453,0.01116,0.01073,0.42255,0.05234,0,0,0.04604,0,0,0,0.08561,0.00672,0.02294,0,0,0.00179,0.02709,0,0,0,1,G42-11,0.227051,Sil1
G73-10,M,N,Slettås 1,Slettås_1112,6799525,1297251,2011,2012,NA,NA,0,NA,0.44,1.03,1.09,6.34,571.767,19.851,176.344,0.197,428,Trysil,N,7.239,1,0,0,85.74731183,6,NA,7623,0.502576778,0.298893759,0,0.00334,0.00082,0,0,0,0,0,0.00022,0,0.0141,0.00027,0,0,0.00147,0.01478,0.00208,0.59648,0.00367,0,0.01039,0.0462,0,0.00085,0.00595,0,0,0.24967,0,0,0.00203,0.04767,0,0,0,1,G73-10,0.28125,Osd2
M-17-14/G70-10,F,N,Slettås 1,Slettås_1112,6799525,1297251,2011,2012,NA,NA,1,NA,0.44,1.03,1.09,6.34,571.767,19.851,176.344,0.197,428,Trysil,N,7.239,1,0,0,85.74731183,6,NA,7623,0.502576778,0.298893759,0,0.00334,0.00082,0,0,0,0,0,0.00022,0,0.0141,0.00027,0,0,0.00147,0.01478,0.00208,0.59648,0.00367,0,0.01039,0.0462,0,0.00085,0.00595,0,0,0.24967,0,0,0.00203,0.04767,0,0,0,1,G70-10,0.27612300000000001,Löv2
G4-08,F,S,Sången 1,Sången_1112,6721791,1442446,2011,2012,NA,NA,0,NA,0.33,1.11,1.18,7.97,275.594,29.322,173.574,0.242,2029,Leksand,S,10,0,4,0,82.48958333,6,NA,2.3,0.546267861,0.472980458,0,0.01269,0.00035,0,0,0,0.00038,0,0,0,0.00019,0.02603,0,0,0.0031,0.00139,0.00213,0.74521,0.05157,0,0,0.0822,0,0,0,0,0,0.01149,0,0,0.00803,0.05524,0,0,0,1,G4-08,0.29345700000000002,Kyn1
G6-08,M,S,Sången 1,Sången_1112,6721791,1442446,2011,2012,censor,NA,0,NA,0.33,1.11,1.18,7.97,275.594,29.322,173.574,0.242,2029,Leksand,S,10,0,4,0,82.48958333,6,NA,2.3,0.546267861,0.472980458,0,0.01269,0.00035,0,0,0,0.00038,0,0,0,0.00019,0.02603,0,0,0.0031,0.00139,0.00213,0.74521,0.05157,0,0,0.0822,0,0,0,0,0,0.01149,0,0,0.00803,0.05524,0,0,0,1,G6-08,0.29345700000000002,Kyn1
M-09-09,F,S,Tandsjön 1,Tandsjön_1112,6839934,1418966,2011,2012,NA,NA,1,NA,0.08,0.74,0.01,3.03,588.157,25.62,168.158,0.216,2361,Härjedalen,S,3.32,0,0,0,79.90625,6,NA,2.7,0.48525115,0.286777445,0,0,0,0,0,0,0,0,0,0,0,0.00061,0,0,0,0.00047,0.01013,0.60797,0.00914,0,0.0092,0.17861,0,0,0,0,0.00042,0.16965,0,0,0,0.0138,0,0,0,1,M-09-09,0.261963,Ful1
M-11-03,M,S,Tandsjön 1,Tandsjön_1112,6839934,1418966,2011,2012,NA,NA,1,NA,0.08,0.74,0.01,3.03,588.157,25.62,168.158,0.216,2361,Härjedalen,S,3.32,0,0,0,79.90625,6,NA,2.7,0.48525115,0.286777445,0,0,0,0,0,0,0,0,0,0,0,0.00061,0,0,0,0.00047,0.01013,0.60797,0.00914,0,0.0092,0.17861,0,0,0,0,0.00042,0.16965,0,0,0,0.0138,0,0,0,1,M-11-03,0.26708999999999999,Lok1
G75-12,M,S,Tansen 2,Tansen _1112,6695432,1460725,2011,2012,NA,NA,0,NA,0.28,1.29,1.55,10.81,279.644,29.464,179.833,0.256,2085,Ludvika,S,29,0,2,0,83.91666667,6,NA,2.3,0.414552926,0.242222248,0,0.0084,0.00064,0,0,0,0.00011,0,0,0,0.00183,0.02395,0,0.00026,0.00325,0.00503,0.00376,0.79423,0.03442,0,0,0.07167,0,0,0,0,5.00E-04,0.00164,0,0,0.00307,0.04723,0,0,0,1,G75-12,0.27356000000000003,Rot2
M11-05/G47-11,F,S,Tansen 2,Tansen _1112,6695432,1460725,2011,2017,NA,NA,1,NA,0.28,1.29,1.55,10.81,279.644,29.464,179.833,0.256,2085,Ludvika,S,29,0,2,0,83.91666667,6,NA,2.3,0.414552926,0.242222248,0,0.0084,0.00064,0,0,0,0.00011,0,0,0,0.00183,0.02395,0,0.00026,0.00325,0.00503,0.00376,0.79423,0.03442,0,0,0.07167,0,0,0,0,5.00E-04,0.00164,0,0,0.00307,0.04723,0,0,0,1,G47-11,0,Kyn2
M-10-01,F,S,Tenskog 2,Tenskog_1112,6838171,1476229,2011,2012,illegal,NA,1,NA,0.2,1.08,0.06,4.39,342.894,22.598,170.531,0.178,2161,Ljusdal,S,5.133,0,0,0,82.38541667,6,NA,2.8,0.483356381,0.4419831,0,0.0016,0,0,0,0,0,0,0,0,0,0.00028,0,0.00029,0.00068,0,0,0.68647,0.01508,0,0,0.17939,0,0,0,0,0.00102,0.05617,0,0,0.00055,0.05847,0,0,0,1,M-10-01,0.29296899999999998,Vox
M-10-02,M,S,Tenskog 2,Tenskog_1112,6838171,1476229,2011,2012,legal,NA,1,NA,0.2,1.08,0.06,4.39,342.894,22.598,170.531,0.178,2161,Ljusdal,S,5.133,0,0,0,82.38541667,6,NA,2.8,0.483356381,0.4419831,0,0.0016,0,0,0,0,0,0,0,0,0,0.00028,0,0.00029,0.00068,0,0,0.68647,0.01508,0,0,0.17939,0,0,0,0,0.00102,0.05617,0,0,0.00055,0.05847,0,0,0,1,M-10-02,0.26074199999999997,Amu2
G10-10,M,S,Trång 1,Trång_1112,6702702,1352802,2011,2012,NA,NA,0,NA,0.28,0.98,0.2,3.82,296.564,25.109,176.144,0.261,1737,Torsby,S,3,0,4,0,81.73529412,6,NA,3.8,0.47126938,0.579710564,0,0.00289,0,0,0,0,0,0,0,0,0.00056,0.01276,0,0,0.00709,0.00268,0.00076,0.81347,0.01552,0,0,0.04692,0,0,0,0,0.00082,0.06599,0,0,0.00562,0.02492,0,0,0,1,G10-10,0.27917500000000001,Gös
G11-10,F,S,Trång 1,Trång_1112,6702702,1352802,2011,2012,NA,NA,0,NA,0.28,0.98,0.2,3.82,296.564,25.109,176.144,0.261,1737,Torsby,S,3,0,4,0,81.73529412,6,NA,3.8,0.47126938,0.579710564,0,0.00289,0,0,0,0,0,0,0,0,0.00056,0.01276,0,0,0.00709,0.00268,0.00076,0.81347,0.01552,0,0,0.04692,0,0,0,0,0.00082,0.06599,0,0,0.00562,0.02492,0,0,0,1,G11-10,0.26953100000000002,Ny5
G48-12,F,S,Ulriksberg 4,Ulriksberg_1112,6631674,1447524,2011,2012,illegal,NA,0,NA,0.31,1.39,0.49,7.1,215.233,30.141,172.184,0.248,1863,Hällefors,S,12.35,0,4,0,81.68229167,6,NA,3.5,0.531986883,0.342954297,0,0.00932,0.00058,0,0,0,0,0,0,0.00036,0.00031,0.024,0,0.00115,0.00242,0.0127,0.00252,0.75114,0.05342,0,0,0.04721,0,0,0,0,0.00031,0.0111,0,0,0,0.08344,0,0,0,1,G48-12,0.284912,Ulr3
G95-11,M,S,Ulriksberg 4,Ulriksberg_1112,6631674,1447524,2011,2012,illegal,NA,0,NA,0.31,1.39,0.49,7.1,215.233,30.141,172.184,0.248,1863,Hällefors,S,12.35,0,4,0,81.68229167,6,NA,3.5,0.531986883,0.342954297,0,0.00932,0.00058,0,0,0,0,0,0,0.00036,0.00031,0.024,0,0.00115,0.00242,0.0127,0.00252,0.75114,0.05342,0,0,0.04721,0,0,0,0,0.00031,0.0111,0,0,0,0.08344,0,0,0,1,G95-11,0.29980499999999999,Trå
G50-11,M,S,Vassbo,Vassbo_1112,6871245,1316938,2011,2012,legal,NA,0,NA,0.17,0.5,0.01,2.59,683.524,25.495,166.185,0.168,2039,Älvdalen,S,0.821,0,2,1,83.1127451,6,NA,2075.1,0.337253199,0.13490128,0,0.00032,0.00028,0,0,0,0,0.00079,0,0,0.00129,0.00028,0,0,0,0.00898,0.01963,0.62457,0.01733,0,0.03855,0.06588,0,0.00051,0.00375,0,0.00096,0.18347,0,0,0,0.03341,0,0,0,1,G50-11,0.261963,Ful1
G51-11,F,S,Vassbo,Vassbo_1112,6871245,1316938,2011,2012,legal,NA,0,NA,0.17,0.5,0.01,2.59,683.524,25.495,166.185,0.168,2039,Älvdalen,S,0.821,0,2,1,83.1127451,6,NA,2075.1,0.337253199,0.13490128,0,0.00032,0.00028,0,0,0,0,0.00079,0,0,0.00129,0.00028,0,0,0,0.00898,0.01963,0.62457,0.01733,0,0.03855,0.06588,0,0.00051,0.00375,0,0.00096,0.18347,0,0,0,0.03341,0,0,0,1,G51-11,0.35199000000000003,Snd2
G23-11,F,S,Villingsberg 1,Villingsberg_1112,6577558,1440190,2011,2012,NA,NA,0,NA,0.53,1.34,1.56,11.23,156.964,34.487,177.586,0.198,1883,Karlskoga,S,44.12,0,3,0,76.61111111,6,NA,3.5,0.28180219,0.177300623,0,0.02187,0.00723,0,0,0.00063,0.00028,0.00025,0,0.00411,0.00299,0.12604,0,0.00297,0.00274,0.01461,0.01152,0.59868,0.0929,0,0,0.02134,0,0,0,0.00028,0.00512,0.02996,0,0,0.00145,0.05505,0,0,0,1,G23-11,0.26202399999999998,Lok2
G68-11,M,S,Villingsberg 1,Villingsberg_1112,6577558,1440190,2011,2012,NA,NA,0,NA,0.53,1.34,1.56,11.23,156.964,34.487,177.586,0.198,1883,Karlskoga,S,44.12,0,3,0,76.61111111,6,NA,3.5,0.28180219,0.177300623,0,0.02187,0.00723,0,0,0.00063,0.00028,0.00025,0,0.00411,0.00299,0.12604,0,0.00297,0.00274,0.01461,0.01152,0.59868,0.0929,0,0,0.02134,0,0,0,0.00028,0.00512,0.02996,0,0,0.00145,0.05505,0,0,0,1,G68-11,0.29736299999999999,Jang5
G21-05,M,S,Våmhus 2,Våmådalen_1112,6788769,1426093,2011,2012,NA,NA,0,NA,0.29,1.17,0.86,5.44,352.607,26.963,174.271,0.257,2062,Mora,S,4.033,0,2,0,81.24193548,6,NA,2.3,0.442179906,0.444829185,0,0.01141,0,0,0,0.00115,0,0,0,0.00028,0.00186,0.0108,0,0.00476,0.01392,0.00083,0,0.74222,0.03516,0,0,0.09393,0,0,0,0.00038,0,0.02364,0,0,0.0028,0.05687,0,0,0,1,G21-05,0.23877000000000001,Hlg1
G29-07,F,S,Våmhus 2,Våmådalen_1112,6788769,1426093,2011,2012,illegal,NA,0,NA,0.29,1.17,0.86,5.44,352.607,26.963,174.271,0.257,2062,Mora,S,4.033,0,2,0,81.24193548,6,NA,2.3,0.442179906,0.444829185,0,0.01141,0,0,0,0.00115,0,0,0,0.00028,0.00186,0.0108,0,0.00476,0.01392,0.00083,0,0.74222,0.03516,0,0,0.09393,0,0,0,0.00038,0,0.02364,0,0,0.0028,0.05687,0,0,0,1,G29-07,0.1875,Fur
G15-11,F,S,Värnas,Värnäs_1112,6708055,1359398,2011,2012,NA,NA,0,NA,0.26,0.8,0.13,3.68,336.341,24.092,177.65,0.234,1737,Torsby,S,4.067,0,4,0,81.21621622,6,NA,3.6,0.502933552,0.606757388,0,0.00195,0,0,0,0,0,0,0,0,0,0.0087,0,0,0.00709,0.00132,0.00111,0.76803,0.0225,0,0,0.03843,0,0,0,0,0.00099,0.12909,0,0,0.00608,0.0147,0,0,0,1,G15-11,0.27490199999999998,Äpp
G33-11,M,S,Värnas,Värnäs_1112,6708055,1359398,2011,2012,NA,NA,0,NA,0.26,0.8,0.13,3.68,336.341,24.092,177.65,0.234,1737,Torsby,S,4.067,0,4,0,81.21621622,6,NA,3.6,0.502933552,0.606757388,0,0.00195,0,0,0,0,0,0,0,0,0,0.0087,0,0,0.00709,0.00132,0.00111,0.76803,0.0225,0,0,0.03843,0,0,0,0,0.00099,0.12909,0,0,0.00608,0.0147,0,0,0,1,G33-11,0.30590800000000001,Ack
G19-12,M,N,Åsta-Löten 2,Åsta-Løten_1112,6779457,1252803,2011,2012,legal,NA,0,NA,0.18,1.04,1.11,8.65,524.867,19.115,162.342,0.188,403,Hamar,N,24.65,1,0,0,87.16666667,6,NA,7623,0.254931023,0.170889181,0,0.00162,0.00105,0,0,0,0,0,0,0,0.00864,0.01144,0,0.0018,0.00097,0.01973,0.00328,0.5296,0.00084,0,0.01329,0.12132,0,0,0.00643,0,0,0.26845,0,0,0.00726,0.00428,0,0,0,1,G19-12,0.27050800000000003,Amä1
G83-11,F,N,Åsta-Löten 2,Åsta-Løten_1112,6779457,1252803,2011,2012,legal,NA,0,NA,0.18,1.04,1.11,8.65,524.867,19.115,162.342,0.188,403,Hamar,N,24.65,1,0,0,87.16666667,6,NA,7623,0.254931023,0.170889181,0,0.00162,0.00105,0,0,0,0,0,0,0,0.00864,0.01144,0,0.0018,0.00097,0.01973,0.00328,0.5296,0.00084,0,0.01329,0.12132,0,0,0.00643,0,0,0.26845,0,0,0.00726,0.00428,0,0,0,1,G83-11,0.27917500000000001,Gös
G32-07,F,S,Äppelbo 1,Äppelbo_1112,6708251,1394407,2011,2012,illegal,NA,0,NA,0.26,0.93,0.29,3.91,351.191,28.833,166.043,0.25,2023,Malung,S,4.533,0,3,0,80.75,6,NA,2.3,0.410165085,0.465348446,0,0.00141,0.00037,0,0,0,0,0,0,0,7.00E-05,0.00647,0,0.00262,0.00353,0.0043,0.003,0.64121,0.05024,0,0,0.09681,0,0,0,0,3.00E-04,0.12451,0,0,0.00681,0.05834,0,0,0,1,G32-07,0.227051,Sil1
G39-07,M,S,Äppelbo 1,Äppelbo_1112,6708251,1394407,2011,2012,illegal,NA,0,NA,0.26,0.93,0.29,3.91,351.191,28.833,166.043,0.25,2023,Malung,S,4.533,0,3,0,80.75,6,NA,2.3,0.410165085,0.465348446,0,0.00141,0.00037,0,0,0,0,0,0,0,7.00E-05,0.00647,0,0.00262,0.00353,0.0043,0.003,0.64121,0.05024,0,0,0.09681,0,0,0,0,3.00E-04,0.12451,0,0,0.00681,0.05834,0,0,0,1,G39-07,0.23877000000000001,Hlg1
G45-12,M,S,Aamäck 2,Aamäkk_1213,6675943,1399203,2012,2013,illegal,NA,0,NA,0.23,0.95,0,5.62,322.44,33.524,176.316,0.318,1782,Filipstad,S,7.48,0,3,0,74.48333333,6,2.7,3.2,0.55701372,0.528947083,0,0,0,0,0,0,0,0,0,0,0,0.00067,0,0,0,0.00091,0.00158,0.64511,0.02605,0,0,0.18173,0,0,0,0,0.00232,0.04869,0,0,0.00022,0.09273,0,0,0,1,G45-12,0.15216099999999999,Sku
M-13-10/G44-12,F,S,Aamäck 2,Aamäkk_1213,6675943,1399203,2012,2013,NA,NA,1,NA,0.23,0.95,0,5.62,322.44,33.524,176.316,0.318,1782,Filipstad,S,7.48,0,3,0,74.48333333,6,2.7,3.2,0.55701372,0.528947083,0,0,0,0,0,0,0,0,0,0,0,0.00067,0,0,0,0.00091,0.00158,0.64511,0.02605,0,0,0.18173,0,0,0,0,0.00232,0.04869,0,0,0.00022,0.09273,0,0,0,1,G44-12,0.29931600000000003,Klot
G10-06,F,S,Acksjön,Acksjön_1213,6688162,1380151,2012,2013,NA,NA,0,NA,0.25,0.95,0.19,5.27,314.6,32.697,178.875,0.338,1783,Hagfors,S,4.62,0,3,0,77.95833333,6,2.8,3.4,0.617295411,0.603124811,0,0.00135,0.00026,0,0,0,0,0,0,0,0,0.01327,0,0,0.00174,0.00247,0.00252,0.70594,0.01966,0,0,0.10888,0,0,0,0,0.00121,0.0628,0,0,0.0058,0.07412,0,0,0,1,G10-06,0.23877000000000001,Hlg1
M-09-17,M,S,Acksjön,Acksjön_1213,6688162,1380151,2012,2013,NA,NA,1,NA,0.25,0.95,0.19,5.27,314.6,32.697,178.875,0.338,1783,Hagfors,S,4.62,0,3,0,77.95833333,6,2.8,3.4,0.617295411,0.603124811,0,0.00135,0.00026,0,0,0,0,0,0,0,0,0.01327,0,0,0.00174,0.00247,0.00252,0.70594,0.01966,0,0,0.10888,0,0,0,0,0.00121,0.0628,0,0,0.0058,0.07412,0,0,0,1,M-09-17,0.1875,Fur
G111-10,M,N,Aurskog 3,Aurskog_1213,6650569,1265403,2012,2013,Illegal,NA,0,NA,0.51,1.43,1.14,7.36,243.159,31.465,179.596,0.314,221,Aurskog-Høland,N,29.714,1,2,0,72.02203526,6,351.8,2025.9,0.465106694,0.293067489,0,0.0063,0,0,0,0,0,0,0,0,0.00092,0.10839,0,0,0,0.01113,0.00056,0.71242,0.00094,0,0,0.05353,0,0,0,0,0,0.0557,0,0,0,0.05009,0,0,0,1,G111-10,0.25695800000000002,DE5
G131-11,F,N,Aurskog 3,Aurskog_1213,6650569,1265403,2012,2013,Illegal,NA,0,NA,0.51,1.43,1.14,7.36,243.159,31.465,179.596,0.314,221,Aurskog-Høland,N,29.714,1,2,0,72.02203526,6,351.8,2025.9,0.465106694,0.293067489,0,0.0063,0,0,0,0,0,0,0,0,0.00092,0.10839,0,0,0,0.01113,0.00056,0.71242,0.00094,0,0,0.05353,0,0,0,0,0,0.0557,0,0,0,0.05009,0,0,0,1,G131-11,0.254608,Aur1
G50-12,M,S,Björnås 1,Björnås_1213,6766922,1503305,2012,2013,legal,NA,0,NA,0.15,1.05,0.08,5.26,325.468,24.136,178.395,0.172,2080,Falun,S,11.8,0,2,0,79.71717172,6,2.7,2.4,0.629600128,0.423339911,0,0.00042,0,0,0,0,0,0,0,0,0,0.00069,0,0.00053,8.00E-04,0,0.00299,0.70959,0.04984,0,0,0.11454,0,0,0,0,0.00135,0.04274,0,0,0,0.07652,0,0,0,1,G50-12,0.41430699999999998,Sjö
G88-11,F,S,Björnås 1,Björnås_1213,6766922,1503305,2012,2013,illegal,NA,0,NA,0.15,1.05,0.08,5.26,325.468,24.136,178.395,0.172,2080,Falun,S,11.8,0,2,0,79.71717172,6,2.7,2.4,0.629600128,0.423339911,0,0.00042,0,0,0,0,0,0,0,0,0,0.00069,0,0.00053,8.00E-04,0,0.00299,0.70959,0.04984,0,0,0.11454,0,0,0,0,0.00135,0.04274,0,0,0,0.07652,0,0,0,1,G88-11,0.22680700000000001,Kors1
G28-09,M,S,Brattfors 1,Brattfors_1213,6623425,1390694,2012,2013,NA,NA,0,NA,0.31,1.18,0.39,8.04,200.462,36.321,175.261,0.346,1782,Filipstad,S,26.067,0,5,0,66.97828283,6,3.5,4,0.632020132,0.511401866,0,0.00702,0.00166,0,0,0,0.00044,0,0,0,0.00115,0.04945,0,0.00075,0.00328,0.00745,0.00363,0.71586,0.03974,0,0,0.06475,0,0,0,0,7.00E-04,0.02966,0,0,0,0.07446,0,0,0,1,G28-09,0.31445299999999998,Jang3
G9-09,F,S,Brattfors 1,Brattfors_1213,6623425,1390694,2012,2013,NA,NA,0,NA,0.31,1.18,0.39,8.04,200.462,36.321,175.261,0.346,1782,Filipstad,S,26.067,0,5,0,66.97828283,6,3.5,4,0.632020132,0.511401866,0,0.00702,0.00166,0,0,0,0.00044,0,0,0,0.00115,0.04945,0,0.00075,0.00328,0.00745,0.00363,0.71586,0.03974,0,0,0.06475,0,0,0,0,7.00E-04,0.02966,0,0,0,0.07446,0,0,0,1,G9-09,0.26757799999999998,Grä1
G1-08,F,S,Dals Ed 6,Dals Ed-Eidsberg_1213,6551470,1264094,2012,2013,censor,NA,0,NA,0.41,1.22,0.11,6.71,161.9,36.229,178.932,0.403,1438,Dals-Ed,S,19.307,1,0,0,63.38737374,6,66.2,616.3,0.377295993,0.473480298,0,0.00193,0,0,0,0,0.00026,0,0,0.00033,0,0.02426,0,0.00087,0.00161,0.01786,0.00651,0.73105,0.02882,0,0.00035,0.02977,0,6.00E-04,0,0,0,0.04108,0,0,0.00034,0.10468,0,0.00115,0.00851,1,G1-08,0.29003899999999999,DE4
G71-10,M,S,Dals Ed 6,Dals Ed-Eidsberg_1213,6551470,1264094,2012,2013,illegal,NA,0,NA,0.41,1.22,0.11,6.71,161.9,36.229,178.932,0.403,1438,Dals-Ed,S,19.307,1,0,0,63.38737374,6,66.2,616.3,0.377295993,0.473480298,0,0.00193,0,0,0,0,0.00026,0,0,0.00033,0,0.02426,0,0.00087,0.00161,0.01786,0.00651,0.73105,0.02882,0,0.00035,0.02977,0,6.00E-04,0,0,0,0.04108,0,0,0.00034,0.10468,0,0.00115,0.00851,1,G71-10,0.21484400000000001,Ulr2
G12-10,F,S,Djurskog 3,Djurskog_1213,6622807,1280752,2012,2013,NA,NA,0,NA,0.29,1.23,0.43,6.06,222.271,32.82,177.298,0.359,1765,Årjäng,S,9.015,1,2,0,68.9450431,6,60.4,464.3,0.45917124,0.255121592,0,0.00259,6.00E-05,0,0,0,0,0,0.00023,0,0,0.03687,0,0.00261,0.01179,0.01893,0,0.79717,0.01166,0,0,0.01896,0,0,0,0,0.00027,0.04458,0,0,0,0.05429,0,0,0,1,G12-10,0,Gal
G22-12,M,S,Djurskog 3,Djurskog_1213,6622807,1280752,2012,2013,NA,NA,0,NA,0.29,1.23,0.43,6.06,222.271,32.82,177.298,0.359,1765,Årjäng,S,9.015,1,2,0,68.9450431,6,60.4,464.3,0.45917124,0.255121592,0,0.00259,6.00E-05,0,0,0,0,0,0.00023,0,0,0.03687,0,0.00261,0.01179,0.01893,0,0.79717,0.01166,0,0,0.01896,0,0,0,0,0.00027,0.04458,0,0,0,0.05429,0,0,0,1,G22-12,0.27612300000000001,Löv2
G30-12,F,S,Draggen 1,Draggen_1213,6764099,1445482,2012,2013,NA,NA,0,NA,0.27,1.02,1.34,6.91,235.182,23.707,182.413,0.085,2062,Mora,S,5.533,0,0,0,81.14197531,6,2.4,1.9,0.500682267,0.246019064,0,0.0264,0.00253,0,0,0.00083,0,0,0,0.00089,0.00289,0.02109,0,0.00458,0.00959,0.00814,0.0018,0.52806,0.05429,0,0,0.02922,0,0,0,0,0.00084,0.06495,0,0,0.00168,0.24223,0,0,0,1,G30-12,0.227051,Sil1
G81-10,M,S,Draggen 1,Draggen_1213,6764099,1445482,2012,2013,illegal,NA,0,NA,0.27,1.02,1.34,6.91,235.182,23.707,182.413,0.085,2062,Mora,S,5.533,0,0,0,81.14197531,6,2.4,1.9,0.500682267,0.246019064,0,0.0264,0.00253,0,0,0.00083,0,0,0,0.00089,0.00289,0.02109,0,0.00458,0.00959,0.00814,0.0018,0.52806,0.05429,0,0,0.02922,0,0,0,0,0.00084,0.06495,0,0,0.00168,0.24223,0,0,0,1,G81-10,0,Gal
G19-13,F,S,Forshaga 1,Forshaga_1213,6606695,1375921,2012,2013,NA,NA,0,NA,0.51,1.21,2.15,14.41,105.583,37.307,178.705,0.305,1780,Karlstad,S,46.467,0,3,0,57.77304293,6,3.7,4,0.390249253,0.21790007,0,0.0253,0.00075,0,0,0,0.00036,4.00E-04,0,0.00175,0.00391,0.17318,0,0.00435,0.00824,0.01251,0.0057,0.52947,0.05721,0,0,0.02645,0,0,0,0,0.00428,0.03205,0,0,0.00823,0.10584,0,0,0,1,G19-13,0.27783200000000002,Bratt
M-09-01,M,S,Forshaga 1,Forshaga_1213,6606695,1375921,2012,2013,NA,NA,1,NA,0.51,1.21,2.15,14.41,105.583,37.307,178.705,0.305,1780,Karlstad,S,46.467,0,3,0,57.77304293,6,3.7,4,0.390249253,0.21790007,0,0.0253,0.00075,0,0,0,0.00036,4.00E-04,0,0.00175,0.00391,0.17318,0,0.00435,0.00824,0.01251,0.0057,0.52947,0.05721,0,0,0.02645,0,0,0,0,0.00428,0.03205,0,0,0.00823,0.10584,0,0,0,1,M-09-01,0,Gal
G102-12,F,S,Fuan,Fuan_1213,6958411,1412824,2012,2013,legal,NA,0,NA,0.16,0.79,0.31,3.08,516.066,21.598,161.045,0.137,2326,Berg,S,1.05,0,0,1,91.37863933,6,3.3,2.5,0.250067843,0.100027137,0,0.00233,0,0,0,0,0,0,0,0,0,0.00625,0,0,0.00215,0.00255,0.01097,0.56316,0.07939,0,0.0051,0.11504,0.00045,0.00361,0,0,0,0.17787,0,0,0.00131,0.02981,0,0,0,1,G102-12,0.247803,Ten2
G110-12,M,S,Fuan,Fuan_1213,6958411,1412824,2012,2013,legal,NA,0,NA,0.16,0.79,0.31,3.08,516.066,21.598,161.045,0.137,2326,Berg,S,1.05,0,0,1,91.37863933,6,3.3,2.5,0.250067843,0.100027137,0,0.00233,0,0,0,0,0,0,0,0,0,0.00625,0,0,0.00215,0.00255,0.01097,0.56316,0.07939,0,0.0051,0.11504,0.00045,0.00361,0,0,0,0.17787,0,0,0.00131,0.02981,0,0,0,1,G110-12,0.247803,Ten2
G121-11,M,N,Fuggdalen,Fuggdalen_1213,6857863,1271209,2012,2013,legal,NA,0,NA,0.12,0.38,0.02,1.5,749.209,19.54,178.88,0.253,432,Rendalen,N,0.624,0,0,0,90.19774866,6,355.7,7141,0.250105545,0.261532659,0,0.00068,0,0,0,0,0,0,0,0,0.00358,0.00119,0,0,0.00075,0.00977,0.05898,0.45509,0.01018,0,0.01957,0.01684,0,0.02738,0.19286,0,0,0.18682,0,0,0,0.01632,0,0,0,1,G121-11,0.27783200000000002,Bratt
G10-11,F,N,Fuggdalen,Fuggdalen_1213,6857863,1271209,2012,2013,legal,NA,0,NA,0.12,0.38,0.02,1.5,749.209,19.54,178.88,0.253,432,Rendalen,N,0.624,0,0,0,90.19774866,6,355.7,7141,0.250105545,0.261532659,0,0.00068,0,0,0,0,0,0,0,0,0.00358,0.00119,0,0,0.00075,0.00977,0.05898,0.45509,0.01018,0,0.01957,0.01684,0,0.02738,0.19286,0,0,0.18682,0,0,0,0.01632,0,0,0,1,G10-11,0.29980499999999999,Trå
G51-12,M,S,Fulufjellet 2,Fulufjället_1213,6831675,1351129,2012,2013,NA,NA,0,NA,0.16,0.51,0.21,2.62,585.529,21.238,155.946,0.148,2039,Älvdalen,S,1.7,0,0,1,91.72222222,6,0.9,1.9,0.487805379,0.37181074,0,0.00383,0.00044,0,0,0,0,0,0,0,0,0,0,0,0.00064,0.00133,0.00589,0.60188,0.00864,0.00034,0.15177,0.06595,0,0.00696,0.00174,0,0.00135,0.1153,0,0,0,0.03393,0,0,0,1,G51-12,0.29736299999999999,Jang5
M-09-06,F,S,Fulufjellet 2,Fulufjället_1213,6831675,1351129,2012,2013,NA,NA,1,NA,0.16,0.51,0.21,2.62,585.529,21.238,155.946,0.148,2039,Älvdalen,S,1.7,0,0,1,91.72222222,6,0.9,1.9,0.487805379,0.37181074,0,0.00383,0.00044,0,0,0,0,0,0,0,0,0,0,0,0.00064,0.00133,0.00589,0.60188,0.00864,0.00034,0.15177,0.06595,0,0.00696,0.00174,0,0.00135,0.1153,0,0,0,0.03393,0,0,0,1,M-09-06,0.26757799999999998,Grä1
G48-11,M,S,Fänstjärn,Fänstjärn_1213,6699720,1368026,2012,2013,NA,NA,0,NA,0.24,0.86,0.06,4.6,337.393,28.707,179.328,0.275,1737,Torsby,S,3.967,0,4,0,78.42372312,6,2.9,3.6,0.692175566,0.663658212,0,0.00173,0,0,0,0,0,0,0,0,0,0.00978,0,0,0.00366,0.00201,0.0014,0.72808,0.03061,0,0,0.0468,0,0,0,0,0.00099,0.14494,0,0,0.00661,0.02337,0,0,0,1,G48-11,0,Kyn2
G58-10,F,S,Fänstjärn,Fänstjärn_1213,6699720,1368026,2012,2013,NA,NA,0,NA,0.24,0.86,0.06,4.6,337.393,28.707,179.328,0.275,1737,Torsby,S,3.967,0,4,0,78.42372312,6,2.9,3.6,0.692175566,0.663658212,0,0.00173,0,0,0,0,0,0,0,0,0,0.00978,0,0,0.00366,0.00201,0.0014,0.72808,0.03061,0,0,0.0468,0,0,0,0,0.00099,0.14494,0,0,0.00661,0.02337,0,0,0,1,G58-10,0.30590800000000001,Ack
M-10-07,M,S,Färna 1,Färna_1213,6624526,1509628,2012,2013,NA,NA,1,NA,0.33,1.22,1.05,9.46,99.064,39.972,174.121,0.227,1904,Skinnskatteberg,S,54.043,0,2,0,63.56770833,6,2.8,2.8,0.653710986,0.468919578,0,0.01079,0.00135,0,0,0,1.00E-05,0,0,0.00039,0.001,0.08301,0,0.00359,0.00889,0.01336,0.00463,0.61817,0.06238,0,0,0.07582,0,0,0,0.01576,0.00477,0.03607,0,0,0.00219,0.05783,0,0,0,1,M-10-07,0.42968800000000001,Jang4
M-10-08,F,S,Färna 1,Färna_1213,6624526,1509628,2012,2013,NA,NA,1,NA,0.33,1.22,1.05,9.46,99.064,39.972,174.121,0.227,1904,Skinnskatteberg,S,54.043,0,2,0,63.56770833,6,2.8,2.8,0.653710986,0.468919578,0,0.01079,0.00135,0,0,0,1.00E-05,0,0,0.00039,0.001,0.08301,0,0.00359,0.00889,0.01336,0.00463,0.61817,0.06238,0,0,0.07582,0,0,0,0.01576,0.00477,0.03607,0,0,0.00219,0.05783,0,0,0,1,M-10-08,0.26708999999999999,Lok1
G27-12,M,S,Glaskogen 3,Glaskogen_1213,6594276,1302120,2012,2013,NA,NA,0,NA,0.24,1.07,0.42,6.98,199.616,36.888,179.243,0.392,1765,Årjäng,S,11.475,0,1,0,67.96701389,6,4.4,4,0.461124525,0.446573587,0,0.00391,0.00047,0,0,0,0,0,0,0,0.00075,0.01965,0,0.00136,0.00326,0.01312,0.00207,0.73365,0.04059,0,0,0.0386,0,0,0,0,0,0.00938,0,0,0,0.13319,0,0,0,1,G27-12,0.261963,Ful1
G56-11,F,S,Glaskogen 3,Glaskogen_1213,6594276,1302120,2012,2013,NA,NA,0,NA,0.24,1.07,0.42,6.98,199.616,36.888,179.243,0.392,1765,Årjäng,S,11.475,0,1,0,67.96701389,6,4.4,4,0.461124525,0.446573587,0,0.00391,0.00047,0,0,0,0,0,0,0,0.00075,0.01965,0,0.00136,0.00326,0.01312,0.00207,0.73365,0.04059,0,0,0.0386,0,0,0,0,0,0.00938,0,0,0,0.13319,0,0,0,1,G56-11,0.29718,Gla2
G11-11,M,S,Gräsmark 4,Gräsmark_1213,6684153,1316073,2012,2013,NA,NA,0,NA,0.39,1.81,0.05,5.64,319.89,32.743,173.039,0.396,402,Kongsvinger,N,10.218,1,4,0,79.244375,6,246.7,4100.6,0.636186269,0.408285511,0,0.00139,0,0,0,0,0,0,0,0,0,0.00155,0,0,0.00426,0.00495,0.00192,0.80249,0.01558,0,0,0.07612,0,0,0,0,0,0.03893,0,0,0,0.05281,0,0,0,1,G11-11,0.261963,Ful1
M-06-10,F,S,Gräsmark 4,Gräsmark_1213,6684153,1316073,2012,2013,NA,NA,1,NA,0.39,1.81,0.05,5.64,319.89,32.743,173.039,0.396,402,Kongsvinger,N,10.218,1,4,0,79.244375,6,246.7,4100.6,0.636186269,0.408285511,0,0.00139,0,0,0,0,0,0,0,0,0,0.00155,0,0,0.00426,0.00495,0.00192,0.80249,0.01558,0,0,0.07612,0,0,0,0,0,0.03893,0,0,0,0.05281,0,0,0,1,M-06-10,0.296875,Grå
G47-13,M,S,Gåsborn 2,Gåsborn_1213,6647099,1426042,2012,2013,illegal,NA,0,NA,0.29,1.17,0.4,6.81,268.517,33.879,171.418,0.338,1863,Hällefors,S,9.85,0,5,0,69.90625,6,2.9,3.3,0.559097896,0.478886012,0,0.00577,0.00114,0,0,0,0,0,0,0,0.00051,0.00022,0,0.00031,0.00092,0.0024,0.00122,0.73981,0.04003,0,0,0.08142,0,0,0,0,0.00025,0.03667,0,0,0.00049,0.08885,0,0,0,1,G47-13,0.25567600000000001,Skul
G49-12,F,S,Gåsborn 2,Gåsborn_1213,6647099,1426042,2012,2013,NA,NA,0,NA,0.29,1.17,0.4,6.81,268.517,33.879,171.418,0.338,1863,Hällefors,S,9.85,0,5,0,69.90625,6,2.9,3.3,0.559097896,0.478886012,0,0.00577,0.00114,0,0,0,0,0,0,0,0.00051,0.00022,0,0.00031,0.00092,0.0024,0.00122,0.73981,0.04003,0,0,0.08142,0,0,0,0,0.00025,0.03667,0,0,0.00049,0.08885,0,0,0,1,G49-12,0.12667800000000001,Gås
G77-11,F,S,Göra 1,Göra_1213,6795441,1351825,2012,2013,illegal,NA,0,NA,0.25,0.7,1.57,5.7,560.175,17.685,174.636,0.176,2023,Malung,S,1.88,1,0,0,85.79166667,6,89.4,780.1,0.503401141,0.316191552,0,0.00143,0,0,0,0,0,0,0,0,0.01487,0.00156,0,0,4.00E-04,0.00037,0.00531,0.61642,0.03035,0,0.10242,0.10202,0,0.00059,0.00949,0,0.00238,0.09397,0,0,0.00246,0.01597,0,0,0,1,G77-11,0.261963,Ful1
M-12-02-G114-11,M,S,Göra 1,Göra_1213,6795441,1351825,2012,2013,illegal,1,1,NA,0.25,0.7,1.57,5.7,560.175,17.685,174.636,0.176,2023,Malung,S,1.88,1,0,0,85.79166667,6,89.4,780.1,0.503401141,0.316191552,0,0.00143,0,0,0,0,0,0,0,0,0.01487,0.00156,0,0,4.00E-04,0.00037,0.00531,0.61642,0.03035,0,0.10242,0.10202,0,0.00059,0.00949,0,0.00238,0.09397,0,0,0.00246,0.01597,0,0,0,1,G114-11,0.35199000000000003,Snd2
G13-10,M,S,Haersjo 1,Hærsjø_1213,6665496,1311657,2012,2013,NA,NA,0,NA,0.47,1.73,0.27,6.11,269.519,33.683,176.46,0.381,402,Kongsvinger,N,10.938,1,2,0,77.98958333,6,217.6,3800.9,0.591819267,0.335720295,0,0.00117,0.00017,0,0,0,0,0,9.00E-04,0,0,0.01442,0,0.00067,0.00493,0.02442,0,0.78782,0.00803,0,0,0.06268,0,0,0,0,0,0.03839,0,0,0.00031,0.05609,0,0,0,1,G13-10,0.27490199999999998,Äpp
G88-13,F,S,Haersjö 1,Hærsjø_1213,6665496,1311657,2012,2013,NA,NA,0,NA,0.47,1.73,0.27,6.11,269.519,33.683,176.46,0.381,402,Kongsvinger,N,10.938,1,2,0,77.98958333,6,217.6,3800.9,0.591819267,0.335720295,0,0.00117,0.00017,0,0,0,0,0,9.00E-04,0,0,0.01442,0,0.00067,0.00493,0.02442,0,0.78782,0.00803,0,0,0.06268,0,0,0,0,0,0.03839,0,0,0.00031,0.05609,0,0,0,1,G88-13,0.15216099999999999,Sku
G34-12,M,S,Hedbyn 3,Hedbyn_1213,6620304,1487082,2012,2013,NA,NA,0,NA,0.36,1.14,0.35,7.57,122.467,38.576,173.058,0.24,1904,Skinnskatteberg,S,21.433,0,3,0,62.34895833,6,2.9,3,0.631868717,0.577384489,0,0.00466,0.00068,0,0,0,0.00052,0,0,0.00044,0.00028,0.06298,0,0.00113,0.01208,0.01527,0.00162,0.67029,0.03858,0,0,0.08334,0,0,0,0.00054,0.00243,0.03628,0,0,0,0.0689,0,0,0,1,G34-12,0.35199000000000003,Snd2
M-10-06,F,S,Hedbyn 3,Hedbyn_1213,6620304,1487082,2012,2013,NA,NA,1,NA,0.36,1.14,0.35,7.57,122.467,38.576,173.058,0.24,1904,Skinnskatteberg,S,21.433,0,3,0,62.34895833,6,2.9,3,0.631868717,0.577384489,0,0.00466,0.00068,0,0,0,0.00052,0,0,0.00044,0.00028,0.06298,0,0.00113,0.01208,0.01527,0.00162,0.67029,0.03858,0,0,0.08334,0,0,0,0.00054,0.00243,0.03628,0,0,0,0.0689,0,0,0,1,M-10-06,0.29931600000000003,Klot
G1-10,F,S,Homna 2,Homna_1213,6756625,1481199,2012,2013,illegal,NA,0,NA,0.29,0.93,0.23,5.67,290.091,23.002,176.026,0.169,2031,Rättvik,S,15.2,0,1,0,79.296875,6,2.4,1.9,0.568053504,0.384278778,0,0.00363,0.00053,0,0,0,6.00E-04,0,0,0.00016,0,0.01345,0,0.00303,0.00473,0.00279,0.00253,0.78125,0.05115,0,0,0.05864,0,0,0,0,0,0.01764,0,0,0,0.05989,0,0,0,1,G1-10,0.41039999999999999,Lång3
G37-10,M,S,Homna 2,Homna_1213,6756625,1481199,2012,2013,NA,NA,0,NA,0.29,0.93,0.23,5.67,290.091,23.002,176.026,0.169,2031,Rättvik,S,15.2,0,1,0,79.296875,6,2.4,1.9,0.568053504,0.384278778,0,0.00363,0.00053,0,0,0,6.00E-04,0,0,0.00016,0,0.01345,0,0.00303,0.00473,0.00279,0.00253,0.78125,0.05115,0,0,0.05864,0,0,0,0,0,0.01764,0,0,0,0.05989,0,0,0,1,G37-10,0,Gal
G6-12,M,S,Jangen 6,Jangen_1213,6654462,1363165,2012,2013,NA,NA,0,NA,0.33,1.22,0.61,7.6,199.366,37.459,176.174,0.428,1783,Hagfors,S,11.325,0,2,0,67.46130952,6,3.6,4,0.431512153,0.434774739,0,0.00454,0,0,0,0.00119,0,0,0,0,0.00076,0.07603,0,0.00486,0.00604,0.0182,0.00335,0.7094,0.02596,0,0,0.04439,0,0,0,0,0.00063,0.01241,0,0,0.00794,0.0843,0,0,0,1,G6-12,0,Kyn2
M-06-05,F,S,Jangen 6,Jangen_1213,6654462,1363165,2012,2013,NA,NA,1,NA,0.33,1.22,0.61,7.6,199.366,37.459,176.174,0.428,1783,Hagfors,S,11.325,0,2,0,67.46130952,6,3.6,4,0.431512153,0.434774739,0,0.00454,0,0,0,0.00119,0,0,0,0,0.00076,0.07603,0,0.00486,0.00604,0.0182,0.00335,0.7094,0.02596,0,0,0.04439,0,0,0,0,0.00063,0.01241,0,0,0.00794,0.0843,0,0,0,1,M-06-05,0.26953100000000002,Ny5
M14-09/G16-12,F,N,Julussa 9,Julussa_1213,6814941,1261475,2012,2013,NA,NA,1,NA,0.12,1.11,0.01,3.95,566.998,19.976,161.136,0.3,429,Åmot,N,1.696,1,2,0,90.01436237,6,591,7141,0.495167725,0.28608594,0,0,0,0,0,0,5.00E-04,0,0,0,0.00036,0.00841,0,0,0,0.00328,0.01191,0.65295,0.01021,0,0.02495,0.11577,0,0,0.00849,0,0,0.1323,0,0,0.00675,0.02412,0,0,0,1,G16-12,0,Kyn2
M14-10/G95-10,M,N,Julussa 9,Julussa_1213,6814941,1261475,2012,2013,NA,NA,1,NA,0.12,1.11,0.01,3.95,566.998,19.976,161.136,0.3,429,Åmot,N,1.696,1,2,0,90.01436237,6,591,7141,0.495167725,0.28608594,0,0,0,0,0,0,5.00E-04,0,0,0,0.00036,0.00841,0,0,0,0.00328,0.01191,0.65295,0.01021,0,0.02495,0.11577,0,0,0.00849,0,0,0.1323,0,0,0.00675,0.02412,0,0,0,1,G95-10,0.284912,Ulr3
M-11-13/G29-10,M,S,Juvberget 2,Juvberget_1213,6748301,1321948,2012,2013,NA,NA,1,NA,0.26,1.13,0,5.2,389.671,18.926,171.7,0.197,1737,Torsby,S,5.22,1,3,0,80.9375,6,88.8,1459.9,0.639311509,0.542223285,0,0.00083,0,0,0,0,0,0,0,0,0.00061,0,0,0.00048,0.00079,0.00166,0.00212,0.65554,0.07889,0,0,0.12689,0,0,0,0,0,0.09559,0,0,0.00399,0.03263,0,0,0,1,G29-10,0.31103500000000001,Has3
M-05-10,F,S,Juvberget 2,Juvberget_1213,6748301,1321948,2012,2013,illegal,NA,1,NA,0.26,1.13,0,5.2,389.671,18.926,171.7,0.197,1737,Torsby,S,5.22,1,3,0,80.9375,6,88.8,1459.9,0.639311509,0.542223285,0,0.00083,0,0,0,0,0,0,0,0,0.00061,0,0,0.00048,0.00079,0.00166,0.00212,0.65554,0.07889,0,0,0.12689,0,0,0,0,0,0.09559,0,0,0.00399,0.03263,0,0,0,1,M-05-10,0.21875,Tyn
G27-11,M,S,Kindla,Kindla_1213,6634523,1446393,2012,2013,NA,NA,0,NA,0.3,1.36,0.46,6.89,224.862,30.257,172.785,0.254,1863,Hällefors,S,12.175,0,4,0,66.55555556,6,2.9,3.3,0.613833689,0.472329969,0,0.00729,0.00028,0,0,0,0,0,0,0,0.00031,0.0125,0,0.00057,0.00124,0.00854,0.00204,0.77456,0.0463,0,0,0.05083,0,0,0,0,0.00031,0.01111,0,0,0,0.08412,0,0,0,1,G27-11,0.227051,Sil1
G60-13,F,S,Kindla,Kindla_1213,6634523,1446393,2012,2013,NA,NA,0,NA,0.3,1.36,0.46,6.89,224.862,30.257,172.785,0.254,1863,Hällefors,S,12.175,0,4,0,66.55555556,6,2.9,3.3,0.613833689,0.472329969,0,0.00729,0.00028,0,0,0,0,0,0,0,0.00031,0.0125,0,0.00057,0.00124,0.00854,0.00204,0.77456,0.0463,0,0,0.05083,0,0,0,0,0.00031,0.01111,0,0,0,0.08412,0,0,0,1,G60-13,0.30590800000000001,Ack
G100-12,M,S,Klaxåsen 1,Klaxåsen_1213,6912203,1426968,2012,2013,legal,NA,0,NA,0.1,0.76,0.15,2.7,526.435,22.723,166.596,0.156,2326,Berg,S,1.05,0,0,1,94.17708333,6,2.2,2.5,0.250092667,0.116506734,0,0.00041,0,0,0,0,0,0,0,0,0,0.00128,0,0.00059,0.00032,0.00204,0.00399,0.6369,0.05437,0,0.00195,0.09544,0,0,0,0,0,0.19935,0,0,0,0.00335,0,0,0,1,G100-12,0.13885500000000001,Ria
G114-12,F,S,Klaxåsen 1,Klaxåsen_1213,6912203,1426968,2012,2013,legal,NA,0,NA,0.1,0.76,0.15,2.7,526.435,22.723,166.596,0.156,2326,Berg,S,1.05,0,0,1,94.17708333,6,2.2,2.5,0.250092667,0.116506734,0,0.00041,0,0,0,0,0,0,0,0,0,0.00128,0,0.00059,0.00032,0.00204,0.00399,0.6369,0.05437,0,0.00195,0.09544,0,0,0,0,0,0.19935,0,0,0,0.00335,0,0,0,1,G114-12,0.247803,Ten2
M-05-07,F,S,Kloten,Kloten_1213,6648231,1464433,2012,2013,NA,NA,1,NA,0.35,1.36,1.14,8.73,258.26,30.289,174.826,0.244,1864,Ljusnarsberg,S,12,0,2,0,70.96098674,6,3,2.7,0.434640938,0.462193698,0,0.01141,0.00093,0,0,5.00E-04,0.00065,0,0,0,0.00093,0.01121,0,0.00029,0.00247,0.01136,0.00193,0.76996,0.02163,0,0,0.07297,0,0,0,0,0.00028,0.00863,0,0,0,0.08486,0,0,0,1,M-05-07,0.30224600000000001,Utt
M-09-18,M,S,Kloten,Kloten_1213,6648231,1464433,2012,2013,NA,NA,1,NA,0.35,1.36,1.14,8.73,258.26,30.289,174.826,0.244,1864,Ljusnarsberg,S,12,0,2,0,70.96098674,6,3,2.7,0.434640938,0.462193698,0,0.01141,0.00093,0,0,5.00E-04,0.00065,0,0,0,0.00093,0.01121,0,0.00029,0.00247,0.01136,0.00193,0.76996,0.02163,0,0,0.07297,0,0,0,0,0.00028,0.00863,0,0,0,0.08486,0,0,0,1,M-09-18,0.29980499999999999,Krp2
G32-12,M,S,Kläggen,Kläggen_1213,6700125,1332991,2012,2013,NA,NA,0,NA,0.27,1.29,0.09,3.49,324.383,25.376,176.3,0.289,1737,Torsby,S,4.439,1,6,0,79.29166667,6,33.6,903.3,0.590453333,0.530102083,0,0.00146,0,0,0,0,0,0,0,0,0.00056,0.0061,0,0,0.00488,0.00464,0.00045,0.81172,0.02673,0,0,0.07328,0,0,0,0,0.00027,0.02554,0,0,0,0.04437,0,0,0,1,G32-12,0.30590800000000001,Ack
G85-11,F,S,Kläggen,Kläggen_1213,6700125,1332991,2012,2013,NA,NA,0,NA,0.27,1.29,0.09,3.49,324.383,25.376,176.3,0.289,1737,Torsby,S,4.439,1,6,0,79.29166667,6,33.6,903.3,0.590453333,0.530102083,0,0.00146,0,0,0,0,0,0,0,0,0.00056,0.0061,0,0,0.00488,0.00464,0.00045,0.81172,0.02673,0,0,0.07328,0,0,0,0,0.00027,0.02554,0,0,0,0.04437,0,0,0,1,G85-11,0.27050800000000003,Amä1
G96-12,M,S,Korsån 3,Korsån_1213,6730139,1521197,2012,2013,NA,NA,0,NA,0.2,1.39,0.59,7.4,223.878,28.856,169.301,0.183,2080,Falun,S,20.833,0,0,0,75.41982323,6,2.8,2.3,0.438021044,0.439791355,0,0.00833,0.00143,0,0,0,0,0,0,0.00026,0.00029,0.01973,0,0,0,0.00235,0.00105,0.74878,0.01641,0,0,0.12095,0,0,0,0,0.00033,0.01174,0,0,0,0.06833,0,0,0,1,G96-12,0,Kyn2
M-05-11,F,S,Korsån 3,Korsån_1213,6730139,1521197,2012,2013,NA,NA,1,NA,0.2,1.39,0.59,7.4,223.878,28.856,169.301,0.183,2080,Falun,S,20.833,0,0,0,75.41982323,6,2.8,2.3,0.438021044,0.439791355,0,0.00833,0.00143,0,0,0,0,0,0,0.00026,0.00029,0.01973,0,0,0,0.00235,0.00105,0.74878,0.01641,0,0,0.12095,0,0,0,0,0.00033,0.01174,0,0,0,0.06833,0,0,0,1,M-05-11,0.21972700000000001,Amu1
G2-13,F,S,Kroppefjäll 5,Kroppefjäll_1213,6512103,1291219,2012,2013,illegal,NA,0,NA,0.52,1.26,0.73,9.46,126.856,40.245,175.22,0.295,1461,Mellerud,S,22.54,0,0,0,46.11223345,6,3.3,3.4,0.250129681,0.386659601,0,0.00996,0.00043,0,0,0,3.00E-04,0,0,0,0.00061,0.28201,0,0.00199,0.0029,0.03834,0.03785,0.46498,0.06325,0,0,0.02501,0,0,0,0,0.00216,0.03026,0,0,0,0.03994,0,0,0,1,G2-13,0.27917500000000001,Gös
G7-13,M,S,Kroppefjäll 5,Kroppefjäll_1213,6512103,1291219,2012,2013,NA,NA,0,NA,0.52,1.26,0.73,9.46,126.856,40.245,175.22,0.295,1461,Mellerud,S,22.54,0,0,0,46.11223345,6,3.3,3.4,0.250129681,0.386659601,0,0.00996,0.00043,0,0,0,3.00E-04,0,0,0,0.00061,0.28201,0,0.00199,0.0029,0.03834,0.03785,0.46498,0.06325,0,0,0.02501,0,0,0,0,0.00216,0.03026,0,0,0,0.03994,0,0,0,1,G7-13,0.27356000000000003,Rot2
G15-13,F,S,Kukkumäki 1,Kukumäki_1213,6822745,1474231,2012,2013,NA,NA,0,NA,0.16,1.11,0,3.96,306.864,23.841,175.024,0.179,2121,Ovanåker,S,4.75,0,1,0,81.14516129,6,1.3,2.8,0.400360159,0.345077323,0,0.00028,0,0,0,0,0,0,0,0,0,0.00028,0,0,0.00028,0.00017,0,0.66857,0.01232,0,0,0.19897,0,0,0,0.00134,0.00244,0.0395,0,0,0.00058,0.07529,0,0,0,1,G15-13,0.29699700000000001,Tand
G24-13,M,S,Kukkumäki 1,Kukumäki_1213,6822745,1474231,2012,2013,NA,NA,0,NA,0.16,1.11,0,3.96,306.864,23.841,175.024,0.179,2121,Ovanåker,S,4.75,0,1,0,81.14516129,6,1.3,2.8,0.400360159,0.345077323,0,0.00028,0,0,0,0,0,0,0,0,0,0.00028,0,0,0.00028,0.00017,0,0.66857,0.01232,0,0,0.19897,0,0,0,0.00134,0.00244,0.0395,0,0,0.00058,0.07529,0,0,0,1,G24-13,0.247803,Ten2
G104-11,M,S,Kungskogen 1,Kungsskogen_1213,6598197,1396959,2012,2013,NA,NA,0,NA,0.42,1.15,0.42,9.36,121.356,39.929,180.31,0.28,1780,Karlstad,S,30.8,0,4,0,56.05744949,6,3.5,4,0.554859848,0.287654168,0,0.00471,0.00063,0,0,0,0.00044,0,0,0,0.00159,0.19596,0,0.00384,0.00558,0.00958,0.00555,0.53468,0.05116,0,0,0.03493,0,0,0,0,0.00798,0.06361,0,0,0,0.07864,0.00112,0,0,1,G104-11,0,Kyn2
G49-11,F,S,Kungskogen 1,Kungsskogen_1213,6598197,1396959,2012,2013,NA,NA,0,NA,0.42,1.15,0.42,9.36,121.356,39.929,180.31,0.28,1780,Karlstad,S,30.8,0,4,0,56.05744949,6,3.5,4,0.554859848,0.287654168,0,0.00471,0.00063,0,0,0,0.00044,0,0,0,0.00159,0.19596,0,0.00384,0.00558,0.00958,0.00555,0.53468,0.05116,0,0,0.03493,0,0,0,0,0.00798,0.06361,0,0,0,0.07864,0.00112,0,0,1,G49-11,0,Kyn2
G91-11,M,N,Kynna 3,Kynna_1213,6751430,1296477,2012,2013,NA,NA,0,NA,0.23,1.49,0.3,5.69,370.816,21.715,173.979,0.194,426,Våler,N,8.013,1,1,0,82.09895833,6,388.2,6884.1,0.512653204,0.564939734,0,2.00E-05,0,0,0,0,0,0,0,0,0,0.04674,0,0,0,0.00375,1.00E-05,0.56796,0.00948,0,0,0.1925,0,0,0.0025,0,0,0.16009,0,0,0,0.01695,0,0,0,1,G91-11,0.29736299999999999,Jang5
M-07-05,F,N,Kynna 3,Kynna_1213,6751430,1296477,2012,2013,NA,NA,1,NA,0.23,1.49,0.3,5.69,370.816,21.715,173.979,0.194,426,Våler,N,8.013,1,1,0,82.09895833,6,388.2,6884.1,0.512653204,0.564939734,0,2.00E-05,0,0,0,0,0,0,0,0,0,0.04674,0,0,0,0.00375,1.00E-05,0.56796,0.00948,0,0,0.1925,0,0,0.0025,0,0,0.16009,0,0,0,0.01695,0,0,0,1,M-07-05,0.29345700000000002,Kyn1
G59-11,F,S,Kölsta 1,Kölsta_1213,6614550,1509972,2012,2013,illegal,NA,0,NA,0.48,1.35,2.31,12.14,76.24,39.726,173.094,0.217,1983,Köping,S,58.75,0,2,0,58.26767677,6,2.8,2.8,0.655850233,0.407424706,0,0.02387,0.00683,0,0,0,0,0,0,0.00039,0.00149,0.21611,0,0.00441,0.00921,0.01464,0.00497,0.51912,0.06659,0,0,0.06594,0,0,0,0.00054,0.00282,0.01565,0,0,0.00035,0.04705,0,0,0,1,G59-11,0.29736299999999999,Fär
G84-11,M,S,Kölsta 1/2,Kölsta_1213,6614550,1509972,2012,2013,NA,NA,0,NA,0.48,1.35,2.31,12.14,76.24,39.726,173.094,0.217,1983,Köping,S,58.75,0,2,0,58.26767677,6,2.8,2.8,0.655850233,0.407424706,0,0.02387,0.00683,0,0,0,0,0,0,0.00039,0.00149,0.21611,0,0.00441,0.00921,0.01464,0.00497,0.51912,0.06659,0,0,0.06594,0,0,0,0.00054,0.00282,0.01565,0,0,0.00035,0.04705,0,0,0,1,G84-11,0.29931600000000003,Klot
G132-11,M,N,Letjenna 2,Letjenna_1213,6783040,1276208,2012,2013,NA,NA,0,NA,0.33,1.11,0.53,6.94,439.891,20.579,186.635,0.194,427,Elverum,N,7.29,1,2,0,86.23958333,6,553.3,7141,0.347005253,0.343391536,0,0.00162,0.00105,0,0,0,0,0,0,0,0.00044,0.01174,0,0,0.00038,0.02411,0,0.63783,0,0,0.00094,0.12256,0,0,0.00852,0,0,0.15701,0,0,0.00698,0.02681,0,0,0,1,G132-11,0.16552700000000001,Julu8
G74-11,F,N,Letjenna 2,Letjenna_1213,6783040,1276208,2012,2013,NA,NA,0,NA,0.33,1.11,0.53,6.94,439.891,20.579,186.635,0.194,427,Elverum,N,7.29,1,2,0,86.23958333,6,553.3,7141,0.347005253,0.343391536,0,0.00162,0.00105,0,0,0,0,0,0,0,0.00044,0.01174,0,0,0.00038,0.02411,0,0.63783,0,0,0.00094,0.12256,0,0,0.00852,0,0,0.15701,0,0,0.00698,0.02681,0,0,0,1,G74-11,0.27917500000000001,Gös
G74-12,M,S,Loka 3,Loka_1213,6597418,1425033,2012,2013,NA,NA,0,NA,0.38,1.24,0.87,9.53,184.746,33.617,177.319,0.274,1883,Karlskoga,S,22.633,0,5,0,65.01832283,6,3.1,3.6,0.608461743,0.493426512,0,0.00914,0.00474,0,0,0.00063,0.00036,0,0,0.00195,0.00088,0.06573,0,0.00305,0.00453,0.00884,3.00E-04,0.63437,0.0875,0,0,0.03118,0,0,0,0,0.00309,0.01075,0,0,0.00244,0.13052,0,0,0,1,G74-12,0.15216099999999999,Nora
M-10-09,F,S,Loka 3,Loka_1213,6597418,1425033,2012,2013,NA,NA,1,NA,0.38,1.24,0.87,9.53,184.746,33.617,177.319,0.274,1883,Karlskoga,S,22.633,0,5,0,65.01832283,6,3.1,3.6,0.608461743,0.493426512,0,0.00914,0.00474,0,0,0.00063,0.00036,0,0,0.00195,0.00088,0.06573,0,0.00305,0.00453,0.00884,3.00E-04,0.63437,0.0875,0,0,0.03118,0,0,0,0,0.00309,0.01075,0,0,0.00244,0.13052,0,0,0,1,M-10-09,0.26708999999999999,Lok1
G1-11,M,S,Lövsjön 5,Lövsjön_1213,6676449,1439367,2012,2013,NA,NA,0,NA,0.28,1.15,0.28,6.2,309.718,36.03,171.59,0.316,2085,Ludvika,S,10.75,0,3,0,71.73859127,6,2.5,2,0.539175106,0.484818924,0,0.00549,0.00028,0,0,0,0.00093,0.00014,0,0,0.00043,0.00467,0,0.00052,0.00252,0.00427,0.00086,0.73995,0.02207,0,0,0.09752,0,0,0,0,0.00084,0.04865,0,0,0,0.07085,0,0,0,1,G1-11,0.26733400000000002,Grä3
G84-13,F,S,Lövsjön 5,Lövsjön_1213,6676449,1439367,2012,2013,NA,NA,0,NA,0.28,1.15,0.28,6.2,309.718,36.03,171.59,0.316,2085,Ludvika,S,10.75,0,3,0,71.73859127,6,2.5,2,0.539175106,0.484818924,0,0.00549,0.00028,0,0,0,0.00093,0.00014,0,0,0.00043,0.00467,0,0.00052,0.00252,0.00427,0.00086,0.73995,0.02207,0,0,0.09752,0,0,0,0,0.00084,0.04865,0,0,0,0.07085,0,0,0,1,G84-13,0.27490199999999998,Äpp
G55-12,F,S,Medskogen 1,Medskogen_1213,6734949,1334513,2012,2013,illegal,NA,0,NA,0.28,0.85,0.53,4.67,415.04,20.657,171.222,0.24,1737,Torsby,S,5.104,1,5,0,81.59375,6,10.7,118.2,0.587863764,0.529117785,0,0.00257,0,0,0,0,0,0,0,0,0.00092,0.0023,0,0,0.00165,0.00139,0.00107,0.75532,0.0642,0,0,0.08652,0,0,0,0,0.00102,0.04226,0,0,0.0061,0.03467,0,0,0,1,G55-12,0.29980499999999999,Trå
G78-11,M,S,Medskogen 1,Medskogen_1213,6734949,1334513,2012,2013,NA,NA,0,NA,0.28,0.85,0.53,4.67,415.04,20.657,171.222,0.24,1737,Torsby,S,5.104,1,5,0,81.59375,6,10.7,118.2,0.587863764,0.529117785,0,0.00257,0,0,0,0,0,0,0,0,0.00092,0.0023,0,0,0.00165,0.00139,0.00107,0.75532,0.0642,0,0,0.08652,0,0,0,0,0.00102,0.04226,0,0,0.0061,0.03467,0,0,0,1,G78-11,0.35199000000000003,Snd2
G12-11,M,S,Nora 1,Nora_1213,6607832,1440801,2012,2013,illegal,NA,0,NA,0.37,1.23,0.25,8.01,197.988,30.577,174.108,0.244,1884,Nora,S,20.15,0,4,0,65.78369176,6,3,3.3,0.656048055,0.529555737,0,0.00823,0.0011,0,0,0,0,0,0,0,0,0.02238,0,0.00124,0.00505,0.00849,0.00561,0.67875,0.09575,0,0,0.03148,0,0,0,0,0,0.00359,0,0,0.00119,0.13714,0,0,0,1,G12-11,0,Kyn2
G40-11,F,S,Nora 1,Nora_1213,6607832,1440801,2012,2013,NA,NA,0,NA,0.37,1.23,0.25,8.01,197.988,30.577,174.108,0.244,1884,Nora,S,20.15,0,4,0,65.78369176,6,3,3.3,0.656048055,0.529555737,0,0.00823,0.0011,0,0,0,0,0,0,0,0,0.02238,0,0.00124,0.00505,0.00849,0.00561,0.67875,0.09575,0,0,0.03148,0,0,0,0,0,0.00359,0,0,0.00119,0.13714,0,0,0,1,G40-11,0.27612300000000001,Löv2
G41-12,F,S,Nordmark 1,Nordmark_1213,6640898,1407504,2012,2013,NA,NA,0,NA,0.29,1.09,0.5,7.12,261.61,34.811,169.852,0.355,1782,Filipstad,S,6.8,0,4,0,70.41840278,6,3.3,4,0.50611775,0.446880922,0,0.00687,0,0,0,0,0.00051,0,0,0,0.00051,0.00366,0,0.00089,0.00209,0.00354,0.00253,0.69807,0.05898,0,0,0.09467,0,0,0,0,4.00E-04,0.03454,0,0,0.00049,0.09225,0,0,0,1,G41-12,0.35199000000000003,Snd2
G77-13,M,S,Nordmark 1,Nordmark_1213,6640898,1407504,2012,2013,NA,NA,0,NA,0.29,1.09,0.5,7.12,261.61,34.811,169.852,0.355,1782,Filipstad,S,6.8,0,4,0,70.41840278,6,3.3,4,0.50611775,0.446880922,0,0.00687,0,0,0,0,0.00051,0,0,0,0.00051,0.00366,0,0.00089,0.00209,0.00354,0.00253,0.69807,0.05898,0,0,0.09467,0,0,0,0,4.00E-04,0.03454,0,0,0.00049,0.09225,0,0,0,1,G77-13,0.30590800000000001,Ack
G21-11,F,S,Norn,Norn_1112,6672844,1496416,2012,2013,illegal,NA,0,"Norn not registered by VSC in 1213 because they disappeared early in season, I used the coordinates för  1112",0.31,1.42,2,9.94,182.43,36.029,173.682,0.3,2061,Smedjebacken,S,23.95,0,0,0,81.296875,6,NA,2.2,0.488508172,0.195476685,0,0.01361,0.00141,0,0,0.00042,0,0.00042,0,0.00036,0.00141,0.05946,0,0.00039,0.00622,0.01257,0.00833,0.67494,0.03903,0,0,0.08324,0,0,0,0,0.00163,0.00197,0,0,0.00235,0.09222,0,0,0,1,G21-11,0.29931600000000003,Klot
G24-11,M,S,Norn,Norn_1112,6672844,1496416,2012,2013,illegal,NA,0,NA,0.31,1.42,2,9.94,182.43,36.029,173.682,0.3,2061,Smedjebacken,S,23.95,0,0,0,81.296875,6,NA,2.2,0.488508172,0.195476685,0,0.01361,0.00141,0,0,0.00042,0,0.00042,0,0.00036,0.00141,0.05946,0,0.00039,0.00622,0.01257,0.00833,0.67494,0.03903,0,0,0.08324,0,0,0,0,0.00163,0.00197,0,0,0.00235,0.09222,0,0,0,1,G24-11,0.42968800000000001,Jang4
G4-12,F,S,Närsen 1,Närsen_1213,6682759,1424937,2012,2013,NA,NA,0,NA,0.23,1.13,0.29,5.43,346.5,34.772,176.18,0.338,2021,Vansbro,S,10.35,0,3,0,73.70238095,6,2.5,1.9,0.49837634,0.521869494,0,0.00229,0,0,0,0,0,0,0,0,0.00044,0.00039,0,0,0.00086,0.00081,0.00591,0.69539,0.02867,0,0,0.15321,0,0,0,0,0.00114,0.03735,0,0,0,0.07353,0,0,0,1,G4-12,0.30224600000000001,Utt
G58-13,M,S,Närsen 1,Närsen_1213,6682759,1424937,2012,2013,NA,NA,0,NA,0.23,1.13,0.29,5.43,346.5,34.772,176.18,0.338,2021,Vansbro,S,10.35,0,3,0,73.70238095,6,2.5,1.9,0.49837634,0.521869494,0,0.00229,0,0,0,0,0,0,0,0,0.00044,0.00039,0,0,0.00086,0.00081,0.00591,0.69539,0.02867,0,0,0.15321,0,0,0,0,0.00114,0.03735,0,0,0,0.07353,0,0,0,1,G58-13,0.26733400000000002,Grä3
G103-10,F,S,Prästskogen 1,Prästskogen_1213,6870630,1487124,2012,2013,illegal,NA,0,NA,0.28,1.14,0.03,4.07,307.567,23.092,162.672,0.185,2161,Ljusdal,S,3.5,0,0,0,84.16666667,6,2.8,3.1,0.250581598,0.343145675,0,0.00039,0,0,0,0.00151,0,0,0,0,0,0.01092,0,3.00E-04,8.00E-04,0,0,0.75114,0.01185,0,0,0.14638,0,0,0,0,0.00064,0.03618,0,0,0.00837,0.03152,0,0,0,1,G103-10,0,Kyn2
M-09-03,M,S,Prästskogen 1,Prästskogen_1213,6870630,1487124,2012,2013,NA,NA,1,NA,0.28,1.14,0.03,4.07,307.567,23.092,162.672,0.185,2161,Ljusdal,S,3.5,0,0,0,84.16666667,6,2.8,3.1,0.250581598,0.343145675,0,0.00039,0,0,0,0.00151,0,0,0,0,0,0.01092,0,3.00E-04,8.00E-04,0,0,0.75114,0.01185,0,0,0.14638,0,0,0,0,0.00064,0.03618,0,0,0.00837,0.03152,0,0,0,1,M-09-03,NA,[Immigrant]
G49-13,F,S,Rackstad 1,Rackstad_1213,6631230,1326172,2012,2013,illegal,NA,0,NA,0.37,1.16,1.22,8.4,192.209,36.026,177.094,0.409,1784,Arvika,S,12,0,1,0,70.15860215,6,4.6,4,0.271559123,0.34185592,0,0.01016,0.00323,0,0,0,0.00035,0.00069,0,0.00103,0.00052,0.05175,0,0.00071,0.01025,0.02085,0.00174,0.73577,0.04162,0,0,0.0251,0,0,0,0,0,0.00342,0,0,0.00029,0.09252,0,0,0,1,G49-13,0.15362500000000001,Eid
G72-13,M,S,Rackstad 1,Rackstad_1213,6631230,1326172,2012,2013,NA,NA,0,NA,0.37,1.16,1.22,8.4,192.209,36.026,177.094,0.409,1784,Arvika,S,12,0,1,0,70.15860215,6,4.6,4,0.271559123,0.34185592,0,0.01016,0.00323,0,0,0,0.00035,0.00069,0,0.00103,0.00052,0.05175,0,0.00071,0.01025,0.02085,0.00174,0.73577,0.04162,0,0,0.0251,0,0,0,0,0,0.00342,0,0,0.00029,0.09252,0,0,0,1,G72-13,0.29980499999999999,Trå
G18-12,M,S,Riala 2,Riala_1213,6613749,1651481,2012,2013,illegal,NA,0,NA,0.46,1.24,2.29,13.45,33.668,37.18,181.011,0.257,188,Norrtälje,S,81.333,0,0,0,63.03333333,6,2.6,2.2,0.489872034,0.391847288,0,0.03787,6.00E-04,0,0,0,0.00249,0.00142,0.00025,0,0.01358,0.12942,0,0.00561,0.00705,0.0365,0.00192,0.51188,0.06699,0,0,0.00898,0,0,0,0,4.00E-04,0.00065,0,0,0,0.03342,0.00182,0,0.13916,1,G18-12,0.15216099999999999,Sku
G78-13,F,S,Riala 2,Skugghöjden_1213,6660235,1324904,2012,2013,illegal,NA,0,NA,0.31,1.3,0.04,5.39,269.276,35.591,172.443,0.416,1766,Sunne,S,10.938,1,3,0,75.91666667,6,47.7,689.2,0.598309466,0.516685241,0,0.00069,0,0,0,0,0,0,0,0,0,0.00728,0,0.00067,0.00414,0.01117,0,0.81429,0.00904,0,0,0.06609,0,0,0,0,0,0.01429,0,0,0,0.07235,0,0,0,1,G78-13,0.15216099999999999,Nora
G67-12,M,S,Rombohöjden 1,Rombo_1213,6625168,1435102,2012,2013,NA,NA,0,NA,0.33,1.26,0.63,7.51,220.845,31.31,173.786,0.277,1863,Hällefors,S,11.1,0,5,0,67.44035618,6,3,3.4,0.621208087,0.497409411,0,0.00641,0.00114,0,0,0,0,0,0,0,0.00047,0.00495,0,0.00059,0.00213,0.00528,0.0037,0.69966,0.07224,0,0,0.04913,0,0,0,0,0,0.01266,0,0,0.00037,0.14126,0,0,0,1,G67-12,0.24853500000000001,Kors2
G80-13,F,S,Rombohöjden 1,Rombo_1213,6625168,1435102,2012,2013,NA,NA,0,NA,0.33,1.26,0.63,7.51,220.845,31.31,173.786,0.277,1863,Hällefors,S,11.1,0,5,0,67.44035618,6,3,3.4,0.621208087,0.497409411,0,0.00641,0.00114,0,0,0,0,0,0,0,0.00047,0.00495,0,0.00059,0.00213,0.00528,0.0037,0.69966,0.07224,0,0,0.04913,0,0,0,0,0,0.01266,0,0,0.00037,0.14126,0,0,0,1,G80-13,0.12667800000000001,Gås
M-11-09/G77-10,M,S,Rotna 2,Rotna_1213,6717710,1315411,2012,2013,NA,NA,1,NA,0.38,1.97,0.02,4.81,383.899,19.169,183.576,0.193,423,Grue,N,8.274,1,5,0,82.22278226,6,239.9,5199.7,0.581634247,0.535569966,0,0.00043,0,0,0,0,0,0,0,0,0.00044,0.00697,0,0,0.00044,0.00132,0.00072,0.74043,0.02616,0,0,0.0985,0,0,0,0,0.00044,0.07799,0,0,0,0.04615,0,0,0,1,G77-10,0.21484400000000001,Ulr2
M11-10/G42-10,F,S,Rotna 2,Rotna_1213,6717710,1315411,2012,2013,NA,NA,1,NA,0.38,1.97,0.02,4.81,383.899,19.169,183.576,0.193,423,Grue,N,8.274,1,5,0,82.22278226,6,239.9,5199.7,0.581634247,0.535569966,0,0.00043,0,0,0,0,0,0,0,0,0.00044,0.00697,0,0,0.00044,0.00132,0.00072,0.74043,0.02616,0,0,0.0985,0,0,0,0,0.00044,0.07799,0,0,0,0.04615,0,0,0,1,G42-10,0.26953100000000002,Ny5
G12-09,F,S,Sandsjön 3,Sandsjön_1213,6643570,1388398,2012,2013,NA,NA,0,NA,0.33,1.18,0.43,6.93,244.398,34.899,178.585,0.373,1783,Hagfors,S,29.16,0,5,0,69.75833333,6,3.4,4,0.629362455,0.550207168,0,0.01062,0.00141,0,0,0,0,0,0,0.00057,0.00076,0.0143,0,0.00064,0.00143,0.0091,0.0031,0.75407,0.02239,0,0,0.09391,0,0,0,0,0.00155,0.02156,0,0,0.00562,0.05896,0,0,0,1,G12-09,0.30590800000000001,Ack
G39-11,M,S,Sandsjön 3,Sandsjön_1213,6643570,1388398,2012,2013,NA,NA,0,NA,0.33,1.18,0.43,6.93,244.398,34.899,178.585,0.373,1783,Hagfors,S,29.16,0,5,0,69.75833333,6,3.4,4,0.629362455,0.550207168,0,0.01062,0.00141,0,0,0,0,0,0,0.00057,0.00076,0.0143,0,0.00064,0.00143,0.0091,0.0031,0.75407,0.02239,0,0,0.09391,0,0,0,0,0.00155,0.02156,0,0,0.00562,0.05896,0,0,0,1,G39-11,0.15479999999999999,Z
G33-10,F,S,Siljansringen 3,Siljansringen_1213,6798865,1462460,2012,2013,other,NA,0,wolf killed,0.15,1.03,0.14,4.64,320.95,22.668,165.846,0.148,2031,Rättvik,S,4.75,0,1,0,81.109375,6,0.8,1.9,0.495147948,0.401287499,0,0.00135,0.00025,0,0,0,0,0,0,0,0.00073,0.00254,0,9.00E-05,5.00E-05,0.00484,0.00035,0.69203,0.01945,0,0,0.16232,0,0,0,0,0.00168,0.05673,0,0,0,0.05759,0,0,0,1,G33-10,0.26074199999999997,Amu2
G59-12,M,S,Siljansringen 3,Siljansringen_1213,6798865,1462460,2012,2013,censor,NA,0,NA,0.15,1.03,0.14,4.64,320.95,22.668,165.846,0.148,2031,Rättvik,S,4.75,0,1,0,81.109375,6,0.8,1.9,0.495147948,0.401287499,0,0.00135,0.00025,0,0,0,0,0,0,0,0.00073,0.00254,0,9.00E-05,5.00E-05,0.00484,0.00035,0.69203,0.01945,0,0,0.16232,0,0,0,0,0.00168,0.05673,0,0,0,0.05759,0,0,0,1,G59-12,0.41430699999999998,Sjö
G51-10,M,S,Sjösveden  1,Sjösveden_1213,6771099,1522252,2012,2013,NA,NA,0,NA,0.18,1.15,0.04,5.33,310.316,28.894,163.367,0.205,2183,Bollnäs,S,13.35,0,1,0,77.828125,6,2.8,3,0.525712582,0.489226523,0,0.00062,0,0,0,0,0,0,0,0,0,0.00297,0,0.00029,0.00031,0,0.0016,0.69121,0.02758,0,0,0.17812,0,0,0,0,0.00143,0.04799,0,0,0,0.04786,0,0,0,1,G51-10,0.22680700000000001,Kors1
M-09-15,F,S,Sjösveden  1,Sjösveden_1213,6771099,1522252,2012,2013,NA,NA,1,NA,0.18,1.15,0.04,5.33,310.316,28.894,163.367,0.205,2183,Bollnäs,S,13.35,0,1,0,77.828125,6,2.8,3,0.525712582,0.489226523,0,0.00062,0,0,0,0,0,0,0,0,0,0.00297,0,0.00029,0.00031,0,0.0016,0.69121,0.02758,0,0,0.17812,0,0,0,0,0.00143,0.04799,0,0,0,0.04786,0,0,0,1,M-09-15,0.22680700000000001,Kors1
G18-10,F,S,Skugghöjden,Østmarka_1213,6644192,1231531,2012,2013,NA,NA,0,NA,1.75,1.19,7.05,23.99,175.787,33.636,181.623,0.398,229,Enebakk,N,271.533,1,1,0,69.22800926,6,60.9,1238.5,0.250257916,0.117932741,0.00258,0.11717,0.02035,0.00214,0.00125,0.00072,0.00101,0.00073,0,0.00582,0.00766,0.11686,0,0,0.00292,0.04307,0.00544,0.5017,0.00561,0,0,0.01896,0,0,0,0,0.00051,0.00355,0,0,0.00824,0.09336,0,0,0.04035,1,G18-10,0.27612300000000001,Löv2
G18-10,F,S,Skugghöjden,Skugghöjden_1213,6660235,1324904,2012,2013,NA,NA,0,NA,0.31,1.3,0.04,5.39,269.276,35.591,172.443,0.416,1766,Sunne,S,10.938,1,3,0,75.91666667,6,47.7,689.2,0.598309466,0.516685241,0,0.00069,0,0,0,0,0,0,0,0,0,0.00728,0,0.00067,0.00414,0.01117,0,0.81429,0.00904,0,0,0.06609,0,0,0,0,0,0.01429,0,0,0,0.07235,0,0,0,1,G18-10,0.27612300000000001,Löv2
G47-10,M,S,Skugghöjden,Skugghöjden_1213,6660235,1324904,2012,2013,NA,NA,0,NA,0.31,1.3,0.04,5.39,269.276,35.591,172.443,0.416,1766,Sunne,S,10.938,1,3,0,75.91666667,6,47.7,689.2,0.598309466,0.516685241,0,0.00069,0,0,0,0,0,0,0,0,0,0.00728,0,0.00067,0.00414,0.01117,0,0.81429,0.00904,0,0,0.06609,0,0,0,0,0,0.01429,0,0,0,0.07235,0,0,0,1,G47-10,0,Kyn2
G73-10,M,N,Slettås 1,Slettås_1213,6798704,1292948,2012,2013,Illegal,NA,0,NA,0.3,0.93,0.74,5.66,579.901,19.923,177.553,0.183,428,Trysil,N,7.29,1,2,0,87.13809524,6,724.9,7141,0.511118468,0.430129689,0,0.00054,9.00E-05,0,0,0,0,0,0.00022,0,0.01391,0.00027,0,0,0.00147,0.00904,0.00208,0.58444,0.00367,0,0.0104,0.03666,0,0.00085,0.00595,0,0,0.28252,0,0,0.00024,0.04764,0,0,0,1,G73-10,0.28125,Osd2
M-17-14/G70-10,F,N,Slettås 1,Slettås_1213,6798704,1292948,2012,2013,NA,NA,1,NA,0.3,0.93,0.74,5.66,579.901,19.923,177.553,0.183,428,Trysil,N,7.29,1,2,0,87.13809524,6,724.9,7141,0.511118468,0.430129689,0,0.00054,9.00E-05,0,0,0,0,0,0.00022,0,0.01391,0.00027,0,0,0.00147,0.00904,0.00208,0.58444,0.00367,0,0.0104,0.03666,0,0.00085,0.00595,0,0,0.28252,0,0,0.00024,0.04764,0,0,0,1,G70-10,0.27612300000000001,Löv2
G4-08,F,S,Sången 2,Sången_1213,6723442,1437027,2012,2013,NA,NA,0,NA,0.25,1.06,0.54,6.51,292.385,29.092,172.955,0.238,2029,Leksand,S,9.225,0,1,0,78.56321839,6,2.2,1.9,0.568479761,0.534687099,0,0.00464,0,0,0,0,0,0,0,0,0.00096,0.01493,0,0,0.00047,0.00091,0.00052,0.74633,0.04337,0,0,0.09359,0,0,0,0,0.00092,0.01568,0,0,0.0029,0.07478,0,0,0,1,G4-08,0.29345700000000002,Kyn1
G98-13,M,S,Sången 2,Sången_1213,6723442,1437027,2012,2013,NA,NA,0,NA,0.25,1.06,0.54,6.51,292.385,29.092,172.955,0.238,2029,Leksand,S,9.225,0,1,0,78.56321839,6,2.2,1.9,0.568479761,0.534687099,0,0.00464,0,0,0,0,0,0,0,0,0.00096,0.01493,0,0,0.00047,0.00091,0.00052,0.74633,0.04337,0,0,0.09359,0,0,0,0,0.00092,0.01568,0,0,0.0029,0.07478,0,0,0,1,G98-13,0.15216099999999999,Sku
M-09-09,F,S,Tandsjön 1,Tandsjön_1213,6841086,1416802,2012,2013,NA,NA,1,NA,0.07,0.73,0.02,2.86,592.238,24.959,170.104,0.207,2361,Härjedalen,S,3.28,0,0,0,91.2,6,1.1,2.4,0.495736343,0.388807079,0,0,0,0,0,0,0,0,0,0,0,8.00E-04,0,0,0.00046,0.00047,0.01246,0.60198,0.01144,0,0.01089,0.17234,0,0,0,0,0.00042,0.17332,0,0,0,0.01542,0,0,0,1,M-09-09,0.261963,Ful1
M-11-03,M,S,Tandsjön 1,Tandsjön_1213,6841086,1416802,2012,2013,NA,NA,1,NA,0.07,0.73,0.02,2.86,592.238,24.959,170.104,0.207,2361,Härjedalen,S,3.28,0,0,0,91.2,6,1.1,2.4,0.495736343,0.388807079,0,0,0,0,0,0,0,0,0,0,0,8.00E-04,0,0,0.00046,0.00047,0.01246,0.60198,0.01144,0,0.01089,0.17234,0,0,0,0,0.00042,0.17332,0,0,0,0.01542,0,0,0,1,M-11-03,0.26708999999999999,Lok1
G75-12,M,S,Tansen 2,Tansen_1213,6700371,1460574,2012,2013,illegal,NA,0,NA,0.31,1.34,1.86,11.5,273.102,28.617,178.872,0.243,2081,Borlänge,S,26.25,0,2,0,71.48074495,6,2.5,1.9,0.511897541,0.316305172,0,0.01678,0.00107,0,0,0,0.00026,0,0,0,0.00184,0.0438,0.00029,0.00026,0.00434,0.00364,0.00817,0.7673,0.0448,0,0,0.06845,0,0,0,0,5.00E-04,0.0017,0,0,0.00728,0.02952,0,0,0,1,G75-12,0.27356000000000003,Rot2
M11-05/G47-11,F,S,Tansen 2,Tansen_1213,6700371,1460574,2012,2013,NA,NA,1,NA,0.31,1.34,1.86,11.5,273.102,28.617,178.872,0.243,2081,Borlänge,S,26.25,0,2,0,71.48074495,6,2.5,1.9,0.511897541,0.316305172,0,0.01678,0.00107,0,0,0,0.00026,0,0,0,0.00184,0.0438,0.00029,0.00026,0.00434,0.00364,0.00817,0.7673,0.0448,0,0,0.06845,0,0,0,0,5.00E-04,0.0017,0,0,0.00728,0.02952,0,0,0,1,G47-11,0,Kyn2
G10-10,M,S,Trång 1,Trång_1213,6706451,1348557,2012,2013,NA,NA,0,NA,0.26,0.96,0.23,4.12,305.345,23.01,174.824,0.24,1737,Torsby,S,2.9,0,5,0,78.88241793,6,3.5,4,0.645178494,0.6128767,0,0.00276,0,0,0,0,0,0,0,0,0.00053,0.00847,0,0,0.00893,0.00218,0.00083,0.82067,0.01812,0,0,0.04974,0,0,0,0,0.00058,0.05874,0,0,0.00536,0.02309,0,0,0,1,G10-10,0.27917500000000001,Gös
G11-10,F,S,Trång 1,Trång_1213,6706451,1348557,2012,2013,NA,NA,0,NA,0.26,0.96,0.23,4.12,305.345,23.01,174.824,0.24,1737,Torsby,S,2.9,0,5,0,78.88241793,6,3.5,4,0.645178494,0.6128767,0,0.00276,0,0,0,0,0,0,0,0,0.00053,0.00847,0,0,0.00893,0.00218,0.00083,0.82067,0.01812,0,0,0.04974,0,0,0,0,0.00058,0.05874,0,0,0.00536,0.02309,0,0,0,1,G11-10,0.26953100000000002,Ny5
G23-11,F,S,Villingsberg 1,Villingsberg_1213,6578715,1441229,2012,2013,NA,NA,0,NA,0.52,1.32,1.5,11.04,158.866,34.454,177.658,0.196,1883,Karlskoga,S,44.26,0,3,0,57.06372549,6,3.1,3.3,0.546173027,0.237391044,0,0.02142,0.0072,0,0,0.00063,0.00028,0,0,0.00411,0.00299,0.1239,0,0.00297,0.00274,0.01367,0.01105,0.60796,0.09329,0,0,0.02065,0,0,0,0.00028,0.00501,0.0295,0,0,0.00142,0.05096,0,0,0,1,G23-11,0.26202399999999998,Lok2
G68-11,M,S,Villingsberg 1,Villingsberg_1213,6578715,1441229,2012,2013,NA,NA,0,NA,0.52,1.32,1.5,11.04,158.866,34.454,177.658,0.196,1883,Karlskoga,S,44.26,0,3,0,57.06372549,6,3.1,3.3,0.546173027,0.237391044,0,0.02142,0.0072,0,0,0.00063,0.00028,0,0,0.00411,0.00299,0.1239,0,0.00297,0.00274,0.01367,0.01105,0.60796,0.09329,0,0,0.02065,0,0,0,0.00028,0.00501,0.0295,0,0,0.00142,0.05096,0,0,0,1,G68-11,0.29736299999999999,Jang5
G14-13,F,S,Vismen 1,Vismen_1213,6574175,1414658,2012,2013,NA,NA,0,NA,0.44,1.58,2.48,13.5,121.803,36.711,185.318,0.216,1862,Degerfors,S,29.12,0,3,0,55.40907225,6,3.7,3.7,0.371433602,0.189451955,0,0.03228,0.0109,0,0,0.00063,0,0.00045,0,0.00499,0.00308,0.09881,0,0.00105,0.00341,0.01369,7.00E-04,0.53963,0.09014,0,0,0.0464,0,0,0,0,0.00241,0.03102,0,0,0.00313,0.1173,0,0,0,1,G14-13,0.15216099999999999,Nora
G98-12,M,S,Vismen 1,Vismen_1213,6574175,1414658,2012,2013,NA,NA,0,NA,0.44,1.58,2.48,13.5,121.803,36.711,185.318,0.216,1862,Degerfors,S,29.12,0,3,0,55.40907225,6,3.7,3.7,0.371433602,0.189451955,0,0.03228,0.0109,0,0,0.00063,0,0.00045,0,0.00499,0.00308,0.09881,0,0.00105,0.00341,0.01369,7.00E-04,0.53963,0.09014,0,0,0.0464,0,0,0,0,0.00241,0.03102,0,0,0.00313,0.1173,0,0,0,1,G98-12,0.25683600000000001,Has5
G21-05,M,S,Våmhus 3,Våmådalen_1213,6795103,1410451,2012,2013,NA,NA,0,NA,0.22,1.16,0.56,4.23,427.083,27.527,173.765,0.322,2039,Älvdalen,S,4,0,0,0,87.765625,6,1.7,1.9,0.365853401,0.352180482,0,0.00653,0.00058,0,0,0,0,0,0,0,0,0.00259,0,0.00029,0.00968,0.00098,0,0.78783,0.02429,0,0,0.13086,0,0,0,0.00038,0,0.01723,0,0,0.00627,0.01247,0,0,0,1,G21-05,0.23877000000000001,Hlg1
G83-13,F,S,Våmhus 3,Våmådalen_1213,6795103,1410451,2012,2013,NA,NA,0,NA,0.22,1.16,0.56,4.23,427.083,27.527,173.765,0.322,2039,Älvdalen,S,4,0,0,0,87.765625,6,1.7,1.9,0.365853401,0.352180482,0,0.00653,0.00058,0,0,0,0,0,0,0,0,0.00259,0,0.00029,0.00968,0.00098,0,0.78783,0.02429,0,0,0.13086,0,0,0,0.00038,0,0.01723,0,0,0.00627,0.01247,0,0,0,1,G83-13,0.247803,Ten2
G15-11,F,S,Värnas,Värnäs_1213,6711536,1359903,2012,2013,NA,NA,0,NA,0.26,0.78,0.13,3.71,350.047,23.41,176.407,0.223,1737,Torsby,S,2.65,0,5,0,78.70576735,6,3,3.6,0.628605561,0.598923281,0,0.0026,0,0,0,0,0,0,0,0,0,0.00822,0,0,0.00684,0.00178,0.00142,0.74138,0.02732,0,0,0.04334,0,0,0,0,0.00099,0.14229,0,0,0.00575,0.01807,0,0,0,1,G15-11,0.27490199999999998,Äpp
G33-11,M,S,Värnas,Värnäs_1213,6711536,1359903,2012,2013,NA,NA,0,NA,0.26,0.78,0.13,3.71,350.047,23.41,176.407,0.223,1737,Torsby,S,2.65,0,5,0,78.70576735,6,3,3.6,0.628605561,0.598923281,0,0.0026,0,0,0,0,0,0,0,0,0,0.00822,0,0,0.00684,0.00178,0.00142,0.74138,0.02732,0,0,0.04334,0,0,0,0,0.00099,0.14229,0,0,0.00575,0.01807,0,0,0,1,G33-11,0.30590800000000001,Ack
G46-13,F,N,Östmarka 1,Østmarka_1213,6644192,1231531,2012,2013,NA,NA,0,NA,1.75,1.19,7.05,23.99,175.787,33.636,181.623,0.398,229,Enebakk,N,271.533,1,1,0,69.22800926,6,60.9,1238.5,0.250257916,0.117932741,0.00258,0.11717,0.02035,0.00214,0.00125,0.00072,0.00101,0.00073,0,0.00582,0.00766,0.11686,0,0,0.00292,0.04307,0.00544,0.5017,0.00561,0,0,0.01896,0,0,0,0,0.00051,0.00355,0,0,0.00824,0.09336,0,0,0.04035,1,G46-13,0.13885500000000001,Ria
G86-11,M,N,Östmarka 1,Østmarka_1213,6644192,1231531,2012,2013,NA,NA,0,NA,1.75,1.19,7.05,23.99,175.787,33.636,181.623,0.398,229,Enebakk,N,271.533,1,1,0,69.22800926,6,60.9,1238.5,0.250257916,0.117932741,0.00258,0.11717,0.02035,0.00214,0.00125,0.00072,0.00101,0.00073,0,0.00582,0.00766,0.11686,0,0,0.00292,0.04307,0.00544,0.5017,0.00561,0,0,0.01896,0,0,0,0,0.00051,0.00355,0,0,0.00824,0.09336,0,0,0.04035,1,G86-11,0.25695800000000002,DE5
M-13-09/G106-13,M,S,Aamäck 3,Aamäkk_1314,6680346,1403653,2013,2014,illegal,1,1,NA,0.22,0.98,0,5.26,349.794,33.085,175.226,0.321,1782,Filipstad,S,7.54,0,2,0,81.625,6,2.6,2.7,0.561389155,0.52109244,0,0,0,0,0,0,0,0,0,0,0,0.00061,0,0,0,9.00E-04,0.00166,0.66869,0.03007,0,0,0.1665,0,0,0,0,0.00117,0.04702,0,0,0,0.08337,0,0,0,1,G106-13,0.16552700000000001,Jang6
M-13-10/G44-12,F,S,Aamäck 3,Aamäkk_1314,6680346,1403653,2013,2014,illegal,1,1,NA,0.22,0.98,0,5.26,349.794,33.085,175.226,0.321,1782,Filipstad,S,7.54,0,2,0,81.625,6,2.6,2.7,0.561389155,0.52109244,0,0,0,0,0,0,0,0,0,0,0,0.00061,0,0,0,9.00E-04,0.00166,0.66869,0.03007,0,0,0.1665,0,0,0,0,0.00117,0.04702,0,0,0,0.08337,0,0,0,1,G44-12,0.29931600000000003,Klot
G55-14,M,S,Aspafallet 1,Aspafallet_1314,6620308,1474068,2013,2014,NA,NA,0,NA,0.39,1.3,1,8.42,144.974,35.344,172.257,0.225,1885,Lindesberg,S,18.12,0,7,0,78.09895833,6,2.7,2.9,0.551691149,0.513696696,0,0.01351,0.00143,0,0,0,0.00095,7.00E-04,0,0.00036,0.00067,0.06687,0,0.00205,0.00838,0.01887,0.00334,0.68409,0.04538,0,0,0.06745,0,0,0,0,0.00208,0.02987,0,0,0.00077,0.05321,0,0,0,1,G55-14,0.29931600000000003,Klot
G140-13,F,S,Aspafallet 1,Aspafallet_1314,6620308,1474068,2013,2014,NA,NA,0,NA,0.39,1.3,1,8.42,144.974,35.344,172.257,0.225,1885,Lindesberg,S,18.12,0,7,0,78.09895833,6,2.7,2.9,0.551691149,0.513696696,0,0.01351,0.00143,0,0,0,0.00095,7.00E-04,0,0.00036,0.00067,0.06687,0,0.00205,0.00838,0.01887,0.00334,0.68409,0.04538,0,0,0.06745,0,0,0,0,0.00208,0.02987,0,0,0.00077,0.05321,0,0,0,1,G140-13,0.29248000000000002,Hed3
G183-13,M,S,Björnås 2,Björnås_1314,6759219,1505811,2013,2014,illegal,NA,0,NA,0.2,1.1,0.3,5.98,312.528,24.332,177.114,0.178,2080,Falun,S,11.95,0,2,0,80.265625,6,2.9,2.4,0.540973812,0.438297304,0,0.00238,0,0,0,0,0,0,0,0,0,0.00459,0,0,0.00306,0.00141,0.00103,0.7375,0.03833,0,0,0.12037,0,0,0,0,0.00211,0.02955,0,0,0,0.05966,0,0,0,1,G183-13,0.41430699999999998,Bjås
G113-12,F,S,Björnås 2/3/4,Björnås_1314,6759219,1505811,2013,2014,NA,NA,0,NA,0.2,1.1,0.3,5.98,312.528,24.332,177.114,0.178,2080,Falun,S,11.95,0,2,0,80.265625,6,2.9,2.4,0.540973812,0.438297304,0,0.00238,0,0,0,0,0,0,0,0,0,0.00459,0,0,0.00306,0.00141,0.00103,0.7375,0.03833,0,0,0.12037,0,0,0,0,0.00211,0.02955,0,0,0,0.05966,0,0,0,1,G113-12,0,Prä
G28-09,M,S,Brattfors 1,Brattfors_1314,6623249,1394461,2013,2014,NA,NA,0,Dals Ed-Halden_1314,0.33,1.21,0.59,8.53,203.89,36.549,176.181,0.341,1782,Filipstad,S,26.32,0,5,0,79.39393939,6,2.9,3.4,0.691719264,0.531534758,0,0.00877,0.00166,0,0,0,0.00095,0,0,0,0.00114,0.03664,0,0.00092,0.00404,0.00981,0.00389,0.70831,0.05254,0,0,0.06812,0,0,0,0,0.00126,0.03244,0,0,0,0.06951,0,0,0,1,G28-09,0.31445299999999998,Jang3
G9-09,F,S,Brattfors 1,Brattfors_1314,6623249,1394461,2013,2014,NA,NA,0,NA,0.33,1.21,0.59,8.53,203.89,36.549,176.181,0.341,1782,Filipstad,S,26.32,0,5,0,79.39393939,6,2.9,3.4,0.691719264,0.531534758,0,0.00877,0.00166,0,0,0,0.00095,0,0,0,0.00114,0.03664,0,0.00092,0.00404,0.00981,0.00389,0.70831,0.05254,0,0,0.06812,0,0,0,0,0.00126,0.03244,0,0,0,0.06951,0,0,0,1,G9-09,0.26757799999999998,Grä1
G12-10,F,S,Djurskog 3,Djurskog_1314,6622918,1278612,2013,2014,illegal,NA,0,NA,0.3,1.24,0.42,5.78,221.813,32.621,178.517,0.361,1765,Årjäng,S,9.145,1,0,0,79.94623656,6,66,531.2,0.50180267,0.355013282,0,0.00275,0.00037,0,0,0,0,0,0.00055,0,0,0.02904,0,0.00191,0.01271,0.02001,3.00E-04,0.78979,0.01146,0,0,0.02145,0,0,0,0,0.00027,0.04781,0,0,0,0.06158,0,0,0,1,G12-10,0,Gal
G22-12,M,S,Djurskog 3,Djurskog_1314,6622918,1278612,2013,2014,censor,NA,0,NA,0.3,1.24,0.42,5.78,221.813,32.621,178.517,0.361,1765,Årjäng,S,9.145,1,0,0,79.94623656,6,66,531.2,0.50180267,0.355013282,0,0.00275,0.00037,0,0,0,0,0,0.00055,0,0,0.02904,0,0.00191,0.01271,0.02001,3.00E-04,0.78979,0.01146,0,0,0.02145,0,0,0,0,0.00027,0.04781,0,0,0,0.06158,0,0,0,1,G22-12,0.27612300000000001,Löv2
G30-12,F,S,Draggen 2,Draggen_1314,6766008,1452648,2013,2014,NA,NA,0,NA,0.23,1.07,0.78,5.45,261.917,23.717,175.762,0.094,2031,Rättvik,S,5.567,0,0,0,80.32777778,6,2.5,2.2,0.474794665,0.342382576,0,0.0127,0.00094,0,0,0,0.00109,0,0,0.0012,0.00097,0.02553,0,0.00482,0.00722,0.00195,0.00091,0.65419,0.04188,0,0,0.03469,0,0,0,0,0.00035,0.08574,0,0,0,0.12582,0,0,0,1,G30-12,0.227051,Sil1
G99-13,M,S,Draggen 2,Draggen_1314,6766008,1452648,2013,2014,NA,NA,0,NA,0.23,1.07,0.78,5.45,261.917,23.717,175.762,0.094,2031,Rättvik,S,5.567,0,0,0,80.32777778,6,2.5,2.2,0.474794665,0.342382576,0,0.0127,0.00094,0,0,0,0.00109,0,0,0.0012,0.00097,0.02553,0,0.00482,0.00722,0.00195,0.00091,0.65419,0.04188,0,0,0.03469,0,0,0,0,0.00035,0.08574,0,0,0,0.12582,0,0,0,1,G99-13,0.14105200000000001,Hom2
G136-12,F,S,Drevfjället 2,Drevfjället_1314,6856841,1329685,2013,2014,legal,NA,0,NA,0.16,0.43,0.42,3.53,654.315,25.806,162.133,0.197,2039,Älvdalen,S,1,0,1,1,83.45833333,6,1.3,2.2,0.260445854,0.197031072,0,0.00187,0,0,0,0.00054,0,0.00072,0,0,0.00238,0,0,0,0,0.00153,0.02028,0.65845,0.00913,0,0.04046,0.09222,0,0.0023,0,0,0.00055,0.14785,0,0,0.00055,0.02118,0,0,0,1,G136-12,0.157578,Julu9
G25-12,M,S,Drevfjället 2,Drevfjället_1314,6856841,1329685,2013,2014,legal,NA,0,NA,0.16,0.43,0.42,3.53,654.315,25.806,162.133,0.197,2039,Älvdalen,S,1,0,1,1,83.45833333,6,1.3,2.2,0.260445854,0.197031072,0,0.00187,0,0,0,0.00054,0,0.00072,0,0,0.00238,0,0,0,0,0.00153,0.02028,0.65845,0.00913,0,0.04046,0.09222,0,0.0023,0,0,0.00055,0.14785,0,0,0.00055,0.02118,0,0,0,1,G25-12,0.16552700000000001,Jang6
G19-13,F,S,Forshaga 1,Forshaga_1314,6621134,1372502,2013,2014,NA,NA,0,NA,0.36,1.17,1.05,10.53,147.848,35.747,177.77,0.37,1763,Forshaga,S,27.1,0,4,0,80.16666667,6,2.9,3.4,0.68264282,0.413593173,0,0.01263,0.00053,0,0,0,0,0,0,0.00097,0.00105,0.07884,0,0.00336,0.00684,0.01304,0.00749,0.65083,0.0595,0,0,0.04121,0,0,0,0,0.00062,0.00879,0,0,0.00757,0.10673,0,0,0,1,G19-13,0.27783200000000002,Bratt
M-09-01,M,S,Forshaga 1,Forshaga_1314,6621134,1372502,2013,2014,legal,NA,1,NA,0.36,1.17,1.05,10.53,147.848,35.747,177.77,0.37,1763,Forshaga,S,27.1,0,4,0,80.16666667,6,2.9,3.4,0.68264282,0.413593173,0,0.01263,0.00053,0,0,0,0,0,0,0.00097,0.00105,0.07884,0,0.00336,0.00684,0.01304,0.00749,0.65083,0.0595,0,0,0.04121,0,0,0,0,0.00062,0.00879,0,0,0.00757,0.10673,0,0,0,1,M-09-01,0,Gal
G48-11,M,S,Fänstjärn,Fänstjärn_1314,6709665,1364862,2013,2014,illegal,NA,0,NA,0.24,0.75,0.13,3.86,359.801,25.334,178.381,0.238,1737,Torsby,S,4,0,3,0,81.89583333,6,2.7,3,0.674027932,0.602134852,0,0.00196,0,0,0,0,0,0,0,0,0,0.00797,0,0,0.00499,0.00129,0.00111,0.72023,0.03451,0,0,0.03462,0,0,0,0,0.00099,0.16481,0,0,0.00543,0.02209,0,0,0,1,G48-11,0,Kyn2
G58-10,F,S,Fänstjärn,Fänstjärn_1314,6709665,1364862,2013,2014,censor,NA,0,NA,0.24,0.75,0.13,3.86,359.801,25.334,178.381,0.238,1737,Torsby,S,4,0,3,0,81.89583333,6,2.7,3,0.674027932,0.602134852,0,0.00196,0,0,0,0,0,0,0,0,0,0.00797,0,0,0.00499,0.00129,0.00111,0.72023,0.03451,0,0,0.03462,0,0,0,0,0.00099,0.16481,0,0,0.00543,0.02209,0,0,0,1,G58-10,0.30590800000000001,Ack
M-10-07,M,S,Färna 1,Färna_1314,6638270,1502680,2013,2014,NA,NA,1,NA,0.33,1.2,1.36,10.42,132.308,38.297,172.725,0.261,1904,Skinnskatteberg,S,24.043,0,5,0,80.3989899,6,2.6,2.6,0.47136344,0.450133247,0,0.01083,0.00379,0,0,0,0.00087,0,0,0.00073,0.00079,0.03533,0,0.00221,0.00554,0.01739,0.00598,0.61578,0.05839,0,0,0.06121,0,0,0,0.05904,0.00163,0.02746,0,0,0.00181,0.0912,0,0,0,1,M-10-07,0.42968800000000001,Jang4
M-10-08,F,S,Färna 1,Färna_1314,6638270,1502680,2013,2014,NA,NA,1,NA,0.33,1.2,1.36,10.42,132.308,38.297,172.725,0.261,1904,Skinnskatteberg,S,24.043,0,5,0,80.3989899,6,2.6,2.6,0.47136344,0.450133247,0,0.01083,0.00379,0,0,0,0.00087,0,0,0.00073,0.00079,0.03533,0,0.00221,0.00554,0.01739,0.00598,0.61578,0.05839,0,0,0.06121,0,0,0,0.05904,0.00163,0.02746,0,0,0.00181,0.0912,0,0,0,1,M-10-08,0.26708999999999999,Lok1
G100-13,M,S,Gimmen 2,Gimmen_1314,6723794,1472627,2013,2014,illegal,NA,0,NA,0.44,1.48,3.25,13.89,226.751,25.224,171.984,0.212,2029,Leksand,S,34.75,0,1,0,78.28431373,6,2.6,2.2,0.29806651,0.39291885,0,0.04663,0.00744,0.00022,0,0,0.00146,0.00111,0,0.00107,0.00204,0.06255,0.00029,0.00054,0.00753,0.01486,0.00765,0.68041,0.04218,0,0,0.05487,0,0,0,0,0.00028,0.00227,0,0,0.01199,0.05458,0,0,0,1,G100-13,0.26416000000000001,Lång4
G85-13,F,S,Gimmen 2,Gimmen_1314,6723794,1472627,2013,2014,NA,NA,0,NA,0.44,1.48,3.25,13.89,226.751,25.224,171.984,0.212,2029,Leksand,S,34.75,0,1,0,78.28431373,6,2.6,2.2,0.29806651,0.39291885,0,0.04663,0.00744,0.00022,0,0,0.00146,0.00111,0,0.00107,0.00204,0.06255,0.00029,0.00054,0.00753,0.01486,0.00765,0.68041,0.04218,0,0,0.05487,0,0,0,0,0.00028,0.00227,0,0,0.01199,0.05458,0,0,0,1,G85-13,0.41039999999999999,Gim
G27-12,M,S,Glaskogen 3,Glaskogen_1314,6598587,1311483,2013,2014,NA,NA,0,NA,0.19,0.98,0.44,6.74,181.284,36.83,175.025,0.383,1784,Arvika,S,11.4,0,0,0,81.86458333,6,3.9,3.4,0.438309311,0.398764962,0,0.00147,0,0,0,0,0,0,0,0,7.00E-05,0.02631,0,0.00153,0.00036,0.00769,0.00135,0.69514,0.04446,0,0,0.03413,0,0,0,0,0,0.00733,0,0,0,0.18015,0,0,0,1,G27-12,0.261963,Ful1
G56-11,F,S,Glaskogen 3,Glaskogen_1314,6598587,1311483,2013,2014,NA,NA,0,NA,0.19,0.98,0.44,6.74,181.284,36.83,175.025,0.383,1784,Arvika,S,11.4,0,0,0,81.86458333,6,3.9,3.4,0.438309311,0.398764962,0,0.00147,0,0,0,0,0,0,0,0,7.00E-05,0.02631,0,0.00153,0.00036,0.00769,0.00135,0.69514,0.04446,0,0,0.03413,0,0,0,0,0,0.00733,0,0,0,0.18015,0,0,0,1,G56-11,0.29718,Gla2
G11-11,M,S,Gräsmark 4,Gräsmark_1314,6688387,1321224,2013,2014,NA,NA,0,NA,0.35,1.64,0.05,4.72,315.579,31.625,174.74,0.377,1737,Torsby,S,10.398,1,5,0,81.15104167,6,169.9,2974.9,0.680427162,0.572921863,0,0.00123,0,0,0,0,0,0,0,0,0,0.00445,0,0,0.00459,0.00508,0.00192,0.79487,0.01721,0,0,0.07623,0,0,0,0,0,0.03816,0,0,0,0.05627,0,0,0,1,G11-11,0.261963,Ful1
M-06-10,F,S,Gräsmark 4,Gräsmark_1314,6688387,1321224,2013,2014,illegal,NA,1,NA,0.35,1.64,0.05,4.72,315.579,31.625,174.74,0.377,1737,Torsby,S,10.398,1,5,0,81.15104167,6,169.9,2974.9,0.680427162,0.572921863,0,0.00123,0,0,0,0,0,0,0,0,0,0.00445,0,0,0.00459,0.00508,0.00192,0.79487,0.01721,0,0,0.07623,0,0,0,0,0,0.03816,0,0,0,0.05627,0,0,0,1,M-06-10,0.296875,Grå
G121-13,M,S,Gårdsjö 3,Gårdsjö_1314,6635333,1362688,2013,2014,NA,NA,0,NA,0.36,1.18,0.86,9.31,165.962,37.757,177.389,0.42,1766,Sunne,S,21.54,0,5,0,79.64425505,6,3.1,3.4,0.607872467,0.374086475,0,0.01125,0.00084,0,0,0,0.00047,0.00034,0,0.00114,0.00127,0.11633,0,0.0049,0.00777,0.01468,0.0061,0.62268,0.05837,0,0,0.04242,0,0,0,0,0.00026,0.00991,0,0,0.00696,0.09433,0,0,0,1,G121-13,0.16552700000000001,Jang6
G55-11,F,S,Gårdsjö 3,Gårdsjö_1314,6635333,1362688,2013,2014,NA,NA,0,NA,0.36,1.18,0.86,9.31,165.962,37.757,177.389,0.42,1766,Sunne,S,21.54,0,5,0,79.64425505,6,3.1,3.4,0.607872467,0.374086475,0,0.01125,0.00084,0,0,0,0.00047,0.00034,0,0.00114,0.00127,0.11633,0,0.0049,0.00777,0.01468,0.0061,0.62268,0.05837,0,0,0.04242,0,0,0,0,0.00026,0.00991,0,0,0.00696,0.09433,0,0,0,1,G55-11,0.27783200000000002,Bratt
G11-13,M,S,Gåsborn 3,Gåsborn_1314,6654005,1428254,2013,2014,NA,NA,0,NA,0.3,1.08,0.22,6.28,291.17,34.133,173.462,0.335,1863,Hällefors,S,9.95,0,5,0,81.31770833,6,2.5,2.8,0.574650623,0.481182697,0,0.00162,0,0,0,0,0,0.00041,0,0,0.00044,0,0,0.00057,0.00091,0.00155,0.00028,0.74558,0.0262,0,0,0.09934,0,0,0,0,0.00048,0.05271,0,0,0.00049,0.06941,0,0,0,1,G11-13,0.16552700000000001,Jang6
G49-12,F,S,Gåsborn 3,Gåsborn_1314,6654005,1428254,2013,2014,NA,NA,0,NA,0.3,1.08,0.22,6.28,291.17,34.133,173.462,0.335,1863,Hällefors,S,9.95,0,5,0,81.31770833,6,2.5,2.8,0.574650623,0.481182697,0,0.00162,0,0,0,0,0,0.00041,0,0,0.00044,0,0,0.00057,0.00091,0.00155,0.00028,0.74558,0.0262,0,0,0.09934,0,0,0,0,0.00048,0.05271,0,0,0.00049,0.06941,0,0,0,1,G49-12,0.12667800000000001,Gås
G124-13,F,S,Gåsmyren 1,Gåsmyren_1314,6672500,1499104,2013,2014,NA,NA,0,NA,0.33,1.43,2.28,10.64,178.902,36.706,174.444,0.296,1962,Norberg,S,24.133,0,1,0,81.64864865,6,2.9,2.3,0.477505568,0.378598974,0,0.01513,0.00212,0,0,0.00042,0,0.00042,0,0.00036,0.00078,0.07113,0,0.00079,0.00372,0.01326,0.00723,0.67518,0.04244,0,0,0.07975,0,0,0,0,0.00163,0.00411,0,0,0.00317,0.07836,0,0,0,1,G124-13,0.33898899999999998,Tans
G67-11,M,S,Gåsmyren 1,Gåsmyren_1314,6672500,1499104,2013,2014,NA,NA,0,NA,0.33,1.43,2.28,10.64,178.902,36.706,174.444,0.296,1962,Norberg,S,24.133,0,1,0,81.64864865,6,2.9,2.3,0.477505568,0.378598974,0,0.01513,0.00212,0,0,0.00042,0,0.00042,0,0.00036,0.00078,0.07113,0,0.00079,0.00372,0.01326,0.00723,0.67518,0.04244,0,0,0.07975,0,0,0,0,0.00163,0.00411,0,0,0.00317,0.07836,0,0,0,1,G67-11,0.35199000000000003,Snd2
G13-10,M,S,Haersjo 1,Hærsjø_1314,6655894,1315619,2013,2014,NA,NA,0,NA,0.42,1.39,0.41,6.55,237.995,35.063,176.112,0.38,1784,Arvika,S,10.972,1,4,0,82.28125,6,101.8,1693.5,0.619282397,0.444102007,0,0.00413,0.00048,0,0,0,0,0,9.00E-04,0,0,0.02104,0,0.00067,0.00525,0.02224,0.00026,0.79792,0.00679,0,0,0.04881,0,0,0,0,0,0.01786,0,0,0.00031,0.07334,0,0,0,1,G13-10,0.27490199999999998,Äpp
G88-13,F,S,Haersjö 1,Hærsjø_1314,6655894,1315619,2013,2014,NA,NA,0,NA,0.42,1.39,0.41,6.55,237.995,35.063,176.112,0.38,1784,Arvika,S,10.972,1,4,0,82.28125,6,101.8,1693.5,0.619282397,0.444102007,0,0.00413,0.00048,0,0,0,0,0,9.00E-04,0,0,0.02104,0,0.00067,0.00525,0.02224,0.00026,0.79792,0.00679,0,0,0.04881,0,0,0,0,0,0.01786,0,0,0.00031,0.07334,0,0,0,1,G88-13,0.15216099999999999,Sku
G21-12,M,S,Haverö 3,Prästskogen/Haverö_1314,6874911,1484631,2013,2014,legal,NA,0,NA,0.26,1.12,0.06,3.98,324.462,22.613,162.55,0.192,2161,Ljusdal,S,2.25,0,0,0,81.89047619,6,2.8,3,0.48333417,0.392893178,0,0.00039,0,0,0,0.00112,0,0,0,0,0,0.00251,0,0,0.00083,0,0,0.7231,0.01792,0,0,0.17582,0,0,0,0,0.00064,0.03713,0,0,0.00832,0.03223,0,0,0,1,G21-12,0.46972700000000001,Skrä1
G68-13,F,S,Haverö 3,Prästskogen/Haverö_1314,6874911,1484631,2013,2014,NA,NA,0,NA,0.26,1.12,0.06,3.98,324.462,22.613,162.55,0.192,2161,Ljusdal,S,2.25,0,0,0,81.89047619,6,2.8,3,0.48333417,0.392893178,0,0.00039,0,0,0,0.00112,0,0,0,0,0,0.00251,0,0,0.00083,0,0,0.7231,0.01792,0,0,0.17582,0,0,0,0,0.00064,0.03713,0,0,0.00832,0.03223,0,0,0,1,G68-13,0.13900799999999999,Dju3
G34-12,M,S,Hedbyn 3,Hedbyn_1314,6616737,1488603,2013,2014,NA,NA,0,NA,0.37,1.12,0.5,8.01,106.845,39.515,173.616,0.235,1983,Köping,S,26.7,0,5,0,76.81770833,6,2.6,2.7,0.639034423,0.594397738,0,0.00666,0,0,0,0,4.00E-04,0,0,0.00023,0.00028,0.07968,0,0.00117,0.01147,0.01552,0.00162,0.65306,0.04382,0,0,0.07737,0,0,0,0.00054,0.00374,0.03668,0,0,0,0.06775,0,0,0,1,G34-12,0.35199000000000003,Snd2
M-10-06,F,S,Hedbyn 3,Hedbyn_1314,6616737,1488603,2013,2014,illegal,NA,1,NA,0.37,1.12,0.5,8.01,106.845,39.515,173.616,0.235,1983,Köping,S,26.7,0,5,0,76.81770833,6,2.6,2.7,0.639034423,0.594397738,0,0.00666,0,0,0,0,4.00E-04,0,0,0.00023,0.00028,0.07968,0,0.00117,0.01147,0.01552,0.00162,0.65306,0.04382,0,0,0.07737,0,0,0,0.00054,0.00374,0.03668,0,0,0,0.06775,0,0,0,1,M-10-06,0.29931600000000003,Klot
G11-14,F,S,Höstet,Höstet_1314,6861576,1357262,2013,2014,legal,NA,0,NA,0.14,0.46,0.34,3.28,621.681,20.567,175.931,0.147,2039,Älvdalen,S,0.95,0,1,1,83.36458333,6,1.3,2.2,0.266248918,0.257521343,0,0.00428,0.00044,0,0,0,0,0,0,0,0.00511,0,0,3.00E-04,0.00064,0.00083,0.00822,0.59509,0.00823,0,0.11765,0.07912,0,0,0.01867,0,0.00058,0.14665,0,0,0,0.01419,0,0,0,1,G11-14,0.12667800000000001,A
G34-13,M,S,Höstet,Höstet_1314,6861576,1357262,2013,2014,legal,NA,0,NA,0.14,0.46,0.34,3.28,621.681,20.567,175.931,0.147,2039,Älvdalen,S,0.95,0,1,1,83.36458333,6,1.3,2.2,0.266248918,0.257521343,0,0.00428,0.00044,0,0,0,0,0,0,0,0.00511,0,0,3.00E-04,0.00064,0.00083,0.00822,0.59509,0.00823,0,0.11765,0.07912,0,0,0.01867,0,0.00058,0.14665,0,0,0,0.01419,0,0,0,1,G34-13,0.23433699999999999,Amä2
G6-12,M,S,Jangen 6,Jangen_1314,6664928,1360871,2013,2014,NA,NA,0,NA,0.34,1.19,0.32,6.41,209.245,36.559,176.358,0.416,1783,Hagfors,S,6.533,0,4,0,80.171875,6,3,3.4,0.45111083,0.492062908,0,0.0072,0.00026,0,0,0.00119,0,0,0,0.00034,4.00E-04,0.06732,0,0,0.00552,0.01817,0.0038,0.71663,0.01507,0,0,0.05052,0,0,0,0,0.00063,0.0205,0,0,0.00687,0.08556,0,0,0,1,G6-12,0,Kyn2
M-06-05,F,S,Jangen 6,Jangen_1314,6664928,1360871,2013,2014,NA,NA,1,NA,0.34,1.19,0.32,6.41,209.245,36.559,176.358,0.416,1783,Hagfors,S,6.533,0,4,0,80.171875,6,3,3.4,0.45111083,0.492062908,0,0.0072,0.00026,0,0,0.00119,0,0,0,0.00034,4.00E-04,0.06732,0,0,0.00552,0.01817,0.0038,0.71663,0.01507,0,0,0.05052,0,0,0,0,0.00063,0.0205,0,0,0.00687,0.08556,0,0,0,1,M-06-05,0.26953100000000002,Ny5
M14-09/G16-12,F,N,Julussa 9,Julussa_1314,6814602,1262131,2013,2014,NA,NA,1,NA,0.12,1.13,0.02,3.97,563.781,19.828,160.901,0.295,429,Åmot,N,1.698,1,0,0,85.15293561,6,561.6,6930,0.500242169,0.372654605,0,0,0,0,0,0,5.00E-04,0,0,0,0,0.00796,0,0,0,0.00328,0.01119,0.6533,0.01021,0,0.02455,0.11654,0,0,0.00842,0,0,0.13417,0,0,0.00653,0.02335,0,0,0,1,G16-12,0,Kyn2
M14-10/G95-10,M,N,Julussa 9,Julussa_1314,6814602,1262131,2013,2014,NA,NA,1,NA,0.12,1.13,0.02,3.97,563.781,19.828,160.901,0.295,429,Åmot,N,1.698,1,0,0,85.15293561,6,561.6,6930,0.500242169,0.372654605,0,0,0,0,0,0,5.00E-04,0,0,0,0,0.00796,0,0,0,0.00328,0.01119,0.6533,0.01021,0,0.02455,0.11654,0,0,0.00842,0,0,0.13417,0,0,0.00653,0.02335,0,0,0,1,G95-10,0.284912,Ulr3
G20-13,F,S,Kerto,Kerto_1314,6677100,1332925,2013,2014,NA,NA,0,NA,0.28,1.3,0.57,5.13,267.176,34.205,169.921,0.406,1737,Torsby,S,11.43,1,5,0,80.97916667,6,21.1,273.5,0.58407388,0.576847597,0,0.00681,0.00052,0,0,0.00047,0,0,0,0.00034,0.0012,0.02613,0,0,0.00558,0.0128,0.00118,0.79367,0.02297,0,0,0.0722,0,0,0,0,0,0.01826,0,0,0,0.03787,0,0,0,1,G20-13,0.15216099999999999,Sku
G27-14,M,S,Kerto,Kerto_1314,6677100,1332925,2013,2014,NA,NA,0,NA,0.28,1.3,0.57,5.13,267.176,34.205,169.921,0.406,1737,Torsby,S,11.43,1,5,0,80.97916667,6,21.1,273.5,0.58407388,0.576847597,0,0.00681,0.00052,0,0,0.00047,0,0,0,0.00034,0.0012,0.02613,0,0,0.00558,0.0128,0.00118,0.79367,0.02297,0,0,0.0722,0,0,0,0,0,0.01826,0,0,0,0.03787,0,0,0,1,G27-14,0.29980499999999999,Trå
G27-11,M,S,Kindla,Kindla_1314,6641238,1443751,2013,2014,NA,NA,0,NA,0.3,1.32,0.58,7.47,245.977,30.635,175.915,0.268,1863,Hällefors,S,13.3,0,5,0,81.16129032,6,2.3,2.9,0.696783996,0.582809697,0,0.00726,0.00028,0,0,0,0.00035,0.00041,0,0,0.00031,0.00399,0,0.00027,0.00041,0.00579,0.00243,0.7857,0.03995,0,0,0.05767,0,0,0,0,0.00031,0.01715,0,0,0,0.07772,0,0,0,1,G27-11,0.227051,Sil1
G60-13,F,S,Kindla,Kindla_1314,6641238,1443751,2013,2014,NA,NA,0,NA,0.3,1.32,0.58,7.47,245.977,30.635,175.915,0.268,1863,Hällefors,S,13.3,0,5,0,81.16129032,6,2.3,2.9,0.696783996,0.582809697,0,0.00726,0.00028,0,0,0,0.00035,0.00041,0,0,0.00031,0.00399,0,0.00027,0.00041,0.00579,0.00243,0.7857,0.03995,0,0,0.05767,0,0,0,0,0.00031,0.01715,0,0,0,0.07772,0,0,0,1,G60-13,0.30590800000000001,Ack
G135-13,M,S,Klaxåsen 2,Klaxåsen_1314,6911719,1433572,2013,2014,legal,NA,0,NA,0.1,0.81,0.16,3,503.107,22.81,162.306,0.168,2326,Berg,S,1.1,0,0,1,82.63978495,6,2.5,2.4,0.471990176,0.228529686,0,0.00039,0,0,0,0,0,0,0,0,0,0.0012,0,0.00156,0.00031,0.00591,0.00033,0.65063,0.04989,3.00E-04,0,0.09522,0,0,0,0,0,0.18049,0,0,0,0.01374,0,0,0,1,G135-13,0.29061900000000002,Gård2
G76-13,F,S,Klaxåsen 2,Klaxåsen_1314,6911719,1433572,2013,2014,legal,NA,0,NA,0.1,0.81,0.16,3,503.107,22.81,162.306,0.168,2326,Berg,S,1.1,0,0,1,82.63978495,6,2.5,2.4,0.471990176,0.228529686,0,0.00039,0,0,0,0,0,0,0,0,0,0.0012,0,0.00156,0.00031,0.00591,0.00033,0.65063,0.04989,3.00E-04,0,0.09522,0,0,0,0,0,0.18049,0,0,0,0.01374,0,0,0,1,G76-13,0.21491199999999999,Snd3
M-05-07,F,S,Kloten,Kloten_1314,6638334,1478103,2013,2014,NA,NA,1,NA,0.32,1.28,0.26,6.17,215.01,32.957,173.218,0.27,1904,Skinnskatteberg,S,18.22,0,6,0,82.26767677,6,2.8,2.6,0.514196908,0.529022994,0,0.00478,0.00068,0,0,0,0.00091,7.00E-04,0,0.00044,0,0.02763,0,0.00104,0.00594,0.0134,0.0023,0.75486,0.02115,0,0,0.0783,0,0,0,0,0.00019,0.01133,0,0,0,0.07635,0,0,0,1,M-05-07,0.30224600000000001,Utt
M-09-18,M,S,Kloten,Kloten_1314,6638334,1478103,2013,2014,NA,NA,1,NA,0.32,1.28,0.26,6.17,215.01,32.957,173.218,0.27,1904,Skinnskatteberg,S,18.22,0,6,0,82.26767677,6,2.8,2.6,0.514196908,0.529022994,0,0.00478,0.00068,0,0,0,0.00091,7.00E-04,0,0.00044,0,0.02763,0,0.00104,0.00594,0.0134,0.0023,0.75486,0.02115,0,0,0.0783,0,0,0,0,0.00019,0.01133,0,0,0,0.07635,0,0,0,1,M-09-18,0.29980499999999999,Krp2
G32-12,M,S,Kläggen,Kläggen_1314,6696110,1330138,2013,2014,NA,NA,0,NA,0.3,1.45,0.09,3.85,318.772,27.32,175.585,0.326,1737,Torsby,S,8.631,1,6,0,81.19191919,6,51.7,1243.3,0.672809028,0.600760188,0,0.00138,0,0,0,0,0,0,0,0,0.00056,0.00554,0,0,0.00645,0.0053,0.00192,0.81271,0.02578,0,0,0.07632,0,0,0,0,0,0.02148,0,0,0,0.04257,0,0,0,1,G32-12,0.30590800000000001,Ack
G85-11,F,S,Kläggen,Kläggen_1314,6696110,1330138,2013,2014,NA,NA,0,NA,0.3,1.45,0.09,3.85,318.772,27.32,175.585,0.326,1737,Torsby,S,8.631,1,6,0,81.19191919,6,51.7,1243.3,0.672809028,0.600760188,0,0.00138,0,0,0,0,0,0,0,0,0.00056,0.00554,0,0,0.00645,0.0053,0.00192,0.81271,0.02578,0,0,0.07632,0,0,0,0,0,0.02148,0,0,0,0.04257,0,0,0,1,G85-11,0.27050800000000003,Amä1
G96-12,M,S,Korsån 3,Korså_1314,6740588,1522456,2013,2014,NA,NA,0,NA,0.2,1.3,0.23,6.14,253.788,28.324,166.833,0.174,2080,Falun,S,21.7,0,2,0,80.07843137,6,2.9,2.5,0.47575698,0.449723615,0,0.0035,0,0,0,0,0,0,0,0,0,0.01631,0,0.00026,0,0.00238,0.00237,0.76207,0.02065,0,0,0.11673,0,0,0,0,0.00094,0.02302,0,0,0,0.05177,0,0,0,1,G96-12,0,Kyn2
M-05-11,F,S,Korsån 3,Korså_1314,6740588,1522456,2013,2014,legal,NA,1,NA,0.2,1.3,0.23,6.14,253.788,28.324,166.833,0.174,2080,Falun,S,21.7,0,2,0,80.07843137,6,2.9,2.5,0.47575698,0.449723615,0,0.0035,0,0,0,0,0,0,0,0,0,0.01631,0,0.00026,0,0.00238,0.00237,0.76207,0.02065,0,0,0.11673,0,0,0,0,0.00094,0.02302,0,0,0,0.05177,0,0,0,1,M-05-11,0.21972700000000001,Amu1
G48-13,F,S,Kroppefjäll 6,Kroppefjäll_1314,6506425,1290002,2013,2014,NA,NA,0,NA,0.52,1.26,0.79,9.63,116.005,40.519,176.072,0.278,1487,Vänersborg,S,22.66,0,1,0,58.1372549,6,3.3,3.5,0.497913653,0.348833745,0,0.0099,4.00E-05,0,0,0,3.00E-04,0,0,0,6.00E-04,0.34661,0,0.00396,0.00289,0.0367,0.02917,0.42498,0.06013,0,0,0.02061,0,0,0,0,0.00099,0.03032,0,0,0,0.03279,0,0,0,1,G48-13,0.15216099999999999,Sku
G7-13,M,S,Kroppefjäll 6,Kroppefjäll_1314,6506425,1290002,2013,2014,NA,NA,0,NA,0.52,1.26,0.79,9.63,116.005,40.519,176.072,0.278,1487,Vänersborg,S,22.66,0,1,0,58.1372549,6,3.3,3.5,0.497913653,0.348833745,0,0.0099,4.00E-05,0,0,0,3.00E-04,0,0,0,6.00E-04,0.34661,0,0.00396,0.00289,0.0367,0.02917,0.42498,0.06013,0,0,0.02061,0,0,0,0,0.00099,0.03032,0,0,0,0.03279,0,0,0,1,G7-13,0.27356000000000003,Rot2
G15-13,F,S,Kukkumäki 1,Kukkumäki_1314,6808638,1482012,2013,2014,NA,NA,0,NA,0.2,1.2,0.08,4.84,288.033,24.164,170.829,0.177,2121,Ovanåker,S,5.85,0,0,0,80.83870968,6,1.5,2.7,0.426812974,0.265080035,0,0.00172,0,0,0,0,0,0,0,0,0,0.01475,0,0.00079,0.00097,0.00035,0.00035,0.74099,0.00815,0,0,0.14672,0,0,0,0.00134,0.00059,0.03707,0,0,0.00034,0.04587,0,0,0,1,G15-13,0.29699700000000001,Tand
G24-13,M,S,Kukkumäki 1,Kukkumäki_1314,6808638,1482012,2013,2014,NA,NA,0,NA,0.2,1.2,0.08,4.84,288.033,24.164,170.829,0.177,2121,Ovanåker,S,5.85,0,0,0,80.83870968,6,1.5,2.7,0.426812974,0.265080035,0,0.00172,0,0,0,0,0,0,0,0,0,0.01475,0,0.00079,0.00097,0.00035,0.00035,0.74099,0.00815,0,0,0.14672,0,0,0,0.00134,0.00059,0.03707,0,0,0.00034,0.04587,0,0,0,1,G24-13,0.247803,Ten2
G104-11,M,S,Kungskogen 1,Kungsskogen_1314,6603763,1400697,2013,2014,NA,NA,0,NA,0.39,1.12,0.77,9.99,147.605,39.442,178.794,0.309,1760,Storfors,S,31.1,0,5,0,75.1875,6,2.8,3.4,0.609264044,0.401648166,0,0.00605,0.00069,0,0,0,0.00044,0,0,0,0.00159,0.13397,0,0.00305,0.00612,0.00831,0.00559,0.58749,0.05392,0,0,0.04682,0,0,0,0,0.00215,0.059,0,0,0,0.08368,0.00112,0,0,1,G104-11,0,Kyn2
G49-11,F,S,Kungskogen 1,Kungsskogen_1314,6603763,1400697,2013,2014,NA,NA,0,NA,0.39,1.12,0.77,9.99,147.605,39.442,178.794,0.309,1760,Storfors,S,31.1,0,5,0,75.1875,6,2.8,3.4,0.609264044,0.401648166,0,0.00605,0.00069,0,0,0,0.00044,0,0,0,0.00159,0.13397,0,0.00305,0.00612,0.00831,0.00559,0.58749,0.05392,0,0,0.04682,0,0,0,0,0.00215,0.059,0,0,0,0.08368,0.00112,0,0,1,G49-11,0,Kyn2
G91-11,M,N,Kynna 3,Kynna_1314,6749513,1297453,2013,2014,NA,NA,0,NA,0.28,1.55,0.37,5.78,359.61,21.541,173.557,0.191,426,Våler,N,8.044,1,0,0,80.24747475,6,361,6597.5,0.520143181,0.544452544,0,0.00048,0,0,0,0,0,0,0,0,0,0.06377,0,0,0,0.00217,0.00015,0.56447,0.01068,0,0,0.19206,0,0,0.0025,0,0,0.14708,0,0,0,0.01664,0,0,0,1,G91-11,0.29736299999999999,Jang5
M-07-05,F,N,Kynna 3,Kynna_1314,6749513,1297453,2013,2014,NA,NA,1,NA,0.28,1.55,0.37,5.78,359.61,21.541,173.557,0.191,426,Våler,N,8.044,1,0,0,80.24747475,6,361,6597.5,0.520143181,0.544452544,0,0.00048,0,0,0,0,0,0,0,0,0,0.06377,0,0,0,0.00217,0.00015,0.56447,0.01068,0,0,0.19206,0,0,0.0025,0,0,0.14708,0,0,0,0.01664,0,0,0,1,M-07-05,0.29345700000000002,Kyn1
G17-12,M,S,Kynnefjäll 3,Kynnefjäll_1314,6508623,1266247,2013,2014,NA,NA,0,NA,0.42,1.35,0.62,7.12,124.381,38.447,180.247,0.346,1430,Munkedal,S,11.775,0,1,0,64.68229167,6,3.2,3.5,0.306294577,0.258052592,0,0.00704,0,0,0,0,0.00024,0,0,0,0.00061,0.16543,0,0.00521,0.00728,0.04592,0.01077,0.65535,0.02297,0,0,0.02946,0,0,0,0,0,0.01069,0,0,0,0.03903,0,0,0,1,G17-12,0.15216099999999999,Sku
G198-13,F,S,Kynnefjäll 3,Kynnefjäll_1314,6508623,1266247,2013,2014,NA,NA,0,NA,0.42,1.35,0.62,7.12,124.381,38.447,180.247,0.346,1430,Munkedal,S,11.775,0,1,0,64.68229167,6,3.2,3.5,0.306294577,0.258052592,0,0.00704,0,0,0,0,0.00024,0,0,0,0.00061,0.16543,0,0.00521,0.00728,0.04592,0.01077,0.65535,0.02297,0,0,0.02946,0,0,0,0,0,0.01069,0,0,0,0.03903,0,0,0,1,G198-13,0,Prä
G12-12,F,S,Kölsta 2,Kölsta_1314,6619414,1507922,2013,2014,NA,NA,0,NA,0.4,1.24,1.33,9.68,90.396,39.915,172.863,0.226,1904,Skinnskatteberg,S,63.38,0,4,0,74.48958333,6,2.3,2.6,0.678326763,0.576026642,0,0.01108,0.00147,0,0,0,0,0,0,0.00039,0.00149,0.13632,0,0.00444,0.0096,0.01295,0.00439,0.59364,0.06834,0,0,0.07353,0,0,0,0.00054,0.00349,0.02804,0,0,0.00087,0.0494,0,0,0,1,G12-12,0.29736299999999999,Fär
G84-11,M,S,Kölsta 2,Kölsta_1314,6619414,1507922,2013,2014,NA,NA,0,NA,0.4,1.24,1.33,9.68,90.396,39.915,172.863,0.226,1904,Skinnskatteberg,S,63.38,0,4,0,74.48958333,6,2.3,2.6,0.678326763,0.576026642,0,0.01108,0.00147,0,0,0,0,0,0,0.00039,0.00149,0.13632,0,0.00444,0.0096,0.01295,0.00439,0.59364,0.06834,0,0,0.07353,0,0,0,0.00054,0.00349,0.02804,0,0,0.00087,0.0494,0,0,0,1,G84-11,0.29931600000000003,Klot
G132-11,M,N,Letjenna 2,Letjenna_1314,6779430,1275634,2013,2014,NA,NA,0,NA,0.35,1.12,0.86,7.79,430.339,20.222,181.888,0.194,427,Elverum,N,7.348,1,1,0,82.890625,6,512,6930,0.504218659,0.316739683,0,0.00162,0.00105,0,0,0,0,0,0,0,0.00044,0.01356,0,0,0.00074,0.03212,0,0.63748,0.00069,0,0.00037,0.13127,0,0,0.00625,0,0,0.15648,0,0,0.00779,0.01013,0,0,0,1,G132-11,0.16552700000000001,Julu8
G74-11,F,N,Letjenna 2,Letjenna_1314,6779430,1275634,2013,2014,NA,NA,0,NA,0.35,1.12,0.86,7.79,430.339,20.222,181.888,0.194,427,Elverum,N,7.348,1,1,0,82.890625,6,512,6930,0.504218659,0.316739683,0,0.00162,0.00105,0,0,0,0,0,0,0,0.00044,0.01356,0,0,0.00074,0.03212,0,0.63748,0.00069,0,0.00037,0.13127,0,0,0.00625,0,0,0.15648,0,0,0.00779,0.01013,0,0,0,1,G74-11,0.27917500000000001,Gös
G22-14,M,S,Lingbo,Lingbo_1314,6775621,1541683,2013,2014,NA,NA,0,NA,0.25,1.33,0.96,7.49,181.26,28.007,157.881,0.192,2182,Söderhamn,S,14.6,0,2,0,79.26898522,6,2.9,3,0.41496951,0.294269024,0,0.00706,0,0,0,0,0.00043,0,0,0.00027,0,0.05478,0,0.00068,0.00062,0.00067,0.0067,0.68757,0.02733,0,0,0.11434,0,0,0,0,0.00059,0.01175,0,0,0,0.0872,0,0,0,1,G22-14,0.13900799999999999,Dju3
G31-14,F,S,Lingbo,Lingbo_1314,6775621,1541683,2013,2014,NA,NA,0,NA,0.25,1.33,0.96,7.49,181.26,28.007,157.881,0.192,2182,Söderhamn,S,14.6,0,2,0,79.26898522,6,2.9,3,0.41496951,0.294269024,0,0.00706,0,0,0,0,0.00043,0,0,0.00027,0,0.05478,0,0.00068,0.00062,0.00067,0.0067,0.68757,0.02733,0,0,0.11434,0,0,0,0,0.00059,0.01175,0,0,0,0.0872,0,0,0,1,G31-14,0.41430699999999998,Sjö
G74-12,M,S,Loka 3,Loka_1314,6597265,1422178,2013,2014,NA,NA,0,NA,0.35,1.25,0.82,9.24,180.706,34.331,178.354,0.29,1883,Karlskoga,S,22.783,0,5,0,79.01075269,6,2.7,3.1,0.643048056,0.514695048,0,0.00837,0.00474,0,0,0.00063,0.00036,0,0,0.00069,0.00088,0.06757,0,0.00305,0.00491,0.01028,3.00E-04,0.63583,0.08603,0,0,0.03134,0,0,0,0,0.00309,0.01152,0,0,0.00237,0.12803,0,0,0,1,G74-12,0.15216099999999999,Nora
M-10-09,F,S,Loka 3,Loka_1314,6597265,1422178,2013,2014,NA,NA,1,NA,0.35,1.25,0.82,9.24,180.706,34.331,178.354,0.29,1883,Karlskoga,S,22.783,0,5,0,79.01075269,6,2.7,3.1,0.643048056,0.514695048,0,0.00837,0.00474,0,0,0.00063,0.00036,0,0,0.00069,0.00088,0.06757,0,0.00305,0.00491,0.01028,3.00E-04,0.63583,0.08603,0,0,0.03134,0,0,0,0,0.00309,0.01152,0,0,0.00237,0.12803,0,0,0,1,M-10-09,0.26708999999999999,Lok1
G1-11,M,S,Lövsjön 6,Lövsjön_1314,6682840,1445634,2013,2014,NA,NA,0,NA,0.25,1.29,0.3,6.01,285.431,34.894,174.822,0.3,2085,Ludvika,S,10.825,0,4,0,81.14583333,6,2.7,2.2,0.605355489,0.586959362,0,0.0063,0.00028,0,0,0,0.00119,9.00E-05,0,0,6.00E-05,0.00561,0,0.00027,0.0035,0.00424,0.0015,0.75133,0.02813,0,0,0.1014,0,0,0,0,0.00094,0.02988,0,0,0,0.06529,0,0,0,1,G1-11,0.26733400000000002,Grä3
G57-13,F,S,Lövsjön 6,Lövsjön_1314,6682840,1445634,2013,2014,NA,NA,0,NA,0.25,1.29,0.3,6.01,285.431,34.894,174.822,0.3,2085,Ludvika,S,10.825,0,4,0,81.14583333,6,2.7,2.2,0.605355489,0.586959362,0,0.0063,0.00028,0,0,0,0.00119,9.00E-05,0,0,6.00E-05,0.00561,0,0.00027,0.0035,0.00424,0.0015,0.75133,0.02813,0,0,0.1014,0,0,0,0,0.00094,0.02988,0,0,0,0.06529,0,0,0,1,G57-13,0.284912,Ulr3
G123-12,F,S,Medskogen 2,Medskogen_1314,6727287,1334749,2013,2014,illegal,NA,0,NA,0.3,0.92,0.55,4.53,397.274,20.028,170.827,0.225,1737,Torsby,S,5.391,1,5,0,81.63541667,6,25.4,419,0.620616467,0.55406357,0,0.00282,0,0,0,0,0,0,0,0,0.00092,0.0023,0,0,0.0043,0.00173,0.00103,0.77948,0.05001,0,0,0.06833,0,0,0,0,0.00129,0.04387,0,0,0.00606,0.03785,0,0,0,1,G123-12,0.27356000000000003,Rot2
G78-11,M,S,Medskogen 2,Medskogen_1314,6727287,1334749,2013,2014,illegal,NA,0,NA,0.3,0.92,0.55,4.53,397.274,20.028,170.827,0.225,1737,Torsby,S,5.391,1,5,0,81.63541667,6,25.4,419,0.620616467,0.55406357,0,0.00282,0,0,0,0,0,0,0,0,0.00092,0.0023,0,0,0.0043,0.00173,0.00103,0.77948,0.05001,0,0,0.06833,0,0,0,0,0.00129,0.04387,0,0,0.00606,0.03785,0,0,0,1,G78-11,0.35199000000000003,Snd2
G56-13,M,S,Musån,Musån_1314,6695281,1379252,2013,2014,illegal,NA,0,NA,0.24,0.86,0.04,4.66,342.009,30.925,176.005,0.309,1783,Hagfors,S,4.1,0,4,0,82.11827957,6,2.6,2.9,0.612128402,0.61561256,0,0,0,0,0,0,0,0,0,0,0,0.00846,0,0,0.00138,0.00187,0.00182,0.69654,0.03002,0,0,0.08562,0,0,0,0,0.00121,0.11146,0,0,0.00483,0.05679,0,0,0,1,G56-13,0.141403,Fäsn
G95-13,F,S,Musån,Musån_1314,6695281,1379252,2013,2014,illegal,NA,0,NA,0.24,0.86,0.04,4.66,342.009,30.925,176.005,0.309,1783,Hagfors,S,4.1,0,4,0,82.11827957,6,2.6,2.9,0.612128402,0.61561256,0,0,0,0,0,0,0,0,0,0,0,0.00846,0,0,0.00138,0.00187,0.00182,0.69654,0.03002,0,0,0.08562,0,0,0,0,0.00121,0.11146,0,0,0.00483,0.05679,0,0,0,1,G95-13,0.30590800000000001,Ack
G154-13,M,S,Mårdshyttan,Mårdshyttan_1314,6620703,1456424,2013,2014,NA,NA,0,NA,0.33,1.46,1.08,8.56,181.486,30.601,170.492,0.237,1885,Lindesberg,S,12.3,0,6,0,80.03645833,6,2.4,2.9,0.573747425,0.440498443,0,0.01303,0.00141,0,0,0,0.00095,7.00E-04,0,0.00036,0.00044,0.0589,0,0.00211,0.00568,0.01871,0.00592,0.68336,0.07501,0,0,0.04452,0,0,0,0,0.00076,0.00465,0,0,0,0.0835,0,0,0,1,G154-13,0.15216099999999999,Nora
G88-14,F,S,Mårdshyttan,Mårdshyttan_1314,6620703,1456424,2013,2014,NA,NA,0,NA,0.33,1.46,1.08,8.56,181.486,30.601,170.492,0.237,1885,Lindesberg,S,12.3,0,6,0,80.03645833,6,2.4,2.9,0.573747425,0.440498443,0,0.01303,0.00141,0,0,0,0.00095,7.00E-04,0,0.00036,0.00044,0.0589,0,0.00211,0.00568,0.01871,0.00592,0.68336,0.07501,0,0,0.04452,0,0,0,0,0.00076,0.00465,0,0,0,0.0835,0,0,0,1,G88-14,0.15216099999999999,Nora
G107-11,M,S,Nora 2,Nora_1314,6604180,1444308,2013,2014,NA,NA,0,NA,0.34,1.26,0.59,8.65,192.298,30.955,174.633,0.229,1884,Nora,S,41.32,0,5,0,80.41145833,6,2.3,2.9,0.620678526,0.533086352,0,0.00877,0.0011,0,0,0,0,0,0,0,0.00125,0.02338,0,0.00093,0.0054,0.00985,0.00586,0.6864,0.09271,0,0,0.03343,0,0,0,0,0,0.00862,0,0,0.00165,0.12065,0,0,0,1,G107-11,0.30590800000000001,Ack
G40-11,F,S,Nora 2,Nora_1314,6604180,1444308,2013,2014,NA,NA,0,NA,0.34,1.26,0.59,8.65,192.298,30.955,174.633,0.229,1884,Nora,S,41.32,0,5,0,80.41145833,6,2.3,2.9,0.620678526,0.533086352,0,0.00877,0.0011,0,0,0,0,0,0,0,0.00125,0.02338,0,0.00093,0.0054,0.00985,0.00586,0.6864,0.09271,0,0,0.03343,0,0,0,0,0,0.00862,0,0,0.00165,0.12065,0,0,0,1,G40-11,0.27612300000000001,Löv2
G41-12,F,S,Nordmark 1,Nordmark_1314,6634685,1407995,2013,2014,censor,NA,0,NA,0.34,1.09,0.69,7.6,247.675,35.089,171.182,0.357,1782,Filipstad,S,6.867,0,5,0,82.29411765,6,2.9,3.4,0.643159899,0.480954063,0,0.00891,0.00166,0,0,0,0.00051,0,0,0,0.00051,0.00651,0,0.00089,0.00257,0.00473,0.00261,0.69606,0.06488,0,0,0.07547,0,0,0,0,0.00084,0.02721,0,0,0.00049,0.10614,0,0,0,1,G41-12,0.35199000000000003,Snd2
G77-13,M,S,Nordmark 1,Nordmark_1314,6634685,1407995,2013,2014,illegal,NA,0,NA,0.34,1.09,0.69,7.6,247.675,35.089,171.182,0.357,1782,Filipstad,S,6.867,0,5,0,82.29411765,6,2.9,3.4,0.643159899,0.480954063,0,0.00891,0.00166,0,0,0,0.00051,0,0,0,0.00051,0.00651,0,0.00089,0.00257,0.00473,0.00261,0.69606,0.06488,0,0,0.07547,0,0,0,0,0.00084,0.02721,0,0,0.00049,0.10614,0,0,0,1,G77-13,0.30590800000000001,Ack
G4-12,F,S,Närsen 1,Närsen_1314,6690162,1427703,2013,2014,illegal,NA,0,NA,0.2,1.19,0.2,5.12,329.482,34.198,176.315,0.321,2021,Vansbro,S,11.6,0,3,0,82.296875,6,2.6,2.2,0.545433555,0.505796502,0,0.00115,0,0,0,0,0,0,0,0,0,0.00855,0,0,0.00086,0.00125,0.00622,0.70399,0.03935,0,0,0.12917,0,0,0,0,0.00122,0.03838,0,0,0.00279,0.06706,0,0,0,1,G4-12,0.30224600000000001,Utt
G58-13,M,S,Närsen 1,Närsen_1314,6690162,1427703,2013,2014,NA,NA,0,NA,0.2,1.19,0.2,5.12,329.482,34.198,176.315,0.321,2021,Vansbro,S,11.6,0,3,0,82.296875,6,2.6,2.2,0.545433555,0.505796502,0,0.00115,0,0,0,0,0,0,0,0,0,0.00855,0,0,0.00086,0.00125,0.00622,0.70399,0.03935,0,0,0.12917,0,0,0,0,0.00122,0.03838,0,0,0.00279,0.06706,0,0,0,1,G58-13,0.26733400000000002,Grä3
G6-08,M,S,Olsjön 1,Olsjön_1314,6665430,1451626,2013,2014,legal,NA,0,NA,0.38,1.31,1.61,9.6,271.997,32.172,173.224,0.262,2085,Ludvika,S,11.05,0,4,0,81.05208333,6,2.6,2.4,0.508926454,0.393211935,0,0.02136,0.00148,0,0,5.00E-04,0.00158,0.00072,0,0.00208,0.00158,0.00327,0,0.00052,0.00219,0.00688,0.00267,0.72262,0.03442,0,0,0.06074,0,0,0,0,0.00086,0.03235,0,0,0,0.10416,0,0,0,1,G6-08,0.29345700000000002,Kyn1
G84-13,F,S,Olsjön 1,Olsjön_1314,6665430,1451626,2013,2014,NA,NA,0,NA,0.38,1.31,1.61,9.6,271.997,32.172,173.224,0.262,2085,Ludvika,S,11.05,0,4,0,81.05208333,6,2.6,2.4,0.508926454,0.393211935,0,0.02136,0.00148,0,0,5.00E-04,0.00158,0.00072,0,0.00208,0.00158,0.00327,0,0.00052,0.00219,0.00688,0.00267,0.72262,0.03442,0,0,0.06074,0,0,0,0,0.00086,0.03235,0,0,0,0.10416,0,0,0,1,G84-13,0.27490199999999998,Äpp
G44-13,F,S,Prästkogen 2,Prästskogen/Haverö_1314,6874911,1484631,2013,2014,legal,NA,0,NA,0.26,1.12,0.06,3.98,324.462,22.613,162.55,0.192,2161,Ljusdal,S,2.25,0,0,0,81.89047619,6,2.8,3,0.48333417,0.392893178,0,0.00039,0,0,0,0.00112,0,0,0,0,0,0.00251,0,0,0.00083,0,0,0.7231,0.01792,0,0,0.17582,0,0,0,0,0.00064,0.03713,0,0,0.00832,0.03223,0,0,0,1,G44-13,0.247803,Ten2
M-09-03,M,S,Prästkogen 2,Prästskogen/Haverö_1314,6874911,1484631,2013,2014,NA,NA,1,NA,0.26,1.12,0.06,3.98,324.462,22.613,162.55,0.192,2161,Ljusdal,S,2.25,0,0,0,81.89047619,6,2.8,3,0.48333417,0.392893178,0,0.00039,0,0,0,0.00112,0,0,0,0,0,0.00251,0,0,0.00083,0,0,0.7231,0.01792,0,0,0.17582,0,0,0,0,0.00064,0.03713,0,0,0.00832,0.03223,0,0,0,1,M-09-03,NA,[Immigrant]
G188-13,F,S,Rackstad 2,Rackstad_1314,6635990,1333316,2013,2014,NA,NA,0,NA,0.32,1.16,0.83,7.26,214.162,36.69,172.792,0.436,1784,Arvika,S,12.9,0,3,0,80.23958333,6,4,3.4,0.499718892,0.403753414,0,0.00566,0.00026,0,0,0,0.00086,0.00068,0,0.00057,0.00155,0.05557,0,0.00037,0.00983,0.01651,0.00211,0.75775,0.01956,0,0,0.03982,0,0,0,0,0,0.00343,0,0,0,0.08547,0,0,0,1,G188-13,0.15216099999999999,Sku
G72-13,M,S,Rackstad 2,Rackstad_1314,6635990,1333316,2013,2014,NA,NA,0,NA,0.32,1.16,0.83,7.26,214.162,36.69,172.792,0.436,1784,Arvika,S,12.9,0,3,0,80.23958333,6,4,3.4,0.499718892,0.403753414,0,0.00566,0.00026,0,0,0,0.00086,0.00068,0,0.00057,0.00155,0.05557,0,0.00037,0.00983,0.01651,0.00211,0.75775,0.01956,0,0,0.03982,0,0,0,0,0,0.00343,0,0,0,0.08547,0,0,0,1,G72-13,0.29980499999999999,Trå
G67-12,M,S,Rombohöjden 1,Rombohöjden_1314,6628034,1440294,2013,2014,NA,NA,0,NA,0.32,1.28,0.71,7.62,217.225,31.281,173.695,0.26,1863,Hällefors,S,11.22,0,7,0,81.23958333,6,2.2,2.9,0.732633589,0.588952842,0,0.00698,0.0014,0,0,0,0,0,0,0,0.00031,0.00587,0,0.00084,0.00183,0.0058,0.00357,0.7048,0.06699,0,0,0.05054,0,0,0,0,0.00031,0.01562,0,0,0.00011,0.13503,0,0,0,1,G67-12,0.24853500000000001,Kors2
G80-13,F,S,Rombohöjden 1,Rombohöjden_1314,6628034,1440294,2013,2014,NA,NA,0,NA,0.32,1.28,0.71,7.62,217.225,31.281,173.695,0.26,1863,Hällefors,S,11.22,0,7,0,81.23958333,6,2.2,2.9,0.732633589,0.588952842,0,0.00698,0.0014,0,0,0,0,0,0,0,0.00031,0.00587,0,0.00084,0.00183,0.0058,0.00357,0.7048,0.06699,0,0,0.05054,0,0,0,0,0.00031,0.01562,0,0,0.00011,0.13503,0,0,0,1,G80-13,0.12667800000000001,Gås
M-11-09/G77-10,M,S,Rotna 2,Rotna_1314,6717472,1315850,2013,2014,NA,NA,1,NA,0.37,1.96,0.02,4.77,386.443,19.287,183.105,0.194,423,Grue,N,8.299,1,3,0,82.046875,6,213.7,4955.9,0.582117577,0.57043344,0,0.00043,0,0,0,0,0,0,0,0,0.00044,0.00641,0,0,0.00044,0.00132,0.00072,0.74228,0.02611,0,0,0.09732,0,0,0,0,5.00E-04,0.07809,0,0,0,0.04594,0,0,0,1,G77-10,0.21484400000000001,Ulr2
M11-10/G42-10,F,S,Rotna 2,Rotna_1314,6717472,1315850,2013,2014,NA,NA,1,NA,0.37,1.96,0.02,4.77,386.443,19.287,183.105,0.194,423,Grue,N,8.299,1,3,0,82.046875,6,213.7,4955.9,0.582117577,0.57043344,0,0.00043,0,0,0,0,0,0,0,0,0.00044,0.00641,0,0,0.00044,0.00132,0.00072,0.74228,0.02611,0,0,0.09732,0,0,0,0,5.00E-04,0.07809,0,0,0,0.04594,0,0,0,1,G42-10,0.26953100000000002,Ny5
G12-09,F,S,Sandsjön 3,Sandsjön_1314,6645248,1389579,2013,2014,NA,NA,0,NA,0.33,1.17,0.38,6.66,249.266,34.861,179.653,0.373,1783,Hagfors,S,29.36,0,5,0,82.01041667,6,2.9,3.4,0.629269055,0.568919741,0,0.00979,0.00141,0,0,4.00E-05,0.00019,0,0,0.00022,0.00076,0.01432,0,0.00103,0.00143,0.00922,0.0032,0.74146,0.02074,0,0,0.1025,0,0,0,0,0.00155,0.02185,0,0,0.00527,0.06501,0,0,0,1,G12-09,0.30590800000000001,Ack
G39-11,M,S,Sandsjön 3,Sandsjön_1314,6645248,1389579,2013,2014,NA,NA,0,NA,0.33,1.17,0.38,6.66,249.266,34.861,179.653,0.373,1783,Hagfors,S,29.36,0,5,0,82.01041667,6,2.9,3.4,0.629269055,0.568919741,0,0.00979,0.00141,0,0,4.00E-05,0.00019,0,0,0.00022,0.00076,0.01432,0,0.00103,0.00143,0.00922,0.0032,0.74146,0.02074,0,0,0.1025,0,0,0,0,0.00155,0.02185,0,0,0.00527,0.06501,0,0,0,1,G39-11,0.15479999999999999,Z
G51-10,M,S,Sjösveden  1,Sjösveden_1314,6778454,1525296,2013,2014,illegal,NA,0,NA,0.21,1.17,0.29,5.65,280.451,28.983,162.838,0.213,2183,Bollnäs,S,15.54,0,3,0,80.76767677,6,2.9,3,0.523551007,0.490609954,0,0.00031,0,0,0,0,0,0,0,0,0,0.02057,0,0.00028,0.00031,0,0.00139,0.70026,0.02132,0,0,0.16081,0,0,0,0,0.00137,0.03996,0,0,0,0.05341,0,0,0,1,G51-10,0.22680700000000001,Kors1
M-09-15,F,S,Sjösveden  1,Sjösveden_1314,6778454,1525296,2013,2014,NA,NA,1,NA,0.21,1.17,0.29,5.65,280.451,28.983,162.838,0.213,2183,Bollnäs,S,15.54,0,3,0,80.76767677,6,2.9,3,0.523551007,0.490609954,0,0.00031,0,0,0,0,0,0,0,0,0,0.02057,0,0.00028,0.00031,0,0.00139,0.70026,0.02132,0,0,0.16081,0,0,0,0,0.00137,0.03996,0,0,0,0.05341,0,0,0,1,M-09-15,0.22680700000000001,Kors1
G18-10,F,S,Skugghöjden,Skugghöjden_1314,6667206,1322840,2013,2014,NA,NA,0,NA,0.32,1.38,0.02,5.04,283.606,34.596,171.8,0.404,1766,Sunne,S,10.972,1,5,0,82.078125,6,103.8,1534.2,0.722422695,0.589627133,0,0.00029,0,0,0,0,0,0,0,0,0,0.00238,0,0,0.00386,0.01169,0,0.80616,0.01256,0,0,0.07046,0,0,0,0,0,0.02295,0,0,0.00031,0.06933,0,0,0,1,G18-10,0.27612300000000001,Löv2
G47-10,M,S,Skugghöjden,Skugghöjden_1314,6667206,1322840,2013,2014,NA,NA,0,NA,0.32,1.38,0.02,5.04,283.606,34.596,171.8,0.404,1766,Sunne,S,10.972,1,5,0,82.078125,6,103.8,1534.2,0.722422695,0.589627133,0,0.00029,0,0,0,0,0,0,0,0,0,0.00238,0,0,0.00386,0.01169,0,0.80616,0.01256,0,0,0.07046,0,0,0,0,0,0.02295,0,0,0.00031,0.06933,0,0,0,1,G47-10,0,Kyn2
M-15-03/G141-13,M,N,Slettås 3,Slettås_1314,6798001,1296781,2013,2014,NA,NA,1,NA,0.4,1.01,1.07,6.36,574.219,19.967,176.863,0.194,428,Trysil,N,7.348,1,1,0,83.92708333,6,729.1,6930,0.505714146,0.478229534,0,0.00334,0.00082,0,0,0,0,0,0.00022,0,0.01316,0.00027,0,0,0.00147,0.01351,0.00208,0.58369,0.00367,0,0.01039,0.04558,0,0.00085,0.00595,0,0,0.26536,0,0,0.00165,0.04798,0,0,0,1,G141-13,0.13900799999999999,Dju3
M-17-14/G70-10,F,N,Slettås 3,Slettås_1314,6798001,1296781,2013,2014,NA,NA,1,NA,0.4,1.01,1.07,6.36,574.219,19.967,176.863,0.194,428,Trysil,N,7.348,1,1,0,83.92708333,6,729.1,6930,0.505714146,0.478229534,0,0.00334,0.00082,0,0,0,0,0,0.00022,0,0.01316,0.00027,0,0,0.00147,0.01351,0.00208,0.58369,0.00367,0,0.01039,0.04558,0,0.00085,0.00595,0,0,0.26536,0,0,0.00165,0.04798,0,0,0,1,G70-10,0.27612300000000001,Löv2
G4-08,F,S,Sången 2,Sången_1314,6727063,1431343,2013,2014,illegal,NA,0,NA,0.23,1.04,0.29,5.04,317.125,29.312,173.16,0.254,2029,Leksand,S,9.25,0,0,0,81.22395833,6,2.6,2.2,0.471068595,0.55504922,0,0.00298,0,0,0,0,0,0,0,0,0.00096,0.01748,0,0,3.00E-04,0.00128,0.00099,0.72975,0.04485,0,0,0.10791,0,0,0,0,0.00097,0.0199,0,0,0.00172,0.07091,0,0,0,1,G4-08,0.29345700000000002,Kyn1
G98-13,M,S,Sången 2,Sången_1314,6727063,1431343,2013,2014,NA,NA,0,NA,0.23,1.04,0.29,5.04,317.125,29.312,173.16,0.254,2029,Leksand,S,9.25,0,0,0,81.22395833,6,2.6,2.2,0.471068595,0.55504922,0,0.00298,0,0,0,0,0,0,0,0,0.00096,0.01748,0,0,3.00E-04,0.00128,0.00099,0.72975,0.04485,0,0,0.10791,0,0,0,0,0.00097,0.0199,0,0,0.00172,0.07091,0,0,0,1,G98-13,0.15216099999999999,Sku
G134-12,F,N,Sölen,Sølen_1314,6859552,1279722,2013,2014,legal,NA,0,NA,0.11,0.33,0,1.82,785.486,18.9,174.409,0.224,432,Rendalen,N,1.149,1,0,0,84.78090278,6,328.2,6930,0.454178636,0.261916748,0,0,0,0,0,0,0,0,0,0,0.00079,0,0,0,0,0.00554,0.06414,0.42195,0.01555,0,0.01416,0.01026,0,0.02874,0.22104,0,0,0.1932,0,0,0,0.02463,0,0,0,1,G134-12,0.157578,Julu9
G33-14,M,N,Sölen,Sølen_1314,6859552,1279722,2013,2014,legal,NA,0,NA,0.11,0.33,0,1.82,785.486,18.9,174.409,0.224,432,Rendalen,N,1.149,1,0,0,84.78090278,6,328.2,6930,0.454178636,0.261916748,0,0,0,0,0,0,0,0,0,0,0.00079,0,0,0,0,0.00554,0.06414,0.42195,0.01555,0,0.01416,0.01026,0,0.02874,0.22104,0,0,0.1932,0,0,0,0.02463,0,0,0,1,G33-14,0.14679700000000001,Tans2
M-09-09,F,S,Tandsjön 1,Tandsjön_1314,6843702,1416278,2013,2014,NA,NA,1,NA,0.07,0.77,0.05,2.78,582.933,24.637,169.835,0.202,2361,Härjedalen,S,3.32,0,0,1,82.11616162,6,1.1,2.4,0.49499242,0.487442821,0,0,0,0,0,0,0,0,0,0,0,0.00177,0,0.00134,0.00046,0.00047,0.01017,0.6111,0.01101,0,0.0098,0.17376,0,0,0,0,0.00042,0.16276,0,0,0,0.01693,0,0,0,1,M-09-09,0.261963,Ful1
M-11-03,M,S,Tandsjön 1,Tandsjön_1314,6843702,1416278,2013,2014,illegal,1,1,NA,0.07,0.77,0.05,2.78,582.933,24.637,169.835,0.202,2361,Härjedalen,S,3.32,0,0,1,82.11616162,6,1.1,2.4,0.49499242,0.487442821,0,0,0,0,0,0,0,0,0,0,0,0.00177,0,0.00134,0.00046,0.00047,0.01017,0.6111,0.01101,0,0.0098,0.17376,0,0,0,0,0.00042,0.16276,0,0,0,0.01693,0,0,0,1,M-11-03,0.26708999999999999,Lok1
M-10-07,M,S,Tansen 3,Tansen_1314,6700482,1465821,2013,2014,NA,NA,1,NA,0.36,1.43,2.49,13.76,261.255,28.029,176.535,0.242,2081,Borlänge,S,29.3,0,2,0,80.37745098,6,2.7,2.2,0.511954902,0.379530952,0,0.03435,0.00738,0.00064,0,0.001,0,0,0,6.00E-04,0.00237,0.06702,0.00028,0.00026,0.00603,0.00559,0.00937,0.71827,0.04544,0,0,0.05567,0,0,0,0,5.00E-04,0.00096,0,0,0.00944,0.03483,0,0,0,1,M-10-07,0.42968800000000001,Jang4
M11-05/G47-11,F,S,Tansen 3,Tansen_1314,6700482,1465821,2013,2014,NA,NA,1,NA,0.36,1.43,2.49,13.76,261.255,28.029,176.535,0.242,2081,Borlänge,S,29.3,0,2,0,80.37745098,6,2.7,2.2,0.511954902,0.379530952,0,0.03435,0.00738,0.00064,0,0.001,0,0,0,6.00E-04,0.00237,0.06702,0.00028,0.00026,0.00603,0.00559,0.00937,0.71827,0.04544,0,0,0.05567,0,0,0,0,5.00E-04,0.00096,0,0,0.00944,0.03483,0,0,0,1,G47-11,0,Kyn2
M13-12/G23-13,M,S,Tiveden 1,Tiveden_1314,6528503,1436760,2013,2014,NA,NA,1,NA,0.38,1.41,0.98,8.13,142.319,37.217,178.495,0.22,1882,Askersund,S,15.86,0,0,0,76.43295019,6,3.8,2.9,0.449029914,0.214496769,0,0.00995,0.00186,0.00038,0,0,0.00028,0,0,0.00025,0.00154,0.05883,0,0.00197,0.00292,0.01593,0.0098,0.62964,0.0625,0,0,0.04045,0,0,0,0,0.00169,0.01336,0,0,0,0.14865,0,0,0,1,G23-13,NA,[Immigrant]
M-13-12/G31-13,F,S,Tiveden 1,Tiveden_1314,6528503,1436760,2013,2014,NA,NA,1,NA,0.38,1.41,0.98,8.13,142.319,37.217,178.495,0.22,1882,Askersund,S,15.86,0,0,0,76.43295019,6,3.8,2.9,0.449029914,0.214496769,0,0.00995,0.00186,0.00038,0,0,0.00028,0,0,0.00025,0.00154,0.05883,0,0.00197,0.00292,0.01593,0.0098,0.62964,0.0625,0,0,0.04045,0,0,0,0,0.00169,0.01336,0,0,0,0.14865,0,0,0,1,G31-13,NA,[Immigrant]
G10-10,M,S,Trång 1,Trång_1314,6703336,1358391,2013,2014,illegal,NA,0,NA,0.29,0.89,0.14,3.79,311.418,25.755,179.331,0.258,1737,Torsby,S,4,0,4,0,81.5,6,2.9,3.3,0.708343964,0.635006896,0,0.0022,0,0,0,0,0,0,0,0,0,0.01026,0,0,0.00742,0.00279,0.00139,0.78508,0.01983,0,0,0.04142,0,0,0,0,0.00099,0.10438,0,0,0.00597,0.01826,0,0,0,1,G10-10,0.27917500000000001,Gös
G11-10,F,S,Trång 1,Trång_1314,6703336,1358391,2013,2014,illegal,NA,0,NA,0.29,0.89,0.14,3.79,311.418,25.755,179.331,0.258,1737,Torsby,S,4,0,4,0,81.5,6,2.9,3.3,0.708343964,0.635006896,0,0.0022,0,0,0,0,0,0,0,0,0,0.01026,0,0,0.00742,0.00279,0.00139,0.78508,0.01983,0,0,0.04142,0,0,0,0,0.00099,0.10438,0,0,0.00597,0.01826,0,0,0,1,G11-10,0.26953100000000002,Ny5
G23-11,F,S,Villingsberg 1,Villingsberg_1314,6580012,1441578,2013,2014,illegal,NA,0,NA,0.51,1.31,1.46,10.86,161.968,34.309,177.332,0.199,1883,Karlskoga,S,38.367,0,3,0,75.453125,6,2.7,2.9,0.571360404,0.352227888,0,0.02052,0.00697,0,0,0.00063,0.00049,0,0,0.00411,0.00299,0.11503,0,0.00297,0.00274,0.01323,0.0106,0.62042,0.08919,0,0,0.02171,0,0,0,0.00028,0.00485,0.02945,0,0,0.00142,0.0524,0,0,0,1,G23-11,0.26202399999999998,Lok2
G68-11,M,S,Villingsberg 1,Villingsberg_1314,6580012,1441578,2013,2014,illegal,NA,0,NA,0.51,1.31,1.46,10.86,161.968,34.309,177.332,0.199,1883,Karlskoga,S,38.367,0,3,0,75.453125,6,2.7,2.9,0.571360404,0.352227888,0,0.02052,0.00697,0,0,0.00063,0.00049,0,0,0.00411,0.00299,0.11503,0,0.00297,0.00274,0.01323,0.0106,0.62042,0.08919,0,0,0.02171,0,0,0,0.00028,0.00485,0.02945,0,0,0.00142,0.0524,0,0,0,1,G68-11,0.29736299999999999,Jang5
G14-13,F,S,Vismen 1,Vismen_1314,6574480,1412886,2013,2014,illegal,NA,0,NA,0.42,1.55,2.43,13.2,117.288,36.917,185.102,0.212,1781,Kristinehamn,S,29.26,0,3,0,73.91954023,6,3.4,3.2,0.547721363,0.275561765,0,0.03046,0.01069,0,0,0.00063,0,0.00045,0,0.00361,0.00294,0.10141,0,0.00105,0.00265,0.01345,0.00121,0.5109,0.09189,0,0,0.04591,0,0,0,0,0.00303,0.03356,0,0,0.00306,0.14311,0,0,0,1,G14-13,0.15216099999999999,Nora
G98-12,M,S,Vismen 1,Vismen_1314,6574480,1412886,2013,2014,other,NA,0,Killed by train,0.42,1.55,2.43,13.2,117.288,36.917,185.102,0.212,1781,Kristinehamn,S,29.26,0,3,0,73.91954023,6,3.4,3.2,0.547721363,0.275561765,0,0.03046,0.01069,0,0,0.00063,0,0.00045,0,0.00361,0.00294,0.10141,0,0.00105,0.00265,0.01345,0.00121,0.5109,0.09189,0,0,0.04591,0,0,0,0,0.00303,0.03356,0,0,0.00306,0.14311,0,0,0,1,G98-12,0.25683600000000001,Has5
G21-05,M,S,Våmhus 3,Våmådalen_1314,6796250,1414524,2013,2014,illegal,NA,0,NA,0.23,1.13,0.56,4.5,427.474,26.861,171.589,0.32,2062,Mora,S,4.033,0,0,0,81.73737374,6,2,2.2,0.487725936,0.420827187,0,0.0056,0.00058,0,0,0,0,0,0,0,0,0.00258,0,0.00029,0.00704,0.00098,0,0.78314,0.02649,0,0,0.13475,0,0,0,0.00038,0,0.01986,0,0,0.00582,0.01248,0,0,0,1,G21-05,0.23877000000000001,Hlg1
G83-13,F,S,Våmhus 3,Våmådalen_1314,6796250,1414524,2013,2014,illegal,NA,0,NA,0.23,1.13,0.56,4.5,427.474,26.861,171.589,0.32,2062,Mora,S,4.033,0,0,0,81.73737374,6,2,2.2,0.487725936,0.420827187,0,0.0056,0.00058,0,0,0,0,0,0,0,0,0.00258,0,0.00029,0.00704,0.00098,0,0.78314,0.02649,0,0,0.13475,0,0,0,0.00038,0,0.01986,0,0,0.00582,0.01248,0,0,0,1,G83-13,0.247803,Ten2
G15-11,F,S,Värnas,Värnäs_1314,6742272,1349120,2013,2014,illegal,NA,0,NA,0.25,0.68,0.55,4.58,445.133,21.467,170.392,0.225,1737,Torsby,S,2.7,0,1,0,82.66161616,6,2.9,2.9,0.407428427,0.38887642,0,0.00267,0,0,0,0,0,0,0,0,0.00092,0.0023,0,0,0.00121,0.00166,9.00E-04,0.70501,0.03434,0,0,0.09227,0,0,0,0,0.00081,0.09809,0,0,0.00545,0.05437,0,0,0,1,G15-11,0.27490199999999998,Äpp
G33-11,M,S,Värnas,Värnäs_1314,6742272,1349120,2013,2014,illegal,NA,0,NA,0.25,0.68,0.55,4.58,445.133,21.467,170.392,0.225,1737,Torsby,S,2.7,0,1,0,82.66161616,6,2.9,2.9,0.407428427,0.38887642,0,0.00267,0,0,0,0,0,0,0,0,0.00092,0.0023,0,0,0.00121,0.00166,9.00E-04,0.70501,0.03434,0,0,0.09227,0,0,0,0,0.00081,0.09809,0,0,0.00545,0.05437,0,0,0,1,G33-11,0.30590800000000001,Ack
G141-12,M,S,Åmot,Åmot_1314,6757275,1542221,2013,2014,NA,NA,0,NA,0.18,1.38,1.09,7.48,181.679,27.72,155.579,0.155,2101,Ockelbo,S,27.3,0,3,0,78.98958333,6,2.9,3,0.349384951,0.215872335,0,0.0074,0,0,0,0,0.00043,0,0,0,0,0.04384,0,0.00178,0.00022,0.00253,0.00993,0.72806,0.03123,0,0,0.1091,0,0,0,0,0.00073,0.02115,0,0,0,0.0436,0,0,0,1,G141-12,0.30688500000000002,Sle
G43-14,F,S,Åmot,Åmot_1314,6757275,1542221,2013,2014,NA,NA,0,NA,0.18,1.38,1.09,7.48,181.679,27.72,155.579,0.155,2101,Ockelbo,S,27.3,0,3,0,78.98958333,6,2.9,3,0.349384951,0.215872335,0,0.0074,0,0,0,0,0.00043,0,0,0,0,0.04384,0,0.00178,0.00022,0.00253,0.00993,0.72806,0.03123,0,0,0.1091,0,0,0,0,0.00073,0.02115,0,0,0,0.0436,0,0,0,1,G43-14,0.135986,Kors3
G46-13,F,N,Östmarka 1,Østmarka_1314,6642870,1232293,2013,2014,Illegal,NA,0,NA,1.6,1.17,6.68,22.73,179.088,33.774,181.81,0.4,229,Enebakk,N,281.085,1,0,0,76.77604167,6,57,1117.9,0.498840538,0.218494835,0.00019,0.10854,0.01823,0.0018,8.00E-04,0.00072,0.00101,0.00073,0,0.00572,0.00735,0.11912,0,0,0.00292,0.04486,0.00592,0.52078,0.00502,0,0,0.01942,0,0,0,0,0.00051,0.00456,0,0,0.00798,0.09635,0,0,0.02748,1,G46-13,0.13885500000000001,Ria
G86-11,M,N,Östmarka 1,Østmarka_1314,6642870,1232293,2013,2014,NA,NA,0,NA,1.6,1.17,6.68,22.73,179.088,33.774,181.81,0.4,229,Enebakk,N,281.085,1,0,0,76.77604167,6,57,1117.9,0.498840538,0.218494835,0.00019,0.10854,0.01823,0.0018,8.00E-04,0.00072,0.00101,0.00073,0,0.00572,0.00735,0.11912,0,0,0.00292,0.04486,0.00592,0.52078,0.00502,0,0,0.01942,0,0,0,0,0.00051,0.00456,0,0,0.00798,0.09635,0,0,0.02748,1,G86-11,0.25695800000000002,DE5
G71-13,F,S,Aamäck 4,Aamäkk_1415,6674642,1398431,2014,2015,censor,NA,0,NA,0.25,0.95,0,5.59,315.183,33.69,175.947,0.318,1782,Filipstad,S,7.52,0,3,0,78.76392962,6,2.3,2.5,0.481539426,0.49937784,0,1.00E-05,0,0,0,0,0.00028,0,0,0,0,0.00067,0,0,0,0.00092,0.00067,0.64628,0.02566,0,0,0.18077,0,0,0,0,0.00254,0.04847,0,0,0.00049,0.09324,0,0,0,1,G71-13,0.21491199999999999,Snd3
G8-14,M,S,Aamäck 4,Aamäkk_1415,6674642,1398431,2014,2015,NA,NA,0,NA,0.25,0.95,0,5.59,315.183,33.69,175.947,0.318,1782,Filipstad,S,7.52,0,3,0,78.76392962,6,2.3,2.5,0.481539426,0.49937784,0,1.00E-05,0,0,0,0,0.00028,0,0,0,0,0.00067,0,0,0,0.00092,0.00067,0.64628,0.02566,0,0,0.18077,0,0,0,0,0.00254,0.04847,0,0,0.00049,0.09324,0,0,0,1,G8-14,0.21495400000000001,Vis1
G55-14,M,S,Aspafallet 1,Aspafallet_1415,6620722,1481911,2014,2015,other,NA,0,train,0.36,1.18,0.5,7.47,135.536,37.21,173.935,0.235,1885,Lindesberg,S,19.225,0,5,0,66.50560897,6,2.2,2.6,0.702490344,0.603610162,0,0.00555,0.00046,0,0,0,0.00091,7.00E-04,0,0.00038,0.00028,0.05725,0,0.00078,0.00964,0.01418,0.00263,0.69578,0.03901,0,0,0.07973,0,0,0,0,0.00263,0.03418,0,0,5.00E-05,0.05586,0,0,0,1,G55-14,0.29931600000000003,Klot
M-15-01/G140-13,F,S,Aspafallet 1,Aspafallet_1415,6620722,1481911,2014,2015,NA,NA,1,NA,0.36,1.18,0.5,7.47,135.536,37.21,173.935,0.235,1885,Lindesberg,S,19.225,0,5,0,66.50560897,6,2.2,2.6,0.702490344,0.603610162,0,0.00555,0.00046,0,0,0,0.00091,7.00E-04,0,0.00038,0.00028,0.05725,0,0.00078,0.00964,0.01418,0.00263,0.69578,0.03901,0,0,0.07973,0,0,0,0,0.00263,0.03418,0,0,5.00E-05,0.05586,0,0,0,1,G140-13,0.29248000000000002,Hed3
G113-12,F,S,Björnås 3,Björnås_1415,6760675,1507592,2014,2015,NA,NA,0,NA,0.19,1.13,0.21,5.8,317.114,24.95,175.442,0.179,2080,Falun,S,11.9,0,5,0,81.38020833,6,2.7,2.5,0.559018607,0.516894486,0,0.00149,0,0,0,0,0,0,0,0,0,0.00146,0,0,0.00291,0,0.00074,0.73336,0.03801,0,0,0.124,0,0,0,0,0.00214,0.03722,0,0,0,0.05865,0,0,0,1,G113-12,0,Prä
G164-13,M,S,Björnås 3,Björnås_1415,6760675,1507592,2014,2015,NA,NA,0,NA,0.19,1.13,0.21,5.8,317.114,24.95,175.442,0.179,2080,Falun,S,11.9,0,5,0,81.38020833,6,2.7,2.5,0.559018607,0.516894486,0,0.00149,0,0,0,0,0,0,0,0,0,0.00146,0,0,0.00291,0,0.00074,0.73336,0.03801,0,0,0.124,0,0,0,0,0.00214,0.03722,0,0,0,0.05865,0,0,0,1,G164-13,0.41430699999999998,Bjås
G63-15,M,S,Borgvik 1,Borgvik_1415,6588441,1334780,2014,2015,illegal,NA,0,NA,0.36,1.17,0.89,8.66,106.605,39.352,176.956,0.405,1785,Säffle,S,31.75,0,2,0,63.03875448,6,3.3,2.6,0.287513544,0.115631471,0,0.0104,0.00142,0,0,0,0,0,0,0.00036,0.00052,0.11065,0,0.00449,0.00427,0.01699,0.00672,0.54485,0.12477,0,0,0.02714,0,0,0,0,0.00526,0.00426,0,0,0,0.1379,0,0,0,1,G63-15,0.205933,B
G64-15,F,S,Borgvik 1,Borgvik_1415,6588441,1334780,2014,2015,NA,NA,0,NA,0.36,1.17,0.89,8.66,106.605,39.352,176.956,0.405,1785,Säffle,S,31.75,0,2,0,63.03875448,6,3.3,2.6,0.287513544,0.115631471,0,0.0104,0.00142,0,0,0,0,0,0,0.00036,0.00052,0.11065,0,0.00449,0.00427,0.01699,0.00672,0.54485,0.12477,0,0,0.02714,0,0,0,0,0.00526,0.00426,0,0,0,0.1379,0,0,0,1,G64-15,0.31059999999999999,Gla3
G28-09,M,S,Brattfors 1,Brattfors_1415,6621571,1388302,2014,2015,NA,NA,0,NA,0.31,1.17,0.28,7.95,190.763,36.491,176.68,0.343,1780,Karlstad,S,26.333,0,4,0,73.57310367,6,2.2,2.6,0.664152785,0.622493943,0,0.0037,0.00013,0,0,0,0.00044,0,0,0,0.00144,0.05846,0,0.00257,0.0037,0.00856,0.00404,0.70941,0.04054,0,0,0.06651,0,0,0,0,7.00E-04,0.02979,0,0,0,0.06999,0,0,0,1,G28-09,0.31445299999999998,Jang3
G9-09,F,S,Brattfors 1,Brattfors_1415,6621571,1388302,2014,2015,NA,NA,0,NA,0.31,1.17,0.28,7.95,190.763,36.491,176.68,0.343,1780,Karlstad,S,26.333,0,4,0,73.57310367,6,2.2,2.6,0.664152785,0.622493943,0,0.0037,0.00013,0,0,0,0.00044,0,0,0,0.00144,0.05846,0,0.00257,0.0037,0.00856,0.00404,0.70941,0.04054,0,0,0.06651,0,0,0,0,7.00E-04,0.02979,0,0,0,0.06999,0,0,0,1,G9-09,0.26757799999999998,Grä1
G30-12,F,S,Draggen 2,Draggen_1415,6769784,1458382,2014,2015,illegal,NA,0,NA,0.22,1.13,0.81,5.8,274.908,23.75,173.374,0.104,2031,Rättvik,S,5.533,0,1,0,77.859375,6,2.7,2.2,0.487685773,0.387866806,0,0.0093,0.00103,0,0,0,0.0011,0,0,0.00074,0.00075,0.02756,0,0.0057,0.00511,0.00696,0.00055,0.71992,0.03079,0,0,0.04653,0,0,0,0,0.00035,0.08637,0,0,0,0.05724,0,0,0,1,G30-12,0.227051,Sil1
G99-13,M,S,Draggen 2,Draggen_1415,6769784,1458382,2014,2015,censor,NA,0,NA,0.22,1.13,0.81,5.8,274.908,23.75,173.374,0.104,2031,Rättvik,S,5.533,0,1,0,77.859375,6,2.7,2.2,0.487685773,0.387866806,0,0.0093,0.00103,0,0,0,0.0011,0,0,0.00074,0.00075,0.02756,0,0.0057,0.00511,0.00696,0.00055,0.71992,0.03079,0,0,0.04653,0,0,0,0,0.00035,0.08637,0,0,0,0.05724,0,0,0,1,G99-13,0.14105200000000001,Hom2
G12-13,F,S,Dömle,Dömle_1415,6610226,1361855,2014,2015,legal,NA,0,NA,0.48,1.2,2.12,12.73,105.049,38.052,175.57,0.357,1715,Kil,S,31.717,0,4,0,63.87129586,6,2.6,2.6,0.431087824,0.290701828,0,0.01699,0.0016,0,0,0.00272,0.00224,0.00026,0,0.00162,0.00123,0.17825,0,0.00439,0.0101,0.01271,0.00693,0.49223,0.10968,0,0,0.02723,0,0,0,0,0.00403,0.00923,0,0,0.00823,0.11033,0,0,0,1,G12-13,0.16552700000000001,Jang6
G63-12,M,S,Dömle,Dömle_1415,6610226,1361855,2014,2015,legal,NA,0,NA,0.48,1.2,2.12,12.73,105.049,38.052,175.57,0.357,1715,Kil,S,31.717,0,4,0,63.87129586,6,2.6,2.6,0.431087824,0.290701828,0,0.01699,0.0016,0,0,0.00272,0.00224,0.00026,0,0.00162,0.00123,0.17825,0,0.00439,0.0101,0.01271,0.00693,0.49223,0.10968,0,0,0.02723,0,0,0,0,0.00403,0.00923,0,0,0.00823,0.11033,0,0,0,1,G63-12,0.27612300000000001,Löv2
G18-15,M,N,Flisdalen,Flisdalen_1415,6749748,1303396,2014,2015,NA,NA,0,NA,0.22,1.53,0.13,5.33,376.004,20.666,174.955,0.18,425,Åsnes,N,8.06,1,3,0,76.87837183,6,259.6,4907.1,0.576272299,0.601377506,0,0,0,0,0,0,0,0,0,0,0,0.01754,0,0,0,0.0014,0.00171,0.59463,0.02732,0,0,0.17303,0,0,0.0025,0,0,0.16546,0,0,0,0.01642,0,0,0,1,G18-15,0.29980499999999999,Trå
G89-15,F,N,Flisdalen,Flisdalen_1415,6749748,1303396,2014,2015,NA,NA,0,NA,0.22,1.53,0.13,5.33,376.004,20.666,174.955,0.18,425,Åsnes,N,8.06,1,3,0,76.87837183,6,259.6,4907.1,0.576272299,0.601377506,0,0,0,0,0,0,0,0,0,0,0,0.01754,0,0,0,0.0014,0.00171,0.59463,0.02732,0,0,0.17303,0,0,0.0025,0,0,0.16546,0,0,0,0.01642,0,0,0,1,G89-15,0.14679700000000001,Tans2
G133-13,M,S,Färna 2,Färna_1415,6633443,1504867,2014,2015,NA,NA,0,NA,0.31,1.15,0.83,9.24,119.02,39.168,173.476,0.245,1904,Skinnskatteberg,S,29.02,0,4,0,63.76809738,6,2.2,2.4,0.675383766,0.563873981,0,0.00688,0.00131,0,0,0,0.00054,0,0,0.00044,0.00038,0.04417,0,0.00213,0.00787,0.01668,0.00535,0.60078,0.06131,0,0,0.07006,0,0,0,0.04957,0.00356,0.03273,0,0,0.00184,0.09439,0,0,0,1,G133-13,0.15216099999999999,Nora
M-10-08,F,S,Färna 2,Färna_1415,6633443,1504867,2014,2015,NA,NA,1,NA,0.31,1.15,0.83,9.24,119.02,39.168,173.476,0.245,1904,Skinnskatteberg,S,29.02,0,4,0,63.76809738,6,2.2,2.4,0.675383766,0.563873981,0,0.00688,0.00131,0,0,0,0.00054,0,0,0.00044,0.00038,0.04417,0,0.00213,0.00787,0.01668,0.00535,0.60078,0.06131,0,0,0.07006,0,0,0,0.04957,0.00356,0.03273,0,0,0.00184,0.09439,0,0,0,1,M-10-08,0.26708999999999999,Lok1
G37-10,M,S,Gimmen 3,Gimmen_1415,6723740,1471724,2014,2015,NA,NA,0,NA,0.41,1.46,3.18,13.71,229.447,25.437,172.22,0.217,2029,Leksand,S,35.1,0,2,0,72.93137255,6,3,2.2,0.533236827,0.390046348,0,0.04355,0.00557,9.00E-05,0,0,0.00096,0.00111,0,0.00087,0.0025,0.063,0.00029,0.00057,0.00759,0.01449,0.00773,0.6877,0.0437,0,0,0.05548,0,0,0,0,0.00028,0.00234,0,0,0.01221,0.04995,0,0,0,1,G37-10,0,Gal
G85-13,F,S,Gimmen 3,Gimmen_1415,6723740,1471724,2014,2015,NA,NA,0,NA,0.41,1.46,3.18,13.71,229.447,25.437,172.22,0.217,2029,Leksand,S,35.1,0,2,0,72.93137255,6,3,2.2,0.533236827,0.390046348,0,0.04355,0.00557,9.00E-05,0,0,0.00096,0.00111,0,0.00087,0.0025,0.063,0.00029,0.00057,0.00759,0.01449,0.00773,0.6877,0.0437,0,0,0.05548,0,0,0,0,0.00028,0.00234,0,0,0.01221,0.04995,0,0,0,1,G85-13,0.41039999999999999,Gim
G61-14,M,S,Glamsen 1,Glamsen_1415,6721559,1583307,2014,2015,NA,NA,0,NA,0.3,1.3,3.1,14.24,26.194,26.765,165.109,0.035,2180,Gävle,S,38.867,0,0,0,58.50926956,6,2.9,3,0.250104166,0.101148213,0,0.04867,0.00938,0.00471,0.00299,0,0.00218,0.00037,0,0.00674,0.00327,0.02031,0,0.00628,0.00162,0.00596,0.02151,0.43371,0.08456,0.00044,0.00042,0.10008,0,0,0,0,0.0071,0.00841,0,0,0.01018,0.0256,0,0.00464,0.19086,1,G61-14,0.222382,Lok3
G66-12,F,S,Glamsen 1,Glamsen_1415,6721559,1583307,2014,2015,NA,NA,0,NA,0.3,1.3,3.1,14.24,26.194,26.765,165.109,0.035,2180,Gävle,S,38.867,0,0,0,58.50926956,6,2.9,3,0.250104166,0.101148213,0,0.04867,0.00938,0.00471,0.00299,0,0.00218,0.00037,0,0.00674,0.00327,0.02031,0,0.00628,0.00162,0.00596,0.02151,0.43371,0.08456,0.00044,0.00042,0.10008,0,0,0,0,0.0071,0.00841,0,0,0.01018,0.0256,0,0.00464,0.19086,1,G66-12,0.13885500000000001,Ria
G27-12,M,S,Glaskogen 3,Glaskogen_1415,6597349,1304941,2014,2015,NA,NA,0,NA,0.23,1.05,0.39,6.92,197.456,36.779,177.158,0.39,1765,Årjäng,S,11.375,0,2,0,63.84500851,6,3,2.6,0.482347495,0.460098998,0,0.00428,0.00047,0,0,0,0,0,0,0,0.00075,0.02472,0,0.00218,0.00146,0.01248,0.00169,0.72614,0.04154,0,0,0.03869,0,0,0,0,0,0.01007,0,0,0,0.13552,0,0,0,1,G27-12,0.261963,Ful1
G56-11,F,S,Glaskogen 3,Glaskogen_1415,6597349,1304941,2014,2015,NA,NA,0,NA,0.23,1.05,0.39,6.92,197.456,36.779,177.158,0.39,1765,Årjäng,S,11.375,0,2,0,63.84500851,6,3,2.6,0.482347495,0.460098998,0,0.00428,0.00047,0,0,0,0,0,0,0,0.00075,0.02472,0,0.00218,0.00146,0.01248,0.00169,0.72614,0.04154,0,0,0.03869,0,0,0,0,0,0.01007,0,0,0,0.13552,0,0,0,1,G56-11,0.29718,Gla2
G11-11,M,S,Gräsmark 5,Gräsmark_1415,6692442,1311671,2014,2015,NA,NA,0,NA,0.41,1.96,0.03,5.77,328.942,29.451,175.649,0.347,402,Kongsvinger,N,8.671,1,5,0,71.53772096,6,230.4,4765.4,0.566346231,0.475950384,0,0.00043,0,0,0,0,0,0,0,0,0.00044,0.00213,0,0,0.00229,0.01145,0.00192,0.78695,0.01173,0,0,0.07194,0,0,0,0,0,0.04768,0,0,0,0.06303,0,0,0,1,G11-11,0.261963,Ful1
G125-13,F,S,Gräsmark 5,Gräsmark_1415,6692442,1311671,2014,2015,NA,NA,0,NA,0.41,1.96,0.03,5.77,328.942,29.451,175.649,0.347,402,Kongsvinger,N,8.671,1,5,0,71.53772096,6,230.4,4765.4,0.566346231,0.475950384,0,0.00043,0,0,0,0,0,0,0,0,0.00044,0.00213,0,0,0.00229,0.01145,0.00192,0.78695,0.01173,0,0,0.07194,0,0,0,0,0,0.04768,0,0,0,0.06303,0,0,0,1,G125-13,0.198181,Hae
G121-13,M,S,Gårdsjö 3,Gårdsjö_1415,6630852,1362946,2014,2015,legal,NA,0,NA,0.37,1.17,0.81,9.18,154.629,37.465,176.227,0.412,1766,Sunne,S,30.633,0,5,0,65.44446013,6,2,2.6,0.639994214,0.485744038,0,0.01146,0.00084,0,0,0,0.00051,0.00034,0,0.00114,0.00127,0.12367,0,0.00353,0.00716,0.0138,0.00532,0.59416,0.06376,0,0,0.04626,0,0,0,0,0.00026,0.00886,0,0,0.00665,0.11102,0,0,0,1,G121-13,0.16552700000000001,Jang6
G55-11,F,S,Gårdsjö 3,Gårdsjö_1415,6630852,1362946,2014,2015,legal,NA,0,NA,0.37,1.17,0.81,9.18,154.629,37.465,176.227,0.412,1766,Sunne,S,30.633,0,5,0,65.44446013,6,2,2.6,0.639994214,0.485744038,0,0.01146,0.00084,0,0,0,0.00051,0.00034,0,0.00114,0.00127,0.12367,0,0.00353,0.00716,0.0138,0.00532,0.59416,0.06376,0,0,0.04626,0,0,0,0,0.00026,0.00886,0,0,0.00665,0.11102,0,0,0,1,G55-11,0.27783200000000002,Bratt
G11-13,M,S,Gåsborn 3,Gåsborn_1415,6648166,1428723,2014,2015,NA,NA,0,NA,0.31,1.16,0.36,6.5,270.248,33.658,172.944,0.328,1863,Hällefors,S,9.975,0,5,0,77.20694444,6,2.4,2.6,0.634305538,0.584175275,0,0.00257,0.00035,0,0,0,0,0.00041,0,0,0,0,0,0.00057,0.00092,0.00211,0.00122,0.75651,0.03595,0,0,0.08128,0,0,0,0,0.00025,0.03944,0,0,0.00049,0.07791,0,0,0,1,G11-13,0.16552700000000001,Jang6
G49-12,F,S,Gåsborn 3,Gåsborn_1415,6648166,1428723,2014,2015,NA,NA,0,NA,0.31,1.16,0.36,6.5,270.248,33.658,172.944,0.328,1863,Hällefors,S,9.975,0,5,0,77.20694444,6,2.4,2.6,0.634305538,0.584175275,0,0.00257,0.00035,0,0,0,0,0.00041,0,0,0,0,0,0.00057,0.00092,0.00211,0.00122,0.75651,0.03595,0,0,0.08128,0,0,0,0,0.00025,0.03944,0,0,0.00049,0.07791,0,0,0,1,G49-12,0.12667800000000001,Gås
G124-13,F,S,Gåsmyren 1,Gåsmyren_1415,6671747,1499256,2014,2015,NA,NA,0,NA,0.33,1.43,2.29,10.7,177.635,36.679,174.283,0.297,1962,Norberg,S,24.483,0,0,0,69.53394861,6,2.9,2.3,0.500590933,0.476840571,0,0.01663,0.00243,0,0,0.00042,0,0.00042,0,0.00036,0.00078,0.06721,0,0.00079,0.00405,0.01315,0.00761,0.67389,0.04303,0,0,0.07915,0,0,0,0,0.00163,0.00384,0,0,0.0032,0.08139,0,0,0,1,G124-13,0.33898899999999998,Tans
G67-11,M,S,Gåsmyren 1,Gåsmyren_1415,6671747,1499256,2014,2015,NA,NA,0,NA,0.33,1.43,2.29,10.7,177.635,36.679,174.283,0.297,1962,Norberg,S,24.483,0,0,0,69.53394861,6,2.9,2.3,0.500590933,0.476840571,0,0.01663,0.00243,0,0,0.00042,0,0.00042,0,0.00036,0.00078,0.06721,0,0.00079,0.00405,0.01315,0.00761,0.67389,0.04303,0,0,0.07915,0,0,0,0,0.00163,0.00384,0,0,0.0032,0.08139,0,0,0,1,G67-11,0.35199000000000003,Snd2
G57-16,F,S,Göra 2,Göra_1415,6797248,1355745,2014,2016,NA,NA,0,NA,0.26,0.65,1.65,5.79,549.242,18.614,169.817,0.168,2023,Malung,S,1.866,1,1,0,86.31372549,6,29,248.7,0.255920039,0.309189896,0,0.00106,0,0,0,0,0,0,0,0,0.01479,0.00156,0,0,0.00086,0,0.00531,0.59711,0.03096,0,0.10215,0.0905,0,0.00059,0.00791,0,0.0032,0.12122,0,0,0.00246,0.02032,0,0,0,1,G57-16,0.222382,Lok3
G97-14,M,S,Göra 2,Göra_1415,6797248,1355745,2014,2015,illegal,NA,0,NA,0.26,0.65,1.65,5.79,549.242,18.614,169.817,0.168,2023,Malung,S,1.866,1,1,0,86.31372549,6,29,248.7,0.255920039,0.309189896,0,0.00106,0,0,0,0,0,0,0,0,0.01479,0.00156,0,0,0.00086,0,0.00531,0.59711,0.03096,0,0.10215,0.0905,0,0.00059,0.00791,0,0.0032,0.12122,0,0,0.00246,0.02032,0,0,0,1,G97-14,0.29641699999999999,Göra
G13-10,M,S,Haersjo 1,Hærsjø_1415,6670371,1310489,2014,2015,NA,NA,0,NA,0.48,1.89,0.09,5.97,285.47,33.132,173.845,0.392,402,Kongsvinger,N,10.995,1,5,0,68.38709677,6,207.4,3970.5,0.585629909,0.510822362,0,0.00056,3.00E-04,0,0,0,0,0,0,0,0,0.00601,0,0.00067,0.00266,0.02485,0,0.79524,0.00803,0,0,0.06422,0,0,0,0,0,0.03954,0,0,0.00031,0.05759,0,0,0,1,G13-10,0.27490199999999998,Äpp
G88-13,F,S,Haersjö 1,Hedbyn_1415,6615254,1493135,2014,2015,illegal,NA,0,NA,0.37,1.14,0.5,8.05,97.82,39.836,174.221,0.23,1983,Köping,S,26.875,0,3,0,63.51248105,6,2.1,2.5,0.706260083,0.66201335,0,0.00439,0,0,0,0,0,0,0,0,0.00028,0.09878,0,0.00117,0.01075,0.01372,0.00184,0.63794,0.05026,0,0,0.0803,0,0,0,0.00054,0.00341,0.03532,0,0,0,0.0613,0,0,0,1,G88-13,0.15216099999999999,Sku
G34-12,M,S,Hedbyn 4,Hedbyn_1415,6615254,1493135,2014,2015,other,NA,0,train,0.37,1.14,0.5,8.05,97.82,39.836,174.221,0.23,1983,Köping,S,26.875,0,3,0,63.51248105,6,2.1,2.5,0.706260083,0.66201335,0,0.00439,0,0,0,0,0,0,0,0,0.00028,0.09878,0,0.00117,0.01075,0.01372,0.00184,0.63794,0.05026,0,0,0.0803,0,0,0,0.00054,0.00341,0.03532,0,0,0,0.0613,0,0,0,1,G34-12,0.35199000000000003,Snd2
G39-13,F,S,Hedbyn 4,Hedbyn_1415,6615254,1493135,2014,2015,illegal,NA,0,NA,0.37,1.14,0.5,8.05,97.82,39.836,174.221,0.23,1983,Köping,S,26.875,0,3,0,63.51248105,6,2.1,2.5,0.706260083,0.66201335,0,0.00439,0,0,0,0,0,0,0,0,0.00028,0.09878,0,0.00117,0.01075,0.01372,0.00184,0.63794,0.05026,0,0,0.0803,0,0,0,0.00054,0.00341,0.03532,0,0,0,0.0613,0,0,0,1,G39-13,0.29736299999999999,Fär
G6-12,M,S,Jangen 6,Jangen_1415,6658343,1359960,2014,2015,NA,NA,0,NA,0.31,1.19,0.43,6.77,205.134,37.218,174.619,0.429,1766,Sunne,S,11.35,0,3,0,69.41865079,6,1.9,2.6,0.548309125,0.49936636,0,0.0028,0,0,0,0.00119,0,0,0,0,0.00053,0.07332,0,0.0035,0.00515,0.01556,0.00139,0.7202,0.02382,0,0,0.04184,0,0,0,0,0.00063,0.01542,0,0,0.00601,0.08864,0,0,0,1,G6-12,0,Kyn2
M-06-05,F,S,Jangen 6,Jangen_1415,6658343,1359960,2014,2015,NA,NA,1,NA,0.31,1.19,0.43,6.77,205.134,37.218,174.619,0.429,1766,Sunne,S,11.35,0,3,0,69.41865079,6,1.9,2.6,0.548309125,0.49936636,0,0.0028,0,0,0,0.00119,0,0,0,0,0.00053,0.07332,0,0.0035,0.00515,0.01556,0.00139,0.7202,0.02382,0,0,0.04184,0,0,0,0,0.00063,0.01542,0,0,0.00601,0.08864,0,0,0,1,M-06-05,0.26953100000000002,Ny5
M14-09/G16-12,F,N,Julussa 9,Julussa_1415,6815410,1262736,2014,2015,NA,NA,1,NA,0.12,1.11,0.01,3.87,564.851,19.92,161.129,0.295,429,Åmot,N,1.721,1,2,0,84.09420603,6,486.6,6164,0.51506475,0.452621467,0,0,0,0,0,0,5.00E-04,0,0,0,0,0.00701,0,0,0,0.00328,0.00928,0.66011,0.00981,0,0.02228,0.11116,0,0,0.00809,0,0,0.13796,0,0,0.00635,0.02417,0,0,0,1,G16-12,0,Kyn2
M14-10/G95-10,M,N,Julussa 9,Julussa_1415,6815410,1262736,2014,2015,NA,NA,1,NA,0.12,1.11,0.01,3.87,564.851,19.92,161.129,0.295,429,Åmot,N,1.721,1,2,0,84.09420603,6,486.6,6164,0.51506475,0.452621467,0,0,0,0,0,0,5.00E-04,0,0,0,0,0.00701,0,0,0,0.00328,0.00928,0.66011,0.00981,0,0.02228,0.11116,0,0,0.00809,0,0,0.13796,0,0,0.00635,0.02417,0,0,0,1,G95-10,0.284912,Ulr3
G29-10,M,S,Juvberget 3,Juvberget_1415,6753381,1319422,2014,2015,illegal,NA,0,NA,0.24,1.09,0,5.27,404.658,18.535,166.999,0.19,1737,Torsby,S,5.171,1,4,0,82.79930621,6,77.6,1456.7,0.37154348,0.482322318,0,0.00083,0,0,0,0,0,0,0,0,0.00061,0,0,0.00048,0,0.00189,0.00171,0.6397,0.07319,0,0,0.13387,0,0,0,0,0,0.11663,0,0,0.00331,0.02779,0,0,0,1,G29-10,0.31103500000000001,Has3
G51-13,F,S,Juvberget 3,Juvberget_1415,6753381,1319422,2014,2015,illegal,NA,0,NA,0.24,1.09,0,5.27,404.658,18.535,166.999,0.19,1737,Torsby,S,5.171,1,4,0,82.79930621,6,77.6,1456.7,0.37154348,0.482322318,0,0.00083,0,0,0,0,0,0,0,0,0.00061,0,0,0.00048,0,0.00189,0.00171,0.6397,0.07319,0,0,0.13387,0,0,0,0,0,0.11663,0,0,0.00331,0.02779,0,0,0,1,G51-13,0.16552700000000001,Jang6
G20-13,F,S,Kerto,Kerto_1415,6685334,1328262,2014,2015,NA,NA,0,NA,0.29,1.37,0.1,3.92,298.128,32.486,171.167,0.396,1737,Torsby,S,10.363,1,7,0,74.53298611,6,57.3,1074.7,0.805973942,0.671693779,0,0.00138,0,0,0,0,0,0,0,0,0.00056,0.01278,0,0,0.00532,0.0065,0.00192,0.81713,0.02181,0,0,0.07619,0,0,0,0,0,0.02345,0,0,0,0.03296,0,0,0,1,G20-13,0.15216099999999999,Sku
G27-14,M,S,Kerto,Kerto_1415,6685334,1328262,2014,2015,NA,NA,0,NA,0.29,1.37,0.1,3.92,298.128,32.486,171.167,0.396,1737,Torsby,S,10.363,1,7,0,74.53298611,6,57.3,1074.7,0.805973942,0.671693779,0,0.00138,0,0,0,0,0,0,0,0,0.00056,0.01278,0,0,0.00532,0.0065,0.00192,0.81713,0.02181,0,0,0.07619,0,0,0,0,0,0.02345,0,0,0,0.03296,0,0,0,1,G27-14,0.29980499999999999,Trå
G27-11,M,S,Kindla,Kindla_1415,6638814,1442676,2014,2015,NA,NA,0,NA,0.31,1.32,0.6,7.41,237.805,30.752,175.69,0.268,1863,Hällefors,S,13.32,0,6,0,72.15088384,6,2.5,2.7,0.733033191,0.654920559,0,0.01104,0.00061,0,0,0,0.00035,0,0,0,0.00031,0.00475,0,3.00E-04,0.00088,0.00554,0.00232,0.77782,0.04148,0,0,0.05691,0,0,0,0,0.00031,0.01508,0,0,0,0.08227,0,0,0,1,G27-11,0.227051,Sil1
G60-13,F,S,Kindla,Kindla_1415,6638814,1442676,2014,2015,NA,NA,0,NA,0.31,1.32,0.6,7.41,237.805,30.752,175.69,0.268,1863,Hällefors,S,13.32,0,6,0,72.15088384,6,2.5,2.7,0.733033191,0.654920559,0,0.01104,0.00061,0,0,0,0.00035,0,0,0,0.00031,0.00475,0,3.00E-04,0.00088,0.00554,0.00232,0.77782,0.04148,0,0,0.05691,0,0,0,0,0.00031,0.01508,0,0,0,0.08227,0,0,0,1,G60-13,0.30590800000000001,Ack
M-05-07,F,S,Kloten,Kloten_1415,6647113,1464131,2014,2015,NA,NA,1,NA,0.34,1.35,0.98,8.34,256.431,30.222,175.276,0.242,1864,Ljusnarsberg,S,12.18,0,5,0,72.12365967,6,2.3,2.5,0.559973207,0.531989389,0,0.00999,0.00085,0,0,5.00E-04,6.00E-04,0,0,0,0.00082,0.01247,0,0.00029,0.00276,0.01035,0.0019,0.77266,0.02165,0,0,0.07224,0,0,0,0,0.00058,0.00849,0,0,0,0.08385,0,0,0,1,M-05-07,0.30224600000000001,Utt
M-09-18,M,S,Kloten,Kloten_1415,6647113,1464131,2014,2015,NA,NA,1,NA,0.34,1.35,0.98,8.34,256.431,30.222,175.276,0.242,1864,Ljusnarsberg,S,12.18,0,5,0,72.12365967,6,2.3,2.5,0.559973207,0.531989389,0,0.00999,0.00085,0,0,5.00E-04,6.00E-04,0,0,0,0.00082,0.01247,0,0.00029,0.00276,0.01035,0.0019,0.77266,0.02165,0,0,0.07224,0,0,0,0,0.00058,0.00849,0,0,0,0.08385,0,0,0,1,M-09-18,0.29980499999999999,Krp2
G32-12,M,S,Kläggen,Kläggen_1415,6695637,1333845,2014,2015,legal,NA,0,NA,0.26,1.33,0.12,3.46,304.791,27.374,174.939,0.326,1737,Torsby,S,8.671,1,7,0,77.1198985,6,17,470.9,0.700579813,0.607562866,0,0.00203,0,0,0,0,0,0,0,0,0.00056,0.01263,0,0,0.00623,0.00653,0.00045,0.80847,0.03032,0,0,0.07677,0,0,0,0,0.00027,0.01493,0,0,0,0.0408,0,0,0,1,G32-12,0.30590800000000001,Ack
G85-11,F,S,Kläggen,Kläggen_1415,6695637,1333845,2014,2015,legal,NA,0,NA,0.26,1.33,0.12,3.46,304.791,27.374,174.939,0.326,1737,Torsby,S,8.671,1,7,0,77.1198985,6,17,470.9,0.700579813,0.607562866,0,0.00203,0,0,0,0,0,0,0,0,0.00056,0.01263,0,0,0.00623,0.00653,0.00045,0.80847,0.03032,0,0,0.07677,0,0,0,0,0.00027,0.01493,0,0,0,0.0408,0,0,0,1,G85-11,0.27050800000000003,Amä1
G68-12,F,S,Korsån 4,Korsån_1415,6735269,1516746,2014,2015,illegal,NA,0,NA,0.2,1.33,0.44,6.73,244.105,28.025,172.967,0.177,2080,Falun,S,21,0,2,0,77.22971652,6,2.7,2.3,0.496737868,0.49499829,0,0.00592,0,0,0,0,0,0,0,0,0,0.02686,0,0,0.00169,0.00493,0.00072,0.75231,0.01466,0,0,0.10693,0,0,0,0,0,0.01632,0,0,0,0.06967,0,0,0,1,G68-12,0.24853500000000001,Kors2
G96-12,M,S,Korsån 4,Korsån_1415,6735269,1516746,2014,2015,NA,NA,0,NA,0.2,1.33,0.44,6.73,244.105,28.025,172.967,0.177,2080,Falun,S,21,0,2,0,77.22971652,6,2.7,2.3,0.496737868,0.49499829,0,0.00592,0,0,0,0,0,0,0,0,0,0.02686,0,0,0.00169,0.00493,0.00072,0.75231,0.01466,0,0,0.10693,0,0,0,0,0,0.01632,0,0,0,0.06967,0,0,0,1,G96-12,0,Kyn2
G48-13,F,S,Kroppefjäll 6,Kroppefjäll_1415,6512277,1292426,2014,2015,legal,NA,0,NA,0.52,1.27,0.76,9.6,124.226,40.227,174.663,0.292,1461,Mellerud,S,24.55,0,1,0,41.22842262,6,3.4,3.3,0.486787099,0.370058298,0,0.00911,0.00043,0,0,0,3.00E-04,0,0,0,0.00061,0.28765,0,0.00199,0.00272,0.03899,0.03965,0.45153,0.06311,0,0,0.02462,0,0,0,0,0.00237,0.02869,0,0,0,0.04823,0,0,0,1,G48-13,0.15216099999999999,Sku
G7-13,M,S,Kroppefjäll 6,Kroppefjäll_1415,6512277,1292426,2014,2015,illegal,NA,0,NA,0.52,1.27,0.76,9.6,124.226,40.227,174.663,0.292,1461,Mellerud,S,24.55,0,1,0,41.22842262,6,3.4,3.3,0.486787099,0.370058298,0,0.00911,0.00043,0,0,0,3.00E-04,0,0,0,0.00061,0.28765,0,0.00199,0.00272,0.03899,0.03965,0.45153,0.06311,0,0,0.02462,0,0,0,0,0.00237,0.02869,0,0,0,0.04823,0,0,0,1,G7-13,0.27356000000000003,Rot2
G15-13,F,S,Kukkumäki 1,Kukkumäki_1415,6805424,1484790,2014,2015,NA,NA,0,NA,0.2,1.24,0.31,5.13,282.678,23.973,167.611,0.167,2121,Ovanåker,S,5.85,0,1,0,77.31770833,6,1.9,2.8,0.492302082,0.314717806,0,0.00679,0.00059,0,0,0,0.00037,0,0,0,0,0.01936,0,0.00079,0.0016,0.00044,0.00035,0.74443,0.0094,0,0,0.13764,0,0,0,0,0.00058,0.03588,0,0,0,0.04178,0,0,0,1,G15-13,0.29699700000000001,Tand
G24-13,M,S,Kukkumäki 1,Kukkumäki_1415,6805424,1484790,2014,2015,NA,NA,0,NA,0.2,1.24,0.31,5.13,282.678,23.973,167.611,0.167,2121,Ovanåker,S,5.85,0,1,0,77.31770833,6,1.9,2.8,0.492302082,0.314717806,0,0.00679,0.00059,0,0,0,0.00037,0,0,0,0,0.01936,0,0.00079,0.0016,0.00044,0.00035,0.74443,0.0094,0,0,0.13764,0,0,0,0,0.00058,0.03588,0,0,0,0.04178,0,0,0,1,G24-13,0.247803,Ten2
G104-11,M,S,Kungskogen 1,Kungsskogen_1415,6592293,1400256,2014,2015,NA,NA,0,The male moves to Vismen 2 in winter 1415 after female killed,0.41,1.25,1.04,10.29,113.574,39.47,182.441,0.267,1781,Kristinehamn,S,31.225,0,3,0,59.79029769,6,2.3,2.6,0.554934669,0.436185026,0,0.01401,0.00288,0,0,0,0.00044,0,0,0.00061,0.00113,0.18689,0,0.00367,0.00429,0.0113,0.00491,0.49136,0.06927,0,0,0.027,0,0,0,0,0.01218,0.05273,0,0,0,0.1162,0.00112,0,0,1,G104-11,0,Kyn2
G49-11,F,S,Kungskogen 1,Kungsskogen_1415,6592293,1400256,2014,2015,illegal,NA,0,NA,0.41,1.25,1.04,10.29,113.574,39.47,182.441,0.267,1781,Kristinehamn,S,31.225,0,3,0,59.79029769,6,2.3,2.6,0.554934669,0.436185026,0,0.01401,0.00288,0,0,0,0.00044,0,0,0.00061,0.00113,0.18689,0,0.00367,0.00429,0.0113,0.00491,0.49136,0.06927,0,0,0.027,0,0,0,0,0.01218,0.05273,0,0,0,0.1162,0.00112,0,0,1,G49-11,0,Kyn2
G91-11,M,N,Kynna 3,Kynna_1415,6749440,1293708,2014,2015,NA,NA,0,NA,0.35,1.5,0.66,6.86,344.907,21.966,174.462,0.195,426,Våler,N,9.781,1,2,0,73.1153588,6,344.1,6164,0.544643386,0.512930185,0,0.00173,0.00066,0,0,0,0,0,0,0,4.00E-04,0.08681,0,0,0,0.00823,0.0017,0.5498,0.00521,0,0,0.19113,0,0,0.0025,0,0,0.13283,0,0,0.0044,0.0146,0,0,0,1,G91-11,0.29736299999999999,Jang5
M-07-05,F,N,Kynna 3,Kynna_1415,6749440,1293708,2014,2015,other,NA,1,"9 yr old, could have died of old age/disease",0.35,1.5,0.66,6.86,344.907,21.966,174.462,0.195,426,Våler,N,9.781,1,2,0,73.1153588,6,344.1,6164,0.544643386,0.512930185,0,0.00173,0.00066,0,0,0,0,0,0,0,4.00E-04,0.08681,0,0,0,0.00823,0.0017,0.5498,0.00521,0,0,0.19113,0,0,0.0025,0,0,0.13283,0,0,0.0044,0.0146,0,0,0,1,M-07-05,0.29345700000000002,Kyn1
G17-12,M,S,Kynnefjäll 3,Kynnefjäll_1415,6521529,1264514,2014,2015,censor,NA,0,NA,0.38,1.26,0.23,6.62,138.876,38.396,177.905,0.343,1430,Munkedal,S,17.516,1,1,0,49.97414216,6,3.1,3.3,0.421892956,0.371133808,0,0.00066,0,0,0,0,0,0,0,0,0,0.11739,0,0.00289,0.008,0.03719,0.0049,0.70435,0.02418,0,0,0.02766,0,0.00121,0,0,0,0.02429,0,0,0,0.0473,0,0,0,1,G17-12,0.15216099999999999,Sku
G198-13,F,S,Kynnefjäll 3,Kynnefjäll_1415,6521529,1264514,2014,2015,illegal,NA,0,NA,0.38,1.26,0.23,6.62,138.876,38.396,177.905,0.343,1430,Munkedal,S,17.516,1,1,0,49.97414216,6,3.1,3.3,0.421892956,0.371133808,0,0.00066,0,0,0,0,0,0,0,0,0,0.11739,0,0.00289,0.008,0.03719,0.0049,0.70435,0.02418,0,0,0.02766,0,0.00121,0,0,0,0.02429,0,0,0,0.0473,0,0,0,1,G198-13,0,Prä
G1-15,F,S,Kärrgången,Kärrgången_1415,6637107,1527055,2014,2015,illegal,NA,0,NA,0.41,1.23,1.73,11.13,88.837,39.752,172.707,0.189,1981,Sala,S,44.45,0,2,0,49.6989082,6,2.8,2.4,0.339011645,0.363259986,0,0.0143,0.00208,0,0,0,0.00121,0,0,0.00039,0.00072,0.20091,0,0.01043,0.00525,0.01268,0.01241,0.44961,0.04641,0,0,0.05844,0,0,0,0.10577,0.00782,0.02889,0,0,0.00219,0.04049,0,0,0,1,G1-15,0.29736299999999999,Fär
G16-15,M,S,Kärrgången,Kärrgången_1415,6637107,1527055,2014,2015,other,NA,0,NA,0.41,1.23,1.73,11.13,88.837,39.752,172.707,0.189,1981,Sala,S,44.45,0,2,0,49.6989082,6,2.8,2.4,0.339011645,0.363259986,0,0.0143,0.00208,0,0,0,0.00121,0,0,0.00039,0.00072,0.20091,0,0.01043,0.00525,0.01268,0.01241,0.44961,0.04641,0,0,0.05844,0,0,0,0.10577,0.00782,0.02889,0,0,0.00219,0.04049,0,0,0,1,G16-15,0.14682000000000001,Fhg1
G12-12,F,S,Kölsta 2,Kölsta_1415,6616252,1505993,2014,2015,NA,NA,0,NA,0.41,1.22,1.18,9.14,85.057,39.84,172.747,0.226,1983,Köping,S,38.05,0,4,0,53.87094907,6,2,2.4,0.654448061,0.656529673,0,0.01031,0.00173,0,0,0,0,0,0,0,0.00078,0.16724,0,0.00313,0.00982,0.013,0.00426,0.57232,0.06496,0,0,0.06833,0,0,0,0.00054,0.00318,0.02513,0,0,0.00035,0.0549,0,0,0,1,G12-12,0.29736299999999999,Fär
G84-11,M,S,Kölsta 2,Kölsta_1415,6616252,1505993,2014,2015,NA,NA,0,NA,0.41,1.22,1.18,9.14,85.057,39.84,172.747,0.226,1983,Köping,S,38.05,0,4,0,53.87094907,6,2,2.4,0.654448061,0.656529673,0,0.01031,0.00173,0,0,0,0,0,0,0,0.00078,0.16724,0,0.00313,0.00982,0.013,0.00426,0.57232,0.06496,0,0,0.06833,0,0,0,0.00054,0.00318,0.02513,0,0,0.00035,0.0549,0,0,0,1,G84-11,0.29931600000000003,Klot
G132-11,M,N,Letjenna 2,Letjenna_1415,6783588,1275373,2014,2015,NA,NA,0,NA,0.31,1.13,0.53,6.99,435.638,20.589,185.278,0.196,427,Elverum,N,7.417,1,2,0,79.93478725,6,476.8,6164,0.519335661,0.384373834,0,0.00162,0.00105,0,0,0,0,0,0,0,0.00108,0.01173,0,0,0.00038,0.02318,0,0.63902,0,0,0.00152,0.12872,0,0,0.00881,0,0,0.15169,0,0,0.0072,0.02399,0,0,0,1,G132-11,0.16552700000000001,Julu8
G74-11,F,N,Letjenna 2,Letjenna_1415,6783588,1275373,2014,2015,NA,NA,0,NA,0.31,1.13,0.53,6.99,435.638,20.589,185.278,0.196,427,Elverum,N,7.417,1,2,0,79.93478725,6,476.8,6164,0.519335661,0.384373834,0,0.00162,0.00105,0,0,0,0,0,0,0,0.00108,0.01173,0,0,0.00038,0.02318,0,0.63902,0,0,0.00152,0.12872,0,0,0.00881,0,0,0.15169,0,0,0.0072,0.02399,0,0,0,1,G74-11,0.27917500000000001,Gös
G22-14,M,S,Lingbo,Lingbo_1415,6773594,1540785,2014,2015,NA,NA,0,NA,0.25,1.34,0.87,7.18,191.315,28.218,157.257,0.198,2101,Ockelbo,S,14.633,0,3,0,72.83993056,6,2.7,3.1,0.625677447,0.335452009,0,0.00658,0,0,0,0,0.00043,0,0,0.00027,0,0.05243,0,0.00074,0.00035,0.00072,0.00747,0.70624,0.02715,0,0,0.11872,0,0,0,0,0.00059,0.01227,0,0,0,0.06604,0,0,0,1,G22-14,0.13900799999999999,Dju3
G31-14,F,S,Lingbo,Lingbo_1415,6773594,1540785,2014,2015,NA,NA,0,NA,0.25,1.34,0.87,7.18,191.315,28.218,157.257,0.198,2101,Ockelbo,S,14.633,0,3,0,72.83993056,6,2.7,3.1,0.625677447,0.335452009,0,0.00658,0,0,0,0,0.00043,0,0,0.00027,0,0.05243,0,0.00074,0.00035,0.00072,0.00747,0.70624,0.02715,0,0,0.11872,0,0,0,0,0.00059,0.01227,0,0,0,0.06604,0,0,0,1,G31-14,0.41430699999999998,Sjö
G74-12,M,S,Loka 3,Loka_1415,6601054,1426377,2014,2015,NA,NA,0,NA,0.36,1.18,0.58,8.37,193.545,33.073,178.477,0.279,1883,Karlskoga,S,22.867,0,5,0,69.92196814,6,2.3,2.7,0.656419656,0.624154455,0,0.00506,0.00128,0,0,0,0.00036,0,0,0,0.00043,0.05081,0,0.00253,0.00471,0.00551,3.00E-04,0.65551,0.08459,0,0,0.03191,0,0,0,0,0.00159,0.01045,0,0,0.00244,0.14251,0,0,0,1,G74-12,0.15216099999999999,Nora
M-10-09,F,S,Loka 3,Loka_1415,6601054,1426377,2014,2015,NA,NA,1,NA,0.36,1.18,0.58,8.37,193.545,33.073,178.477,0.279,1883,Karlskoga,S,22.867,0,5,0,69.92196814,6,2.3,2.7,0.656419656,0.624154455,0,0.00506,0.00128,0,0,0,0.00036,0,0,0,0.00043,0.05081,0,0.00253,0.00471,0.00551,3.00E-04,0.65551,0.08459,0,0,0.03191,0,0,0,0,0.00159,0.01045,0,0,0.00244,0.14251,0,0,0,1,M-10-09,0.26708999999999999,Lok1
G125-14,M,S,Lutnes,Lutnes_1415,6780311,1331880,2014,2015,illegal,NA,0,NA,0.33,0.96,0.43,4.61,475.204,18.249,178.161,0.172,2023,Malung,S,2.499,1,2,0,85.67691622,6,301.7,2602.5,0.260956613,0.192286808,0,0.00047,0,0,0,0,0,0,0,0,0.00197,0,0,0,0,0.00428,0,0.66256,0.01398,0,0.01328,0.16043,0,0,0,0,0.00083,0.11359,0,0,0.00222,0.02639,0,0,0,1,G125-14,0.29931600000000003,Klot
G173-14,F,S,Lutnes,Lutnes_1415,6780311,1331880,2014,2015,illegal,NA,0,NA,0.33,0.96,0.43,4.61,475.204,18.249,178.161,0.172,2023,Malung,S,2.499,1,2,0,85.67691622,6,301.7,2602.5,0.260956613,0.192286808,0,0.00047,0,0,0,0,0,0,0,0,0.00197,0,0,0,0,0.00428,0,0.66256,0.01398,0,0.01328,0.16043,0,0,0,0,0.00083,0.11359,0,0,0.00222,0.02639,0,0,0,1,G173-14,0.141403,Fäsn
G180-13,M,S,Långsjön 6,Långsjön_1415,6751871,1475163,2014,2015,NA,NA,0,NA,0.36,1.04,0.99,7.01,285.614,24.625,180.093,0.183,2031,Rättvik,S,15.333,0,3,0,77.45454545,6,3,2.2,0.324897075,0.377375189,0,0.01469,0.00082,0,0,0,6.00E-04,0,0,0.00103,0.00073,0.0245,0,0.00358,0.00786,0.00734,0.00578,0.75312,0.05147,0,0,0.04256,0,0,0,0,0.00035,0.01187,0,0,0,0.07373,0,0,0,1,G180-13,0.29699700000000001,Tand
G66-14,F,S,Långsjön 6,Långsjön_1415,6751871,1475163,2014,2015,NA,NA,0,NA,0.36,1.04,0.99,7.01,285.614,24.625,180.093,0.183,2031,Rättvik,S,15.333,0,3,0,77.45454545,6,3,2.2,0.324897075,0.377375189,0,0.01469,0.00082,0,0,0,6.00E-04,0,0,0.00103,0.00073,0.0245,0,0.00358,0.00786,0.00734,0.00578,0.75312,0.05147,0,0,0.04256,0,0,0,0,0.00035,0.01187,0,0,0,0.07373,0,0,0,1,G66-14,0.14105200000000001,Hom2
G1-11,M,S,Lövsjön 6,Lövsjön_1415,6679727,1442306,2014,2015,NA,NA,0,NA,0.26,1.22,0.29,6.14,295.424,36.066,172.12,0.312,2085,Ludvika,S,10.85,0,4,0,75.2020202,6,2.6,2.2,0.677633545,0.613733929,0,0.00524,0.00028,0,0,0,0.00093,2.00E-05,0,0,4.00E-05,0.00561,0,0.00027,0.00393,0.00401,0.0011,0.74402,0.02043,0,0,0.10559,0,0,0,0,0.00084,0.0374,0,0,0,0.0703,0,0,0,1,G1-11,0.26733400000000002,Grä3
G57-13,F,S,Lövsjön 6,Lövsjön_1415,6679727,1442306,2014,2015,NA,NA,0,NA,0.26,1.22,0.29,6.14,295.424,36.066,172.12,0.312,2085,Ludvika,S,10.85,0,4,0,75.2020202,6,2.6,2.2,0.677633545,0.613733929,0,0.00524,0.00028,0,0,0,0.00093,2.00E-05,0,0,4.00E-05,0.00561,0,0.00027,0.00393,0.00401,0.0011,0.74402,0.02043,0,0,0.10559,0,0,0,0,0.00084,0.0374,0,0,0,0.0703,0,0,0,1,G57-13,0.284912,Ulr3
172-14,F,N,Mangen 4,Mangen_1415,6659236,1278659,2014,2015,NA,NA,0,NA,0.51,1.67,0.62,5.93,270.834,31.584,173.538,0.302,420,Eidskog,N,16.7,1,2,0,66.21143058,6,231.2,3846.6,0.262635835,0.341451988,0,0.00178,0,0,0,0,0,0,0,0,0,0.01906,0,0.0015,0.00453,0.02241,5.00E-04,0.76271,0.00113,0,0,0.04534,0,0,0,0,0,0.09407,0,0,0,0.04697,0,0,0,1,G172-14,0.13900799999999999,Dju3
G18-13,M,N,Mangen 4,Mangen_1415,6659236,1278659,2014,2015,NA,NA,0,NA,0.51,1.67,0.62,5.93,270.834,31.584,173.538,0.302,420,Eidskog,N,16.7,1,2,0,66.21143058,6,231.2,3846.6,0.262635835,0.341451988,0,0.00178,0,0,0,0,0,0,0,0,0,0.01906,0,0.0015,0.00453,0.02241,5.00E-04,0.76271,0.00113,0,0,0.04534,0,0,0,0,0,0.09407,0,0,0,0.04697,0,0,0,1,G18-13,0.31059999999999999,Gla3
G133-12,M,S,Medskogen 3,Medskogen_1415,6714144,1343925,2014,2015,NA,NA,0,NA,0.26,0.92,0.46,4.16,341.902,20.227,168.852,0.221,1737,Torsby,S,2.9,0,4,0,81.93098395,6,2.2,2.6,0.580141514,0.551947069,0,0.00204,0,0,0,0,0,0,0,0,0.00092,0.00715,0,0,0.00668,0.00182,0.00052,0.83661,0.01642,0,0,0.05953,0,0,0,0,0.00061,0.04849,0,0,0.00533,0.01388,0,0,0,1,G133-12,0.157578,Julu9
G141-11,F,S,Medskogen 3,Medskogen_1415,6714144,1343925,2014,2015,NA,NA,0,NA,0.26,0.92,0.46,4.16,341.902,20.227,168.852,0.221,1737,Torsby,S,2.9,0,4,0,81.93098395,6,2.2,2.6,0.580141514,0.551947069,0,0.00204,0,0,0,0,0,0,0,0,0.00092,0.00715,0,0,0.00668,0.00182,0.00052,0.83661,0.01642,0,0,0.05953,0,0,0,0,0.00061,0.04849,0,0,0.00533,0.01388,0,0,0,1,G141-11,0.27356000000000003,Rot2
G154-13,M,S,Mårdshyttan,Mårdshyttan_1415,6625041,1453400,2014,2015,legal,NA,0,NA,0.34,1.43,0.73,8.07,194.281,30.173,171.516,0.235,1885,Lindesberg,S,12.275,0,6,0,67.99766865,6,2.4,2.7,0.7340552,0.59735695,0,0.01109,6.00E-04,0,0,0,0.00067,7.00E-04,0,0.00036,0.00031,0.04123,0,0.00166,0.00401,0.01804,0.00602,0.7007,0.07327,0,0,0.04503,0,0,0,0,0.00031,0.0106,0,0,0,0.08539,0,0,0,1,G154-13,0.15216099999999999,Nora
G88-14,F,S,Mårdshyttan,Mårdshyttan_1415,6625041,1453400,2014,2015,legal,NA,0,NA,0.34,1.43,0.73,8.07,194.281,30.173,171.516,0.235,1885,Lindesberg,S,12.275,0,6,0,67.99766865,6,2.4,2.7,0.7340552,0.59735695,0,0.01109,6.00E-04,0,0,0,0.00067,7.00E-04,0,0.00036,0.00031,0.04123,0,0.00166,0.00401,0.01804,0.00602,0.7007,0.07327,0,0,0.04503,0,0,0,0,0.00031,0.0106,0,0,0,0.08539,0,0,0,1,G88-14,0.15216099999999999,Nora
G107-11,M,S,Nora 2,Nora_1415,6603223,1442947,2014,2015,legal,NA,0,NA,0.36,1.25,0.5,8.67,193.739,31,175.533,0.231,1884,Nora,S,41.74,0,5,0,69.3438656,6,2.4,2.7,0.698133964,0.63322473,0,0.00877,0.0011,0,0,0,0,0,0,0,0.00125,0.02503,0,0.00093,0.0055,0.00989,0.0053,0.69241,0.08609,0,0,0.03139,0,0,0,0,0,0.00972,0,0,0.002,0.12063,0,0,0,1,G107-11,0.30590800000000001,Ack
G40-11,F,S,Nora 2,Nora_1415,6603223,1442947,2014,2015,legal,NA,0,NA,0.36,1.25,0.5,8.67,193.739,31,175.533,0.231,1884,Nora,S,41.74,0,5,0,69.3438656,6,2.4,2.7,0.698133964,0.63322473,0,0.00877,0.0011,0,0,0,0,0,0,0,0.00125,0.02503,0,0.00093,0.0055,0.00989,0.0053,0.69241,0.08609,0,0,0.03139,0,0,0,0,0,0.00972,0,0,0.002,0.12063,0,0,0,1,G40-11,0.27612300000000001,Löv2
G200-13,F,S,Närsen 2,Närsen_1415,6695893,1423798,2014,2015,NA,NA,0,NA,0.24,1.22,0.39,5.94,313.741,32.805,178.365,0.284,2021,Vansbro,S,11.633,0,3,0,73.859375,6,2.5,2.2,0.514478747,0.392505827,0,0.00222,0,0,0,0,0,0,0,0,0.00035,0.01509,0,5.00E-05,0.00256,0.00152,0.00572,0.67808,0.03416,0,0,0.12465,0,0,0,0,0.00122,0.06564,0,0,0.00746,0.06127,0,0,0,1,G200-13,0.27356000000000003,Rot2
G58-13,M,S,Närsen 2,Närsen_1415,6695893,1423798,2014,2015,NA,NA,0,NA,0.24,1.22,0.39,5.94,313.741,32.805,178.365,0.284,2021,Vansbro,S,11.633,0,3,0,73.859375,6,2.5,2.2,0.514478747,0.392505827,0,0.00222,0,0,0,0,0,0,0,0,0.00035,0.01509,0,5.00E-05,0.00256,0.00152,0.00572,0.67808,0.03416,0,0,0.12465,0,0,0,0,0.00122,0.06564,0,0,0.00746,0.06127,0,0,0,1,G58-13,0.26733400000000002,Grä3
G52-15,M,S,Olsjön 2,Olsjön_1415,6669674,1457861,2014,2015,legal,NA,0,NA,0.39,1.4,1.9,10.24,255.279,32.069,175.978,0.267,2085,Ludvika,S,12.433,0,4,0,73.43090278,6,2.6,2.3,0.576697506,0.437110612,0,0.02664,0.00177,0,0,5.00E-04,0.00134,3.00E-04,0,0.00208,0.00181,0.01024,0,8.00E-04,0.00594,0.01094,0.00437,0.70936,0.03236,0,0,0.06208,0,0,0,0,0.00086,0.01457,0,0,0,0.11404,0,0,0,1,G52-15,0.33657799999999999,Löv6
G84-13,F,S,Olsjön 2,Olsjön_1415,6669674,1457861,2014,2015,legal,NA,0,NA,0.39,1.4,1.9,10.24,255.279,32.069,175.978,0.267,2085,Ludvika,S,12.433,0,4,0,73.43090278,6,2.6,2.3,0.576697506,0.437110612,0,0.02664,0.00177,0,0,5.00E-04,0.00134,3.00E-04,0,0.00208,0.00181,0.01024,0,8.00E-04,0.00594,0.01094,0.00437,0.70936,0.03236,0,0,0.06208,0,0,0,0,0.00086,0.01457,0,0,0,0.11404,0,0,0,1,G84-13,0.27490199999999998,Äpp
M17-05/G139-14,F,N,Osdalen 4,Osdalen_1415,6840253,1268559,2014,2015,NA,NA,1,NA,0.08,0.54,0,2.14,679.57,19.645,177.808,0.274,432,Rendalen,N,1.444,1,1,0,82.43541667,6,400.1,6164,0.351769746,0.297355676,0,0,0,0,0,0,0,0,0,0,0.00342,0.00076,0,0,0,0.00186,0.049,0.54149,0.00721,0,0.0316,0.03142,0,0.00104,0.11537,0,0,0.17111,0,0,0,0.04572,0,0,0,1,G139-14,0.157578,Julu9
M17-10/G155-14,M,N,Osdalen 4,Osdalen_1415,6840253,1268559,2014,2015,NA,NA,1,NA,0.08,0.54,0,2.14,679.57,19.645,177.808,0.274,432,Rendalen,N,1.444,1,1,0,82.43541667,6,400.1,6164,0.351769746,0.297355676,0,0,0,0,0,0,0,0,0,0,0.00342,0.00076,0,0,0,0.00186,0.049,0.54149,0.00721,0,0.0316,0.03142,0,0.00104,0.11537,0,0,0.17111,0,0,0,0.04572,0,0,0,1,G155-14,0.14679700000000001,Tans2
G68-13,F,S,Prastkogen 3,Prästskogen_1415,6887016,1483143,2014,2015,NA,NA,0,NA,0.24,1.13,0.06,4.22,332.623,21.758,167.578,0.188,2161,Ljusdal,S,2.25,0,0,1,83.20737327,6,3,2.9,0.418351783,0.338078522,0,0.00128,0,0,0,0,0,0,0,0,0,0.00263,0,0,0.00083,0.00028,0,0.65353,0.02912,0,0,0.2277,0,0,0,0,0,0.03219,0,0,0.00628,0.04617,0,0,0,1,G68-13,0.13900799999999999,Dju3
M-09-03,M,S,Prastkogen 3,Prästskogen_1415,6887016,1483143,2014,2015,NA,NA,1,NA,0.24,1.13,0.06,4.22,332.623,21.758,167.578,0.188,2161,Ljusdal,S,2.25,0,0,1,83.20737327,6,3,2.9,0.418351783,0.338078522,0,0.00128,0,0,0,0,0,0,0,0,0,0.00263,0,0,0.00083,0.00028,0,0.65353,0.02912,0,0,0.2277,0,0,0,0,0,0.03219,0,0,0.00628,0.04617,0,0,0,1,M-09-03,NA,[Immigrant]
G188-13,F,S,Rackstad 2,Rackstad_1415,6631271,1336285,2014,2015,NA,NA,0,NA,0.33,1.2,1.19,8.42,195.4,36.81,172.118,0.428,1784,Arvika,S,19.6,0,3,0,65.7220141,6,3,2.6,0.511422502,0.370942094,0,0.00728,0.00078,0,0,0,0.00086,0.00077,0,0.00057,0.00179,0.08137,0.00046,0.00037,0.01147,0.01574,0.0025,0.7083,0.03296,0,0,0.03648,0,0,0,0,0,0.00402,0,0,0,0.09429,0,0,0,1,G188-13,0.15216099999999999,Sku
G72-13,M,S,Rackstad 2,Rackstad_1415,6631271,1336285,2014,2015,other,NA,0,accident. Spruce twig in chest,0.33,1.2,1.19,8.42,195.4,36.81,172.118,0.428,1784,Arvika,S,19.6,0,3,0,65.7220141,6,3,2.6,0.511422502,0.370942094,0,0.00728,0.00078,0,0,0,0.00086,0.00077,0,0.00057,0.00179,0.08137,0.00046,0.00037,0.01147,0.01574,0.0025,0.7083,0.03296,0,0,0.03648,0,0,0,0,0,0.00402,0,0,0,0.09429,0,0,0,1,G72-13,0.29980499999999999,Trå
G67-12,M,S,Rombohöjden 1,Rombohöjden_1415,6615531,1437220,2014,2015,legal,NA,0,NA,0.32,1.23,0.33,7.44,214.605,30.8,172.803,0.259,1863,Hällefors,S,20.367,0,5,0,69.83307491,6,2.4,2.7,0.712316477,0.685962338,0,0.00566,6.00E-04,0,0,0,0,0,0,0,0,0.01043,0,0.00084,0.00477,0.00576,0.0031,0.71164,0.0807,0,0,0.03673,0,0,0,0,0,0.00554,0,0,0.00101,0.13323,0,0,0,1,G67-12,0.24853500000000001,Kors2
G80-13,F,S,Rombohöjden 1,Rombohöjden_1415,6615531,1437220,2014,2015,NA,NA,0,NA,0.32,1.23,0.33,7.44,214.605,30.8,172.803,0.259,1863,Hällefors,S,20.367,0,5,0,69.83307491,6,2.4,2.7,0.712316477,0.685962338,0,0.00566,6.00E-04,0,0,0,0,0,0,0,0,0.01043,0,0.00084,0.00477,0.00576,0.0031,0.71164,0.0807,0,0,0.03673,0,0,0,0,0,0.00554,0,0,0.00101,0.13323,0,0,0,1,G80-13,0.12667800000000001,Gås
M-11-09/G77-10,M,S,Rotna 2,Rotna_1415,6718086,1315286,2014,2015,NA,NA,1,NA,0.37,1.99,0.02,4.84,382.56,19.118,183.829,0.191,423,Grue,N,8.316,1,6,0,77.47916667,6,196.9,4500.4,0.561581384,0.561692558,0,0.00043,0,0,0,0,0,0,0,0,0.00044,0.00761,0,0,0.00044,0.00132,0.00072,0.73953,0.02661,0,0,0.09885,0,0,0,0,0.00046,0.07834,0,0,0,0.04526,0,0,0,1,G77-10,0.21484400000000001,Ulr2
M11-10/G42-10,F,S,Rotna 2,Rotna_1415,6718086,1315286,2014,2015,NA,NA,1,NA,0.37,1.99,0.02,4.84,382.56,19.118,183.829,0.191,423,Grue,N,8.316,1,6,0,77.47916667,6,196.9,4500.4,0.561581384,0.561692558,0,0.00043,0,0,0,0,0,0,0,0,0.00044,0.00761,0,0,0.00044,0.00132,0.00072,0.73953,0.02661,0,0,0.09885,0,0,0,0,0.00046,0.07834,0,0,0,0.04526,0,0,0,1,G42-10,0.26953100000000002,Ny5
G54-15,M,S,Rotån,Rotån_1415,6704256,1381676,2014,2015,illegal,NA,0,NA,0.2,0.77,0.11,4.34,371.389,29.055,172.51,0.268,2023,Malung,S,4.025,0,2,0,83.125,6,2.3,2.3,0.513395092,0.53434691,0,0.00019,0,0,0,0,0,0,0,0,0,0.00081,0,0.00102,0.00198,0.00062,0.0016,0.66048,0.03946,0,0,0.06717,0,0,0,0,0.00158,0.16821,0,0,0.00305,0.05383,0,0,0,1,G54-15,0.28668199999999999,Ksk1
G6-14,F,S,Rotån,Rotån_1415,6704256,1381676,2014,2015,illegal,NA,0,NA,0.2,0.77,0.11,4.34,371.389,29.055,172.51,0.268,2023,Malung,S,4.025,0,2,0,83.125,6,2.3,2.3,0.513395092,0.53434691,0,0.00019,0,0,0,0,0,0,0,0,0,0.00081,0,0.00102,0.00198,0.00062,0.0016,0.66048,0.03946,0,0,0.06717,0,0,0,0,0.00158,0.16821,0,0,0.00305,0.05383,0,0,0,1,G6-14,0.29699700000000001,Tand
G12-09,F,S,Sandsjön 3,Sandsjön_1415,6640630,1391493,2014,2015,NA,NA,0,NA,0.29,1.15,0.06,5.68,252.19,34.869,178.388,0.365,1782,Filipstad,S,29.5,0,3,0,74.07407617,6,2.1,2.6,0.648928084,0.655754561,0,0.00288,0.00017,0,0,0,0,0,0,6.00E-05,0,0.0118,0,0.00033,0.00114,0.00508,0.00374,0.77094,0.025,0,0,0.08665,0,0,0,0,0.00078,0.0252,0,0,0.00105,0.0652,0,0,0,1,G12-09,0.30590800000000001,Ack
G39-11,M,S,Sandsjön 3,Sandsjön_1415,6640630,1391493,2014,2015,NA,NA,0,NA,0.29,1.15,0.06,5.68,252.19,34.869,178.388,0.365,1782,Filipstad,S,29.5,0,3,0,74.07407617,6,2.1,2.6,0.648928084,0.655754561,0,0.00288,0.00017,0,0,0,0,0,0,6.00E-05,0,0.0118,0,0.00033,0.00114,0.00508,0.00374,0.77094,0.025,0,0,0.08665,0,0,0,0,0.00078,0.0252,0,0,0.00105,0.0652,0,0,0,1,G39-11,0.15479999999999999,Z
G108-14,M,S,Sjunda 1,Sjunda_1415,6553012,1592396,2014,2015,NA,NA,0,NA,0.49,1.59,3.44,15.42,42.021,37.497,176.377,0.28,181,Södertälje,S,122.971,0,0,0,50.58990577,6,2,2.4,0.250133296,0.100053318,0.00063,0.03524,0.00777,0.00103,0,0.00044,0.00074,0.00031,0,0.00255,0.00673,0.21269,0,0.0058,0.00837,0.02713,0.00507,0.44215,0.10508,0,0,0.00727,0,0,0,0,0.0019,0.00344,0.001,0,0,0.09047,0,0,0.03419,1,G108-14,0.21491199999999999,Snd3
G1-14,F,S,Sjunda 1,Sjunda_1415,6553012,1592396,2014,2015,NA,NA,0,NA,0.49,1.59,3.44,15.42,42.021,37.497,176.377,0.28,181,Södertälje,S,122.971,0,0,0,50.58990577,6,2,2.4,0.250133296,0.100053318,0.00063,0.03524,0.00777,0.00103,0,0.00044,0.00074,0.00031,0,0.00255,0.00673,0.21269,0,0.0058,0.00837,0.02713,0.00507,0.44215,0.10508,0,0,0.00727,0,0,0,0,0.0019,0.00344,0.001,0,0,0.09047,0,0,0.03419,1,G1-14,0.14682000000000001,Fhg1
G29-15,M,S,Sjösveden  2,Sjösveden_1415,6788674,1509613,2014,2015,NA,NA,0,NA,0.2,1.19,0.83,6.43,281.931,27.333,168.736,0.19,2121,Ovanåker,S,8.733,0,3,0,76.21505376,6,2.7,3.1,0.367447229,0.290352341,0,0.00482,0,0,0,0,0.00037,0,0,0,0,0.03843,0,0,0.00078,0.00127,0.00047,0.70305,0.02798,0,0,0.11316,0,0,0,0,0.00065,0.03455,0,0,0,0.07446,0,0,0,1,G29-15,0.142761,Kors4
M-09-15,F,S,Sjösveden  2,Sjösveden_1415,6788674,1509613,2014,2015,NA,NA,1,NA,0.2,1.19,0.83,6.43,281.931,27.333,168.736,0.19,2121,Ovanåker,S,8.733,0,3,0,76.21505376,6,2.7,3.1,0.367447229,0.290352341,0,0.00482,0,0,0,0,0.00037,0,0,0,0,0.03843,0,0,0.00078,0.00127,0.00047,0.70305,0.02798,0,0,0.11316,0,0,0,0,0.00065,0.03455,0,0,0,0.07446,0,0,0,1,M-09-15,0.22680700000000001,Kors1
G154-14,M,S,Skillingmark 1,Skillingmark_1415,6633076,1283468,2014,2015,illegal,NA,0,NA,0.35,1.34,0.34,5.96,221.514,32.269,175.919,0.33,1730,Eda,S,9.26,1,2,0,64.26428091,6,78,830.9,0.483235841,0.363403321,0,0.0018,0,0,0,0,3.00E-04,0,0,0,1.00E-05,0.03058,0,0.00341,0.00887,0.02369,0,0.78039,0.01107,0,0,0.02289,0,0,0,0,0,0.04316,0,0,0,0.07382,0,0,0,1,G154-14,0.29327399999999998,När1
G69-14,F,S,Skillingmark 1,Skillingmark_1415,6633076,1283468,2014,2015,NA,NA,0,NA,0.35,1.34,0.34,5.96,221.514,32.269,175.919,0.33,1730,Eda,S,9.26,1,2,0,64.26428091,6,78,830.9,0.483235841,0.363403321,0,0.0018,0,0,0,0,3.00E-04,0,0,0,1.00E-05,0.03058,0,0.00341,0.00887,0.02369,0,0.78039,0.01107,0,0,0.02289,0,0,0,0,0,0.04316,0,0,0,0.07382,0,0,0,1,G69-14,0.13900799999999999,Dju3
G18-10,F,S,Skugghöjden,Skugghöjden_1415,6672617,1324843,2014,2015,NA,NA,0,NA,0.29,1.39,0.08,4.68,284.265,34.721,171.778,0.403,1737,Torsby,S,10.352,1,5,0,69.45110887,6,77.4,1302.7,0.743665391,0.683628659,0,0.00093,0,0,0,0,0,0,0,0,0,0.00826,0,0,0.00335,0.00602,0,0.80699,0.01491,0,0,0.07168,0,0,0,0,0,0.02897,0,0,0,0.05887,0,0,0,1,G18-10,0.27612300000000001,Löv2
G47-10,M,S,Skugghöjden,Skugghöjden_1415,6672617,1324843,2014,2015,NA,NA,0,NA,0.29,1.39,0.08,4.68,284.265,34.721,171.778,0.403,1737,Torsby,S,10.352,1,5,0,69.45110887,6,77.4,1302.7,0.743665391,0.683628659,0,0.00093,0,0,0,0,0,0,0,0,0,0.00826,0,0,0.00335,0.00602,0,0.80699,0.01491,0,0,0.07168,0,0,0,0,0,0.02897,0,0,0,0.05887,0,0,0,1,G47-10,0,Kyn2
M-15-03/G141-13,M,N,Slettås 3,Slettås_1415,6797976,1299857,2014,2015,NA,NA,1,NA,0.43,1.08,1.14,6.41,568.828,19.969,177.373,0.201,428,Trysil,N,7.417,1,1,0,82.66998735,6,685.9,6164,0.502050054,0.480318175,0,0.00334,0.00082,0,0,0,0,0,0.00022,0,0.01168,0.00027,0,0,0.00147,0.01501,0.00208,0.58972,0.00367,0,0.01039,0.04718,0,0.00085,0.00595,0,0,0.25814,0,0,0.00243,0.04678,0,0,0,1,G141-13,0.13900799999999999,Dju3
M-17-14/G70-10,F,N,Slettås 3,Slettås_1415,6797976,1299857,2014,2015,NA,NA,1,NA,0.43,1.08,1.14,6.41,568.828,19.969,177.373,0.201,428,Trysil,N,7.417,1,1,0,82.66998735,6,685.9,6164,0.502050054,0.480318175,0,0.00334,0.00082,0,0,0,0,0,0.00022,0,0.01168,0.00027,0,0,0.00147,0.01501,0.00208,0.58972,0.00367,0,0.01039,0.04718,0,0.00085,0.00595,0,0,0.25814,0,0,0.00243,0.04678,0,0,0,1,G70-10,0.27612300000000001,Löv2
G4-15,F,S,Sången 3,Sången_1415,6731259,1436098,2014,2015,NA,NA,0,NA,0.24,0.97,0.32,4.7,304.114,28.991,169.555,0.256,2029,Leksand,S,9.25,0,0,0,79.67204301,6,2.8,2.2,0.473537472,0.52362982,0,0.00559,0,0,0,0,0,0,0,0,0,0.00562,0,0,0.00208,0.00103,0.00299,0.70152,0.06264,0,0,0.09988,0,0,0,0,0.00071,0.01092,0,0,0,0.10702,0,0,0,1,G4-15,0.48583999999999999,Sång1
G98-13,M,S,Sången 3,Sången_1415,6731259,1436098,2014,2015,illegal,NA,0,NA,0.24,0.97,0.32,4.7,304.114,28.991,169.555,0.256,2029,Leksand,S,9.25,0,0,0,79.67204301,6,2.8,2.2,0.473537472,0.52362982,0,0.00559,0,0,0,0,0,0,0,0,0,0.00562,0,0,0.00208,0.00103,0.00299,0.70152,0.06264,0,0,0.09988,0,0,0,0,0.00071,0.01092,0,0,0,0.10702,0,0,0,1,G98-13,0.15216099999999999,Sku
G62-14,M,S,Tandsjön 2,Tandsjön_1415,6840531,1421282,2014,2015,legal,NA,0,NA,0.09,0.77,0,3.12,574.288,26.009,168.221,0.225,2361,Härjedalen,S,3.3,0,0,0,85.61979167,6,1.3,2.3,0.476850573,0.474513734,0,0,0,0,0,0,0,0,0,0,0,0.00061,0,0,0,0.00016,0.0023,0.63029,0.00545,0,0.00292,0.18518,0,0,0,0,0.00042,0.15758,0,0,0,0.01509,0,0,0,1,G62-14,0.41430699999999998,Sjö
M-09-09,F,S,Tandsjön 2,Tandsjön_1415,6840531,1421282,2014,2015,legal,NA,1,NA,0.09,0.77,0,3.12,574.288,26.009,168.221,0.225,2361,Härjedalen,S,3.3,0,0,0,85.61979167,6,1.3,2.3,0.476850573,0.474513734,0,0,0,0,0,0,0,0,0,0,0,0.00061,0,0,0,0.00016,0.0023,0.63029,0.00545,0,0.00292,0.18518,0,0,0,0,0.00042,0.15758,0,0,0,0.01509,0,0,0,1,M-09-09,0.261963,Ful1
M-10-07,M,S,Tansen 3,Tansen_1415,6699274,1454569,2014,2015,NA,NA,1,NA,0.27,1.27,1.32,9.66,281.98,29.762,181.519,0.249,2026,Gagnef,S,29.82,0,4,0,76.69270833,6,2.7,2.2,0.546579368,0.50424184,0,0.012,0.00064,0,0,0,0.00026,0,0,0,0.00184,0.01954,0,0.00026,0.00346,0.0031,0.00479,0.78083,0.04406,0,0,0.07125,0,0,0,0,5.00E-04,0.00751,0,0,0.00624,0.04373,0,0,0,1,M-10-07,0.42968800000000001,Jang4
M11-05/G47-11,F,S,Tansen 3,Tansen_1415,6699274,1454569,2014,2015,NA,NA,1,NA,0.27,1.27,1.32,9.66,281.98,29.762,181.519,0.249,2026,Gagnef,S,29.82,0,4,0,76.69270833,6,2.7,2.2,0.546579368,0.50424184,0,0.012,0.00064,0,0,0,0.00026,0,0,0,0.00184,0.01954,0,0.00026,0.00346,0.0031,0.00479,0.78083,0.04406,0,0,0.07125,0,0,0,0,5.00E-04,0.00751,0,0,0.00624,0.04373,0,0,0,1,G47-11,0,Kyn2
M13-12/G23-13,M,S,Tiveden 1,Tiveden_1415,6527953,1436292,2014,2015,illegal,NA,1,NA,0.38,1.38,0.94,8.01,143.233,37.139,178.459,0.219,1882,Askersund,S,15.95,0,0,0,52.95833333,6,3.3,2.7,0.499882922,0.30279819,0,0.00957,0.00186,0.00027,0,0,0.00028,0,0,0.00025,0.00154,0.05435,0,0.00136,0.0027,0.01547,0.00935,0.63157,0.05895,0,0,0.04036,0,0,0,0,0.00154,0.01295,0,0,0,0.15764,0,0,0,1,G23-13,NA,[Immigrant]
M-13-12/G31-13,F,S,Tiveden 1,Tiveden_1415,6527953,1436292,2014,2015,censor,NA,1,NA,0.38,1.38,0.94,8.01,143.233,37.139,178.459,0.219,1882,Askersund,S,15.95,0,0,0,52.95833333,6,3.3,2.7,0.499882922,0.30279819,0,0.00957,0.00186,0.00027,0,0,0.00028,0,0,0.00025,0.00154,0.05435,0,0.00136,0.0027,0.01547,0.00935,0.63157,0.05895,0,0,0.04036,0,0,0,0,0.00154,0.01295,0,0,0,0.15764,0,0,0,1,G31-13,NA,[Immigrant]
G24-12,M,S,Vimyren 1,Vimyren_1415,6682381,1356036,2014,2015,NA,NA,0,NA,0.29,1.2,0.51,5.65,242.896,34.631,179.386,0.38,1737,Torsby,S,6.533,0,6,0,72.91633065,6,2.2,2.6,0.527968717,0.449465458,0,0.00758,7.00E-04,0,0,0.00047,0,0,0,0.00034,0.0012,0.03982,0,0,0.00463,0.01692,0.00177,0.75406,0.0195,0,0,0.06432,0,0,0,0,0.00051,0.04094,0,0,0.00587,0.04137,0,0,0,1,G24-12,0.16552700000000001,Jang6
G86-15,F,S,Vimyren 1,Vimyren_1415,6682381,1356036,2014,2015,NA,NA,0,NA,0.29,1.2,0.51,5.65,242.896,34.631,179.386,0.38,1737,Torsby,S,6.533,0,6,0,72.91633065,6,2.2,2.6,0.527968717,0.449465458,0,0.00758,7.00E-04,0,0,0.00047,0,0,0,0.00034,0.0012,0.03982,0,0,0.00463,0.01692,0.00177,0.75406,0.0195,0,0,0.06432,0,0,0,0,0.00051,0.04094,0,0,0.00587,0.04137,0,0,0,1,G86-15,0.29718,Klg
G141-12,M,S,Åmot,Åmot_1415,6749910,1538758,2014,2015,NA,NA,0,NA,0.21,1.37,1.25,7.84,195.646,27.999,157.142,0.153,2101,Ockelbo,S,21.933,0,3,0,73.73651961,6,2.7,3,0.571054186,0.328642337,0,0.00728,0,0,0,0,0.00043,0,0,0,0,0.04859,0,0.00127,2.00E-04,0.00319,0.01014,0.74304,0.02806,0,0,0.10134,0,0,0,0,0.00073,0.02311,0,0,0,0.03263,0,0,0,1,G141-12,0.30688500000000002,Sle
G43-14,F,S,Åmot,Åmot_1415,6749910,1538758,2014,2015,NA,NA,0,NA,0.21,1.37,1.25,7.84,195.646,27.999,157.142,0.153,2101,Ockelbo,S,21.933,0,3,0,73.73651961,6,2.7,3,0.571054186,0.328642337,0,0.00728,0,0,0,0,0.00043,0,0,0,0,0.04859,0,0.00127,2.00E-04,0.00319,0.01014,0.74304,0.02806,0,0,0.10134,0,0,0,0,0.00073,0.02311,0,0,0,0.03263,0,0,0,1,G43-14,0.135986,Kors3
G144-14,F,N,Östmarka 2,Østmarka_1415,6645037,1231051,2014,2015,NA,NA,0,NA,1.86,1.2,7.28,24.73,174.42,33.481,181.12,0.398,229,Enebakk,N,280.369,1,0,0,58.33725962,6,48.5,1018.4,0.495833192,0.315150796,0.00451,0.12171,0.02225,0.00214,0.00142,0.00072,0.00101,0.00073,0,0.006,0.009,0.11561,0,0,0.00292,0.04188,0.0053,0.49434,0.00547,0,0,0.01825,0,0,0,0,0.00051,0.00295,0,0,0.00841,0.08924,0,0,0.04563,1,G144-14,0.21771199999999999,Öma1
G86-11,M,N,Östmarka 2,Østmarka_1415,6645037,1231051,2014,2015,NA,NA,0,NA,1.86,1.2,7.28,24.73,174.42,33.481,181.12,0.398,229,Enebakk,N,280.369,1,0,0,58.33725962,6,48.5,1018.4,0.495833192,0.315150796,0.00451,0.12171,0.02225,0.00214,0.00142,0.00072,0.00101,0.00073,0,0.006,0.009,0.11561,0,0,0.00292,0.04188,0.0053,0.49434,0.00547,0,0,0.01825,0,0,0,0,0.00051,0.00295,0,0,0.00841,0.08924,0,0,0.04563,1,G86-11,0.25695800000000002,DE5
G71-13,F,S,Aamäck 4,Aamäkk_1516,6672477,1398313,2015,2016,censor,NA,0,NA,0.26,0.98,0.02,5.68,307.63,33.752,175.355,0.322,1783,Hagfors,S,7.6,0,5,0,75.88541667,6,2.1,2,0.540029286,0.51599091,0,0.00026,0,0,0,0,0.00028,0,0,0,0,0.00067,0,0,0,0.00126,0.00028,0.64922,0.02544,0,0,0.17728,0,0,0,0,0.00254,0.04454,0,0,0.00049,0.09772,0,0,0,1,G71-13,0.21491199999999999,Snd3
G8-14,M,S,Aamäck 4,Aamäkk_1516,6672477,1398313,2015,2016,NA,NA,0,NA,0.26,0.98,0.02,5.68,307.63,33.752,175.355,0.322,1783,Hagfors,S,7.6,0,5,0,75.88541667,6,2.1,2,0.540029286,0.51599091,0,0.00026,0,0,0,0,0.00028,0,0,0,0,0.00067,0,0,0,0.00126,0.00028,0.64922,0.02544,0,0,0.17728,0,0,0,0,0.00254,0.04454,0,0,0.00049,0.09772,0,0,0,1,G8-14,0.21495400000000001,Vis1
M-15-01/G140-13,F,S,Aspafallet 2,Aspafallet_1516,6617524,1483801,2015,2016,NA,NA,1,NA,0.38,1.17,0.49,7.75,116.862,38.506,172.99,0.235,1983,Köping,S,22.067,0,3,0,61.00505051,6,2.2,2.4,0.60103084,0.60441835,0,0.00515,0.00032,0,0,0,0.00052,0,0,0,0.00056,0.0855,0,0.00078,0.01303,0.0162,0.00144,0.66378,0.03543,0,0,0.07603,0,0,0,0,0.00385,0.03513,0,0,0.00036,0.06192,0,0,0,1,G140-13,0.29248000000000002,Hed3
G83-14,M,S,Aspafallet 2,Aspafallet_1516,6617524,1483801,2015,2016,NA,NA,0,NA,0.38,1.17,0.49,7.75,116.862,38.506,172.99,0.235,1983,Köping,S,22.067,0,3,0,61.00505051,6,2.2,2.4,0.60103084,0.60441835,0,0.00515,0.00032,0,0,0,0.00052,0,0,0,0.00056,0.0855,0,0.00078,0.01303,0.0162,0.00144,0.66378,0.03543,0,0,0.07603,0,0,0,0,0.00385,0.03513,0,0,0.00036,0.06192,0,0,0,1,G83-14,0.29736299999999999,Fär
G107-16,M,N,Aurskog 4,Aurskog_1516,6645533,1254619,2015,2016,NA,NA,0,NA,0.67,1.13,2.64,11.56,209.212,31.714,183.022,0.339,221,Aurskog-Høland,N,72.368,1,3,0,65.296875,6,233.4,1193.6,0.367422052,0.298710786,0,0.01306,0,0,0,0,0,0,0,0,0.00149,0.18511,0,0,0,0.03171,0.0034,0.59022,0.00311,0,0,0.05361,0,0,0,0,0.00051,0.01916,0,0,0.00791,0.09072,0,0,0,1,G107-16,0.31059999999999999,Gla3
G170-15,F,N,Aurskog 4,Aurskog_1516,6645533,1254619,2015,2016,NA,NA,0,NA,0.67,1.13,2.64,11.56,209.212,31.714,183.022,0.339,221,Aurskog-Høland,N,72.368,1,3,0,65.296875,6,233.4,1193.6,0.367422052,0.298710786,0,0.01306,0,0,0,0,0,0,0,0,0.00149,0.18511,0,0,0,0.03171,0.0034,0.59022,0.00311,0,0,0.05361,0,0,0,0,0.00051,0.01916,0,0,0.00791,0.09072,0,0,0,1,G170-15,0.29327399999999998,När1
G113-12,F,S,Björnås 3,Björnäs_1516,6760797,1513166,2015,2016,NA,NA,0,NA,0.17,1.14,0,5.08,322.01,26.339,174.154,0.183,2080,Falun,S,13.575,0,7,0,79.46236559,6,2.6,2.7,0.575640441,0.604788872,0,0.00041,0,0,0,0,0,0,0,0,0,0,0,0.00029,0.00065,0,0.00071,0.73534,0.03564,0,0,0.13493,0,0,0,0,0.00214,0.04535,0,0,0,0.04454,0,0,0,1,G113-12,0,Prä
G164-13,M,S,Björnås 3,Björnäs_1516,6760797,1513166,2015,2016,NA,NA,0,NA,0.17,1.14,0,5.08,322.01,26.339,174.154,0.183,2080,Falun,S,13.575,0,7,0,79.46236559,6,2.6,2.7,0.575640441,0.604788872,0,0.00041,0,0,0,0,0,0,0,0,0,0,0,0.00029,0.00065,0,0.00071,0.73534,0.03564,0,0,0.13493,0,0,0,0,0.00214,0.04535,0,0,0,0.04454,0,0,0,1,G164-13,0.41430699999999998,Bjås
G116-14,M,S,Blyberget,Blyberget_1516,6787936,1516219,2015,2016,NA,NA,0,NA,0.24,1.18,0.96,7.07,267.472,28.324,165.148,0.201,2183,Bollnäs,S,10.4,0,3,0,77.97916667,6,2.6,3.1,0.563360561,0.391328705,0,0.00508,0,0,0,0,0,0,0,0,0,0.05077,0,0.00028,0.00076,0.00062,0.00109,0.69093,0.02764,0,0,0.11753,0,0,0,0,0.00065,0.03685,0,0,0,0.06781,0,0,0,1,G116-14,0.29699700000000001,Tand
G62-15,F,S,Blyberget,Blyberget_1516,6787936,1516219,2015,2016,NA,NA,0,NA,0.24,1.18,0.96,7.07,267.472,28.324,165.148,0.201,2183,Bollnäs,S,10.4,0,3,0,77.97916667,6,2.6,3.1,0.563360561,0.391328705,0,0.00508,0,0,0,0,0,0,0,0,0,0.05077,0,0.00028,0.00076,0.00062,0.00109,0.69093,0.02764,0,0,0.11753,0,0,0,0,0.00065,0.03685,0,0,0,0.06781,0,0,0,1,G62-15,0.41430699999999998,Sjö
G11-16,M,S,Borgvik 2,Borgvik_1516,6585260,1335886,2015,2016,NA,NA,0,NA,0.34,1.19,1.02,9.19,101.563,39.406,177.848,0.392,1764,Grums,S,31.975,0,1,0,53.46568627,6,2.4,1.9,0.492531676,0.204835436,0,0.0104,0.00163,0,0,0,0,0,0,0.00036,0.00052,0.11754,0,0.00494,0.00336,0.01625,0.00704,0.53615,0.12182,0,0,0.02795,0,0,0,0,0.00641,0.00472,0,0,0,0.1409,0,0,0,1,G11-16,0.13900799999999999,Dju3
G64-15,F,S,Borgvik 2,Borgvik_1516,6585260,1335886,2015,2016,NA,NA,0,NA,0.34,1.19,1.02,9.19,101.563,39.406,177.848,0.392,1764,Grums,S,31.975,0,1,0,53.46568627,6,2.4,1.9,0.492531676,0.204835436,0,0.0104,0.00163,0,0,0,0,0,0,0.00036,0.00052,0.11754,0,0.00494,0.00336,0.01625,0.00704,0.53615,0.12182,0,0,0.02795,0,0,0,0,0.00641,0.00472,0,0,0,0.1409,0,0,0,1,G64-15,0.31059999999999999,Gla3
G28-09,M,S,Brattfors 1,Brattfors_1516,6622892,1390176,2015,2016,other,NA,0,"old age, 10+ yr old",0.31,1.17,0.37,8.02,198.116,36.396,175.223,0.346,1782,Filipstad,S,26.45,0,6,0,71.35858586,6,1.7,1.9,0.670350278,0.666258809,0,0.00601,0.00163,0,0,0,0.00044,0,0,0,0.00142,0.05112,0,9.00E-04,0.00372,0.00748,0.00376,0.71385,0.04041,0,0,0.06471,0,0,0,0,7.00E-04,0.02917,0,0,0,0.07465,0,0,0,1,G28-09,0.31445299999999998,Jang3
G9-09,F,S,Brattfors 1,Brattfors_1516,6622892,1390176,2015,2016,censor,NA,0,NA,0.31,1.17,0.37,8.02,198.116,36.396,175.223,0.346,1782,Filipstad,S,26.45,0,6,0,71.35858586,6,1.7,1.9,0.670350278,0.666258809,0,0.00601,0.00163,0,0,0,0.00044,0,0,0,0.00142,0.05112,0,9.00E-04,0.00372,0.00748,0.00376,0.71385,0.04041,0,0,0.06471,0,0,0,0,7.00E-04,0.02917,0,0,0,0.07465,0,0,0,1,G9-09,0.26757799999999998,Grä1
G126-15,M,S,Flaten 1,Flaten_1516,6660153,1476016,2015,2016,NA,NA,0,NA,0.36,1.46,1.42,8.71,216.627,32.629,172.334,0.284,2061,Smedjebacken,S,12.583,0,3,0,70.69191919,6,2.5,2.3,0.510976474,0.355734827,0,0.01942,0.00243,0,0,5.00E-04,0,0,0,0.00208,0.00225,0.02393,0,0.00132,0.00814,0.0141,0.00544,0.70791,0.02527,0,0,0.06894,0,0,0,0,0,0.0056,0,0,0,0.11267,0,0,0,1,G126-15,0.30401600000000001,Hed4
G132-14,F,S,Flaten 1,Flaten_1516,6660153,1476016,2015,2016,NA,NA,0,NA,0.36,1.46,1.42,8.71,216.627,32.629,172.334,0.284,2061,Smedjebacken,S,12.583,0,3,0,70.69191919,6,2.5,2.3,0.510976474,0.355734827,0,0.01942,0.00243,0,0,5.00E-04,0,0,0,0.00208,0.00225,0.02393,0,0.00132,0.00814,0.0141,0.00544,0.70791,0.02527,0,0,0.06894,0,0,0,0,0,0.0056,0,0,0,0.11267,0,0,0,1,G132-14,0.20550499999999999,Rom1
G49-16,M,S,Flintbäcken,Flintbäcken_1516,6677190,1415965,2015,2016,NA,NA,0,NA,0.22,1.05,0.24,6.43,352.454,33.763,174.334,0.334,2085,Ludvika,S,7.6,0,6,0,77.89583333,6,2.4,2.2,0.552880544,0.538648951,0,0.00201,0,0,0,0,0,0,0,0,0.00044,0,0,0,0,0.00142,0.00269,0.67666,0.02758,0,0,0.16556,0,0,0,0,0.0014,0.04657,0,0,0,0.07567,0,0,0,1,G49-16,0.29931600000000003,Klot
G88-15,F,S,Flintbäcken,Flintbäcken_1516,6677190,1415965,2015,2016,NA,NA,0,NA,0.22,1.05,0.24,6.43,352.454,33.763,174.334,0.334,2085,Ludvika,S,7.6,0,6,0,77.89583333,6,2.4,2.2,0.552880544,0.538648951,0,0.00201,0,0,0,0,0,0,0,0,0.00044,0,0,0,0,0.00142,0.00269,0.67666,0.02758,0,0,0.16556,0,0,0,0,0.0014,0.04657,0,0,0,0.07567,0,0,0,1,G88-15,0.21491199999999999,Snd3
G18-15,M,N,Flisdalen,Flisdalen_1516,6726231,1300590,2015,2016,NA,NA,0,NA,0.53,2.02,1.13,7.61,291.136,20.301,180.383,0.183,425,Åsnes,N,6.146,1,4,0,72.859375,6,273.8,5397,0.470923483,0.396850427,0,0.0036,0.00106,0,0,0,0,0,0,0,0,0.18025,0,0,0,0.0129,0.00316,0.57631,0.00327,0,0,0.1331,0,0,0,0,0,0.05887,0,0,0.01191,0.01556,0,0,0,1,G18-15,0.29980499999999999,Trå
G89-15,F,N,Flisdalen,Flisdalen_1516,6726231,1300590,2015,2016,NA,NA,0,NA,0.53,2.02,1.13,7.61,291.136,20.301,180.383,0.183,425,Åsnes,N,6.146,1,4,0,72.859375,6,273.8,5397,0.470923483,0.396850427,0,0.0036,0.00106,0,0,0,0,0,0,0,0,0.18025,0,0,0,0.0129,0.00316,0.57631,0.00327,0,0,0.1331,0,0,0,0,0,0.05887,0,0,0.01191,0.01556,0,0,0,1,G89-15,0.14679700000000001,Tans2
G55-16,M,S,Forshaga  3,Forshaga_1516,6605632,1373526,2015,2016,NA,NA,0,NA,0.56,1.25,2.67,15.36,98.843,37.351,177.813,0.304,1763,Forshaga,S,47.3,0,4,0,58.89784946,6,1.8,1.9,0.545007567,0.412461579,0,0.03323,0.00226,0,0,0.00158,0.00168,4.00E-04,0,0.0024,0.00418,0.18667,0,0.0054,0.00985,0.01335,0.00599,0.49601,0.0654,0,0,0.02401,0,0,0,0,0.00529,0.02628,0,0,0.00881,0.1072,0,0,0,1,G55-16,0.21491199999999999,Snd3
G56-16,F,S,Forshaga  3,Forshaga_1516,6605632,1373526,2015,2016,NA,NA,0,NA,0.56,1.25,2.67,15.36,98.843,37.351,177.813,0.304,1763,Forshaga,S,47.3,0,4,0,58.89784946,6,1.8,1.9,0.545007567,0.412461579,0,0.03323,0.00226,0,0,0.00158,0.00168,4.00E-04,0,0.0024,0.00418,0.18667,0,0.0054,0.00985,0.01335,0.00599,0.49601,0.0654,0,0,0.02401,0,0,0,0,0.00529,0.02628,0,0,0.00881,0.1072,0,0,0,1,G56-16,0.31961099999999998,Köl2
G133-13,M,S,Färna 2,Färna_1516,6632439,1508925,2015,2016,NA,NA,0,NA,0.29,1.13,0.65,8.63,112.303,39.664,174.922,0.229,1904,Skinnskatteberg,S,44.543,0,2,0,61.08585859,6,2.3,2.4,0.654944501,0.587240535,0,0.00691,0.00126,0,0,0,0.00035,0,0,0.00044,0.00023,0.04272,0,0.00321,0.00756,0.01477,0.00497,0.56968,0.0559,0,0,0.06521,0,0,0,0.09195,0.00409,0.03971,0,0,0.00219,0.08886,0,0,0,1,G133-13,0.15216099999999999,Nora
M-10-08,F,S,Färna 2,Färna_1516,6632439,1508925,2015,2016,NA,NA,1,NA,0.29,1.13,0.65,8.63,112.303,39.664,174.922,0.229,1904,Skinnskatteberg,S,44.543,0,2,0,61.08585859,6,2.3,2.4,0.654944501,0.587240535,0,0.00691,0.00126,0,0,0,0.00035,0,0,0.00044,0.00023,0.04272,0,0.00321,0.00756,0.01477,0.00497,0.56968,0.0559,0,0,0.06521,0,0,0,0.09195,0.00409,0.03971,0,0,0.00219,0.08886,0,0,0,1,M-10-08,0.26708999999999999,Lok1
G61-14,M,S,Glamsen 1,Glamsen_1516,6716798,1583443,2015,2016,NA,NA,0,NA,0.32,1.35,2.56,13.01,32.023,26.744,163.944,0.036,319,Älvkarleby,S,39.267,0,0,0,60.56770833,6,2.6,3,0.484590223,0.193836089,0,0.03569,0.00933,0.00523,0.00299,0,0.00218,0.00037,0,0.00544,0.0028,0.02104,0,0.00631,0.00155,0.00688,0.02513,0.48107,0.097,0.00044,0.00042,0.11403,0,0,0,0,0.00709,0.00959,0,0,0.012,0.03504,0,0.00464,0.11374,1,G61-14,0.222382,Lok3
G66-12,F,S,Glamsen 1,Glamsen_1516,6716798,1583443,2015,2016,NA,NA,0,NA,0.32,1.35,2.56,13.01,32.023,26.744,163.944,0.036,319,Älvkarleby,S,39.267,0,0,0,60.56770833,6,2.6,3,0.484590223,0.193836089,0,0.03569,0.00933,0.00523,0.00299,0,0.00218,0.00037,0,0.00544,0.0028,0.02104,0,0.00631,0.00155,0.00688,0.02513,0.48107,0.097,0.00044,0.00042,0.11403,0,0,0,0,0.00709,0.00959,0,0,0.012,0.03504,0,0.00464,0.11374,1,G66-12,0.13885500000000001,Ria
G27-12,M,S,Glaskogen 3,Glaskogen_1516,6601690,1306078,2015,2016,NA,NA,0,NA,0.21,1.02,0.6,7.09,193.058,36.555,175.205,0.37,1784,Arvika,S,11.425,0,1,0,62.43939394,6,2.1,1.9,0.507584977,0.465420813,0,0.0022,0.00047,0,0,0,0,0,0,0,8.00E-05,0.03042,0,0.00263,0.00057,0.01112,0.00138,0.71991,0.03329,0,0,0.03469,0,0,0,0,0,0.0106,0,0,0,0.15264,0,0,0,1,G27-12,0.261963,Ful1
G56-11,F,S,Glaskogen 3,Glaskogen_1516,6601690,1306078,2015,2016,NA,NA,0,NA,0.21,1.02,0.6,7.09,193.058,36.555,175.205,0.37,1784,Arvika,S,11.425,0,1,0,62.43939394,6,2.1,1.9,0.507584977,0.465420813,0,0.0022,0.00047,0,0,0,0,0,0,0,8.00E-05,0.03042,0,0.00263,0.00057,0.01112,0.00138,0.71991,0.03329,0,0,0.03469,0,0,0,0,0,0.0106,0,0,0,0.15264,0,0,0,1,G56-11,0.29718,Gla2
G11-11,M,S,Gräsmark 5,Gräsmark_1516,6693762,1299463,2015,2016,NA,NA,0,NA,0.67,1.94,1.07,9.08,291.941,28.474,176.068,0.304,402,Kongsvinger,N,10.262,1,5,0,73.36323925,6,224.6,5397,0.449816288,0.295934229,0,0.00872,0.00171,0.00041,0,0,0,0,0,0,0.00044,0.08195,0,0,0.00041,0.01972,0.00275,0.71221,0.00329,0,0,0.06607,0,0,0,0,0,0.0457,0,0,0.01249,0.04412,0,0,0,1,G11-11,0.261963,Ful1
G125-13,F,S,Gräsmark 5,Gräsmark_1516,6693762,1299463,2015,2016,NA,NA,0,NA,0.67,1.94,1.07,9.08,291.941,28.474,176.068,0.304,402,Kongsvinger,N,10.262,1,5,0,73.36323925,6,224.6,5397,0.449816288,0.295934229,0,0.00872,0.00171,0.00041,0,0,0,0,0,0,0.00044,0.08195,0,0,0.00041,0.01972,0.00275,0.71221,0.00329,0,0,0.06607,0,0,0,0,0,0.0457,0,0,0.01249,0.04412,0,0,0,1,G125-13,0.198181,Hae
G113-15,M,S,Gårdsjö 5,Gårdsjö_1516,6628353,1361819,2015,2016,illegal,NA,0,NA,0.39,1.15,0.93,9.38,150.504,37.48,175.145,0.407,1766,Sunne,S,28.614,0,6,0,63.9375,6,1.6,1.9,0.650984303,0.494559332,0,0.01331,0.00084,0,0,0,0.00051,0.00011,0,0.00134,0.00188,0.12631,0,0.00257,0.00647,0.01097,0.00578,0.5926,0.06619,0,0,0.04474,0,0,0,0,0.00026,0.00962,0,0,0.00643,0.11008,0,0,0,1,G113-15,0.224609,Letj2
G77-14,F,S,Gårdsjö 5,Gårdsjö_1516,6628353,1361819,2015,2016,NA,NA,0,NA,0.39,1.15,0.93,9.38,150.504,37.48,175.145,0.407,1766,Sunne,S,28.614,0,6,0,63.9375,6,1.6,1.9,0.650984303,0.494559332,0,0.01331,0.00084,0,0,0,0.00051,0.00011,0,0.00134,0.00188,0.12631,0,0.00257,0.00647,0.01097,0.00578,0.5926,0.06619,0,0,0.04474,0,0,0,0,0.00026,0.00962,0,0,0.00643,0.11008,0,0,0,1,G77-14,0.28747600000000001,Kin1
G11-13,M,S,Gåsborn 3,Gåsborn_1516,6650656,1422356,2015,2016,NA,NA,0,NA,0.28,1.09,0.4,6.83,280.277,34.767,172.621,0.357,1863,Hällefors,S,10.567,0,5,0,78.10416667,6,2.1,2.2,0.57111073,0.555750826,0,0.00289,0,0,0,0,0,0,0,0,0.00044,0,0,0.00031,0.00092,0.00148,0.00122,0.72977,0.03228,0,0,0.09641,0,0,0,0,0.00037,0.04383,0,0,0.00049,0.08958,0,0,0,1,G11-13,0.16552700000000001,Jang6
G49-12,F,S,Gåsborn 3,Gåsborn_1516,6650656,1422356,2015,2016,illegal,NA,0,NA,0.28,1.09,0.4,6.83,280.277,34.767,172.621,0.357,1863,Hällefors,S,10.567,0,5,0,78.10416667,6,2.1,2.2,0.57111073,0.555750826,0,0.00289,0,0,0,0,0,0,0,0,0.00044,0,0,0.00031,0.00092,0.00148,0.00122,0.72977,0.03228,0,0,0.09641,0,0,0,0,0.00037,0.04383,0,0,0.00049,0.08958,0,0,0,1,G49-12,0.12667800000000001,Gås
G124-13,F,S,Gåsmyren 1,Gåsmyren_1516,6675065,1498163,2015,2016,NA,NA,0,NA,0.34,1.43,2.1,10.12,182.499,36.415,174.385,0.299,2083,Hedemora,S,24.917,0,2,0,64.49479167,6,3,2.3,0.503335522,0.492084288,0,0.01528,0.00254,0,0,0.00042,0,0.00042,0,0.00036,0.00138,0.07862,0,0.00086,0.00409,0.01285,0.00855,0.66654,0.03784,0,0,0.07845,0,0,0,0,0.00163,0.00267,0,0,0.0034,0.0841,0,0,0,1,G124-13,0.33898899999999998,Tans
G67-11,M,S,Gåsmyren 1,Gåsmyren_1516,6675065,1498163,2015,2016,NA,NA,0,NA,0.34,1.43,2.1,10.12,182.499,36.415,174.385,0.299,2083,Hedemora,S,24.917,0,2,0,64.49479167,6,3,2.3,0.503335522,0.492084288,0,0.01528,0.00254,0,0,0.00042,0,0.00042,0,0.00036,0.00138,0.07862,0,0.00086,0.00409,0.01285,0.00855,0.66654,0.03784,0,0,0.07845,0,0,0,0,0.00163,0.00267,0,0,0.0034,0.0841,0,0,0,1,G67-11,0.35199000000000003,Snd2
G58-16,M,S,Göra  3,Göra_1516,6801281,1352586,2015,2016,censor,NA,0,NA,0.26,0.71,1.26,5.01,546.727,18.522,171.292,0.171,2023,Malung,S,1.893,1,0,0,77.81770833,6,77.4,622.7,0.487899973,0.392165548,0,9.00E-05,0,0,0,0,0,0,0,0,0.01323,0.00156,0,3.00E-04,0,0,0.0063,0.61374,0.02768,0,0.08836,0.10313,0,0.00059,0.01104,0,0.0032,0.10704,0,0,0.00199,0.02173,0,0,0,1,G58-16,0.31961099999999998,Köl2
G57-16,F,S,Göra 3,Göra_1516,6801281,1352586,2015,2016,illegal,NA,0,NA,0.26,0.71,1.26,5.01,546.727,18.522,171.292,0.171,2023,Malung,S,1.893,1,0,0,77.81770833,6,77.4,622.7,0.487899973,0.392165548,0,9.00E-05,0,0,0,0,0,0,0,0,0.01323,0.00156,0,3.00E-04,0,0,0.0063,0.61374,0.02768,0,0.08836,0.10313,0,0.00059,0.01104,0,0.0032,0.10704,0,0,0.00199,0.02173,0,0,0,1,G57-16,0.222382,Lok3
G13-10,M,S,Haersjo 2,Hærsjø_1516,6663420,1314049,2015,2016,illegal,NA,0,NA,0.39,1.54,0.2,5.93,266.61,34.124,175.758,0.382,1784,Arvika,S,11.045,1,4,0,75.8998999,6,100.2,2289.4,0.578145114,0.601604308,0,0.00067,0,0,0,0,0,0,9.00E-04,0,0,0.00979,0,0.00067,0.00367,0.0212,0,0.79068,0.00778,0,0,0.06268,0,0,0,0,0,0.03337,0,0,0.00031,0.06827,0,0,0,1,G13-10,0.27490199999999998,Äpp
G103-16,F,S,Haersjö 2,Hærsjø_1516,6663420,1314049,2015,2016,illegal,NA,0,NA,0.39,1.54,0.2,5.93,266.61,34.124,175.758,0.382,1784,Arvika,S,11.045,1,4,0,75.8998999,6,100.2,2289.4,0.578145114,0.601604308,0,0.00067,0,0,0,0,0,0,9.00E-04,0,0,0.00979,0,0.00067,0.00367,0.0212,0,0.79068,0.00778,0,0,0.06268,0,0,0,0,0,0.03337,0,0,0.00031,0.06827,0,0,0,1,G103-16,0.27356000000000003,Rot2
G128-15,F,S,Halån/Edsele,HalånEdsele_1516,7010118,1535779,2015,2016,legal,NA,0,NA,0.24,1.06,0.48,5.36,295.759,20.851,153.641,0.188,2303,Ragunda,S,2.567,0,0,1,81.375,6,2.4,2.7,0.250143985,0.100057594,0,0.00147,0,0,0,0,0,0,0,0,0,0.03067,0,0.00308,0.00443,0.01013,0.01016,0.56199,0.1978,0,0,0.10449,0,0,0,0,0,0.04956,0,0,0.01087,0.01535,0,0,0,1,G128-15,0.222382,Lok3
G50-13,M,S,Halån/Edsele,HalånEdsele_1516,7010118,1535779,2015,2016,legal,NA,0,NA,0.24,1.06,0.48,5.36,295.759,20.851,153.641,0.188,2303,Ragunda,S,2.567,0,0,1,81.375,6,2.4,2.7,0.250143985,0.100057594,0,0.00147,0,0,0,0,0,0,0,0,0,0.03067,0,0.00308,0.00443,0.01013,0.01016,0.56199,0.1978,0,0,0.10449,0,0,0,0,0,0.04956,0,0,0.01087,0.01535,0,0,0,1,G50-13,0.16552700000000001,Jang6
G17-15,M,S,Höljes,Höljes_1516,6762884,1327538,2015,2016,illegal,NA,0,Female G51-13 moved here from Juberget,0.23,0.81,0.01,4.6,437.912,18.39,169.668,0.195,1737,Torsby,S,3.239,1,3,0,81.11827957,6,58.1,476.7,0.577415359,0.350705504,0,0.00083,0,0,0,0,0,0,0,0,0.00061,0,0,0.00048,0,0.00121,0,0.63563,0.06468,0,0,0.13533,0,0,0,0,0.00083,0.1073,0,0,0.00376,0.04935,0,0,0,1,G17-15,0.27572600000000003,Drag2
G51-13,F,S,Höljes,Höljes_1516,6762884,1327538,2015,2016,illegal,NA,0,NA,0.23,0.81,0.01,4.6,437.912,18.39,169.668,0.195,1737,Torsby,S,3.239,1,3,0,81.11827957,6,58.1,476.7,0.577415359,0.350705504,0,0.00083,0,0,0,0,0,0,0,0,0.00061,0,0,0.00048,0,0.00121,0,0.63563,0.06468,0,0,0.13533,0,0,0,0,0.00083,0.1073,0,0,0.00376,0.04935,0,0,0,1,G51-13,0.16552700000000001,Jang6
G6-12,M,S,Jangen 6,Jangen_1516,6657759,1365761,2015,2016,NA,NA,0,NA,0.34,1.24,0.67,7.69,204.705,36.96,178.461,0.42,1783,Hagfors,S,11.4,0,5,0,70.25252525,6,1.4,1.9,0.532255107,0.501727584,0,0.0096,0.00129,0,0,0.00119,0,0,0,0,0.00076,0.06564,0,0.00312,0.00585,0.02113,0.0063,0.70997,0.02242,0,0,0.04748,0,0,0,0,0.00063,0.01249,0,0,0.00924,0.08291,0,0,0,1,G6-12,0,Kyn2
M-06-05,F,S,Jangen 6,Jangen_1516,6657759,1365761,2015,2016,other,NA,1,Old age,0.34,1.24,0.67,7.69,204.705,36.96,178.461,0.42,1783,Hagfors,S,11.4,0,5,0,70.25252525,6,1.4,1.9,0.532255107,0.501727584,0,0.0096,0.00129,0,0,0.00119,0,0,0,0,0.00076,0.06564,0,0.00312,0.00585,0.02113,0.0063,0.70997,0.02242,0,0,0.04748,0,0,0,0,0.00063,0.01249,0,0,0.00924,0.08291,0,0,0,1,M-06-05,0.26953100000000002,Ny5
M14-09/G16-12,F,N,Julussa 9,Julussa_1516,6814282,1265013,2015,2016,NA,NA,1,NA,0.12,1.15,0.03,3.98,552.711,19.439,158.852,0.279,429,Åmot,N,1.709,1,3,0,80.36942959,6,399.3,5397,0.528118953,0.506188625,0,0,0,0,0,0,5.00E-04,0,0,0,0,0.00595,0,0,0,0.00423,0.00791,0.66622,0.00863,0,0.01875,0.1125,0,0,0.00737,0,0,0.14079,0,0,0.00543,0.02172,0,0,0,1,G16-12,0,Kyn2
M14-10/G95-10,M,N,Julussa 9,Julussa_1516,6814282,1265013,2015,2016,NA,NA,1,NA,0.12,1.15,0.03,3.98,552.711,19.439,158.852,0.279,429,Åmot,N,1.709,1,3,0,80.36942959,6,399.3,5397,0.528118953,0.506188625,0,0,0,0,0,0,5.00E-04,0,0,0,0,0.00595,0,0,0,0.00423,0.00791,0.66622,0.00863,0,0.01875,0.1125,0,0,0.00737,0,0,0.14079,0,0,0.00543,0.02172,0,0,0,1,G95-10,0.284912,Ulr3
G148-15,M,S,Juvberget 4,Juvberget_1516,6756146,1315117,2015,2016,NA,NA,0,NA,0.21,1.16,0,5.04,414.211,18.626,171.741,0.185,1737,Torsby,S,6.927,1,4,0,81.87373737,6,97.3,1911.8,0.66067155,0.520020761,0,0.00083,0,0,0,0,0,0,0,0,0.00061,0.00026,0,0.00048,0,0.00189,0.00171,0.60994,0.07051,0,0,0.13381,0,0,0,0,0,0.15167,0,0,0.00224,0.02606,0,0,0,1,G148-15,0.273621,Sång2
G34-16,F,S,Juvberget 4,Juvberget_1516,6756146,1315117,2015,2016,NA,NA,0,NA,0.21,1.16,0,5.04,414.211,18.626,171.741,0.185,1737,Torsby,S,6.927,1,4,0,81.87373737,6,97.3,1911.8,0.66067155,0.520020761,0,0.00083,0,0,0,0,0,0,0,0,0.00061,0.00026,0,0.00048,0,0.00189,0.00171,0.60994,0.07051,0,0,0.13381,0,0,0,0,0,0.15167,0,0,0.00224,0.02606,0,0,0,1,G34-16,0.15216099999999999,Sku
G20-13,F,S,Kerto,Kerto_1516,6688108,1325737,2015,2016,illegal,NA,0,NA,0.3,1.47,0.06,4.05,313.086,31.38,173.911,0.38,1737,Torsby,S,10.413,1,6,0,75.78125,6,64.4,1474.8,0.691763306,0.685263091,0,0.00138,0,0,0,0,0,0,0,0,0.00052,0.00718,0,0,0.00487,0.0047,0.00192,0.8149,0.01893,0,0,0.07851,0,0,0,0,0,0.03099,0,0,0,0.0361,0,0,0,1,G20-13,0.15216099999999999,Sku
G27-14,M,S,Kerto,Kerto_1516,6688108,1325737,2015,2016,illegal,NA,0,NA,0.3,1.47,0.06,4.05,313.086,31.38,173.911,0.38,1737,Torsby,S,10.413,1,6,0,75.78125,6,64.4,1474.8,0.691763306,0.685263091,0,0.00138,0,0,0,0,0,0,0,0,0.00052,0.00718,0,0,0.00487,0.0047,0.00192,0.8149,0.01893,0,0,0.07851,0,0,0,0,0,0.03099,0,0,0,0.0361,0,0,0,1,G27-14,0.29980499999999999,Trå
G27-11,M,S,Kindla,Kindla_1516,6648151,1441838,2015,2016,NA,NA,0,NA,0.31,1.23,0.56,7.32,264.513,31.793,174.478,0.282,1864,Ljusnarsberg,S,10.075,0,6,0,76.97395833,6,2.3,2.4,0.64167272,0.620228653,0,0.00651,0.00039,0,0,0,0.00035,0.00041,0,0,0.00015,0,0,0.00026,0,0.00256,0.00164,0.77491,0.03084,0,0,0.06226,0,0,0,0,0.00083,0.0292,0,0,0,0.08969,0,0,0,1,G27-11,0.227051,Sil1
G60-13,F,S,Kindla,Kindla_1516,6648151,1441838,2015,2016,NA,NA,0,NA,0.31,1.23,0.56,7.32,264.513,31.793,174.478,0.282,1864,Ljusnarsberg,S,10.075,0,6,0,76.97395833,6,2.3,2.4,0.64167272,0.620228653,0,0.00651,0.00039,0,0,0,0.00035,0.00041,0,0,0.00015,0,0,0.00026,0,0.00256,0.00164,0.77491,0.03084,0,0,0.06226,0,0,0,0,0.00083,0.0292,0,0,0,0.08969,0,0,0,1,G60-13,0.30590800000000001,Ack
M-05-07,F,S,Kloten,Kloten_1516,6646504,1473699,2015,2016,NA,NA,1,NA,0.28,1.32,0.4,6.31,249.353,31.496,174.718,0.26,2061,Smedjebacken,S,12.32,0,3,0,75.29166667,6,2.3,2.4,0.528943096,0.454748022,0,0.00197,0,0,0,0,0.00043,0,0,0,5.00E-04,0.01461,0,0.00018,0.00427,0.00772,0.00275,0.79954,0.01384,0,0,0.08173,0,0,0,0,0,0.00844,0,0,0,0.06401,0,0,0,1,M-05-07,0.30224600000000001,Utt
M-09-18,M,S,Kloten,Kloten_1516,6646504,1473699,2015,2016,NA,NA,1,NA,0.28,1.32,0.4,6.31,249.353,31.496,174.718,0.26,2061,Smedjebacken,S,12.32,0,3,0,75.29166667,6,2.3,2.4,0.528943096,0.454748022,0,0.00197,0,0,0,0,0.00043,0,0,0,5.00E-04,0.01461,0,0.00018,0.00427,0.00772,0.00275,0.79954,0.01384,0,0,0.08173,0,0,0,0,0,0.00844,0,0,0,0.06401,0,0,0,1,M-09-18,0.29980499999999999,Krp2
G26-15,F,S,Korsån 5,Korsån_1516,6730288,1514760,2015,2016,NA,NA,0,NA,0.26,1.35,0.68,7.27,224.042,28.106,175.753,0.181,2080,Falun,S,24.3,0,4,0,74.0625,6,2.6,2.4,0.544264562,0.466609152,0,0.00967,0,0,0,0,0,0,0,0,0,0.03346,0,0.00039,0.00396,0.00599,0.00053,0.72401,0.01549,0,0,0.11622,0,0,0,0,0,0.01174,0,0,8.00E-05,0.07846,0,0,0,1,G26-15,0.41430699999999998,Bjås
G96-12,M,S,Korsån 5,Korsån_1516,6730288,1514760,2015,2016,NA,NA,0,NA,0.26,1.35,0.68,7.27,224.042,28.106,175.753,0.181,2080,Falun,S,24.3,0,4,0,74.0625,6,2.6,2.4,0.544264562,0.466609152,0,0.00967,0,0,0,0,0,0,0,0,0,0.03346,0,0.00039,0.00396,0.00599,0.00053,0.72401,0.01549,0,0,0.11622,0,0,0,0,0,0.01174,0,0,8.00E-05,0.07846,0,0,0,1,G96-12,0,Kyn2
G151-15,M,S,Krokvattnet,Krokvattnet_1516,6855150,1451731,2015,2016,NA,NA,0,NA,0.24,0.91,0.02,3.69,436.042,25.247,169.718,0.198,2161,Ljusdal,S,2.25,0,0,0,79.39583333,6,2.1,2.9,0.251002461,0.104459169,0,0.003,0,0,0,0,0,0,0,0,0,0,0,0,0.00122,0,0,0.63123,0.00637,0,0,0.18647,0,0,0,0,0.00089,0.11082,0,0,0,0.06001,0,0,0,1,G151-15,0.23388300000000001,Vmy1
G99-16,F,S,Krokvattnet,Krokvattnet_1516,6855150,1451731,2015,2016,NA,NA,0,NA,0.24,0.91,0.02,3.69,436.042,25.247,169.718,0.198,2161,Ljusdal,S,2.25,0,0,0,79.39583333,6,2.1,2.9,0.251002461,0.104459169,0,0.003,0,0,0,0,0,0,0,0,0,0,0,0,0.00122,0,0,0.63123,0.00637,0,0,0.18647,0,0,0,0,0.00089,0.11082,0,0,0,0.06001,0,0,0,1,G99-16,0.27572600000000003,Drag2
G15-13,F,S,Kukkumäki 1,Kukkumäki_1516,6808606,1482026,2015,2016,NA,NA,0,NA,0.2,1.2,0.08,4.83,288.009,24.161,170.79,0.177,2121,Ovanåker,S,5.85,0,1,0,80.35483871,6,2,2.8,0.4935968,0.381651028,0,0.00172,0,0,0,0,0,0,0,0,0,0.01478,0,0.00079,0.00097,0.00035,0.00035,0.741,0.00816,0,0,0.14669,0,0,0,0.00134,0.00059,0.03709,0,0,0.00034,0.04583,0,0,0,1,G15-13,0.29699700000000001,Tand
M-13-02/G24-13,M,S,Kukkumäki 1,Kukkumäki_1516,6808606,1482026,2015,2016,illegal,NA,1,NA,0.2,1.2,0.08,4.83,288.009,24.161,170.79,0.177,2121,Ovanåker,S,5.85,0,1,0,80.35483871,6,2,2.8,0.4935968,0.381651028,0,0.00172,0,0,0,0,0,0,0,0,0,0.01478,0,0.00079,0.00097,0.00035,0.00035,0.741,0.00816,0,0,0.14669,0,0,0,0.00134,0.00059,0.03709,0,0,0.00034,0.04583,0,0,0,1,G24-13,0.247803,Ten2
G20-15,F,S,Kungskogen 2,Kungsskogen_1516,6601252,1397119,2015,2016,illegal,NA,0,NA,0.41,1.15,0.45,9.4,131.938,39.619,179.17,0.292,1780,Karlstad,S,31.425,0,4,0,61.30952381,6,1.8,1.9,0.557403735,0.566544029,0,0.00668,0.00042,0,0,0,0.00044,0,0,0,0.0018,0.17437,0,0.00301,0.00646,0.00926,0.00564,0.55807,0.05142,0,0,0.04124,0,0,0,0,0.0034,0.06286,0,0,0,0.07381,0.00112,0,0,1,G20-15,0.28668199999999999,Ksk1
G8-16,M,S,Kungskogen 2,Kungsskogen_1516,6601252,1397119,2015,2016,censor,NA,0,NA,0.41,1.15,0.45,9.4,131.938,39.619,179.17,0.292,1780,Karlstad,S,31.425,0,4,0,61.30952381,6,1.8,1.9,0.557403735,0.566544029,0,0.00668,0.00042,0,0,0,0.00044,0,0,0,0.0018,0.17437,0,0.00301,0.00646,0.00926,0.00564,0.55807,0.05142,0,0,0.04124,0,0,0,0,0.0034,0.06286,0,0,0,0.07381,0.00112,0,0,1,G8-16,0.31961099999999998,Köl2
G204-13,F,N,Kynna 4,Kynna_1516,6751790,1294128,2015,2016,NA,NA,0,NA,0.29,1.46,0.41,6.22,363.496,21.72,175.895,0.194,426,Våler,N,8.114,1,5,0,80.09895833,6,286.5,5380.8,0.59487101,0.522322671,0,0.00048,0.00066,0,0,0,0,0,0,0,0.00027,0.06126,0,0,0,0.00863,0.00138,0.55604,0.00561,0,0,0.19239,0,0,0.0025,0,0,0.15206,0,0,0.00268,0.01606,0,0,0,1,G204-13,0.29061900000000002,Äpp2
G91-11,M,N,Kynna 4,Kynna_1516,6751790,1294128,2015,2016,NA,NA,0,NA,0.29,1.46,0.41,6.22,363.496,21.72,175.895,0.194,426,Våler,N,8.114,1,5,0,80.09895833,6,286.5,5380.8,0.59487101,0.522322671,0,0.00048,0.00066,0,0,0,0,0,0,0,0.00027,0.06126,0,0,0,0.00863,0.00138,0.55604,0.00561,0,0,0.19239,0,0,0.0025,0,0,0.15206,0,0,0.00268,0.01606,0,0,0,1,G91-11,0.29736299999999999,Jang5
G12-12,F,S,Kölsta 2,Kölsta_1516,6616337,1509132,2015,2016,NA,NA,0,NA,0.44,1.31,1.92,11.05,81.6,39.779,173.261,0.22,1983,Köping,S,64.38,0,2,0,59.12612613,6,2,2.4,0.626056053,0.637285831,0,0.02333,0.00358,0,0,0,0,0,0,0.00039,0.00149,0.18454,0,0.00428,0.00956,0.01355,0.00451,0.54627,0.06472,0,0,0.06921,0,0,0,0.00054,0.00344,0.02224,0,0,0.00035,0.04799,0,0,0,1,G12-12,0.29736299999999999,Fär
G84-11,M,S,Kölsta 2,Kölsta_1516,6616337,1509132,2015,2016,NA,NA,0,NA,0.44,1.31,1.92,11.05,81.6,39.779,173.261,0.22,1983,Köping,S,64.38,0,2,0,59.12612613,6,2,2.4,0.626056053,0.637285831,0,0.02333,0.00358,0,0,0,0,0,0,0.00039,0.00149,0.18454,0,0.00428,0.00956,0.01355,0.00451,0.54627,0.06472,0,0,0.06921,0,0,0,0.00054,0.00344,0.02224,0,0,0.00035,0.04799,0,0,0,1,G84-11,0.29931600000000003,Klot
G132-11,M,N,Letjenna 2,Letjenna_1516,6782115,1278730,2015,2016,NA,NA,0,NA,0.28,1.02,0.42,6.56,458.925,20.619,190.173,0.191,427,Elverum,N,7.474,1,4,0,80.375,6,395.8,5397,0.526661442,0.457205603,0,0,0.00058,0,0,0,0,0,0,0,2.00E-05,0.00631,0,0,0.00038,0.02268,0,0.6334,0.00034,0,0.00037,0.11234,0,0,0.00686,0,0,0.18428,0,0,0.00208,0.03035,0,0,0,1,G132-11,0.16552700000000001,Julu8
G74-11,F,N,Letjenna 2,Letjenna_1516,6782115,1278730,2015,2016,NA,NA,0,NA,0.28,1.02,0.42,6.56,458.925,20.619,190.173,0.191,427,Elverum,N,7.474,1,4,0,80.375,6,395.8,5397,0.526661442,0.457205603,0,0,0.00058,0,0,0,0,0,0,0,2.00E-05,0.00631,0,0,0.00038,0.02268,0,0.6334,0.00034,0,0.00037,0.11234,0,0,0.00686,0,0,0.18428,0,0,0.00208,0.03035,0,0,0,1,G74-11,0.27917500000000001,Gös
G139-15,M,S,Liksjön,Liksjön_1516,6732020,1350745,2015,2016,illegal,NA,0,NA,0.25,0.73,0.49,4.33,417.846,21.454,171.594,0.224,1737,Torsby,S,2.7,0,2,0,81.08854167,6,2.1,2,0.390503486,0.438310816,0,0.00282,0,0,0,0,0,0,0,0,0.00092,0.00322,0,0,0.00427,0.00198,0.00092,0.74159,0.02787,0,0,0.08276,0,0,0,0,0.00081,0.09782,0,0,0.00595,0.02904,0,0,0,1,G139-15,0.222382,Fär2
G149-15,F,S,Liksjön,Liksjön_1516,6732020,1350745,2015,2016,legal,NA,0,NA,0.25,0.73,0.49,4.33,417.846,21.454,171.594,0.224,1737,Torsby,S,2.7,0,2,0,81.08854167,6,2.1,2,0.390503486,0.438310816,0,0.00282,0,0,0,0,0,0,0,0,0.00092,0.00322,0,0,0.00427,0.00198,0.00092,0.74159,0.02787,0,0,0.08276,0,0,0,0,0.00081,0.09782,0,0,0.00595,0.02904,0,0,0,1,G149-15,0.228912,Keo1
G22-14,M,S,Lingbo,Lingbo_1516,6776050,1540258,2015,2016,censor,NA,0,NA,0.24,1.32,0.89,7.33,189.961,28.094,156.75,0.197,2183,Bollnäs,S,14.833,0,4,0,78.07575758,6,2.6,3.1,0.528748985,0.406363672,0,0.00702,0,0,0,0,0.00043,0,0,0.00027,0.00042,0.05362,0,0.00028,0.00062,0.00067,0.00671,0.68878,0.0236,0,0,0.11945,0,0,0,0,0.00059,0.01264,0,0,0,0.08489,0,0,0,1,G22-14,0.13900799999999999,Dju3
G31-14,F,S,Lingbo,Lingbo_1516,6776050,1540258,2015,2016,illegal,NA,0,NA,0.24,1.32,0.89,7.33,189.961,28.094,156.75,0.197,2183,Bollnäs,S,14.833,0,4,0,78.07575758,6,2.6,3.1,0.528748985,0.406363672,0,0.00702,0,0,0,0,0.00043,0,0,0.00027,0.00042,0.05362,0,0.00028,0.00062,0.00067,0.00671,0.68878,0.0236,0,0,0.11945,0,0,0,0,0.00059,0.01264,0,0,0,0.08489,0,0,0,1,G31-14,0.41430699999999998,Sjö
G74-12,M,S,Loka 3,Loka_1516,6599626,1426387,2015,2016,NA,NA,0,NA,0.36,1.19,0.65,8.82,190.734,33.104,178.155,0.275,1883,Karlskoga,S,23.017,0,3,0,68.50537634,6,2,2.2,0.631901805,0.634510384,0,0.00513,0.00291,0,0,0.00016,0.00036,0,0,0,0.00043,0.05483,0,0.00254,0.00459,0.00606,3.00E-04,0.65215,0.08413,0,0,0.03121,0,0,0,0,0.00187,0.01104,0,0,0.00244,0.13986,0,0,0,1,G74-12,0.15216099999999999,Nora
M-10-09,F,S,Loka 3,Loka_1516,6599626,1426387,2015,2016,NA,NA,1,NA,0.36,1.19,0.65,8.82,190.734,33.104,178.155,0.275,1883,Karlskoga,S,23.017,0,3,0,68.50537634,6,2,2.2,0.631901805,0.634510384,0,0.00513,0.00291,0,0,0.00016,0.00036,0,0,0,0.00043,0.05483,0,0.00254,0.00459,0.00606,3.00E-04,0.65215,0.08413,0,0,0.03121,0,0,0,0,0.00187,0.01104,0,0,0.00244,0.13986,0,0,0,1,M-10-09,0.26708999999999999,Lok1
G180-13,M,S,Långsjön 6,Långsjön_1516,6763260,1479281,2015,2016,NA,NA,0,NA,0.23,0.98,0.23,4.8,298.004,23.062,177.078,0.161,2031,Rättvik,S,15.367,0,3,0,78.59375,6,2.8,2.3,0.481782569,0.411491697,0,0.0037,0.00018,0,0,0,0.0011,0,0,0,0,0.01598,0,0.00421,0.00238,0,0.00288,0.7686,0.05702,0,0,0.06964,0,0,0,0,0,0.02037,0,0,0,0.05395,0,0,0,1,G180-13,0.29699700000000001,Tand
G66-14,F,S,Långsjön 6,Långsjön_1516,6763260,1479281,2015,2016,NA,NA,0,NA,0.23,0.98,0.23,4.8,298.004,23.062,177.078,0.161,2031,Rättvik,S,15.367,0,3,0,78.59375,6,2.8,2.3,0.481782569,0.411491697,0,0.0037,0.00018,0,0,0,0.0011,0,0,0,0,0.01598,0,0.00421,0.00238,0,0.00288,0.7686,0.05702,0,0,0.06964,0,0,0,0,0,0.02037,0,0,0,0.05395,0,0,0,1,G66-14,0.14105200000000001,Hom2
G1-11,M,S,Lövsjön 6,Lövsjön_1516,6674163,1441552,2015,2016,legal,NA,0,NA,0.31,1.18,0.4,6.27,306.754,35.086,172.105,0.303,2085,Ludvika,S,10.95,0,7,0,76.0625,6,2.6,2.3,0.652971456,0.59926338,0,0.00727,0.00049,0,0,0,0.00117,0.00072,0,0,0.00071,0.00561,0,0.00052,0.00186,0.00401,0.00169,0.73842,0.02571,0,0,0.09506,0,0,0,0,0.00084,0.04398,0,0,0,0.07195,0,0,0,1,G1-11,0.26733400000000002,Grä3
G57-13,F,S,Lövsjön 6,Lövsjön_1516,6674163,1441552,2015,2016,legal,NA,0,NA,0.31,1.18,0.4,6.27,306.754,35.086,172.105,0.303,2085,Ludvika,S,10.95,0,7,0,76.0625,6,2.6,2.3,0.652971456,0.59926338,0,0.00727,0.00049,0,0,0,0.00117,0.00072,0,0,0.00071,0.00561,0,0.00052,0.00186,0.00401,0.00169,0.73842,0.02571,0,0,0.09506,0,0,0,0,0.00084,0.04398,0,0,0,0.07195,0,0,0,1,G57-13,0.284912,Ulr3
172-14,F,N,Mangen 4,Mangen_1516,6669529,1275606,2015,2016,NA,NA,0,NA,0.6,1.69,1.3,7.82,270.197,32.219,173.965,0.291,236,Nes,N,18.087,1,3,0,72.52941176,6,185.4,3699.8,0.436205391,0.261394256,0,0.00956,0.00168,0.00161,0,0,0,0,0,0,0.00111,0.05643,0,0,0.00214,0.0288,0.00059,0.72401,0.00122,0,0.00012,0.04824,0,0,0,0,0,0.08522,0,0,0.00923,0.03004,0,0,0,1,G172-14,0.13900799999999999,Dju3
G18-13,M,N,Mangen 4,Mangen_1516,6669529,1275606,2015,2016,Illegal,NA,0,NA,0.6,1.69,1.3,7.82,270.197,32.219,173.965,0.291,236,Nes,N,18.087,1,3,0,72.52941176,6,185.4,3699.8,0.436205391,0.261394256,0,0.00956,0.00168,0.00161,0,0,0,0,0,0,0.00111,0.05643,0,0,0.00214,0.0288,0.00059,0.72401,0.00122,0,0.00012,0.04824,0,0,0,0,0,0.08522,0,0,0.00923,0.03004,0,0,0,1,G18-13,0.31059999999999999,Gla3
G133-12,M,S,Medskogen 3,Medskogen_1516,6719019,1343248,2015,2016,censor,NA,0,NA,0.28,0.85,0.51,4.18,362.922,19.492,168.467,0.214,1737,Torsby,S,2.9,0,3,0,79.29901961,6,2,1.9,0.572930521,0.551634617,0,0.00269,0,0,0,0,0,0,0,0,0.00092,0.00645,0,0,0.00556,0.00143,0.00059,0.8249,0.02044,0,0,0.05911,0,0,0,0,0.00119,0.05386,0,0,0.00612,0.01673,0,0,0,1,G133-12,0.157578,Julu9
G141-11,F,S,Medskogen 3,Medskogen_1516,6719019,1343248,2015,2016,illegal,NA,0,NA,0.28,0.85,0.51,4.18,362.922,19.492,168.467,0.214,1737,Torsby,S,2.9,0,3,0,79.29901961,6,2,1.9,0.572930521,0.551634617,0,0.00269,0,0,0,0,0,0,0,0,0.00092,0.00645,0,0,0.00556,0.00143,0.00059,0.8249,0.02044,0,0,0.05911,0,0,0,0,0.00119,0.05386,0,0,0.00612,0.01673,0,0,0,1,G141-11,0.27356000000000003,Rot2
G41-12,F,S,Nordmark 2,Nordmark_1516,6640628,1410734,2015,2016,NA,NA,0,NA,0.3,1.11,0.54,7.14,256.913,34.761,170.712,0.354,1782,Filipstad,S,6.833,0,5,0,76.94949495,6,1.6,2,0.505143286,0.518547713,0,0.00713,0,0,0,0,0.00051,0,0,0,0.00051,0.00344,0,0.00089,0.0022,0.00383,0.00289,0.68913,0.0623,0,0,0.08843,0,0,0,0,0.00052,0.03609,0,0,0.00049,0.10163,0,0,0,1,G41-12,0.35199000000000003,Snd2
G50-16,M,S,Nordmark 2,Nordmark_1516,6640628,1410734,2015,2016,NA,NA,0,NA,0.3,1.11,0.54,7.14,256.913,34.761,170.712,0.354,1782,Filipstad,S,6.833,0,5,0,76.94949495,6,1.6,2,0.505143286,0.518547713,0,0.00713,0,0,0,0,0.00051,0,0,0,0.00051,0.00344,0,0.00089,0.0022,0.00383,0.00289,0.68913,0.0623,0,0,0.08843,0,0,0,0,0.00052,0.03609,0,0,0.00049,0.10163,0,0,0,1,G50-16,0.222382,Lok3
G156-14,M,S,Norrsjön 1,Norrsjön_1516,6682126,1444518,2015,2016,NA,NA,0,NA,0.25,1.27,0.29,6,287.932,35.244,174.116,0.304,2085,Ludvika,S,10.95,0,6,0,74.40625,6,2.7,2.3,0.736346903,0.650835729,0,0.00587,0.00028,0,0,0,0.00113,2.00E-05,0,0,0,0.00561,0,0.00027,0.00384,0.00424,0.00144,0.74919,0.02517,0,0,0.10426,0,0,0,0,0.00066,0.03169,0,0,0,0.06633,0,0,0,1,G156-14,0.224609,Letj2
G53-16,F,S,Norrsjön 1,Norrsjön_1516,6682126,1444518,2015,2016,NA,NA,0,NA,0.25,1.27,0.29,6,287.932,35.244,174.116,0.304,2085,Ludvika,S,10.95,0,6,0,74.40625,6,2.7,2.3,0.736346903,0.650835729,0,0.00587,0.00028,0,0,0,0.00113,2.00E-05,0,0,0,0.00561,0,0.00027,0.00384,0.00424,0.00144,0.74919,0.02517,0,0,0.10426,0,0,0,0,0.00066,0.03169,0,0,0,0.06633,0,0,0,1,G53-16,0.16552700000000001,Tans3
G200-13,F,S,Närsen 2,Närsen_1516,6701457,1420548,2015,2016,illegal,NA,0,NA,0.31,1.23,0.69,6.84,299.926,30.915,174.947,0.242,2021,Vansbro,S,11.733,0,5,0,71.76126126,6,2.6,2.3,0.530037854,0.360172229,0,0.00708,0.00091,0,0,0,0,0,0,0,0.00096,0.03212,0,0.00076,0.00387,0.0037,0.00654,0.65758,0.04199,0,0,0.10857,0,0,0,0,0.00148,0.06678,0,0,0.01074,0.05689,0,0,0,1,G200-13,0.27356000000000003,Rot2
G58-13,M,S,Närsen 2,Närsen_1516,6701457,1420548,2015,2016,illegal,NA,0,NA,0.31,1.23,0.69,6.84,299.926,30.915,174.947,0.242,2021,Vansbro,S,11.733,0,5,0,71.76126126,6,2.6,2.3,0.530037854,0.360172229,0,0.00708,0.00091,0,0,0,0,0,0,0,0.00096,0.03212,0,0.00076,0.00387,0.0037,0.00654,0.65758,0.04199,0,0,0.10857,0,0,0,0,0.00148,0.06678,0,0,0.01074,0.05689,0,0,0,1,G58-13,0.26733400000000002,Grä3
G117-15,M,S,Olsäter,Olsäter_1516,6627528,1373561,2015,2016,NA,NA,0,NA,0.34,1.18,0.61,9.18,170.111,35.682,177.928,0.387,1763,Forshaga,S,27.357,0,6,0,68,6,1.6,1.9,0.750970862,0.64539272,0,0.00882,0.00033,0,0,0,0,0,0,0.00097,0.00011,0.05827,0,0.00206,0.00508,0.01525,0.00621,0.70482,0.05024,0,0,0.04653,0,0,0,0,0.00101,0.00924,0,0,0.00796,0.08309,0,0,0,1,G117-15,0.224609,Letj2
G87-15,F,S,Olsäter,Olsäter_1516,6627528,1373561,2015,2016,NA,NA,0,NA,0.34,1.18,0.61,9.18,170.111,35.682,177.928,0.387,1763,Forshaga,S,27.357,0,6,0,68,6,1.6,1.9,0.750970862,0.64539272,0,0.00882,0.00033,0,0,0,0,0,0,0.00097,0.00011,0.05827,0,0.00206,0.00508,0.01525,0.00621,0.70482,0.05024,0,0,0.04653,0,0,0,0,0.00101,0.00924,0,0,0.00796,0.08309,0,0,0,1,G87-15,0.16552700000000001,Jang6
G103-15,M,S,Orsen,Orsen_1516,6690188,1434709,2015,2016,NA,NA,0,NA,0.24,1.23,0.24,6.09,303.937,34.758,174.077,0.312,2026,Gagnef,S,11.733,0,5,0,74.43939394,6,2.6,2.3,0.716168392,0.608113134,0,0.00273,0,0,0,0,0.00026,0,0,0,0,0.0074,0,0.00021,0.00178,0.00096,0.00496,0.73283,0.0354,0,0,0.11552,0,0,0,0,0.00117,0.03576,0,0,0.00378,0.05724,0,0,0,1,G103-15,0.222382,Lok3
G98-16,F,S,Orsen,Orsen_1516,6690188,1434709,2015,2016,NA,NA,0,NA,0.24,1.23,0.24,6.09,303.937,34.758,174.077,0.312,2026,Gagnef,S,11.733,0,5,0,74.43939394,6,2.6,2.3,0.716168392,0.608113134,0,0.00273,0,0,0,0,0.00026,0,0,0,0,0.0074,0,0.00021,0.00178,0.00096,0.00496,0.73283,0.0354,0,0,0.11552,0,0,0,0,0.00117,0.03576,0,0,0.00378,0.05724,0,0,0,1,G98-16,0.29327399999999998,När1
M17-05/G139-14,F,N,Osdalen 4,Osdalen_1516,6838100,1270145,2015,2016,NA,NA,1,NA,0.07,0.53,0,1.99,689.513,19.239,180.545,0.269,432,Rendalen,N,1.436,1,1,0,78.87745098,6,357,5397,0.541063194,0.322669162,0,0,0,0,0,0,0,0,0,0,0.00342,0.00027,0,0,0,0.00042,0.05176,0.52402,0.00763,0,0.03693,0.02827,0,0.00178,0.12714,0,0,0.17081,0,0,0,0.04755,0,0,0,1,G139-14,0.157578,Julu9
M17-10/G155-14,M,N,Osdalen 4,Osdalen_1516,6838100,1270145,2015,2016,NA,NA,1,NA,0.07,0.53,0,1.99,689.513,19.239,180.545,0.269,432,Rendalen,N,1.436,1,1,0,78.87745098,6,357,5397,0.541063194,0.322669162,0,0,0,0,0,0,0,0,0,0,0.00342,0.00027,0,0,0,0.00042,0.05176,0.52402,0.00763,0,0.03693,0.02827,0,0.00178,0.12714,0,0,0.17081,0,0,0,0.04755,0,0,0,1,G155-14,0.14679700000000001,Tans2
G68-13,F,S,Prastkogen 3,Prästskogen_1516,6893380,1483772,2015,2016,NA,NA,0,NA,0.2,1.13,0.02,3.73,350.122,21.616,169.125,0.186,2161,Ljusdal,S,2.533,0,0,1,81.015625,6,2.8,2.9,0.473034916,0.30231607,0,0.00088,0,0,0,0,0.00033,0,0,0,0,0.00166,0,0,0.00012,0.00085,0,0.6424,0.03326,0,0,0.23231,0,0,0,0,0,0.04058,0,0,0,0.04761,0,0,0,1,G68-13,0.13900799999999999,Dju3
M-09-03,M,S,Prastkogen 3,Prästskogen_1516,6893380,1483772,2015,2016,other,NA,1,Old age,0.2,1.13,0.02,3.73,350.122,21.616,169.125,0.186,2161,Ljusdal,S,2.533,0,0,1,81.015625,6,2.8,2.9,0.473034916,0.30231607,0,0.00088,0,0,0,0,0.00033,0,0,0,0,0.00166,0,0,0.00012,0.00085,0,0.6424,0.03326,0,0,0.23231,0,0,0,0,0,0.04058,0,0,0,0.04761,0,0,0,1,M-09-03,NA,[Immigrant]
G188-13,F,S,Rackstad  4,Rackstad_1516,6633267,1331681,2015,2016,NA,NA,0,NA,0.35,1.17,1.05,7.78,205.093,36.499,173.778,0.43,1784,Arvika,S,13,0,3,0,68.67708333,6,2.5,1.9,0.495746229,0.40373543,0,0.00519,0.00201,0,0,0,0.00086,0.00069,0,0.00098,0.00059,0.06344,0,0.00037,0.0116,0.01788,0.00211,0.75076,0.02932,0,0,0.03481,0,0,0,0,0,0.00343,0,0,0,0.07596,0,0,0,1,G188-13,0.15216099999999999,Sku
G62-16,M,S,Rackstad 4,Rackstad_1516,6633267,1331681,2015,2016,illegal,NA,0,NA,0.35,1.17,1.05,7.78,205.093,36.499,173.778,0.43,1784,Arvika,S,13,0,3,0,68.67708333,6,2.5,1.9,0.495746229,0.40373543,0,0.00519,0.00201,0,0,0,0.00086,0.00069,0,0.00098,0.00059,0.06344,0,0.00037,0.0116,0.01788,0.00211,0.75076,0.02932,0,0,0.03481,0,0,0,0,0,0.00343,0,0,0,0.07596,0,0,0,1,G62-16,0.198181,Hae
G80-13,F,S,Rombohöjden 2,Rombohöjden_1516,6616417,1441243,2015,2016,NA,NA,0,NA,0.34,1.24,0.14,7.01,207.023,30.455,173.432,0.251,1884,Nora,S,12.45,0,3,0,71.0959596,6,2.2,2.4,0.670800057,0.688076668,0,0.0028,0,0,0,0,0,0,0,0,0,0.01525,0,0.00084,0.00409,0.00686,0.0032,0.69474,0.08873,0,0,0.03896,0,0,0,0,0,0.00343,0,0,0.00078,0.14034,0,0,0,1,G80-13,0.12667800000000001,Gås
G90-15,M,S,Rombohöjden 2,Rombohöjden_1516,6616417,1441243,2015,2016,NA,NA,0,NA,0.34,1.24,0.14,7.01,207.023,30.455,173.432,0.251,1884,Nora,S,12.45,0,3,0,71.0959596,6,2.2,2.4,0.670800057,0.688076668,0,0.0028,0,0,0,0,0,0,0,0,0,0.01525,0,0.00084,0.00409,0.00686,0.0032,0.69474,0.08873,0,0,0.03896,0,0,0,0,0,0.00343,0,0,0.00078,0.14034,0,0,0,1,G90-15,0.222382,Lok3
M-11-09/G77-10,M,S,Rotna 2,Rotna_1516,6717916,1320660,2015,2016,NA,NA,1,NA,0.32,1.75,0.02,4.38,402.031,19.955,179.96,0.203,425,Åsnes,N,5.321,1,5,0,78.97474747,6,129.8,2942.2,0.601967608,0.624910097,0,0.00043,0,0,0,0,0,0,0,0,0,0.00128,0,0,0.00044,0.00127,0.00072,0.75535,0.03158,0,0,0.08794,0,0,0,0,0.00056,0.07814,0,0,0,0.04229,0,0,0,1,G77-10,0.21484400000000001,Ulr2
M11-10/G42-10,F,S,Rotna 2,Rotna_1516,6717916,1320660,2015,2016,NA,NA,1,NA,0.32,1.75,0.02,4.38,402.031,19.955,179.96,0.203,425,Åsnes,N,5.321,1,5,0,78.97474747,6,129.8,2942.2,0.601967608,0.624910097,0,0.00043,0,0,0,0,0,0,0,0,0,0.00128,0,0,0.00044,0.00127,0.00072,0.75535,0.03158,0,0,0.08794,0,0,0,0,0.00056,0.07814,0,0,0,0.04229,0,0,0,1,G42-10,0.26953100000000002,Ny5
G12-09,F,S,Sandsjön 3,Sandsjön_1516,6641473,1387091,2015,2016,NA,NA,0,NA,0.32,1.2,0.44,7.1,240.221,35.008,178.292,0.371,1783,Hagfors,S,29.68,0,6,0,74.59375,6,1.6,1.9,0.636169005,0.653201814,0,0.00808,0.00084,0,0,0,0,0,0,0.00057,0.00076,0.01697,0,0.00031,0.00145,0.0096,0.00393,0.76578,0.0229,0,0,0.09,0,0,0,0,0.00067,0.01876,0,0,0.00572,0.05368,0,0,0,1,G12-09,0.30590800000000001,Ack
G39-11,M,S,Sandsjön 3,Sandsjön_1516,6641473,1387091,2015,2016,NA,NA,0,NA,0.32,1.2,0.44,7.1,240.221,35.008,178.292,0.371,1783,Hagfors,S,29.68,0,6,0,74.59375,6,1.6,1.9,0.636169005,0.653201814,0,0.00808,0.00084,0,0,0,0,0,0,0.00057,0.00076,0.01697,0,0.00031,0.00145,0.0096,0.00393,0.76578,0.0229,0,0,0.09,0,0,0,0,0.00067,0.01876,0,0,0.00572,0.05368,0,0,0,1,G39-11,0.15479999999999999,Z
G29-15,M,S,Sjösveden  2,Sjösveden_1516,6781023,1505534,2015,2016,NA,NA,0,NA,0.14,1.11,0.17,5.08,312.09,26.829,175.062,0.184,2121,Ovanåker,S,13.6,0,4,0,80.51041667,6,2.6,3,0.605751159,0.445581499,0,0.00032,0,0,0,0,0,0,0,0,0,0.00354,0,0,0.00033,0.00049,0.00055,0.68321,0.0309,0,0,0.13595,0,0,0,0,0.00128,0.04016,0,0,0,0.10326,0,0,0,1,G29-15,0.142761,Kors4
M-09-15,F,S,Sjösveden  2,Sjösveden_1516,6781023,1505534,2015,2016,illegal,NA,1,NA,0.14,1.11,0.17,5.08,312.09,26.829,175.062,0.184,2121,Ovanåker,S,13.6,0,4,0,80.51041667,6,2.6,3,0.605751159,0.445581499,0,0.00032,0,0,0,0,0,0,0,0,0,0.00354,0,0,0.00033,0.00049,0.00055,0.68321,0.0309,0,0,0.13595,0,0,0,0,0.00128,0.04016,0,0,0,0.10326,0,0,0,1,M-09-15,0.22680700000000001,Kors1
G2-16,M,S,Skillingmark  2,Skillingmark_1516,6635804,1281034,2015,2016,NA,NA,0,NA,0.39,1.44,0.26,5.75,225.714,32.036,175.427,0.323,221,Aurskog-Høland,N,9.314,1,2,0,66.45098039,6,114.1,1070.4,0.551689327,0.419011606,0,0.00179,0,0,0,0,0,0,0,0,0,0.02566,0,0.00317,0.00564,0.02656,0,0.76982,0.00629,0,0,0.03059,0,0,0,0,0,0.05156,0,0,0,0.07891,0,0,0,1,G2-16,0.13900799999999999,Dju3
G69-14,F,S,Skillingmark  2,Skillingmark_1516,6635804,1281034,2015,2016,NA,NA,0,NA,0.39,1.44,0.26,5.75,225.714,32.036,175.427,0.323,221,Aurskog-Høland,N,9.314,1,2,0,66.45098039,6,114.1,1070.4,0.551689327,0.419011606,0,0.00179,0,0,0,0,0,0,0,0,0,0.02566,0,0.00317,0.00564,0.02656,0,0.76982,0.00629,0,0,0.03059,0,0,0,0,0,0.05156,0,0,0,0.07891,0,0,0,1,G69-14,0.13900799999999999,Dju3
G18-10,F,S,Skugghöjden,Skugghöjden_1516,6660853,1329819,2015,2016,NA,NA,0,NA,0.3,1.22,0.35,5.81,268.749,36.007,167.796,0.432,1766,Sunne,S,11.311,1,3,0,75.36868687,6,7.7,115.2,0.508012677,0.542538921,0,0.00308,0,0,0,0,0,0,0,0,0,0.01227,0,0,0.0016,0.00774,0,0.82172,0.01029,0,0,0.06674,0,0,0,0,0,0.01006,0,0,0,0.0665,0,0,0,1,G18-10,0.27612300000000001,Löv2
G47-10,M,S,Skugghöjden,Skugghöjden_1516,6660853,1329819,2015,2016,NA,NA,0,NA,0.3,1.22,0.35,5.81,268.749,36.007,167.796,0.432,1766,Sunne,S,11.311,1,3,0,75.36868687,6,7.7,115.2,0.508012677,0.542538921,0,0.00308,0,0,0,0,0,0,0,0,0,0.01227,0,0,0.0016,0.00774,0,0.82172,0.01029,0,0,0.06674,0,0,0,0,0,0.01006,0,0,0,0.0665,0,0,0,1,G47-10,0,Kyn2
M-15-03/G141-13,M,N,Slettås 3,Slettås_1516,6799260,1297650,2015,2016,NA,NA,1,NA,0.44,1.04,1.1,6.34,571.297,19.899,176.33,0.198,428,Trysil,N,7.474,1,3,0,81.72853535,6,617.6,5397,0.549840795,0.515222346,0,0.00334,0.00082,0,0,0,0,0,0.00022,0,0.01379,0.00027,0,0,0.00147,0.01475,0.00208,0.59628,0.00367,0,0.01039,0.04706,0,0.00085,0.00595,0,0,0.24903,0,0,0.00212,0.0479,0,0,0,1,G141-13,0.13900799999999999,Dju3
M-17-14/G70-10,F,N,Slettås 3,Slettås_1516,6799260,1297650,2015,2016,NA,NA,1,NA,0.44,1.04,1.1,6.34,571.297,19.899,176.33,0.198,428,Trysil,N,7.474,1,3,0,81.72853535,6,617.6,5397,0.549840795,0.515222346,0,0.00334,0.00082,0,0,0,0,0,0.00022,0,0.01379,0.00027,0,0,0.00147,0.01475,0.00208,0.59628,0.00367,0,0.01039,0.04706,0,0.00085,0.00595,0,0,0.24903,0,0,0.00212,0.0479,0,0,0,1,G70-10,0.27612300000000001,Löv2
G153-14,M,S,Sången 4,Sången_1516,6731546,1429312,2015,2016,illegal,NA,0,NA,0.21,1.03,0.33,4.46,326.883,29.704,174.46,0.268,2029,Leksand,S,9.275,0,1,0,75.78125,6,3.2,2.3,0.472954493,0.488559878,0,0.00155,0,0,0,0,0,0,0,0,0.00051,0.00932,0,0,0.00021,0.00046,0.00099,0.73348,0.04398,0,0,0.11111,0,0,0,0,0.00097,0.02288,0,0,0,0.07453,0,0,0,1,G153-14,0.29814099999999999,Sle3
G4-15,F,S,Sången 4,Sången_1516,6731546,1429312,2015,2016,illegal,NA,0,NA,0.21,1.03,0.33,4.46,326.883,29.704,174.46,0.268,2029,Leksand,S,9.275,0,1,0,75.78125,6,3.2,2.3,0.472954493,0.488559878,0,0.00155,0,0,0,0,0,0,0,0,0.00051,0.00932,0,0,0.00021,0.00046,0.00099,0.73348,0.04398,0,0,0.11111,0,0,0,0,0.00097,0.02288,0,0,0,0.07453,0,0,0,1,G4-15,0.48583999999999999,Sång1
G117-14,F,S,Tandsjön 3,Tandsjön_1516,6840622,1407681,2015,2016,legal,NA,0,NA,0.07,0.6,0.11,2.44,617.083,22.411,169.068,0.19,2361,Härjedalen,S,3,0,0,1,77.35483871,6,1.6,2.3,0.402111413,0.391266655,0,0,0,0,0,0,0,0,0,0,7.00E-05,0.00061,0,0,0.00036,0.00047,0.01685,0.60497,0.0223,0,0.03104,0.11658,0,0,0,0,0.00042,0.1948,0,0,0,0.01152,0,0,0,1,G117-14,0.29699700000000001,Tand
G7-14,M,S,Tandsjön 3,Tandsjön_1516,6840622,1407681,2015,2016,legal,NA,0,NA,0.07,0.6,0.11,2.44,617.083,22.411,169.068,0.19,2361,Härjedalen,S,3,0,0,1,77.35483871,6,1.6,2.3,0.402111413,0.391266655,0,0,0,0,0,0,0,0,0,0,7.00E-05,0.00061,0,0,0.00036,0.00047,0.01685,0.60497,0.0223,0,0.03104,0.11658,0,0,0,0,0.00042,0.1948,0,0,0,0.01152,0,0,0,1,G7-14,0.41430699999999998,Sjö
M-10-07,M,S,Tansen 3,Tansen_1516,6689223,1464209,2015,2016,NA,NA,1,NA,0.27,1.29,1.54,10.16,267.774,30.03,179.267,0.277,2085,Ludvika,S,29.76,0,4,0,72.46969697,6,2.9,2.3,0.513184639,0.479489073,0,0.01232,0.00028,0,0,0,0,0,0,0,0.00105,0.02176,0,0.00026,0.0031,0.00568,0.00421,0.75279,0.03862,0,0,0.06465,0,0,0,0,5.00E-04,0.00114,0,0,0,0.09364,0,0,0,1,M-10-07,0.42968800000000001,Jang4
M11-05/G47-11,F,S,Tansen 3,Tansen_1516,6689223,1464209,2015,2016,NA,NA,1,NA,0.27,1.29,1.54,10.16,267.774,30.03,179.267,0.277,2085,Ludvika,S,29.76,0,4,0,72.46969697,6,2.9,2.3,0.513184639,0.479489073,0,0.01232,0.00028,0,0,0,0,0,0,0,0.00105,0.02176,0,0.00026,0.0031,0.00568,0.00421,0.75279,0.03862,0,0,0.06465,0,0,0,0,5.00E-04,0.00114,0,0,0,0.09364,0,0,0,1,G47-11,0,Kyn2
G15-16,M,S,Tunturi,Tunturi_1516,6794068,1456630,2015,2016,NA,NA,0,NA,0.15,1.03,0.15,4.98,326.119,23.355,167.037,0.145,2034,Orsa,S,4.75,0,2,0,78.90860215,6,1.7,2.3,0.347531802,0.342451902,0,0.0021,0.00025,0,0,0.00115,0,0,0,0,0.00073,0.00698,0,0.00115,0.00479,0.00611,0,0.69052,0.01892,0,0,0.13168,0,0,0,0,0.00109,0.09,0,0,0,0.04453,0,0,0,1,G15-16,NA,[Immigrant]
G76-15,F,S,Tunturi,Tunturi_1516,6794068,1456630,2015,2016,NA,NA,0,NA,0.15,1.03,0.15,4.98,326.119,23.355,167.037,0.145,2034,Orsa,S,4.75,0,2,0,78.90860215,6,1.7,2.3,0.347531802,0.342451902,0,0.0021,0.00025,0,0,0.00115,0,0,0,0,0.00073,0.00698,0,0.00115,0.00479,0.00611,0,0.69052,0.01892,0,0,0.13168,0,0,0,0,0.00109,0.09,0,0,0,0.04453,0,0,0,1,G76-15,0.28668199999999999,Ksk1
G157-14,F,S,Varåa 1,Varåa_1516,6781103,1310394,2015,2016,NA,NA,0,NA,0.34,1.06,0.28,4.64,489.037,18.958,162.359,0.176,428,Trysil,N,6.843,1,5,0,83.18137255,6,505.1,4533.8,0.467325344,0.257560763,0,0.00037,0,0,0,0,0,0,0,0,0,0.00027,0,0,0,0.00821,0,0.58407,0.01882,0,0,0.07032,0,0,0,0,0,0.29637,0,0,0.00291,0.01866,0,0,0,1,G157-14,0.224609,Letj2
G160-15,M,S,Varåa 1,Varåa_1516,6781103,1310394,2015,2016,NA,NA,0,NA,0.34,1.06,0.28,4.64,489.037,18.958,162.359,0.176,428,Trysil,N,6.843,1,5,0,83.18137255,6,505.1,4533.8,0.467325344,0.257560763,0,0.00037,0,0,0,0,0,0,0,0,0,0.00027,0,0,0,0.00821,0,0.58407,0.01882,0,0,0.07032,0,0,0,0,0,0.29637,0,0,0.00291,0.01866,0,0,0,1,G160-15,0.28747600000000001,Kin1
G60-14,M,S,Villingsberg 3,Villingsberg_1516,6583417,1446710,2015,2016,illegal,NA,0,NA,0.51,1.27,1.65,11.14,156.81,34.468,174.78,0.199,1880,Örebro,S,42,0,2,0,61.19607843,6,2.5,2.4,0.539134166,0.527410911,0,0.01363,0.00148,0,0,0.00017,0.00173,0,0,0.00212,0.00249,0.12379,0,0.00347,0.0032,0.01285,0.01031,0.63445,0.08389,0,0,0.02365,0,0,0,0.00028,0.00514,0.0274,0,0,0.00179,0.04816,0,0,0,1,G60-14,0.32478299999999999,Vill
G97-15,F,S,Villingsberg 3,Villingsberg_1516,6583417,1446710,2015,2016,NA,NA,0,NA,0.51,1.27,1.65,11.14,156.81,34.468,174.78,0.199,1880,Örebro,S,42,0,2,0,61.19607843,6,2.5,2.4,0.539134166,0.527410911,0,0.01363,0.00148,0,0,0.00017,0.00173,0,0,0.00212,0.00249,0.12379,0,0.00347,0.0032,0.01285,0.01031,0.63445,0.08389,0,0,0.02365,0,0,0,0.00028,0.00514,0.0274,0,0,0.00179,0.04816,0,0,0,1,G97-15,0.31961099999999998,Köl2
G24-12,M,S,Vimyren 1,Vimyren_1516,6684008,1357853,2015,2016,NA,NA,0,NA,0.28,1.16,0.37,5.36,251.592,34.204,178.889,0.372,1737,Torsby,S,6.567,0,2,0,73.61458333,6,1.9,1.9,0.533335803,0.497539167,0,0.00485,0.00078,0,0,0.00047,0,0,0,0.00034,0.00108,0.03495,0,0,0.00432,0.01462,0.00155,0.76052,0.01943,0,0,0.06622,0,0,0,0,0.00024,0.04668,0,0,0.00637,0.03758,0,0,0,1,G24-12,0.16552700000000001,Jang6
G86-15,F,S,Vimyren 1,Vimyren_1516,6684008,1357853,2015,2016,NA,NA,0,NA,0.28,1.16,0.37,5.36,251.592,34.204,178.889,0.372,1737,Torsby,S,6.567,0,2,0,73.61458333,6,1.9,1.9,0.533335803,0.497539167,0,0.00485,0.00078,0,0,0.00047,0,0,0,0.00034,0.00108,0.03495,0,0,0.00432,0.01462,0.00155,0.76052,0.01943,0,0,0.06622,0,0,0,0,0.00024,0.04668,0,0,0.00637,0.03758,0,0,0,1,G86-15,0.29718,Klg
G104-11,M,S,Vismen 2,Vismen_1516,6564487,1411865,2015,2016,censor,NA,0,The male continues to go with adult pups in several years in this territory,0.38,1.43,1.84,11.73,105.842,36.914,186.686,0.184,1781,Kristinehamn,S,24.886,0,0,0,58.4047619,6,1.6,2.1,0.441470548,0.379072361,0,0.01938,0.00411,0,0,0,0.00027,0.00045,0,0.00088,0.00154,0.10353,0,0.00225,0.00389,0.01094,0.00423,0.50392,0.09121,0,0,0.05383,0,0,0,0,0.00808,0.0353,0,0,0.00361,0.15256,0,0,0,1,G104-11,0,Kyn2
G13-15,F,S,Vismen 2,Vismen_1516,6564487,1411865,2015,2016,illegal,NA,0,NA,0.38,1.43,1.84,11.73,105.842,36.914,186.686,0.184,1781,Kristinehamn,S,24.886,0,0,0,58.4047619,6,1.6,2.1,0.441470548,0.379072361,0,0.01938,0.00411,0,0,0,0.00027,0.00045,0,0.00088,0.00154,0.10353,0,0.00225,0.00389,0.01094,0.00423,0.50392,0.09121,0,0,0.05383,0,0,0,0,0.00808,0.0353,0,0,0.00361,0.15256,0,0,0,1,G13-15,0.21495400000000001,Vis1
G141-12,M,S,Åmot,Åmot_1516,6749339,1538839,2015,2016,legal,NA,0,NA,0.21,1.37,1.27,7.92,194.169,27.995,157.086,0.152,2101,Ockelbo,S,22.133,0,4,0,73.96568627,6,2.6,3,0.56508804,0.382634007,0,0.00728,0,0,0,0,0.00043,0,0,0,0,0.04934,0,0.00127,7.00E-05,0.0032,0.0103,0.74402,0.02833,0,0,0.09843,0,0,0,0,0.00073,0.02322,0,0,0,0.0334,0,0,0,1,G141-12,0.30688500000000002,Sle
G43-14,F,S,Åmot,Åmot_1516,6749339,1538839,2015,2016,legal,NA,0,NA,0.21,1.37,1.27,7.92,194.169,27.995,157.086,0.152,2101,Ockelbo,S,22.133,0,4,0,73.96568627,6,2.6,3,0.56508804,0.382634007,0,0.00728,0,0,0,0,0.00043,0,0,0,0,0.04934,0,0.00127,7.00E-05,0.0032,0.0103,0.74402,0.02833,0,0,0.09843,0,0,0,0,0.00073,0.02322,0,0,0,0.0334,0,0,0,1,G43-14,0.135986,Kors3
G144-14,F,N,Östmarka 2,Østmarka_1516,6639590,1235528,2015,2016,other,NA,0,"Could have died in scabies, as the male had it",1.07,1.1,5.61,19.24,191.15,33.687,179.726,0.409,229,Enebakk,N,296.856,1,1,0,66.11111111,6,64,1116.6,0.501987456,0.386502315,0,0.05701,0.00513,0.00042,0,0,0.00101,0.00073,0,0.00103,0.00688,0.15748,0,0,0.00292,0.04679,0.00541,0.56896,0.00454,0,0,0.02443,0,0,0,0,0.00051,0.00491,0,0,0.00679,0.10505,0,0,0,1,G144-14,0.21771199999999999,Öma1
G86-11,M,N,Östmarka 2,Østmarka_1516,6639590,1235528,2015,2016,other,NA,0,Scabies,1.07,1.1,5.61,19.24,191.15,33.687,179.726,0.409,229,Enebakk,N,296.856,1,1,0,66.11111111,6,64,1116.6,0.501987456,0.386502315,0,0.05701,0.00513,0.00042,0,0,0.00101,0.00073,0,0.00103,0.00688,0.15748,0,0,0.00292,0.04679,0.00541,0.56896,0.00454,0,0,0.02443,0,0,0,0,0.00051,0.00491,0,0,0.00679,0.10505,0,0,0,1,G86-11,0.25695800000000002,DE5
G71-13,F,S,Aamäck 4,Aamäkk_1617,6682566,1399129,2016,2017,censor,NA,0,"Senast reg 2017-10-25, var då ensam",0.22,0.97,0,5,345.836,32.933,177.767,0.325,1782,Filipstad,S,7.74,0,2,0,76.05625,5,2.1,2,0.535520791,0.539200447,0,0,0,0,0,0,0,0,0,0,0,0.00067,0,0,0,0.00041,0.00166,0.66885,0.0291,0,0,0.16461,0,0,0,0,0.00121,0.05289,0,0,0,0.0806,0,0,0,1,G71-13,0.21491199999999999,Snd3
G8-14,M,S,Aamäck 4,Aamäkk_1617,6682566,1399129,2016,2017,illegal,NA,0,NA,0.22,0.97,0,5,345.836,32.933,177.767,0.325,1782,Filipstad,S,7.74,0,2,0,76.05625,5,2.1,2,0.535520791,0.539200447,0,0,0,0,0,0,0,0,0,0,0,0.00067,0,0,0,0.00041,0.00166,0.66885,0.0291,0,0,0.16461,0,0,0,0,0.00121,0.05289,0,0,0,0.0806,0,0,0,1,G8-14,0.21495400000000001,Vis1
M-15-01/G140-13,F,S,Aspafallet 2,Aspafallet_1617,6618529,1480907,2016,2017,NA,NA,1,NA,0.39,1.21,0.67,8.01,126.071,37.417,174.123,0.235,1885,Lindesberg,S,22.267,0,5,0,62.13333333,5,2.2,2.4,0.562568861,0.585432778,0,0.00991,0.00091,0,0,0,0.00091,7.00E-04,0,0,0.00095,0.07164,0,0.00093,0.0097,0.01631,0.00235,0.68038,0.03581,0,0,0.07397,0,0,0,0,0.00317,0.03267,0,0,0.00036,0.05933,0,0,0,1,G140-13,0.29248000000000002,Hed3
G83-14,M,S,Aspafallet 2,Aspafallet_1617,6618529,1480907,2016,2017,NA,NA,0,NA,0.39,1.21,0.67,8.01,126.071,37.417,174.123,0.235,1885,Lindesberg,S,22.267,0,5,0,62.13333333,5,2.2,2.4,0.562568861,0.585432778,0,0.00991,0.00091,0,0,0,0.00091,7.00E-04,0,0,0.00095,0.07164,0,0.00093,0.0097,0.01631,0.00235,0.68038,0.03581,0,0,0.07397,0,0,0,0,0.00317,0.03267,0,0,0.00036,0.05933,0,0,0,1,G83-14,0.29736299999999999,Fär
G107-16,M,N,Aurskog 4,Aurskog_1617,6647699,1251501,2016,2017,Illegal,NA,0,NA,0.7,1.06,3.68,14.44,205.92,31.923,181.935,0.353,221,Aurskog-Høland,N,149.427,1,3,0,70.83529412,5,141.9,1023.4,0.597697936,0.397857408,0,0.01753,0,0,0,0,0,0,0,0,0.00149,0.21079,0,0,0.00246,0.02801,0.00417,0.57179,0.00302,0,0,0.05427,0,0,0,0,0.00051,0.01103,0,0,0.01156,0.08337,0,0,0,1,G107-16,0.31059999999999999,Gla3
G170-15,F,N,Aurskog 4,Aurskog_1617,6647699,1251501,2016,2017,Illegal,NA,0,NA,0.7,1.06,3.68,14.44,205.92,31.923,181.935,0.353,221,Aurskog-Høland,N,149.427,1,3,0,70.83529412,5,141.9,1023.4,0.597697936,0.397857408,0,0.01753,0,0,0,0,0,0,0,0,0.00149,0.21079,0,0,0.00246,0.02801,0.00417,0.57179,0.00302,0,0,0.05427,0,0,0,0,0.00051,0.01103,0,0,0.01156,0.08337,0,0,0,1,G170-15,0.29327399999999998,När1
G73-15,F,S,Bertjärn,Berttjärn_1617,6740579,1348914,2016,2017,illegal,NA,0,NA,0.25,0.69,0.56,4.55,439.974,21.473,171.237,0.225,1737,Torsby,S,2.7,0,2,0,79.48235294,5,2,1.9,0.468801657,0.371318972,0,0.00282,0,0,0,0,0,0,0,0,0.00092,0.0023,0,0,0.00139,0.00172,9.00E-04,0.7132,0.03456,0,0,0.09054,0,0,0,0,0.00081,0.09743,0,0,0.00581,0.04761,0,0,0,1,G73-15,0.21491199999999999,Snd3
G83-16,M,S,Bertjärn,Berttjärn_1617,6740579,1348914,2016,2017,illegal,NA,0,NA,0.25,0.69,0.56,4.55,439.974,21.473,171.237,0.225,1737,Torsby,S,2.7,0,2,0,79.48235294,5,2,1.9,0.468801657,0.371318972,0,0.00282,0,0,0,0,0,0,0,0,0.00092,0.0023,0,0,0.00139,0.00172,9.00E-04,0.7132,0.03456,0,0,0.09054,0,0,0,0,0.00081,0.09743,0,0,0.00581,0.04761,0,0,0,1,G83-16,0.222382,Lok3
G48-14,M,S,Billsjön,Billsjön_1617,6644420,1481034,2016,2017,illegal,NA,0,NA,0.34,1.3,0.58,7.2,218.56,33.03,170.854,0.277,2061,Smedjebacken,S,18,0,8,0,66.94117647,5,2.3,2.3,0.654647441,0.502180696,0,0.00596,0.00068,0,0,0,0.00052,0,0,0.00044,0.00129,0.02297,0,8.00E-04,0.00635,0.01215,0.00634,0.7405,0.02607,0,0,0.08004,0,0,0,0,0,0.00953,0,0,0,0.08637,0,0,0,1,G48-14,0.20550499999999999,Rom1
G74-14,F,S,Billsjön,Billsjön_1617,6644420,1481034,2016,2017,NA,NA,0,NA,0.34,1.3,0.58,7.2,218.56,33.03,170.854,0.277,2061,Smedjebacken,S,18,0,8,0,66.94117647,5,2.3,2.3,0.654647441,0.502180696,0,0.00596,0.00068,0,0,0,0.00052,0,0,0.00044,0.00129,0.02297,0,8.00E-04,0.00635,0.01215,0.00634,0.7405,0.02607,0,0,0.08004,0,0,0,0,0,0.00953,0,0,0,0.08637,0,0,0,1,G74-14,0.15216099999999999,Sku
G113-12,F,S,Björnås 3,Björnås_1617,6760524,1517631,2016,2017,NA,NA,0,NA,0.18,1.14,0.03,5.38,319.641,27.304,168.712,0.187,2080,Falun,S,13.7,0,5,0,80.04375,5,2.6,2.6,0.58206182,0.583811176,0,0.00099,0,0,0,0,0,0,0,0,0,0.00251,0,0.00029,0.00031,0,0.00153,0.72385,0.03771,0,0,0.14209,0,0,0,0,0.00191,0.04448,0,0,0,0.04433,0,0,0,1,G113-12,0,Prä
G164-13,M,S,Björnås 3,Björnås_1617,6760524,1517631,2016,2017,other,NA,0,wolf killed,0.18,1.14,0.03,5.38,319.641,27.304,168.712,0.187,2080,Falun,S,13.7,0,5,0,80.04375,5,2.6,2.6,0.58206182,0.583811176,0,0.00099,0,0,0,0,0,0,0,0,0,0.00251,0,0.00029,0.00031,0,0.00153,0.72385,0.03771,0,0,0.14209,0,0,0,0,0.00191,0.04448,0,0,0,0.04433,0,0,0,1,G164-13,0.41430699999999998,Bjås
G116-14,M,S,Blyberget,Blyberget_1617,6789152,1519532,2016,2017,legal,NA,0,NA,0.3,1.2,1.24,7.81,247.169,28.305,165.317,0.199,2183,Bollnäs,S,10.5,0,2,0,78.47878788,5,2.6,2.9,0.592394631,0.436967868,0,0.00742,0.00028,0,0,0,0,0.00027,0,0,0.00066,0.06692,0,0.00028,0.00076,0.00092,0.00135,0.69046,0.02622,0,0,0.10847,0,0,0,0,0.00055,0.03119,0,0,0,0.06426,0,0,0,1,G116-14,0.29699700000000001,Tand
G62-15,F,S,Blyberget,Blyberget_1617,6789152,1519532,2016,2017,legal,NA,0,NA,0.3,1.2,1.24,7.81,247.169,28.305,165.317,0.199,2183,Bollnäs,S,10.5,0,2,0,78.47878788,5,2.6,2.9,0.592394631,0.436967868,0,0.00742,0.00028,0,0,0,0,0.00027,0,0,0.00066,0.06692,0,0.00028,0.00076,0.00092,0.00135,0.69046,0.02622,0,0,0.10847,0,0,0,0,0.00055,0.03119,0,0,0,0.06426,0,0,0,1,G62-15,0.41430699999999998,Sjö
G31-17,M,S,Boksjö 1,Boksjö_1617,6546871,1265520,2016,2017,NA,NA,0,NA,0.38,1.19,0.23,6.89,165.721,37.137,176.683,0.398,1438,Dals-Ed,S,19.439,1,0,0,65.6,5,60.2,399.8,0.25013262,0.297369395,0,0.00254,8.00E-04,0,0,0,0,0,0,0.00084,0,0.02741,0,0.00087,0.00234,0.0167,0.00324,0.75511,0.02251,0,0,0.03166,0,6.00E-04,0,0,0,0.04123,0,0,0,0.08987,0,0.00115,0.00312,1,G31-17,0.23142399999999999,Glm1
G79-15,F,S,Boksjö 1,Boksjö_1617,6546871,1265520,2016,2017,NA,NA,0,NA,0.38,1.19,0.23,6.89,165.721,37.137,176.683,0.398,1438,Dals-Ed,S,19.439,1,0,0,65.6,5,60.2,399.8,0.25013262,0.297369395,0,0.00254,8.00E-04,0,0,0,0,0,0,0.00084,0,0.02741,0,0.00087,0.00234,0.0167,0.00324,0.75511,0.02251,0,0,0.03166,0,6.00E-04,0,0,0,0.04123,0,0,0,0.08987,0,0.00115,0.00312,1,G79-15,0.109711,Kyf3
G11-16,M,S,Borgvik 2,Borgvik_1617,6584536,1333693,2016,2017,NA,NA,0,NA,0.33,1.19,0.81,8.61,106.43,39.239,177.744,0.406,1785,Säffle,S,32.325,0,1,0,62.98787879,5,2.3,1.8,0.499007228,0.308099704,0,0.00906,0.00124,0,0,0,0,0,0,0.00036,0.00052,0.10839,0,0.00529,0.00342,0.01643,0.0078,0.54742,0.12243,0,0,0.0267,0,0,0,0,0.00636,0.00457,0,0,0,0.14002,0,0,0,1,G11-16,0.13900799999999999,Dju3
G64-15,F,S,Borgvik 2,Borgvik_1617,6584536,1333693,2016,2017,illegal,NA,0,NA,0.33,1.19,0.81,8.61,106.43,39.239,177.744,0.406,1785,Säffle,S,32.325,0,1,0,62.98787879,5,2.3,1.8,0.499007228,0.308099704,0,0.00906,0.00124,0,0,0,0,0,0,0.00036,0.00052,0.10839,0,0.00529,0.00342,0.01643,0.0078,0.54742,0.12243,0,0,0.0267,0,0,0,0,0.00636,0.00457,0,0,0,0.14002,0,0,0,1,G64-15,0.31059999999999999,Gla3
G146-16,F,S,Brattfors 2,Brattfors 2_1617,6628551,1391171,2016,2017,legal,NA,0,NA,0.3,1.2,0.25,7.2,220.894,35.651,177.117,0.355,1782,Filipstad,S,30.02,0,5,0,68.27058824,5,1.3,1.8,0.76352647,0.739182239,0,0.00431,0.00113,0,0,0,0,0,0,0,0.00114,0.02804,0,0.00054,0.00172,0.0081,0.00287,0.75073,0.03206,0,0,0.07949,0,0,0,0,7.00E-04,0.02206,0,0,0,0.06712,0,0,0,1,G146-16,0.21491199999999999,Snd3
G31-16,M,S,Brattfors 2,Brattfors 2_1617,6628551,1391171,2016,2017,legal,NA,0,NA,0.3,1.2,0.25,7.2,220.894,35.651,177.117,0.355,1782,Filipstad,S,30.02,0,5,0,68.27058824,5,1.3,1.8,0.76352647,0.739182239,0,0.00431,0.00113,0,0,0,0,0,0,0,0.00114,0.02804,0,0.00054,0.00172,0.0081,0.00287,0.75073,0.03206,0,0,0.07949,0,0,0,0,7.00E-04,0.02206,0,0,0,0.06712,0,0,0,1,G31-16,0.40411399999999997,Nma1
G126-15,M,S,Flaten 1,Flaten_1617,6657419,1473523,2016,2017,NA,NA,0,NA,0.38,1.41,1.48,9.06,230.722,32.308,172.774,0.274,2061,Smedjebacken,S,12.44,0,5,0,64.61875,5,2.4,2.2,0.692162256,0.496822995,0,0.01977,0.00259,0,0,5.00E-04,0,0,0,0.00208,0.00225,0.02232,0,0.00053,0.00754,0.01313,0.00471,0.71329,0.02411,0,0,0.06815,0,0,0,0,0,0.00644,0,0,0,0.11258,0,0,0,1,G126-15,0.30401600000000001,Hed4
G132-14,F,S,Flaten 1,Flaten_1617,6657419,1473523,2016,2017,illegal,NA,0,NA,0.38,1.41,1.48,9.06,230.722,32.308,172.774,0.274,2061,Smedjebacken,S,12.44,0,5,0,64.61875,5,2.4,2.2,0.692162256,0.496822995,0,0.01977,0.00259,0,0,5.00E-04,0,0,0,0.00208,0.00225,0.02232,0,0.00053,0.00754,0.01313,0.00471,0.71329,0.02411,0,0,0.06815,0,0,0,0,0,0.00644,0,0,0,0.11258,0,0,0,1,G132-14,0.20550499999999999,Rom1
G49-16,M,S,Flintbäcken,Flintbäcken_1617,6685812,1419014,2016,2017,Illegal,NA,0,NA,0.22,1.13,0.27,6.32,349.91,33.704,175.71,0.331,2021,Vansbro,S,10.75,0,4,0,76.7375,5,2.1,2.2,0.701401887,0.611735101,0,0.00201,0,0,0,0,0,0,0,0,1.00E-05,0.00039,0,0,0.00086,0.00081,0.00564,0.67651,0.03761,0,0,0.16473,0,0,0,0,0.00114,0.0403,0,0,0,0.06998,0,0,0,1,G49-16,0.29931600000000003,Klot
G88-15,F,S,Flintbäcken,Flintbäcken_1617,6685812,1419014,2016,2017,censor,NA,0,NA,0.22,1.13,0.27,6.32,349.91,33.704,175.71,0.331,2021,Vansbro,S,10.75,0,4,0,76.7375,5,2.1,2.2,0.701401887,0.611735101,0,0.00201,0,0,0,0,0,0,0,0,1.00E-05,0.00039,0,0,0.00086,0.00081,0.00564,0.67651,0.03761,0,0,0.16473,0,0,0,0,0.00114,0.0403,0,0,0,0.06998,0,0,0,1,G88-15,0.21491199999999999,Snd3
G18-15,M,N,Flisdalen,Flisdalen_1617,6721360,1310424,2016,2017,NA,NA,0,NA,0.45,2.08,0.09,5.38,348.698,18.924,187.48,0.181,425,Åsnes,N,5.252,1,4,0,78.08387097,5,182.5,4322.2,0.640509484,0.543310244,0,0.00085,0,0,0,0,0,0,0,0,0.00044,0.06652,0,0,0,0.00334,0.00167,0.6942,0.02183,0,0,0.10754,0,0,0,0,0,0.06873,0,0,0.00373,0.03114,0,0,0,1,G18-15,0.29980499999999999,Trå
G89-15,F,N,Flisdalen,Flisdalen_1617,6721360,1310424,2016,2017,NA,NA,0,NA,0.45,2.08,0.09,5.38,348.698,18.924,187.48,0.181,425,Åsnes,N,5.252,1,4,0,78.08387097,5,182.5,4322.2,0.640509484,0.543310244,0,0.00085,0,0,0,0,0,0,0,0,0.00044,0.06652,0,0,0,0.00334,0.00167,0.6942,0.02183,0,0,0.10754,0,0,0,0,0,0.06873,0,0,0.00373,0.03114,0,0,0,1,G89-15,0.14679700000000001,Tans2
G55-16,M,S,Forshaga  3,Forshaga_1617,6606575,1391545,2016,2017,NA,NA,0,NA,0.38,1.13,0.38,9.68,139.79,38.911,178.781,0.294,1780,Karlstad,S,32.04,0,5,0,59.25405405,5,1.8,1.8,0.657675474,0.628637673,0,0.00365,0,0,0,0,0.00044,0,0,0,0.00144,0.15379,0,0.00189,0.00595,0.01017,0.00573,0.5957,0.04795,0,0,0.03776,0,0,0,0,0.00089,0.05756,0,0,0,0.07666,4.00E-04,0,0,1,G55-16,0.21491199999999999,Snd3
G56-16,F,S,Forshaga  3,Forshaga_1617,6606575,1391545,2016,2017,NA,NA,0,NA,0.38,1.13,0.38,9.68,139.79,38.911,178.781,0.294,1780,Karlstad,S,32.04,0,5,0,59.25405405,5,1.8,1.8,0.657675474,0.628637673,0,0.00365,0,0,0,0,0.00044,0,0,0,0.00144,0.15379,0,0.00189,0.00595,0.01017,0.00573,0.5957,0.04795,0,0,0.03776,0,0,0,0,0.00089,0.05756,0,0,0,0.07666,4.00E-04,0,0,1,G56-16,0.31961099999999998,Köl2
G30-16,M,S,Foskros,Foskros_1617,6881275,1335618,2016,2017,legal,NA,0,NA,0.14,0.25,0.39,2.64,704.759,20.137,171.227,0.205,2039,Älvdalen,S,1,0,0,1,81.325,5,1.3,2.2,0.250072732,0.119266215,0,0.00154,0,0,0,0.00054,0,0.00079,0,0,0.0037,0,0,0,0.00033,0.00062,0.02238,0.65212,0.01428,0,0.17444,0.03897,0,0.005,0.00087,0,0,0.0712,0,0,0.00055,0.01266,0,0,0,1,G30-16,0.228912,Keo1
G68-16,F,S,Foskros,Foskros_1617,6881275,1335618,2016,2017,legal,NA,0,NA,0.14,0.25,0.39,2.64,704.759,20.137,171.227,0.205,2039,Älvdalen,S,1,0,0,1,81.325,5,1.3,2.2,0.250072732,0.119266215,0,0.00154,0,0,0,0.00054,0,0.00079,0,0,0.0037,0,0,0,0.00033,0.00062,0.02238,0.65212,0.01428,0,0.17444,0.03897,0,0.005,0.00087,0,0,0.0712,0,0,0.00055,0.01266,0,0,0,1,G68-16,0.29814099999999999,Sle3
G32-14,F,S,Fulufjellet 3,Fulufjellet_1617,6826477,1331113,2016,2017,NA,NA,0,NA,0.17,0.37,0.16,2.77,762.112,17.636,159.723,0.203,428,Trysil,N,1.583,1,0,0,80.12121212,5,282.5,2333.8,0.251703141,0.133945622,0,0.00028,0,0,0,0,0,0,0,0,0.00155,0,0,0.00032,0.00061,0.00396,0.04221,0.4184,0.02153,0.00035,0.29699,0.03542,0,0.01919,0.09833,0,0,0.0554,0,0,0,0.00545,0,0,0,1,G32-14,0.157578,Julu9
G95-15,M,S,Fulufjellet 3,Fulufjellet_1617,6826477,1331113,2016,2017,NA,NA,0,NA,0.17,0.37,0.16,2.77,762.112,17.636,159.723,0.203,428,Trysil,N,1.583,1,0,0,80.12121212,5,282.5,2333.8,0.251703141,0.133945622,0,0.00028,0,0,0,0,0,0,0,0,0.00155,0,0,0.00032,0.00061,0.00396,0.04221,0.4184,0.02153,0.00035,0.29699,0.03542,0,0.01919,0.09833,0,0,0.0554,0,0,0,0.00545,0,0,0,1,G95-15,0.20716100000000001,Gås3
G133-13,M,S,Färna 2,Färna_1617,6632989,1513809,2016,2017,NA,NA,0,NA,0.29,1.15,0.83,9.15,106.28,39.837,172.594,0.217,1907,Surahammar,S,51.138,0,4,0,61.68125,5,2.3,2.3,0.593839556,0.56374285,0,0.00846,0.00135,0,0,0,0.00035,0,0,0.00039,0.00072,0.05502,0,0.00569,0.00717,0.01281,0.00776,0.53387,0.05248,0,0,0.0681,0,0,0,0.11081,0.00828,0.03981,0,0,0.00219,0.08474,0,0,0,1,G133-13,0.15216099999999999,Nora
M-10-08,F,S,Färna 2,Färna_1617,6632989,1513809,2016,2017,other,NA,1,"old, 9 or 10 yrs spring-17, may have died of age",0.29,1.15,0.83,9.15,106.28,39.837,172.594,0.217,1907,Surahammar,S,51.138,0,4,0,61.68125,5,2.3,2.3,0.593839556,0.56374285,0,0.00846,0.00135,0,0,0,0.00035,0,0,0.00039,0.00072,0.05502,0,0.00569,0.00717,0.01281,0.00776,0.53387,0.05248,0,0,0.0681,0,0,0,0.11081,0.00828,0.03981,0,0,0.00219,0.08474,0,0,0,1,M-10-08,0.26708999999999999,Lok1
G86-17,M,S,Gimmen 4,Gimmen_1617,6724288,1473571,2016,2017,NA,NA,0,"G86-17 ensam 2 år, ny partner I Gimmen 5 20/21",0.45,1.49,3.23,13.83,224.794,24.978,171.943,0.209,2029,Leksand,S,35.675,0,3,0,73.39375,5,3,2.2,0.269462685,0.326469639,0,0.04871,0.00731,0.00015,0,0,0.00151,0.00111,0.00017,0.00133,0.00204,0.05785,0.00029,0.00053,0.00758,0.01641,0.00765,0.68156,0.04064,0,0,0.05307,0,0,0,0,0.00028,0.00227,0,0,0.01165,0.05788,0,0,0,1,G86-17,6.7336999999999994E-2,Bjås3
G93-16,F,S,Gimmen 4,Gimmen_1617,6724288,1473571,2016,2017,NA,NA,0,NA,0.45,1.49,3.23,13.83,224.794,24.978,171.943,0.209,2029,Leksand,S,35.675,0,3,0,73.39375,5,3,2.2,0.269462685,0.326469639,0,0.04871,0.00731,0.00015,0,0,0.00151,0.00111,0.00017,0.00133,0.00204,0.05785,0.00029,0.00053,0.00758,0.01641,0.00765,0.68156,0.04064,0,0,0.05307,0,0,0,0,0.00028,0.00227,0,0,0.01165,0.05788,0,0,0,1,G93-16,0.14105200000000001,Gim3
G61-14,M,S,Glamsen 1,Glamsen_1617,6718987,1584287,2016,2017,illegal,NA,0,NA,0.32,1.3,2.72,13.34,27.756,26.893,164.704,0.035,319,Älvkarleby,S,39.7,0,0,0,70.86428571,5,2.8,2.9,0.496167386,0.296331801,0,0.04172,0.00938,0.00512,0.00299,0,0.00218,0.00037,0,0.00608,0.00327,0.01923,0,0.00625,0.00155,0.0065,0.02549,0.4398,0.09003,0.00044,0.00042,0.10613,0,0,0,0,0.00709,0.00943,0,0,0.01177,0.02883,0,0.00464,0.17127,1,G61-14,0.222382,Lok3
G66-12,F,S,Glamsen 1,Glamsen_1617,6718987,1584287,2016,2017,NA,NA,0,NA,0.32,1.3,2.72,13.34,27.756,26.893,164.704,0.035,319,Älvkarleby,S,39.7,0,0,0,70.86428571,5,2.8,2.9,0.496167386,0.296331801,0,0.04172,0.00938,0.00512,0.00299,0,0.00218,0.00037,0,0.00608,0.00327,0.01923,0,0.00625,0.00155,0.0065,0.02549,0.4398,0.09003,0.00044,0.00042,0.10613,0,0,0,0,0.00709,0.00943,0,0,0.01177,0.02883,0,0.00464,0.17127,1,G66-12,0.13885500000000001,Ria
G27-12,M,S,Glaskogen 3,Glaskogen_1617,6605696,1306183,2016,2017,illegal,NA,0,NA,0.2,1.04,0.76,7.74,188.629,36.287,174.324,0.366,1784,Arvika,S,11.525,0,1,0,72.84516129,5,2.1,1.8,0.48905929,0.444792326,0,0.00343,4.00E-05,0,0,0,0,0,0,0,0,0.03324,0,0.0023,0.00091,0.01319,0.00085,0.71239,0.03381,0,0,0.03011,0,0,0,0,0,0.01053,0,0,8.00E-05,0.15912,0,0,0,1,G27-12,0.261963,Ful1
G56-11,F,S,Glaskogen 3,Glaskogen_1617,6605696,1306183,2016,2017,NA,NA,0,NA,0.2,1.04,0.76,7.74,188.629,36.287,174.324,0.366,1784,Arvika,S,11.525,0,1,0,72.84516129,5,2.1,1.8,0.48905929,0.444792326,0,0.00343,4.00E-05,0,0,0,0,0,0,0,0,0.03324,0,0.0023,0.00091,0.01319,0.00085,0.71239,0.03381,0,0,0.03011,0,0,0,0,0,0.01053,0,0,8.00E-05,0.15912,0,0,0,1,G56-11,0.29718,Gla2
G130-14,M,S,Gråsjön,Gråssjön_1617,6962478,1498010,2016,2017,legal,NA,0,NA,0.21,1.06,0,3.67,371.378,22.064,178.89,0.192,2305,Bräcke,S,2.5,0,0,1,80.07379032,5,3.5,2.4,0.250087,0.1000348,0,0.00166,0,0,0,0,0.00032,0,0,0,0,0.00168,0,0.00105,0.00028,0.00269,0.00094,0.65044,0.10525,0,0,0.14454,0,0,0,0,0,0.02836,0,0,0.0018,0.06097,0,0,0,1,G130-14,0.26416000000000001,Gård3
G140-16,F,S,Gråsjön,Gråssjön_1617,6962478,1498010,2016,2017,legal,NA,0,NA,0.21,1.06,0,3.67,371.378,22.064,178.89,0.192,2305,Bräcke,S,2.5,0,0,1,80.07379032,5,3.5,2.4,0.250087,0.1000348,0,0.00166,0,0,0,0,0.00032,0,0,0,0,0.00168,0,0.00105,0.00028,0.00269,0.00094,0.65044,0.10525,0,0,0.14454,0,0,0,0,0,0.02836,0,0,0.0018,0.06097,0,0,0,1,G140-16,0.222382,Lok3
G11-11,M,S,Gräsmark 5,Gräsmark_1617,6687763,1303726,2016,2017,NA,NA,0,NA,0.63,2.02,0.62,8.14,292.891,30.954,175.927,0.347,402,Kongsvinger,N,10.137,1,4,0,76.3625,5,209.9,4786.5,0.567026836,0.452064526,0,0.00758,0.00085,0.00041,0,0,0,0,0,0,0.00045,0.04215,0,0,0.00041,0.02305,0.00236,0.7416,0.0023,0,0,0.06386,0,0,0,0,0,0.05028,0,0,0.00848,0.05622,0,0,0,1,G11-11,0.261963,Ful1
G125-13,F,S,Gräsmark 5,Gräsmark_1617,6687763,1303726,2016,2017,NA,NA,0,NA,0.63,2.02,0.62,8.14,292.891,30.954,175.927,0.347,402,Kongsvinger,N,10.137,1,4,0,76.3625,5,209.9,4786.5,0.567026836,0.452064526,0,0.00758,0.00085,0.00041,0,0,0,0,0,0,0.00045,0.04215,0,0,0.00041,0.02305,0.00236,0.7416,0.0023,0,0,0.06386,0,0,0,0,0,0.05028,0,0,0.00848,0.05622,0,0,0,1,G125-13,0.198181,Hae
G77-14,F,S,Gårdsjö  6,Gårdsjö_1617,6615995,1368587,2016,2017,NA,NA,0,NA,0.43,1.13,1.51,11.8,121.169,36.568,178.543,0.363,1763,Forshaga,S,35.94,0,3,0,61.27272727,5,1.5,1.8,0.684759204,0.636792075,0,0.01344,0.00074,0,0,0,0,0,0,0.00162,0.00153,0.12581,0,0.00464,0.00839,0.01443,0.00675,0.56242,0.07458,0,0,0.03731,0,0,0,0,0.00355,0.01096,0,0,0.00801,0.12583,0,0,0,1,G77-14,0.28747600000000001,Kin1
G6-12,M,S,Gårdsjö 6,Gårdsjö_1617,6615995,1368587,2016,2017,NA,NA,0,NA,0.43,1.13,1.51,11.8,121.169,36.568,178.543,0.363,1763,Forshaga,S,35.94,0,3,0,61.27272727,5,1.5,1.8,0.684759204,0.636792075,0,0.01344,0.00074,0,0,0,0,0,0,0.00162,0.00153,0.12581,0,0.00464,0.00839,0.01443,0.00675,0.56242,0.07458,0,0,0.03731,0,0,0,0,0.00355,0.01096,0,0,0.00801,0.12583,0,0,0,1,G6-12,0,Kyn2
G11-13,M,S,Gåsborn 4,Gåsborn_1617,6651939,1430057,2016,2017,illegal,NA,0,NA,0.28,1.1,0.19,5.91,284.602,33.757,172.64,0.325,1863,Hällefors,S,10.275,0,5,0,69.6875,5,2.1,2.2,0.64702859,0.615047082,0,0,0,0,0,0,0,0.00041,0,0,0.00044,0,0,0.00057,0.00092,0.00129,0.00028,0.75746,0.02868,0,0,0.08923,0,0,0,0,0.00025,0.04851,0,0,0.00049,0.07147,0,0,0,1,G11-13,0.16552700000000001,Jang6
G145-15,F,S,Gåsborn 4,Gåsborn_1617,6651939,1430057,2016,2017,illegal,NA,0,NA,0.28,1.1,0.19,5.91,284.602,33.757,172.64,0.325,1863,Hällefors,S,10.275,0,5,0,69.6875,5,2.1,2.2,0.64702859,0.615047082,0,0,0,0,0,0,0,0.00041,0,0,0.00044,0,0,0.00057,0.00092,0.00129,0.00028,0.75746,0.02868,0,0,0.08923,0,0,0,0,0.00025,0.04851,0,0,0.00049,0.07147,0,0,0,1,G145-15,0.15216099999999999,Sku
G124-13,F,S,Gåsmyren 1,Gåsmyren_1617,6672257,1495376,2016,2017,NA,NA,0,NA,0.3,1.42,1.87,9.5,184.256,35.852,173.155,0.3,2061,Smedjebacken,S,25.183,0,2,0,63.925,5,2.9,2.2,0.543552557,0.505951635,0,0.01283,0.00241,0,0,0.00042,0,0.00042,0,0.00036,0.00142,0.04852,0,0.00038,0.00693,0.01094,0.00795,0.68647,0.03921,0,0,0.08365,0,0,0,0,0.00163,0.00197,0,0,0.00107,0.0934,0,0,0,1,G124-13,0.33898899999999998,Tans
G67-11,M,S,Gåsmyren 1,Gåsmyren_1617,6672257,1495376,2016,2017,NA,NA,0,NA,0.3,1.42,1.87,9.5,184.256,35.852,173.155,0.3,2061,Smedjebacken,S,25.183,0,2,0,63.925,5,2.9,2.2,0.543552557,0.505951635,0,0.01283,0.00241,0,0,0.00042,0,0.00042,0,0.00036,0.00142,0.04852,0,0.00038,0.00693,0.01094,0.00795,0.68647,0.03921,0,0,0.08365,0,0,0,0,0.00163,0.00197,0,0,0.00107,0.0934,0,0,0,1,G67-11,0.35199000000000003,Snd2
G143-14,F,N,Hoböl,Hobøl_1617,6606592,1227208,2016,2017,NA,NA,0,NA,0.87,1.2,5.28,17.64,95.929,34.543,184.858,0.319,137,Våler,N,130.962,1,0,0,57.3875,5,55.6,1084,0.250787839,0.100315136,0,0.02191,0.00463,0.00165,0,0.00285,0.00062,0,0,0.00035,0.00395,0.23669,0,0,0.00407,0.0762,0.01098,0.51476,0.00303,0,0,0.04243,0,0,0,0,0,0.00677,0,0,0.01968,0.04549,0,0,0.00395,1,G143-14,0.21771199999999999,Öma1
G161-15,M,N,Hoböl,Hobøl_1617,6606592,1227208,2016,2017,NA,NA,0,NA,0.87,1.2,5.28,17.64,95.929,34.543,184.858,0.319,137,Våler,N,130.962,1,0,0,57.3875,5,55.6,1084,0.250787839,0.100315136,0,0.02191,0.00463,0.00165,0,0.00285,0.00062,0,0,0.00035,0.00395,0.23669,0,0,0.00407,0.0762,0.01098,0.51476,0.00303,0,0,0.04243,0,0,0,0,0,0.00677,0,0,0.01968,0.04549,0,0,0.00395,1,G161-15,0.42309600000000003,Öma2
G65-16,F,S,Holmsjön 1,Holmsjön_1617,6652864,1457635,2016,2017,illegal,NA,0,NA,0.38,1.34,1.72,9.7,270.837,30.19,174.821,0.241,1864,Ljusnarsberg,S,12.54,0,6,0,65.8125,5,2.4,2.3,0.668883593,0.615467203,0,0.01805,0.00109,0,0,5.00E-04,0.00065,0.00072,0,0.00098,0.00198,0.00312,0,0.00026,0.0013,0.00732,0.00214,0.76938,0.03308,0,0,0.06767,0,0,0,0,0.00058,0.01257,0,0,0,0.07862,0,0,0,1,G65-16,0.33657799999999999,Löv6
G8-17,M,S,Holmsjön 1,Holmsjön_1617,6652864,1457635,2016,2017,NA,NA,0,NA,0.38,1.34,1.72,9.7,270.837,30.19,174.821,0.241,1864,Ljusnarsberg,S,12.54,0,6,0,65.8125,5,2.4,2.3,0.668883593,0.615467203,0,0.01805,0.00109,0,0,5.00E-04,0.00065,0.00072,0,0.00098,0.00198,0.00312,0,0.00026,0.0013,0.00732,0.00214,0.76938,0.03308,0,0,0.06767,0,0,0,0,0.00058,0.01257,0,0,0,0.07862,0,0,0,1,G8-17,0.28747600000000001,Kin1
G129-14,F,S,Jangen 7,Jangen_1617,6653343,1362072,2016,2017,other,NA,0,Traffic,0.32,1.23,0.62,7.53,198.261,37.642,176.067,0.43,1766,Sunne,S,11.55,0,5,0,69.2625,5,1.2,1.8,0.537414755,0.552209825,0,0.00543,0.00025,0,0,0.00119,0,0.00017,0,0,0.00076,0.07878,0,0.00458,0.00658,0.01567,0.00284,0.7123,0.02744,0,0,0.04033,0,0,0,0,0.00087,0.01141,0,0,0.00755,0.08385,0,0,0,1,G129-14,0.16552700000000001,Jang6
G78-16,M,S,Jangen 7,Jangen_1617,6653343,1362072,2016,2017,NA,NA,0,NA,0.32,1.23,0.62,7.53,198.261,37.642,176.067,0.43,1766,Sunne,S,11.55,0,5,0,69.2625,5,1.2,1.8,0.537414755,0.552209825,0,0.00543,0.00025,0,0,0.00119,0,0.00017,0,0,0.00076,0.07878,0,0.00458,0.00658,0.01567,0.00284,0.7123,0.02744,0,0,0.04033,0,0,0,0,0.00087,0.01141,0,0,0.00755,0.08385,0,0,0,1,G78-16,0.235592,Fld1
M14-09/G16-12,F,N,Julussa 9,Julussa_1617,6817244,1258493,2016,2017,Illegal,NA,1,NA,0.12,1.01,0,3.96,579.456,20.713,162.308,0.325,430,Stor-Elvdal,N,1.699,1,1,0,80.46924731,5,353.5,5049,0.510688075,0.496641321,0,0,0,0,0,0,5.00E-04,0,0,0,6.00E-04,0.00836,0,0,0,0.00613,0.01415,0.65037,0.01021,0,0.02574,0.11277,0,0,0.01123,0,0,0.12396,0,0,0.00806,0.02793,0,0,0,1,G16-12,0,Kyn2
M14-10/G95-10,M,N,Julussa 9,Julussa_1617,6817244,1258493,2016,2017,NA,NA,1,NA,0.12,1.01,0,3.96,579.456,20.713,162.308,0.325,430,Stor-Elvdal,N,1.699,1,1,0,80.46924731,5,353.5,5049,0.510688075,0.496641321,0,0,0,0,0,0,5.00E-04,0,0,0,6.00E-04,0.00836,0,0,0,0.00613,0.01415,0.65037,0.01021,0,0.02574,0.11277,0,0,0.01123,0,0,0.12396,0,0,0.00806,0.02793,0,0,0,1,G95-10,0.284912,Ulr3
G148-15,M,S,Juvberget 4,Juvberget_1617,6747710,1319211,2016,2017,illegal,NA,0,NA,0.27,1.3,0,5.33,383.746,18.835,171.335,0.195,1737,Torsby,S,5.132,1,5,0,79.13125,5,77.7,1495.8,0.550520453,0.503249949,0,0.00083,0,0,0,0,0,0,0,0,0.00061,9.00E-05,0,0.00048,0.00079,0.00189,0.00212,0.6459,0.07098,0,0,0.13919,0,0,0,0,0,0.10224,0,0,0.0037,0.03119,0,0,0,1,G148-15,0.273621,Sång2
G34-16,F,S,Juvberget 4,Juvberget_1617,6747710,1319211,2016,2017,illegal,NA,0,NA,0.27,1.3,0,5.33,383.746,18.835,171.335,0.195,1737,Torsby,S,5.132,1,5,0,79.13125,5,77.7,1495.8,0.550520453,0.503249949,0,0.00083,0,0,0,0,0,0,0,0,0.00061,9.00E-05,0,0.00048,0.00079,0.00189,0.00212,0.6459,0.07098,0,0,0.13919,0,0,0,0,0,0.10224,0,0,0.0037,0.03119,0,0,0,1,G34-16,0.15216099999999999,Sku
G64-17,F,S,Kesberget,Kesberget_1617,6629476,1496578,2016,2017,NA,NA,0,NA,0.28,1.15,0.59,8.3,131.846,38.783,172.877,0.251,1904,Skinnskatteberg,S,29.2,0,5,0,65.1,5,2,2.3,0.693981877,0.69300874,0,0.00393,0.00068,0,0,0,0.00087,0,0,0.00044,0.00028,0.03739,0,0.00208,0.00962,0.01428,0.00388,0.69227,0.05624,0,0,0.07037,0,0,0,0.00054,0.00105,0.03911,0,0,0,0.06696,0,0,0,1,G64-17,0.222382,Fär2
G89-16,M,S,Kesberget,Kesberget_1617,6629476,1496578,2016,2017,NA,NA,0,NA,0.28,1.15,0.59,8.3,131.846,38.783,172.877,0.251,1904,Skinnskatteberg,S,29.2,0,5,0,65.1,5,2,2.3,0.693981877,0.69300874,0,0.00393,0.00068,0,0,0,0.00087,0,0,0.00044,0.00028,0.03739,0,0.00208,0.00962,0.01428,0.00388,0.69227,0.05624,0,0,0.07037,0,0,0,0.00054,0.00105,0.03911,0,0,0,0.06696,0,0,0,1,G89-16,0.23388300000000001,Vmy1
G27-11,M,S,Kindla,Kindla_1617,6641796,1449854,2016,2017,censor,NA,0,NA,0.3,1.31,0.68,7.6,251.142,29.858,175.23,0.246,1864,Ljusnarsberg,S,13.68,0,7,0,65.08125,5,2.4,2.4,0.619981907,0.657928603,0,0.00775,0.00028,0,0,0,0.00035,5.00E-05,0,0,0.00031,0.00865,0,0.00029,0.00062,0.00729,0.00222,0.79119,0.03441,0,0,0.05711,0,0,0,0,0.00051,0.01535,0,0,0,0.07361,0,0,0,1,G27-11,0.227051,Sil1
G60-13,F,S,Kindla,Kindla_1617,6641796,1449854,2016,2017,other,NA,0,Train,0.3,1.31,0.68,7.6,251.142,29.858,175.23,0.246,1864,Ljusnarsberg,S,13.68,0,7,0,65.08125,5,2.4,2.4,0.619981907,0.657928603,0,0.00775,0.00028,0,0,0,0.00035,5.00E-05,0,0,0.00031,0.00865,0,0.00029,0.00062,0.00729,0.00222,0.79119,0.03441,0,0,0.05711,0,0,0,0,0.00051,0.01535,0,0,0,0.07361,0,0,0,1,G60-13,0.30590800000000001,Ack
M-05-07,F,S,Kloten,Kloten_1617,6641572,1468543,2016,2017,other,NA,1,old age,0.3,1.36,0.4,6.89,242.405,30.688,175.8,0.248,1885,Lindesberg,S,12.44,0,7,0,66.36875,5,2.3,2.3,0.657710351,0.592052158,0,0.00859,0.00028,0,0,0,0.00039,7.00E-04,0,0,0.00082,0.02486,0,0.00041,0.00414,0.01449,0.00224,0.77255,0.02056,0,0,0.06813,0,0,0,0,0,0.00743,0,0,0,0.07443,0,0,0,1,M-05-07,0.30224600000000001,Utt
M-09-18,M,S,Kloten,Kloten_1617,6641572,1468543,2016,2017,other,NA,1,old age,0.3,1.36,0.4,6.89,242.405,30.688,175.8,0.248,1885,Lindesberg,S,12.44,0,7,0,66.36875,5,2.3,2.3,0.657710351,0.592052158,0,0.00859,0.00028,0,0,0,0.00039,7.00E-04,0,0,0.00082,0.02486,0,0.00041,0.00414,0.01449,0.00224,0.77255,0.02056,0,0,0.06813,0,0,0,0,0,0.00743,0,0,0,0.07443,0,0,0,1,M-09-18,0.29980499999999999,Krp2
G110-14,F,S,Kockohonka 1,Kockohonka_1617,6688151,1327185,2016,2017,NA,NA,0,NA,0.3,1.43,0.08,3.96,309.431,31.329,172.48,0.38,1737,Torsby,S,10.401,1,4,0,77.55,5,48.3,1147.5,0.581215391,0.675724701,0,0.00138,0,0,0,0,0,0,0,0,0.00056,0.00824,0,0,0.00516,0.00525,0.00192,0.81912,0.02003,0,0,0.07625,0,0,0,0,0,0.02678,0,0,0,0.03532,0,0,0,1,G110-14,0.29718,Klg
G122-14,M,S,Kockohonka 1,Kockohonka_1617,6688151,1327185,2016,2017,NA,NA,0,NA,0.3,1.43,0.08,3.96,309.431,31.329,172.48,0.38,1737,Torsby,S,10.401,1,4,0,77.55,5,48.3,1147.5,0.581215391,0.675724701,0,0.00138,0,0,0,0,0,0,0,0,0.00056,0.00824,0,0,0.00516,0.00525,0.00192,0.81912,0.02003,0,0,0.07625,0,0,0,0,0,0.02678,0,0,0,0.03532,0,0,0,1,G122-14,0.21412300000000001,Krp6
G26-15,F,S,Korsån 5,Korsån_1617,6732137,1522235,2016,2017,NA,NA,0,NA,0.18,1.37,0.56,7.17,229.799,28.903,167.439,0.181,2080,Falun,S,21.4,0,3,0,78.45625,5,2.6,2.5,0.60513646,0.523751904,0,0.0054,9.00E-04,0,0,0,0,0,0,0,0,0.01988,0,0,0,0.0021,0.00168,0.75792,0.01474,0,0,0.12072,0,0,0,0,0.00033,0.01576,0,0,0,0.06057,0,0,0,1,G26-15,0.41430699999999998,Bjås
G96-12,M,S,Korsån 5,Korsån_1617,6732137,1522235,2016,2017,NA,NA,0,NA,0.18,1.37,0.56,7.17,229.799,28.903,167.439,0.181,2080,Falun,S,21.4,0,3,0,78.45625,5,2.6,2.5,0.60513646,0.523751904,0,0.0054,9.00E-04,0,0,0,0,0,0,0,0,0.01988,0,0,0,0.0021,0.00168,0.75792,0.01474,0,0,0.12072,0,0,0,0,0.00033,0.01576,0,0,0,0.06057,0,0,0,1,G96-12,0,Kyn2
G151-15,M,S,Krokvattnet,Krokvattnet_1617,6860584,1464271,2016,2017,NA,NA,0,NA,0.22,0.95,0.11,4.13,405.035,24.735,172.678,0.181,2161,Ljusdal,S,2.25,0,1,0,79.96153846,5,2.6,2.7,0.402167273,0.192273285,0,0.00199,0,0,0,0,0,0,0,0,0,0,0,0,0.00118,0,0,0.63252,0.01017,0,0,0.1981,0,0,0,0,0.00089,0.09678,0,0,0.00233,0.05603,0,0,0,1,G151-15,0.23388300000000001,Vmy1
G99-16,F,S,Krokvattnet,Krokvattnet_1617,6860584,1464271,2016,2017,NA,NA,0,NA,0.22,0.95,0.11,4.13,405.035,24.735,172.678,0.181,2161,Ljusdal,S,2.25,0,1,0,79.96153846,5,2.6,2.7,0.402167273,0.192273285,0,0.00199,0,0,0,0,0,0,0,0,0,0,0,0,0.00118,0,0,0.63252,0.01017,0,0,0.1981,0,0,0,0,0.00089,0.09678,0,0,0.00233,0.05603,0,0,0,1,G99-16,0.27572600000000003,Drag2
G125-15,M,S,Kukkumäki 2,Kukkumäki_1617,6813525,1482190,2016,2017,illegal,NA,0,NA,0.2,1.21,0.04,4.67,287.475,24.052,171.502,0.178,2121,Ovanåker,S,5.167,0,1,0,79.67272727,5,2.2,2.7,0.485047744,0.448422774,0,0.00092,0,0,0,0,0,0,0,0,0,0.01267,0,0.00079,0.00097,0.00035,0.00035,0.74352,0.00726,0,0,0.14588,0,0,0,0.00134,0.00167,0.03244,0,0,0.00058,0.05125,0,0,0,1,G125-15,6.7336999999999994E-2,Bjås2
G15-13,F,S,Kukkumäki 2,Kukkumäki_1617,6813525,1482190,2016,2017,illegal,NA,0,NA,0.2,1.21,0.04,4.67,287.475,24.052,171.502,0.178,2121,Ovanåker,S,5.167,0,1,0,79.67272727,5,2.2,2.7,0.485047744,0.448422774,0,0.00092,0,0,0,0,0,0,0,0,0,0.01267,0,0.00079,0.00097,0.00035,0.00035,0.74352,0.00726,0,0,0.14588,0,0,0,0.00134,0.00167,0.03244,0,0,0.00058,0.05125,0,0,0,1,G15-13,0.29699700000000001,Tand
G204-13,F,N,Kynna 4,Kynna_1617,6750966,1293209,2016,2017,NA,NA,0,NA,0.33,1.46,0.56,6.69,353.681,21.882,174.138,0.194,426,Våler,N,9.868,1,4,0,77.41875,5,263.5,5049,0.54913787,0.531209037,0,0.00056,0.00066,0,0,0,0,0,0,0,4.00E-04,0.07661,0,0,0,0.01024,0.0017,0.54816,0.00521,0,0,0.19206,0,0,0.0025,0,0,0.14301,0,0,0.00434,0.01455,0,0,0,1,G204-13,0.29061900000000002,Äpp2
G91-11,M,N,Kynna 4,Kynna_1617,6750966,1293209,2016,2017,NA,NA,0,NA,0.33,1.46,0.56,6.69,353.681,21.882,174.138,0.194,426,Våler,N,9.868,1,4,0,77.41875,5,263.5,5049,0.54913787,0.531209037,0,0.00056,0.00066,0,0,0,0,0,0,0,4.00E-04,0.07661,0,0,0,0.01024,0.0017,0.54816,0.00521,0,0,0.19206,0,0,0.0025,0,0,0.14301,0,0,0.00434,0.01455,0,0,0,1,G91-11,0.29736299999999999,Jang5
G12-12,F,S,Kölsta 2,Kölsta_1617,6615844,1508798,2016,2017,NA,NA,0,NA,0.45,1.31,1.9,10.97,80.684,39.807,173.2,0.221,1983,Köping,S,65.2,0,3,0,59.10909091,5,1.9,2.3,0.630453686,0.625030886,0,0.02267,0.00453,0,0,0,0,0,0,0.00039,0.00149,0.19,0,0.00434,0.00956,0.01428,0.00482,0.54243,0.06534,0,0,0.06718,0,0,0,0.00054,0.00321,0.02081,0,0,0.00035,0.04805,0,0,0,1,G12-12,0.29736299999999999,Fär
G84-11,M,S,Kölsta 2,Kölsta_1617,6615844,1508798,2016,2017,NA,NA,0,NA,0.45,1.31,1.9,10.97,80.684,39.807,173.2,0.221,1983,Köping,S,65.2,0,3,0,59.10909091,5,1.9,2.3,0.630453686,0.625030886,0,0.02267,0.00453,0,0,0,0,0,0,0.00039,0.00149,0.19,0,0.00434,0.00956,0.01428,0.00482,0.54243,0.06534,0,0,0.06718,0,0,0,0.00054,0.00321,0.02081,0,0,0.00035,0.04805,0,0,0,1,G84-11,0.29931600000000003,Klot
G132-11,M,N,Letjenna 2,Letjenna_1617,6780213,1276384,2016,2017,NA,NA,0,NA,0.35,1.1,0.73,7.51,435.425,20.306,183.538,0.192,427,Elverum,N,7.526,1,2,0,79.78787879,5,337.9,5049,0.513589009,0.510871623,0,0.0016,0.00105,0,0,0,0,0,0,0,0.00044,0.01276,0,0,0.00038,0.03159,0,0.63065,0.00056,0,0.00037,0.1254,0,0,0.00667,0,0,0.16208,0,0,0.00742,0.01903,0,0,0,1,G132-11,0.16552700000000001,Julu8
G74-11,F,N,Letjenna 2,Letjenna_1617,6780213,1276384,2016,2017,NA,NA,0,NA,0.35,1.1,0.73,7.51,435.425,20.306,183.538,0.192,427,Elverum,N,7.526,1,2,0,79.78787879,5,337.9,5049,0.513589009,0.510871623,0,0.0016,0.00105,0,0,0,0,0,0,0,0.00044,0.01276,0,0,0.00038,0.03159,0,0.63065,0.00056,0,0.00037,0.1254,0,0,0.00667,0,0,0.16208,0,0,0.00742,0.01903,0,0,0,1,G74-11,0.27917500000000001,Gös
G74-12,M,S,Loka 3,Loka_1617,6602926,1425956,2016,2017,legal,NA,0,NA,0.36,1.15,0.5,7.98,196.713,33.13,178.484,0.284,1863,Hällefors,S,23.283,0,3,0,67.73333333,5,2.3,2.2,0.58151791,0.619763229,0,0.00528,0.00053,0,0,0,0.00036,0,0,0,0.00043,0.04736,0,0.00224,0.00439,0.00385,0.00037,0.65803,0.08339,0,0,0.03445,0,0,0,0,0.00159,0.00977,0,0,0.00197,0.14599,0,0,0,1,G74-12,0.15216099999999999,Nora
M-10-09,F,S,Loka 3,Loka_1617,6602926,1425956,2016,2017,legal,NA,1,NA,0.36,1.15,0.5,7.98,196.713,33.13,178.484,0.284,1863,Hällefors,S,23.283,0,3,0,67.73333333,5,2.3,2.2,0.58151791,0.619763229,0,0.00528,0.00053,0,0,0,0.00036,0,0,0,0.00043,0.04736,0,0.00224,0.00439,0.00385,0.00037,0.65803,0.08339,0,0,0.03445,0,0,0,0,0.00159,0.00977,0,0,0.00197,0.14599,0,0,0,1,M-10-09,0.26708999999999999,Lok1
G180-13,M,S,Långsjön 6,Långsjön_1617,6759006,1481963,2016,2017,illegal,NA,0,NA,0.26,0.95,0.13,5.33,292.555,22.759,176.842,0.165,2031,Rättvik,S,15.567,0,4,0,78.38709677,5,2.8,2.2,0.531326131,0.441169923,0,0.00309,0,0,0,0,6.00E-04,0,0,0,0,0.01278,0,0.00303,0.00352,0.00112,0.00288,0.77811,0.05312,0,0,0.06299,0,0,0,0,0,0.01918,0,0,0,0.05959,0,0,0,1,G180-13,0.29699700000000001,Tand
G66-14,F,S,Långsjön 6,Långsjön_1617,6759006,1481963,2016,2017,NA,NA,0,NA,0.26,0.95,0.13,5.33,292.555,22.759,176.842,0.165,2031,Rättvik,S,15.567,0,4,0,78.38709677,5,2.8,2.2,0.531326131,0.441169923,0,0.00309,0,0,0,0,6.00E-04,0,0,0,0,0.01278,0,0.00303,0.00352,0.00112,0.00288,0.77811,0.05312,0,0,0.06299,0,0,0,0,0,0.01918,0,0,0,0.05959,0,0,0,1,G66-14,0.14105200000000001,Hom2
G10-15,F,S,Magnor 1,Magnor_1617,6644181,1293805,2016,2017,NA,NA,0,NA,0.59,1.41,1.47,8.45,196.864,33.022,172.341,0.312,1730,Eda,S,11.202,1,3,0,69.63125,5,78.5,1760.7,0.459026296,0.318343008,0,0.00878,0.00048,0,0,0,3.00E-04,0,9.00E-04,0,0.00119,0.0633,0,0.00269,0.00923,0.03126,0.00058,0.73983,0.01015,0,0,0.03109,0,0,0,0,0,0.03647,0,0,0,0.06374,0,0,0,1,G10-15,0.13900799999999999,Dju3
G68-15,M,S,Magnor 1,Magnor_1617,6644181,1293805,2016,2017,NA,NA,0,NA,0.59,1.41,1.47,8.45,196.864,33.022,172.341,0.312,1730,Eda,S,11.202,1,3,0,69.63125,5,78.5,1760.7,0.459026296,0.318343008,0,0.00878,0.00048,0,0,0,3.00E-04,0,9.00E-04,0,0.00119,0.0633,0,0.00269,0.00923,0.03126,0.00058,0.73983,0.01015,0,0,0.03109,0,0,0,0,0,0.03647,0,0,0,0.06374,0,0,0,1,G68-15,0.21412300000000001,Krp6
172-14,F,N,Mangen 5,Mangen_1617,6670784,1280353,2016,2017,NA,NA,0,NA,0.71,1.93,1.35,8.21,270.497,31.571,172.413,0.305,419,Sør-Odal,N,18.249,1,3,0,75.6625,5,180.4,4054.1,0.514180213,0.294974978,0,0.00751,0.00159,0.00208,0,0,0,0,0,0,0.00111,0.03786,0,0,0.00305,0.04379,0.00064,0.73152,0.0017,0,0.00083,0.05206,0,0,0,0,0,0.07845,0,0,0.00785,0.02997,0,0,0,1,G172-14,0.13900799999999999,Dju3
G124-17,M,N,Mangen 5,Mangen_1617,6670784,1280353,2016,2017,NA,NA,0,NA,0.71,1.93,1.35,8.21,270.497,31.571,172.413,0.305,419,Sør-Odal,N,18.249,1,3,0,75.6625,5,180.4,4054.1,0.514180213,0.294974978,0,0.00751,0.00159,0.00208,0,0,0,0,0,0,0.00111,0.03786,0,0,0.00305,0.04379,0.00064,0.73152,0.0017,0,0.00083,0.05206,0,0,0,0,0,0.07845,0,0,0.00785,0.02997,0,0,0,1,G124-17,0.256382,Bvk1
G41-12,F,S,Nordmark 2,Nordmark_1617,6638713,1402026,2016,2017,legal,NA,0,NA,0.28,1.11,0.47,6.89,259.85,34.852,173.237,0.361,1782,Filipstad,S,6.8,0,5,0,72.18064516,5,1,1.8,0.692864039,0.657725729,0,0.00857,0.00098,0,0,0,0.00051,0,0,0,9.00E-05,0.00675,0,0.00065,0.00186,0.00257,0.00196,0.73062,0.05014,0,0,0.08579,0,0,0,0,0.00078,0.02633,0,0,0,0.08241,0,0,0,1,G41-12,0.35199000000000003,Snd2
G50-16,M,S,Nordmark 2,Nordmark_1617,6638713,1402026,2016,2017,legal,NA,0,NA,0.28,1.11,0.47,6.89,259.85,34.852,173.237,0.361,1782,Filipstad,S,6.8,0,5,0,72.18064516,5,1,1.8,0.692864039,0.657725729,0,0.00857,0.00098,0,0,0,0.00051,0,0,0,9.00E-05,0.00675,0,0.00065,0.00186,0.00257,0.00196,0.73062,0.05014,0,0,0.08579,0,0,0,0,0.00078,0.02633,0,0,0,0.08241,0,0,0,1,G50-16,0.222382,Lok3
G156-14,M,S,Norrsjön 1,Norrsjön_1617,6676468,1442290,2016,2017,NA,NA,0,NA,0.3,1.18,0.37,6.31,300.564,35.62,171.751,0.305,2085,Ludvika,S,11.15,0,6,0,69.00606061,5,2.4,2.2,0.70287131,0.657475216,0,0.00587,0.00028,0,0,0,0.00093,0.00058,0,0,0.00071,0.00561,0,0.00052,0.00307,0.00401,0.00134,0.74159,0.02339,0,0,0.09687,0,0,0,0,0.00084,0.04219,0,0,0,0.07221,0,0,0,1,G156-14,0.224609,Letj2
G53-16,F,S,Norrsjön 1,Norrsjön_1617,6676468,1442290,2016,2017,NA,NA,0,NA,0.3,1.18,0.37,6.31,300.564,35.62,171.751,0.305,2085,Ludvika,S,11.15,0,6,0,69.00606061,5,2.4,2.2,0.70287131,0.657475216,0,0.00587,0.00028,0,0,0,0.00093,0.00058,0,0,0.00071,0.00561,0,0.00052,0.00307,0.00401,0.00134,0.74159,0.02339,0,0,0.09687,0,0,0,0,0.00084,0.04219,0,0,0,0.07221,0,0,0,1,G53-16,0.16552700000000001,Tans3
G144-16,M,S,Nyskogen 1,Nyskogen_1617,6875816,1494186,2016,2017,NA,NA,0,NA,0.25,1.16,0.04,4.66,287.947,22.486,166.187,0.182,2161,Ljusdal,S,3.6,0,2,0,79.86,5,2.6,2.9,0.339951393,0.346855752,0,0.00017,0,0,0,0.00151,0,0,0,0,0,0.00878,0,3.00E-04,3.00E-04,0,0,0.71469,0.01027,0,0,0.15374,0,0,0,0,0,0.02403,0,0,0.00625,0.07996,0,0,0,1,G144-16,0.21491199999999999,Snd3
G28-17,F,S,Nyskogen 1,Nyskogen_1617,6875816,1494186,2016,2017,illegal,NA,0,NA,0.25,1.16,0.04,4.66,287.947,22.486,166.187,0.182,2161,Ljusdal,S,3.6,0,2,0,79.86,5,2.6,2.9,0.339951393,0.346855752,0,0.00017,0,0,0,0.00151,0,0,0,0,0,0.00878,0,3.00E-04,3.00E-04,0,0,0.71469,0.01027,0,0,0.15374,0,0,0,0,0,0.02403,0,0,0.00625,0.07996,0,0,0,1,G28-17,0.13467399999999999,Kors5
G117-15,M,S,Olsäter,Olsäter_1617,6627535,1374080,2016,2017,censor,NA,0,NA,0.34,1.18,0.61,9.16,171.321,35.604,177.458,0.384,1763,Forshaga,S,27.614,0,6,0,65.475,5,1.4,1.8,0.76070906,0.742155853,0,0.00898,0.00033,0,0,0,0,0,0,0.00097,1.00E-05,0.05685,0,0.00208,0.0051,0.01521,0.00629,0.70806,0.04918,0,0,0.04555,0,0,0,0,0.00101,0.00932,0,0,0.00795,0.0831,0,0,0,1,G117-15,0.224609,Letj2
G87-15,F,S,Olsäter,Olsäter_1617,6627535,1374080,2016,2017,legal,NA,0,NA,0.34,1.18,0.61,9.16,171.321,35.604,177.458,0.384,1763,Forshaga,S,27.614,0,6,0,65.475,5,1.4,1.8,0.76070906,0.742155853,0,0.00898,0.00033,0,0,0,0,0,0,0.00097,1.00E-05,0.05685,0,0.00208,0.0051,0.01521,0.00629,0.70806,0.04918,0,0,0.04555,0,0,0,0,0.00101,0.00932,0,0,0.00795,0.0831,0,0,0,1,G87-15,0.16552700000000001,Jang6
G103-15,M,S,Orsen,Orsen_1617,6689665,1435210,2016,2017,legal,NA,0,NA,0.25,1.22,0.22,6.09,302.745,34.883,174.127,0.312,2026,Gagnef,S,11.967,0,3,0,73.3125,5,2.4,2.2,0.734301667,0.668270271,0,0.00298,0,0,0,0,0.00026,0,0,0,0,0.00639,0,0.00027,0.00178,0.00096,0.00486,0.73702,0.03294,0,0,0.11345,0,0,0,0,0.0015,0.03622,0,0,0.00367,0.0577,0,0,0,1,G103-15,0.222382,Lok3
G98-16,F,S,Orsen,Orsen_1617,6689665,1435210,2016,2017,legal,NA,0,NA,0.25,1.22,0.22,6.09,302.745,34.883,174.127,0.312,2026,Gagnef,S,11.967,0,3,0,73.3125,5,2.4,2.2,0.734301667,0.668270271,0,0.00298,0,0,0,0,0.00026,0,0,0,0,0.00639,0,0.00027,0.00178,0.00096,0.00486,0.73702,0.03294,0,0,0.11345,0,0,0,0,0.0015,0.03622,0,0,0.00367,0.0577,0,0,0,1,G98-16,0.29327399999999998,När1
M17-05/G139-14,F,N,Osdalen 4,Osdalen_1617,6838631,1270305,2016,2017,NA,NA,1,NA,0.07,0.52,0,2.05,690.202,19.298,180.793,0.269,432,Rendalen,N,1.423,1,1,0,80.05719697,5,299.1,5049,0.532916204,0.406350076,0,0,0,0,0,0,0,0,0,0,0.00342,0.00027,0,0,0,0.00076,0.05184,0.52157,0.00763,0,0.03693,0.0277,0,0.00222,0.12738,0,0,0.17374,0,0,0,0.04654,0,0,0,1,G139-14,0.157578,Julu9
M17-10/G155-14,M,N,Osdalen 4,Osdalen_1617,6838631,1270305,2016,2017,NA,NA,1,NA,0.07,0.52,0,2.05,690.202,19.298,180.793,0.269,432,Rendalen,N,1.423,1,1,0,80.05719697,5,299.1,5049,0.532916204,0.406350076,0,0,0,0,0,0,0,0,0,0,0.00342,0.00027,0,0,0,0.00076,0.05184,0.52157,0.00763,0,0.03693,0.0277,0,0.00222,0.12738,0,0,0.17374,0,0,0,0.04654,0,0,0,1,G155-14,0.14679700000000001,Tans2
G68-13,F,S,Prastkogen 4,Prästskogen_1617,6898333,1479272,2016,2017,NA,NA,0,NA,0.2,1.1,0.02,3.39,353.022,21.656,169.03,0.181,2161,Ljusdal,S,2.533,0,1,1,80.01149194,5,2.4,2.7,0.481740613,0.284586423,0,0.00088,0,0,0,0,0.00033,0,0,0,0,0.00166,0,0.00028,0,0.00125,0,0.61836,0.04963,0,0,0.23104,0,0,0,0,0,0.04665,0,0,0,0.04991,0,0,0,1,G68-13,0.13900799999999999,Dju3
G108-16,M,S,Prästkogen 4,Prästskogen_1617,6898333,1479272,2016,2017,NA,NA,0,Female in Prästskogen 1  (G103-10) is found under Överhogdal,0.2,1.1,0.02,3.39,353.022,21.656,169.03,0.181,2161,Ljusdal,S,2.533,0,1,1,80.01149194,5,2.4,2.7,0.481740613,0.284586423,0,0.00088,0,0,0,0,0.00033,0,0,0,0,0.00166,0,0.00028,0,0.00125,0,0.61836,0.04963,0,0,0.23104,0,0,0,0,0,0.04665,0,0,0,0.04991,0,0,0,1,G108-16,0.157578,Julu9
G188-13,F,S,Rackstad  5,Rackstad_1617,6635720,1332559,2016,2017,NA,NA,0,NA,0.32,1.15,0.87,7.35,213.734,36.625,173.253,0.436,1784,Arvika,S,13.1,0,2,0,67.64375,5,1.9,1.8,0.532168116,0.50573867,0,0.00382,0.00026,0,0,0,0.00086,0.00077,0,0.00057,0.00169,0.05473,0,0.00037,0.00989,0.01669,0.00211,0.76597,0.01926,0,0,0.03942,0,0,0,0,0,0.00327,0,0,0,0.0803,0,0,0,1,G188-13,0.15216099999999999,Sku
G105-16,M,S,Rackstad 5,Rackstad_1617,6635720,1332559,2016,2017,NA,NA,0,NA,0.32,1.15,0.87,7.35,213.734,36.625,173.253,0.436,1784,Arvika,S,13.1,0,2,0,67.64375,5,1.9,1.8,0.532168116,0.50573867,0,0.00382,0.00026,0,0,0,0.00086,0.00077,0,0.00057,0.00169,0.05473,0,0.00037,0.00989,0.01669,0.00211,0.76597,0.01926,0,0,0.03942,0,0,0,0,0,0.00327,0,0,0,0.0803,0,0,0,1,G105-16,0.224609,Letj2
G80-13,F,S,Rombohöjden 2,Rombohöjden_1617,6617044,1444621,2016,2017,NA,NA,0,NA,0.35,1.28,0.22,6.95,202.029,30.463,172.526,0.245,1884,Nora,S,12.575,0,4,0,68.01875,5,2.5,2.4,0.541020194,0.662850008,0,0.00596,0.00032,0,0,0,0.00028,0,0,0.00036,0,0.0201,0,0.00084,0.00472,0.00788,0.00438,0.6914,0.09378,0,0,0.03785,0,0,0,0,0,0.00442,0,0,0.00065,0.12706,0,0,0,1,G80-13,0.12667800000000001,Gås
G90-15,M,S,Rombohöjden 2,Rombohöjden_1617,6617044,1444621,2016,2017,NA,NA,0,NA,0.35,1.28,0.22,6.95,202.029,30.463,172.526,0.245,1884,Nora,S,12.575,0,4,0,68.01875,5,2.5,2.4,0.541020194,0.662850008,0,0.00596,0.00032,0,0,0,0.00028,0,0,0.00036,0,0.0201,0,0.00084,0.00472,0.00788,0.00438,0.6914,0.09378,0,0,0.03785,0,0,0,0,0,0.00442,0,0,0.00065,0.12706,0,0,0,1,G90-15,0.222382,Lok3
M-11-09/G77-10,M,S,Rotna 2,Rotna_1617,6717623,1325695,2016,2017,other,NA,1,Old age,0.27,1.46,0.03,3.93,407.821,20.086,181.114,0.21,1737,Torsby,S,5.252,1,4,0,79.45,5,74.8,1889.5,0.621791987,0.647949274,0,2.00E-05,0,0,0,0,0,0,0,0,0,0,0,0,0.00044,0.00127,0.00072,0.75887,0.03554,0,0,0.08188,0,0,0,0,0.00083,0.07285,0,0,0,0.04759,0,0,0,1,G77-10,0.21484400000000001,Ulr2
M11-10/G42-10,F,S,Rotna 2,Rotna_1617,6717623,1325695,2016,2017,other,NA,1,Old age,0.27,1.46,0.03,3.93,407.821,20.086,181.114,0.21,1737,Torsby,S,5.252,1,4,0,79.45,5,74.8,1889.5,0.621791987,0.647949274,0,2.00E-05,0,0,0,0,0,0,0,0,0,0,0,0,0.00044,0.00127,0.00072,0.75887,0.03554,0,0,0.08188,0,0,0,0,0.00083,0.07285,0,0,0,0.04759,0,0,0,1,G42-10,0.26953100000000002,Ny5
G104-15,M,S,Ryssjön,Ryssjön_1617,6752490,1559505,2016,2017,NA,NA,0,NA,0.21,1.3,1.08,9.36,75.117,27.157,153.082,0.08,2101,Ockelbo,S,31.3,0,0,0,78.0375,5,2.5,2.9,0.329246298,0.207712853,0,0.00948,0.00113,0,0,0,0.00043,0,0,0,0,0.04134,0,0.00148,3.00E-04,0.00289,0.01192,0.67769,0.06401,0,0,0.05721,0,0,0,0,0.00169,0.01852,0,0,0.00179,0.09216,0,0.00026,0.0177,1,G104-15,6.7336999999999994E-2,Bjås2
G88-16,F,S,Ryssjön,Ryssjön_1617,6752490,1559505,2016,2017,NA,NA,0,NA,0.21,1.3,1.08,9.36,75.117,27.157,153.082,0.08,2101,Ockelbo,S,31.3,0,0,0,78.0375,5,2.5,2.9,0.329246298,0.207712853,0,0.00948,0.00113,0,0,0,0.00043,0,0,0,0,0.04134,0,0.00148,3.00E-04,0.00289,0.01192,0.67769,0.06401,0,0,0.05721,0,0,0,0,0.00169,0.01852,0,0,0.00179,0.09216,0,0.00026,0.0177,1,G88-16,0.21491199999999999,Snd3
G129-17,F,N,Römskog 2,Rømskog_1617,6624822,1270255,2016,2017,NA,NA,0,NA,0.35,1.26,0.33,5.37,217.025,32.334,182.329,0.342,121,Rømskog,N,17.269,1,3,0,72.0875,5,106,747.6,0.442142169,0.42327713,0,0.00097,0,0,0,0,0,0,0,0,0,0.05914,0,0.00042,0.00697,0.02476,3.00E-04,0.73936,0.00329,0,0,0.03342,0,0,0,0,0.00027,0.04908,0,0,0,0.08202,0,0,0,1,G129-17,0.218197,Mang4
G66-17,M,N,Römskog 2,Rømskog_1617,6624822,1270255,2016,2017,NA,NA,0,NA,0.35,1.26,0.33,5.37,217.025,32.334,182.329,0.342,121,Rømskog,N,17.269,1,3,0,72.0875,5,106,747.6,0.442142169,0.42327713,0,0.00097,0,0,0,0,0,0,0,0,0,0.05914,0,0.00042,0.00697,0.02476,3.00E-04,0.73936,0.00329,0,0,0.03342,0,0,0,0,0.00027,0.04908,0,0,0,0.08202,0,0,0,1,G66-17,0.222382,Fär2
G12-09,F,S,Sandsjön 3,Sandsjön_1617,6649280,1389408,2016,2017,illegal,NA,0,NA,0.34,1.12,0.52,6.9,250.737,35.048,179.973,0.372,1783,Hagfors,S,13.333,0,5,0,71.7,5,1.1,1.8,0.626913295,0.565943386,0,0.00809,0.00108,0,0,0.00119,0.00028,0,0,0,0.00076,0.01326,0,0.00112,0.00142,0.00872,0.00287,0.71732,0.02191,0,0,0.11484,0,0,0,0,0.00204,0.02568,0,0,0.00573,0.07368,0,0,0,1,G12-09,0.30590800000000001,Ack
G39-11,M,S,Sandsjön 3,Sandsjön_1617,6649280,1389408,2016,2017,NA,NA,0,NA,0.34,1.12,0.52,6.9,250.737,35.048,179.973,0.372,1783,Hagfors,S,13.333,0,5,0,71.7,5,1.1,1.8,0.626913295,0.565943386,0,0.00809,0.00108,0,0,0.00119,0.00028,0,0,0,0.00076,0.01326,0,0.00112,0.00142,0.00872,0.00287,0.71732,0.02191,0,0,0.11484,0,0,0,0,0.00204,0.02568,0,0,0.00573,0.07368,0,0,0,1,G39-11,0.15479999999999999,Z
G173-16,F,S,Sjösveden  3,Sjösveden_1617,6783441,1503708,2016,2017,NA,NA,0,NA,0.13,1.13,0.37,5.22,304.055,26.616,175.009,0.18,2121,Ovanåker,S,13.75,0,3,0,79.8375,5,2.6,2.8,0.609055582,0.450103406,0,0.00032,0,0,0,0,0.00037,0,0,0,0,0.00899,0,0,0.00033,0.00049,0.00067,0.67171,0.0291,0,0,0.13396,0,0,0,0,0.00096,0.03554,0,0,0,0.11755,0,0,0,1,G173-16,6.7336999999999994E-2,Bjås2
G29-15,M,S,Sjösveden  3,Sjösveden_1617,6783441,1503708,2016,2017,NA,NA,0,NA,0.13,1.13,0.37,5.22,304.055,26.616,175.009,0.18,2121,Ovanåker,S,13.75,0,3,0,79.8375,5,2.6,2.8,0.609055582,0.450103406,0,0.00032,0,0,0,0,0.00037,0,0,0,0,0.00899,0,0,0.00033,0.00049,0.00067,0.67171,0.0291,0,0,0.13396,0,0,0,0,0.00096,0.03554,0,0,0,0.11755,0,0,0,1,G29-15,0.142761,Kors4
G2-16,M,S,Skillingmark  2,Skillingmark_1617,6644087,1278241,2016,2017,illegal,NA,0,NA,0.46,1.62,0.36,5.68,239.991,31.631,176.43,0.325,420,Eidskog,N,13.319,1,4,0,74.34375,5,148.4,1702,0.623965393,0.476993486,0,0.00275,0,0,0,0,0,0,0,0,0,0.01982,0,0.00158,0.00222,0.02639,0.00055,0.76992,0.00166,0,0,0.04429,0,0,0,0,0,0.05677,0,0,0,0.07404,0,0,0,1,G2-16,0.13900799999999999,Dju3
G69-14,F,S,Skillingmark  2,Skillingmark_1617,6644087,1278241,2016,2017,illegal,NA,0,NA,0.46,1.62,0.36,5.68,239.991,31.631,176.43,0.325,420,Eidskog,N,13.319,1,4,0,74.34375,5,148.4,1702,0.623965393,0.476993486,0,0.00275,0,0,0,0,0,0,0,0,0,0.01982,0,0.00158,0.00222,0.02639,0.00055,0.76992,0.00166,0,0,0.04429,0,0,0,0,0,0.05677,0,0,0,0.07404,0,0,0,1,G69-14,0.13900799999999999,Dju3
G18-10,F,S,Skugghöjden,Skugghöjden_1617,6664138,1328347,2016,2017,NA,NA,0,NA,0.29,1.27,0.3,5.48,275.485,35.637,168.991,0.42,1766,Sunne,S,11.342,1,5,0,75.66060606,5,17.6,340,0.611584086,0.586293973,0,0.0039,0,0,0,0,0,0,0,0,0.00023,0.01181,0,0,0.00213,0.00724,0,0.81797,0.01318,0,0,0.06589,0,0,0,0,0,0.01759,0,0,0,0.06006,0,0,0,1,G18-10,0.27612300000000001,Löv2
G47-10,M,S,Skugghöjden,Skugghöjden_1617,6664138,1328347,2016,2017,NA,NA,0,NA,0.29,1.27,0.3,5.48,275.485,35.637,168.991,0.42,1766,Sunne,S,11.342,1,5,0,75.66060606,5,17.6,340,0.611584086,0.586293973,0,0.0039,0,0,0,0,0,0,0,0,0.00023,0.01181,0,0,0.00213,0.00724,0,0.81797,0.01318,0,0,0.06589,0,0,0,0,0,0.01759,0,0,0,0.06006,0,0,0,1,G47-10,0,Kyn2
M-15-03/G141-13,M,N,Slettås 3,Slettås_1617,6794111,1297191,2016,2017,NA,NA,1,NA,0.36,0.96,1.03,6.34,574.966,19.853,176.194,0.191,428,Trysil,N,6.978,1,2,0,79.97419355,5,547.2,5049,0.615114887,0.555701558,0,0.00332,0.00082,0,0,0,0,0,0.00022,0,0.01139,0.00072,0,0,0.00147,0.01081,0.00208,0.55383,0.00367,0,0.01031,0.04218,0,0.00085,0.00587,0,0,0.30359,0,0,0.00161,0.04725,0,0,0,1,G141-13,0.13900799999999999,Dju3
M-17-14/G70-10,F,N,Slettås 3,Slettås_1617,6794111,1297191,2016,2017,NA,NA,1,NA,0.36,0.96,1.03,6.34,574.966,19.853,176.194,0.191,428,Trysil,N,6.978,1,2,0,79.97419355,5,547.2,5049,0.615114887,0.555701558,0,0.00332,0.00082,0,0,0,0,0,0.00022,0,0.01139,0.00072,0,0,0.00147,0.01081,0.00208,0.55383,0.00367,0,0.01031,0.04218,0,0.00085,0.00587,0,0,0.30359,0,0,0.00161,0.04725,0,0,0,1,G70-10,0.27612300000000001,Löv2
G155-15,M,S,Säxen,Säxen_1617,6743704,1417955,2016,2017,illegal,NA,0,NA,0.19,1.18,0.42,5.04,336.528,29.728,173.728,0.256,2062,Mora,S,6.725,0,0,0,79.23125,5,2.8,2.2,0.368945256,0.208282392,0,0.00354,0,0,0,0,0,0,0,0,0,0.00025,0,0,0.00074,0,0.00052,0.76298,0.02185,0,0,0.10205,0,0,0,0,0.0015,0.04084,0,0,0,0.06573,0,0,0,1,G155-15,0.224609,Letj2
G174-16,F,S,Säxen,Säxen_1617,6743704,1417955,2016,2017,illegal,1,0,County personnell found track of hunting and  plenty blood while tracking the wolf-. After that she was not registered any more,0.19,1.18,0.42,5.04,336.528,29.728,173.728,0.256,2062,Mora,S,6.725,0,0,0,79.23125,5,2.8,2.2,0.368945256,0.208282392,0,0.00354,0,0,0,0,0,0,0,0,0,0.00025,0,0,0.00074,0,0.00052,0.76298,0.02185,0,0,0.10205,0,0,0,0,0.0015,0.04084,0,0,0,0.06573,0,0,0,1,G174-16,0.15216099999999999,Sku
G48-16,F,S,Tandsjön 4,Tandsjön_1617,6838565,1418816,2016,2017,illegal,NA,0,NA,0.07,0.71,0,3.05,592.909,25.511,169.256,0.216,2361,Härjedalen,S,3.34,0,0,0,80,5,1.4,2.3,0.427806235,0.456703569,0,0,0,0,0,0,0,0,0,0,0,0.00038,0,0,0,0,0.01136,0.59778,0.01058,0,0.01003,0.17751,0,0,0,0,0.00042,0.17862,0,0,0,0.01332,0,0,0,1,G48-16,0.24302699999999999,Sjö2
G80-16,M,S,Tandsjön 4,Tandsjön_1617,6838565,1418816,2016,2017,illegal,NA,0,NA,0.07,0.71,0,3.05,592.909,25.511,169.256,0.216,2361,Härjedalen,S,3.34,0,0,0,80,5,1.4,2.3,0.427806235,0.456703569,0,0,0,0,0,0,0,0,0,0,0,0.00038,0,0,0,0,0.01136,0.59778,0.01058,0,0.01003,0.17751,0,0,0,0,0.00042,0.17862,0,0,0,0.01332,0,0,0,1,G80-16,0.15216099999999999,Sku
M-10-07,M,S,Tansen 3,Tansen_1617,6692546,1458408,2016,2017,illegal,NA,1,NA,0.26,1.26,0.95,9.07,283.222,30.235,179.95,0.268,2085,Ludvika,S,30.14,0,3,0,71.75,5,2.6,2.2,0.584280493,0.566328462,0,0.00993,0.00064,0,0,0,0.00026,0,0,0,0.00105,0.01089,0,0.00026,0.00265,0.00395,0.00241,0.78206,0.03818,0,0,0.07588,0,0,0,0,5.00E-04,0.00317,0,0,0.00173,0.06645,0,0,0,1,M-10-07,0.42968800000000001,Jang4
M11-05/G47-11,F,S,Tansen 3,Tansen_1617,6692546,1458408,2016,2017,illegal,NA,1,NA,0.26,1.26,0.95,9.07,283.222,30.235,179.95,0.268,2085,Ludvika,S,30.14,0,3,0,71.75,5,2.6,2.2,0.584280493,0.566328462,0,0.00993,0.00064,0,0,0,0.00026,0,0,0,0.00105,0.01089,0,0.00026,0.00265,0.00395,0.00241,0.78206,0.03818,0,0,0.07588,0,0,0,0,5.00E-04,0.00317,0,0,0.00173,0.06645,0,0,0,1,G47-11,0,Kyn2
G123-14,M,S,Tiveden 2,Tiveden_1617,6531291,1440424,2016,2017,NA,NA,0,NA,0.41,1.5,1.31,8.76,135.768,37.813,179.093,0.232,1882,Askersund,S,16.28,0,0,0,57.15625,5,3.1,2.4,0.250081142,0.346733153,0,0.01113,0.00212,0.00086,0,0,0.00028,0,0,0.00025,0.00154,0.08831,0,0.00314,0.00321,0.01808,0.0083,0.61934,0.0742,0,0,0.04205,0,0,0,0,0.00402,0.01418,0,0,0,0.109,0,0,0,1,G123-14,0.21412300000000001,Krp6
M-13-12/G31-13,F,S,Tiveden 2,Tiveden_1617,6531291,1440424,2016,2017,NA,NA,1,NA,0.41,1.5,1.31,8.76,135.768,37.813,179.093,0.232,1882,Askersund,S,16.28,0,0,0,57.15625,5,3.1,2.4,0.250081142,0.346733153,0,0.01113,0.00212,0.00086,0,0,0.00028,0,0,0.00025,0.00154,0.08831,0,0.00314,0.00321,0.01808,0.0083,0.61934,0.0742,0,0,0.04205,0,0,0,0,0.00402,0.01418,0,0,0,0.109,0,0,0,1,G31-13,NA,[Immigrant]
G47-16,M,S,Trollberget,Trollberget_1617,6742686,1488997,2016,2017,NA,NA,0,NA,0.3,1.13,1.3,8.08,250.909,22.363,170.653,0.167,2080,Falun,S,15.567,0,4,0,77.06875,5,2.9,2.2,0.39110489,0.320885298,0,0.01165,0.00053,0,0,0,0,0,0,0,0,0.02346,0,0,0.00974,0.01616,0.00078,0.76818,0.02264,0,0,0.05955,0,0,0,0,0,0.00876,0,0,0,0.07855,0,0,0,1,G47-16,0.26681500000000002,Bly1
G48-17,F,S,Trollberget,Trollberget_1617,6742686,1488997,2016,2017,NA,NA,0,NA,0.3,1.13,1.3,8.08,250.909,22.363,170.653,0.167,2080,Falun,S,15.567,0,4,0,77.06875,5,2.9,2.2,0.39110489,0.320885298,0,0.01165,0.00053,0,0,0,0,0,0,0,0,0.02346,0,0,0.00974,0.01616,0.00078,0.76818,0.02264,0,0,0.05955,0,0,0,0,0,0.00876,0,0,0,0.07855,0,0,0,1,G48-17,0.20716100000000001,Gås3
G15-16,M,S,Tunturi,Tunturi_1617,6793795,1455829,2016,2017,illegal,NA,0,NA,0.16,1.03,0.15,5.11,328.05,23.423,168.506,0.146,2034,Orsa,S,4.85,0,1,0,79.86060606,5,1.8,2.2,0.550610666,0.335931477,0,0.0021,0.00025,0,0,0.00115,0,0,0,0,0.00073,0.00669,0,0.00115,0.00594,0.00601,0,0.68892,0.01893,0,0,0.129,0,0,0,0,0.00109,0.09452,0,0,0,0.04352,0,0,0,1,G15-16,NA,[Immigrant]
G76-15,F,S,Tunturi,Tunturi_1617,6793795,1455829,2016,2017,censor,NA,0,NA,0.16,1.03,0.15,5.11,328.05,23.423,168.506,0.146,2034,Orsa,S,4.85,0,1,0,79.86060606,5,1.8,2.2,0.550610666,0.335931477,0,0.0021,0.00025,0,0,0.00115,0,0,0,0,0.00073,0.00669,0,0.00115,0.00594,0.00601,0,0.68892,0.01893,0,0,0.129,0,0,0,0,0.00109,0.09452,0,0,0,0.04352,0,0,0,1,G76-15,0.28668199999999999,Ksk1
G157-14,F,S,Varåa 1,Varåa_1617,6774876,1316007,2016,2017,illegal,NA,0,NA,0.26,1.12,0.01,4.19,455.268,18.761,168.978,0.173,428,Trysil,N,6.001,1,3,0,79.96363636,5,330.8,3156.3,0.609483641,0.341452938,0,0,0,0,0,0,0,0,0,0,0.00061,0,0,0,0,0.00449,0,0.59727,0.0296,0,0,0.11251,0,0,0,0,0,0.2284,0,0,0.00299,0.02413,0,0,0,1,G157-14,0.224609,Letj2
G160-15,M,S,Varåa 1,Varåa_1617,6774876,1316007,2016,2017,illegal,NA,0,NA,0.26,1.12,0.01,4.19,455.268,18.761,168.978,0.173,428,Trysil,N,6.001,1,3,0,79.96363636,5,330.8,3156.3,0.609483641,0.341452938,0,0,0,0,0,0,0,0,0,0,0.00061,0,0,0,0,0.00449,0,0.59727,0.0296,0,0,0.11251,0,0,0,0,0,0.2284,0,0,0.00299,0.02413,0,0,0,1,G160-15,0.28747600000000001,Kin1
G166-14,M,S,Villingsberg 4,Villingsberg_1617,6584030,1444565,2016,2017,NA,NA,0,NA,0.49,1.26,1.5,10.91,165.315,33.911,176.34,0.203,1880,Örebro,S,39.65,0,2,0,63.54375,5,2.5,2.4,0.539356881,0.565330355,0,0.01385,0.00553,0,0,0,0.0014,0,0,0.00319,0.00255,0.09547,0,0.00281,0.00397,0.01228,0.00962,0.6525,0.08395,0,0,0.02384,0,0,0,0.00028,0.00485,0.02746,0,0,0.00179,0.05465,0,0,0,1,G166-14,0.157578,Julu9
G97-15,F,S,Villingsberg 4,Villingsberg_1617,6584030,1444565,2016,2017,NA,NA,0,NA,0.49,1.26,1.5,10.91,165.315,33.911,176.34,0.203,1880,Örebro,S,39.65,0,2,0,63.54375,5,2.5,2.4,0.539356881,0.565330355,0,0.01385,0.00553,0,0,0,0.0014,0,0,0.00319,0.00255,0.09547,0,0.00281,0.00397,0.01228,0.00962,0.6525,0.08395,0,0,0.02384,0,0,0,0.00028,0.00485,0.02746,0,0,0.00179,0.05465,0,0,0,1,G97-15,0.31961099999999998,Köl2
G24-12,M,S,Vimyren 1,Vimyren_1617,6687503,1355390,2016,2017,illegal,NA,0,NA,0.26,1.11,0.37,4.88,256.235,32.555,180.664,0.351,1737,Torsby,S,6.6,0,3,0,76.35625,5,1.9,1.8,0.506039021,0.489850819,0,0.00184,0.00045,0,0,0.00037,0,0,0,1.00E-05,0.00089,0.02489,0,0,0.00532,0.0123,0.00149,0.78297,0.01921,0,0,0.06286,0,0,0,0,0.00055,0.04742,0,0,0.00565,0.03378,0,0,0,1,G24-12,0.16552700000000001,Jang6
G86-15,F,S,Vimyren 1,Vimyren_1617,6687503,1355390,2016,2017,illegal,NA,0,NA,0.26,1.11,0.37,4.88,256.235,32.555,180.664,0.351,1737,Torsby,S,6.6,0,3,0,76.35625,5,1.9,1.8,0.506039021,0.489850819,0,0.00184,0.00045,0,0,0.00037,0,0,0,1.00E-05,0.00089,0.02489,0,0,0.00532,0.0123,0.00149,0.78297,0.01921,0,0,0.06286,0,0,0,0,0.00055,0.04742,0,0,0.00565,0.03378,0,0,0,1,G86-15,0.29718,Klg
G152-15,F,N,Östmarka 3,Østmarka_1617,6644670,1232519,2016,2017,NA,NA,0,NA,1.7,1.19,6.85,23.44,181.174,33.573,181.454,0.405,229,Enebakk,N,295.469,1,1,0,69.94375,5,42,861.6,0.532684379,0.511633862,0.00112,0.11525,0.01993,0.00214,0.00111,0.00072,0.00101,0.00073,0,0.00582,0.00694,0.11491,0,0,0.00292,0.04413,0.00567,0.5185,0.00526,0,0,0.01893,0,0,0,0,0.00051,0.00376,0,0,0.00867,0.09423,0,0,0.02776,1,G152-15,0.42309600000000003,Öma2
G72-16,M,N,Östmarka 3,Østmarka_1617,6644670,1232519,2016,2017,NA,NA,0,NA,1.7,1.19,6.85,23.44,181.174,33.573,181.454,0.405,229,Enebakk,N,295.469,1,1,0,69.94375,5,42,861.6,0.532684379,0.511633862,0.00112,0.11525,0.01993,0.00214,0.00111,0.00072,0.00101,0.00073,0,0.00582,0.00694,0.11491,0,0,0.00292,0.04413,0.00567,0.5185,0.00526,0,0,0.01893,0,0,0,0,0.00051,0.00376,0,0,0.00867,0.09423,0,0,0.02776,1,G72-16,0.29814099999999999,Sle3
G87-17,F,S,Andån,Andån_1718,6837842,1500423,2017,2018,NA,NA,0,NA,0.25,1.18,0.64,5.57,299.851,24.166,167.993,0.187,2161,Ljusdal,S,8.2,0,2,0,83.859375,6,2.7,2.9,0.277487175,0.111265785,0,0.00233,0.00033,0,0,0,0,0,0,0,0,0.0416,0,0,0,0.00193,0.00138,0.74055,0.01793,0,0,0.11467,0,0,0,0,0.00034,0.02929,0,0,0.00177,0.04789,0,0,0,1,G87-17,0.23388300000000001,Vmy1
G176-16,M,S,Andån,Andån_1718,6837842,1500423,2017,2018,NA,NA,0,NA,0.25,1.18,0.64,5.57,299.851,24.166,167.993,0.187,2161,Ljusdal,S,8.2,0,2,0,83.859375,6,2.7,2.9,0.277487175,0.111265785,0,0.00233,0.00033,0,0,0,0,0,0,0,0,0.0416,0,0,0,0.00193,0.00138,0.74055,0.01793,0,0,0.11467,0,0,0,0,0.00034,0.02929,0,0,0.00177,0.04789,0,0,0,1,G176-16,6.7336999999999994E-2,Bjås3
M-15-01/G140-13,F,S,Aspafallet 3,Aspafallet_1718,6610332,1487930,2017,2018,NA,NA,1,NA,0.41,1.16,0.48,8.39,88.474,39.972,173.786,0.224,1885,Lindesberg,S,27.45,0,3,0,61.16161616,6,1.8,2.2,0.581212037,0.560965732,0,0.00461,0,0,0,0,0,0,0,0,0.00028,0.15177,0,0.00175,0.0097,0.0165,0.00132,0.60947,0.04775,0,0,0.0667,0,0,0,0,0.00422,0.03262,0,0,0.00036,0.05295,0,0,0,1,G140-13,0.29248000000000002,Hed3
M17-11/G125-17,M,S,Aspafallet 3,Aspafallet_1718,6610332,1487930,2017,2018,NA,NA,1,NA,0.41,1.16,0.48,8.39,88.474,39.972,173.786,0.224,1885,Lindesberg,S,27.45,0,3,0,61.16161616,6,1.8,2.2,0.581212037,0.560965732,0,0.00461,0,0,0,0,0,0,0,0,0.00028,0.15177,0,0.00175,0.0097,0.0165,0.00132,0.60947,0.04775,0,0,0.0667,0,0,0,0,0.00422,0.03262,0,0,0.00036,0.05295,0,0,0,1,G125-17,0.22917000000000001,Osd4
G113-12,F,S,Björnås 4,Björnås_1718,6768620,1522633,2017,2018,NA,NA,0,NA,0.17,1.16,0.07,5.45,310.163,28.657,163.985,0.204,2183,Bollnäs,S,13.775,0,1,0,81.88235294,6,2.4,2.8,0.543622913,0.598220696,0,0.00062,0,0,0,0,0,0,0,0,0,0.00373,0,0.00029,0.00031,0,0.0016,0.6894,0.03345,0,0,0.17715,0,0,0,0,0.00173,0.04422,0,0,0,0.04749,0,0,0,1,G113-12,0,Prä
G22-14,M,S,Björnås 4,Björnås_1718,6768620,1522633,2017,2018,NA,NA,0,NA,0.17,1.16,0.07,5.45,310.163,28.657,163.985,0.204,2183,Bollnäs,S,13.775,0,1,0,81.88235294,6,2.4,2.8,0.543622913,0.598220696,0,0.00062,0,0,0,0,0,0,0,0,0,0.00373,0,0.00029,0.00031,0,0.0016,0.6894,0.03345,0,0,0.17715,0,0,0,0,0.00173,0.04422,0,0,0,0.04749,0,0,0,1,G22-14,0.13900799999999999,Dju3
G166-16,F,S,Bograngen 3,Bograngen_1718,6746611,1320085,2017,2018,NA,NA,0,NA,0.27,1.29,0,5.26,382.66,19.052,172.459,0.197,1737,Torsby,S,5.083,1,4,0,83.45098039,6,74.5,1359.2,0.58318091,0.48998333,0,0.00083,0,0,0,0,0,0,0,0,0.00061,0.00017,0,0.00048,0.00079,0.00181,0.00212,0.65484,0.07245,0,0,0.13353,0,0,0,0,0,0.09669,0,0,0.00386,0.03183,0,0,0,1,G166-16,0.224609,Letj2
M19-03/G86-16,M,S,Bograngen 3,Bograngen_1718,6746611,1320085,2017,2018,NA,NA,1,NA,0.27,1.29,0,5.26,382.66,19.052,172.459,0.197,1737,Torsby,S,5.083,1,4,0,83.45098039,6,74.5,1359.2,0.58318091,0.48998333,0,0.00083,0,0,0,0,0,0,0,0,0.00061,0.00017,0,0.00048,0.00079,0.00181,0.00212,0.65484,0.07245,0,0,0.13353,0,0,0,0,0,0.09669,0,0,0.00386,0.03183,0,0,0,1,G86-16,0.16552700000000001,Tans3
G31-17,M,S,Boksjö 1,Boksjø_1718,6550844,1263277,2017,2018,illegal,NA,0,NA,0.43,1.22,0.12,6.78,160.285,36.063,178.835,0.398,101,Halden,N,20.24,1,0,0,61.87671487,6,75.2,529.2,0.485645185,0.298045972,0,0.00207,0,0,0,0,0.00026,0,0,0.00017,0,0.02499,0,0.00087,0.00161,0.01755,0.00724,0.73247,0.02795,0,0.00035,0.02917,0,6.00E-04,0,0,0,0.04123,0,0,0.00034,0.10292,0,0.00115,0.00906,1,G31-17,0.23142399999999999,Glm1
G79-15,F,S,Boksjö 1,Boksjø_1718,6550844,1263277,2017,2018,censor,NA,0,Tiken senast reg 2019-04-22,0.43,1.22,0.12,6.78,160.285,36.063,178.835,0.398,101,Halden,N,20.24,1,0,0,61.87671487,6,75.2,529.2,0.485645185,0.298045972,0,0.00207,0,0,0,0,0.00026,0,0,0.00017,0,0.02499,0,0.00087,0.00161,0.01755,0.00724,0.73247,0.02795,0,0.00035,0.02917,0,6.00E-04,0,0,0,0.04123,0,0,0.00034,0.10292,0,0.00115,0.00906,1,G79-15,0.109711,Kyf3
G11-16,M,S,Borgvik 3,Borgvik_1718,6589150,1329231,2017,2018,NA,NA,0,NA,0.32,1.1,0.2,6.78,121.631,38.79,176.848,0.423,1785,Säffle,S,14.775,0,4,0,60.18181818,6,2.3,2,0.54629207,0.450994874,0,0.00382,0,0,0,0,0,0,0,0,0,0.08991,0,0.00496,0.00408,0.01624,0.00498,0.60178,0.1092,0,0,0.02562,0,0,0,0,0.00526,0.00411,0,0,0,0.13005,0,0,0,1,G11-16,0.13900799999999999,Dju3
G132-16,F,S,Borgvik 3,Borgvik_1718,6589150,1329231,2017,2018,NA,NA,0,NA,0.32,1.1,0.2,6.78,121.631,38.79,176.848,0.423,1785,Säffle,S,14.775,0,4,0,60.18181818,6,2.3,2,0.54629207,0.450994874,0,0.00382,0,0,0,0,0,0,0,0,0,0.08991,0,0.00496,0.00408,0.01624,0.00498,0.60178,0.1092,0,0,0.02562,0,0,0,0,0.00526,0.00411,0,0,0,0.13005,0,0,0,1,G132-16,0.243233,Nsj1
G117-15,M,S,Brattfors 3,Brattfors_1718,6628097,1391814,2017,2018,NA,NA,0,NA,0.3,1.21,0.3,7.38,220.659,35.734,177.001,0.354,1782,Filipstad,S,30.24,0,5,0,76.34313725,6,1.7,2,0.752754193,0.734688011,0,0.00586,0.00161,0,0,0,0,0,0,0,0.00114,0.02899,0,0.00054,0.00172,0.00834,0.00297,0.7477,0.03399,0,0,0.07784,0,0,0,0,7.00E-04,0.02179,0,0,0,0.06681,0,0,0,1,G117-15,0.224609,Letj2
G172-16,F,S,Brattfors 3,Brattfors_1718,6628097,1391814,2017,2018,NA,NA,0,NA,0.3,1.21,0.3,7.38,220.659,35.734,177.001,0.354,1782,Filipstad,S,30.24,0,5,0,76.34313725,6,1.7,2,0.752754193,0.734688011,0,0.00586,0.00161,0,0,0,0,0,0,0,0.00114,0.02899,0,0.00054,0.00172,0.00834,0.00297,0.7477,0.03399,0,0,0.07784,0,0,0,0,7.00E-04,0.02179,0,0,0,0.06681,0,0,0,1,G172-16,0.27783200000000002,Bratt
G258-17,F,S,Brännan,Brännan_1718,6623256,1283502,2017,2018,NA,NA,0,NA,0.29,1.18,0.36,6.11,220.661,32.953,176.743,0.357,1765,Årjäng,S,9.371,1,3,0,67.85416667,6,27.6,295.5,0.564333514,0.521436737,0,0.00179,0,0,0,0,0,0,0,0,0,0.04352,0,0.00261,0.01002,0.0181,0,0.80061,0.01287,0,0,0.01747,0,0,0,0,0.00027,0.03924,0,0,0,0.05352,0,0,0,1,G258-17,0.20694899999999999,Mgr1
G66-16,M,S,Brännan,Brännan_1718,6623256,1283502,2017,2018,NA,NA,0,NA,0.29,1.18,0.36,6.11,220.661,32.953,176.743,0.357,1765,Årjäng,S,9.371,1,3,0,67.85416667,6,27.6,295.5,0.564333514,0.521436737,0,0.00179,0,0,0,0,0,0,0,0,0,0.04352,0,0.00261,0.01002,0.0181,0,0.80061,0.01287,0,0,0.01747,0,0,0,0,0.00027,0.03924,0,0,0,0.05352,0,0,0,1,G66-16,0.31059999999999999,Gla3
G29-18,M,S,Böhönen,Böhönen_1718,6709699,1332934,2017,2018,NA,NA,0,NA,0.26,1.18,0.11,3.79,364.444,21.337,173.644,0.235,1737,Torsby,S,5.217,1,4,0,83.85416667,6,29.8,822.2,0.553568108,0.618782069,0,0.00028,0,0,0,0,0,0,0,0,0,0.00088,0,0,0.00149,0.00202,0.00027,0.81625,0.02028,0,0,0.06334,0,0,0,0,0.00077,0.04755,0,0,0,0.04688,0,0,0,1,G29-18,0.20694899999999999,Mgr1
G45-17,F,S,Böhönen,Böhönen_1718,6709699,1332934,2017,2018,NA,NA,0,NA,0.26,1.18,0.11,3.79,364.444,21.337,173.644,0.235,1737,Torsby,S,5.217,1,4,0,83.85416667,6,29.8,822.2,0.553568108,0.618782069,0,0.00028,0,0,0,0,0,0,0,0,0,0.00088,0,0,0.00149,0.00202,0.00027,0.81625,0.02028,0,0,0.06334,0,0,0,0,0.00077,0.04755,0,0,0,0.04688,0,0,0,1,G45-17,0.15216099999999999,Sku
G168-16,F,N,Deisjöen 1,Deisjø_1718,6805516,1272763,2017,2018,NA,NA,0,NA,0.19,1.27,0.29,5.1,505.893,19.688,176.329,0.227,429,Åmot,N,4.89,1,4,0,86.28125,6,311.2,4884,0.457582121,0.455509035,0,0,5.00E-05,0,0,0,5.00E-04,0,0,0,0.00252,0.00404,0,0,0,0.007,0.00181,0.63804,0.00602,0,0.01135,0.12315,0,0,0.0126,0,0,0.1563,0,0,0.00472,0.03191,0,0,0,1,G168-16,0.157578,Julu9
G97-17,M,N,Deisjöen 1,Deisjø_1718,6805516,1272763,2017,2018,NA,NA,0,NA,0.19,1.27,0.29,5.1,505.893,19.688,176.329,0.227,429,Åmot,N,4.89,1,4,0,86.28125,6,311.2,4884,0.457582121,0.455509035,0,0,5.00E-05,0,0,0,5.00E-04,0,0,0,0.00252,0.00404,0,0,0,0.007,0.00181,0.63804,0.00602,0,0.01135,0.12315,0,0,0.0126,0,0,0.1563,0,0,0.00472,0.03191,0,0,0,1,G97-17,0.317108,Juv4
G161-17,F,S,Draggen 3,Draggen_1718,6773838,1453326,2017,2018,illegal,NA,0,NA,0.24,1.12,0.38,5.18,276.7,23.748,177.874,0.108,2034,Orsa,S,5.6,0,2,0,77.64583333,6,2.4,2.4,0.373703731,0.428684668,0,0.01072,0.00025,0,0,0.00107,5.00E-04,0,0,0,0.00026,0.02363,0,0.00566,0.01195,0.00726,0.00062,0.72907,0.03448,0,0,0.04341,0,0,0,0,0.00023,0.09,0,0,0.00024,0.04067,0,0,0,1,G161-17,0.206153,Kvt1
G26-17,M,S,Draggen 3,Draggen_1718,6773838,1453326,2017,2018,illegal,NA,0,NA,0.24,1.12,0.38,5.18,276.7,23.748,177.874,0.108,2034,Orsa,S,5.6,0,2,0,77.64583333,6,2.4,2.4,0.373703731,0.428684668,0,0.01072,0.00025,0,0,0.00107,5.00E-04,0,0,0,0.00026,0.02363,0,0.00566,0.01195,0.00726,0.00062,0.72907,0.03448,0,0,0.04341,0,0,0,0,0.00023,0.09,0,0,0.00024,0.04067,0,0,0,1,G26-17,0.23142399999999999,Glm1
G126-15,M,S,Flaten 2,Flaten/Billsjön_1718,6659611,1478002,2017,2018,legal,NA,0,NA,0.37,1.46,1.25,8.16,211.058,32.93,171.662,0.291,2061,Smedjebacken,S,17.971,0,2,0,72.26596102,6,2.3,2.4,0.668098797,0.520801971,0,0.01782,0.00243,0,0,0.00028,0,0,0,0.00208,0.00225,0.02522,0,0.0014,0.00829,0.01512,0.00549,0.70659,0.02677,0,0,0.07175,0,0,0,0,0,0.00618,0,0,0,0.10833,0,0,0,1,G126-15,0.30401600000000001,Hed4
G74-14,F,S,Flaten 2,Flaten/Billsjön_1718,6659611,1478002,2017,2018,legal,NA,0,NA,0.37,1.46,1.25,8.16,211.058,32.93,171.662,0.291,2061,Smedjebacken,S,17.971,0,2,0,72.26596102,6,2.3,2.4,0.668098797,0.520801971,0,0.01782,0.00243,0,0,0.00028,0,0,0,0.00208,0.00225,0.02522,0,0.0014,0.00829,0.01512,0.00549,0.70659,0.02677,0,0,0.07175,0,0,0,0,0,0.00618,0,0,0,0.10833,0,0,0,1,G74-14,0.15216099999999999,Sku
G18-15,M,N,Flisdalen,Flisdalen_1718,6721928,1318440,2017,2018,NA,NA,0,NA,0.36,1.82,0.02,4.72,390.648,19.581,182.904,0.192,425,Åsnes,N,5.217,1,4,0,82.36458333,6,127.5,2887.3,0.659192648,0.614252062,0,0.00022,0,0,0,0,0,0,0,0,0,0.00738,0,0,0.00044,0.00073,0.00072,0.73562,0.032,0,0,0.09724,0,0,0,0,0.00056,0.08174,0,0,0,0.04336,0,0,0,1,G18-15,0.29980499999999999,Trå
G89-15,F,N,Flisdalen,Flisdalen_1718,6721928,1318440,2017,2018,NA,NA,0,NA,0.36,1.82,0.02,4.72,390.648,19.581,182.904,0.192,425,Åsnes,N,5.217,1,4,0,82.36458333,6,127.5,2887.3,0.659192648,0.614252062,0,0.00022,0,0,0,0,0,0,0,0,0,0.00738,0,0,0.00044,0.00073,0.00072,0.73562,0.032,0,0,0.09724,0,0,0,0,0.00056,0.08174,0,0,0,0.04336,0,0,0,1,G89-15,0.14679700000000001,Tans2
G55-16,M,S,Forshaga  3,Forshaga_1718,6606029,1399622,2017,2018,NA,NA,0,NA,0.39,1.11,0.76,9.68,152.902,39.191,178.78,0.314,1780,Karlstad,S,32.025,0,6,0,69.36363636,6,2.4,2,0.557557659,0.574981982,0,0.00906,0.00196,0,0,0,0.00044,0,0,0,0.00159,0.1186,0,0.0027,0.00623,0.00871,0.00551,0.60251,0.0507,0,0,0.0475,0,0,0,0,0.00242,0.05632,0,0,0,0.08463,0.00112,0,0,1,G55-16,0.21491199999999999,Snd3
G56-16,F,S,Forshaga  3,Forshaga_1718,6606029,1399622,2017,2018,NA,NA,0,NA,0.39,1.11,0.76,9.68,152.902,39.191,178.78,0.314,1780,Karlstad,S,32.025,0,6,0,69.36363636,6,2.4,2,0.557557659,0.574981982,0,0.00906,0.00196,0,0,0,0.00044,0,0,0,0.00159,0.1186,0,0.0027,0.00623,0.00871,0.00551,0.60251,0.0507,0,0,0.0475,0,0,0,0,0.00242,0.05632,0,0,0,0.08463,0.00112,0,0,1,G56-16,0.31961099999999998,Köl2
G32-14,F,S,Fulufjellet 3,Fulufjället_1718,6812723,1351949,2017,2018,illegal,NA,0,NA,0.21,0.64,0.26,3.1,537.326,19.474,169.826,0.15,2023,Malung,S,1.891,1,0,0,86.22395833,6,63,524.7,0.287611959,0.235551479,0,0,0,0,0,0,0,0,0,0,0.00222,0,0,3.00E-04,0,0.00193,0.00788,0.59885,0.01984,0,0.08723,0.10792,0,0.00295,0.01583,0,0.00428,0.12066,0,0,0.00119,0.02892,0,0,0,1,G32-14,0.157578,Julu9
G95-15,M,S,Fulufjellet 3,Fulufjället_1718,6812723,1351949,2017,2018,illegal,NA,0,NA,0.21,0.64,0.26,3.1,537.326,19.474,169.826,0.15,2023,Malung,S,1.891,1,0,0,86.22395833,6,63,524.7,0.287611959,0.235551479,0,0,0,0,0,0,0,0,0,0,0.00222,0,0,3.00E-04,0,0.00193,0.00788,0.59885,0.01984,0,0.08723,0.10792,0,0.00295,0.01583,0,0.00428,0.12066,0,0,0.00119,0.02892,0,0,0,1,G95-15,0.20716100000000001,Gås3
G130-17,F,S,Färna 3,Färna_1718,6626503,1520795,2017,2018,illegal,NA,0,NA,0.36,1.22,1.8,11.26,88.834,39.906,173.182,0.196,1907,Surahammar,S,57.057,0,2,0,55.50275735,6,2.1,2.1,0.587670406,0.516893303,0,0.01678,0.00277,0,0,0,0,0,0,0.00039,0.00072,0.11622,0,0.00688,0.00536,0.01047,0.00906,0.54051,0.05802,0,0,0.07705,0,0,0,0.07011,0.00815,0.03656,0,0,0.00219,0.03874,0,0,0,1,G130-17,0.31961099999999998,Köl2
G133-13,M,S,Färna 3,Färna_1718,6626503,1520795,2017,2018,legal,NA,0,NA,0.36,1.22,1.8,11.26,88.834,39.906,173.182,0.196,1907,Surahammar,S,57.057,0,2,0,55.50275735,6,2.1,2.1,0.587670406,0.516893303,0,0.01678,0.00277,0,0,0,0,0,0,0.00039,0.00072,0.11622,0,0.00688,0.00536,0.01047,0.00906,0.54051,0.05802,0,0,0.07705,0,0,0,0.07011,0.00815,0.03656,0,0,0.00219,0.03874,0,0,0,1,G133-13,0.15216099999999999,Nora
G86-17,M,S,Gimmen 4,Gimmen_1718,6720140,1472811,2017,2018,censor,NA,0,NA,0.49,1.54,3.67,15.41,219.168,25.061,170.303,0.207,2081,Borlänge,S,35.925,0,1,0,71.23958333,6,2.7,2.4,0.499942325,0.419288767,0,0.0545,0.0101,0.00064,0,0,0.00151,0.00111,0.00032,0.00107,0.00401,0.07507,0.00029,0,0.00722,0.01369,0.00883,0.6579,0.0422,0,0,0.05829,0,0,0,0,0.00028,0.0018,0,0,0.01221,0.04893,0,0,0,1,G86-17,6.7336999999999994E-2,Bjås3
G93-16,F,S,Gimmen 4,Gimmen_1718,6720140,1472811,2017,2018,illegal,NA,0,NA,0.49,1.54,3.67,15.41,219.168,25.061,170.303,0.207,2081,Borlänge,S,35.925,0,1,0,71.23958333,6,2.7,2.4,0.499942325,0.419288767,0,0.0545,0.0101,0.00064,0,0,0.00151,0.00111,0.00032,0.00107,0.00401,0.07507,0.00029,0,0.00722,0.01369,0.00883,0.6579,0.0422,0,0,0.05829,0,0,0,0,0.00028,0.0018,0,0,0.01221,0.04893,0,0,0,1,G93-16,0.14105200000000001,Gim3
G12-16,M,S,Glamsen 2,Glamsen_1718,6717898,1582209,2017,2018,NA,NA,0,NA,0.33,1.4,2.81,13.54,32.579,26.588,165.391,0.037,2180,Gävle,S,39.833,0,0,0,57.02865961,6,2.7,2.9,0.496215381,0.393581852,0,0.04353,0.00931,0.00515,0.00299,0,0.00218,0.00037,0,0.00674,0.00328,0.02229,0,0.00612,0.00191,0.00705,0.0243,0.48337,0.09107,0.00044,0.00042,0.10941,0,0,0,0,0.00725,0.00995,0,0,0.012,0.03245,0,0.00464,0.11378,1,G12-16,0.23142399999999999,Glm1
G66-12,F,S,Glamsen 2,Glamsen_1718,6717898,1582209,2017,2018,NA,NA,0,NA,0.33,1.4,2.81,13.54,32.579,26.588,165.391,0.037,2180,Gävle,S,39.833,0,0,0,57.02865961,6,2.7,2.9,0.496215381,0.393581852,0,0.04353,0.00931,0.00515,0.00299,0,0.00218,0.00037,0,0.00674,0.00328,0.02229,0,0.00612,0.00191,0.00705,0.0243,0.48337,0.09107,0.00044,0.00042,0.10941,0,0,0,0,0.00725,0.00995,0,0,0.012,0.03245,0,0.00464,0.11378,1,G66-12,0.13885500000000001,Ria
G13-16,M,S,Glaskogen 4,Glaskogen_1718,6600182,1302331,2017,2018,NA,NA,0,NA,0.23,1.07,0.48,7.14,200.624,36.496,177.382,0.374,1784,Arvika,S,11.575,0,5,0,65.24747475,6,2.2,2,0.55799031,0.50806644,0,0.00428,0.00047,0,0,0,0,0,0,0,0.00075,0.0387,0,0.00184,0.00168,0.0136,0.00169,0.73434,0.0366,0,0,0.03694,0,0,0,0,0,0.0107,0,0,0,0.11842,0,0,0,1,G13-16,0.205933,B
G56-11,F,S,Glaskogen 4,Glaskogen_1718,6600182,1302331,2017,2018,NA,NA,0,NA,0.23,1.07,0.48,7.14,200.624,36.496,177.382,0.374,1784,Arvika,S,11.575,0,5,0,65.24747475,6,2.2,2,0.55799031,0.50806644,0,0.00428,0.00047,0,0,0,0,0,0,0,0.00075,0.0387,0,0.00184,0.00168,0.0136,0.00169,0.73434,0.0366,0,0,0.03694,0,0,0,0,0,0.0107,0,0,0,0.11842,0,0,0,1,G56-11,0.29718,Gla2
G135-16,F,S,Grytingen 1,Grytingen_1718,6597073,1420992,2017,2018,NA,NA,0,NA,0.35,1.24,0.8,9.04,178.832,34.753,177.618,0.293,1760,Storfors,S,23.283,0,6,0,70.52688172,6,2.6,2.1,0.615716388,0.610688988,0,0.00762,0.00473,0,0,0.00063,0.00036,1.00E-05,0,4.00E-04,0.00088,0.06893,0,0.00306,0.00491,0.01063,3.00E-04,0.63532,0.08372,0,0,0.0316,0,0,0,0,0.00309,0.01562,0,0,0.00201,0.12615,0,0,0,1,G135-16,0.222382,Lok3
G43-17,M,S,Grytingen 1,Grytingen_1718,6597073,1420992,2017,2018,NA,NA,0,NA,0.35,1.24,0.8,9.04,178.832,34.753,177.618,0.293,1760,Storfors,S,23.283,0,6,0,70.52688172,6,2.6,2.1,0.615716388,0.610688988,0,0.00762,0.00473,0,0,0.00063,0.00036,1.00E-05,0,4.00E-04,0.00088,0.06893,0,0.00306,0.00491,0.01063,3.00E-04,0.63532,0.08372,0,0,0.0316,0,0,0,0,0.00309,0.01562,0,0,0.00201,0.12615,0,0,0,1,G43-17,0.28747600000000001,Kin1
G11-11,M,S,Gräsmark 5,Gräsmark_1718,6690282,1305084,2017,2018,NA,NA,0,NA,0.52,2,0.38,7.38,300.549,30.293,177.805,0.338,402,Kongsvinger,N,8.852,1,4,0,80.17708333,6,194.7,4527.6,0.560922728,0.504844447,0,0.00214,0,0.00021,0,0,0,0,0,0,0.00044,0.0458,0,0,0.00041,0.01909,0.00235,0.75084,0.00226,0,0,0.06431,0,0,0,0,0,0.04682,0,0,0.00791,0.05743,0,0,0,1,G11-11,0.261963,Ful1
G125-13,F,S,Gräsmark 5,Gräsmark_1718,6690282,1305084,2017,2018,NA,NA,0,NA,0.52,2,0.38,7.38,300.549,30.293,177.805,0.338,402,Kongsvinger,N,8.852,1,4,0,80.17708333,6,194.7,4527.6,0.560922728,0.504844447,0,0.00214,0,0.00021,0,0,0,0,0,0,0.00044,0.0458,0,0,0.00041,0.01909,0.00235,0.75084,0.00226,0,0,0.06431,0,0,0,0,0,0.04682,0,0,0.00791,0.05743,0,0,0,1,G125-13,0.198181,Hae
G77-14,F,S,Gårdsjö  6,Gårdsjö_1718,6627473,1376925,2017,2018,NA,NA,0,NA,0.35,1.19,0.63,9.23,175.901,35.253,177.523,0.372,1763,Forshaga,S,27.8,0,5,0,73.71354167,6,1.9,2,0.716730701,0.741842238,0,0.01024,0.00033,0,0,0,0,0,0,0.00097,0,0.05699,0,0.00222,0.00479,0.01193,0.00619,0.70845,0.04634,0,0,0.05159,0,0,0,0,0.00121,0.01156,0,0,0.00781,0.07938,0,0,0,1,G77-14,0.28747600000000001,Kin1
G6-12,M,S,Gårdsjö 6,Gårdsjö_1718,6627473,1376925,2017,2018,NA,NA,0,NA,0.35,1.19,0.63,9.23,175.901,35.253,177.523,0.372,1763,Forshaga,S,27.8,0,5,0,73.71354167,6,1.9,2,0.716730701,0.741842238,0,0.01024,0.00033,0,0,0,0,0,0,0.00097,0,0.05699,0,0.00222,0.00479,0.01193,0.00619,0.70845,0.04634,0,0,0.05159,0,0,0,0,0.00121,0.01156,0,0,0.00781,0.07938,0,0,0,1,G6-12,0,Kyn2
G124-13,F,S,Gåsmyren 1,Gåsmyren_1718,6666072,1496528,2017,2018,NA,NA,0,NA,0.34,1.4,1.8,9.43,176.978,36.407,173.401,0.302,1962,Norberg,S,25.233,0,3,0,71.1467803,6,2.8,2.3,0.547352591,0.505203374,0,0.01462,0.00375,0,0,0.00042,0,0.00042,0,0.00065,0.00217,0.02616,0,0.00095,0.00505,0.01265,0.00919,0.70088,0.04633,0,0,0.07965,0,0,0,0,0.00163,0.00223,0,0,0,0.09325,0,0,0,1,G124-13,0.33898899999999998,Tans
G67-11,M,S,Gåsmyren 1,Gåsmyren_1718,6666072,1496528,2017,2018,illegal,NA,0,NA,0.34,1.4,1.8,9.43,176.978,36.407,173.401,0.302,1962,Norberg,S,25.233,0,3,0,71.1467803,6,2.8,2.3,0.547352591,0.505203374,0,0.01462,0.00375,0,0,0.00042,0,0.00042,0,0.00065,0.00217,0.02616,0,0.00095,0.00505,0.01265,0.00919,0.70088,0.04633,0,0,0.07965,0,0,0,0,0.00163,0.00223,0,0,0,0.09325,0,0,0,1,G67-11,0.35199000000000003,Snd2
G143-14,F,N,Hoböl,Hobøl_1718,6605179,1228221,2017,2018,Illegal,NA,0,NA,0.83,1.2,5.2,17.37,96.031,34.547,184.758,0.317,137,Våler,N,142.535,1,0,0,60.91414141,6,59.4,1126.4,0.498098261,0.199272753,0,0.01665,0.00327,0.00139,0,0.00285,0.00062,0,0,0,0.00274,0.24486,0,0,0.00471,0.07485,0.01098,0.52015,0.00303,0,0,0.03848,0,0,0,0,0,0.00743,0,0,0.02036,0.04763,0,0,0,1,G143-14,0.21771199999999999,Öma1
G161-15,M,N,Hoböl,Hobøl_1718,6605179,1228221,2017,2018,censor,NA,0,NA,0.83,1.2,5.2,17.37,96.031,34.547,184.758,0.317,137,Våler,N,142.535,1,0,0,60.91414141,6,59.4,1126.4,0.498098261,0.199272753,0,0.01665,0.00327,0.00139,0,0.00285,0.00062,0,0,0,0.00274,0.24486,0,0,0.00471,0.07485,0.01098,0.52015,0.00303,0,0,0.03848,0,0,0,0,0,0.00743,0,0,0.02036,0.04763,0,0,0,1,G161-15,0.42309600000000003,Öma2
G16-17,F,S,Holmsjön 2,Holmsjön_1718,6643390,1469017,2017,2018,legal,NA,0,NA,0.3,1.36,0.36,6.73,245.972,30.687,175.367,0.248,1885,Lindesberg,S,12.4,0,2,0,74.16666667,6,2.1,2.3,0.700128551,0.603867701,0,0.00801,0.00028,0,0,0,0.00015,0.00059,0,0,0.00082,0.02113,0,0.00029,0.00401,0.01364,0.0019,0.78244,0.01673,0,0,0.07144,0,0,0,0,0,0.00738,0,0,0,0.07121,0,0,0,1,G16-17,0.28747600000000001,Kin1
G8-17,M,S,Holmsjön 2,Holmsjön_1718,6643390,1469017,2017,2018,legal,NA,0,NA,0.3,1.36,0.36,6.73,245.972,30.687,175.367,0.248,1885,Lindesberg,S,12.4,0,2,0,74.16666667,6,2.1,2.3,0.700128551,0.603867701,0,0.00801,0.00028,0,0,0,0.00015,0.00059,0,0,0.00082,0.02113,0,0.00029,0.00401,0.01364,0.0019,0.78244,0.01673,0,0,0.07144,0,0,0,0,0,0.00738,0,0,0,0.07121,0,0,0,1,G8-17,0.28747600000000001,Kin1
G19-17,F,S,Jangen 8,Jangen_1718,6641627,1361884,2017,2018,illegal,NA,0,NA,0.37,1.22,0.98,9.24,174.992,38.179,179.174,0.434,1766,Sunne,S,19.125,0,4,0,70.85416667,6,1.7,2,0.571069127,0.590779118,0,0.0105,0.00084,0,0,0,0.00026,0.00034,0,0.00114,0.00127,0.1086,0,0.00432,0.00666,0.01621,0.00512,0.66598,0.0398,0,0,0.04085,0,0,0,0,0.00026,0.01001,0,0,0.0061,0.08174,0,0,0,1,G19-17,0.23142399999999999,Glm1
G78-16,M,S,Jangen 8,Jangen_1718,6641627,1361884,2017,2018,illegal,NA,0,NA,0.37,1.22,0.98,9.24,174.992,38.179,179.174,0.434,1766,Sunne,S,19.125,0,4,0,70.85416667,6,1.7,2,0.571069127,0.590779118,0,0.0105,0.00084,0,0,0,0.00026,0.00034,0,0.00114,0.00127,0.1086,0,0.00432,0.00666,0.01621,0.00512,0.66598,0.0398,0,0,0.04085,0,0,0,0,0.00026,0.01001,0,0,0.0061,0.08174,0,0,0,1,G78-16,0.235592,Fld1
G157-15,F,N,Julussa 10,Julussa_1718,6828180,1254242,2017,2018,legal,NA,0,NA,0.16,0.94,0.33,4.46,573.115,22.826,169.779,0.384,430,Stor-Elvdal,N,1.708,1,2,0,87.234375,6,376,4884,0.52751375,0.421342382,0,0.00165,0.00043,0,0,0,0,0,0,0,0.00045,0.00903,0,0,0.00073,0.00854,0.00588,0.68656,0.00628,0,0.0088,0.11231,0,0,0.02275,0,0,0.08054,0,0,0.00941,0.04664,0,0,0,1,G157-15,0.157578,Julu9
M14-10/G95-10,M,N,Julussa 10,Julussa_1718,6828180,1254242,2017,2018,legal,NA,1,NA,0.16,0.94,0.33,4.46,573.115,22.826,169.779,0.384,430,Stor-Elvdal,N,1.708,1,2,0,87.234375,6,376,4884,0.52751375,0.421342382,0,0.00165,0.00043,0,0,0,0,0,0,0,0.00045,0.00903,0,0,0.00073,0.00854,0.00588,0.68656,0.00628,0,0.0088,0.11231,0,0,0.02275,0,0,0.08054,0,0,0.00941,0.04664,0,0,0,1,G95-10,0.284912,Ulr3
M-18-12/G146-15,M,S,Juvberget 5,Juvberget_1718,6766103,1304698,2017,2018,other,NA,1,Moose kick,0.19,1.12,0.01,4.79,455.083,19.367,166.759,0.16,426,Våler,N,6.915,1,5,0,85.578125,6,254.7,3624.4,0.625214312,0.503121917,0,0,0,0,0,0,0,0,0,0,0,0.00047,0,0,0,0.00352,0,0.53607,0.03042,0,0,0.10144,0,0,6.00E-05,0,0,0.31293,0,0,0,0.01509,0,0,0,1,G146-15,0.317108,Juv4
M-18-13/G160-16,F,S,Juvberget 5,Juvberget_1718,6766103,1304698,2017,2018,NA,NA,1,NA,0.19,1.12,0.01,4.79,455.083,19.367,166.759,0.16,426,Våler,N,6.915,1,5,0,85.578125,6,254.7,3624.4,0.625214312,0.503121917,0,0,0,0,0,0,0,0,0,0,0,0.00047,0,0,0,0.00352,0,0.53607,0.03042,0,0,0.10144,0,0,6.00E-05,0,0,0.31293,0,0,0,0.01509,0,0,0,1,G160-16,0.23388300000000001,Vmy1
G64-17,F,S,Kesberget,Kesberget_1718,6632864,1503807,2017,2018,NA,NA,0,NA,0.31,1.16,0.83,9.19,120.162,39.146,173.211,0.246,1904,Skinnskatteberg,S,29.68,0,4,0,64.9197861,6,1.8,2.1,0.695255592,0.672072184,0,0.00614,0.00117,0,0,0,0.00087,0,0,0.00044,0.00032,0.04392,0,0.00205,0.00815,0.0173,0.00519,0.61979,0.06101,0,0,0.0699,0,0,0,0.0338,0.00356,0.03143,0,0,0.00184,0.09311,0,0,0,1,G64-17,0.222382,Fär2
G89-16,M,S,Kesberget,Kesberget_1718,6632864,1503807,2017,2018,NA,NA,0,NA,0.31,1.16,0.83,9.19,120.162,39.146,173.211,0.246,1904,Skinnskatteberg,S,29.68,0,4,0,64.9197861,6,1.8,2.1,0.695255592,0.672072184,0,0.00614,0.00117,0,0,0,0.00087,0,0,0.00044,0.00032,0.04392,0,0.00205,0.00815,0.0173,0.00519,0.61979,0.06101,0,0,0.0699,0,0,0,0.0338,0.00356,0.03143,0,0,0.00184,0.09311,0,0,0,1,G89-16,0.23388300000000001,Vmy1
G110-14,F,S,Kockohonka 1,Kockohonka_1718,6688117,1326384,2017,2018,illegal,NA,0,NA,0.3,1.45,0.06,4.01,311.838,31.343,173.329,0.38,1737,Torsby,S,10.41,1,5,0,81.19270833,6,53.3,1232.3,0.640588283,0.689616704,0,0.00138,0,0,0,0,0,0,0,0,0.00056,0.00785,0,0,0.00487,0.00493,0.00192,0.81693,0.01965,0,0,0.07765,0,0,0,0,0,0.02873,0,0,0,0.03552,0,0,0,1,G110-14,0.29718,Klg
G122-14,M,S,Kockohonka 1,Kockohonka_1718,6688117,1326384,2017,2018,NA,NA,0,NA,0.3,1.45,0.06,4.01,311.838,31.343,173.329,0.38,1737,Torsby,S,10.41,1,5,0,81.19270833,6,53.3,1232.3,0.640588283,0.689616704,0,0.00138,0,0,0,0,0,0,0,0,0.00056,0.00785,0,0,0.00487,0.00493,0.00192,0.81693,0.01965,0,0,0.07765,0,0,0,0,0,0.02873,0,0,0,0.03552,0,0,0,1,G122-14,0.21412300000000001,Krp6
G26-15,F,S,Korsån 5,Korsån_1718,6725958,1516752,2017,2018,NA,NA,0,NA,0.24,1.4,0.73,7.59,213.822,28.693,174.576,0.193,2080,Falun,S,24.82,0,0,0,74.234375,6,2.5,2.5,0.498467931,0.466088099,0,0.00992,0.00192,0,0,0,0,0,0,0.00032,0.00029,0.02791,0,0,0.00067,0.00387,0.00109,0.72446,0.01586,0,0,0.12223,0,0,0,0,0,0.00796,0,0,0,0.0835,0,0,0,1,G26-15,0.41430699999999998,Bjås
G96-12,M,S,Korsån 5,Korsån_1718,6725958,1516752,2017,2018,NA,NA,0,NA,0.24,1.4,0.73,7.59,213.822,28.693,174.576,0.193,2080,Falun,S,24.82,0,0,0,74.234375,6,2.5,2.5,0.498467931,0.466088099,0,0.00992,0.00192,0,0,0,0,0,0,0.00032,0.00029,0.02791,0,0,0.00067,0.00387,0.00109,0.72446,0.01586,0,0,0.12223,0,0,0,0,0,0.00796,0,0,0,0.0835,0,0,0,1,G96-12,0,Kyn2
G151-15,M,S,Krokvattnet,Krokvattnet_1718,6860152,1466266,2017,2018,NA,NA,0,NA,0.22,0.96,0.11,4.32,399.817,24.652,173.42,0.174,2161,Ljusdal,S,2.25,0,2,0,79.03125,6,2.7,2.8,0.505452395,0.276274597,0,0.00199,0,0,0,0,0,0,0,0,0,0,0,0,0.00107,0,0,0.64126,0.0101,0,0,0.19266,0,0,0,0,0.00097,0.09616,0,0,0.00304,0.05275,0,0,0,1,G151-15,0.23388300000000001,Vmy1
G99-16,F,S,Krokvattnet,Krokvattnet_1718,6860152,1466266,2017,2018,NA,NA,0,NA,0.22,0.96,0.11,4.32,399.817,24.652,173.42,0.174,2161,Ljusdal,S,2.25,0,2,0,79.03125,6,2.7,2.8,0.505452395,0.276274597,0,0.00199,0,0,0,0,0,0,0,0,0,0,0,0,0.00107,0,0,0.64126,0.0101,0,0,0.19266,0,0,0,0,0.00097,0.09616,0,0,0.00304,0.05275,0,0,0,1,G99-16,0.27572600000000003,Drag2
G204-13,F,N,Kynna 4,Kynna_1718,6749599,1295315,2017,2018,NA,NA,0,NA,0.3,1.55,0.54,6.38,352.691,21.764,175.031,0.194,426,Våler,N,8.101,1,3,0,82.69791667,6,263.9,4825.4,0.580152479,0.582020445,0,0.00084,0.00066,0,0,0,0,0,0,0,4.00E-04,0.07479,0,0,0,0.00402,0.0017,0.55551,0.00864,0,0,0.19233,0,0,0.0025,0,0,0.13928,0,0,0.00288,0.01645,0,0,0,1,G204-13,0.29061900000000002,Äpp2
G91-11,M,N,Kynna 4,Kynna_1718,6749599,1295315,2017,2018,NA,NA,0,NA,0.3,1.55,0.54,6.38,352.691,21.764,175.031,0.194,426,Våler,N,8.101,1,3,0,82.69791667,6,263.9,4825.4,0.580152479,0.582020445,0,0.00084,0.00066,0,0,0,0,0,0,0,4.00E-04,0.07479,0,0,0,0.00402,0.0017,0.55551,0.00864,0,0,0.19233,0,0,0.0025,0,0,0.13928,0,0,0.00288,0.01645,0,0,0,1,G91-11,0.29736299999999999,Jang5
G12-12,F,S,Kölsta 2,Kölsta_1718,6617565,1508033,2017,2018,legal,NA,0,NA,0.42,1.26,1.56,10.08,85.954,39.855,172.895,0.223,1904,Skinnskatteberg,S,66.02,0,4,0,59.92204301,6,1.5,2.1,0.722744814,0.676952922,0,0.01702,0.00221,0,0,0,0,0,0,0.00039,0.00148,0.16196,0,0.004,0.0096,0.01343,0.00441,0.57096,0.06463,0,0,0.06988,0,0,0,0.00054,0.00349,0.02701,0,0,0.00042,0.04856,0,0,0,1,G12-12,0.29736299999999999,Fär
G84-11,M,S,Kölsta 2,Kölsta_1718,6617565,1508033,2017,2018,legal,NA,0,NA,0.42,1.26,1.56,10.08,85.954,39.855,172.895,0.223,1904,Skinnskatteberg,S,66.02,0,4,0,59.92204301,6,1.5,2.1,0.722744814,0.676952922,0,0.01702,0.00221,0,0,0,0,0,0,0.00039,0.00148,0.16196,0,0.004,0.0096,0.01343,0.00441,0.57096,0.06463,0,0,0.06988,0,0,0,0.00054,0.00349,0.02701,0,0,0.00042,0.04856,0,0,0,1,G84-11,0.29931600000000003,Klot
G254-17,M,S,Laxarby 1,Laxarby_1718,6568109,1305206,2017,2018,NA,NA,0,NA,0.34,1.16,0.29,7.93,153.373,37.004,177.582,0.452,1460,Bengtsfors,S,14.4,0,4,0,63.703125,6,2.8,2.4,0.297356506,0.126656418,0,0.00141,0,0,0,0,0,0,0,0,0.00134,0.02584,0,0.00276,0.00441,0.02097,0.00685,0.6358,0.10705,0,0,0.02931,0,0,0,0,0,0.00071,0,0,0,0.16356,0,0,0,1,G254-17,0.218197,Mang4
G270-17,F,S,Laxarby 1,Laxarby_1718,6568109,1305206,2017,2018,NA,NA,0,NA,0.34,1.16,0.29,7.93,153.373,37.004,177.582,0.452,1460,Bengtsfors,S,14.4,0,4,0,63.703125,6,2.8,2.4,0.297356506,0.126656418,0,0.00141,0,0,0,0,0,0,0,0,0.00134,0.02584,0,0.00276,0.00441,0.02097,0.00685,0.6358,0.10705,0,0,0.02931,0,0,0,0,0,0.00071,0,0,0,0.16356,0,0,0,1,G270-17,0.31059999999999999,Gla3
G132-11,M,N,Letjenna 2,Letjenna_1718,6784208,1276786,2017,2018,NA,NA,0,NA,0.3,1.08,0.42,6.59,446.527,20.631,189.222,0.192,427,Elverum,N,7.566,1,3,0,85.69270833,6,345.1,4884,0.564269335,0.543446151,0,0.00162,0.00105,0,0,0,0,0,0,0,0.00044,0.01032,0,0,0.00038,0.01919,0,0.63593,0,0,0.00121,0.12047,0,0,0.00863,0,0,0.16078,0,0,0.00643,0.03355,0,0,0,1,G132-11,0.16552700000000001,Julu8
G74-11,F,N,Letjenna 2,Letjenna_1718,6784208,1276786,2017,2018,NA,NA,0,NA,0.3,1.08,0.42,6.59,446.527,20.631,189.222,0.192,427,Elverum,N,7.566,1,3,0,85.69270833,6,345.1,4884,0.564269335,0.543446151,0,0.00162,0.00105,0,0,0,0,0,0,0,0.00044,0.01032,0,0,0.00038,0.01919,0,0.63593,0,0,0.00121,0.12047,0,0,0.00863,0,0,0.16078,0,0,0.00643,0.03355,0,0,0,1,G74-11,0.27917500000000001,Gös
G17-17,M,S,Letälven,Letälven_1718,6561843,1417188,2017,2018,censor,NA,0,NA,0.36,1.46,1.74,11.22,116.57,36.53,184.368,0.189,1862,Degerfors,S,25.2,0,4,0,60.68084291,6,2.1,2.2,0.55227673,0.437830759,0,0.01206,0.00238,0,0,0,0.00027,0.00045,0,4.00E-04,0.00107,0.09926,0,0.00155,0.00389,0.01094,0.00305,0.57317,0.08795,0,0,0.05722,0,0,0,0,0.00273,0.04158,0,0,0.00361,0.09841,0,0,0,1,G17-17,0.125,Prä3
G260-17,F,S,Letälven,Letälven_1718,6561843,1417188,2017,2018,illegal,NA,0,NA,0.36,1.46,1.74,11.22,116.57,36.53,184.368,0.189,1862,Degerfors,S,25.2,0,4,0,60.68084291,6,2.1,2.2,0.55227673,0.437830759,0,0.01206,0.00238,0,0,0,0.00027,0.00045,0,4.00E-04,0.00107,0.09926,0,0.00155,0.00389,0.01094,0.00305,0.57317,0.08795,0,0,0.05722,0,0,0,0,0.00273,0.04158,0,0,0.00361,0.09841,0,0,0,1,G260-17,0.31181300000000001,Asp2
G124-16,M,S,Loberget,Loberget_1718,6829993,1477530,2017,2018,NA,NA,0,NA,0.17,1.12,0,4.27,320.358,22.896,173.895,0.182,2161,Ljusdal,S,5.133,0,2,0,81.67647059,6,2.5,2.9,0.385485692,0.218915938,0,0.00028,0,0,0,0,0,0,0,0,0,0.00028,0,0.00029,0.00028,0,0,0.69318,0.01479,0,0,0.18419,0,0,0,0.00134,0.00249,0.03717,0,0,0.00058,0.06513,0,0,0,1,G124-16,0.206153,Kvt1
G37-16,F,S,Loberget,Loberget_1718,6829993,1477530,2017,2018,NA,NA,0,NA,0.17,1.12,0,4.27,320.358,22.896,173.895,0.182,2161,Ljusdal,S,5.133,0,2,0,81.67647059,6,2.5,2.9,0.385485692,0.218915938,0,0.00028,0,0,0,0,0,0,0,0,0,0.00028,0,0.00029,0.00028,0,0,0.69318,0.01479,0,0,0.18419,0,0,0,0.00134,0.00249,0.03717,0,0,0.00058,0.06513,0,0,0,1,G37-16,0.282555,Kmä1
G159-17,M,S,Långbogen 1,Långbogen_1718,6503962,1484939,2017,2018,NA,NA,0,NA,0.36,1.45,1.07,10.27,82.559,41.525,174.854,0.274,562,Finspång,S,67.475,0,0,0,48.74494949,6,2,2.1,0.250129068,0.100051627,0,0.01314,0.00197,0,0,0,0.00033,0,0,0.00063,0.00356,0.15399,0,0.01823,0.00959,0.02488,0.00579,0.62121,0.0343,0,0,0.03901,0,0,0,0,0.00147,0.00331,0,0,0.00063,0.06795,0,0,0,1,G159-17,0.204487,Rom2
G169-16,F,S,Långbogen 1,Långbogen_1718,6503962,1484939,2017,2018,NA,NA,0,NA,0.36,1.45,1.07,10.27,82.559,41.525,174.854,0.274,562,Finspång,S,67.475,0,0,0,48.74494949,6,2,2.1,0.250129068,0.100051627,0,0.01314,0.00197,0,0,0,0.00033,0,0,0.00063,0.00356,0.15399,0,0.01823,0.00959,0.02488,0.00579,0.62121,0.0343,0,0,0.03901,0,0,0,0,0.00147,0.00331,0,0,0.00063,0.06795,0,0,0,1,G169-16,0.157578,Julu9
G10-15,F,S,Magnor 1,Magnor_1718,6642981,1292309,2017,2018,NA,NA,0,NA,0.57,1.4,1.43,8.33,200.14,32.872,172.136,0.309,1730,Eda,S,10.586,1,3,0,69.953125,6,68.2,1608.3,0.597749117,0.421104575,0,0.00829,0.00048,0,0,0,3.00E-04,0,9.00E-04,0,0.00119,0.06402,0,0.00269,0.00858,0.03008,0.00061,0.73691,0.01022,0,0,0.03139,0,0,0,0,0,0.03901,0,0,0,0.06532,0,0,0,1,G10-15,0.13900799999999999,Dju3
G68-15,M,S,Magnor 1,Magnor_1718,6642981,1292309,2017,2018,illegal,NA,0,NA,0.57,1.4,1.43,8.33,200.14,32.872,172.136,0.309,1730,Eda,S,10.586,1,3,0,69.953125,6,68.2,1608.3,0.597749117,0.421104575,0,0.00829,0.00048,0,0,0,3.00E-04,0,9.00E-04,0,0.00119,0.06402,0,0.00269,0.00858,0.03008,0.00061,0.73691,0.01022,0,0,0.03139,0,0,0,0,0,0.03901,0,0,0,0.06532,0,0,0,1,G68-15,0.21412300000000001,Krp6
172-14,F,N,Mangen 5,Mangen_1718,6667310,1274882,2017,2018,NA,NA,0,NA,0.45,1.64,1.04,7.04,275.196,32.02,174.494,0.29,236,Nes,N,18.43,1,1,0,77.40104167,6,174.2,3166.1,0.520255465,0.391806195,0,0.00389,0.00038,0.00031,0,0,0,0,0,0,0.00054,0.0367,0,0,0.00267,0.0218,0.00059,0.75272,0.00113,0,0,0.05271,0,0,0,0,0,0.08996,0,0,0.0036,0.03299,0,0,0,1,G172-14,0.13900799999999999,Dju3
G124-17,M,N,Mangen 5,Mangen_1718,6667310,1274882,2017,2018,NA,NA,0,NA,0.45,1.64,1.04,7.04,275.196,32.02,174.494,0.29,236,Nes,N,18.43,1,1,0,77.40104167,6,174.2,3166.1,0.520255465,0.391806195,0,0.00389,0.00038,0.00031,0,0,0,0,0,0,0.00054,0.0367,0,0,0.00267,0.0218,0.00059,0.75272,0.00113,0,0,0.05271,0,0,0,0,0,0.08996,0,0,0.0036,0.03299,0,0,0,1,G124-17,0.256382,Bvk1
G109-17,F,S,Nordmark 3,Nordmark_1718,6638268,1408659,2017,2018,illegal,NA,0,NA,0.31,1.11,0.67,7.46,253.897,35.179,170.592,0.357,1782,Filipstad,S,6.9,0,4,0,79.5,6,1.3,2,0.574073118,0.558141696,0,0.00965,0.00146,0,0,0,0.00051,0,0,0,0.00051,0.0047,0,0.00089,0.0022,0.00391,0.00289,0.68824,0.06042,0,0,0.08892,0,0,0,0,0.00028,0.03359,0,0,0.00049,0.10134,0,0,0,1,G109-17,0.242455,Nma2
G76-17,M,S,Nordmark 3,Nordmark_1718,6638268,1408659,2017,2018,illegal,NA,0,NA,0.31,1.11,0.67,7.46,253.897,35.179,170.592,0.357,1782,Filipstad,S,6.9,0,4,0,79.5,6,1.3,2,0.574073118,0.558141696,0,0.00965,0.00146,0,0,0,0.00051,0,0,0,0.00051,0.0047,0,0.00089,0.0022,0.00391,0.00289,0.68824,0.06042,0,0,0.08892,0,0,0,0,0.00028,0.03359,0,0,0.00049,0.10134,0,0,0,1,G76-17,0.16552700000000001,Tans3
G168-15,M,S,Nordtorp,Nordtorp_1718,6596269,1316401,2017,2018,illegal,NA,0,NA,0.23,0.99,0.31,6.6,163.924,37.29,175.293,0.399,1784,Arvika,S,14.775,0,4,0,63.140625,6,2.1,2,0.604367999,0.529171723,0,0.00099,0,0,0,0,0,0,0,0,0,0.04914,0,0.00398,0.00149,0.00849,0.00418,0.66219,0.06018,0,0,0.03189,0,0,0,0,0,8.00E-04,0,0,0,0.17669,0,0,0,1,G168-15,0.218197,Mang4
G41-16,F,S,Nordtorp,Nordtorp_1718,6596269,1316401,2017,2018,illegal,NA,0,NA,0.23,0.99,0.31,6.6,163.924,37.29,175.293,0.399,1784,Arvika,S,14.775,0,4,0,63.140625,6,2.1,2,0.604367999,0.529171723,0,0.00099,0,0,0,0,0,0,0,0,0,0.04914,0,0.00398,0.00149,0.00849,0.00418,0.66219,0.06018,0,0,0.03189,0,0,0,0,0,8.00E-04,0,0,0,0.17669,0,0,0,1,G41-16,0.31059999999999999,Gla3
G156-14,M,S,Norrsjön 1,Norrsjön_1718,6679105,1439282,2017,2018,NA,NA,0,NA,0.27,1.17,0.25,6.09,305.876,36.435,171.783,0.322,2085,Ludvika,S,11.1,0,1,0,77.00520833,6,2.5,2.4,0.636094276,0.670525293,0,0.00499,0.00028,0,0,0,0.00093,0,0,0,0,0.00506,0,0.00027,0.00289,0.00401,0.00142,0.74063,0.02076,0,0,0.10393,0,0,0,0,0.00083,0.04413,0,0,0,0.06987,0,0,0,1,G156-14,0.224609,Letj2
G53-16,F,S,Norrsjön 1,Norrsjön_1718,6679105,1439282,2017,2018,NA,NA,0,NA,0.27,1.17,0.25,6.09,305.876,36.435,171.783,0.322,2085,Ludvika,S,11.1,0,1,0,77.00520833,6,2.5,2.4,0.636094276,0.670525293,0,0.00499,0.00028,0,0,0,0.00093,0,0,0,0,0.00506,0,0.00027,0.00289,0.00401,0.00142,0.74063,0.02076,0,0,0.10393,0,0,0,0,0.00083,0.04413,0,0,0,0.06987,0,0,0,1,G53-16,0.16552700000000001,Tans3
G144-16,M,S,Nyskogen 2,Nyskogen_1718,6872269,1494210,2017,2018,legal,NA,0,NA,0.26,1.15,0.16,5,278.881,22.954,164.016,0.183,2161,Ljusdal,S,3.6,0,3,0,82.66145833,6,2.7,2.9,0.530106303,0.348148871,0,0.00054,3.00E-05,0,0,0.00151,0,0,0,0,0,0.01792,0,3.00E-04,3.00E-04,0,0,0.72007,0.01128,0,0,0.13576,0,0,0,0,0.00064,0.02529,0,0,0.00755,0.07881,0,0,0,1,G144-16,0.21491199999999999,Snd3
G255-17,F,S,Nyskogen 2,Nyskogen_1718,6872269,1494210,2017,2018,legal,NA,0,NA,0.26,1.15,0.16,5,278.881,22.954,164.016,0.183,2161,Ljusdal,S,3.6,0,3,0,82.66145833,6,2.7,2.9,0.530106303,0.348148871,0,0.00054,3.00E-05,0,0,0.00151,0,0,0,0,0,0.01792,0,3.00E-04,3.00E-04,0,0,0.72007,0.01128,0,0,0.13576,0,0,0,0,0.00064,0.02529,0,0,0.00755,0.07881,0,0,0,1,G255-17,0.206153,Kvt1
M17-05/G139-14,F,N,Osdalen 4,Osdalen_1718,6835152,1273839,2017,2018,legal,NA,1,NA,0.04,0.47,0,1.77,722.624,18.76,181.906,0.252,432,Rendalen,N,1.677,1,2,0,85.546875,6,312.6,4884,0.545116092,0.460771412,0,0,0,0,0,0,0,0,0,0,0.00085,0.00028,0,0,0,0.00126,0.04651,0.48507,0.00666,0,0.04565,0.02815,0,0.00565,0.17,0,0,0.18451,0,0,0,0.02541,0,0,0,1,G139-14,0.157578,Julu9
M17-10/G155-14,M,N,Osdalen 4,Osdalen_1718,6835152,1273839,2017,2018,legal,NA,1,NA,0.04,0.47,0,1.77,722.624,18.76,181.906,0.252,432,Rendalen,N,1.677,1,2,0,85.546875,6,312.6,4884,0.545116092,0.460771412,0,0,0,0,0,0,0,0,0,0,0.00085,0.00028,0,0,0,0.00126,0.04651,0.48507,0.00666,0,0.04565,0.02815,0,0.00565,0.17,0,0,0.18451,0,0,0,0.02541,0,0,0,1,G155-14,0.14679700000000001,Tans2
G68-13,F,S,Prastkogen 4,Prästskogen_1718,6891625,1487005,2017,2018,NA,NA,0,NA,0.19,1.14,0.02,3.92,349.843,21.669,168.916,0.186,2161,Ljusdal,S,2.25,0,1,1,81.28958333,6,2.8,2.8,0.567066869,0.459904532,0,0.00088,0,0,0,0,0.00023,0,0,0,0,0.00167,0,0,0.00032,0,0,0.6453,0.03131,0,0,0.23717,0,0,0,0,0,0.03452,0,0,0,0.04859,0,0,0,1,G68-13,0.13900799999999999,Dju3
G108-16,M,S,Prästkogen 4,Prästskogen_1718,6891625,1487005,2017,2018,NA,NA,0,NA,0.19,1.14,0.02,3.92,349.843,21.669,168.916,0.186,2161,Ljusdal,S,2.25,0,1,1,81.28958333,6,2.8,2.8,0.567066869,0.459904532,0,0.00088,0,0,0,0,0.00023,0,0,0,0,0.00167,0,0,0.00032,0,0,0.6453,0.03131,0,0,0.23717,0,0,0,0,0,0.03452,0,0,0,0.04859,0,0,0,1,G108-16,0.157578,Julu9
G188-13,F,S,Rackstad  5,Rackstad_1718,6633442,1334031,2017,2018,legal,NA,0,NA,0.35,1.18,1.08,7.9,204.721,36.709,173.276,0.432,1784,Arvika,S,19.733,0,2,0,69.77083333,6,1.8,2,0.50241681,0.508753324,0,0.00711,0.00027,0,0,0,0.00086,0.00077,0,0.00057,0.00179,0.06714,0,0.00037,0.01079,0.01572,0.00206,0.73855,0.02601,0,0,0.03576,0,0,0,0,0,0.00343,0,0,0,0.0888,0,0,0,1,G188-13,0.15216099999999999,Sku
G105-16,M,S,Rackstad 5,Rackstad_1718,6633442,1334031,2017,2018,legal,NA,0,NA,0.35,1.18,1.08,7.9,204.721,36.709,173.276,0.432,1784,Arvika,S,19.733,0,2,0,69.77083333,6,1.8,2,0.50241681,0.508753324,0,0.00711,0.00027,0,0,0,0.00086,0.00077,0,0.00057,0.00179,0.06714,0,0.00037,0.01079,0.01572,0.00206,0.73855,0.02601,0,0,0.03576,0,0,0,0,0,0.00343,0,0,0,0.0888,0,0,0,1,G105-16,0.224609,Letj2
G229-17,M,S,Rockesholm,Rockesholm_1718,6602373,1431551,2017,2018,NA,NA,0,NA,0.35,1.16,0.25,7.52,203.228,32.227,177.182,0.265,1863,Hällefors,S,21.42,0,5,0,70.37373737,6,2.7,2.2,0.706981309,0.705851391,0,0.00139,8.00E-05,0,0,0,0.00036,0,0,0,0.00043,0.0335,0,0.00124,0.00533,0.00345,0.00401,0.70688,0.08613,0,0,0.03426,0,0,0,0,0,0.00714,0,0,0.00244,0.11336,0,0,0,1,G229-17,0.28747600000000001,Kin1
G82-17,F,S,Rockesholm,Rockesholm_1718,6602373,1431551,2017,2018,NA,NA,0,NA,0.35,1.16,0.25,7.52,203.228,32.227,177.182,0.265,1863,Hällefors,S,21.42,0,5,0,70.37373737,6,2.7,2.2,0.706981309,0.705851391,0,0.00139,8.00E-05,0,0,0,0.00036,0,0,0,0.00043,0.0335,0,0.00124,0.00533,0.00345,0.00401,0.70688,0.08613,0,0,0.03426,0,0,0,0,0,0.00714,0,0,0.00244,0.11336,0,0,0,1,G82-17,0.204487,Rom2
G80-13,F,S,Rombohöjden 2,Rombohöjden_1718,6616206,1440847,2017,2018,illegal,NA,0,NA,0.34,1.24,0.15,7.06,207.615,30.472,173.394,0.252,1863,Hällefors,S,12.575,0,3,0,71.61458333,6,2.8,2.3,0.59582202,0.652703557,0,0.00301,0,0,0,0,0,0,0,0,0,0.01513,0,0.00084,0.00409,0.0071,0.0032,0.69673,0.08749,0,0,0.03759,0,0,0,0,0,0.0034,0,0,0.00089,0.14054,0,0,0,1,G80-13,0.12667800000000001,Gås
G90-15,M,S,Rombohöjden 2,Rombohöjden_1718,6616206,1440847,2017,2018,NA,NA,0,NA,0.34,1.24,0.15,7.06,207.615,30.472,173.394,0.252,1863,Hällefors,S,12.575,0,3,0,71.61458333,6,2.8,2.3,0.59582202,0.652703557,0,0.00301,0,0,0,0,0,0,0,0,0,0.01513,0,0.00084,0.00409,0.0071,0.0032,0.69673,0.08749,0,0,0.03759,0,0,0,0,0,0.0034,0,0,0.00089,0.14054,0,0,0,1,G90-15,0.222382,Lok3
G104-15,M,S,Ryssjön,Ryssjön_1718,6756423,1559742,2017,2018,NA,NA,0,NA,0.22,1.31,1.1,9.46,72.371,27.008,152.414,0.082,2180,Gävle,S,31.45,0,0,0,67.06429681,6,2.5,2.9,0.489267596,0.309382367,0,0.01083,0.00113,0,0,0,0.00043,0,0,0,0,0.04404,0,0.00148,3.00E-04,0.00289,0.01161,0.66945,0.05453,0,0,0.06104,0,0,0,0,0.00108,0.02019,0,0,0.00056,0.0874,0,3.00E-04,0.03274,1,G104-15,6.7336999999999994E-2,Bjås2
G88-16,F,S,Ryssjön,Ryssjön_1718,6756423,1559742,2017,2018,NA,NA,0,NA,0.22,1.31,1.1,9.46,72.371,27.008,152.414,0.082,2180,Gävle,S,31.45,0,0,0,67.06429681,6,2.5,2.9,0.489267596,0.309382367,0,0.01083,0.00113,0,0,0,0.00043,0,0,0,0,0.04404,0,0.00148,3.00E-04,0.00289,0.01161,0.66945,0.05453,0,0,0.06104,0,0,0,0,0.00108,0.02019,0,0,0.00056,0.0874,0,3.00E-04,0.03274,1,G88-16,0.21491199999999999,Snd3
G129-17,F,N,Römskog 2,Rømskog_1718,6619622,1268888,2017,2018,NA,NA,0,NA,0.44,1.27,0.89,6.41,205.625,32.987,181.112,0.355,119,Marker,N,17.348,1,2,0,67.84761905,6,96.9,762,0.530374282,0.391563121,0,0.0037,0.00098,0,0,0,0,0,0.00063,0,0.00028,0.06481,0,0.00042,0.01063,0.03245,3.00E-04,0.7323,0.00314,0,0,0.03492,0,0,0,0,0.00027,0.03726,0,0,0,0.0779,0,0,0,1,G129-17,0.218197,Mang4
G66-17,M,N,Römskog 2,Rømskog_1718,6619622,1268888,2017,2018,NA,NA,0,NA,0.44,1.27,0.89,6.41,205.625,32.987,181.112,0.355,119,Marker,N,17.348,1,2,0,67.84761905,6,96.9,762,0.530374282,0.391563121,0,0.0037,0.00098,0,0,0,0,0,0.00063,0,0.00028,0.06481,0,0.00042,0.01063,0.03245,3.00E-04,0.7323,0.00314,0,0,0.03492,0,0,0,0,0.00027,0.03726,0,0,0,0.0779,0,0,0,1,G66-17,0.222382,Fär2
G136-15,F,S,Sandsjön 4,Sandsjön_1718,6651175,1389161,2017,2018,NA,NA,0,NA,0.33,1.12,0.56,6.9,251.787,35.102,178.989,0.372,1783,Hagfors,S,13.367,0,4,0,78.08585859,6,1.3,2,0.603292866,0.548566653,0,0.00814,0.00108,0,0,0.00119,0.00028,0,0,0,0.00076,0.01318,0,0.00112,0.0015,0.00812,0.00279,0.70683,0.02125,0,0,0.12453,0,0,0,0,0.00225,0.02513,0,0,0.0055,0.07635,0,0,0,1,G136-15,0.21491199999999999,Snd3
G39-11,M,S,Sandsjön 4,Sandsjön_1718,6651175,1389161,2017,2018,illegal,NA,0,NA,0.33,1.12,0.56,6.9,251.787,35.102,178.989,0.372,1783,Hagfors,S,13.367,0,4,0,78.08585859,6,1.3,2,0.603292866,0.548566653,0,0.00814,0.00108,0,0,0.00119,0.00028,0,0,0,0.00076,0.01318,0,0.00112,0.0015,0.00812,0.00279,0.70683,0.02125,0,0,0.12453,0,0,0,0,0.00225,0.02513,0,0,0.0055,0.07635,0,0,0,1,G39-11,0.15479999999999999,Z
G253-17,F,S,Sjunda 2,Sjunda_1718,6556381,1587436,2017,2018,other,NA,0,trol skabb,0.45,1.55,2.63,13.18,45.481,38.175,175.813,0.289,181,Södertälje,S,70.783,0,1,0,51.61111111,6,1.7,1.9,0.257023378,0.193327923,0,0.02956,0.00339,3.00E-04,0,0.00044,0.00074,0.00031,0,0.00212,0.00682,0.18427,0,0.00274,0.01189,0.0284,0.00465,0.48136,0.10808,0,0,0.00767,0,0,0,0,0.0029,0.00374,0,0,0,0.11898,0,0,0.00163,1,G253-17,0.39373599999999997,Sju2
G26-16,M,S,Sjunda 2,Sjunda_1718,6556381,1587436,2017,2018,other,NA,0,"skabb, avlivad",0.45,1.55,2.63,13.18,45.481,38.175,175.813,0.289,181,Södertälje,S,70.783,0,1,0,51.61111111,6,1.7,1.9,0.257023378,0.193327923,0,0.02956,0.00339,3.00E-04,0,0.00044,0.00074,0.00031,0,0.00212,0.00682,0.18427,0,0.00274,0.01189,0.0284,0.00465,0.48136,0.10808,0,0,0.00767,0,0,0,0,0.0029,0.00374,0,0,0,0.11898,0,0,0.00163,1,G26-16,0.19703899999999999,Sju1
G173-16,F,S,Sjösveden  3,Sjösveden_1718,6780548,1501164,2017,2018,NA,NA,0,NA,0.12,1.08,0.09,4.57,311.734,25.885,175.249,0.171,2121,Ovanåker,S,13.8,0,3,0,82.29166667,6,2.4,2.8,0.562374047,0.480512873,0,0.00032,0,0,0,0,2.00E-05,0,0,0,0,0.00229,0,0.00053,0.00033,0.00049,0.00228,0.67172,0.03579,0,0,0.12741,0,0,0,0,0.00096,0.03772,0,0,0,0.12013,0,0,0,1,G173-16,6.7336999999999994E-2,Bjås2
G29-15,M,S,Sjösveden  3,Sjösveden_1718,6780548,1501164,2017,2018,NA,NA,0,NA,0.12,1.08,0.09,4.57,311.734,25.885,175.249,0.171,2121,Ovanåker,S,13.8,0,3,0,82.29166667,6,2.4,2.8,0.562374047,0.480512873,0,0.00032,0,0,0,0,2.00E-05,0,0,0,0,0.00229,0,0.00053,0.00033,0.00049,0.00228,0.67172,0.03579,0,0,0.12741,0,0,0,0,0.00096,0.03772,0,0,0,0.12013,0,0,0,1,G29-15,0.142761,Kors4
G18-10,F,S,Skugghöjden,Skugghöjden_1718,6666426,1326926,2017,2018,NA,NA,0,NA,0.28,1.31,0.19,5.2,279.024,35.367,170.595,0.412,1766,Sunne,S,11.347,1,3,0,77.6875,6,28.1,558.5,0.565642642,0.615525755,0,0.00183,0,0,0,0,0,0,0,0,0.00015,0.00999,0,0,0.00266,0.00635,0,0.81421,0.0143,0,0,0.06898,0,0,0,0,0,0.02096,0,0,0,0.06057,0,0,0,1,G18-10,0.27612300000000001,Löv2
G47-10,M,S,Skugghöjden,Skugghöjden_1718,6666426,1326926,2017,2018,NA,NA,0,NA,0.28,1.31,0.19,5.2,279.024,35.367,170.595,0.412,1766,Sunne,S,11.347,1,3,0,77.6875,6,28.1,558.5,0.565642642,0.615525755,0,0.00183,0,0,0,0,0,0,0,0,0.00015,0.00999,0,0,0.00266,0.00635,0,0.81421,0.0143,0,0,0.06898,0,0,0,0,0,0.02096,0,0,0,0.06057,0,0,0,1,G47-10,0,Kyn2
M-15-03/G141-13,M,N,Slettås 3,Slettås_1718,6801019,1296866,2017,2018,NA,NA,1,NA,0.46,1.05,1.09,6.26,573.54,19.631,175.546,0.196,428,Trysil,N,7.566,1,4,0,87.72395833,6,526.9,4884,0.508019022,0.509048931,0,0.00334,0.00082,0,0,0,0,0,0.00022,0,0.01419,0,0,0,0.00147,0.01633,0.00208,0.60633,0.00367,0,0.01039,0.0446,0,0.00085,0.00595,0,0,0.24076,0,0,0.00232,0.04667,0,0,0,1,G141-13,0.13900799999999999,Dju3
M-17-14/G70-10,F,N,Slettås 3,Slettås_1718,6801019,1296866,2017,2018,NA,NA,1,NA,0.46,1.05,1.09,6.26,573.54,19.631,175.546,0.196,428,Trysil,N,7.566,1,4,0,87.72395833,6,526.9,4884,0.508019022,0.509048931,0,0.00334,0.00082,0,0,0,0,0,0.00022,0,0.01419,0,0,0,0.00147,0.01633,0.00208,0.60633,0.00367,0,0.01039,0.0446,0,0.00085,0.00595,0,0,0.24076,0,0,0.00232,0.04667,0,0,0,1,G70-10,0.27612300000000001,Löv2
G272-17,F,S,Stora Bör 1,Stora Bör_1718,6584536,1306237,2017,2018,NA,NA,0,NA,0.25,1.12,0.09,6.07,180.509,36.924,178.514,0.43,1765,Årjäng,S,11.75,0,4,0,64.59090909,6,2.3,2,0.472051199,0.36176261,0,0.00391,0.00047,0,0,0,0,0,0,0,0.00075,0.02118,0,0.00333,0.00373,0.01626,0.00539,0.68361,0.07033,0,0,0.03267,0,0,0,0,0,0.00198,0,0,0,0.15638,0,0,0,1,G272-17,0.31059999999999999,Gla3
G90-17,M,S,Stora Bör 1,Stora Bör_1718,6584536,1306237,2017,2018,NA,NA,0,NA,0.25,1.12,0.09,6.07,180.509,36.924,178.514,0.43,1765,Årjäng,S,11.75,0,4,0,64.59090909,6,2.3,2,0.472051199,0.36176261,0,0.00391,0.00047,0,0,0,0,0,0,0,0.00075,0.02118,0,0.00333,0.00373,0.01626,0.00539,0.68361,0.07033,0,0,0.03267,0,0,0,0,0,0.00198,0,0,0,0.15638,0,0,0,1,G90-17,0.35401899999999997,Smk2
M17-01/G156-16,M,S,Tansen 4,Tansen_1718,6694829,1456969,2017,2018,NA,NA,1,NA,0.26,1.26,1.05,9.27,284.794,30.132,181.084,0.262,2085,Ludvika,S,30.3,0,2,0,77.21875,6,2.5,2.4,0.561296885,0.570018922,0,0.00889,0.00064,0,0,0,0.00026,0,0,0,0.00149,0.01207,0,0.00026,0.00301,0.00413,0.00387,0.79387,0.0399,0,0,0.07386,0,0,0,0,5.00E-04,0.00587,0,0,0.00326,0.04813,0,0,0,1,G156-16,0.29814099999999999,Sle3
G135-17,F,S,Tansen 4,Tansen_1718,6694829,1456969,2017,2018,NA,NA,0,NA,0.26,1.26,1.05,9.27,284.794,30.132,181.084,0.262,2085,Ludvika,S,30.3,0,2,0,77.21875,6,2.5,2.4,0.561296885,0.570018922,0,0.00889,0.00064,0,0,0,0.00026,0,0,0,0.00149,0.01207,0,0.00026,0.00301,0.00413,0.00387,0.79387,0.0399,0,0,0.07386,0,0,0,0,5.00E-04,0.00587,0,0,0.00326,0.04813,0,0,0,1,G135-17,0.243233,Nsj1
G123-14,M,S,Tiveden 2,Tiveden_1718,6527206,1437143,2017,2018,NA,NA,0,NA,0.37,1.35,0.98,7.99,142.184,37.125,178.545,0.222,1882,Askersund,S,16.3,0,1,0,58.95698925,6,2.7,2.3,0.481413223,0.391731672,0,0.00981,0.00186,0.00016,0,0,0.00028,0,0,0.00025,0.00154,0.05698,0,0.00115,0.00235,0.0157,0.00886,0.61579,0.06033,0,0,0.03827,0,0,0,0,0.00154,0.0115,0,0,0,0.17363,0,0,0,1,G123-14,0.21412300000000001,Krp6
M-13-12/G31-13,F,S,Tiveden 2,Tiveden_1718,6527206,1437143,2017,2018,NA,NA,1,NA,0.37,1.35,0.98,7.99,142.184,37.125,178.545,0.222,1882,Askersund,S,16.3,0,1,0,58.95698925,6,2.7,2.3,0.481413223,0.391731672,0,0.00981,0.00186,0.00016,0,0,0.00028,0,0,0.00025,0.00154,0.05698,0,0.00115,0.00235,0.0157,0.00886,0.61579,0.06033,0,0,0.03827,0,0,0,0,0.00154,0.0115,0,0,0,0.17363,0,0,0,1,G31-13,NA,[Immigrant]
G47-16,M,S,Trollberget,Trollberget_1718,6757003,1484031,2017,2018,illegal,NA,0,NA,0.26,0.93,0.19,5.69,288.93,22.265,178.335,0.163,2031,Rättvik,S,15.667,0,3,0,80.04901961,6,2.8,2.4,0.593599546,0.448632326,0,0.00285,0,0,0,0,3.00E-04,0,0,0,0,0.01254,0,0.00303,0.00422,0.00244,0.00253,0.78507,0.04707,0,0,0.06094,0,0,0,0,0,0.01763,0,0,0,0.06139,0,0,0,1,G47-16,0.26681500000000002,Bly1
G48-17,F,S,Trollberget,Trollberget_1718,6757003,1484031,2017,2018,censor,NA,0,NA,0.26,0.93,0.19,5.69,288.93,22.265,178.335,0.163,2031,Rättvik,S,15.667,0,3,0,80.04901961,6,2.8,2.4,0.593599546,0.448632326,0,0.00285,0,0,0,0,3.00E-04,0,0,0,0,0.01254,0,0.00303,0.00422,0.00244,0.00253,0.78507,0.04707,0,0,0.06094,0,0,0,0,0,0.01763,0,0,0,0.06139,0,0,0,1,G48-17,0.20716100000000001,Gås3
G154-15,M,S,Varåa 2,Varåa_1718,6779492,1314735,2017,2018,NA,NA,0,NA,0.33,1.15,0.08,4.47,467.773,18.815,166.218,0.172,428,Trysil,N,6.007,1,4,0,86.35858586,6,405.1,3673.3,0.578644701,0.439441608,0,0,0,0,0,0,0,0,0,0,0,0,0,0,0,0.00821,0,0.59702,0.02041,0,0,0.09912,0,0,0,0,0,0.24963,0,0,0.00292,0.02268,0,0,0,1,G154-15,0.22917000000000001,Osd4
M 18-17/G37-18,F,S,Varåa 2,Varåa_1718,6779492,1314735,2017,2018,censor,NA,1,NA,0.33,1.15,0.08,4.47,467.773,18.815,166.218,0.172,428,Trysil,N,6.007,1,4,0,86.35858586,6,405.1,3673.3,0.578644701,0.439441608,0,0,0,0,0,0,0,0,0,0,0,0,0,0,0,0.00821,0,0.59702,0.02041,0,0,0.09912,0,0,0,0,0,0.24963,0,0,0.00292,0.02268,0,0,0,1,G37-18,0.23801600000000001,Våa1
G147-15,F,S,Vidaln 1,Vidaln_1718,6597212,1495465,2017,2018,NA,NA,0,NA,0.52,1.45,1.88,11.77,52.85,39.837,173.401,0.209,1984,Arboga,S,43.633,0,2,0,55.27604167,6,1.9,2.2,0.395607929,0.281852615,0,0.01948,0.00557,0.00032,0,0.00086,0,0,0,0,0.00182,0.35807,0,0.00298,0.00595,0.01033,0.00413,0.42808,0.07198,0,0,0.04711,0,0,0,0,0.00233,0.00722,0,0,0.00318,0.03059,0,0,0,1,G147-15,0.31961099999999998,Köl2
M-15-02/G83-14,M,S,Vidaln 1,Vidaln_1718,6597212,1495465,2017,2018,NA,NA,1,NA,0.52,1.45,1.88,11.77,52.85,39.837,173.401,0.209,1984,Arboga,S,43.633,0,2,0,55.27604167,6,1.9,2.2,0.395607929,0.281852615,0,0.01948,0.00557,0.00032,0,0.00086,0,0,0,0,0.00182,0.35807,0,0.00298,0.00595,0.01033,0.00413,0.42808,0.07198,0,0,0.04711,0,0,0,0,0.00233,0.00722,0,0,0.00318,0.03059,0,0,0,1,G83-14,0.29736299999999999,Fär
G83-14,M,S,Vidaln1,Ängsberget_1718,6776809,1471419,2017,2018,NA,NA,0,NA,0.18,1.08,0.3,4.84,297.11,23.479,172.964,0.127,2031,Rättvik,S,5.6,0,3,0,78.83854167,6,2.4,2.4,0.44575556,0.360396778,0,0.00494,0.00025,0,0,0,0.00081,0,0,0,0.00073,0.01593,0,0.00279,0.00127,0.00593,0.00083,0.71834,0.03123,0,0,0.08515,0,0,0,0,0.00028,0.05417,0,0,0,0.07737,0,0,0,1,G83-14,0.29736299999999999,Fär
G166-14,M,S,Villingsberg 4,Villingsberg_1718,6584417,1441126,2017,2018,NA,NA,0,NA,0.5,1.3,1.38,10.57,174.198,33.748,177.002,0.208,1880,Örebro,S,40.217,0,6,0,63.28787879,6,2.6,2.3,0.573596158,0.60132553,0,0.0199,0.00685,0,0,0.00063,0.00028,0,0,0.00411,0.00299,0.06792,0,0.003,0.00505,0.01291,0.00962,0.65933,0.08671,0,0,0.02372,0,0,0,0.00028,0.00338,0.02859,0,0,0.00206,0.06269,0,0,0,1,G166-14,0.157578,Julu9
G97-15,F,S,Villingsberg 4,Villingsberg_1718,6584417,1441126,2017,2018,NA,NA,0,NA,0.5,1.3,1.38,10.57,174.198,33.748,177.002,0.208,1880,Örebro,S,40.217,0,6,0,63.28787879,6,2.6,2.3,0.573596158,0.60132553,0,0.0199,0.00685,0,0,0.00063,0.00028,0,0,0.00411,0.00299,0.06792,0,0.003,0.00505,0.01291,0.00962,0.65933,0.08671,0,0,0.02372,0,0,0,0.00028,0.00338,0.02859,0,0,0.00206,0.06269,0,0,0,1,G97-15,0.31961099999999998,Köl2
G204-17,F,S,Vimyren 2,Vimyren_1718,6686869,1358142,2017,2018,legal,NA,0,NA,0.27,1.11,0.24,4.95,259.81,33.265,179.471,0.355,1737,Torsby,S,6.567,0,2,0,78.859375,6,2.2,2,0.497961601,0.502884547,0,0.0024,0,0,0,0,0,0,0,0,0.00056,0.02868,0,0,0.00502,0.01097,0.00113,0.77322,0.01951,0,0,0.06548,0,0,0,0,3.00E-04,0.05046,0,0,0.00659,0.03566,0,0,0,1,G204-17,0.23388300000000001,Vmy1
G57-17,M,S,Vimyren 2,Vimyren_1718,6686869,1358142,2017,2018,legal,NA,0,NA,0.27,1.11,0.24,4.95,259.81,33.265,179.471,0.355,1737,Torsby,S,6.567,0,2,0,78.859375,6,2.2,2,0.497961601,0.502884547,0,0.0024,0,0,0,0,0,0,0,0,0.00056,0.02868,0,0,0.00502,0.01097,0.00113,0.77322,0.01951,0,0,0.06548,0,0,0,0,3.00E-04,0.05046,0,0,0.00659,0.03566,0,0,0,1,G57-17,0.23801600000000001,Gård5
G112-17,M,S,Ängsberget,Ängsberget_1718,6776809,1471419,2017,2018,illegal,NA,0,NA,0.18,1.08,0.3,4.84,297.11,23.479,172.964,0.127,2031,Rättvik,S,5.6,0,3,0,78.83854167,6,2.4,2.4,0.44575556,0.360396778,0,0.00494,0.00025,0,0,0,0.00081,0,0,0,0.00073,0.01593,0,0.00279,0.00127,0.00593,0.00083,0.71834,0.03123,0,0,0.08515,0,0,0,0,0.00028,0.05417,0,0,0,0.07737,0,0,0,1,G112-17,0.125,Prä3
G66-14,F,S,Ängsberget,Ängsberget_1718,6776809,1471419,2017,2018,illegal,NA,0,NA,0.18,1.08,0.3,4.84,297.11,23.479,172.964,0.127,2031,Rättvik,S,5.6,0,3,0,78.83854167,6,2.4,2.4,0.44575556,0.360396778,0,0.00494,0.00025,0,0,0,0.00081,0,0,0,0.00073,0.01593,0,0.00279,0.00127,0.00593,0.00083,0.71834,0.03123,0,0,0.08515,0,0,0,0,0.00028,0.05417,0,0,0,0.07737,0,0,0,1,G66-14,0.14105200000000001,Hom2
G11-17,M,S,Ärla 1,Ärla_1718,6565743,1560325,2017,2018,other,NA,0,Scabies,0.47,1.44,1.43,11.75,53.814,38.394,175.222,0.249,482,Flen,S,45.8,0,1,0,54.06862745,6,1.9,1.7,0.257161999,0.102998154,0,0.00852,0.00091,0.00017,0,0.00035,0.00118,0,0.00022,0,0.00199,0.17699,0,0.00832,0.01496,0.03514,0.00804,0.55799,0.08959,3.00E-04,0,0.02007,0,0,0,0,0.00734,0.00552,0,0,0,0.06239,0,0,0,1,G11-17,0.18371199999999999,Vis2
G113-16,F,S,Ärla 1,Ärla_1718,6565743,1560325,2017,2018,NA,NA,0,NA,0.47,1.44,1.43,11.75,53.814,38.394,175.222,0.249,482,Flen,S,45.8,0,1,0,54.06862745,6,1.9,1.7,0.257161999,0.102998154,0,0.00852,0.00091,0.00017,0,0.00035,0.00118,0,0.00022,0,0.00199,0.17699,0,0.00832,0.01496,0.03514,0.00804,0.55799,0.08959,3.00E-04,0,0.02007,0,0,0,0,0.00734,0.00552,0,0,0,0.06239,0,0,0,1,G113-16,0.19703899999999999,Sju1
G152-15,F,N,Östmarka 3,Østmarka_1718,6644053,1234085,2017,2018,NA,NA,0,NA,1.54,1.16,6.37,21.88,188.353,33.66,181.28,0.412,229,Enebakk,N,299.166,1,0,0,69.84848485,6,47.6,945.6,0.549447914,0.521827882,0,0.10287,0.01785,0.00126,0.00027,0.00072,0.00101,0.00073,0,0.00522,0.00659,0.11826,0,0,0.00292,0.04297,0.00592,0.54689,0.00456,0,0,0.02046,0,0,0,0,0.00051,0.00493,0,0,0.0088,0.09737,0,0,0.00989,1,G152-15,0.42309600000000003,Öma2
G72-16,M,N,Östmarka 3,Østmarka_1718,6644053,1234085,2017,2018,Illegal,NA,0,NA,1.54,1.16,6.37,21.88,188.353,33.66,181.28,0.412,229,Enebakk,N,299.166,1,0,0,69.84848485,6,47.6,945.6,0.549447914,0.521827882,0,0.10287,0.01785,0.00126,0.00027,0.00072,0.00101,0.00073,0,0.00522,0.00659,0.11826,0,0,0.00292,0.04297,0.00592,0.54689,0.00456,0,0,0.02046,0,0,0,0,0.00051,0.00493,0,0,0.0088,0.09737,0,0,0.00989,1,G72-16,0.29814099999999999,Sle3
G87-17,F,S,Andån,Andån_1819,6838452,1500584,2018,2019,NA,NA,0,NA,0.26,1.18,0.68,5.65,298.254,24.279,167.799,0.188,2161,Ljusdal,S,8.233,0,2,0,82.171875,6,2.6,3,0.51745025,0.209542782,0,0.00238,0.00033,0,0,0,0,0,0,0,0,0.04561,0,0,0,0.00211,0.00138,0.73805,0.01766,0,0,0.1141,0,0,0,0,0.00031,0.02926,0,0,0.00236,0.04644,0,0,0,1,G87-17,0.23388300000000001,Vmy1
G176-16,M,S,Andån,Andån_1819,6838452,1500584,2018,2019,NA,NA,0,NA,0.26,1.18,0.68,5.65,298.254,24.279,167.799,0.188,2161,Ljusdal,S,8.233,0,2,0,82.171875,6,2.6,3,0.51745025,0.209542782,0,0.00238,0.00033,0,0,0,0,0,0,0,0,0.04561,0,0,0,0.00211,0.00138,0.73805,0.01766,0,0,0.1141,0,0,0,0,0.00031,0.02926,0,0,0.00236,0.04644,0,0,0,1,G176-16,6.7336999999999994E-2,Bjås3
M-15-01/G140-13,F,S,Aspafallet 3,Aspafallet_1819,6619257,1482771,2018,2019,NA,NA,1,NA,0.37,1.18,0.51,7.58,126.845,37.812,173.001,0.237,1885,Lindesberg,S,22.433,0,5,0,81.63541667,6,2,2.1,0.533226247,0.582243599,0,0.00516,0.00033,0,0,0,0.00084,0,0,0.00018,0.00047,0.07122,0,0.00078,0.01048,0.01496,0.00192,0.67808,0.03748,0,0,0.07859,0,0,0,0,0.00329,0.03464,0,0,0.00026,0.06132,0,0,0,1,G140-13,0.29248000000000002,Hed3
M17-11/G125-17,M,S,Aspafallet 3,Aspafallet_1819,6619257,1482771,2018,2019,NA,NA,1,NA,0.37,1.18,0.51,7.58,126.845,37.812,173.001,0.237,1885,Lindesberg,S,22.433,0,5,0,81.63541667,6,2,2.1,0.533226247,0.582243599,0,0.00516,0.00033,0,0,0,0.00084,0,0,0.00018,0.00047,0.07122,0,0.00078,0.01048,0.01496,0.00192,0.67808,0.03748,0,0,0.07859,0,0,0,0,0.00329,0.03464,0,0,0.00026,0.06132,0,0,0,1,G125-17,0.22917000000000001,Osd4
G35-16,M,N,Aurskog 5,Aurskog_1819,6645150,1251472,2018,2019,NA,NA,0,NA,0.7,1.06,3.44,13.7,203.981,31.821,181.121,0.353,221,Aurskog-Høland,N,153.698,1,4,0,82.05555556,6,140.7,969.8,0.431640671,0.454609605,0,0.01578,0,0,0,0,0,0,0,0,0.00149,0.20933,0,0,0.00162,0.02901,0.00507,0.56586,0.00322,0,0,0.05443,0,0,0,0,0.00051,0.0104,0,0,0.01029,0.093,0,0,0,1,G35-16,0.31059999999999999,Gla3
G80-17,F,N,Aurskog 5,Aurskog_1819,6645150,1251472,2018,2019,NA,NA,0,NA,0.7,1.06,3.44,13.7,203.981,31.821,181.121,0.353,221,Aurskog-Høland,N,153.698,1,4,0,82.05555556,6,140.7,969.8,0.431640671,0.454609605,0,0.01578,0,0,0,0,0,0,0,0,0.00149,0.20933,0,0,0.00162,0.02901,0.00507,0.56586,0.00322,0,0,0.05443,0,0,0,0,0.00051,0.0104,0,0,0.01029,0.093,0,0,0,1,G80-17,0.28747600000000001,Kin1
G113-12,F,S,Björnås 4,Björnås_1819,6769946,1516341,2018,2019,NA,NA,0,NA,0.18,1.12,0,4.92,330.378,27.889,166.666,0.198,2183,Bollnäs,S,13.875,0,1,0,83.15151515,6,2.6,2.9,0.571140651,0.613468649,0,0,0,0,0,0,0,0,0,0,0,0,0,0,0.00065,0,0.00071,0.70757,0.03265,0,0,0.15509,0,0,0,0,0.00214,0.05109,0,0,0,0.0501,0,0,0,1,G113-12,0,Prä
G22-14,M,S,Björnås 4,Björnås_1819,6769946,1516341,2018,2019,NA,NA,0,NA,0.18,1.12,0,4.92,330.378,27.889,166.666,0.198,2183,Bollnäs,S,13.875,0,1,0,83.15151515,6,2.6,2.9,0.571140651,0.613468649,0,0,0,0,0,0,0,0,0,0,0,0,0,0,0.00065,0,0.00071,0.70757,0.03265,0,0,0.15509,0,0,0,0,0.00214,0.05109,0,0,0,0.0501,0,0,0,1,G22-14,0.13900799999999999,Dju3
G71-17,M,S,Blåbärskullen,Blåbärskullen_1819,6628826,1339709,2018,2019,NA,NA,0,NA,0.33,1.21,1.21,8.86,182.947,36.943,172.55,0.423,1784,Arvika,S,19.8,0,3,0,81.96875,6,2.1,2.3,0.518168343,0.502171776,0,0.00728,0.00078,0,0,0,0.00086,0.00034,0,0.00057,0.00179,0.1101,0.00046,0.00089,0.009,0.01313,0.0025,0.66793,0.04295,0,0,0.03754,0,0,0,0,0,0.00515,0,0,0,0.09873,0,0,0,1,G71-17,0.228912,Keo1
G7-19,F,S,Blåbärskullen,Blåbärskullen_1819,6628826,1339709,2018,2019,illegal,NA,0,NA,0.33,1.21,1.21,8.86,182.947,36.943,172.55,0.423,1784,Arvika,S,19.8,0,3,0,81.96875,6,2.1,2.3,0.518168343,0.502171776,0,0.00728,0.00078,0,0,0,0.00086,0.00034,0,0.00057,0.00179,0.1101,0.00046,0.00089,0.009,0.01313,0.0025,0.66793,0.04295,0,0,0.03754,0,0,0,0,0,0.00515,0,0,0,0.09873,0,0,0,1,G7-19,0.15216099999999999,Sku
G166-16,F,S,Bograngen 3,Bograngen_1819,6742173,1322744,2018,2019,illegal,NA,0,NA,0.28,1.24,0.02,4.91,389.42,19.491,177.244,0.208,1737,Torsby,S,5.004,1,3,0,83.74479167,6,58.8,1164.1,0.585186204,0.534593542,0,0.00192,0,0,0,0,0,0,0,0,0.00034,0.00061,0,0.00048,0.00079,0.00109,0.00243,0.68829,0.0776,0,0,0.10937,0,0,0,0,0.00056,0.08063,0,0,0.00433,0.03157,0,0,0,1,G166-16,0.224609,Letj2
M19-03/G86-16,M,S,Bograngen 3,Bograngen_1819,6742173,1322744,2018,2019,NA,NA,1,NA,0.28,1.24,0.02,4.91,389.42,19.491,177.244,0.208,1737,Torsby,S,5.004,1,3,0,83.74479167,6,58.8,1164.1,0.585186204,0.534593542,0,0.00192,0,0,0,0,0,0,0,0,0.00034,0.00061,0,0.00048,0.00079,0.00109,0.00243,0.68829,0.0776,0,0,0.10937,0,0,0,0,0.00056,0.08063,0,0,0.00433,0.03157,0,0,0,1,G86-16,0.16552700000000001,Tans3
G11-16,M,S,Borgvik 3,Borgvik_1819,6583882,1333584,2018,2019,NA,NA,0,NA,0.33,1.2,0.83,8.63,105.785,39.244,177.498,0.406,1785,Säffle,S,32.775,0,2,0,79.79166667,6,2.2,2.3,0.50151533,0.494090065,0,0.00859,0.00124,0,0,0,0,0,0,0.00036,0.00052,0.11094,0,0.00509,0.00342,0.01603,0.00772,0.54334,0.12229,0,0,0.02651,0,0,0,0,0.0073,0.00426,0,0,0,0.14239,0,0,0,1,G11-16,0.13900799999999999,Dju3
G132-16,F,S,Borgvik 3,Borgvik_1819,6583882,1333584,2018,2019,NA,NA,0,NA,0.33,1.2,0.83,8.63,105.785,39.244,177.498,0.406,1785,Säffle,S,32.775,0,2,0,79.79166667,6,2.2,2.3,0.50151533,0.494090065,0,0.00859,0.00124,0,0,0,0,0,0,0.00036,0.00052,0.11094,0,0.00509,0.00342,0.01603,0.00772,0.54334,0.12229,0,0,0.02651,0,0,0,0,0.0073,0.00426,0,0,0,0.14239,0,0,0,1,G132-16,0.243233,Nsj1
G117-15,M,S,Brattfors 3,Brattfors_1819,6629381,1390543,2018,2019,illegal,NA,0,NA,0.28,1.18,0.2,6.92,222.513,35.563,177.177,0.356,1782,Filipstad,S,30.52,0,5,0,82.92424242,6,2,2.3,0.706834895,0.728991813,0,0.00173,0.00047,0,0,0,0,0,0,0,0.00028,0.02641,0,0.00053,0.00139,0.00773,0.00279,0.75715,0.02978,0,0,0.08216,0,0,0,0,7.00E-04,0.02191,0,0,0,0.06697,0,0,0,1,G117-15,0.224609,Letj2
G172-16,F,S,Brattfors 3,Brattfors_1819,6629381,1390543,2018,2019,illegal,NA,0,NA,0.28,1.18,0.2,6.92,222.513,35.563,177.177,0.356,1782,Filipstad,S,30.52,0,5,0,82.92424242,6,2,2.3,0.706834895,0.728991813,0,0.00173,0.00047,0,0,0,0,0,0,0,0.00028,0.02641,0,0.00053,0.00139,0.00773,0.00279,0.75715,0.02978,0,0,0.08216,0,0,0,0,7.00E-04,0.02191,0,0,0,0.06697,0,0,0,1,G172-16,0.27783200000000002,Bratt
G29-18,M,S,Böhönen,Böhönen_1819,6703441,1333088,2018,2019,illegal,NA,0,NA,0.28,1.26,0.07,3.57,334.133,24.014,175.303,0.266,1737,Torsby,S,5.152,1,3,0,83.21875,6,22.6,723.4,0.64107771,0.617805448,0,0.00138,0,0,0,0,0,0,0,0,0.00056,0.00305,0,0,0.00517,0.0039,0.00045,0.80811,0.02337,0,0,0.0701,0,0,0,0,0.00027,0.03362,0,0,0,0.05004,0,0,0,1,G29-18,0.20694899999999999,Mgr1
G45-17,F,S,Böhönen,Böhönen_1819,6703441,1333088,2018,2019,illegal,NA,0,NA,0.28,1.26,0.07,3.57,334.133,24.014,175.303,0.266,1737,Torsby,S,5.152,1,3,0,83.21875,6,22.6,723.4,0.64107771,0.617805448,0,0.00138,0,0,0,0,0,0,0,0,0.00056,0.00305,0,0,0.00517,0.0039,0.00045,0.80811,0.02337,0,0,0.0701,0,0,0,0,0.00027,0.03362,0,0,0,0.05004,0,0,0,1,G45-17,0.15216099999999999,Sku
G168-16,F,N,Deisjöen 1,Deisjøen_1819,6803550,1270813,2018,2019,NA,NA,0,NA,0.21,1.27,0.48,5.6,491.782,19.434,170.41,0.234,429,Åmot,N,4.886,1,3,0,83.40952381,6,225.7,5010,0.643917522,0.510196832,0,0.00043,0.00105,0,0,0,5.00E-04,0,0,0,0.00295,0.0034,0,0,0,0.00926,0.00189,0.63291,0.00651,0,0.01165,0.14133,0,0,0.01261,0,0,0.14014,0,0,0.00636,0.029,0,0,0,1,G168-16,0.157578,Julu9
G97-17,M,N,Deisjöen 1,Deisjøen_1819,6803550,1270813,2018,2019,Illegal,NA,0,NA,0.21,1.27,0.48,5.6,491.782,19.434,170.41,0.234,429,Åmot,N,4.886,1,3,0,83.40952381,6,225.7,5010,0.643917522,0.510196832,0,0.00043,0.00105,0,0,0,5.00E-04,0,0,0,0.00295,0.0034,0,0,0,0.00926,0.00189,0.63291,0.00651,0,0.01165,0.14133,0,0,0.01261,0,0,0.14014,0,0,0.00636,0.029,0,0,0,1,G97-17,0.317108,Juv4
G133-17,F,S,Finnsjön,Finnsjön_1819,6801102,1456271,2018,2019,NA,NA,0,NA,0.14,0.96,0.04,5.31,348.566,23.051,167.77,0.161,2034,Orsa,S,4.85,0,1,0,82.31818182,6,2.2,2.5,0.302322265,0.315980291,0,0.00081,1.00E-04,0,0,0,0,0,0,0,0.00056,0.00099,0,0.00079,0.00073,0.00274,0,0.68394,0.01879,0,0,0.15486,0,0,0,0,0.00168,0.09154,0,0,0,0.04248,0,0,0,1,G133-17,6.7336999999999994E-2,Bjås3
G268-17,M,S,Finnsjön,Finnsjön_1819,6801102,1456271,2018,2019,NA,NA,0,NA,0.14,0.96,0.04,5.31,348.566,23.051,167.77,0.161,2034,Orsa,S,4.85,0,1,0,82.31818182,6,2.2,2.5,0.302322265,0.315980291,0,0.00081,1.00E-04,0,0,0,0,0,0,0,0.00056,0.00099,0,0.00079,0.00073,0.00274,0,0.68394,0.01879,0,0,0.15486,0,0,0,0,0.00168,0.09154,0,0,0,0.04248,0,0,0,1,G268-17,0.206153,Kvt1
G18-15,M,N,Flisdalen,Flisdalen_1819,6722197,1316001,2018,2019,NA,NA,0,NA,0.36,1.93,0.02,4.92,380.766,19.263,183.399,0.188,425,Åsnes,N,5.152,1,4,0,83.77604167,6,135.3,3362.5,0.580862087,0.601400839,0,0.00043,0,0,0,0,0,0,0,0,0,0.00936,0,0,0.00044,0.00073,0.00072,0.73817,0.03057,0,0,0.10238,0,0,0,0,0.00056,0.08149,0,0,0,0.03514,0,0,0,1,G18-15,0.29980499999999999,Trå
G89-15,F,N,Flisdalen,Flisdalen_1819,6722197,1316001,2018,2019,NA,NA,0,NA,0.36,1.93,0.02,4.92,380.766,19.263,183.399,0.188,425,Åsnes,N,5.152,1,4,0,83.77604167,6,135.3,3362.5,0.580862087,0.601400839,0,0.00043,0,0,0,0,0,0,0,0,0,0.00936,0,0,0.00044,0.00073,0.00072,0.73817,0.03057,0,0,0.10238,0,0,0,0,0.00056,0.08149,0,0,0,0.03514,0,0,0,1,G89-15,0.14679700000000001,Tans2
G55-16,M,S,Forshaga  3,Forshaga_1819,6597020,1388573,2018,2019,NA,NA,0,NA,0.42,1.17,0.7,10.69,103.322,39.123,181.143,0.253,1780,Karlstad,S,32.4,0,5,0,80.890625,6,2.5,2.3,0.458678016,0.461748839,0,0.0111,0.00025,0,0,0,0.00044,0,0,0,0.00144,0.21736,0,0.00346,0.0074,0.01022,0.00613,0.49616,0.04744,0,0,0.0233,0,0,0,0,0.01095,0.05362,0,0,0,0.10962,0.00112,0,0,1,G55-16,0.21491199999999999,Snd3
G56-16,F,S,Forshaga  3,Forshaga_1819,6597020,1388573,2018,2019,NA,NA,0,NA,0.42,1.17,0.7,10.69,103.322,39.123,181.143,0.253,1780,Karlstad,S,32.4,0,5,0,80.890625,6,2.5,2.3,0.458678016,0.461748839,0,0.0111,0.00025,0,0,0,0.00044,0,0,0,0.00144,0.21736,0,0.00346,0.0074,0.01022,0.00613,0.49616,0.04744,0,0,0.0233,0,0,0,0,0.01095,0.05362,0,0,0,0.10962,0.00112,0,0,1,G56-16,0.31961099999999998,Köl2
G195-17,M,S,Fulufjellet 4,Fulufjället_1819,6810603,1352507,2018,2019,illegal,NA,0,NA,0.22,0.64,0.31,3.25,533.878,19.634,170.526,0.153,2023,Malung,S,1.893,1,0,0,81.39583333,6,60.9,528.3,0.496672749,0.348164175,0,0,0,0,0,0,0,0,0,0,0.00222,0.00093,0,3.00E-04,0,0.00156,0.00599,0.60109,0.0199,0,0.08442,0.10847,0,0.00161,0.016,0,0.00429,0.12167,0,0,0.00134,0.03019,0,0,0,1,G195-17,0.243233,Nsj1
G283-17,F,S,Fulufjellet 4,Fulufjället_1819,6810603,1352507,2018,2019,illegal,NA,0,NA,0.22,0.64,0.31,3.25,533.878,19.634,170.526,0.153,2023,Malung,S,1.893,1,0,0,81.39583333,6,60.9,528.3,0.496672749,0.348164175,0,0,0,0,0,0,0,0,0,0,0.00222,0.00093,0,3.00E-04,0,0.00156,0.00599,0.60109,0.0199,0,0.08442,0.10847,0,0.00161,0.016,0,0.00429,0.12167,0,0,0.00134,0.03019,0,0,0,1,G283-17,0.15567600000000001,Bok1
G12-16,M,S,Glamsen 2,Glamsen_1819,6721555,1585151,2018,2019,illegal,NA,0,NA,0.29,1.24,2.93,13.79,23.292,26.886,165.282,0.033,319,Älvkarleby,S,39.667,0,0,0,82.35802469,6,2.8,2.9,0.484883944,0.48390223,0,0.0468,0.00935,0.00478,0.00299,0,0.00218,0.00037,0,0.00623,0.00327,0.01918,0,0.00602,0.00155,0.00588,0.02302,0.40048,0.08259,0.00044,0.00042,0.09579,0,0,0,0,0.00674,0.00738,0,0,0.00984,0.02538,0,0.00464,0.23468,1,G12-16,0.23142399999999999,Glm1
G66-12,F,S,Glamsen 2,Glamsen_1819,6721555,1585151,2018,2019,NA,NA,0,NA,0.29,1.24,2.93,13.79,23.292,26.886,165.282,0.033,319,Älvkarleby,S,39.667,0,0,0,82.35802469,6,2.8,2.9,0.484883944,0.48390223,0,0.0468,0.00935,0.00478,0.00299,0,0.00218,0.00037,0,0.00623,0.00327,0.01918,0,0.00602,0.00155,0.00588,0.02302,0.40048,0.08259,0.00044,0.00042,0.09579,0,0,0,0,0.00674,0.00738,0,0,0.00984,0.02538,0,0.00464,0.23468,1,G66-12,0.13885500000000001,Ria
G13-16,M,S,Glaskogen 4,Glaskogen_1819,6605254,1298489,2018,2019,illegal,NA,0,NA,0.22,1.07,0.47,6.95,209.153,36.072,175.84,0.375,1765,Årjäng,S,11.133,0,3,0,82.8125,6,2.1,2.3,0.606719231,0.523360875,0,0.00391,0.00047,0,0,0,0,0,0,0,0,0.04224,0,0.00119,0.00517,0.01711,0.00117,0.75252,0.03159,0,0,0.03392,0,0,0,0,0,0.01331,0,0,0,0.0974,0,0,0,1,G13-16,0.205933,B
G56-11,F,S,Glaskogen 4,Glaskogen_1819,6605254,1298489,2018,2019,other,NA,0,Old age,0.22,1.07,0.47,6.95,209.153,36.072,175.84,0.375,1765,Årjäng,S,11.133,0,3,0,82.8125,6,2.1,2.3,0.606719231,0.523360875,0,0.00391,0.00047,0,0,0,0,0,0,0,0,0.04224,0,0.00119,0.00517,0.01711,0.00117,0.75252,0.03159,0,0,0.03392,0,0,0,0,0,0.01331,0,0,0,0.0974,0,0,0,1,G56-11,0.29718,Gla2
G135-16,F,S,Grytingen 1,Grytingen_1819,6594634,1422020,2018,2019,NA,NA,0,NA,0.4,1.27,1.06,9.98,175.573,34.569,178.056,0.281,1760,Storfors,S,23.486,0,5,0,82.625,6,2.6,2.3,0.749456536,0.62978935,0,0.01627,0.00656,0,0,0.00063,0.00036,0.00045,0,0.0034,0.00088,0.06996,0,0.00312,0.00491,0.01213,3.00E-04,0.62217,0.08305,0,0,0.03146,0,0,0,0,0.00334,0.01686,0,0,0.00206,0.12206,0,0,0,1,G135-16,0.222382,Lok3
G43-17,M,S,Grytingen 1,Grytingen_1819,6594634,1422020,2018,2019,NA,NA,0,NA,0.4,1.27,1.06,9.98,175.573,34.569,178.056,0.281,1760,Storfors,S,23.486,0,5,0,82.625,6,2.6,2.3,0.749456536,0.62978935,0,0.01627,0.00656,0,0,0.00063,0.00036,0.00045,0,0.0034,0.00088,0.06996,0,0.00312,0.00491,0.01213,3.00E-04,0.62217,0.08305,0,0,0.03146,0,0,0,0,0.00334,0.01686,0,0,0.00206,0.12206,0,0,0,1,G43-17,0.28747600000000001,Kin1
G11-11,M,S,Gräsmark 5,Gräsmark_1819,6691960,1306547,2018,2019,NA,NA,0,NA,0.51,1.94,0.18,6.59,306.725,29.846,178.635,0.332,402,Kongsvinger,N,8.59,1,3,0,83.08854167,6,181.4,4519.2,0.550158539,0.568102567,0,0.00135,0,0,0,0,0,0,0,0,0.00044,0.04163,0,0,6.00E-04,0.0169,0.00199,0.75292,0.00264,0,0,0.06406,0,0,0,0,0,0.04568,0,0,0.00673,0.06507,0,0,0,1,G11-11,0.261963,Ful1
G125-13,F,S,Gräsmark 5,Gräsmark_1819,6691960,1306547,2018,2019,illegal,NA,0,NA,0.51,1.94,0.18,6.59,306.725,29.846,178.635,0.332,402,Kongsvinger,N,8.59,1,3,0,83.08854167,6,181.4,4519.2,0.550158539,0.568102567,0,0.00135,0,0,0,0,0,0,0,0,0.00044,0.04163,0,0,6.00E-04,0.0169,0.00199,0.75292,0.00264,0,0,0.06406,0,0,0,0,0,0.04568,0,0,0.00673,0.06507,0,0,0,1,G125-13,0.198181,Hae
G136-17,F,S,Gullsjön 1,Gullsjön_1819,6734530,1536865,2018,2019,NA,NA,0,NA,0.27,1.42,1.93,10.15,177.965,28.322,155.746,0.141,2181,Sandviken,S,22.85,0,2,0,82.78645833,6,2.6,2.9,0.335177158,0.381267311,0,0.0098,0,0,0,0,0,0,0,0,0,0.06025,0,0.00104,0.00026,0.00423,0.00497,0.7578,0.02558,0,0,0.09485,0,0,0,0,0.00089,0.01519,0,0,0,0.02513,0,0,0,1,G136-17,0.13467399999999999,Kors5
G169-17,M,S,Gullsjön 1,Gullsjön_1819,6734530,1536865,2018,2019,NA,NA,0,NA,0.27,1.42,1.93,10.15,177.965,28.322,155.746,0.141,2181,Sandviken,S,22.85,0,2,0,82.78645833,6,2.6,2.9,0.335177158,0.381267311,0,0.0098,0,0,0,0,0,0,0,0,0,0.06025,0,0.00104,0.00026,0.00423,0.00497,0.7578,0.02558,0,0,0.09485,0,0,0,0,0.00089,0.01519,0,0,0,0.02513,0,0,0,1,G169-17,0.17519399999999999,Sjö3
G77-14,F,S,Gårdsjö  6,Gårdsjö_1819,6622631,1372396,2018,2019,NA,NA,0,NA,0.36,1.16,0.92,10.13,151.813,35.704,176.99,0.377,1763,Forshaga,S,28.029,0,6,0,83.10606061,6,2.4,2.3,0.652279816,0.712760268,0,0.01092,0.00033,0,0,0,0,0,0,0.00097,0.00105,0.07493,0,0.00334,0.00684,0.01225,0.00711,0.65872,0.05935,0,0,0.04244,0,0,0,0,0.00062,0.00915,0,0,0.00741,0.10457,0,0,0,1,G77-14,0.28747600000000001,Kin1
G6-12,M,S,Gårdsjö 6,Gårdsjö_1819,6622631,1372396,2018,2019,NA,NA,0,NA,0.36,1.16,0.92,10.13,151.813,35.704,176.99,0.377,1763,Forshaga,S,28.029,0,6,0,83.10606061,6,2.4,2.3,0.652279816,0.712760268,0,0.01092,0.00033,0,0,0,0,0,0,0.00097,0.00105,0.07493,0,0.00334,0.00684,0.01225,0.00711,0.65872,0.05935,0,0,0.04244,0,0,0,0,0.00062,0.00915,0,0,0.00741,0.10457,0,0,0,1,G6-12,0,Kyn2
G124-13,F,S,Gåsmyren 2,Gåsmyren_1819,6673322,1489120,2018,2019,NA,NA,0,NA,0.24,1.41,1.34,8.37,196.614,34.835,174.009,0.302,2061,Smedjebacken,S,15.85,0,1,0,83.21717172,6,2.8,2.4,0.500453876,0.501735556,0,0.00896,0.0016,0,0,0,0,0,0,0,0.00072,0.02326,0,0.00091,0.00646,0.01026,0.00456,0.722,0.03525,0,0,0.08408,0,0,0,0,0.00163,0.00268,0,0,0,0.09762,0,0,0,1,G124-13,0.33898899999999998,Tans
G168-17,M,S,Gåsmyren 2,Gåsmyren_1819,6673322,1489120,2018,2019,NA,NA,0,NA,0.24,1.41,1.34,8.37,196.614,34.835,174.009,0.302,2061,Smedjebacken,S,15.85,0,1,0,83.21717172,6,2.8,2.4,0.500453876,0.501735556,0,0.00896,0.0016,0,0,0,0,0,0,0,0.00072,0.02326,0,0.00091,0.00646,0.01026,0.00456,0.722,0.03525,0,0,0.08408,0,0,0,0,0.00163,0.00268,0,0,0,0.09762,0,0,0,1,G168-17,0.400426,Glm2
M-18-13/G160-16,F,S,Juvberget 6,Juvberget_1819,6762823,1308181,2018,2019,NA,NA,1,NA,0.19,1.16,0,4.74,434.099,18.893,168.702,0.161,426,Våler,N,6.875,1,3,0,83.73655914,6,185.3,3107.1,0.704496296,0.645926278,0,4.00E-04,0,0,0,0,0,0,0,0,0.00061,0,0,0,0,0.00158,0,0.53924,0.04204,0,0,0.12455,0,0,0.00084,0,0,0.26889,0,0,0.00083,0.021,0,0,0,1,G160-16,0.23388300000000001,Vmy1
M19-03/G86-16,M,S,Juvberget 6,Juvberget_1819,6762823,1308181,2018,2019,NA,NA,1,NA,0.19,1.16,0,4.74,434.099,18.893,168.702,0.161,426,Våler,N,6.875,1,3,0,83.73655914,6,185.3,3107.1,0.704496296,0.645926278,0,4.00E-04,0,0,0,0,0,0,0,0,0.00061,0,0,0,0,0.00158,0,0.53924,0.04204,0,0,0.12455,0,0,0.00084,0,0,0.26889,0,0,0.00083,0.021,0,0,0,1,G86-16,0.16552700000000001,Tans3
G64-17,F,S,Kesberget,Kesberget_1819,6637370,1501259,2018,2019,NA,NA,0,NA,0.34,1.2,1.3,10.17,134.216,38.18,172.837,0.263,1904,Skinnskatteberg,S,24.929,0,3,0,82.42708333,6,1.7,1.9,0.559756323,0.55975151,0,0.01225,0.00351,0,0,0,0.00087,0,0,0.00073,0.00107,0.03675,0,0.00221,0.00641,0.0177,0.00598,0.63764,0.05969,0,0,0.06135,0,0,0,0.03469,0.00164,0.02556,0,0,0.00126,0.09068,0,0,0,1,G64-17,0.222382,Fär2
G89-16,M,S,Kesberget,Kesberget_1819,6637370,1501259,2018,2019,NA,NA,0,NA,0.34,1.2,1.3,10.17,134.216,38.18,172.837,0.263,1904,Skinnskatteberg,S,24.929,0,3,0,82.42708333,6,1.7,1.9,0.559756323,0.55975151,0,0.01225,0.00351,0,0,0,0.00087,0,0,0.00073,0.00107,0.03675,0,0.00221,0.00641,0.0177,0.00598,0.63764,0.05969,0,0,0.06135,0,0,0,0.03469,0.00164,0.02556,0,0,0.00126,0.09068,0,0,0,1,G89-16,0.23388300000000001,Vmy1
G26-15,F,S,Korsån 5,Korsån_1819,6720165,1516167,2018,2019,NA,NA,0,NA,0.25,1.43,1.06,8.39,201.12,28.656,175.782,0.204,2082,Säter,S,24.78,0,1,0,82.34895833,6,2.8,2.6,0.493373225,0.482900004,0,0.01114,0.00232,0,0,0,0,0,0,0.00032,0.00104,0.03065,0,0,0.00291,0.00436,0.00106,0.71477,0.02046,0,0,0.12333,0,0,0,0,0,0.00326,0,0,0.00024,0.08414,0,0,0,1,G26-15,0.41430699999999998,Bjås
G96-12,M,S,Korsån 5,Korsån_1819,6720165,1516167,2018,2019,NA,NA,0,NA,0.25,1.43,1.06,8.39,201.12,28.656,175.782,0.204,2082,Säter,S,24.78,0,1,0,82.34895833,6,2.8,2.6,0.493373225,0.482900004,0,0.01114,0.00232,0,0,0,0,0,0,0.00032,0.00104,0.03065,0,0,0.00291,0.00436,0.00106,0.71477,0.02046,0,0,0.12333,0,0,0,0,0,0.00326,0,0,0.00024,0.08414,0,0,0,1,G96-12,0,Kyn2
G151-15,M,S,Krokvattnet,Krokvattnet_1819,6853911,1464579,2018,2019,NA,NA,0,NA,0.22,0.94,0.1,4.04,408.435,24.276,170.593,0.182,2161,Ljusdal,S,2.25,0,1,0,82.38020833,6,2.6,2.9,0.493967712,0.349974735,0,0.00239,0,0,0,0,0,0,0,0,0,0,0,0.00029,0.00039,0,0,0.64565,0.01038,0,0,0.19343,0,0,0,0,0.00089,0.09875,0,0,0,0.04783,0,0,0,1,G151-15,0.23388300000000001,Vmy1
G99-16,F,S,Krokvattnet,Krokvattnet_1819,6853911,1464579,2018,2019,NA,NA,0,NA,0.22,0.94,0.1,4.04,408.435,24.276,170.593,0.182,2161,Ljusdal,S,2.25,0,1,0,82.38020833,6,2.6,2.9,0.493967712,0.349974735,0,0.00239,0,0,0,0,0,0,0,0,0,0,0,0.00029,0.00039,0,0,0.64565,0.01038,0,0,0.19343,0,0,0,0,0.00089,0.09875,0,0,0,0.04783,0,0,0,1,G99-16,0.27572600000000003,Drag2
G113-17,M,S,Kväggen,Kväggen_1819,6581469,1410496,2018,2019,illegal,NA,0,NA,0.41,1.53,1.97,11.51,120.241,37.459,184.263,0.238,1781,Kristinehamn,S,42.4,0,5,0,80.05172414,6,2.5,2.3,0.648195339,0.543130547,0,0.02813,0.00965,0,0,0.00063,0,0.00045,0,0.00262,0.00247,0.13464,0,0.00343,0.00239,0.01527,0.00181,0.48896,0.09101,0,0,0.03671,0,0,0,0,0.00781,0.02767,0,0,0.00065,0.1446,0.00112,0,0,1,G113-17,0.24438499999999999,Fla1
G25-17,F,S,Kväggen,Kväggen_1819,6581469,1410496,2018,2019,illegal,NA,0,NA,0.41,1.53,1.97,11.51,120.241,37.459,184.263,0.238,1781,Kristinehamn,S,42.4,0,5,0,80.05172414,6,2.5,2.3,0.648195339,0.543130547,0,0.02813,0.00965,0,0,0.00063,0,0.00045,0,0.00262,0.00247,0.13464,0,0.00343,0.00239,0.01527,0.00181,0.48896,0.09101,0,0,0.03671,0,0,0,0,0.00781,0.02767,0,0,0.00065,0.1446,0.00112,0,0,1,G25-17,0.222382,Lok3
G122-14,M,S,Kymmen 1,Kymmen_1819,6656411,1318319,2018,2019,NA,NA,0,NA,0.35,1.33,0.15,5.9,247.848,35.407,176.604,0.393,1784,Arvika,S,11.05,1,3,0,83.140625,6,41.4,953.8,0.498180793,0.484376774,0,0.0022,3.00E-05,0,0,0,0,0,0.00026,0,0,0.01064,0,0.00067,0.00525,0.0205,0.00026,0.81228,0.00758,0,0,0.05236,0,0,0,0,0,0.01542,0,0,0.00031,0.07224,0,0,0,1,G122-14,0.21412300000000001,Krp6
G25-18,F,S,Kymmen 1,Kymmen_1819,6656411,1318319,2018,2019,NA,NA,0,The male in  Kymmen 1 is found under Kockohonka,0.35,1.33,0.15,5.9,247.848,35.407,176.604,0.393,1784,Arvika,S,11.05,1,3,0,83.140625,6,41.4,953.8,0.498180793,0.484376774,0,0.0022,3.00E-05,0,0,0,0,0,0.00026,0,0,0.01064,0,0.00067,0.00525,0.0205,0.00026,0.81228,0.00758,0,0,0.05236,0,0,0,0,0,0.01542,0,0,0.00031,0.07224,0,0,0,1,G25-18,0.15216099999999999,Sku
G204-13,F,N,Kynna 4,Kynna_1819,6749790,1293321,2018,2019,NA,NA,0,NA,0.35,1.48,0.67,6.89,345.941,21.998,174.162,0.196,426,Våler,N,9.799,1,3,0,82.38383838,6,250.4,5010,0.567290626,0.568889974,0,0.00153,0.00066,0,0,0,0,0,0,0,4.00E-04,0.08563,0,0,0,0.00882,0.0017,0.54983,0.00521,0,0,0.19054,0,0,0.0025,0,0,0.13422,0,0,0.00456,0.01441,0,0,0,1,G204-13,0.29061900000000002,Äpp2
G91-11,M,N,Kynna 4,Kynna_1819,6749790,1293321,2018,2019,other,NA,0,old age,0.35,1.48,0.67,6.89,345.941,21.998,174.162,0.196,426,Våler,N,9.799,1,3,0,82.38383838,6,250.4,5010,0.567290626,0.568889974,0,0.00153,0.00066,0,0,0,0,0,0,0,4.00E-04,0.08563,0,0,0,0.00882,0.0017,0.54983,0.00521,0,0,0.19054,0,0,0.0025,0,0,0.13422,0,0,0.00456,0.01441,0,0,0,1,G91-11,0.29736299999999999,Jang5
G254-17,M,S,Laxarby 1,Laxarby_1819,6558467,1308322,2018,2019,illegal,NA,0,NA,0.4,1.27,0.86,8.55,138.375,37.539,176.036,0.441,1492,Åmål,S,14.375,0,2,0,80.38709677,6,2.2,2.5,0.441948652,0.176779461,0,0.00967,0.00244,0,0,0,0.00032,0,0,0.00232,0.00073,0.04729,0,0.00178,0.00498,0.02211,0.01042,0.62455,0.10317,0,0,0.02742,0,0,0,0,0,0.0025,0,0,0,0.1403,0,0,0,1,G254-17,0.218197,Mang4
G270-17,F,S,Laxarby 1,Laxarby_1819,6558467,1308322,2018,2019,illegal,NA,0,NA,0.4,1.27,0.86,8.55,138.375,37.539,176.036,0.441,1492,Åmål,S,14.375,0,2,0,80.38709677,6,2.2,2.5,0.441948652,0.176779461,0,0.00967,0.00244,0,0,0,0.00032,0,0,0.00232,0.00073,0.04729,0,0.00178,0.00498,0.02211,0.01042,0.62455,0.10317,0,0,0.02742,0,0,0,0,0,0.0025,0,0,0,0.1403,0,0,0,1,G270-17,0.31059999999999999,Gla3
G132-11,M,N,Letjenna 2,Letjenna_1819,6784505,1276926,2018,2019,NA,NA,0,NA,0.3,1.08,0.37,6.43,448.284,20.649,189.551,0.192,427,Elverum,N,7.569,1,3,0,83.80208333,6,288.9,5010,0.593156765,0.55908685,0,0.00162,0.00105,0,0,0,0,0,0,0,0.00044,0.00908,0,0,0.00038,0.01826,0,0.63706,0,0,0.00129,0.12065,0,0,0.00865,0,0,0.16123,0,0,0.00532,0.03495,0,0,0,1,G132-11,0.16552700000000001,Julu8
G74-11,F,N,Letjenna 2,Letjenna_1819,6784505,1276926,2018,2019,NA,NA,0,NA,0.3,1.08,0.37,6.43,448.284,20.649,189.551,0.192,427,Elverum,N,7.569,1,3,0,83.80208333,6,288.9,5010,0.593156765,0.55908685,0,0.00162,0.00105,0,0,0,0,0,0,0,0.00044,0.00908,0,0,0.00038,0.01826,0,0.63706,0,0,0.00129,0.12065,0,0,0.00865,0,0,0.16123,0,0,0.00532,0.03495,0,0,0,1,G74-11,0.27917500000000001,Gös
G124-16,M,S,Loberget,Loberget_1819,6817514,1473662,2018,2019,NA,NA,0,NA,0.17,1.1,0.01,4.12,301.145,23.99,174.047,0.176,2121,Ovanåker,S,4.875,0,2,0,82.16666667,6,2.4,2.8,0.428726911,0.373124044,0,0.00101,0,0,0,0,0,0,0,0,0,0.00028,0,0,0.00041,0.00035,0,0.68526,0.00865,0,0,0.20035,0,0,0,0.00134,0.00307,0.04043,0,0,0.00058,0.05827,0,0,0,1,G124-16,0.206153,Kvt1
G37-16,F,S,Loberget,Loberget_1819,6817514,1473662,2018,2019,NA,NA,0,NA,0.17,1.1,0.01,4.12,301.145,23.99,174.047,0.176,2121,Ovanåker,S,4.875,0,2,0,82.16666667,6,2.4,2.8,0.428726911,0.373124044,0,0.00101,0,0,0,0,0,0,0,0,0,0.00028,0,0,0.00041,0.00035,0,0.68526,0.00865,0,0,0.20035,0,0,0,0.00134,0.00307,0.04043,0,0,0.00058,0.05827,0,0,0,1,G37-16,0.282555,Kmä1
G159-17,M,S,Långbogen 1,Långbogen_1819,6500241,1483619,2018,2019,NA,NA,0,NA,0.39,1.41,1.36,10.51,80.414,41.11,174.763,0.253,580,Linköping,S,68.15,0,0,0,74.80107527,6,1.9,2,0.489233935,0.195693574,0,0.01421,0.00174,0,0,0,0.00033,0,0,0.00035,0.00229,0.19998,0,0.01807,0.00881,0.02533,0.0088,0.54718,0.03576,0,0,0.03765,0,0,0,0,0.00213,0.00178,0,0,0.00081,0.09478,0,0,0,1,G159-17,0.204487,Rom2
G169-16,F,S,Långbogen 1,Långbogen_1819,6500241,1483619,2018,2019,NA,NA,0,NA,0.39,1.41,1.36,10.51,80.414,41.11,174.763,0.253,580,Linköping,S,68.15,0,0,0,74.80107527,6,1.9,2,0.489233935,0.195693574,0,0.01421,0.00174,0,0,0,0.00033,0,0,0.00035,0.00229,0.19998,0,0.01807,0.00881,0.02533,0.0088,0.54718,0.03576,0,0,0.03765,0,0,0,0,0.00213,0.00178,0,0,0.00081,0.09478,0,0,0,1,G169-16,0.157578,Julu9
G10-15,F,S,Magnor 2,Magnor_1819,6643096,1292779,2018,2019,NA,NA,0,NA,0.57,1.39,1.45,8.37,198.751,32.915,172.322,0.311,1730,Eda,S,10.626,1,5,0,83.19270833,6,64.7,1634.8,0.585432497,0.508631369,0,0.00889,0.00048,0,0,0,3.00E-04,0,9.00E-04,0,0.00119,0.06421,0,0.00269,0.00864,0.03024,0.00066,0.73743,0.01035,0,0,0.03094,0,0,0,0,0,0.03768,0,0,0,0.06539,0,0,0,1,G10-15,0.13900799999999999,Dju3
M-18-11/G237-17,M,S,Magnor 2,Magnor_1819,6643096,1292779,2018,2019,NA,NA,1,NA,0.57,1.39,1.45,8.37,198.751,32.915,172.322,0.311,1730,Eda,S,10.626,1,5,0,83.19270833,6,64.7,1634.8,0.585432497,0.508631369,0,0.00889,0.00048,0,0,0,3.00E-04,0,9.00E-04,0,0.00119,0.06421,0,0.00269,0.00864,0.03024,0.00066,0.73743,0.01035,0,0,0.03094,0,0,0,0,0,0.03768,0,0,0,0.06539,0,0,0,1,G237-17,0.243233,Nsj1
G172-14,F,N,Mangen 5,Mangen_1819,6666684,1275819,2018,2019,Illegal,NA,0,NA,0.45,1.66,0.93,6.68,276.968,31.843,173.085,0.293,236,Nes,N,18.642,1,3,0,83.359375,6,162.8,3281.3,0.530298466,0.508924031,0,0.00186,0,0.00018,0,0,0,0,0,0,0.00111,0.02265,0,0,0.00305,0.02318,0.00059,0.7642,0.00113,0,0,0.05409,0,0,0,0,0,0.0913,0,0,0.00171,0.03497,0,0,0,1,G172-14,0.13900799999999999,Dju3
G124-17,M,N,Mangen 5,Mangen_1819,6666684,1275819,2018,2019,NA,NA,0,NA,0.45,1.66,0.93,6.68,276.968,31.843,173.085,0.293,236,Nes,N,18.642,1,3,0,83.359375,6,162.8,3281.3,0.530298466,0.508924031,0,0.00186,0,0.00018,0,0,0,0,0,0,0.00111,0.02265,0,0,0.00305,0.02318,0.00059,0.7642,0.00113,0,0,0.05409,0,0,0,0,0,0.0913,0,0,0.00171,0.03497,0,0,0,1,G124-17,0.256382,Bvk1
G156-14,M,S,Norrsjön 1,Norrsjön_1819,6666407,1435319,2018,2019,NA,NA,0,NA,0.28,1.07,0.2,5.98,324.35,34.627,172.772,0.315,2085,Ludvika,S,9.02,0,1,0,83.04283154,6,2.8,2.5,0.4067883,0.536548719,0,0.00229,0,0,0,0,0.00093,0.00041,0,0,0.00074,0,0,0.00052,0.00029,0.00217,0.00057,0.77329,0.02002,0,0,0.09178,0,0,0,0,0.00084,0.05632,0,0,0,0.04982,0,0,0,1,G156-14,0.224609,Letj2
G53-16,F,S,Norrsjön 1,Norrsjön_1819,6666407,1435319,2018,2019,NA,NA,0,NA,0.28,1.07,0.2,5.98,324.35,34.627,172.772,0.315,2085,Ludvika,S,9.02,0,1,0,83.04283154,6,2.8,2.5,0.4067883,0.536548719,0,0.00229,0,0,0,0,0.00093,0.00041,0,0,0.00074,0,0,0.00052,0.00029,0.00217,0.00057,0.77329,0.02002,0,0,0.09178,0,0,0,0,0.00084,0.05632,0,0,0,0.04982,0,0,0,1,G53-16,0.16552700000000001,Tans3
D-18-87/G41-17,M,N,Opphus,Opphus_1819,6813800,1260762,2018,2019,NA,NA,0,NA,0.12,1.14,0.03,4.04,565.035,19.834,160.899,0.298,429,Åmot,N,1.689,1,3,0,83.23303091,6,326,5010,0.579787751,0.529233151,0,0,0,0,0,0,5.00E-04,0,0,0,6.00E-04,0.00839,0,0,0,0.00328,0.01315,0.63998,0.01021,0,0.0274,0.1244,0,0,0.00937,0,0,0.13303,0,0,0.00691,0.02278,0,0,0,1,G41-17,0.206153,Kvt1
D-18-88/G36-18,F,N,Opphus,Opphus_1819,6813800,1260762,2018,2019,legal,NA,0,NA,0.12,1.14,0.03,4.04,565.035,19.834,160.899,0.298,429,Åmot,N,1.689,1,3,0,83.23303091,6,326,5010,0.579787751,0.529233151,0,0,0,0,0,0,5.00E-04,0,0,0,6.00E-04,0.00839,0,0,0,0.00328,0.01315,0.63998,0.01021,0,0.0274,0.1244,0,0,0.00937,0,0,0.13303,0,0,0.00691,0.02278,0,0,0,1,G36-18,0.40001700000000001,Julu10
G196-17,M,N,Osdalen 5,Osdalen_1819,6841903,1272477,2018,2019,legal,NA,0,NA,0.09,0.46,0,2,714.302,19.402,181.992,0.259,432,Rendalen,N,1.114,1,1,0,83.30107527,6,297.8,5010,0.492192977,0.483842306,0,0,0,0,0,0,0,0,0,0,0.00342,0,0,0,0,0.00079,0.05448,0.50993,0.00823,0,0.04021,0.02736,0,0.00355,0.14298,0,0,0.18085,0,0,0,0.02821,0,0,0,1,G196-17,0.22602800000000001,Rck5
G286-17,F,N,Osdalen 5,Osdalen_1819,6841903,1272477,2018,2019,legal,NA,0,NA,0.09,0.46,0,2,714.302,19.402,181.992,0.259,432,Rendalen,N,1.114,1,1,0,83.30107527,6,297.8,5010,0.492192977,0.483842306,0,0,0,0,0,0,0,0,0,0,0.00342,0,0,0,0,0.00079,0.05448,0.50993,0.00823,0,0.04021,0.02736,0,0.00355,0.14298,0,0,0.18085,0,0,0,0.02821,0,0,0,1,G286-17,0.22917000000000001,Osd4
G68-13,F,S,Prastkogen 4,Prästskogen_1819,6893550,1481568,2018,2019,NA,NA,0,NA,0.2,1.14,0.04,3.64,349.219,21.564,167.82,0.189,2161,Ljusdal,S,2.533,0,1,1,82.69791667,6,3,2.9,0.497781745,0.499048553,0,0.00088,0,0,0,0,0.00033,0,0,0,0,0.00188,0,0.00028,0,0.00125,0,0.64058,0.03677,0,0,0.23348,0,0,0,0,0,0.04061,0,0,0.00095,0.04299,0,0,0,1,G68-13,0.13900799999999999,Dju3
G108-16,M,S,Prästkogen 4,Prästskogen_1819,6893550,1481568,2018,2019,NA,NA,0,NA,0.2,1.14,0.04,3.64,349.219,21.564,167.82,0.189,2161,Ljusdal,S,2.533,0,1,1,82.69791667,6,3,2.9,0.497781745,0.499048553,0,0.00088,0,0,0,0,0.00033,0,0,0,0,0.00188,0,0.00028,0,0.00125,0,0.64058,0.03677,0,0,0.23348,0,0,0,0,0,0.04061,0,0,0.00095,0.04299,0,0,0,1,G108-16,0.157578,Julu9
G229-17,M,S,Rockesholm,Rockesholm_1819,6602097,1429141,2018,2019,NA,NA,0,NA,0.36,1.17,0.37,7.78,199.902,32.566,177.286,0.269,1863,Hällefors,S,21.4,0,4,0,82.75231481,6,2.7,2.3,0.715149998,0.684156019,0,0.00459,0.00073,0,0,0,0.00036,0,0,0,0.00043,0.04338,0,0.00124,0.00524,0.00351,6.00E-04,0.68325,0.08461,0,0,0.03274,0,0,0,0,0.00108,0.00999,0,0,0.00244,0.12582,0,0,0,1,G229-17,0.28747600000000001,Kin1
G82-17,F,S,Rockesholm,Rockesholm_1819,6602097,1429141,2018,2019,illegal,NA,0,NA,0.36,1.17,0.37,7.78,199.902,32.566,177.286,0.269,1863,Hällefors,S,21.4,0,4,0,82.75231481,6,2.7,2.3,0.715149998,0.684156019,0,0.00459,0.00073,0,0,0,0.00036,0,0,0,0.00043,0.04338,0,0.00124,0.00524,0.00351,6.00E-04,0.68325,0.08461,0,0,0.03274,0,0,0,0,0.00108,0.00999,0,0,0.00244,0.12582,0,0,0,1,G82-17,0.204487,Rom2
G103-17,F,S,Rombohöjden 3,Rombohöjden_1819,6620626,1448206,2018,2019,other,NA,0,Probably killed by rival,0.33,1.33,0.61,7.9,196.834,30.425,170.898,0.239,1884,Nora,S,12.5,0,4,0,82.10416667,6,3.1,2.3,0.475176388,0.549519977,0,0.0058,0.00032,0,0,0,0.00028,8.00E-05,0,0.00036,0.00031,0.03308,0,0.00137,0.00421,0.01285,0.00584,0.68396,0.08513,0,0,0.03812,0,0,0,0,0.00031,0.0085,0,0,0,0.11949,0,0,0,1,G103-17,0.204487,Rom2
G90-15,M,S,Rombohöjden 3,Rombohöjden_1819,6620626,1448206,2018,2019,NA,NA,0,NA,0.33,1.33,0.61,7.9,196.834,30.425,170.898,0.239,1884,Nora,S,12.5,0,4,0,82.10416667,6,3.1,2.3,0.475176388,0.549519977,0,0.0058,0.00032,0,0,0,0.00028,8.00E-05,0,0.00036,0.00031,0.03308,0,0.00137,0.00421,0.01285,0.00584,0.68396,0.08513,0,0,0.03812,0,0,0,0,0.00031,0.0085,0,0,0,0.11949,0,0,0,1,G90-15,0.222382,Lok3
G104-15,M,S,Ryssjön,Ryssjön_1819,6761404,1557177,2018,2019,NA,NA,0,NA,0.23,1.38,1.22,9.46,85.987,27.001,152.931,0.099,2101,Ockelbo,S,30.9,0,1,0,81.72222222,6,2.7,3,0.480032772,0.369282934,0,0.01285,0.00113,0,0,0,0.00043,0,0,0,0,0.04914,0,0.00148,3.00E-04,0.00289,0.01207,0.68488,0.04556,0,0,0.06583,0,0,0,0,0.00108,0.0187,0,0,0,0.09008,0,0,0.01357,1,G104-15,6.7336999999999994E-2,Bjås2
G88-16,F,S,Ryssjön,Ryssjön_1819,6761404,1557177,2018,2019,NA,NA,0,NA,0.23,1.38,1.22,9.46,85.987,27.001,152.931,0.099,2101,Ockelbo,S,30.9,0,1,0,81.72222222,6,2.7,3,0.480032772,0.369282934,0,0.01285,0.00113,0,0,0,0.00043,0,0,0,0,0.04914,0,0.00148,3.00E-04,0.00289,0.01207,0.68488,0.04556,0,0,0.06583,0,0,0,0,0.00108,0.0187,0,0,0,0.09008,0,0,0.01357,1,G88-16,0.21491199999999999,Snd3
G129-17,F,N,Römskog 2,Rømskog_1819,6623505,1270356,2018,2019,NA,NA,0,NA,0.34,1.26,0.46,5.64,215.199,32.53,182.125,0.348,121,Rømskog,N,17.353,1,5,0,83,6,96,658,0.641610866,0.502130319,0,0.00099,0,0,0,0,0,0,1.00E-04,0,0,0.05467,0,0.00042,0.00734,0.0274,3.00E-04,0.74381,0.00352,0,0,0.03347,0,0,0,0,0.00027,0.04753,0,0,0,0.08018,0,0,0,1,G129-17,0.218197,Mang4
G66-17,M,N,Römskog 2,Rømskog_1819,6623505,1270356,2018,2019,Illegal,NA,0,NA,0.34,1.26,0.46,5.64,215.199,32.53,182.125,0.348,121,Rømskog,N,17.353,1,5,0,83,6,96,658,0.641610866,0.502130319,0,0.00099,0,0,0,0,0,0,1.00E-04,0,0,0.05467,0,0.00042,0.00734,0.0274,3.00E-04,0.74381,0.00352,0,0,0.03347,0,0,0,0,0.00027,0.04753,0,0,0,0.08018,0,0,0,1,G66-17,0.222382,Fär2
G136-15,F,S,Sandsjön 5,Sandsjön_1819,6646595,1394644,2018,2019,illegal,NA,0,NA,0.3,1.09,0.23,5.74,268.484,34.548,177.586,0.367,1782,Filipstad,S,29.875,0,2,0,83.04545455,6,1.6,2.3,0.646533758,0.625230581,0,0.00613,0.00108,0,0,0,0,0,0,0,0,0.01064,0,0.00033,0.00083,0.00432,0.00179,0.73951,0.02659,0,0,0.10721,0,0,0,0,0.00225,0.0262,0,0,0,0.07312,0,0,0,1,G136-15,0.21491199999999999,Snd3
G19-17,M,S,Sandsjön 5,Sandsjön_1819,6646595,1394644,2018,2019,illegal,NA,0,NA,0.3,1.09,0.23,5.74,268.484,34.548,177.586,0.367,1782,Filipstad,S,29.875,0,2,0,83.04545455,6,1.6,2.3,0.646533758,0.625230581,0,0.00613,0.00108,0,0,0,0,0,0,0,0,0.01064,0,0.00033,0.00083,0.00432,0.00179,0.73951,0.02659,0,0,0.10721,0,0,0,0,0.00225,0.0262,0,0,0,0.07312,0,0,0,1,G19-17,0.23142399999999999,Glm1
G11-17,M,S,Sjunda 4,Sjunda_1819,6558708,1582942,2018,2019,NA,NA,0,NA,0.44,1.43,1.99,11.69,46.005,38.254,175.546,0.293,461,Gnesta,S,65.214,0,1,0,74.27604167,6,1.6,1.6,0.53984119,0.288079491,0,0.02223,0.00208,3.00E-04,0,0.00044,0.00074,8.00E-05,0,0.00092,0.00538,0.16699,0,0.0027,0.01104,0.02928,0.00519,0.5004,0.10284,0.00029,0,0.00743,0,0,0,0,0.00351,0.00369,0,0,0,0.13445,0,0,0,1,G11-17,0.18371199999999999,Vis2
G253-17,F,S,Sjunda 4,Sjunda_1819,6558708,1582942,2018,2019,NA,NA,0,NA,0.44,1.43,1.99,11.69,46.005,38.254,175.546,0.293,461,Gnesta,S,65.214,0,1,0,74.27604167,6,1.6,1.6,0.53984119,0.288079491,0,0.02223,0.00208,3.00E-04,0,0.00044,0.00074,8.00E-05,0,0.00092,0.00538,0.16699,0,0.0027,0.01104,0.02928,0.00519,0.5004,0.10284,0.00029,0,0.00743,0,0,0,0,0.00351,0.00369,0,0,0,0.13445,0,0,0,1,G253-17,0.39373599999999997,Sju2
G173-16,F,S,Sjösveden  3,Sjösveden_1819,6781204,1496350,2018,2019,illegal,NA,0,NA,0.1,1.06,0.07,4.56,303.899,24.929,177.741,0.161,2121,Ovanåker,S,13.925,0,1,0,82.921875,6,2.6,2.8,0.550397892,0.496794603,0,0.00032,0,0,0,0,0.00025,0,0,0,0,0.00204,0,0.00053,0.00033,0.00049,0.00258,0.67312,0.03726,0,0,0.1192,0,0,0,0,0.00153,0.04007,0,0,0,0.12227,0,0,0,1,G173-16,6.7336999999999994E-2,Bjås2
G29-15,M,S,Sjösveden  3,Sjösveden_1819,6781204,1496350,2018,2019,NA,NA,0,NA,0.1,1.06,0.07,4.56,303.899,24.929,177.741,0.161,2121,Ovanåker,S,13.925,0,1,0,82.921875,6,2.6,2.8,0.550397892,0.496794603,0,0.00032,0,0,0,0,0.00025,0,0,0,0,0.00204,0,0.00053,0.00033,0.00049,0.00258,0.67312,0.03726,0,0,0.1192,0,0,0,0,0.00153,0.04007,0,0,0,0.12227,0,0,0,1,G29-15,0.142761,Kors4
G23-16,M,S,Skrottmyran,Skrottmyran_1819,6871680,1495715,2018,2019,NA,NA,0,NA,0.27,1.16,0.25,5.18,272.699,22.979,164.6,0.18,2161,Ljusdal,S,3.6,0,3,0,81.83215726,6,3,3,0.535573524,0.358737201,0,0.00094,0.00033,0,0,0.00151,0.00027,0,0,0,0,0.02159,0,3.00E-04,3.00E-04,0,0,0.72918,0.01083,0,0,0.12551,0,0,0,0,0.00064,0.02486,0,0,0.00721,0.07651,0,0,0,1,G23-16,0.24685099999999999,Amä4
G14-19,F,S,Skrottmyran,Skrottmyran_1819,6871680,1495715,2018,2019,NA,NA,0,NA,0.27,1.16,0.25,5.18,272.699,22.979,164.6,0.18,2161,Ljusdal,S,3.6,0,3,0,81.83215726,6,3,3,0.535573524,0.358737201,0,0.00094,0.00033,0,0,0.00151,0.00027,0,0,0,0,0.02159,0,3.00E-04,3.00E-04,0,0,0.72918,0.01083,0,0,0.12551,0,0,0,0,0.00064,0.02486,0,0,0.00721,0.07651,0,0,0,1,G14-19,0.169262,Prä4
G18-10,F,S,Skugghöjden,Skugghöjden_1819,6665931,1326578,2018,2019,NA,NA,0,NA,0.29,1.31,0.17,5.19,279.495,35.334,170.884,0.412,1766,Sunne,S,11.341,1,2,0,83.109375,6,29.1,593.2,0.578769931,0.591874916,0,0.00073,0,0,0,0,0,0,0,0,0,0.00927,0,0,0.00278,0.00726,0,0.81404,0.01378,0,0,0.06873,0,0,0,0,0,0.02083,0,0,0,0.06258,0,0,0,1,G18-10,0.27612300000000001,Löv2
G47-10,M,S,Skugghöjden,Skugghöjden_1819,6665931,1326578,2018,2019,NA,NA,0,NA,0.29,1.31,0.17,5.19,279.495,35.334,170.884,0.412,1766,Sunne,S,11.341,1,2,0,83.109375,6,29.1,593.2,0.578769931,0.591874916,0,0.00073,0,0,0,0,0,0,0,0,0,0.00927,0,0,0.00278,0.00726,0,0.81404,0.01378,0,0,0.06873,0,0,0,0,0,0.02083,0,0,0,0.06258,0,0,0,1,G47-10,0,Kyn2
M-15-03/G141-13,M,N,Slettås 3,Slettås_1819,6799910,1296120,2018,2019,legal,NA,1,NA,0.43,1.02,1.02,6.25,573.136,19.749,175.937,0.193,428,Trysil,N,7.569,1,3,0,84.30208333,6,494.3,5010,0.591141781,0.544759814,0,0.00334,0.00082,0,0,0,0,0,0.00022,0,0.01419,0.00027,0,0,0.00147,0.01458,0.00208,0.59337,0.00367,0,0.01039,0.04364,0,0.00085,0.00595,0,0,0.25605,0,0,0.00192,0.0472,0,0,0,1,G141-13,0.13900799999999999,Dju3
M-17-14/G70-10,F,N,Slettås 3,Slettås_1819,6799910,1296120,2018,2019,legal,NA,1,NA,0.43,1.02,1.02,6.25,573.136,19.749,175.937,0.193,428,Trysil,N,7.569,1,3,0,84.30208333,6,494.3,5010,0.591141781,0.544759814,0,0.00334,0.00082,0,0,0,0,0,0.00022,0,0.01419,0.00027,0,0,0.00147,0.01458,0.00208,0.59337,0.00367,0,0.01039,0.04364,0,0.00085,0.00595,0,0,0.25605,0,0,0.00192,0.0472,0,0,0,1,G70-10,0.27612300000000001,Löv2
G175-17,F,N,Sotsjöen 1,Sotsjøen_1819,6642147,1276414,2018,2019,Illegal,NA,0,NA,0.44,1.58,0.34,5.66,237.679,31.676,177.952,0.326,221,Aurskog-Høland,N,9.592,1,5,0,83.18181818,6,138.2,1438.8,0.594225014,0.60138409,0,0.00275,0,0,0,0,0,0,0,0,0,0.02507,0,0.00162,0.00222,0.02208,0.00055,0.76288,0.00166,0,0,0.04443,0,0,0,0,0,0.05783,0,0,0,0.07891,0,0,0,1,G175-17,0.218197,Mang4
G58-17,M,N,Sotsjöen 1,Sotsjøen_1819,6642147,1276414,2018,2019,NA,NA,0,"moved to new territory, Skilingmark 3, in Sweden",0.44,1.58,0.34,5.66,237.679,31.676,177.952,0.326,221,Aurskog-Høland,N,9.592,1,5,0,83.18181818,6,138.2,1438.8,0.594225014,0.60138409,0,0.00275,0,0,0,0,0,0,0,0,0,0.02507,0,0.00162,0.00222,0.02208,0.00055,0.76288,0.00166,0,0,0.04443,0,0,0,0,0,0.05783,0,0,0,0.07891,0,0,0,1,G58-17,0.20694899999999999,Mgr1
G272-17,F,S,Stora Bör 1,Stora Bör_1819,6590283,1311535,2018,2019,NA,NA,0,NA,0.24,1.09,0.11,6.3,180.277,37.292,174.919,0.422,1765,Årjäng,S,11.9,0,3,0,82.32323232,6,2.1,2.3,0.719904876,0.536148378,0,0.00048,0,0,0,0,0,0,0,0,0.00075,0.03056,0,0.00403,0.00318,0.01431,0.00473,0.69106,0.06937,0,0,0.03762,0,0,0,0,0,0.00231,0,0,0,0.14159,0,0,0,1,G272-17,0.31059999999999999,Gla3
G90-17,M,S,Stora Bör 1,Stora Bör_1819,6590283,1311535,2018,2019,illegal,NA,0,NA,0.24,1.09,0.11,6.3,180.277,37.292,174.919,0.422,1765,Årjäng,S,11.9,0,3,0,82.32323232,6,2.1,2.3,0.719904876,0.536148378,0,0.00048,0,0,0,0,0,0,0,0,0.00075,0.03056,0,0.00403,0.00318,0.01431,0.00473,0.69106,0.06937,0,0,0.03762,0,0,0,0,0,0.00231,0,0,0,0.14159,0,0,0,1,G90-17,0.35401899999999997,Smk2
G295-17,M,S,Tandsjön 5,Tandsjön_1819,6850016,1422088,2018,2019,NA,NA,0,NA,0.11,0.88,0.02,2.79,533.116,24.636,171.436,0.206,2361,Härjedalen,S,3.925,0,0,1,82.58333333,6,1.6,2.6,0.250151444,0.295202588,0,0.00046,0,0,0,0,0,0,0,0,0,0.00329,0,0.00154,0.00129,0.0012,0,0.65623,0.00188,0,0,0.18517,0,0,0,0,0.00042,0.10891,0,0,0,0.03961,0,0,0,1,G295-17,0.29814099999999999,Sle3
G26-18,F,S,Tandsjön 5,Tandsjön_1819,6850016,1422088,2018,2019,NA,NA,0,NA,0.11,0.88,0.02,2.79,533.116,24.636,171.436,0.206,2361,Härjedalen,S,3.925,0,0,1,82.58333333,6,1.6,2.6,0.250151444,0.295202588,0,0.00046,0,0,0,0,0,0,0,0,0,0.00329,0,0.00154,0.00129,0.0012,0,0.65623,0.00188,0,0,0.18517,0,0,0,0,0.00042,0.10891,0,0,0,0.03961,0,0,0,1,G26-18,0.23710400000000001,Juv5
M17-01/G156-16,M,S,Tansen 4,Tansen_1819,6693673,1454071,2018,2019,NA,NA,1,NA,0.26,1.29,0.8,8.42,285.224,30.849,181.293,0.27,2085,Ludvika,S,30.38,0,1,0,82.625,6,2.8,2.5,0.541385542,0.591339127,0,0.0097,0.00064,0,0,0,0.00026,0,0,0,0.00105,0.00941,0,0.00026,0.00334,0.00376,0.00299,0.78151,0.03921,0,0,0.07889,0,0,0,0,5.00E-04,0.00659,0,0,0.00335,0.05855,0,0,0,1,G156-16,0.29814099999999999,Sle3
G135-17,F,S,Tansen 4,Tansen_1819,6693673,1454071,2018,2019,NA,NA,0,NA,0.26,1.29,0.8,8.42,285.224,30.849,181.293,0.27,2085,Ludvika,S,30.38,0,1,0,82.625,6,2.8,2.5,0.541385542,0.591339127,0,0.0097,0.00064,0,0,0,0.00026,0,0,0,0.00105,0.00941,0,0.00026,0.00334,0.00376,0.00299,0.78151,0.03921,0,0,0.07889,0,0,0,0,5.00E-04,0.00659,0,0,0.00335,0.05855,0,0,0,1,G135-17,0.243233,Nsj1
G88-17,M,S,Tinäset 1,Tinäset_1819,6689212,1555168,2018,2019,NA,NA,0,NA,0.26,1.18,0.52,9.02,85.896,38.519,171.934,0.198,2181,Sandviken,S,31.567,0,0,0,82.06372549,6,3,2.9,0.250104654,0.100043545,0,0.00441,0,0,0,0,0.00044,0,0,0,9.00E-05,0.0668,0,0.00408,0.00337,0.01081,0.01264,0.59283,0.05898,0.00522,0,0.07357,0,0,0,0,0.01439,0.03747,0,0,0.00839,0.1065,0,0,0,1,G88-17,0.23142399999999999,Glm1
G96-16,F,S,Tinäset 1,Tinäset_1819,6689212,1555168,2018,2019,illegal,NA,0,NA,0.26,1.18,0.52,9.02,85.896,38.519,171.934,0.198,2181,Sandviken,S,31.567,0,0,0,82.06372549,6,3,2.9,0.250104654,0.100043545,0,0.00441,0,0,0,0,0.00044,0,0,0,9.00E-05,0.0668,0,0.00408,0.00337,0.01081,0.01264,0.59283,0.05898,0.00522,0,0.07357,0,0,0,0,0.01439,0.03747,0,0,0.00839,0.1065,0,0,0,1,G96-16,6.7336999999999994E-2,Bjås3
G123-14,M,S,Tiveden 2,Tiveden_1819,6534770,1433121,2018,2019,NA,NA,0,NA,0.39,1.4,0.85,7.8,137.71,37.429,179.931,0.19,1860,Laxå,S,17.983,0,1,0,73.98477564,6,2.5,2.3,0.487625152,0.364344345,0,0.00875,0.00155,0.00086,0,0,0.00028,0,0,0.00025,0.00056,0.05264,0,0.00273,0.00322,0.01136,0.00707,0.65389,0.07492,0,0,0.04695,0,0,0,0,0.00479,0.02433,0,0,0,0.10584,0,0,0,1,G123-14,0.21412300000000001,Krp6
M-13-12/G31-13,F,S,Tiveden 2,Tiveden_1819,6534770,1433121,2018,2019,NA,NA,1,NA,0.39,1.4,0.85,7.8,137.71,37.429,179.931,0.19,1860,Laxå,S,17.983,0,1,0,73.98477564,6,2.5,2.3,0.487625152,0.364344345,0,0.00875,0.00155,0.00086,0,0,0.00028,0,0,0.00025,0.00056,0.05264,0,0.00273,0.00322,0.01136,0.00707,0.65389,0.07492,0,0,0.04695,0,0,0,0,0.00479,0.02433,0,0,0,0.10584,0,0,0,1,G31-13,NA,[Immigrant]
G222-17,M,S,Tjunken 1,Tjunken_1819,6610378,1372960,2018,2019,NA,NA,0,NA,0.46,1.14,1.85,13.03,110.522,36.695,177.777,0.324,1763,Forshaga,S,38.975,0,4,0,82.09375,6,2.5,2.3,0.477528543,0.57098592,0,0.01708,0.00119,0,0,0,1.00E-04,4.00E-04,0,0.00162,0.00226,0.15134,0,0.00459,0.00839,0.01726,0.00572,0.5321,0.06727,0,0,0.03275,0,0,0,0,0.00403,0.02043,0,0,0.00799,0.12549,0,0,0,1,G222-17,0.13404099999999999,Gård6
G7-18,F,S,Tjunken 1,Tjunken_1819,6610378,1372960,2018,2019,NA,NA,0,NA,0.46,1.14,1.85,13.03,110.522,36.695,177.777,0.324,1763,Forshaga,S,38.975,0,4,0,82.09375,6,2.5,2.3,0.477528543,0.57098592,0,0.01708,0.00119,0,0,0,1.00E-04,4.00E-04,0,0.00162,0.00226,0.15134,0,0.00459,0.00839,0.01726,0.00572,0.5321,0.06727,0,0,0.03275,0,0,0,0,0.00403,0.02043,0,0,0.00799,0.12549,0,0,0,1,G7-18,0.267822,Bratt3
G154-15,M,S,Varåa 2,Varåa_1819,6780536,1314116,2018,2019,NA,NA,0,NA,0.35,1.13,0.14,4.62,472.952,18.894,165.998,0.172,428,Trysil,N,5.976,1,2,0,83.93434343,6,418.9,3943.4,0.603618536,0.544688919,0,0.00019,0,0,0,0,0,0,0,0,0,0,0,0,0,0.00837,0,0.59646,0.01904,0,0,0.09183,0,0,0,0,0,0.25898,0,0,0.00291,0.02223,0,0,0,1,G154-15,0.22917000000000001,Osd4
M 18-17/G37-18,F,S,Varåa 2,Varåa_1819,6780536,1314116,2018,2019,NA,NA,1,NA,0.35,1.13,0.14,4.62,472.952,18.894,165.998,0.172,428,Trysil,N,5.976,1,2,0,83.93434343,6,418.9,3943.4,0.603618536,0.544688919,0,0.00019,0,0,0,0,0,0,0,0,0,0,0,0,0,0.00837,0,0.59646,0.01904,0,0,0.09183,0,0,0,0,0,0.25898,0,0,0.00291,0.02223,0,0,0,1,G37-18,0.23801600000000001,Våa1
G319-17,M,S,Venabäcken,Venabäcken_1819,6618279,1512356,2018,2019,NA,NA,0,NA,0.43,1.3,2.16,11.98,82.815,39.923,173.081,0.216,1983,Köping,S,66.74,0,3,0,81.65625,6,1.3,1.9,0.662296518,0.641175896,0,0.01925,0.00246,0,0,0,0,0,0,0.00039,0.00121,0.17148,0,0.00469,0.00744,0.01334,0.00398,0.56215,0.06563,0,0,0.07496,0,0,0,0.00054,0.00312,0.02486,0,0,0.0015,0.043,0,0,0,1,G319-17,0.222382,Fär2
G55-17,F,S,Venabäcken,Venabäcken_1819,6618279,1512356,2018,2019,NA,NA,0,NA,0.43,1.3,2.16,11.98,82.815,39.923,173.081,0.216,1983,Köping,S,66.74,0,3,0,81.65625,6,1.3,1.9,0.662296518,0.641175896,0,0.01925,0.00246,0,0,0,0,0,0,0.00039,0.00121,0.17148,0,0.00469,0.00744,0.01334,0.00398,0.56215,0.06563,0,0,0.07496,0,0,0,0.00054,0.00312,0.02486,0,0,0.0015,0.043,0,0,0,1,G55-17,0.235539,Kes1
G147-15,F,S,Vidaln 1,Vidaln_1819,6601234,1497693,2018,2019,NA,NA,0,NA,0.5,1.38,1.87,11.57,56.166,39.789,173.187,0.213,1983,Köping,S,44.2,0,2,0,76.53030303,6,1.4,2,0.648263473,0.447880723,0,0.0183,0.00562,0.00032,0,0.00047,0,0,0,0,0.00141,0.35435,0,0.00237,0.00685,0.01037,0.00309,0.42718,0.06768,0,0,0.05289,0,0,0,0,0.00276,0.00632,0,0,0.00231,0.0377,0,0,0,1,G147-15,0.31961099999999998,Köl2
M-15-02/G83-14,M,S,Vidaln 1,Vidaln_1819,6601234,1497693,2018,2019,illegal,NA,1,NA,0.5,1.38,1.87,11.57,56.166,39.789,173.187,0.213,1983,Köping,S,44.2,0,2,0,76.53030303,6,1.4,2,0.648263473,0.447880723,0,0.0183,0.00562,0.00032,0,0.00047,0,0,0,0,0.00141,0.35435,0,0.00237,0.00685,0.01037,0.00309,0.42718,0.06768,0,0,0.05289,0,0,0,0,0.00276,0.00632,0,0,0.00231,0.0377,0,0,0,1,G83-14,0.29736299999999999,Fär
G166-14,M,S,Villingsberg 4,Villingsberg_1819,6587050,1443786,2018,2019,illegal,NA,0,NA,0.48,1.29,1.38,10.66,174.954,33.245,176.03,0.208,1884,Nora,S,43.74,0,5,0,81.01176698,6,2.4,2.3,0.572886611,0.585184472,0,0.01472,0.00609,0,0,0,0.00112,0,0,0.00309,0.00198,0.06728,0,0.0021,0.00496,0.01092,0.00843,0.67168,0.09167,0,0,0.02701,0,0,0,0.00028,0.00382,0.02759,0,0,0.00206,0.05519,0,0,0,1,G166-14,0.157578,Julu9
G97-15,F,S,Villingsberg 4,Villingsberg_1819,6587050,1443786,2018,2019,NA,NA,0,NA,0.48,1.29,1.38,10.66,174.954,33.245,176.03,0.208,1884,Nora,S,43.74,0,5,0,81.01176698,6,2.4,2.3,0.572886611,0.585184472,0,0.01472,0.00609,0,0,0,0.00112,0,0,0.00309,0.00198,0.06728,0,0.0021,0.00496,0.01092,0.00843,0.67168,0.09167,0,0,0.02701,0,0,0,0.00028,0.00382,0.02759,0,0,0.00206,0.05519,0,0,0,1,G97-15,0.31961099999999998,Köl2
G111-17,F,S,Visten,Visten_1819,6629528,1361879,2018,2019,illegal,NA,0,NA,0.38,1.16,0.92,9.38,152.843,37.556,175.337,0.409,1766,Sunne,S,31.517,0,4,0,82.203125,6,2.4,2.3,0.608133291,0.607998773,0,0.01212,0.00084,0,0,0,0.00051,0.00034,0,0.00114,0.00129,0.12887,0,0.00327,0.00694,0.01059,0.00536,0.59559,0.06482,0,0,0.04577,0,0,0,0,0.00026,0.00922,0,0,0.00627,0.10679,0,0,0,1,G111-17,0.23801600000000001,Gård5
G246-17,M,S,Visten,Visten_1819,6629528,1361879,2018,2019,NA,NA,0,NA,0.38,1.16,0.92,9.38,152.843,37.556,175.337,0.409,1766,Sunne,S,31.517,0,4,0,82.203125,6,2.4,2.3,0.608133291,0.607998773,0,0.01212,0.00084,0,0,0,0.00051,0.00034,0,0.00114,0.00129,0.12887,0,0.00327,0.00694,0.01059,0.00536,0.59559,0.06482,0,0,0.04577,0,0,0,0,0.00026,0.00922,0,0,0.00627,0.10679,0,0,0,1,G246-17,0.169262,Prä4
G113-16,F,S,Ärla 2,Ärla_1819,6563998,1558748,2018,2019,NA,NA,0,NA,0.42,1.44,1.23,11.23,54.606,38.717,175.296,0.254,482,Flen,S,46.38,0,1,0,76,6,1.5,1.4,0.51718216,0.206887649,0,0.00819,0.00025,0,0,0,2.00E-04,0,0,0,0.0014,0.17461,0,0.00683,0.0146,0.04099,0.00874,0.5515,0.08976,3.00E-04,0,0.01997,0,0,0,0,0.00574,0.00552,0,0,0,0.07138,0,0,0,1,G113-16,0.19703899999999999,Sju1
G92-16,M,S,Ärla 2,Ärla_1819,6563998,1558748,2018,2019,NA,NA,0,NA,0.42,1.44,1.23,11.23,54.606,38.717,175.296,0.254,482,Flen,S,46.38,0,1,0,76,6,1.5,1.4,0.51718216,0.206887649,0,0.00819,0.00025,0,0,0,2.00E-04,0,0,0,0.0014,0.17461,0,0.00683,0.0146,0.04099,0.00874,0.5515,0.08976,3.00E-04,0,0.01997,0,0,0,0,0.00574,0.00552,0,0,0,0.07138,0,0,0,1,G92-16,0.19703899999999999,Sju1
G152-15,F,N,Östmarka 4,Østmarka_1819,6641674,1233754,2018,2019,NA,NA,0,NA,1.43,1.14,6.2,21.15,186.283,33.829,180.884,0.407,229,Enebakk,N,316.191,1,2,0,81.96464646,6,45.6,870.2,0.540201716,0.532008047,0,0.09323,0.0103,0.00044,0,0.00034,0.00101,0.00073,0,0.00364,0.00712,0.13203,0,0,0.00292,0.04609,0.00605,0.54745,0.00494,0,0,0.02203,0,0,0,0,0.00051,0.00491,0,0,0.00775,0.09984,0,0,0.00866,1,G152-15,0.42309600000000003,Öma2
G297-17,M,N,Östmarka 4,Østmarka_1819,6641674,1233754,2018,2019,NA,NA,0,NA,1.43,1.14,6.2,21.15,186.283,33.829,180.884,0.407,229,Enebakk,N,316.191,1,2,0,81.96464646,6,45.6,870.2,0.540201716,0.532008047,0,0.09323,0.0103,0.00044,0,0.00034,0.00101,0.00073,0,0.00364,0.00712,0.13203,0,0,0.00292,0.04609,0.00605,0.54745,0.00494,0,0,0.02203,0,0,0,0,0.00051,0.00491,0,0,0.00775,0.09984,0,0,0.00866,1,G297-17,0.236093,Öma3
G87-17,F,S,Andån,Andån_1920,6830587,1499137,2019,2020,NA,NA,0,NA,0.2,1.17,0.12,4.6,308.441,22.94,168.699,0.18,2161,NA,S,8.2,0,2,0,84.71505376,6,1.9,2.6,0.517016967,0.335892112,0,0,0,0,0,0,0,0,0,0,0,0.00372,0,0.00027,0.00027,0.00065,4.00E-05,0.76078,0.01711,0,0,0.13254,0,0,0,0,0,0.03029,0,0,0,0.05433,0,0,0,1,G87-17,0.23388300000000001,Vmy1
G176-16,M,S,Andån,Andån_1920,6830587,1499137,2019,2020,NA,NA,0,NA,0.2,1.17,0.12,4.6,308.441,22.94,168.699,0.18,2161,NA,S,8.2,0,2,0,84.71505376,6,1.9,2.6,0.517016967,0.335892112,0,0,0,0,0,0,0,0,0,0,0,0.00372,0,0.00027,0.00027,0.00065,4.00E-05,0.76078,0.01711,0,0,0.13254,0,0,0,0,0,0.03029,0,0,0,0.05433,0,0,0,1,G176-16,6.7336999999999994E-2,Bjås3
M-15-01/G140-13,F,S,Aspafallet 3,Aspafallet_1920,6616514,1482711,2019,2020,NA,NA,1,NA,0.38,1.19,0.58,8.02,114.785,38.438,172.918,0.236,1885,NA,S,22.4,0,4,0,65.09375,6,2.3,2.2,0.620858134,0.566700353,0,0.00899,0.00036,0,0,0,0,0,0,0,0.00095,0.08996,0,0.00078,0.01237,0.01649,0.00137,0.66117,0.03613,0,0,0.07428,0,0,0,0,0.00416,0.03421,0,0,0.00037,0.05841,0,0,0,1,G140-13,0.29248000000000002,Hed3
M17-11/G125-17,M,S,Aspafallet 3,Aspafallet_1920,6616514,1482711,2019,2020,censor,NA,1,NA,0.38,1.19,0.58,8.02,114.785,38.438,172.918,0.236,1885,NA,S,22.4,0,4,0,65.09375,6,2.3,2.2,0.620858134,0.566700353,0,0.00899,0.00036,0,0,0,0,0,0,0,0.00095,0.08996,0,0.00078,0.01237,0.01649,0.00137,0.66117,0.03613,0,0,0.07428,0,0,0,0,0.00416,0.03421,0,0,0.00037,0.05841,0,0,0,1,G125-17,0.22917000000000001,Osd4
G35-16,M,N,Aurskog 5,Aurskog_1920,6646959,1257580,2019,2020,NA,NA,0,NA,0.61,1.18,2.03,9.76,222.96,31.615,183.361,0.335,3026,NA,N,76.254,1,4,0,79.13809524,6,160.1,883.3,0.601689628,0.510952265,0,0.00908,0,0,0,0,0,0,0,0,0.00149,0.15798,0,0,0,0.02434,0.00095,0.64779,0.00081,0,0,0.05317,0,0,0,0,0.00051,0.03508,0,0,0.00074,0.06807,0,0,0,1,G35-16,0.31059999999999999,Gla3
G80-17,F,N,Aurskog 5,Aurskog_1920,6646959,1257580,2019,2020,Illegal,NA,0,NA,0.61,1.18,2.03,9.76,222.96,31.615,183.361,0.335,3026,NA,N,76.254,1,4,0,79.13809524,6,160.1,883.3,0.601689628,0.510952265,0,0.00908,0,0,0,0,0,0,0,0,0.00149,0.15798,0,0,0,0.02434,0.00095,0.64779,0.00081,0,0,0.05317,0,0,0,0,0.00051,0.03508,0,0,0.00074,0.06807,0,0,0,1,G80-17,0.28747600000000001,Kin1
G22-14,M,S,Björnås 4,Björnås_1920,6758113,1514576,2019,2020,NA,NA,0,NA,0.16,1.15,0.03,5.3,316.809,26.536,173.598,0.179,2080,NA,S,13.9,0,3,0,86.79166667,6,2.4,2.5,0.45479082,0.480880958,0,0.00041,0,0,0,0,0,0,0,0,0,0,0,0.00029,0.00031,0,0.00071,0.73635,0.03447,0,0,0.13563,0,0,0,0,0.002,0.04371,0,0,0,0.04611,0,0,0,1,G22-14,0.13900799999999999,Dju3
G113-12,F,S,Björnås 4,Björnås_1920,6758113,1514576,2019,2020,NA,NA,0,NA,0.16,1.15,0.03,5.3,316.809,26.536,173.598,0.179,2080,NA,S,13.9,0,3,0,86.79166667,6,2.4,2.5,0.45479082,0.480880958,0,0.00041,0,0,0,0,0,0,0,0,0,0,0,0.00029,0.00031,0,0.00071,0.73635,0.03447,0,0,0.13563,0,0,0,0,0.002,0.04371,0,0,0,0.04611,0,0,0,1,G113-12,0,Prä
M 19-01/G2-18,F,S,Bograngen 4,Bograngen_1920,6724099,1315650,2019,2020,other,NA,1,älgspark,0.35,1.92,0.02,4.99,377.105,19.264,183.208,0.187,3418,NA,N,5.094,1,3,0,83.04545455,6,147.3,3275.7,0.569098658,0.606438208,0,0,0,0,0,0,0,0,0,0,0,0.01029,0,0,0.00044,0.00105,0.00166,0.73051,0.03172,0,0,0.10795,0,0,0,0,0.00056,0.08329,0,0,0,0.03254,0,0,0,1,G2-18,0.25488499999999997,Kho1
M19-03/G86-16,M,S,Bograngen 4,Bograngen_1920,6724099,1315650,2019,2020,NA,NA,1,NA,0.35,1.92,0.02,4.99,377.105,19.264,183.208,0.187,3418,NA,N,5.094,1,3,0,83.04545455,6,147.3,3275.7,0.569098658,0.606438208,0,0,0,0,0,0,0,0,0,0,0,0.01029,0,0,0.00044,0.00105,0.00166,0.73051,0.03172,0,0,0.10795,0,0,0,0,0.00056,0.08329,0,0,0,0.03254,0,0,0,1,G86-16,0.16552700000000001,Tans3
G213-17,F,S,Boksjö 2,Boksjø_1920,6576586,1261042,2019,2020,NA,NA,0,NA,0.49,1.31,0.52,7.22,152.179,35.881,177.947,0.361,3012,NA,N,30.451,1,0,0,58.38799283,6,88.1,764.5,0.250070468,0.116394486,0,0.00861,0.00036,0,0,0,0,0,0,0.00046,0,0.07952,0,0.00038,0.00502,0.04074,0.0037,0.68227,0.01556,0,0.00035,0.04967,0,0,0,0,0,0.0146,0,0,0.00034,0.09841,0,0,0,1,G213-17,0.121395,Bjås4
G2-19,M,S,Boksjö 2,Boksjø_1920,6576586,1261042,2019,2020,NA,NA,0,NA,0.49,1.31,0.52,7.22,152.179,35.881,177.947,0.361,3012,NA,N,30.451,1,0,0,58.38799283,6,88.1,764.5,0.250070468,0.116394486,0,0.00861,0.00036,0,0,0,0,0,0,0.00046,0,0.07952,0,0.00038,0.00502,0.04074,0.0037,0.68227,0.01556,0,0.00035,0.04967,0,0,0,0,0,0.0146,0,0,0.00034,0.09841,0,0,0,1,G2-19,0,Tiv2
G11-16,M,S,Borgvik 3,Borgvik_1920,6582290,1329660,2019,2020,NA,NA,0,NA,0.33,1.21,0.44,7.43,118.095,39.067,176.949,0.422,1785,NA,S,19.525,0,3,0,65.13541667,6,2.6,2.6,0.589292941,0.524761556,0,0.00755,0.00081,0,0,0,0,0,0,0,0.00052,0.10158,0,0.00498,0.00333,0.01724,0.00663,0.58574,0.12152,0,0,0.02742,0,0,0,0,0.00594,0.00418,0,0,0,0.11256,0,0,0,1,G11-16,0.13900799999999999,Dju3
G132-16,F,S,Borgvik 3,Borgvik_1920,6582290,1329660,2019,2020,illegal,NA,0,NA,0.33,1.21,0.44,7.43,118.095,39.067,176.949,0.422,1785,NA,S,19.525,0,3,0,65.13541667,6,2.6,2.6,0.589292941,0.524761556,0,0.00755,0.00081,0,0,0,0,0,0,0,0.00052,0.10158,0,0.00498,0.00333,0.01724,0.00663,0.58574,0.12152,0,0,0.02742,0,0,0,0,0.00594,0.00418,0,0,0,0.11256,0,0,0,1,G132-16,0.243233,Nsj1
G168-16,F,N,Deisjöen 2,Deisjøen_1920,6810580,1265391,2019,2020,NA,NA,0,NA,0.14,1.17,0.19,4.56,529.329,18.971,161.037,0.258,3422,NA,N,1.662,1,2,0,87.37923351,6,299,4932,0.603907856,0.534241313,0,0,0,0,0,0,5.00E-04,0,0,0,0,0.00412,0,0,0,0.00303,0.00596,0.64522,0.0087,0,0.01983,0.13193,0,0,0.01295,0,0,0.14366,0,0,0.00611,0.01799,0,0,0,1,G168-16,0.157578,Julu9
G3-18,M,N,Deisjöen 2,Deisjøen_1920,6810580,1265391,2019,2020,Illegal,NA,0,NA,0.14,1.17,0.19,4.56,529.329,18.971,161.037,0.258,3422,NA,N,1.662,1,2,0,87.37923351,6,299,4932,0.603907856,0.534241313,0,0,0,0,0,0,5.00E-04,0,0,0,0,0.00412,0,0,0,0.00303,0.00596,0.64522,0.0087,0,0.01983,0.13193,0,0,0.01295,0,0,0.14366,0,0,0.00611,0.01799,0,0,0,1,G3-18,0.30543500000000001,Kyn4
G133-17,F,S,Finnsjön,Finnsjön_1920,6810491,1443515,2019,2020,NA,NA,0,NA,0.19,0.82,0,4.85,450.881,23.695,163.639,0.197,2034,NA,S,4.433,0,1,0,84.65625,6,2,2.5,0.386695467,0.213172367,0,0,0,0,0,0,0,0,0,0,0,0,0,0,0,0,0,0.70762,0.02384,0,0,0.12744,0,0,0,0,0.00164,0.1241,0,0,0,0.01535,0,0,0,1,G133-17,6.7336999999999994E-2,Bjås3
G268-17,M,S,Finnsjön,Finnsjön_1920,6810491,1443515,2019,2020,illegal,NA,0,NA,0.19,0.82,0,4.85,450.881,23.695,163.639,0.197,2034,NA,S,4.433,0,1,0,84.65625,6,2,2.5,0.386695467,0.213172367,0,0,0,0,0,0,0,0,0,0,0,0,0,0,0,0,0,0.70762,0.02384,0,0,0.12744,0,0,0,0,0.00164,0.1241,0,0,0,0.01535,0,0,0,1,G268-17,0.206153,Kvt1
G55-16,M,S,Forshaga  3,Forshaga_1920,6609568,1392356,2019,2020,NA,NA,0,NA,0.36,1.12,0.44,9.42,152.182,38.611,177.915,0.304,1780,NA,S,32.52,0,4,0,68.65104167,6,2.5,2.6,0.585941722,0.625588533,0,0.00338,0,0,0,0,0.00044,0,0,0,0.00144,0.12343,0,0.00238,0.00659,0.00944,0.00535,0.6195,0.05094,0,0,0.04327,0,0,0,0,0.00071,0.05334,0,0,0,0.07977,0,0,0,1,G55-16,0.21491199999999999,Snd3
G56-16,F,S,Forshaga  3,Forshaga_1920,6609568,1392356,2019,2020,NA,NA,0,NA,0.36,1.12,0.44,9.42,152.182,38.611,177.915,0.304,1780,NA,S,32.52,0,4,0,68.65104167,6,2.5,2.6,0.585941722,0.625588533,0,0.00338,0,0,0,0,0.00044,0,0,0,0.00144,0.12343,0,0.00238,0.00659,0.00944,0.00535,0.6195,0.05094,0,0,0.04327,0,0,0,0,0.00071,0.05334,0,0,0,0.07977,0,0,0,1,G56-16,0.31961099999999998,Köl2
G187-17,M,S,Glamsen 3,Glamsen_1920,6719035,1585331,2019,2020,NA,NA,0,NA,0.3,1.25,2.62,13.09,26.069,26.937,164.634,0.034,319,NA,S,39.967,0,0,0,79.40079365,6,2.9,2.7,0.495670452,0.492403523,0,0.03895,0.00938,0.00495,0.00299,0,0.00218,0.00037,0,0.00542,0.00327,0.01695,0,0.00611,0.00155,0.00671,0.02479,0.42396,0.09038,0.00044,0.00042,0.10528,0,0,0,0,0.00709,0.00851,0,0,0.0116,0.02779,0,0.00464,0.19626,1,G187-17,0.400426,Glm2
G66-12,F,S,Glamsen 3,Glamsen_1920,6719035,1585331,2019,2020,natural,NA,0,NA,0.3,1.25,2.62,13.09,26.069,26.937,164.634,0.034,319,NA,S,39.967,0,0,0,79.40079365,6,2.9,2.7,0.495670452,0.492403523,0,0.03895,0.00938,0.00495,0.00299,0,0.00218,0.00037,0,0.00542,0.00327,0.01695,0,0.00611,0.00155,0.00671,0.02479,0.42396,0.09038,0.00044,0.00042,0.10528,0,0,0,0,0.00709,0.00851,0,0,0.0116,0.02779,0,0.00464,0.19626,1,G66-12,0.13885500000000001,Ria
G13-16,M,S,Glaskogen 5,Glaskogen_1920,6610387,1298254,2019,2020,illegal,NA,0,NA,0.22,1.08,0.46,7.14,207.686,35.589,172.959,0.366,1765,NA,S,11.1,0,5,0,74.296875,6,2.5,2.6,0.573004063,0.489563209,0,0.00229,0,0,0,0,0,0,0,0,0,0.0475,0,0.00103,0.00583,0.0195,0.00099,0.74086,0.03515,0,0,0.02652,0,0,0,0,0.00027,0.01968,0,0,0,0.10039,0,0,0,1,G13-16,0.205933,B
G250-17,F,S,Glaskogen 5,Glaskogen_1920,6610387,1298254,2019,2020,NA,NA,0,NA,0.22,1.08,0.46,7.14,207.686,35.589,172.959,0.366,1765,NA,S,11.1,0,5,0,74.296875,6,2.5,2.6,0.573004063,0.489563209,0,0.00229,0,0,0,0,0,0,0,0,0,0.0475,0,0.00103,0.00583,0.0195,0.00099,0.74086,0.03515,0,0,0.02652,0,0,0,0,0.00027,0.01968,0,0,0,0.10039,0,0,0,1,G250-17,0.20694899999999999,Mgr1
G135-16,F,S,Grytingen 1,Grytingen_1920,6598727,1423827,2019,2020,NA,NA,0,NA,0.36,1.2,0.75,9.04,185.286,33.806,177.551,0.285,1883,NA,S,23.083,0,4,0,70.82222222,6,2.9,2.4,0.637017793,0.618704092,0,0.00586,0.00348,0,0,0.00053,0.00036,0,0,0,0.00088,0.06444,0,0.00305,0.00491,0.00789,3.00E-04,0.63525,0.08656,0,0,0.03255,0,0,0,0,0.00309,0.01041,0,0,0.00244,0.13799,0,0,0,1,G135-16,0.222382,Lok3
G43-17,M,S,Grytingen 1,Grytingen_1920,6598727,1423827,2019,2020,NA,NA,0,NA,0.36,1.2,0.75,9.04,185.286,33.806,177.551,0.285,1883,NA,S,23.083,0,4,0,70.82222222,6,2.9,2.4,0.637017793,0.618704092,0,0.00586,0.00348,0,0,0.00053,0.00036,0,0,0,0.00088,0.06444,0,0.00305,0.00491,0.00789,3.00E-04,0.63525,0.08656,0,0,0.03255,0,0,0,0,0.00309,0.01041,0,0,0.00244,0.13799,0,0,0,1,G43-17,0.28747600000000001,Kin1
G136-17,F,S,Gullsjön 1,Gullsjön_1920,6745234,1539338,2019,2020,NA,NA,0,NA,0.22,1.37,1.34,8.4,184.748,28.162,157.219,0.147,2101,NA,S,22.767,0,4,0,83.06190476,6,2.4,2.6,0.517707714,0.412289343,0,0.00728,0,0,0,0,0,0,0,0,0,0.05614,0,0.00127,0,0.00347,0.01136,0.75003,0.02865,0,0,0.08448,0,0,0,0,0.00073,0.01973,0,0,0,0.03687,0,0,0,1,G136-17,0.13467399999999999,Kors5
G169-17,M,S,Gullsjön 1,Gullsjön_1920,6745234,1539338,2019,2020,illegal,NA,0,NA,0.22,1.37,1.34,8.4,184.748,28.162,157.219,0.147,2101,NA,S,22.767,0,4,0,83.06190476,6,2.4,2.6,0.517707714,0.412289343,0,0.00728,0,0,0,0,0,0,0,0,0,0.05614,0,0.00127,0,0.00347,0.01136,0.75003,0.02865,0,0,0.08448,0,0,0,0,0.00073,0.01973,0,0,0,0.03687,0,0,0,1,G169-17,0.17519399999999999,Sjö3
G77-14,F,S,Gårdsjö  6,Gårdsjö_1920,6631637,1375042,2019,2020,illegal,NA,0,hanen I Gårdsjö 6 finns I Jangen,0.33,1.18,0.39,8.37,187.862,35.686,177.197,0.393,1763,NA,S,27.233,0,3,0,75.74479167,6,2.6,2.6,0.652968603,0.707872992,0,0.00585,0.00033,0,0,0,0,0,0,0.00057,0,0.04901,0,0.00162,0.00351,0.01282,0.00565,0.732,0.0472,0,0,0.05625,0,0,0,0,0.00065,0.00998,0,0,0.00712,0.06745,0,0,0,1,G77-14,0.28747600000000001,Kin1
G6-12,M,S,Gårdsjö 6,Gårdsjö_1920,6631637,1375042,2019,2020,illegal,NA,0,NA,0.33,1.18,0.39,8.37,187.862,35.686,177.197,0.393,1763,NA,S,27.233,0,3,0,75.74479167,6,2.6,2.6,0.652968603,0.707872992,0,0.00585,0.00033,0,0,0,0,0,0,0.00057,0,0.04901,0,0.00162,0.00351,0.01282,0.00565,0.732,0.0472,0,0,0.05625,0,0,0,0,0.00065,0.00998,0,0,0.00712,0.06745,0,0,0,1,G6-12,0,Kyn2
G124-13,F,S,Gåsmyren 2,Gåsmyren_1920,6674071,1488741,2019,2020,NA,NA,0,NA,0.24,1.42,1.36,8.45,198.022,34.759,173.87,0.303,2061,NA,S,15.775,0,2,0,82.63541667,6,3.2,2.4,0.518471393,0.523317913,0,0.00867,0.00168,0,0,0,0,0,0,0,0.00122,0.02239,0,0.00091,0.0065,0.01012,0.00438,0.72323,0.03557,0,0,0.08347,0,0,0,0,0.00163,0.00268,0,0,0,0.09754,0,0,0,1,G124-13,0.33898899999999998,Tans
G168-17,M,S,Gåsmyren 2,Gåsmyren_1920,6674071,1488741,2019,2020,NA,NA,0,NA,0.24,1.42,1.36,8.45,198.022,34.759,173.87,0.303,2061,NA,S,15.775,0,2,0,82.63541667,6,3.2,2.4,0.518471393,0.523317913,0,0.00867,0.00168,0,0,0,0,0,0,0,0.00122,0.02239,0,0.00091,0.0065,0.01012,0.00438,0.72323,0.03557,0,0,0.08347,0,0,0,0,0.00163,0.00268,0,0,0,0.09754,0,0,0,1,G168-17,0.400426,Glm2
G264-17,M,S,Haraldsjön,Haraldssjön_1920,6634740,1476740,2019,2020,NA,NA,0,NA,0.35,1.29,0.22,6.47,204.068,33.079,173.195,0.256,1885,NA,S,17.4,0,4,0,76.42424242,6,2.5,2.2,0.651920387,0.612293832,0,0.00502,0.00068,0,0,0,0.00091,7.00E-04,0,0.00044,0,0.03814,0,0.00155,0.00612,0.017,0.00262,0.73981,0.02513,0,0,0.07787,0,0,0,0,0.00062,0.01461,0,0,0,0.06878,0,0,0,1,G264-17,0.20644000000000001,Bil1
G259-17,F,S,Haraldsjön,Haraldssjön_1920,6634740,1476740,2019,2020,NA,NA,0,NA,0.35,1.29,0.22,6.47,204.068,33.079,173.195,0.256,1885,NA,S,17.4,0,4,0,76.42424242,6,2.5,2.2,0.651920387,0.612293832,0,0.00502,0.00068,0,0,0,0.00091,7.00E-04,0,0.00044,0,0.03814,0,0.00155,0.00612,0.017,0.00262,0.73981,0.02513,0,0,0.07787,0,0,0,0,0.00062,0.01461,0,0,0,0.06878,0,0,0,1,G259-17,0.31181300000000001,Asp2
G302-17,F,N,Hernes,Hernes_1920,6774588,1270634,2019,2020,Illegal,NA,0,NA,0.48,1.17,1.66,9.69,401.47,20.477,176.745,0.189,3420,NA,N,32.497,1,4,0,83.55208333,6,253.4,4932,0.527402117,0.439185058,0,0.01151,0.00255,0,0,0,0,0,0,0.00034,0.00508,0.01587,0,0.00038,0.00074,0.03574,0,0.6288,0.00177,0,0.00105,0.15628,0,0,0.0018,0,0,0.12252,0,0,0.00938,0.00619,0,0,0,1,G302-17,0.222382,Lok3
M 18-03/G294-17,M,N,Hernes,Hernes_1920,6774588,1270634,2019,2020,NA,NA,1,NA,0.48,1.17,1.66,9.69,401.47,20.477,176.745,0.189,3420,NA,N,32.497,1,4,0,83.55208333,6,253.4,4932,0.527402117,0.439185058,0,0.01151,0.00255,0,0,0,0,0,0,0.00034,0.00508,0.01587,0,0.00038,0.00074,0.03574,0,0.6288,0.00177,0,0.00105,0.15628,0,0,0.0018,0,0,0.12252,0,0,0.00938,0.00619,0,0,0,1,G294-17,0.29814099999999999,Sle3
G27-19,M,N,Hornmoen 1,Hornmoen_1920,6759157,1277130,2019,2020,NA,NA,0,NA,0.52,1.3,1.74,10.28,334.737,22.198,177.214,0.179,3420,NA,N,14.411,1,4,0,83.55729167,6,265.1,4932,0.4909866,0.374449074,0,0.01038,0.00153,0,0,0,0,0,0,0.00034,0.00128,0.04281,0,0,0.00148,0.03708,0,0.63098,0.00093,0,0.00037,0.17511,0,0,0,0,0,0.08039,0,0,0.00947,0.00784,0,0,0,1,G27-19,0.206153,Kvt1
G85-19,F,N,Hornmoen 1,Hornmoen_1920,6759157,1277130,2019,2020,NA,NA,0,NA,0.52,1.3,1.74,10.28,334.737,22.198,177.214,0.179,3420,NA,N,14.411,1,4,0,83.55729167,6,265.1,4932,0.4909866,0.374449074,0,0.01038,0.00153,0,0,0,0,0,0,0.00034,0.00128,0.04281,0,0,0.00148,0.03708,0,0.63098,0.00093,0,0.00037,0.17511,0,0,0,0,0,0.08039,0,0,0.00947,0.00784,0,0,0,1,G85-19,0.30543500000000001,Kyn4
G205-17,M,S,Igelsjön 1,Igelsjön_1920,6694287,1551742,2019,2020,NA,NA,0,NA,0.25,1.27,0.68,8.76,92.137,35.866,172.531,0.167,2181,NA,S,34.08,0,1,0,78.67204301,6,3.2,2.6,0.529695171,0.215394825,0,0.00568,0,0,0,0,0.00036,0,0,0,0,0.08097,0,0.00634,0.00293,0.00838,0.01021,0.60414,0.05777,0.00522,0,0.06538,0,0,0,0,0.01137,0.03518,0,0,0.00636,0.09972,0,0,0,1,G205-17,0.400426,Glm2
G77-17,F,S,Igelsjön 1,Igelsjön_1920,6694287,1551742,2019,2020,illegal,NA,0,NA,0.25,1.27,0.68,8.76,92.137,35.866,172.531,0.167,2181,NA,S,34.08,0,1,0,78.67204301,6,3.2,2.6,0.529695171,0.215394825,0,0.00568,0,0,0,0,0.00036,0,0,0,0,0.08097,0,0.00634,0.00293,0.00838,0.01021,0.60414,0.05777,0.00522,0,0.06538,0,0,0,0,0.01137,0.03518,0,0,0.00636,0.09972,0,0,0,1,G77-17,0.23142399999999999,Glm1
M-18-13/G160-16,F,S,Juvberget 6,Juvberget_1920,6756391,1317738,2019,2020,NA,NA,1,NA,0.22,1.08,0,5.06,418.846,18.272,167.774,0.189,1737,NA,S,6.883,1,4,0,84.43229167,6,62.9,1304,0.603425409,0.630157803,0,0.00083,0,0,0,0,0,0,0,0,0.00061,0,0,0.00048,0,0.00184,0.00171,0.63166,0.07499,0,0,0.13081,0,0,0,0,0,0.12679,0,0,0.00252,0.02777,0,0,0,1,G160-16,0.23388300000000001,Vmy1
M19-03/G86-16,M,S,Juvberget 6,Juvberget_1920,6756391,1317738,2019,2020,illegal,NA,1,NA,0.22,1.08,0,5.06,418.846,18.272,167.774,0.189,1737,NA,S,6.883,1,4,0,84.43229167,6,62.9,1304,0.603425409,0.630157803,0,0.00083,0,0,0,0,0,0,0,0,0.00061,0,0,0.00048,0,0.00184,0.00171,0.63166,0.07499,0,0,0.13081,0,0,0,0,0,0.12679,0,0,0.00252,0.02777,0,0,0,1,G86-16,0.16552700000000001,Tans3
G17-20,M,S,Järnsjön,Järnsjön_1920,6578251,1297851,2019,2020,NA,NA,0,NA,0.32,1.1,0.35,7.28,164.184,36.817,179.93,0.409,1765,NA,S,10.267,0,4,0,68.75520833,6,2.5,2.6,0.501106804,0.33801936,0,0.00449,0.00047,0,0,0,0,0,0,0,0.00075,0.0197,0,0.00186,0.00418,0.01982,0.0033,0.65558,0.07155,0,0,0.03319,0,0,0,0,0,0.00181,0,0,0,0.18331,0,0,0,1,G17-20,0.400426,Glm2
G63-19,F,S,Järnsjön,Järnsjön_1920,6578251,1297851,2019,2020,NA,NA,0,NA,0.32,1.1,0.35,7.28,164.184,36.817,179.93,0.409,1765,NA,S,10.267,0,4,0,68.75520833,6,2.5,2.6,0.501106804,0.33801936,0,0.00449,0.00047,0,0,0,0,0,0,0,0.00075,0.0197,0,0.00186,0.00418,0.01982,0.0033,0.65558,0.07155,0,0,0.03319,0,0,0,0,0,0.00181,0,0,0,0.18331,0,0,0,1,G63-19,0.34669499999999998,Lax1
G64-17,F,S,Kesberget,Kesberget_1920,6639903,1499229,2019,2020,NA,NA,0,NA,0.34,1.23,1.43,10.42,142.932,37.615,172.827,0.275,1904,NA,S,22.2,0,5,0,73.95454545,6,2.3,2,0.571955673,0.540432324,0,0.01279,0.00391,0,0,0,0.00087,0,0,0.00073,0.00079,0.03568,0,0.00173,0.00562,0.01743,0.00631,0.65567,0.05896,0,0,0.05891,0,0,0,0.02163,0.00156,0.02222,0,0,0.00067,0.09452,0,0,0,1,G64-17,0.222382,Fär2
G89-16,M,S,Kesberget,Kesberget_1920,6639903,1499229,2019,2020,NA,NA,0,NA,0.34,1.23,1.43,10.42,142.932,37.615,172.827,0.275,1904,NA,S,22.2,0,5,0,73.95454545,6,2.3,2,0.571955673,0.540432324,0,0.01279,0.00391,0,0,0,0.00087,0,0,0.00073,0.00079,0.03568,0,0.00173,0.00562,0.01743,0.00631,0.65567,0.05896,0,0,0.05891,0,0,0,0.02163,0.00156,0.02222,0,0,0.00067,0.09452,0,0,0,1,G89-16,0.23388300000000001,Vmy1
G35-18,F,S,Kockohonka 2,Kockohonka_1920,6687314,1317495,2019,2020,NA,NA,0,NA,0.4,1.78,0.06,5.54,316.965,31.962,172.826,0.383,3401,NA,N,10.338,1,2,0,82.44270833,6,114.2,2713.8,0.548975303,0.622022959,0,0.00122,0,0,0,0,0,0,0,0,0,0.00218,0,0,0.00426,0.00365,0.00192,0.79218,0.01598,0,0,0.07691,0,0,0,0,0,0.03762,0,0,0,0.06408,0,0,0,1,G35-18,0.25488499999999997,Kho1
G68-19,M,S,Kockohonka 2,Kockohonka_1920,6687314,1317495,2019,2020,NA,NA,0,NA,0.4,1.78,0.06,5.54,316.965,31.962,172.826,0.383,3401,NA,N,10.338,1,2,0,82.44270833,6,114.2,2713.8,0.548975303,0.622022959,0,0.00122,0,0,0,0,0,0,0,0,0,0.00218,0,0,0.00426,0.00365,0.00192,0.79218,0.01598,0,0,0.07691,0,0,0,0,0,0.03762,0,0,0,0.06408,0,0,0,1,G68-19,0.235539,Kes1
G26-15,F,S,Korsån 5,Korsån_1920,6722505,1521363,2019,2020,NA,NA,0,NA,0.22,1.41,0.93,8.27,202.252,29.233,169.008,0.197,2080,NA,S,24.84,0,2,0,82.16176471,6,2.6,2.5,0.554888801,0.559538495,0,0.00708,0.00192,0,0,0,0,0,0,0.00032,0.00108,0.02191,0,0,0.00035,0.00262,0.00122,0.73768,0.02154,0,0,0.12348,0,0,0,0,0.00033,0.00631,0,0,0,0.07415,0,0,0,1,G26-15,0.41430699999999998,Bjås
G96-12,M,S,Korsån 5,Korsån_1920,6722505,1521363,2019,2020,NA,NA,0,NA,0.22,1.41,0.93,8.27,202.252,29.233,169.008,0.197,2080,NA,S,24.84,0,2,0,82.16176471,6,2.6,2.5,0.554888801,0.559538495,0,0.00708,0.00192,0,0,0,0,0,0,0.00032,0.00108,0.02191,0,0,0.00035,0.00262,0.00122,0.73768,0.02154,0,0,0.12348,0,0,0,0,0.00033,0.00631,0,0,0,0.07415,0,0,0,1,G96-12,0,Kyn2
G151-15,M,S,Krokvattnet,Krokvattnet_1920,6851899,1461333,2019,2020,legal,NA,0,NA,0.22,0.91,0.07,3.91,414.885,24.462,172.082,0.182,2161,NA,S,2.25,0,0,0,85.21568627,6,1.9,2.6,0.489861219,0.43756966,0,0.00239,0,0,0,0,0,0,0,0,0,0,0,0.00029,0.00039,0,0,0.63973,0.01019,0,0,0.18479,0,0,0,0,0.00089,0.11199,0,0,0,0.04934,0,0,0,1,G151-15,0.23388300000000001,Vmy1
G99-16,F,S,Krokvattnet,Krokvattnet_1920,6851899,1461333,2019,2020,illegal,NA,0,NA,0.22,0.91,0.07,3.91,414.885,24.462,172.082,0.182,2161,NA,S,2.25,0,0,0,85.21568627,6,1.9,2.6,0.489861219,0.43756966,0,0.00239,0,0,0,0,0,0,0,0,0,0,0,0.00029,0.00039,0,0,0.63973,0.01019,0,0,0.18479,0,0,0,0,0.00089,0.11199,0,0,0,0.04934,0,0,0,1,G99-16,0.27572600000000003,Drag2
G122-14,M,S,Kymmen 1,Kymmen_1920,6660596,1318079,2019,2020,illegal,NA,0,NA,0.36,1.39,0.04,5.71,263.51,34.83,175.38,0.397,1784,NA,S,11.008,1,3,0,81.78125,6,57.6,1308.9,0.639449442,0.552594543,0,0.00029,0,0,0,0,0,0,0,0,0,0.0056,0,0.00067,0.00381,0.01715,0,0.81203,0.00715,0,0,0.05878,0,0,0,0,0,0.02262,0,0,0.00031,0.07157,0,0,0,1,G122-14,0.21412300000000001,Krp6
G25-18,F,S,Kymmen 1,Kymmen_1920,6660596,1318079,2019,2020,NA,NA,0,NA,0.36,1.39,0.04,5.71,263.51,34.83,175.38,0.397,1784,NA,S,11.008,1,3,0,81.78125,6,57.6,1308.9,0.639449442,0.552594543,0,0.00029,0,0,0,0,0,0,0,0,0,0.0056,0,0.00067,0.00381,0.01715,0,0.81203,0.00715,0,0,0.05878,0,0,0,0,0,0.02262,0,0,0.00031,0.07157,0,0,0,1,G25-18,0.15216099999999999,Sku
G18-15,M,N,Kynna 5,Kynna_1920,6751428,1293824,2019,2020,NA,NA,0,NA,0.31,1.46,0.48,6.39,359.465,21.768,175.337,0.193,3419,NA,N,8.056,1,7,0,83.36021505,6,248.2,4927.1,0.644076203,0.599484604,0,0.00048,0.00066,0,0,0,0,0,0,0,4.00E-04,0.06766,0,0,0,0.00915,0.0017,0.55215,0.00531,0,0,0.19355,0,0,0.0025,0,0,0.14785,0,0,0.00319,0.01541,0,0,0,1,G18-15,0.29980499999999999,Trå
G204-13,F,N,Kynna 5,Kynna_1920,6751428,1293824,2019,2020,NA,NA,0,NA,0.31,1.46,0.48,6.39,359.465,21.768,175.337,0.193,3419,NA,N,8.056,1,7,0,83.36021505,6,248.2,4927.1,0.644076203,0.599484604,0,0.00048,0.00066,0,0,0,0,0,0,0,4.00E-04,0.06766,0,0,0,0.00915,0.0017,0.55215,0.00531,0,0,0.19355,0,0,0.0025,0,0,0.14785,0,0,0.00319,0.01541,0,0,0,1,G204-13,0.29061900000000002,Äpp2
G23-20,M,S,Laxarby 2,Laxarby_1920,6566843,1307844,2019,2020,NA,NA,0,NA,0.35,1.18,0.27,7.9,149.717,37.51,176.879,0.447,1765,NA,S,14.25,0,3,0,66.515625,6,2.5,2.6,0.572456067,0.343205901,0,0.00083,0,0,0,0,0,0,0,0,0.00059,0.0372,0,0.00292,0.00369,0.0219,0.00764,0.63962,0.10651,0,0,0.02885,0,0,0,0,0,0.00177,0,0,0,0.14848,0,0,0,1,G23-20,0.169262,Prä4
G71-19,F,S,Laxarby 2,Laxarby_1920,6566843,1307844,2019,2020,NA,NA,0,NA,0.35,1.18,0.27,7.9,149.717,37.51,176.879,0.447,1765,NA,S,14.25,0,3,0,66.515625,6,2.5,2.6,0.572456067,0.343205901,0,0.00083,0,0,0,0,0,0,0,0,0.00059,0.0372,0,0.00292,0.00369,0.0219,0.00764,0.63962,0.10651,0,0,0.02885,0,0,0,0,0,0.00177,0,0,0,0.14848,0,0,0,1,G71-19,0.218197,Mang4
G132-11,M,N,Letjenna 2,Letjenna_1920,6783289,1278444,2019,2020,legal,NA,0,NA,0.27,1.03,0.35,6.33,458.676,20.6,190.899,0.19,3420,NA,N,7.573,1,7,0,83.31770833,6,315.1,4932,0.623564621,0.585762446,0,0.00046,0.00105,0,0,0,0,0,0,0,0.00044,0.00619,0,0,0.00038,0.01668,0,0.6376,0,0,0.00037,0.11408,0,0,0.00733,0,0,0.17919,0,0,0.0023,0.03392,0,0,0,1,G132-11,0.16552700000000001,Julu8
G74-11,F,N,Letjenna 2,Letjenna_1920,6783289,1278444,2019,2020,legal,NA,0,NA,0.27,1.03,0.35,6.33,458.676,20.6,190.899,0.19,3420,NA,N,7.573,1,7,0,83.31770833,6,315.1,4932,0.623564621,0.585762446,0,0.00046,0.00105,0,0,0,0,0,0,0,0.00044,0.00619,0,0,0.00038,0.01668,0,0.6376,0,0,0.00037,0.11408,0,0,0.00733,0,0,0.17919,0,0,0.0023,0.03392,0,0,0,1,G74-11,0.27917500000000001,Gös
G124-16,M,S,Loberget,Loberget_1920,6812628,1471585,2019,2020,NA,NA,0,NA,0.2,1.07,0.01,4.3,298.085,24.206,171.309,0.172,2031,NA,S,4.875,0,4,0,84.12254902,6,2,2.5,0.594502403,0.454775305,0,0.00101,0,0,0,0,0,0,0,0,0,0.00079,0,0,0.00071,0.00035,0.00035,0.68407,0.00891,0,0,0.2091,0,0,0,0.00134,0.00353,0.04513,0,0,0.00058,0.04413,0,0,0,1,G124-16,0.206153,Kvt1
G37-16,F,S,Loberget,Loberget_1920,6812628,1471585,2019,2020,NA,NA,0,NA,0.2,1.07,0.01,4.3,298.085,24.206,171.309,0.172,2031,NA,S,4.875,0,4,0,84.12254902,6,2,2.5,0.594502403,0.454775305,0,0.00101,0,0,0,0,0,0,0,0,0,0.00079,0,0,0.00071,0.00035,0.00035,0.68407,0.00891,0,0,0.2091,0,0,0,0.00134,0.00353,0.04513,0,0,0.00058,0.04413,0,0,0,1,G37-16,0.282555,Kmä1
G159-17,M,S,Långbogen 1,Långbogen_1920,6501306,1484166,2019,2020,NA,NA,0,NA,0.38,1.44,1.3,10.49,80.866,41.242,174.695,0.26,562,NA,S,68.8,0,0,0,47.84375,6,1.8,1.9,0.499120671,0.297461036,0,0.01522,0.00231,0,0,0,0.00033,0,0,0.00045,0.00237,0.18464,0,0.0184,0.00887,0.02518,0.00848,0.56749,0.03559,0,0,0.03805,0,0,0,0,0.00152,0.00197,0,0,0.00078,0.08835,0,0,0,1,G159-17,0.204487,Rom2
G169-16,F,S,Långbogen 1,Långbogen_1920,6501306,1484166,2019,2020,NA,NA,0,NA,0.38,1.44,1.3,10.49,80.866,41.242,174.695,0.26,562,NA,S,68.8,0,0,0,47.84375,6,1.8,1.9,0.499120671,0.297461036,0,0.01522,0.00231,0,0,0,0.00033,0,0,0.00045,0.00237,0.18464,0,0.0184,0.00887,0.02518,0.00848,0.56749,0.03559,0,0,0.03805,0,0,0,0,0.00152,0.00197,0,0,0.00078,0.08835,0,0,0,1,G169-16,0.157578,Julu9
G172-19,M,S,Låsen,Låsen_1920,6674123,1436219,2019,2020,NA,NA,0,NA,0.28,1.13,0.22,5.9,322.348,36.06,172.113,0.328,2085,NA,S,11.025,0,2,0,82.20707071,6,2.9,2.5,0.542088754,0.595115109,0,0.00338,0,0,0,0,0.00093,0.00041,0,0,0.00052,0.00082,0,0.00052,0.00124,0.00343,0.00058,0.74876,0.01882,0,0,0.10246,0,0,0,0,0.00102,0.05545,0,0,0,0.06166,0,0,0,1,G172-19,0.13404099999999999,Gård6
G48-18,F,S,Låsen,Låsen_1920,6674123,1436219,2019,2020,NA,NA,0,NA,0.28,1.13,0.22,5.9,322.348,36.06,172.113,0.328,2085,NA,S,11.025,0,2,0,82.20707071,6,2.9,2.5,0.542088754,0.595115109,0,0.00338,0,0,0,0,0.00093,0.00041,0,0,0.00052,0.00082,0,0.00052,0.00124,0.00343,0.00058,0.74876,0.01882,0,0,0.10246,0,0,0,0,0.00102,0.05545,0,0,0,0.06166,0,0,0,1,G48-18,0.243233,Nsj1
G10-15,F,S,Magnor 2,Magnor_1920,6644608,1295118,2019,2020,NA,NA,0,NA,0.61,1.41,1.49,8.58,192.694,32.981,171.699,0.317,1730,NA,S,12.297,1,5,0,78.71354167,6,64.1,1698.9,0.597555247,0.514956669,0,0.00891,0.00048,0,0,0,3.00E-04,0,9.00E-04,0,0.00119,0.06372,0,0.00333,0.0107,0.03362,0.00062,0.73772,0.01037,0,0,0.03103,0,0,0,0,0,0.02985,0,0,0,0.06724,0,0,0,1,G10-15,0.13900799999999999,Dju3
M-18-11/G237-17,M,S,Magnor 2,Magnor_1920,6644608,1295118,2019,2020,illegal,NA,1,NA,0.61,1.41,1.49,8.58,192.694,32.981,171.699,0.317,1730,NA,S,12.297,1,5,0,78.71354167,6,64.1,1698.9,0.597555247,0.514956669,0,0.00891,0.00048,0,0,0,3.00E-04,0,9.00E-04,0,0.00119,0.06372,0,0.00333,0.0107,0.03362,0.00062,0.73772,0.01037,0,0,0.03103,0,0,0,0,0,0.02985,0,0,0,0.06724,0,0,0,1,G237-17,0.243233,Nsj1
G124-17,M,N,Mangen 6,Mangen_1920,6666883,1278414,2019,2020,NA,NA,0,NA,0.62,1.8,1.14,7.45,274.74,31.553,171.318,0.302,3415,NA,N,18.697,1,2,0,82.08854167,6,156.7,3535.1,0.534641862,0.529470602,0,0.00554,0.00159,0.00072,0,0,0,0,0,0,0.00111,0.01556,0,0,0.00312,0.03442,0.00028,0.75468,0.00137,0,0,0.05211,0,0,0,0,0,0.09,0,0,0.00292,0.03658,0,0,0,1,G124-17,0.256382,Bvk1
G239-17,F,N,Mangen 6,Mangen_1920,6666883,1278414,2019,2020,NA,NA,0,NA,0.62,1.8,1.14,7.45,274.74,31.553,171.318,0.302,3415,NA,N,18.697,1,2,0,82.08854167,6,156.7,3535.1,0.534641862,0.529470602,0,0.00554,0.00159,0.00072,0,0,0,0,0,0,0.00111,0.01556,0,0,0.00312,0.03442,0.00028,0.75468,0.00137,0,0,0.05211,0,0,0,0,0,0.09,0,0,0.00292,0.03658,0,0,0,1,G239-17,0.25553100000000001,Gla4
G230-19,M,S,Mållången 1,Mållongen_1920,6792528,1497694,2019,2020,legal,NA,0,NA,0.19,1.19,0.93,6.52,270.811,25.759,173.325,0.166,2121,NA,S,5.95,0,4,0,85.97916667,6,2.3,2.6,0.494598823,0.449986742,0,0.00647,0.00059,0,0,0,0.00037,0,0,0,0,0.04337,0,0.00052,0.00209,0.00203,0,0.68518,0.0189,0,0,0.0932,0,0,0,0,0.00083,0.02854,0,0,0,0.11789,0,0,0,1,G230-19,0.17519399999999999,Sjö3
G262-17,F,S,Mållången 1,Mållongen_1920,6792528,1497694,2019,2020,NA,NA,0,NA,0.19,1.19,0.93,6.52,270.811,25.759,173.325,0.166,2121,NA,S,5.95,0,4,0,85.97916667,6,2.3,2.6,0.494598823,0.449986742,0,0.00647,0.00059,0,0,0,0.00037,0,0,0,0,0.04337,0,0.00052,0.00209,0.00203,0,0.68518,0.0189,0,0,0.0932,0,0,0,0,0.00083,0.02854,0,0,0,0.11789,0,0,0,1,G262-17,0.20988799999999999,Trb1
G156-14,M,S,Norrsjön 1,Norrsjön_1920,6666425,1435555,2019,2020,NA,NA,0,NA,0.28,1.07,0.21,5.99,324.191,34.593,172.689,0.314,2085,NA,S,8.94,0,1,0,82.03763441,6,3,2.5,0.552249231,0.557272962,0,0.00229,0,0,0,0,0.00093,0.00041,0,0,0.00074,0,0,0.00052,0.00029,0.00217,0.00058,0.77405,0.02045,0,0,0.09184,0,0,0,0,0.00084,0.05606,0,0,0,0.04883,0,0,0,1,G156-14,0.224609,Letj2
G53-16,F,S,Norrsjön 1,Norrsjön_1920,6666425,1435555,2019,2020,other,NA,0,"Ersattes direkt av ny tik, som var där före G53!6´s död",0.28,1.07,0.21,5.99,324.191,34.593,172.689,0.314,2085,NA,S,8.94,0,1,0,82.03763441,6,3,2.5,0.552249231,0.557272962,0,0.00229,0,0,0,0,0.00093,0.00041,0,0,0.00074,0,0,0.00052,0.00029,0.00217,0.00058,0.77405,0.02045,0,0,0.09184,0,0,0,0,0.00084,0.05606,0,0,0,0.04883,0,0,0,1,G53-16,0.16552700000000001,Tans3
G224-19,F,S,Nyskoga 6,Nyskoga_1920,6716946,1339519,2019,2020,illegal,NA,0,NA,0.27,0.93,0.46,4.07,366.879,19.416,170.69,0.216,1737,NA,S,5.094,1,1,0,82.3125,6,6.7,111,0.484773801,0.483185394,0,0.00204,0,0,0,0,0,0,0,0,0.00092,0.00557,0,0,0.00509,0.00165,0.00031,0.82786,0.02258,0,0,0.05898,0,0,0,0,0.00091,0.04535,0,0,0.00532,0.02341,0,0,0,1,G224-19,0.235592,Fld1
G47-18,M,S,Nyskoga 6,Nyskoga_1920,6716946,1339519,2019,2020,illegal,NA,0,NA,0.27,0.93,0.46,4.07,366.879,19.416,170.69,0.216,1737,NA,S,5.094,1,1,0,82.3125,6,6.7,111,0.484773801,0.483185394,0,0.00204,0,0,0,0,0,0,0,0,0.00092,0.00557,0,0,0.00509,0.00165,0.00031,0.82786,0.02258,0,0,0.05898,0,0,0,0,0.00091,0.04535,0,0,0.00532,0.02341,0,0,0,1,G47-18,0.243233,Nsj1
G68-13,F,S,Prastkogen 4,Prästskogen_1920,6896830,1477757,2019,2020,NA,NA,0,NA,0.22,1.11,0.02,3.14,349.171,21.53,170.853,0.182,2361,NA,S,2.533,0,3,1,87.421875,6,2.5,2.7,0.497313997,0.46433569,0,0.00088,0,0,0,0,0.00033,0,0,0,0,0.00166,0,0.00028,0,0.00159,0,0.61968,0.04956,0,0,0.22987,0,0,0,0,0,0.04473,0,0,0.00028,0.05113,0,0,0,1,G68-13,0.13900799999999999,Dju3
G108-16,M,S,Prästkogen 4,Prästskogen_1920,6896830,1477757,2019,2020,NA,NA,0,NA,0.22,1.11,0.02,3.14,349.171,21.53,170.853,0.182,2361,NA,S,2.533,0,3,1,87.421875,6,2.5,2.7,0.497313997,0.46433569,0,0.00088,0,0,0,0,0.00033,0,0,0,0,0.00166,0,0.00028,0,0.00159,0,0.61968,0.04956,0,0,0.22987,0,0,0,0,0,0.04473,0,0,0.00028,0.05113,0,0,0,1,G108-16,0.157578,Julu9
G151-17,F,S,Rombohöjden 4,Rombohöjden_1920,6615884,1441525,2019,2020,NA,NA,0,NA,0.34,1.25,0.13,6.98,206.379,30.415,173.232,0.25,1884,NA,S,12.45,0,2,0,76.84848485,6,3.3,2.3,0.568816329,0.576478671,0,0.00247,0,0,0,0,1.00E-05,0,0,0,0,0.01584,0,0.00084,0.00444,0.00658,0.00326,0.69397,0.09062,0,0,0.03805,0,0,0,0,0,0.00313,0,0,0.00094,0.13985,0,0,0,1,G151-17,0.204487,Rom2
G90-15,M,S,Rombohöjden 4,Rombohöjden_1920,6615884,1441525,2019,2020,NA,NA,0,NA,0.34,1.25,0.13,6.98,206.379,30.415,173.232,0.25,1884,NA,S,12.45,0,2,0,76.84848485,6,3.3,2.3,0.568816329,0.576478671,0,0.00247,0,0,0,0,1.00E-05,0,0,0,0,0.01584,0,0.00084,0.00444,0.00658,0.00326,0.69397,0.09062,0,0,0.03805,0,0,0,0,0,0.00313,0,0,0.00094,0.13985,0,0,0,1,G90-15,0.222382,Lok3
G246-17,M,S,Ruskåsen,Ruskåsen_1920,6681998,1357390,2019,2020,NA,NA,0,NA,0.29,1.19,0.47,5.72,244.075,34.861,179.196,0.38,1737,NA,S,6.5,0,1,0,81.375,6,2.8,2.6,0.331210011,0.432008726,0,0.00758,0.00078,0,0,0.00047,0,0,0,0.00034,0.0012,0.0395,0,0,0.00425,0.0159,0.00177,0.75286,0.01977,0,0,0.06543,0,0,0,0,0.00051,0.0427,0,0,0.00613,0.04081,0,0,0,1,G246-17,0.169262,Prä4
G84-18,F,S,Ruskåsen,Ruskåsen_1920,6681998,1357390,2019,2020,NA,NA,0,The male found under Visten,0.29,1.19,0.47,5.72,244.075,34.861,179.196,0.38,1737,NA,S,6.5,0,1,0,81.375,6,2.8,2.6,0.331210011,0.432008726,0,0.00758,0.00078,0,0,0.00047,0,0,0,0.00034,0.0012,0.0395,0,0,0.00425,0.0159,0.00177,0.75286,0.01977,0,0,0.06543,0,0,0,0,0.00051,0.0427,0,0,0.00613,0.04081,0,0,0,1,G84-18,0.235592,Fld1
G104-15,M,S,Ryssjön,Ryssjön_1920,6759724,1556404,2019,2020,NA,NA,0,NA,0.23,1.38,1.16,9.21,90.242,26.908,152.592,0.1,2101,NA,S,31.067,0,2,0,85.01515152,6,2.6,2.6,0.53046431,0.440599006,0,0.0124,0.00113,0,0,0,0.00043,0,0,0,0,0.04804,0,0.00148,3.00E-04,0.00289,0.01209,0.68942,0.04791,0,0,0.06636,0,0,0,0,0.00108,0.01896,0,0,0,0.08996,0,0,0.00754,1,G104-15,6.7336999999999994E-2,Bjås2
G88-16,F,S,Ryssjön,Ryssjön_1920,6759724,1556404,2019,2020,NA,NA,0,NA,0.23,1.38,1.16,9.21,90.242,26.908,152.592,0.1,2101,NA,S,31.067,0,2,0,85.01515152,6,2.6,2.6,0.53046431,0.440599006,0,0.0124,0.00113,0,0,0,0.00043,0,0,0,0,0.04804,0,0.00148,3.00E-04,0.00289,0.01209,0.68942,0.04791,0,0,0.06636,0,0,0,0,0.00108,0.01896,0,0,0,0.08996,0,0,0.00754,1,G88-16,0.21491199999999999,Snd3
G129-17,F,N,Römskog 3,Rømskog_1920,6621505,1268198,2019,2020,NA,NA,0,NA,0.42,1.28,0.77,6.23,206.408,32.746,181.458,0.349,3013,NA,N,17.37,1,4,0,73.54166667,6,85.8,648.7,0.611892219,0.503208239,0,0.00216,1.00E-04,0,0,0,0,0,0.00063,0,0.00028,0.07826,0,0.00042,0.00914,0.03275,3.00E-04,0.71904,0.00257,0,0,0.03705,0,0,0,0,0.00027,0.03742,0,0,0,0.07961,0,0,0,1,G129-17,0.218197,Mang4
G34-18,M,N,Römskog 3,Rømskog_1920,6621505,1268198,2019,2020,NA,NA,0,NA,0.42,1.28,0.77,6.23,206.408,32.746,181.458,0.349,3013,NA,N,17.37,1,4,0,73.54166667,6,85.8,648.7,0.611892219,0.503208239,0,0.00216,1.00E-04,0,0,0,0,0,0.00063,0,0.00028,0.07826,0,0.00042,0.00914,0.03275,3.00E-04,0.71904,0.00257,0,0,0.03705,0,0,0,0,0.00027,0.03742,0,0,0,0.07961,0,0,0,1,G34-18,0.249086,Mang5
G165-17,M,S,Siggefora,Siggefora_1920,6650207,1558803,2019,2020,NA,NA,0,NA,0.44,1.3,1.46,9.71,77.694,39.029,178.324,0.164,331,NA,S,43.925,0,0,0,67.61979167,6,2.4,2.5,0.250084998,0.100033999,0,0.01224,0.00337,0,0,0,0.00033,0,0,0.00051,0.00152,0.23553,0,0.00363,0.00182,0.0066,0.00478,0.59005,0.06019,0,0,0.05178,0,0,0,0,0.00635,0.00778,0,0,0,0.01351,0,0,0,1,G165-17,0,Tiv2
G24-19,F,S,Siggefora,Siggefora_1920,6650207,1558803,2019,2020,NA,NA,0,NA,0.44,1.3,1.46,9.71,77.694,39.029,178.324,0.164,331,NA,S,43.925,0,0,0,67.61979167,6,2.4,2.5,0.250084998,0.100033999,0,0.01224,0.00337,0,0,0,0.00033,0,0,0.00051,0.00152,0.23553,0,0.00363,0.00182,0.0066,0.00478,0.59005,0.06019,0,0,0.05178,0,0,0,0,0.00635,0.00778,0,0,0,0.01351,0,0,0,1,G24-19,0.13404099999999999,Gård6
G11-17,M,S,Sjunda 4,Sjunda_1920,6556646,1586250,2019,2020,NA,NA,0,NA,0.44,1.53,2.44,12.75,45.906,38.262,176.074,0.293,181,NA,S,73.433,0,1,0,50.72395833,6,1.3,1.5,0.515843898,0.311199052,0,0.02641,0.00321,3.00E-04,0,0.00044,0.00074,0.00031,0,0.00175,0.00616,0.17579,0,0.0027,0.01133,0.02977,0.0047,0.48958,0.10892,0,0,0.00774,0,0,0,0,0.00316,0.00392,0,0,0,0.12304,0,0,3.00E-05,1,G11-17,0.18371199999999999,Vis2
G253-17,F,S,Sjunda 4,Sjunda_1920,6556646,1586250,2019,2020,NA,NA,0,NA,0.44,1.53,2.44,12.75,45.906,38.262,176.074,0.293,181,NA,S,73.433,0,1,0,50.72395833,6,1.3,1.5,0.515843898,0.311199052,0,0.02641,0.00321,3.00E-04,0,0.00044,0.00074,0.00031,0,0.00175,0.00616,0.17579,0,0.0027,0.01133,0.02977,0.0047,0.48958,0.10892,0,0,0.00774,0,0,0,0,0.00316,0.00392,0,0,0,0.12304,0,0,3.00E-05,1,G253-17,0.39373599999999997,Sju2
G171-17,F,S,Sjösveden  4,Sjösveden_1920,6779517,1493384,2019,2020,legal,NA,0,NA,0.11,1.04,0,4.56,300.834,24.434,177.784,0.158,2121,NA,S,13.95,0,3,0,86.71212121,6,2.5,2.5,0.571363194,0.535472826,0,0.00106,0,0,0,0,0,0,0,0,0,0.00154,0,0.00053,0.00033,0.00049,0.00258,0.677,0.0436,0,0,0.11547,0,0,0,0,0.00153,0.03488,0,0,0,0.12097,0,0,0,1,G171-17,0.17519399999999999,Sjö3
G29-15,M,S,Sjösveden  4,Sjösveden_1920,6779517,1493384,2019,2020,NA,NA,0,NA,0.11,1.04,0,4.56,300.834,24.434,177.784,0.158,2121,NA,S,13.95,0,3,0,86.71212121,6,2.5,2.5,0.571363194,0.535472826,0,0.00106,0,0,0,0,0,0,0,0,0,0.00154,0,0.00053,0.00033,0.00049,0.00258,0.677,0.0436,0,0,0.11547,0,0,0,0,0.00153,0.03488,0,0,0,0.12097,0,0,0,1,G29-15,0.142761,Kors4
G31-19,F,S,Skillingmark 3,Skillingmark_1920,6630471,1281834,2019,2020,NA,NA,0,NA,0.34,1.29,0.24,5.56,223.65,32.261,176.344,0.336,3026,NA,N,9.43,1,4,0,78.52604167,6,49.3,455.3,0.70408744,0.633962413,0,0.00179,0,0,0,0,0,0,0,0,0,0.03094,0,0.00339,0.00878,0.02255,0,0.78581,0.01083,0,0,0.02123,0,0,0,0,0.00027,0.04657,0,0,0,0.06785,0,0,0,1,G31-19,0.20694899999999999,Mgr1
G58-17,M,S,Skillingmark 3,Skillingmark_1920,6630471,1281834,2019,2020,NA,NA,0,NA,0.34,1.29,0.24,5.56,223.65,32.261,176.344,0.336,3026,NA,N,9.43,1,4,0,78.52604167,6,49.3,455.3,0.70408744,0.633962413,0,0.00179,0,0,0,0,0,0,0,0,0,0.03094,0,0.00339,0.00878,0.02255,0,0.78581,0.01083,0,0,0.02123,0,0,0,0,0.00027,0.04657,0,0,0,0.06785,0,0,0,1,G58-17,0.20694899999999999,Mgr1
G23-16,M,S,Skrottmyran,Skrottmyran_1920,6872758,1494791,2019,2020,NA,NA,0,NA,0.26,1.15,0.16,5,278.29,22.898,164.778,0.181,2161,NA,S,3.6,0,2,0,85.765625,6,2.5,2.6,0.557289044,0.455523016,0,0.00042,0,0,0,0.00151,0,0,0,0,0,0.01768,0,3.00E-04,3.00E-04,0,0,0.72136,0.01068,0,0,0.13407,0,0,0,0,0.00064,0.02574,0,0,0.00702,0.08027,0,0,0,1,G23-16,0.24685099999999999,Amä4
G14-19,F,S,Skrottmyran,Skrottmyran_1920,6872758,1494791,2019,2020,NA,NA,0,NA,0.26,1.15,0.16,5,278.29,22.898,164.778,0.181,2161,NA,S,3.6,0,2,0,85.765625,6,2.5,2.6,0.557289044,0.455523016,0,0.00042,0,0,0,0.00151,0,0,0,0,0,0.01768,0,3.00E-04,3.00E-04,0,0,0.72136,0.01068,0,0,0.13407,0,0,0,0,0.00064,0.02574,0,0,0.00702,0.08027,0,0,0,1,G14-19,0.169262,Prä4
G18-10,F,S,Skugghöjden,Skugghöjden_1920,6666940,1329996,2019,2020,NA,NA,0,NA,0.29,1.28,0.43,5.47,269.624,35.556,167.889,0.415,1766,NA,S,11.3,1,3,0,82.60606061,6,15.1,278.6,0.590699666,0.591506662,0,0.00593,0.00052,0,0,0.00047,0,0,0,0.00034,0.00064,0.01617,0,0,0.00253,0.00989,0.00073,0.79885,0.01447,0,0,0.06742,0,0,0,0,0,0.01942,0,0,0,0.06261,0,0,0,1,G18-10,0.27612300000000001,Löv2
G47-10,M,S,Skugghöjden,Skugghöjden_1920,6666940,1329996,2019,2020,other,NA,0,old age,0.29,1.28,0.43,5.47,269.624,35.556,167.889,0.415,1766,NA,S,11.3,1,3,0,82.60606061,6,15.1,278.6,0.590699666,0.591506662,0,0.00593,0.00052,0,0,0.00047,0,0,0,0.00034,0.00064,0.01617,0,0,0.00253,0.00989,0.00073,0.79885,0.01447,0,0,0.06742,0,0,0,0,0,0.01942,0,0,0,0.06261,0,0,0,1,G47-10,0,Kyn2
G136-19,F,N,Slettås 4,Slettås_1920,6808312,1291856,2019,2020,NA,NA,0,NA,0.29,0.96,0.52,4.7,599.357,19.374,175.924,0.194,3421,NA,N,7.573,1,2,0,84.46774194,6,457.8,4932,0.51641803,0.453253477,0,2.00E-05,0.00014,0,0,0,0,0,0.00017,0,0.01371,0.00064,0,0,0.00147,0.01421,0.00208,0.62686,0.00324,0,0.01666,0.04159,0,0.00085,0.01589,0,0,0.22142,0,0,0.00199,0.03906,0,0,0,1,G136-19,0.13404099999999999,Gård6
G60-19,M,N,Slettås 4,Slettås_1920,6808312,1291856,2019,2020,NA,NA,0,NA,0.29,0.96,0.52,4.7,599.357,19.374,175.924,0.194,3421,NA,N,7.573,1,2,0,84.46774194,6,457.8,4932,0.51641803,0.453253477,0,2.00E-05,0.00014,0,0,0,0,0,0.00017,0,0.01371,0.00064,0,0,0.00147,0.01421,0.00208,0.62686,0.00324,0,0.01666,0.04159,0,0.00085,0.01589,0,0,0.22142,0,0,0.00199,0.03906,0,0,0,1,G60-19,0.237542,Brn1
G38-19,F,N,Spekedalen 2,Spekedalen_1920,6888090,1263192,2019,2020,legal,NA,0,NA,0.04,0.29,0.03,2.63,862.482,18.057,175.319,0.243,3424,NA,N,1.375,0,0,0,97.79765396,6,308.7,4932,0.250128544,0.100051417,0,0,0,0,0,0,0,0,0,0,0,0,0,0,0,0.01231,0.08494,0.1968,0.01788,0,0.02176,0.01921,0,0.01112,0.4649,0.00353,0,0.15376,0,0,0,0.0138,0,0,0,1,G38-19,0.23594200000000001,Des1
G91-18,M,N,Spekedalen 2,Stagelåsen_1920,6890167,1506626,2019,2020,legal,NA,0,NA,0.18,1.04,0.02,4.4,325.042,22.693,169.852,0.177,2161,NA,S,7.175,0,2,0,85.57575758,6,3.1,2.6,0.382282299,0.26758741,0,0.00088,0,0,0,0,0,0,0,0,0,0.00381,0,0,3.00E-04,0,0.00071,0.70227,0.0176,0,0,0.15764,0,0,0,0,0,0.02121,0,0,0,0.09558,0,0,0,1,G91-18,0.30543500000000001,Kyn4
G272-17,F,S,Stora Bör 2,Stora Bör_1920,6590809,1312227,2019,2020,NA,NA,0,NA,0.25,1.1,0.11,6.36,177.562,37.293,175.325,0.418,1785,NA,S,11.867,0,4,0,72.04901961,6,2.5,2.6,0.659052657,0.585059122,0,0.00065,0,0,0,0,0,0,0,0,0.00075,0.03772,0,0.00385,0.00287,0.0144,0.00479,0.67737,0.0725,0,0,0.03715,0,0,0,0,0,0.00231,0,0,0,0.14564,0,0,0,1,G272-17,0.31059999999999999,Gla3
G52-19,M,S,Stora Bör 2,Tansen_1920,6698426,1457463,2019,2020,NA,NA,0,NA,0.28,1.28,1.42,10.21,281.547,29.429,180.533,0.249,2026,NA,S,27.567,0,1,0,82.19791667,6,2.8,2.5,0.478534234,0.492450375,0,0.01236,0.00064,0,0,0,0.00026,0,0,0,0.00184,0.025,0,0.00026,0.00266,0.00368,0.00526,0.7859,0.04174,0,0,0.07095,0,0,0,0,5.00E-04,0.00486,0,0,0.00604,0.03805,0,0,0,1,G52-19,0.249692,Kvg1
G188-17,F,S,Tinäset 2,Tinäset_1920,6705038,1546115,2019,2020,NA,NA,0,NA,0.31,1.41,2.37,11.68,98.686,31.365,171.306,0.121,2104,NA,S,35.38,0,2,0,79.9375,6,3.2,2.6,0.416040068,0.19701774,0,0.01486,0.00013,0,0,0,0.00036,0,0,0,0.00209,0.10994,0,0.00531,0.00234,0.01271,0.00237,0.60575,0.05845,0.00058,0,0.05323,0,0,0,0,0.00419,0.02748,0,0,0,0.10021,0,0,0,1,G188-17,0.400426,Glm2
G88-17,M,S,Tinäset 2,Tinäset_1920,6705038,1546115,2019,2020,NA,NA,0,NA,0.31,1.41,2.37,11.68,98.686,31.365,171.306,0.121,2104,NA,S,35.38,0,2,0,79.9375,6,3.2,2.6,0.416040068,0.19701774,0,0.01486,0.00013,0,0,0,0.00036,0,0,0,0.00209,0.10994,0,0.00531,0.00234,0.01271,0.00237,0.60575,0.05845,0.00058,0,0.05323,0,0,0,0,0.00419,0.02748,0,0,0,0.10021,0,0,0,1,G88-17,0.23142399999999999,Glm1
G123-14,M,S,Tiveden 2,Tiveden_1920,6531770,1434196,2019,2020,illegal,NA,0,NA,0.39,1.41,0.88,7.95,141.823,37.398,179.612,0.203,1882,NA,S,16.65,0,0,0,56.62365591,6,2.1,2.3,0.492728257,0.383027743,0,0.00779,0.00142,0.00064,0,0,0.00028,0,0,0.00025,0.00056,0.05401,0,0.00285,0.00393,0.01387,0.00835,0.65803,0.06424,0,0,0.04448,0,0,0,0,0.00408,0.01773,0,0,0,0.1175,0,0,0,1,G123-14,0.21412300000000001,Krp6
M-13-12/G31-13,F,S,Tiveden 2,Tiveden_1920,6531770,1434196,2019,2020,NA,NA,1,NA,0.39,1.41,0.88,7.95,141.823,37.398,179.612,0.203,1882,NA,S,16.65,0,0,0,56.62365591,6,2.1,2.3,0.492728257,0.383027743,0,0.00779,0.00142,0.00064,0,0,0.00028,0,0,0.00025,0.00056,0.05401,0,0.00285,0.00393,0.01387,0.00835,0.65803,0.06424,0,0,0.04448,0,0,0,0,0.00408,0.01773,0,0,0,0.1175,0,0,0,1,G31-13,NA,[Immigrant]
G222-17,M,S,Tjunken 1,Tjunken_1920,6604242,1374116,2019,2020,NA,NA,0,NA,0.57,1.27,2.81,15.71,96.279,37.65,177.985,0.296,1780,NA,S,49,0,2,0,63.734375,6,2.6,2.6,0.607848691,0.496199508,7.00E-05,0.03598,0.00426,0,0,0.00192,0.00169,4.00E-04,0,0.00311,0.00419,0.18847,0,0.00526,0.00961,0.01282,0.00583,0.48989,0.06251,0,0,0.02444,0,0,0,0,0.00712,0.02841,0,0,0.00925,0.10477,0,0,0,1,G222-17,0.13404099999999999,Gård6
G7-18,F,S,Tjunken 1,Tjunken_1920,6604242,1374116,2019,2020,illegal,NA,0,NA,0.57,1.27,2.81,15.71,96.279,37.65,177.985,0.296,1780,NA,S,49,0,2,0,63.734375,6,2.6,2.6,0.607848691,0.496199508,7.00E-05,0.03598,0.00426,0,0,0.00192,0.00169,4.00E-04,0,0.00311,0.00419,0.18847,0,0.00526,0.00961,0.01282,0.00583,0.48989,0.06251,0,0,0.02444,0,0,0,0,0.00712,0.02841,0,0,0.00925,0.10477,0,0,0,1,G7-18,0.267822,Bratt3
G315-17,M,S,Tönsen,Tönsen_1920,6776422,1531542,2019,2020,NA,NA,0,NA,0.23,1.26,0.5,5.96,248.587,28.607,157.844,0.213,2183,NA,S,18.4,0,3,0,86.70833333,6,2.4,2.6,0.402257499,0.428468123,0,0.00563,0,0,0,0,0,0,0,0.00027,0,0.03431,0,0.00028,0.00084,0.00067,0.00398,0.71328,0.01934,0,0,0.15165,0,0,0,0,8.00E-04,0.02448,0,0,0,0.04447,0,0,0,1,G315-17,0.16900200000000001,Rys1
G51-16,F,S,Tönsen,Tönsen_1920,6776422,1531542,2019,2020,NA,NA,0,NA,0.23,1.26,0.5,5.96,248.587,28.607,157.844,0.213,2183,NA,S,18.4,0,3,0,86.70833333,6,2.4,2.6,0.402257499,0.428468123,0,0.00563,0,0,0,0,0,0,0,0.00027,0,0.03431,0,0.00028,0.00084,0.00067,0.00398,0.71328,0.01934,0,0,0.15165,0,0,0,0,8.00E-04,0.02448,0,0,0,0.04447,0,0,0,1,G51-16,0.125,Prä3
G236-17,F,N,Ulvåa,Ulvåa_1920,6765584,1292912,2019,2020,NA,NA,0,NA,0.24,1.18,0.2,6.09,448.174,20.237,173.402,0.171,3420,NA,N,6.883,1,6,0,83.50490196,6,281.1,4798.9,0.645536745,0.583838736,0,0,0,0,0,0,0,0,0,0,0,0.00344,0,0,0.00038,0.02024,0,0.56788,0.00503,0,0,0.12516,0,0,0.00242,0,0,0.26804,0,0,0,0.00741,0,0,0,1,G236-17,0.13404099999999999,Gård6
G71-18,M,N,Ulvåa,Ulvåa_1920,6765584,1292912,2019,2020,NA,NA,0,NA,0.24,1.18,0.2,6.09,448.174,20.237,173.402,0.171,3420,NA,N,6.883,1,6,0,83.50490196,6,281.1,4798.9,0.645536745,0.583838736,0,0,0,0,0,0,0,0,0,0,0,0.00344,0,0,0.00038,0.02024,0,0.56788,0.00503,0,0,0.12516,0,0,0.00242,0,0,0.26804,0,0,0,0.00741,0,0,0,1,G71-18,0.224609,Letj2
G154-15,M,S,Varåa 2,Varåa_1920,6779905,1314251,2019,2020,NA,NA,0,NA,0.34,1.15,0.11,4.56,470.429,18.839,166.244,0.172,3421,NA,N,5.997,1,4,0,85.359375,6,422.9,3798.2,0.58649794,0.588618728,0,0,0,0,0,0,0,0,0,0,0,0,0,0,0,0.00835,0,0.59617,0.0195,0,0,0.0946,0,0,0,0,0,0.25601,0,0,0.00291,0.02246,0,0,0,1,G154-15,0.22917000000000001,Osd4
M 18-17/G37-18,F,S,Varåa 2,Varåa_1920,6779905,1314251,2019,2020,NA,NA,1,NA,0.34,1.15,0.11,4.56,470.429,18.839,166.244,0.172,3421,NA,N,5.997,1,4,0,85.359375,6,422.9,3798.2,0.58649794,0.588618728,0,0,0,0,0,0,0,0,0,0,0,0,0,0,0,0.00835,0,0.59617,0.0195,0,0,0.0946,0,0,0,0,0,0.25601,0,0,0.00291,0.02246,0,0,0,1,G37-18,0.23801600000000001,Våa1
G319-17,M,S,Venabäcken,Venabäcken_1920,6617004,1508070,2019,2020,illegal,NA,0,NA,0.42,1.28,1.6,10.14,84.459,39.805,172.985,0.222,1983,NA,S,67.32,0,4,0,60.38888889,6,2,2,0.642957875,0.671670146,0,0.01919,0.00263,0,0,0,0,0,0,0.00039,0.00147,0.16967,0,0.004,0.00984,0.0137,0.00441,0.56272,0.06421,0,0,0.06847,0,0,0,0.00054,0.00339,0.02592,0,0,0.00035,0.04909,0,0,0,1,G319-17,0.222382,Fär2
G55-17,F,S,Venabäcken,Venabäcken_1920,6617004,1508070,2019,2020,NA,NA,0,NA,0.42,1.28,1.6,10.14,84.459,39.805,172.985,0.222,1983,NA,S,67.32,0,4,0,60.38888889,6,2,2,0.642957875,0.671670146,0,0.01919,0.00263,0,0,0,0,0,0,0.00039,0.00147,0.16967,0,0.004,0.00984,0.0137,0.00441,0.56272,0.06421,0,0,0.06847,0,0,0,0.00054,0.00339,0.02592,0,0,0.00035,0.04909,0,0,0,1,G55-17,0.235539,Kes1
G147-15,F,S,Vidaln 2,Vidaln_1920,6596968,1493138,2019,2020,NA,NA,0,NA,0.52,1.43,1.57,11.01,55.071,39.895,173.727,0.21,1984,NA,S,52,0,2,0,51.765625,6,2.1,2.1,0.530774529,0.402170073,0,0.01811,0.00359,0.00032,0,0.00059,0,0,0,0,0.00182,0.33206,0,0.00234,0.00595,0.01251,0.00256,0.44754,0.07265,0,0,0.04815,0,0,0,0,0.00258,0.00812,0,0,0.0035,0.03761,0,0,0,1,G147-15,0.31961099999999998,Köl2
G45-19,M,S,Vidaln 2,Vidaln_1920,6596968,1493138,2019,2020,NA,NA,0,NA,0.52,1.43,1.57,11.01,55.071,39.895,173.727,0.21,1984,NA,S,52,0,2,0,51.765625,6,2.1,2.1,0.530774529,0.402170073,0,0.01811,0.00359,0.00032,0,0.00059,0,0,0,0,0.00182,0.33206,0,0.00234,0.00595,0.01251,0.00256,0.44754,0.07265,0,0,0.04815,0,0,0,0,0.00258,0.00812,0,0,0.0035,0.03761,0,0,0,1,G45-19,0.222382,Fär2
G166-14,M,S,Villingsberg 4,Villingsberg_1920,6587326,1444555,2019,2020,NA,NA,0,NA,0.48,1.28,1.37,10.66,173.633,33.25,175.69,0.208,1884,NA,S,44.1,0,3,0,65.40104167,6,2.6,2.3,0.559886525,0.561588513,0,0.01551,0.00454,0,0,0,0.0014,0,0,0.00255,0.00207,0.06769,0,0.0021,0.00471,0.01083,0.0086,0.67257,0.09132,0,0,0.02732,0,0,0,0.00028,0.00416,0.02744,0,0,0.00206,0.05486,0,0,0,1,G166-14,0.157578,Julu9
G97-15,F,S,Villingsberg 4,Villingsberg_1920,6587326,1444555,2019,2020,NA,NA,0,NA,0.48,1.28,1.37,10.66,173.633,33.25,175.69,0.208,1884,NA,S,44.1,0,3,0,65.40104167,6,2.6,2.3,0.559886525,0.561588513,0,0.01551,0.00454,0,0,0,0.0014,0,0,0.00255,0.00207,0.06769,0,0.0021,0.00471,0.01083,0.0086,0.67257,0.09132,0,0,0.02732,0,0,0,0.00028,0.00416,0.02744,0,0,0.00206,0.05486,0,0,0,1,G97-15,0.31961099999999998,Köl2
G181-19,M,S,Älgsjön,Älgsjön_1920,6637985,1392558,2019,2020,illegal,NA,0,NA,0.25,1.13,0.04,5.73,251.621,35.074,176.93,0.36,1782,NA,S,30.62,0,2,0,79.390625,6,2.1,2.6,0.63680095,0.726662228,0,0.00116,0,0,0,0,0,0,0,0,0,0.01009,0,0.00033,0.00128,0.00475,0.00163,0.76926,0.03143,0,0,0.08387,0,0,0,0,0.00097,0.02558,0,0,0,0.06965,0,0,0,1,G181-19,0.13404099999999999,Gård6
G205-19,F,S,Älgsjön,Älgsjön_1920,6637985,1392558,2019,2020,illegal,NA,0,NA,0.25,1.13,0.04,5.73,251.621,35.074,176.93,0.36,1782,NA,S,30.62,0,2,0,79.390625,6,2.1,2.6,0.63680095,0.726662228,0,0.00116,0,0,0,0,0,0,0,0,0,0.01009,0,0.00033,0.00128,0.00475,0.00163,0.76926,0.03143,0,0,0.08387,0,0,0,0,0.00097,0.02558,0,0,0,0.06965,0,0,0,1,G205-19,0.267822,Bratt3
G113-16,F,S,Ärla 2,Ärla_1920,6564105,1565176,2019,2020,NA,NA,0,NA,0.47,1.42,1.45,11.92,51.286,38.591,174.126,0.269,461,NA,S,51.05,0,1,0,51.17647059,6,1.4,1.3,0.573600428,0.338716097,0,0.00936,0.00108,3.00E-04,0,0.00087,0.00089,0,0,0.00092,0.00309,0.16846,0,0.00716,0.01464,0.03684,0.00805,0.54001,0.0974,3.00E-04,0,0.01591,0,0,0,0,0.00713,0.00598,0,0,0,0.08158,0,0,0,1,G113-16,0.19703899999999999,Sju1
G92-16,M,S,Ärla 2,Ärla_1920,6564105,1565176,2019,2020,NA,NA,0,NA,0.47,1.42,1.45,11.92,51.286,38.591,174.126,0.269,461,NA,S,51.05,0,1,0,51.17647059,6,1.4,1.3,0.573600428,0.338716097,0,0.00936,0.00108,3.00E-04,0,0.00087,0.00089,0,0,0.00092,0.00309,0.16846,0,0.00716,0.01464,0.03684,0.00805,0.54001,0.0974,3.00E-04,0,0.01591,0,0,0,0,0.00713,0.00598,0,0,0,0.08158,0,0,0,1,G92-16,0.19703899999999999,Sju1
G152-15,F,N,Östmarka 5,Østmarka_1920,6642149,1232482,2019,2020,NA,NA,0,NA,1.54,1.16,6.59,22.4,180.044,33.863,181.801,0.401,3028,NA,N,321.382,1,1,0,77.67708333,6,37.9,769.4,0.546501758,0.529234128,0,0.10314,0.0149,0.00131,0.00054,0.00072,0.00101,0.00073,0,0.00527,0.00735,0.12448,0,0,0.00292,0.04574,0.00592,0.52643,0.00502,0,0,0.02032,0,0,0,0,0.00051,0.00491,0,0,0.00775,0.09792,0,0,0.02312,1,G152-15,0.42309600000000003,Öma2
G309-17,M,N,Östmarka 5,Østmarka_1920,6642149,1232482,2019,2020,Illegal,NA,0,NA,1.54,1.16,6.59,22.4,180.044,33.863,181.801,0.401,3028,NA,N,321.382,1,1,0,77.67708333,6,37.9,769.4,0.546501758,0.529234128,0,0.10314,0.0149,0.00131,0.00054,0.00072,0.00101,0.00073,0,0.00527,0.00735,0.12448,0,0,0.00292,0.04574,0.00592,0.52643,0.00502,0,0,0.02032,0,0,0,0,0.00051,0.00491,0,0,0.00775,0.09792,0,0,0.02312,1,G309-17,0.41571399999999997,Hob1
M-02-01,M,S,Leksand 2,Leksand_0203,6727785,1427450,2002,2003,other,NA,1,capture related,0.23,1.06,0.33,4.62,323.85,29.53,175.74,0.25,2029,Leksand,S,9.325,0,0,0,83,5,NA,3.5,0.250104059,0.289656017,0,0.00268,0,0,0,0,0,0,0,0,0.00096,0.01909,0,0.00039,0.00089,0.00138,0.00124,0.72909,0.03374,0,0,0.11283,0,0,0,0,0.00135,0.02719,0,0,0.00225,0.06692,0,0,0,0,M-02-01,0.234375,Kop1
M-98-05,F,S,Leksand 2,Leksand_0203,6727785,1427450,2002,2003,illegal,1,1,NA,0.23,1.06,0.33,4.62,323.85,29.53,175.74,0.25,2029,Leksand,S,9.325,0,0,0,83,5,NA,3.5,0.250104059,0.289656017,0,0.00268,0,0,0,0,0,0,0,0,0.00096,0.01909,0,0.00039,0.00089,0.00138,0.00124,0.72909,0.03374,0,0,0.11283,0,0,0,0,0.00135,0.02719,0,0,0.00225,0.06692,0,0,0,0,M-98-05,0.125,X
M-00-06,M,S,Tyngsjö,Tyngsjö_0203,6685916,1389858,2002,2003,illegal,1,1,NA,0.21,0.91,0,4.02,333.6,33.28,176.14,0.32,1783,Hagfors,S,5.5,0,0,0,78.66060606,5,NA,4.4,0.250095986,0.229726088,0,0,0,0,0,0,0,0,0,0,0,0.00067,0,0,0,0,0.00166,0.6726,0.02627,0,0,0.13887,0,0,0,0,0.00121,0.07248,0,0,0,0.08624,0,0,0,0,M-00-06,0.1875,Le1
M-02-04,F,S,Tyngsjö,Tyngsjö_0203,6685916,1389858,2002,2003,illegal,1,1,NA,0.21,0.91,0,4.02,333.6,33.28,176.14,0.32,1783,Hagfors,S,5.5,0,0,0,78.66060606,5,NA,4.4,0.250095986,0.229726088,0,0,0,0,0,0,0,0,0,0,0,0.00067,0,0,0,0,0.00166,0.6726,0.02627,0,0,0.13887,0,0,0,0,0.00121,0.07248,0,0,0,0.08624,0,0,0,0,M-02-04,0.125,Fre
D-11-26,M,S,Kynnefjäll 1,Kynnefjäll_0809,6528946,1261771,2008,2009,NA,NA,0,No data on coordinates. I took the coordinates from 0910,0.39,1.23,0.23,6.88,147.36,37.69,177.74,0.34,1435,Tanum,S,18.116,1,4,0,44.92647059,6,NA,126.8,0.508241921,0.449780382,0,0.0019,0.00205,0,0,0,0,0,0,9.00E-05,0,0.08421,0,0.00266,0.00561,0.02658,0.00467,0.73246,0.02019,0,0,0.02898,0,0.00121,0.00153,0,0,0.03664,0,0,0,0.05123,0,0,0,0,D-11-26,0.26757799999999998,Grä1
G5-09,F,S,Kynnefjäll 1,Kynnefjäll_0809,6528946,1261771,2008,2009,NA,NA,0,NA,0.39,1.23,0.23,6.88,147.36,37.69,177.74,0.34,1435,Tanum,S,18.116,1,4,0,44.92647059,6,NA,126.8,0.508241921,0.449780382,0,0.0019,0.00205,0,0,0,0,0,0,9.00E-05,0,0.08421,0,0.00266,0.00561,0.02658,0.00467,0.73246,0.02019,0,0,0.02898,0,0.00121,0.00153,0,0,0.03664,0,0,0,0.05123,0,0,0,0,G5-09,0.29003899999999999,DE4
G17-08,F,S,Bredfjället 2,Bredfjället_1011,6443614,1273592,2010,2011,censor,NA,0,NA,0.6,1.73,3.42,15.44,65,35.84,186.16,0.35,1415,Stenungsund,S,84.7,0,0,0,75.40555556,6,NA,2.7,0.250101462,0.199963292,0,0.03454,0.00555,0.00113,0.00102,0,0.00124,0,0,0.00204,0.00489,0.1626,0,0.01572,0.00815,0.05662,0.05443,0.46709,0.05485,0,0,0.01193,0,2.00E-05,5.00E-04,0,0,0.00233,0,0,0.00739,0.01889,0,0,0.08905,0,G17-08,0.39843800000000001,DE2
G53-10,M,S,Bredfjället 2,Bredfjället_1011,6443614,1273592,2010,2011,illegal,NA,0,NA,0.6,1.73,3.42,15.44,65,35.84,186.16,0.35,1415,Stenungsund,S,84.7,0,0,0,75.40555556,6,NA,2.7,0.250101462,0.199963292,0,0.03454,0.00555,0.00113,0.00102,0,0.00124,0,0,0.00204,0.00489,0.1626,0,0.01572,0.00815,0.05662,0.05443,0.46709,0.05485,0,0,0.01193,0,2.00E-05,5.00E-04,0,0,0.00233,0,0,0.00739,0.01889,0,0,0.08905,0,G53-10,0.227051,Sil1
G104-11,M,S,Kungskogen 1,Kungskogen_1112,6598197,1396959,2011,2012,NA,NA,0,NA,0.42,1.15,0.43,9.4,121.88,39.94,180.13,0.28,1780,Karlstad,S,30.775,0,3,0,79.16145833,6,NA,3.8,0.300386369,0.179299483,0,0.00469,0.00061,0,0,0,0.00044,0,0,0,0.00159,0.19564,0,0.00383,0.00581,0.00958,0.00551,0.53509,0.05135,0,0,0.03501,0,0,0,0,0.00788,0.06335,0,0,0,0.0785,0.00112,0,0,0,G104-11,0,Kyn2
G49-11,F,S,Kungskogen 1,Kungskogen_1112,6598197,1396959,2011,2012,NA,NA,0,NA,0.42,1.15,0.43,9.4,121.88,39.94,180.13,0.28,1780,Karlstad,S,30.775,0,3,0,79.16145833,6,NA,3.8,0.300386369,0.179299483,0,0.00469,0.00061,0,0,0,0.00044,0,0,0,0.00159,0.19564,0,0.00383,0.00581,0.00958,0.00551,0.53509,0.05135,0,0,0.03501,0,0,0,0,0.00788,0.06335,0,0,0,0.0785,0.00112,0,0,0,G49-11,0,Kyn2
G103-10,F,S,Prästskogen 1,Prästskogen_1112,6870630,1487124,2011,2012,NA,NA,0,Prästskogen not registered by Viltskadecenter 2011/12. Coordinates taken from 1213,0.28,1.14,0.04,4.09,307.04,22.97,162.26,0.18,2161,Ljusdal,S,3.6,0,1,0,81.19791667,6,NA,2.8,0.221402327,0.252404912,0,0.00039,0,0,0,0.00151,0,0,0,0,0,0.01101,0,3.00E-04,0.00083,0,0,0.75015,0.01172,0,0,0.1467,0,0,0,0,0.00064,0.03535,0,0,0.00834,0.03304,0,0,0,0,G103-10,0,Kyn2
M-09-03,M,S,Prästskogen 1,Prästskogen_1112,6870630,1487124,2011,2012,NA,NA,1,NA,0.28,1.14,0.04,4.09,307.04,22.97,162.26,0.18,2161,Ljusdal,S,3.6,0,1,0,81.19791667,6,NA,2.8,0.221402327,0.252404912,0,0.00039,0,0,0,0.00151,0,0,0,0,0,0.01101,0,3.00E-04,0.00083,0,0,0.75015,0.01172,0,0,0.1467,0,0,0,0,0.00064,0.03535,0,0,0.00834,0.03304,0,0,0,0,M-09-03,NA,[Immigrant]
G21-12,M,S,Haverö 2,Haverö_1213,6907168,1476581,2012,2013,NA,NA,0,NA,0.22,1.06,0.22,3.69,338.44,22.08,172.32,0.16,2161,Ljusdal,S,2.5,0,0,1,89.73888889,6,3.4,3.4,0.250106284,0.297684657,0,0.00061,0.00024,0,0,0,0.00033,0,0,0,0,0.00024,0,0.001,0.00139,0.00325,0,0.60267,0.04538,0,0,0.20582,0,0,0,0,0,0.05143,0,0,0.00051,0.08714,0,0,0,0,G21-12,0.46972700000000001,Skrä1
G34-10,F,S,Haverö 2,Haverö_1213,6907168,1476581,2012,2013,illegal,1,0,7 hagel funna i kroppen,0.22,1.06,0.22,3.69,338.44,22.08,172.32,0.16,2161,Ljusdal,S,2.5,0,0,1,89.73888889,6,3.4,3.4,0.250106284,0.297684657,0,0.00061,0.00024,0,0,0,0.00033,0,0,0,0,0.00024,0,0.001,0.00139,0.00325,0,0.60267,0.04538,0,0,0.20582,0,0,0,0,0,0.05143,0,0,0.00051,0.08714,0,0,0,0,G34-10,0.46972700000000001,Skrä1
G2-11,F,S,Kynnefjäll 2,Kynnefjäll_1213,6528246,1259310,2012,2013,illegal,NA,0,"Kynnefjäll not registered by VSC 1213 because they disappeared early in season, I used the coordinates för  1112",0.38,1.22,0.11,6.61,141.13,37.53,179.87,0.34,1435,Tanum,S,19.863,1,2,0,56.77137213,6,17,122.6,0.298592785,0.433879033,0,0,0.00291,0,0,0,0,0,0,0,0,0.08741,0,0.00224,0.00608,0.02757,0.00523,0.73941,0.0191,0,0,0.02697,0,0.00133,0.00172,0,0,0.0297,0,0,0,0.05034,0,0,0,0,G2-11,0.29541000000000001,Kyf
G63-10,M,S,Kynnefjäll 2,Kynnefjäll_1213,6528246,1259310,2012,2013,illegal,NA,0,NA,0.38,1.22,0.11,6.61,141.13,37.53,179.87,0.34,1435,Tanum,S,19.863,1,2,0,56.77137213,6,17,122.6,0.298592785,0.433879033,0,0,0.00291,0,0,0,0,0,0,0,0,0.08741,0,0.00224,0.00608,0.02757,0.00523,0.73941,0.0191,0,0,0.02697,0,0.00133,0.00172,0,0,0.0297,0,0,0,0.05034,0,0,0,0,G63-10,0,Gal
G18-08,F,S,Långsjön 5,Långsjön_1213,6737838,1497539,2012,2013,illegal,NA,0,"Långsjön not registered by VSC in 1213 because they disappeared early in season, I used the coordinates för  1112",0.33,1.31,2.08,9.63,224.02,23.12,175.03,0.17,2080,Falun,S,15.2,0,3,0,75.33854167,6,2.6,1.9,0.413810744,0.418441929,0,0.02125,0.00097,0,0,0,0,0,0,0.00112,0.00109,0.04303,0,0.00077,0.00884,0.01468,7.00E-05,0.75,0.01515,0,0,0.05958,0,0,0,0,0,0.00431,0,0,0.00059,0.07854,0,0,0,0,G18-08,0.227051,Sil1
G97-12,M,S,Långsjön 5,Långsjön_1213,6737838,1497539,2012,2013,illegal,NA,0,NA,0.33,1.31,2.08,9.63,224.02,23.12,175.03,0.17,2080,Falun,S,15.2,0,3,0,75.33854167,6,2.6,1.9,0.413810744,0.418441929,0,0.02125,0.00097,0,0,0,0,0,0,0.00112,0.00109,0.04303,0,0.00077,0.00884,0.01468,7.00E-05,0.75,0.01515,0,0,0.05958,0,0,0,0,0,0.00431,0,0,0.00059,0.07854,0,0,0,0,G97-12,0.24853500000000001,Kors2
G10-06,F,S,Acksjön,Acksjön_1314,6688162,1380151,2013,2014,other,NA,0,"10+ years old. Acksjön not registered by VSC in 1314 because they disappeared early in season, I used the coordinates för  1213",0.26,0.95,0.19,5.28,315.23,32.67,178.91,0.34,1783,Hagfors,S,4.66,0,5,0,82.18229167,6,2.7,3.1,0.58115564,0.568702108,0,0.00135,0.00026,0,0,0,0,0,0,0,0,0.01264,0,0,0.00174,0.00245,0.00255,0.70629,0.01987,0,0,0.10901,0,0,0,0,0.00121,0.06277,0,0,0.00575,0.07412,0,0,0,0,G10-06,0.23877000000000001,Hlg1
M-09-17,M,S,Acksjön,Acksjön_1314,6688162,1380151,2013,2014,other,NA,1,"10+ years old. Acksjön not registered by VSC in 1314 because they disappeared early in season, I used the coordinates för  1213",0.26,0.95,0.19,5.28,315.23,32.67,178.91,0.34,1783,Hagfors,S,4.66,0,5,0,82.18229167,6,2.7,3.1,0.58115564,0.568702108,0,0.00135,0.00026,0,0,0,0,0,0,0,0,0.01264,0,0,0.00174,0.00245,0.00255,0.70629,0.01987,0,0,0.10901,0,0,0,0,0.00121,0.06277,0,0,0.00575,0.07412,0,0,0,0,M-09-17,0.1875,Fur
G12-13,F,S,Dömle,Dömle_1314,6610226,1361855,2013,2014,NA,NA,0,Dömle 1314 only recornized by VSC in retrospect. Coordinates taken from  1415,0.48,1.2,2.11,12.7,105.08,38.07,175.51,0.36,1715,Kil,S,31.533,0,3,0,75.86273522,6,3.5,3.4,0.351495531,0.177680454,0,0.01685,0.00157,0,0,0.00267,0.00224,0.00027,0,0.00162,0.00123,0.17829,0,0.00439,0.00989,0.01256,0.00695,0.49297,0.10887,0,0,0.02745,0,0,0,0,0.00403,0.00924,0,0,0.00824,0.11066,0,0,0,0,G12-13,0.16552700000000001,Jang6
G63-12,M,S,Dömle,Dömle_1314,6610226,1361855,2013,2014,NA,NA,0,NA,0.48,1.2,2.11,12.7,105.08,38.07,175.51,0.36,1715,Kil,S,31.533,0,3,0,75.86273522,6,3.5,3.4,0.351495531,0.177680454,0,0.01685,0.00157,0,0,0.00267,0.00224,0.00027,0,0.00162,0.00123,0.17829,0,0.00439,0.00989,0.01256,0.00695,0.49297,0.10887,0,0,0.02745,0,0,0,0,0.00403,0.00924,0,0,0.00824,0.11066,0,0,0,0,G63-12,0.27612300000000001,Löv2
G51-12,M,S,Fulufjellet 2,Fulufjellet_1314,6831675,1351129,2013,2014,illegal,NA,0,"Fulufjellet not registered by VSC in 1314 because they disappeared early in season, I used the coordinates för  1213",0.17,0.52,0.21,2.63,583.4,21.16,155.86,0.15,2039,Älvdalen,S,1.75,0,2,1,82.28787879,6,1.2,2.2,0.259622518,0.331782203,0,0.00387,0.00044,0,0,0,0,0,0,0,0,0,0,0,0.00064,0.00133,0.00536,0.60452,0.00837,0.00027,0.14864,0.06628,0,0.00696,0.00174,0,0.00135,0.11584,0,0,0,0.03439,0,0,0,0,G51-12,0.29736299999999999,Jang5
M-09-06,F,S,Fulufjellet 2,Fulufjellet_1314,6831675,1351129,2013,2014,illegal,NA,1,"Fulufjellet not registered by VSC in 1314 because they disappeared early in season, I used the coordinates för  1213",0.17,0.52,0.21,2.63,583.4,21.16,155.86,0.15,2039,Älvdalen,S,1.75,0,2,1,82.28787879,6,1.2,2.2,0.259622518,0.331782203,0,0.00387,0.00044,0,0,0,0,0,0,0,0,0,0,0,0.00064,0.00133,0.00536,0.60452,0.00837,0.00027,0.14864,0.06628,0,0.00696,0.00174,0,0.00135,0.11584,0,0,0,0.03439,0,0,0,0,M-09-06,0.26757799999999998,Grä1
G109-14,F,N,Mangen 3,Mangen_1314,6659236,1278659,2013,2014,Illegal,NA,0,Mangen 1314 ej reg av VSC. Koordinaterna tagna från Mangen 1415,0.51,1.68,0.64,5.98,271.2,31.58,173.33,0.3,420,Eidskog,N,16.533,1,0,0,82.35416667,6,280,4308.6,0.126961179,0.234968979,0,0.00178,0,0,0,0,0,0,0,0,0,0.01911,0,0.0015,0.00453,0.02244,0.00043,0.76284,0.00113,0,0,0.04558,0,0,0,0,0,0.09382,0,0,0,0.04685,0,0,0,0,G109-14,0.205933,B
G54-13,M,N,Mangen 3,Mangen_1314,6659236,1278659,2013,2014,Illegal,NA,0,NA,0.51,1.68,0.64,5.98,271.2,31.58,173.33,0.3,420,Eidskog,N,16.533,1,0,0,82.35416667,6,280,4308.6,0.126961179,0.234968979,0,0.00178,0,0,0,0,0,0,0,0,0,0.01911,0,0.0015,0.00453,0.02244,0.00043,0.76284,0.00113,0,0,0.04558,0,0,0,0,0,0.09382,0,0,0,0.04685,0,0,0,0,G54-13,0.28662100000000001,Ful2
G19-13,F,S,Forshaga 2,Forshaga_1415,6621134,1372502,2014,2015,illegal,NA,0,"Forshaga not registered by VSC in 1415 because they disappeared early in season, I used the coordinates för  1314",0.36,1.16,1.04,10.5,148.21,35.76,177.53,0.37,1763,Forshaga,S,27.243,0,4,0,67.60357042,6,2.1,2.6,0.681616039,0.556222401,0,0.01256,5.00E-04,0,0,0,0,0,0,0.00097,0.00105,0.07812,0,0.00339,0.00684,0.01314,0.0075,0.65229,0.05931,0,0,0.0412,0,0,0,0,0.00062,0.00876,0,0,0.00757,0.10617,0,0,0,0,G19-13,0.27783200000000002,Bratt
G51-14,M,S,Forshaga 2,Forshaga_1415,6621134,1372502,2014,2015,illegal,NA,0,NA,0.36,1.16,1.04,10.5,148.21,35.76,177.53,0.37,1763,Forshaga,S,27.243,0,4,0,67.60357042,6,2.1,2.6,0.681616039,0.556222401,0,0.01256,5.00E-04,0,0,0,0,0,0,0.00097,0.00105,0.07812,0,0.00339,0.00684,0.01314,0.0075,0.65229,0.05931,0,0,0.0412,0,0,0,0,0.00062,0.00876,0,0,0.00757,0.10617,0,0,0,0,G51-14,0.27783200000000002,Bratt
G37-10,M,S,Gimmen 3,Gimmen_1516,6723794,1472627,2015,2016,illegal,NA,0,"Gimmen not registered by VSC in 1516 because they disappeared early in season, I used the coordinates för  1415",0.44,1.48,3.26,13.9,226.57,25.09,171.88,0.21,2029,Leksand,S,35.225,0,1,0,66.03030303,6,2.9,2.3,0.260473832,0.280096572,0,0.04712,0.00745,0.00021,0,0,0.00148,0.00111,0,0.00107,0.00194,0.06178,0.00029,0.00054,0.00753,0.01521,0.00765,0.68028,0.04197,0,0,0.05459,0,0,0,0,0.00028,0.00227,0,0,0.01193,0.05529,0,0,0,0,G37-10,0,Gal
G85-13,F,S,Gimmen 3,Gimmen_1516,6723794,1472627,2015,2016,illegal,NA,0,Gimmen 3-male moved here fr Homna,0.44,1.48,3.26,13.9,226.57,25.09,171.88,0.21,2029,Leksand,S,35.225,0,1,0,66.03030303,6,2.9,2.3,0.260473832,0.280096572,0,0.04712,0.00745,0.00021,0,0,0.00148,0.00111,0,0.00107,0.00194,0.06178,0.00029,0.00054,0.00753,0.01521,0.00765,0.68028,0.04197,0,0,0.05459,0,0,0,0,0.00028,0.00227,0,0,0.01193,0.05529,0,0,0,0,G85-13,0.41039999999999999,Gim
G42-14,M,S,Hålnan,Hålnan_1516,6703344,1520348,2015,2016,illegal,NA,0,NA,0.33,1.47,2.02,10.55,165.22,31.43,175.13,0.23,2083,Hedemora,S,25.16,0,3,0,64.31770833,6,3,2.5,0.27264958,0.119354666,0,0.01169,0.00266,0,0,0,0.00078,0.00251,0,0.00032,0.00108,0.10365,0,0.00169,0.00359,0.01277,0.00125,0.62767,0.04766,0,0,0.09266,0,0,0,0,0.00143,0.00559,0,0,0.00394,0.07905,0,0,0,0,G42-14,0.13900799999999999,Dju3
G55-15,F,S,Hålnan,Hålnan_1516,6703344,1520348,2015,2016,illegal,NA,0,NA,0.33,1.47,2.02,10.55,165.22,31.43,175.13,0.23,2083,Hedemora,S,25.16,0,3,0,64.31770833,6,3,2.5,0.27264958,0.119354666,0,0.01169,0.00266,0,0,0,0.00078,0.00251,0,0.00032,0.00108,0.10365,0,0.00169,0.00359,0.01277,0.00125,0.62767,0.04766,0,0,0.09266,0,0,0,0,0.00143,0.00559,0,0,0.00394,0.07905,0,0,0,0,G55-15,0.142761,Kors4
G108-14,M,S,Sjunda 1,Sjunda_1516,6553012,1592396,2015,2016,illegal,NA,0,"Sjunda not registered by VSC in 1516 because they disappeared early in season, I used the coordinates for  1415",0.49,1.6,3.47,15.5,41.93,37.48,176.34,0.28,181,Södertälje,S,124.271,0,0,0,54.03921569,6,1.8,2.2,0.250082179,0.100032872,0.00063,0.03577,0.00797,0.00103,0,0.00044,0.00074,0.00031,0,0.00272,0.00675,0.21312,0,0.00583,0.00839,0.02705,0.00512,0.44047,0.10488,0,0,0.0072,0,0,0,0,0.0019,0.00344,0.001,0,0,0.09015,0,0,0.0351,0,G108-14,0.21491199999999999,Snd3
G1-14,F,S,Sjunda 1,Sjunda_1516,6553012,1592396,2015,2016,legal,NA,0,NA,0.49,1.6,3.47,15.5,41.93,37.48,176.34,0.28,181,Södertälje,S,124.271,0,0,0,54.03921569,6,1.8,2.2,0.250082179,0.100032872,0.00063,0.03577,0.00797,0.00103,0,0.00044,0.00074,0.00031,0,0.00272,0.00675,0.21312,0,0.00583,0.00839,0.02705,0.00512,0.44047,0.10488,0,0,0.0072,0,0,0,0,0.0019,0.00344,0.001,0,0,0.09015,0,0,0.0351,0,G1-14,0.14682000000000001,Fhg1
G71-16,F,N,Spekedalen 1,Spekedalen_1617,6712587.571,1330180.857,2016,2017,legal,NA,0,Spekedalen 1617 not registered by VSC. Both shot by management in Dec 2016. Coordinates calculated by OL,0.25,1.24,0.1,3.82,389.85,20.76,173.59,0.22,1737,Torsby,S,5.252,1,5,0,79.41212121,5,43.3,1203,0.585210177,0.64711908,0,0.00019,0,0,0,0,0,0,0,0,0,0.00038,0,0,0.00044,0.00127,3.00E-04,0.79895,0.02728,0,0,0.06653,0,0,0,0,0.00083,0.05831,0,0,0,0.04552,0,0,0,0,G71-16,0.317108,Juv4
G74-16,M,N,Spekedalen 1,Spekedalen_1617,6702465.653,1305391.265,2016,2017,legal,NA,0,NA,0.25,1.24,0.1,3.82,389.85,20.76,173.59,0.22,1737,Torsby,S,5.252,1,5,0,79.41212121,5,43.3,1203,0.585210177,0.64711908,0,0.00019,0,0,0,0,0,0,0,0,0,0.00038,0,0,0.00044,0.00127,3.00E-04,0.79895,0.02728,0,0,0.06653,0,0,0,0,0.00083,0.05831,0,0,0,0.04552,0,0,0,0,G74-16,0.29814099999999999,Sle3
G125-16,F,N,Koppang 5,Koppang_1718,6711378.2,1350203,2017,2018,legal,NA,0,Koppang 1718 not registered by VSC. Both shot by management in Oct 2017. Coordinates calculated by OL,0.27,0.88,0.27,4.2,319.01,21.48,173.37,0.22,1737,Torsby,S,2.9,0,4,0,82.42708333,6,2.3,2,0.231440896,0.401274935,0,0.00271,0,0,0,0,0,0,0,0,0,0.00753,0,0,0.00794,0.00193,0.00103,0.81083,0.01278,0,0,0.05162,0,0,0,0,0.00065,0.07961,0,0,0.00578,0.0176,0,0,0,0,G125-16,0,Tun1
G61-17,M,N,Koppang 5,Koppang_1718,6718353.32,1349034.9,2017,2018,legal,NA,0,NA,0.27,0.88,0.27,4.2,319.01,21.48,173.37,0.22,1737,Torsby,S,2.9,0,4,0,82.42708333,6,2.3,2,0.231440896,0.401274935,0,0.00271,0,0,0,0,0,0,0,0,0,0.00753,0,0,0.00794,0.00193,0.00103,0.81083,0.01278,0,0,0.05162,0,0,0,0,0.00065,0.07961,0,0,0.00578,0.0176,0,0,0,0,G61-17,0.31059999999999999,Gla3
G258-17,F,S,Brännan,Brännan_1819,6621387,1283180.5,2018,2019,illegal,NA,0,Brännan 1819 not registered by VSC. Both disappeared early in autumn 2018. Coordinates calculated by OL,0.28,1.19,0.42,6.26,219.74,33.13,176.46,0.36,1765,Årjäng,S,9.401,1,5,0,83.02604167,6,19.7,235.7,0.667216837,0.547463298,0,0.00269,0.00055,0,0,0,0,0,0.00029,0,0,0.04367,0,0.00261,0.01076,0.0189,0,0.80195,0.01287,0,0,0.01616,0,0,0,0,0.00027,0.0358,0,0,0,0.05348,0,0,0,0,G258-17,0.20694899999999999,Mgr1
G66-16,M,S,Brännan,Brännan_1819,6621387,1283180.5,2018,2019,illegal,NA,0,NA,0.28,1.19,0.42,6.26,219.74,33.13,176.46,0.36,1765,Årjäng,S,9.401,1,5,0,83.02604167,6,19.7,235.7,0.667216837,0.547463298,0,0.00269,0.00055,0,0,0,0,0,0.00029,0,0,0.04367,0,0.00261,0.01076,0.0189,0,0.80195,0.01287,0,0,0.01616,0,0,0,0,0.00027,0.0358,0,0,0,0.05348,0,0,0,0,G66-16,0.31059999999999999,Gla3
G177-19,M,S,Fräkensjon 1,Fräkensjon_1920,6670561.632,1402017,2019,2020,NA,NA,0,Fräkensjön was acknowledged by VSC in retrospect. Coordinates calculated by OL,0.24,0.98,0.02,5.87,311.78,33.87,175.87,0.32,1782,NA,S,7.64,0,3,0,80.84408602,6,2.6,2.6,0.039583822,0.2582784,0,0.00078,0,0,0,0,0.00017,0,0,0,0,0.00067,0,0,0,0.00126,0.00024,0.64716,0.02594,0,0,0.17786,0,0,0,0,0.00235,0.04487,0,0,0.00025,0.09847,0,0,0,0,G177-19,0.22769700000000001,Gry1
G223-17,F,S,Fräkensjon 1,Fräkensjon_1920,6670561.632,1402017,2019,2020,NA,NA,0,NA,0.24,0.98,0.02,5.87,311.78,33.87,175.87,0.32,1782,NA,S,7.64,0,3,0,80.84408602,6,2.6,2.6,0.039583822,0.2582784,0,0.00078,0,0,0,0,0.00017,0,0,0,0,0.00067,0,0,0,0.00126,0.00024,0.64716,0.02594,0,0,0.17786,0,0,0,0,0.00235,0.04487,0,0,0.00025,0.09847,0,0,0,0,G223-17,0.13404099999999999,Gård6
G12-20,F,S,Ölen,Ölen_1920,6563749.4,1435333.733,2019,2020,NA,NA,0,Ölen 1920 recognized by VSC in retrospect. Coordinates calculated by OL,0.49,1.36,1.63,10.38,122,35.69,178.42,0.19,1814,NA,S,42.617,0,3,0,58.546875,6,2.3,2.3,0.308470697,0.316927592,0,0.0212,0.0033,0,0,0,0.00028,0,0,0.00352,0.00331,0.15203,0,0.00362,0.00377,0.01118,0.01804,0.52699,0.09954,0,0,0.02811,0,0,0,0,0.00241,0.04462,0,0,0.00271,0.07538,0,0,0,0,G12-20,0.40269500000000003,Vid1
G28-16,M,S,Ölen,Ölen_1920,6563749.4,1435333.733,2019,2020,NA,NA,0,NA,0.49,1.36,1.63,10.38,122,35.69,178.42,0.19,1814,NA,S,42.617,0,3,0,58.546875,6,2.3,2.3,0.308470697,0.316927592,0,0.0212,0.0033,0,0,0,0.00028,0,0,0.00352,0.00331,0.15203,0,0.00362,0.00377,0.01118,0.01804,0.52699,0.09954,0,0,0.02811,0,0,0,0,0.00241,0.04462,0,0,0.00271,0.07538,0,0,0,0,G28-16,0.18371199999999999,Vis2
