RovbaseID,DNAID,Art,Dødsårsak,"Dødsårsak, annet",Dødsdato,Usikker dødsdato,Dødstidspunkt,Alder på dødt individ,Aldersklasse verifisert SVA,Yngling,Kjønn,"Alder, vurdert","Alder, verifisert","Alder, verifisert av",Helvekt,Slaktevekt,CITES-nummer,Kontroll av fellingsted,Vevsprøve tatt,Observasjons/Jaktdato,Kontrollstatus,Vurdering,Microchip,Funnsted,Nord (UTM33/SWEREF99 TM),Øst (UTM33/SWEREF99 TM),Nord (RT90),Øst (RT90),Koordinatsystem,Stedkvalitet,Individ,SVAID,Länsstyrelsens nr,Kommunenummer,Kommune,Fylkenummer,Fylke
M495546,D497260,Varg,Skyddsjakt,,1977.12.25,Ja,,Vuxen,Nej,Nej,Hane,4,,,"43,00","0,00",,Nej,Nej,1997.12.25,Laboratorium,Dokumenterad,,Norr om Håmojokk stn,7477972,722121,7477676,1687674,RT90,Mycket bra,,,,2-2523,Gällivare (S),2-25,Norrbottens län (S)
M495563,D497349,Varg,Skyddsjakt,,1993.02.24,Nej,,Vuxen,Nej,Nej,Hona,4,,,"36,00","0,00",,Nej,Nej,1993.02.24,Laboratorium,Dokumenterad,,"Västra Ämtevik, Hensgård",6623856,392889,6627454,1347583,RT90,Mindre bra,UI040743 D-93-02 V3 +,V1993-0178,,2-1766,Sunne (S),2-17,Värmlands län (S)
M202953,D437825,Varg,Skyddsjakt,,2000.05.23,Nej,,Vuxen,Nej,Nej,Hane,2,2,NINA,43,37,,Nej,Nej,2000.05.23,Laboratorium,Dokumenterad,,Roland,6501422,68742,6508865,1021738,WGS84-UTM Zon 33,Mindre bra,,,,1-4205,Lindesnes (N),1-42,Agder (N)
M202795,D437790,Varg,Skyddsjakt,,2000.06.07,Nej,,Vuxen,Nej,Nej,Hona,1,1,NINA,"31,5","27,3",,Nej,Nej,2000.06.07,Laboratorium,Dokumenterad,,Gransjøsætra,6727931,313739,6732482,1269521,WGS84-UTM Zon 33,Mindre bra,UI040595 D-00-14 V34 +,,,1-3413,Stange (N),1-34,Innlandet (N)
M202796,D437791,Varg,Skyddsjakt,,2000.07.07,Nej,,Vuxen,Nej,Nej,Hane,2,2,NINA,48,38,,Nej,Nej,2000.07.07,Laboratorium,Dokumenterad,,Hovdet,6909535,288906,6914473,1246932,WGS84-UTM Zon 33,Mindre bra,UI408829 V35 +,,,1-3427,Tynset (N),1-34,Innlandet (N)
M202797,D437792,Varg,Skyddsjakt,,2000.08.27,Nej,,Vuxen,Nej,Nej,Hane,4,4,NINA,48,45,,Nej,Nej,2000.08.27,Laboratorium,Dokumenterad,,Østamyra,6861066,295862,6865896,1253286,WGS84-UTM Zon 33,Mindre bra,UI040305 D-00-15 V36 +,,,1-3424,Rendalen (N),1-34,Innlandet (N)
M203944,D439291,Varg,Skyddsjakt,,2001.02.19,Nej,,Unge,Nej,Nej,Hona,0,0,NINA,"31,5","25,8",,Nej,Nej,2001.02.19,Laboratorium,Dokumenterad,,Grøtenedalen,6866164,275537,6871250,1233015,WGS84-UTM Zon 33,Mindre bra,UI040596 D-01-13 V42 +,,,1-3424,Rendalen (N),1-34,Innlandet (N)
M203937,D439063,Varg,Skyddsjakt,,2001.02.25,Nej,,Vuxen,Nej,Nej,Hona,1,1,NINA,"33,4","29,7",,Nej,Nej,2001.02.25,Laboratorium,Dokumenterad,,Nordre Imssjø,6834389,268176,6839551,1225255,WGS84-UTM Zon 33,Mindre bra,UI040597 D-01-14 V43 +,,,1-3439,Ringebu (N),1-34,Innlandet (N)
M203938,D439064,Varg,Skyddsjakt,,2001.02.25,Nej,,Vuxen,Nej,Nej,Hona,1,1,NINA,"37,1",32,,Nej,Nej,2001.02.25,Laboratorium,Dokumenterad,,Famptjønna,6834568,269499,6839714,1226581,WGS84-UTM Zon 33,Mindre bra,UI040598 D-01-15 V44 +,,,1-3439,Ringebu (N),1-34,Innlandet (N)
M203945,D439292,Varg,Skyddsjakt,,2001.03.04,Nej,,Unge,Nej,Nej,Hane,0,0,NINA,"31,7","27,9",,Nej,Nej,2001.03.04,Laboratorium,Dokumenterad,,Klunkneset,6861775,278446,6866822,1235871,WGS84-UTM Zon 33,Mindre bra,UI040599 D-01-16 V45 +,,,1-3424,Rendalen (N),1-34,Innlandet (N)
M203939,D439286,Varg,Skyddsjakt,,2001.03.17,Nej,,Unge,Nej,Nej,Hane,0,0,NINA,"41,1",37,,Nej,Nej,2001.03.17,Laboratorium,Dokumenterad,,"Aursjøbekken, Nordisetervorda",6876693,283345,6881686,1240958,WGS84-UTM Zon 33,Mindre bra,UI040600 D-01-17 V46 +,,,1-3424,Rendalen (N),1-34,Innlandet (N)
M203940,D439287,Varg,Skyddsjakt,,2001.03.17,Nej,,Vuxen,Nej,Nej,Hane,4,4,NINA,"43,3","39,1",,Nej,Nej,2001.03.17,Laboratorium,Dokumenterad,,"Fossum, Atndal",6857646,272035,6862855,1229540,WGS84-UTM Zon 33,Mindre bra,UI040391 D-01-18 V47 +,,,1-3423,Stor-Elvdal (N),1-34,Innlandet (N)
M203941,D439288,Varg,Skyddsjakt,,2001.03.18,Nej,,Unge,Nej,Nej,Hona,0,0,NINA,"28,5","25,6",,Nej,Nej,2001.03.18,Laboratorium,Dokumenterad,,"Fosslia, Atndal",6858159,274092,6863259,1231470,WGS84-UTM Zon 33,Mindre bra,UI040601 D-01-19 V48 +,,,1-3423,Stor-Elvdal (N),1-34,Innlandet (N)
M203942,D439289,Varg,Skyddsjakt,,2001.03.18,Nej,,Unge,Nej,Nej,Hane,0,0,NINA,36,"32,3",,Nej,Nej,2001.03.18,Laboratorium,Dokumenterad,,Bjørnsjørustbekken,6871860,281290,6876876,1238842,WGS84-UTM Zon 33,Mindre bra,UI040602 D-01-20 V49 +,,,1-3424,Rendalen (N),1-34,Innlandet (N)
M203943,D439290,Varg,Skyddsjakt,,2001.03.20,Nej,,Vuxen,Nej,Nej,Hona,4,4,NINA,"34,5","31,3",,Nej,Nej,2001.03.20,Laboratorium,Dokumenterad,,Klunkneset,6859417,280036,6864443,1237432,WGS84-UTM Zon 33,Mindre bra,UI040392 D-01-21 V50 +,,,1-3424,Rendalen (N),1-34,Innlandet (N)
M301799,D438190,Varg,Skyddsjakt,,2003.02.22,Nej,,Vuxen,Nej,Nej,Hane,6,6,NINA,46,39,,Nej,Nej,2003.02.22,Laboratorium,Dokumenterad,,Nese,6520144,-19870,6528675,933272,WGS84-UTM Zon 33,Mindre bra,UI040833 D-03-09 V90 +,,,1-1101,Eigersund (N),1-11,Rogaland (N)
M004793,D061793,Varg,Skyddsjakt,,2004.02.01,Nej,11:25,Vuxen,Nej,Nej,Hane,1,,,39,,,Nej,Ja,2004.02.01,Laboratorium,Dokumenterad,,Flåsjön,6959846,424883,6963200,1383740,RT90,Mycket bra,UI040179 D-04-07 V159 +,V2004-0176,,2-2326,Berg (S),2-23,Jämtlands län (S)
M004794,D061794,Varg,Skyddsjakt,,2004.02.01,Nej,13:41,Vuxen,Nej,Nej,Hona,1,,,35,,,Nej,Ja,2004.02.01,Laboratorium,Dokumenterad,,Flåsjön,6961316,430523,6964600,1389400,RT90,Mycket bra,UI040531 D-04-08 V175 +,V2004-0177,,2-2326,Berg (S),2-23,Jämtlands län (S)
M303732,D439427,Varg,Skyddsjakt,,2004.03.25,Nej,,Vuxen,Nej,Nej,Hane,3,3,NINA,48,,,Nej,Nej,2004.03.25,Laboratorium,Dokumenterad,,Krokemyr,6510479,115831,6517325,1068851,WGS84-UTM Zon 33,Mindre bra,UI400306 D-04-09 V130 +,,,1-4216,Birkenes (N),1-42,Agder (N)
M304519,D440173,Varg,Skyddsjakt,,2004.06.06,Nej,,Vuxen,Nej,Nej,Hona,1,1,NINA,37,,,Nej,Nej,2004.06.06,Fältkontroll - SNO,Dokumenterad,,Romsæterberget,6714303,296923,6719055,1252530,WGS84-UTM Zon 33,Mindre bra,UI400324 D-04-10 V173 +,,,1-3413,Stange (N),1-34,Innlandet (N)
M305532,D439451,Varg,Jakt - Ospecificerad,,2005.01.16,Nej,,Vuxen,Nej,Nej,Hona,2,2,NINA,39,"28,8",,Nej,Nej,2005.01.16,Fältkontroll - Rovviltkontakt,Dokumenterad,,Tresdalen,6837945,289504,6842844,1246637,WGS84-UTM Zon 33,Mindre bra,UI400303 M-04-03 V99 +,,,1-3423,Stor-Elvdal (N),1-34,Innlandet (N)
M305583,D439452,Varg,Jakt - Ospecificerad,,2005.01.21,Nej,,Vuxen,Nej,Nej,Hona,5,5,NINA,39,"33,4",,Nej,Nej,2005.01.21,Fältkontroll - Rovviltkontakt,Dokumenterad,,Åkrestrømmen,6846361,299525,6851139,1256767,WGS84-UTM Zon 33,Mindre bra,UI400300 M-01-10 0110 +,,,1-3424,Rendalen (N),1-34,Innlandet (N)
M305585,D439453,Varg,Jakt - Ospecificerad,,2005.01.22,Nej,,Vuxen,Nej,Nej,Hane,4,4,NINA,51,"38,1",,Nej,Nej,2005.01.22,Fältkontroll - Rovviltkontakt,Dokumenterad,,Østamyra,6860658,295925,6865487,1253344,WGS84-UTM Zon 33,Mindre bra,UI400307 M-04-02 0402 V132 +,,,1-3424,Rendalen (N),1-34,Innlandet (N)
M305638,D401001,Varg,Jakt - Ospecificerad,,2005.01.29,Nej,,Vuxen,Nej,Nej,Hona,3,3,NINA,,,,Nej,Nej,2005.01.29,Fältkontroll - Rovviltkontakt,Dokumenterad,,Rustadhesten,6772831,300581,6777564,1256912,WGS84-UTM Zon 33,Mindre bra,UI400199 D-05-13 V189 +,,,1-3422,Åmot (N),1-34,Innlandet (N)
M305657,D439455,Varg,Jakt - Ospecificerad,,2005.01.31,Nej,,Vuxen,Nej,Nej,Hane,2,2,NINA,43,"37,4",,Nej,Nej,2005.01.31,Fältkontroll - Rovviltkontakt,Dokumenterad,,Grasbakkmyra,6755900,306660,6760550,1262784,WGS84-UTM Zon 33,Mindre bra,UI400323 D-05-14 V164 +,,,1-3412,Løten (N),1-34,Innlandet (N)
M004801,D061801,Varg,Skyddsjakt,,2005.02.17,Nej,01:30,Vuxen,Nej,Nej,Hane,2,,,47,,,Nej,Ja,2005.02.17,Laboratorium,Dokumenterad,,Ringvattnet,7117017,520928,7119220,1481800,RT90,Mycket bra,UI400325 M-05-01 0501 V177 +,V2005-0110,,2-2313,Strömsund (S),2-23,Jämtlands län (S)
M306026,D439473,Varg,Skyddsjakt,,2005.04.08,Nej,,Vuxen,Nej,Nej,Hane,3,3,NINA,"45,5","40,8",,Nej,Nej,2005.04.08,Fältkontroll - Rovviltkontakt,Dokumenterad,,Mikkelvatnet,7792807,1064561,7787789,2034049,WGS84-UTM Zon 33,Mindre bra,UI400329 D-05-18 V199 +,,,1-5444,Sør-Varanger (N),1-54,Troms og Finnmark (N)
M004807,D061807,Varg,Skyddsjakt,,2006.03.14,Nej,10:55,Vuxen,Nej,Nej,Hane,2,,,48,,,Nej,Ja,2006.03.14,Laboratorium,Dokumenterad,,"Rickebo, Häggenskullen",6784518,570222,6786004,1526951,RT90,Mycket bra,UI040564 D-06-12 V185 +,V2006-0782,,2-2183,Bollnäs (S),2-21,Gävleborgs län (S)
M004808,D061808,Varg,Skyddsjakt,,2006.03.14,Nej,,Vuxen,Nej,Nej,Hona,3,,,43,,,Nej,Ja,2006.03.14,Laboratorium,Dokumenterad,,"Rickebo, Häggenskullen",6784610,571734,6786078,1528464,RT90,Mycket bra,UI040540 D-06-13 V184 +,V2006-0783,,2-2183,Bollnäs (S),2-21,Gävleborgs län (S)
M308818,D401000,Varg,Skyddsjakt,,2006.05.31,Nej,,Vuxen,Nej,Nej,Hane,3,3,NINA,42,36,,Nej,Nej,2006.05.31,Fältkontroll - Rovviltkontakt,Dokumenterad,578098100166279,Joramo,6898394,191381,6904546,1149220,WGS84-UTM Zon 33,Mycket bra,UI400204 D-06-15 V208 +,,,1-3432,Lesja (N),1-34,Innlandet (N)
M004813,D061813,Varg,Skyddsjakt,,2007.02.08,Nej,,Vuxen,Ja,Nej,Hane,1,1,SVA,"35,2",,,Nej,Ja,2007.02.08,Laboratorium,Dokumenterad,,Fierrovagge,7443863,588117,7445300,1553200,RT90,Mycket bra,UI400345 M-07-01 0701 V215 +,V2007-0155,,2-2510,Jokkmokk (S),2-25,Norrbottens län (S)
M400727,D439642,Varg,Jakt - Ospecificerad,,2007.02.28,Nej,,Vuxen,Nej,Nej,Hane,1,1,NINA,38,,,Nej,Nej,2007.02.28,Laboratorium,Dokumenterad,,"Halsen, Elvål",6874575,293196,6879388,1250783,WGS84-UTM Zon 33,Mindre bra,UI400208 D-07-08 V231 +,,,1-3424,Rendalen (N),1-34,Innlandet (N)
M401377,D400996,Varg,Skyddsjakt,,2007.06.14,Nej,,Vuxen,Nej,Nej,Hona,3,3,NINA,"35,5","31,5",,Nej,Nej,2007.06.14,Fältkontroll - Rovviltkontakt,Dokumenterad,,Gammelsætertjønna,6850217,294757,6855056,1252045,WGS84-UTM Zon 32,Mindre bra,UI400211 D-07-14 V234 +,,,1-3424,Rendalen (N),1-34,Innlandet (N)
M401792,D439723,Varg,Jakt - Ospecificerad,,2007.10.11,Nej,,Vuxen,Nej,Nej,Hona,1,1,NINA,27,,,Nej,Nej,2007.10.11,Fältkontroll - Rovviltkontakt,Dokumenterad,,Nordhulia,6767896,304001,6772584,1260272,WGS84-UTM Zon 32,Mindre bra,UI400542 D-07-24 V241 +,,,1-3420,Elverum (N),1-34,Innlandet (N)
M401820,D439727,Varg,Jakt - Ospecificerad,,2007.10.20,Nej,,Vuxen,Nej,Nej,Hona,1,1,NINA,32,,,Nej,Nej,2007.10.20,Fältkontroll - Rovviltkontakt,Dokumenterad,578098100165652,Bokåsen,6766118,287882,6771005,1244124,WGS84-UTM Zon 32,Mindre bra,,,,1-3411,Ringsaker (N),1-34,Innlandet (N)
M004823,D061823,Varg,Skyddsjakt,,2007.11.26,Nej,11:30,Vuxen,Ja,Nej,Hane,9,9,SVA,47,,,Nej,Ja,2007.11.26,Laboratorium,Dokumenterad,,Söder Knappåsen,6672303,403111,6675800,1358400,RT90,Mycket bra,UI400333 M-05-08 0508 V203 +,V2007-1625,,2-1783,Hagfors (S),2-17,Värmlands län (S)
M004824,D061824,Varg,Skyddsjakt,,2008.01.08,Nej,,Osäker,Nej,Nej,Hona,,,,36,,,Nej,Ja,2008.01.08,Laboratorium,Dokumenterad,,"Skeppstedtstorpet, Lyred",6645004,361064,6649000,1316000,RT90,Mycket bra,UI040396 D-08-02 +,V2008-0017,,2-1784,Arvika (S),2-17,Värmlands län (S)
M004825,D061825,Varg,Skyddsjakt,,2008.02.04,Nej,,Vuxen,Ja,Nej,Hane,2,2,SVA,"39,2",,,Nej,Ja,2008.02.04,Laboratorium,Dokumenterad,,St. Flakakölen,7406898,849554,7404942,1814197,RT90,Mycket bra,UI400360 M-07-02 V236 +,V2008-0210,,2-2513,Överkalix (S),2-25,Norrbottens län (S)
M004831,D061831,Varg,Skyddsjakt,,2008.02.29,Nej,12:34,Vuxen,Ja,Nej,Hona,1,1,SVA,"34,6",,,Nej,Ja,2008.02.29,Laboratorium,Dokumenterad,,Dörrsjöarna,6983782,436549,6987000,1395710,RT90,Mycket bra,UI040555 D-08-04 +,V2008-0889,,2-2326,Berg (S),2-23,Jämtlands län (S)
M004832,D061832,Varg,Skyddsjakt,,2008.02.29,Nej,12:34,Vuxen,Ja,Nej,Hane,3,3,SVA,"38,2",,,Nej,Ja,2008.02.29,Laboratorium,Dokumenterad,,Dörrsjöarna,6983782,436549,6987000,1395710,RT90,Mycket bra,UI400539 D-08-03 V252 +,V2008-0890,,2-2326,Berg (S),2-23,Jämtlands län (S)
M004826,D061826,Varg,Skyddsjakt,,2008.03.03,Nej,,Osäker,Nej,Nej,Hane,,,,"31,1",,,Nej,Ja,2008.03.03,Laboratorium,Dokumenterad,,"Vibergstjärnen, Söndagsberget",6821136,544709,6822948,1501883,RT90,Mycket bra,UI040757 D-08-05 +,V2008-0377,,2-2121,Ovanåker (S),2-21,Gävleborgs län (S)
M004827,D061827,Varg,Skyddsjakt,,2008.03.15,Nej,,Unge,Ja,Nej,Hane,0,0,SVA,34,,,Nej,Ja,2008.03.15,Laboratorium,Dokumenterad,,Gusselby,6613156,512137,6615300,1466750,RT90,Mycket bra,UI040643 D-08-06 +,V2008-0517,,2-1885,Lindesberg (S),2-18,Örebro län (S)
M403281,D439908,Varg,Skyddsjakt,,2008.06.24,Nej,,Vuxen,Nej,Nej,Hane,1,1,NINA,45,,,Nej,Nej,2008.06.24,Fältkontroll - Rovviltkontakt,Dokumenterad,,Joten,6892470,298464,6897226,1256276,WGS84-UTM Zon 32,Mindre bra,,,,1-3424,Rendalen (N),1-34,Innlandet (N)
M403339,D439911,Varg,Skyddsjakt,,2008.07.03,Nej,,Vuxen,Nej,Nej,Hane,1,1,NINA,52,,,Nej,Nej,2008.07.03,Fältkontroll - Rovviltkontakt,Dokumenterad,,Vedhundfløyet,6900981,304186,6905724,1262111,WGS84-UTM Zon 33,Mindre bra,,,,1-3424,Rendalen (N),1-34,Innlandet (N)
M004833,D061833,Varg,Skyddsjakt,,2008.08.27,Nej,,Osäker,Nej,Nej,Hane,,,,40,,,Nej,Ja,2008.08.27,Laboratorium,Dokumenterad,,"Tomten, Hjärtum",6454945,330378,6459211,1283000,RT90,Mycket bra,UI040377 D-08-15 +,V2008-1141,,2-1462,LillaEdet (S),2-14,Västra Götalands län (S)
M004835,D061835,Varg,Skyddsjakt,,2008.11.23,Nej,09:15,Vuxen,Ja,Nej,Hona,1,1,SVA,35,,,Nej,Ja,2008.11.23,Laboratorium,Dokumenterad,,"Åkärret, Lovisedal",6620830,693862,6620768,1648612,RT90,Mycket bra,UI040667 D-08-19 +,V2008-1831,,2-0188,Norrtälje (S),2-01,Stockholms län (S)
M004837,D061837,Varg,Skyddsjakt,,2008.12.15,Nej,12:30,Vuxen,Ja,Nej,Hane,7,7,SVA,"43,6",,,Nej,Ja,2008.12.15,Laboratorium,Dokumenterad,,Grytåsarna,6540954,470515,6543576,1424238,RT90,Mycket bra,UI040284 D-08-20 +,V2008-2011,,2-1862,Degerfors (S),2-18,Örebro län (S)
M004839,D061839,Varg,Skyddsjakt,,2009.01.25,Nej,,Vuxen,Ja,Nej,Hona,3,3,SVA,39,,,Nej,Ja,2009.01.25,Laboratorium,Dokumenterad,,Hästbroberget,6636421,439785,6639454,1394653,RT90,Mycket bra,UI040329 D-09-22 +,V2009-0185,,2-1782,Filipstad (S),2-17,Värmlands län (S)
M004840,D061840,Varg,Skyddsjakt,,2009.02.07,Nej,16:10,Vuxen,Ja,Nej,Hona,3,3,SVA,39,,,Nej,Ja,2009.02.07,Laboratorium,Dokumenterad,,Nedre Trästickeln,6482930,312972,6487420,1265920,RT90,Mycket bra,UI040609 D-09-23 +,V2009-0295,,2-1430,Munkedal (S),2-14,Västra Götalands län (S)
M004842,D061842,Varg,Skyddsjakt,,2009.02.28,Nej,09:10,Vuxen,Ja,Nej,Hane,3,3,SVA,"34,6",,,Nej,Ja,2009.02.28,Laboratorium,Dokumenterad,,Stor-Bäckliden,7119799,754663,7119040,1715620,RT90,Mycket bra,UI040760 D-09-25 +,V2009-0684,,2-2480,Umeå (S),2-24,Västerbottens län (S)
M004843,D061843,Varg,Skyddsjakt,,2009.04.29,Nej,16:10,Vuxen,Ja,Nej,Hane,1,1,SVA,41,,,Nej,Ja,2009.04.29,Laboratorium,Dokumenterad,,"Nordvästra delen av Nås, nära Rv till Vansbro",6705215,470579,6707900,1426300,RT90,Mycket bra,UI040031 D-09-27 +,V2009-0810,,2-2021,Vansbro (S),2-20,Dalarnas län (S)
M004845,D061845,Varg,Skyddsjakt,,2009.06.12,Nej,00:50,Vuxen,Ja,Nej,Hane,4,4,SVA,44,,,Nej,Ja,2009.06.12,Laboratorium,Dokumenterad,,Lunda-Olstorp,6516434,598082,6517510,1551550,RT90,Mycket bra,UI040118 D-09-32 +,V2009-0962,,2-0480,Nyköping (S),2-04,Södermanlands län (S)
M404391,D407288,Varg,Skyddsjakt,,2009.06.30,Nej,,Vuxen,Nej,Nej,Hane,1,1,NINA,"36,2",,,Nej,Nej,2009.06.30,Fältkontroll - SNO,Dokumenterad,,Hårenndalen,6862677,291491,6867506,1248928,WGS84-UTM Zon 33,Mindre bra,UI400900 D-09-33 V264 +,,,1-3424,Rendalen (N),1-34,Innlandet (N)
M404392,D407309,Varg,Skyddsjakt,,2009.07.02,Nej,,Vuxen,Nej,Nej,Hona,1,1,NINA,"34,4",,,Ja,Nej,2009.07.02,Fältkontroll - SNO,Dokumenterad,,Bergmillom,6855844,225769,6861545,1183095,WGS84-UTM Zon 32,Mindre bra,UI400896 D-09-34 V282 +,,,1-3436,Nord-Fron (N),1-34,Innlandet (N)
M404397,D407338,Varg,Skyddsjakt,,2009.07.16,Nej,23:54,Vuxen,Nej,Nej,Hane,2,2,NINA,38,,,Ja,Nej,2009.07.16,Fältkontroll - SNO,Dokumenterad,,Flakkhøa,6856891,225756,6862592,1183095,WGS84-UTM Zon 32,Mindre bra,UI400617 D-09-42 V262 +,,,1-3436,Nord-Fron (N),1-34,Innlandet (N)
M404443,D408954,Varg,Jakt - Kula,,2009.12.06,Nej,14:15,Vuxen,Nej,Nej,Hane,2,2,NINA,"45,5","0,00",,Ja,Ja,2009.12.06,Laboratorium,Dokumenterad,578098100168140,Øvre Reset,6835488,296641,6840297,1253747,WGS84-UTM Zon 32,Mindre bra,UI400910 M-09-11 0911 V297 +,,,1-3424,Rendalen (N),1-34,Innlandet (N)
M404444,D408958,Varg,Jakt - Kula,,2009.12.09,Nej,14:24,Vuxen,Nej,Nej,Hona,2,2,NINA,"34,5","0,00",,Ja,Ja,2009.12.09,Fältkontroll - SNO,Dokumenterad,578098100169574,Rokksætra Ø,6839457,292608,6844262,1249758,WGS84-UTM Zon 32,Mindre bra,,,,1-3423,Stor-Elvdal (N),1-34,Innlandet (N)
M004847,D061847,Varg,Skyddsjakt,,2009.12.10,Nej,,Vuxen,Ja,Nej,Hane,1,1,SVA,41,,,Nej,Ja,2009.12.10,Laboratorium,Dokumenterad,,Önusträsket,7257273,764690,7256400,1727400,RT90,Mycket bra,UI400884 D-09-38 V277 +,V2009-2082,,2-2581,Piteå (S),2-25,Norrbottens län (S)
M004848,D061848,Varg,Skyddsjakt,,2009.12.21,Nej,13:37,Unge,Ja,Ja,Hane,0,0,SVA,"31,4",,,Nej,Ja,2009.12.21,Laboratorium,Dokumenterad,,Mellan N. Lövön och östra stranden Öjsjön,6820160,400206,6823760,1357313,RT90,Mycket bra,UI040474 D-09-40 +,V2009-2088,,2-2039,Älvdalen (S),2-20,Dalarnas län (S)
M404447,D409004,Varg,Skyddsjakt,,2009.12.21,Nej,12:30,Vuxen,Nej,Nej,Hane,2,2,NINA,43,,,Nej,Nej,2009.12.21,Inte kontrollerad,Dokumenterad,,"Bangsjø, midtre",7133983,352856,7138204,1313739,WGS84-UTM Zon 33,Mycket bra,UI400914 G52-09 V306 +,,,1-5041,Snåase - Snåsa (N),1-50,Trøndelag (N)
M004838,D061838,Varg,Skyddsjakt,,2009.12.25,Nej,11:52,Vuxen,Ja,Nej,Hane,1,1,SVA,"38,2",,,Nej,Ja,2009.12.25,Laboratorium,Dokumenterad,,Galtjärnåsen,6934476,382001,6938356,1340521,RT90,Mycket bra,UI040119 D-09-41 +,V2010-0001,,2-2361,Härjedalen (S),2-23,Jämtlands län (S)
M004849,D061849,Varg,Licensjakt,,2010.01.02,Nej,12:20,Unge,Ja,Ja,Hane,0,0,SVA,35,,,Nej,Ja,2010.01.02,Laboratorium,Dokumenterad,,Öster Uvberg,6769859,491475,6772311,1447998,RT90,Mycket bra,UI040120 D-10-14 +,V2010-0004,,2-2034,Orsa (S),2-20,Dalarnas län (S)
M004850,D061850,Varg,Licensjakt,,2010.01.02,Nej,10:25,Unge,Ja,Ja,Hona,0,0,SVA,24,,,Nej,Ja,2010.01.02,Laboratorium,Dokumenterad,,Långåsberget,6732335,478502,6734933,1434558,RT90,Mycket bra,UI040196 D-10-15 +,V2010-0005,,2-2029,Leksand (S),2-20,Dalarnas län (S)
M004851,D061851,Varg,Licensjakt,,2010.01.02,Nej,13:30,Unge,Ja,Ja,Hane,0,0,SVA,29,,,Nej,Ja,2010.01.02,Laboratorium,Dokumenterad,,Stöjsåsen,6777612,515447,6779772,1472074,RT90,Mycket bra,UI040132 D-10-16 +,V2010-0006,,2-2031,Rättvik (S),2-20,Dalarnas län (S)
M004852,D061852,Varg,Licensjakt,,2010.01.02,Nej,14:00,Unge,Ja,Ja,Hona,0,0,SVA,30,,,Nej,Ja,2010.01.02,Laboratorium,Dokumenterad,,Bruskölen,6693145,444780,6696141,1400343,RT90,Mycket bra,UI040090 D-10-17 +,V2010-0007,,2-2021,Vansbro (S),2-20,Dalarnas län (S)
M004853,D061853,Varg,Licensjakt,,2010.01.02,Nej,10:40,Vuxen,Ja,Nej,Hona,2,2,SVA,28,,,Nej,Ja,2010.01.02,Laboratorium,Dokumenterad,,Långåsberget,6731786,478567,6734383,1434617,RT90,Mycket bra,UI040197 D-10-18 +,V2010-0008,,2-2029,Leksand (S),2-20,Dalarnas län (S)
M004854,D061854,Varg,Licensjakt,,2010.01.02,Nej,10:45,Vuxen,Ja,Nej,Hane,2,2,SVA,47,,,Nej,Ja,2010.01.02,Laboratorium,Dokumenterad,,Näverberget,6741601,518222,6743714,1474406,RT90,Mycket bra,UI040716 D-10-19 +,V2010-0009,,2-2029,Leksand (S),2-20,Dalarnas län (S)
M004855,D061855,Varg,Licensjakt,,2010.01.02,Nej,13:30,Vuxen,Ja,Nej,Hona,6,6,SVA,38,,,Nej,Ja,2010.01.02,Laboratorium,Dokumenterad,,Uvberget,6773407,516278,6775555,1472853,RT90,Mycket bra,UI040385 D-10-20 V160 +,V2010-0010,,2-2031,Rättvik (S),2-20,Dalarnas län (S)
M004856,D061856,Varg,Licensjakt,,2010.01.02,Nej,13:30,Unge,Ja,Ja,Hane,0,0,SVA,42,,,Nej,Ja,2010.01.02,Laboratorium,Dokumenterad,,Liden,6731162,454187,6734058,1410220,RT90,Mycket bra,UI040490 D-10-21 +,V2010-0011,,2-2062,Mora (S),2-20,Dalarnas län (S)
M004857,D061857,Varg,Licensjakt,,2010.01.02,Nej,10:45,Vuxen,Ja,Nej,Hane,7,7,SVA,"53,5",,,Nej,Ja,2010.01.02,Laboratorium,Dokumenterad,,Långsjöberget,6688992,468144,6691700,1423665,RT90,Mycket bra,UI400331 M-05-05 0505 V201 +,V2010-0012,,2-2021,Vansbro (S),2-20,Dalarnas län (S)
M004860,D061860,Varg,Licensjakt,,2010.01.02,Nej,08:47,Unge,Ja,Ja,Hane,0,0,SVA,35,,,Nej,Ja,2010.01.02,Laboratorium,Dokumenterad,,Gränsjön,6642514,482393,6645031,1437352,RT90,Mycket bra,UI040204 D-10-24 +,V2010-0019,,2-1863,Hällefors (S),2-18,Örebro län (S)
M004861,D061861,Varg,Licensjakt,,2010.01.02,Nej,11:50,Vuxen,Ja,Nej,Hane,3,3,SVA,"48,5",,,Nej,Ja,2010.01.02,Laboratorium,Dokumenterad,,"Myckengräs, Skålheden",6677357,395085,6680954,1350432,RT90,Mycket bra,UI040302 D-10-25 +,V2010-0020,,2-1737,Torsby (S),2-17,Värmlands län (S)
M004863,D061863,Varg,Licensjakt,,2010.01.02,Nej,14:30,Vuxen,Ja,Nej,Hane,3,3,SVA,50,,,Nej,Ja,2010.01.02,Laboratorium,Dokumenterad,,"Svingsjön, S Kullön",6507772,335940,6512000,1289200,RT90,Mycket bra,UI040340 D-10-27 +,V2010-0022,,2-1439,Färgelanda (S),2-14,Västra Götalands län (S)
M004864,D061864,Varg,Licensjakt,,2010.01.02,Nej,11:15,Unge,Ja,Ja,Hona,0,0,SVA,30,,,Nej,Ja,2010.01.02,Laboratorium,Dokumenterad,,Tvångsmon,6591627,350386,6595726,1304667,RT90,Mycket bra,UI040804 D-10-28 +,V2010-0023,,2-1765,Årjäng (S),2-17,Värmlands län (S)
M004865,D061865,Varg,Licensjakt,,2010.01.02,Nej,11:45,Vuxen,Ja,Nej,Hane,3,3,SVA,49,,,Nej,Ja,2010.01.02,Laboratorium,Dokumenterad,,"Backadammen, Sundåsmyren",6715973,404065,6719478,1359890,RT90,Mycket bra,UI040133 D-10-29 +,V2010-0024,,2-1737,Torsby (S),2-17,Värmlands län (S)
M004868,D061868,Varg,Licensjakt,,2010.01.02,Nej,12:10,Vuxen,Ja,Nej,Hona,2,2,SVA,"32,5",,,Nej,Ja,2010.01.02,Laboratorium,Dokumenterad,,Skacksjöängarna,6625341,405112,6628791,1359830,RT90,Mycket bra,UI040183 D-10-31 +,V2010-0028,,2-1766,Sunne (S),2-17,Värmlands län (S)
M004871,D061871,Varg,Licensjakt,,2010.01.02,Nej,11:00,Vuxen,Ja,Nej,Hane,1,1,SVA,"44,5",,,Nej,Ja,2010.01.02,Laboratorium,Dokumenterad,,Igelhöjden,6647937,467642,6650636,1422662,RT90,Mycket bra,UI040206 D-10-34 +,V2010-0031,,2-1782,Filipstad (S),2-17,Värmlands län (S)
M004872,D061872,Varg,Licensjakt,,2010.01.02,Nej,14:55,Vuxen,Ja,Nej,Hona,2,2,SVA,30,,,Nej,Ja,2010.01.02,Laboratorium,Dokumenterad,,Råberget,6684401,396817,6687980,1352251,RT90,Mycket bra,UI040184 D-10-35 +,V2010-0032,,2-1737,Torsby (S),2-17,Värmlands län (S)
M004873,D061873,Varg,Licensjakt,,2010.01.02,Nej,13:50,Vuxen,Ja,Nej,Hona,1,1,SVA,43,,,Nej,Ja,2010.01.02,Laboratorium,Dokumenterad,,"Holmtjärnen, Holmtjärnstorp",6620298,480606,6622828,1435294,RT90,Mycket bra,UI040517 D-10-36 +,V2010-0033,,2-1863,Hällefors (S),2-18,Örebro län (S)
M004874,D061874,Varg,Licensjakt,,2010.01.02,Nej,11:20,Vuxen,Ja,Nej,Hona,2,2,SVA,"39,5",,,Nej,Ja,2010.01.02,Laboratorium,Dokumenterad,,Björkåssjön,6598479,450199,6601370,1404610,RT90,Mycket bra,UI040134 D-10-37 +,V2010-0034,,2-1760,Storfors (S),2-17,Värmlands län (S)
M004875,D061875,Varg,Licensjakt,,2010.01.02,Nej,10:10,Unge,Ja,Ja,Hane,0,0,SVA,"37,5",,,Nej,Ja,2010.01.02,Laboratorium,Dokumenterad,,Knoberget,6669160,426763,6672366,1382025,RT90,Mycket bra,UI040518 D-10-38 +,V2010-0035,,2-1783,Hagfors (S),2-17,Värmlands län (S)
M004858,D061858,Varg,Licensjakt,,2010.01.03,Nej,14:25,Vuxen,Ja,Nej,Hona,3,3,SVA,"36,5",,,Nej,Ja,2010.01.03,Laboratorium,Dokumenterad,,Hållåsen,6763434,577719,6764822,1534190,RT90,Mycket bra,UI040372 D-10-22 +,V2010-0013,,2-2101,Ockelbo (S),2-21,Gävleborgs län (S)
M004862,D061862,Varg,Licensjakt,,2010.01.03,Nej,13:55,Unge,Ja,Ja,Hona,0,0,SVA,31,,,Nej,Ja,2010.01.03,Laboratorium,Dokumenterad,,Håleresjön,6456619,326255,6460935,1278895,RT90,Mycket bra,UI040834 D-10-26 +,V2010-0021,,2-1462,LillaEdet (S),2-14,Västra Götalands län (S)
M004870,D061870,Varg,Licensjakt,,2010.01.03,Nej,15:30,Vuxen,Ja,Nej,Hona,1,1,SVA,34,,,Nej,Ja,2010.01.03,Laboratorium,Dokumenterad,,Bräcketjärnets norra ände,6527388,353065,6531420,1306570,RT90,Mycket bra,UI040791 D-10-33 +,V2010-0030,,2-1492,Åmål (S),2-14,Västra Götalands län (S)
M004859,D061859,Varg,Licensjakt,,2010.01.04,Nej,14:27,Vuxen,Ja,Nej,Hona,1,1,SVA,26,,,Nej,Ja,2010.01.04,Laboratorium,Dokumenterad,,Tafsberget,6732267,489315,6734732,1445375,RT90,Mycket bra,UI040198 D-10-23 +,V2010-0016,,2-2029,Leksand (S),2-20,Dalarnas län (S)
M004869,D061869,Varg,Licensjakt,,2010.01.04,Nej,12:00,Vuxen,Ja,Nej,Hona,1,1,SVA,"36,5",,,Nej,Ja,2010.01.04,Laboratorium,Dokumenterad,,Vintersjöhöjden,6639548,464614,6642280,1419530,RT90,Mycket bra,UI040205 D-10-32 +,V2010-0029,,2-1782,Filipstad (S),2-17,Värmlands län (S)
M004866,D061866,Varg,Licensjakt,,2010.01.05,Nej,13:50,Vuxen,Ja,Nej,Hane,4,4,SVA,44,,,Nej,Ja,2010.01.05,Laboratorium,Dokumenterad,,Kölsjön,6767063,555978,6768720,1512488,RT90,Mycket bra,UI040376 D-10-30 +,V2010-0026,,2-2183,Bollnäs (S),2-21,Gävleborgs län (S)
M004867,D061867,Varg,Licensjakt,,2010.01.05,Nej,14:30,Vuxen,Ja,Nej,Hona,7,7,SVA,36,,,Nej,Ja,2010.01.05,Laboratorium,Dokumenterad,,Kölsjön,6765891,556179,6767545,1512674,RT90,Mycket bra,UI400318 M-05-12 0512 V149 +,V2010-0027,,2-2183,Bollnäs (S),2-21,Gävleborgs län (S)
M004878,D061878,Varg,Skyddsjakt,,2010.01.15,Nej,14:15,Vuxen,Ja,Nej,Hona,1,1,SVA,30,,,Nej,Ja,2010.01.15,Laboratorium,Dokumenterad,,Gölsjön,6972282,486706,6974867,1445743,RT90,Mycket bra,UI040135 D-10-41 +,V2010-0093,,2-2326,Berg (S),2-23,Jämtlands län (S)
M004880,D061880,Varg,Licensjakt,,2010.01.28,Nej,11:00,Vuxen,Ja,Nej,Hane,1,1,SVA,48,,,Nej,Ja,2010.01.28,Laboratorium,Dokumenterad,,Julöfallet,6543952,466867,6546619,1420625,RT90,Mycket bra,UI040656 D-10-39 +,V2010-0120,,2-1862,Degerfors (S),2-18,Örebro län (S)
M004877,D061877,Varg,Skyddsjakt,,2010.01.29,Nej,,Vuxen,Ja,Nej,Hona,1,1,SVA,"32,1",,,Nej,Ja,2010.01.29,Laboratorium,Dokumenterad,,Lossen,6923266,387945,6927066,1346328,RT90,Mycket bra,UI040199 D-10-43 +,V2010-0172,,2-2361,Härjedalen (S),2-23,Jämtlands län (S)
M004881,D061881,Varg,Skyddsjakt,,2010.02.03,Nej,,Vuxen,Ja,Nej,Hane,1,1,SVA,"34,9",,,Nej,Ja,2010.02.03,Laboratorium,Dokumenterad,,"Björnbodberget, Hede",6928677,417852,6932106,1376316,RT90,Mycket bra,UI040200 D-10-44 +,V2010-0173,,2-2361,Härjedalen (S),2-23,Jämtlands län (S)
M004882,D061882,Varg,Skyddsjakt,,2010.02.19,Nej,,Vuxen,Ja,Nej,Hona,1,1,SVA,"32,6",,,Nej,Ja,2010.02.19,Laboratorium,Dokumenterad,,Vålåsen,6878199,449194,6881216,1407042,RT90,Mycket bra,UI040768 D-10-47 +,V2010-0635,,2-2361,Härjedalen (S),2-23,Jämtlands län (S)
M407899,D447371,Varg,Skyddsjakt,,2010.02.27,Nej,12:30,Vuxen,Ja,Nej,Hane,1,1,SVA,"47,00","0,00",,Nej,Nej,2010.02.27,Laboratorium,Dokumenterad,,Exakt platsuppgift saknas,7457470,743010,7456900,1708300,RT90,Mindre bra,UI040091 D-10-48 +,V2010-0485,,2-2523,Gällivare (S),2-25,Norrbottens län (S)
M004884,D061884,Varg,Skyddsjakt,,2010.05.12,Nej,,Vuxen,Ja,Nej,Hane,1,1,SVA,"35,5",,,Nej,Ja,2010.05.12,Laboratorium,Dokumenterad,,Vålåsjöfjället,6981095,388251,6984918,1347358,RT90,Mycket bra,UI040769 D-10-56 +,V2010-1178,,2-2326,Berg (S),2-23,Jämtlands län (S)
M404742,D411309,Varg,Skyddsjakt,,2010.06.05,Nej,02:15,Vuxen,Nej,Nej,Hona,2,2,NINA,38,"0,00",,Nej,Nej,2010.06.05,Laboratorium,Dokumenterad,,"Åstuvegen, Gropmarka",6788149,256790,6793505,1213425,WGS84-UTM Zon 32,Mycket bra,UI402043 M-10-04 V391 +,,,1-3405,Lillehammer (N),1-34,Innlandet (N)
M404749,D411707,Varg,Skyddsjakt,,2010.06.18,Nej,19:00,Vuxen,Nej,Nej,Hane,2,2,NINA,44,"0,00",,Nej,Nej,2010.06.18,Laboratorium,Dokumenterad,,Elgåhogna,6890206,346402,6894508,1304352,RT90,Mycket bra,UI402041 M-10-11 V389 +,,,1-3425,Engerdal (N),1-34,Innlandet (N)
M404750,D411768,Varg,Skyddsjakt,,2010.06.27,Nej,23:30,Vuxen,Nej,Nej,Hane,4,4,NINA,"36,5","0,00",,Nej,Nej,2010.06.27,Laboratorium,Dokumenterad,,Sulebegsletta Samdalen,6828324,264908,6833469,1221906,WGS84-UTM Zon 32,Mindre bra,UI417059 V111 +,,,1-3439,Ringebu (N),1-34,Innlandet (N)
M404753,D411869,Varg,Skyddsjakt,,2010.07.12,Nej,22:20,Vuxen,Nej,Nej,Hane,1,1,NINA,44,"0,00",,Ja,Nej,2010.07.12,Laboratorium,Dokumenterad,,Møyåmyra,6884010,309493,6888625,1267205,WGS84-UTM Zon 32,Mindre bra,UI402040 G27-10 V388 +,,,1-3424,Rendalen (N),1-34,Innlandet (N)
M004885,D061885,Varg,Skyddsjakt,,2010.08.28,Nej,09:45,Vuxen,Ja,Nej,Hona,1,1,SVA,35,,,Nej,Ja,2010.08.28,Laboratorium,Dokumenterad,,Visterud,6622869,406104,6626306,1360792,RT90,Mycket bra,UI040730 D-10-62 +,V2010-1568,,2-1766,Sunne (S),2-17,Värmlands län (S)
M004896,D061896,Varg,Skyddsjakt,,2010.11.15,Nej,,Vuxen,Ja,Nej,Hane,3,3,SVA,47,,,Nej,Ja,2010.11.15,Laboratorium,Dokumenterad,,Stora Harundsjön,6878205,388601,6881976,1346423,RT90,Mycket bra,UI040657 D-10-68 +,V2010-2443,,2-2039,Älvdalen (S),2-20,Dalarnas län (S)
M004897,D061897,Varg,Skyddsjakt,,2010.11.15,Nej,13:41,Vuxen,Ja,Nej,Hona,1,1,SVA,43,,,Nej,Ja,2010.11.15,Laboratorium,Dokumenterad,,"Grönkampen, Ulandshögen",6875582,389515,6879340,1347304,RT90,Mycket bra,UI040840 D-10-67 +,V2010-2444,,2-2039,Älvdalen (S),2-20,Dalarnas län (S)
M004890,D061890,Varg,Skyddsjakt,,2010.12.04,Nej,13:10,Vuxen,Ja,Nej,Hona,2,2,SVA,32,,,Nej,Ja,2010.12.04,Laboratorium,Dokumenterad,,Vinfageråsen,6865611,399570,6869240,1357240,RT90,Mycket bra,UI040475 D-10-71 +,V2010-2667,,2-2039,Älvdalen (S),2-20,Dalarnas län (S)
M004891,D061891,Varg,Skyddsjakt,,2010.12.04,Nej,13:18,Vuxen,Ja,Nej,Hane,2,2,SVA,37,,,Nej,Ja,2010.12.04,Laboratorium,Dokumenterad,,Vinfageråsen,6865424,398966,6869060,1356633,RT90,Mycket bra,UI040841 D-10-70 +,V2010-2668,,2-2039,Älvdalen (S),2-20,Dalarnas län (S)
M404825,D414607,Varg,Skyddsjakt,,2010.12.08,Nej,15:55,Vuxen,Nej,Nej,Hane,2,2,NINA,"42,5","42,50",,Nej,Ja,2010.12.08,Fältkontroll - SNO,Dokumenterad,578098100265276,Oppsal,6475249,40738,6482917,993270,WGS84-UTM Zon 33,Mindre bra,UI401298 G36-11 V317 +,,,1-4225,Lyngdal (N),1-42,Agder (N)
M004898,D061898,Varg,Skyddsjakt,,2010.12.18,Nej,14:30,Vuxen,Ja,Nej,Hona,2,2,SVA,"35,5",,,Nej,Ja,2010.12.18,Laboratorium,Dokumenterad,,"Ormtjärnen, V Born.",6801605,530037,6803593,1486965,RT90,Mycket bra,UI040092 D-10-74 +,V2010-2863,,2-2121,Ovanåker (S),2-21,Gävleborgs län (S)
M407900,D447372,Varg,Skyddsjakt,,2010.12.20,Nej,,Vuxen,Ja,Nej,Hane,1,1,SVA,"42,00","0,00",,Nej,Nej,2010.12.20,Laboratorium,Dokumenterad,,Dovelsås,6946214,445535,6949304,1404230,RT90,Mycket bra,UI040792 D-10-75 +,V2010-2917,,2-2326,Berg (S),2-23,Jämtlands län (S)
M004900,D061900,Varg,Licensjakt,,2011.01.15,Nej,10:46,Vuxen,Ja,Nej,Hane,1,1,SVA,"46,5",,,Nej,Ja,2011.01.15,Laboratorium,Dokumenterad,,"Ycklaren, mellan Gruvan och Killingholmen",6749124,595747,6750287,1552047,RT90,Mycket bra,UI040106 D-11-31 +,V2011-0083,,2-2101,Ockelbo (S),2-21,Gävleborgs län (S)
M004901,D061901,Varg,Licensjakt,,2011.01.15,Nej,12:36,Vuxen,Ja,Nej,Hona,1,1,SVA,34,,,Nej,Ja,2011.01.15,Laboratorium,Dokumenterad,,Sommarbodtjärnen,6746543,598161,6747675,1554429,RT90,Mycket bra,UI040136 D-11-32 +,V2011-0084,,2-2101,Ockelbo (S),2-21,Gävleborgs län (S)
M004902,D061902,Varg,Licensjakt,,2011.01.15,Nej,12:00,Vuxen,Ja,Nej,Hane,6,6,SVA,47,,,Nej,Ja,2011.01.15,Laboratorium,Dokumenterad,,Rötmorkälen,6814571,401698,6818150,1358736,RT90,Mycket bra,UI400312 M-09-04 V194 +,V2011-0089,,2-2023,Malung (S),2-20,Dalarnas län (S)
M004903,D061903,Varg,Licensjakt,,2011.01.15,Nej,10:05,Unge,Ja,Ja,Hane,0,0,SVA,28,,,Nej,Ja,2011.01.15,Laboratorium,Dokumenterad,,Gänsmossen,6679876,486276,6682359,1441693,RT90,Mycket bra,UI040700 D-11-33 +,V2011-0090,,2-2085,Ludvika (S),2-20,Dalarnas län (S)
M004904,D061904,Varg,Licensjakt,,2011.01.15,Nej,10:30,Vuxen,Ja,Nej,Hona,4,4,SVA,36,,,Nej,Ja,2011.01.15,Laboratorium,Dokumenterad,,Jansbrändan,6678377,486697,6680855,1442095,RT90,Mycket bra,UI400555 D-11-17 V254 +,V2011-0091,,2-2085,Ludvika (S),2-20,Dalarnas län (S)
M004905,D061905,Varg,Licensjakt,,2011.01.15,Nej,10:20,Vuxen,Ja,Nej,Hane,2,2,SVA,38,,,Nej,Ja,2011.01.15,Laboratorium,Dokumenterad,,"Schedinstjärnen, Långberget",6686652,469347,6689345,1424840,RT90,Mycket bra,UI040208 D-11-18 +,V2011-0092,,2-2021,Vansbro (S),2-20,Dalarnas län (S)
M004906,D061906,Varg,Licensjakt,,2011.01.15,Nej,14:20,Vuxen,Ja,Nej,Hane,8,8,SVA,,,,Nej,Ja,2011.01.15,Laboratorium,Dokumenterad,,Lövens,6659558,507519,6661775,1462695,RT90,Mycket bra,UI400322 M-05-06 0506 V162 +,V2011-0093,,2-2085,Ludvika (S),2-20,Dalarnas län (S)
M004908,D061908,Varg,Licensjakt,,2011.01.15,Nej,10:50,Vuxen,Ja,Nej,Hane,6,6,SVA,49,,,Nej,Ja,2011.01.15,Laboratorium,Dokumenterad,,Långberget,6900955,517908,6903125,1476064,RT90,Mycket bra,UI040479 D-11-19 +,V2011-0095,,2-2161,Ljusdal (S),2-21,Gävleborgs län (S)
M004907,D061907,Varg,Licensjakt,,2011.01.16,Nej,13:15,Vuxen,Ja,Nej,Hona,1,1,SVA,36,,,Nej,Ja,2011.01.16,Laboratorium,Dokumenterad,,Buskbacken,6658234,505838,6660471,1460997,RT90,Mycket bra,UI040089 D-11-25 +,V2011-0094,,2-2085,Ludvika (S),2-20,Dalarnas län (S)
M004909,D061909,Varg,Licensjakt,,2011.01.16,Nej,11:50,Vuxen,Ja,Nej,Hane,3,3,SVA,"49,5",,,Nej,Ja,2011.01.16,Laboratorium,Dokumenterad,,"Köpegullet, Teåkerssjön",6514547,339147,6518740,1292490,RT90,Mycket bra,UI400935 D-11-26 V313 +,V2011-0110,,2-1461,Mellerud (S),2-14,Västra Götalands län (S)
M004910,D061910,Varg,Licensjakt,,2011.01.16,Nej,12:20,Vuxen,Ja,Nej,Hona,1,1,SVA,40,,,Nej,Ja,2011.01.16,Laboratorium,Dokumenterad,,"Rannsjöheden, Ransberg",6629905,409370,6633306,1364145,RT90,Mycket bra,UI040732 D-11-20 +,V2011-0111,,2-1762,Munkfors (S),2-17,Värmlands län (S)
M004911,D061911,Varg,Licensjakt,,2011.01.16,Nej,,Unge,Ja,Ja,Hane,0,0,SVA,32,,,Nej,Ja,2011.01.16,Laboratorium,Dokumenterad,,"Krokberg, Ransbysätter",6660421,403825,6663903,1358970,RT90,Mycket bra,UI040762 D-11-21 +,V2011-0112,,2-1766,Sunne (S),2-17,Värmlands län (S)
M004913,D061913,Varg,Licensjakt,,2011.01.16,Nej,15:05,Vuxen,Ja,Nej,Hona,1,1,SVA,"37,5",,,Nej,Ja,2011.01.16,Laboratorium,Dokumenterad,,Väringberget,6586635,518737,6588690,1473030,RT90,Mycket bra,UI040158 D-11-22 +,V2011-0114,,2-1880,Örebro (S),2-18,Örebro län (S)
M004914,D061914,Varg,Licensjakt,,2011.01.16,Nej,12:49,Vuxen,Ja,Nej,Hona,3,3,SVA,38,,,Nej,Ja,2011.01.16,Laboratorium,Dokumenterad,,"Röberget, Storeken",6653241,364217,6657203,1319255,RT90,Mycket bra,UI040280 D-11-27 +,V2011-0115,,2-1784,Arvika (S),2-17,Värmlands län (S)
M004912,D061912,Varg,Licensjakt,,2011.01.17,Nej,15:53,Unge,Ja,Ja,Hane,0,0,SVA,28,,,Nej,Ja,2011.01.17,Laboratorium,Dokumenterad,,Söpple,6617063,337667,6621330,1292250,RT90,Mycket bra,UI040155 D-11-23 +,V2011-0113,,2-1730,Eda (S),2-17,Värmlands län (S)
M004920,D061920,Varg,Skyddsjakt,,2011.01.17,Nej,,Vuxen,Ja,Nej,Hane,1,1,SVA,45,,,Nej,Ja,2011.01.17,Laboratorium,Dokumenterad,,"Frägnberget, Horten",6914020,487153,6916578,1445461,RT90,Mycket bra,UI400905 G102-11 V285 +,V2011-0528,,2-2361,Härjedalen (S),2-23,Jämtlands län (S)
M004899,D061899,Varg,Licensjakt,,2011.01.22,Nej,14:26,Unge,Ja,Ja,Hona,0,0,SVA,29,,,Nej,Ja,2011.01.22,Laboratorium,Dokumenterad,,Storön - Lingonön,6648091,512769,6650240,1467807,RT90,Mycket bra,UI040088 D-11-24 +,V2011-0141,,2-1885,Lindesberg (S),2-18,Örebro län (S)
M004915,D061915,Varg,Licensjakt,,2011.01.24,Nej,14:30,Vuxen,Ja,Nej,Hane,1,1,SVA,48,,,Nej,Ja,2011.01.24,Laboratorium,Dokumenterad,,"Löveråsberget, Månäs",6708241,393690,6711870,1349415,RT90,Mycket bra,UI040241 D-11-28 +,V2011-0173,,2-1737,Torsby (S),2-17,Värmlands län (S)
M004919,D061919,Varg,Skyddsjakt,,2011.01.24,Nej,,Vuxen,Ja,Nej,Hona,1,1,SVA,31,,,Nej,Ja,2011.01.24,Laboratorium,Dokumenterad,,"Skallarna, Hammarbergsvallen",6937498,409355,6941037,1367925,RT90,Mycket bra,UI040501 G99-10 +,V2011-0400,,2-2361,Härjedalen (S),2-23,Jämtlands län (S)
M004916,D061916,Varg,Licensjakt,,2011.01.26,Nej,15:30,Vuxen,Ja,Nej,Hane,5,5,SVA,40,,,Nej,Ja,2011.01.26,Laboratorium,Dokumenterad,,Danielstorp,6635794,379599,6639560,1334432,RT90,Mycket bra,UI040395 D-11-29 +,V2011-0203,,2-1766,Sunne (S),2-17,Värmlands län (S)
M004917,D061917,Varg,Licensjakt,,2011.02.05,Nej,16:10,Vuxen,Ja,Nej,Hona,5,5,SVA,38,,,Nej,Ja,2011.02.05,Laboratorium,Dokumenterad,,Bjällhögen,6528127,331792,6532416,1285295,RT90,Mycket bra,UI040341 D-11-30 +,V2011-0320,,2-1438,Dals-Ed (S),2-14,Västra Götalands län (S)
M004918,D061918,Varg,Skyddsjakt,,2011.02.09,Nej,17:40,Vuxen,Ja,Nej,Hona,1,1,SVA,33,,,Nej,Ja,2011.02.09,Laboratorium,Dokumenterad,,"Bråtarna, Örbäcken",6641145,416432,6644465,1371347,RT90,Mycket bra,UI040148 G44-11 +,V2011-0390,,2-1783,Hagfors (S),2-17,Värmlands län (S)
M404953,D415043,Varg,Jakt - Kula,,2011.02.15,Nej,16:15,Vuxen,Nej,Nej,Hane,5,5,NINA,"46,5","0,00",,Ja,Nej,2011.02.15,Laboratorium,Dokumenterad,578098100264604,Åkre,6846303,298079,6851099,1255320,WGS84-UTM Zon 32,Mindre bra,UI400533 M-09-05 0905 V246 +,,,1-3424,Rendalen (N),1-34,Innlandet (N)
M404956,D415055,Varg,Jakt - Kula,,2011.02.16,Nej,13:05,Vuxen,Nej,Nej,Hane,4,4,NINA,"44,5","0,00",,Ja,Ja,2011.02.16,Laboratorium,Dokumenterad,578098100168726,,6840698,305993,6845393,1263167,WGS84-UTM Zon 32,Mycket bra,UI400934 G105-10 V315 +,,,1-3424,Rendalen (N),1-34,Innlandet (N)
M404957,D415056,Varg,Jakt - Kula,,2011.02.16,Nej,13:34,Vuxen,Nej,Nej,Hona,,,,"34,00","0,00",,Ja,Ja,2011.02.16,Laboratorium,Dokumenterad,578098100263792,,6840046,305746,6844744,1262912,WGS84-UTM Zon 32,Mindre bra,UI401507 G35-11 V334 +,,,1-3424,Rendalen (N),1-34,Innlandet (N)
M404988,D415200,Varg,Jakt - Kula,,2011.02.27,Nej,16:15,Vuxen,Nej,Nej,Hane,2,2,NINA,51,"0,00",,Ja,Nej,2011.02.27,Laboratorium,Dokumenterad,578098100265740,Ytre Laurak,6517022,114828,6523825,1067920,WGS84-UTM Zon 32,Mindre bra,UI402039 G89-11 V387 +,,,1-4214,Froland (N),1-42,Agder (N)
M004921,D061921,Varg,Skyddsjakt,,2011.05.15,Nej,,Vuxen,Ja,Nej,Hane,4,4,SVA,47,,,Nej,Ja,2011.05.15,Laboratorium,Dokumenterad,,"Stormyran, Granhammarsberget",7381954,812894,7380471,1777212,RT90,Mycket bra,UI040612 G101-10 +,V2011-4088,,2-2513,Överkalix (S),2-25,Norrbottens län (S)
M405102,D417013,Varg,Skyddsjakt,,2011.06.03,Nej,12:30,Vuxen,Nej,Nej,Hona,1,1,NINA,36,"0,00",,Ja,Ja,2011.06.03,Laboratorium,Dokumenterad,578098100265066,Nord øst for Hammeren,6703022,284446,6707865,1239905,WGS84-UTM Zon 33,Mindre bra,UI402050 G138-11 V398 +,,,1-3037,Hurdal (N),1-30,Viken (N)
M405120,D417118,Varg,Skyddsjakt,,2011.06.14,Nej,04:25,Vuxen,Nej,Nej,Hane,1,1,NINA,"43,5","0,00",,Nej,Nej,2011.06.14,Laboratorium,Dokumenterad,578098100265159,Sjulhusvangen,6894255,273907,6899319,1231730,WGS84-UTM Zon 32,Mindre bra,UI401960 G123-11 V342 +,,,1-3428,Alvdal (N),1-34,Innlandet (N)
M004923,D061923,Varg,Skyddsjakt,,2011.07.08,Nej,11:20,Vuxen,Ja,Nej,Hona,1,1,SVA,"32,5",,,Nej,Ja,2011.07.08,Laboratorium,Dokumenterad,,Nyhammar,6682882,497419,6685230,1452876,RT90,Mycket bra,UI040701 G111-11 +,V2011-4350,,2-2085,Ludvika (S),2-20,Dalarnas län (S)
M004931,D061931,Varg,Skyddsjakt,,2011.10.15,Nej,14:00,Vuxen,Ja,Nej,Hane,3,3,SVA,"38,9",,,Nej,Ja,2011.10.15,Laboratorium,Dokumenterad,,"Oxmossen, Hinnerstorp",6485123,599233,6486178,1552325,RT90,Mycket bra,UI040613 G33-08 +,V2011-5606,,2-0581,Norrköping (S),2-05,Östergötlands län (S)
M004933,D061933,Varg,Skyddsjakt,,2011.11.12,Nej,15:45,Vuxen,Ja,Nej,Hona,1,1,SVA,34,,,Nej,Ja,2011.11.12,Laboratorium,Dokumenterad,,Kållaköp,6271415,436474,6274330,1386972,RT90,Mycket bra,UI401414 M-11-04 D-11-59 V330 +,V2011-5651,,2-0765,Älmhult (S),2-07,Kronobergs län (S)
M004934,D061934,Varg,Skyddsjakt,,2011.12.11,Nej,13:30,Vuxen,Ja,Nej,Hane,1,1,SVA,48,,,Nej,Ja,2011.12.11,Laboratorium,Dokumenterad,,Bredåsen,6873505,353735,6877707,1311481,RT90,Mycket bra,UI040478 G50-11 +,V2011-5937,,2-2039,Älvdalen (S),2-20,Dalarnas län (S)
M004935,D061935,Varg,Skyddsjakt,,2011.12.11,Nej,13:30,Vuxen,Ja,Nej,Hona,2,2,SVA,37,,,Nej,Ja,2011.12.11,Laboratorium,Dokumenterad,,Bredåsen,6872886,354499,6877079,1312238,RT90,Mycket bra,UI040162 G51-11 +,V2011-5938,,2-2039,Älvdalen (S),2-20,Dalarnas län (S)
M405308,D418746,Varg,Jakt - Kula,,2012.01.07,Nej,15:00,Vuxen,Nej,Nej,Hane,1,1,NINA,41,"0,00",,Ja,Ja,2012.01.07,Laboratorium,Dokumenterad,578098100346421,Åsta vest,6771822,299282,6776514,1255595,WGS84-UTM Zon 32,Mindre bra,UI401959 G19-12 V341 +,,,1-3422,Åmot (N),1-34,Innlandet (N)
M405318,D418817,Varg,Jakt - Kula,,2012.01.14,Nej,16:30,Vuxen,Nej,Nej,Hane,3,3,NINA,37,"0,00",,Ja,Ja,2012.01.14,Laboratorium,Dokumenterad,578098100345099,Narsetra,6761735,305029,6766352,1261221,WGS84-UTM Zon 32,Mindre bra,UI402036 G97-10 V384 +,,,1-3412,Løten (N),1-34,Innlandet (N)
M405321,D418887,Varg,Jakt - Kula,,2012.01.21,Nej,14:55,Vuxen,Nej,Nej,Hona,1,1,NINA,32,"0,00",,Nej,Ja,2012.01.21,Laboratorium,Dokumenterad,578098100346513,Klettsætra,6773225,299397,6777916,1255728,WGS84-UTM Zon 32,Mindre bra,UI402038 G83-11 V386 +,,,1-3422,Åmot (N),1-34,Innlandet (N)
M405323,D418900,Varg,Skyddsjakt,,2012.01.24,Nej,10:00,Vuxen,Nej,Nej,Hane,1,1,NINA,47,"0,00",,Nej,Nej,2012.01.24,Laboratorium,Dokumenterad,578098100264222,Elgåhogna,6893173,347228,6897466,1305216,WGS84-UTM Zon 33,Mindre bra,UI402054 G139-11 V402 +,,,1-3425,Engerdal (N),1-34,Innlandet (N)
M004938,D061938,Varg,Skyddsjakt,,2012.01.31,Nej,15:40,Vuxen,Ja,Nej,Hane,2,2,SVA,34,,,Nej,Ja,2012.01.31,Laboratorium,Dokumenterad,Skinn 0007B573B1,Stor-Grucken,6916221,396251,6919914,1354550,RT90,Mycket bra,UI040242 G57-12 +,V2012-0188,,2-2361,Härjedalen (S),2-23,Jämtlands län (S)
M004939,D061939,Varg,Skyddsjakt,,2012.02.09,Nej,16:01,Vuxen,Ja,Nej,Hane,2,2,SVA,"33,7",,,Nej,Ja,2012.02.09,Laboratorium,Dokumenterad,,"Ulvåsen, Foskros",6881407,375217,6885346,1333072,RT90,Mycket bra,UI040708 G118-11 +,V2012-0289,,2-2039,Älvdalen (S),2-20,Dalarnas län (S)
M004941,D061941,Varg,Skyddsjakt,,2012.03.25,Nej,06:50,Unge,Ja,Ja,Hane,0,0,SVA,36,,,Nej,Ja,2012.03.25,Laboratorium,Dokumenterad,,Skråmsta,6626186,579567,6627515,1534359,RT90,Mycket bra,UI040131 G86-12 +,V2012-0593,,2-1980,Västerås (S),2-19,Västmanlands län (S)
M004942,D061942,Varg,Skyddsjakt,,2012.03.28,Nej,,Vuxen,Ja,Nej,Hona,3,3,SVA,"35,1",,,Nej,Ja,2012.03.28,Laboratorium,Dokumenterad,,"Bastubacken, Svanå",6626682,578510,6628024,1533308,RT90,Mycket bra,UI040374 G42-11 +,V2012-0624,,2-1980,Västerås (S),2-19,Västmanlands län (S)
M004944,D061944,Varg,Skyddsjakt,,2012.04.19,Nej,16:55,Vuxen,Ja,Nej,Hane,2,2,SVA,"40,8",,,Nej,Ja,2012.04.19,Laboratorium,Dokumenterad,,"Långöbäcken, Hästkölen",6862283,363934,6866353,1321546,RT90,Mycket bra,UI402030 G13-11 V378 +,V2012-0759,,2-2039,Älvdalen (S),2-20,Dalarnas län (S)
M004945,D061945,Varg,Skyddsjakt,,2012.04.19,Nej,17:16,Vuxen,Ja,Nej,Hona,2,2,SVA,"42,1",,,Nej,Ja,2012.04.19,Laboratorium,Dokumenterad,,"Granåsköltjärnen, Hästkölen",6859815,364078,6863882,1321659,RT90,Mycket bra,UI401967 G1-12 1203 V349 +,V2012-0760,,2-2039,Älvdalen (S),2-20,Dalarnas län (S)
M004946,D061946,Varg,Skyddsjakt,,2012.04.19,Nej,16:43,Vuxen,Ja,Nej,Hane,2,2,SVA,"42,1",,,Nej,Ja,2012.04.19,Laboratorium,Dokumenterad,,Hästkölen,6862140,361251,6866243,1318860,RT90,Mycket bra,UI402034 G3-11 V382 +,V2012-0761,,2-2039,Älvdalen (S),2-20,Dalarnas län (S)
M405528,D422137,Varg,Skyddsjakt,,2012.06.17,Nej,00:35,Vuxen,Nej,Nej,Hane,1,1,NINA,"43,5","0,00",,Ja,Ja,2012.06.17,Laboratorium,Dokumenterad,578098100263954,Stavheimsmorki,6907638,168444,6914170,1126505,WGS84-UTM Zon 32,Mindre bra,UI402217 G2-12 V415 +,,,1-3432,Lesja (N),1-34,Innlandet (N)
M405544,D422539,Varg,Skyddsjakt,,2012.08.17,Nej,11:25,Vuxen,Nej,Nej,Hona,1,1,NINA,35,"0,00",,Nej,Ja,2012.08.17,Laboratorium,Dokumenterad,578098100339266,Enge,6747124,302404,6751894,1258559,WGS84-UTM Zon 32,Mindre bra,UI405218 V375 +,,,1-3412,Løten (N),1-34,Innlandet (N)
M405871,D423720,Varg,Jakt - Kula,,2012.10.17,Nej,16:30,Vuxen,Nej,Nej,Hane,2,2,NINA,"41,1","0,00",,Ja,Ja,2012.10.17,Laboratorium,Dokumenterad,578098100345017,Skjervagen,6870146,349957,6874394,1307660,WGS84-UTM Zon 33,Mindre bra,UI403137 G138-12 V427 +,,,1-3425,Engerdal (N),1-34,Innlandet (N)
M405874,D423769,Varg,Skyddsjakt,,2012.10.21,Nej,05:55,Vuxen,Ja,Nej,Hane,3,3,SVA,"41,00","0,00",,Nej,Ja,2012.10.21,Laboratorium,Dokumenterad,,Ockelbo,6760810,586171,6762093,1542612,RT90,Mycket bra,UI040710 G27-13 +,V2012-2238,,2-2101,Ockelbo (S),2-21,Gävleborgs län (S)
M405879,D423828,Varg,Jakt - Kula,,2012.10.31,Nej,11:40,Vuxen,Nej,Nej,Hane,1,1,NINA,"49,5","0,00",,Ja,Ja,2012.10.31,Laboratorium,Dokumenterad,578098100346712,Midtskogen,6881652,287649,6886681,1245461,WGS84-UTM Zon 32,Mindre bra,UI402211 G15-12 V409 +,,,1-3424,Rendalen (N),1-34,Innlandet (N)
M405886,D424088,Varg,Skyddsjakt,,2012.11.12,Nej,11:00,Vuxen,Ja,Nej,Hane,2,2,SVA,"40,00","0,00",,Nej,Nej,2012.11.12,Fältkontroll - LST,Dokumenterad,,Kölåsen,6885920,397027,6889590,1354948,RT90,Exakt,UI040542 G126-13 +,V2012-2501,,2-2361,Härjedalen (S),2-23,Jämtlands län (S)
M405887,D424357,Varg,Skyddsjakt,,2012.11.14,Nej,13:00,Vuxen,Ja,Nej,Hane,3,3,SVA,"45,00","0,00",,Nej,Nej,2012.11.14,Fältkontroll - LST,Dokumenterad,,Söderbärke,6660026,532955,6661932,1488145,RT90,Exakt,UI040114 G5-12 +,V2012-2381,2012-11-14 BE,2-2061,Smedjebacken (S),2-20,Dalarnas län (S)
M405923,D424644,Varg,Skyddsjakt,,2012.11.30,Nej,14:00,Vuxen,Ja,Nej,Hane,2,2,SVA,"37,00","0,00",,Nej,Nej,2012.11.30,Fältkontroll - LST,Bedömd som säker,Skinn 0007B54E8E,Lövsta,6958479,425015,6961831,1383855,RT90,Mycket bra,UI040559 G65-12 +,V2012-2500,,2-2326,Berg (S),2-23,Jämtlands län (S)
M405906,D424550,Varg,Jakt - Kula,,2012.12.02,Nej,14:35,Vuxen,Nej,Nej,Hane,3,3,NINA,50,"0,00",,Ja,Ja,2012.12.02,Laboratorium,Dokumenterad,578098100165506,Gråkallen,6720143,304573,6724871,1260398,WGS84-UTM Zon 32,Mindre bra,UI401413 G120-13 V329 +,,,1-3413,Stange (N),1-34,Innlandet (N)
M004956,D061956,Varg,Skyddsjakt,,2012.12.12,Nej,,Vuxen,Ja,Nej,Hane,3,3,SVA,47,,,Nej,Ja,2012.12.12,Laboratorium,Dokumenterad,,Vedevåg,6599231,518406,6601294,1472852,RT90,Mycket bra,UI040512 G120-11 +,V2012-2507,,2-1885,Lindesberg (S),2-18,Örebro län (S)
M406284,D428235,Varg,Skyddsjakt,,2012.12.17,Nej,11:32,Vuxen,Ja,Nej,Hane,3,3,SVA,"41,80","0,00",,Nej,Nej,2012.12.17,Laboratorium,Dokumenterad,,"4,5 km norr Dyvelberget",6853115,414646,6856551,1372168,RT90,Mycket bra,UI040159 G122-12 +,V2012-2534,,2-2039,Älvdalen (S),2-20,Dalarnas län (S)
M405920,D424635,Varg,Skyddsjakt,,2012.12.19,Nej,14:30,Vuxen,Ja,Nej,Hane,2,2,SVA,"40,00","0,00",,Ja,Nej,2012.12.19,Laboratorium,Dokumenterad,Skinn 0007B56C86,Flåsjön,6962831,430792,6966113,1389688,RT90,Mindre bra,UI040750 G110-12 +,V2013-0270,,2-2326,Berg (S),2-23,Jämtlands län (S)
M405921,D424642,Varg,Skyddsjakt,,2012.12.19,Nej,11:38,Vuxen,Ja,Nej,Hane,3,3,SVA,"45,00","0,00",,Nej,Nej,2012.12.19,Laboratorium,Dokumenterad,,Klaxåsnybodarna,6906876,471560,6909626,1429774,RT90,Mycket bra,UI040187 G100-12 +,V2013-0268,,2-2361,Härjedalen (S),2-23,Jämtlands län (S)
M405922,D424643,Varg,Skyddsjakt,,2012.12.19,Nej,11:34,Vuxen,Ja,Nej,Hona,1,1,SVA,"33,00","0,00",,Nej,Nej,2012.12.19,Laboratorium,Dokumenterad,,Klaxåsnybodarna,6906801,471053,6909557,1429265,RT90,Mycket bra,UI040751 G114-12 +,V2013-0269,,2-2361,Härjedalen (S),2-23,Jämtlands län (S)
M405928,D424650,Varg,Skyddsjakt,,2012.12.21,Nej,14:44,Vuxen,Ja,Nej,Hona,2,2,SVA,"33,00","0,00",,Nej,Nej,2012.12.21,Laboratorium,Dokumenterad,Skinn 0007B55FA1,"Nästeln, Kläppberget",6949129,478915,6951803,1437659,RT90,Exakt,UI040747 G101-12 +,V2013-0271,,2-2326,Berg (S),2-23,Jämtlands län (S)
M405930,D424652,Varg,Skyddsjakt,,2013.01.02,Nej,13:27,Vuxen,Ja,Nej,Hona,1,1,SVA,"33,00","0,00",,Nej,Nej,2013.01.02,Laboratorium,Dokumenterad,,Havsjön,6957930,454524,6960913,1413369,RT90,Mycket bra,UI040748 G102-12 +,V2013-0272,,2-2326,Berg (S),2-23,Jämtlands län (S)
M405951,D424801,Varg,Skyddsjakt,,2013.01.11,Nej,12:59,Vuxen,Ja,Nej,Hane,3,3,SVA,"41,80","0,00",,Nej,Nej,2013.01.11,Laboratorium,Dokumenterad,Skinn 0007B56D4A,Hälla,7093960,608345,7095050,1568950,RT90,Mindre bra,UI040519 G108-12 +,V2013-0299,,2-2463,Åsele (S),2-24,Västerbottens län (S)
M406083,D425294,Varg,Jakt - Kula,,2013.02.01,Nej,15:40,Vuxen,Nej,Nej,Hane,2,2,NINA,45,"0,00",,Ja,Ja,2013.02.01,Laboratorium,Dokumenterad,578098100340653,Sageie,6568902,170516,6575168,1124409,WGS84-UTM Zon 32,Mindre bra,UI403236 G60-11 V440 +,,,1-3815,Drangedal (N),1-38,Vestfold og Telemark (N)
M405992,D425035,Varg,Licensjakt,,2013.02.02,Nej,,Unge,Ja,Nej,Hane,0,0,SVA,"33,00","0,00",,Ja,Ja,2013.02.02,Laboratorium,Dokumenterad,00072BB7D3,Iresjön,6610339,532539,6612234,1487124,RT90,Exakt,UI040074 G40-13 +,V2013-0535,2013T01,2-1983,Köping (S),2-19,Västmanlands län (S)
M406075,D425246,Varg,Licensjakt,,2013.02.02,Nej,12:18,Unge,Ja,Nej,Okänt,0,0,SVA,"36,00","30,00",,Ja,Ja,2013.02.02,Laboratorium,Dokumenterad,00072BFF01,"Nära Silderåsen, N:6824179, E:1351150",6820502,394042,6824179,1351150,RT90,Exakt,UI040569 G101-13 +,V2013-0511,2013W01ALF,2-2039,Älvdalen (S),2-20,Dalarnas län (S)
M406076,D425247,Varg,Licensjakt,,2013.02.02,Nej,12:40,Unge,Ja,Nej,Hona,0,0,SVA,"24,00","20,00",,Ja,Ja,2013.02.02,Laboratorium,Dokumenterad,00072B9761,Silderåsen,6822412,394320,6826086,1351452,RT90,Exakt,UI040570 G102-13 +,V2013-0510,2013W02ALF,2-2039,Älvdalen (S),2-20,Dalarnas län (S)
M406048,D425163,Varg,Jakt - Kula,,2013.02.10,Nej,16:20,Vuxen,Nej,Nej,Hane,1,1,NINA,"42,5","0,00",,Nej,Ja,2013.02.10,Laboratorium,Dokumenterad,578098100346868,Kjølvollen/Haugsetvollen,6872131,300322,6876997,1258023,WGS84-UTM Zon 32,Mindre bra,UI403608 G47-12 V465 +,,,1-3424,Rendalen (N),1-34,Innlandet (N)
M406216,D425902,Varg,Jakt - Kula,,2013.03.23,Nej,15:51,Vuxen,Nej,Nej,Hane,2,2,NINA,"50,5","0,00",,Ja,Ja,2013.03.23,Laboratorium,Dokumenterad,578098100338051,Funtinsetra,6600796,213506,6606563,1167816,WGS84-UTM Zon 32,Mindre bra,UI403238 G94-10 V442 +,,,1-3805,Larvik (N),1-38,Vestfold og Telemark (N)
M406234,D426034,Varg,Skyddsjakt,,2013.04.03,Nej,,Vuxen,Nej,Nej,Hona,2,2,NINA,39,"0,00",,Nej,Nej,2013.04.03,Laboratorium,Dokumenterad,578098100345989,Sølenholet Søre,6863920,312685,6868628,1270291,WGS84-UTM Zon 32,Mindre bra,UI401973 G10-11 V354 +,,,1-3424,Rendalen (N),1-34,Innlandet (N)
M406235,D426035,Varg,Skyddsjakt,,2013.04.03,Nej,,Vuxen,Nej,Nej,Hane,1,1,NINA,40,"0,00",,Nej,Nej,2013.04.03,Laboratorium,Dokumenterad,578098100347103,Sølenholet Søre,6863356,316617,6868015,1274217,WGS84-UTM Zon 32,Mindre bra,UI403139 G121-11 V429 +,,,1-3424,Rendalen (N),1-34,Innlandet (N)
M406238,D426060,Varg,Skyddsjakt,,2013.04.05,Nej,18:55,Vuxen,Nej,Nej,Hane,2,2,NINA,"43,2","0,00",,Nej,Ja,2013.04.05,Laboratorium,Dokumenterad,578098100342459,Ausetsætra-Ausetøya,7041387,233738,7047186,1193521,WGS84-UTM Zon 32,Mindre bra,UI402037 G71-11 V385 +,,,1-5059,Orkland (N),1-50,Trøndelag (N)
M406285,D428237,Varg,Skyddsjakt,,2013.05.05,Nej,,Vuxen,Ja,Nej,Hane,3,3,SVA,"35,00","0,00",,Nej,Nej,2013.05.05,Laboratorium,Dokumenterad,,"Hällsjövålen, Långfjället",6886516,372015,6890497,1329932,RT90,Mycket bra,UI040681 G80-12 +,V2013-1519,,2-2039,Älvdalen (S),2-20,Dalarnas län (S)
M406280,D428178,Varg,Skyddsjakt,,2013.06.09,Nej,01:45,Vuxen,Nej,Nej,Hane,1,1,NINA,"39,5","0,00",,Ja,Ja,2013.06.09,Laboratorium,Dokumenterad,578274613200024,Kongsli,6799230,163371,6805750,1120081,WGS84-UTM Zon 32,Mindre bra,UI403605 G193-13 V462 +,,,1-3454,Vang (N),1-34,Innlandet (N)
M406288,D428334,Varg,Skyddsjakt,,2013.06.18,Nej,04:00,Vuxen,Nej,Nej,Hane,1,1,NINA,41,"0,00",,Ja,Ja,2013.06.18,Laboratorium,Dokumenterad,578098100347050,Ingdalen,7045605,246469,7051246,1206312,WGS84-UTM Zon 32,Mindre bra,UI403533 G191-13 V460 +,,,1-5059,Orkland (N),1-50,Trøndelag (N)
M406289,D428508,Varg,Skyddsjakt,,2013.07.16,Nej,09:30,Vuxen,Nej,Nej,Hane,1,1,NINA,"34,4","0,00",,Nej,Nej,2013.07.16,Laboratorium,Dokumenterad,578098100264690,,6827316,196274,6833447,1153354,WGS84-UTM Zon 32,Mindre bra,UI403604 G192-13 V461 +,,,1-3436,Nord-Fron (N),1-34,Innlandet (N)
M406291,D428558,Varg,Skyddsjakt,,2013.07.29,Nej,05:35,Vuxen,Nej,Nej,Hane,1,1,NINA,45,"0,00",,Nej,Ja,2013.07.29,Laboratorium,Dokumenterad,578098100346274,Grunsetskogen,6761259,306161,6765991,1262492,WGS84-UTM Zon 32,Mindre bra,UI403607 G194-13 V464 +,,,1-3420,Elverum (N),1-34,Innlandet (N)
M406587,D429368,Varg,Skyddsjakt,,2013.09.21,Nej,13:16,Vuxen,Ja,Nej,Hane,4,4,SVA,"45,00","0,00",,Nej,Nej,2013.09.21,Laboratorium,Dokumenterad,,Kville,6493902,287608,6498704,1240673,RT90,Exakt,UI403696 G155-13 +,V2013-2719,,2-1435,Tanum (S),2-14,Västra Götalands län (S)
M406678,D430015,Varg,Jakt - Kula,,2013.11.05,Nej,15:15,Vuxen,Nej,Nej,Hane,2,2,NINA,32,"0,00",,Ja,Ja,2013.11.05,Laboratorium,Dokumenterad,578098100263851,Spekehogget,6904110,294495,6909066,1252591,WGS84-UTM Zon 33,Mindre bra,UI403991 G35-14 V487 +,,,1-3427,Tynset (N),1-34,Innlandet (N)
M406682,D430072,Varg,Jakt - Kula,,2013.11.06,Nej,09:30,Vuxen,Nej,Nej,Hane,1,1,NINA,43,"0,00",,Ja,Ja,2013.11.06,Laboratorium,Dokumenterad,578098100169577,"Hovdefjell, Vegårshei kommune i Aust-Agder",6524505,132915,6531192,1086242,WGS84-UTM Zon 33,Mindre bra,UI403863 G199-13 V480 +,,,1-4212,Vegårshei (N),1-42,Agder (N)
M406679,D430024,Varg,Skyddsjakt,,2013.11.10,Nej,14:14,Vuxen,Ja,Nej,Hane,1,1,SVA,"36,00","0,00",,Nej,Nej,2013.11.10,Laboratorium,Dokumenterad,,Lillfjället,6936526,390385,6940302,1348935,RT90,Exakt,UI404008 G9-14 +,V2013-3423,,2-2361,Härjedalen (S),2-23,Jämtlands län (S)
M406688,D430386,Varg,Skyddsjakt,,2013.11.29,Nej,13:20,Vuxen,Ja,Nej,Hane,1,1,SVA,"33,00","0,00",,Nej,Nej,2013.11.29,Laboratorium,Dokumenterad,,Storsjö kapell,6964109,404350,6967722,1363251,WGS84-UTM Zon 33,Mycket bra,UI403786 G163-13 +,V2013-3638,,2-2326,Berg (S),2-23,Jämtlands län (S)
M406914,D432286,Varg,Skyddsjakt,,2013.12.07,Nej,15:00,Vuxen,Ja,Nej,Hane,1,1,SVA,"0,00","0,00",,Nej,Nej,2013.12.07,Laboratorium,Dokumenterad,,Höstet 12 km norr Särna,6852393,400797,6856001,1358303,RT90,Exakt,UI040255 G34-13 V478 +,V2013-3608,,2-2039,Älvdalen (S),2-20,Dalarnas län (S)
M406916,D432288,Varg,Skyddsjakt,,2013.12.07,Nej,15:30,Vuxen,Ja,Nej,Hona,1,1,SVA,"0,00","0,00",,Nej,Nej,2013.12.07,Laboratorium,Dokumenterad,,,6856334,399463,6859960,1357018,RT90,Exakt,UI404083 G11-14 +,V2013-3609,,2-2039,Älvdalen (S),2-20,Dalarnas län (S)
M406726,D430726,Varg,Skyddsjakt,,2014.01.12,Nej,11:40,Vuxen,Ja,Nej,Hane,4,4,SVA,"44,00","0,00",,Ja,Nej,2014.01.12,Laboratorium,Dokumenterad,,,6903256,520963,6905389,1479149,WGS84-UTM Zon 33,Mindre bra,UI040687 G21-12 +,V2014-0080,,2-2161,Ljusdal (S),2-21,Gävleborgs län (S)
M406740,D431003,Varg,Jakt - Kula,,2014.01.27,Nej,15:30,Vuxen,Nej,Nej,Hane,1,1,NINA,34,"0,00",,Nej,Ja,2014.01.27,Laboratorium,Dokumenterad,578098100339304,,6706491,301726,6711246,1257381,WGS84-UTM Zon 32,Mindre bra,UI404131 G21-14 V512 +,,,1-3414,Nord-Odal (N),1-34,Innlandet (N)
M406746,D431068,Varg,Skyddsjakt,,2014.01.31,Nej,13:35,Vuxen,Ja,Nej,Hane,1,1,SVA,"47,00","0,00",,Nej,Nej,2014.01.31,Laboratorium,Dokumenterad,Skinn 0007B583F9,Halasjön,7016758,564350,7018383,1523970,RT90,Mycket bra,UI040563 G97-13 +,V2014-0763,,2-2303,Ragunda (S),2-23,Jämtlands län (S)
M406754,D431095,Varg,Jakt - Kula,,2014.02.03,Nej,14:10,Vuxen,Nej,Nej,Hane,1,1,NINA,42,"36,80",,Ja,Ja,2014.02.03,Laboratorium,Dokumenterad,578098100340821,Støldalen,6505833,85736,6513075,1038799,WGS84-UTM Zon 33,Mindre bra,UI040571 G119-12 V489 +,,,1-4218,Iveland (N),1-42,Agder (N)
M406775,D431194,Varg,Skyddsjakt,,2014.02.05,Nej,10:30,Vuxen,Nej,Nej,Hona,1,1,NINA,"40,3","0,00",,Ja,Ja,2014.02.05,Laboratorium,Dokumenterad,578098100264587,Stollfløyet Sølen,6865637,319449,6870262,1277080,WGS84-UTM Zon 33,Mindre bra,UI402384 G134-12 V419 +,,,1-3424,Rendalen (N),1-34,Innlandet (N)
M406781,D431217,Varg,Skyddsjakt,,2014.02.08,Nej,13:20,Vuxen,Ja,Nej,Hona,1,1,SVA,"38,50","0,00",,Nej,Nej,2014.02.08,Laboratorium,Dokumenterad,,Furuberget,6909949,479973,6912595,1438228,WGS84-UTM Zon 33,Exakt,UI040195 G76-13 +,V2014-0895,,2-2326,Berg (S),2-23,Jämtlands län (S)
M406782,D431218,Varg,Skyddsjakt,,2014.02.08,Nej,13:45,Vuxen,Ja,Nej,Hane,1,1,SVA,"45,10","0,00",,Nej,Nej,2014.02.08,Laboratorium,Dokumenterad,,Furuberget,6909536,480359,6912177,1438609,WGS84-UTM Zon 33,Exakt,UI040423 G135-13 +,V2014-0850,,2-2326,Berg (S),2-23,Jämtlands län (S)
M406784,D431230,Varg,Skyddsjakt,,2014.02.08,Nej,12:20,Vuxen,Nej,Nej,Hane,1,1,NINA,"37,5","0,00",,Ja,Ja,2014.02.08,Laboratorium,Dokumenterad,578098100344875,Osdalen,6832909,321766,6837487,1278992,WGS84-UTM Zon 32,Mindre bra,UI403987 G33-14 V485 +,,,1-3424,Rendalen (N),1-34,Innlandet (N)
M406912,D432280,Varg,Skyddsjakt,,2014.03.20,Nej,12:30,Vuxen,Ja,Nej,Hane,2,2,SVA,"46,00","0,00",,Nej,Nej,2014.03.20,Laboratorium,Dokumenterad,,Björnåsen,6851278,375793,6855195,1333274,RT90,Exakt,UI403136 G25-12 V426 +,V2014-0676,,2-2039,Älvdalen (S),2-20,Dalarnas län (S)
M406913,D432281,Varg,Skyddsjakt,,2014.03.20,Nej,12:25,Vuxen,Ja,Nej,Hona,1,1,SVA,"40,50","0,00",,Nej,Nej,2014.03.20,Laboratorium,Dokumenterad,,,6851205,376209,6855117,1333689,RT90,Exakt,UI402386 G136-12 V421 +,V2014-0677,,2-2039,Älvdalen (S),2-20,Dalarnas län (S)
M406977,D433748,Varg,Skyddsjakt,,2014.05.05,Nej,21:00,Vuxen,Nej,Nej,Hona,1,1,NINA,28,"0,00",,Nej,Ja,2014.05.05,Laboratorium,Dokumenterad,578098100347084,Svuku,6907229,347053,6911532,1305216,WGS84-UTM Zon 33,Mindre bra,UI404248 G146-14 V518 +,,,1-3425,Engerdal (N),1-34,Innlandet (N)
M406991,D433939,Varg,Skyddsjakt,,2014.05.10,Nej,18:05,Vuxen,Nej,Nej,Hona,1,1,NINA,29,"0,00",,Nej,Nej,2014.05.10,Laboratorium,Dokumenterad,578098100341142,,6852181,228001,6857935,1185411,WGS84-UTM Zon 32,Mindre bra,UI404249 G147-14 V515 +,,,1-3436,Nord-Fron (N),1-34,Innlandet (N)
M407017,D434266,Varg,Skyddsjakt,,2014.05.10,Nej,,Vuxen,Ja,Nej,Hane,1,1,SVA,"0,00","0,00",,Nej,Nej,2014.05.10,Laboratorium,Dokumenterad,,Lövberget,6975888,423681,6979264,1382738,RT90,Exakt,UI404192 G100-14 +,V2014-1208,,2-2326,Berg (S),2-23,Jämtlands län (S)
M407022,D434326,Varg,Skyddsjakt,,2014.05.15,Nej,18:25,Vuxen,Nej,Nej,Hona,1,1,NINA,33,"0,00",,Ja,Ja,2014.05.15,Laboratorium,Dokumenterad,578098100339357,Slomba ved Lemonsjøen,6861950,188846,6868196,1146351,WGS84-UTM Zon 32,Mindre bra,UI404085 G150-13 V514 +,,,1-3435,Vågå (N),1-34,Innlandet (N)
M407048,D435140,Varg,Skyddsjakt,,2014.06.05,Nej,22:10,Vuxen,Nej,Nej,Hane,1,1,NINA,47,"0,00",,Ja,Ja,2014.06.05,Laboratorium,Dokumenterad,578098100346593,Hundeidvik,6946050,61848,6953944,1020310,WGS84-UTM Zon 32,Mindre bra,UI404087 G152-13 V513 +,,,1-1528,Sykkylven (N),1-15,Møre og Romsdal (N)
M407053,D435290,Varg,Skyddsjakt,,2014.06.09,Nej,03:10,Vuxen,Nej,Nej,Hona,1,1,NINA,"39,5","0,00",,Ja,Ja,2014.06.09,Laboratorium,Dokumenterad,578098100339045,Harasjøen,6730046,305479,6734769,1261426,WGS84-UTM Zon 32,Mindre bra,UI403999 G2-14 V517 +,,,1-3413,Stange (N),1-34,Innlandet (N)
M407056,D435559,Varg,Skyddsjakt,,2014.06.20,Nej,02:05,Vuxen,Nej,Nej,Hane,1,1,NINA,"43,8","0,00",,Ja,Ja,2014.06.20,Laboratorium,Dokumenterad,578098100337849,Gammeldalen,6913440,290938,6918446,1249149,WGS84-UTM Zon 32,Mindre bra,UI404252 G149-14 V516 +,,,1-3427,Tynset (N),1-34,Innlandet (N)
M407068,D435898,Varg,Skyddsjakt,,2014.07.27,Nej,03:00,Vuxen,Ja,Nej,Hona,1,1,SVA,"37,00","0,00",,Ja,Nej,2014.07.27,Laboratorium,Dokumenterad,,Södra Veckebo,6852394,538360,6854295,1495919,WGS84-UTM Zon 33,Mindre bra,UI404108 G67-14 +,V2014-1324,,2-2161,Ljusdal (S),2-21,Gävleborgs län (S)
M407346,D440681,Varg,Skyddsjakt,,2014.09.24,Nej,20:30,Vuxen,Ja,Nej,Hona,1,1,SVA,"35,00","0,00",,Nej,Nej,2014.09.24,Laboratorium,Dokumenterad,,,6587072,439699,6590085,1393967,RT90,Exakt,UI404082 G53-14 +,V2014-2195,,2-1781,Kristinehamn (S),2-17,Värmlands län (S)
M407373,D441086,Varg,Skyddsjakt,,2014.10.02,Nej,07:15,Vuxen,Ja,Nej,Hane,3,3,SVA,"46,00","0,00",,Nej,Nej,2014.10.02,Laboratorium,Dokumenterad,,Visseltofta,6253042,432614,6255994,1382894,RT90,Mindre bra,UI040585 G65-13 +,V2014-2096,,2-1273,Osby (S),2-12,Skåne län (S)
M407418,D442046,Varg,Skyddsjakt,,2014.10.06,Nej,16:00,Vuxen,Ja,Nej,Hane,1,1,SVA,"49,00","0,00",,Ja,Nej,2014.10.06,Laboratorium,Dokumenterad,,Galberget,6965031,436999,6968236,1395926,RT90,Exakt,UI404478 G111-14 V493 +,V2014-2162,,2-2326,Berg (S),2-23,Jämtlands län (S)
M407413,D442015,Varg,Skyddsjakt,,2014.11.06,Nej,,Vuxen,Ja,Nej,Hane,1,1,SVA,"44,00","0,00",,Nej,Nej,2014.11.06,Laboratorium,Dokumenterad,,,6945518,431407,6948785,1390087,RT90,Mindre bra,UI404099 G63-14 V502 +,V2015-0385,,2-2361,Härjedalen (S),2-23,Jämtlands län (S)
M407452,D442428,Varg,Jakt - Kula,,2014.12.13,Nej,11:00,Vuxen,Nej,Nej,Hane,1,1,NINA,42,"0,00",,Ja,Ja,2014.12.13,Laboratorium,Dokumenterad,578098100341959,Svarttjenn,6721256,301151,6726026,1256988,WGS84-UTM Zon 32,Mindre bra,UI404041 G26-14  V560 +,,,1-3413,Stange (N),1-34,Innlandet (N)
M407454,D442431,Varg,Jakt - Kula,,2014.12.16,Nej,14:30,Vuxen,Nej,Nej,Hane,1,1,NINA,41,"0,00",,Ja,Ja,2014.12.16,Laboratorium,Dokumenterad,578098100345175,Espeland,6860281,16868,6868668,974221,WGS84-UTM Zon 32,Mindre bra,UI404162 G85-14 V519 +,,,1-4647,Sunnfjord (N),1-46,Vestland (N)
M407490,D442776,Varg,Skyddsjakt,,2014.12.16,Nej,,Vuxen,Ja,Nej,Hona,1,1,SVA,"37,00","0,00",,Nej,Nej,2014.12.16,Laboratorium,Dokumenterad,,Norr om Knittarna,6853804,370102,6857793,1327612,RT90,Exakt,UI404100 G64-14 +,V2014-2687,,2-2039,Älvdalen (S),2-20,Dalarnas län (S)
M407455,D442444,Varg,Skyddsjakt,,2014.12.17,Nej,12:30,Vuxen,Ja,Nej,Hane,1,1,SVA,"52,00","0,00",,Nej,Nej,2014.12.17,Laboratorium,Dokumenterad,,Lappträskberget,7323643,766220,7322757,1729782,RT90,Exakt,UI404030 G16-14 +,V2015-0139,,2-2582,Boden (S),2-25,Norrbottens län (S)
M407469,D442563,Varg,Skyddsjakt,,2014.12.30,Nej,10:00,Vuxen,Ja,Nej,Hona,2,2,SVA,"36,00","0,00",,Nej,Nej,2014.12.30,Laboratorium,Dokumenterad,Skinn 0007B55B83,Dalskog,6512534,340525,6516710,1293845,RT90,Mindre bra,UI040811 G48-13 V450 +,V2015-0002,,2-1461,Mellerud (S),2-14,Västra Götalands län (S)
M407468,D442558,Varg,Skyddsjakt,,2014.12.31,Nej,13:00,Vuxen,Nej,Nej,Hane,1,1,NINA,43,"0,00",,Nej,Nej,2014.12.31,Laboratorium,Dokumenterad,578098100341460,Fullsenn,6796718,202688,6802749,1159394,WGS84-UTM Zon 32,Exakt,UI404114 G73-14 V553 +,,,1-3451,Nord-Aurdal (N),1-34,Innlandet (N)
M407501,D442854,Varg,Licensjakt,,2015.01.16,Nej,14:05,Unge,Ja,Nej,Hane,0,0,SVA,"41,80","0,00",,Nej,Ja,2015.01.16,Laboratorium,Dokumenterad,00072ED229,Gåstjärn,6690008,381308,6693780,1336804,RT90,Mindre bra,UI404964 G37-15 +,V2015-0169,VS052015PL,2-1737,Torsby (S),2-17,Värmlands län (S)
M407502,D442855,Varg,Licensjakt,,2015.01.16,Nej,09:40,Unge,Ja,Nej,Hane,0,0,SVA,"28,80","0,00",,Ja,Ja,2015.01.16,Laboratorium,Dokumenterad,00072EAA38,Skacksjödalen,6620648,403630,6624114,1358290,RT90,Mindre bra,UI404966 G39-15 +,V2015-0172,,2-1766,Sunne (S),2-17,Värmlands län (S)
M407505,D442864,Varg,Licensjakt,,2015.01.16,Nej,12:55,Unge,Ja,Ja,Hona,0,0,SVA,"22,00","0,00",,Nej,Ja,2015.01.16,Laboratorium,Dokumenterad,00072BF49F,Vändträsmossen,6602430,487447,6604870,1441921,RT90,Mindre bra,UI404962 G33-15 +,V2015-0164,,2-1884,Nora (S),2-18,Örebro län (S)
M407506,D442865,Varg,Licensjakt,,2015.01.16,Nej,10:30,Unge,Ja,Ja,Hona,0,0,SVA,"29,50","0,00",,Ja,Ja,2015.01.16,Laboratorium,Dokumenterad,00072BFE66,Lilla Svarttjärnen,6619971,500624,6622258,1455316,RT90,Mycket bra,UI404961 G32-15 +,V2015-0162,,2-1885,Lindesberg (S),2-18,Örebro län (S)
M407515,D442909,Varg,Licensjakt,,2015.01.16,Nej,12:31,Vuxen,Ja,Nej,Hane,4,4,SVA,"51,00","0,00",,Nej,Ja,2015.01.16,Laboratorium,Dokumenterad,00072EDA25,,6607380,406176,6610809,1360676,RT90,Mycket bra,UI040149 G63-12 +,V2015-0174,VS032015FW,2-1715,Kil (S),2-17,Värmlands län (S)
M407516,D442911,Varg,Licensjakt,,2015.01.16,Nej,13:00,Unge,Ja,Nej,Hane,0,0,SVA,"35,00","0,00",,Ja,Ja,2015.01.16,Laboratorium,Dokumenterad,00072EF6F1,,6607414,406440,6610840,1360940,RT90,Mindre bra,UI404967 G40-15 +,V2015-0173,VS042015FW,2-1715,Kil (S),2-17,Värmlands län (S)
M407520,D442936,Varg,Licensjakt,,2015.01.16,Nej,10:20,Unge,Ja,Nej,Hona,0,0,SVA,"30,50","25,50",,Ja,Ja,2015.01.16,Laboratorium,Dokumenterad,00072EE45D,Skacksjödalen,6620170,403817,6623634,1358471,RT90,Mindre bra,UI404968 G35-15 +,V2015-0167,,2-1766,Sunne (S),2-17,Värmlands län (S)
M407503,D442857,Varg,Licensjakt,,2015.01.17,Nej,14:40,Unge,Ja,Nej,Hane,0,0,SVA,"42,00","0,00",,Nej,Nej,2015.01.17,Laboratorium,Dokumenterad,00072EB3FE,Elovstorp,6694034,383427,6697782,1338973,RT90,Mindre bra,UI404965 G38-15 +,V2015-0171,VS1020015PL,2-1737,Torsby (S),2-17,Värmlands län (S)
M407504,D442858,Varg,Licensjakt,,2015.01.17,Nej,14:30,Unge,Ja,Nej,Hona,0,0,SVA,"28,20","0,00",,Nej,Ja,2015.01.17,Laboratorium,Dokumenterad,00072EF526,Mosshöjden,6695508,378080,6699322,1333641,RT90,Mindre bra,UI404963 G34-15 +,V2015-0166,,2-1737,Torsby (S),2-17,Värmlands län (S)
M407507,D442866,Varg,Licensjakt,,2015.01.17,Nej,15:00,Unge,Ja,Nej,Hane,0,0,SVA,"33,00","0,00",,Nej,Ja,2015.01.17,Laboratorium,Dokumenterad,00072B8ECC,Aspen,6617647,497818,6619967,1452480,RT90,Mindre bra,UI404820 G131-14 +,V2015-0163,,2-1885,Lindesberg (S),2-18,Örebro län (S)
M407509,D442876,Varg,Licensjakt,,2015.01.17,Nej,,Vuxen,Ja,Nej,Hona,2,2,SVA,"36,50","0,00",,Nej,Nej,2015.01.17,Laboratorium,Dokumenterad,00072EACB8,,6615446,418030,6618735,1372633,WGS84-UTM Zon 33,Mindre bra,UI404111 G70-14 +,V2015-0175,,2-1763,Forshaga (S),2-17,Värmlands län (S)
M407510,D442877,Varg,Licensjakt,,2015.01.17,Nej,,Unge,Ja,Nej,Hane,0,0,SVA,"40,00","0,00",,Nej,Nej,2015.01.17,Laboratorium,Dokumenterad,00072EE2E3,,6607173,407985,6610580,1362483,RT90,Mindre bra,UI404969 G36-15 +,V2015-0168,,2-1715,Kil (S),2-17,Värmlands län (S)
M407511,D442878,Varg,Licensjakt,,2015.01.17,Nej,,Vuxen,Ja,Nej,Hona,1,1,SVA,"30,50","0,00",,Nej,Nej,2015.01.17,Laboratorium,Dokumenterad,,,6618585,406532,6622015,1361168,RT90,Mindre bra,UI404148 G80-14 +,V2015-0170,,2-1766,Sunne (S),2-17,Värmlands län (S)
M407512,D442899,Varg,Licensjakt,,2015.01.17,Nej,13:55,Vuxen,Ja,Nej,Hane,3,3,SVA,"41,00","0,00",,Ja,Ja,2015.01.17,Laboratorium,Dokumenterad,00072B8BD5,Bredsjön,6630073,501301,6632355,1456116,RT90,Mycket bra,UI404093 G58-14 +,V2015-0165,,2-1864,Ljusnarsberg (S),2-18,Örebro län (S)
M407518,D442917,Varg,Licensjakt,,2015.01.17,Nej,14:15,Vuxen,Ja,Nej,Hane,4,4,SVA,"53,00","0,00",,Nej,Ja,2015.01.17,Laboratorium,Dokumenterad,00072EC3B0,Greppsjön,6609197,486935,6611646,1441491,RT90,Mycket bra,UI040713 G67-12 +,V2015-0176,,2-1884,Nora (S),2-18,Örebro län (S)
M407513,D442906,Varg,Licensjakt,,2015.01.18,Nej,14:35,Vuxen,Ja,Nej,Hona,3,3,SVA,"29,00","0,00",,Nej,Ja,2015.01.18,Laboratorium,Dokumenterad,00072BD2A1,Midtjärnstorp,6624120,500272,6626412,1455014,RT90,Mycket bra,UI404165 G88-14 +,V2015-0161,,2-1885,Lindesberg (S),2-18,Örebro län (S)
M407514,D442907,Varg,Licensjakt,,2015.01.18,Nej,14:30,Unge,Ja,Nej,Hane,0,0,SVA,"33,50","0,00",,Nej,Ja,2015.01.18,Laboratorium,Dokumenterad,00072BD88E,Lönnhult,6616046,497183,6618373,1451826,RT90,Mycket bra,UI404960 G31-15 +,V2015-0160,,2-1884,Nora (S),2-18,Örebro län (S)
M407558,D443144,Varg,Licensjakt,,2015.01.18,Nej,16:30,Vuxen,Ja,Nej,Hane,4,4,SVA,"40,00","34,50",,Nej,Ja,2015.01.18,Laboratorium,Dokumenterad,00072EC96D,,6690229,380572,6694010,1336070,RT90,Mindre bra,UI040289 G32-12 +,V2015-0201,,2-1737,Torsby (S),2-17,Värmlands län (S)
M407559,D443145,Varg,Licensjakt,,2015.01.18,Nej,14:45,Unge,Ja,Nej,Hona,0,0,SVA,"29,00","25,00",,Nej,Ja,2015.01.18,Laboratorium,Dokumenterad,00072EC184,,6687935,380940,6691710,1336410,RT90,Mindre bra,UI404973 G45-15 +,V2015-0205,,2-1737,Torsby (S),2-17,Värmlands län (S)
M407560,D443146,Varg,Licensjakt,,2015.01.18,Nej,14:40,Unge,Ja,Nej,Hane,0,0,SVA,"37,50","32,50",,Nej,Ja,2015.01.18,Laboratorium,Dokumenterad,00072EF51B,,6688262,381526,6692030,1337000,RT90,Mindre bra,UI404918 G2-15 +,V2015-0200,,2-1737,Torsby (S),2-17,Värmlands län (S)
M407521,D442937,Varg,Licensjakt,,2015.01.19,Nej,14:50,Vuxen,Ja,Nej,Hona,7,7,SVA,"36,00","0,00",,Nej,Nej,2015.01.19,Laboratorium,Dokumenterad,00072EF795,Västgöthyttan,6596475,490307,6598878,1444709,WGS84-UTM Zon 33,Mindre bra,UI040292 G40-11 +,V2015-0208,,2-1884,Nora (S),2-18,Örebro län (S)
M407526,D442965,Varg,Licensjakt,,2015.01.20,Nej,,Vuxen,Ja,Nej,Hane,3,3,SVA,"41,50","0,00",,Nej,Nej,2015.01.20,Laboratorium,Dokumenterad,00072EC234,,6635948,409182,6639354,1364031,WGS84-UTM Zon 33,Mindre bra,UI040820 G121-13 +,V2015-0203,,2-1762,Munkfors (S),2-17,Värmlands län (S)
M407527,D442983,Varg,Licensjakt,,2015.01.20,Nej,15:00,Unge,Ja,Nej,Hane,0,0,SVA,"34,00","0,00",,Nej,Ja,2015.01.20,Laboratorium,Dokumenterad,00072EFB6D,Södra Boråsen,6636556,409551,6639958,1364407,RT90,Mycket bra,UI404972 G44-15 +,V2015-0202,VS202015FW,2-1762,Munkfors (S),2-17,Värmlands län (S)
M407529,D442986,Varg,Licensjakt,,2015.01.20,Nej,10:45,Vuxen,Ja,Nej,Hane,4,4,SVA,"38,50","0,00",,Nej,Nej,2015.01.20,Laboratorium,Dokumenterad,00072EF78C,Myggsjön,6628304,499013,6630613,1453805,WGS84-UTM Zon 33,Mindre bra,UI403653 G154-13 +,V2015-0204,,2-1864,Ljusnarsberg (S),2-18,Örebro län (S)
M407528,D442985,Varg,Licensjakt,,2015.01.21,Nej,14:10,Unge,Ja,Nej,Hona,0,0,SVA,"30,00","0,00",,Nej,Ja,2015.01.21,Laboratorium,Dokumenterad,00072EC8B0,Härsbotten,6607296,407802,6610705,1362302,RT90,Mycket bra,UI404974 G42-15 +,V2015-0206,VS222015FW,2-1715,Kil (S),2-17,Värmlands län (S)
M407531,D443022,Varg,Licensjakt,,2015.01.22,Nej,14:45,Vuxen,Ja,Nej,Hane,4,4,SVA,"46,00","0,00",,Nej,Ja,2015.01.22,Laboratorium,Dokumenterad,00072EE22B,Västgöthyttan,6598023,491777,6600409,1446199,WGS84-UTM Zon 33,Mindre bra,UI040263 G107-11 +,V2015-0209,,2-1884,Nora (S),2-18,Örebro län (S)
M407532,D443023,Varg,Licensjakt,,2015.01.22,Nej,11:00,Unge,Ja,Nej,Hona,0,0,SVA,"25,00","0,00",,Nej,Ja,2015.01.22,Laboratorium,Dokumenterad,00072EF3FC,Laggarmyren,6618673,499074,6620978,1453749,WGS84-UTM Zon 33,Mindre bra,UI404980 G48-15 +,V2015-0210,,2-1885,Lindesberg (S),2-18,Örebro län (S)
M407538,D443060,Varg,Licensjakt,,2015.01.24,Nej,11:00,Unge,Ja,Nej,Hona,0,0,SVA,"27,20","0,00",,Nej,Nej,2015.01.24,Laboratorium,Dokumenterad,00072EF20D,,6730423,483399,6732960,1439434,RT90,Mycket bra,UI404985 G50-15 +,V2015-0242,,2-2029,Leksand (S),2-20,Dalarnas län (S)
M407539,D443061,Varg,Licensjakt,,2015.01.24,Nej,12:44,Vuxen,Ja,Nej,Hona,1,1,SVA,"32,60","0,00",,Nej,Nej,2015.01.24,Laboratorium,Dokumenterad,00072ED014,,6718742,493447,6721152,1449342,RT90,Mycket bra,UI403965 G176-13 +,V2015-0243,,2-2029,Leksand (S),2-20,Dalarnas län (S)
M407540,D443062,Varg,Licensjakt,,2015.01.24,Nej,14:45,Unge,Ja,Nej,Hane,0,0,SVA,"27,50","0,00",,Nej,Ja,2015.01.24,Laboratorium,Dokumenterad,00072EE182,,6718531,384090,6722282,1339937,RT90,Mindre bra,UI404983 G47-15 +,V2015-0240,VS252015PL,2-1737,Torsby (S),2-17,Värmlands län (S)
M407541,D443064,Varg,Licensjakt,,2015.01.24,Nej,,Unge,Ja,Nej,Hane,0,0,SVA,"31,00","0,00",,Nej,Ja,2015.01.24,Laboratorium,Dokumenterad,00072EEF5E,Sydost Björnmossen,6606081,408019,6609487,1362504,RT90,Mindre bra,UI405062 G43-15 +,V2015-0238,VS242015FW,2-1715,Kil (S),2-17,Värmlands län (S)
M407542,D443067,Varg,Licensjakt,,2015.01.24,Nej,12:10,Vuxen,Ja,Nej,Hona,1,1,SVA,"30,00","30,00",,Ja,Ja,2015.01.24,Laboratorium,Dokumenterad,00072BCF12,Björnhyttan / Olsöreviret,6665753,500711,6668055,1455960,RT90,Mycket bra,UI404487 G112-14 +,V2015-0244,,2-2085,Ludvika (S),2-20,Dalarnas län (S)
M407544,D443069,Varg,Licensjakt,,2015.01.25,Nej,12:05,Vuxen,Ja,Nej,Hona,4,4,SVA,"38,60","0,00",,Nej,Ja,2015.01.25,Laboratorium,Dokumenterad,00072EBAB1,Hollandstorp,6693614,373312,6697485,1328848,RT90,Mindre bra,UI040288 G85-11 +,V2015-0236,,2-1737,Torsby (S),2-17,Värmlands län (S)
M407545,D443070,Varg,Licensjakt,,2015.01.25,Nej,12:06,Unge,Ja,Nej,Hane,0,0,SVA,"33,00","0,00",,Nej,Ja,2015.01.25,Laboratorium,Dokumenterad,00072EB196,Hollandstorp,6693713,373279,6697585,1328816,RT90,Mindre bra,UI404981 G46-15 +,V2015-0237,VS272015PL,2-1737,Torsby (S),2-17,Värmlands län (S)
M407546,D443071,Varg,Licensjakt,,2015.01.25,Nej,14:00,Unge,Ja,Nej,Hona,0,0,SVA,"27,50","0,00",,Nej,Ja,2015.01.25,Laboratorium,Dokumenterad,00072EE45B,Rävberget,6625635,415734,6628956,1370460,RT90,Mindre bra,UI404984 G41-15 +,V2015-0241,VS282015FW,2-1763,Forshaga (S),2-17,Värmlands län (S)
M407548,D443091,Varg,Licensjakt,,2015.01.26,Nej,13:20,Vuxen,Ja,Nej,Hona,3,3,SVA,"31,00","0,00",,Ja,Ja,2015.01.26,Laboratorium,Dokumenterad,00072EBCC1,Dalen,6605897,407732,6609307,1362215,RT90,Mindre bra,UI040821 G12-13 +,V2015-0239,,2-1715,Kil (S),2-17,Värmlands län (S)
M407553,D443099,Varg,Licensjakt,,2015.01.26,Nej,12:03,Unge,Ja,Nej,Hane,0,0,SVA,"35,50","0,00",,Nej,Nej,2015.01.26,Laboratorium,Dokumenterad,00072EF823,,6666637,493215,6669031,1448472,RT90,Mycket bra,UI404986 G52-15 +,V2015-0245,,2-2085,Ludvika (S),2-20,Dalarnas län (S)
M407554,D443107,Varg,Licensjakt,,2015.01.27,Nej,12:10,Unge,Ja,Nej,Hona,0,0,SVA,"25,00","0,00",,Nej,Ja,2015.01.27,Laboratorium,Dokumenterad,00072EB2BA,Möresätern,6715483,387577,6719190,1343388,RT90,Mindre bra,UI404825 G134-14 +,V2015-0284,,2-1737,Torsby (S),2-17,Värmlands län (S)
M407555,D443109,Varg,Licensjakt,,2015.01.27,Nej,,Unge,Ja,Nej,Hona,0,0,SVA,"30,00","0,00",,Nej,Nej,2015.01.27,Laboratorium,Dokumenterad,,,6612208,420104,6615470,1374669,WGS84-UTM Zon 33,Mindre bra,UI405060 G58-15 +,V2015-0286,,2-1763,Forshaga (S),2-17,Värmlands län (S)
M407556,D443110,Varg,Licensjakt,,2015.01.27,Nej,12:25,Unge,Ja,Nej,Hane,0,0,SVA,"29,15","0,00",,Nej,Nej,2015.01.27,Laboratorium,Dokumenterad,00072EBF8C,Långsberg,6732000,481400,6734562,1437453,RT90,Mycket bra,UI404987 G51-15 +,V2015-0252,,2-2029,Leksand (S),2-20,Dalarnas län (S)
M407564,D443200,Varg,Licensjakt,,2015.01.29,Nej,10:15,Vuxen,Ja,Nej,Hona,1,1,SVA,"31,00","31,00",,Nej,Nej,2015.01.29,Laboratorium,Dokumenterad,,Mässan Olsjöreviret,6671458,502839,6673736,1458159,RT90,Exakt,UI404042 G24-14 +,V2015-0282,,2-2085,Ludvika (S),2-20,Dalarnas län (S)
M407565,D443204,Varg,Licensjakt,,2015.01.30,Nej,13:25,Vuxen,Ja,Nej,Hane,2,2,SVA,"45,80","0,00",,Nej,Nej,2015.01.30,Laboratorium,Dokumenterad,0006DCE6F1,,6726373,473274,6729033,1429255,RT90,Mycket bra,UI402382 G132-12 V417 +,V2015-0283,,2-2029,Leksand (S),2-20,Dalarnas län (S)
M407566,D443205,Varg,Licensjakt,,2015.01.30,Nej,11:10,Vuxen,Ja,Nej,Hona,3,3,SVA,"30,50","0,00",,Nej,Nej,2015.01.30,Laboratorium,Dokumenterad,ej chipat,,6664090,501921,6666376,1457150,RT90,Mycket bra,UI040253 G84-13 +,V2015-0281,,2-2085,Ludvika (S),2-20,Dalarnas län (S)
M407571,D443232,Varg,Licensjakt,,2015.02.01,Nej,15:15,Unge,Ja,Nej,Hona,0,0,SVA,"32,00","0,00",,Nej,Ja,2015.02.01,Laboratorium,Dokumenterad,00072ED694,N Greksnäs,6609508,483690,6611997,1438248,RT90,Mindre bra,UI405059 G57-15 +,V2015-0285,,2-1863,Hällefors (S),2-18,Örebro län (S)
M407592,D443381,Varg,Jakt - Kula,,2015.02.03,Nej,13:20,Vuxen,Nej,Nej,Hona,1,1,NINA,"30,2","30,20",,Ja,Ja,2015.02.03,Laboratorium,Dokumenterad,578098100341509,Svensketjønn,6575607,202805,6581486,1156802,WGS84-UTM Zon 33,Mindre bra,UI405029 G171-14 V552 +,,,1-3812,Siljan (N),1-38,Vestfold og Telemark (N)
M407586,D443373,Varg,Jakt - Kula,,2015.02.06,Nej,14:15,Vuxen,Nej,Nej,Hane,4,4,NINA,"38,5","0,00",,Nej,Ja,2015.02.06,Laboratorium,Dokumenterad,578098100347099,Kivdalen,6859262,285707,6864302,1243239,WGS84-UTM Zon 32,Mindre bra,UI403138 G8-12 V428 +,,,1-3424,Rendalen (N),1-34,Innlandet (N)
M407588,D443375,Varg,Jakt - Kula,,2015.02.08,Nej,15:10,Vuxen,Nej,Nej,Hane,1,1,NINA,"38,8","0,00",,Ja,Ja,2015.02.08,Laboratorium,Dokumenterad,578098100344810,Middagskletten,6813179,290130,6818139,1247094,WGS84-UTM Zon 32,Mindre bra,UI404149 G81-14 V561 +,,,1-3423,Stor-Elvdal (N),1-34,Innlandet (N)
M407635,D443725,Varg,Skyddsjakt,,2015.02.15,Nej,12:14,Vuxen,Ja,Nej,Hona,6,6,SVA,"35,00","0,00",,Nej,Nej,2015.02.15,Laboratorium,Dokumenterad,Skinn 0007B58132,Skaftåsen,6847086,471146,6849818,1428616,RT90,Mindre bra,UI040351 M-09-09 V295 +,V2015-0383,,2-2361,Härjedalen (S),2-23,Jämtlands län (S)
M407636,D443727,Varg,Skyddsjakt,,2015.02.15,Nej,12:35,Unge,Ja,Nej,Hane,0,0,SVA,"33,50","0,00",,Nej,Nej,2015.02.15,Laboratorium,Dokumenterad,Skinn 0007B57953,Gråberget,6837665,461035,6840519,1418384,RT90,Mindre bra,UI404323 G104-14 +,V2015-0382,,2-2361,Härjedalen (S),2-23,Jämtlands län (S)
M407637,D443728,Varg,Skyddsjakt,,2015.02.15,Nej,11:27,Unge,Ja,Nej,Hane,0,0,SVA,"29,50","0,00",,Nej,Nej,2015.02.15,Laboratorium,Dokumenterad,,Olåsen,6849363,471784,6852088,1429282,RT90,Mindre bra,UI404098 G62-14 +,V2015-0384,,2-2361,Härjedalen (S),2-23,Jämtlands län (S)
M407644,D443786,Varg,Skyddsjakt,,2015.02.24,Nej,13:20,Unge,Ja,Nej,Hona,0,0,SVA,"33,00","0,00",,Nej,Nej,2015.02.24,Laboratorium,Dokumenterad,,Lillhärdal,6846248,464837,6849058,1422294,RT90,Exakt,UI404326 G107-14 +,V2015-0799,,2-2361,Härjedalen (S),2-23,Jämtlands län (S)
M407690,D444941,Varg,Jakt - Kula,,2015.03.31,Nej,21:00,Vuxen,Nej,Nej,Hona,1,1,NINA,"32,4","0,00",,Ja,Ja,2015.03.31,Laboratorium,Dokumenterad,578098100345828,Stai,6824410,290128,6829376,1247230,WGS84-UTM Zon 32,Mindre bra,UI404829 G161-14 V536 +,,,1-3423,Stor-Elvdal (N),1-34,Innlandet (N)
M407789,D446075,Varg,Skyddsjakt,,2015.05.06,Nej,20:00,Vuxen,Ja,Nej,Hane,1,1,SVA,"39,00","0,00",,Nej,Nej,2015.05.06,Laboratorium,Dokumenterad,,,7002327,358928,7006528,1318287,WGS84-UTM Zon 33,Mindre bra,UI405234 G109-15 +,V2015-0974,,2-2321,Åre (S),2-23,Jämtlands län (S)
M407820,D446451,Varg,Skyddsjakt,,2015.05.17,Nej,13:10,Vuxen,Nej,Nej,Hane,1,1,NINA,"36,2","0,00",,Nej,Ja,2015.05.17,Laboratorium,Dokumenterad,578098100341137,Venabygdsfjellet,6844907,241469,6850488,1198797,WGS84-UTM Zon 32,Mindre bra,UI405192 G102-15 V564 +,,,1-3439,Ringebu (N),1-34,Innlandet (N)
M407838,D446702,Varg,Skyddsjakt,,2015.05.24,Nej,14:27,Vuxen,Ja,Nej,Hona,1,1,SVA,"27,00","0,00",,Nej,Ja,2015.05.24,Laboratorium,Dokumenterad,,"Sjöbråtarna, Frykerud",6602855,397072,6606393,1351513,RT90,Mycket bra,UI405236 G111-15 +,V2015-1122,,2-1715,Kil (S),2-17,Värmlands län (S)
M407842,D446872,Varg,Skyddsjakt,,2015.05.28,Nej,04:30,Vuxen,Nej,Nej,Hane,1,1,NINA,32,"0,00",,Ja,Ja,2015.05.28,Laboratorium,Dokumenterad,578098100338279,Skjelset,6734496,301745,6739267,1257744,WGS84-UTM Zon 32,Mindre bra,UI405197 G118-15 V565 +,,,1-3413,Stange (N),1-34,Innlandet (N)
M407846,D447121,Varg,Skyddsjakt,,2015.06.05,Nej,21:59,Vuxen,Nej,Nej,Hona,1,1,NINA,"29,5","0,00",,Nej,Ja,2015.06.05,Laboratorium,Dokumenterad,578098100342568,Roterud,6779423,256721,6784775,1213248,WGS84-UTM Zon 32,Mindre bra,UI404830 G162-14 V537 +,,,1-3405,Lillehammer (N),1-34,Innlandet (N)
M407866,D447202,Varg,Skyddsjakt,,2015.06.20,Nej,23:20,Vuxen,Nej,Nej,Hane,1,1,NINA,39,"39,00",,Ja,Ja,2015.06.20,Laboratorium,Dokumenterad,578098100345407,,6536697,72115,6544130,1025540,WGS84-UTM Zon 32,Mindre bra,UI405143 G167-13 V563 +,,,1-4224,Åseral (N),1-42,Agder (N)
M407924,D447464,Varg,Skyddsjakt,,2015.07.20,Nej,16:00,Vuxen,Nej,Nej,Hona,1,1,NINA,"30,7","0,00",,Nej,Ja,2015.07.20,Laboratorium,Dokumenterad,578098100341068,Simmelhøa,6862751,232466,6868456,1190010,WGS84-UTM Zon 32,Mindre bra,UI404827 G159-14 V534 +,,,1-3436,Nord-Fron (N),1-34,Innlandet (N)
M408263,D450595,Varg,Jakt - Kula,,2015.10.20,Nej,13:00,Vuxen,Nej,Nej,Hane,Adult,,,"46,00","0,00",,Ja,Ja,2015.10.20,Laboratorium,Dokumenterad,578098100263996,Steinstølane,6750598,179632,6756882,1135752,WGS84-UTM Zon 32,Exakt,UI405068 G65-15 V593 +,,,1-3041,Gol (N),1-30,Viken (N)
M408264,D450596,Varg,Jakt - Kula,,2015.10.25,Nej,14:15,Vuxen,Nej,Nej,Hane,1,1,NINA,"43,00","0,00",,Ja,Ja,2015.10.25,Laboratorium,Dokumenterad,578098100265542,Midtgarden,6588254,97428,6595422,1051499,WGS84-UTM Zon 33,Mindre bra,UI404953 G27-15 V570 +,,,1-3823,Fyresdal (N),1-38,Vestfold og Telemark (N)
M491472,D452980,Varg,Jakt - Kula,,2015.11.17,Nej,14:15,Vuxen,Nej,Nej,Hona,1,1,NINA,33,"0,00",,Ja,Ja,2015.11.17,Laboratorium,Dokumenterad,578098100341124,Sæterbekken,6847397,288014,6852402,1245400,WGS84-UTM Zon 32,Mindre bra,UI405619 G163-15 V589 +,,,1-3423,Stor-Elvdal (N),1-34,Innlandet (N)
M491475,D453141,Varg,Jakt - Kula,,2015.11.18,Nej,15:50,Vuxen,Nej,Nej,Hona,1,1,NINA,"33,6","0,00",,Ja,Ja,2015.11.18,Laboratorium,Dokumenterad,578098100339787,Rødfjellia,6863387,294718,6868318,1252307,WGS84-UTM Zon 32,Mindre bra,UI405371 G153-15 V573 +,,,1-3424,Rendalen (N),1-34,Innlandet (N)
M491861,D455661,Varg,Licensjakt,,2016.01.02,Nej,12:30,Unge,Ja,Ja,Hane,0,0,SVA,"34,00","0,00",,Ja,Ja,2016.01.02,Laboratorium,Dokumenterad,00072BE431,Lövsjörevoret,6670329,490022,6672763,1445323,RT90,Exakt,UI405599 G142-15 +,V2016-0011,,2-2085,Ludvika (S),2-20,Dalarnas län (S)
M491862,D455696,Varg,Licensjakt,,2016.01.03,Nej,10:50,Vuxen,Ja,Ja,Hona,4,4,SVA,"39,50","0,00",,Ja,Nej,2016.01.03,Laboratorium,Dokumenterad,00072EAAA4,Brunklacken,6674201,488219,6676658,1443567,RT90,Mycket bra,UI040432 G57-13 +,V2016-0002,,2-2085,Ludvika (S),2-20,Dalarnas län (S)
M491863,D455698,Varg,Licensjakt,,2016.01.03,Nej,10:50,Vuxen,Ja,Nej,Hane,5,5,SVA,"42,50","0,00",,Ja,Nej,2016.01.03,Laboratorium,Dokumenterad,00072EB35F,Brunklacken,6674203,488222,6676660,1443570,RT90,Mycket bra,UI401416 G1-11 V332 +,V2016-0004,,2-2085,Ludvika (S),2-20,Dalarnas län (S)
M491864,D455699,Varg,Licensjakt,,2016.01.03,Nej,,Vuxen,Ja,Nej,Hane,1,1,SVA,"39,80","0,00",,Ja,Nej,2016.01.03,Laboratorium,Dokumenterad,00072EF53A,Brunklacken,6674354,488957,6676802,1444307,RT90,Mycket bra,UI405602 G144-15 +,V2016-0003,,2-2085,Ludvika (S),2-20,Dalarnas län (S)
M491880,D455962,Varg,Licensjakt,,2016.01.05,Nej,10:00,Vuxen,Ja,Nej,Hane,1,1,SVA,"43,70","0,00",,Ja,Ja,2016.01.05,Laboratorium,Dokumenterad,00072EF344,,6741751,576034,6743154,1532238,RT90,Mindre bra,UI405644 G18-16 +,V2016-0040,2016XGV001,2-2101,Ockelbo (S),2-21,Gävleborgs län (S)
M491882,D455968,Varg,Licensjakt,,2016.01.06,Nej,10:02,Unge,Ja,Nej,Hane,0,0,SVA,"0,00","0,00",,Nej,Nej,2016.01.06,Laboratorium,Dokumenterad,00072EE460,Bäckberget,6676293,486911,6678767,1442284,RT90,Mycket bra,UI405598 G141-15 +,V2016-0012,,2-2085,Ludvika (S),2-20,Dalarnas län (S)
M491883,D455969,Varg,Licensjakt,,2016.01.06,Nej,09:40,Unge,Ja,Nej,Hane,0,0,SVA,"29,00","0,00",,Ja,Ja,2016.01.06,Laboratorium,Dokumenterad,00072ED00D,Bäckberget,6676359,487379,6678827,1442753,RT90,Mycket bra,UI405601 G143-15 +,V2016-0010,,2-2085,Ludvika (S),2-20,Dalarnas län (S)
M491887,D456001,Varg,Licensjakt,,2016.01.07,Nej,13:00,Unge,Ja,Nej,Hane,0,0,SVA,"31,40","0,00",,Ja,Ja,2016.01.07,Laboratorium,Dokumenterad,00072EB2BB,Bäckberget,6676452,487476,6678919,1442851,RT90,Mycket bra,UI405642 G16-16 +,V2016-0013,,2-2085,Ludvika (S),2-20,Dalarnas län (S)
M491891,D456086,Varg,Licensjakt,,2016.01.08,Nej,12:30,Unge,Ja,Nej,Hane,0,0,SVA,"35,00","0,00",,Nej,Ja,2016.01.08,Laboratorium,Dokumenterad,00072ED458,"Kvisjön, Åmot",6758783,575132,6760202,1531545,SWEREF99 TM,Mycket bra,UI405645 G19-16 +,V2016-0041,2016XGV002,2-2101,Ockelbo (S),2-21,Gävleborgs län (S)
M491893,D456123,Varg,Licensjakt,,2016.01.08,Nej,12:15,Unge,Ja,Nej,Hona,0,0,SVA,"28,40","0,00",,Nej,Ja,2016.01.08,Laboratorium,Dokumenterad,00072EBF7C,Snåltjärn,6757125,577020,6758520,1533413,SWEREF99 TM,Mycket bra,UI405646 G20-16 +,V2016-0042,2016XGV003,2-2101,Ockelbo (S),2-21,Gävleborgs län (S)
M491894,D456149,Varg,Licensjakt,,2016.01.08,Nej,12:30,Unge,Ja,Nej,Hona,0,0,SVA,"31,70","0,00",,Nej,Ja,2016.01.08,Laboratorium,Dokumenterad,00072EF3F2,,6758823,575432,6760238,1531846,SWEREF99 TM,Mycket bra,UI405643 G17-16 +,V2016-0039,2016XIW001,2-2101,Ockelbo (S),2-21,Gävleborgs län (S)
M491895,D456153,Varg,Licensjakt,,2016.01.09,Nej,13:50,Vuxen,Ja,Nej,Hona,3,3,SVA,"36,00","0,00",,Nej,Ja,2016.01.09,Laboratorium,Dokumenterad,00072EE2E8,Rönnlunds Ockelbo,6745089,594569,6746265,1550819,RT90,Mycket bra,UI404053 G43-14 +,V2016-0043,2016XIW002,2-2101,Ockelbo (S),2-21,Gävleborgs län (S)
M491898,D456178,Varg,Licensjakt,,2016.01.09,Nej,14:15,Vuxen,Ja,Nej,Hane,3,3,SVA,"53,00","0,00",,Nej,Ja,2016.01.09,Laboratorium,Dokumenterad,00072EBABF,Tretjärn,6742970,593738,6744156,1549961,RT90,Mycket bra,UI403218 G141-12 V437 +,V2016-0038,2016XIW003,2-2101,Ockelbo (S),2-21,Gävleborgs län (S)
M491899,D456230,Varg,Jakt - Kula,,2016.01.11,Nej,12:10,Vuxen,Nej,Nej,Hane,1,1,NINA,"0,00","49,00",,Nej,Ja,2016.01.11,Laboratorium,Dokumenterad,578098100338932,,6505648,16734,6513723,969735,WGS84-UTM Zon 33,Mindre bra,UI405686 G166-15 V601 +,,,1-4207,Flekkefjord (N),1-42,Agder (N)
M491924,D456525,Varg,Skyddsjakt,,2016.01.18,Nej,13:39,Vuxen,Ja,Nej,Hona,1,1,SVA,"31,30","0,00",,Nej,Nej,2016.01.18,Laboratorium,Dokumenterad,,,7003406,590383,7004700,1549842,RT90,Mycket bra,UI405374 G128-15 +,V2016-0146,,2-2283,Sollefteå (S),2-22,Västernorrlands län (S)
M491925,D456526,Varg,Skyddsjakt,,2016.01.18,Nej,13:40,Vuxen,Ja,Nej,Hane,3,3,SVA,"47,00","0,00",,Nej,Nej,2016.01.18,Laboratorium,Dokumenterad,,,7003324,590144,7004621,1549602,RT90,Mycket bra,UI040826 G50-13 V479 +,V2016-0147,,2-2283,Sollefteå (S),2-22,Västernorrlands län (S)
M491949,D456848,Varg,Skyddsjakt,,2016.01.26,Nej,,Vuxen,Ja,Nej,Hane,1,1,SVA,"35,90","0,00",,Nej,Nej,2016.01.26,Laboratorium,Dokumenterad,,Skräppåsen,6841435,441275,6844536,1398663,SWEREF99 TM,Exakt,UI404001 G7-14 +,V2016-0320,,2-2361,Härjedalen (S),2-23,Jämtlands län (S)
M491950,D456849,Varg,Skyddsjakt,,2016.01.26,Nej,11:52,Vuxen,Ja,Nej,Hona,3,3,SVA,"0,00","0,00",,Nej,Nej,2016.01.26,Laboratorium,Dokumenterad,00071C2FE4,Skräppåsen,6841392,441683,6844488,1399071,SWEREF99 TM,Exakt,UI404668 G117-14 +,V2016-0316,,2-2361,Härjedalen (S),2-23,Jämtlands län (S)
M491975,D457057,Varg,Jakt - Kula,,2016.01.30,Nej,13:00,Vuxen,Nej,Nej,Hane,1,1,NINA,43,"0,00",,Ja,Ja,2016.01.30,Laboratorium,Dokumenterad,578098100343677,Harås ,6598741,109142,6605775,1063350,WGS84-UTM Zon 32,Mindre bra,UI405616 G162-15 V587 +,,,1-3824,Tokke (N),1-38,Vestfold og Telemark (N)
M491971,D457040,Varg,Skyddsjakt,,2016.02.02,Nej,14:30,Vuxen,Ja,Nej,Hane,3,3,SVA,"40,00","0,00",,Nej,Ja,2016.02.02,Laboratorium,Dokumenterad,,Brinktjärn,6917340,495119,6919800,1453472,WGS84-UTM Zon 33,Mindre bra,UI403968 G179-13 +,V2016-0319,,2-2260,Ånge (S),2-22,Västernorrlands län (S)
M492004,D457228,Varg,Licensjakt,,2016.02.06,Nej,14:13,Unge,Ja,Nej,Hane,0,0,SVA,"36,30","0,00",,Nej,Ja,2016.02.06,Laboratorium,Dokumenterad,00072ED73F,Lissögat (fallplats för vargen),6766239,571010,6767711,1527514,SWEREF99 TM,Mycket bra,UI405650 G24-16 +,V2016-0390,2016XGV005,2-2101,Ockelbo (S),2-21,Gävleborgs län (S)
M492002,D457224,Varg,Skyddsjakt,,2016.02.06,Nej,15:15,Vuxen,Ja,Nej,Hane,1,1,SVA,"38,00","0,00",,Nej,Ja,2016.02.06,Laboratorium,Dokumenterad,,Granåsen,6838448,418500,6841830,1375841,RT90,Exakt,UI405069 G66-15 +,V2016-0317,,2-2039,Älvdalen (S),2-20,Dalarnas län (S)
M492016,D457319,Varg,Skyddsjakt,,2016.02.10,Nej,15:31,Vuxen,Ja,Nej,Hane,1,1,SVA,"44,00","0,00",,Nej,Nej,2016.02.10,Laboratorium,Dokumenterad,,,6958502,457476,6961448,1416329,RT90,Exakt,UI404664 G150-14 V525 +,V2016-0318,,2-2326,Berg (S),2-23,Jämtlands län (S)
M492046,D457701,Varg,Skyddsjakt,,2016.02.21,Nej,13:28,Vuxen,Ja,Nej,Hane,4,4,SVA,"0,00","0,00",,Nej,Nej,2016.02.21,Laboratorium,Dokumenterad,,,6997643,588337,6998961,1547723,RT90,Exakt,UI040163 G41-13 +,V2016-0388,,2-2283,Sollefteå (S),2-22,Västernorrlands län (S)
M492060,D457780,Varg,Skyddsjakt,,2016.02.23,Nej,14:05,Vuxen,Ja,Nej,Hane,2,2,SVA,"33,10","0,00",,Nej,Nej,2016.02.23,Laboratorium,Dokumenterad,,,7009628,519072,7011820,1478588,RT90,Mindre bra,UI405191 G107-15 +,V2016-0458,,2-2303,Ragunda (S),2-23,Jämtlands län (S)
M492139,D458728,Varg,Skyddsjakt,,2016.03.15,Nej,,Vuxen,Ja,Nej,Hane,1,1,SVA,"39,50","0,00",,Ja,Nej,2016.03.15,Laboratorium,Dokumenterad,,Gesunden,7002599,547742,7004428,1507179,SWEREF99 TM,Exakt,UI405073 G70-15 +,V2016-0521,,2-2303,Ragunda (S),2-23,Jämtlands län (S)
M492187,D459993,Varg,Skyddsjakt,,2016.04.19,Nej,,Unge,Ja,Nej,Hane,0,0,SVA,"38,50","0,00",,Nej,Ja,2016.04.19,Laboratorium,Dokumenterad,,Håcker-slitingarna,7001158,428182,7004489,1387558,RT90,Exakt,UI405731 G169-15 V606 +,V2016-1050,,2-2321,Åre (S),2-23,Jämtlands län (S)
M492326,D460876,Varg,Skyddsjakt,,2016.05.22,Nej,10:45,Vuxen,Nej,Nej,Hona,1,1,NINA,"31,00","0,00",,Ja,Ja,2016.05.22,Laboratorium,Dokumenterad,578098100338740,Prestmarka,6729952,305090,6734679,1261036,WGS84-UTM Zon 32,Mindre bra,UI405936 G120-16 V632 +,,,1-3413,Stange (N),1-34,Innlandet (N)
M492333,D460994,Varg,Skyddsjakt,,2016.05.25,Nej,01:05,Vuxen,Nej,Nej,Hona,1,1,NINA,"36,00","0,00",,Ja,Ja,2016.05.25,Laboratorium,Dokumenterad,578098100346024,Joramo,6898317,192096,6904547,1150057,WGS84-UTM Zon 32,Mindre bra,UI405933 G25-16 V629 +,,,1-3432,Lesja (N),1-34,Innlandet (N)
M492388,D461455,Varg,Skyddsjakt,,2016.06.19,Nej,19:45,Vuxen,Nej,Nej,Hona,1,1,NINA,"34,80","0,00",,Nej,Ja,2016.06.19,Laboratorium,Dokumenterad,578098100347034,Gravdalen ved Bosen,6845927,223541,6851731,1180870,WGS84-UTM Zon 32,Mindre bra,UI405934 G118-16 V630 +,,,1-3436,Nord-Fron (N),1-34,Innlandet (N)
M492397,D461663,Varg,Skyddsjakt,,2016.07.28,Nej,07:15,Vuxen,Nej,Nej,Hane,1,1,NINA,"45,50","0,00",,Ja,Nej,2016.07.28,Laboratorium,Dokumenterad,578098100339811,Gråhøgda,6893980,309816,6898740,1267795,WGS84-UTM Zon 32,Mindre bra,UI405608 G158-15 V583 +,,,1-3424,Rendalen (N),1-34,Innlandet (N)
M492716,D463733,Varg,Jakt - Kula,,2016.10.06,Nej,10:00,Vuxen,Nej,Nej,Hona,2,2,NINA,"38,50","0,00",,Ja,Nej,2016.10.06,Laboratorium,Dokumenterad,578098100338501,Oland,6520155,122408,6526966,1075674,WGS84-UTM Zon 32,Mindre bra,UI406137 G163-16 V648 +,,,1-4214,Froland (N),1-42,Agder (N)
M492812,D464741,Varg,Jakt - Kula,,2016.11.03,Nej,15:45,Vuxen,Nej,Nej,Hane,2,2,NINA,"38,30","0,00",,Ja,Ja,2016.11.03,Laboratorium,Dokumenterad,578098100347223,Langmoveien,6837605,291380,6842563,1248647,WGS84-UTM Zon 32,Mindre bra,UI404976 G28-15 V543 +,,,1-3423,Stor-Elvdal (N),1-34,Innlandet (N)
M492813,D464862,Varg,Skyddsjakt,,2016.11.03,Nej,11:04,Vuxen,Ja,Nej,Hane,1,1,SVA,"0,00","0,00",,Nej,Nej,2016.11.03,Laboratorium,Dokumenterad,,Stuguberget,6977704,435291,6980936,1394376,RT90,Mycket bra,UI406227 G50-17 +,V2017-0167,,2-2326,Berg (S),2-23,Jämtlands län (S)
M492844,D465240,Varg,Skyddsjakt,,2016.11.19,Nej,13:36,Vuxen,Ja,Nej,Hane,1,1,SVA,"45,00","0,00",,Nej,Nej,2016.11.19,Laboratorium,Dokumenterad,,,6883483,383352,6887322,1341237,RT90,Exakt,UI405803 G30-16 +,V2016-2207,,2-2039,Älvdalen (S),2-20,Dalarnas län (S)
M492845,D465241,Varg,Skyddsjakt,,2016.11.19,Nej,13:58,Vuxen,Ja,Nej,Hona,1,1,SVA,"39,00","0,00",,Nej,Nej,2016.11.19,Laboratorium,Dokumenterad,,,6880213,384640,6884034,1342485,RT90,Exakt,UI405682 G68-16 V597 +,V2016-2206,,2-2039,Älvdalen (S),2-20,Dalarnas län (S)
M492959,D465673,Varg,Skyddsjakt,,2016.12.02,Nej,12:45,Vuxen,Nej,Nej,Hane,1,1,NINA,"42,70","0,00",,Nej,Ja,2016.12.02,Laboratorium,Dokumenterad,578098100346164,Spekedalen,6897350,302130,6902207,1260146,WGS84-UTM Zon 32,Mindre bra,UI405737 G74-16 V609 +,,,1-3424,Rendalen (N),1-34,Innlandet (N)
M492960,D465674,Varg,Skyddsjakt,,2016.12.02,Nej,12:47,Vuxen,Nej,Nej,Hona,1,1,NINA,"38,00","0,00",,Nej,Ja,2016.12.02,Laboratorium,Dokumenterad,578098100345241,Spekedalen,6897265,303659,6902103,1261675,WGS84-UTM Zon 33,Mindre bra,UI405685 G71-16 V600 +,,,1-3424,Rendalen (N),1-34,Innlandet (N)
M493085,D466369,Varg,Skyddsjakt,,2016.12.26,Nej,10:15,Vuxen,Ja,Nej,Hona,1,1,SVA,"0,00","0,00",,Nej,Nej,2016.12.26,Laboratorium,Dokumenterad,,Stor Korbesjön,7125707,702738,7125608,1663764,RT90,Exakt,UI405606 G156-15 V581 +,V2017-0084,,2-2404,Vindeln (S),2-24,Västerbottens län (S)
M493086,D466371,Varg,Skyddsjakt,,2016.12.27,Nej,11:15,Vuxen,Ja,Nej,Okänt,1,1,SVA,"0,00","0,00",,Nej,Nej,2016.12.27,Laboratorium,Dokumenterad,,Lammartjärnen,7145496,774634,7144486,1735919,RT90,Exakt,UI406069 G139-16 +,V2017-0085,,2-2409,Robertsfors (S),2-24,Västerbottens län (S)
M493091,D466407,Varg,Skyddsjakt,,2016.12.29,Nej,12:20,Vuxen,Ja,Nej,Hona,2,2,SVA,"0,00","0,00",,Nej,Nej,2016.12.29,Laboratorium,Dokumenterad,,Stormyrberget,7069473,705683,7069328,1665997,RT90,Mindre bra,UI406217 G33-17 +,V2017-0086,,2-2401,Nordmaling (S),2-24,Västerbottens län (S)
M493101,D466473,Varg,Licensjakt,,2017.01.03,Nej,,Vuxen,Ja,Nej,Hona,4,4,SVA,"23,00","0,00",,Nej,Ja,2017.01.03,Laboratorium,Dokumenterad,ooo775A3D4,blecksjön,6787380,562823,6788958,1519585,RT90,Mycket bra,UI405065 G62-15 +,V2017-0052,,2-2183,Bollnäs (S),2-21,Gävleborgs län (S)
M493102,D466475,Varg,Licensjakt,,2017.01.03,Nej,,Vuxen,Ja,Nej,Okänt,3,3,SVA,"43,00","0,00",,Nej,Ja,2017.01.03,Laboratorium,Dokumenterad,0007756FAA,Blecksjöön,6787380,562823,6788958,1519585,RT90,Mycket bra,UI404667 G116-14 +,V2017-0054,,2-2183,Bollnäs (S),2-21,Gävleborgs län (S)
M493117,D466501,Varg,Licensjakt,,2017.01.04,Nej,15:05,Vuxen,Ja,Nej,Hane,1,1,SVA,"36,00","0,00",,Ja,Ja,2017.01.04,Laboratorium,Dokumenterad,00072EE235,Rockesholm,6598827,475276,6601414,1429701,RT90,Mycket bra,UI406173 G10-17 +,V2017-0110,T-01-01-17,2-1863,Hällefors (S),2-18,Örebro län (S)
M493118,D466505,Varg,Licensjakt,,2017.01.04,Nej,,Vuxen,Ja,Nej,Okänt,1,1,SVA,"35,00","0,00",,Nej,Ja,2017.01.04,Laboratorium,Dokumenterad,0007757E54,Stugubacken,6776842,573933,6778280,1530568,WGS84-UTM Zon 33,Exakt,UI405698 G33-16 +,V2017-0050,,2-2183,Bollnäs (S),2-21,Gävleborgs län (S)
M493120,D466511,Varg,Licensjakt,,2017.01.04,Nej,,Unge,Ja,Nej,Okänt,0,0,SVA,"39,00","0,00",,Ja,Ja,2017.01.04,Laboratorium,Dokumenterad,0006D9D558,Tolaråsen,6684428,475242,6687048,1430710,SWEREF99 TM,Exakt,UI406045 G129-16 +,V2017-0025,,2-2021,Vansbro (S),2-20,Dalarnas län (S)
M493121,D466512,Varg,Licensjakt,,2017.01.04,Nej,,Vuxen,Ja,Ja,Okänt,2,2,SVA,"40,20","0,00",,Ja,Ja,2017.01.04,Laboratorium,Dokumenterad,00078EDB4F,Birtjärn,6699332,477941,6701925,1433593,SWEREF99 TM,Exakt,UI405162 G103-15 +,V2017-0026,,2-2021,Vansbro (S),2-20,Dalarnas län (S)
M493122,D466515,Varg,Licensjakt,,2017.01.05,Nej,11:26,Vuxen,Ja,Nej,Okänt,1,1,SVA,"40,00","35,00",,Ja,Ja,2017.01.05,Laboratorium,Dokumenterad,7759809,,6624115,446383,6627063,1401104,RT90,Mycket bra,UI406218 G34-17 +,V2017-0114,,2-1782,Filipstad (S),2-17,Värmlands län (S)
M493123,D466516,Varg,Licensjakt,,2017.01.05,Nej,,Unge,Ja,Nej,Okänt,0,0,SVA,"27,00","0,00",,Ja,Ja,2017.01.05,Laboratorium,Dokumenterad,00072EC240,,6606525,465229,6609237,1419744,RT90,Mycket bra,UI406222 G38-17 +,V2017-0060,S-01-03-17,2-1782,Filipstad (S),2-17,Värmlands län (S)
M493125,D466542,Varg,Licensjakt,,2017.01.06,Nej,12:00,Vuxen,Ja,Nej,Okänt,2,2,SVA,"39,00","0,00",,Ja,Ja,2017.01.06,Laboratorium,Dokumenterad,00072EF0AE,,6608890,434855,6611971,1389386,RT90,Exakt,UI405652 G8-16 +,V2017-0108,,2-1780,Karlstad (S),2-17,Värmlands län (S)
M493126,D466547,Varg,Licensjakt,,2017.01.06,Nej,,Unge,Ja,Nej,Hane,0,0,SVA,"32,00","0,00",,Nej,Ja,2017.01.06,Laboratorium,Dokumenterad,0007759ED7,Blybergsbo,6786524,565915,6788064,1522667,WGS84-UTM Zon 33,Exakt,UI406194 G24-17 +,V2017-0051,,2-2183,Bollnäs (S),2-21,Gävleborgs län (S)
M493127,D466548,Varg,Licensjakt,,2017.01.06,Nej,,Vuxen,Ja,Nej,Hane,5,5,SVA,"37,50","0,00",,Ja,Ja,2017.01.06,Laboratorium,Dokumenterad,00072EE0AD,,6605956,465825,6608660,1420333,WGS84-UTM Zon 33,Mindre bra,UI040738 G74-12 +,V2017-0055,S-01-05-17,2-1782,Filipstad (S),2-17,Värmlands län (S)
M493128,D466549,Varg,Licensjakt,,2017.01.06,Nej,,Vuxen,Ja,Nej,Hona,7,7,SVA,"37,00","0,00",,Nej,Ja,2017.01.06,Laboratorium,Dokumenterad,00072EAE90,,6604351,466140,6607051,1420629,WGS84-UTM Zon 33,Mindre bra,UI040325 M-10-09 +,V2017-0058,S-01-06-17,2-1782,Filipstad (S),2-17,Värmlands län (S)
M493129,D466550,Varg,Licensjakt,,2017.01.06,Nej,,Unge,Ja,Nej,Okänt,0,0,SVA,"30,50","0,00",,Nej,Ja,2017.01.06,Laboratorium,Dokumenterad,00072EEEC6,,6603626,465367,6606335,1419847,WGS84-UTM Zon 33,Mindre bra,UI406220 G36-17 +,V2017-0056,S-01-07-17,2-1760,Storfors (S),2-17,Värmlands län (S)
M493162,D466719,Varg,Skyddsjakt,,2017.01.06,Nej,13:34,Vuxen,Ja,Nej,Hane,1,1,SVA,"48,00","0,00",,Nej,Nej,2017.01.06,Laboratorium,Dokumenterad,,,6948324,497162,6950770,1455902,RT90,Exakt,UI405969 G127-16 +,V2017-0171,,2-2305,Bräcke (S),2-23,Jämtlands län (S)
M493131,D466561,Varg,Licensjakt,,2017.01.07,Nej,11:15,Vuxen,Ja,Nej,Hona,5,5,SVA,"43,00","0,00",,Ja,Ja,2017.01.07,Laboratorium,Dokumenterad,00073B6E3C,,6630827,444285,6633803,1399087,RT90,Mycket bra,UI040160 G41-12 +,V2017-0115,,2-1782,Filipstad (S),2-17,Värmlands län (S)
M493132,D466562,Varg,Licensjakt,,2017.01.07,Nej,11:30,Vuxen,Ja,Nej,Okänt,2,2,SVA,"44,00","36,00",,Ja,Ja,2017.01.07,Laboratorium,Dokumenterad,00077589EB,,6623492,430133,6626637,1384839,RT90,Mycket bra,UI405694 G31-16 +,V2017-0109,,2-1780,Karlstad (S),2-17,Värmlands län (S)
M493133,D466563,Varg,Licensjakt,,2017.01.07,Nej,12:15,Vuxen,Ja,Nej,Hona,1,1,SVA,"36,60","29,50",,Ja,Ja,2017.01.07,Laboratorium,Dokumenterad,0007756642,,6625921,429115,6629080,1383851,RT90,Mycket bra,UI406135 G146-16 +,V2017-0107,,2-1780,Karlstad (S),2-17,Värmlands län (S)
M493134,D466564,Varg,Licensjakt,,2017.01.07,Nej,14:42,Vuxen,Ja,Nej,Okänt,2,2,SVA,"41,50","0,00",,Ja,Ja,2017.01.07,Laboratorium,Dokumenterad,00072EEE07,,6627758,446778,6630702,1401543,RT90,Mycket bra,UI405713 G50-16 +,V2017-0113,,2-1782,Filipstad (S),2-17,Värmlands län (S)
M493135,D466565,Varg,Licensjakt,,2017.01.07,Nej,,Unge,Ja,Nej,Hona,0,0,SVA,"29,00","0,00",,Nej,Ja,2017.01.07,Laboratorium,Dokumenterad,00072ED8B3,Sanågropen,6787428,565526,6788973,1522289,WGS84-UTM Zon 33,Exakt,UI406044 G128-16 +,V2017-0053,,2-2183,Bollnäs (S),2-21,Gävleborgs län (S)
M493136,D466566,Varg,Licensjakt,,2017.01.07,Nej,,Vuxen,Ja,Nej,Hona,1,1,SVA,"34,00","0,00",,Nej,Ja,2017.01.07,Laboratorium,Dokumenterad,000775820C,Dammtjärn,6782837,565955,6784376,1522662,WGS84-UTM Zon 33,Mindre bra,UI405816 G100-16 +,V2017-0049,,2-2183,Bollnäs (S),2-21,Gävleborgs län (S)
M493137,D466567,Varg,Licensjakt,,2017.01.07,Nej,,Unge,Ja,Nej,Hona,0,0,SVA,"26,00","0,00",,Nej,Ja,2017.01.07,Laboratorium,Dokumenterad,00072EFDD8,,6605188,466019,6607889,1420518,WGS84-UTM Zon 33,Mindre bra,UI406221 G37-17 +,V2017-0057,S-01-08-17,2-1782,Filipstad (S),2-17,Värmlands län (S)
M493138,D466575,Varg,Licensjakt,,2017.01.07,Nej,09:50,Unge,Ja,Ja,Hona,0,0,SVA,"27,50","0,00",,Ja,Ja,2017.01.07,Laboratorium,Dokumenterad,00078EE07C,Macklamyran,6685608,478991,6688182,1434475,SWEREF99 TM,Exakt,UI406047 G131-16 +,V2017-0028,,2-2021,Vansbro (S),2-20,Dalarnas län (S)
M493139,D466577,Varg,Licensjakt,,2017.01.07,Nej,09:50,Unge,Ja,Ja,Okänt,0,0,SVA,"31,40","0,00",,Ja,Ja,2017.01.07,Laboratorium,Dokumenterad,00078ED8CF,Macklamyran,6685626,479021,6688200,1434505,SWEREF99 TM,Exakt,UI406046 G130-16 +,V2016-0027,,2-2021,Vansbro (S),2-20,Dalarnas län (S)
M493140,D466578,Varg,Licensjakt,,2017.01.07,Nej,13:40,Unge,Nej,Ja,Hona,,,,"25,30","0,00",,Ja,Ja,2017.01.07,Laboratorium,Dokumenterad,00078EFE48,Fagerberget,6693002,478815,6695581,1434389,SWEREF99 TM,Exakt,UI406052 G136-16 +,V2017-0029,,2-2021,Vansbro (S),2-20,Dalarnas län (S)
M493144,D466593,Varg,Skyddsjakt,,2017.01.07,Nej,,Vuxen,Ja,Nej,Hona,4,4,SVA,"33,80","0,00",,Ja,Nej,2017.01.07,Laboratorium,Dokumenterad,,,6619181,421759,6622426,1376409,WGS84-UTM Zon 33,Mindre bra,UI405129 G87-15 +,V2017-0116,,2-1763,Forshaga (S),2-17,Värmlands län (S)
M493163,D466729,Varg,Skyddsjakt,,2017.01.07,Nej,12:52,Vuxen,Ja,Nej,Hona,1,1,SVA,"29,00","0,00",,Nej,Nej,2017.01.07,Laboratorium,Dokumenterad,,Gimdalen,6969125,535237,6971101,1494250,RT90,Exakt,UI406121 G140-16 +,V2017-0169,,2-2305,Bräcke (S),2-23,Jämtlands län (S)
M493141,D466580,Varg,Licensjakt,,2017.01.08,Nej,,Unge,Ja,Nej,Hona,0,0,SVA,"22,00","0,00",,Ja,Ja,2017.01.08,Laboratorium,Dokumenterad,00072ECA21,,6597188,466244,6599884,1420646,SWEREF99 TM,Mycket bra,UI406125 G142-16 +,V2017-0059,T-01-09-17,2-1883,Karlskoga (S),2-18,Örebro län (S)
M493161,D466715,Varg,Skyddsjakt,,2017.01.08,Nej,12:17,Vuxen,Ja,Nej,Hane,2,2,SVA,"47,00","0,00",,Nej,Nej,2017.01.08,Laboratorium,Dokumenterad,,,6969220,539637,6971141,1498653,RT90,Exakt,UI404818 G130-14 +,V2017-0168,,2-2305,Bräcke (S),2-23,Jämtlands län (S)
M493146,D466630,Varg,Skyddsjakt,,2017.01.09,Nej,09:48,Vuxen,Ja,Nej,Hane,1,1,SVA,"45,80","0,00",,Nej,Nej,2017.01.09,Laboratorium,Dokumenterad,,Hammarsjön,6986391,411463,6989925,1370647,WGS84-UTM Zon 33,Exakt,UI406228 G51-17 +,V2017-0170,,2-2326,Berg (S),2-23,Jämtlands län (S)
M493166,D466740,Varg,Jakt - Kula,,2017.01.11,Nej,11:50,Vuxen,Nej,Nej,Hane,1,1,NINA,"50,00","0,00",,Ja,Ja,2017.01.11,Laboratorium,Dokumenterad,578098100346493,Endelausmyrene,6777343,282650,6782374,1239166,WGS84-UTM Zon 32,Mindre bra,UI405609 G159-15 V584 +,,,1-3411,Ringsaker (N),1-34,Innlandet (N)
M493260,D467937,Varg,Jakt - Kula,,2017.02.07,Nej,12:00,Vuxen,Nej,Nej,Hona,1,1,NINA,"29,00","0,00",,Ja,Ja,2017.02.07,Laboratorium,Dokumenterad,578098100344419,Grønlia,6727343,308339,6732028,1264254,WGS84-UTM Zon 32,Mindre bra,UI406072 G158-16 V641 +,,,1-3413,Stange (N),1-34,Innlandet (N)
M493376,D468339,Varg,Licensjakt,,2017.02.15,Nej,16:53,Vuxen,Ja,Nej,Hona,3,3,SVA,"31,80","0,00",,Ja,Ja,2017.02.15,Laboratorium,Dokumenterad,00077577DA,Håvberget,6682897,477677,6685487,1433127,RT90,Exakt,UI405801 G98-16 +,V2017-0933,,2-2021,Vansbro (S),2-20,Dalarnas län (S)
M493455,D468740,Varg,Jakt - Kula,,2017.02.26,Nej,17:20,Vuxen,Nej,Nej,Hona,1,1,NINA,"32,20","0,00",,Ja,Ja,2017.02.26,Laboratorium,Dokumenterad,578098100341702,Storsjølia,6839290,297814,6844169,1255106,WGS84-UTM Zon 32,Mindre bra,UI406139 G159-16 V643 +,,,1-3424,Rendalen (N),1-34,Innlandet (N)
M493456,D468741,Varg,Jakt - Kula,,2017.02.26,Nej,17:20,Vuxen,Nej,Nej,Hane,1,1,NINA,"41,10","0,00",,Ja,Ja,2017.02.26,Laboratorium,Dokumenterad,578098100341770,Storsjølia,6839258,297773,6844137,1255064,WGS84-UTM Zon 33,Mindre bra,UI406239 G121-17 V666 +,,,1-3424,Rendalen (N),1-34,Innlandet (N)
M493519,D468960,Varg,Skyddsjakt,,2017.03.02,Nej,12:17,Vuxen,Ja,Nej,Hane,1,1,SVA,"40,00","0,00",,Nej,Nej,2017.03.02,Laboratorium,Dokumenterad,,Sjuggulåsen,6898703,476902,6901383,1435016,SWEREF99 TM,Exakt,UI406144 G149-16 +,V2017-1137,,2-2361,Härjedalen (S),2-23,Jämtlands län (S)
M493657,D470029,Varg,Jakt - Kula,,2017.03.23,Nej,06:13,Vuxen,Nej,Nej,Hane,1,1,NINA,"29,70","0,00",,Ja,Ja,2017.03.23,Laboratorium,Dokumenterad,578098100346118,Messelt,6818969,289447,6823940,1246481,WGS84-UTM Zon 32,Mindre bra,UI406141 G161-16 V646 +,,,1-3423,Stor-Elvdal (N),1-34,Innlandet (N)
M493682,D470406,Varg,Jakt - Kula,,2017.03.31,Nej,14:05,Vuxen,Nej,Nej,Hona,1,1,NINA,"30,00","0,00",,Ja,Ja,2017.03.31,Laboratorium,Dokumenterad,578098100346069,Prestmarka,6730725,304771,6735456,1260726,WGS84-UTM Zon 32,Mindre bra,UI407909 G157-17 V689 +,,,1-3413,Stange (N),1-34,Innlandet (N)
M493689,D470668,Varg,Skyddsjakt,,2017.04.09,Nej,17:41,Vuxen,Ja,Nej,Okänt,1,1,SVA,"35,70","0,00",,Nej,Ja,2017.04.09,Laboratorium,Dokumenterad,,Skarsfjället,6962900,361393,6967051,1320259,SWEREF99 TM,Exakt,UI406226 G42-17 +,V2017-1446,,2-2326,Berg (S),2-23,Jämtlands län (S)
M493701,D470783,Varg,Skyddsjakt,,2017.04.17,Nej,11:35,Unge,Ja,Nej,Hona,0,0,SVA,"29,30","0,00",,Nej,Ja,2017.04.17,Laboratorium,Dokumenterad,,Nykölen,6871624,427323,6874911,1385080,SWEREF99 TM,Exakt,UI408018 G162-17 +,V2017-1455,,2-2361,Härjedalen (S),2-23,Jämtlands län (S)
M493716,D471108,Varg,Skyddsjakt,,2017.04.21,Nej,15:26,Vuxen,Nej,Nej,Hona,1,1,NINA,"32,50","0,00",,Nej,Ja,2017.04.21,Laboratorium,Dokumenterad,578098100344428,Søndre Bjørnberget,6881212,334029,6885663,1291861,WGS84-UTM Zon 32,Mindre bra,UI406151 G164-16 V649 +,,,1-3425,Engerdal (N),1-34,Innlandet (N)
M493954,D473068,Varg,Skyddsjakt,,2017.06.04,Nej,20:30,Vuxen,Ja,Nej,Hona,1,1,SVA,"37,00","0,00",,Nej,Nej,2017.06.04,Laboratorium,Dokumenterad,,Södra Ämterud,6643779,349807,6647912,1304722,WGS84-UTM Zon 33,Mindre bra,UI406057 G155-16 V637 +,V2017-1727,,2-1730,Eda (S),2-17,Värmlands län (S)
M493973,D473374,Varg,Skyddsjakt,,2017.06.19,Nej,22:15,Vuxen,Nej,Nej,Hane,1,1,NINA,"35,00","0,00",,Ja,Ja,2017.06.19,Laboratorium,Dokumenterad,578098100345151,Åsdalen,6838951,260890,6844288,1218155,WGS84-UTM Zon 32,Mindre bra,UI406142 G162-16 V647 +,,,1-3439,Ringebu (N),1-34,Innlandet (N)
M494154,D474139,Varg,Skyddsjakt,,2017.08.07,Nej,05:00,Vuxen,Nej,Nej,Hona,1,1,NINA,"34,40","0,00",,Ja,Ja,2017.08.07,Laboratorium,Dokumenterad,578098100344789,Grønsjøen,6714789,271720,6719917,1227459,WGS84-UTM Zon 32,Mindre bra,UI407532 G138-17 V691 +,,,1-3442,Østre Toten (N),1-34,Innlandet (N)
M494435,D476779,Varg,Skyddsjakt,,2017.09.30,Nej,13:48,Vuxen,Ja,Nej,Hane,2,2,SVA,"53,00","0,00",,Nej,Nej,2017.09.30,Laboratorium,Dokumenterad,,Gråberget,6920774,450328,6923794,1408707,SWEREF99 TM,Exakt,UI405733 G77-16 V612 +,V2017-2685,,2-2361,Härjedalen (S),2-23,Jämtlands län (S)
M494436,D476785,Varg,Skyddsjakt,,2017.09.30,Nej,13:55,Vuxen,Ja,Nej,Hona,1,1,SVA,"30,00","0,00",,Nej,Nej,2017.09.30,Laboratorium,Dokumenterad,,Gråberget,6920869,451763,6923871,1410143,SWEREF99 TM,Exakt,UI406157 G181-16 V658 +,V2017-2686,,2-2361,Härjedalen (S),2-23,Jämtlands län (S)
M494439,D477005,Varg,Jakt - Kula,,2017.10.04,Nej,12:30,Vuxen,Nej,Nej,Hane,1,1,NINA,"51,00","0,00",,Ja,Ja,2017.10.04,Laboratorium,Dokumenterad,578098100346655,Gaukilsjøen,6722930,303023,6727679,1258881,WGS84-UTM Zon 32,Mindre bra,UI406478 G98-17 V715 +,,,1-3413,Stange (N),1-34,Innlandet (N)
M494469,D477387,Varg,Skyddsjakt,,2017.10.10,Nej,11:45,Vuxen,Ja,Nej,Hane,1,1,SVA,"48,70","0,00",,Ja,Nej,2017.10.10,Laboratorium,Dokumenterad,,,6615367,689200,6615360,1643883,RT90,Exakt,UI406055 G153-16 V635 +,V2017-2675,,2-0115,Vallentuna (S),2-01,Stockholms län (S)
M494482,D478177,Varg,Jakt - Kula,,2017.10.25,Nej,14:11,Vuxen,Nej,Nej,Hona,1,1,NINA,"32,60","0,00",,Ja,Ja,2017.10.25,Laboratorium,Dokumenterad,578098100344834,Langmoveien,6841430,291136,6846392,1248450,WGS84-UTM Zon 32,Mindre bra,UI405961 G125-16 V716 +,,,1-3423,Stor-Elvdal (N),1-34,Innlandet (N)
M494483,D478180,Varg,Jakt - Kula,,2017.10.25,Nej,14:15,Vuxen,Nej,Nej,Hane,1,1,NINA,"43,50","0,00",,Ja,Ja,2017.10.25,Laboratorium,Dokumenterad,578098100343684,Langmoveien,6841430,291136,6846392,1248450,WGS84-UTM Zon 32,Mindre bra,UI406290 G61-17 V713 +,,,1-3423,Stor-Elvdal (N),1-34,Innlandet (N)
M494485,D478212,Varg,Jakt - Kula,,2017.10.28,Nej,16:10,Vuxen,Nej,Nej,Hane,1,1,NINA,"42,00","0,00",,Nej,Nej,2017.10.28,Laboratorium,Dokumenterad,578098100340983,Kløvstadsetra,6785718,296748,6790580,1253376,WGS84-UTM Zon 32,Mindre bra,UI408121 G156-17 V714 +,,,1-3422,Åmot (N),1-34,Innlandet (N)
M494493,D478222,Varg,Jakt - Kula,,2017.10.29,Nej,16:00,Vuxen,Nej,Nej,Hona,1,1,NINA,"34,50","0,00",,Ja,Ja,2017.10.29,Laboratorium,Dokumenterad,578098100346052,Heggeriset,6841930,342431,6846257,1299779,WGS84-UTM Zon 33,Mindre bra,UI406154 G178-16 V655 +,,,1-3425,Engerdal (N),1-34,Innlandet (N)
M494566,D479790,Varg,Skyddsjakt,,2017.11.13,Nej,,Vuxen,Ja,Nej,Hane,2,2,SVA,"43,00","0,00",,Nej,Nej,2017.11.13,Laboratorium,Dokumenterad,,Vingåker kommun,6546649,559486,6548199,1513308,RT90,Mindre bra,UI407531 G137-17 +,V2017-2901,,2-0428,Vingåker (S),2-04,Södermanlands län (S)
M494562,D479584,Varg,Skyddsjakt,,2017.11.15,Nej,,Unge,Nej,Nej,Hane,,,,"37,90","0,00",,Nej,Nej,2017.11.15,Laboratorium,Dokumenterad,,Humsjön,6631908,380622,6635660,1335408,RT90,Mycket bra,UI408610 G278-17 +,V2017-3018,,2-1784,Arvika (S),2-17,Värmlands län (S)
M494574,D479928,Varg,Skyddsjakt,,2017.11.20,Nej,,Unge,Nej,Ja,Hane,,,,"27,30","0,00",,Nej,Ja,2017.11.20,Laboratorium,Dokumenterad,,Skyddsjaktsområde Dnr 218-6555-2017,6554680,570596,6556098,1524518,RT90,Mindre bra,UI408385 G240-17 +,V2017-2975,,2-0483,Katrineholm (S),2-04,Södermanlands län (S)
M494581,D480211,Varg,Skyddsjakt,,2017.11.21,Nej,,Vuxen,Ja,Nej,Hona,1,1,SVA,"35,00","0,00",,Nej,Nej,2017.11.21,Laboratorium,Dokumenterad,,Jonassjön,6853193,359738,6857311,1317235,SWEREF99 TM,Exakt,UI407826 G146-17 +,V2017-2989,,2-2039,Älvdalen (S),2-20,Dalarnas län (S)
M494582,D480212,Varg,Skyddsjakt,,2017.11.21,Nej,,Vuxen,Ja,Nej,Hane,1,1,SVA,"35,00","0,00",,Nej,Nej,2017.11.21,Laboratorium,Dokumenterad,,Storbo,6858058,360530,6862168,1318088,SWEREF99 TM,Exakt,UI406198 G29-17 +,V2017-2988,,2-2039,Älvdalen (S),2-20,Dalarnas län (S)
M494576,D480122,Varg,Skyddsjakt,,2017.11.23,Nej,12:30,Unge,Nej,Nej,Hane,"35,0",,,"0,00","0,00",,Nej,Nej,2017.11.23,Laboratorium,Dokumenterad,Skinn 000775836E,Gråsjön,6625412,387744,6629074,1342454,WGS84-UTM Zon 33,Mindre bra,UI408363 G228-17 +,V2017-3017,,2-1766,Sunne (S),2-17,Värmlands län (S)
M494586,D480344,Varg,Skyddsjakt,,2017.12.03,Nej,13:05,Unge,Nej,Nej,Hona,,,,"31,50","0,00",,Ja,Nej,2017.12.03,Laboratorium,Dokumenterad,,Södra Baksjön,6624383,379566,6628144,1334260,RT90,Exakt,UI408373 G224-17 +,V2017-3075,,2-1784,Arvika (S),2-17,Värmlands län (S)
M494590,D480405,Varg,Skyddsjakt,,2017.12.04,Nej,,Vuxen,Ja,Nej,Hane,1,1,SVA,"42,00","0,00",,Nej,Nej,2017.12.04,Laboratorium,Dokumenterad,,Morvallen,6865691,404713,6869256,1362386,RT90,Mindre bra,UI406298 G69-17 +,V2017-3040,,2-2039,Älvdalen (S),2-20,Dalarnas län (S)
M494618,D480733,Varg,Skyddsjakt,,2017.12.12,Nej,13:30,Unge,Nej,Nej,Hane,0,,,"38,00","0,00",,Nej,Nej,2017.12.12,Laboratorium,Dokumenterad,,"Aborrtjärn, Åmot",6622532,381963,6626263,1336636,RT90,Mycket bra,UI408135 G207-17 +,V2017-3074,,2-1784,Arvika (S),2-17,Värmlands län (S)
M494619,D480909,Varg,Skyddsjakt,,2017.12.13,Nej,,Unge,Nej,Nej,Hane,0,,,"29,20","0,00",,Ja,Ja,2017.12.13,Laboratorium,Dokumenterad,,,6555443,570654,6556860,1524586,WGS84-UTM Zon 33,Mindre bra,UI408111 G200-17 +,V2017-3065,,2-0483,Katrineholm (S),2-04,Södermanlands län (S)
M494620,D480911,Varg,Skyddsjakt,,2017.12.14,Nej,,Vuxen,Ja,Nej,Hona,2,2,SVA,"31,90","0,00",,Nej,Nej,2017.12.14,Laboratorium,Dokumenterad,,,6555006,571421,6556414,1525348,WGS84-UTM Zon 33,Mindre bra,UI406414 G74-17 +,V2017-3066,,2-0483,Katrineholm (S),2-04,Södermanlands län (S)
M494621,D480913,Varg,Skyddsjakt,,2017.12.14,Nej,,Unge,Nej,Nej,Hane,0,,,"24,10","0,00",,Ja,Ja,2017.12.14,Laboratorium,Dokumenterad,,,6554833,570899,6556247,1524823,RT90,Mindre bra,UI408080 G184-17 +,V2017-3064,,2-0483,Katrineholm (S),2-04,Södermanlands län (S)
M494625,D481001,Varg,Skyddsjakt,,2017.12.15,Nej,,Unge,Nej,Nej,Hane,,,,"26,00","0,00",,Ja,Ja,2017.12.15,Laboratorium,Dokumenterad,,,6554517,570857,6555932,1524778,WGS84-UTM Zon 33,Mindre bra,UI408384 G241-17 +,V2017-3068,,2-0483,Katrineholm (S),2-04,Södermanlands län (S)
M494624,D480993,Varg,Skyddsjakt,,2017.12.16,Nej,,Unge,Nej,Nej,Hane,,,,"27,00","0,00",,Ja,Ja,2017.12.16,Laboratorium,Dokumenterad,,,6554472,571528,6555878,1525448,WGS84-UTM Zon 33,Mindre bra,UI408715 G318-17 +,V2017-3069,,2-0483,Katrineholm (S),2-04,Södermanlands län (S)
M494632,D481285,Varg,Jakt - Kula,,2018.01.01,Nej,13:00,Unge,Nej,Ja,Hona,0,0,NINA,"26,50","0,00",,Ja,Ja,2018.01.01,Laboratorium,Dokumenterad,578098100343209,Storsjølia,6826490,298229,6831356,1255362,WGS84-UTM Zon 32,Mindre bra,UI408355 G306-17 V721 +,,,1-3424,Rendalen (N),1-34,Innlandet (N)
M494633,D481286,Varg,Jakt - Kula,,2018.01.01,Nej,15:10,Unge,Nej,Ja,Hane,0,0,NINA,"36,30","0,00",,Ja,Ja,2018.01.01,Laboratorium,Dokumenterad,578098100345446,Storsjølia,6823876,299560,6828725,1256661,WGS84-UTM Zon 32,Mindre bra,UI408356 G307-17 V722 +,,,1-3424,Rendalen (N),1-34,Innlandet (N)
M494640,D481310,Varg,Jakt - Kula,,2018.01.02,Nej,12:00,Vuxen,Nej,Nej,Hane,7,7,NINA,"51,50","0,00",,Ja,Ja,2018.01.02,Laboratorium,Dokumenterad,578098100347100,Storsjølia,6810792,304320,6815574,1261262,WGS84-UTM Zon 32,Mindre bra,UI401969 G95-10 V351 +,,,1-3422,Åmot (N),1-34,Innlandet (N)
M494634,D481296,Varg,Licensjakt,,2018.01.02,Nej,11:40,Vuxen,Ja,Nej,Hane,9,9,SVA,"50,00","0,00",,Ja,Ja,2018.01.02,Laboratorium,Dokumenterad,0007B34DC9,Rölö,6618174,553242,6619820,1507929,RT90,Mindre bra,UI040099 G84-11 +,V2018-0008,,2-1904,Skinnskatteberg (S),2-19,Västmanlands län (S)
M494635,D481299,Varg,Licensjakt,,2018.01.02,Nej,11:50,Vuxen,Ja,Nej,Hane,3,3,SVA,"44,60","0,00",,Ja,Ja,2018.01.02,Laboratorium,Dokumenterad,00078EEAEB,Stömmarn,6868084,537249,6870003,1495003,RT90,Mycket bra,UI406131 G144-16 +,V2018-0011,,2-2161,Ljusdal (S),2-21,Gävleborgs län (S)
M494637,D481304,Varg,Licensjakt,,2018.01.02,Nej,14:10,Vuxen,Ja,Nej,Hane,2,2,SVA,"43,50","0,00",,Ja,Ja,2018.01.02,Laboratorium,Dokumenterad,00078E2860,Saxänden,6657412,516324,6659520,1471477,SWEREF99 TM,Exakt,UI405366 G126-15 +,V2018-0005,2018W002FP,2-2061,Smedjebacken (S),2-20,Dalarnas län (S)
M494638,D481308,Varg,Licensjakt,,2018.01.02,Nej,10:15,Vuxen,Ja,Nej,Hane,1,1,SVA,"42,00","0,00",,Ja,Ja,2018.01.02,Laboratorium,Dokumenterad,0007757c3c, Norr omLoffstrandsätern,6679868,401558,6683387,1356939,RT90,Exakt,UI406249 G57-17 +,V2018-0032,,2-1737,Torsby (S),2-17,Värmlands län (S)
M494639,D481309,Varg,Licensjakt,,2018.01.02,Nej,13:50,Vuxen,Ja,Nej,Hona,2,2,SVA,"37,00","0,00",,Ja,Ja,2018.01.02,Laboratorium,Dokumenterad,000775746A,Hålsjön,6683428,401250,6686952,1356675,RT90,Exakt,UI408128 G204-17 +,V2018-0033,,2-1737,Torsby (S),2-17,Värmlands län (S)
M494641,D481318,Varg,Licensjakt,,2018.01.02,Nej,14:27,Unge,Ja,Nej,Hane,0,0,SVA,"36,40","0,00",,Ja,Ja,2018.01.02,Laboratorium,Dokumenterad,00072ebe21,"Läcktorp, Björsjö",6652751,517974,6654838,1473071,WGS84-UTM Zon 33,Exakt,UI408735 G10-18 +,V2018-0007,,2-2061,Smedjebacken (S),2-20,Dalarnas län (S)
M494642,D481326,Varg,Licensjakt,,2018.01.02,Nej,15:45,Vuxen,Ja,Nej,Hona,4,4,SVA,"38,20","0,00",,Ja,Ja,2018.01.02,Laboratorium,Dokumenterad,00078F1EAF,Munkmossen,6652426,520314,6654484,1475407,SWEREF99 TM,Exakt,UI404115 G74-14 +,V2018-0006,,2-2061,Smedjebacken (S),2-20,Dalarnas län (S)
M494646,D481408,Varg,Jakt - Kula,,2018.01.03,Nej,13:30,Vuxen,Nej,Nej,Hane,1,1,NINA,"0,00","0,00",,Ja,Ja,2018.01.03,Laboratorium,Dokumenterad,578098100338210,Renåfallet,6844743,302535,6849566,1259897,WGS84-UTM Zon 32,Mindre bra,UI406156 G180-16 V657 +,,,1-3424,Rendalen (N),1-34,Innlandet (N)
M494647,D481409,Varg,Jakt - Kula,,2018.01.03,Nej,11:35,Unge,Nej,Nej,Hona,0,0,NINA,"40,40","0,00",,Ja,Ja,2018.01.03,Laboratorium,Dokumenterad,579098100347113,Rønningslia,6844351,303247,6849166,1260604,WGS84-UTM Zon 32,Mindre bra,UI407922 G285-17 V695 +,,,1-3424,Rendalen (N),1-34,Innlandet (N)
M494648,D481410,Varg,Jakt - Kula,,2018.01.03,Nej,11:51,Vuxen,Nej,Nej,Hona,1,1,NINA,"34,20","0,00",,Ja,Ja,2018.01.03,Laboratorium,Dokumenterad,578098100345791,Renålia,6844468,303007,6849285,1260366,WGS84-UTM Zon 32,Mindre bra,UI406158 G182-16 V659 +,,,1-3424,Rendalen (N),1-34,Innlandet (N)
M494649,D481411,Varg,Jakt - Kula,,2018.01.03,Nej,15:20,Vuxen,Nej,Nej,Hane,4,4,NINA,"50,80","0,00",,Ja,Ja,2018.01.03,Laboratorium,Dokumenterad,578098100345903,Vamma,6839937,302711,6844755,1260013,WGS84-UTM Zon 32,Mindre bra,UI404752 G155-14 V530 +,,,1-3424,Rendalen (N),1-34,Innlandet (N)
M494650,D481422,Varg,Licensjakt,,2018.01.03,Nej,13:00,Vuxen,Ja,Nej,Hona,2,2,SVA,"28,80","0,00",,Nej,Nej,2018.01.03,Laboratorium,Dokumenterad,,Akinvallsberget,6877050,536979,6878975,1494844,RT90,Mycket bra,UI408581 G255-17 +,V2018-0012,,2-2161,Ljusdal (S),2-21,Gävleborgs län (S)
M494654,D481439,Varg,Jakt - Kula,,2018.01.04,Nej,15:15,Vuxen,Nej,Nej,Hona,1,1,NINA,"39,00","0,00",,Ja,Ja,2018.01.04,Laboratorium,Dokumenterad,578098100346167,Deset,6801905,312552,6806580,1269388,WGS84-UTM Zon 32,Mindre bra,UI406155 G179-16 V656 +,,,1-3422,Åmot (N),1-34,Innlandet (N)
M494651,D481431,Varg,Licensjakt,,2018.01.04,Nej,11:13,Vuxen,Ja,Nej,Hane,3,3,SVA,"48,80","0,00",,Ja,Ja,2018.01.04,Laboratorium,Dokumenterad,00078EEAE9,Talltorp,6650767,514473,6652896,1469544,SWEREF99 TM,Exakt,UI406200 G8-17 +,V2018-0014,2018W003FP,2-2061,Smedjebacken (S),2-20,Dalarnas län (S)
M494652,D481432,Varg,Licensjakt,,2018.01.04,Nej,11:58,Vuxen,Ja,Nej,Hona,3,3,SVA,"39,00","0,00",,Ja,Ja,2018.01.04,Laboratorium,Dokumenterad,00078EB712,Tall,6650767,514504,6652895,1469575,SWEREF99 TM,Exakt,UI406186 G16-17 +,V2018-0013,2018W004FP,2-2061,Smedjebacken (S),2-20,Dalarnas län (S)
M494658,D481463,Varg,Jakt - Kula,,2018.01.05,Nej,12:45,Vuxen,Nej,Nej,Hona,2,2,NINA,"36,60","0,00",,Ja,Ja,2018.01.05,Laboratorium,Dokumenterad,578098100342604,Evenstadlia,6816708,292456,6821640,1249464,WGS84-UTM Zon 32,Mindre bra,UI405607 G157-15 V582 +,,,1-3423,Stor-Elvdal (N),1-34,Innlandet (N)
M494659,D481464,Varg,Jakt - Kula,,2018.01.05,Nej,16:10,Unge,Nej,Nej,Hane,0,0,NINA,"29,60","0,00",,Ja,Ja,2018.01.05,Laboratorium,Dokumenterad,578098100346866,Storsjølia,6813955,302850,6818757,1259831,WGS84-UTM Zon 32,Mindre bra,UI408354 G305-17 V720 +,,,1-3422,Åmot (N),1-34,Innlandet (N)
M494660,D481465,Varg,Jakt - Kula,,2018.01.05,Nej,12:30,Unge,Nej,Nej,Hona,0,0,NINA,"32,50","0,00",,Ja,Ja,2018.01.05,Laboratorium,Dokumenterad,578098100345036,Tørråsen,6841674,303383,6846485,1260707,WGS84-UTM Zon 32,Mindre bra,UI408361 G290-17 V700 +,,,1-3424,Rendalen (N),1-34,Innlandet (N)
M494662,D481480,Varg,Jakt - Kula,,2018.01.06,Nej,12:20,Unge,Nej,Nej,Hane,0,0,NINA,"27,25","0,00",,Ja,Ja,2018.01.06,Laboratorium,Dokumenterad,578098100345803,Bronkveien,6738092,318444,6742659,1274497,WGS84-UTM Zon 32,Mindre bra,UI408742 G31-18 V745 +,,,1-3419,Våler i Innlandet (N),1-34,Innlandet (N)
M494661,D481477,Varg,Jakt - Kula,,2018.01.07,Nej,10:30,Unge,Nej,Ja,Hane,0,0,NINA,"34,20","0,00",,Ja,Ja,2018.01.07,Laboratorium,Dokumenterad,578098100344832,,6842401,303137,6847215,1260470,WGS84-UTM Zon 32,Mindre bra,UI407924 G287-17 V697 +,,,1-3424,Rendalen (N),1-34,Innlandet (N)
M494664,D481566,Varg,Jakt - Kula,,2018.01.09,Nej,13:22,Unge,Nej,Ja,Hona,0,0,NINA,"28,70","0,00",,Ja,Ja,2018.01.09,Laboratorium,Dokumenterad,578098100345645,Sjøli,6819480,307410,6824229,1264462,WGS84-UTM Zon 32,Mindre bra,UI407927 G291-17 V701 +,,,1-3424,Rendalen (N),1-34,Innlandet (N)
M494665,D481568,Varg,Jakt - Kula,,2018.01.09,Nej,12:02,Unge,Nej,Ja,Hane,0,0,NINA,"37,10","0,00",,Ja,Ja,2018.01.09,Laboratorium,Dokumenterad,578098100347132,Sjøli,6817814,306281,6822576,1263311,WGS84-UTM Zon 32,Mindre bra,UI407925 G288-17 V698 +,,,1-3424,Rendalen (N),1-34,Innlandet (N)
M494666,D481569,Varg,Jakt - Kula,,2018.01.09,Nej,11:09,Vuxen,Nej,Nej,Hona,5,5,NINA,"32,10","0,00",,Ja,Ja,2018.01.09,Laboratorium,Dokumenterad,578098100346248,Sjøli,6816543,306821,6821298,1263835,WGS84-UTM Zon 32,Mindre bra,UI404063 G139-14 V495 +,,,1-3424,Rendalen (N),1-34,Innlandet (N)
M494691,D482070,Varg,Skyddsjakt,,2018.01.10,Nej,,Vuxen,Ja,Nej,Hona,1,1,SVA,"34,50","0,00",,Nej,Nej,2018.01.10,Laboratorium,Dokumenterad,,Södertörn,6560067,682216,6560137,1636228,RT90,Mindre bra,UI406070 G157-16 V639 +,V2018-0031,,2-0136,Haninge (S),2-01,Stockholms län (S)
M494668,D481713,Varg,Jakt - Kula,,2018.01.12,Nej,09:40,Vuxen,Nej,Nej,Hona,2,2,NINA,"33,20","0,00",,Ja,Ja,2018.01.12,Laboratorium,Dokumenterad,57898100345221,Bergholdt,6842955,302726,6847775,1260065,WGS84-UTM Zon 32,Mindre bra,UI405600 G171-15 V576 +,,,1-3424,Rendalen (N),1-34,Innlandet (N)
M494682,D481903,Varg,Licensjakt,,2018.01.17,Nej,14:30,Vuxen,Ja,Nej,Hona,6,6,SVA,"33,00","0,00",,Ja,Ja,2018.01.17,Laboratorium,Dokumenterad,0007B37EB5,,6611851,556820,6613452,1511431,RT90,Mindre bra,UI040534 G12-12 +,V2018-0088,,2-1983,Köping (S),2-19,Västmanlands län (S)
M494685,D481951,Varg,Licensjakt,,2018.01.19,Nej,,Vuxen,Ja,Nej,Hane,6,6,SVA,"42,50","0,00",,Ja,Ja,2018.01.19,Laboratorium,Dokumenterad,,Rölö,6619545,557155,6621144,1511860,RT90,Mindre bra,UI040719 G133-13 +,V2018-0089,,2-1907,Surahammar (S),2-19,Västmanlands län (S)
M494686,D481952,Varg,Licensjakt,,2018.01.19,Nej,,Unge,Ja,Ja,Hona,0,0,SVA,"23,50","0,00",,Nej,Nej,2018.01.19,Laboratorium,Dokumenterad,,,6615389,559328,6616961,1513983,RT90,Mindre bra,UI408755 G18-18 +,V2018-0087,,2-1907,Surahammar (S),2-19,Västmanlands län (S)
M494687,D482001,Varg,Skyddsjakt,,2018.01.20,Nej,,Unge,Ja,Nej,Hane,0,0,SVA,"24,30","0,00",,Nej,Ja,2018.01.20,Laboratorium,Dokumenterad,,,6554440,570896,6555854,1524816,WGS84-UTM Zon 33,Mindre bra,UI408079 G183-17 +,V2018-0082,,2-0483,Katrineholm (S),2-04,Södermanlands län (S)
M494864,D484137,Varg,Skyddsjakt,,2018.01.26,Nej,12:17,Vuxen,Ja,Nej,Hane,1,1,SVA,"52,00","0,00",,Nej,Ja,2018.01.26,Laboratorium,Dokumenterad,,Vålåstugorna,6992656,389160,6996473,1348412,RT90,Exakt,UI407845 G143-17 +,V2018-0308,,2-2321,Åre (S),2-23,Jämtlands län (S)
M494876,D484227,Varg,Jakt - Kula,,2018.01.30,Nej,09:40,Vuxen,Nej,Nej,Hona,1,1,NINA,"37,00","0,00",,Ja,Ja,2018.01.30,Laboratorium,Dokumenterad,578098100345077,Husmannsmota,6703072,330056,6707478,1285685,WGS84-UTM Zon 32,Mindre bra,UI406415 G75-17 V727 +,,,1-3417,Grue (N),1-34,Innlandet (N)
M494870,D484193,Varg,Licensjakt,,2018.01.30,Nej,09:40,Unge,Ja,Nej,Hane,0,0,SVA,"29,00","0,00",,Ja,Ja,2018.01.30,Laboratorium,Dokumenterad,0007B33A0B,,6613546,558686,6615125,1513318,WGS84-UTM Zon 33,Mindre bra,UI408723 G322-17 +,V2018-0170,,2-1983,Köping (S),2-19,Västmanlands län (S)
M494892,D484323,Varg,Licensjakt,,2018.02.01,Nej,12:40,Unge,Ja,Nej,Hane,0,0,SVA,"36,00","0,00",,Nej,Nej,2018.02.01,Laboratorium,Dokumenterad,,,6613614,555930,6615226,1510562,RT90,Exakt,UI408670 G314-17 +,V2018-0171,,2-1983,Köping (S),2-19,Västmanlands län (S)
M494929,D484651,Varg,Skyddsjakt,,2018.02.09,Nej,11:30,Unge,Nej,Nej,Hane,0,0,NINA,"24,50","0,00",,Ja,Ja,2018.02.09,Laboratorium,Dokumenterad,578098100346344,Tørråsen,6819620,295568,6824515,1252614,WGS84-UTM Zon 33,Mindre bra,UI408751 G32-18 V746 +,,,1-3423,Stor-Elvdal (N),1-34,Innlandet (N)
M494955,D485120,Varg,Skyddsjakt,,2018.02.17,Nej,13:46,Vuxen,Ja,Nej,Hane,3,3,SVA,"45,40","0,00",,Ja,Ja,2018.02.17,Laboratorium,Dokumenterad,,Svantjärnåsen,6904982,461418,6907858,1419604,SWEREF99 TM,Exakt,UI407536 G202-17 V690 +,V2018-0307,,2-2361,Härjedalen (S),2-23,Jämtlands län (S)
M495007,D485563,Varg,Skyddsjakt,,2018.02.26,Nej,14:35,Unge,Nej,Nej,Hona,0,0,NINA,"28,40","0,00",,Nej,Ja,2018.02.26,Laboratorium,Dokumenterad,578098100345279,Vamsætra,6838222,306316,6842995,1263599,WGS84-UTM Zon 32,Mindre bra,UI407926 G289-17 V699 +,,,1-3424,Rendalen (N),1-34,Innlandet (N)
M495008,D485564,Varg,Skyddsjakt,,2018.02.26,Nej,15:45,Vuxen,Nej,Nej,Hona,1,1,NINA,"29,20","0,00",,Nej,Ja,2018.02.26,Laboratorium,Dokumenterad,578098100346459,Holmsliberget,6817925,307010,6822678,1264041,WGS84-UTM Zon 32,Mindre bra,UI406244 G116-17 V660 +,,,1-3424,Rendalen (N),1-34,Innlandet (N)
M495023,D485751,Varg,Skyddsjakt,,2018.03.01,Nej,,Vuxen,Ja,Nej,Hona,3,3,SVA,"32,80","0,00",,Nej,Ja,2018.03.01,Laboratorium,Dokumenterad,,Våndtjärnberget,6903809,447284,6906860,1405450,RT90,Exakt,UI407906 G154-17 +,V2018-0490,,2-2361,Härjedalen (S),2-23,Jämtlands län (S)
M495142,D491088,Varg,Skyddsjakt,,2018.03.17,Nej,14:10,Vuxen,Ja,Nej,Hona,5,5,SVA,"39,00","0,00",,Nej,Nej,2018.03.17,Laboratorium,Dokumenterad,Skinn 00078ED85F,Lomtjärnet,6638468,371869,6642329,1326731,RT90,Mindre bra,UI403482 G188-13 V456 +,V2018-0605,,2-1784,Arvika (S),2-17,Värmlands län (S)
M495143,D491089,Varg,Skyddsjakt,,2018.03.17,Nej,12:30,Vuxen,Ja,Nej,Hane,2,2,SVA,"42,00","0,00",,Nej,Nej,2018.03.17,Laboratorium,Dokumenterad,Skinn 00078F136C,Savtjärnet,6634458,368626,6638357,1323437,RT90,Mindre bra,UI405811 G105-16 V619 +,V2018-0604,,2-1784,Arvika (S),2-17,Värmlands län (S)
M495145,D491204,Varg,Jakt - Kula,,2018.03.18,Nej,17:00,Vuxen,Nej,Nej,Hona,1,1,NINA,"39,00","0,00",,Ja,Ja,2018.03.18,Laboratorium,Dokumenterad,578098100346667,Hamarsæterhøgda,6782003,281420,6787052,1237993,WGS84-UTM Zon 32,Mindre bra,UI407398 G131-17 V693 +,,,1-3411,Ringsaker (N),1-34,Innlandet (N)
M495384,D495231,Varg,Skyddsjakt,,2018.04.14,Nej,16:00,Vuxen,Ja,Nej,Hane,3,3,SVA,"44,70","0,00",,Ja,Nej,2018.04.14,Laboratorium,Dokumenterad,,,6547840,628290,6548559,1582144,RT90,Mindre bra,UI405658 G26-16 +,V2018-0772,,2-0461,Gnesta (S),2-04,Södermanlands län (S)
M495545,D497253,Varg,Skyddsjakt,,2018.05.28,Nej,23:45,Vuxen,Nej,Nej,Hane,1,1,NINA,"40,80","0,00",,Nej,Ja,2018.05.28,Laboratorium,Dokumenterad,578098100343471,Børtne,6811747,279738,6816833,1236678,WGS84-UTM Zon 32,Mindre bra,UI408585 G265-17 V764 +,,,1-3423,Stor-Elvdal (N),1-34,Innlandet (N)
M495609,D497551,Varg,Skyddsjakt,,2018.06.14,Nej,23:30,Vuxen,Nej,Nej,Hane,1,1,NINA,"43,00","0,00",,Nej,Ja,2018.06.14,Laboratorium,Dokumenterad,578098100347263,"Gråkorphaugen S, Åstadalen",6811687,269321,6816903,1226254,WGS84-UTM Zon 32,Mycket bra,UI408374 G225-17 V767 +,,,1-3440,Øyer (N),1-34,Innlandet (N)
M495612,D497567,Varg,Skyddsjakt,,2018.06.16,Nej,06:00,Vuxen,Ja,Nej,Hane,8,8,SVA,"45,00","0,00",,Ja,Nej,2018.06.16,Laboratorium,Dokumenterad,,Davidshyttan,6679374,553873,6681031,1509306,RT90,Mycket bra,UI040223 G67-11 +,V2018-1267,,2-2083,Hedemora (S),2-20,Dalarnas län (S)
M495643,D497717,Varg,Skyddsjakt,,2018.06.28,Nej,06:04,Vuxen,Nej,Nej,Hane,2,2,NINA,"44,00","0,00",,Nej,Ja,2018.06.28,Laboratorium,Dokumenterad,578098100344710,Gloføken,6893066,317387,6897731,1275358,WGS84-UTM Zon 32,Mindre bra,UI406292 G63-17 V744 +,,,1-3424,Rendalen (N),1-34,Innlandet (N)
M495657,D497834,Varg,Skyddsjakt,,2018.07.23,Nej,07:00,Vuxen,Nej,Nej,Hona,2,2,NINA,"33,10","0,00",,Nej,Ja,2018.07.23,Laboratorium,Dokumenterad,578098100342145,Drevsjøen,6882920,309432,6887679,1267272,WGS84-UTM Zon 32,Mindre bra,UI407848 G147-17 V766 +,,,1-3424,Rendalen (N),1-34,Innlandet (N)
M496056,D498902,Varg,Skyddsjakt,,2018.09.16,Nej,13:30,Vuxen,Nej,Nej,Hona,1,1,NINA,"38,00","0,00",,Ja,Ja,2018.09.16,Laboratorium,Dokumenterad,578098100346988,Blåmyra,6766331,288230,6771287,1244614,WGS84-UTM Zon 33,Mindre bra,UI408109 G194-17 V810 +,,,1-3403,Hamar (N),1-34,Innlandet (N)
M496160,D499200,Varg,"Påskjuten, avräknad",,2018.09.29,Nej,09:30,Vuxen,Nej,Nej,Hane,,,,"0,00","0,00",,Ja,Nej,2018.09.29,Fältkontroll - SNO,Dokumenterad,,Matfarhaugen,6796073,271017,6801259,1227758,WGS84-UTM Zon 33,Mindre bra,UI408369 G220-17 V777 +,,,1-3405,Lillehammer (N),1-34,Innlandet (N)
M496141,D499173,Varg,Jakt - Kula,,2018.10.06,Nej,09:30,Vuxen,Nej,Nej,Hona,Adult,,,"30,40","0,00",,Ja,Ja,2018.10.06,Laboratorium,Dokumenterad,578098100346549,Sersjantmyra,6666453,245988,6671867,1201120,WGS84-UTM Zon 33,Mindre bra,UI407381 G110-17 V762 +,,,1-3007,Ringerike (N),1-30,Viken (N)
M496196,D499438,Varg,Jakt - Kula,,2018.10.07,Nej,10:40,Vuxen,Nej,Nej,Hane,2,2,NINA,"45,00","0,00",,Ja,Ja,2018.10.07,Laboratorium,Dokumenterad,578098100342726,Butjernshøgda,6702960,297495,6707765,1253105,WGS84-UTM Zon 32,Mindre bra,UI408721 G324-17 V798 +,,,1-3035,Eidsvoll (N),1-30,Viken (N)
M496207,D500230,Varg,Skyddsjakt,,2018.10.28,Nej,15:00,Vuxen,Nej,Nej,Hane,1,1,NINA,"35,00","0,00",,Ja,Ja,2018.10.28,Laboratorium,Dokumenterad,578098100338811,,7734343,883154,7731958,1852083,WGS84-UTM Zon 35,Mindre bra,UI411059 G90-18 V799 +,,,1-5437,Kárášjohka - Karasjok (N),1-54,Troms og Finnmark (N)
M496216,D500348,Varg,Jakt - Kula,,2018.10.31,Nej,11:00,Vuxen,Nej,Nej,Hona,1,1,NINA,"40,00","0,00",,Ja,Ja,2018.10.31,Laboratorium,Dokumenterad,578098100342859,Stormyra,6804064,304400,6808842,1261258,WGS84-UTM Zon 32,Mindre bra,UI408798 G36-18 V754 +,,,1-3423,Stor-Elvdal (N),1-34,Innlandet (N)
M496221,D500353,Varg,Jakt - Kula,,2018.10.31,Nej,,Vuxen,Nej,Nej,Hane,2,2,NINA,"37,50","0,00",,Ja,Ja,2018.10.31,Laboratorium,Dokumenterad,578098100340841,Skjeråsen,6805638,303172,6810431,1260050,WGS84-UTM Zon 32,Mindre bra,UI406225 G41-17 V774 +,,,1-3423,Stor-Elvdal (N),1-34,Innlandet (N)
M496223,D500398,Varg,Jakt - Kula,,2018.11.01,Nej,09:55,Vuxen,Nej,Nej,Hona,1,1,NINA,"32,40","0,00",,Ja,Ja,2018.11.01,Laboratorium,Dokumenterad,578098100345366,Gammeldalen,6907027,290523,6912035,1248653,WGS84-UTM Zon 32,Mindre bra,UI408870 G21-18 V761 +,,,1-3427,Tynset (N),1-34,Innlandet (N)
M496282,D500842,Varg,Skyddsjakt,,2018.11.29,Nej,12:10,Vuxen,Nej,Nej,Hane,,1,NINA,"48,50","0,00",,Ja,Ja,2018.11.29,Laboratorium,Dokumenterad,578098100346705,Aitavarre,7722650,867693,7720469,1836467,WGS84-UTM Zon 33,Mindre bra,UI412582 G37-19 V811 +,,,1-5437,Kárášjohka - Karasjok (N),1-54,Troms og Finnmark (N)
M496350,D501259,Varg,Jakt - Kula,,2018.12.16,Nej,15:00,Vuxen,Nej,Nej,Hane,Ad,2,NINA,"47,50","0,00",,Ja,Ja,2018.12.16,Laboratorium,Dokumenterad,578098100344522,Sjølisand,6823782,304641,6828567,1261744,WGS84-UTM Zon 32,Mindre bra,UI408112 G196-17 V776 +,,,1-3424,Rendalen (N),1-34,Innlandet (N)
M496351,D501260,Varg,Jakt - Kula,,2018.12.16,Nej,15:20,Vuxen,Nej,Nej,Hona,2,2,NINA,"38,00","0,00",,Ja,Nej,2018.12.16,Laboratorium,Dokumenterad,578098100345861,Sjølisand,6822421,304928,6827203,1262015,WGS84-UTM Zon 32,Mindre bra,UI407923 G286-17 V696 +,,,1-3424,Rendalen (N),1-34,Innlandet (N)
M496355,D501350,Varg,Skyddsjakt,,2018.12.18,Nej,,Vuxen,Ja,Nej,Hane,1,1,SVA,"37,00","0,00",,Nej,Nej,2018.12.18,Laboratorium,Dokumenterad,,Floåsen,6875761,367146,6879798,1324927,WGS84-UTM Zon 33,Exakt,UI411038 G64-18 +,V2018-2628,,2-2039,Älvdalen (S),2-20,Dalarnas län (S)
M496363,D501585,Varg,Jakt - Kula,,2019.01.01,Nej,10:20,Vuxen,Nej,Nej,Hane,6,6,NINA,"46,60","0,00",,Ja,Nej,2019.01.01,Laboratorium,Dokumenterad,578098100339034,Hattbekken,6808819,341736,6813137,1298674,WGS84-UTM Zon 33,Mindre bra,UI040799 G141-13 V492 +,,,1-3421,Trysil (N),1-34,Innlandet (N)
M496364,D501586,Varg,Jakt - Kula,,2019.01.01,Nej,10:50,Vuxen,Nej,Nej,Hona,10,10,NINA,"36,00","0,00",,Ja,Nej,2019.01.01,Laboratorium,Dokumenterad,578098100345858,Søndre Muruåsen,6806875,339808,6811216,1296721,WGS84-UTM Zon 33,Mindre bra,UI400909 G70-10 V289 +,,,1-3421,Trysil (N),1-34,Innlandet (N)
M496373,D501666,Varg,Jakt - Kula,,2019.01.03,Nej,12:40,Vuxen,Nej,Nej,Hona,1,1,NINA,"0,00","33,50",,Ja,Ja,2019.01.03,Laboratorium,Dokumenterad,578098100346979,Stangevelta,6715963,307028,6720659,1262803,WGS84-UTM Zon 32,Mindre bra,UI408820 G27-18 V818 +,,,1-3413,Stange (N),1-34,Innlandet (N)
M496404,D501975,Varg,Skyddsjakt,,2019.01.12,Nej,14:00,Vuxen,Ja,Nej,Hane,1,1,SVA,"41,30","0,00",,Nej,Nej,2019.01.12,Laboratorium,Dokumenterad,,Skravelliden,7242310,616486,7243332,1578980,RT90,Exakt,UI408569 G245-17 +,V2019-0218,,2-2422,Sorsele (S),2-24,Västerbottens län (S)
M496457,D502192,Varg,Skyddsjakt,,2019.01.15,Nej,13:14,Vuxen,Ja,Nej,Hane,1,1,SVA,"38,00","0,00",,Nej,Nej,2019.01.15,Laboratorium,Dokumenterad,,Myckeltjärnberget,6855093,458818,6857982,1416383,SWEREF99 TM,Exakt,UI407931 G295-17 V705 +,V2019-0119,,2-2361,Härjedalen (S),2-23,Jämtlands län (S)
M496458,D502199,Varg,Skyddsjakt,,2019.01.15,Nej,13:18,Vuxen,Ja,Nej,Hona,1,1,SVA,"32,00","0,00",,Nej,Nej,2019.01.15,Laboratorium,Dokumenterad,,Norr Myckeltjärnberget,6857871,458482,6860765,1416081,SWEREF99 TM,Exakt,UI408758 G26-18 V748 +,V2019-0121,,2-2361,Härjedalen (S),2-23,Jämtlands län (S)
M496503,D502425,Varg,Jakt - Kula,,2019.01.19,Nej,11:10,Vuxen,Nej,Nej,Hane,1,1,NINA,"46,50","0,00",,Ja,Ja,2019.01.19,Laboratorium,Dokumenterad,578098100341169,,7005481,264984,7010865,1224333,WGS84-UTM Zon 32,Exakt,UI408136 G208-17 V793 +,,,1-5028,Melhus (N),1-50,Trøndelag (N)
M496586,D503357,Varg,Skyddsjakt,,2019.02.08,Nej,12:19,Vuxen,Ja,Nej,Hona,2,2,SVA,"35,20","0,00",,Ja,Ja,2019.02.08,Laboratorium,Dokumenterad,,Fnussjen,6888923,492004,6891412,1450002,WGS84-UTM Zon 33,Mindre bra,UI412767 G19-19 V717 +,V2019-0484,,2-2361,Härjedalen (S),2-23,Jämtlands län (S)
M496796,D504791,Varg,Jakt - Kula,,2019.03.09,Nej,17:00,Vuxen,Nej,Nej,Hane,1,1,NINA,"47,60","0,00",,Ja,Ja,2019.03.09,Laboratorium,Dokumenterad,578098100346905,Skutsvika,6637363,195265,6643376,1150008,WGS84-UTM Zon 32,Mindre bra,UI408126 G201-17 V809 +,,,1-3050,Flesberg (N),1-30,Viken (N)
M496793,D504740,Varg,Jakt - Kula,,2019.03.12,Nej,08:20,Vuxen,Nej,Nej,Hane,1,1,NINA,"31,10","0,00",,Ja,Ja,2019.03.12,Laboratorium,Dokumenterad,578098100346236,Bekkedalsåsen,6842568,302918,6847386,1260253,WGS84-UTM Zon 32,Mindre bra,UI412579 G35-19 V806 +,,,1-3424,Rendalen (N),1-34,Innlandet (N)
M496934,D505580,Varg,Jakt - Kula,,2019.03.20,Nej,16:45,Vuxen,Nej,Nej,Hona,1,1,NINA,"23,60","0,00",,Ja,Ja,2019.03.20,Laboratorium,Dokumenterad,578098100346204,Opphuskjølen,6805443,301775,6810254,1258650,WGS84-UTM Zon 32,Mindre bra,UI412772 G82-19 V819 +,,,1-3423,Stor-Elvdal (N),1-34,Innlandet (N)
M497168,D508233,Varg,Jakt - Kula,,2019.05.07,Nej,08:22,Vuxen,Nej,Nej,Hona,1,1,NINA,"25,50","0,00",,Ja,Ja,2019.05.07,Laboratorium,Dokumenterad,578098100656912,Sjølisand,6817779,305737,6822548,1262766,WGS84-UTM Zon 32,Mindre bra,UI413296 G21-19 V839 +,,,1-3424,Rendalen (N),1-34,Innlandet (N)
M497265,D508952,Varg,Skyddsjakt,,2019.05.23,Nej,16:05,Vuxen,Nej,Nej,Hane,1,1,NINA,"34,00","0,00",,Ja,Ja,2019.05.23,Laboratorium,Dokumenterad,578098100343921,Kommunekoia,6746798,311874,6751452,1268030,WGS84-UTM Zon 32,Mindre bra,UI413295 G46-19 V838 +,,,1-3420,Elverum (N),1-34,Innlandet (N)
M497306,D509445,Varg,Skyddsjakt,,2019.06.20,Nej,15:30,Vuxen,Nej,Nej,Hane,1,1,NINA,"30,00","0,00",,Ja,Ja,2019.06.20,Laboratorium,Dokumenterad,578098100656590,Brekka ,6908984,278197,6914146,1236345,WGS84-UTM Zon 32,Mindre bra,UI413293 G134-19 V836 +,,,1-3427,Tynset (N),1-34,Innlandet (N)
M497307,D509452,Varg,Skyddsjakt,,2019.06.20,Nej,21:45,Vuxen,Nej,Nej,Hona,1,1,NINA,"32,20","0,00",,Nej,Ja,2019.06.20,Laboratorium,Dokumenterad,578098100652330,Åstadalen ,6778695,297699,6783541,1254240,WGS84-UTM Zon 32,Mindre bra,UI413294 G135-19 V837 +,,,1-3422,Åmot (N),1-34,Innlandet (N)
M497659,D510769,Varg,Skyddsjakt,,2019.08.30,Nej,18:15,Vuxen,Ja,Nej,Hona,1,1,SVA,"28,80","0,00",,Ja,Nej,2019.08.30,Laboratorium,Dokumenterad,Skinn 00078F01DE,Lillbo,6804117,541237,6805967,1498199,RT90,Mycket bra,UI413532 G98-19 +,V2019-2033,,2-2121,Ovanåker (S),2-21,Gävleborgs län (S)
M497897,D514162,Varg,Skyddsjakt,,2019.11.15,Nej,14:11,Vuxen,Ja,Nej,Hona,1,1,SVA,"37,00","0,00",,Ja,Nej,2019.11.15,Laboratorium,Dokumenterad,,,6873031,417071,6876446,1374841,SWEREF99 TM,Mindre bra,UI412585 G13-19 V835 +,V2019-3349,,2-2361,Härjedalen (S),2-23,Jämtlands län (S)
M497898,D514163,Varg,Skyddsjakt,,2019.11.15,Nej,14:16,Vuxen,Ja,Nej,Hane,1,1,SVA,"38,00","0,00",,Ja,Nej,2019.11.15,Laboratorium,Dokumenterad,,Stor-Hackåsen,6872173,415610,6875605,1373369,SWEREF99 TM,Mindre bra,UI413947 G210-19 +,V2019-3350,,2-2361,Härjedalen (S),2-23,Jämtlands län (S)
M497910,D514423,Varg,Skyddsjakt,,2019.11.20,Nej,13:30,Vuxen,Nej,Nej,Hona,"1,5",1,NINA,"37,80","0,00",,Nej,Nej,2019.11.20,Laboratorium,Dokumenterad,578098100656482,Misterfløyet,6878934,311674,6883663,1269466,WGS84-UTM Zon 32,Mindre bra,UI412581 G38-19 V808 +,,,1-3424,Rendalen (N),1-34,Innlandet (N)
M497911,D514425,Varg,Skyddsjakt,,2019.11.20,Nej,13:31,Vuxen,Nej,Nej,Hane,,1,NINA,"43,50","0,00",,Nej,Nej,2019.11.20,Laboratorium,Dokumenterad,578098100346492,Misterfløyet,6879245,311106,6883981,1268901,WGS84-UTM Zon 32,Mindre bra,UI411111 G91-18 V800 +,,,1-3424,Rendalen (N),1-34,Innlandet (N)
M497920,D514651,Varg,Skyddsjakt,,2019.11.27,Nej,13:08,Vuxen,Ja,Nej,Hane,1,1,SVA,"39,40","0,00",,Nej,Ja,2019.11.27,Laboratorium,Dokumenterad,,,6940487,482645,6943111,1441282,RT90,Mindre bra,UI412575 G8-19 +,V2019-3409,,2-2326,Berg (S),2-23,Jämtlands län (S)
M497927,D514717,Varg,Skyddsjakt,,2019.11.29,Nej,13:45,Vuxen,Ja,Nej,Hane,1,1,SVA,"35,00","0,00",,Nej,Ja,2019.11.29,Laboratorium,Dokumenterad,,,6912773,487224,6915330,1445517,RT90,Mindre bra,UI414048 G254-19 +,V2019-3410,,2-2361,Härjedalen (S),2-23,Jämtlands län (S)
M497928,D514718,Varg,Skyddsjakt,,2019.11.29,Nej,13:48,Vuxen,Ja,Nej,Hona,4,4,SVA,"40,00","0,00",,Nej,Ja,2019.11.29,Laboratorium,Dokumenterad,,Frägnberget,6912583,487121,6915141,1445412,RT90,Mindre bra,UI408105 G190-17 +,V2019-3413,,2-2361,Härjedalen (S),2-23,Jämtlands län (S)
M497929,D514723,Varg,Skyddsjakt,,2019.11.30,Nej,11:57,Vuxen,Ja,Nej,Hane,2,2,SVA,"44,00","0,00",,Nej,Ja,2019.11.30,Laboratorium,Dokumenterad,,Öster Höksjön,6967483,491373,6970008,1450351,RT90,Mindre bra,UI408106 G191-17 +,V2019-3411,,2-2305,Bräcke (S),2-23,Jämtlands län (S)
M497930,D514846,Varg,Skyddsjakt,,2019.12.02,Nej,11:10,Vuxen,Ja,Nej,Hane,1,1,SVA,"44,00","0,00",,Nej,Ja,2019.12.02,Laboratorium,Dokumenterad,,Storfloriset,6969985,494230,6972475,1453241,RT90,Mindre bra,UI413534 G100-19 +,V2019-3412,,2-2305,Bräcke (S),2-23,Jämtlands län (S)
M497954,D515489,Varg,Jakt - Kula,,2019.12.12,Nej,09:50,Vuxen,Nej,Nej,Hane,"1,5",1,NINA,"36,50","0,00",,Ja,Ja,2019.12.12,Laboratorium,Dokumenterad,Kropp 578098100656156,Knipilen,6731193,321799,6735716,1277769,WGS84-UTM Zon 32,Mindre bra,UI413972 V867 +,,,1-3419,Våler i Innlandet (N),1-34,Innlandet (N)
M497961,D515580,Varg,Skyddsjakt,,2019.12.16,Nej,13:25,Vuxen,Ja,Nej,Hane,1,1,SVA,"54,00","0,00",,Nej,Nej,2019.12.16,Laboratorium,Dokumenterad,,Rörsjön,7002171,574871,7003659,1534311,RT90,Mindre bra,UI412776 G83-19 V824 +,V2020-0043,,2-2303,Ragunda (S),2-23,Jämtlands län (S)
M497964,D515747,Varg,Jakt - Kula,,2019.12.18,Nej,11:45,Vuxen,Nej,Nej,Hane,,1,NINA,"42,90","0,00",,Ja,Ja,2019.12.18,Laboratorium,Dokumenterad,Kropp 578098100168081,,6512177,35123,6520036,988219,WGS84-UTM Zon 33,Mindre bra,UI413297 G90-19 V840 +,,,1-4227,Kvinesdal (N),1-42,Agder (N)
M497967,D515762,Varg,Skyddsjakt,,2019.12.21,Nej,14:20,Vuxen,Ja,Nej,Hane,1,1,SVA,"40,50","0,00",,Nej,Ja,2019.12.21,Laboratorium,Dokumenterad,,Billsåsen,6985634,460725,6988550,1419919,RT90,Mindre bra,UI412588 G16-19 +,V2020-0042,,2-2326,Berg (S),2-23,Jämtlands län (S)
M497968,D515823,Varg,Skyddsjakt,,2019.12.27,Nej,11:45,Vuxen,Nej,Nej,Hane,,,,"28,00","0,00",,Nej,Ja,2019.12.27,Laboratorium,Dokumenterad,,Stor Jättsjön,6860109,487043,6862649,1444681,RT90,Mindre bra,UI413871 G163-19 +,V2020-0045,,2-2361,Härjedalen (S),2-23,Jämtlands län (S)
M497969,D515824,Varg,Skyddsjakt,,2019.12.27,Nej,11:46,Vuxen,Ja,Nej,Hane,5,5,SVA,"52,00","0,00",,Nej,Ja,2019.12.27,Laboratorium,Dokumenterad,,Stor Jättsjön,6860060,487280,6862597,1444917,RT90,Mindre bra,UI405618 G151-15 +,V2020-0044,,2-2361,Härjedalen (S),2-23,Jämtlands län (S)
M497971,D515878,Varg,Jakt - Kula,,2020.01.01,Nej,11:05,Unge,Nej,Ja,Hona,0,,,"26,30","0,00",,Ja,Ja,2020.01.01,Laboratorium,Dokumenterad,Kropp 578098100676143,Tierbua,6782421,313708,6787071,1270305,WGS84-UTM Zon 32,Mindre bra,UI413887 G57-20 V856 +,,,1-3422,Åmot (N),1-34,Innlandet (N)
M497972,D515879,Varg,Jakt - Kula,,2020.01.01,Nej,10:40,Vuxen,Nej,Nej,Hona,8,9,NINA,"33,30","0,00",,Ja,Ja,2020.01.01,Laboratorium,Dokumenterad,Kropp 578098100344619,Ingridsberget,6784501,314122,6789147,1270745,WGS84-UTM Zon 32,Mindre bra,UI401956 G74-11 V338 +,,,1-3422,Åmot (N),1-34,Innlandet (N)
M497973,D515880,Varg,Jakt - Kula,,2020.01.01,Nej,11:15,Vuxen,Nej,Nej,Hane,7,8,NINA,"42,70","0,00",,Ja,Ja,2020.01.01,Laboratorium,Dokumenterad,Kropp 578098100338987,Tierbua,6781813,314025,6786459,1270614,WGS84-UTM Zon 32,Mindre bra,UI401990 G132-11 V369 +,,,1-3422,Åmot (N),1-34,Innlandet (N)
M497974,D515881,Varg,Jakt - Kula,,2020.01.01,Nej,11:20,Unge,Nej,Ja,Hona,0,,,"27,90","0,00",,Ja,Ja,2020.01.01,Laboratorium,Dokumenterad,Kropp 578098100676114,Tierbua,6782432,313707,6787082,1270304,WGS84-UTM Zon 32,Mindre bra,UI414012 G58-20 V868 +,,,1-3422,Åmot (N),1-34,Innlandet (N)
M497977,D515969,Varg,Jakt - Kula,,2020.01.05,Nej,16:00,Vuxen,Nej,Nej,Hane,Adult,3,NINA,"36,40","0,00",,Ja,Ja,2020.01.05,Laboratorium,Dokumenterad,Kropp 578098100341029,Hamremoen,6683893,208694,6689775,1164014,WGS84-UTM Zon 32,Mindre bra,UI413408 G139-19 V847 +,,,1-3046,Krødsherad (N),1-30,Viken (N)
M523547,D516603,Varg,Skyddsjakt,,2020.01.22,Nej,13:25,Vuxen,Ja,Nej,Hane,1,1,SVA,"38,00","0,00",,Nej,Nej,2020.01.22,Laboratorium,Dokumenterad,,Stormyrliden,7244791,713496,7244572,1676040,RT90,Mindre bra,UI413885 G171-19 +,V2020-0232,,2-2505,Arvidsjaur (S),2-25,Norrbottens län (S)
M523576,D517019,Varg,Skyddsjakt,,2020.02.01,Nej,15:10,Unge,Ja,Nej,Hane,0,0,SVA,"30,50","0,00",,Nej,Ja,2020.02.01,Laboratorium,Dokumenterad,,Uvberget,6860025,486152,6862576,1443788,RT90,Mindre bra,UI413998 G228-19 +,V2020-0308,,2-2361,Härjedalen (S),2-23,Jämtlands län (S)
M523589,D517044,Varg,Skyddsjakt,,2020.02.02,Nej,14:38,Vuxen,Ja,Nej,Hona,1,1,SVA,"33,20","0,00",,Nej,Ja,2020.02.02,Laboratorium,Dokumenterad,,Norrälven,6890603,470965,6893354,1428976,RT90,Mindre bra,UI412785 G41-19 +,V2020-0309,,2-2361,Härjedalen (S),2-23,Jämtlands län (S)
M523667,D517644,Varg,Skyddsjakt,,2020.02.10,Nej,15:45,Vuxen,Ja,Nej,Hane,1,1,SVA,"51,00","0,00",,Ja,Nej,2020.02.10,Laboratorium,Dokumenterad,,Vålåsen,6885519,488785,6888047,1446739,RT90,Mindre bra,UI412766 G28-19 +,V2020-0587,,2-2361,Härjedalen (S),2-23,Jämtlands län (S)
M523690,D518063,Varg,Jakt - Kula,,2020.02.16,Nej,13:00,Vuxen,Nej,Nej,Hane,Ad.,1,NINA,"31,00","0,00",,Nej,Ja,2020.02.16,Laboratorium,Dokumenterad,Kropp 578098100344854,Endalsvollen,6987271,304971,6992142,1264114,WGS84-UTM Zon 32,Mindre bra,UI414094 G60-20 V881 +,,,1-5026,Holtålen (N),1-50,Trøndelag (N)
M523703,D518094,Varg,Jakt - Kula,,2020.02.16,Nej,16:18,Vuxen,Nej,Nej,Hane,0,1,NINA,"36,00","0,00",,Ja,Ja,2020.02.16,Laboratorium,Dokumenterad,Kropp 578098100676615,Dæhlibygda,6759207,226332,6764922,1182590,WGS84-UTM Zon 32,Mindre bra,UI414025 G249-19 V883 +,,,1-3448,Nordre Land (N),1-34,Innlandet (N)
M523772,D518999,Varg,Skyddsjakt,,2020.02.25,Nej,,Vuxen,Ja,Nej,Hona,2,2,SVA,"31,00","0,00",,Nej,Nej,2020.02.25,Laboratorium,Dokumenterad,,Robertsholm,6715275,568867,6716759,1524744,RT90,Mindre bra,UI412782 G43-19 +,V2020-0481,,2-2104,Hofors (S),2-21,Gävleborgs län (S)
M523917,D519644,Varg,Skyddsjakt,,2020.03.07,Nej,10:45,Vuxen,Ja,Nej,Hona,2,2,SVA,"35,00","0,00",,Ja,Ja,2020.03.07,Laboratorium,Dokumenterad,Skinn 0007B37E12,Timmermyran,6799467,561393,6801067,1518304,RT90,Mindre bra,UI408086 G171-17 +,V2020-0608,,2-2121,Ovanåker (S),2-21,Gävleborgs län (S)
M524157,D522327,Varg,Jakt - Kula,,2020.04.18,Nej,14:15,Vuxen,Nej,Nej,Hane,0,1,NINA,"36,70","0,00",,Ja,Ja,2020.04.18,Laboratorium,Dokumenterad,Kropp 578098100676337,Veikledalen,6852966,219084,6858831,1176497,WGS84-UTM Zon 32,Mindre bra,UI414057 G261-19 V894 +,,,1-3436,Nord-Fron (N),1-34,Innlandet (N)
M524251,D523217,Varg,Jakt - Kula,,2020.04.28,Nej,15:50,Vuxen,Nej,Nej,Hane,1,1,NINA,"27,50","0,00",,Ja,Ja,2020.04.28,Laboratorium,Dokumenterad,Kropp 578098100347159,Moste,6784142,273700,6789287,1230295,WGS84-UTM Zon 32,Mindre bra,UI413880 G167-19 V897 +,,,1-3411,Ringsaker (N),1-34,Innlandet (N)
M524250,D523203,Varg,Jakt - Kula,,2020.05.02,Nej,10:20,Vuxen,Nej,Nej,Hane,1+,1,NINA,"43,50","0,00",,Ja,Ja,2020.05.02,Laboratorium,Dokumenterad,Kropp 578098100347056,Hornslien Ø,6720597,245074,6726056,1200869,WGS84-UTM Zon 32,Mindre bra,UI413893 G154-19 V890 +,,,1-3447,Søndre Land (N),1-34,Innlandet (N)
M524334,D523723,Varg,Skyddsjakt,,2020.05.13,Nej,17:30,Vuxen,Nej,Nej,Hane,2,2,NINA,"46,50","0,00",,Ja,Ja,2020.05.13,Laboratorium,Dokumenterad,Kropp 578098100676357,Tjønnseterfjellet,6855742,224991,6861535,1182443,WGS84-UTM Zon 32,Mindre bra,UI413748 G114-19 V887 +,,,1-3436,Nord-Fron (N),1-34,Innlandet (N)
M524345,D523777,Varg,Skyddsjakt,,2020.05.14,Nej,16:40,Vuxen,Nej,Nej,Hona,1,1,NINA,"33,50","0,00",,Ja,Ja,2020.05.14,Laboratorium,Dokumenterad,Skinn 578098100676283,Tørråsen,6898887,290190,6903894,1248219,WGS84-UTM Zon 32,Mindre bra,UI414024 G248-19 V898 +,,,1-3427,Tynset (N),1-34,Innlandet (N)
M524466,D524749,Varg,Skyddsjakt,,2020.06.05,Nej,18:00,Vuxen,Nej,Nej,Hane,1,1,NINA,"39,00","0,00",,Ja,Ja,2020.06.05,Laboratorium,Dokumenterad,Kropp 578098100676301,Rokosjøåsen,6741381,308502,6746073,1264590,WGS84-UTM Zon 32,Mindre bra,UI414061 G265-19 V901 +,,,1-3412,Løten (N),1-34,Innlandet (N)
M524501,D525271,Varg,Skyddsjakt,,2020.07.04,Nej,08:05,Vuxen,Nej,Nej,Hane,1,1,NINA,"38,00","0,00",,Ja,Ja,2020.07.04,Laboratorium,Dokumenterad,Kropp 578098100340991,Sloken,6760610,304489,6765362,1260811,WGS84-UTM Zon 33,Mindre bra,UI413388 G138-19 V844 +,,,1-3412,Løten (N),1-34,Innlandet (N)
M524507,D525319,Varg,Skyddsjakt,,2020.07.09,Nej,04:50,Osäker,Nej,Nej,Hona,,,,"40,90","0,00",,Ja,Nej,2020.07.09,Laboratorium,Dokumenterad,,Rådsla/Stensjön,6498573,534003,6500415,1487238,RT90,Dålig,UI406140 G169-16 V645 +,V2020-1584,,2-0580,Linköping (S),2-05,Östergötlands län (S)
M524526,D525627,Varg,Skyddsjakt,,2020.07.29,Nej,08:00,Vuxen,Nej,Nej,Hona,"1,5+",1,NINA,"27,20","0,00",,Ja,Ja,2020.07.29,Laboratorium,Dokumenterad,Skinn 578098100676042,unsetbrenna,6881102,295804,6886029,1253613,WGS84-UTM Zon 32,Mindre bra,UI413902 G173-19 V920 +,,,1-3424,Rendalen (N),1-34,Innlandet (N)
M524533,D525671,Varg,Skyddsjakt,,2020.07.30,Nej,11:29,Vuxen,Nej,Nej,Hane,"2,5",1,NINA,"43,00","0,00",,Ja,Ja,2020.07.30,Laboratorium,Dokumenterad,Kropp 578098100341824,Tuvberget,6732557,315313,6737160,1271297,ED50-UTM Zon 32,Mindre bra,UI413899 G153-19 V895 +,,,1-3412,Løten (N),1-34,Innlandet (N)
M525033,D531728,Varg,Skyddsjakt,,2020.10.05,Nej,17:56,Vuxen,Ja,Nej,Hane,,1,SVA,"36,40","0,00",,Ja,Ja,2020.10.05,Laboratorium,Dokumenterad,Skinn 0006DCC4c3,Håkanbo,6777561,589996,6778802,1546644,RT90,Mindre bra,UI414000 G230-19 +,V2020-2657,,2-2182,Söderhamn (S),2-21,Gävleborgs län (S)
M525059,D532492,Varg,Skyddsjakt,,2020.10.16,Nej,23:08,Vuxen,Nej,Nej,Hane,,1,NINA,"42,70","0,00",,Ja,Ja,2020.10.16,Laboratorium,Dokumenterad,Kropp 578098100264802,,6509090,9307,6517258,962342,WGS84-UTM Zon 32,Mindre bra,UI413894 G148-19 V904 +,,,1-1112,Lund (N),1-11,Rogaland (N)
M525101,D533285,Varg,Skyddsjakt,,2020.10.31,Nej,12:05,Vuxen,Ja,Nej,Hane,,1,SVA,"51,00","0,00",,Ja,Ja,2020.10.31,Laboratorium,Dokumenterad,,Siska,7512518,718166,7512278,1684168,SWEREF99 TM,Exakt,UI414710 G71-20 +,V2020-3161,,2-2523,Gällivare (S),2-25,Norrbottens län (S)
M525163,D534186,Varg,Jakt - Kula,,2020.12.01,Nej,15:40,Vuxen,Nej,Nej,Hane,"1,5 +",1,NINA,"44,50","0,00",,Ja,Ja,2020.12.01,Laboratorium,Dokumenterad,Kropp 578098100342771,Hundberget,6805278,253894,6810681,1210738,WGS84-UTM Zon 32,Mindre bra,UI413869 G147-19 V940 +,,,1-3440,Øyer (N),1-34,Innlandet (N)
M525165,D534218,Varg,Jakt - Kula,,2020.12.02,Nej,12:00,Vuxen,Nej,Nej,Hane,Ad,1,NINA,"51,90","0,00",,Ja,Ja,2020.12.02,Laboratorium,Dokumenterad,Kropp 578098100656622,Mykleby,6812435,285612,6817449,1242564,WGS84-UTM Zon 32,Mindre bra,UI413926 G192-19 V909 +,,,1-3423,Stor-Elvdal (N),1-34,Innlandet (N)
M525172,D534233,Varg,Jakt - Kula,,2020.12.02,Nej,11:35,Vuxen,Nej,Nej,Hane,"1,5",1,NINA,"41,50","0,00",,Ja,Ja,2020.12.02,Laboratorium,Dokumenterad,Kropp 578098100676168,Åkre,6849043,297615,6853930,1255027,WGS84-UTM Zon 32,Mindre bra,UI413874 G160-19 V942 +,,,1-3424,Rendalen (N),1-34,Innlandet (N)
M525174,D535185,Varg,Skyddsjakt,,2020.12.04,Nej,16:30,Vuxen,Nej,Nej,Hane,2,,,"37,70","0,00",,Ja,Ja,2020.12.04,Laboratorium,Dokumenterad,Skinn 00078ED67F,Skaffartjärn,6689513,517890,6691613,1473436,SWEREF99 TM,Exakt,UI413905 G176-19 +,V2020-3742,,2-2081,Borlänge (S),2-20,Dalarnas län (S)
M525182,D534377,Varg,Jakt - Kula,,2020.12.05,Nej,14:45,Vuxen,Nej,Nej,Hane,vokse,1,NINA,"38,90","0,00",,Ja,Ja,2020.12.05,Laboratorium,Dokumenterad,Kropp 578098100346570,Kastflolia,6845826,324272,6850380,1281659,WGS84-UTM Zon 32,Mindre bra,UI413950 G207-19 V902 +,,,1-3425,Engerdal (N),1-34,Innlandet (N)
M525178,D534372,Varg,Skyddsjakt,,2020.12.05,Nej,13:08,Vuxen,Ja,Nej,Hane,,2,SVA,"34,20","0,00",,Nej,Ja,2020.12.05,Laboratorium,Dokumenterad,,Gunnarsbodarna,6940304,478503,6942980,1437136,RT90,Mindre bra,UI414002 G232-19 +,V2021-0149,,2-2326,Berg (S),2-23,Jämtlands län (S)
M525183,D534396,Varg,Jakt - Kula,,2020.12.06,Nej,13:15,Vuxen,Nej,Nej,Hane,"1,5 +",,,"32,60","0,00",,Nej,Nej,2020.12.06,Laboratorium,Dokumenterad,Kropp 578098100672578,Kornandertjønna,6871602,347532,6875881,1305251,WGS84-UTM Zon 33,Mindre bra,UI413936 G203-19 V925 +,,,1-3425,Engerdal (N),1-34,Innlandet (N)
M525184,D534441,Varg,Skyddsjakt,,2020.12.07,Nej,13:07,Vuxen,Ja,Nej,Hona,,1,SVA,"37,20","0,00",,Nej,Ja,2020.12.07,Laboratorium,Dokumenterad,,Österknippen,6911597,486003,6914169,1444281,RT90,Mindre bra,UI413957 G212-19 +,V2021-0148,,2-2361,Härjedalen (S),2-23,Jämtlands län (S)
M525282,D534934,Varg,Skyddsjakt,,2020.12.21,Nej,,Vuxen,Ja,Nej,Hane,1,1,SVA,"40,00","0,00",,Nej,Nej,2020.12.21,Laboratorium,Dokumenterad,Skinn 0007B34D94,Lahdenpää,7445385,850238,7443421,1815380,RT90,Mycket bra,UI413877 G157-19 +,V2021-0762,,2-2521,Pajala (S),2-25,Norrbottens län (S)
M525283,D534944,Varg,Skyddsjakt,,2020.12.21,Nej,13:30,Vuxen,Ja,Nej,Hona,Vuxen,1,SVA,"29,30","0,00",,Ja,Nej,2020.12.21,Laboratorium,Dokumenterad,,Fonnfjället,6875522,405732,6879079,1363528,RT90,Exakt,UI413754 G117-19 +,V2020-3836,,2-2039,Älvdalen (S),2-20,Dalarnas län (S)
M525290,D534991,Varg,Skyddsjakt,,2020.12.23,Nej,11:26,Vuxen,Ja,Nej,Hane,,1,SVA,"52,00","0,00",,Ja,Ja,2020.12.23,Laboratorium,Dokumenterad,,Gullträsk,7358019,772814,7357052,1736820,RT90,Exakt,UI414767 G85-20 +,V2021-0763,,2-2582,Boden (S),2-25,Norrbottens län (S)
M525289,D534990,Varg,Skyddsjakt,,2020.12.24,Nej,13:54,Vuxen,Ja,Nej,Hona,,1,SVA,"33,70","0,00",,Ja,Ja,2020.12.24,Laboratorium,Dokumenterad,,Håkansvallen,6910058,457065,6912990,1415313,RT90,Mindre bra,UI415276 G110-20 +,V2021-0150,,2-2361,Härjedalen (S),2-23,Jämtlands län (S)
M525293,D535069,Varg,Skyddsjakt,,2020.12.31,Nej,13:00,Vuxen,Ja,Nej,Hona,,1,SVA,"27,40","0,00",,Nej,Ja,2020.12.31,Laboratorium,Dokumenterad,,Björkboda Marnäs,6743544,536401,6745435,1492615,RT90,Mycket bra,UI414067 G5-20 +,V2021-0003,,2-2080,Falun (S),2-20,Dalarnas län (S)
M525298,D535076,Varg,Jakt - Kula,,2021.01.01,Nej,,Unge,Nej,Nej,Hona,8 mnd,,,"23,00","0,00",,Nej,Ja,2021.01.01,Laboratorium,Dokumenterad,Kropp 578098100656560,Sjøliseterberget,6739441,339907,6743745,1295988,WGS84-UTM Zon 33,Mindre bra,UI415297 G48-21 V946 +,,,1-3418,Åsnes (N),1-34,Innlandet (N)
M525299,D535077,Varg,Jakt - Kula,,2021.01.01,Nej,15:45,Vuxen,Nej,Nej,Hona,Ad,7,NINA,"40,40","0,00",,Ja,Ja,2021.01.01,Laboratorium,Dokumenterad,Kropp 578098100676596,Glorviksætrene,6738587,337450,6742921,1293519,WGS84-UTM Zon 33,Mindre bra,UI405196 G204-13 V569 +,,,1-3418,Åsnes (N),1-34,Innlandet (N)
M525300,D535078,Varg,Jakt - Kula,,2021.01.01,Nej,14:20,Vuxen,Nej,Nej,Hane,Ad,7,NINA,"46,70","0,00",,Ja,Ja,2021.01.01,Laboratorium,Dokumenterad,Kropp 578098100676590,Svartåstjernet,6737470,338892,6741786,1294948,WGS84-UTM Zon 33,Mindre bra,UI404938 G18-15 V555 +,,,1-3418,Åsnes (N),1-34,Innlandet (N)
M525303,D535090,Varg,Jakt - Kula,,2021.01.01,Nej,12:00,Vuxen,Nej,Nej,Hona,,3,NINA,"31,20","0,00",,Ja,Ja,2021.01.01,Laboratorium,Dokumenterad,Kropp 578098100341357,,6643563,295490,6648358,1250373,WGS84-UTM Zon 32,Mindre bra,UI414484 G21-21 V910 +,,,1-3026,Aurskog-Høland (N),1-30,Viken (N)
M525308,D535096,Varg,Jakt - Kula,,2021.01.01,Nej,13:40,Unge,Nej,Nej,Hona,0,,,"31,00","0,00",,Ja,Ja,2021.01.01,Laboratorium,Dokumenterad,Kropp 578098100342570,Slordammen,6644288,294596,6649095,1249486,WGS84-UTM Zon 32,Mindre bra,UI415300 G51-21 V949 +,,,1-3026,Aurskog-Høland (N),1-30,Viken (N)
M525306,D535094,Varg,Jakt - Kula,,2021.01.02,Nej,13:23,Unge,Nej,Nej,Hane,0,,,"31,70","0,00",,Ja,Ja,2021.01.02,Laboratorium,Dokumenterad,Kropp 578098100652393,Haraldsåsen / Vestberget,6738261,341355,6742547,1297422,WGS84-UTM Zon 33,Mindre bra,UI414727 G28-21 V918 +,,,1-3418,Åsnes (N),1-34,Innlandet (N)
M525307,D535095,Varg,Jakt - Kula,,2021.01.02,Nej,13:30,Unge,Nej,Nej,Hona,0,,,"28,00","0,00",,Ja,Ja,2021.01.02,Laboratorium,Dokumenterad,Kropp 578098100653050,Haraldsåsen ,6738297,341136,6742586,1297204,WGS84-UTM Zon 33,Mindre bra,UI414481 G18-21 V905 +,,,1-3418,Åsnes (N),1-34,Innlandet (N)
M525309,D535097,Varg,Jakt - Kula,,2021.01.02,Nej,13:40,Unge,Nej,Nej,Hane,0,,,"31,60","0,00",,Ja,Ja,2021.01.02,Laboratorium,Dokumenterad,Kropp 578098100652888,Haraldsåsen,6739040,340440,6743338,1296516,WGS84-UTM Zon 33,Mindre bra,UI415298 G49-21 V947 +,,,1-3418,Åsnes (N),1-34,Innlandet (N)
M525310,D535098,Varg,Jakt - Kula,,2021.01.02,Nej,13:20,Vuxen,Nej,Nej,Hane,,5,NINA,"44,00","0,00",,Ja,Ja,2021.01.02,Laboratorium,Dokumenterad,Kropp 578098100656179,Tunnsjøbotn,6642860,297318,6647632,1252192,WGS84-UTM Zon 32,Mindre bra,UI405700 G35-16 V679 +,,,1-3026,Aurskog-Høland (N),1-30,Viken (N)
M525301,D535085,Varg,Licensjakt,,2021.01.02,Nej,10:50,Vuxen,Ja,Nej,Hane,,3,SVA,"40,00","0,00",,Nej,Ja,2021.01.02,Laboratorium,Dokumenterad,00072EFA56,Flakmossen,6596846,543088,6598609,1497513,SWEREF99 TM,Mindre bra,UI412783 G45-19 +,V2021-0090,,2-1984,Arboga (S),2-19,Västmanlands län (S)
M525302,D535086,Varg,Licensjakt,,2021.01.02,Nej,12:25,Vuxen,Ja,Nej,Hane,,1,SVA,"38,00","0,00",00072EB19D,Nej,Ja,2021.01.02,Laboratorium,Dokumenterad,,Vidaln,6599677,531154,6601586,1485609,SWEREF99 TM,Mindre bra,UI413864 G142-19 +,V2021-0091,,2-1885,Lindesberg (S),2-18,Örebro län (S)
M525304,D535092,Varg,Licensjakt,,2021.01.02,Nej,11:26,Unge,Ja,Nej,Hona,1,0,SVA,"32,20","0,00",,Nej,Ja,2021.01.02,Laboratorium,Dokumenterad,Skinn 00072ECB8F,Murån,6756073,603796,6757138,1560183,SWEREF99 TM,Mycket bra,UI415228 G95-20 +,V2021-0163,2020XGV001,2-2180,Gävle (S),2-21,Gävleborgs län (S)
M525305,D535093,Varg,Licensjakt,,2021.01.02,Nej,11:00,Vuxen,Ja,Nej,Hane,6-7,5,SVA,"54,20","0,00",,Nej,Ja,2021.01.02,Laboratorium,Dokumenterad,Skinn 00072ED7FC,"Tolvörsberget, Tolvören",6756366,600795,6757468,1557185,SWEREF99 TM,Mycket bra,UI405170 G104-15 +,V2021-0182,2020XGV002,2-2101,Ockelbo (S),2-21,Gävleborgs län (S)
M525329,D535136,Varg,Jakt - Kula,,2021.01.03,Nej,11:30,Unge,Nej,Nej,Hona,0,,,"26,80","0,00",,Ja,Ja,2021.01.03,Laboratorium,Dokumenterad,Kropp 578098100652916,Eriksmyra,6736628,341714,6740909,1297762,WGS84-UTM Zon 33,Mindre bra,UI414482 G19-21 V906 +,,,1-3418,Åsnes (N),1-34,Innlandet (N)
M525319,D535110,Varg,Licensjakt,,2021.01.03,Nej,11:25,Vuxen,Ja,Nej,Hane,vuxen,4,SVA,"54,80","0,00",,Nej,Nej,2021.01.03,Laboratorium,Dokumenterad,Skinn 00072ef9c7,Söndagsberget,6819667,545187,6821473,1502343,SWEREF99 TM,Mycket bra,UI406165 G176-16 +,V2021-0189,,2-2121,Ovanåker (S),2-21,Gävleborgs län (S)
M525320,D535111,Varg,Licensjakt,,2021.01.03,Nej,11:40,Unge,Nej,Nej,Hane,,,,"37,50","0,00",,Nej,Nej,2021.01.03,Laboratorium,Dokumenterad,,Söndagsberget,6821694,545449,6823497,1502630,SWEREF99 TM,Exakt,UI414715 G72-20 +,V2021-0205,,2-2121,Ovanåker (S),2-21,Gävleborgs län (S)
M525321,D535112,Varg,Licensjakt,,2021.01.03,Nej,13:15,Unge,Ja,Nej,Hane,,0,SVA,"37,00","0,00",,Nej,Nej,2021.01.03,Laboratorium,Dokumenterad,Skinn 00072ee209,Söndagsberget,6822031,545187,6823838,1502372,SWEREF99 TM,Mycket bra,UI415229 G96-20 +,V2021-0206,,2-2121,Ovanåker (S),2-21,Gävleborgs län (S)
M525322,D535113,Varg,Licensjakt,,2021.01.03,Nej,11:58,Unge,Nej,Nej,Hane,,,,"41,50","0,00",,Nej,Ja,2021.01.03,Laboratorium,Dokumenterad,Skinn 00072ECADF,Söndagsberget,6819331,544877,6821141,1502028,SWEREF99 TM,Mycket bra,UI415231 G98-20 +,V2021-0187,,2-2121,Ovanåker (S),2-21,Gävleborgs län (S)
M525323,D535114,Varg,Licensjakt,,2021.01.03,Nej,11:20,Unge,Ja,Nej,Hona,,0,SVA,"29,70","0,00",,Nej,Ja,2021.01.03,Laboratorium,Dokumenterad,Skinn 00072EF6EF,Söndagsberget,6819225,545960,6821021,1503110,SWEREF99 TM,Mycket bra,UI415282 G111-20 +,V2021-0190,,2-2121,Ovanåker (S),2-21,Gävleborgs län (S)
M525324,D535119,Varg,Licensjakt,,2021.01.03,Nej,12:10,Vuxen,Ja,Nej,Hona,,1,SVA,"32,80","0,00",,Nej,Ja,2021.01.03,Laboratorium,Dokumenterad,Skinn 00072EC190,Grytberget,6823682,539650,6825558,1496854,SWEREF99 TM,Mycket bra,UI413949 G206-19 +,V2021-0188,,2-2121,Ovanåker (S),2-21,Gävleborgs län (S)
M525325,D535121,Varg,Licensjakt,,2021.01.03,Nej,11:15,Unge,Ja,Nej,Hane,,0,SVA,"36,30","0,00",,Nej,Ja,2021.01.03,Laboratorium,Dokumenterad,Skinn 00078F0B1B,Murån,6755431,603793,6756496,1560172,SWEREF99 TM,Mycket bra,UI415227 G94-20 +,V2021-0165,,2-2180,Gävle (S),2-21,Gävleborgs län (S)
M525333,D535154,Varg,Licensjakt,,2021.01.04,Nej,12:50,Vuxen,Ja,Nej,Hona,2-4,2,SVA,"24,40","0,00",,Nej,Ja,2021.01.04,Laboratorium,Dokumenterad,Skinn 00072EFB82,"Häbberg, Mobyhed",6760810,592855,6762011,1549298,SWEREF99 TM,Mycket bra,UI413952 G209-19 +,V2021-0184,2021XGV003,2-2101,Ockelbo (S),2-21,Gävleborgs län (S)
M525338,D535193,Varg,Licensjakt,,2021.01.05,Nej,13:45,Unge,Ja,Nej,Hane,1,0,SVA,"36,20","0,00",,Nej,Ja,2021.01.05,Laboratorium,Dokumenterad,Skinn 00072EF0BE,Lillberget,6827904,563555,6829485,1520818,SWEREF99 TM,Mycket bra,UI414734 G77-20 +,V2021-0204,,2-2183,Bollnäs (S),2-21,Gävleborgs län (S)
M525339,D535195,Varg,Licensjakt,,2021.01.05,Nej,10:57,Unge,Ja,Nej,Hane,1,0,SVA,"35,90","0,00",,Nej,Ja,2021.01.05,Laboratorium,Dokumenterad,Skinn 0007B55A22,Blacksås,6828643,550659,6830384,1507927,SWEREF99 TM,Mycket bra,UI415342 G72-21 +,V2021-0207,,2-2161,Ljusdal (S),2-21,Gävleborgs län (S)
M525342,D535261,Varg,Jakt - Kula,,2021.01.06,Nej,09:30,Unge,Nej,Nej,Hona,0,,,"20,90","0,00",,Ja,Ja,2021.01.06,Laboratorium,Dokumenterad,Kropp 578098100339054,Eriksmyra,6735687,341667,6739968,1297703,WGS84-UTM Zon 33,Mindre bra,UI414483 G20-21 V907 +,,,1-3418,Åsnes (N),1-34,Innlandet (N)
M525345,D535267,Varg,Jakt - Kula,,2021.01.06,Nej,09:30,Unge,Nej,Nej,Hane,0,,,"23,60","0,00",,Ja,Ja,2021.01.06,Laboratorium,Dokumenterad,Kropp 578098100346485,Olderbekken,6733035,341989,6737310,1297992,WGS84-UTM Zon 33,Mindre bra,UI414769 G31-21 V923 +,,,1-3418,Åsnes (N),1-34,Innlandet (N)
M525343,D535265,Varg,Licensjakt,,2021.01.06,Nej,10:30,Vuxen,Ja,Nej,Hona,,5,SVA,"36,10","0,00",,Nej,Ja,2021.01.06,Laboratorium,Dokumenterad,Skinn 00072BB8CD,Andersvalleb,6825114,555331,6826796,1512557,SWEREF99 TM,Mycket bra,UI406427 G87-17 +,V2021-0208,,2-2161,Ljusdal (S),2-21,Gävleborgs län (S)
M525344,D535266,Varg,Licensjakt,,2021.01.06,Nej,14:20,Unge,Nej,Nej,Hona,,,,"0,00","0,00",,Nej,Ja,2021.01.06,Laboratorium,Dokumenterad,,Prästvallen,6828329,556061,6830003,1513327,SWEREF99 TM,Mycket bra,UI415247 G91-20 +,V2021-0162,,2-2161,Ljusdal (S),2-21,Gävleborgs län (S)
M525353,D535310,Varg,Jakt - Kula,,2021.01.07,Nej,13:05,Unge,Nej,Nej,Hona,0,,,"27,50","0,00",,Ja,Ja,2021.01.07,Laboratorium,Dokumenterad,Kropp 578098100343698,Molberget,6741377,345224,6745617,1301332,WGS84-UTM Zon 33,Mindre bra,UI415299 G50-21 V948 +,,,1-3418,Åsnes (N),1-34,Innlandet (N)
M525357,D535385,Varg,Licensjakt,,2021.01.08,Nej,13:30,Unge,Nej,Nej,Hane,1,,,"26,90","0,00",,Nej,Ja,2021.01.08,Laboratorium,Dokumenterad,Skinn 00072ECF43,Ryssjön,6742968,609637,6743958,1565864,SWEREF99 TM,Mycket bra,UI415329 G61-21 +,V2021-0183,2021XGV004,2-2180,Gävle (S),2-21,Gävleborgs län (S)
M525362,D535424,Varg,Jakt - Kula,,2021.01.09,Nej,15:14,Unge,Nej,Nej,Hane,0,,,"31,20","0,00",,Ja,Ja,2021.01.09,Laboratorium,Dokumenterad,Kropp 578098100338827,Stormyra,6740612,341049,6744903,1297145,WGS84-UTM Zon 33,Mindre bra,UI414770 G32-21 V924 +,,,1-3418,Åsnes (N),1-34,Innlandet (N)
M525363,D535466,Varg,Licensjakt,,2021.01.10,Nej,14:00,Unge,Ja,Nej,Hona,,0,SVA,"30,00","0,00",,Ja,Ja,2021.01.10,Laboratorium,Dokumenterad,Skinn 00078EFC2D,bysjön,6576253,349516,6580354,1303610,RT90,Exakt,UI415246 G89-20 +,V2021-0103,,2-1765,Årjäng (S),2-17,Värmlands län (S)
M525388,D535687,Varg,Jakt - Kula,,2021.01.12,Nej,11:25,Unge,Nej,Nej,Hona,0,,,"20,60","0,00",,Ja,Ja,2021.01.12,Laboratorium,Dokumenterad,Kropp 578098100656243,,6635248,294279,6640053,1249059,WGS84-UTM Zon 32,Mindre bra,UI415301 G52-21 V950 +,,,1-3026,Aurskog-Høland (N),1-30,Viken (N)
M525365,D535544,Varg,Licensjakt,,2021.01.12,Nej,14:55,Vuxen,Ja,Nej,Hona,6-7 ,6,SVA,"0,00","37,60",,Nej,Ja,2021.01.12,Laboratorium,Dokumenterad,Skinn 00073B35F9,"Sockenhällarna, Hagsta",6752951,609373,6753947,1565723,SWEREF99 TM,Mycket bra,UI405787 G88-16 +,V2021-0185,2021XGV005,2-2180,Gävle (S),2-21,Gävleborgs län (S)
M525367,D535595,Varg,Licensjakt,,2021.01.13,Nej,14:50,Unge,Nej,Nej,Hane,,,,"37,00","0,00",,Ja,Ja,2021.01.13,Laboratorium,Dokumenterad,Skinn 0007B591E9,,6584311,371753,6588147,1325956,RT90,Mycket bra,UI415326 G60-21 +,V2021-0101,,2-1784,Arvika (S),2-17,Värmlands län (S)
M525368,D535597,Varg,Licensjakt,,2021.01.13,Nej,16:20,Vuxen,Ja,Nej,Hane,,2,SVA,"50,00","0,00",,Ja,Ja,2021.01.13,Laboratorium,Dokumenterad,Skinn 0007B54C8A,Stora Bör,6579258,363172,6583195,1317310,RT90,Mycket bra,UI412823 G52-19 +,V2021-0102,,2-1765,Årjäng (S),2-17,Värmlands län (S)
M525378,D535629,Varg,Licensjakt,,2021.01.14,Nej,11:30,Vuxen,Ja,Nej,Hane,,1,SVA,"48,00","0,00",,Ja,Ja,2021.01.14,Laboratorium,Dokumenterad,Skinn 00072B5A22,,6597184,538965,6598997,1493393,RT90,Mindre bra,UI413865 G143-19 +,V2021-0193,,2-1885,Lindesberg (S),2-18,Örebro län (S)
M525386,D535685,Varg,Licensjakt,,2021.01.15,Nej,10:40,Unge,Ja,Nej,Hane,,0,SVA,"35,50","0,00",,Ja,Ja,2021.01.15,Laboratorium,Dokumenterad,,,6597105,534748,6598969,1489173,RT90,Mindre bra,UI415341 G71-21 +,V2021-0194,,2-1885,Lindesberg (S),2-18,Örebro län (S)
M525389,D535695,Varg,Skyddsjakt,,2021.01.15,Nej,15:00,Osäker,Nej,Nej,Hane,,,,"42,50","0,00",,Ja,Ja,2021.01.15,Laboratorium,Dokumenterad,Kropp 578098100344374,Fjelltjørnryggen,6828555,-31004,6837510,925912,WGS84-UTM Zon 32,Mindre bra,UI408673 G317-17 V821 +,,,1-4637,Hyllestad (N),1-46,Vestland (N)
M525397,D535770,Varg,Licensjakt,,2021.01.16,Nej,14:30,Unge,Nej,Nej,Hona,,,,"36,00","0,00",,Ja,Ja,2021.01.16,Laboratorium,Dokumenterad,Skinn 0007756609,,6582246,354957,6586284,1309127,RT90,Mindre bra,UI414750 G74-20 +,V2021-0433,,2-1765,Årjäng (S),2-17,Värmlands län (S)
M525413,D536218,Varg,Licensjakt,,2021.01.20,Nej,,Vuxen,Ja,Nej,Hona,,1,SVA,"0,00","0,00",,Nej,Ja,2021.01.20,Laboratorium,Dokumenterad,00072B9E32,,6599677,531154,6601586,1485609,SWEREF99 TM,Exakt,UI408919 G59-18 +,V2021-0192,,2-1885,Lindesberg (S),2-18,Örebro län (S)
M525416,D536344,Varg,Licensjakt,,2021.01.21,Nej,15:00,Unge,Nej,Nej,Hane,,,,"28,00","0,00",,Ja,Ja,2021.01.21,Laboratorium,Dokumenterad,Skinn 0007B56F65,FInntorp,6587496,357695,6591504,1311930,RT90,Mycket bra,UI415358 G89-21 +,V2021-0434,,2-1765,Årjäng (S),2-17,Värmlands län (S)
M525426,D536420,Varg,Jakt - Kula,,2021.01.22,Nej,15:06,Vuxen,Nej,Nej,Hane,0,1,NINA,"37,50","0,00",,Ja,Ja,2021.01.22,Laboratorium,Dokumenterad,Kropp 578098100676035,Hauketjern,6655174,301564,6659902,1256591,WGS84-UTM Zon 32,Mindre bra,UI413933 G56-20 V865 +,,,1-3026,Aurskog-Høland (N),1-30,Viken (N)
M525429,D536423,Varg,Jakt - Kula,,2021.01.23,Nej,14:48,Vuxen,Nej,Nej,Hona,0,1,NINA,"29,00","0,00",,Ja,Ja,2021.01.22,Laboratorium,Dokumenterad,Kropp 578098100341185,Hudalen,6652394,301239,6657124,1256232,ED50-UTM Zon 32,Mindre bra,UI414047 G253-19 V917 +,,,1-3026,Aurskog-Høland (N),1-30,Viken (N)
M525517,D537272,Varg,Licensjakt,,2021.02.06,Nej,,Unge,Ja,Nej,Hane,,0,SVA,"38,50","0,00",,Ja,Ja,2021.02.11,Laboratorium,Dokumenterad,Skinn 0007B5807A,uppdateras!,6591537,367241,6595431,1321530,RT90,Exakt,UI414712 G69-20 +,V2021-0432,,2-1761,Hammarö (S),2-17,Värmlands län (S)
M525536,D537488,Varg,Skyddsjakt,,2021.02.09,Nej,15:05,Vuxen,Ja,Nej,Hane,8,6,SVA,"47,00","0,00",,Ja,Ja,2021.02.09,Laboratorium,Dokumenterad,"Skinn 0072EABCD, Kranie 11099628",Björksjön,6622672,491010,6625076,1445731,RT90,Mindre bra,UI404834 G156-14 V541 +,V2021-0387,,2-1863,Hällefors (S),2-18,Örebro län (S)
M525598,D538464,Varg,Skyddsjakt,,2021.02.20,Nej,14:10,Vuxen,Ja,Nej,Hona,,1,SVA,"34,00","0,00",,Nej,Ja,2021.02.20,Laboratorium,Dokumenterad,Skinn 00072ED5D2,Håkanbergsvägen ,6811059,565477,6812611,1522532,RT90,Mindre bra,UI412914 G76-19 +,V2021-0529,,2-2121,Ovanåker (S),2-21,Gävleborgs län (S)
M525599,D538465,Varg,Skyddsjakt,,2021.02.20,Nej,14:11,Vuxen,Ja,Nej,Hane,,1,SVA,"44,80","0,00",,Nej,Ja,2021.02.20,Laboratorium,Dokumenterad,Skinn 00073B1AC0,Håkanbergsvägen,6810740,565327,6812294,1522378,RT90,Mindre bra,UI413803 G129-19 +,V2021-0528,,2-2121,Ovanåker (S),2-21,Gävleborgs län (S)
M525728,D539026,Varg,Skyddsjakt,,2021.03.08,Nej,15:26,Vuxen,Ja,Nej,Hane,,1,SVA,"33,20","0,00",,Nej,Ja,2021.03.08,Laboratorium,Dokumenterad,,Nipan,6872314,486227,6874869,1444016,RT90,Mindre bra,UI414026 G250-19 +,V2021-1083,,2-2361,Härjedalen (S),2-23,Jämtlands län (S)
M525785,D539386,Varg,Skyddsjakt,,2021.03.14,Nej,15:39,Unge,Ja,Nej,Hane,,0,SVA,"38,00","0,00",,Ja,Ja,2021.03.14,Laboratorium,Dokumenterad,,Hansflon,6847895,466795,6850682,1424273,RT90,Mindre bra,UI415357 G87-21 +,V2021-1338,,2-2361,Härjedalen (S),2-23,Jämtlands län (S)
M525886,D540582,Varg,Skyddsjakt,,2021.03.24,Nej,17:04,Vuxen,Ja,Nej,Hona,,1,SVA,"34,00","0,00",,Ja,Ja,2021.03.24,Laboratorium,Dokumenterad,,Hortesberget,6920560,493775,6923038,1452167,RT90,Mindre bra,UI414106 G22-20 +,V2021-1337,,2-2260,Ånge (S),2-22,Västernorrlands län (S)
M525912,D541007,Varg,Skyddsjakt,,2021.04.03,Nej,14:00,Vuxen,Ja,Nej,Hane,,1,SVA,"47,00","0,00",,Ja,Nej,2021.04.03,Laboratorium,Dokumenterad,,Ångsjön,7058489,437727,7061723,1397829,RT90,Mycket bra,UI415277 G42-21 V936 +,V2021-1819,,2-2309,Krokom (S),2-23,Jämtlands län (S)
M525910,D540974,Varg,Jakt - Kula,,2021.04.05,Nej,06:30,Vuxen,Nej,Nej,Hona,2,1,NINA,"37,50","0,00",,Ja,Ja,2021.04.05,Laboratorium,Dokumenterad,Kropp 578098100652812,Nordby,6689184,297033,6693987,1252474,WGS84-UTM Zon 32,Mindre bra,UI415496 G117-21 V971 +,,,1-3035,Eidsvoll (N),1-30,Viken (N)
M525911,D540981,Varg,Jakt - Kula,,2021.04.05,Nej,16:06,Vuxen,Nej,Nej,Hane,ung,1,NINA,"37,90","0,00",,Ja,Ja,2021.04.05,Laboratorium,Dokumenterad,Kropp 578098100656914,Fuglåsen,6819408,307002,6824162,1264052,WGS84-UTM Zon 32,Mindre bra,UI415478 G128-21 V965 +,,,1-3424,Rendalen (N),1-34,Innlandet (N)
M525953,D541536,Varg,Jakt - Kula,,2021.04.13,Nej,17:35,Vuxen,Nej,Nej,Hane,"1,5 ",2,NINA,"41,40","0,00",,Ja,Ja,2021.04.13,Laboratorium,Dokumenterad,Kropp 578098100656460,Holmslia,6816742,302660,6821548,1259675,WGS84-UTM Zon 32,Mindre bra,UI414102 G18-20 V963 +,,,1-3424,Rendalen (N),1-34,Innlandet (N)
M525966,D541717,Varg,Skyddsjakt,,2021.04.15,Nej,08:15,Vuxen,Ja,Nej,Hane,0-1,1,SVA,"36,20","0,00",,Nej,Ja,2021.04.15,Laboratorium,Dokumenterad,Skinn 00078EEDCE,Mörtsjön,6759429,594508,6760609,1550934,SWEREF99 TM,Mycket bra,UI414257 G73-21 V896 +,V2021-1603,2021XGV006,2-2101,Ockelbo (S),2-21,Gävleborgs län (S)
M526216,D544378,Varg,Skyddsjakt,,2021.06.27,Nej,21:30,Vuxen,Nej,Nej,Hane,,1,NINA,"29,60","0,00",,Ja,Ja,2021.06.27,Laboratorium,Dokumenterad,Kropp 578098100652335,Tronsheim,6903990,273811,6909204,1231894,WGS84-UTM Zon 32,Mindre bra,UI416657 G203-21 V975 +,,,1-3428,Alvdal (N),1-34,Innlandet (N)
M526283,D544948,Varg,Skyddsjakt,,2021.08.17,Nej,06:50,Vuxen,Nej,Nej,Hane,,,,"45,00","0,00",,Nej,Nej,2021.08.17,Laboratorium,Dokumenterad,Skinn 0007B59B5D,Orust,6449086,295227,6453769,1247759,RT90,Mycket bra,UI415318 G56-21 +,V2021-2820,,2-1421,Orust (S),2-14,Västra Götalands län (S)
M526938,D550070,Varg,Jakt - Kula,,2021.12.01,Nej,10:05,Vuxen,Nej,Nej,Hane,"2,5",1,NINA,"47,50","0,00",,Ja,Ja,2021.12.01,Laboratorium,Dokumenterad,Kropp 578098100676541,Sønstmyra,6809280,301171,6814100,1258092,WGS84-UTM Zon 32,Mycket bra,UI416656 G202-21 V974 +,,,1-3423,Stor-Elvdal (N),1-34,Innlandet (N)
M526947,D550204,Varg,Jakt - Kula,,2021.12.03,Nej,13:40,Vuxen,Nej,Nej,Hane,"1,5",1,NINA,"42,30","0,00",,Ja,Ja,2021.12.03,Laboratorium,Dokumenterad,Kropp 578098100740695,Fjølbutjønna,6824126,297037,6829006,1254140,WGS84-UTM Zon 32,Mycket bra,UI417215 G57-22 V1021 +,,,1-3423,Stor-Elvdal (N),1-34,Innlandet (N)
M526990,D550387,Varg,Jakt - Kula,,2021.12.06,Nej,10:35,Vuxen,Nej,Nej,Hane,,1,NINA,"31,30","0,00",,Ja,Ja,2021.12.06,Laboratorium,Dokumenterad,Kropp 578098100739158,Buvannet,6709658,211604,6715521,1167243,WGS84-UTM Zon 32,Mindre bra,UI415327 G125-21 V959 +,,,1-3039,Flå (N),1-30,Viken (N)
M527013,D550509,Varg,Jakt - Kula,,2021.12.08,Nej,13:30,Vuxen,Nej,Nej,Hona,"1,5 +",1,NINA,"29,20","0,00",,Ja,Ja,2021.12.08,Laboratorium,Dokumenterad,Kropp 578098100656526,Sønnikbua,6817583,313009,6822262,1270040,WGS84-UTM Zon 32,Mindre bra,UI415381 G127-21 V961 +,,,1-3424,Rendalen (N),1-34,Innlandet (N)
M527014,D550510,Varg,Jakt - Kula,,2021.12.08,Nej,15:45,Vuxen,Nej,Nej,Hane,"2,5",1,NINA,"43,20","0,00",,Ja,Ja,2021.12.08,Laboratorium,Dokumenterad,Kropp 578098100657350,Skramslitjønna,6817662,308718,6822393,1265748,WGS84-UTM Zon 32,Mindre bra,UI415508 G130-21 V1016 +,,,1-3424,Rendalen (N),1-34,Innlandet (N)
M527027,D550626,Varg,Jakt - Kula,,2021.12.11,Nej,10:10,Vuxen,Nej,Nej,Hona,5+,3,NINA,"31,20","0,00",,Ja,Ja,2021.12.11,Laboratorium,Dokumenterad,Kropp 578098100676058,Søndre Raudfjellet,6823160,327033,6827668,1284141,WGS84-UTM Zon 32,Mindre bra,UI413385 G136-19 V842 +,,,1-3424,Rendalen (N),1-34,Innlandet (N)
M527028,D550627,Varg,Jakt - Kula,,2021.12.11,Nej,10:30,Vuxen,Nej,Nej,Hane,4+,3,NINA,"48,10","0,00",,Ja,Ja,2021.12.11,Laboratorium,Dokumenterad,Kropp 578098100676244,Storåstjønna,6822318,324902,6826852,1281998,WGS84-UTM Zon 32,Mindre bra,UI412866 G60-19 V863 +,,,1-3424,Rendalen (N),1-34,Innlandet (N)
M527029,D550632,Varg,Jakt - Kula,,2021.12.11,Nej,12:45,Vuxen,Nej,Nej,Hona,"1,5",,,"33,60","0,00",,Ja,Ja,2021.12.11,Laboratorium,Dokumenterad,Kropp 578098100676079,Kivfjellsalen,6859666,284043,6864728,1241579,ED50-UTM Zon 32,Mindre bra,UI415386 G92-21 V996 +,,,1-3424,Rendalen (N),1-34,Innlandet (N)
M527034,D550880,Varg,Skyddsjakt,,2021.12.15,Nej,12:50,Vuxen,Ja,Nej,Hane,,1,SVA,"45,00","0,00",,Ja,Nej,2021.12.15,Laboratorium,Dokumenterad,,Amsen,6858244,471995,6860970,1429604,SWEREF99 TM,Exakt,UI414725 G26-21 V915 +,V2022-0174,,2-2361,Härjedalen (S),2-23,Jämtlands län (S)
M527055,D551461,Varg,Licensjakt,,2022.01.02,Nej,14:12,Vuxen,Ja,Nej,Hane,4,4,SVA,"47,50","0,00",,Ja,Ja,2022.01.02,Laboratorium,Dokumenterad,"Skinn 0007FC6BDA, Kranie 11099239",,6634479,526832,6636452,1481709,SWEREF99 TM,Mindre bra,UI408584 G264-17 +,V2022-0025,,2-1904,Skinnskatteberg (S),2-19,Västmanlands län (S)
M527056,D551462,Varg,Licensjakt,,2022.01.02,Nej,14:20,Unge,Nej,Ja,Hona,,,,"26,50","0,00",,Ja,Ja,2022.01.02,Laboratorium,Dokumenterad,Skinn 0007FC7C20,Billsjön,6645244,538250,6647081,1493262,SWEREF99 TM,Exakt,UI417075 G158-21 +,V2022-0028,,2-1982,Fagersta (S),2-19,Västmanlands län (S)
M527057,D551463,Varg,Licensjakt,,2022.01.02,Nej,14:57,Vuxen,Ja,Nej,Hona,4,5,SVA,"32,00","0,00",,Ja,Ja,2022.01.02,Laboratorium,Dokumenterad,"Skinn 0007FC6ADC, Kranie 11099877",Holmsjön,6632933,527539,6634897,1482397,SWEREF99 TM,Mindre bra,UI408575 G259-17 +,V2022-0024,,2-1904,Skinnskatteberg (S),2-19,Västmanlands län (S)
M527058,D551467,Varg,Licensjakt,,2022.01.02,Nej,14:38,Unge,Nej,Nej,Hona,1,,,"26,10","0,00",,Ja,Ja,2022.01.02,Laboratorium,Dokumenterad,"Skinn 00072EF152, Kranie 0007A7C74A",Laxbäcken,6730012,574515,6731430,1530574,SWEREF99 TM,Mycket bra,UI417130 G189-21 +,V2022-0043,,2-2181,Sandviken (S),2-21,Gävleborgs län (S)
M527060,D551496,Varg,Licensjakt,,2022.01.03,Nej,11:40,Vuxen,Ja,Nej,Hane,4,4,SVA,"37,20","0,00",,Ja,Ja,2022.01.03,Laboratorium,Dokumenterad,"Skinn 0007FC6DEF, Kranie 11099016",Rovsveden,6651660,525589,6653653,1480675,WGS 84 (Lat/Long),Mindre bra,UI414029 G238-19 +,V2022-0030,,2-2061,Smedjebacken (S),2-20,Dalarnas län (S)
M527061,D551502,Varg,Licensjakt,,2022.01.03,Nej,14:30,Vuxen,Ja,Nej,Hona,2,1,SVA,"32,60","0,00",,Ja,Ja,2022.01.03,Laboratorium,Dokumenterad,Skinn 0007FC6CA3,,6642494,539000,6644321,1493979,SWEREF99 TM,Mindre bra,UI414752 G76-20 +,V2022-0032,,2-1904,Skinnskatteberg (S),2-19,Västmanlands län (S)
M527067,D551571,Varg,Licensjakt,,2022.01.04,Nej,13:25,Vuxen,Ja,Nej,Hona,3-5,2,SVA,"32,00","0,00",,Ja,Ja,2022.01.04,Laboratorium,Dokumenterad,"Skinn 00072EE729, Kranie 11099665",Gäddtjärn,6724242,570681,6725706,1526668,RT90,Mycket bra,UI414050 G257-19 +,V2022-0044,,2-2181,Sandviken (S),2-21,Gävleborgs län (S)
M527070,D551605,Varg,Licensjakt,,2022.01.05,Nej,09:50,Vuxen,Ja,Nej,Hona,4,4,SVA,"34,00","0,00",,Ja,Ja,2022.01.05,Laboratorium,Dokumenterad,"Skinn 00078ED48D, Kranie 11099286",Saxheden,6657486,516367,6659594,1471521,SWEREF99 TM,Mindre bra,UI408732 G9-18 +,V2022-0029,SH06,2-2061,Smedjebacken (S),2-20,Dalarnas län (S)
M527071,D551610,Varg,Licensjakt,,2022.01.05,Nej,10:30,Vuxen,Ja,Nej,Hane,2,2,SVA,"41,00","0,00",,Ja,Ja,2022.01.05,Laboratorium,Dokumenterad,"Skinn 0007C68F3C, Kranie 11099565",,6655693,516091,6657804,1471223,SWEREF99 TM,Mindre bra,UI413904 G175-19 +,V2022-0026,,2-2061,Smedjebacken (S),2-20,Dalarnas län (S)
M527072,D551611,Varg,Licensjakt,,2022.01.05,Nej,12:15,Unge,Nej,Nej,Hona,,,,"27,10","0,00",,Ja,Ja,2022.01.05,Laboratorium,Dokumenterad,"Skinn 0007FC6B60, Kranie 0007A7FA90",,6654860,513155,6657006,1468276,SWEREF99 TM,Mindre bra,UI417074 G156-21 +,V2022-0031,SH09,2-2061,Smedjebacken (S),2-20,Dalarnas län (S)
M527073,D551617,Varg,Licensjakt,,2022.01.05,Nej,10:00,Unge,Nej,Nej,Hane,,,,"29,00","0,00",,Ja,Ja,2022.01.05,Laboratorium,Dokumenterad,"Skinn 0007FC6EE1, Kranie 11099226",,6656882,516524,6658988,1471671,SWEREF99 TM,Mindre bra,UI417072 G154-21 +,V2022-0027,SH07,2-2061,Smedjebacken (S),2-20,Dalarnas län (S)
M527074,D551618,Varg,Licensjakt,,2022.01.05,Nej,13:05,Vuxen,Ja,Nej,Hona,3-4,2,SVA,"37,50","0,00",,Ja,Ja,2022.01.05,Laboratorium,Dokumenterad,"Skinn 0007B5546A, Kranie 11099890",Storfors,6594704,467686,6597381,1422058,RT90,Mycket bra,UI413723 G111-19 +,V2022-0100,,2-1760,Storfors (S),2-17,Värmlands län (S)
M527075,D551634,Varg,Licensjakt,,2022.01.05,Nej,14:30,Vuxen,Ja,Nej,Hona,4-7,4,SVA,"31,00","0,00",,Ja,Ja,2022.01.05,Laboratorium,Dokumenterad,"Skinn 0007B54FB0, Kranie 11099571",Gramre fäbodar,6744365,590886,6745586,1547126,SWEREF99 TM,Mycket bra,UI407505 G136-17 +,V2022-0042,,2-2101,Ockelbo (S),2-21,Gävleborgs län (S)
M527081,D551669,Varg,Licensjakt,,2022.01.06,Nej,10:40,Unge,Ja,Nej,Hane,,0,SVA,"38,20","0,00",,Ja,Ja,2022.01.06,Laboratorium,Dokumenterad,"Skinn 0007FC6CF4, Kranie 11099724",,6657166,524141,6659179,1479294,SWEREF99 TM,Mindre bra,UI417146 G179-21 +,V2022-0097,SH10,2-2061,Smedjebacken (S),2-20,Dalarnas län (S)
M527082,D551671,Varg,Licensjakt,,2022.01.06,Nej,,Unge,Ja,Nej,Hane,,0,SVA,"32,20","0,00",,Ja,Ja,2022.01.06,Laboratorium,Dokumenterad,"Skinn 0007B343A8, Kranie 11099434",,6633791,526327,6635770,1481195,SWEREF99 TM,Mindre bra,UI417281 G18-22 +,V2022-0096,SH11,2-1904,Skinnskatteberg (S),2-19,Västmanlands län (S)
M527083,D551672,Varg,Licensjakt,,2022.01.06,Nej,13:30,Unge,Nej,Nej,Hona,,,,"26,00","0,00",,Ja,Ja,2022.01.06,Laboratorium,Dokumenterad,"Skinn 0007B5829B, Kranie 0007A7F6F9",Storfors,6598673,467162,6601358,1421582,RT90,Mindre bra,UI417066 G152-21 +,V2022-0098,,2-1760,Storfors (S),2-17,Värmlands län (S)
M527089,D551709,Varg,Licensjakt,,2022.01.07,Nej,14:45,Unge,Nej,Nej,Hane,,,,"33,20","0,00",,Ja,Ja,2022.01.07,Laboratorium,Dokumenterad,"Skinn 0007FC7059, Kranie 11099754",Åtjärnen,6631218,513884,6633347,1468717,SWEREF99 TM,Mindre bra,UI417178 G221-21 +,V2022-0095,SH12,2-1885,Lindesberg (S),2-18,Örebro län (S)
M527092,D551731,Varg,Licensjakt,,2022.01.08,Nej,10:45,Unge,Nej,Nej,Hona,,,,"26,00","0,00",,Ja,Ja,2022.01.08,Laboratorium,Dokumenterad,"Skinn 0007B58348, Kranie 0007A82A42",Storfors,6600025,466557,6602718,1420993,RT90,Mycket bra,UI417161 G195-21 +,V2022-0101,,2-1760,Storfors (S),2-17,Värmlands län (S)
M527094,D551733,Varg,Licensjakt,,2022.01.08,Nej,13:50,Vuxen,Nej,Nej,Hona,2,,,"28,00","0,00",,Ja,Ja,2022.01.08,Laboratorium,Dokumenterad,"Skinn 7FC6A4F, Kranie 11099849",Svarttjärn,6606623,316621,6611140,1271066,RT90,Mindre bra,UI417128 G187-21 V1006 +,V2022-0099,,2-1765,Årjäng (S),2-17,Värmlands län (S)
M527116,D551847,Varg,Licensjakt,,2022.01.10,Nej,12:56,Vuxen,Ja,Nej,Hona,2,4,SVA,"29,60","0,00",,Nej,Nej,2022.01.10,Laboratorium,Dokumenterad,"Skinn 00072EC7F5, Kranie 11099719",Morvallsbyn,6867255,539311,6869148,1497055,SWEREF99 TM,Mindre bra,UI412586 G14-19 +,V2022-0115,,2-2161,Ljusdal (S),2-21,Gävleborgs län (S)
M527118,D551866,Varg,Licensjakt,,2022.01.10,Nej,13:59,Unge,Nej,Ja,Hona,1,,,"22,00","0,00",,Ja,Ja,2022.01.10,Laboratorium,Dokumenterad,"Skinn 0007B35E7E, Kranie 0007A82107",Morvallstjärn,6867598,540516,6869476,1498265,SWEREF99 TM,Mindre bra,UI417169 G230-21 +,V2022-0113,,2-2161,Ljusdal (S),2-21,Gävleborgs län (S)
M527120,D551867,Varg,Licensjakt,,2022.01.10,Nej,18:45,Unge,Nej,Ja,Hane,1,,,"28,00","0,00",,Nej,Nej,2022.01.10,Laboratorium,Dokumenterad,"Skinn 00072EED5A, Kranie 11099503",Morvallsbyn,6867370,539923,6869256,1497669,SWEREF99 TM,Mycket bra,UI417288 G25-22 +,V2022-0116,,2-2161,Ljusdal (S),2-21,Gävleborgs län (S)
M527124,D551896,Varg,Licensjakt,,2022.01.11,Nej,12:10,Vuxen,Ja,Nej,Hona,2,1,SVA,"29,50","0,00",,Ja,Ja,2022.01.11,Laboratorium,Dokumenterad,"Skinn 7Fc7D9A, Kranie 11009546",,6608294,321033,6612758,1275501,RT90,Mycket bra,UI417291 G17-22 V1030 +,V2022-0102,,2-1765,Årjäng (S),2-17,Värmlands län (S)
M527129,D552106,Varg,Licensjakt,,2022.01.13,Nej,11:38,Vuxen,Ja,Nej,Hane,2,1,SVA,"45,10","0,00",,Ja,Ja,2022.01.13,Laboratorium,Dokumenterad,"Skinn 0007B57DAA, Kranie 11098961",Kölströmmen,6865496,533281,6867464,1491001,SWEREF99 TM,Mycket bra,UI415359 G90-21 +,V2022-0114,,2-2161,Ljusdal (S),2-21,Gävleborgs län (S)
M527131,D552154,Varg,Licensjakt,,2022.01.14,Nej,10:54,Unge,Nej,Nej,Hane,valp,,,"27,60","0,00",,Ja,Ja,2022.01.14,Laboratorium,Dokumenterad,"Skinn 00072EC231, Kranie 11099219",Rävbäcken,6871947,539180,6873843,1496982,SWEREF99 TM,Mycket bra,UI417043 G145-21 +,V2022-0117,,2-2161,Ljusdal (S),2-21,Gävleborgs län (S)
M527153,D552290,Varg,Licensjakt,,2022.01.20,Nej,13:00,Vuxen,Ja,Nej,Hane,3-4,1,SVA,"40,00","0,00",,Ja,Ja,2022.01.20,Laboratorium,Dokumenterad,"Skinn 00073B1258, Kranie 11099727","Loka, Orrmossen",6608876,469428,6611537,1423973,SWEREF99 TM,Mindre bra,UI417198 G241-21 +,V2022-0345,,2-1863,Hällefors (S),2-18,Örebro län (S)
M527177,D552671,Varg,Licensjakt,,2022.01.30,Nej,16:00,Unge,Nej,Ja,Hane,1,,,"23,00","0,00",,Ja,Ja,2022.01.30,Laboratorium,Dokumenterad,"Skinn 0007B59495, Kranie 0007A7F2C6",Grytingen,6596906,465499,6599610,1419897,SWEREF99 TM,Mycket bra,UI417306 G43-22 +,V2022-0346,,2-1760,Storfors (S),2-17,Värmlands län (S)
M527228,D553066,Varg,Licensjakt,,2022.02.04,Nej,11:50,Vuxen,Ja,Nej,Hona,3-4,1,SVA,"36,00","0,00",,Nej,Ja,2022.02.04,Laboratorium,Dokumenterad,00073B4838,storfors,6598442,468555,6601110,1422973,SWEREF99 TM,Mindre bra,UI417338 G80-22 +,V2022-0344,,2-1760,Storfors (S),2-17,Värmlands län (S)
M527229,D553083,Varg,Skyddsjakt,,2022.02.04,Nej,13:40,Vuxen,Ja,Nej,Hane,,1,SVA,"23,70","0,00",,Nej,Ja,2022.02.04,Laboratorium,Dokumenterad,"Skinn 00072EF483, Kranie 11099221",Kilbokölen,6848118,546996,6849910,1504505,SWEREF99 TM,Mycket bra,UI417047 G149-21 +,V2022-0725,,2-2161,Ljusdal (S),2-21,Gävleborgs län (S)
M527275,D553413,Varg,Jakt - Kula,,2022.02.12,Nej,13:40,Unge,Nej,Nej,Hane,,0,NINA,"38,40","0,00",,Ja,Ja,2022.02.12,Laboratorium,Dokumenterad,Kropp 578098100676344,,6750322,326154,6754802,1282362,WGS84-UTM Zon 32,Mindre bra,UI417183 G47-22 V1001 +,,,1-3420,Elverum (N),1-34,Innlandet (N)
M527276,D553414,Varg,Jakt - Kula,,2022.02.12,Nej,13:40,Unge,Nej,Nej,Hane,"0,5",0,NINA,"34,90","0,00",,Ja,Ja,2022.02.12,Laboratorium,Dokumenterad,Kropp 578098100676378,Agåssætra,6750294,326073,6754774,1282281,WGS84-UTM Zon 32,Mindre bra,UI417054 G217-21 V995 +,,,1-3420,Elverum (N),1-34,Innlandet (N)
M527277,D553415,Varg,Jakt - Kula,,2022.02.12,Nej,13:50,Vuxen,Nej,Nej,Hane,"1,5+",1,NINA,"42,20","0,00",,Ja,Ja,2022.02.12,Laboratorium,Dokumenterad,Kropp 578098100673305,Agåssætra,6750322,326000,6754803,1282207,WGS84-UTM Zon 32,Mindre bra,UI414111 G25-20 V941 +,,,1-3420,Elverum (N),1-34,Innlandet (N)
M527278,D553426,Varg,Jakt - Kula,,2022.02.12,Nej,14:00,Unge,Nej,Nej,Hona,"0,5",0,NINA,"31,30","0,00",,Ja,Ja,2022.02.12,Laboratorium,Dokumenterad,Kropp 578098100673254,,6751262,325515,6755750,1281734,WGS84-UTM Zon 32,Mindre bra,UI416922 G211-21 V986 +,,,1-3420,Elverum (N),1-34,Innlandet (N)
M527280,D553437,Varg,Jakt - Kula,,2022.02.12,Nej,12:26,Unge,Nej,Nej,Hane,"0,8",0,NINA,"30,00","0,00",,Ja,Ja,2022.02.12,Laboratorium,Dokumenterad,Kropp 578098100740632,Tenåsen,6803210,337124,6807582,1293990,WGS84-UTM Zon 32,Mindre bra,UI417185 G48-22 V1003 +,,,1-3421,Trysil (N),1-34,Innlandet (N)
M527281,D553438,Varg,Jakt - Kula,,2022.02.12,Nej,13:55,Vuxen,Nej,Nej,Hona,5+,3,NINA,"35,10","0,00",,Ja,Ja,2022.02.12,Laboratorium,Dokumenterad,Kropp 578098100673300,,6749902,326939,6754372,1283142,WGS84-UTM Zon 32,Mindre bra,UI412775 G85-19 V823 +,,,1-3420,Elverum (N),1-34,Innlandet (N)
M527284,D553439,Varg,Jakt - Kula,,2022.02.12,Nej,15:12,Vuxen,Nej,Nej,Hane,1-2,1,NINA,"45,90","0,00",,Ja,Ja,2022.02.12,Laboratorium,Dokumenterad,Kropp 578098100740788,Dottungen,6748970,325979,6753451,1282170,WGS84-UTM Zon 32,Mindre bra,UI416920 G209-21 V984 +,,,1-3420,Elverum (N),1-34,Innlandet (N)
M527285,D553440,Varg,Jakt - Kula,,2022.02.12,Nej,13:34,Unge,Nej,Nej,Hane,"0,8",0,NINA,"36,80","0,00",,Ja,Ja,2022.02.12,Laboratorium,Dokumenterad,Kropp 578098100676147,Søndre Agåsen,6750205,325647,6754691,1281853,WGS84-UTM Zon 32,Mindre bra,UI417168 G46-22 V1000 +,,,1-3420,Elverum (N),1-34,Innlandet (N)
M527286,D553441,Varg,Jakt - Kula,,2022.02.12,Nej,13:33,Unge,Nej,Nej,Hona,"0,8",0,NINA,"33,00","0,00",,Ja,Ja,2022.02.12,Laboratorium,Dokumenterad,Kropp 578098100676193,Søndre Agåsen,6750456,326574,6754930,1282784,WGS84-UTM Zon 32,Mindre bra,UI416921 G210-21 V985 +,,,1-3420,Elverum (N),1-34,Innlandet (N)
M527279,D553427,Varg,Jakt - Kula,,2022.02.13,Nej,11:29,Unge,Nej,Nej,Hona,"0,5",,,"23,90","0,00",,Ja,Ja,2022.02.13,Laboratorium,Dokumenterad,Kropp 578098100739269,Tennåsen,6803695,337403,6808065,1294275,WGS84-UTM Zon 32,Mindre bra,UI417186 G49-22 V1004 +,,,1-3421,Trysil (N),1-34,Innlandet (N)
M527296,D553466,Varg,Jakt - Kula,,2022.02.14,Nej,15:05,Unge,Nej,Nej,Hona,05,0,NINA,"32,00","0,00",,Ja,Ja,2022.02.14,Laboratorium,Dokumenterad,Kropp 578098100740495,Lindberget,6717031,352914,6721164,1308727,WGS84-UTM Zon 33,Mindre bra,UI417267 G62-22 V1028 +,,,1-3418,Åsnes (N),1-34,Innlandet (N)
M527324,D553577,Varg,Skyddsjakt,,2022.02.17,Nej,14:00,Vuxen,Nej,Nej,Hona,ad,3,NINA,"41,60","0,00",,Nej,Ja,2022.02.17,Laboratorium,Dokumenterad,Kropp 578098100740718,Blomberget,6707380,348603,6711561,1304295,WGS84-UTM Zon 33,Mindre bra,UI412926 G133-19 V827 +,,,1-3417,Grue (N),1-34,Innlandet (N)
M527325,D553579,Varg,Skyddsjakt,,2022.02.17,Nej,16:10,Vuxen,Nej,Nej,Hane,ad,3,NINA,"50,00","0,00",,Nej,Ja,2022.02.17,Laboratorium,Dokumenterad,Kropp 578098100740283,Blommberget,6707799,348009,6711987,1303706,WGS84-UTM Zon 33,Mindre bra,UI412598 G40-19 V813 +,,,1-3417,Grue (N),1-34,Innlandet (N)
M527327,D553617,Varg,Skyddsjakt,,2022.02.18,Nej,12:24,Vuxen,Nej,Nej,Hane,,1,NINA,"41,60","0,00",,Nej,Ja,2022.02.18,Laboratorium,Dokumenterad,"Kropp 578098100738497, 578098100740589",Kaketjennsberget,6712447,358486,6716509,1314245,WGS84-UTM Zon 33,Mindre bra,UI417364 G102-22 V1037 +,,,1-3417,Grue (N),1-34,Innlandet (N)
M527328,D553618,Varg,Skyddsjakt,,2022.02.18,Nej,12:34,Vuxen,Nej,Nej,Hane,"1,5",1,NINA,"47,80","0,00",,Nej,Ja,2022.02.18,Laboratorium,Dokumenterad,Kropp 578098100740122,Skjultjennsmyra,6713205,359691,6717253,1315460,WGS84-UTM Zon 33,Mindre bra,UI415407 G133-21 V956 +,,,1-3417,Grue (N),1-34,Innlandet (N)
M527335,D553809,Varg,Skyddsjakt,,2022.02.21,Nej,14:26,Unge,Nej,Nej,Hona,,0,NINA,"33,70","0,00",,Nej,Ja,2022.02.21,Laboratorium,Dokumenterad,Kropp 578098100656275,Kongsbakk,6611102,304286,6615772,1258779,WGS84-UTM Zon 32,Mindre bra,UI417236 G3-22 V1017 +,,,1-3013,Marker (N),1-30,Viken (N)
M527336,D553811,Varg,Skyddsjakt,,2022.02.22,Nej,11:30,Vuxen,Nej,Nej,Hona,,6,NINA,"34,00","0,00",,Nej,Ja,2022.02.22,Laboratorium,Dokumenterad,Kropp 578098100656471,Breimåsan,6617469,305194,6622131,1259764,WGS84-UTM Zon 32,Mindre bra,UI406437 G129-17 V678 +,,,1-3026,Aurskog-Høland (N),1-30,Viken (N)
M527368,D554016,Varg,Skyddsjakt,,2022.02.23,Nej,13:29,Unge,Nej,Nej,Hane,0,0,NINA,"38,20","0,00",,Nej,Ja,2022.02.23,Laboratorium,Dokumenterad,Kropp 578098100343310,,6623186,313062,6627755,1267707,WGS84-UTM Zon 32,Dålig,UI417052 G185-21 V993 +,,,1-3026,Aurskog-Høland (N),1-30,Viken (N)
M527370,D554039,Varg,Skyddsjakt,,2022.02.24,Nej,17:40,Vuxen,Nej,Nej,Hane,Ad,,,"47,00","0,00",,Nej,Ja,2022.02.24,Laboratorium,Dokumenterad,Kropp 578098100738424,Åkevannet,6615731,313776,6620288,1268330,WGS84-UTM Zon 32,Mindre bra,UI413765 G126-19 V943 +,,,1-3013,Marker (N),1-30,Viken (N)
M527373,D554072,Varg,Skyddsjakt,,2022.02.24,Nej,15:02,Vuxen,Nej,Nej,Hane,,1,NINA,"46,00","0,00",,Nej,Ja,2022.02.24,Laboratorium,Dokumenterad,Kropp 578098100676188,Haugli,6722635,351023,6726794,1306903,WGS84-UTM Zon 33,Mindre bra,UI415304 G3-21 V997 +,,,1-3418,Åsnes (N),1-34,Innlandet (N)
M527557,D555846,Varg,Skyddsjakt,,2022.03.21,Nej,,Unge,Ja,Nej,Hona,,0,SVA,"32,70","0,00",,Nej,Ja,2022.03.21,Laboratorium,Dokumenterad,Skinn 0007FC6E72,Eriksnäsbo,6803743,566644,6805279,1523609,SWEREF99 TM,Mycket bra,UI417299 G36-22 +,V2022-0698,,2-2183,Bollnäs (S),2-21,Gävleborgs län (S)
M527584,D556150,Varg,Jakt - Kula,,2022.03.26,Nej,10:45,Osäker,Nej,Nej,Hona,1,,,"31,30","0,00",,Ja,Ja,2022.03.26,Laboratorium,Dokumenterad,Kropp 578098100740447,Grytsetervegen,6720252,309457,6724920,1265286,WGS84-UTM Zon 33,Mindre bra,UI417384 G154-22 V1046 +,,,1-3413,Stange (N),1-34,Innlandet (N)
M527592,D556358,Varg,Skyddsjakt,,2022.03.29,Nej,17:10,Vuxen,Ja,Nej,Hona,,1,SVA,"0,00","0,00",,Ja,Ja,2022.03.29,Laboratorium,Dokumenterad,,Bäckvallen,6894897,482717,6897504,1440786,RT90,Exakt,UI415353 G83-21 +,V2022-1077,,2-2361,Härjedalen (S),2-23,Jämtlands län (S)
M527679,D556970,Varg,Jakt - Kula,,2022.04.05,Nej,19:00,Osäker,Nej,Nej,Hane,juv,,,"38,30","0,00",,Ja,Ja,2022.04.05,Laboratorium,Dokumenterad,Kropp 578098100741378,Haugsethlia,6871827,294701,6876763,1252395,WGS84-UTM Zon 32,Mindre bra,UI417253 G8-22 V1043 +,,,1-3424,Rendalen (N),1-34,Innlandet (N)
M527811,D558201,Varg,Skyddsjakt,,2022.05.03,Nej,17:20,Unge,Nej,Nej,Hona,,,,"30,40","0,00",,Ja,Ja,2022.05.03,Laboratorium,Dokumenterad,578098100676616,"Elstad, Ringebu",6828464,242823,6834019,1199948,WGS84-UTM Zon 32,Mindre bra,UI417362 G90-22 V1049 +,,,1-3439,Ringebu (N),1-34,Innlandet (N)
M527816,D558204,Varg,Skyddsjakt,,2022.05.03,Nej,08:14,Vuxen,Nej,Nej,Hane,1,1,NINA,"47,50","0,00",,Ja,Ja,2022.05.03,Laboratorium,Dokumenterad,578098100740940,Rokkoberget,6743151,307091,6747861,1263200,WGS84-UTM Zon 33,Mindre bra,UI417301 G38-22 V1048 +,,,1-3412,Løten (N),1-34,Innlandet (N)
M527880,D558601,Varg,Skyddsjakt,,2022.05.12,Nej,,Vuxen,Ja,Nej,Hona,,1,SVA,"34,00","0,00",,Ja,Ja,2022.05.12,Laboratorium,Dokumenterad,Skinn 0007FC7E12,,6590831,519314,6592881,1473658,SWEREF99 TM,Exakt,UI417055 G147-21 +,V2022-1533,,2-1885,Lindesberg (S),2-18,Örebro län (S)
M527892,D558676,Varg,Skyddsjakt,,2022.05.14,Nej,05:15,Vuxen,Nej,Nej,Hane,,,,"38,70","0,00",,Nej,Nej,2022.05.14,Laboratorium,Dokumenterad,"Skinn 0007FC77AA, Kranie 00076A0CDA",Kölbo,6851477,538042,6853381,1495590,RT90,Mycket bra,UI418039 G109-22,V2022-1812,,2-2161,Ljusdal (S),2-21,Gävleborgs län (S)
M527940,D559211,Varg,Skyddsjakt,,2022.06.01,Nej,19:05,Vuxen,Nej,Nej,Hane,ad,,,"49,35","0,00",,Ja,Ja,2022.06.01,Laboratorium,Dokumenterad,Kropp 578098100344914,Finndøla kraftverk ,6581452,103595,6588540,1057588,WGS84-UTM Zon 32,Mindre bra,UI417272 G14-22 V1051+,,,1-3823,Fyresdal (N),1-38,Vestfold og Telemark (N)
M527968,D559402,Varg,Skyddsjakt,,2022.06.17,Nej,21:15,Vuxen,Nej,Nej,Hane,1,,,"38,00","0,00",,Ja,Ja,2022.06.17,Laboratorium,Dokumenterad,Kropp 578098100739899,Unnsetbrenna,6882920,294588,6887863,1252420,WGS84-UTM Zon 32,Mindre bra,UI417302 G39-22 V1068+,,,1-3424,Rendalen (N),1-34,Innlandet (N)
M527971,D559405,Varg,Skyddsjakt,,2022.06.20,Nej,22:11,Vuxen,Nej,Nej,Hane,,,,"39,40","0,00",,Ja,Nej,2022.06.20,Laboratorium,Dokumenterad,,,6522173,639436,6522752,1592983,RT90,Mindre bra,UI417472 G107-22,V2022-1961,,2-0480,Nyköping (S),2-04,Södermanlands län (S)
M527984,D559494,Varg,Skyddsjakt,,2022.06.23,Nej,01:00,Vuxen,Nej,Nej,Hane,,,,"47,00","0,00",,Nej,Ja,2022.06.23,Laboratorium,Dokumenterad,Kropp 578098100347026,Ringsaker,6778364,279328,6783436,1235855,ED50-UTM Zon 32,Mindre bra,UI417308 G64-22 V1067+,,,1-3411,Ringsaker (N),1-34,Innlandet (N)
M528022,D559646,Varg,Skyddsjakt,,2022.07.14,Nej,07:45,Vuxen,Nej,Nej,Hane,1,,,"34,00","0,00",,Ja,Ja,2022.07.14,Laboratorium,Dokumenterad,Kropp 578098100741477,Eidsfjellet,6721564,317068,6726139,1272917,WGS84-UTM Zon 32,Mindre bra,UI415243 G41-21 V935+,,,1-3419,Våler i Innlandet (N),1-34,Innlandet (N)
M528030,D559663,Varg,Skyddsjakt,,2022.07.22,Nej,04:57,Vuxen,Nej,Nej,Hane,1,,,"36,70","0,00",,Ja,Ja,2022.07.22,Laboratorium,Dokumenterad,Kropp 578098100676598,Holstadbrua,6716505,325975,6720968,1281767,WGS84-UTM Zon 33,Mindre bra,UI417238 G5-22 V1066+,,,1-3418,Åsnes (N),1-34,Innlandet (N)
M528066,D559946,Varg,Skyddsjakt,,2022.08.19,Nej,09:00,Vuxen,Nej,Nej,Hona,2,,,"29,20","0,00",,Nej,Nej,2022.08.19,Laboratorium,Dokumenterad,,Grunuberg,6774493,492849,6776930,1449429,RT90,Exakt,UI413896 G151-19,V2022-3056,,2-2034,Orsa (S),2-20,Dalarnas län (S)
M528579,D561497,Varg,Skyddsjakt,,2022.09.05,Nej,10:52,Osäker,Nej,Nej,Hona,"1,5",,,"38,00","0,00",,Ja,Ja,2022.09.05,Laboratorium,Dokumenterad,Skinn 0007B34031,Nygård,6565254,630175,6565954,1584240,RT90,Exakt,UI418404 G125-22,V2022-3202,,2-0140,Nykvarn (S),2-01,Stockholms län (S)
M528991,D567825,Varg,Skyddsjakt,,2022.11.22,Nej,,Vuxen,Nej,Nej,Hane,,,,"45,60","0,00",,Ja,Nej,2022.11.22,Laboratorium,Dokumenterad,"Skinn 0007B55290, Kranie 0007A7C206",Hinneryd,6280543,415356,6283710,1365951,RT90,Mycket bra,UI415486 G110-21,V2022-4694,,2-0781,Ljungby (S),2-07,Kronobergs län (S)
M529000,D568001,Varg,Skyddsjakt,,2022.11.26,Nej,11:30,Vuxen,Nej,Nej,Hona,,,,"32,60","0,00",,Ja,Ja,2022.11.26,Laboratorium,Dokumenterad,"Skinn 00072ED7F9, Kranie 000769E4D4",Länsmansberget,6869044,352940,6873254,1310630,RT90,Exakt,UI418146 G117-22,V2022-4837,,2-2039,Älvdalen (S),2-20,Dalarnas län (S)
M529042,D568326,Varg,Jakt - Kula,,2022.12.02,Nej,12:50,Osäker,Nej,Nej,Hane,"1,5 +",,,"43,50","0,00",,Ja,Ja,2022.12.02,Laboratorium,Dokumenterad,Kropp 578098100739656,Mosjømarka,6751876,305807,6756607,1262023,WGS84-UTM Zon 33,Mindre bra,UI418753 G229-22 V1101+,,,1-3412,Løten (N),1-34,Innlandet (N)
M529047,D568370,Varg,Jakt - Kula,,2022.12.03,Nej,14:25,"Ungdjur, ej reproduktivt",Nej,Nej,Hona,"1,5",,,"33,30","0,00",,Ja,Ja,2022.12.03,Laboratorium,Dokumenterad,Kropp 578098100676359,Voltjønna,6852054,302618,6856881,1260071,WGS84-UTM Zon 32,Mindre bra,UI417131 G182-21 V1100+,,,1-3424,Rendalen (N),1-34,Innlandet (N)
M529048,D568371,Varg,Jakt - Kula,,2022.12.04,Nej,10:20,"Ungdjur, ej reproduktivt",Nej,Nej,Hona,"1,5",,,"30,40","0,00",,Ja,Ja,2022.12.04,Laboratorium,Dokumenterad,Kropp 578098100740930,Stor-Bronken,6736539,316929,6741125,1272963,WGS84-UTM Zon 32,Mindre bra,UI417123 G175-21 V1102+,,,1-3419,Våler i Innlandet (N),1-34,Innlandet (N)
M529060,D568677,Varg,Skyddsjakt,,2022.12.12,Nej,11:40,Vuxen,Nej,Nej,Hane,vokse,,,"43,00","0,00",,Ja,Ja,2022.12.12,Laboratorium,Dokumenterad,Kropp 578098100347053,Badasoaivi,7662121,848932,7660184,1816907,ED50-UTM Zon 34,Mindre bra,UI418722 V1081+,,,1-5430,Guovdageaidnu - Kautokeino (N),1-54,Troms og Finnmark (N)
M529074,D568877,Varg,Skyddsjakt,,2022.12.15,Nej,12:10,Vuxen,Nej,Nej,Hane,,,,"50,00","0,00",,Nej,Nej,2022.12.15,Laboratorium,Dokumenterad,Skinn 7FC6C86,Lantonpäänvouma,7566912,844310,7565031,1811035,SWEREF99 TM,Mycket bra,UI418895 G34-23,V2022-4940,,2-2521,Pajala (S),2-25,Norrbottens län (S)
M529078,D568978,Varg,Skyddsjakt,,2022.12.18,Nej,12:05,Vuxen,Nej,Nej,Okänt,,,,"30,80","0,00",,Ja,Ja,2022.12.18,Laboratorium,Dokumenterad,,Lill Nällsjön,6944232,479696,6946894,1438379,RT90,Mindre bra,UI417180 G224-21,V2023-0128,,2-2326,Berg (S),2-23,Jämtlands län (S)
M529085,D569103,Varg,Skyddsjakt,,2022.12.20,Nej,14:26,Vuxen,Nej,Nej,Hane,,,,"43,00","0,00",,Ja,Ja,2022.12.20,Laboratorium,Dokumenterad,Skinn 00078EDCEF,Korsmyren,6970886,437849,6974083,1396849,RT90,Mindre bra,UI417033 G213-21 V989,V2023-0127,,2-2326,Berg (S),2-23,Jämtlands län (S)
M529091,D569208,Varg,Skyddsjakt,,2022.12.24,Nej,15:03,Vuxen,Nej,Nej,Hona,,,,"36,00","0,00",,Ja,Nej,2022.12.24,Fältkontroll - LST,Dokumenterad,,Hammartjärnen,6980635,566784,6982219,1525951,RT90,Exakt,UI417177 G220-21,,,2-2305,Bräcke (S),2-23,Jämtlands län (S)
