HändelseID,Individ,Fynddatum,Undersökt,Undersökt datum,Datum mottaget,Skada på,Ange vad som skadats,Ras,Ange ras,"Skadedatum, från","Skadedatum, till",Osäkert skadedatum,Antal döda under 1 år,Antal avlivade under 1 år,Antal skadade under 1 år,Antal saknade under 1 år,Antal döda 1 till 2 år,Antal avlivade 1 till 2 år,Antal skadade 1 till 2 år,Antal saknade 1 till 2 år,Antal döda över 2 år,Antal avlivade över 2 år,Antal skadade över 2 år,Antal saknade över 2 år,Antal döda körren,Antal avlivade körren,Antal skadade körren,Antal saknade körren,Skadeomfattning antal (inte djur),Skadeorsak,Ange skadeorsak,Betestyp,Kontrolltyp,Bedömning,KommunID,Fyndplats,Nord (UTM33/SWEREF99 TM),Öst (UTM33/SWEREF99 TM),Nord (RT90),Öst (RT90),Koordinatsystem,Platskvalitet,Godkänd datum,Visa publikt,Uppgifterna tillgängliga från,Låst,Låst datum,Senast sparad datum,Kommunenummer,Kommune,Fylkenummer,Fylke
V445642,,2013.01.15,Ja,2013.01.15,2013.01.15,Ren,,,,2013.01.15,2013.01.15,Nej,0,0,0,0,1,0,0,0,0,0,0,0,0,0,0,0,0,Varg,,Bete utan stängsel,Fältkontroll - LST,Dokumenterad,2-2463,Sämsjön,7095261,606361,7096376,1566982,RT90,Mindre bra,2013.01.17,Ja,,Nej,,2013.01.17,2-2463,Åsele (S),2-24,Västerbottens län (S)
V445643,,2013.01.15,Ja,2013.01.15,2013.01.15,Ren,,,,2013.01.14,2013.01.14,Nej,0,0,0,0,1,0,0,0,0,0,0,0,0,0,0,0,0,Varg,,Bete utan stängsel,Fältkontroll - LST,Dokumenterad,2-2463,Stensvattnet,7096774,605102,7097906,1565742,RT90,Mindre bra,2013.01.15,Ja,,Nej,,2013.01.18,2-2463,Åsele (S),2-24,Västerbottens län (S)
V445644,,2013.01.13,Ja,2013.01.13,,Ren,,,,2013.01.12,2013.01.12,Nej,1,0,0,0,0,0,0,0,0,0,0,0,0,0,0,0,0,Varg,,Bete utan stängsel,Fältkontroll - LST,Dokumenterad,2-2283,Torrberget,7083237,602523,7084398,1562991,RT90,Mindre bra,2013.01.18,Ja,,Nej,,2013.01.18,2-2283,Sollefteå (S),2-22,Västernorrlands län (S)
V445659,,2012.10.10,Nej,,,Annat djur,Älg,,,2012.10.10,2012.10.10,Ja,1,0,0,0,0,0,0,0,0,0,0,0,0,0,0,0,0,Varg,,Bete utan stängsel,Fältkontroll - LST,Bedömd som säker,2-2039,,6833233,381360,6837073,1338620,WGS84-UTM Zon 33,Mindre bra,2013.01.18,Nej,,Nej,,2018.02.27,2-2039,Älvdalen (S),2-20,Dalarnas län (S)
V445796,,2013.01.18,Ja,2013.01.24,,Ren,,,,2013.01.08,2013.01.08,Nej,0,0,0,0,0,0,0,0,1,0,0,0,0,0,0,0,0,Varg,,Bete utan stängsel,Fältkontroll - LST,Osäker,2-2582,norr Harads,7349369,769615,7348442,1733509,RT90,Mindre bra,2013.01.25,Ja,,Nej,,2013.01.25,2-2582,Boden (S),2-25,Norrbottens län (S)
V445798,,2013.01.20,Ja,2013.01.24,,Ren,,,,2013.01.17,2013.01.17,Nej,0,0,0,0,0,0,0,0,1,0,0,0,0,0,0,0,0,Varg,,Bete utan stängsel,Fältkontroll - LST,Bedömd som säker,2-2582,Norr Harads,7346216,771723,7345262,1735577,RT90,Exakt,2013.01.25,Ja,,Nej,,2013.01.25,2-2582,Boden (S),2-25,Norrbottens län (S)
V445800,,2013.01.20,Ja,2013.01.24,,Ren,,,,2013.01.15,2013.01.15,Ja,0,0,0,0,1,0,0,0,0,0,0,0,0,0,0,0,0,Varg,,Bete utan stängsel,Fältkontroll - LST,Bedömd som säker,2-2582,Norr Harads,7339666,773646,7338686,1737415,RT90,Exakt,2013.01.25,Ja,,Nej,,2013.01.25,2-2582,Boden (S),2-25,Norrbottens län (S)
V445802,,2013.01.20,Ja,2013.01.24,,Ren,,,,2013.01.20,2013.01.20,Ja,0,0,0,0,0,0,0,0,0,0,0,0,0,0,0,0,0,Varg,,Bete utan stängsel,Fältkontroll - LST,Bedömd som säker,2-2582,Norr Harads,7339270,773724,7338289,1737488,RT90,Mindre bra,2013.01.25,Ja,,Nej,,2013.01.25,2-2582,Boden (S),2-25,Norrbottens län (S)
V445804,,2013.01.20,Ja,2013.01.24,,Ren,,,,2013.01.20,2013.01.20,Ja,0,0,0,0,0,0,0,0,1,0,0,0,0,0,0,0,0,Varg,,Bete utan stängsel,Fältkontroll - LST,Bedömd som säker,2-2582,Norr Harads,7341317,770625,7340376,1734415,RT90,Exakt,2013.01.25,Ja,,Nej,,2013.01.25,2-2582,Boden (S),2-25,Norrbottens län (S)
V445806,,2013.01.24,Ja,2013.01.24,,Ren,,,,2013.01.18,2013.01.18,Ja,0,0,0,0,0,0,0,0,1,0,0,0,0,0,0,0,0,Varg,,Bete utan stängsel,Fältkontroll - LST,Bedömd som säker,2-2582,Norr Harads,7341961,771714,7341006,1735513,RT90,Exakt,2013.01.25,Ja,,Nej,,2013.01.25,2-2582,Boden (S),2-25,Norrbottens län (S)
V445972,,2013.01.24,Ja,2013.01.26,2013.01.24,Ren,,,,2013.01.24,2013.01.24,Ja,1,0,0,0,0,0,0,0,0,0,0,0,0,0,0,0,0,Varg,,Bete utan stängsel,Fältkontroll - LST,Dokumenterad,2-2582,Umtjärn,7343145,771948,7342187,1735762,RT90,Mycket bra,2013.01.30,Ja,,Nej,,2013.01.30,2-2582,Boden (S),2-25,Norrbottens län (S)
V446114,,2013.02.10,Ja,2013.02.10,,Ren,,,,2013.02.10,2013.02.10,Ja,0,0,0,0,0,0,0,0,1,0,0,0,0,0,0,0,0,Varg,,Bete utan stängsel,Fältkontroll - LST,Dokumenterad,2-2283,Lillsele,7076845,602914,7078000,1563301,RT90,Mindre bra,2013.02.12,Ja,,Nej,,2013.02.12,2-2283,Sollefteå (S),2-22,Västernorrlands län (S)
V446167,,2012.12.31,Ja,2012.12.31,,Ren,,,,2012.12.30,2012.12.30,Nej,0,0,0,0,0,0,0,0,1,0,0,0,0,0,0,0,0,Varg,,Bete utan stängsel,Fältkontroll - LST,Dokumenterad,2-2283,Hömyran,7086812,600599,7087998,1561112,RT90,Mindre bra,2013.02.16,Ja,,Nej,,2013.02.16,2-2283,Sollefteå (S),2-22,Västernorrlands län (S)
V446168,,2013.01.01,Ja,,,Ren,,,,2013.01.31,2013.01.31,Nej,0,0,0,0,0,0,0,0,1,0,0,0,0,0,0,0,0,Varg,,Bete utan stängsel,Fältkontroll - LST,Dokumenterad,2-2283,Aspberget,7087340,603801,7088486,1564321,RT90,Mindre bra,2013.01.01,Ja,,Nej,,2013.02.17,2-2283,Sollefteå (S),2-22,Västernorrlands län (S)
V446169,,2013.01.01,Ja,2013.01.01,,Ren,,,,2013.01.01,2013.01.01,Ja,0,0,0,0,0,0,0,0,1,0,0,0,0,0,0,0,0,Varg,,Bete utan stängsel,Fältkontroll - LST,Dokumenterad,2-2283,Aspberget,7086636,604042,7087779,1564553,RT90,Mindre bra,2013.02.16,Ja,,Nej,,2013.02.16,2-2283,Sollefteå (S),2-22,Västernorrlands län (S)
V446170,,2013.01.22,Ja,2013.01.22,2013.01.22,Ren,,,,2013.02.21,2013.02.21,Nej,0,0,0,0,0,0,0,0,1,0,0,0,0,0,0,0,0,Varg,,Bete utan stängsel,Fältkontroll - LST,Dokumenterad,2-2463,Tallås,7091046,611602,7092094,1572171,RT90,Exakt,2013.02.16,Ja,,Nej,,2013.02.16,2-2463,Åsele (S),2-24,Västerbottens län (S)
V446189,,2013.01.29,Ja,2013.01.29,2013.01.29,Ren,,,,2013.01.29,2013.01.29,Nej,0,0,0,0,0,0,0,0,1,0,0,0,0,0,0,0,0,Varg,,Bete utan stängsel,Fältkontroll - LST,Dokumenterad,2-2283,Matrialvägen,7078360,602417,7079521,1562823,RT90,Mindre bra,2013.02.17,Ja,,Nej,,2013.02.17,2-2283,Sollefteå (S),2-22,Västernorrlands län (S)
V446190,,2013.02.01,Ja,2013.02.01,2013.02.01,Ren,,,,2013.01.31,2013.01.31,Nej,0,1,0,0,0,0,0,0,0,0,0,0,0,0,0,0,0,Varg,,Bete utan stängsel,Fältkontroll - LST,Dokumenterad,2-2463,Öster Hälla,7091901,612809,7092934,1573389,RT90,Mindre bra,2013.02.17,Ja,,Nej,,2013.02.17,2-2463,Åsele (S),2-24,Västerbottens län (S)
V446191,,2012.12.31,Ja,2012.12.31,2012.12.31,Ren,,,,2012.12.30,2012.12.30,Nej,0,0,0,0,0,0,0,0,1,0,0,0,0,0,0,0,0,Varg,,Bete utan stängsel,Fältkontroll - LST,Dokumenterad,2-2283,Hömyran,7086812,600599,7087998,1561112,RT90,Exakt,2013.02.17,Ja,,Nej,,2013.02.17,2-2283,Sollefteå (S),2-22,Västernorrlands län (S)
V446192,,2013.01.26,Ja,,,Ren,,,,2013.02.25,2013.02.25,Nej,0,0,0,0,0,0,0,0,1,0,0,0,0,0,0,0,0,Varg,,Bete utan stängsel,Fältkontroll - LST,Dokumenterad,2-2463,Hällbymagasinet,7090414,608696,7091499,1569256,RT90,Exakt,2013.02.17,Ja,,Nej,,2013.02.17,2-2463,Åsele (S),2-24,Västerbottens län (S)
V446193,,2013.02.03,Ja,,,Ren,,,,2013.02.02,2013.02.02,Nej,0,0,0,0,0,0,0,0,1,0,0,0,0,0,0,0,0,Varg,,Bete utan stängsel,Fältkontroll - LST,Dokumenterad,2-2283,Grovansjön,7074700,606570,7075808,1566931,RT90,Mindre bra,2013.02.17,Ja,,Nej,,2013.02.17,2-2283,Sollefteå (S),2-22,Västernorrlands län (S)
V446194,,2013.02.12,Ja,2013.02.12,2013.02.12,Ren,,,,2013.02.11,2013.02.11,Nej,0,0,0,0,0,0,0,0,1,0,0,0,0,0,0,0,0,Varg,,Bete utan stängsel,Fältkontroll - LST,Dokumenterad,2-2283,Öst Kortingvattnet,7078343,596674,7079577,1557079,RT90,Mindre bra,2013.02.17,Ja,,Nej,,2013.02.17,2-2283,Sollefteå (S),2-22,Västernorrlands län (S)
V446195,,2013.02.17,Ja,,,Ren,,,,2013.02.17,2013.02.17,Nej,0,1,0,0,0,0,0,0,0,0,0,0,0,0,0,0,0,Varg,,Bete utan stängsel,Fältkontroll - LST,Dokumenterad,2-2283,Söder Degersjövägen,7077189,607065,7078291,1567458,RT90,Mindre bra,2013.02.17,Ja,,Nej,,2013.02.17,2-2283,Sollefteå (S),2-22,Västernorrlands län (S)
V446196,,2013.02.08,Ja,2013.02.08,2013.02.08,Ren,,,,2013.02.07,2013.02.07,Nej,1,0,0,0,0,0,0,0,0,0,0,0,0,0,0,0,0,Varg,,Bete utan stängsel,Fältkontroll - LST,Dokumenterad,2-2283,Grossbäcken,7071938,608382,7073022,1568709,RT90,Mindre bra,2013.02.17,Ja,,Nej,,2013.02.17,2-2283,Sollefteå (S),2-22,Västernorrlands län (S)
V446197,,2013.01.21,Ja,,,Ren,,,,2013.01.21,2013.01.21,Ja,0,0,0,0,0,0,0,0,1,0,0,0,0,0,0,0,0,Varg,,Bete utan stängsel,Fältkontroll - LST,Dokumenterad,2-2283,Lillselebodarna,7082221,601852,7083390,1562307,RT90,Exakt,2013.02.17,Ja,,Nej,,2013.02.17,2-2283,Sollefteå (S),2-22,Västernorrlands län (S)
V446198,,2013.02.14,Ja,,,Ren,,,,2013.02.14,2013.02.14,Ja,1,0,0,0,0,0,0,0,0,0,0,0,0,0,0,0,0,Varg,,Bete utan stängsel,Fältkontroll - LST,Dokumenterad,2-2283,Öst Hembäcken,7078232,602060,7079398,1562465,RT90,Mindre bra,2013.02.17,Ja,,Nej,,2013.02.17,2-2283,Sollefteå (S),2-22,Västernorrlands län (S)
V446199,,2013.02.17,Ja,,,Ren,,,,2013.02.17,2013.02.17,Nej,0,0,0,0,0,0,0,0,1,0,0,0,0,0,0,0,0,Varg,,Bete utan stängsel,Fältkontroll - LST,Dokumenterad,2-2283,Väster älven,7081433,605258,7082559,1565704,RT90,Mindre bra,2013.02.17,Ja,,Nej,,2013.02.17,2-2283,Sollefteå (S),2-22,Västernorrlands län (S)
V446200,,2013.02.08,Ja,2013.02.08,2013.02.08,Ren,,,,2013.02.08,2013.02.08,Ja,0,0,0,0,0,0,0,0,1,0,0,0,0,0,0,0,0,Varg,,Bete utan stängsel,Fältkontroll - LST,Dokumenterad,2-2283,Tärniksbergsvägen,7071508,606755,7072613,1567076,RT90,Mindre bra,2013.02.17,Ja,,Nej,,2013.02.17,2-2283,Sollefteå (S),2-22,Västernorrlands län (S)
V446201,,2013.02.14,Ja,2013.02.14,,Ren,,,,2013.02.14,2013.02.14,Ja,0,0,0,0,0,0,0,0,1,0,0,0,0,0,0,0,0,Varg,,Bete utan stängsel,Fältkontroll - LST,Dokumenterad,2-2283,Söder Matrialvägen,7078041,602458,7079202,1562860,RT90,Mindre bra,2013.02.17,Ja,,Nej,,2013.02.17,2-2283,Sollefteå (S),2-22,Västernorrlands län (S)
V446202,,2013.02.17,Ja,2013.02.17,,Ren,,,,2013.02.17,2013.02.17,Ja,0,0,0,0,0,0,0,0,1,0,0,0,0,0,0,0,0,Varg,,Bete utan stängsel,Fältkontroll - LST,Dokumenterad,2-2283,Väster älven Gultjäl,7080900,605650,7082021,1566089,RT90,Exakt,2013.02.17,Ja,,Nej,,2013.02.17,2-2283,Sollefteå (S),2-22,Västernorrlands län (S)
V446203,,2013.02.05,Ja,2013.02.05,,Ren,,,,2013.02.05,2013.02.05,Ja,0,0,0,0,0,0,0,0,1,0,0,0,0,0,0,0,0,Varg,,Bete utan stängsel,Fältkontroll - LST,Dokumenterad,2-2463,Nordväst Gafsele,7101994,611359,7103048,1572066,RT90,Mindre bra,2013.02.17,Ja,,Nej,,2013.02.17,2-2463,Åsele (S),2-24,Västerbottens län (S)
V446204,,2013.02.01,Ja,2013.02.01,,Ren,,,,2013.02.01,2013.02.01,Ja,0,0,0,0,0,0,0,0,1,0,0,0,0,0,0,0,0,Varg,,Bete utan stängsel,Fältkontroll - LST,Dokumenterad,2-2284,,7081870,608327,7082957,1568779,RT90,Exakt,2013.02.17,Ja,,Nej,,2013.02.17,2-2284,Örnsköldsvik (S),2-22,Västernorrlands län (S)
V446205,,2013.01.29,Ja,2013.01.29,,Ren,,,,2013.01.29,2013.01.29,Ja,1,0,0,0,0,0,0,0,0,0,0,0,0,0,0,0,0,Varg,,Bete utan stängsel,Fältkontroll - LST,Dokumenterad,2-2283,Matrialvägen,7078236,602520,7079396,1562925,RT90,Exakt,2013.02.17,Ja,,Nej,,2013.02.17,2-2283,Sollefteå (S),2-22,Västernorrlands län (S)
V446206,,2012.12.04,Ja,2012.12.04,,Ren,,,,2012.12.04,2012.12.04,Ja,0,0,0,0,0,0,0,0,0,0,0,0,0,0,0,0,0,Varg,,Bete utan stängsel,Fältkontroll - LST,Dokumenterad,2-2283,Huvudklädmyran,7069696,608318,7070781,1568616,RT90,Mindre bra,2013.02.17,Ja,,Nej,,2013.02.17,2-2283,Sollefteå (S),2-22,Västernorrlands län (S)
V446218,,2013.02.16,Ja,2013.02.16,,Ren,,,,2013.02.15,2013.02.15,Nej,1,0,0,0,0,0,0,0,0,0,0,0,0,0,0,0,0,Varg,,Bete utan stängsel,Fältkontroll - LST,Dokumenterad,2-2284,Brattsele,7084012,608035,7085104,1568514,RT90,Exakt,2013.02.16,Nej,,Nej,,2013.02.18,2-2284,Örnsköldsvik (S),2-22,Västernorrlands län (S)
V446341,,2013.02.20,Ja,2013.02.20,,Ren,,,,2013.02.19,2013.02.19,Nej,0,0,0,0,0,0,0,0,1,0,0,0,0,0,0,0,0,Varg,,Bete utan stängsel,Fältkontroll - LST,Dokumenterad,2-2283,V Kortingvattnet,7080729,597858,7081948,1558293,RT90,Exakt,2013.02.20,Nej,,Nej,,2013.02.20,2-2283,Sollefteå (S),2-22,Västernorrlands län (S)
V446351,,2013.02.28,Ja,2012.12.29,,Ren,,,,2013.02.28,2013.02.28,Ja,0,0,0,0,0,0,0,0,0,0,0,0,0,0,0,0,0,Varg,,Bete utan stängsel,Fältkontroll - LST,Dokumenterad,2-2283,Söder Hundsele,7081770,604934,7082900,1565384,RT90,Mycket bra,2013.02.24,Ja,,Nej,,2013.02.24,2-2283,Sollefteå (S),2-22,Västernorrlands län (S)
V446352,,2013.02.28,Ja,2012.12.29,,Ren,,,,2013.02.28,2013.02.28,Ja,1,0,0,0,0,0,0,0,0,0,0,0,0,0,0,0,0,Varg,,Bete utan stängsel,Fältkontroll - LST,Dokumenterad,2-2283,Gulbäcken,7078147,606748,7079253,1567153,RT90,Mindre bra,2013.02.24,Ja,,Nej,,2013.02.24,2-2283,Sollefteå (S),2-22,Västernorrlands län (S)
V446353,,2013.02.26,Ja,2012.12.29,,Ren,,,,2013.02.26,2013.02.26,Ja,0,0,0,0,0,0,0,0,1,0,0,0,0,0,0,0,0,Varg,,Bete utan stängsel,Fältkontroll - LST,Dokumenterad,2-2284,Norr Risån,7085404,614557,7086413,1575055,RT90,Mindre bra,2013.02.24,Ja,,Nej,,2013.02.24,2-2284,Örnsköldsvik (S),2-22,Västernorrlands län (S)
V446428,,2013.02.23,Ja,2013.02.25,2013.02.24,Ren,,,,2013.01.17,2013.01.17,Ja,0,0,0,0,0,0,0,0,1,0,0,0,0,0,0,0,0,Varg,,Inmark (endast Norge),Fältkontroll - LST,Bedömd som säker,2-2582,Norr Harads,7341178,774289,7340190,1738078,RT90,Exakt,2013.02.27,Ja,,Nej,,2013.02.27,2-2582,Boden (S),2-25,Norrbottens län (S)
V446531,,2013.02.27,Ja,2013.03.04,2013.03.01,Ren,,,,2013.02.27,2013.02.27,Nej,0,0,0,0,0,0,0,0,0,1,0,0,0,0,0,0,0,Varg,,Inmark (endast Norge),Fältkontroll - LST,Bedömd som säker,2-2582,Norr Harads,7342340,771959,7341382,1735763,RT90,Mindre bra,2013.03.05,Ja,,Nej,,2013.03.11,2-2582,Boden (S),2-25,Norrbottens län (S)
V446568,,2013.03.14,Nej,,2013.01.14,Annat djur,,,,2013.03.14,2013.03.14,Ja,0,0,0,0,0,0,0,0,0,0,0,0,0,0,0,0,0,Varg,,Bete utan stängsel,Fältkontroll - LST,Dokumenterad,2-2039,Stormyrvallen,6839177,392455,6842882,1349794,RT90,Mycket bra,2013.03.05,Nej,,Nej,,2013.03.05,2-2039,Älvdalen (S),2-20,Dalarnas län (S)
V446625,,2013.03.07,Ja,2013.03.07,,Ren,,,,2013.03.07,2013.03.07,Nej,0,0,0,0,0,0,0,0,1,0,0,0,0,0,0,0,0,Varg,,Bete utan stängsel,Fältkontroll - LST,Dokumenterad,2-2283,Hömyra,7086810,599956,7088004,1560469,RT90,Exakt,2013.03.07,Ja,,Nej,,2013.03.07,2-2283,Sollefteå (S),2-22,Västernorrlands län (S)
V447063,,2013.04.02,Ja,2013.04.02,2013.03.30,Ren,,,,2013.03.29,2013.03.29,Nej,1,0,0,0,0,0,0,0,0,0,0,0,0,0,0,0,0,Varg,,Bete utan stängsel,Fältkontroll - LST,Dokumenterad,2-2463,Sydväst Gravsjön,7089714,614819,7090721,1575372,RT90,Exakt,2013.04.02,Ja,,Nej,,2013.04.02,2-2463,Åsele (S),2-24,Västerbottens län (S)
V447064,,2013.03.31,Ja,2013.03.31,2013.03.31,Ren,,,,2013.03.31,2013.03.31,Nej,0,0,0,0,0,0,0,0,1,0,0,0,0,0,0,0,0,Varg,,Bete utan stängsel,Fältkontroll - LST,Dokumenterad,2-2284,Risåvägen,7084391,611124,7085444,1571609,RT90,Mindre bra,2013.04.02,Ja,,Nej,,2013.04.02,2-2284,Örnsköldsvik (S),2-22,Västernorrlands län (S)
V447221,,2013.04.09,Ja,2013.04.09,2013.04.09,Ren,,,,2013.04.09,2013.04.09,Nej,0,0,0,0,0,0,0,0,1,0,0,0,0,0,0,0,0,Varg,,Bete utan stängsel,Fältkontroll - LST,Dokumenterad,2-2283,Västra Kortingvattnet,7077900,594598,7079160,1554997,RT90,Exakt,2013.04.09,Ja,,Nej,,2013.04.09,2-2283,Sollefteå (S),2-22,Västernorrlands län (S)
V447895,,2013.03.09,Ja,2013.05.09,,Ren,,,,2013.03.09,2013.03.09,Ja,0,0,0,0,0,0,0,0,1,0,0,0,0,0,0,0,0,Varg,,Bete utan stängsel,Fältkontroll - LST,Dokumenterad,2-2283,Stjärn tjärnarna,7067336,608871,7068413,1569140,RT90,Exakt,2013.05.21,Ja,,Nej,,2013.05.21,2-2283,Sollefteå (S),2-22,Västernorrlands län (S)
V447896,,2013.03.08,Ja,2013.03.08,,Ren,,,,2013.03.07,2013.03.07,Nej,0,0,0,0,0,0,0,0,1,0,0,0,0,0,0,0,0,Varg,,Bete utan stängsel,Fältkontroll - LST,Dokumenterad,2-2283,,7071508,606755,7072613,1567076,RT90,Exakt,2013.03.08,Ja,,Nej,,2013.05.21,2-2283,Sollefteå (S),2-22,Västernorrlands län (S)
V447897,,2013.03.08,Ja,2013.03.08,,Ren,,,,2013.03.08,2013.03.08,Ja,0,0,0,0,0,0,0,0,0,1,0,0,0,0,0,0,0,Varg,,Bete utan stängsel,Fältkontroll - LST,Dokumenterad,2-2283,Lillsele,7076346,602203,7077509,1562584,RT90,Exakt,2013.03.08,Ja,,Nej,,2013.05.21,2-2283,Sollefteå (S),2-22,Västernorrlands län (S)
V448163,,2013.05.05,Ja,2013.05.05,2013.05.05,Ren,,,,2013.05.04,2013.05.04,Nej,0,0,0,0,1,0,0,0,0,0,0,0,0,0,0,0,0,Varg,,Bete utan stängsel,Fältkontroll - LST,Dokumenterad,2-2039,Hällsjövåla,6886655,371817,6890639,1329736,RT90,Mycket bra,2013.06.03,Ja,,Nej,,2013.06.03,2-2039,Älvdalen (S),2-20,Dalarnas län (S)
V448164,,2013.05.05,Nej,2013.05.05,2013.05.05,Ren,,,,2013.05.04,2013.05.04,Nej,1,0,0,0,0,0,0,0,0,0,0,0,0,0,0,0,0,Varg,,Bete utan stängsel,Fältkontroll - LST,Bedömd som säker,2-2039,Storbäcken,6886661,370969,6890655,1328887,RT90,Mycket bra,2013.06.03,Ja,,Nej,,2013.06.03,2-2039,Älvdalen (S),2-20,Dalarnas län (S)
V448165,,2013.05.05,Nej,2013.05.05,2013.05.05,Ren,,,,2013.05.04,2013.05.04,Nej,1,0,0,0,0,0,0,0,0,0,0,0,0,0,0,0,0,Varg,,Bete utan stängsel,Fältkontroll - LST,Bedömd som säker,2-2039,Storbäcken,6886509,368741,6890531,1326656,RT90,Mycket bra,2013.06.03,Ja,,Nej,,2013.06.03,2-2039,Älvdalen (S),2-20,Dalarnas län (S)
V448166,,2013.05.05,Nej,2013.05.05,2013.05.05,Ren,,,,2013.05.04,2013.05.04,Nej,1,0,0,0,0,0,0,0,0,0,0,0,0,0,0,0,0,Varg,,Bete utan stängsel,Fältkontroll - LST,Bedömd som säker,2-2039,Storbäcken,6887248,369326,6891263,1327251,RT90,Mycket bra,2013.06.03,Ja,,Nej,,2013.06.03,2-2039,Älvdalen (S),2-20,Dalarnas län (S)
V448167,,2013.05.05,Ja,2013.05.05,2013.05.05,Ren,,,,2013.05.04,2013.05.04,Nej,1,0,0,0,0,0,0,0,0,0,0,0,0,0,0,0,0,Varg,,Bete utan stängsel,Fältkontroll - LST,Bedömd som säker,2-2039,Storbäcken,6886592,369334,6890607,1327251,RT90,Mycket bra,2013.06.03,Ja,,Nej,,2013.06.03,2-2039,Älvdalen (S),2-20,Dalarnas län (S)
V448168,,2013.05.05,Nej,2013.05.05,2013.05.05,Ren,,,,2013.05.04,2013.05.04,Nej,1,0,0,0,0,0,0,0,0,0,0,0,0,0,0,0,0,Varg,,Bete utan stängsel,Fältkontroll - LST,Bedömd som säker,2-2039,Storbäcken,6887923,369031,6891942,1326964,RT90,Mycket bra,2013.06.03,Ja,,Nej,,2013.06.03,2-2039,Älvdalen (S),2-20,Dalarnas län (S)
V448169,,2013.05.05,Nej,2013.05.05,2013.05.05,Ren,,,,2013.05.04,2013.05.04,Nej,1,0,0,0,0,0,0,0,0,0,0,0,0,0,0,0,0,Varg,,Bete utan stängsel,Fältkontroll - LST,Bedömd som säker,2-2039,Storbäcken,6886170,369492,6890183,1327404,RT90,Mycket bra,2013.06.03,Ja,,Nej,,2013.06.03,2-2039,Älvdalen (S),2-20,Dalarnas län (S)
V448170,,2013.05.05,Nej,2013.05.05,2013.05.05,Ren,,,,2013.05.04,2013.05.04,Nej,1,0,0,0,0,0,0,0,0,0,0,0,0,0,0,0,0,Varg,,Bete utan stängsel,Fältkontroll - LST,Bedömd som säker,2-2039,Storbäcken,6887170,368762,6891192,1326686,RT90,Mycket bra,2013.06.03,Ja,,Nej,,2013.06.03,2-2039,Älvdalen (S),2-20,Dalarnas län (S)
V448171,,2013.05.05,Nej,2013.05.05,2013.05.05,Ren,,,,2013.05.04,2013.05.04,Nej,1,0,0,0,0,0,0,0,0,0,0,0,0,0,0,0,0,Varg,,Bete utan stängsel,Fältkontroll - LST,Bedömd som säker,2-2039,Storbäcken,6887187,369812,6891196,1327736,RT90,Mycket bra,2013.06.03,Ja,,Nej,,2013.06.03,2-2039,Älvdalen (S),2-20,Dalarnas län (S)
V448172,,2013.05.05,Nej,2013.05.05,2013.05.05,Ren,,,,2013.05.04,2013.05.04,Nej,1,0,0,0,0,0,0,0,0,0,0,0,0,0,0,0,0,Varg,,Bete utan stängsel,Fältkontroll - LST,Bedömd som säker,2-2039,Storbäcken,6886661,370969,6890655,1328887,RT90,Mycket bra,2013.06.03,Ja,,Nej,,2013.06.03,2-2039,Älvdalen (S),2-20,Dalarnas län (S)
V450354,,2013.07.25,Ja,2013.07.27,2013.07.26,Får,,,,2013.07.25,2013.07.25,Nej,0,0,0,0,0,0,0,0,1,0,0,0,0,0,0,0,0,Varg,,Bete innanför stängsel,Fältkontroll - LST,Dokumenterad,2-2482,Södra Stensjön,7220064,787541,7218896,1749777,SWEREF99 TM,Exakt,2013.07.29,Nej,,Nej,,2013.08.12,2-2482,Skellefteå (S),2-24,Västerbottens län (S)
V453608,,2013.11.07,Ja,2013.11.07,2013.11.07,Ren,,,,2013.11.07,2013.11.07,Nej,0,0,1,0,0,0,0,0,0,0,0,0,0,0,0,0,0,Varg,,Bete utan stängsel,Fältkontroll - LST,Dokumenterad,2-2039,Norr om Stovallåsen,6886249,386039,6890056,1343959,RT90,Exakt,2013.11.12,Ja,,Nej,,2013.11.12,2-2039,Älvdalen (S),2-20,Dalarnas län (S)
V453656,,2013.11.26,Ja,2013.11.26,,Ren,,,,2013.11.22,2013.11.22,Nej,1,0,0,0,0,0,0,0,0,0,0,0,0,0,0,0,0,Varg,,Bete utan stängsel,Fältkontroll - LST,Dokumenterad,2-2305,Torringen,6950778,539517,6952695,1498302,RT90,Mycket bra,2013.11.26,Ja,,Nej,,2013.11.27,2-2305,Bräcke (S),2-23,Jämtlands län (S)
V453658,,2013.11.27,Ja,2013.11.27,,Ren,,,,2013.11.24,2013.11.24,Ja,0,0,0,0,0,0,0,0,1,0,0,0,0,0,0,0,0,Varg,,Bete utan stängsel,Fältkontroll - LST,Dokumenterad,2-2305,Torringen,6951496,538418,6953427,1497212,RT90,Mycket bra,2013.11.27,Ja,,Nej,,2013.11.27,2-2305,Bräcke (S),2-23,Jämtlands län (S)
V453760,,2013.11.30,Ja,2013.11.30,,Ren,,,,2013.11.30,2013.11.30,Nej,0,0,0,0,0,0,0,0,0,0,0,0,0,0,0,0,0,Varg,,Inmark (endast Norge),Fältkontroll - LST,Dokumenterad,2-2039,Gudmundsåsen,6859643,389517,6863394,1347108,RT90,Mycket bra,2013.12.13,Ja,,Nej,,2013.12.13,2-2039,Älvdalen (S),2-20,Dalarnas län (S)
V453794,,2013.12.19,Ja,2013.12.19,2013.12.19,Ren,,,,2013.12.19,2013.12.19,Ja,0,0,0,0,1,0,0,0,0,0,0,0,0,0,0,0,0,Varg,,Bete utan stängsel,Fältkontroll - LST,Dokumenterad,2-2284,,7057421,621376,7058338,1581523,RT90,Exakt,2013.12.25,Ja,,Nej,,2013.12.25,2-2284,Örnsköldsvik (S),2-22,Västernorrlands län (S)
V453795,,2013.12.23,Ja,,,Ren,,,,2013.12.22,2013.12.22,Nej,1,0,0,0,0,0,0,0,0,0,0,0,0,0,0,0,0,Varg,,Bete utan stängsel,Fältkontroll - LST,Dokumenterad,2-2283,,7027992,573691,7029502,1533455,RT90,Exakt,2013.12.25,Ja,,Nej,,2013.12.25,2-2283,Sollefteå (S),2-22,Västernorrlands län (S)
V453796,,2013.12.21,Ja,2013.12.21,2013.12.21,Ren,,,,2013.12.20,2013.12.20,Nej,0,0,0,0,0,0,0,0,1,0,0,0,0,0,0,0,0,Varg,,Bete utan stängsel,Fältkontroll - LST,Dokumenterad,2-2283,,7086387,589831,7087709,1550336,RT90,Exakt,2013.12.25,Ja,,Nej,,2013.12.25,2-2283,Sollefteå (S),2-22,Västernorrlands län (S)
V453868,,2014.01.05,Ja,2014.01.06,2014.01.05,Ren,,,,2014.01.04,2014.01.04,Nej,1,0,0,0,0,0,0,0,0,0,0,0,0,0,0,0,0,Varg,,Bete utan stängsel,Fältkontroll - LST,Dokumenterad,2-2283,,7085698,611536,7086746,1572037,RT90,Exakt,2014.01.06,Ja,,Nej,,2014.01.06,2-2283,Sollefteå (S),2-22,Västernorrlands län (S)
V453869,,2014.01.06,Ja,2014.01.06,,Ren,,,,2014.01.05,2014.01.05,Nej,0,0,0,0,0,0,0,0,1,0,0,0,0,0,0,0,0,Varg,,Bete utan stängsel,Fältkontroll - LST,Dokumenterad,2-2283,Hällbymagasinet,7085424,611876,7086467,1572374,RT90,Exakt,2014.01.06,Ja,,Nej,,2014.01.06,2-2283,Sollefteå (S),2-22,Västernorrlands län (S)
V453870,,2014.01.06,Ja,2014.01.06,,Ren,,,,2014.01.05,2014.01.05,Nej,1,0,0,0,0,0,0,0,0,0,0,0,0,0,0,0,0,Varg,,Bete utan stängsel,Fältkontroll - LST,Dokumenterad,2-2283,Hällbydammen,7085787,613252,7086813,1573755,RT90,Exakt,2014.01.06,Ja,,Nej,,2014.01.06,2-2283,Sollefteå (S),2-22,Västernorrlands län (S)
V453878,,2014.01.05,Ja,2014.01.06,2014.01.05,Ren,,,,2014.01.05,2014.01.05,Nej,0,0,0,0,0,0,0,0,0,1,0,0,0,0,0,0,0,Varg,,Bete utan stängsel,Fältkontroll - LST,Bedömd som säker,2-2039,Rassakufjäll,6822634,422387,6825961,1379534,RT90,Exakt,2014.01.07,Ja,,Nej,,2014.01.07,2-2039,Älvdalen (S),2-20,Dalarnas län (S)
V453879,,2014.01.06,Ja,2014.01.06,2014.01.06,Ren,,,,2014.01.06,2014.01.06,Nej,0,0,0,0,0,0,0,0,0,0,1,0,0,0,0,0,0,Varg,,Bete utan stängsel,Fältkontroll - LST,Bedömd som säker,2-2039,Rassakufjäll,6822529,423968,6825836,1381115,RT90,Exakt,2014.01.07,Ja,,Nej,,2014.01.15,2-2039,Älvdalen (S),2-20,Dalarnas län (S)
V453928,,2014.01.09,Ja,2014.01.09,,Ren,,,,2014.01.09,2014.01.09,Ja,0,0,0,0,1,0,0,0,0,0,0,0,0,0,0,0,0,Varg,,Bete utan stängsel,Fältkontroll - LST,Bedömd som säker,2-2039,,6826194,419436,6829559,1376626,RT90,Exakt,2014.01.09,Ja,,Nej,,2014.01.10,2-2039,Älvdalen (S),2-20,Dalarnas län (S)
V453982,,2014.01.14,Ja,2014.01.15,2014.01.14,Ren,,,,2014.01.14,2014.01.14,Nej,0,0,0,0,0,0,0,0,0,0,0,0,0,0,0,0,0,Varg,,Bete utan stängsel,Fältkontroll - LST,Bedömd som säker,2-2039,Fonotjärnåsen,6827158,419934,6830517,1377136,WGS84-UTM Zon 33,Mycket bra,2014.01.15,Ja,,Nej,,2014.01.15,2-2039,Älvdalen (S),2-20,Dalarnas län (S)
V454257,,2014.02.03,Ja,2014.02.04,2014.02.03,Ren,,,,2014.02.02,2014.02.02,Nej,1,0,0,0,0,0,0,0,0,0,0,0,0,0,0,0,0,Varg,,Bete utan stängsel,Fältkontroll - LST,Dokumenterad,2-2283,Åkerbränna,7088441,595983,7089686,1556515,RT90,Exakt,2014.02.04,Ja,,Nej,,2014.02.04,2-2283,Sollefteå (S),2-22,Västernorrlands län (S)
V454338,,2014.02.10,Ja,2014.02.10,,Ren,,,,2014.02.10,2014.02.10,Nej,1,0,0,0,0,0,0,0,0,0,0,0,0,0,0,0,0,Varg,,Bete utan stängsel,Fältkontroll - LST,Dokumenterad,2-2283,Rosjön,7069036,603371,7070183,1563660,RT90,Mindre bra,2014.02.10,Ja,,Nej,,2014.02.10,2-2283,Sollefteå (S),2-22,Västernorrlands län (S)
V454351,,2014.02.11,Ja,2014.02.11,2014.02.11,Ren,,,,2014.02.11,2014.02.11,Nej,0,0,0,0,0,0,0,0,1,0,0,0,0,0,0,0,0,Varg,,Bete utan stängsel,Fältkontroll - LST,Dokumenterad,2-2283,,7084779,606644,7085888,1567133,RT90,Exakt,2014.02.11,Ja,,Nej,,2014.02.11,2-2283,Sollefteå (S),2-22,Västernorrlands län (S)
V454397,,2014.02.11,Ja,2014.02.12,2014.02.12,Ren,,,,2014.02.11,2014.02.11,Ja,0,0,0,0,0,0,0,0,0,0,0,0,0,0,0,0,0,Varg,,Inmark (endast Norge),Fältkontroll - LST,Dokumenterad,2-2481,Bjurlund,7202897,666156,7203276,1628157,RT90,Exakt,2014.02.13,Nej,,Nej,,2014.02.17,2-2481,Lycksele (S),2-24,Västerbottens län (S)
V454416,,2014.02.12,Ja,2014.02.12,2014.02.12,Ren,,,,2014.02.12,2014.02.12,Ja,0,0,0,0,0,0,0,0,0,0,0,0,0,0,0,0,0,Varg,,Bete utan stängsel,Fältkontroll - LST,Dokumenterad,2-2481,,7200973,663600,7201384,1625576,RT90,Exakt,2014.02.12,Nej,,Nej,,2014.02.17,2-2481,Lycksele (S),2-24,Västerbottens län (S)
V454423,,2014.02.07,Ja,,,Ren,,,,2014.02.05,2014.02.05,Nej,0,0,0,0,0,0,0,0,1,0,0,0,0,0,0,0,0,Varg,,Inmark (endast Norge),Fältkontroll - LST,Dokumenterad,2-2481,,7189972,652773,7190519,1614607,RT90,Exakt,2014.02.17,Nej,,Nej,,2014.02.17,2-2481,Lycksele (S),2-24,Västerbottens län (S)
V454729,,2014.03.09,Ja,2014.03.10,,Ren,,,,2014.03.08,2014.03.08,Nej,0,0,0,0,0,0,0,0,1,0,0,0,0,0,0,0,0,Varg,,Bete utan stängsel,Fältkontroll - LST,Dokumenterad,2-2409,Åkullsjön,7136469,765886,7135570,1727056,SWEREF99 TM,Mindre bra,2014.03.10,Ja,,Nej,,2014.03.12,2-2409,Robertsfors (S),2-24,Västerbottens län (S)
V454730,,2014.03.09,Ja,2014.03.10,,Ren,,,,2014.03.07,2014.03.07,Nej,0,0,0,0,0,0,0,0,1,0,0,0,0,0,0,0,0,Varg,,Bete utan stängsel,Fältkontroll - LST,Dokumenterad,2-2409,Åkullsjön,7136221,766127,7135319,1727294,SWEREF99 TM,Mindre bra,2014.03.10,Ja,,Nej,,2014.03.12,2-2409,Robertsfors (S),2-24,Västerbottens län (S)
V454788,,2014.03.18,Ja,2014.03.18,2014.03.18,Ren,,,,2014.03.18,2014.03.18,Nej,0,0,0,0,0,0,0,0,1,0,0,0,0,0,0,0,0,Varg,,Bete utan stängsel,Fältkontroll - LST,Dokumenterad,2-2283,,7026339,570918,7027884,1530660,RT90,Exakt,2014.03.18,Ja,,Nej,,2014.03.18,2-2283,Sollefteå (S),2-22,Västernorrlands län (S)
V454798,,2014.03.18,Ja,2014.03.19,2014.03.18,Ren,,,,2014.03.18,2014.03.18,Nej,0,0,0,0,0,0,0,0,1,0,0,0,0,0,0,0,0,Varg,,Bete utan stängsel,Fältkontroll - LST,Dokumenterad,2-2482,Älgliden,7221400,730313,7220963,1692560,SWEREF99 TM,Exakt,2014.03.21,Ja,,Nej,,2014.03.21,2-2482,Skellefteå (S),2-24,Västerbottens län (S)
V459645,,2014.09.21,Nej,,2014.09.21,Ren,,,,2014.09.19,2014.09.19,Nej,1,0,0,0,0,0,0,0,0,0,0,0,0,0,0,0,0,Varg,,Bete utan stängsel,Fältkontroll - LST,Bedömd som säker,2-2326,Påltjärn,6975237,433355,6978492,1392408,WGS84-UTM Zon 33,Mycket bra,2014.09.21,Ja,,Nej,,2014.09.21,2-2326,Berg (S),2-23,Jämtlands län (S)
V459646,,2014.09.21,Nej,,2014.09.21,Ren,,,,2014.09.20,2014.09.20,Nej,1,0,0,0,0,0,0,0,0,0,0,0,0,0,0,0,0,Varg,,Bete utan stängsel,Fältkontroll - LST,Bedömd som säker,2-2326,Galån,6978484,437788,6981685,1396884,WGS84-UTM Zon 33,Mycket bra,2014.09.21,Ja,,Nej,,2014.09.21,2-2326,Berg (S),2-23,Jämtlands län (S)
V459905,,2014.09.04,Nej,,,Ren,,,,2014.09.04,2014.09.04,Ja,0,0,0,0,0,0,0,0,1,0,0,0,0,0,0,0,0,Varg,,Bete utan stängsel,Fältkontroll - LST,Bedömd som säker,2-2326,,6971238,439078,6974419,1398083,WGS84-UTM Zon 33,Mindre bra,2014.09.30,Ja,,Nej,,2014.09.30,2-2326,Berg (S),2-23,Jämtlands län (S)
V459906,,2014.09.04,Nej,,,Ren,,,,2014.09.04,2014.09.04,Ja,0,0,0,0,0,0,0,0,1,0,0,0,0,0,0,0,0,Varg,,Bete utan stängsel,Fältkontroll - LST,Bedömd som säker,2-2326,,6973735,436222,6976953,1395257,WGS84-UTM Zon 33,Mindre bra,2014.09.30,Ja,,Nej,,2014.09.30,2-2326,Berg (S),2-23,Jämtlands län (S)
V459907,,2014.09.04,Ja,,,Ren,,,,2014.09.04,2014.09.04,Ja,1,0,0,0,0,0,0,0,0,0,0,0,0,0,0,0,0,Varg,,Bete utan stängsel,Fältkontroll - LST,Bedömd som säker,2-2326,,6973798,436328,6977015,1395364,WGS84-UTM Zon 33,Mindre bra,2014.09.30,Ja,,Nej,,2014.09.30,2-2326,Berg (S),2-23,Jämtlands län (S)
V459908,,2014.09.02,Ja,,,Ren,,,,2014.09.02,2014.09.02,Ja,0,0,0,0,0,0,0,0,0,0,0,0,0,0,0,0,0,Varg,,Bete utan stängsel,Fältkontroll - LST,Osäker,2-2326,,6974769,434982,6978003,1394030,WGS84-UTM Zon 33,Mindre bra,2014.09.30,Ja,,Nej,,2014.09.30,2-2326,Berg (S),2-23,Jämtlands län (S)
V459909,,2014.09.02,Nej,,,Ren,,,,2014.09.02,2014.09.02,Ja,0,0,0,0,0,0,0,0,0,0,0,0,0,0,0,0,0,Varg,,Bete utan stängsel,Fältkontroll - LST,Osäker,2-2326,,6975290,434466,6978531,1393520,WGS84-UTM Zon 33,Mindre bra,2014.09.30,Ja,,Nej,,2014.09.30,2-2326,Berg (S),2-23,Jämtlands län (S)
V459910,,2014.09.17,Nej,,,Ren,,,,2014.09.17,2014.09.17,Ja,1,0,0,0,0,0,0,0,0,0,0,0,0,0,0,0,0,Varg,,Bete utan stängsel,Fältkontroll - LST,Bedömd som säker,2-2326,,6975023,433220,6978279,1392270,WGS84-UTM Zon 33,Mindre bra,2014.09.30,Ja,,Nej,,2014.09.30,2-2326,Berg (S),2-23,Jämtlands län (S)
V459911,,2014.09.18,Ja,,,Ren,,,,2014.09.18,2014.09.18,Ja,1,0,0,0,0,0,0,0,0,0,0,0,0,0,0,0,0,Varg,,Bete utan stängsel,Fältkontroll - LST,Bedömd som säker,2-2326,,6968668,436508,6971881,1395480,WGS84-UTM Zon 33,Mindre bra,2014.09.30,Ja,,Nej,,2014.09.30,2-2326,Berg (S),2-23,Jämtlands län (S)
V459912,,2014.09.18,Ja,,,Ren,,,,2014.09.18,2014.09.18,Ja,0,0,0,0,0,0,0,0,1,0,0,0,0,0,0,0,0,Varg,,Bete utan stängsel,Fältkontroll - LST,Bedömd som säker,2-2326,,6976157,442357,6979299,1401425,WGS84-UTM Zon 33,Mindre bra,2014.09.30,Ja,,Nej,,2014.09.30,2-2326,Berg (S),2-23,Jämtlands län (S)
V460025,,2014.10.05,Ja,2014.10.05,2014.10.05,Ren,,,,2014.10.04,2014.10.04,Nej,0,0,0,0,0,0,0,0,1,0,0,0,0,0,0,0,0,Varg,,Bete utan stängsel,Fältkontroll - LST,Bedömd som säker,2-2326,,6964134,437289,6967335,1396204,RT90,Exakt,2014.10.05,Ja,,Nej,,2014.10.05,2-2326,Berg (S),2-23,Jämtlands län (S)
V460046,,2014.10.05,Ja,2014.10.05,2014.10.07,Ren,,,,2014.10.04,2014.10.04,Nej,0,0,0,0,0,0,0,0,1,0,0,0,0,0,0,0,0,Varg,,Bete utan stängsel,Fältkontroll - LST,Osäker,2-2326,Bjurkällan,6974601,443713,6977726,1402762,RT90,Mindre bra,2014.10.07,Ja,,Nej,,2014.10.07,2-2326,Berg (S),2-23,Jämtlands län (S)
V460182,,2014.10.12,Nej,,2014.10.13,Ren,,,,2014.10.11,2014.10.11,Nej,1,0,0,0,0,0,0,0,0,0,0,0,0,0,0,0,0,Varg,,Bete utan stängsel,Fältkontroll - LST,Bedömd som säker,2-2326,Arån söder Glen,6976920,431427,6980200,1390500,RT90,Mycket bra,2014.10.13,Ja,,Nej,,2014.10.13,2-2326,Berg (S),2-23,Jämtlands län (S)
V460347,,2014.10.24,Ja,2014.10.24,,Ren,,,,2014.10.23,2014.10.23,Nej,0,0,0,0,0,0,0,0,1,0,0,0,0,0,0,0,0,Varg,,Bete utan stängsel,Fältkontroll - LST,Dokumenterad,2-2326,Svedulandet,6958976,426325,6962312,1385171,RT90,Mindre bra,2014.10.24,Ja,,Nej,,2014.10.24,2-2326,Berg (S),2-23,Jämtlands län (S)
V460546,,2014.11.05,Nej,,2014.11.05,Ren,,,,2014.11.05,2014.11.05,Nej,0,0,0,0,0,0,0,0,1,0,0,0,0,0,0,0,0,Varg,,Bete utan stängsel,Fältkontroll - LST,Dokumenterad,2-2326,Aloppan,6954192,438131,6957378,1396922,WGS84-UTM Zon 33,Mindre bra,2014.11.05,Ja,,Nej,,2014.11.05,2-2326,Berg (S),2-23,Jämtlands län (S)
V460564,,2014.11.07,Ja,2014.11.06,2014.11.06,Annat djur,Bäver,,,2014.11.07,2014.11.07,Nej,0,0,0,0,0,0,0,0,0,0,0,0,0,0,0,0,0,Varg,,Bete utan stängsel,Fältkontroll - LST,Dokumenterad,2-2283,,7022495,564320,7024122,1524012,RT90,Mycket bra,2014.11.07,Nej,,Nej,,2014.11.07,2-2283,Sollefteå (S),2-22,Västernorrlands län (S)
V460638,,2014.11.19,Ja,2014.11.19,,Ren,,,,2014.11.16,2014.11.16,Nej,0,0,0,0,0,0,0,0,1,0,0,0,0,0,0,0,0,Varg,,Bete utan stängsel,Fältkontroll - LST,Dokumenterad,2-2518,Puhkuri,7377083,881776,7374710,1846033,RT90,Mindre bra,2014.11.20,Nej,,Nej,,2014.11.20,2-2518,Övertorneå (S),2-25,Norrbottens län (S)
V460681,,2014.12.04,Ja,,,Ren,,,,2014.12.02,2014.12.02,Nej,0,0,0,0,0,0,0,0,1,0,0,0,0,0,0,0,0,Varg,,Inmark (endast Norge),Fältkontroll - LST,Dokumenterad,2-2510,,7411918,702861,7411861,1667554,RT90,Mindre bra,2014.12.05,Ja,,Nej,,2014.12.05,2-2510,Jokkmokk (S),2-25,Norrbottens län (S)
V461672,,2015.03.29,Ja,,2015.03.29,Ren,,,,2015.03.29,2015.03.29,Nej,0,0,0,0,1,0,0,0,0,0,0,0,0,0,0,0,0,Varg,,Bete utan stängsel,Fältkontroll - LST,Dokumenterad,2-2326,Kvarnsjö,6934242,468409,6937042,1426963,RT90,Exakt,2015.03.29,Ja,,Nej,,2015.03.29,2-2326,Berg (S),2-23,Jämtlands län (S)
V461673,,2015.03.29,Ja,,,Ren,,,,2015.03.29,2015.03.29,Nej,0,0,0,0,0,0,0,0,1,0,0,0,0,0,0,0,0,Varg,,Bete utan stängsel,Fältkontroll - LST,Dokumenterad,2-2326,Kvarnsjö,6932655,468958,6935447,1427492,RT90,Exakt,2015.03.29,Ja,,Nej,,2015.03.29,2-2326,Berg (S),2-23,Jämtlands län (S)
V466918,,2016.01.02,Ja,2016.01.02,,Jakthund,,Annan,Gråhund,2016.01.02,2016.01.02,Nej,0,0,0,0,0,0,0,0,1,0,0,0,0,0,0,0,0,Varg,,,Fältkontroll - LST,Bedömd som säker,2-2083,Långmora,6701901,553201,6703573,1508909,RT90,Mycket bra,2016.01.03,Nej,,Ja,2017.12.18,2016.02.11,2-2083,Hedemora (S),2-20,Dalarnas län (S)
V466973,,2016.01.04,Ja,2016.01.04,,Jakthund,,Annan,Drever,2016.01.04,2016.01.04,Nej,0,0,0,0,0,0,0,0,0,0,1,0,0,0,0,0,0,Varg,,,Fältkontroll - LST,Dokumenterad,2-1460,,6569302,341613,6573495,1295619,WGS84-UTM Zon 33,Mindre bra,2016.01.09,Nej,,Ja,2017.12.18,2016.01.11,2-1460,Bengtsfors (S),2-14,Västra Götalands län (S)
V467013,,2016.01.09,Ja,2016.01.10,,Jakthund,,Annan,Jämthund,2016.01.09,2016.01.09,Nej,0,0,0,0,0,0,0,0,0,0,1,0,0,0,0,0,0,Varg,,,Fältkontroll - LST,Dokumenterad,2-1763,Lundbyberget,6618994,422010,6622236,1376658,RT90,Mycket bra,2016.01.14,Nej,,Ja,2017.12.18,2016.01.18,2-1763,Forshaga (S),2-17,Värmlands län (S)
V467031,,2016.01.17,Ja,2016.01.17,,Ren,,,,2016.01.17,2016.01.17,Nej,0,0,0,0,0,0,0,0,1,0,0,0,0,0,0,0,0,Varg,,,Fältkontroll - LST,Dokumenterad,2-2513,Linkavaara,7429633,817090,7428099,1782026,WGS84-UTM Zon 33,Mindre bra,2016.01.17,Nej,,Nej,,2016.01.17,2-2513,Överkalix (S),2-25,Norrbottens län (S)
V467063,,2016.01.18,Ja,2016.01.18,,Ren,,,,2016.01.18,2016.01.18,Nej,0,0,0,0,0,0,0,0,2,0,0,0,0,0,0,0,0,Varg,,,Fältkontroll - LST,Dokumenterad,2-2523,,7431977,811567,7430514,1776533,RT90,Mindre bra,2016.01.19,Nej,,Nej,,2016.01.19,2-2523,Gällivare (S),2-25,Norrbottens län (S)
V467106,,2016.01.26,Ja,2016.01.26,,Ren,,,,2016.01.25,2016.01.26,Nej,0,0,0,0,0,0,0,0,1,0,0,0,0,0,0,0,0,Varg,,,Fältkontroll - LST,Dokumenterad,2-2361,Rosången,6911837,493565,6914315,1451849,RT90,Exakt,2016.01.26,Ja,,Nej,,2016.01.26,2-2361,Härjedalen (S),2-23,Jämtlands län (S)
V467107,,2016.01.26,Ja,2016.01.26,,Ren,,,,2016.01.25,2016.01.26,Nej,0,0,0,0,0,0,0,0,1,0,0,0,0,0,0,0,0,Varg,,,Fältkontroll - LST,Dokumenterad,2-2361,Rosången,6911644,493592,6914121,1451873,RT90,Exakt,2016.01.26,Ja,,Nej,,2016.01.26,2-2361,Härjedalen (S),2-23,Jämtlands län (S)
V467137,,2016.01.29,Nej,,2016.01.29,Ren,,,,2016.01.29,2016.01.29,Nej,0,0,0,0,0,0,0,0,1,0,0,0,0,0,0,0,0,Varg,,,Intervju/brev,Bedömd som säker,2-2034,Rosången,6813552,490352,6816034,1447414,RT90,Mycket bra,2016.01.29,Ja,,Nej,,2016.01.29,2-2034,Orsa (S),2-20,Dalarnas län (S)
V467154,,2016.01.31,Nej,,2016.01.31,Ren,,,,2016.01.31,2016.01.31,Nej,0,0,0,0,0,0,0,0,1,0,0,0,0,0,0,0,0,Varg,,,Intervju/brev,Bedömd som säker,2-2361,Rosången,6909738,489824,6912261,1448080,RT90,Exakt,2016.01.31,Ja,,Nej,,2016.01.31,2-2361,Härjedalen (S),2-23,Jämtlands län (S)
V467196,,2016.02.04,Ja,2016.02.04,,Ren,,,,2016.02.01,2016.02.04,Nej,0,0,0,0,0,0,0,0,1,0,0,0,0,0,0,0,0,Varg,,,Fältkontroll - LST,Dokumenterad,2-2326,"Brötbäcken,Dalåsbodarna",6967552,455681,6970524,1414647,RT90,Exakt,2016.02.04,Ja,,Nej,,2016.02.04,2-2326,Berg (S),2-23,Jämtlands län (S)
V467197,,2016.02.04,Ja,2016.02.04,,Ren,,,,2016.02.01,2016.02.04,Nej,0,0,0,0,0,0,0,0,1,0,0,0,0,0,0,0,0,Varg,,,Fältkontroll - LST,Dokumenterad,2-2326,"Brötbäcken,Dalåsbodarna",6967552,455681,6970524,1414647,RT90,Exakt,2016.02.04,Ja,,Nej,,2016.02.04,2-2326,Berg (S),2-23,Jämtlands län (S)
V467203,,2016.02.04,Nej,,2016.02.04,Ren,,,,2016.02.02,2016.02.02,Nej,0,0,0,0,0,0,0,0,1,0,0,0,0,0,0,0,0,Varg,,,Intervju/brev,Bedömd som säker,2-2361,Rosången,6915933,488274,6918478,1446607,RT90,Mindre bra,2016.02.04,Ja,,Nej,,2016.02.04,2-2361,Härjedalen (S),2-23,Jämtlands län (S)
V467204,,2016.02.02,Ja,2016.02.02,,Ren,,,,2016.02.02,2016.02.02,Nej,0,0,0,0,0,0,0,0,1,0,0,0,0,0,0,0,0,Varg,,,Fältkontroll - LST,Dokumenterad,2-2260,Djuphorten,6917883,495003,6920345,1453362,RT90,Exakt,2016.02.04,Ja,,Nej,,2016.02.04,2-2260,Ånge (S),2-22,Västernorrlands län (S)
V467205,,2016.02.02,Nej,,2016.02.02,Ren,,,,2016.01.27,2016.01.31,Nej,0,0,0,0,0,0,0,0,1,0,0,0,0,0,0,0,0,Varg,,,Intervju/brev,Bedömd som säker,2-2361,Rosången,6912228,493266,6914709,1451554,RT90,Exakt,2016.02.04,Ja,,Nej,,2016.02.04,2-2361,Härjedalen (S),2-23,Jämtlands län (S)
V467257,,2016.02.05,Nej,,2016.02.05,Ren,,,,2016.02.04,2016.02.05,Nej,0,0,0,0,0,0,0,0,1,0,0,0,0,0,0,0,0,Varg,,,Fältkontroll - LST,Dokumenterad,2-2361,Stor-Härjåvallen,6861239,418631,6864629,1376255,SWEREF99 TM,Exakt,2016.02.08,Ja,,Nej,,2016.02.08,2-2361,Härjedalen (S),2-23,Jämtlands län (S)
V467258,,2016.02.08,Nej,,2016.02.08,Ren,,,,2016.02.04,2016.02.08,Nej,0,0,0,0,0,0,0,0,1,0,0,0,0,0,0,0,0,Varg,,,Fältkontroll - Sameby,Bedömd som säker,2-2326,Häggsåsen,6988337,452196,6991361,1411421,RT90,Mycket bra,2016.02.08,Ja,,Nej,,2016.02.08,2-2326,Berg (S),2-23,Jämtlands län (S)
V467260,,2016.02.08,Nej,,2016.02.08,Ren,,,,2016.02.03,2016.02.08,Nej,0,0,0,0,0,0,0,0,1,0,0,0,0,0,0,0,0,Varg,,,Fältkontroll - Sameby,Bedömd som säker,2-2326,"Brötbäcken,Dalåsbodarna",6967337,456621,6970297,1415584,WGS84-UTM Zon 33,Mindre bra,2016.02.08,Ja,,Nej,,2016.02.08,2-2326,Berg (S),2-23,Jämtlands län (S)
V467271,,2016.02.09,Nej,,2016.02.09,Ren,,,,2016.02.03,2016.02.05,Nej,0,0,0,0,0,0,0,0,1,0,0,0,0,0,0,0,0,Varg,,,Fältkontroll - Sameby,Bedömd som säker,2-2326,"Brötbäcken,Dalåsbodarna",6967896,456739,6970855,1415709,WGS84-UTM Zon 33,Mindre bra,2016.02.09,Ja,,Nej,,2016.02.09,2-2326,Berg (S),2-23,Jämtlands län (S)
V467278,,2016.02.10,Nej,,2016.02.10,Ren,,,,2016.02.03,2016.02.06,Nej,0,0,0,0,0,0,0,0,1,0,0,0,0,0,0,0,0,Varg,,,Fältkontroll - Sameby,Osäker,2-2326,"Brötbäcken,Dalåsbodarna",6968560,456206,6971526,1415185,WGS84-UTM Zon 33,Mindre bra,2016.02.11,Ja,,Nej,,2016.02.11,2-2326,Berg (S),2-23,Jämtlands län (S)
V467407,,2016.02.19,Ja,2016.02.19,,Ren,,,,2016.02.19,2016.02.19,Nej,1,0,0,0,0,0,0,0,0,0,0,0,0,0,0,0,0,Varg,,,Fältkontroll - Sameby,Bedömd som säker,2-2283,Halån,7018193,566960,7019785,1526599,RT90,Mycket bra,2016.02.21,Ja,,Nej,,2016.02.21,2-2283,Sollefteå (S),2-22,Västernorrlands län (S)
V467456,,2016.02.24,Ja,2016.02.24,,Ren,,,,2016.02.23,2016.02.24,Nej,0,0,0,0,0,0,0,0,1,0,0,0,0,0,0,0,0,Varg,,,Fältkontroll - LST,Dokumenterad,2-2305,Sjöberget,6994378,559344,6996059,1518681,RT90,Mycket bra,2016.02.24,Ja,,Nej,,2016.02.24,2-2305,Bräcke (S),2-23,Jämtlands län (S)
V467552,,2016.03.01,Ja,2016.03.01,,Ren,,,,2016.02.28,2016.02.28,Nej,0,0,0,0,0,0,0,0,1,0,0,0,0,0,0,0,0,Varg,,,Fältkontroll - LST,Dokumenterad,2-2313,Byggflon,7063878,529114,7065961,1489317,RT90,Exakt,2016.03.01,Ja,,Nej,,2022.04.04,2-2313,Strömsund (S),2-23,Jämtlands län (S)
V467669,,2016.03.09,Ja,2016.03.09,,Ren,,,,2016.03.09,2016.03.09,Nej,0,0,0,0,1,0,0,0,0,0,0,0,0,0,0,0,0,Varg,,,Fältkontroll - LST,Dokumenterad,2-2303,Fullsjön,7033984,545688,7035849,1505519,RT90,Exakt,2016.03.10,Ja,,Nej,,2016.03.10,2-2303,Ragunda (S),2-23,Jämtlands län (S)
V467864,,2016.03.12,Ja,2016.03.12,,Får,,Annan,Shropshire,2016.03.11,2016.03.12,Nej,0,0,0,0,0,0,0,0,1,0,0,0,0,0,0,0,0,Varg,,Bete innanför stängsel,Fältkontroll - LST,Dokumenterad,2-1981,Åvestbo,6645593,590903,6646789,1545934,RT90,Exakt,2016.03.12,Nej,,Ja,2017.12.18,2016.03.23,2-1981,Sala (S),2-19,Västmanlands län (S)
V468145,,2016.02.19,Ja,2016.02.19,,Ren,,,,2016.02.19,2016.02.19,Nej,0,0,0,0,1,0,0,0,0,0,0,0,0,0,0,0,0,Varg,,,Fältkontroll - Sameby,Bedömd som säker,2-2303,Halasjön,7010389,567058,7011978,1526599,RT90,Mycket bra,2016.04.18,Nej,,Nej,,2016.04.18,2-2303,Ragunda (S),2-23,Jämtlands län (S)
V468173,,2016.04.12,Ja,2016.04.20,,Får,,Gotlandsfår,,2016.04.12,2016.04.12,Nej,0,0,0,0,0,0,0,0,0,0,1,0,0,0,0,0,0,Varg,,Bete innanför stängsel,Fältkontroll - LST,Bedömd som säker,2-1785,Odenstad Säteri,6579119,374823,6582915,1328965,RT90,Mycket bra,2016.04.20,Nej,,Ja,2017.12.18,2016.10.10,2-1785,Säffle (S),2-17,Värmlands län (S)
V468203,,2016.04.19,Ja,2016.04.19,,Annat djur,Katt,,,2016.04.18,2016.04.19,Nej,0,0,0,0,0,0,0,0,6,0,0,0,0,0,0,0,0,Varg,,Bete utan stängsel,Fältkontroll - LST,Dokumenterad,2-2085,Gonäs / Halvarsvägen,6668797,504478,6671054,1459766,RT90,Mycket bra,2016.04.25,Nej,,Ja,2017.12.18,2016.04.25,2-2085,Ludvika (S),2-20,Dalarnas län (S)
V468350,,2016.05.13,Ja,2016.05.13,,Nöt,,,,2016.05.12,2016.05.13,Nej,1,0,0,0,0,0,0,0,0,0,0,0,0,0,0,0,0,Varg,,Bete innanför stängsel,Fältkontroll - LST,Osäker,2-1381,"Vallängen, Våxtorp",6255554,381233,6259110,1331518,RT90,Exakt,2016.05.13,Nej,,Ja,2017.12.18,2017.08.31,2-1381,Laholm (S),2-13,Hallands län (S)
V468362,,2016.05.12,Ja,2016.05.13,,Får,,Allmogefår,,2016.05.12,2016.05.12,Nej,0,0,0,0,0,0,0,0,1,0,0,0,0,0,0,0,0,Varg,,Bete innanför stängsel,Fältkontroll - LST,Dokumenterad,2-2161,Gåda,6881994,541136,6883869,1499064,WGS84-UTM Zon 33,Mindre bra,2016.05.17,Nej,,Ja,2017.12.18,2016.05.17,2-2161,Ljusdal (S),2-21,Gävleborgs län (S)
V468363,,2016.05.13,Ja,2016.05.14,,Får,,Allmogefår,,2016.05.13,2016.05.13,Nej,0,0,0,0,0,0,0,0,0,1,0,0,0,0,0,0,0,Varg,,Bete innanför stängsel,Fältkontroll - LST,Dokumenterad,2-2161,Gåda,6881966,541193,6883840,1499120,WGS84-UTM Zon 33,Mindre bra,2016.05.17,Nej,,Ja,2017.12.18,2016.12.13,2-2161,Ljusdal (S),2-21,Gävleborgs län (S)
V468421,,2016.05.21,Ja,2016.05.21,,Får,,,,2016.05.21,2016.05.21,Nej,0,0,0,0,0,0,0,0,1,0,0,0,0,0,0,0,0,Varg,,Bete innanför stängsel,Fältkontroll - LST,Dokumenterad,2-1784,Bråne,6601461,363208,6605409,1317615,WGS84-UTM Zon 33,Mindre bra,2016.05.22,Nej,,Ja,2017.12.18,2016.05.22,2-1784,Arvika (S),2-17,Värmlands län (S)
V468422,,2016.05.21,Ja,2016.05.21,,Får,,,,2016.05.20,2016.05.21,Nej,5,0,0,1,0,0,0,0,0,0,0,0,0,0,0,0,0,Varg,,Bete innanför stängsel,Fältkontroll - LST,Dokumenterad,2-1737,Rönningen,6678703,390258,6682360,1345620,WGS84-UTM Zon 33,Mindre bra,2016.05.22,Nej,,Ja,2017.12.18,2016.05.22,2-1737,Torsby (S),2-17,Värmlands län (S)
V468432,,2016.05.21,Ja,2016.05.22,,Får,,,,2016.05.20,2016.05.21,Nej,3,0,0,0,0,0,0,0,2,0,0,0,0,0,0,0,0,Varg,,Bete innanför stängsel,Fältkontroll - LST,Dokumenterad,2-0482,Flenmo,6556432,587167,6557650,1541115,WGS84-UTM Zon 33,Mindre bra,2016.06.09,Nej,,Ja,2017.12.18,2016.06.09,2-0482,Flen (S),2-04,Södermanlands län (S)
V468437,,2016.05.18,Ja,2016.05.18,,Får,,Annan,korsning,2016.05.18,2016.05.18,Nej,1,0,1,0,0,0,0,0,0,0,0,0,0,0,0,0,0,Varg,,Bete innanför stängsel,Fältkontroll - LST,Dokumenterad,2-0331,Sillebo Östervåla,6676269,628378,6677015,1583792,SWEREF99 TM,Exakt,2016.05.18,Nej,,Ja,2017.12.18,2016.08.23,2-0331,Heby (S),2-03,Uppsala län (S)
V468452,,2016.05.21,Ja,2016.05.21,,Får,,Texel,,2016.05.20,2016.05.20,Nej,0,1,1,1,0,0,0,0,3,0,2,2,0,0,0,0,0,Varg,,Bete innanför stängsel,Fältkontroll - LST,Dokumenterad,2-0781,Bolmaryd Nyebro 1,6285182,424938,6288238,1375592,RT90,Mycket bra,2016.05.23,Nej,,Ja,2017.12.18,2016.05.31,2-0781,Ljungby (S),2-07,Kronobergs län (S)
V468490,,2016.05.20,Ja,2016.05.21,,Får,,Annan,Gute,2016.05.17,2016.05.19,Nej,0,0,0,0,1,0,0,0,1,0,0,0,0,0,0,0,0,Varg,,Bete innanför stängsel,Fältkontroll - LST,Bedömd som säker,2-2081,Högberget,6695781,512844,6697945,1468465,RT90,Mycket bra,2016.05.26,Nej,,Ja,2017.12.18,2016.05.26,2-2081,Borlänge (S),2-20,Dalarnas län (S)
V468611,,2016.06.05,Ja,2016.06.05,,Får,,,,2016.06.04,2016.06.05,Nej,1,0,2,0,0,0,0,0,7,0,0,0,0,0,0,0,0,Varg,,Bete utan stängsel,Fältkontroll - LST,Bedömd som säker,2-1782,Rämmen,6654329,449770,6657248,1404860,SWEREF99 TM,Mycket bra,2016.06.06,Nej,,Ja,2017.12.18,2016.06.07,2-1782,Filipstad (S),2-17,Värmlands län (S)
V468765,,2016.06.12,Ja,2016.06.12,,Får,,,,2016.06.11,2016.06.12,Nej,3,9,0,0,0,0,0,0,2,7,0,0,0,0,0,0,0,Varg,,Bete utan stängsel,Fältkontroll - LST,Bedömd som säker,2-1814,Västkärr Gård,6552506,485923,6554946,1439792,RT90,Mycket bra,2016.06.13,Nej,,Ja,2017.12.18,2016.08.26,2-1814,Lekeberg (S),2-18,Örebro län (S)
V468783,,2016.06.14,Ja,2016.06.14,,Får,,,,2016.06.13,2016.06.14,Nej,0,1,0,0,1,0,0,0,2,1,0,0,0,0,0,0,0,Varg,,Bete med rovdjursavvisande stängsel,Fältkontroll - LST,Bedömd som säker,2-1766,Brandsbol,6651902,381250,6655656,1336280,RT90,Mycket bra,2016.06.14,Nej,,Ja,2017.12.18,2016.06.14,2-1766,Sunne (S),2-17,Värmlands län (S)
V468867,,2016.06.18,Ja,2016.06.18,,Får,,,,2016.06.17,2016.06.18,Nej,2,0,0,0,1,0,0,0,0,1,0,0,0,0,0,0,0,Varg,,Bete med rovdjursavvisande stängsel,Fältkontroll - LST,Dokumenterad,2-1766,,6651838,381230,6655592,1336259,WGS84-UTM Zon 33,Mindre bra,2016.06.19,Nej,,Ja,2017.12.18,2016.06.19,2-1766,Sunne (S),2-17,Värmlands län (S)
V469058,,2016.06.25,Ja,2016.06.22,,Får,,Köttraskorsningar,,2016.06.24,2016.06.25,Nej,1,0,0,0,0,1,1,0,0,0,0,0,0,0,0,0,0,Varg,,Bete innanför stängsel,Fältkontroll - LST,Bedömd som säker,2-1814,Västkärr,6551477,486245,6553913,1440101,RT90,Mindre bra,2016.06.25,Nej,,Ja,2017.12.18,2016.08.26,2-1814,Lekeberg (S),2-18,Örebro län (S)
V469105,,2016.06.12,Ja,2016.06.12,,Får,,Finullsfår,,2016.06.12,2016.06.12,Nej,3,0,1,0,0,0,0,0,8,1,1,0,0,0,0,0,0,Varg,,Bete innanför stängsel,Fältkontroll - LST,Bedömd som säker,2-1766,Brandsbols Gård 6,6651857,381220,6655611,1336249,WGS84-UTM Zon 33,Mindre bra,2016.06.28,Nej,,Ja,2017.12.18,2016.06.28,2-1766,Sunne (S),2-17,Värmlands län (S)
V469210,,2016.07.01,Ja,2016.07.01,,Får,,Köttraskorsningar,,2016.06.30,2016.07.01,Nej,2,1,1,1,0,0,0,0,1,1,0,0,0,0,0,0,0,Varg,,Bete innanför stängsel,Fältkontroll - LST,Dokumenterad,2-0662,"Svanaholm, Trädgårdstorpet",6327909,421201,6331029,1372358,RT90,Exakt,2016.07.01,Nej,,Ja,2017.12.18,2016.07.10,2-0662,Gislaved (S),2-06,Jönköpings län (S)
V469669,,2016.07.15,Ja,2016.07.15,,Får,,Köttraskorsningar,,2016.07.14,2016.07.15,Nej,3,0,0,0,0,0,0,0,1,0,0,0,0,0,0,0,0,Varg,,Bete innanför stängsel,Fältkontroll - LST,Dokumenterad,2-2026,Hedbyn,6707705,498497,6710049,1454259,RT90,Mycket bra,2016.07.19,Nej,,Ja,2017.12.18,2016.07.25,2-2026,Gagnef (S),2-20,Dalarnas län (S)
V469752,,2016.07.23,Ja,2016.07.23,,Får,,Gotlandsfår,,2016.07.23,2016.07.23,Nej,1,0,0,0,0,1,0,0,1,0,0,0,0,0,0,0,0,Varg,,Bete med rovdjursavvisande stängsel,Fältkontroll - LST,Dokumenterad,2-2023,Öjs-Lyberget,6746254,429138,6749464,1385346,RT90,Mycket bra,2016.07.24,Nej,,Ja,2017.12.18,2016.10.11,2-2023,Malung (S),2-20,Dalarnas län (S)
V469765,,2016.07.20,Ja,2016.07.20,,Får,,,,2016.07.19,2016.07.20,Nej,0,0,0,0,0,0,0,0,8,1,0,2,0,0,0,0,0,Varg,,Bete innanför stängsel,Fältkontroll - LST,Bedömd som säker,2-2083,Vikbyn,6696554,559325,6698149,1514970,RT90,Mycket bra,2016.07.24,Nej,,Ja,2017.12.18,2016.09.22,2-2083,Hedemora (S),2-20,Dalarnas län (S)
V469770,,2016.07.15,Ja,2016.07.15,,Får,,Allmogefår,,2016.07.14,2016.07.14,Nej,0,0,0,0,0,0,0,0,2,0,0,1,0,0,0,0,0,Varg,,Bete utan stängsel,Fältkontroll - LST,Dokumenterad,2-2023,Nyselen-  Vallerås,6737780,424258,6741047,1380359,RT90,Exakt,2016.07.15,Nej,,Ja,2017.12.18,2016.09.06,2-2023,Malung (S),2-20,Dalarnas län (S)
V469775,,2016.07.22,Ja,2016.07.22,,Får,,Köttraskorsningar,,2016.07.21,2016.07.22,Nej,1,0,0,0,0,0,0,0,0,1,0,0,0,0,0,0,0,Varg,,Bete innanför stängsel,Fältkontroll - LST,Dokumenterad,2-2029,Hedbyn ,6717673,498458,6720021,1454342,SWEREF99 TM,Mycket bra,2016.07.25,Nej,,Ja,2017.12.18,2016.07.25,2-2029,Leksand (S),2-20,Dalarnas län (S)
V469901,,2016.07.28,Ja,2016.07.28,,Får,,Köttraskorsningar,,2016.07.28,2016.07.28,Nej,1,0,0,0,0,0,0,0,0,0,0,0,0,0,0,0,0,Varg,,Bete utan stängsel,Fältkontroll - LST,Bedömd som säker,2-2023,Momyckelberget,6736477,429362,6739680,1385450,SWEREF99 TM,Mycket bra,2016.07.29,Nej,,Ja,2017.12.18,2016.07.29,2-2023,Malung (S),2-20,Dalarnas län (S)
V470313,,2016.08.08,Ja,2016.08.08,,Får,,Gotlandsfår,,2016.08.07,2016.08.08,Nej,0,0,0,0,0,0,0,0,1,0,0,0,0,0,0,0,0,Varg,,Bete innanför stängsel,Fältkontroll - LST,Bedömd som säker,2-1763,Klingermyren,6621457,418854,6624738,1373531,RT90,Mycket bra,2016.08.09,Nej,,Ja,2017.12.18,2016.11.29,2-1763,Forshaga (S),2-17,Värmlands län (S)
V470600,,2016.08.16,Ja,2016.08.16,,Får,,,,2016.08.16,2016.08.16,Nej,5,1,2,0,0,0,0,0,0,0,0,0,0,0,0,0,0,Varg,,Bete med rovdjursavvisande stängsel,Fältkontroll - LST,Bedömd som säker,2-1884,Timanshyttan,6608799,492646,6611178,1447199,WGS84-UTM Zon 33,Exakt,2016.08.16,Nej,,Ja,2017.12.18,2016.08.16,2-1884,Nora (S),2-18,Örebro län (S)
V470626,,2016.08.10,Ja,2016.08.10,,Får,,,,2016.08.09,2016.08.10,Nej,0,0,0,0,0,0,1,0,1,0,0,0,0,0,0,0,0,Varg,,Bete utan stängsel,Fältkontroll - LST,Dokumenterad,2-1435,,6515751,296556,6520458,1249889,WGS84-UTM Zon 33,Mindre bra,2016.08.10,Nej,,Ja,2017.12.18,2016.08.24,2-1435,Tanum (S),2-14,Västra Götalands län (S)
V470627,,2016.08.16,Ja,2016.08.16,,Får,,,,2016.08.15,2016.08.16,Nej,0,1,0,0,0,0,0,0,1,1,0,0,0,0,0,0,0,Varg,,Bete innanför stängsel,Fältkontroll - LST,Dokumenterad,2-1435,,6518361,304474,6522974,1257844,WGS84-UTM Zon 33,Mindre bra,2016.08.16,Nej,,Ja,2017.12.18,2016.08.23,2-1435,Tanum (S),2-14,Västra Götalands län (S)
V470628,,2016.08.02,Ja,2016.08.02,,Får,,,,2016.08.01,2016.08.02,Nej,0,0,0,0,0,0,0,0,1,2,0,0,0,0,0,0,0,Varg,,Bete utan stängsel,Fältkontroll - LST,Dokumenterad,2-1435,Rimserödkasen,6517694,304232,6522310,1257593,WGS84-UTM Zon 33,Mindre bra,2016.08.02,Nej,,Ja,2017.12.18,2016.08.23,2-1435,Tanum (S),2-14,Västra Götalands län (S)
V470679,,2016.08.15,Ja,2016.08.16,,Får,,,,2016.08.14,2016.08.15,Nej,0,0,0,0,0,0,0,0,1,0,0,0,0,0,0,0,0,Varg,,Bete utan stängsel,Fältkontroll - LST,Dokumenterad,2-1435,,6517702,304230,6522318,1257591,WGS84-UTM Zon 33,Mindre bra,2016.08.20,Nej,,Ja,2017.12.18,2016.08.23,2-1435,Tanum (S),2-14,Västra Götalands län (S)
V470680,,2016.08.18,Ja,2016.08.19,,Får,,,,2016.08.17,2016.08.18,Nej,0,0,0,0,0,0,0,0,1,0,0,1,0,0,0,0,0,Varg,,Bete utan stängsel,Fältkontroll - LST,Dokumenterad,2-1435,,6517665,304251,6522281,1257612,WGS84-UTM Zon 33,Mindre bra,2016.08.19,Nej,,Ja,2017.12.18,2016.08.23,2-1435,Tanum (S),2-14,Västra Götalands län (S)
V470820,,2016.08.20,Ja,,,Får,,Gotlandsfår,,2016.08.20,2016.08.20,Nej,0,0,0,0,0,0,0,0,1,0,0,0,0,0,0,0,0,Varg,,Bete utan stängsel,Fältkontroll - LST,Dokumenterad,2-2039,Billingbodarna fäbod Älvdalens kommun,6792771,414851,6796178,1371626,RT90,Exakt,2016.08.21,Nej,,Ja,2017.12.18,2016.08.24,2-2039,Älvdalen (S),2-20,Dalarnas län (S)
V470830,,2016.08.22,Ja,2016.08.22,,Får,,Köttraskorsningar,,2016.08.21,2016.08.22,Nej,3,1,0,0,1,3,0,0,6,0,0,0,0,0,0,0,0,Varg,,Bete utan stängsel,Fältkontroll - LST,Bedömd som säker,2-1814,Västkärr,6552340,485801,6554781,1439667,RT90,Mindre bra,2016.08.22,Nej,,Ja,2017.12.18,2016.08.26,2-1814,Lekeberg (S),2-18,Örebro län (S)
V470862,,2016.08.22,Ja,2016.08.23,,Får,,Annan,Värmländskt skogsfår,2016.08.21,2016.08.22,Nej,1,0,1,0,0,0,0,0,1,0,0,0,0,0,0,0,0,Varg,,Bete utan stängsel,Fältkontroll - LST,Bedömd som säker,2-2062,Mattsäls fäbod,6752596,433579,6755755,1389867,SWEREF99 TM,Mycket bra,2016.08.25,Nej,,Ja,2017.12.18,2016.08.29,2-2062,Mora (S),2-20,Dalarnas län (S)
V470924,,2016.08.25,Ja,2016.08.25,,Får,,Texel,,2016.08.23,2016.08.25,Nej,0,0,0,0,0,0,0,0,1,0,0,0,0,0,0,0,0,Varg,,Bete utan stängsel,Fältkontroll - LST,Dokumenterad,2-2182,Järnnäs,6814708,591913,6815935,1549020,RT90,Exakt,2016.08.26,Nej,,Ja,2017.12.18,2016.08.26,2-2182,Söderhamn (S),2-21,Gävleborgs län (S)
V470981,,2016.08.28,Ja,2016.08.28,,Jakthund,,Annan,Beagle,2016.08.28,2016.08.28,Nej,0,0,0,0,0,0,0,0,1,0,0,0,0,0,0,0,0,Varg,,,Fältkontroll - LST,Dokumenterad,2-1737,Storåsen,6661691,395529,6665275,1350685,RT90,Mycket bra,2016.08.28,Nej,,Ja,2017.12.18,2016.08.28,2-1737,Torsby (S),2-17,Värmlands län (S)
V471006,,2016.08.19,Ja,2016.08.19,,Nöt,,,,2016.08.18,2016.08.19,Nej,1,0,0,0,0,0,0,0,0,0,0,0,0,0,0,0,0,Varg,,Bete innanför stängsel,Fältkontroll - LST,Dokumenterad,2-2121,Torrbergsbo,6810809,550078,6812552,1507126,RT90,Exakt,2016.08.29,Nej,,Ja,2017.12.18,2016.08.29,2-2121,Ovanåker (S),2-21,Gävleborgs län (S)
V471092,,2016.08.29,Ja,2016.08.29,,Får,,Annan,finull/blandras,2016.08.28,2016.08.29,Nej,5,5,3,0,0,0,0,0,5,0,1,0,0,0,0,0,0,Varg,,Bete innanför stängsel,Fältkontroll - LST,Dokumenterad,2-0765,Knihult,6267496,469261,6270024,1419727,RT90,Exakt,2016.08.31,Nej,,Ja,2017.12.18,2016.09.11,2-0765,Älmhult (S),2-07,Kronobergs län (S)
V471315,,2016.09.06,Ja,2016.09.06,,Får,,Finullsfår,,2016.09.05,2016.09.06,Nej,22,10,0,3,0,0,0,0,24,9,0,0,0,0,0,0,0,Varg,,Bete innanför stängsel,Fältkontroll - LST,Dokumenterad,2-1764,Väckelsön,6587155,382303,6590864,1336546,RT90,Mycket bra,2016.09.06,Nej,,Ja,2017.12.18,2016.09.11,2-1764,Grums (S),2-17,Värmlands län (S)
V471365,,2016.07.27,Ja,2016.07.27,,Får,,Köttraskorsningar,,2016.07.26,2016.07.27,Nej,0,0,0,3,0,0,0,0,1,0,2,1,0,0,0,0,0,Varg,,Bete utan stängsel,Fältkontroll - LST,Bedömd som säker,2-2326,Östra Galåbodarna,6959705,446426,6962790,1405290,RT90,Exakt,2016.09.07,Nej,,Ja,2017.12.18,2016.09.07,2-2326,Berg (S),2-23,Jämtlands län (S)
V471366,,2016.08.03,Ja,2016.08.03,,Får,,Köttraskorsningar,,2016.08.02,2016.08.03,Nej,0,0,0,1,0,0,0,0,2,0,0,0,0,0,0,0,0,Varg,,Bete utan stängsel,Fältkontroll - LST,Dokumenterad,2-2326,Östra n Galåbodarna,6959732,446394,6962817,1405258,RT90,Exakt,2016.09.07,Nej,,Ja,2017.12.18,2016.09.07,2-2326,Berg (S),2-23,Jämtlands län (S)
V471412,,2016.09.08,Ja,2016.09.08,,Jakthund,,Annan,Norsk älghund grå,2016.09.08,2016.09.08,Nej,0,0,0,0,0,0,0,0,1,0,0,0,0,0,0,0,0,Varg,,,Fältkontroll - LST,Dokumenterad,2-1737,Storskär Långflon,6769354,369422,6773310,1325886,WGS84-UTM Zon 33,Mindre bra,2016.09.08,Nej,,Ja,2017.12.18,2016.10.11,2-1737,Torsby (S),2-17,Värmlands län (S)
V471438,,2016.09.10,Ja,2016.09.10,,Får,,Finullsfår,,2016.09.09,2016.09.10,Nej,0,0,0,0,0,0,0,0,5,2,3,0,0,0,0,0,0,Varg,,Bete innanför stängsel,Fältkontroll - LST,Dokumenterad,2-1780,Sundängarna,6619668,424437,6622881,1379094,RT90,Mycket bra,2016.09.10,Nej,,Ja,2017.12.18,2016.10.27,2-1780,Karlstad (S),2-17,Värmlands län (S)
V471528,,2016.09.11,Ja,2016.09.11,,Får,,,,2016.09.10,2016.09.11,Nej,0,0,0,0,0,0,0,0,4,0,3,0,0,0,0,0,0,Varg,,Bete innanför stängsel,Fältkontroll - LST,Dokumenterad,2-0685,Steninge,6368565,497380,6370800,1449050,RT90,Mycket bra,2016.09.11,Nej,,Ja,2017.12.18,2016.09.14,2-0685,Vetlanda (S),2-06,Jönköpings län (S)
V471547,,2016.09.06,Ja,2016.09.06,,Jakthund,,Annan,Jämthund,2016.09.06,2016.09.06,Nej,0,0,0,0,0,0,0,0,0,0,1,0,0,0,0,0,0,Varg,,,Fältkontroll - LST,Dokumenterad,2-2281,Kråktorpet,6962770,580051,6964183,1538998,RT90,Mycket bra,2016.09.06,Nej,,Ja,2017.12.18,2016.09.15,2-2281,Sundsvall (S),2-22,Västernorrlands län (S)
V471639,,2015.10.19,Ja,2015.10.19,,Jakthund,,Annan,Hamiltonstövare,2015.10.19,2015.10.19,Nej,0,0,0,0,0,0,0,0,0,1,0,0,0,0,0,0,0,Varg,,,Fältkontroll - LST,Bedömd som säker,2-2580,,7318644,834922,7316874,1798425,RT90,Mindre bra,2016.09.20,Nej,,Nej,,2016.09.20,2-2580,Luleå (S),2-25,Norrbottens län (S)
V471829,,2016.09.24,Ja,2016.09.24,,Jakthund,,Annan,Gråhund,2016.09.24,2016.09.24,Nej,0,0,1,0,0,0,0,0,0,0,0,0,0,0,0,0,0,Varg,,,Fältkontroll - LST,Bedömd som säker,2-2029,Hinsberget,6715984,496967,6718350,1452830,RT90,Mycket bra,2016.09.27,Nej,,Ja,2017.12.18,2016.10.25,2-2029,Leksand (S),2-20,Dalarnas län (S)
V471864,,2016.09.27,Ja,2016.09.27,,Får,,Köttraskorsningar,,2016.09.23,2016.09.27,Ja,0,0,0,0,0,0,0,3,1,0,0,4,0,0,0,0,0,Varg,,Bete innanför stängsel,Fältkontroll - LST,Bedömd som säker,2-1814,Bålby,6553181,482058,6555668,1435933,RT90,Mindre bra,2016.09.28,Nej,,Ja,2017.12.18,2016.09.29,2-1814,Lekeberg (S),2-18,Örebro län (S)
V471912,,2016.09.28,Ja,2016.09.28,,Får,,Annan,Blandras,2016.09.27,2016.09.28,Nej,1,0,0,0,0,1,0,0,0,0,0,0,0,0,0,0,0,Varg,,Bete innanför stängsel,Fältkontroll - LST,Bedömd som säker,2-2080,Östansjö,6735737,551067,6737445,1507190,RT90,Mycket bra,2016.10.01,Nej,,Ja,2017.12.18,2016.10.06,2-2080,Falun (S),2-20,Dalarnas län (S)
V471913,,2016.09.29,Ja,2016.09.29,,Får,,Annan,Blandras,2016.09.28,2016.09.29,Nej,0,0,0,0,1,0,0,0,0,0,0,0,0,0,0,0,0,Varg,,Bete innanför stängsel,Fältkontroll - LST,Bedömd som säker,2-2080,Östansjö,6735921,551524,6737624,1507649,RT90,Mycket bra,2016.10.01,Nej,,Ja,2017.12.18,2016.10.01,2-2080,Falun (S),2-20,Dalarnas län (S)
V472022,,2016.09.30,Ja,2016.10.01,,Får,,,,2016.09.30,2016.09.30,Nej,0,0,0,0,0,0,0,0,3,0,2,0,0,0,0,0,0,Varg,,Bete innanför stängsel,Fältkontroll - LST,Dokumenterad,2-2080,Österkvarn,6734665,553287,6736345,1509397,RT90,Mycket bra,2016.10.04,Nej,,Ja,2017.12.18,2016.10.04,2-2080,Falun (S),2-20,Dalarnas län (S)
V472045,,2016.10.02,Ja,2016.10.03,,Får,,,,2016.10.01,2016.10.02,Nej,0,0,0,0,0,0,0,0,1,1,0,0,0,0,0,0,0,Varg,,Bete utan stängsel,Fältkontroll - LST,Dokumenterad,2-2480,Grannäs,7119241,743052,7118630,1704001,SWEREF99 TM,Exakt,2016.10.05,Nej,,Ja,2017.12.18,2016.10.05,2-2480,Umeå (S),2-24,Västerbottens län (S)
V472046,,2016.10.02,Ja,2016.10.03,,Får,,,,2016.10.01,2016.10.02,Nej,0,0,0,0,0,0,0,0,1,1,0,0,0,0,0,0,0,Varg,,Bete utan stängsel,Fältkontroll - LST,Dokumenterad,2-2480,Grannäs,7119241,743052,7118630,1704001,SWEREF99 TM,Exakt,2016.10.05,Nej,,Ja,2017.12.18,2016.10.05,2-2480,Umeå (S),2-24,Västerbottens län (S)
V472125,,2016.10.10,Ja,2016.10.10,,Jakthund,,Annan,Jämthund,2016.10.10,2016.10.10,Nej,0,0,0,0,0,0,0,0,1,0,0,0,0,0,0,0,0,Varg,,,Fältkontroll - LST,Dokumenterad,2-2121,Skallen,6789308,556601,6790964,1513385,WGS84-UTM Zon 33,Mindre bra,2016.10.11,Nej,,Ja,2017.12.18,2016.10.11,2-2121,Ovanåker (S),2-21,Gävleborgs län (S)
V472142,,2016.08.20,Ja,2016.08.20,,Får,,Köttraskorsningar,,2016.08.19,2016.08.20,Nej,5,0,3,0,0,0,0,0,0,0,0,0,0,0,0,0,0,Varg,,Bete innanför stängsel,Fältkontroll - LST,Dokumenterad,2-0181,Molstabergs säteri,6550486,635675,6551117,1589563,RT90,Exakt,2016.10.12,Nej,,Ja,2017.12.18,2017.01.20,2-0181,Södertälje (S),2-01,Stockholms län (S)
V472206,,2016.10.14,Ja,2016.10.14,,Jakthund,,Annan,Finnstövare,2016.10.14,2016.10.14,Nej,0,0,0,0,0,0,0,0,1,0,0,0,0,0,0,0,0,Varg,,,Fältkontroll - LST,Dokumenterad,2-2183,Stugsjöbo,6778677,566965,6780202,1523621,RT90,Mycket bra,2016.10.17,Nej,,Ja,2017.12.18,2016.10.17,2-2183,Bollnäs (S),2-21,Gävleborgs län (S)
V472210,,2016.10.16,Ja,2016.10.16,,Jakthund,,Annan,Petit basset griffon vendéen,2016.10.16,2016.10.16,Nej,0,0,0,0,1,0,0,0,0,0,0,0,0,0,0,0,0,Varg,,,Fältkontroll - LST,Dokumenterad,2-1783,Gastberget,6654992,425384,6658209,1380472,RT90,Exakt,2016.10.16,Nej,,Ja,2017.12.18,2016.10.17,2-1783,Hagfors (S),2-17,Värmlands län (S)
V472238,,2016.10.18,Ja,2016.10.18,,Får,,Köttraskorsningar,,2016.10.17,2016.10.18,Nej,0,1,1,0,0,0,0,0,0,1,1,0,0,0,0,0,0,Varg,,Bete innanför stängsel,Fältkontroll - LST,Dokumenterad,2-1381,Göstorp,6272641,384689,6276165,1335177,RT90,Mycket bra,2016.10.18,Nej,,Ja,2017.12.18,2017.08.31,2-1381,Laholm (S),2-13,Hallands län (S)
V472245,,2016.10.18,Ja,2016.10.18,,Får,,Köttraskorsningar,,2016.10.17,2016.10.18,Nej,1,1,0,0,0,0,0,0,0,0,0,0,0,0,0,0,0,Varg,,Bete med rovdjursavvisande stängsel,Fältkontroll - LST,Dokumenterad,2-2029,Höbby,6718255,498348,6720604,1454239,SWEREF99 TM,Exakt,2016.10.19,Nej,,Ja,2017.12.18,2016.10.19,2-2029,Leksand (S),2-20,Dalarnas län (S)
V472256,,2016.10.19,Ja,2016.10.19,,Jakthund,,Annan,drever,2016.10.19,2016.10.19,Nej,0,0,0,0,0,0,1,0,0,0,0,0,0,0,0,0,0,Varg,,,Fältkontroll - LST,Osäker,2-1783,"Edsberg, öst Ekshärad",6685282,421049,6688565,1376505,RT90,Mycket bra,2016.10.20,Nej,,Ja,2017.12.18,2016.10.20,2-1783,Hagfors (S),2-17,Värmlands län (S)
V472266,,2016.10.19,Ja,2016.10.19,,Får,,,,2016.10.18,2016.10.19,Nej,1,0,0,0,0,0,0,0,0,0,0,0,0,0,0,0,0,Varg,,Bete innanför stängsel,Fältkontroll - LST,Dokumenterad,2-1401,Hårskeröd,6391182,327343,6395448,1279202,RT90,Exakt,2016.10.19,Nej,,Ja,2017.12.18,2016.11.01,2-1401,Härryda (S),2-14,Västra Götalands län (S)
V472310,,2016.10.21,Ja,2016.10.21,,Får,,Annan,Bland,2016.10.20,2016.10.21,Nej,5,0,4,0,0,0,0,0,0,0,0,0,0,0,0,0,0,Varg,,Bete innanför stängsel,Fältkontroll - LST,Bedömd som säker,2-2031,Blecket,6752995,514898,6755153,1471221,SWEREF99 TM,Mycket bra,2016.10.25,Nej,,Ja,2017.12.18,2016.10.25,2-2031,Rättvik (S),2-20,Dalarnas län (S)
V472321,,2016.10.10,Ja,2016.10.11,,Jakthund,,Annan,Stövare och Drever   (Blandras),2016.10.10,2016.10.10,Nej,0,0,0,0,0,0,0,0,0,0,1,0,0,0,0,0,0,Varg,,,Fältkontroll - LST,Dokumenterad,2-2029,Stormyren norr om Rexbo,6726829,515735,6728968,1471737,RT90,Mycket bra,2016.10.25,Nej,,Ja,2017.12.18,2016.10.31,2-2029,Leksand (S),2-20,Dalarnas län (S)
V472458,,2016.10.29,Ja,2016.10.29,,Jakthund,,Annan,Jämthund,2016.10.29,2016.10.29,Nej,0,0,0,0,0,0,0,0,0,0,1,0,0,0,0,0,0,Varg,,,Fältkontroll - LST,Dokumenterad,2-1763,Öst Olsäter,6621600,416372,6624912,1371049,RT90,Mindre bra,2016.10.31,Nej,,Ja,2017.12.18,2016.11.01,2-1763,Forshaga (S),2-17,Värmlands län (S)
V472473,,2016.10.29,Ja,2016.10.30,,Jakthund,,Annan,Schillerstövare,2016.10.29,2016.10.29,Nej,0,0,0,0,0,0,0,0,0,0,1,0,0,0,0,0,0,Varg,,,Fältkontroll - LST,Dokumenterad,2-1784,"N Lövnäs, Treskog",6638827,367741,6642739,1322605,RT90,Dålig,2016.10.31,Nej,,Ja,2017.12.18,2016.11.01,2-1784,Arvika (S),2-17,Värmlands län (S)
V472475,,2016.10.29,Ja,2016.10.30,,Jakthund,,Annan,Gråhund,2016.10.29,2016.10.29,Nej,0,0,0,0,0,0,0,0,1,0,0,0,0,0,0,0,0,Varg,,,Fältkontroll - LST,Dokumenterad,2-2029,Väster om Olarsbodarna (Jerkersbodberget),6721811,481727,6724366,1437655,RT90,Exakt,2016.10.31,Nej,,Ja,2017.12.18,2016.11.01,2-2029,Leksand (S),2-20,Dalarnas län (S)
V472478,,2016.10.15,Ja,2016.10.15,,Jakthund,,Annan,Gråhund,2016.10.15,2016.10.15,Nej,0,0,0,0,0,0,0,0,1,0,0,0,0,0,0,0,0,Varg,,,Fältkontroll - LST,Dokumenterad,2-1766,Erik-Bengtstorp,6644081,373935,6647920,1328866,RT90,Mycket bra,2016.11.01,Nej,,Ja,2017.12.18,2016.11.01,2-1766,Sunne (S),2-17,Värmlands län (S)
V472543,,2016.11.10,Ja,2016.11.10,,Jakthund,,Annan,Drever,2016.11.10,2016.11.10,Nej,0,0,0,0,0,0,0,0,0,0,1,0,0,0,0,0,0,Varg,,,Fältkontroll - LST,Dokumenterad,2-1783,"Byn, öster om Ekshärad",6672444,418892,6675748,1374190,WGS84-UTM Zon 33,Mindre bra,2016.11.10,Nej,,Ja,2017.12.18,2016.11.10,2-1783,Hagfors (S),2-17,Värmlands län (S)
V472547,,2016.11.07,Ja,2016.11.08,,Jakthund,,Annan,Finnstövare,2016.11.07,2016.11.07,Nej,0,0,0,0,0,0,0,0,0,0,1,0,0,0,0,0,0,Varg,,,Fältkontroll - LST,Dokumenterad,2-2401,Högåker,7069732,708230,7069555,1668548,RT90,Mycket bra,2016.11.08,Nej,,Ja,2017.12.18,2016.11.11,2-2401,Nordmaling (S),2-24,Västerbottens län (S)
V472569,,2016.11.19,Ja,2016.11.19,,Ren,,,,2016.11.18,2016.11.19,Nej,1,0,0,0,0,0,0,0,0,0,0,0,0,0,0,0,0,Varg,,,Fältkontroll - LST,Dokumenterad,2-2305,Mörtsjön,6960949,546406,6962783,1505320,RT90,Mycket bra,2016.11.19,Ja,,Nej,,2016.11.19,2-2305,Bräcke (S),2-23,Jämtlands län (S)
V472618,,2016.12.04,Ja,2016.12.04,,Jakthund,,Annan,Tax,2016.12.04,2016.12.04,Nej,0,0,0,0,0,0,0,0,1,0,0,0,0,0,0,0,0,Varg,,,Fältkontroll - LST,Dokumenterad,2-1783,Trögåsberget,6642370,417328,6645679,1372259,RT90,Mycket bra,2016.12.04,Nej,,Ja,2017.12.18,2016.12.29,2-1783,Hagfors (S),2-17,Värmlands län (S)
V472623,,2016.12.04,Ja,2016.12.04,,Jakthund,,Annan,Plotthund,2016.12.04,2016.12.04,Nej,0,0,0,0,0,0,0,0,1,0,0,0,0,0,0,0,0,Varg,,,Fältkontroll - LST,Dokumenterad,2-2161,Backarvall - Skrottmyran,6865069,538372,6866973,1496088,RT90,Exakt,2016.12.05,Nej,,Ja,2017.12.18,2016.12.05,2-2161,Ljusdal (S),2-21,Gävleborgs län (S)
V472648,,2016.12.09,Ja,2016.12.09,,Jakthund,,Annan,Finsk spets,2016.12.09,2016.12.09,Nej,0,0,0,0,0,0,0,0,1,0,0,0,0,0,0,0,0,Varg,,,Fältkontroll - LST,Bedömd som säker,2-2085,Hån / Nordhöjden,6674602,469334,6677290,1424680,RT90,Mycket bra,2016.12.10,Nej,,Ja,2017.12.18,2016.12.12,2-2085,Ludvika (S),2-20,Dalarnas län (S)
V472666,,2007.09.15,Ja,2007.09.15,,Annan hund,,Annan,Jämte-Wachtel X,2007.09.15,2007.09.15,Nej,0,0,0,0,0,0,0,0,0,0,1,0,0,0,0,0,0,Varg,,,Fältkontroll - LST,Bedömd som säker,2-1737,Böhönen,6713680,370959,6717590,1326740,RT90,Mindre bra,2007.09.15,Nej,,Nej,,2016.12.14,2-1737,Torsby (S),2-17,Värmlands län (S)
V472684,,2016.12.17,Ja,2016.12.17,,Vallhund,,Annan,Border Collie,2016.12.17,2016.12.17,Nej,0,0,0,0,0,0,0,0,0,0,1,0,0,0,0,0,0,Varg,,,Fältkontroll - LST,Dokumenterad,2-1762,Bogerud Munkfors,6635945,419658,6639223,1374511,RT90,Exakt,2016.12.17,Nej,,Ja,2017.12.18,2016.12.20,2-1762,Munkfors (S),2-17,Värmlands län (S)
V472685,,2016.12.18,Ja,2016.12.17,,Jakthund,,Annan,Karelare,2016.12.17,2016.12.17,Nej,0,0,0,0,0,0,0,0,1,0,0,0,0,0,0,0,0,Varg,,,Fältkontroll - LST,Bedömd som säker,2-2183,Drängbergsbo ,6780952,570072,6782439,1526757,RT90,Mindre bra,2016.12.18,Nej,,Ja,2022.04.04,2022.04.04,2-2183,Bollnäs (S),2-21,Gävleborgs län (S)
V472700,,2016.12.21,Ja,2016.12.21,,Ren,,,,2016.12.19,2016.12.20,Nej,2,0,0,0,0,0,0,0,0,2,0,0,0,0,0,0,0,Varg,,,Fältkontroll - LST,Dokumenterad,2-2404,Krokträsk,7155874,706517,7155731,1667926,RT90,Mycket bra,2016.12.21,Ja,,Nej,,2016.12.21,2-2404,Vindeln (S),2-24,Västerbottens län (S)
V472705,,2016.12.22,Ja,2016.12.22,,Ren,,,,2016.12.21,2016.12.22,Nej,0,0,0,0,0,0,0,0,0,1,0,0,0,0,0,0,0,Varg,,,Fältkontroll - LST,Dokumenterad,2-2404,Bjursele myran,7160929,706079,7160792,1667552,SWEREF99 TM,Exakt,2016.12.23,Ja,,Nej,,2016.12.23,2-2404,Vindeln (S),2-24,Västerbottens län (S)
V472707,,2016.12.25,Ja,2016.12.25,,Får,,Annan,Åsenfår,2016.12.24,2016.12.25,Nej,0,0,0,0,0,0,0,0,1,0,0,0,0,0,0,0,0,Varg,,Bete innanför stängsel,Fältkontroll - LST,Dokumenterad,2-1814,Kälkesta,6562197,491508,6564573,1445496,RT90,Mycket bra,2016.12.25,Nej,,Ja,2017.12.18,2016.12.25,2-1814,Lekeberg (S),2-18,Örebro län (S)
V472708,,2016.12.23,Ja,2016.12.23,,Ren,,,,2016.12.22,2016.12.23,Nej,1,0,0,0,0,0,0,0,0,0,0,0,0,0,0,0,0,Varg,,,Fältkontroll - LST,Dokumenterad,2-2404,Hansmyrtjärn,7165692,699940,7165634,1661473,RT90,Exakt,2016.12.23,Ja,,Nej,,2016.12.26,2-2404,Vindeln (S),2-24,Västerbottens län (S)
V472709,,2016.12.23,Ja,2016.12.23,,Ren,,,,2016.12.22,2016.12.23,Nej,1,0,0,0,0,0,0,0,0,0,0,0,0,0,0,0,0,Varg,,,Fältkontroll - LST,Dokumenterad,2-2404,Hansmyrberget,7166736,701156,7166663,1662702,RT90,Mindre bra,2016.12.26,Nej,,Nej,,2016.12.26,2-2404,Vindeln (S),2-24,Västerbottens län (S)
V472768,,2017.01.05,Ja,2017.01.05,,Ren,,,,2017.01.01,2017.01.05,Ja,0,0,0,0,0,0,0,0,1,0,0,0,0,0,0,0,0,Varg,,,Fältkontroll - LST,Bedömd som säker,2-2321,Väster om renvaktarstugan Grönklumpen,6996810,405755,7000420,1365067,WGS84-UTM Zon 33,Mindre bra,2017.01.08,Ja,,Nej,,2022.04.04,2-2321,Åre (S),2-23,Jämtlands län (S)
V472769,,2017.01.08,Ja,2017.01.08,,Ren,,,,2017.01.07,2017.01.08,Nej,0,0,0,0,1,0,0,0,0,0,0,0,0,0,0,0,0,Varg,,,Fältkontroll - Sameby,Bedömd som säker,2-2321,Mellan Issjödalen och renvaktarstugan Grönklumpen,6997434,405016,7001054,1364335,WGS84-UTM Zon 33,Mindre bra,2017.01.08,Ja,,Nej,,2022.04.04,2-2321,Åre (S),2-23,Jämtlands län (S)
V472788,,2017.01.10,Ja,2017.01.10,,Ren,,,,2017.01.06,2017.01.08,Nej,1,0,0,0,0,0,0,0,0,0,0,0,0,0,0,0,0,Varg,,,Fältkontroll - LST,Dokumenterad,2-2321,Mårdsundsbodarna,7003620,435252,7006863,1394662,WGS84-UTM Zon 33,Mindre bra,2017.01.10,Ja,,Nej,,2022.04.04,2-2321,Åre (S),2-23,Jämtlands län (S)
V472851,,2016.12.23,Ja,2016.12.23,,Ren,,,,2016.12.21,2016.12.23,Nej,0,0,0,0,0,0,0,0,1,0,0,0,0,0,0,0,0,Varg,,,Fältkontroll - LST,Dokumenterad,2-2404,Maltan,7161943,704229,7161830,1665715,WGS84-UTM Zon 33,Mycket bra,2016.12.23,Nej,,Nej,,2017.01.24,2-2404,Vindeln (S),2-24,Västerbottens län (S)
V472853,,2017.01.14,Ja,2017.01.14,,Jakthund,,Annan,Engelsk springer spaniel,2017.01.14,2017.01.14,Nej,0,0,0,0,0,0,0,0,1,0,0,0,0,0,0,0,0,Varg,,,Fältkontroll - LST,Dokumenterad,2-0181,Ogan,6552348,639411,6552934,1593322,RT90,Mindre bra,2017.01.16,Nej,,Nej,,2017.01.20,2-0181,Södertälje (S),2-01,Stockholms län (S)
V472888,,2017.01.21,Ja,2017.01.21,,Jakthund,,Annan,Tysk jaktterrier,2017.01.21,2017.01.21,Nej,0,0,1,0,0,0,0,0,0,0,0,0,0,0,0,0,0,Varg,,,Fältkontroll - LST,Dokumenterad,2-1737,Tarvtorp Rinn Öster om Torsby,6670819,397715,6674381,1352984,WGS84-UTM Zon 33,Mindre bra,2017.01.21,Nej,,Nej,,2022.04.04,2-1737,Torsby (S),2-17,Värmlands län (S)
V472927,,2016.12.25,Nej,,2016.12.26,Ren,,,,2016.12.20,2016.12.25,Nej,2,0,0,0,1,0,0,0,0,0,0,0,0,0,0,0,0,Varg,,,Fältkontroll - LST,Dokumenterad,2-2404,Fäbodberget,7157914,704420,7157798,1665855,WGS84-UTM Zon 33,Mindre bra,2017.01.24,Nej,,Nej,,2017.01.24,2-2404,Vindeln (S),2-24,Västerbottens län (S)
V472968,,2017.01.28,Ja,2017.01.28,,Ren,,,,2017.01.26,2017.01.27,Nej,0,0,0,0,0,0,0,0,1,0,0,0,0,0,0,0,0,Varg,,,Fältkontroll - LST,Dokumenterad,2-2326,Gråhågna,6939884,451430,6942898,1410048,RT90,Exakt,2017.01.28,Ja,,Nej,,2017.01.30,2-2326,Berg (S),2-23,Jämtlands län (S)
V472970,,2016.12.04,Ja,2017.01.04,,Ren,,,,2016.12.03,2016.12.04,Nej,1,0,0,0,0,0,0,0,0,0,0,0,0,0,0,0,0,Varg,,,Fältkontroll - LST,Dokumenterad,2-2326,Havsjövägen,6951744,460358,6954651,1419128,RT90,Exakt,2017.01.28,Ja,,Nej,,2017.01.28,2-2326,Berg (S),2-23,Jämtlands län (S)
V473051,,2017.02.01,Ja,,,Ren,,,,2017.01.28,2017.01.30,Nej,1,0,0,0,0,0,0,0,0,0,0,0,0,0,0,0,0,Varg,,,Fältkontroll - LST,Dokumenterad,2-2262,Fageråsvägen,6966862,607532,6967932,1566537,SWEREF99 TM,Exakt,2017.02.02,Ja,,Nej,,2022.04.04,2-2262,Timrå (S),2-22,Västernorrlands län (S)
V473053,,2017.02.01,Ja,,,Ren,,,,2017.01.31,2017.02.01,Nej,1,0,0,0,0,0,0,0,0,0,0,0,0,0,0,0,0,Varg,,,Fältkontroll - LST,Dokumenterad,2-2281,Lill-Tjäresjön,6967291,605687,6968384,1564697,SWEREF99 TM,Exakt,2017.02.02,Ja,,Nej,,2022.04.04,2-2281,Sundsvall (S),2-22,Västernorrlands län (S)
V473127,,2017.02.06,Ja,,,Ren,,,,2017.02.04,2017.02.06,Nej,1,0,0,0,0,0,0,0,0,0,0,0,0,0,0,0,0,Varg,,,Fältkontroll - LST,Dokumenterad,2-2262,Stora Laxsjön,6965705,610656,6966735,1569647,SWEREF99 TM,Exakt,2017.02.06,Ja,,Nej,,2017.02.06,2-2262,Timrå (S),2-22,Västernorrlands län (S)
V473161,,2003.01.19,Ja,2003.01.19,,Annan hund,,Annan,Basset Griffon Vendin Petit,2003.01.19,2003.01.19,Nej,0,0,0,0,0,0,0,0,1,0,0,0,0,0,0,0,0,Varg,,,Fältkontroll - LST,Bedömd som säker,2-1439,Dagsholm,6489364,326167,6493700,1279200,RT90,Mycket bra,2003.01.19,Nej,,Ja,2017.02.13,,2-1439,Färgelanda (S),2-14,Västra Götalands län (S)
V473164,,1999.06.17,Ja,1999.06.20,,Annan hund,,Annan,Borderterrier,1999.06.17,1999.06.17,Nej,0,0,0,0,0,0,0,0,0,0,1,0,0,0,0,0,0,Varg,,,Fältkontroll - LST,Bedömd som säker,2-0331,Kerstinbo gård,6680901,607734,6681900,1563200,RT90,Mycket bra,1999.06.20,Nej,,Ja,2017.02.13,,2-0331,Heby (S),2-03,Uppsala län (S)
V473165,,2003.09.09,Ja,2003.09.09,,Annan hund,,Annan,Dunkerstövare,2003.09.09,2003.09.09,Nej,0,0,0,0,0,0,0,0,1,0,0,0,0,0,0,0,0,Varg,,,Fältkontroll - LST,Bedömd som säker,2-2361,Mullberget,6902819,514109,6905037,1472287,RT90,Mycket bra,2003.09.09,Nej,,Ja,2017.02.13,,2-2361,Härjedalen (S),2-23,Jämtlands län (S)
V473167,,2003.09.17,Ja,2003.09.18,,Annan hund,,Annan,Hamiltonstövare,2003.09.17,2003.09.17,Nej,0,0,0,0,0,0,0,0,0,0,1,0,0,0,0,0,0,Varg,,,Fältkontroll - LST,Bedömd som säker,2-2361,Fåssjödal_ Kölsjön_ Hästberget,6892584,514049,6894800,1472100,RT90,Mycket bra,2003.09.18,Nej,,Ja,2017.02.13,,2-2361,Härjedalen (S),2-23,Jämtlands län (S)
V473169,,2003.09.14,Ja,2003.09.24,,Annan hund,,Annan,Hamiltonstövare,2003.09.14,2003.09.14,Nej,0,0,0,0,0,0,0,0,0,0,1,0,0,0,0,0,0,Varg,,,Fältkontroll - LST,Bedömd som säker,2-1780,Forsås,6592450,441016,6595450,1395350,RT90,Mycket bra,2003.09.24,Nej,,Ja,2017.02.13,,2-1780,Karlstad (S),2-17,Värmlands län (S)
V473178,,2003.09.28,Ja,2003.10.23,,Annan hund,,Annan,Drever,2003.09.28,2003.09.28,Nej,0,0,0,0,0,0,0,0,1,0,0,0,0,0,0,0,0,Varg,,,Fältkontroll - LST,Bedömd som säker,2-1438,Rävmarken,6551997,315218,6556500,1269000,RT90,Mycket bra,2003.10.23,Nej,,Ja,2017.02.13,,2-1438,Dals-Ed (S),2-14,Västra Götalands län (S)
V473179,,2003.12.22,Ja,2003.12.23,,Annan hund,,Annan,Tysk Jaktterrier,2003.12.22,2003.12.22,Nej,0,0,0,0,1,0,0,0,0,0,0,0,0,0,0,0,0,Varg,,,Fältkontroll - LST,Bedömd som säker,2-1784,Brunsberg,6609157,384519,6612850,1339030,RT90,Mycket bra,2003.12.23,Nej,,Ja,2017.02.13,,2-1784,Arvika (S),2-17,Värmlands län (S)
V473180,,2002.11.15,Ja,2002.11.15,,Annan hund,,Annan,Wachtelhund,2002.11.13,2002.11.13,Nej,0,0,0,0,0,0,0,0,1,0,0,0,0,0,0,0,0,Varg,,,Fältkontroll - LST,Bedömd som säker,2-1430,Holteröd,6518981,313138,6523490,1266520,RT90,Mycket bra,2002.11.15,Nej,,Ja,2017.02.13,,2-1430,Munkedal (S),2-14,Västra Götalands län (S)
V473183,,2003.10.24,Ja,2003.10.24,,Annan hund,,Annan,Norsk älghund grå,2003.10.23,2003.10.24,Nej,0,0,0,0,0,0,0,0,1,0,0,0,0,0,0,0,0,Varg,,,Fältkontroll - LST,Bedömd som säker,2-2031,Björnberget,6789399,513239,6791590,1470010,RT90,Mycket bra,2003.10.24,Nej,,Ja,2017.02.13,,2-2031,Rättvik (S),2-20,Dalarnas län (S)
V473184,,2003.10.21,Ja,2003.10.22,,Annan hund,,Annan,Beagle,2003.10.21,2003.10.21,Nej,0,0,0,0,0,0,0,0,1,0,0,0,0,0,0,0,0,Varg,,,Fältkontroll - LST,Bedömd som säker,2-1780,Ängebäck,6602204,437524,6605250,1391975,RT90,Mycket bra,2003.10.22,Nej,,Ja,2017.02.13,,2-1780,Karlstad (S),2-17,Värmlands län (S)
V473185,,2003.10.24,Ja,2003.11.03,,Annan hund,,Annan,Finsk stövare,2003.10.24,2003.10.24,Nej,0,0,0,0,0,0,0,0,0,0,1,0,0,0,0,0,0,Varg,,,Fältkontroll - LST,Bedömd som säker,2-1782,Nordmark,6632977,448757,6635900,1403587,RT90,Mycket bra,2003.11.03,Nej,,Ja,2017.02.13,,2-1782,Filipstad (S),2-17,Värmlands län (S)
V473187,,1999.11.07,Ja,1999.11.07,,Annan hund,,Annan,Drever,1999.11.06,1999.11.07,Nej,0,0,0,0,0,0,0,0,1,0,0,0,0,0,0,0,0,Varg,,,Fältkontroll - LST,Bedömd som säker,2-1081,Ronneby Tararp 1:8,6236264,507204,6238335,1457318,RT90,Mycket bra,1999.11.07,Nej,,Ja,2017.02.13,,2-1081,Ronneby (S),2-10,Blekinge län (S)
V473191,,2003.11.15,Ja,2003.11.17,,Annan hund,,Annan,Gråhund,2003.11.15,2003.11.15,Nej,0,0,0,0,0,0,0,0,0,1,0,0,0,0,0,0,0,Varg,,,Fältkontroll - LST,Bedömd som säker,2-2034,Tenningsjön,6794087,497749,6796471,1454573,RT90,Mycket bra,2003.11.17,Nej,,Ja,2017.02.13,,2-2034,Orsa (S),2-20,Dalarnas län (S)
V473192,,2003.11.15,Ja,2003.11.17,,Annan hund,,Annan,Finsk stövare,2003.11.15,2003.11.15,Nej,0,0,0,0,0,0,0,0,0,0,1,0,0,0,0,0,0,Varg,,,Fältkontroll - LST,Bedömd som säker,2-2031,Lenåsen,6765028,514129,6767200,1470600,RT90,Mycket bra,2003.11.17,Nej,,Ja,2017.02.13,,2-2031,Rättvik (S),2-20,Dalarnas län (S)
V473193,,2003.11.21,Ja,2003.11.25,,Annan hund,,Annan,Jämthund,2003.11.21,2003.11.21,Nej,0,0,0,0,0,0,0,0,0,0,1,0,0,0,0,0,0,Varg,,,Fältkontroll - LST,Bedömd som säker,2-1782,Brushöjden,6649821,449827,6652737,1404862,RT90,Mycket bra,2003.11.25,Nej,,Ja,2017.02.13,,2-1782,Filipstad (S),2-17,Värmlands län (S)
V473194,,2003.11.09,Ja,2003.11.15,,Annan hund,,Annan,Gråhund,2003.11.09,2003.11.09,Nej,0,0,0,0,0,0,0,0,0,0,1,0,0,0,0,0,0,Varg,,,Fältkontroll - LST,Bedömd som säker,2-2183,Arbrå vvo,6814662,566700,6816200,1523800,RT90,Mycket bra,2003.11.15,Nej,,Ja,2017.02.13,,2-2183,Bollnäs (S),2-21,Gävleborgs län (S)
V473198,,2003.11.25,Ja,2003.11.27,,Annan hund,,Annan,Finsk Stövare,2003.11.25,2003.11.25,Nej,0,0,0,0,0,0,0,0,0,0,1,0,0,0,0,0,0,Varg,,,Fältkontroll - LST,Bedömd som säker,2-1783,Hjortberg,6677562,430584,6680725,1385950,RT90,Mycket bra,2003.11.27,Nej,,Ja,2017.02.13,,2-1783,Hagfors (S),2-17,Värmlands län (S)
V473200,,2003.09.13,Ja,2003.09.13,,Annan hund,,Annan,Hamiltonstövare,2003.09.13,2003.09.13,Nej,0,0,0,0,0,0,0,0,0,0,1,0,0,0,0,0,0,Varg,,,Fältkontroll - LST,Bedömd som säker,2-1883,Svarttjärn,6588115,479521,6590646,1433818,RT90,Mycket bra,2003.09.13,Nej,,Ja,2017.02.13,,2-1883,Karlskoga (S),2-18,Örebro län (S)
V473204,,2003.12.13,Ja,2003.12.13,,Annan hund,,Annan,Tysk jaktterrier,2003.12.13,2003.12.13,Nej,0,0,0,0,0,0,1,0,0,0,0,0,0,0,0,0,0,Varg,,,Fältkontroll - LST,Bedömd som säker,2-1780,Nyeds-Bäckelid,6601364,442482,6604350,1396925,RT90,Mycket bra,2003.12.13,Nej,,Ja,2017.02.13,,2-1780,Karlstad (S),2-17,Värmlands län (S)
V473209,,2002.10.06,Ja,2002.10.07,,Annan hund,,Annan,drever,2002.10.06,2002.10.06,Nej,0,0,0,0,0,0,0,0,1,0,0,0,0,0,0,0,0,Varg,,,Fältkontroll - LST,Bedömd som säker,2-1884,Bastabergsmossen,6586351,494519,6588700,1448800,RT90,Mycket bra,2002.10.07,Nej,,Ja,2017.02.13,,2-1884,Nora (S),2-18,Örebro län (S)
V473211,,2004.01.23,Ja,2004.01.23,,Annan hund,,Annan,Schiller stövare,2004.01.23,2004.01.23,Nej,0,0,0,0,0,0,0,0,1,0,0,0,0,0,0,0,0,Varg,,,Fältkontroll - LST,Bedömd som säker,2-1782,Fogdhyttan,6629951,451693,6632837,1406487,RT90,Mycket bra,2004.01.23,Nej,,Ja,2017.02.13,,2-1782,Filipstad (S),2-17,Värmlands län (S)
V473212,,2002.10.07,Ja,2002.10.07,,Annan hund,,Annan,Finsk stövare,2002.10.07,2002.10.07,Nej,0,0,0,0,0,0,0,0,0,0,1,0,0,0,0,0,0,Varg,,,Fältkontroll - LST,Bedömd som säker,2-1765,Sundsbyn,6570677,330983,6575000,1285000,RT90,Mycket bra,2002.10.07,Nej,,Ja,2017.02.13,,2-1765,Årjäng (S),2-17,Värmlands län (S)
V473213,,2002.12.22,Ja,2002.12.22,,Annan hund,,Annan,Strävhårig tax,2002.12.22,2002.12.22,Nej,0,0,0,0,0,0,0,0,1,0,0,0,0,0,0,0,0,Varg,,,Fältkontroll - LST,Bedömd som säker,2-1780,Väse,6590925,442984,6593900,1397300,RT90,Mycket bra,2002.12.22,Nej,,Ja,2017.02.13,,2-1780,Karlstad (S),2-17,Värmlands län (S)
V473214,,2003.09.01,Ja,2003.09.01,,Annan hund,,Annan,Schweitzerstövare,2003.09.01,2003.09.01,Nej,0,0,0,0,0,0,0,0,1,0,0,0,0,0,0,0,0,Varg,,,Fältkontroll - LST,Bedömd som säker,2-1884,(svårläsligt)_ enl koordinat strax SO om sjön Älvlången,6586671,487917,6589100,1442200,RT90,Mycket bra,2003.09.01,Nej,,Ja,2017.02.13,,2-1884,Nora (S),2-18,Örebro län (S)
V473218,,2003.12.05,Ja,2003.12.07,,Annan hund,,Annan,Jämthund,2003.12.05,2003.12.05,Nej,0,0,0,0,0,0,0,0,0,0,1,0,0,0,0,0,0,Varg,,,Fältkontroll - LST,Bedömd som säker,2-1863,strax öster om Sörby_ 2_4 km S om Rockesholm_ Hällefors,6596960,479096,6599500,1433500,RT90,Mycket bra,2003.12.07,Nej,,Ja,2017.02.13,,2-1863,Hällefors (S),2-18,Örebro län (S)
V473220,,2001.09.13,Ja,2001.10.18,,Annan hund,,Annan,Finsk stövare,2001.09.13,2001.09.13,Nej,0,0,0,0,0,0,0,0,1,0,0,0,0,0,0,0,0,Varg,,,Fältkontroll - LST,Bedömd som säker,2-2034,Norr Skattungbyn,6786635,490970,6789100,1447700,RT90,Mycket bra,2001.10.18,Nej,,Ja,2017.02.13,,2-2034,Orsa (S),2-20,Dalarnas län (S)
V473221,,2002.06.12,Ja,2002.06.12,,Annan hund,,Annan,Blandras Drever-Spets,2002.06.12,2002.06.12,Nej,0,0,0,0,0,0,0,0,0,0,1,0,0,0,0,0,0,Varg,,,Fältkontroll - LST,Bedömd som säker,2-1430,Hedekas,6501661,307189,6506232,1260359,RT90,Mycket bra,2002.06.12,Nej,,Ja,2017.02.13,,2-1430,Munkedal (S),2-14,Västra Götalands län (S)
V473225,,2004.08.18,Ja,2004.08.22,,Annan hund,,Annan,Bordercollie,2004.08.18,2004.08.18,Nej,0,0,0,0,0,0,0,0,0,0,1,0,0,0,0,0,0,Varg,,,Fältkontroll - LST,Bedömd som säker,2-1737,Svenskandersberg,6682735,371401,6686624,1326803,RT90,Mycket bra,2004.08.22,Nej,,Ja,2017.02.13,,2-1737,Torsby (S),2-17,Värmlands län (S)
V473227,,2002.08.24,Ja,2002.08.24,,Annan hund,,Annan,Strävhårig tax,2002.08.24,2002.08.24,Nej,0,0,0,0,0,0,0,0,1,0,0,0,0,0,0,0,0,Varg,,,Fältkontroll - LST,Bedömd som säker,2-1460,Furunäs,6561423,350885,6565500,1304800,RT90,Mycket bra,2002.08.24,Nej,,Ja,2017.02.13,,2-1460,Bengtsfors (S),2-14,Västra Götalands län (S)
V473229,,2001.11.10,Ja,2001.11.16,,Annan hund,,Annan,Strävhårig tax,2001.11.09,2001.11.10,Nej,0,0,0,0,0,0,0,0,1,0,0,0,0,0,0,0,0,Varg,,,Fältkontroll - LST,Bedömd som säker,2-1485,Norr om Uddevalla,6475495,319737,6479900,1272600,RT90,Mycket bra,2001.11.16,Nej,,Ja,2017.02.13,,2-1485,Uddevalla (S),2-14,Västra Götalands län (S)
V473230,,2004.08.27,Ja,2004.08.27,,Annan hund,,Annan,Finsk spets,2004.08.27,2004.08.27,Nej,0,0,0,0,0,0,0,0,0,0,1,0,0,0,0,0,0,Varg,,,Fältkontroll - LST,Bedömd som säker,2-1737,Tarvtorp  Rinn,6670095,398257,6673650,1353517,RT90,Mycket bra,2004.08.27,Nej,,Ja,2017.02.13,,2-1737,Torsby (S),2-17,Värmlands län (S)
V473232,,2004.09.15,Ja,2004.09.16,,Annan hund,,Annan,Stövare,2004.09.15,2004.09.15,Nej,0,0,0,0,0,0,0,0,0,0,1,0,0,0,0,0,0,Varg,,,Fältkontroll - LST,Bedömd som säker,2-2085,Kvarntjärnarna,6670553,462156,6673327,1417449,RT90,Mycket bra,2004.09.16,Nej,,Ja,2017.02.13,,2-2085,Ludvika (S),2-20,Dalarnas län (S)
V473235,,2007.10.13,Ja,2007.10.14,,Annan hund,,Annan,Gråhund,2007.10.13,2007.10.13,Nej,0,0,0,0,0,0,0,0,0,0,1,0,0,0,0,0,0,Varg,,,Fältkontroll - LST,Bedömd som säker,2-2183,Galven,6821364,558919,6823000,1516100,RT90,Mycket bra,2007.10.14,Nej,,Ja,2017.02.13,,2-2183,Bollnäs (S),2-21,Gävleborgs län (S)
V473236,,2010.10.11,Ja,2010.10.11,,Annan hund,,Annan,Jämthund,2010.10.11,2010.10.11,Nej,0,0,0,0,0,0,0,0,1,0,0,0,0,0,0,0,0,Varg,,,Fältkontroll - LST,Bedömd som säker,2-1737,Hästberget,6746705,387917,6750423,1344112,RT90,Mycket bra,2010.10.11,Nej,,Ja,2017.02.13,,2-1737,Torsby (S),2-17,Värmlands län (S)
V473238,,2004.10.01,Ja,2004.10.02,,Annan hund,,Annan,Jämthund,2004.10.01,2004.10.01,Nej,0,0,0,0,0,0,0,0,1,0,0,0,0,0,0,0,0,Varg,,,Fältkontroll - LST,Bedömd som säker,2-1737,Rösberg,6697600,415290,6700959,1370894,RT90,Mycket bra,2004.10.02,Nej,,Ja,2017.02.13,,2-1737,Torsby (S),2-17,Värmlands län (S)
V473239,,2004.10.02,Ja,2004.10.04,,Annan hund,,Annan,Jämthund,2004.10.02,2004.10.02,Nej,0,0,0,0,0,0,0,0,0,0,1,0,0,0,0,0,0,Varg,,,Fältkontroll - LST,Bedömd som säker,2-1737,Rösberg,6696628,415921,6699979,1371514,RT90,Mycket bra,2004.10.04,Nej,,Ja,2017.02.13,,2-1737,Torsby (S),2-17,Värmlands län (S)
V473243,,2004.11.03,Ja,2004.11.03,,Annan hund,,Annan,Jämthund,2004.11.03,2004.11.03,Nej,0,0,0,0,0,0,0,0,0,0,1,0,0,0,0,0,0,Varg,,,Fältkontroll - LST,Bedömd som säker,2-1737,Lövliden,6763119,372765,6767031,1329154,RT90,Mycket bra,2004.11.03,Nej,,Ja,2017.02.13,,2-1737,Torsby (S),2-17,Värmlands län (S)
V473245,,2004.11.14,Ja,2004.11.14,,Annan hund,,Annan,Norsk älghund grå,2004.11.13,2004.11.14,Nej,0,0,0,0,0,0,0,0,1,0,0,0,0,0,0,0,0,Varg,,,Fältkontroll - LST,Bedömd som säker,2-1737,Skärberget,6702463,393518,6706091,1349172,RT90,Mycket bra,2004.11.14,Nej,,Ja,2017.02.13,,2-1737,Torsby (S),2-17,Värmlands län (S)
V473246,,2004.11.07,Ja,2004.11.09,,Annan hund,,Annan,Jämthund,2004.11.07,2004.11.07,Nej,0,0,0,0,0,0,0,0,0,0,1,0,0,0,0,0,0,Varg,,,Fältkontroll - LST,Bedömd som säker,2-2183,Blybergsbo,6785477,567260,6787000,1524000,RT90,Mycket bra,2004.11.09,Nej,,Ja,2017.02.13,,2-2183,Bollnäs (S),2-21,Gävleborgs län (S)
V473248,,2004.11.20,Ja,2004.11.21,,Annan hund,,Annan,Finsk spets,2004.11.20,2004.11.20,Nej,0,0,0,0,0,0,0,0,1,0,0,0,0,0,0,0,0,Varg,,,Fältkontroll - LST,Bedömd som säker,2-2361,Stor-Tovåsen,6836257,434905,6839434,1392226,RT90,Mycket bra,2004.11.21,Nej,,Ja,2017.02.13,,2-2361,Härjedalen (S),2-23,Jämtlands län (S)
V473249,,2004.11.27,Ja,2004.11.27,,Annan hund,,Annan,Hamiltonstövare,2004.11.27,2004.11.27,Nej,0,0,0,0,0,0,0,0,1,0,0,0,0,0,0,0,0,Varg,,,Fältkontroll - LST,Bedömd som säker,2-1737,V. Halltjärnarna,6658299,384391,6662017,1339501,RT90,Mycket bra,2004.11.27,Nej,,Ja,2017.02.13,,2-1737,Torsby (S),2-17,Värmlands län (S)
V473252,,2004.11.25,Ja,2004.11.26,,Annan hund,,Annan,Drever,2004.11.25,2004.11.25,Nej,0,0,0,0,0,0,0,0,1,0,0,0,0,0,0,0,0,Varg,,,Fältkontroll - LST,Bedömd som säker,2-2121,Homna,6802062,534065,6804000,1491000,RT90,Mycket bra,2004.11.26,Nej,,Ja,2017.02.13,,2-2121,Ovanåker (S),2-21,Gävleborgs län (S)
V473253,,2004.12.01,Ja,2004.12.02,,Annan hund,,Annan,Irländsk fårhund,2004.12.01,2004.12.01,Nej,0,0,0,0,0,0,0,0,1,0,0,0,0,0,0,0,0,Varg,,,Fältkontroll - LST,Bedömd som säker,2-2313,Ringvattnet,7117043,520890,7119247,1481763,RT90,Mycket bra,2004.12.02,Nej,,Ja,2017.02.13,,2-2313,Strömsund (S),2-23,Jämtlands län (S)
V473257,,2004.12.13,Ja,2004.12.13,,Annan hund,,Annan,korsning border- och cairnterrier,2004.12.13,2004.12.13,Nej,0,0,0,0,0,0,0,0,1,0,0,0,0,0,0,0,0,Varg,,,Fältkontroll - LST,Bedömd som säker,2-1783,Södra Björklångsberg,6660995,406097,6664450,1361250,RT90,Mycket bra,2004.12.13,Nej,,Ja,2017.02.13,,2-1783,Hagfors (S),2-17,Värmlands län (S)
V473258,,2004.12.26,Ja,2004.12.27,,Annan hund,,Annan,Finnstövare,2004.12.26,2004.12.26,Nej,0,0,0,0,0,0,0,0,0,0,1,0,0,0,0,0,0,Varg,,,Fältkontroll - LST,Bedömd som säker,2-2034,Skattungbyn  ( Dejmyrsvägen),6781983,493087,6784420,1449760,RT90,Mycket bra,2004.12.27,Nej,,Ja,2017.02.13,,2-2034,Orsa (S),2-20,Dalarnas län (S)
V473260,,2005.01.16,Ja,2005.01.16,,Annan hund,,Annan,Drever,2005.01.16,2005.01.16,Nej,0,0,0,0,0,0,0,0,1,0,0,0,0,0,0,0,0,Varg,,,Fältkontroll - LST,Bedömd som säker,2-1762,Södra Höjden (nära sjön Småpotten),6634774,422846,6638013,1377687,RT90,Mycket bra,2005.01.16,Nej,,Ja,2017.02.13,,2-1762,Munkfors (S),2-17,Värmlands län (S)
V473262,,2005.01.27,Ja,2005.01.27,,Annan hund,,Annan,Hamilton,2005.01.27,2005.01.27,Nej,0,0,0,0,0,0,0,0,0,0,1,0,0,0,0,0,0,Varg,,,Fältkontroll - LST,Bedömd som säker,2-2031,Ingelsberget,6763322,529845,6765300,1486300,RT90,Mycket bra,2005.01.27,Nej,,Ja,2017.02.13,,2-2031,Rättvik (S),2-20,Dalarnas län (S)
V473264,,2005.01.31,Ja,2005.01.31,,Annan hund,,Annan,Stövare/Drever,2005.01.31,2005.01.31,Nej,0,0,0,0,0,0,0,0,1,0,0,0,0,0,0,0,0,Varg,,,Fältkontroll - LST,Bedömd som säker,2-1737,Åsteby,6681125,392247,6684758,1347639,RT90,Mycket bra,2005.01.31,Nej,,Ja,2017.02.13,,2-1737,Torsby (S),2-17,Värmlands län (S)
V473265,,2005.02.05,Ja,2005.02.05,,Annan hund,,Annan,Schillerstövare,2005.02.05,2005.02.05,Nej,0,0,0,0,0,0,0,0,1,0,0,0,0,0,0,0,0,Varg,,,Fältkontroll - LST,Bedömd som säker,2-2080,Ryggen,6715189,550330,6716900,1506200,RT90,Mycket bra,2005.02.05,Nej,,Ja,2017.02.13,,2-2080,Falun (S),2-20,Dalarnas län (S)
V473266,,2005.02.08,Ja,2005.02.09,,Annan hund,,Annan,Finnstövare,2005.02.08,2005.02.08,Nej,0,0,0,0,0,0,0,0,0,0,1,0,0,0,0,0,0,Varg,,,Fältkontroll - LST,Bedömd som säker,2-2121,Svartbo,6808728,531484,6810700,1488500,RT90,Mycket bra,2005.02.09,Nej,,Ja,2017.02.13,,2-2121,Ovanåker (S),2-21,Gävleborgs län (S)
V473268,,2005.01.29,Ja,2005.01.30,,Annan hund,,Annan,Luzenerstövare,2005.01.29,2005.01.29,Nej,0,0,0,0,0,0,0,0,0,0,1,0,0,0,0,0,0,Varg,,,Fältkontroll - LST,Bedömd som säker,2-2062,Toktjärn  Ickmyren,6764794,492733,6767229,1449194,RT90,Mycket bra,2005.01.30,Nej,,Ja,2017.02.13,,2-2062,Mora (S),2-20,Dalarnas län (S)
V473271,,2005.05.15,Ja,2005.05.17,,Annan hund,,Annan,Tax,2005.05.12,2005.05.15,Nej,0,0,0,0,0,0,0,0,0,0,0,1,0,0,0,0,0,Varg,,,Fältkontroll - LST,Bedömd som säker,2-2101,Mörtebo,6761469,596851,6762621,1553303,RT90,Mycket bra,2005.05.17,Nej,,Ja,2017.02.13,,2-2101,Ockelbo (S),2-21,Gävleborgs län (S)
V473272,,2005.06.16,Ja,2005.06.16,,Annan hund,,Annan,Drever-Hamilton,2005.06.16,2005.06.16,Nej,0,0,0,0,0,0,0,0,0,0,1,0,0,0,0,0,0,Varg,,,Fältkontroll - LST,Bedömd som säker,2-1460,Herrenäs,6555333,337542,6559568,1291377,RT90,Mycket bra,2005.06.16,Nej,,Ja,2017.02.13,,2-1460,Bengtsfors (S),2-14,Västra Götalands län (S)
V473273,,2005.07.24,Ja,2005.07.25,,Annan hund,,Annan,Finnspets,2005.07.24,2005.07.24,Nej,0,0,0,0,0,0,0,0,1,0,0,0,0,0,0,0,0,Varg,,,Fältkontroll - LST,Bedömd som säker,2-2031,Draggen Gisslarbodbrändan,6769631,504180,6771927,1460705,RT90,Mycket bra,2005.07.25,Nej,,Ja,2017.02.13,,2-2031,Rättvik (S),2-20,Dalarnas län (S)
V473274,,2005.09.23,Ja,2005.09.24,,Annan hund,,Annan,Finsk stövare,2005.09.23,2005.09.23,Nej,0,0,0,0,0,0,1,0,0,0,0,0,0,0,0,0,0,Varg,,,Fältkontroll - LST,Bedömd som säker,2-1737,Dundermyren,6720096,367862,6724047,1323720,RT90,Mycket bra,2005.09.24,Nej,,Ja,2017.02.13,,2-1737,Torsby (S),2-17,Värmlands län (S)
V473275,,2005.10.21,Ja,2005.10.21,,Annan hund,,Annan,Jämthund,2005.10.19,2005.10.21,Nej,0,0,0,0,0,0,0,0,1,0,0,0,0,0,0,0,0,Varg,,,Fältkontroll - LST,Bedömd som säker,2-2121,Älmeskullen,6802405,537560,6804300,1494500,RT90,Mycket bra,2005.10.21,Nej,,Ja,2017.02.13,,2-2121,Ovanåker (S),2-21,Gävleborgs län (S)
V473276,,2005.11.02,Ja,2005.11.02,,Annan hund,,Annan,Hamiltonstövare,2005.11.01,2005.11.01,Nej,0,0,0,0,0,0,0,0,1,0,0,0,0,0,0,0,0,Varg,,,Fältkontroll - LST,Bedömd som säker,2-1737,Kronhalla,6672347,366241,6676294,1321513,RT90,Mycket bra,2005.11.02,Nej,,Ja,2017.02.13,,2-1737,Torsby (S),2-17,Värmlands län (S)
V473277,,2005.11.05,Ja,2005.11.06,,Annan hund,,Annan,Gråhund,2005.11.04,2005.11.05,Nej,0,0,0,0,0,0,0,0,1,0,0,0,0,0,0,0,0,Varg,,,Fältkontroll - LST,Bedömd som säker,2-2034,Bjusberget,6781813,476843,6784450,1433508,RT90,Mycket bra,2005.11.06,Nej,,Ja,2017.02.13,,2-2034,Orsa (S),2-20,Dalarnas län (S)
V473282,,2005.09.02,Ja,2005.09.02,,Annan hund,,Annan,Finsk stövare,2005.09.02,2005.09.02,Nej,0,0,0,0,0,0,0,0,1,0,0,0,0,0,0,0,0,Varg,,,Fältkontroll - LST,Bedömd som säker,2-2039,Råmålsmyren,6811627,451955,6814583,1408978,RT90,Mycket bra,2005.09.02,Nej,,Ja,2017.02.13,,2-2039,Älvdalen (S),2-20,Dalarnas län (S)
V473287,,2005.09.14,Ja,2005.09.14,,Annan hund,,Annan,Jämthund,2005.09.14,2005.09.14,Nej,0,0,0,0,0,0,0,0,1,0,0,0,0,0,0,0,0,Varg,,,Fältkontroll - LST,Bedömd som säker,2-2062,Myckelskard - Hoforskojan,6794740,460094,6797589,1416912,RT90,Mycket bra,2005.09.14,Nej,,Ja,2017.02.13,,2-2062,Mora (S),2-20,Dalarnas län (S)
V473288,,2005.09.18,Ja,2005.09.19,,Annan hund,,Annan,Drever,2005.09.18,2005.09.18,Nej,0,0,0,0,0,0,0,0,0,0,1,0,0,0,0,0,0,Varg,,,Fältkontroll - LST,Bedömd som säker,2-2121,Gråssjön,6816412,546584,6818200,1503700,RT90,Mycket bra,2005.09.19,Nej,,Ja,2017.02.13,,2-2121,Ovanåker (S),2-21,Gävleborgs län (S)
V473290,,2005.10.02,Ja,2005.10.02,,Annan hund,,Annan,Hamilton stövare,2005.10.02,2005.10.02,Nej,0,0,0,0,0,0,0,0,1,0,0,0,0,0,0,0,0,Varg,,,Fältkontroll - LST,Bedömd som säker,2-1737,Spjutberget,6749192,375014,6753070,1331233,RT90,Mycket bra,2005.10.02,Nej,,Ja,2017.02.13,,2-1737,Torsby (S),2-17,Värmlands län (S)
V473291,,2005.10.08,Ja,2005.10.08,,Annan hund,,Annan,Hamiltonstövare,2005.10.08,2005.10.08,Nej,0,0,0,0,0,0,1,0,0,0,0,0,0,0,0,0,0,Varg,,,Fältkontroll - LST,Bedömd som säker,2-2031,Tammeråsen,6759936,495965,6762330,1452367,RT90,Mycket bra,2005.10.08,Nej,,Ja,2017.02.13,,2-2031,Rättvik (S),2-20,Dalarnas län (S)
V473301,,2005.11.01,Ja,2005.11.09,,Annan hund,,Annan,Finnstövare,2005.11.01,2005.11.01,Nej,0,0,0,0,0,0,1,0,0,0,0,0,0,0,0,0,0,Varg,,,Fältkontroll - LST,Bedömd som säker,2-2023,Nyhusen,6715484,419475,6718800,1375300,RT90,Mycket bra,2005.11.09,Nej,,Ja,2017.02.13,,2-2023,Malung (S),2-20,Dalarnas län (S)
V473303,,2005.11.21,Ja,2005.11.21,,Annan hund,,Annan,Smålands stövare,2005.11.21,2005.11.21,Nej,0,0,0,0,0,0,0,0,1,0,0,0,0,0,0,0,0,Varg,,,Fältkontroll - LST,Bedömd som säker,2-2183,Ecklingsbo,6793739,564359,6795300,1521200,RT90,Mycket bra,2005.11.21,Nej,,Ja,2017.02.13,,2-2183,Bollnäs (S),2-21,Gävleborgs län (S)
V473304,,2005.11.10,Ja,2005.11.17,,Annan hund,,Annan,Jämthund,2005.11.10,2005.11.10,Nej,0,0,0,0,0,0,0,0,0,0,1,0,0,0,0,0,0,Varg,,,Fältkontroll - LST,Bedömd som säker,2-1765,Djurskog,6608698,326125,6613100,1280600,RT90,Mycket bra,2005.11.17,Nej,,Ja,2017.02.13,,2-1765,Årjäng (S),2-17,Värmlands län (S)
V473305,,2005.11.18,Ja,2005.11.18,,Annan hund,,Annan,Hamilton,2005.11.17,2005.11.17,Nej,0,0,0,0,0,0,0,0,1,0,0,0,0,0,0,0,0,Varg,,,Fältkontroll - LST,Bedömd som säker,2-1737,Lekvattnet,6676925,364669,6680894,1319996,RT90,Mycket bra,2005.11.18,Nej,,Ja,2017.02.13,,2-1737,Torsby (S),2-17,Värmlands län (S)
V473306,,2005.11.19,Ja,2005.11.25,,Annan hund,,Annan,Hamilton stövare,2005.11.19,2005.11.19,Nej,0,0,0,0,0,0,0,0,0,0,1,0,0,0,0,0,0,Varg,,,Fältkontroll - LST,Bedömd som säker,2-2121,Skallarberget,6794278,551356,6796000,1508200,RT90,Mycket bra,2005.11.25,Nej,,Ja,2017.02.13,,2-2121,Ovanåker (S),2-21,Gävleborgs län (S)
V473307,,2005.11.28,Ja,2005.11.29,,Annan hund,,Annan,Grå hund,2005.11.26,2005.11.28,Nej,0,0,0,0,0,0,0,0,1,0,0,0,0,0,0,0,0,Varg,,,Fältkontroll - LST,Bedömd som säker,2-2183,Söråsen,6784625,571170,6786100,1527900,RT90,Mycket bra,2005.11.29,Nej,,Ja,2017.02.13,,2-2183,Bollnäs (S),2-21,Gävleborgs län (S)
V473312,,2005.12.06,Ja,2005.12.07,,Annan hund,,Annan,Finsk Stövare,2005.12.05,2005.12.06,Nej,0,0,0,0,0,0,0,0,1,0,0,0,0,0,0,0,0,Varg,,,Fältkontroll - LST,Bedömd som säker,2-2121,Stormyran,6798023,555109,6799700,1512000,RT90,Mycket bra,2005.12.07,Nej,,Ja,2017.02.13,,2-2121,Ovanåker (S),2-21,Gävleborgs län (S)
V473315,,2002.10.14,Ja,2002.10.15,,Annan hund,,Annan,Finsk stövare,2002.10.14,2002.10.14,Nej,0,0,0,0,0,0,0,0,1,0,0,0,0,0,0,0,0,Varg,,,Fältkontroll - LST,Bedömd som säker,2-2031,Gisslarbodarna,6750893,505426,6753167,1461720,RT90,Mycket bra,2002.10.15,Nej,,Ja,2017.02.13,,2-2031,Rättvik (S),2-20,Dalarnas län (S)
V473317,,2000.10.21,Ja,2000.10.24,,Annan hund,,Annan,Norsk älghund,2000.10.21,2000.10.21,Nej,0,0,0,0,0,0,0,0,0,0,1,0,0,0,0,0,0,Varg,,,Fältkontroll - LST,Bedömd som säker,2-2031,Råmåsjöberget,6801670,510378,6803900,1467300,RT90,Mycket bra,2000.10.24,Nej,,Ja,2017.02.13,,2-2031,Rättvik (S),2-20,Dalarnas län (S)
V473318,,2001.09.01,Ja,2001.09.01,,Annan hund,,Annan,Luzernstövare,2001.09.01,2001.09.01,Nej,0,0,0,0,0,0,0,0,1,0,0,0,0,0,0,0,0,Varg,,,Fältkontroll - LST,Bedömd som säker,2-2083,Vikarbyn,6697736,561940,6699300,1517600,RT90,Mycket bra,2001.09.01,Nej,,Ja,2017.02.13,,2-2083,Hedemora (S),2-20,Dalarnas län (S)
V473320,,2001.11.16,Ja,2001.11.17,,Annan hund,,Annan,Blandras Bordescollie-Lapphund-Laika,2001.10.28,2001.10.28,Nej,1,0,0,0,0,0,0,0,0,0,0,0,0,0,0,0,0,Varg,,,Fältkontroll - LST,Bedömd som säker,2-2023,Nålmyren,6770623,384013,6774400,1340500,RT90,Mycket bra,2001.11.17,Nej,,Ja,2017.02.13,,2-2023,Malung (S),2-20,Dalarnas län (S)
V473321,,2005.12.10,Ja,2005.12.10,,Annan hund,,Annan,Drever,2005.12.10,2005.12.10,Nej,0,0,0,0,1,0,0,0,0,0,0,0,0,0,0,0,0,Varg,,,Fältkontroll - LST,Bedömd som säker,2-2062,Råssänsvägen,6760861,482398,6763422,1438807,RT90,Mycket bra,2005.12.10,Nej,,Ja,2017.02.13,,2-2062,Mora (S),2-20,Dalarnas län (S)
V473324,,2000.08.13,Ja,2000.08.18,,Annan hund,,Annan,Finsk spets,2000.08.13,2000.08.13,Nej,1,0,0,0,0,0,0,0,0,0,0,0,0,0,0,0,0,Varg,,,Fältkontroll - LST,Bedömd som säker,2-2039,Olåsen,6877480,392686,6881200,1350500,RT90,Mycket bra,2000.08.18,Nej,,Ja,2017.02.13,,2-2039,Älvdalen (S),2-20,Dalarnas län (S)
V473325,,2005.12.18,Ja,2005.12.18,,Annan hund,,Annan,Blandras  Jämte och finnspets,2005.12.17,2005.12.17,Nej,0,0,0,0,0,0,0,0,1,0,0,0,0,0,0,0,0,Varg,,,Fältkontroll - LST,Bedömd som säker,2-2031,Säliåsen,6786425,514046,6788605,1470781,RT90,Mycket bra,2005.12.18,Nej,,Ja,2017.02.13,,2-2031,Rättvik (S),2-20,Dalarnas län (S)
V473326,,2005.12.18,Ja,2005.12.19,,Annan hund,,Annan,Blandras  Drever-Smålandstövare,2005.12.18,2005.12.18,Nej,0,0,0,0,1,0,0,0,0,0,0,0,0,0,0,0,0,Varg,,,Fältkontroll - LST,Bedömd som säker,2-1435,Mörken,6506909,302088,6511544,1255318,RT90,Mycket bra,2005.12.19,Nej,,Ja,2017.02.13,,2-1435,Tanum (S),2-14,Västra Götalands län (S)
V473329,,1999.08.29,Ja,1999.08.30,,Annan hund,,Annan,Smiller/gråhund,1999.08.29,1999.08.29,Nej,0,0,0,0,0,0,0,0,1,0,0,0,0,0,0,0,0,Varg,,,Fältkontroll - LST,Bedömd som säker,2-2023,Söder Kuulen. Uvån-Böjsjön,6709782,427241,6713000,1383000,RT90,Mycket bra,1999.08.30,Nej,,Ja,2017.02.13,,2-2023,Malung (S),2-20,Dalarnas län (S)
V473332,,2006.01.02,Ja,2006.01.04,,Annan hund,,Annan,Finnspets,2006.01.02,2006.01.02,Nej,0,0,0,0,0,0,0,0,0,0,1,0,0,0,0,0,0,Varg,,,Fältkontroll - LST,Bedömd som säker,2-1765,Mölnerud,6609350,336638,6613625,1291127,RT90,Mycket bra,2006.01.04,Nej,,Ja,2017.02.13,,2-1765,Årjäng (S),2-17,Värmlands län (S)
V473339,,2000.08.16,Ja,2000.08.17,,Annan hund,,Annan,Korsning Gråhund och Jämthund,2000.08.16,2000.08.16,Nej,0,0,0,0,0,0,0,0,0,0,1,0,0,0,0,0,0,Varg,,,Fältkontroll - LST,Bedömd som säker,2-2326,Nybo 1:2,6946391,467482,6949207,1426187,RT90,Mycket bra,2000.08.17,Nej,,Ja,2017.02.13,,2-2326,Berg (S),2-23,Jämtlands län (S)
V473342,,2006.09.03,Ja,2006.09.05,,Annan hund,,Annan,Gråhund,2006.09.03,2006.09.03,Nej,0,0,0,0,0,0,0,0,0,0,1,0,0,0,0,0,0,Varg,,,Fältkontroll - LST,Bedömd som säker,2-2062,Indnäsberget,6778537,464948,6781320,1421568,RT90,Mycket bra,2006.09.05,Nej,,Ja,2017.02.13,,2-2062,Mora (S),2-20,Dalarnas län (S)
V473343,,2006.09.17,Ja,2006.09.17,,Annan hund,,Annan,Schiller,2006.09.17,2006.09.17,Nej,0,0,0,0,0,0,0,0,0,0,1,0,0,0,0,0,0,Varg,,,Fältkontroll - LST,Bedömd som säker,2-2080,Kallesbacken,6737012,520171,6739100,1476300,RT90,Mycket bra,2006.09.17,Nej,,Ja,2017.02.13,,2-2080,Falun (S),2-20,Dalarnas län (S)
V473347,,2006.02.08,Ja,2006.02.08,,Annan hund,,Annan,Hamiltonstövare,2006.02.08,2006.02.08,Nej,0,0,0,0,1,0,0,0,0,0,0,0,0,0,0,0,0,Varg,,,Fältkontroll - LST,Bedömd som säker,2-2260,Karlsro,6928611,549189,6930400,1507700,RT90,Mycket bra,2006.02.08,Nej,,Ja,2017.02.13,,2-2260,Ånge (S),2-22,Västernorrlands län (S)
V473352,,2006.09.04,Ja,2006.09.04,,Annan hund,,Annan,Finnspets,2006.09.04,2006.09.04,Nej,0,0,0,0,0,0,0,0,1,0,0,0,0,0,0,0,0,Varg,,,Fältkontroll - LST,Bedömd som säker,2-2034,Harflotsvägen,6773573,488846,6776059,1445414,RT90,Mycket bra,2006.09.04,Nej,,Ja,2017.02.13,,2-2034,Orsa (S),2-20,Dalarnas län (S)
V473356,,2006.09.23,Ja,2006.09.28,,Annan hund,,Annan,Gråhund,2006.09.22,2006.09.23,Nej,0,0,0,0,0,0,0,0,1,0,0,0,0,0,0,0,0,Varg,,,Fältkontroll - LST,Bedömd som säker,2-1730,Mosstakan,6613584,338451,6617839,1292992,RT90,Mycket bra,2006.09.28,Nej,,Ja,2017.02.13,,2-1730,Eda (S),2-17,Värmlands län (S)
V473358,,2006.12.03,Ja,2006.12.04,,Annan hund,,Annan,Gråhund,2006.12.03,2006.12.03,Nej,0,0,0,0,0,0,0,0,1,0,0,0,0,0,0,0,0,Varg,,,Fältkontroll - LST,Bedömd som säker,2-2121,Dalkarsbo,6802371,526664,6804400,1483600,RT90,Mycket bra,2006.12.04,Nej,,Ja,2017.02.13,,2-2121,Ovanåker (S),2-21,Gävleborgs län (S)
V473359,,2006.12.08,Ja,2006.12.11,,Annan hund,,Annan,Hamilton,2006.12.08,2006.12.08,Nej,0,0,0,0,0,0,0,0,0,0,1,0,0,0,0,0,0,Varg,,,Fältkontroll - LST,Bedömd som säker,2-2080,Gopa,6733800,519111,6735900,1475200,RT90,Mycket bra,2006.12.11,Nej,,Ja,2017.02.13,,2-2080,Falun (S),2-20,Dalarnas län (S)
V473360,,2006.05.22,Ja,2006.05.22,,Annan hund,,Annan,STRÄVHÅRIG TAX,2006.05.22,2006.05.22,Nej,0,0,0,0,0,0,0,0,1,0,0,0,0,0,0,0,0,Varg,,,Fältkontroll - LST,Bedömd som säker,2-2101,GÅRDSPLANEN,6760153,576941,6761550,1533371,RT90,Mycket bra,2006.05.22,Nej,,Ja,2017.02.13,,2-2101,Ockelbo (S),2-21,Gävleborgs län (S)
V473361,,2006.10.08,Ja,2006.10.08,,Annan hund,,Annan,Hamilton + Schiller,2006.10.08,2006.10.08,Nej,0,0,0,0,0,0,0,0,1,0,0,0,0,0,0,0,0,Varg,,,Fältkontroll - LST,Bedömd som säker,2-2121,Loftsbo,6813834,532120,6815800,1489200,RT90,Mycket bra,2006.10.08,Nej,,Ja,2017.02.13,,2-2121,Ovanåker (S),2-21,Gävleborgs län (S)
V473362,,2006.10.08,Ja,2006.10.09,,Annan hund,,Annan,Hamilton,2006.10.08,2006.10.08,Nej,0,0,0,0,0,0,0,0,0,0,1,0,0,0,0,0,0,Varg,,,Fältkontroll - LST,Bedömd som säker,2-2121,Räken,6817765,534671,6819700,1491800,RT90,Mycket bra,2006.10.09,Nej,,Ja,2017.02.13,,2-2121,Ovanåker (S),2-21,Gävleborgs län (S)
V473363,,2006.10.09,Ja,2006.10.09,,Annan hund,,Annan,Jämthund,2006.10.09,2006.10.09,Nej,0,0,0,0,0,0,1,0,0,0,0,0,0,0,0,0,0,Varg,,,Fältkontroll - LST,Bedömd som säker,2-2062,Bäckdalsberget,6797203,464350,6800000,1421200,RT90,Mycket bra,2006.10.09,Nej,,Ja,2017.02.13,,2-2062,Mora (S),2-20,Dalarnas län (S)
V473365,,2006.10.13,Ja,2006.10.16,,Annan hund,,Annan,Jämthund,2006.10.13,2006.10.13,Nej,0,0,0,0,0,0,0,0,0,0,1,0,0,0,0,0,0,Varg,,,Fältkontroll - LST,Bedömd som säker,2-2361,Stor-Skärvålen,6893884,426319,6897193,1384353,RT90,Mycket bra,2006.10.16,Nej,,Ja,2017.02.13,,2-2361,Härjedalen (S),2-23,Jämtlands län (S)
V473366,,2006.10.11,Ja,2006.10.12,,Annan hund,,Annan,Östsibirisk Laika,2006.10.11,2006.10.11,Nej,0,0,0,0,0,0,1,0,0,0,0,0,0,0,0,0,0,Varg,,,Fältkontroll - LST,Bedömd som säker,2-2029,Ö Gansåsen,6746626,521553,6748700,1477800,RT90,Mycket bra,2006.10.12,Nej,,Ja,2017.02.13,,2-2029,Leksand (S),2-20,Dalarnas län (S)
V473368,,2006.10.28,Ja,2006.10.29,,Annan hund,,Annan,Drever,2006.10.28,2006.10.28,Nej,0,0,0,0,1,0,0,0,0,0,0,0,0,0,0,0,0,Varg,,,Fältkontroll - LST,Bedömd som säker,2-1438,Botiltorp,6524910,315045,6529400,1268500,RT90,Mycket bra,2006.10.29,Nej,,Ja,2017.02.13,,2-1438,Dals-Ed (S),2-14,Västra Götalands län (S)
V473370,,2006.10.09,Ja,2006.10.09,,Annan hund,,Annan,Jämthund,2006.10.09,2006.10.09,Nej,0,0,0,0,0,0,0,0,1,0,0,0,0,0,0,0,0,Varg,,,Fältkontroll - LST,Bedömd som säker,2-1904,Brahe gård,6626525,534617,6628400,1489400,RT90,Mycket bra,2006.10.09,Nej,,Ja,2017.02.13,,2-1904,Skinnskatteberg (S),2-19,Västmanlands län (S)
V473374,,2006.11.15,Ja,2006.11.15,,Annan hund,,Annan,Jämthund,2006.11.15,2006.11.15,Nej,0,0,0,0,0,0,0,0,1,0,0,0,0,0,0,0,0,Varg,,,Fältkontroll - LST,Bedömd som säker,2-2121,Loberget,6821883,520125,6824000,1477300,RT90,Mycket bra,2006.11.15,Nej,,Ja,2017.02.13,,2-2121,Ovanåker (S),2-21,Gävleborgs län (S)
V473375,,2006.10.22,Ja,2006.10.23,,Annan hund,,Annan,Hamiltonstövare,2006.10.22,2006.10.22,Nej,0,0,0,0,0,0,0,0,1,0,0,0,0,0,0,0,0,Varg,,,Fältkontroll - LST,Bedömd som säker,2-0331,Harbo,6656148,619333,6657000,1574500,RT90,Mycket bra,2006.10.23,Nej,,Ja,2017.02.13,,2-0331,Heby (S),2-03,Uppsala län (S)
V473376,,2006.11.26,Ja,2006.11.26,,Annan hund,,Annan,Gråhund,2006.11.25,2006.11.25,Nej,0,0,0,0,0,0,0,0,1,0,0,0,0,0,0,0,0,Varg,,,Fältkontroll - LST,Bedömd som säker,2-2080,Midsommarberget,6733467,573399,6734900,1529500,RT90,Mycket bra,2006.11.26,Nej,,Ja,2017.02.13,,2-2080,Falun (S),2-20,Dalarnas län (S)
V473379,,2006.11.19,Ja,2006.11.19,,Annan hund,,Annan,Drever,2006.11.19,2006.11.19,Nej,0,0,0,0,0,0,0,0,1,0,0,0,0,0,0,0,0,Varg,,,Fältkontroll - LST,Bedömd som säker,2-1884,Skrekarhyttan,6590660,495366,6593000,1449700,RT90,Mycket bra,2006.11.19,Nej,,Ja,2017.02.13,,2-1884,Nora (S),2-18,Örebro län (S)
V473385,,2006.12.27,Ja,2006.12.28,,Annan hund,,Annan,Schweisterstövare,2006.12.27,2006.12.27,Nej,0,0,0,0,0,0,0,0,1,0,0,0,0,0,0,0,0,Varg,,,Fältkontroll - LST,Bedömd som säker,2-1784,Norr Örvattnet,6625261,373199,6629100,1327900,RT90,Mycket bra,2006.12.28,Nej,,Ja,2017.02.13,,2-1784,Arvika (S),2-17,Värmlands län (S)
V473387,,2006.12.25,Ja,2006.12.26,,Annan hund,,Annan,Gråhund,2006.12.25,2006.12.25,Nej,0,0,0,0,0,0,0,0,1,0,0,0,0,0,0,0,0,Varg,,,Fältkontroll - LST,Bedömd som säker,2-2121,Räken,6817376,535576,6819300,1492700,RT90,Mycket bra,2006.12.26,Nej,,Ja,2017.02.13,,2-2121,Ovanåker (S),2-21,Gävleborgs län (S)
V473388,,2007.09.27,Ja,2007.09.27,,Annan hund,,Annan,Hamiltonstövare,2007.09.27,2007.09.27,Nej,0,0,0,0,0,0,0,0,0,0,1,0,0,0,0,0,0,Varg,,,Fältkontroll - LST,Bedömd som säker,2-2023,Räsåsätern,6806180,392379,6809871,1349309,RT90,Mycket bra,2007.09.27,Nej,,Ja,2017.02.13,,2-2023,Malung (S),2-20,Dalarnas län (S)
V473391,,2007.01.06,Ja,2007.01.06,,Annan hund,,Annan,Drever,2007.01.06,2007.01.06,Nej,0,0,0,0,0,0,0,0,1,0,0,0,0,0,0,0,0,Varg,,,Fältkontroll - LST,Bedömd som säker,2-0331,Östermossen 6 km NO Vittinge,6647991,618401,6648852,1573468,RT90,Mycket bra,2007.01.06,Nej,,Ja,2017.02.13,,2-0331,Heby (S),2-03,Uppsala län (S)
V473392,,2007.01.05,Ja,2007.01.05,,Annan hund,,Annan,Gråhund,2007.01.05,2007.01.05,Nej,0,0,0,0,0,0,0,0,1,0,0,0,0,0,0,0,0,Varg,,,Fältkontroll - LST,Bedömd som säker,2-1782,Ringvägen,6670175,454765,6673040,1410051,RT90,Mycket bra,2007.01.05,Nej,,Ja,2017.02.13,,2-1782,Filipstad (S),2-17,Värmlands län (S)
V473393,,2006.12.31,Ja,2007.01.01,,Annan hund,,Annan,korthårig tax,2006.12.31,2006.12.31,Nej,0,0,0,0,0,0,0,0,1,0,0,0,0,0,0,0,0,Varg,,,Fältkontroll - LST,Bedömd som säker,2-1980,300 m norr gården Böle,6619939,584983,6621200,1539700,RT90,Mycket bra,2007.01.01,Nej,,Ja,2017.02.13,,2-1980,Västerås (S),2-19,Västmanlands län (S)
V473394,,2006.12.16,Ja,2006.12.16,,Annan hund,,Annan,Jämthund,2006.12.16,2006.12.16,Nej,0,0,0,0,0,0,0,0,1,0,0,0,0,0,0,0,0,Varg,,,Fältkontroll - LST,Bedömd som säker,2-1439,Norr om Hallsjön,6511005,337760,6515213,1291060,RT90,Mycket bra,2006.12.16,Nej,,Ja,2017.02.13,,2-1439,Färgelanda (S),2-14,Västra Götalands län (S)
V473395,,2007.01.27,Ja,2007.01.27,,Annan hund,,Annan,Jämthund,2007.01.27,2007.01.27,Nej,0,0,0,0,1,0,0,0,0,0,0,0,0,0,0,0,0,Varg,,,Fältkontroll - LST,Bedömd som säker,2-2121,Stora Gångberget,6766815,550997,6768533,1507502,RT90,Mycket bra,2007.01.27,Nej,,Ja,2017.02.13,,2-2121,Ovanåker (S),2-21,Gävleborgs län (S)
V473396,,2006.12.21,Ja,2006.12.22,,Annan hund,,Annan,Drever,2006.12.21,2006.12.21,Nej,0,0,0,0,0,0,0,0,0,0,1,0,0,0,0,0,0,Varg,,,Fältkontroll - LST,Bedömd som säker,2-0380,Väster Mångelbo,6661499,629553,6662227,1584787,RT90,Mycket bra,2006.12.22,Nej,,Ja,2017.02.13,,2-0380,Uppsala (S),2-03,Uppsala län (S)
V473397,,2007.02.16,Ja,2007.02.16,,Annan hund,,Annan,Cavalier King Charles spaniel,2007.02.15,2007.02.15,Nej,0,0,0,0,0,0,0,0,1,0,0,0,0,0,0,0,0,Varg,,,Fältkontroll - LST,Bedömd som säker,2-1766,Östanbjörke 44,6642417,401772,6645916,1356696,RT90,Mycket bra,2007.02.16,Nej,,Ja,2017.02.13,,2-1766,Sunne (S),2-17,Värmlands län (S)
V473400,,2007.08.26,Ja,2007.08.27,,Annan hund,,Annan,Jämthund,2007.08.26,2007.08.26,Nej,0,0,0,0,0,0,0,0,1,0,0,0,0,0,0,0,0,Varg,,,Fältkontroll - LST,Bedömd som säker,2-2121,Nybo,6821069,535130,6823000,1492300,RT90,Mycket bra,2007.08.27,Nej,,Ja,2017.02.13,,2-2121,Ovanåker (S),2-21,Gävleborgs län (S)
V473401,,2007.09.02,Ja,2007.09.02,,Annan hund,,Annan,Gråhund,2007.09.01,2007.09.02,Nej,0,0,0,0,0,0,0,0,1,0,0,0,0,0,0,0,0,Varg,,,Fältkontroll - LST,Bedömd som säker,2-1784,Bortan,6648107,362603,6652086,1317577,RT90,Mycket bra,2007.09.02,Nej,,Ja,2017.02.13,,2-1784,Arvika (S),2-17,Värmlands län (S)
V473402,,2007.09.08,Ja,2007.09.08,,Annan hund,,Annan,Finsk Stövare,2007.09.08,2007.09.08,Nej,0,0,0,0,0,0,0,0,0,0,1,0,0,0,0,0,0,Varg,,,Fältkontroll - LST,Bedömd som säker,2-1784,Allstakan,6642631,358651,6646656,1313557,RT90,Mycket bra,2007.09.08,Nej,,Ja,2017.02.13,,2-1784,Arvika (S),2-17,Värmlands län (S)
V473407,,2007.06.26,Ja,2007.06.26,,Annan hund,,Annan,Drever,2007.06.26,2007.06.26,Nej,0,0,0,0,0,0,0,0,1,0,0,0,0,0,0,0,0,Varg,,,Fältkontroll - LST,Bedömd som säker,2-2101,Ulvsta,6752758,589357,6754000,1545700,RT90,Mycket bra,2007.06.26,Nej,,Ja,2017.02.13,,2-2101,Ockelbo (S),2-21,Gävleborgs län (S)
V473408,,2007.08.14,Ja,2007.08.15,,Annan hund,,Annan,Finnspets,2007.08.14,2007.08.14,Nej,0,0,0,0,0,0,0,0,1,0,0,0,0,0,0,0,0,Varg,,,Fältkontroll - LST,Bedömd som säker,2-2026,Norr Mosselbodarna,6712522,484738,6715036,1440554,RT90,Mycket bra,2007.08.15,Nej,,Ja,2017.02.13,,2-2026,Gagnef (S),2-20,Dalarnas län (S)
V473409,,2007.08.19,Ja,2007.08.20,,Annan hund,,Annan,Blandras Drever-Hamilton,2007.08.19,2007.08.19,Nej,0,0,0,0,0,0,0,0,0,0,1,0,0,0,0,0,0,Varg,,,Fältkontroll - LST,Bedömd som säker,2-1460,Ö Sockan,6554385,347372,6558500,1301200,RT90,Mycket bra,2007.08.20,Nej,,Ja,2017.02.13,,2-1460,Bengtsfors (S),2-14,Västra Götalands län (S)
V473410,,2007.08.26,Ja,2007.08.26,,Annan hund,,Annan,Finsk stövare,2007.08.22,2007.08.22,Nej,0,0,0,0,0,0,0,0,1,0,0,0,0,0,0,0,0,Varg,,,Fältkontroll - LST,Bedömd som säker,2-1766,Östanbjörke,6641756,401931,6645253,1356847,RT90,Mycket bra,2007.08.26,Nej,,Ja,2017.02.13,,2-1766,Sunne (S),2-17,Värmlands län (S)
V473411,,2007.09.01,Ja,2007.09.01,,Annan hund,,Annan,Finsk stövare,2007.09.01,2007.09.01,Nej,0,0,0,0,1,0,0,0,0,0,0,0,0,0,0,0,0,Varg,,,Fältkontroll - LST,Bedömd som säker,2-1766,Framsättra_ Askerud,6643560,404171,6647030,1359110,RT90,Mycket bra,2007.09.01,Nej,,Ja,2017.02.13,,2-1766,Sunne (S),2-17,Värmlands län (S)
V473412,,2007.09.03,Ja,2007.09.03,,Annan hund,,Annan,Finsk stövare,2007.09.03,2007.09.03,Nej,0,0,0,0,0,0,0,0,0,0,1,0,0,0,0,0,0,Varg,,,Fältkontroll - LST,Bedömd som säker,2-1766,Långheden_ Norra Skoga vvo,6659464,404520,6662937,1359653,RT90,Mycket bra,2007.09.03,Nej,,Ja,2017.02.13,,2-1766,Sunne (S),2-17,Värmlands län (S)
V473414,,2007.09.03,Ja,2007.09.04,,Annan hund,,Annan,Hamiltonstövare,2007.09.03,2007.09.03,Nej,0,0,0,0,0,0,1,0,0,0,0,0,0,0,0,0,0,Varg,,,Fältkontroll - LST,Bedömd som säker,2-1737,Backasätersberget,6716590,405057,6720083,1360890,RT90,Mycket bra,2007.09.04,Nej,,Ja,2017.02.13,,2-1737,Torsby (S),2-17,Värmlands län (S)
V473415,,2007.09.03,Ja,2007.09.03,,Annan hund,,Annan,Hamiltonstövare,2007.09.03,2007.09.03,Nej,0,0,0,0,0,0,0,0,1,0,0,0,0,0,0,0,0,Varg,,,Fältkontroll - LST,Bedömd som säker,2-1784,Bogen,6662816,363363,6666793,1318517,RT90,Mycket bra,2007.09.03,Nej,,Ja,2017.02.13,,2-1784,Arvika (S),2-17,Värmlands län (S)
V473416,,2007.09.21,Ja,2007.09.21,,Annan hund,,Annan,Drever,2007.09.21,2007.09.21,Nej,0,0,0,0,0,0,0,0,1,0,0,0,0,0,0,0,0,Varg,,,Fältkontroll - LST,Bedömd som säker,2-2161,Roskölen,6852377,526112,6854429,1483667,RT90,Mycket bra,2007.09.21,Nej,,Ja,2017.02.13,,2-2161,Ljusdal (S),2-21,Gävleborgs län (S)
V473419,,2007.09.06,Ja,2007.09.06,,Annan hund,,Annan,Hamiltonstövare,2007.09.05,2007.09.06,Nej,0,0,0,0,0,0,0,0,1,0,0,0,0,0,0,0,0,Varg,,,Fältkontroll - LST,Bedömd som säker,2-1781,Skottlanda_ Kristinehamn,6552144,460195,6554895,1414049,RT90,Mycket bra,2007.09.06,Nej,,Ja,2017.02.13,,2-1781,Kristinehamn (S),2-17,Värmlands län (S)
V473420,,2007.09.07,Ja,2007.09.07,,Annan hund,,Annan,Norrbottenspets,2007.09.07,2007.09.07,Nej,0,0,0,0,0,0,0,0,1,0,0,0,0,0,0,0,0,Varg,,,Fältkontroll - LST,Bedömd som säker,2-2021,Bosar-flötten Äppelbo,6700154,442976,6703175,1398624,RT90,Mycket bra,2007.09.07,Nej,,Ja,2017.02.13,,2-2021,Vansbro (S),2-20,Dalarnas län (S)
V473421,,2007.09.09,Ja,2007.09.09,,Annan hund,,Annan,Schillerstövare,2007.09.09,2007.09.09,Nej,0,0,0,0,0,0,0,0,1,0,0,0,0,0,0,0,0,Varg,,,Fältkontroll - LST,Bedömd som säker,2-2021,Norr om Hummelberget,6701797,450663,6704725,1406334,RT90,Mycket bra,2007.09.09,Nej,,Ja,2017.02.13,,2-2021,Vansbro (S),2-20,Dalarnas län (S)
V473422,,2007.09.02,Ja,2007.09.11,,Annan hund,,Annan,Finnstövare,2007.09.02,2007.09.02,Nej,0,0,0,0,0,0,0,0,0,0,1,0,0,0,0,0,0,Varg,,,Fältkontroll - LST,Bedömd som säker,2-1737,Åstransberget,6685349,411779,6688745,1367232,RT90,Mycket bra,2007.09.11,Nej,,Ja,2017.02.13,,2-1737,Torsby (S),2-17,Värmlands län (S)
V473426,,2007.10.06,Ja,2007.10.06,,Annan hund,,Annan,Hamilton,2007.10.06,2007.10.06,Nej,0,0,0,0,0,0,0,0,0,0,1,0,0,0,0,0,0,Varg,,,Fältkontroll - LST,Bedömd som säker,2-1460,Vrenäsdalen,6556932,351439,6561000,1305300,RT90,Mycket bra,2007.10.06,Nej,,Ja,2017.02.13,,2-1460,Bengtsfors (S),2-14,Västra Götalands län (S)
V473427,,2007.10.17,Ja,2007.10.17,,Annan hund,,Annan,Blandras stövare-gråhund,2007.10.16,2007.10.16,Nej,0,0,0,0,0,0,0,0,1,0,0,0,0,0,0,0,0,Varg,,,Fältkontroll - LST,Bedömd som säker,2-1862,Gökhult,6546744,463774,6549449,1417564,RT90,Mycket bra,2007.10.17,Nej,,Ja,2017.02.13,,2-1862,Degerfors (S),2-18,Örebro län (S)
V473428,,2007.10.15,Ja,2007.10.16,,Annan hund,,Annan,Stövare,2007.10.15,2007.10.15,Nej,0,0,0,0,0,0,0,0,1,0,0,0,0,0,0,0,0,Varg,,,Fältkontroll - LST,Bedömd som säker,2-1737,Mulldusberget_norska sidan,6697484,367879,6701424,1323460,RT90,Mycket bra,2007.10.16,Nej,,Ja,2017.02.13,,2-1737,Torsby (S),2-17,Värmlands län (S)
V473431,,2007.10.14,Ja,2007.10.15,,Annan hund,,Annan,Drever,2007.10.14,2007.10.14,Nej,0,0,0,0,0,0,1,0,0,0,0,0,0,0,0,0,0,Varg,,,Fältkontroll - LST,Bedömd som säker,2-2021,S.Hummelsjön,6703010,453813,6705900,1409500,RT90,Mycket bra,2007.10.15,Nej,,Ja,2017.02.13,,2-2021,Vansbro (S),2-20,Dalarnas län (S)
V473433,,2007.10.20,Ja,2007.10.20,,Annan hund,,Annan,Hamiltonstövare,2007.10.20,2007.10.20,Nej,0,0,0,0,0,0,0,0,1,0,0,0,0,0,0,0,0,Varg,,,Fältkontroll - LST,Bedömd som säker,2-2023,Markusberget-Yttermalung,6712035,432192,6715193,1387981,RT90,Mycket bra,2007.10.20,Nej,,Ja,2017.02.13,,2-2023,Malung (S),2-20,Dalarnas län (S)
V473434,,2007.10.08,Ja,2007.10.09,,Annan hund,,Annan,Blandras,2007.10.08,2007.10.08,Nej,0,0,0,0,0,0,0,0,0,0,1,0,0,0,0,0,0,Varg,,,Fältkontroll - LST,Bedömd som säker,2-2029,Ärten,6741760,524212,6743800,1480400,RT90,Mycket bra,2007.10.09,Nej,,Ja,2017.02.13,,2-2029,Leksand (S),2-20,Dalarnas län (S)
V473435,,2007.10.22,Ja,2007.10.22,,Annan hund,,Annan,Jämthund,2007.10.21,2007.10.21,Nej,0,0,0,0,1,0,0,0,0,0,0,0,0,0,0,0,0,Varg,,,Fältkontroll - LST,Bedömd som säker,2-2161,Gällsjövallen,6838317,523320,6840400,1480700,RT90,Mycket bra,2007.10.22,Nej,,Ja,2017.02.13,,2-2161,Ljusdal (S),2-21,Gävleborgs län (S)
V473436,,2007.10.23,Ja,2007.10.24,,Annan hund,,Annan,Hamiltonstövare,2007.10.23,2007.10.23,Nej,0,0,0,0,0,0,0,0,1,0,0,0,0,0,0,0,0,Varg,,,Fältkontroll - LST,Bedömd som säker,2-2260,N Korpåsen,6901598,563522,6903200,1521700,RT90,Mycket bra,2007.10.24,Nej,,Ja,2017.02.13,,2-2260,Ånge (S),2-22,Västernorrlands län (S)
V473437,,2007.10.26,Ja,2007.10.26,,Annan hund,,Annan,Hamilton,2007.10.25,2007.10.25,Nej,0,0,0,0,0,0,0,0,1,0,0,0,0,0,0,0,0,Varg,,,Fältkontroll - LST,Bedömd som säker,2-2121,Torpet,6813884,544216,6815700,1501300,RT90,Mycket bra,2007.10.26,Nej,,Ja,2017.02.13,,2-2121,Ovanåker (S),2-21,Gävleborgs län (S)
V473438,,2007.10.28,Ja,2007.10.28,,Annan hund,,Annan,Drever,2007.10.27,2007.10.28,Nej,0,0,0,0,0,0,0,0,1,0,0,0,0,0,0,0,0,Varg,,,Fältkontroll - LST,Bedömd som säker,2-2183,Vallsta,6822576,568002,6824100,1525200,RT90,Mycket bra,2007.10.28,Nej,,Ja,2017.02.13,,2-2183,Bollnäs (S),2-21,Gävleborgs län (S)
V473439,,2007.10.30,Ja,2007.11.02,,Annan hund,,Annan,Hamilton,2007.10.30,2007.10.30,Nej,0,0,0,0,0,0,0,0,1,0,0,0,0,0,0,0,0,Varg,,,Fältkontroll - LST,Bedömd som säker,2-2161,Risarven,6839823,531899,6841800,1489300,RT90,Mycket bra,2007.11.02,Nej,,Ja,2017.02.13,,2-2161,Ljusdal (S),2-21,Gävleborgs län (S)
V473441,,2007.11.10,Ja,2007.11.11,,Annan hund,,Annan,Jämthund,2007.11.10,2007.11.10,Nej,0,0,0,0,0,0,0,0,1,0,0,0,0,0,0,0,0,Varg,,,Fältkontroll - LST,Bedömd som säker,2-2083,Staktjärns Fäbodar,6715338,560875,6716920,1516750,RT90,Mycket bra,2007.11.11,Nej,,Ja,2017.02.13,,2-2083,Hedemora (S),2-20,Dalarnas län (S)
V473445,,2007.11.13,Ja,2007.11.13,,Annan hund,,Annan,Tax,2007.11.10,2007.11.13,Nej,0,0,0,0,1,0,0,0,0,0,0,0,0,0,0,0,0,Varg,,,Fältkontroll - LST,Bedömd som säker,2-1438,Dalen,6523017,323763,6527400,1277200,RT90,Mycket bra,2007.11.13,Nej,,Ja,2017.02.13,,2-1438,Dals-Ed (S),2-14,Västra Götalands län (S)
V473446,,2007.11.17,Ja,2007.11.17,,Annan hund,,Annan,Schillerstövare,2007.11.17,2007.11.17,Nej,0,0,0,0,0,0,0,0,1,0,0,0,0,0,0,0,0,Varg,,,Fältkontroll - LST,Bedömd som säker,2-2021,Öster Ö.Vakern N.O. Lobergets topp 1_2 km,6694860,455132,6697730,1410720,RT90,Mycket bra,2007.11.17,Nej,,Ja,2017.02.13,,2-2021,Vansbro (S),2-20,Dalarnas län (S)
V473448,,2007.10.14,Ja,2007.10.17,,Annan hund,,Annan,Jämthund,2007.10.14,2007.10.14,Nej,0,0,0,0,0,0,0,0,0,0,1,0,0,0,0,0,0,Varg,,,Fältkontroll - LST,Bedömd som säker,2-2284,Knäsjö,7074717,648689,7075293,1609060,RT90,Mycket bra,2007.10.17,Nej,,Ja,2017.02.13,,2-2284,Örnsköldsvik (S),2-22,Västernorrlands län (S)
V473450,,2007.12.04,Ja,2007.12.04,,Annan hund,,Annan,Cairnterrier,2007.11.27,2007.11.27,Nej,0,0,0,0,0,0,0,0,1,0,0,0,0,0,0,0,0,Varg,,,Fältkontroll - LST,Bedömd som säker,2-1884,Bäcketorp  713 92 Gyttorp,6590844,485768,6593300,1440100,RT90,Mycket bra,2007.12.04,Nej,,Ja,2017.02.13,,2-1884,Nora (S),2-18,Örebro län (S)
V473451,,2007.12.15,Ja,2007.12.15,,Annan hund,,Annan,Strävhårig tax,2007.12.15,2007.12.15,Nej,0,0,0,0,1,0,0,0,0,0,0,0,0,0,0,0,0,Varg,,,Fältkontroll - LST,Bedömd som säker,2-1862,Runstorp,6544018,464570,6546713,1418328,RT90,Mycket bra,2007.12.15,Nej,,Ja,2017.02.13,,2-1862,Degerfors (S),2-18,Örebro län (S)
V473452,,2007.12.22,Ja,2007.12.22,,Annan hund,,Annan,West Highland White Terrier,2007.12.21,2007.12.22,Nej,0,0,0,0,0,0,0,0,1,0,0,0,0,0,0,0,0,Varg,,,Fältkontroll - LST,Bedömd som säker,2-1783,Trädgården,6663802,413570,6667167,1368760,RT90,Mycket bra,2007.12.22,Nej,,Ja,2017.02.13,,2-1783,Hagfors (S),2-17,Värmlands län (S)
V473453,,2007.12.23,Ja,2007.12.23,,Annan hund,,Annan,Blandras Stövare/drever,2007.12.23,2007.12.23,Nej,0,0,0,0,0,0,0,0,1,0,0,0,0,0,0,0,0,Varg,,,Fältkontroll - LST,Bedömd som säker,2-1715,Karsbol,6601109,399999,6604610,1354420,RT90,Mycket bra,2007.12.23,Nej,,Ja,2017.02.13,,2-1715,Kil (S),2-17,Värmlands län (S)
V473454,,2008.01.06,Ja,2008.01.06,,Annan hund,,Annan,Schillerstövare,2008.01.06,2008.01.06,Nej,0,0,0,0,0,0,0,0,0,0,1,0,0,0,0,0,0,Varg,,,Fältkontroll - LST,Bedömd som säker,2-1462,Norr Västersjön,6443977,325659,6448293,1278147,RT90,Mycket bra,2008.01.06,Nej,,Ja,2017.02.13,,2-1462,LillaEdet (S),2-14,Västra Götalands län (S)
V473456,,2007.10.27,Ja,2008.01.14,,Annan hund,,Annan,Finsk stövare,2007.10.27,2007.10.27,Nej,0,0,0,0,0,0,0,0,0,0,1,0,0,0,0,0,0,Varg,,,Fältkontroll - LST,Bedömd som säker,2-2481,Nyby,7138377,669619,7138700,1630800,RT90,Mycket bra,2008.01.14,Nej,,Ja,2017.02.13,,2-2481,Lycksele (S),2-24,Västerbottens län (S)
V473457,,2006.12.21,Ja,2006.12.22,,Annan hund,,Annan,Drever,2006.12.21,2006.12.21,Nej,0,0,0,0,0,0,0,0,0,0,1,0,0,0,0,0,0,Varg,,,Fältkontroll - LST,Bedömd som säker,2-0380,Väster Mångelbo,6661499,629553,6662227,1584787,RT90,Mycket bra,2006.12.22,Nej,,Ja,2017.02.13,,2-0380,Uppsala (S),2-03,Uppsala län (S)
V473460,,2008.02.04,Ja,2008.02.04,,Annan hund,,Annan,Finsk stövare,2008.02.04,2008.02.04,Nej,0,0,0,0,0,0,0,0,1,0,0,0,0,0,0,0,0,Varg,,,Fältkontroll - LST,Bedömd som säker,2-2121,Östra Nyasen,6808939,548576,6810700,1505600,RT90,Mycket bra,2008.02.04,Nej,,Ja,2017.02.13,,2-2121,Ovanåker (S),2-21,Gävleborgs län (S)
V473461,,1995.10.23,Ja,1995.10.30,,Annan hund,,Annan,Jämthund,1995.10.23,1995.10.23,Nej,0,0,0,0,0,0,0,0,0,0,1,0,0,0,0,0,0,Varg,,,Fältkontroll - LST,Bedömd som säker,2-2085,Gäddsjöberget,6662457,464504,6665200,1419700,RT90,Mycket bra,,Nej,,Ja,2017.02.13,,2-2085,Ludvika (S),2-20,Dalarnas län (S)
V473462,,2008.02.08,Ja,2008.02.10,,Annan hund,,Annan,Labrador retriever,2008.02.08,2008.02.08,Nej,0,0,0,0,0,0,1,0,0,0,0,0,0,0,0,0,0,Varg,,,Fältkontroll - LST,Bedömd som säker,2-1884,Älvhyttan,6589246,491102,6591637,1445417,RT90,Mycket bra,2008.02.10,Nej,,Ja,2017.02.13,,2-1884,Nora (S),2-18,Örebro län (S)
V473463,,2008.02.25,Ja,2008.02.25,,Annan hund,,Annan,Drever,2008.02.25,2008.02.25,Nej,0,0,0,0,1,0,0,0,0,0,0,0,0,0,0,0,0,Varg,,,Fältkontroll - LST,Bedömd som säker,2-1765,Ekheden norr om,6584411,350896,6588500,1305090,RT90,Mycket bra,2008.02.25,Nej,,Ja,2017.02.13,,2-1765,Årjäng (S),2-17,Värmlands län (S)
V473464,,2008.02.19,Ja,2008.02.20,,Annan hund,,Annan,Strävh. Tax,2008.02.19,2008.02.19,Nej,0,0,0,0,0,0,0,0,0,0,1,0,0,0,0,0,0,Varg,,,Fältkontroll - LST,Bedömd som säker,2-1884,Västgöthyttefors 211,6596338,485501,6598800,1439900,RT90,Mycket bra,2008.02.20,Nej,,Ja,2017.02.13,,2-1884,Nora (S),2-18,Örebro län (S)
V473466,,2008.03.12,Ja,2008.03.13,,Annan hund,,Annan,Finnspets,2008.03.12,2008.03.12,Nej,0,0,0,0,0,0,0,0,0,0,1,0,0,0,0,0,0,Varg,,,Fältkontroll - LST,Bedömd som säker,2-2029,Rexbo  (Busmor),6724622,513698,6726785,1469672,RT90,Mycket bra,2008.03.13,Nej,,Ja,2017.02.13,,2-2029,Leksand (S),2-20,Dalarnas län (S)
V473467,,2008.03.08,Ja,2008.03.12,,Annan hund,,Annan,Finsk spets,2008.03.08,2008.03.08,Nej,0,0,0,0,0,0,0,0,1,0,0,0,0,0,0,0,0,Varg,,,Fältkontroll - LST,Bedömd som säker,2-2080,Krusbo,6720773,524669,6722800,1480600,RT90,Mycket bra,2008.03.12,Nej,,Ja,2017.02.13,,2-2080,Falun (S),2-20,Dalarnas län (S)
V473471,,2008.04.26,Ja,2008.04.30,,Annan hund,,Annan,Gråhund,2008.04.26,2008.04.26,Nej,0,0,0,0,0,0,0,0,0,0,1,0,0,0,0,0,0,Varg,,,Fältkontroll - LST,Bedömd som säker,2-2121,Röstabo,6812738,556627,6814400,1513700,RT90,Mycket bra,2008.04.30,Nej,,Ja,2017.02.13,,2-2121,Ovanåker (S),2-21,Gävleborgs län (S)
V473472,,2008.06.14,Ja,2008.06.15,,Annan hund,,Annan,Dvärg Snouser,2008.06.14,2008.06.14,Nej,0,0,0,0,0,0,1,0,0,0,0,0,0,0,0,0,0,Varg,,,Fältkontroll - LST,Bedömd som säker,2-1862,Storbjörboda. Svartå,6553319,475086,6555890,1428960,RT90,Mycket bra,2008.06.15,Nej,,Ja,2017.02.13,,2-1862,Degerfors (S),2-18,Örebro län (S)
V473475,,2008.06.27,Ja,2008.06.27,,Annan hund,,Annan,Lhasa apso,2008.06.27,2008.06.27,Nej,0,0,0,0,0,0,0,0,1,0,0,0,0,0,0,0,0,Varg,,,Fältkontroll - LST,Bedömd som säker,2-1784,Årbotten,6630709,366686,6634630,1321450,RT90,Mycket bra,2008.06.27,Nej,,Ja,2017.02.13,,2-1784,Arvika (S),2-17,Värmlands län (S)
V473477,,2008.08.25,Ja,2008.08.25,,Annan hund,,Annan,Finsk Stövare,2008.08.25,2008.08.25,Nej,0,0,0,0,0,0,0,0,1,0,0,0,0,0,0,0,0,Varg,,,Fältkontroll - LST,Bedömd som säker,2-1430,Hjältevad Hedekas,6504684,320186,6509100,1273400,RT90,Mycket bra,2008.08.25,Nej,,Ja,2017.02.13,,2-1430,Munkedal (S),2-14,Västra Götalands län (S)
V473478,,2008.08.23,Ja,2008.08.25,,Annan hund,,Annan,Hamiltonstövare,2008.08.20,2008.08.23,Nej,0,0,0,0,0,0,0,0,1,0,0,0,0,0,0,0,0,Varg,,,Fältkontroll - LST,Bedömd som säker,2-1782,Pers Höjd,6632810,442226,6635812,1397051,RT90,Mycket bra,2008.08.25,Nej,,Ja,2017.02.13,,2-1782,Filipstad (S),2-17,Värmlands län (S)
V473480,,2008.08.28,Ja,2008.08.28,,Annan hund,,Annan,Schwerstövare,2008.08.28,2008.08.28,Nej,0,0,0,0,1,0,0,0,0,0,0,0,0,0,0,0,0,Varg,,,Fältkontroll - LST,Bedömd som säker,2-1860,Lindås,6537738,466247,6540410,1419930,RT90,Mycket bra,2008.08.28,Nej,,Ja,2017.02.13,,2-1860,Laxå (S),2-18,Örebro län (S)
V473484,,2008.10.12,Ja,2008.10.12,,Annan hund,,Annan,Beagle/Hamilton,2008.10.12,2008.10.12,Nej,0,0,0,0,0,0,0,0,1,0,0,0,0,0,0,0,0,Varg,,,Fältkontroll - LST,Bedömd som säker,2-2161,Fliet,6833930,535196,6835864,1492525,RT90,Mycket bra,2008.10.12,Nej,,Ja,2017.02.13,,2-2161,Ljusdal (S),2-21,Gävleborgs län (S)
V473487,,2008.09.06,Ja,2008.09.06,,Annan hund,,Annan,Finsk stövare,2008.09.06,2008.09.06,Nej,0,0,0,0,0,0,0,0,1,0,0,0,0,0,0,0,0,Varg,,,Fältkontroll - LST,Bedömd som säker,2-2039,Särksjön,6822111,392515,6825807,1349642,RT90,Mycket bra,2008.09.06,Nej,,Ja,2017.02.13,,2-2039,Älvdalen (S),2-20,Dalarnas län (S)
V473488,,2008.09.06,Ja,2008.09.06,,Annan hund,,Annan,Drever,2008.09.06,2008.09.06,Nej,0,0,0,0,1,0,0,0,0,0,0,0,0,0,0,0,0,Varg,,,Fältkontroll - LST,Bedömd som säker,2-1782,Gånglöshöjden,6636778,450586,6639680,1405463,RT90,Mycket bra,2008.09.06,Nej,,Ja,2017.02.13,,2-1782,Filipstad (S),2-17,Värmlands län (S)
V473492,,2008.09.24,Ja,2008.09.24,,Annan hund,,Annan,Hamilton stövare,2008.09.23,2008.09.24,Nej,0,0,0,0,0,0,0,0,1,0,0,0,0,0,0,0,0,Varg,,,Fältkontroll - LST,Bedömd som säker,2-1862,Karsbo,6561719,474524,6564300,1428500,RT90,Mycket bra,2008.09.24,Nej,,Ja,2017.02.13,,2-1862,Degerfors (S),2-18,Örebro län (S)
V473493,,2008.09.29,Ja,2008.09.30,,Annan hund,,Annan,Hamiltonstövare,2008.09.27,2008.09.27,Nej,0,0,0,0,0,0,0,0,0,0,1,0,0,0,0,0,0,Varg,,,Fältkontroll - LST,Bedömd som säker,2-1783,Björklångsberg,6662655,406527,6666105,1361700,RT90,Mycket bra,2008.09.30,Nej,,Ja,2017.02.13,,2-1783,Hagfors (S),2-17,Värmlands län (S)
V473495,,2008.11.01,Ja,2008.11.01,,Annan hund,,Annan,Schillerstövare,2008.11.01,2008.11.01,Nej,0,0,0,0,0,0,0,0,1,0,0,0,0,0,0,0,0,Varg,,,Fältkontroll - LST,Bedömd som säker,2-1766,Ransby,6656177,399866,6659706,1354957,RT90,Mycket bra,2008.11.01,Nej,,Ja,2017.02.13,,2-1766,Sunne (S),2-17,Värmlands län (S)
V473496,,2008.10.28,Ja,2008.10.28,,Annan hund,,Annan,Hamilton,2008.10.28,2008.10.28,Nej,0,0,0,0,0,0,0,0,0,0,1,0,0,0,0,0,0,Varg,,,Fältkontroll - LST,Bedömd som säker,2-2161,Romberg,6851175,512165,6853400,1469700,RT90,Mycket bra,2008.10.28,Nej,,Ja,2017.02.13,,2-2161,Ljusdal (S),2-21,Gävleborgs län (S)
V473497,,2009.09.05,Ja,2009.09.05,,Annan hund,,Annan,Älghund Grå,2009.09.04,2009.09.04,Nej,0,0,0,0,1,0,0,0,0,0,0,0,0,0,0,0,0,Varg,,,Fältkontroll - LST,Bedömd som säker,2-1462,Vesten,6459450,331923,6463700,1284600,RT90,Mycket bra,2009.09.05,Nej,,Ja,2017.02.13,,2-1462,LillaEdet (S),2-14,Västra Götalands län (S)
V473501,,2008.10.01,Ja,2008.10.02,,Annan hund,,Annan,Hamilton,2008.10.01,2008.10.01,Nej,0,0,0,0,0,0,1,0,0,0,0,0,0,0,0,0,0,Varg,,,Fältkontroll - LST,Bedömd som säker,2-2080,Grossberget,6749242,539215,6751100,1495500,RT90,Mycket bra,2008.10.02,Nej,,Ja,2017.02.13,,2-2080,Falun (S),2-20,Dalarnas län (S)
V473502,,2008.10.07,Ja,2008.10.07,,Annan hund,,Annan,Gråhund,2008.10.07,2008.10.07,Nej,0,0,0,0,1,0,0,0,0,0,0,0,0,0,0,0,0,Varg,,,Fältkontroll - LST,Bedömd som säker,2-1485,Bredmossen,6480576,311042,6485088,1263961,RT90,Mycket bra,2008.10.07,Nej,,Ja,2017.02.13,,2-1485,Uddevalla (S),2-14,Västra Götalands län (S)
V473503,,2008.10.03,Ja,2008.10.03,,Annan hund,,Annan,Drever,2008.10.03,2008.10.03,Nej,0,0,0,0,0,0,0,0,1,0,0,0,0,0,0,0,0,Varg,,,Fältkontroll - LST,Bedömd som säker,2-1485,Sjöändan,6482713,323138,6487081,1276089,RT90,Mycket bra,2008.10.03,Nej,,Ja,2017.02.13,,2-1485,Uddevalla (S),2-14,Västra Götalands län (S)
V473504,,2008.10.07,Ja,2008.10.08,,Annan hund,,Annan,Stövare,2008.10.07,2008.10.07,Nej,0,0,0,0,0,0,0,0,0,0,1,0,0,0,0,0,0,Varg,,,Fältkontroll - LST,Bedömd som säker,2-2303,Köttsjön,7024898,552264,7026677,1511983,RT90,Mycket bra,2008.10.08,Nej,,Ja,2017.02.13,,2-2303,Ragunda (S),2-23,Jämtlands län (S)
V473505,,2008.10.08,Ja,2008.10.09,,Annan hund,,Annan,Hamiltonstövare,2008.10.08,2008.10.08,Nej,0,0,0,0,0,0,0,0,1,0,0,0,0,0,0,0,0,Varg,,,Fältkontroll - LST,Bedömd som säker,2-1783,Väst Motjärnshyttan,6646351,438838,6649400,1393827,RT90,Mycket bra,2008.10.09,Nej,,Ja,2017.02.13,,2-1783,Hagfors (S),2-17,Värmlands län (S)
V473506,,2008.10.07,Ja,2008.10.07,,Annan hund,,Annan,Drever,2008.10.07,2008.10.07,Nej,0,0,0,0,0,0,0,0,1,0,0,0,0,0,0,0,0,Varg,,,Fältkontroll - LST,Bedömd som säker,2-1862,Tomasbråten,6557224,465150,6559917,1419067,RT90,Mycket bra,2008.10.07,Nej,,Ja,2017.02.13,,2-1862,Degerfors (S),2-18,Örebro län (S)
V473507,,2008.10.13,Ja,2008.10.13,,Annan hund,,Annan,Jämthund,2008.10.13,2008.10.13,Nej,0,0,0,0,0,0,0,0,1,0,0,0,0,0,0,0,0,Varg,,,Fältkontroll - LST,Bedömd som säker,2-2463,Österstrand,7108120,625212,7109000,1586000,RT90,Mycket bra,2008.10.13,Nej,,Ja,2017.02.13,,2-2463,Åsele (S),2-24,Västerbottens län (S)
V473510,,2008.10.25,Ja,2008.10.25,,Annan hund,,Annan,Svensk Vit Älghund,2008.10.25,2008.10.25,Nej,0,0,0,0,0,0,0,0,1,0,0,0,0,0,0,0,0,Varg,,,Fältkontroll - LST,Bedömd som säker,2-1863,Gränsjögård   (NV Bredsjö),6637088,482607,6639600,1437500,RT90,Mycket bra,2008.10.25,Nej,,Ja,2017.02.13,,2-1863,Hällefors (S),2-18,Örebro län (S)
V473511,,2008.11.02,Ja,2008.11.03,,Annan hund,,Annan,Gråhund,2008.11.02,2008.11.02,Nej,0,0,0,0,0,0,0,0,1,0,0,0,0,0,0,0,0,Varg,,,Fältkontroll - LST,Bedömd som säker,2-2161,väster kvarnberget,6875965,516035,6878150,1473880,RT90,Mycket bra,2008.11.03,Nej,,Ja,2017.02.13,,2-2161,Ljusdal (S),2-21,Gävleborgs län (S)
V473512,,2008.10.27,Ja,2008.11.03,,Annan hund,,Annan,Hamiltonstövare,2008.10.27,2008.10.27,Nej,0,0,0,0,0,0,0,0,0,0,1,0,0,0,0,0,0,Varg,,,Fältkontroll - LST,Bedömd som säker,2-2183,Vålsjöberget Källbo,6771810,559665,6773423,1516234,RT90,Mycket bra,2008.11.03,Nej,,Ja,2017.02.13,,2-2183,Bollnäs (S),2-21,Gävleborgs län (S)
V473514,,2008.11.08,Ja,2008.11.09,,Annan hund,,Annan,Jämthund,2008.11.08,2008.11.08,Nej,0,0,0,0,0,0,1,0,0,0,0,0,0,0,0,0,0,Varg,,,Fältkontroll - LST,Bedömd som säker,2-2034,Jaldängsknoppen,6804700,472904,6807395,1429850,RT90,Mycket bra,2008.11.09,Nej,,Ja,2017.02.13,,2-2034,Orsa (S),2-20,Dalarnas län (S)
V473521,,2008.11.25,Ja,2008.11.26,,Annan hund,,Annan,Finsk stövare,2008.11.25,2008.11.25,Nej,0,0,0,0,0,0,0,0,1,0,0,0,0,0,0,0,0,Varg,,,Fältkontroll - LST,Bedömd som säker,2-1783,Gräs_ Sunnemo,6638053,430516,6641200,1385400,RT90,Mycket bra,2008.11.26,Nej,,Ja,2017.02.13,,2-1783,Hagfors (S),2-17,Värmlands län (S)
V473522,,2008.11.25,Ja,2008.11.25,,Annan hund,,Annan,Finnstövare,2008.11.25,2008.11.25,Nej,0,0,0,0,0,0,0,0,0,0,1,0,0,0,0,0,0,Varg,,,Fältkontroll - LST,Bedömd som säker,2-2034,Östra Skavåsen,6770535,487372,6773038,1443902,RT90,Mycket bra,2008.11.25,Nej,,Ja,2017.02.13,,2-2034,Orsa (S),2-20,Dalarnas län (S)
V473523,,2008.11.29,Ja,2008.11.29,,Annan hund,,Annan,Blandras,2008.11.29,2008.11.29,Nej,0,0,0,0,1,0,0,0,0,0,0,0,0,0,0,0,0,Varg,,,Fältkontroll - LST,Bedömd som säker,2-1439,Ellenö,6484750,324723,6489100,1277700,RT90,Mycket bra,2008.11.29,Nej,,Ja,2017.02.13,,2-1439,Färgelanda (S),2-14,Västra Götalands län (S)
V473524,,2008.11.29,Ja,2008.11.29,,Annan hund,,Annan,Jämthund,2008.11.29,2008.11.29,Nej,0,0,0,0,0,0,0,0,1,0,0,0,0,0,0,0,0,Varg,,,Fältkontroll - LST,Bedömd som säker,2-1782,Storhöjden_ Nordmark,6636991,453899,6639853,1408780,RT90,Mycket bra,2008.11.29,Nej,,Ja,2017.02.13,,2-1782,Filipstad (S),2-17,Värmlands län (S)
V473525,,2008.11.29,Ja,2008.12.01,,Annan hund,,Annan,Bassett Petite Griffon,2008.11.29,2008.11.29,Nej,0,0,0,0,0,0,0,0,1,0,0,0,0,0,0,0,0,Varg,,,Fältkontroll - LST,Bedömd som säker,2-1381,Mästocka_ Halmstad,6275576,390856,6279029,1341381,RT90,Mycket bra,2008.12.01,Nej,,Ja,2017.02.13,,2-1381,Laholm (S),2-13,Hallands län (S)
V473529,,2008.12.17,Ja,2008.12.17,,Annan hund,,Annan,Petit Basset Griffon Vendéen,2008.12.17,2008.12.17,Nej,0,0,0,0,0,0,0,0,1,0,0,0,0,0,0,0,0,Varg,,,Fältkontroll - LST,Bedömd som säker,2-1439,Sommarhult,6488677,318879,6493100,1271900,RT90,Mycket bra,2008.12.17,Nej,,Ja,2017.02.13,,2-1439,Färgelanda (S),2-14,Västra Götalands län (S)
V473530,,2008.12.23,Ja,2008.12.23,,Annan hund,,Annan,Drever,2008.12.22,2008.12.22,Nej,0,0,0,0,1,0,0,0,0,0,0,0,0,0,0,0,0,Varg,,,Fältkontroll - LST,Bedömd som säker,2-1439,Hoverängarna,6483119,319689,6487529,1272643,RT90,Mycket bra,2008.12.23,Nej,,Ja,2017.02.13,,2-1439,Färgelanda (S),2-14,Västra Götalands län (S)
V473531,,2009.01.08,Ja,2009.01.08,,Annan hund,,Annan,Blandras,2008.11.22,2008.11.22,Nej,0,0,0,0,0,0,0,0,1,0,0,0,0,0,0,0,0,Varg,,,Fältkontroll - LST,Bedömd som säker,2-1439,Högsäter,6503857,326193,6508200,1279400,RT90,Mycket bra,2009.01.08,Nej,,Ja,2017.02.13,,2-1439,Färgelanda (S),2-14,Västra Götalands län (S)
V473532,,2009.01.14,Ja,2009.01.16,,Annan hund,,Annan,X,2009.01.14,2009.01.14,Nej,0,0,0,0,0,0,0,0,0,0,1,0,0,0,0,0,0,Varg,,,Fältkontroll - LST,Bedömd som säker,2-1784,Mitandersfors,6662761,360285,6666776,1315437,RT90,Mycket bra,2009.01.16,Nej,,Ja,2017.02.13,,2-1784,Arvika (S),2-17,Värmlands län (S)
V473535,,2009.01.17,Nej,,2009.01.18,Annan hund,,Annan,Parson Jack Russel,2009.01.17,2009.01.17,Nej,0,0,0,0,0,0,0,0,0,0,0,1,0,0,0,0,0,Varg,,,Intervju/brev,Bedömd som säker,2-1765,Stenbyn,6598611,319728,6603086,1274077,RT90,Mycket bra,2009.01.18,Nej,,Ja,2017.02.13,,2-1765,Årjäng (S),2-17,Värmlands län (S)
V473536,,2009.01.16,Nej,,2009.01.19,Annan hund,,Annan,West Highland White Terrier,2009.01.16,2009.01.16,Nej,0,0,0,0,0,0,0,0,0,0,0,1,0,0,0,0,0,Varg,,,Intervju/brev,Bedömd som säker,2-1784,Gränssjön,6643089,363208,6647058,1318122,RT90,Mycket bra,2009.01.19,Nej,,Ja,2017.02.13,,2-1784,Arvika (S),2-17,Värmlands län (S)
V473538,,2009.01.26,Ja,2009.01.26,,Annan hund,,Annan,Gråhund,2009.01.26,2009.01.26,Nej,0,0,0,0,1,0,0,0,0,0,0,0,0,0,0,0,0,Varg,,,Fältkontroll - LST,Bedömd som säker,2-1783,Hamraberget,6666788,413162,6670159,1368389,RT90,Mycket bra,2009.01.26,Nej,,Ja,2017.02.13,,2-1783,Hagfors (S),2-17,Värmlands län (S)
V473539,,2009.01.24,Ja,2009.01.24,,Annan hund,,Annan,Leonberger,2009.01.22,2009.01.24,Nej,0,0,0,0,0,0,0,0,0,0,1,0,0,0,0,0,0,Varg,,,Fältkontroll - LST,Bedömd som säker,2-1785,Svanskog,6563767,362850,6567700,1316800,RT90,Mycket bra,2009.01.24,Nej,,Ja,2017.02.13,,2-1785,Säffle (S),2-17,Värmlands län (S)
V473541,,2009.02.01,Ja,2009.02.01,,Annan hund,,Annan,Hamiltonstövare,2009.01.30,2009.02.01,Nej,0,0,0,0,0,0,0,0,1,0,0,0,0,0,0,0,0,Varg,,,Fältkontroll - LST,Bedömd som säker,2-2034,Åberga,6780354,487820,6782855,1444471,RT90,Mycket bra,2009.02.01,Nej,,Ja,2017.02.13,,2-2034,Orsa (S),2-20,Dalarnas län (S)
V473543,,2009.02.11,Ja,2009.02.11,,Annan hund,,Annan,Borderterrier,2009.02.11,2009.02.11,Nej,0,0,0,0,0,0,0,0,1,0,0,0,0,0,0,0,0,Varg,,,Fältkontroll - LST,Bedömd som säker,2-1438,Nederkasen,6540718,316454,6545200,1270100,RT90,Mycket bra,2009.02.11,Nej,,Ja,2017.02.13,,2-1438,Dals-Ed (S),2-14,Västra Götalands län (S)
V473545,,2009.02.23,Ja,2009.02.24,,Annan hund,,Annan,Boxer,2009.02.23,2009.02.23,Nej,0,0,0,0,0,0,1,0,0,0,0,0,0,0,0,0,0,Varg,,,Fältkontroll - LST,Bedömd som säker,2-1487,Gundlebo,6469712,335028,6473930,1287830,RT90,Mycket bra,2009.02.24,Nej,,Ja,2017.02.13,,2-1487,Vänersborg (S),2-14,Västra Götalands län (S)
V473551,,2009.04.20,Ja,2009.04.20,,Annan hund,,Annan,Jack Russel terrier,2009.04.20,2009.04.20,Nej,0,0,0,0,0,0,0,0,0,0,1,0,0,0,0,0,0,Varg,,,Fältkontroll - LST,Bedömd som säker,2-1860,Skagersholm,6535297,464654,6537987,1418307,RT90,Mycket bra,2009.04.20,Nej,,Ja,2017.02.13,,2-1860,Laxå (S),2-18,Örebro län (S)
V473554,,2009.05.30,Ja,2009.06.01,,Annan hund,,Annan,Alaskan Malamute,2009.05.30,2009.05.30,Nej,0,0,0,0,0,0,0,0,0,0,1,0,0,0,0,0,0,Varg,,,Fältkontroll - LST,Bedömd som säker,2-1782,NO Gåsborn,6641930,463043,6644682,1417988,RT90,Mycket bra,2009.06.01,Nej,,Ja,2017.02.13,,2-1782,Filipstad (S),2-17,Värmlands län (S)
V473555,,2009.07.18,Ja,2009.07.18,,Annan hund,,Annan,Tax,2009.07.18,2009.07.18,Nej,0,0,0,0,0,0,0,0,0,0,1,0,0,0,0,0,0,Varg,,,Fältkontroll - LST,Bedömd som säker,2-2023,Grimsåker,6725926,431108,6729103,1387067,RT90,Mycket bra,2009.07.18,Nej,,Ja,2017.02.13,,2-2023,Malung (S),2-20,Dalarnas län (S)
V473556,,2009.08.21,Ja,2009.08.21,,Annan hund,,Annan,Hamilton,2009.08.21,2009.08.21,Nej,0,0,0,0,0,0,0,0,1,0,0,0,0,0,0,0,0,Varg,,,Fältkontroll - LST,Bedömd som säker,2-2034,Ången,6791608,488910,6794100,1445700,RT90,Mycket bra,2009.08.21,Nej,,Ja,2017.02.13,,2-2034,Orsa (S),2-20,Dalarnas län (S)
V473559,,2009.07.25,Ja,2009.07.25,,Annan hund,,Annan,Blandras (draghund),2009.07.25,2009.07.25,Nej,0,0,0,0,0,0,0,0,0,0,1,0,0,0,0,0,0,Varg,,,Fältkontroll - LST,Bedömd som säker,2-2481,Kvarnberget,7171664,679341,7171869,1640947,RT90,Mycket bra,2009.07.25,Nej,,Ja,2017.02.13,,2-2481,Lycksele (S),2-24,Västerbottens län (S)
V473560,,2009.08.23,Ja,2009.08.23,,Annan hund,,Annan,Finsk stövare,2009.08.23,2009.08.23,Nej,0,0,0,0,0,0,0,0,1,0,0,0,0,0,0,0,0,Varg,,,Fältkontroll - LST,Bedömd som säker,2-2482,Kyrkbäcken,7181976,771452,7181010,1733201,RT90,Mycket bra,2009.08.23,Nej,,Ja,2017.02.13,,2-2482,Skellefteå (S),2-24,Västerbottens län (S)
V473562,,2009.08.24,Ja,2009.08.24,,Annan hund,,Annan,Lusernstövare,2009.08.24,2009.08.24,Nej,0,0,0,0,0,0,0,0,0,0,1,0,0,0,0,0,0,Varg,,,Fältkontroll - LST,Bedömd som säker,2-2081,Gästgivarbodarna,6704172,509864,6706375,1465586,RT90,Mycket bra,2009.08.24,Nej,,Ja,2017.02.13,,2-2081,Borlänge (S),2-20,Dalarnas län (S)
V473563,,2009.08.27,Ja,2009.08.27,,Annan hund,,Annan,Norsk Gråhund,2009.08.26,2009.08.27,Nej,0,0,0,0,0,0,0,0,1,0,0,0,0,0,0,0,0,Varg,,,Fältkontroll - LST,Bedömd som säker,2-2326,Bingsta Buberget,6955143,477039,6957843,1435857,RT90,Mycket bra,2009.08.27,Nej,,Ja,2017.02.13,,2-2326,Berg (S),2-23,Jämtlands län (S)
V473564,,2009.09.12,Ja,2009.09.12,,Annan hund,,Annan,Gråhund,2009.09.11,2009.09.12,Nej,0,0,0,0,0,0,0,0,0,0,1,0,0,0,0,0,0,Varg,,,Fältkontroll - LST,Bedömd som säker,2-1763,Kägleholm,6625639,418805,6628923,1373533,RT90,Mycket bra,2009.09.12,Nej,,Ja,2017.02.13,,2-1763,Forshaga (S),2-17,Värmlands län (S)
V473565,,2009.09.13,Ja,2009.09.14,,Annan hund,,Annan,Strävhårig Tax,2009.09.13,2009.09.13,Nej,0,0,0,0,0,0,0,0,0,0,1,0,0,0,0,0,0,Varg,,,Fältkontroll - LST,Bedömd som säker,2-1460,Hjortnäs,6562852,345070,6567000,1299000,RT90,Mycket bra,2009.09.14,Nej,,Ja,2017.02.13,,2-1460,Bengtsfors (S),2-14,Västra Götalands län (S)
V473566,,2009.09.23,Ja,2009.09.23,,Annan hund,,Annan,Jämthund,2009.09.23,2009.09.23,Nej,0,0,0,0,0,0,0,0,1,0,0,0,0,0,0,0,0,Varg,,,Fältkontroll - LST,Bedömd som säker,2-2361,Lindalen,6892364,432083,6895600,1390100,RT90,Mycket bra,2009.09.23,Nej,,Ja,2017.02.13,,2-2361,Härjedalen (S),2-23,Jämtlands län (S)
V473568,,2009.09.28,Ja,2009.09.28,,Annan hund,,Annan,Hamiltonstövare,2009.09.28,2009.09.28,Nej,0,0,0,0,0,0,0,0,1,0,0,0,0,0,0,0,0,Varg,,,Fältkontroll - LST,Bedömd som säker,2-1782,Forshyttan,6626144,439472,6629177,1394215,RT90,Mycket bra,2009.09.28,Nej,,Ja,2017.02.13,,2-1782,Filipstad (S),2-17,Värmlands län (S)
V473570,,2009.09.29,Ja,2009.09.29,,Annan hund,,Annan,Finsk Stövare,2009.09.29,2009.09.29,Nej,0,0,0,0,0,0,0,0,1,0,0,0,0,0,0,0,0,Varg,,,Fältkontroll - LST,Bedömd som säker,2-1766,Djupdalen,6639152,380244,6642912,1335118,RT90,Mycket bra,2009.09.29,Nej,,Ja,2017.02.13,,2-1766,Sunne (S),2-17,Värmlands län (S)
V473572,,2009.10.08,Ja,2009.10.08,,Annan hund,,Annan,Schillerstövare,2009.10.08,2009.10.08,Nej,0,0,0,0,0,0,0,0,1,0,0,0,0,0,0,0,0,Varg,,,Fältkontroll - LST,Bedömd som säker,2-1783,Sandbackarna_ Norra Skoga vvo,6659324,411645,6662710,1366780,RT90,Mycket bra,2009.10.08,Nej,,Ja,2017.02.13,,2-1783,Hagfors (S),2-17,Värmlands län (S)
V473575,,2009.10.10,Ja,2009.10.10,,Annan hund,,Annan,Tysk Jakt terrier,2009.10.10,2009.10.10,Nej,0,0,0,0,0,0,0,0,1,0,0,0,0,0,0,0,0,Varg,,,Fältkontroll - LST,Bedömd som säker,2-1462,Hjärtum,6460929,333844,6465157,1286540,RT90,Mycket bra,2009.10.10,Nej,,Ja,2017.02.13,,2-1462,LillaEdet (S),2-14,Västra Götalands län (S)
V473577,,2009.10.20,Ja,2009.10.20,,Annan hund,,Annan,Finnstövare,2009.10.19,2009.10.20,Nej,0,0,0,0,0,0,0,0,1,0,0,0,0,0,0,0,0,Varg,,,Fältkontroll - LST,Bedömd som säker,2-1766,sö sjön Lill-En,6642103,409248,6645511,1364172,RT90,Mycket bra,2009.10.20,Nej,,Ja,2017.02.13,,2-1766,Sunne (S),2-17,Värmlands län (S)
V473578,,2009.10.10,Ja,2009.10.10,,Annan hund,,Annan,Beagle,2009.10.10,2009.10.10,Nej,0,0,0,0,0,0,0,0,1,0,0,0,0,0,0,0,0,Varg,,,Fältkontroll - LST,Bedömd som säker,2-2101,Gåsbo,6753863,581646,6755200,1538000,RT90,Mycket bra,2009.10.10,Nej,,Ja,2017.02.13,,2-2101,Ockelbo (S),2-21,Gävleborgs län (S)
V473579,,2009.10.15,Ja,2009.10.15,,Annan hund,,Annan,Gråhund,2009.10.15,2009.10.15,Nej,0,0,0,0,0,0,0,0,0,0,1,0,0,0,0,0,0,Varg,,,Fältkontroll - LST,Bedömd som säker,2-2080,Dubblarbo,6742141,530805,6744100,1487000,RT90,Mycket bra,2009.10.15,Nej,,Ja,2017.02.13,,2-2080,Falun (S),2-20,Dalarnas län (S)
V473580,,2009.10.20,Ja,2009.10.20,,Annan hund,,Annan,Gråhund,2009.10.19,2009.10.20,Nej,0,0,0,0,1,0,0,0,0,0,0,0,0,0,0,0,0,Varg,,,Fältkontroll - LST,Bedömd som säker,2-2121,Räka,6807842,524497,6809900,1481500,RT90,Mycket bra,2009.10.20,Nej,,Ja,2017.02.13,,2-2121,Ovanåker (S),2-21,Gävleborgs län (S)
V473581,,2009.10.24,Ja,2009.10.24,,Annan hund,,Annan,tax,2009.10.24,2009.10.24,Nej,0,0,0,0,0,0,0,0,1,0,0,0,0,0,0,0,0,Varg,,,Fältkontroll - LST,Bedömd som säker,2-0331,Länna N Huddunge,6661396,609889,6662364,1565117,RT90,Mycket bra,2009.10.24,Nej,,Ja,2017.02.13,,2-0331,Heby (S),2-03,Uppsala län (S)
V473582,,2009.10.12,Ja,2009.10.12,,Annan hund,,Annan,Norsk älghund,2009.10.12,2009.10.12,Nej,0,0,0,0,0,0,0,0,1,0,0,0,0,0,0,0,0,Varg,,,Fältkontroll - LST,Bedömd som säker,2-1981,Örlinge,6666861,587810,6668100,1543100,RT90,Mycket bra,2009.10.12,Nej,,Ja,2017.02.13,,2-1981,Sala (S),2-19,Västmanlands län (S)
V473588,,2009.10.30,Ja,2009.11.01,,Annan hund,,Annan,Tysk Jaktterrier,2009.10.30,2009.10.30,Nej,0,0,0,0,1,0,0,0,0,0,0,0,0,0,0,0,0,Varg,,,Fältkontroll - LST,Bedömd som säker,2-2021,Kolåsen Sörombäcken Äppelbo,6701641,444049,6704650,1399715,RT90,Mycket bra,2009.11.01,Nej,,Ja,2017.02.13,,2-2021,Vansbro (S),2-20,Dalarnas län (S)
V473589,,2009.11.01,Ja,2009.11.02,,Annan hund,,Annan,Blandhund_ Gråhund 90% / Jämte,2009.10.30,2009.10.30,Nej,0,0,0,0,0,0,0,0,1,0,0,0,0,0,0,0,0,Varg,,,Fältkontroll - LST,Bedömd som säker,2-2023,Ejskogsfjället Sälen,6792395,396788,6796025,1353550,RT90,Mycket bra,2009.11.02,Nej,,Ja,2017.02.13,,2-2023,Malung (S),2-20,Dalarnas län (S)
V473591,,2009.11.03,Ja,2009.11.04,,Annan hund,,Annan,Ryskfläckig stövare,2009.11.03,2009.11.03,Nej,0,0,0,0,0,0,0,0,1,0,0,0,0,0,0,0,0,Varg,,,Fältkontroll - LST,Bedömd som säker,2-2039,Upp-Van,6808128,414775,6811543,1371739,RT90,Mycket bra,2009.11.04,Nej,,Ja,2017.02.13,,2-2039,Älvdalen (S),2-20,Dalarnas län (S)
V473593,,2009.10.31,Ja,2009.10.31,,Annan hund,,Annan,Jämthund,2009.10.31,2009.10.31,Nej,0,0,0,0,0,0,0,0,0,0,1,0,0,0,0,0,0,Varg,,,Fältkontroll - LST,Bedömd som säker,2-1766,Höjden_ Gräsmark,6649443,384773,6653153,1339775,RT90,Mycket bra,2009.10.31,Nej,,Ja,2017.02.13,,2-1766,Sunne (S),2-17,Värmlands län (S)
V473594,,2009.11.08,Ja,2009.11.11,,Annan hund,,Annan,Drever,2009.11.08,2009.11.08,Nej,0,0,0,0,1,0,0,0,0,0,0,0,0,0,0,0,0,Varg,,,Fältkontroll - LST,Bedömd som säker,2-2034,Kallmora,6783031,488871,6785520,1445555,RT90,Mycket bra,2009.11.11,Nej,,Ja,2017.02.13,,2-2034,Orsa (S),2-20,Dalarnas län (S)
V473596,,2009.10.22,Ja,2009.10.28,,Annan hund,,Annan,Hamilton,2009.10.22,2009.10.22,Nej,0,0,0,0,0,0,0,0,1,0,0,0,0,0,0,0,0,Varg,,,Fältkontroll - LST,Bedömd som säker,2-2121,Räken,6816412,530389,6818400,1487500,RT90,Mycket bra,2009.10.28,Nej,,Ja,2017.02.13,,2-2121,Ovanåker (S),2-21,Gävleborgs län (S)
V473597,,2009.11.04,Ja,2009.11.04,,Annan hund,,Annan,Jämthund,2009.11.04,2009.11.04,Nej,0,0,0,0,0,0,0,0,1,0,0,0,0,0,0,0,0,Varg,,,Fältkontroll - LST,Bedömd som säker,2-2085,Seghöjden,6656637,478250,6659210,1433380,RT90,Mycket bra,2009.11.04,Nej,,Ja,2017.02.13,,2-2085,Ludvika (S),2-20,Dalarnas län (S)
V473598,,2009.11.13,Ja,2009.11.13,,Annan hund,,Annan,Drever,2009.11.13,2009.11.13,Nej,0,0,0,0,0,0,0,0,0,0,1,0,0,0,0,0,0,Varg,,,Fältkontroll - LST,Bedömd som säker,2-0115,V Tärnan,6608910,688717,6608908,1643322,RT90,Mycket bra,2009.11.13,Nej,,Ja,2017.02.13,,2-0115,Vallentuna (S),2-01,Stockholms län (S)
V473599,,2009.11.16,Ja,2009.11.16,,Annan hund,,Annan,Finnstövare,2009.11.16,2009.11.16,Nej,0,0,0,0,1,0,0,0,0,0,0,0,0,0,0,0,0,Varg,,,Fältkontroll - LST,Bedömd som säker,2-2161,Hemmyrberget,6828952,517457,6831104,1474719,RT90,Mycket bra,2009.11.16,Nej,,Ja,2017.02.13,,2-2161,Ljusdal (S),2-21,Gävleborgs län (S)
V473600,,2010.09.19,Ja,2010.09.19,,Annan hund,,Annan,Finsk stövare,2010.09.19,2010.09.19,Nej,0,0,0,0,1,0,0,0,0,0,0,0,0,0,0,0,0,Varg,,,Fältkontroll - LST,Bedömd som säker,2-2121,Voxna,6798602,533861,6800541,1490753,RT90,Mycket bra,2010.09.19,Nej,,Ja,2017.02.13,,2-2121,Ovanåker (S),2-21,Gävleborgs län (S)
V473602,,2009.11.14,Ja,2009.11.14,,Annan hund,,Annan,Dvärg Pinscher,2009.11.14,2009.11.14,Nej,0,0,0,0,0,0,0,0,0,0,0,1,0,0,0,0,0,Varg,,,Fältkontroll - LST,Bedömd som säker,2-1907,Sandtorpet,6629978,560250,6631543,1515083,RT90,Mycket bra,2009.11.14,Nej,,Ja,2017.02.13,,2-1907,Surahammar (S),2-19,Västmanlands län (S)
V473604,,2009.11.20,Ja,2009.11.20,,Annan hund,,Annan,Tax,2009.11.19,2009.11.19,Nej,0,0,0,0,0,0,0,0,1,0,0,0,0,0,0,0,0,Varg,,,Fältkontroll - LST,Bedömd som säker,2-1493,Fåleberg Norr Mariestad,6515045,438649,6518040,1392047,RT90,Mycket bra,2009.11.20,Nej,,Ja,2017.02.13,,2-1493,Mariestad (S),2-14,Västra Götalands län (S)
V473605,,2009.11.21,Ja,2009.11.21,,Annan hund,,Annan,Hamiltonstövare,2009.11.21,2009.11.21,Nej,0,0,0,0,0,0,0,0,1,0,0,0,0,0,0,0,0,Varg,,,Fältkontroll - LST,Bedömd som säker,2-2023,Hornåsen,6795787,403838,6799331,1360645,RT90,Mycket bra,2009.11.21,Nej,,Ja,2017.02.13,,2-2023,Malung (S),2-20,Dalarnas län (S)
V473606,,2009.11.21,Ja,2009.11.21,,Annan hund,,Annan,Drever,2009.11.21,2009.11.21,Nej,0,0,0,0,0,0,0,0,1,0,0,0,0,0,0,0,0,Varg,,,Fältkontroll - LST,Bedömd som säker,2-2121,Uvabo,6802483,529697,6804475,1486635,RT90,Mycket bra,2009.11.21,Nej,,Ja,2017.02.13,,2-2121,Ovanåker (S),2-21,Gävleborgs län (S)
V473607,,2009.10.30,Ja,2009.11.13,,Annan hund,,Annan,Jämthund,2009.10.30,2009.10.30,Nej,0,0,0,0,0,0,0,0,0,0,1,0,0,0,0,0,0,Varg,,,Fältkontroll - LST,Bedömd som säker,2-2305,Åsen,6948661,529644,6950700,1488400,RT90,Mycket bra,2009.11.13,Nej,,Ja,2017.02.13,,2-2305,Bräcke (S),2-23,Jämtlands län (S)
V473609,,2009.10.31,Ja,2009.11.02,,Annan hund,,Annan,Tax drever,2009.10.31,2009.10.31,Nej,0,0,0,0,0,0,0,0,0,0,1,0,0,0,0,0,0,Varg,,,Fältkontroll - LST,Bedömd som säker,2-1293,Matteröd,6231877,427983,6234873,1378013,RT90,Mycket bra,2009.11.02,Nej,,Ja,2017.02.13,,2-1293,Hässleholm (S),2-12,Skåne län (S)
V473610,,2009.11.27,Ja,2009.11.27,,Annan hund,,Annan,Drever,2009.11.27,2009.11.27,Nej,0,0,0,0,0,0,1,0,0,0,0,0,0,0,0,0,0,Varg,,,Fältkontroll - LST,Bedömd som säker,2-1493,Hallamossen Fågelö,6518342,427515,6521473,1380947,RT90,Mycket bra,2009.11.27,Nej,,Ja,2017.02.13,,2-1493,Mariestad (S),2-14,Västra Götalands län (S)
V473613,,2010.09.10,Ja,2010.09.10,,Annan hund,,Annan,Lucerner stövare,2010.09.10,2010.09.10,Nej,0,0,0,0,0,0,0,0,1,0,0,0,0,0,0,0,0,Varg,,,Fältkontroll - LST,Bedömd som säker,2-2121,Edsbyn,6802547,541217,6804397,1498160,RT90,Mycket bra,2010.09.10,Nej,,Ja,2017.02.13,,2-2121,Ovanåker (S),2-21,Gävleborgs län (S)
V473614,,2010.09.07,Ja,2010.09.08,,Annan hund,,Annan,Blandhund,2010.09.07,2010.09.07,Nej,0,0,0,0,0,0,0,0,1,0,0,0,0,0,0,0,0,Varg,,,Fältkontroll - LST,Bedömd som säker,2-2062,Åsens fäb.,6751222,437001,6754338,1393273,RT90,Mycket bra,2010.09.08,Nej,,Ja,2017.02.13,,2-2062,Mora (S),2-20,Dalarnas län (S)
V473615,,2009.11.29,Ja,2009.11.29,,Annan hund,,Annan,schillerstövare,2009.11.29,2009.11.29,Nej,0,0,0,0,1,0,0,0,0,0,0,0,0,0,0,0,0,Varg,,,Fältkontroll - LST,Bedömd som säker,2-2085,SO Tansen,6694325,502914,6696610,1458513,RT90,Mycket bra,2009.11.29,Nej,,Ja,2017.02.13,,2-2085,Ludvika (S),2-20,Dalarnas län (S)
V473616,,2009.11.27,Ja,2009.11.27,,Annan hund,,Annan,Finnstövare,2009.11.27,2009.11.27,Nej,0,0,0,0,0,0,0,0,0,0,1,0,0,0,0,0,0,Varg,,,Fältkontroll - LST,Bedömd som säker,2-0331,öster Nordmyra,6656935,605124,6657960,1560297,RT90,Mycket bra,2009.11.27,Nej,,Ja,2017.02.13,,2-0331,Heby (S),2-03,Uppsala län (S)
V473617,,2009.12.06,Ja,2009.12.06,,Annan hund,,Annan,Släthårig tax,2009.12.06,2009.12.06,Nej,0,0,0,0,0,0,0,0,1,0,0,0,0,0,0,0,0,Varg,,,Fältkontroll - LST,Bedömd som säker,2-1862,Hasselfors,6546809,467838,6549465,1421631,RT90,Mycket bra,2009.12.06,Nej,,Ja,2017.02.13,,2-1862,Degerfors (S),2-18,Örebro län (S)
V473620,,2009.12.14,Ja,2009.12.16,,Annan hund,,Annan,Smålandstövare,2009.12.14,2009.12.14,Nej,0,0,0,0,0,0,1,0,0,0,0,0,0,0,0,0,0,Varg,,,Fältkontroll - LST,Bedömd som säker,2-2121,Roteberg,6807874,542886,6809705,1499895,RT90,Mycket bra,2009.12.16,Nej,,Ja,2017.02.13,,2-2121,Ovanåker (S),2-21,Gävleborgs län (S)
V473625,,2010.02.17,Ja,2010.02.19,,Annan hund,,Annan,Västgötaspets,2010.02.16,2010.02.17,Nej,0,0,0,0,0,0,0,0,1,0,0,0,0,0,0,0,0,Varg,,,Fältkontroll - LST,Bedömd som säker,2-1415,Jörlanda,6430452,316114,6434875,1268435,RT90,Mycket bra,2010.02.19,Nej,,Ja,2017.02.13,,2-1415,Stenungsund (S),2-14,Västra Götalands län (S)
V473626,,2010.02.02,Ja,2010.04.20,,Annan hund,,Annan,Strävhårig tax,2010.02.02,2010.02.02,Nej,0,0,0,0,0,0,0,0,1,0,0,0,0,0,0,0,0,Varg,,,Fältkontroll - LST,Bedömd som säker,2-1462,Nygård,6438867,338221,6443030,1290655,RT90,Mycket bra,2010.04.20,Nej,,Ja,2017.02.13,,2-1462,LillaEdet (S),2-14,Västra Götalands län (S)
V473627,,2010.09.06,Ja,2010.09.06,,Annan hund,,Annan,Stövare,2010.09.06,2010.09.06,Nej,0,0,0,0,0,0,0,0,1,0,0,0,0,0,0,0,0,Varg,,,Fältkontroll - LST,Bedömd som säker,2-2101,Stora Björnmossen,6750288,567354,6751800,1523660,RT90,Mycket bra,2010.09.06,Nej,,Ja,2017.02.13,,2-2101,Ockelbo (S),2-21,Gävleborgs län (S)
V473628,,2010.10.01,Ja,2010.10.01,,Annan hund,,Annan,Dunker stövare,2010.10.01,2010.10.01,Nej,0,0,0,0,0,0,0,0,1,0,0,0,0,0,0,0,0,Varg,,,Fältkontroll - LST,Bedömd som säker,2-2121,Homna,6803864,532740,6805819,1489696,RT90,Mycket bra,2010.10.01,Nej,,Ja,2017.02.13,,2-2121,Ovanåker (S),2-21,Gävleborgs län (S)
V473630,,2010.05.05,Ja,2010.05.06,,Annan hund,,Annan,Papillon,2010.05.05,2010.05.05,Nej,0,0,0,0,0,0,0,0,1,0,0,0,0,0,0,0,0,Varg,,,Fältkontroll - LST,Bedömd som säker,2-2121,Voxnabruk,6803102,527633,6805120,1484578,RT90,Mycket bra,2010.05.06,Nej,,Ja,2017.02.13,,2-2121,Ovanåker (S),2-21,Gävleborgs län (S)
V473632,,2009.12.26,Ja,2010.01.08,,Annan hund,,Annan,Smålandsstövare,2009.10.05,2009.12.01,Nej,0,0,0,0,1,0,0,0,0,0,0,0,0,0,0,0,0,Varg,,,Fältkontroll - LST,Bedömd som säker,2-2026,L:a Fjärsen,6697009,502468,6699300,1458100,RT90,Mycket bra,2010.01.08,Nej,,Ja,2017.02.13,,2-2026,Gagnef (S),2-20,Dalarnas län (S)
V473633,,2010.09.03,Ja,2010.09.05,,Annan hund,,Annan,Petit basset griffon venden,2010.09.03,2010.09.03,Nej,0,0,0,0,0,0,0,0,1,0,0,0,0,0,0,0,0,Varg,,,Fältkontroll - LST,Bedömd som säker,2-1785,Flobäcken,6539061,394666,6542597,1348333,RT90,Mycket bra,2010.09.05,Nej,,Ja,2017.02.13,,2-1785,Säffle (S),2-17,Värmlands län (S)
V473634,,2010.09.11,Ja,2010.09.11,,Annan hund,,Annan,Wachtel,2010.09.10,2010.09.10,Nej,0,0,0,0,0,0,0,0,1,0,0,0,0,0,0,0,0,Varg,,,Fältkontroll - LST,Bedömd som säker,2-0188,Stry Ekeby Riala,6618098,697885,6617986,1652602,RT90,Mycket bra,2010.09.11,Nej,,Ja,2017.02.13,,2-0188,Norrtälje (S),2-01,Stockholms län (S)
V473635,,2010.09.20,Ja,2010.09.21,,Annan hund,,Annan,Drever,2010.09.20,2010.09.20,Nej,0,0,0,0,1,0,0,0,0,0,0,0,0,0,0,0,0,Varg,,,Fältkontroll - LST,Bedömd som säker,2-2180,Råhällan,6744992,607996,6746003,1564248,RT90,Mycket bra,2010.09.21,Nej,,Ja,2017.02.13,,2-2180,Gävle (S),2-21,Gävleborgs län (S)
V473636,,2010.09.23,Ja,2010.09.23,,Annan hund,,Annan,Pappilon (stor hund_ se bifogad bild).,2010.09.23,2010.09.23,Nej,0,0,0,0,0,0,0,0,1,0,0,0,0,0,0,0,0,Varg,,,Fältkontroll - LST,Bedömd som säker,2-2039,Byggevallen- Sörberget,6837024,403568,6840590,1360885,RT90,Mycket bra,2010.09.23,Nej,,Ja,2017.02.13,,2-2039,Älvdalen (S),2-20,Dalarnas län (S)
V473637,,2010.10.02,Ja,2010.10.02,,Annan hund,,Annan,Gråhund,2010.10.02,2010.10.02,Nej,0,0,0,0,0,0,0,0,1,0,0,0,0,0,0,0,0,Varg,,,Fältkontroll - LST,Bedömd som säker,2-2080,Rö-Bro ÅG,6736536,557073,6738171,1513207,RT90,Mycket bra,2010.10.02,Nej,,Ja,2017.02.13,,2-2080,Falun (S),2-20,Dalarnas län (S)
V473638,,2010.10.02,Ja,2010.10.02,,Annan hund,,Annan,Drever,2010.10.02,2010.10.02,Nej,0,0,0,0,0,0,0,0,1,0,0,0,0,0,0,0,0,Varg,,,Fältkontroll - LST,Bedömd som säker,2-0117,N Vindsjön,6603933,688263,6603936,1642807,RT90,Mycket bra,2010.10.02,Nej,,Ja,2017.02.13,,2-0117,Österåker (S),2-01,Stockholms län (S)
V473641,,2010.10.14,Ja,2010.10.14,,Annan hund,,Annan,Jämthund,2010.10.14,2010.10.14,Nej,0,0,0,0,0,0,0,0,0,0,1,0,0,0,0,0,0,Varg,,,Fältkontroll - LST,Bedömd som säker,2-1737,S Ennarbolssätern,6691526,412442,6694917,1367971,RT90,Mycket bra,2010.10.14,Nej,,Ja,2017.02.13,,2-1737,Torsby (S),2-17,Värmlands län (S)
V473642,,2010.10.17,Ja,2010.10.17,,Annan hund,,Annan,Gråhund,2010.10.15,2010.10.15,Nej,0,0,0,0,0,0,0,0,1,0,0,0,0,0,0,0,0,Varg,,,Fältkontroll - LST,Bedömd som säker,2-2023,Långbergsheden,6763523,406482,6767020,1362892,RT90,Mycket bra,2010.10.17,Nej,,Ja,2017.02.13,,2-2023,Malung (S),2-20,Dalarnas län (S)
V473643,,2010.10.14,Ja,2010.10.14,,Annan hund,,Annan,Drever,2010.10.14,2010.10.14,Nej,0,0,0,0,0,0,0,0,1,0,0,0,0,0,0,0,0,Varg,,,Fältkontroll - LST,Bedömd som säker,2-1438,Risane,6548374,329654,6552700,1283400,RT90,Mycket bra,2010.10.14,Nej,,Ja,2017.02.13,,2-1438,Dals-Ed (S),2-14,Västra Götalands län (S)
V473649,,2010.11.06,Ja,2010.11.06,,Annan hund,,Annan,Gråhund,2010.11.06,2010.11.06,Nej,0,0,0,0,0,0,0,0,1,0,0,0,0,0,0,0,0,Varg,,,Fältkontroll - LST,Bedömd som säker,2-2023,Gvalptjärnsberget Lima,6750987,405541,6754490,1361796,RT90,Mycket bra,2010.11.06,Nej,,Ja,2017.02.13,,2-2023,Malung (S),2-20,Dalarnas län (S)
V473650,,2010.11.14,Ja,2010.11.14,,Annan hund,,Annan,Gråhund,2010.11.13,2010.11.14,Nej,0,0,0,0,0,0,0,0,1,0,0,0,0,0,0,0,0,Varg,,,Fältkontroll - LST,Bedömd som säker,2-2031,Orberget,6759960,526241,6761981,1482654,RT90,Mycket bra,2010.11.14,Nej,,Ja,2017.02.13,,2-2031,Rättvik (S),2-20,Dalarnas län (S)
V473656,,2011.03.17,Ja,2011.03.17,,Annan hund,,Annan,Hamiton,2011.03.17,2011.03.17,Nej,0,0,0,0,0,0,0,0,0,0,1,0,0,0,0,0,0,Varg,,,Fältkontroll - LST,Bedömd som säker,2-2031,Lenåsen,6762862,514937,6765023,1471382,RT90,Mycket bra,2011.03.17,Nej,,Ja,2017.02.13,,2-2031,Rättvik (S),2-20,Dalarnas län (S)
V473660,,2010.12.05,Ja,2010.12.06,,Annan hund,,Annan,Engelsk Setter,2010.12.05,2010.12.05,Nej,0,0,0,0,0,0,0,0,1,0,0,0,0,0,0,0,0,Varg,,,Fältkontroll - LST,Bedömd som säker,2-2023,Holselen Malung,6721282,422722,6724560,1378620,RT90,Mycket bra,2010.12.06,Nej,,Ja,2017.02.13,,2-2023,Malung (S),2-20,Dalarnas län (S)
V473664,,2011.03.09,Ja,2011.03.09,,Annan hund,,Annan,Golden retriever,2011.03.09,2011.03.09,Nej,0,0,0,0,0,0,0,0,1,0,0,0,0,0,0,0,0,Varg,,,Fältkontroll - LST,Bedömd som säker,2-1783,Åleby,6650257,412030,6653635,1367054,RT90,Mycket bra,2011.03.09,Nej,,Ja,2017.02.13,,2-1783,Hagfors (S),2-17,Värmlands län (S)
V473665,,2011.03.25,Ja,2011.03.29,,Annan hund,,Annan,Borderterier,2011.03.25,2011.03.25,Nej,0,0,0,0,0,0,0,0,1,0,0,0,0,0,0,0,0,Varg,,,Fältkontroll - LST,Bedömd som säker,2-0115,Stångberga,6612169,687486,6612183,1642130,RT90,Mycket bra,2011.03.29,Nej,,Ja,2017.02.13,,2-0115,Vallentuna (S),2-01,Stockholms län (S)
V473666,,2011.03.25,Ja,2011.03.29,,Annan hund,,Annan,Borderterier,2011.03.25,2011.03.25,Nej,0,0,0,0,0,0,0,1,0,0,0,0,0,0,0,0,0,Varg,,,Fältkontroll - LST,Bedömd som säker,2-0115,Stångberga,6612175,687426,6612190,1642070,RT90,Mycket bra,2011.03.29,Nej,,Ja,2017.02.13,,2-0115,Vallentuna (S),2-01,Stockholms län (S)
V473667,,2011.04.08,Ja,2011.04.08,,Annan hund,,Annan,Blandras,2011.04.08,2011.04.08,Nej,0,0,0,0,0,0,0,0,1,0,0,0,0,0,0,0,0,Varg,,,Fältkontroll - LST,Bedömd som säker,2-1781,Räverud 8,6551847,453399,6554680,1407247,RT90,Mycket bra,2011.04.08,Nej,,Ja,2017.02.13,,2-1781,Kristinehamn (S),2-17,Värmlands län (S)
V473669,,2011.08.05,Ja,2011.08.06,,Annan hund,,Annan,Korsning,2011.08.05,2011.08.05,Nej,0,0,0,0,0,0,0,0,0,0,0,1,0,0,0,0,0,Varg,,,Fältkontroll - LST,Bedömd som säker,2-1765,Smolmark,6606413,338333,6610666,1292787,RT90,Mycket bra,2011.08.06,Nej,,Ja,2017.02.13,,2-1765,Årjäng (S),2-17,Värmlands län (S)
V473670,,2011.08.18,Ja,2011.08.18,,Annan hund,,Annan,Pointer,2011.08.18,2011.08.18,Nej,0,0,0,0,0,0,1,0,0,0,0,0,0,0,0,0,0,Varg,,,Fältkontroll - LST,Bedömd som säker,2-2023,Rötmorkölen,6814170,401254,6817754,1358287,RT90,Mycket bra,2011.08.18,Nej,,Ja,2017.02.13,,2-2023,Malung (S),2-20,Dalarnas län (S)
V473671,,2011.04.17,Ja,2011.04.17,,Annan hund,,Annan,Wachtel,2011.04.17,2011.04.17,Nej,0,0,0,0,0,0,0,0,1,0,0,0,0,0,0,0,0,Varg,,,Fältkontroll - LST,Bedömd som säker,2-0188,Rörmossen,6618043,702502,6617875,1657219,RT90,Mycket bra,2011.04.17,Nej,,Ja,2017.02.13,,2-0188,Norrtälje (S),2-01,Stockholms län (S)
V473673,,2011.06.29,Ja,2011.06.30,,Annan hund,,Annan,Papillon blandras,2011.06.29,2011.06.29,Nej,0,0,0,0,0,0,0,0,0,0,1,0,0,0,0,0,0,Varg,,,Fältkontroll - LST,Bedömd som säker,2-1883,Kedjeåsen,6593616,470223,6596262,1424583,RT90,Mycket bra,2011.06.30,Nej,,Ja,2017.02.13,,2-1883,Karlskoga (S),2-18,Örebro län (S)
V473674,,2011.07.22,Ja,2011.07.22,,Annan hund,,Annan,Nova Scotia Duck Retriver,2011.07.21,2011.07.21,Nej,0,0,0,0,0,0,0,0,0,0,1,0,0,0,0,0,0,Varg,,,Fältkontroll - LST,Bedömd som säker,2-2062,Södra Hållan,6752868,430375,6756066,1386664,RT90,Mycket bra,2011.07.22,Nej,,Ja,2017.02.13,,2-2062,Mora (S),2-20,Dalarnas län (S)
V473675,,2011.07.24,Ja,2011.07.24,,Annan hund,,Annan,Pumi,2011.07.24,2011.07.24,Nej,0,0,0,0,0,0,0,0,1,0,0,0,0,0,0,0,0,Varg,,,Fältkontroll - LST,Bedömd som säker,2-1981,Västerfärnebo,6646093,566159,6647590,1521189,RT90,Mycket bra,2011.07.24,Nej,,Ja,2017.02.13,,2-1981,Sala (S),2-19,Västmanlands län (S)
V473676,,2011.08.06,Ja,2011.08.07,,Annan hund,,Annan,Finnstövare,2011.08.06,2011.08.06,Nej,0,0,0,0,0,0,0,0,0,0,1,0,0,0,0,0,0,Varg,,,Fältkontroll - LST,Bedömd som säker,2-2023,Öretjörnknipen Väster Löten. Lima socken,6767239,375197,6771123,1331638,RT90,Mycket bra,2011.08.07,Nej,,Ja,2017.02.13,,2-2023,Malung (S),2-20,Dalarnas län (S)
V473677,,2011.08.12,Ja,2011.08.12,,Annan hund,,Annan,Plotthund,2011.08.12,2011.08.12,Nej,0,0,0,0,0,0,0,0,1,0,0,0,0,0,0,0,0,Varg,,,Fältkontroll - LST,Bedömd som säker,2-1438,Ängebodane,6557627,326244,6562000,1280100,RT90,Mycket bra,2011.08.12,Nej,,Ja,2017.02.13,,2-1438,Dals-Ed (S),2-14,Västra Götalands län (S)
V473678,,2011.08.21,Ja,2011.08.21,,Annan hund,,Annan,Parson Russel Terrier,2011.08.21,2011.08.21,Nej,0,0,0,0,0,0,0,0,1,0,0,0,0,0,0,0,0,Varg,,,Fältkontroll - LST,Bedömd som säker,2-2034,Grunuflot_ väster Ämmeråsen,6775800,494273,6778220,1450870,RT90,Mycket bra,2011.08.21,Nej,,Ja,2017.02.13,,2-2034,Orsa (S),2-20,Dalarnas län (S)
V473679,,2011.08.09,Ja,2011.08.10,,Annan hund,,Annan,Jämthund,2011.08.09,2011.08.09,Nej,0,0,0,0,0,0,0,0,1,0,0,0,0,0,0,0,0,Varg,,,Fältkontroll - LST,Bedömd som säker,2-1981,Gärdsjön,6645478,568405,6646948,1523429,RT90,Mycket bra,2011.08.10,Nej,,Ja,2017.02.13,,2-1981,Sala (S),2-19,Västmanlands län (S)
V473680,,2011.08.27,Ja,2011.08.27,,Annan hund,,Annan,Hamiltonstövare,2011.08.27,2011.08.27,Nej,0,0,0,0,0,0,0,0,0,0,1,0,0,0,0,0,0,Varg,,,Fältkontroll - LST,Bedömd som säker,2-2023,Lisbetkojan Ö.Lemberget NO.Örsåsen,6727476,440423,6730540,1396405,RT90,Mycket bra,2011.08.27,Nej,,Ja,2017.02.13,,2-2023,Malung (S),2-20,Dalarnas län (S)
V473684,,2011.09.17,Ja,2011.09.17,,Annan hund,,Annan,Finnstövare,2011.09.17,2011.09.17,Nej,0,0,0,0,1,0,0,0,0,0,0,0,0,0,0,0,0,Varg,,,Fältkontroll - LST,Bedömd som säker,2-2031,Korpberget,6765780,518323,6767900,1474805,RT90,Mycket bra,2011.09.17,Nej,,Ja,2017.02.13,,2-2031,Rättvik (S),2-20,Dalarnas län (S)
V473685,,2011.09.25,Ja,2011.09.25,,Annan hund,,Annan,Gråhund,2011.09.25,2011.09.25,Nej,0,0,0,0,0,0,0,0,1,0,0,0,0,0,0,0,0,Varg,,,Fältkontroll - LST,Bedömd som säker,2-2080,Hästmyren,6738992,541502,6740819,1497662,RT90,Mycket bra,2011.09.25,Nej,,Ja,2017.02.13,,2-2080,Falun (S),2-20,Dalarnas län (S)
V473686,,2011.09.24,Ja,2011.09.27,,Annan hund,,Annan,Hamilton,2011.09.24,2011.09.24,Nej,0,0,0,0,0,0,0,0,0,0,1,0,0,0,0,0,0,Varg,,,Fältkontroll - LST,Bedömd som säker,2-2183,Ljustjärn,6771306,574228,6772739,1530795,RT90,Mycket bra,2011.09.27,Nej,,Ja,2017.02.13,,2-2183,Bollnäs (S),2-21,Gävleborgs län (S)
V473687,,2011.09.30,Ja,2011.09.30,,Annan hund,,Annan,Stövare,2011.09.30,2011.09.30,Nej,0,0,0,0,1,0,0,0,0,0,0,0,0,0,0,0,0,Varg,,,Fältkontroll - LST,Bedömd som säker,2-2080,Björsberg,6738695,526159,6740710,1482310,RT90,Mycket bra,2011.09.30,Nej,,Ja,2017.02.13,,2-2080,Falun (S),2-20,Dalarnas län (S)
V473690,,2011.10.11,Ja,2011.10.12,,Annan hund,,Annan,Gråhund,2011.10.11,2011.10.11,Nej,0,0,0,0,0,0,0,0,0,0,1,0,0,0,0,0,0,Varg,,,Fältkontroll - LST,Bedömd som säker,2-2029,Sörskog,6743464,522981,6745520,1479190,RT90,Mycket bra,2011.10.12,Nej,,Ja,2017.02.13,,2-2029,Leksand (S),2-20,Dalarnas län (S)
V473691,,2011.10.22,Ja,2011.10.23,,Annan hund,,Annan,Jämthund,2011.10.22,2011.10.22,Nej,0,0,0,0,0,0,0,0,1,0,0,0,0,0,0,0,0,Varg,,,Fältkontroll - LST,Bedömd som säker,2-2121,Mörttjäraberg,6830535,536344,6832454,1493632,RT90,Mycket bra,2011.10.23,Nej,,Ja,2017.02.13,,2-2121,Ovanåker (S),2-21,Gävleborgs län (S)
V473696,,2011.10.30,Ja,2011.10.31,,Annan hund,,Annan,Gråhund,2011.10.30,2011.10.30,Nej,0,0,0,0,0,0,0,0,1,0,0,0,0,0,0,0,0,Varg,,,Fältkontroll - LST,Bedömd som säker,2-1780,Skjutfältet_ Älvsbacka,6620741,428928,6623900,1383600,RT90,Mycket bra,2011.10.31,Nej,,Ja,2017.02.13,,2-1780,Karlstad (S),2-17,Värmlands län (S)
V473697,,2011.10.30,Ja,2011.10.30,,Annan hund,,Annan,Tax,2011.10.30,2011.10.30,Nej,0,0,0,0,1,0,0,0,0,0,0,0,0,0,0,0,0,Varg,,,Fältkontroll - LST,Bedömd som säker,2-2080,Smedsbo,6715575,524497,6717603,1480364,RT90,Mycket bra,2011.10.30,Nej,,Ja,2017.02.13,,2-2080,Falun (S),2-20,Dalarnas län (S)
V473698,,2011.11.05,Ja,2011.11.06,,Annan hund,,Annan,Gråhund,2011.11.05,2011.11.05,Nej,0,0,0,0,0,0,0,0,1,0,0,0,0,0,0,0,0,Varg,,,Fältkontroll - LST,Bedömd som säker,2-2121,Grannäs,6780858,554029,6782543,1510708,RT90,Mycket bra,2011.11.06,Nej,,Ja,2017.02.13,,2-2121,Ovanåker (S),2-21,Gävleborgs län (S)
V473699,,2011.11.05,Ja,2011.11.05,,Annan hund,,Annan,Border Terrier,2011.11.05,2011.11.05,Nej,0,0,0,0,0,0,0,0,1,0,0,0,0,0,0,0,0,Varg,,,Fältkontroll - LST,Bedömd som säker,2-1765,Håltebyns brandfält,6608116,335826,6612400,1290300,RT90,Mycket bra,2011.11.05,Nej,,Ja,2017.02.13,,2-1765,Årjäng (S),2-17,Värmlands län (S)
V473701,,2011.11.06,Ja,2011.11.06,,Annan hund,,Annan,Finsk stövare,2011.11.06,2011.11.06,Nej,0,0,0,0,0,0,0,0,1,0,0,0,0,0,0,0,0,Varg,,,Fältkontroll - LST,Bedömd som säker,2-1782,Svartåhöjden,6625677,436060,6628751,1390796,RT90,Mycket bra,2011.11.06,Nej,,Ja,2017.02.13,,2-1782,Filipstad (S),2-17,Värmlands län (S)
V473703,,2011.11.24,Ja,2011.11.25,,Annan hund,,Annan,Drever,2011.11.24,2011.11.24,Nej,0,0,0,0,0,0,0,0,0,0,1,0,0,0,0,0,0,Varg,,,Fältkontroll - LST,Bedömd som säker,2-2061,Kattmossen_Vibberbo,6667706,530871,6669640,1486154,RT90,Mycket bra,2011.11.25,Nej,,Ja,2017.02.13,,2-2061,Smedjebacken (S),2-20,Dalarnas län (S)
V473704,,2011.10.15,Ja,2011.10.16,,Annan hund,,Annan,Basset petit griffon,2011.10.15,2011.10.15,Nej,0,0,0,0,0,0,0,0,1,0,0,0,0,0,0,0,0,Varg,,,Fältkontroll - LST,Bedömd som säker,2-1983,Gölsta,6611122,558264,6612705,1512867,RT90,Mycket bra,2011.10.16,Nej,,Ja,2017.02.13,,2-1983,Köping (S),2-19,Västmanlands län (S)
V473705,,2011.10.16,Ja,2011.10.17,,Annan hund,,Annan,Dansk Svensk Gådshund,2011.10.16,2011.10.16,Nej,0,0,0,0,0,0,1,0,0,0,0,0,0,0,0,0,0,Varg,,,Fältkontroll - LST,Bedömd som säker,2-0484,Eskilstuna,6576195,573824,6577580,1528008,RT90,Mycket bra,2011.10.17,Nej,,Ja,2017.02.13,,2-0484,Eskilstuna (S),2-04,Södermanlands län (S)
V473706,,2011.11.12,Ja,2011.11.12,,Annan hund,,Annan,Jämthund,2011.11.12,2011.11.12,Nej,0,0,0,0,1,0,0,0,0,0,0,0,0,0,0,0,0,Varg,,,Fältkontroll - LST,Bedömd som säker,2-1907,Seglingsberg_ Ramnäs,6632673,560800,6634232,1515665,RT90,Mycket bra,2011.11.12,Nej,,Ja,2017.02.13,,2-1907,Surahammar (S),2-19,Västmanlands län (S)
V473708,,2011.11.06,Ja,2011.11.08,,Annan hund,,Annan,Gråhund,2011.11.06,2011.11.06,Nej,0,0,0,0,0,0,0,0,0,0,1,0,0,0,0,0,0,Varg,,,Fältkontroll - LST,Bedömd som säker,2-2023,Ö Åssjön. Lisskogsåsen,6711138,417169,6714480,1372940,RT90,Mycket bra,2011.11.08,Nej,,Ja,2017.02.13,,2-2023,Malung (S),2-20,Dalarnas län (S)
V473710,,2011.10.29,Ja,2011.11.01,,Annan hund,,Annan,Wachelhund,2011.10.29,2011.10.29,Nej,0,0,0,0,0,0,1,0,0,0,0,0,0,0,0,0,0,Varg,,,Fältkontroll - LST,Bedömd som säker,2-1880,Åkerby Tyslinge,6574584,503566,6576819,1457708,RT90,Mycket bra,2011.11.01,Nej,,Ja,2017.02.13,,2-1880,Örebro (S),2-18,Örebro län (S)
V473711,,2011.10.14,Ja,2011.10.18,,Annan hund,,Annan,Jämthund,2011.10.14,2011.10.14,Nej,0,0,0,0,0,0,0,0,0,0,1,0,0,0,0,0,0,Varg,,,Fältkontroll - LST,Bedömd som säker,2-1783,Torrberget,6672504,437445,6675581,1392752,RT90,Mycket bra,2011.10.18,Nej,,Ja,2017.02.13,,2-1783,Hagfors (S),2-17,Värmlands län (S)
V473712,,2011.11.19,Ja,2011.11.19,,Annan hund,,Annan,Öst sibirisk laika,2011.11.19,2011.11.19,Nej,0,0,0,0,0,0,0,0,1,0,0,0,0,0,0,0,0,Varg,,,Fältkontroll - LST,Bedömd som säker,2-1737,NÖ Långsätern,6742556,393400,6746204,1349546,RT90,Mycket bra,2011.11.19,Nej,,Ja,2017.02.13,,2-1737,Torsby (S),2-17,Värmlands län (S)
V473714,,2011.11.07,Ja,2011.11.08,,Annan hund,,Annan,Hamiltonstövare,2011.11.07,2011.11.07,Nej,0,0,0,0,0,0,0,0,0,0,1,0,0,0,0,0,0,Varg,,,Fältkontroll - LST,Bedömd som säker,2-1737,Hornvalla_ Likenäs vvo,6724102,399488,6727667,1355410,RT90,Mycket bra,2011.11.08,Nej,,Ja,2017.02.13,,2-1737,Torsby (S),2-17,Värmlands län (S)
V473715,,2011.11.19,Ja,2011.11.24,,Annan hund,,Annan,Östsibirisk laika,2011.11.19,2011.11.19,Nej,0,0,0,0,0,0,0,0,0,0,1,0,0,0,0,0,0,Varg,,,Fältkontroll - LST,Bedömd som säker,2-1737,Långsätern,6742510,392931,6746164,1349076,RT90,Mycket bra,2011.11.24,Nej,,Ja,2017.02.13,,2-1737,Torsby (S),2-17,Värmlands län (S)
V473716,,2011.12.11,Ja,2011.12.11,,Annan hund,,Annan,Schiller,2011.12.11,2011.12.11,Nej,0,0,0,0,0,0,0,0,1,0,0,0,0,0,0,0,0,Varg,,,Fältkontroll - LST,Bedömd som säker,2-2121,Slugsberget-Kammahav,6793605,544218,6795415,1501051,RT90,Mycket bra,2011.12.11,Nej,,Ja,2017.02.13,,2-2121,Ovanåker (S),2-21,Gävleborgs län (S)
V473717,,2011.12.11,Ja,2011.12.11,,Annan hund,,Annan,Schiller,2011.12.11,2011.12.11,Nej,0,0,0,0,0,0,0,0,0,0,1,0,0,0,0,0,0,Varg,,,Fältkontroll - LST,Bedömd som säker,2-2121,Bornasberget,6793999,543292,6795820,1500130,RT90,Mycket bra,2011.12.11,Nej,,Ja,2017.02.13,,2-2121,Ovanåker (S),2-21,Gävleborgs län (S)
V473718,,2012.01.03,Ja,2012.01.03,,Annan hund,,Annan,Drever,2012.01.03,2012.01.03,Nej,0,0,0,0,0,0,0,0,1,0,0,0,0,0,0,0,0,Varg,,,Fältkontroll - LST,Bedömd som säker,2-1430,Kasebo,6512866,311907,6517387,1265215,RT90,Mycket bra,2012.01.03,Nej,,Ja,2017.02.13,,2-1430,Munkedal (S),2-14,Västra Götalands län (S)
V473719,,2012.01.21,Ja,2012.01.21,,Annan hund,,Annan,Norsk älghund grå,2012.01.21,2012.01.21,Nej,0,0,0,0,0,0,0,0,0,0,1,0,0,0,0,0,0,Varg,,,Fältkontroll - LST,Bedömd som säker,2-1783,Åtjärnen,6679374,409121,6682800,1364500,RT90,Mycket bra,2012.01.21,Nej,,Ja,2017.02.13,,2-1783,Hagfors (S),2-17,Värmlands län (S)
V473720,,2011.10.23,Ja,2011.11.25,,Annan hund,,Annan,Gråhund,2011.10.23,2011.10.23,Nej,0,0,0,0,0,0,0,0,1,0,0,0,0,0,0,0,0,Varg,,,Fältkontroll - LST,Bedömd som säker,2-1766,N Annefors,6642893,408428,6646311,1363361,RT90,Mycket bra,2011.11.25,Nej,,Ja,2017.02.13,,2-1766,Sunne (S),2-17,Värmlands län (S)
V473721,,2011.11.25,Ja,2011.11.25,,Annan hund,,Annan,Jämthund,2011.11.25,2011.11.25,Nej,0,0,0,0,0,0,0,0,0,0,1,0,0,0,0,0,0,Varg,,,Fältkontroll - LST,Bedömd som säker,2-1782,N Saxå,6634187,466048,6636900,1420900,RT90,Mycket bra,2011.11.25,Nej,,Ja,2017.02.13,,2-1782,Filipstad (S),2-17,Värmlands län (S)
V473722,,2011.12.02,Ja,2011.12.05,,Annan hund,,Annan,Finsk Stövare,2011.12.02,2011.12.02,Nej,0,0,0,0,0,0,0,0,0,0,1,0,0,0,0,0,0,Varg,,,Fältkontroll - LST,Bedömd som säker,2-2080,Nybotjärn Lumsheden,6735569,565505,6737100,1521630,RT90,Mycket bra,2011.12.05,Nej,,Ja,2017.02.13,,2-2080,Falun (S),2-20,Dalarnas län (S)
V473724,,2011.12.30,Ja,2011.12.30,,Annan hund,,Annan,Border Collie,2011.12.30,2011.12.30,Nej,0,0,0,0,0,0,0,0,0,0,1,0,0,0,0,0,0,Varg,,,Fältkontroll - LST,Bedömd som säker,2-1980,Svanå,6627295,574538,6628685,1529342,RT90,Mycket bra,2011.12.30,Nej,,Ja,2017.02.13,,2-1980,Västerås (S),2-19,Västmanlands län (S)
V473725,,2012.01.03,Ja,2012.01.03,,Annan hund,,Annan,Gråhund,2012.01.03,2012.01.03,Nej,0,0,0,0,1,0,0,0,0,0,0,0,0,0,0,0,0,Varg,,,Fältkontroll - LST,Bedömd som säker,2-1981,Sörhörende,6643073,563336,6644604,1518329,RT90,Mycket bra,2012.01.03,Nej,,Ja,2017.02.13,,2-1981,Sala (S),2-19,Västmanlands län (S)
V473728,,2012.01.15,Ja,2012.01.16,,Annan hund,,Annan,Tax / Basset,2012.01.15,2012.01.15,Nej,0,0,0,0,0,0,1,0,0,0,0,0,0,0,0,0,0,Varg,,,Fältkontroll - LST,Bedömd som säker,2-2104,Torsåker,6711210,582098,6712530,1537929,RT90,Mycket bra,2012.01.16,Nej,,Ja,2017.02.13,,2-2104,Hofors (S),2-21,Gävleborgs län (S)
V473732,,2013.08.29,Ja,2013.08.29,,Annan hund,,Annan,Jämthund,2013.08.29,2013.08.29,Nej,0,0,0,0,0,0,0,0,0,0,1,0,0,0,0,0,0,Varg,,,Fältkontroll - LST,Bedömd som säker,2-2062,Daddbo,6766842,495495,6769244,1451982,RT90,Mycket bra,2013.08.29,Nej,,Ja,2017.02.13,,2-2062,Mora (S),2-20,Dalarnas län (S)
V473733,,2014.10.31,Ja,2014.10.31,,Annan hund,,Annan,Beagel,2014.10.30,2014.10.30,Nej,0,0,0,0,0,0,0,0,1,0,0,0,0,0,0,0,0,Varg,,,Fältkontroll - LST,Bedömd som säker,2-1430,Bredmossen,6503534,303359,6508152,1256549,RT90,Mycket bra,2014.10.31,Nej,,Ja,2017.02.13,,2-1430,Munkedal (S),2-14,Västra Götalands län (S)
V473734,,2014.09.22,Ja,2014.09.22,,Annan hund,,Annan,Stövarblandning,2014.09.22,2014.09.22,Nej,0,0,0,0,0,0,0,0,1,0,0,0,0,0,0,0,0,Varg,,,Fältkontroll - LST,Bedömd som säker,2-2023,Södra Löten,6762055,383076,6765840,1339457,RT90,Mycket bra,2014.09.22,Nej,,Ja,2017.02.13,,2-2023,Malung (S),2-20,Dalarnas län (S)
V473735,,2014.12.31,Ja,2015.01.01,,Annan hund,,Annan,Finsk stövare,2014.12.31,2014.12.31,Nej,0,0,0,0,0,0,0,0,1,0,0,0,0,0,0,0,0,Varg,,,Fältkontroll - LST,Bedömd som säker,2-1737,Hulten_ Östmark,6689496,374580,6693350,1330066,RT90,Mycket bra,2015.01.01,Nej,,Ja,2017.02.13,,2-1737,Torsby (S),2-17,Värmlands län (S)
V473736,,2012.02.17,Ja,2012.02.20,,Annan hund,,Annan,Blandras labrador80%beardercolly,2012.02.17,2012.02.17,Nej,0,0,0,0,0,0,0,0,0,0,1,0,0,0,0,0,0,Varg,,,Fältkontroll - LST,Bedömd som säker,2-1885,Österhammar,6596773,530734,6598686,1485154,RT90,Mycket bra,2012.02.20,Nej,,Ja,2017.02.13,,2-1885,Lindesberg (S),2-18,Örebro län (S)
V473740,,2012.04.07,Ja,2012.04.07,,Annan hund,,Annan,Boxer,2012.04.06,2012.04.07,Nej,0,0,0,0,0,0,0,0,1,0,0,0,0,0,0,0,0,Varg,,,Fältkontroll - LST,Bedömd som säker,2-1907,Ramnäs,6631669,567671,6633144,1522526,RT90,Mycket bra,2012.04.07,Nej,,Ja,2017.02.13,,2-1907,Surahammar (S),2-19,Västmanlands län (S)
V473741,,2012.04.14,Ja,2012.04.15,,Annan hund,,Annan,Dobermann,2012.04.03,2012.04.03,Nej,0,0,0,0,0,0,0,0,1,0,0,0,0,0,0,0,0,Varg,,,Fältkontroll - LST,Bedömd som säker,2-1782,Rubbetorp,6606810,447234,6609740,1401745,RT90,Mycket bra,2012.04.15,Nej,,Ja,2017.02.13,,2-1782,Filipstad (S),2-17,Värmlands län (S)
V473742,,2012.05.03,Ja,2012.05.03,,Annan hund,,Annan,Blandras Hamilton-Finnstövare,2012.05.03,2012.05.03,Nej,0,0,0,0,0,0,0,0,1,0,0,0,0,0,0,0,0,Varg,,,Fältkontroll - LST,Bedömd som säker,2-2034,Labbdjurberga,6791328,493742,6793760,1450530,RT90,Mycket bra,2012.05.03,Nej,,Ja,2017.02.13,,2-2034,Orsa (S),2-20,Dalarnas län (S)
V473744,,2012.08.13,Ja,2012.08.16,,Annan hund,,Annan,Blandras,2012.08.13,2012.08.13,Nej,0,0,0,0,0,0,0,0,0,0,1,0,0,0,0,0,0,Varg,,,Fältkontroll - LST,Bedömd som säker,2-2081,Loberget,6715848,516565,6717973,1472433,RT90,Mycket bra,2012.08.16,Nej,,Ja,2017.02.13,,2-2081,Borlänge (S),2-20,Dalarnas län (S)
V473745,,2012.08.24,Ja,2012.08.24,,Annan hund,,Annan,Beagle,2012.08.24,2012.08.24,Nej,0,0,0,0,0,0,0,0,1,0,0,0,0,0,0,0,0,Varg,,,Fältkontroll - LST,Bedömd som säker,2-2023,Örsåsen fäb  Malungs kommun,6724005,438779,6727088,1394717,RT90,Mycket bra,2012.08.24,Nej,,Ja,2017.02.13,,2-2023,Malung (S),2-20,Dalarnas län (S)
V473746,,2012.08.08,Ja,2012.08.08,,Annan hund,,Annan,Gråhund,2012.08.08,2012.08.08,Nej,0,0,0,0,0,0,0,0,0,0,1,0,0,0,0,0,0,Varg,,,Fältkontroll - LST,Bedömd som säker,2-2260,Lill-Mörtsjön,6917102,550582,6918870,1508950,RT90,Mycket bra,2012.08.08,Nej,,Ja,2017.02.13,,2-2260,Ånge (S),2-22,Västernorrlands län (S)
V473747,,2012.07.25,Ja,2012.07.26,,Annan hund,,Annan,chines crested chihuahua,2012.07.25,2012.07.25,Nej,0,0,0,0,1,0,0,0,0,0,0,0,0,0,0,0,0,Varg,,,Fältkontroll - LST,Bedömd som säker,2-2283,Västergransjö 216,7006176,594452,7007420,1553947,RT90,Mycket bra,2012.07.26,Nej,,Ja,2017.02.13,,2-2283,Sollefteå (S),2-22,Västernorrlands län (S)
V473748,,2012.09.01,Ja,2012.09.01,,Annan hund,,Annan,Schillerstövare,2012.09.01,2012.09.01,Nej,0,0,0,0,0,0,0,0,1,0,0,0,0,0,0,0,0,Varg,,,Fältkontroll - LST,Bedömd som säker,2-2031,Prästberget,6751145,519168,6753250,1475470,RT90,Mycket bra,2012.09.01,Nej,,Ja,2017.02.13,,2-2031,Rättvik (S),2-20,Dalarnas län (S)
V473750,,2012.09.05,Ja,2012.09.06,,Annan hund,,Annan,Blandras Jackrussel-kinesisk nakenhund,2012.09.05,2012.09.05,Nej,0,0,0,0,1,0,0,0,0,0,0,0,0,0,0,0,0,Varg,,,Fältkontroll - LST,Bedömd som säker,2-2101,Säbyggeby,6754533,593214,6755728,1549580,RT90,Mycket bra,2012.09.06,Nej,,Ja,2017.02.13,,2-2101,Ockelbo (S),2-21,Gävleborgs län (S)
V473752,,2012.09.12,Ja,2012.09.12,,Annan hund,,Annan,Finnspets,2012.09.12,2012.09.12,Nej,0,0,0,0,0,0,0,0,0,0,1,0,0,0,0,0,0,Varg,,,Fältkontroll - LST,Bedömd som säker,2-2062,N.Hållen,6747382,469252,6750100,1425490,RT90,Mycket bra,2012.09.12,Nej,,Ja,2017.02.13,,2-2062,Mora (S),2-20,Dalarnas län (S)
V473753,,2012.09.09,Ja,2012.09.09,,Annan hund,,Annan,Rysstövare,2012.09.09,2012.09.09,Nej,0,0,0,0,0,0,0,0,0,0,1,0,0,0,0,0,0,Varg,,,Fältkontroll - LST,Bedömd som säker,2-2029,Insjön,6724721,507980,6726955,1463954,RT90,Mycket bra,2012.09.09,Nej,,Ja,2017.02.13,,2-2029,Leksand (S),2-20,Dalarnas län (S)
V473754,,2012.09.10,Ja,2012.09.10,,Annan hund,,Annan,Gråhund,2012.09.10,2012.09.10,Nej,0,0,0,0,0,0,0,0,0,0,1,0,0,0,0,0,0,Varg,,,Fältkontroll - LST,Bedömd som säker,2-1439,Nättjebacka,6485276,326916,6489600,1279900,RT90,Mycket bra,2012.09.10,Nej,,Ja,2017.02.13,,2-1439,Färgelanda (S),2-14,Västra Götalands län (S)
V473757,,2012.09.30,Ja,2012.09.30,,Annan hund,,Annan,Drever,2012.09.30,2012.09.30,Nej,0,0,0,0,0,0,1,0,0,0,0,0,0,0,0,0,0,Varg,,,Fältkontroll - LST,Bedömd som säker,2-1765,Järperud,6570753,324866,6575150,1278880,RT90,Mycket bra,2012.09.30,Nej,,Ja,2017.02.13,,2-1765,Årjäng (S),2-17,Värmlands län (S)
V473758,,2012.10.08,Ja,2012.10.09,,Annan hund,,Annan,Blandras Jämthund Gråhund,2012.10.08,2012.10.08,Nej,0,0,0,0,1,0,0,0,0,0,0,0,0,0,0,0,0,Varg,,,Fältkontroll - LST,Bedömd som säker,2-2161,Simkölen,6848694,528182,6850720,1485692,RT90,Mycket bra,2012.10.09,Nej,,Ja,2017.02.13,,2-2161,Ljusdal (S),2-21,Gävleborgs län (S)
V473759,,2012.10.10,Ja,2012.10.11,,Annan hund,,Annan,Jämthund,2012.10.10,2012.10.10,Nej,0,0,0,0,0,0,0,0,0,0,1,0,0,0,0,0,0,Varg,,,Fältkontroll - LST,Bedömd som säker,2-2080,Lamborn,6758640,535990,6760540,1492390,RT90,Mycket bra,2012.10.11,Nej,,Ja,2017.02.13,,2-2080,Falun (S),2-20,Dalarnas län (S)
V473760,,2012.10.06,Ja,2012.10.09,,Annan hund,,Annan,Tysk jaktterrier,2012.10.06,2012.10.06,Nej,0,0,0,0,0,0,0,0,0,0,1,0,0,0,0,0,0,Varg,,,Fältkontroll - LST,Bedömd som säker,2-0680,Gunnarsö,6403830,438771,6406776,1390837,RT90,Mycket bra,2012.10.09,Nej,,Ja,2017.02.13,,2-0680,Jönköping (S),2-06,Jönköpings län (S)
V473764,,2012.02.18,Ja,2012.02.18,,Annan hund,,Annan,Blandras,2012.02.18,2012.02.18,Nej,0,0,0,0,0,0,0,0,0,0,1,0,0,0,0,0,0,Varg,,,Fältkontroll - LST,Bedömd som säker,2-1885,Högåsen Järle 319,6596773,530734,6598686,1485154,RT90,Mycket bra,2012.02.18,Nej,,Ja,2017.02.13,,2-1885,Lindesberg (S),2-18,Örebro län (S)
V473767,,2013.03.06,Ja,2013.03.06,,Annan hund,,Annan,Drever/Beagle/Terrier,2013.03.05,2013.03.05,Nej,0,0,0,0,0,0,0,0,1,0,0,0,0,0,0,0,0,Varg,,,Fältkontroll - LST,Bedömd som säker,2-2161,Åbo,6847952,543434,6849788,1500940,RT90,Mycket bra,2013.03.06,Nej,,Ja,2017.02.13,,2-2161,Ljusdal (S),2-21,Gävleborgs län (S)
V473768,,2013.04.02,Ja,2013.04.02,,Annan hund,,Annan,Drever,2013.04.02,2013.04.02,Nej,0,0,0,0,0,0,0,0,0,0,1,0,0,0,0,0,0,Varg,,,Fältkontroll - LST,Bedömd som säker,2-1415,Ucklum,6438134,323939,6442467,1276357,RT90,Mycket bra,2013.04.02,Nej,,Ja,2017.02.13,,2-1415,Stenungsund (S),2-14,Västra Götalands län (S)
V473769,,2013.08.23,Ja,2013.08.23,,Annan hund,,Annan,Hamiltonstövare,2013.08.23,2013.08.23,Nej,0,0,0,0,0,0,0,0,0,0,1,0,0,0,0,0,0,Varg,,,Fältkontroll - LST,Bedömd som säker,2-1737,Bredsjön 1:70,6665358,374816,6669197,1330007,RT90,Mycket bra,2013.08.23,Nej,,Ja,2017.02.13,,2-1737,Torsby (S),2-17,Värmlands län (S)
V473770,,2012.11.07,Ja,2012.11.08,,Annan hund,,Annan,Amstaff,2012.11.07,2012.11.07,Nej,0,0,0,0,0,0,0,0,0,0,1,0,0,0,0,0,0,Varg,,,Fältkontroll - LST,Bedömd som säker,2-0115,Lövsättra golf,6612439,688512,6612440,1643159,RT90,Mycket bra,2012.11.08,Nej,,Ja,2017.02.13,,2-0115,Vallentuna (S),2-01,Stockholms län (S)
V473773,,2012.11.18,Ja,2012.11.18,,Annan hund,,Annan,Gråhund,2012.11.18,2012.11.18,Nej,0,0,0,0,0,0,0,0,0,0,1,0,0,0,0,0,0,Varg,,,Fältkontroll - LST,Bedömd som säker,2-2029,Skinnarberget,6747798,527416,6749800,1483680,RT90,Mycket bra,2012.11.18,Nej,,Ja,2017.02.13,,2-2029,Leksand (S),2-20,Dalarnas län (S)
V473775,,2012.11.17,Ja,2012.11.18,,Annan hund,,Annan,Blandras,2012.11.17,2012.11.17,Nej,0,0,0,0,0,0,0,0,0,0,1,0,0,0,0,0,0,Varg,,,Fältkontroll - LST,Bedömd som säker,2-1782,Linnängen_ Brattfors,6609168,447474,6612096,1402014,RT90,Mycket bra,2012.11.18,Nej,,Ja,2017.02.13,,2-1782,Filipstad (S),2-17,Värmlands län (S)
V473776,,2012.09.25,Ja,2012.09.25,,Annan hund,,Annan,Gordon setter,2012.09.24,2012.09.25,Nej,0,0,0,0,1,0,0,0,0,0,0,0,0,0,0,0,0,Varg,,,Fältkontroll - LST,Bedömd som säker,2-2121,Södra Flät 205,6773725,537889,6775607,1494475,RT90,Mycket bra,2012.09.25,Nej,,Ja,2017.02.13,,2-2121,Ovanåker (S),2-21,Gävleborgs län (S)
V473779,,2012.11.26,Ja,2012.11.26,,Annan hund,,Annan,Bayersk Viltspårhund,2012.11.25,2012.11.25,Nej,0,0,0,0,0,0,0,0,1,0,0,0,0,0,0,0,0,Varg,,,Fältkontroll - LST,Bedömd som säker,2-2085,Drafsen,6659225,469897,6661900,1425055,RT90,Mycket bra,2012.11.26,Nej,,Ja,2017.02.13,,2-2085,Ludvika (S),2-20,Dalarnas län (S)
V473780,,2012.12.16,Ja,2012.12.16,,Annan hund,,Annan,Gråhund,2012.12.15,2012.12.16,Nej,0,0,0,0,1,0,0,0,0,0,0,0,0,0,0,0,0,Varg,,,Fältkontroll - LST,Bedömd som säker,2-2080,Ljusdal,6712553,527213,6714547,1483044,RT90,Mycket bra,2012.12.16,Nej,,Ja,2017.02.13,,2-2080,Falun (S),2-20,Dalarnas län (S)
V473782,,2012.12.28,Ja,2012.12.30,,Annan hund,,Annan,Kleiner Munsterländer,2012.12.28,2012.12.28,Nej,0,0,0,0,0,0,0,0,1,0,0,0,0,0,0,0,0,Varg,,,Fältkontroll - LST,Bedömd som säker,2-1782,Saxån,6629647,464609,6632375,1419405,RT90,Mycket bra,2012.12.30,Nej,,Ja,2017.02.13,,2-1782,Filipstad (S),2-17,Värmlands län (S)
V473786,,2013.03.06,Ja,2013.03.06,,Annan hund,,Annan,Blandras Drever/Beagle/Terrier,2013.03.05,2013.03.05,Nej,0,0,0,0,0,0,0,0,1,0,0,0,0,0,0,0,0,Varg,,,Fältkontroll - LST,Bedömd som säker,2-2161,Åbo,6847951,543398,6849788,1500904,RT90,Mycket bra,2013.03.06,Nej,,Ja,2017.02.13,,2-2161,Ljusdal (S),2-21,Gävleborgs län (S)
V473789,,2012.09.25,Ja,2012.09.25,,Annan hund,,Annan,Gordon Setter,2012.09.24,2012.09.25,Nej,0,0,0,0,1,0,0,0,0,0,0,0,0,0,0,0,0,Varg,,,Fältkontroll - LST,Bedömd som säker,2-2121,Ovanåker,6773789,543099,6775607,1499688,RT90,Mycket bra,2012.09.25,Nej,,Ja,2017.02.13,,2-2121,Ovanåker (S),2-21,Gävleborgs län (S)
V473794,,2013.03.05,Ja,2013.03.05,,Annan hund,,Annan,Jack Russel,2013.03.05,2013.03.05,Nej,0,0,0,0,0,0,0,0,1,0,0,0,0,0,0,0,0,Varg,,,Fältkontroll - LST,Bedömd som säker,2-2161,Åbo,6847526,543324,6849363,1500824,RT90,Mycket bra,2013.03.05,Nej,,Ja,2017.02.13,,2-2161,Ljusdal (S),2-21,Gävleborgs län (S)
V473796,,2013.04.20,Ja,2013.04.20,,Annan hund,,Annan,Jack russel,2013.04.20,2013.04.20,Nej,0,0,0,0,0,0,0,0,0,0,1,0,0,0,0,0,0,Varg,,,Fältkontroll - LST,Bedömd som säker,2-0115,N om Morsta,6612407,686506,6612433,1641153,RT90,Mycket bra,2013.04.20,Nej,,Ja,2017.02.13,,2-0115,Vallentuna (S),2-01,Stockholms län (S)
V473798,,2013.09.01,Ja,2013.09.01,,Annan hund,,Annan,Jämthund,2013.09.01,2013.09.01,Nej,0,0,0,0,0,0,0,0,1,0,0,0,0,0,0,0,0,Varg,,,Fältkontroll - LST,Bedömd som säker,2-1737,Nötberg,6682034,394865,6685636,1350270,RT90,Mycket bra,2013.09.01,Nej,,Ja,2017.02.13,,2-1737,Torsby (S),2-17,Värmlands län (S)
V473799,,2013.09.02,Ja,2013.09.02,,Annan hund,,Annan,Beagle,2013.09.02,2013.09.02,Nej,0,0,0,0,0,0,0,0,0,0,1,0,0,0,0,0,0,Varg,,,Fältkontroll - LST,Bedömd som säker,2-1763,Römossen_ sö Munkfors,6628555,419799,6631828,1374563,RT90,Mycket bra,2013.09.02,Nej,,Ja,2017.02.13,,2-1763,Forshaga (S),2-17,Värmlands län (S)
V473800,,2013.09.12,Ja,2013.09.12,,Annan hund,,Annan,Jämthund,2013.09.12,2013.09.12,Nej,0,0,0,0,0,0,0,0,0,0,1,0,0,0,0,0,0,Varg,,,Fältkontroll - LST,Bedömd som säker,2-1762,Bliaberget,6631451,418395,6634743,1373193,RT90,Mycket bra,2013.09.12,Nej,,Ja,2017.02.13,,2-1762,Munkfors (S),2-17,Värmlands län (S)
V473801,,2013.09.12,Ja,2013.09.12,,Annan hund,,Annan,Blandras . Hamilton--Beagle,2013.09.12,2013.09.12,Nej,0,0,0,0,0,0,0,0,1,0,0,0,0,0,0,0,0,Varg,,,Fältkontroll - LST,Bedömd som säker,2-2023,Digerberget,6765537,380887,6769350,1337310,RT90,Mycket bra,2013.09.12,Nej,,Ja,2017.02.13,,2-2023,Malung (S),2-20,Dalarnas län (S)
V473802,,2013.09.05,Ja,2013.09.06,,Annan hund,,Annan,Engelsk setter,2013.09.05,2013.09.05,Nej,0,0,0,0,0,0,0,0,1,0,0,0,0,0,0,0,0,Varg,,,Fältkontroll - LST,Bedömd som säker,2-2023,Östfjällstäkten,6785950,399839,6789539,1356523,RT90,Mycket bra,2013.09.06,Nej,,Ja,2017.02.13,,2-2023,Malung (S),2-20,Dalarnas län (S)
V473803,,2013.09.21,Ja,2013.09.21,,Annan hund,,Annan,Hamiltonstövare,2013.09.21,2013.09.21,Nej,0,0,0,0,0,0,0,0,1,0,0,0,0,0,0,0,0,Varg,,,Fältkontroll - LST,Bedömd som säker,2-1784,Älgsjön,6609808,353746,6613875,1308250,RT90,Mycket bra,2013.09.21,Nej,,Ja,2017.02.13,,2-1784,Arvika (S),2-17,Värmlands län (S)
V473804,,2013.09.28,Ja,2013.09.28,,Annan hund,,Annan,Finnstövare,2013.09.28,2013.09.28,Nej,0,0,0,0,0,0,0,0,1,0,0,0,0,0,0,0,0,Varg,,,Fältkontroll - LST,Bedömd som säker,2-2361,Trollberget-Fåssjödal,6890941,517500,6893113,1475531,RT90,Mycket bra,2013.09.28,Nej,,Ja,2017.02.13,,2-2361,Härjedalen (S),2-23,Jämtlands län (S)
V473805,,2013.10.07,Ja,2013.10.07,,Annan hund,,Annan,Gråhund,2013.10.07,2013.10.07,Nej,0,0,0,0,0,0,0,0,1,0,0,0,0,0,0,0,0,Varg,,,Fältkontroll - LST,Bedömd som säker,2-1737,Ö Holmberg,6696757,417907,6700084,1373502,RT90,Mycket bra,2013.10.07,Nej,,Ja,2017.02.13,,2-1737,Torsby (S),2-17,Värmlands län (S)
V473806,,2013.09.29,Ja,2013.09.29,,Annan hund,,Annan,Drever,2013.09.29,2013.09.29,Nej,0,0,0,0,0,0,0,0,0,0,1,0,0,0,0,0,0,Varg,,,Fältkontroll - LST,Bedömd som säker,2-2085,Lövkullen,6665122,493319,6667514,1448558,RT90,Mycket bra,2013.09.29,Nej,,Ja,2017.02.13,,2-2085,Ludvika (S),2-20,Dalarnas län (S)
V473807,,2013.10.15,Ja,2013.10.15,,Annan hund,,Annan,Jämthund,2013.10.15,2013.10.15,Nej,0,0,0,0,1,0,0,0,0,0,0,0,0,0,0,0,0,Varg,,,Fältkontroll - LST,Bedömd som säker,2-1737,S om Mangen,6697997,381981,6701764,1337575,RT90,Mycket bra,2013.10.15,Nej,,Ja,2017.02.13,,2-1737,Torsby (S),2-17,Värmlands län (S)
V473808,,2013.08.21,Ja,2013.08.21,,Annan hund,,Annan,Jämthund,2013.08.21,2013.08.21,Nej,0,0,0,0,0,0,1,0,0,0,0,0,0,0,0,0,0,Varg,,,Fältkontroll - LST,Bedömd som säker,2-2121,Gammelhomna,6800868,537396,6802764,1494317,RT90,Mycket bra,2013.08.21,Nej,,Ja,2017.02.13,,2-2121,Ovanåker (S),2-21,Gävleborgs län (S)
V473809,,2013.10.16,Ja,2013.10.16,,Annan hund,,Annan,Gråhund,2013.10.16,2013.10.16,Nej,0,0,0,0,0,0,0,0,0,0,1,0,0,0,0,0,0,Varg,,,Fältkontroll - LST,Bedömd som säker,2-2080,Kyrkbyns fäbodar,6732855,560926,6734441,1517016,RT90,Mycket bra,2013.10.16,Nej,,Ja,2017.02.13,,2-2080,Falun (S),2-20,Dalarnas län (S)
V473811,,2013.10.20,Ja,2013.10.20,,Annan hund,,Annan,Jämthund,2013.10.20,2013.10.20,Nej,0,0,0,0,0,0,0,0,1,0,0,0,0,0,0,0,0,Varg,,,Fältkontroll - LST,Bedömd som säker,2-2161,Storflon,6903749,517276,6905928,1475467,RT90,Mycket bra,2013.10.20,Nej,,Ja,2017.02.13,,2-2161,Ljusdal (S),2-21,Gävleborgs län (S)
V473813,,2013.11.01,Ja,2013.11.01,,Annan hund,,Annan,Jämthund,2013.11.01,2013.11.01,Nej,0,0,0,0,0,0,0,0,1,0,0,0,0,0,0,0,0,Varg,,,Fältkontroll - LST,Bedömd som säker,2-1766,Lunneskogen,6658063,388258,6661734,1343367,RT90,Mycket bra,2013.11.01,Nej,,Ja,2017.02.13,,2-1766,Sunne (S),2-17,Värmlands län (S)
V473814,,2013.11.01,Ja,2013.11.01,,Annan hund,,Annan,Jämthund,2013.11.01,2013.11.01,Nej,0,0,0,0,0,0,0,0,0,0,1,0,0,0,0,0,0,Varg,,,Fältkontroll - LST,Bedömd som säker,2-2361,Björvasslan söder Lillhärdal,6836211,453312,6839160,1410640,RT90,Mycket bra,2013.11.01,Nej,,Ja,2017.02.13,,2-2361,Härjedalen (S),2-23,Jämtlands län (S)
V473816,,2014.01.11,Ja,2014.01.11,,Annan hund,,Annan,Finsk Stövare,2014.01.11,2014.01.11,Nej,0,0,0,0,0,0,0,0,1,0,0,0,0,0,0,0,0,Varg,,,Fältkontroll - LST,Bedömd som säker,2-1737,Bada,6665217,397463,6668779,1352663,RT90,Mycket bra,2014.01.11,Nej,,Ja,2017.02.13,,2-1737,Torsby (S),2-17,Värmlands län (S)
V473817,,2013.09.01,Ja,2013.09.02,,Annan hund,,Annan,Norrbottenspets,2013.09.01,2013.09.01,Nej,0,0,0,0,0,0,1,0,0,0,0,0,0,0,0,0,0,Varg,,,Fältkontroll - LST,Bedömd som säker,2-2026,Täckberget,6706918,481514,6709470,1437260,RT90,Mycket bra,2013.09.02,Nej,,Ja,2017.02.13,,2-2026,Gagnef (S),2-20,Dalarnas län (S)
V473819,,2013.10.21,Ja,2013.10.21,,Annan hund,,Annan,Jämthund,2013.10.21,2013.10.21,Nej,0,0,0,0,0,0,0,0,1,0,0,0,0,0,0,0,0,Varg,,,Fältkontroll - LST,Bedömd som säker,2-1904,Norr Ytternåla,6615581,550207,6617263,1504862,RT90,Mycket bra,2013.10.21,Nej,,Ja,2017.02.13,,2-1904,Skinnskatteberg (S),2-19,Västmanlands län (S)
V473823,,2013.12.03,Ja,2013.12.03,,Annan hund,,Annan,Gotlandsstövare,2013.12.03,2013.12.03,Nej,0,0,0,0,0,0,0,0,0,0,1,0,0,0,0,0,0,Varg,,,Fältkontroll - LST,Bedömd som säker,2-1782,Storfallshöjden,6645144,449029,6648068,1404007,RT90,Mycket bra,2013.12.03,Nej,,Ja,2017.02.13,,2-1782,Filipstad (S),2-17,Värmlands län (S)
V473824,,2013.12.07,Ja,2013.12.07,,Annan hund,,Annan,blandning Jämthund/Gråhund,2013.12.07,2013.12.07,Nej,0,0,0,0,0,0,0,0,1,0,0,0,0,0,0,0,0,Varg,,,Fältkontroll - LST,Bedömd som säker,2-1782,Grävlingstjärn,6622496,444292,6625469,1398992,RT90,Mycket bra,2013.12.07,Nej,,Ja,2017.02.13,,2-1782,Filipstad (S),2-17,Värmlands län (S)
V473825,,2013.12.26,Ja,2013.12.27,,Annan hund,,Annan,Strävhårig tax,2013.12.26,2013.12.26,Nej,0,0,0,0,0,0,0,0,0,0,1,0,0,0,0,0,0,Varg,,,Fältkontroll - LST,Bedömd som säker,2-1780,Nedre Haget_ Herrån,6613675,430633,6616810,1385220,RT90,Mycket bra,2013.12.27,Nej,,Ja,2017.02.13,,2-1780,Karlstad (S),2-17,Värmlands län (S)
V473826,,2013.11.15,Ja,2013.11.15,,Annan hund,,Annan,Hamilton,2013.11.15,2013.11.15,Nej,0,0,0,0,0,0,0,0,0,0,1,0,0,0,0,0,0,Varg,,,Fältkontroll - LST,Bedömd som säker,2-1766,Ö om Trehörningen,6641273,373587,6645115,1328484,RT90,Mycket bra,2013.11.15,Nej,,Ja,2017.02.13,,2-1766,Sunne (S),2-17,Värmlands län (S)
V473828,,2013.11.23,Ja,2013.11.23,,Annan hund,,Annan,Jämthund,2013.11.23,2013.11.23,Nej,0,0,0,0,1,0,0,0,0,0,0,0,0,0,0,0,0,Varg,,,Fältkontroll - LST,Bedömd som säker,2-2161,Järvshockeln,6901908,521920,6904029,1480089,RT90,Mycket bra,2013.11.23,Nej,,Ja,2017.02.13,,2-2161,Ljusdal (S),2-21,Gävleborgs län (S)
V473829,,2014.03.05,Ja,2014.03.05,,Annan hund,,Annan,Chinese crested powder puff,2014.03.05,2014.03.05,Nej,0,0,0,0,1,0,0,0,0,0,0,0,0,0,0,0,0,Varg,,,Fältkontroll - LST,Bedömd som säker,2-2085,Saxdalen,6669998,498367,6672330,1453667,RT90,Mycket bra,2014.03.05,Nej,,Ja,2017.02.13,,2-2085,Ludvika (S),2-20,Dalarnas län (S)
V473832,,2014.10.31,Ja,2014.10.31,,Annan hund,,Annan,Tax,2014.10.31,2014.10.31,Nej,0,0,0,0,0,0,0,0,1,0,0,0,0,0,0,0,0,Varg,,,Fältkontroll - LST,Bedömd som säker,2-1764,Svanhult,6572566,381491,6576278,1335557,RT90,Mycket bra,2014.10.31,Nej,,Ja,2017.02.13,,2-1764,Grums (S),2-17,Värmlands län (S)
V473834,,2014.04.18,Ja,2014.04.19,,Annan hund,,Annan,Lagotto Romagnolo,2014.04.18,2014.04.18,Nej,0,0,0,0,0,0,0,0,0,0,1,0,0,0,0,0,0,Varg,,,Fältkontroll - LST,Bedömd som säker,2-1885,Vasselhyttan 817,6624642,508963,6626829,1463714,RT90,Mycket bra,2014.04.19,Nej,,Ja,2017.02.13,,2-1885,Lindesberg (S),2-18,Örebro län (S)
V473835,,2014.05.08,Ja,2014.05.08,,Annan hund,,Annan,Leonberger,2014.05.07,2014.05.08,Nej,0,0,0,0,0,0,1,0,0,0,0,0,0,0,0,0,0,Varg,,,Fältkontroll - LST,Bedömd som säker,2-1760,Östra Klennoret,6592042,456036,6594859,1410371,RT90,Mycket bra,2014.05.08,Nej,,Ja,2017.02.13,,2-1760,Storfors (S),2-17,Värmlands län (S)
V473836,,2014.07.08,Ja,2014.07.09,,Annan hund,,Annan,Collie (korthårig),2014.07.08,2014.07.08,Nej,0,0,0,0,0,0,0,0,1,0,0,0,0,0,0,0,0,Varg,,,Fältkontroll - LST,Bedömd som säker,2-1907,Riset Nybo 19,6614565,569116,6616017,1523764,RT90,Mycket bra,2014.07.09,Nej,,Ja,2017.02.13,,2-1907,Surahammar (S),2-19,Västmanlands län (S)
V473837,,2014.08.16,Ja,2014.08.24,,Annan hund,,Annan,Jämthund,2014.08.16,2014.08.16,Nej,0,0,0,0,0,0,0,0,0,0,1,0,0,0,0,0,0,Varg,,,Fältkontroll - LST,Bedömd som säker,2-1438,Kroksjön,6535083,331567,6539379,1285154,RT90,Mycket bra,2014.08.24,Nej,,Ja,2017.02.13,,2-1438,Dals-Ed (S),2-14,Västra Götalands län (S)
V473839,,2014.09.04,Ja,2014.09.04,,Annan hund,,Annan,Blandras  Gråhund-Borderterrier,2014.09.03,2014.09.04,Nej,0,0,0,0,0,0,0,0,1,0,0,0,0,0,0,0,0,Varg,,,Fältkontroll - LST,Bedömd som säker,2-1765,Gustavsfors,6565364,334670,6569639,1288624,RT90,Mycket bra,2014.09.04,Nej,,Ja,2017.02.13,,2-1765,Årjäng (S),2-17,Värmlands län (S)
V473842,,2014.09.18,Ja,2014.09.18,,Annan hund,,Annan,Bland,2014.09.18,2014.09.18,Nej,0,0,0,0,0,0,0,0,0,0,1,0,0,0,0,0,0,Varg,,,Fältkontroll - LST,Bedömd som säker,2-1737,Kroksjön,6710618,381577,6714396,1337325,RT90,Mycket bra,2014.09.18,Nej,,Ja,2017.02.13,,2-1737,Torsby (S),2-17,Värmlands län (S)
V473844,,2014.09.21,Ja,2014.09.21,,Annan hund,,Annan,Stävare,2014.09.21,2014.09.21,Nej,0,0,0,0,1,0,0,0,0,0,0,0,0,0,0,0,0,Varg,,,Fältkontroll - LST,Bedömd som säker,2-2029,S.hyttsjön,6734546,514339,6736705,1470435,RT90,Mycket bra,2014.09.21,Nej,,Ja,2017.02.13,,2-2029,Leksand (S),2-20,Dalarnas län (S)
V473845,,2014.09.27,Ja,2014.09.27,,Annan hund,,Annan,Smålandsstövare,2014.09.27,2014.09.27,Nej,0,0,0,0,0,0,0,0,1,0,0,0,0,0,0,0,0,Varg,,,Fältkontroll - LST,Bedömd som säker,2-1765,Väng,6589719,318759,6594200,1273000,RT90,Mycket bra,2014.09.27,Nej,,Ja,2017.02.13,,2-1765,Årjäng (S),2-17,Värmlands län (S)
V473848,,2014.09.30,Ja,2014.09.30,,Annan hund,,Annan,Labrador,2014.09.30,2014.09.30,Nej,0,0,0,0,0,0,0,0,0,0,1,0,0,0,0,0,0,Varg,,,Fältkontroll - LST,Bedömd som säker,2-2081,Högberget,6695873,513071,6698034,1468693,RT90,Mycket bra,2014.09.30,Nej,,Ja,2017.02.13,,2-2081,Borlänge (S),2-20,Dalarnas län (S)
V473850,,2014.10.15,Ja,2014.10.15,,Annan hund,,Annan,Gråhund,2014.10.15,2014.10.15,Nej,0,0,0,0,0,0,0,0,0,0,1,0,0,0,0,0,0,Varg,,,Fältkontroll - LST,Bedömd som säker,2-1783,Hinnershöjden,6660672,411753,6664058,1366904,RT90,Mycket bra,2014.10.15,Nej,,Ja,2017.02.13,,2-1783,Hagfors (S),2-17,Värmlands län (S)
V473851,,2014.10.15,Ja,2014.10.15,,Annan hund,,Annan,Jämthund,2014.10.15,2014.10.15,Nej,0,0,0,0,0,0,1,0,0,0,0,0,0,0,0,0,0,Varg,,,Fältkontroll - LST,Bedömd som säker,2-1783,Hinnershöjden,6660672,411753,6664058,1366904,RT90,Mycket bra,2014.10.15,Nej,,Ja,2017.02.13,,2-1783,Hagfors (S),2-17,Värmlands län (S)
V473852,,2014.10.19,Ja,2014.10.19,,Annan hund,,Annan,Blandras stövare,2014.10.19,2014.10.19,Nej,0,0,0,0,0,0,0,0,1,0,0,0,0,0,0,0,0,Varg,,,Fältkontroll - LST,Bedömd som säker,2-1737,Brännknölen,6761471,372946,6765380,1329315,RT90,Mycket bra,2014.10.19,Nej,,Ja,2017.02.13,,2-1737,Torsby (S),2-17,Värmlands län (S)
V473855,,2014.10.24,Ja,2014.10.24,,Annan hund,,Annan,Gråhund,2014.10.24,2014.10.24,Nej,0,0,0,0,0,0,0,0,0,0,1,0,0,0,0,0,0,Varg,,,Fältkontroll - LST,Bedömd som säker,2-1715,Lökkeneskogen,6602793,408783,6606188,1363228,RT90,Mycket bra,2014.10.24,Nej,,Ja,2017.02.13,,2-1715,Kil (S),2-17,Värmlands län (S)
V473856,,2014.10.25,Ja,2014.10.25,,Annan hund,,Annan,DreverXBasset,2014.10.25,2014.10.25,Nej,0,0,0,0,0,0,0,0,1,0,0,0,0,0,0,0,0,Varg,,,Fältkontroll - LST,Bedömd som säker,2-1765,Lämmemyren_ Korsbyn,6601098,330725,6605440,1285110,RT90,Mycket bra,2014.10.25,Nej,,Ja,2017.02.13,,2-1765,Årjäng (S),2-17,Värmlands län (S)
V473857,,2014.09.12,Ja,2014.09.12,,Annan hund,,Annan,hamiltonstövare,2014.09.12,2014.09.12,Nej,0,0,0,0,0,0,1,0,0,0,0,0,0,0,0,0,0,Varg,,,Fältkontroll - LST,Bedömd som säker,2-2029,Grävsängarna Insjön,6728868,511481,6731060,1467507,RT90,Mycket bra,2014.09.12,Nej,,Ja,2017.02.13,,2-2029,Leksand (S),2-20,Dalarnas län (S)
V473859,,2014.11.09,Ja,2014.11.10,,Annan hund,,Annan,Strävhårstax,2014.11.09,2014.11.09,Nej,0,0,0,0,0,0,0,0,1,0,0,0,0,0,0,0,0,Varg,,,Fältkontroll - LST,Bedömd som säker,2-1461,Söbyn,6499811,353855,6503819,1307029,RT90,Mycket bra,2014.11.10,Nej,,Ja,2017.02.13,,2-1461,Mellerud (S),2-14,Västra Götalands län (S)
V473861,,2014.11.12,Ja,2014.11.12,,Annan hund,,Annan,Finsk stövare,2014.11.12,2014.11.12,Nej,0,0,0,0,0,0,0,0,1,0,0,0,0,0,0,0,0,Varg,,,Fältkontroll - LST,Bedömd som säker,2-1737,Rosastorp,6686381,369040,6690301,1324485,RT90,Mycket bra,2014.11.12,Nej,,Ja,2017.02.13,,2-1737,Torsby (S),2-17,Värmlands län (S)
V473862,,2014.11.16,Ja,2014.11.16,,Annan hund,,Annan,Strävhårig tax,2014.11.16,2014.11.16,Nej,0,0,0,0,0,0,0,0,1,0,0,0,0,0,0,0,0,Varg,,,Fältkontroll - LST,Bedömd som säker,2-1765,Bostället Fölsbyn,6586931,330670,6591266,1284884,RT90,Mycket bra,2014.11.16,Nej,,Ja,2017.02.13,,2-1765,Årjäng (S),2-17,Värmlands län (S)
V473863,,2014.11.17,Ja,2014.11.17,,Annan hund,,Annan,Hamiltonstövare,2014.11.17,2014.11.17,Nej,0,0,0,0,0,0,0,0,0,0,1,0,0,0,0,0,0,Varg,,,Fältkontroll - LST,Bedömd som säker,2-1765,Vännacka,6605955,336659,6610228,1291107,RT90,Mycket bra,2014.11.17,Nej,,Ja,2017.02.13,,2-1765,Årjäng (S),2-17,Värmlands län (S)
V473864,,2014.11.19,Ja,2014.11.19,,Annan hund,,Annan,Drever,2014.11.19,2014.11.19,Nej,0,0,0,0,1,0,0,0,0,0,0,0,0,0,0,0,0,Varg,,,Fältkontroll - LST,Bedömd som säker,2-1765,Bråten,6578913,321327,6583357,1275438,RT90,Mycket bra,2014.11.19,Nej,,Ja,2017.02.13,,2-1765,Årjäng (S),2-17,Värmlands län (S)
V473865,,2014.11.21,Ja,2014.11.21,,Annan hund,,Annan,Drever,2014.11.21,2014.11.21,Nej,0,0,0,0,0,0,0,0,1,0,0,0,0,0,0,0,0,Varg,,,Fältkontroll - LST,Bedömd som säker,2-1438,Böle,6539248,327624,6543594,1281259,RT90,Mycket bra,2014.11.21,Nej,,Ja,2017.02.13,,2-1438,Dals-Ed (S),2-14,Västra Götalands län (S)
V473866,,2014.11.21,Ja,2014.11.21,,Annan hund,,Annan,Jämte,2014.11.21,2014.11.21,Nej,0,0,0,0,1,0,0,0,0,0,0,0,0,0,0,0,0,Varg,,,Fältkontroll - LST,Bedömd som säker,2-2121,Getryggen,6774697,538860,6776567,1495458,RT90,Mycket bra,2014.11.21,Nej,,Ja,2017.02.13,,2-2121,Ovanåker (S),2-21,Gävleborgs län (S)
V473867,,2014.11.23,Ja,2014.11.23,,Annan hund,,Annan,Korthårig tax,2014.11.23,2014.11.23,Nej,0,0,0,0,0,0,0,0,1,0,0,0,0,0,0,0,0,Varg,,,Fältkontroll - LST,Bedömd som säker,2-1461,Svartebäck,6503940,362172,6507850,1315400,RT90,Mycket bra,2014.11.23,Nej,,Ja,2017.02.13,,2-1461,Mellerud (S),2-14,Västra Götalands län (S)
V473868,,2014.11.23,Ja,2014.11.24,,Annan hund,,Annan,Norrbottenspets,2014.11.23,2014.11.23,Nej,0,0,0,0,0,0,1,0,0,0,0,0,0,0,0,0,0,Varg,,,Fältkontroll - LST,Bedömd som säker,2-2031,Hattjärn,6770759,525248,6772796,1481794,RT90,Mycket bra,2014.11.24,Nej,,Ja,2017.02.13,,2-2031,Rättvik (S),2-20,Dalarnas län (S)
V473869,,2014.11.29,Ja,2014.11.29,,Annan hund,,Annan,Gråhund,2014.11.29,2014.11.29,Nej,0,0,0,0,0,0,0,0,1,0,0,0,0,0,0,0,0,Varg,,,Fältkontroll - LST,Bedömd som säker,2-2183,Annefors,6792798,561915,6794389,1518744,RT90,Mycket bra,2014.11.29,Nej,,Ja,2017.02.13,,2-2183,Bollnäs (S),2-21,Gävleborgs län (S)
V473870,,2014.12.06,Ja,2014.12.06,,Annan hund,,Annan,Schillerstövare,2014.12.06,2014.12.06,Nej,0,0,0,0,0,0,0,0,1,0,0,0,0,0,0,0,0,Varg,,,Fältkontroll - LST,Bedömd som säker,2-1904,Flybergen,6624770,548474,6626476,1503240,RT90,Mycket bra,2014.12.06,Nej,,Ja,2017.02.13,,2-1904,Skinnskatteberg (S),2-19,Västmanlands län (S)
V473871,,2014.12.13,Ja,2014.12.14,,Annan hund,,Annan,Drever-Schiller,2014.12.13,2014.12.13,Nej,0,0,0,0,0,0,0,0,0,0,1,0,0,0,0,0,0,Varg,,,Fältkontroll - LST,Bedömd som säker,2-1439,Nubberuskullen,6512471,334884,6516715,1288200,RT90,Mycket bra,2014.12.14,Nej,,Ja,2017.02.13,,2-1439,Färgelanda (S),2-14,Västra Götalands län (S)
V473872,,2014.11.29,Ja,2014.11.29,,Annan hund,,Annan,Basset,2014.11.29,2014.11.29,Nej,0,0,0,0,0,0,0,0,0,0,1,0,0,0,0,0,0,Varg,,,Fältkontroll - LST,Bedömd som säker,2-1783,Mellantjärn,6663987,417554,6667303,1372748,RT90,Mycket bra,2014.11.29,Nej,,Ja,2017.02.13,,2-1783,Hagfors (S),2-17,Värmlands län (S)
V473873,,2014.11.30,Ja,2014.11.30,,Annan hund,,Annan,Jämthund/Gråhund,2014.11.30,2014.11.30,Nej,0,0,0,0,0,0,0,0,0,0,1,0,0,0,0,0,0,Varg,,,Fältkontroll - LST,Bedömd som säker,2-1737,Oleby,6666044,393309,6669657,1348517,RT90,Mycket bra,2014.11.30,Nej,,Ja,2017.02.13,,2-1737,Torsby (S),2-17,Värmlands län (S)
V473874,,2014.12.21,Ja,2014.12.22,,Annan hund,,Annan,Schiller stövare,2014.12.21,2014.12.21,Nej,0,0,0,0,0,0,0,0,0,0,1,0,0,0,0,0,0,Varg,,,Fältkontroll - LST,Bedömd som säker,2-1884,Gammelhyttan,6612193,489083,6614617,1443676,RT90,Mycket bra,2014.12.22,Nej,,Ja,2017.02.13,,2-1884,Nora (S),2-18,Örebro län (S)
V473875,,2014.12.27,Ja,2014.12.27,,Annan hund,,Annan,Vit Älghund,2014.12.27,2014.12.27,Nej,0,0,0,0,0,0,0,0,0,0,1,0,0,0,0,0,0,Varg,,,Fältkontroll - LST,Bedömd som säker,2-1460,Ike,6533850,333154,6538126,1286727,RT90,Mycket bra,2014.12.27,Nej,,Ja,2017.02.13,,2-1460,Bengtsfors (S),2-14,Västra Götalands län (S)
V473876,,2014.12.31,Ja,2014.12.31,,Annan hund,,Annan,Beagle,2014.12.31,2014.12.31,Nej,0,0,0,0,0,0,0,0,0,0,1,0,0,0,0,0,0,Varg,,,Fältkontroll - LST,Bedömd som säker,2-1766,Fölsjön_ Östra Ämtervik,6617442,404076,6620901,1358697,RT90,Mycket bra,2014.12.31,Nej,,Ja,2017.02.13,,2-1766,Sunne (S),2-17,Värmlands län (S)
V473877,,2015.01.03,Ja,2015.01.03,,Annan hund,,Annan,Drever,2015.01.03,2015.01.03,Nej,0,0,0,0,0,0,0,0,1,0,0,0,0,0,0,0,0,Varg,,,Fältkontroll - LST,Bedömd som säker,2-1460,Solvik,6554271,346522,6558397,1300349,RT90,Mycket bra,2015.01.03,Nej,,Ja,2017.02.13,,2-1460,Bengtsfors (S),2-14,Västra Götalands län (S)
V473881,,2014.08.16,Ja,2014.08.16,,Annan hund,,Annan,Jämthund,2014.08.16,2014.08.16,Nej,0,0,0,0,1,0,0,0,0,0,0,0,0,0,0,0,0,Varg,,,Fältkontroll - LST,Bedömd som säker,2-2161,Yssjön,6899080,519496,6901230,1477629,RT90,Mycket bra,2014.08.16,Nej,,Ja,2017.02.13,,2-2161,Ljusdal (S),2-21,Gävleborgs län (S)
V473883,,2014.12.11,Ja,2014.12.11,,Annan hund,,Annan,Norrbottenspets,2014.12.11,2014.12.11,Nej,0,0,0,0,0,0,0,0,0,0,1,0,0,0,0,0,0,Varg,,,Fältkontroll - LST,Bedömd som säker,2-2582,Spikberg,7344125,754785,7343389,1718610,RT90,Mycket bra,2014.12.11,Nej,,Ja,2017.02.13,,2-2582,Boden (S),2-25,Norrbottens län (S)
V473884,,2015.01.02,Ja,2015.01.02,,Annan hund,,Annan,Finsk spets,2014.12.28,2015.01.02,Nej,0,0,0,0,1,0,0,0,0,0,0,0,0,0,0,0,0,Varg,,,Fältkontroll - LST,Bedömd som säker,2-2161,Näsvall,6862686,541631,6864549,1499319,RT90,Mycket bra,2015.01.02,Nej,,Ja,2017.02.13,,2-2161,Ljusdal (S),2-21,Gävleborgs län (S)
V473885,,2015.01.25,Ja,2015.01.25,,Annan hund,,Annan,dansk-svensk gårdshund,2015.01.25,2015.01.25,Nej,0,0,0,0,0,0,0,0,1,0,0,0,0,0,0,0,0,Varg,,,Fältkontroll - LST,Bedömd som säker,2-1904,Knappmora,6628270,552080,6629934,1506889,RT90,Mycket bra,2015.01.25,Nej,,Ja,2017.02.13,,2-1904,Skinnskatteberg (S),2-19,Västmanlands län (S)
V473887,,2014.11.12,Ja,2014.11.14,,Annan hund,,Annan,Finnstövare,2014.11.12,2014.11.12,Nej,0,0,0,0,0,0,0,0,0,0,1,0,0,0,0,0,0,Varg,,,Fältkontroll - LST,Bedömd som säker,2-2081,Nybroberget,6695838,525936,6697842,1481562,RT90,Mycket bra,2014.11.14,Nej,,Ja,2017.02.13,,2-2081,Borlänge (S),2-20,Dalarnas län (S)
V473890,,2015.04.06,Ja,2015.04.06,,Annan hund,,Annan,Cairnterrier,2015.04.06,2015.04.06,Nej,0,0,0,0,0,0,0,0,1,0,0,0,0,0,0,0,0,Varg,,,Fältkontroll - LST,Bedömd som säker,2-1730,Hålteberg,6637634,348180,6641784,1303019,RT90,Mycket bra,2015.04.06,Nej,,Ja,2017.02.13,,2-1730,Eda (S),2-17,Värmlands län (S)
V473891,,2015.08.27,Ja,2015.08.27,,Annan hund,,Annan,Luzern stövare,2015.08.27,2015.08.27,Nej,0,0,0,0,0,0,0,0,1,0,0,0,0,0,0,0,0,Varg,,,Fältkontroll - LST,Bedömd som säker,2-2182,Igeltjärn,6818913,593870,6820116,1551030,RT90,Mycket bra,2015.08.27,Nej,,Ja,2017.02.13,,2-2182,Söderhamn (S),2-21,Gävleborgs län (S)
V473894,,2015.11.14,Ja,2015.11.14,,Annan hund,,Annan,Amerika Foxhound,2015.11.14,2015.11.14,Nej,0,0,0,0,1,0,0,0,0,0,0,0,0,0,0,0,0,Varg,,,Fältkontroll - LST,Bedömd som säker,2-2039,Klitten,6797477,452991,6800415,1409840,RT90,Mycket bra,2015.11.14,Nej,,Ja,2017.02.13,,2-2039,Älvdalen (S),2-20,Dalarnas län (S)
V473895,,2015.05.04,Ja,2015.05.04,,Annan hund,,Annan,Jack-Russel,2015.05.04,2015.05.04,Nej,0,0,0,0,0,0,0,0,0,0,1,0,0,0,0,0,0,Varg,,,Fältkontroll - LST,Bedömd som säker,2-1884,Bengtstorp,6593568,496090,6595900,1450459,RT90,Mycket bra,2015.05.04,Nej,,Ja,2017.02.13,,2-1884,Nora (S),2-18,Örebro län (S)
V473896,,2015.06.11,Ja,2015.06.11,,Annan hund,,Annan,Tax,2015.06.06,2015.06.11,Nej,0,0,0,0,0,0,0,0,1,0,0,0,0,0,0,0,0,Varg,,,Fältkontroll - LST,Bedömd som säker,2-1983,Brandsta åker,6604361,554521,6605988,1509041,RT90,Mycket bra,2015.06.11,Nej,,Ja,2017.02.13,,2-1983,Köping (S),2-19,Västmanlands län (S)
V473899,,2015.09.03,Ja,2015.09.03,,Annan hund,,Annan,Luzernstövare,2015.09.03,2015.09.03,Nej,0,0,0,0,0,0,0,0,0,0,1,0,0,0,0,0,0,Varg,,,Fältkontroll - LST,Bedömd som säker,2-1782,Tallåsen,6618318,445872,6621270,1400522,RT90,Mycket bra,2015.09.03,Nej,,Ja,2017.02.13,,2-1782,Filipstad (S),2-17,Värmlands län (S)
V473903,,2015.09.19,Ja,2015.09.19,,Annan hund,,Annan,Gråhund,2015.09.19,2015.09.19,Nej,0,0,0,0,0,0,0,0,1,0,0,0,0,0,0,0,0,Varg,,,Fältkontroll - LST,Bedömd som säker,2-1737,Rattsjön,6693676,383878,6697418,1339420,RT90,Mycket bra,2015.09.19,Nej,,Ja,2017.02.13,,2-1737,Torsby (S),2-17,Värmlands län (S)
V473905,,2015.09.25,Ja,2015.09.25,,Annan hund,,Annan,Blandras beagle/drever,2015.09.25,2015.09.25,Nej,0,0,0,0,0,0,1,0,0,0,0,0,0,0,0,0,0,Varg,,,Fältkontroll - LST,Bedömd som säker,2-1762,Västanå sö Munkfors,6627750,416241,6631066,1370993,RT90,Mycket bra,2015.09.25,Nej,,Ja,2017.02.13,,2-1762,Munkfors (S),2-17,Värmlands län (S)
V473907,,2015.09.30,Ja,2015.09.30,,Annan hund,,Annan,Jack Russel,2015.09.30,2015.09.30,Nej,0,0,0,0,1,0,0,0,0,0,0,0,0,0,0,0,0,Varg,,,Fältkontroll - LST,Bedömd som säker,2-2181,Järbo,6731603,588110,6732855,1544192,RT90,Mycket bra,2015.09.30,Nej,,Ja,2017.02.13,,2-2181,Sandviken (S),2-21,Gävleborgs län (S)
V473908,,2015.10.12,Ja,2015.10.12,,Annan hund,,Annan,Jämthund,2015.10.12,2015.10.12,Nej,0,0,0,0,0,0,0,0,0,0,1,0,0,0,0,0,0,Varg,,,Fältkontroll - LST,Bedömd som säker,2-1766,Ransjötorp öst Sunne,6634793,406655,6638229,1361489,RT90,Mycket bra,2015.10.12,Nej,,Ja,2017.02.13,,2-1766,Sunne (S),2-17,Värmlands län (S)
V473910,,2015.11.15,Ja,2015.11.15,,Annan hund,,Annan,Jämthund,2015.11.15,2015.11.15,Nej,0,0,0,0,1,0,0,0,0,0,0,0,0,0,0,0,0,Varg,,,Fältkontroll - LST,Bedömd som säker,2-2121,Lillmasen,6771178,552125,6772884,1508684,RT90,Mycket bra,2015.11.15,Nej,,Ja,2017.02.13,,2-2121,Ovanåker (S),2-21,Gävleborgs län (S)
V473912,,2015.10.19,Ja,2015.10.19,,Annan hund,,Annan,Hamilton stövare,2015.10.19,2015.10.19,Nej,0,0,0,0,0,0,0,0,1,0,0,0,0,0,0,0,0,Varg,,,Fältkontroll - LST,Bedömd som säker,2-2580,Toberget,7318644,834922,7316874,1798425,RT90,Mycket bra,2015.10.19,Nej,,Ja,2017.02.13,,2-2580,Luleå (S),2-25,Norrbottens län (S)
V473913,,2015.10.16,Ja,2015.10.16,,Annan hund,,Annan,Karelsk björnhund,2015.10.16,2015.10.16,Nej,0,0,0,0,0,0,0,0,1,0,0,0,0,0,0,0,0,Varg,,,Fältkontroll - LST,Bedömd som säker,2-1730,Tunnan,6649436,358904,6653461,1313893,RT90,Mycket bra,2015.10.16,Nej,,Ja,2017.02.13,,2-1730,Eda (S),2-17,Värmlands län (S)
V473918,,2015.10.31,Ja,2015.11.02,,Annan hund,,Annan,Hamiltonstövare,2015.10.31,2015.10.31,Nej,0,0,0,0,0,0,0,0,1,0,0,0,0,0,0,0,0,Varg,,,Fältkontroll - LST,Bedömd som säker,2-1765,Korpeberget,6578151,339733,6582372,1293845,RT90,Mycket bra,2015.11.02,Nej,,Ja,2017.02.13,,2-1765,Årjäng (S),2-17,Värmlands län (S)
V473919,,2015.11.01,Ja,2015.11.02,,Annan hund,,Annan,Jämthund,2015.11.01,2015.11.01,Nej,0,0,0,0,0,0,0,0,0,0,1,0,0,0,0,0,0,Varg,,,Fältkontroll - LST,Bedömd som säker,2-2303,N.Leddalsberget,7004196,573534,7005702,1532999,RT90,Mycket bra,2015.11.02,Nej,,Ja,2017.02.13,,2-2303,Ragunda (S),2-23,Jämtlands län (S)
V473920,,2015.10.28,Ja,2015.11.03,,Annan hund,,Annan,Jämthund,2015.10.28,2015.10.28,Nej,0,0,0,0,0,0,0,0,0,0,1,0,0,0,0,0,0,Varg,,,Fältkontroll - LST,Bedömd som säker,2-2181,Kvarnmossen_ Österfärnebo,6687521,590225,6688736,1545768,RT90,Mycket bra,2015.11.03,Nej,,Ja,2017.02.13,,2-2181,Sandviken (S),2-21,Gävleborgs län (S)
V473923,,2015.11.26,Ja,2015.11.26,,Annan hund,,Annan,Hamilton stövare,2015.11.25,2015.11.26,Nej,1,0,0,0,0,0,0,0,0,0,0,0,0,0,0,0,0,Varg,,,Fältkontroll - LST,Bedömd som säker,2-2023,Öjskogsfjället,6791301,397741,6794918,1354490,RT90,Mycket bra,2015.11.26,Nej,,Ja,2017.02.13,,2-2023,Malung (S),2-20,Dalarnas län (S)
V473924,,2015.11.29,Ja,2015.11.29,,Annan hund,,Annan,Tysk Jakttrerrier,2015.11.29,2015.11.29,Nej,0,0,0,0,0,0,1,0,0,0,0,0,0,0,0,0,0,Varg,,,Fältkontroll - LST,Bedömd som säker,2-1737,Likenäsheden,6722456,392918,6726101,1348817,RT90,Mycket bra,2015.11.29,Nej,,Ja,2017.02.13,,2-1737,Torsby (S),2-17,Värmlands län (S)
V473925,,2015.11.30,Ja,2015.11.30,,Annan hund,,Annan,Tax,2015.11.30,2015.11.30,Nej,0,0,0,0,0,0,1,0,0,0,0,0,0,0,0,0,0,Varg,,,Fältkontroll - LST,Bedömd som säker,2-2085,Nyhammar,6678906,495711,6681274,1451119,RT90,Mycket bra,2015.11.30,Nej,,Ja,2017.02.13,,2-2085,Ludvika (S),2-20,Dalarnas län (S)
V473926,,2015.10.12,Ja,2015.10.12,,Annan hund,,Annan,Tysk Jaktterrier,2015.10.12,2015.10.12,Nej,0,0,0,0,0,0,0,0,1,0,0,0,0,0,0,0,0,Varg,,,Fältkontroll - LST,Bedömd som säker,2-1814,Hasselfors,6552151,479138,6554673,1433000,RT90,Mycket bra,2015.10.12,Nej,,Ja,2017.02.13,,2-1814,Lekeberg (S),2-18,Örebro län (S)
V473927,,2015.09.10,Ja,2015.09.10,,Annan hund,,Annan,Hamiltonstövare,2015.09.10,2015.09.10,Nej,0,0,0,0,0,0,0,0,1,0,0,0,0,0,0,0,0,Varg,,,Fältkontroll - LST,Bedömd som säker,2-2303,Högförsen,7006033,565083,7007645,1524568,RT90,Mycket bra,2015.09.10,Nej,,Ja,2017.02.13,,2-2303,Ragunda (S),2-23,Jämtlands län (S)
V473928,,2015.12.05,Ja,2015.12.05,,Annan hund,,Annan,jämthund,2015.12.05,2015.12.05,Nej,0,0,0,0,1,0,0,0,0,0,0,0,0,0,0,0,0,Varg,,,Fältkontroll - LST,Bedömd som säker,2-2080,Rösjön,6720233,560540,6721820,1516475,RT90,Mycket bra,2015.12.05,Nej,,Ja,2017.02.13,,2-2080,Falun (S),2-20,Dalarnas län (S)
V473929,,2015.12.12,Ja,2015.12.12,,Annan hund,,Annan,Tysk Jaktterrier,2015.12.12,2015.12.12,Nej,0,0,0,0,1,0,0,0,0,0,0,0,0,0,0,0,0,Varg,,,Fältkontroll - LST,Bedömd som säker,2-2180,Lexemuren_ Hagaström,6728656,612303,6729610,1568355,RT90,Mycket bra,2015.12.12,Nej,,Ja,2017.02.13,,2-2180,Gävle (S),2-21,Gävleborgs län (S)
V473930,,2015.12.16,Ja,2015.12.16,,Annan hund,,Annan,Drever,2015.12.16,2015.12.16,Nej,0,0,0,0,0,0,0,0,1,0,0,0,0,0,0,0,0,Varg,,,Fältkontroll - LST,Bedömd som säker,2-2183,Rickebo/Drängbergsbo,6781251,569526,6782745,1526214,RT90,Mycket bra,2015.12.16,Nej,,Ja,2017.02.13,,2-2183,Bollnäs (S),2-21,Gävleborgs län (S)
V473931,,2015.12.19,Ja,2015.12.19,,Annan hund,,Annan,Drever,2015.12.19,2015.12.19,Nej,0,0,0,0,0,0,0,0,1,0,0,0,0,0,0,0,0,Varg,,,Fältkontroll - LST,Bedömd som säker,2-2121,Sörberget/Älvkarhed,6795684,551879,6797400,1508740,RT90,Mycket bra,2015.12.19,Nej,,Ja,2017.02.13,,2-2121,Ovanåker (S),2-21,Gävleborgs län (S)
V473935,,2015.09.29,Ja,2015.10.06,,Annan hund,,Annan,Jämthund/Strövare,2015.09.29,2015.09.29,Nej,0,0,0,0,0,0,1,0,0,0,0,0,0,0,0,0,0,Varg,,,Fältkontroll - LST,Bedömd som säker,2-2161,Akinvallen,6878190,536755,6880119,1494634,RT90,Mycket bra,2015.10.06,Nej,,Ja,2017.02.13,,2-2161,Ljusdal (S),2-21,Gävleborgs län (S)
V473936,,2015.11.01,Ja,2015.11.02,,Annan hund,,Annan,Basset fauve de Bretagne,2015.11.01,2015.11.01,Nej,0,0,0,0,1,0,0,0,0,0,0,0,0,0,0,0,0,Varg,,,Fältkontroll - LST,Bedömd som säker,2-2181,Järbo,6733301,585868,6734581,1541971,RT90,Mycket bra,2015.11.02,Nej,,Ja,2017.02.13,,2-2181,Sandviken (S),2-21,Gävleborgs län (S)
V474080,,2017.02.17,Ja,,,Ren,,,,2017.02.01,2017.02.07,Ja,1,0,0,0,0,0,0,0,0,0,0,0,0,0,0,0,0,Varg,,,Fältkontroll - LST,Dokumenterad,2-2262,N:a Laxsjön,6966665,611077,6967690,1570080,RT90,Exakt,2017.02.20,Ja,,Nej,,2022.04.04,2-2262,Timrå (S),2-22,Västernorrlands län (S)
V474098,,2017.02.22,Ja,2017.02.22,,Jakthund,,Annan,Jämthund,2017.02.22,2017.02.22,Nej,0,0,0,0,0,0,0,0,1,0,0,0,0,0,0,0,0,Varg,,,Fältkontroll - LST,Bedömd som säker,2-2183,Älgmyran ,6784171,571031,6785647,1527756,RT90,Exakt,2017.02.22,Nej,,Nej,,2017.02.22,2-2183,Bollnäs (S),2-21,Gävleborgs län (S)
V474478,,2017.03.21,Ja,2017.03.24,,Annan hund,,Annan,Engelsk Setter,2017.03.21,2017.03.21,Nej,0,0,0,0,0,0,1,0,0,0,0,0,0,0,0,0,0,Varg,,,Fältkontroll - LST,Dokumenterad,2-2181,Nybrogårdarna norr om Småfäbodarna,6738379,584518,6739677,1540683,SWEREF99 TM,Mycket bra,2017.03.28,Nej,,Nej,,2017.03.28,2-2181,Sandviken (S),2-21,Gävleborgs län (S)
V474585,,2017.04.05,Ja,2017.04.07,,Annan hund,,Annan,Blandsras,2017.04.05,2017.04.05,Nej,0,0,0,0,0,0,0,0,0,0,1,0,0,0,0,0,0,Varg,,,Fältkontroll - LST,Bedömd som säker,2-1737,Månsgården Ennarbol,6686246,410274,6689661,1365737,RT90,Exakt,2017.04.07,Nej,,Nej,,2022.04.04,2-1737,Torsby (S),2-17,Värmlands län (S)
V474646,,2017.04.13,Ja,2017.04.13,,Får,,,,2017.04.12,2017.04.13,Nej,0,0,0,0,0,0,0,0,1,0,0,0,0,0,0,0,0,Varg,,Bete innanför stängsel,Fältkontroll - LST,Bedömd som säker,2-1781,Kolerud sö Bäckhammar.,6550247,457060,6553035,1410890,SWEREF99 TM,Mycket bra,2017.04.14,Nej,,Nej,,2017.04.18,2-1781,Kristinehamn (S),2-17,Värmlands län (S)
V474653,,2017.04.15,Ja,2017.04.15,,Får,,,,2017.04.15,2017.04.15,Nej,0,0,0,0,0,0,0,0,0,0,1,0,0,0,0,0,0,Varg,,Bete innanför stängsel,Fältkontroll - LST,Bedömd som säker,2-1766,"4 km söder om Lysvik, Strandvik.",6649580,396500,6653147,1351509,SWEREF99 TM,Mycket bra,2017.04.16,Nej,,Nej,,2017.04.18,2-1766,Sunne (S),2-17,Värmlands län (S)
V474666,,2017.04.16,Ja,2017.04.17,,Får,,,,2017.04.16,2017.04.16,Nej,0,0,0,1,0,0,0,0,0,0,0,0,0,0,0,0,0,Varg,,Bete innanför stängsel,Fältkontroll - LST,Bedömd som säker,2-1766,Gällserud,6656490,397020,6660054,1352114,SWEREF99 TM,Mycket bra,2017.04.18,Nej,,Nej,,2017.04.18,2-1766,Sunne (S),2-17,Värmlands län (S)
V475054,,2017.05.08,Ja,2017.05.08,,Får,,Annan,Gutefår,2017.05.08,2017.05.08,Nej,0,0,0,0,1,0,0,0,2,0,0,0,0,0,0,0,0,Varg,,Bete innanför stängsel,Fältkontroll - LST,Dokumenterad,2-1730,Lilla Hög Backa,6638290,352402,6642389,1307252,RT90,Exakt,2017.05.09,Nej,,Nej,,2017.06.11,2-1730,Eda (S),2-17,Värmlands län (S)
V475113,,2017.05.11,Ja,2017.05.12,,Får,,Annan,Blandras,2017.05.11,2017.05.11,Nej,0,1,0,0,0,0,0,0,0,0,0,0,0,0,0,0,0,Varg,,Bete innanför stängsel,Fältkontroll - LST,Dokumenterad,2-0488,Hunga Södergård 2,6534038,645259,6534550,1598950,RT90,Exakt,2017.05.12,Nej,,Nej,,2017.05.15,2-0488,Trosa (S),2-04,Södermanlands län (S)
V475289,,2017.05.20,Ja,2017.05.21,,Får,,,,2017.05.19,2017.05.20,Ja,1,1,1,3,0,0,0,0,4,2,0,2,0,0,0,0,0,Varg,,Bete innanför stängsel,Fältkontroll - LST,Bedömd som säker,2-1784,Bortan Nystuga,6646153,361045,6650150,1315995,RT90,Mycket bra,2017.05.22,Nej,,Nej,,2017.05.31,2-1784,Arvika (S),2-17,Värmlands län (S)
V475823,,2017.06.06,Ja,2017.06.07,,Annan hund,,Annan,Dvärgpudel,2017.06.06,2017.06.06,Nej,0,0,0,0,0,0,0,0,0,0,0,1,0,0,0,0,0,Varg,,,Fältkontroll - LST,Bedömd som säker,2-1983,Odenvvivägen 36,6607518,548362,6609220,1502918,WGS84-UTM Zon 33,Mindre bra,2017.06.07,Nej,,Nej,,2017.09.15,2-1983,Köping (S),2-19,Västmanlands län (S)
V475884,,2017.06.06,Ja,2017.06.06,,Får,,Annan,Gute,2017.06.05,2017.06.06,Nej,1,0,0,0,0,0,0,0,1,0,0,0,0,0,0,0,0,Varg,,Bete innanför stängsel,Fältkontroll - LST,Dokumenterad,2-0181,Kvedesta gård,6559042,649494,6559507,1603488,RT90,Mycket bra,2017.06.09,Nej,,Nej,,2017.06.09,2-0181,Södertälje (S),2-01,Stockholms län (S)
V476040,,2017.06.15,Ja,2017.06.15,,Får,,Köttraskorsningar,,2017.06.14,2017.06.15,Nej,8,5,5,0,4,2,0,0,1,0,0,0,0,0,0,0,0,Varg,,Bete innanför stängsel,Fältkontroll - LST,Dokumenterad,2-2084,Knallesbenning 48,6671037,559418,6672624,1514751,SWEREF99 TM,Exakt,2017.06.15,Nej,,Nej,,2017.06.15,2-2084,Avesta (S),2-20,Dalarnas län (S)
V476087,,2017.06.17,Ja,2017.06.17,,Får,,Köttraskorsningar,,2017.06.16,2017.06.17,Nej,1,0,0,0,0,0,0,0,0,0,0,0,0,0,0,0,0,Varg,,Bete innanför stängsel,Fältkontroll - LST,Bedömd som säker,2-0331,Åby,6667991,610467,6668954,1565776,RT90,Exakt,2017.06.17,Nej,,Nej,,2017.06.19,2-0331,Heby (S),2-03,Uppsala län (S)
V476183,,2017.06.17,Ja,2017.06.17,,Får,,Finullsfår,,2017.06.16,2017.06.17,Nej,0,0,0,0,0,0,0,0,3,1,2,0,0,0,0,0,0,Varg,,Bete innanför stängsel,Fältkontroll - LST,Dokumenterad,2-2181,"Storvik, Norrgårds, Bro",6719494,582074,6720817,1538006,SWEREF99 TM,Mycket bra,2017.06.21,Nej,,Nej,,2017.06.21,2-2181,Sandviken (S),2-21,Gävleborgs län (S)
V476261,,2017.06.24,Ja,2017.06.24,,Får,,Köttraskorsningar,,2017.06.18,2017.06.21,Nej,3,0,0,0,0,0,0,0,3,0,0,0,0,0,0,0,0,Varg,,Bete innanför stängsel,Fältkontroll - LST,Dokumenterad,2-1382,,6348709,372261,6352419,1323640,RT90,Mycket bra,2017.06.24,Nej,,Nej,,2017.07.17,2-1382,Falkenberg (S),2-13,Hallands län (S)
V476309,,2017.06.23,Ja,2017.06.23,,Ren,,,,2017.06.22,2017.06.23,Nej,0,0,0,0,0,0,0,0,1,0,0,0,0,0,0,0,0,Varg,,,Fältkontroll - Sameby,Bedömd som säker,2-2326,Stensjön,6990567,427717,6993899,1386960,WGS84-UTM Zon 33,Mindre bra,2017.06.26,Ja,,Nej,,2017.06.26,2-2326,Berg (S),2-23,Jämtlands län (S)
V476947,,2017.07.13,Ja,2017.07.15,,Får,,,,2017.07.12,2017.07.13,Nej,1,0,0,0,0,0,0,0,0,0,0,0,0,0,0,0,0,Varg,,Bete innanför stängsel,Fältkontroll - LST,Bedömd som säker,2-1465,Mårdaklev,6347264,379271,6350890,1330637,RT90,Mycket bra,2017.07.15,Nej,,Nej,,2017.07.15,2-1465,Svenljunga (S),2-14,Västra Götalands län (S)
V477192,,2017.07.21,Ja,2017.07.21,,Annan hund,,Annan,Kleiner Munsterlander,2017.07.21,2017.07.21,Nej,0,0,0,0,0,0,0,0,0,0,1,0,0,0,0,0,0,Varg,,,Fältkontroll - LST,Bedömd som säker,2-2061,Västra Göberget Smedjebacken,6662275,518703,6664356,1473916,SWEREF99 TM,Exakt,2017.07.24,Nej,,Nej,,2017.07.24,2-2061,Smedjebacken (S),2-20,Dalarnas län (S)
V477360,,2017.07.29,Ja,2017.07.29,,Får,,Rya,,2017.07.29,2017.07.29,Nej,0,0,0,9,1,0,0,2,3,0,0,3,0,0,0,0,0,Varg,,Bete utan stängsel,Fältkontroll - LST,Dokumenterad,2-2034,V Gruneberg,6772509,490381,6774976,1446936,RT90,Mycket bra,2017.07.30,Nej,,Nej,,2017.07.31,2-2034,Orsa (S),2-20,Dalarnas län (S)
V477499,,2017.08.01,Ja,2017.08.01,,Får,,,,2017.08.01,2017.08.01,Nej,0,0,0,0,0,0,0,0,2,4,0,0,0,0,0,0,0,Varg,,Bete innanför stängsel,Fältkontroll - LST,Dokumenterad,2-2062,Risa i Mora ,6767816,481390,6770392,1437884,RT90,Mycket bra,2017.08.02,Nej,,Nej,,2017.08.03,2-2062,Mora (S),2-20,Dalarnas län (S)
V477528,,2017.08.02,Ja,2017.08.03,,Får,,Köttraskorsningar,,2017.08.01,2017.08.02,Nej,2,0,0,1,0,0,0,0,0,0,0,1,0,0,0,0,0,Varg,,Bete utan stängsel,Fältkontroll - LST,Dokumenterad,2-1438,Nössemark,6555521,315989,6560017,1269814,RT90,Mycket bra,2017.08.03,Nej,,Nej,,2017.08.03,2-1438,Dals-Ed (S),2-14,Västra Götalands län (S)
V477856,,2017.08.15,Ja,2017.08.15,,Får,,Annan,Värmlandsfår,2017.08.13,2017.08.15,Nej,0,0,0,0,0,0,0,0,5,0,0,3,0,0,0,0,0,Varg,,Bete innanför stängsel,Fältkontroll - LST,Dokumenterad,2-0765,"Amundshylte, Häradsbäck",6263312,473795,6265785,1424213,RT90,Exakt,2017.08.16,Nej,,Nej,,2017.09.05,2-0765,Älmhult (S),2-07,Kronobergs län (S)
V477909,,2017.08.12,Ja,2017.08.16,,Annat djur,Vargdödat rådjur,,,2017.08.12,2017.08.12,Nej,0,0,0,0,1,0,0,0,0,0,0,0,0,0,0,0,0,Varg,,Bete utan stängsel,Fältkontroll - LST,Dokumenterad,2-2262,Sanna,6944760,621870,6945645,1580602,SWEREF99 TM,Exakt,2017.08.17,Nej,,Nej,,2017.08.17,2-2262,Timrå (S),2-22,Västernorrlands län (S)
V477923,,2017.08.15,Ja,2017.08.16,,Får,,Köttraskorsningar,,2017.08.11,2017.08.14,Nej,0,0,0,0,0,0,0,0,5,0,0,0,0,0,0,0,0,Varg,,Bete innanför stängsel,Fältkontroll - LST,Bedömd som säker,2-0360,kvarnbo Hållnäs,6711406,661265,6711756,1617116,SWEREF99 TM,Mycket bra,2017.08.17,Nej,,Nej,,2017.08.17,2-0360,Tierp (S),2-03,Uppsala län (S)
V477963,,2017.08.15,Ja,2017.08.16,,Får,,Annan,Blandras,2017.08.12,2017.08.15,Nej,2,0,0,0,0,0,0,0,2,0,0,0,0,0,0,0,0,Varg,,Bete utan stängsel,Fältkontroll - LST,Bedömd som säker,2-2031,Gisslarandershuset / Gulleråsen,6769966,508116,6772213,1464646,RT90,Mycket bra,2017.08.18,Nej,,Nej,,2017.08.18,2-2031,Rättvik (S),2-20,Dalarnas län (S)
V478048,,2017.08.20,Ja,2017.08.20,,Får,,Spel,,2017.08.18,2017.08.19,Ja,0,0,0,0,0,0,0,0,1,0,0,0,0,0,0,0,0,Varg,,Bete innanför stängsel,Fältkontroll - LST,Bedömd som säker,2-1766,Bössviken,6616035,403297,6619503,1357901,RT90,Mycket bra,2017.08.20,Nej,,Nej,,2017.08.21,2-1766,Sunne (S),2-17,Värmlands län (S)
V478054,,2017.08.18,Ja,2017.08.18,,Får,,Texel,,2017.08.15,2017.08.17,Nej,3,0,0,0,0,0,0,0,1,0,0,0,0,0,0,0,0,Varg,,Bete innanför stängsel,Fältkontroll - LST,Dokumenterad,2-0580,Högsätter,6489888,530706,6491767,1483836,SWEREF99 TM,Mindre bra,2017.08.20,Nej,,Nej,,2017.10.13,2-0580,Linköping (S),2-05,Östergötlands län (S)
V478077,,2017.08.21,Ja,2017.08.21,,Annan hund,,Annan,Tysk jaktterrier,2017.08.20,2017.08.21,Nej,0,0,0,0,0,0,0,0,1,0,0,0,0,0,0,0,0,Varg,,,Fältkontroll - LST,Bedömd som säker,2-1984,,6589327,541681,6591105,1496014,WGS84-UTM Zon 33,Mindre bra,2017.08.21,Nej,,Nej,,2017.08.30,2-1984,Arboga (S),2-19,Västmanlands län (S)
V478219,,2017.08.22,Ja,2017.08.22,,Får,,Annan,Blandras,2017.08.21,2017.08.22,Nej,1,0,0,0,0,0,0,0,2,0,0,0,0,0,0,0,0,Varg,,Bete utan stängsel,Fältkontroll - LST,Bedömd som säker,2-2031,Gisslarandershuset fäbod / Gulleråsen,6769901,508091,6772149,1464620,RT90,Mycket bra,2017.08.24,Nej,,Nej,,2017.08.24,2-2031,Rättvik (S),2-20,Dalarnas län (S)
V478306,,2017.08.26,Ja,2017.08.26,,Nöt,,,,2017.08.24,2017.08.26,Nej,0,0,0,0,0,0,0,0,1,0,0,0,0,0,0,0,0,Varg,,Bete utan stängsel,Fältkontroll - LST,Bedömd som säker,2-2085,Hoberg,6678207,480317,6680762,1435711,RT90,Exakt,2017.08.27,Nej,,Nej,,2017.08.27,2-2085,Ludvika (S),2-20,Dalarnas län (S)
V478332,,2017.08.26,Ja,2017.08.26,,Får,,Köttraskorsningar,,2017.08.25,2017.08.26,Nej,1,0,0,0,0,0,0,0,0,0,0,0,0,0,0,0,0,Varg,,Bete innanför stängsel,Fältkontroll - LST,Bedömd som säker,2-1730,Häljeboda,6648566,356332,6652622,1311309,RT90,Exakt,2017.08.26,Nej,,Nej,,2017.08.28,2-1730,Eda (S),2-17,Värmlands län (S)
V478341,,2017.08.25,Ja,2017.08.25,,Annat djur,Vargriven älgkalv,,,2017.08.24,2017.08.24,Nej,1,0,0,0,0,0,0,0,0,0,0,0,0,0,0,0,0,Varg,,Bete utan stängsel,Fältkontroll - LST,Dokumenterad,2-2282,Habborskullarna,6974249,625180,6975099,1584282,SWEREF99 TM,Exakt,2017.08.28,Nej,,Nej,,2017.08.28,2-2282,Kramfors (S),2-22,Västernorrlands län (S)
V478344,,2017.08.25,Ja,2017.08.26,,Får,,Annan,Suffolk,2017.08.24,2017.08.25,Nej,0,1,0,0,0,0,0,0,0,0,0,0,0,0,0,0,0,Varg,,Bete innanför stängsel,Fältkontroll - LST,Bedömd som säker,2-1463,Åsen Örby,6367859,363905,6371678,1315507,SWEREF99 TM,Exakt,2017.08.28,Nej,,Nej,,2017.09.11,2-1463,Mark (S),2-14,Västra Götalands län (S)
V478770,,2017.09.11,Ja,2017.09.12,,Får,,Finullsfår,,2017.09.11,2017.09.11,Nej,1,0,0,0,0,0,0,0,0,0,0,0,0,0,0,0,0,Varg,,Bete innanför stängsel,Fältkontroll - LST,Bedömd som säker,2-1730,Ingelsrud,6648528,356349,6652584,1311325,RT90,Mycket bra,2017.09.12,Nej,,Nej,,2017.09.13,2-1730,Eda (S),2-17,Värmlands län (S)
V478796,,2017.09.13,Ja,2017.09.13,,Annan hund,,Annan,Tysk spets,2017.09.13,2017.09.13,Nej,0,0,0,0,0,0,0,0,1,0,0,0,0,0,0,0,0,Varg,,,Fältkontroll - LST,Bedömd som säker,2-0188,Punskogshöjden,6615156,697359,6615050,1652041,RT90,Exakt,2017.09.14,Nej,,Nej,,2017.09.14,2-0188,Norrtälje (S),2-01,Stockholms län (S)
V478834,,2017.08.28,Ja,2017.09.01,,Annan hund,,Annan,Labrador,2017.08.28,2017.08.28,Nej,0,0,0,0,0,0,0,0,0,0,1,0,0,0,0,0,0,Varg,,,Fältkontroll - LST,Bedömd som säker,2-1983,Kulinge,6606333,551379,6607998,1505922,WGS84-UTM Zon 33,Exakt,2017.09.15,Nej,,Nej,,2017.09.15,2-1983,Köping (S),2-19,Västmanlands län (S)
V478845,,2017.09.12,Ja,2017.09.12,,Får,,Köttraskorsningar,,2017.09.11,2017.09.12,Nej,1,0,0,1,0,0,0,0,1,0,0,0,0,0,0,0,0,Varg,,Bete innanför stängsel,Fältkontroll - LST,Dokumenterad,2-1882,Lilla Berghult ,6525928,481365,6528413,1434911,RT90,Mycket bra,2017.09.15,Nej,,Nej,,2017.09.15,2-1882,Askersund (S),2-18,Örebro län (S)
V478948,,2017.05.17,Ja,2017.05.18,,Annan hund,,Annan,Tjeckisk Schäfer,2017.05.17,2017.05.17,Nej,0,0,0,0,0,0,0,0,0,0,1,0,0,0,0,0,0,Varg,,,Fältkontroll - LST,Bedömd som säker,2-2061,Göberget Smedjebacken,6662068,519394,6664140,1474605,RT90,Mycket bra,2017.09.20,Nej,,Nej,,2017.09.20,2-2061,Smedjebacken (S),2-20,Dalarnas län (S)
V479222,,2017.09.20,Ja,2017.09.20,,Annan hund,,Annan,Amerikans Cockerspaniel,2017.09.20,2017.09.20,Nej,0,0,0,0,0,0,0,0,1,0,0,0,0,0,0,0,0,Varg,,,Fältkontroll - LST,Dokumenterad,2-0115,Kårsta,6616973,684375,6617025,1639077,RT90,Exakt,2017.10.03,Nej,,Nej,,2017.10.03,2-0115,Vallentuna (S),2-01,Stockholms län (S)
V479230,,2017.10.03,Ja,2017.10.03,,Får,,,,2017.10.02,2017.10.03,Nej,1,0,0,0,0,0,0,0,0,0,0,0,0,0,0,0,0,Varg,,Bete innanför stängsel,Fältkontroll - LST,Bedömd som säker,2-1885,Morskoga Laggars,6619034,519880,6621086,1474567,RT90,Mindre bra,2017.10.04,Nej,,Nej,,2017.10.04,2-1885,Lindesberg (S),2-18,Örebro län (S)
V479234,,2017.09.30,Ja,2017.10.04,,Annan hund,,Annan,Jack Russel chihuahua,2017.09.30,2017.09.30,Nej,0,0,0,0,0,0,0,0,1,0,0,0,0,0,0,0,0,Varg,,,Fältkontroll - LST,Dokumenterad,2-0380,Lena Ängeby,6651926,653332,6652362,1608454,SWEREF99 TM,Exakt,2017.10.04,Nej,,Nej,,2017.10.04,2-0380,Uppsala (S),2-03,Uppsala län (S)
V479301,,2017.10.09,Ja,2017.10.09,,Jakthund,,Annan,Jämthund,2017.10.09,2017.10.09,Nej,0,0,0,0,0,0,0,0,0,0,1,0,0,0,0,0,0,Varg,,,Fältkontroll - LST,Bedömd som säker,2-2026,Bastberget söder om Mockfjärd,6693750,496116,6696118,1451706,RT90,Exakt,2017.10.09,Nej,,Nej,,2017.10.09,2-2026,Gagnef (S),2-20,Dalarnas län (S)
V479311,,2017.10.10,Ja,2017.10.10,,Jakthund,,Annan,Jämthund,2017.10.10,2017.10.10,Nej,0,0,0,0,0,0,1,0,0,0,0,0,0,0,0,0,0,Varg,,,Fältkontroll - LST,Bedömd som säker,2-1737,Mosinaho,6724514,368572,6728459,1324484,WGS84-UTM Zon 33,Mindre bra,2017.10.10,Nej,,Nej,,2022.04.04,2-1737,Torsby (S),2-17,Värmlands län (S)
V479337,,2017.10.11,Ja,2017.10.11,,Får,,,,2017.10.10,2017.10.11,Nej,2,0,0,0,0,0,0,0,3,4,0,0,0,0,0,0,0,Varg,,Bete innanför stängsel,Fältkontroll - LST,Dokumenterad,2-0583,Örbäck,6487318,517844,6489350,1470939,RT90,Mindre bra,2017.10.12,Nej,,Nej,,2017.10.13,2-0583,Motala (S),2-05,Östergötlands län (S)
V479377,,2017.10.15,Ja,2017.10.15,,Jakthund,,Annan,Gråhund,2017.10.15,2017.10.15,Nej,0,0,0,0,0,0,0,0,0,0,1,0,0,0,0,0,0,Varg,,,Fältkontroll - LST,Dokumenterad,2-1766,Humsjön,6633142,381604,6636882,1336406,RT90,Mycket bra,2017.10.16,Nej,,Nej,,2017.10.16,2-1766,Sunne (S),2-17,Värmlands län (S)
V479579,,2017.08.17,Ja,2017.08.17,,Annan hund,,Annan,Cavalier king charles spaniel,2017.08.17,2017.08.17,Nej,0,0,0,0,0,0,0,0,1,0,0,0,0,0,0,0,0,Varg,,,Fältkontroll - LST,Dokumenterad,2-0115,Ekskogen,6613021,690680,6612996,1645335,RT90,Exakt,2017.08.17,Nej,,Nej,,2017.10.26,2-0115,Vallentuna (S),2-01,Stockholms län (S)
V479580,,2017.10.03,Ja,2017.10.03,,Annan hund,,Annan,Tibetansk Spaniel,2017.10.03,2017.10.03,Nej,0,0,0,0,0,0,0,0,1,0,0,0,0,0,0,0,0,Varg,,,Fältkontroll - LST,Dokumenterad,2-0117,,6606237,691231,6606204,1645803,RT90,Mycket bra,2017.10.25,Nej,,Nej,,2017.10.25,2-0117,Österåker (S),2-01,Stockholms län (S)
V479618,UI406140 G169-16 V645 +,2017.09.10,Ja,2017.09.10,,Får,,,,2017.09.09,2017.09.10,Nej,0,1,0,0,0,0,0,0,1,4,0,0,0,0,0,0,0,Varg,,Bete innanför stängsel,Fältkontroll - LST,Dokumenterad,2-0115,Lilla Benhamra,6612698,681903,6612780,1636553,RT90,Exakt,2017.10.26,Nej,,Nej,,2017.10.26,2-0115,Vallentuna (S),2-01,Stockholms län (S)
V479620,,2017.09.26,Ja,2017.09.27,,Får,,,,2017.09.26,2017.09.26,Nej,1,0,0,0,1,0,0,0,0,0,0,0,0,0,0,0,0,Varg,,Bete innanför stängsel,Fältkontroll - LST,Dokumenterad,2-0136,Beteby gård,6557030,681898,6557103,1635873,RT90,Exakt,2017.10.26,Nej,,Nej,,2017.10.26,2-0136,Haninge (S),2-01,Stockholms län (S)
V479660,,2017.10.28,Ja,2017.10.28,,Får,,Annan,Shropchire (ovis aries),2017.10.27,2017.10.28,Nej,1,0,0,0,2,0,0,0,0,0,0,0,0,0,0,0,0,Varg,,Bete innanför stängsel,Fältkontroll - LST,Dokumenterad,2-0483,Högtorp Julita,6560933,567887,6562385,1521884,RT90,Exakt,2017.10.28,Nej,,Nej,,2018.04.06,2-0483,Katrineholm (S),2-04,Södermanlands län (S)
V479663,,2017.10.27,Ja,2017.10.27,,Jakthund,,Annan,Jämthund,2017.10.27,2017.10.27,Nej,0,0,0,0,0,0,0,0,1,0,0,0,0,0,0,0,0,Varg,,,Fältkontroll - LST,Bedömd som säker,2-1784,Salungen,6636220,375541,6640036,1330377,RT90,Exakt,2017.10.27,Nej,,Nej,,2017.10.31,2-1784,Arvika (S),2-17,Värmlands län (S)
V479724,,2017.10.29,Ja,2017.10.30,,Jakthund,,Annan,Jämte ID 977200007264248,2017.10.29,2017.10.29,Nej,0,0,0,0,0,0,0,0,0,0,1,0,0,0,0,0,0,Varg,,,Fältkontroll - LST,Bedömd som säker,2-1492,Kristinedal,6542722,356578,6546720,1310270,RT90,Mindre bra,2017.10.31,Nej,,Nej,,2018.07.30,2-1492,Åmål (S),2-14,Västra Götalands län (S)
V479778,,2017.11.03,Ja,2017.11.03,,Får,,,,2017.11.02,2017.11.03,Nej,0,0,0,0,1,0,0,0,4,0,0,0,0,0,0,0,0,Varg,,Bete innanför stängsel,Fältkontroll - LST,Dokumenterad,2-2061,"Dalvik, Söderbärke",6656839,539334,6658667,1494487,SWEREF99 TM,Exakt,2017.11.03,Nej,,Nej,,2017.11.03,2-2061,Smedjebacken (S),2-20,Dalarnas län (S)
V479783,,2017.09.03,Ja,2017.09.03,,Får,,Annan,Vet ej,2017.09.03,2017.09.03,Nej,1,2,0,0,0,0,0,0,0,0,0,0,0,0,0,0,0,Varg,,Bete innanför stängsel,Fältkontroll - LST,Dokumenterad,2-0136,,6563119,685101,6563154,1639150,RT90,Mindre bra,2017.11.06,Nej,,Nej,,2017.11.06,2-0136,Haninge (S),2-01,Stockholms län (S)
V479789,,2017.11.04,Ja,2017.11.05,,Jakthund,,Annan,Jämthund,2017.11.04,2017.11.04,Nej,0,0,0,0,0,0,0,0,0,0,1,0,0,0,0,0,0,Varg,,,Fältkontroll - LST,Bedömd som säker,2-1737,Sätertjärnsdalen,6661351,386544,6665045,1341692,RT90,Mycket bra,2017.11.05,Nej,,Nej,,2017.11.06,2-1737,Torsby (S),2-17,Värmlands län (S)
V479796,,2017.11.02,Ja,2017.11.03,,Ren,,,,2017.10.29,2017.10.30,Nej,0,0,0,0,0,0,0,0,1,0,0,0,0,0,0,0,0,Varg,,,Fältkontroll - LST,Bedömd som säker,2-2505,Fjällbonäs,7278177,702948,7278098,1665918,SWEREF99 TM,Mycket bra,2017.11.08,Senare,2018.04.01,Nej,,2017.11.19,2-2505,Arvidsjaur (S),2-25,Norrbottens län (S)
V479813,,2017.11.10,Ja,2017.11.10,,Ren,,,,2017.11.09,2017.11.10,Nej,0,0,0,0,1,0,0,0,0,0,0,0,0,0,0,0,0,Varg,,,Fältkontroll - LST,Dokumenterad,2-2505,"Byskeälvsvägen, Fjällbonäs",7276930,702439,7276858,1665393,SWEREF99 TM,Mycket bra,2017.11.11,Senare,2017.12.31,Nej,,2017.11.11,2-2505,Arvidsjaur (S),2-25,Norrbottens län (S)
V479826,,2017.11.13,Ja,2017.11.13,,Jakthund,,Annan,Finnstövare,2017.11.13,2017.11.13,Nej,0,0,0,0,0,0,0,0,1,0,0,0,0,0,0,0,0,Varg,,,Fältkontroll - LST,Dokumenterad,2-1766,S Gråsjötjärnet,6623893,387697,6627555,1342389,RT90,Mycket bra,2017.11.13,Nej,,Nej,,2017.11.13,2-1766,Sunne (S),2-17,Värmlands län (S)
V479844,,2017.11.14,Ja,2017.11.14,,Jakthund,,Annan,Gråhund,2017.11.14,2017.11.14,Nej,0,0,0,0,0,0,0,0,1,0,0,0,0,0,0,0,0,Varg,,,Fältkontroll - LST,Dokumenterad,2-2180,"800 meter nordöst om Kroktjärnen, Hagsta",6748686,608113,6749696,1564410,SWEREF99 TM,Exakt,2017.11.16,Nej,,Nej,,2017.11.17,2-2180,Gävle (S),2-21,Gävleborgs län (S)
V479850,,2017.11.16,Ja,2017.11.16,,Får,,Annan,Ungerskt skruvhornsfår,2017.11.15,2017.11.16,Nej,0,0,0,0,0,0,0,0,1,0,0,0,0,0,0,0,0,Varg,,Bete utan stängsel,Fältkontroll - LST,Dokumenterad,2-1730,Nyback,6647059,350380,6651187,1305335,WGS84-UTM Zon 33,Mycket bra,2017.11.16,Nej,,Nej,,2017.11.18,2-1730,Eda (S),2-17,Värmlands län (S)
V479851,,2017.11.16,Ja,2017.11.16,,Ren,,,,2017.11.16,2017.11.16,Nej,0,0,0,0,0,0,0,0,1,0,0,0,0,0,0,0,0,Varg,,,Fältkontroll - LST,Dokumenterad,2-2505,Bergmyrvägen Fjällbonäs,7275517,698810,7275491,1661745,SWEREF99 TM,Mycket bra,2017.11.17,Senare,2017.12.17,Nej,,2018.05.28,2-2505,Arvidsjaur (S),2-25,Norrbottens län (S)
V479861,,2017.11.18,Ja,2017.11.18,,Jakthund,,Annan,Jämthund,2017.11.18,2017.11.18,Nej,0,0,0,0,0,0,0,0,1,0,0,0,0,0,0,0,0,Varg,,,Fältkontroll - LST,Dokumenterad,2-2121,Homnaberg,6795458,533592,6797400,1490445,RT90,Mindre bra,2017.11.18,Nej,,Nej,,2017.12.06,2-2121,Ovanåker (S),2-21,Gävleborgs län (S)
V479862,,2017.11.18,Ja,2017.11.18,,Jakthund,,Annan,Drever,2017.11.18,2017.11.18,Nej,0,0,0,0,0,0,0,0,0,0,1,0,0,0,0,0,0,Varg,,,Fältkontroll - LST,Dokumenterad,2-1766,Bråten,6620498,392928,6624094,1347581,RT90,Mycket bra,2017.11.18,Nej,,Nej,,2017.11.18,2-1766,Sunne (S),2-17,Värmlands län (S)
V479863,,2017.11.18,Ja,2017.11.18,,Jakthund,,Annan,Finnstövare,2017.11.18,2017.11.18,Nej,0,0,0,0,0,0,0,0,0,0,1,0,0,0,0,0,0,Varg,,,Fältkontroll - LST,Dokumenterad,2-1782,Öst Kapellsheden,6617651,442153,6620647,1396794,RT90,Mindre bra,2017.11.18,Nej,,Nej,,2017.11.18,2-1782,Filipstad (S),2-17,Värmlands län (S)
V479864,,2017.11.10,Ja,2017.11.13,,Ren,,,,2017.11.09,2017.11.10,Nej,1,0,0,0,0,0,0,0,0,0,0,0,0,0,0,0,0,Varg,,,Fältkontroll - LST,Bedömd som säker,2-2505,"Byskeälvsvägen, Fjällbonäs",7276559,703404,7276474,1666354,SWEREF99 TM,Mycket bra,2017.11.19,Senare,2017.12.24,Nej,,2017.11.19,2-2505,Arvidsjaur (S),2-25,Norrbottens län (S)
V479865,,2017.11.17,Ja,2017.11.18,,Ren,,,,2017.11.13,2017.11.15,Ja,0,0,0,0,0,0,0,0,1,0,0,0,0,0,0,0,0,Varg,,,Fältkontroll - LST,Dokumenterad,2-2505,"Bergmyrvägen, Rigguvarrie",7274637,701286,7274579,1664211,SWEREF99 TM,Mycket bra,2017.11.19,Senare,2017.12.24,Nej,,2017.11.19,2-2505,Arvidsjaur (S),2-25,Norrbottens län (S)
V479866,,2017.11.18,Ja,2017.11.18,,Ren,,,,2017.11.12,2017.11.15,Ja,0,0,0,0,0,0,0,0,1,0,0,0,0,0,0,0,0,Varg,,,Fältkontroll - LST,Dokumenterad,2-2505,Hammarbergsforsen,7272672,705409,7272561,1668309,SWEREF99 TM,Mycket bra,2017.11.19,Senare,2017.12.24,Nej,,2017.11.19,2-2505,Arvidsjaur (S),2-25,Norrbottens län (S)
V479867,,2017.11.18,Ja,2017.11.18,,Ren,,,,2017.11.18,2017.11.18,Nej,0,0,0,0,0,0,0,0,1,0,0,0,0,0,0,0,0,Varg,,,Fältkontroll - LST,Dokumenterad,2-2505,Bergmyrberget,7272629,701431,7272569,1664330,SWEREF99 TM,Mycket bra,2017.11.19,Senare,2017.12.24,Nej,,2017.11.19,2-2505,Arvidsjaur (S),2-25,Norrbottens län (S)
V479895,,2017.11.25,Ja,2017.11.25,,Ren,,,,2017.11.21,2017.11.23,Nej,1,0,0,0,0,0,0,0,0,0,0,0,0,0,0,0,0,Varg,,,Fältkontroll - LST,Bedömd som säker,2-2505,Bergmyrberget,7272478,701711,7272414,1664608,WGS84-UTM Zon 33,Mycket bra,2017.11.25,Nej,,Nej,,2017.11.25,2-2505,Arvidsjaur (S),2-25,Norrbottens län (S)
V479903,,2017.11.22,Ja,2017.11.23,,Ren,,,,2017.11.20,2017.11.22,Nej,0,0,0,0,0,0,0,0,1,0,0,0,0,0,0,0,0,Varg,,,Fältkontroll - LST,Dokumenterad,2-2505,Luspenåive,7275042,701991,7274975,1664921,SWEREF99 TM,Exakt,2017.11.27,Senare,2017.12.07,Nej,,2017.11.27,2-2505,Arvidsjaur (S),2-25,Norrbottens län (S)
V479923,,2017.11.25,Ja,2017.11.25,,Jakthund,,Annan,Jämte,2017.11.25,2017.11.25,Nej,0,0,0,0,0,0,0,0,0,0,1,0,0,0,0,0,0,Varg,,,Fältkontroll - LST,Dokumenterad,2-1883,Karlsdal,6585034,476087,6587605,1430345,WGS84-UTM Zon 33,Mindre bra,2017.12.01,Nej,,Nej,,2017.12.01,2-1883,Karlskoga (S),2-18,Örebro län (S)
V479930,,2017.11.29,Ja,2017.11.29,,Ren,,,,2017.11.27,2017.11.29,Nej,0,0,0,0,0,0,0,0,2,0,0,0,0,0,0,0,0,Varg,,,Fältkontroll - LST,Dokumenterad,2-2505,Glottje,7289239,688087,7289353,1651197,SWEREF99 TM,Mycket bra,2017.12.02,Senare,2017.12.15,Nej,,2017.12.02,2-2505,Arvidsjaur (S),2-25,Norrbottens län (S)
V479931,,2017.11.30,Ja,2017.11.30,,Ren,,,,2017.11.28,2017.11.30,Nej,1,0,0,0,0,0,0,0,0,0,0,0,0,0,0,0,0,Varg,,,Fältkontroll - LST,Dokumenterad,2-2505,"Storholmen, Västra Kikkejaure",7288967,687399,7289089,1650505,SWEREF99 TM,Mycket bra,2017.12.02,Senare,2017.12.15,Nej,,2017.12.02,2-2505,Arvidsjaur (S),2-25,Norrbottens län (S)
V479932,,2017.12.01,Ja,2017.12.01,,Ren,,,,2017.12.01,2017.12.01,Nej,0,0,0,0,0,0,0,0,0,1,0,0,0,0,0,0,0,Varg,,,Fältkontroll - LST,Dokumenterad,2-2505,Vaksemjaure,7294930,676135,7295198,1639316,SWEREF99 TM,Mycket bra,2017.12.02,Senare,2017.12.15,Nej,,2017.12.02,2-2505,Arvidsjaur (S),2-25,Norrbottens län (S)
V479933,,2017.12.02,Ja,2017.12.02,,Ren,,,,2017.12.01,2017.12.01,Nej,0,0,0,0,0,0,0,0,0,1,0,0,0,0,0,0,0,Varg,,,Fältkontroll - LST,Dokumenterad,2-2505,"Glottje, V Kikkejaure",7288431,688308,7288542,1651407,SWEREF99 TM,Mycket bra,2017.12.02,Senare,2017.12.17,Nej,,2017.12.02,2-2505,Arvidsjaur (S),2-25,Norrbottens län (S)
V479934,,2017.12.02,Ja,2017.12.02,,Ren,,,,2017.12.01,2017.12.01,Nej,0,0,0,0,1,0,0,0,1,0,0,0,0,0,0,0,0,Varg,,,Fältkontroll - LST,Dokumenterad,2-2505,Vaksemjaure,7295135,676533,7295398,1639716,SWEREF99 TM,Mindre bra,2017.12.02,Senare,2017.12.17,Nej,,2017.12.02,2-2505,Arvidsjaur (S),2-25,Norrbottens län (S)
V479939,,2017.12.03,Ja,2017.12.03,,Ren,,,,2017.11.29,2017.12.01,Ja,0,0,0,0,0,0,0,0,2,0,0,0,0,0,0,0,0,Varg,,,Fältkontroll - LST,Dokumenterad,2-2505,"Vaksemjaur, Hundträsket",7295610,676296,7295876,1639485,SWEREF99 TM,Mycket bra,2017.12.04,Senare,2017.12.20,Nej,,2017.12.04,2-2505,Arvidsjaur (S),2-25,Norrbottens län (S)
V479947,,2017.12.05,Ja,2017.12.05,,Ren,,,,2017.12.04,2017.12.05,Nej,0,0,0,0,0,0,0,0,1,0,0,0,0,0,0,0,0,Varg,,,Fältkontroll - LST,Dokumenterad,2-2505,Fjällbonäs,7279251,700234,7279207,1663218,SWEREF99 TM,Mycket bra,2017.12.06,Ja,,Nej,,2017.12.06,2-2505,Arvidsjaur (S),2-25,Norrbottens län (S)
V479948,,2017.12.04,Ja,2017.12.04,,Ren,,,,2017.11.26,2017.11.29,Nej,0,0,0,0,0,0,0,0,1,0,0,0,0,0,0,0,0,Varg,,,Fältkontroll - LST,Bedömd som säker,2-2505,Kilver,7276451,701717,7276388,1664665,SWEREF99 TM,Mycket bra,2017.12.06,Ja,,Nej,,2017.12.06,2-2505,Arvidsjaur (S),2-25,Norrbottens län (S)
V479955,,2017.11.14,Ja,2017.11.16,,Annat djur,vildsvin,,,2017.11.13,2017.11.14,Nej,1,0,0,0,0,0,0,0,0,0,0,0,0,0,0,0,0,Varg,,Bete utan stängsel,Fältkontroll - LST,Dokumenterad,2-0484,,6567440,586905,6568664,1540986,WGS84-UTM Zon 33,Mycket bra,2017.12.07,Nej,,Nej,,2018.01.12,2-0484,Eskilstuna (S),2-04,Södermanlands län (S)
V479965,,2017.12.10,Nej,,2017.12.10,Ren,,,,2017.12.09,2017.12.10,Nej,0,0,0,0,1,0,0,0,0,0,0,0,0,0,0,0,0,Varg,,,Fältkontroll - Sameby,Bedömd som säker,2-2361,Skorvdalsfjället,6921315,450857,6924329,1409243,SWEREF99 TM,Exakt,2017.12.10,Ja,,Nej,,2017.12.12,2-2361,Härjedalen (S),2-23,Jämtlands län (S)
V479985,,2017.12.10,Ja,2017.12.12,,Får,,Köttraskorsningar,,2017.12.09,2017.12.10,Nej,0,0,2,0,0,0,0,0,2,1,1,0,0,0,0,0,0,Varg,,Bete innanför stängsel,Fältkontroll - LST,Dokumenterad,2-2505,Grundträsk,7259235,699619,7259196,1662346,SWEREF99 TM,Exakt,2017.12.12,Nej,,Nej,,2018.05.09,2-2505,Arvidsjaur (S),2-25,Norrbottens län (S)
V480006,,2017.12.09,Ja,2017.12.09,,Jakthund,,Annan,Jämthund,2017.12.09,2017.12.09,Nej,0,0,0,0,0,0,0,0,1,0,0,0,0,0,0,0,0,Varg,,,Fältkontroll - LST,Dokumenterad,2-2180,"Vittersjö, Råhällavägen",6749579,607231,6750600,1563539,SWEREF99 TM,Mycket bra,2017.12.14,Nej,,Nej,,2017.12.14,2-2180,Gävle (S),2-21,Gävleborgs län (S)
V480009,,2002.07.27,Ja,2002.07.27,,Får,,Annan,Blandras,2002.07.26,2002.07.27,Nej,0,0,0,0,0,0,0,0,1,0,0,1,0,0,0,0,0,Varg,,Bete innanför stängsel,Fältkontroll - LST,Bedömd som säker,2-0581,Bete vid gården,6485211,588009,6486400,1541100,RT90,Mindre bra,2002.07.27,Nej,,Ja,2017.12.14,,2-0581,Norrköping (S),2-05,Östergötlands län (S)
V480010,,2002.07.26,Ja,2002.07.26,,Får,,Annan,Blandras,2002.07.25,2002.07.26,Nej,0,0,2,0,0,0,0,0,3,0,0,0,0,0,0,0,0,Varg,,Bete innanför stängsel,Fältkontroll - LST,Bedömd som säker,2-0581,Bete vid gården,6485288,586109,6486500,1539200,RT90,Mindre bra,2002.07.26,Nej,,Ja,2017.12.14,,2-0581,Norrköping (S),2-05,Östergötlands län (S)
V480014,,2002.05.17,Ja,2002.05.19,,Får,,Annan,Oxford Down,2002.05.16,2002.05.17,Nej,0,0,0,2,0,0,0,0,0,0,1,0,0,0,0,0,0,Varg,,Bete innanför stängsel,Fältkontroll - LST,Bedömd som säker,2-0581,Bete i trädgård,6479362,592179,6480500,1545200,RT90,Mindre bra,2002.05.19,Nej,,Ja,2017.12.14,,2-0581,Norrköping (S),2-05,Östergötlands län (S)
V480015,,2002.01.31,Ja,2002.02.01,,Får,,Annan,Pälsfår,2002.01.30,2002.01.31,Nej,0,0,1,0,0,0,0,0,1,0,0,0,0,0,0,0,0,Varg,,Bete innanför stängsel,Fältkontroll - LST,Bedömd som säker,2-0562,Bete vi sjö,6532512,539354,6534300,1493000,RT90,Mindre bra,2002.02.01,Nej,,Ja,2017.12.14,,2-0562,Finspång (S),2-05,Östergötlands län (S)
V480018,,2002.05.15,Ja,2002.05.16,,Nöt,,Annan,SRB,2002.05.14,2002.05.15,Nej,1,0,0,0,0,0,0,0,0,0,0,0,0,0,0,0,0,Varg,,Bete innanför stängsel,Fältkontroll - LST,Bedömd som säker,2-0582,Trärum,6471913,595254,6473012,1548187,RT90,Mindre bra,2002.05.16,Nej,,Ja,2017.12.14,,2-0582,Söderköping (S),2-05,Östergötlands län (S)
V480020,,2002.05.19,Ja,2002.05.23,,Nöt,,,,2002.05.18,2002.05.19,Nej,2,0,0,0,0,0,0,0,0,0,0,0,0,0,0,0,0,Varg,,Bete innanför stängsel,Fältkontroll - LST,Bedömd som säker,2-1780,Alstrum,6594256,420953,6597500,1375300,RT90,Mindre bra,2002.05.23,Nej,,Ja,2017.12.14,,2-1780,Karlstad (S),2-17,Värmlands län (S)
V480030,,2003.06.10,Ja,2003.06.10,,Får,,,,2003.06.10,2003.06.10,Nej,0,0,0,0,0,0,0,0,1,0,0,0,0,0,0,0,0,Varg,,Bete innanför stängsel,Fältkontroll - LST,Bedömd som säker,2-1460,Alsbyn,6566339,327638,6570700,1281600,RT90,Mindre bra,2003.06.10,Nej,,Ja,2017.12.14,,2-1460,Bengtsfors (S),2-14,Västra Götalands län (S)
V480032,,2003.05.31,Ja,2003.05.31,,Får,,,,2003.05.30,2003.05.31,Nej,0,0,0,0,0,0,0,0,1,0,0,0,0,0,0,0,0,Varg,,Bete innanför stängsel,Fältkontroll - LST,Bedömd som säker,2-1452,Hyltegärde,6377268,396870,6380700,1348600,RT90,Mindre bra,2003.05.31,Nej,,Ja,2017.12.14,,2-1452,Tranemo (S),2-14,Västra Götalands län (S)
V480034,,2003.07.15,Ja,2003.07.18,,Nöt,,Annan,Charolaise,2003.07.09,2003.07.10,Nej,1,0,0,0,0,0,0,0,0,0,0,0,0,0,0,0,0,Varg,,Bete innanför stängsel,Fältkontroll - LST,Bedömd som säker,2-1465,Karsbo,6351978,379778,6355600,1331200,RT90,Mindre bra,2003.07.18,Nej,,Ja,2017.12.14,,2-1465,Svenljunga (S),2-14,Västra Götalands län (S)
V480047,,1999.11.14,Ja,1999.11.26,,Får,,Annan,Gute korsning,1999.11.13,1999.11.14,Nej,2,0,1,0,0,0,0,0,1,0,0,0,0,0,0,0,0,Varg,,Bete innanför stängsel,Fältkontroll - LST,Bedömd som säker,2-0331,Sälja,6682413,608715,6683400,1564200,RT90,Mindre bra,1999.11.26,Nej,,Ja,2017.12.14,,2-0331,Heby (S),2-03,Uppsala län (S)
V480048,,1999.09.28,Ja,1999.09.29,,Får,,Annan,Gute,1999.09.27,1999.09.28,Nej,0,0,0,0,0,0,0,0,1,0,0,0,0,0,0,0,0,Varg,,Bete innanför stängsel,Fältkontroll - LST,Bedömd som säker,2-0331,Sälja,6682813,608710,6683800,1564200,RT90,Mindre bra,1999.09.29,Nej,,Ja,2017.12.14,,2-0331,Heby (S),2-03,Uppsala län (S)
V480051,,2003.01.27,Ja,2003.01.27,,Får,,,,2003.01.26,2003.01.27,Nej,0,0,0,0,2,0,4,0,0,0,0,0,0,0,0,0,0,Varg,,Bete innanför stängsel,Fältkontroll - LST,Bedömd som säker,2-0382,Gräsbo,6689981,663511,6690300,1619100,RT90,Mindre bra,2003.01.27,Nej,,Ja,2017.12.14,,2-0382,Östhammar (S),2-03,Uppsala län (S)
V480055,,2000.07.04,Ja,2000.07.04,,Nöt,,Annan,Charole,2000.07.03,2000.07.04,Nej,1,0,0,0,0,0,0,0,0,0,0,0,0,0,0,0,0,Varg,,Bete innanför stängsel,Fältkontroll - LST,Bedömd som säker,2-0331,Nedanför gården,6675255,612002,6676200,1567400,RT90,Mindre bra,2000.07.04,Nej,,Ja,2017.12.14,,2-0331,Heby (S),2-03,Uppsala län (S)
V480056,,2003.07.04,Ja,2003.07.04,,Får,,Annan,Texel,2003.07.03,2003.07.04,Nej,0,0,0,0,0,0,0,0,3,0,4,0,0,0,0,0,0,Varg,,Bete innanför stängsel,Fältkontroll - LST,Bedömd som säker,2-2132,Kråkbäcksvallen,6884496,603224,6885600,1561200,RT90,Mindre bra,2003.07.04,Nej,,Ja,2017.12.14,,2-2132,Nordanstig (S),2-21,Gävleborgs län (S)
V480067,,2003.09.22,Ja,2003.09.22,,Får,,,,2003.09.18,2003.09.21,Nej,1,0,0,3,0,0,0,0,1,0,0,0,0,0,0,0,0,Varg,,Bete innanför stängsel,Fältkontroll - LST,Bedömd som säker,2-1782,Liljendal,6667061,448680,6669999,1403925,RT90,Mindre bra,2003.09.22,Nej,,Ja,2017.12.14,,2-1782,Filipstad (S),2-17,Värmlands län (S)
V480086,,2002.05.13,Ja,2002.05.13,,Får,,Annan,Pälsfår,2002.05.13,2002.05.13,Nej,2,0,0,0,0,0,0,0,0,0,0,0,0,0,0,0,0,Varg,,Bete innanför stängsel,Fältkontroll - LST,Bedömd som säker,2-0582,Bete intill ladugård,6462955,599573,6464000,1552400,RT90,Mindre bra,2002.05.13,Nej,,Ja,2017.12.14,,2-0582,Söderköping (S),2-05,Östergötlands län (S)
V480088,,2003.08.02,Ja,2003.08.02,,Får,,Annan,korsning,2003.08.01,2003.08.02,Nej,1,0,0,0,0,0,0,0,0,0,0,0,0,0,0,0,0,Varg,,Bete innanför stängsel,Fältkontroll - LST,Bedömd som säker,2-1463,Torestorp,6362244,359504,6366112,1311037,RT90,Mindre bra,2003.08.02,Nej,,Ja,2017.12.14,,2-1463,Mark (S),2-14,Västra Götalands län (S)
V480108,,2005.04.30,Ja,2005.05.12,,Nöt,,Annan,Highland Cattle,2005.04.29,2005.04.30,Nej,1,0,0,0,0,0,0,0,0,0,0,0,0,0,0,0,0,Varg,,Bete innanför stängsel,Fältkontroll - LST,Bedömd som säker,2-1441,"Öijareds Säteri, Floda",6412618,344316,6416694,1296440,RT90,Mindre bra,2005.05.12,Nej,,Ja,2017.12.14,,2-1441,Lerum (S),2-14,Västra Götalands län (S)
V480110,,2005.08.26,Ja,2005.08.26,,Får,,Annan,Blandras,2005.08.22,2005.08.26,Nej,13,0,2,0,0,0,0,0,6,0,0,0,0,0,0,0,0,Varg,,Bete innanför stängsel,Fältkontroll - LST,Bedömd som säker,2-2121,Älvkarhed,6797696,552914,6799400,1509800,RT90,Mindre bra,2005.08.26,Nej,,Ja,2017.12.14,,2-2121,Ovanåker (S),2-21,Gävleborgs län (S)
V480119,,2006.08.16,Ja,2006.08.16,,Får,,,,2006.08.16,2006.08.16,Nej,0,0,0,0,0,0,0,0,1,0,0,0,0,0,0,0,0,Varg,,Bete innanför stängsel,Fältkontroll - LST,Bedömd som säker,2-1439,Järbo,6513463,335472,6517700,1288800,RT90,Mindre bra,2006.08.16,Nej,,Ja,2017.12.14,,2-1439,Färgelanda (S),2-14,Västra Götalands län (S)
V480123,,2006.11.17,Ja,2006.11.17,,Får,,,,2006.11.17,2006.11.17,Nej,1,0,0,0,0,0,0,0,0,0,0,0,0,0,0,0,0,Varg,,Bete innanför stängsel,Fältkontroll - LST,Bedömd som säker,2-1766,"Kärr, Brandsbol",6651744,379410,6655520,1334437,RT90,Mindre bra,2006.11.17,Nej,,Ja,2017.12.14,,2-1766,Sunne (S),2-17,Värmlands län (S)
V480131,,2007.10.07,Ja,2007.10.07,,Får,,Annan,Lantras,2007.10.06,2007.10.07,Nej,1,0,0,1,0,0,0,0,1,0,0,1,0,0,0,0,0,Varg,,Bete innanför stängsel,Fältkontroll - LST,Bedömd som säker,2-2029,I hage vid gården,6732348,501629,6734662,1457694,RT90,Mindre bra,2007.10.07,Nej,,Ja,2017.12.14,,2-2029,Leksand (S),2-20,Dalarnas län (S)
V480133,,2008.05.22,Ja,2008.05.23,,Nöt,,Annan,Korsning,2008.05.21,2008.05.22,Nej,1,0,0,0,0,0,0,0,0,0,0,0,0,0,0,0,0,Varg,,Bete innanför stängsel,Fältkontroll - LST,Bedömd som säker,2-1461,Årbol,6515505,347341,6519600,1300700,RT90,Mindre bra,2008.05.23,Nej,,Ja,2017.12.14,,2-1461,Mellerud (S),2-14,Västra Götalands län (S)
V480135,,2008.08.10,Ja,2008.08.10,,Får,,Annan,Blandras,2008.08.09,2008.08.10,Nej,4,0,0,0,1,0,0,0,2,0,0,0,0,0,0,0,0,Varg,,Bete innanför stängsel,Fältkontroll - LST,Bedömd som säker,2-1462,Hjärtum,6452930,329902,6457200,1282500,RT90,Mindre bra,2008.08.10,Nej,,Ja,2017.12.14,,2-1462,LillaEdet (S),2-14,Västra Götalands län (S)
V480136,,2008.08.16,Ja,2008.08.27,,Får,,,,2008.08.16,2008.08.16,Nej,0,0,0,0,0,0,0,0,1,0,0,0,0,0,0,0,0,Varg,,Bete utan stängsel,Fältkontroll - LST,Bedömd som säker,2-2034,V.Grunuberg,6772613,489804,6775087,1446360,RT90,Mindre bra,2008.08.27,Nej,,Ja,2017.12.14,,2-2034,Orsa (S),2-20,Dalarnas län (S)
V480139,,2008.10.31,Ja,2008.11.02,,Får,,Annan,Bland dorset finull,2008.10.30,2008.10.31,Nej,0,0,0,0,0,0,0,0,5,0,31,0,0,0,0,0,0,Varg,,Bete innanför stängsel,Fältkontroll - LST,Bedömd som säker,2-0480,Ängby Brakärr,6508016,608030,6508970,1561400,RT90,Mindre bra,2008.11.02,Nej,,Ja,2017.12.14,,2-0480,Nyköping (S),2-04,Södermanlands län (S)
V480146,,2009.08.09,Ja,2009.08.10,,Får,,,,2009.08.08,2009.08.09,Nej,2,0,0,0,0,0,0,0,3,0,4,0,0,0,0,0,0,Varg,,Bete innanför stängsel,Fältkontroll - LST,Bedömd som säker,2-1080,Truseryd,6218468,554266,6219982,1504187,RT90,Mindre bra,2009.08.10,Nej,,Ja,2017.12.14,,2-1080,Karlskrona (S),2-10,Blekinge län (S)
V480147,,2009.08.23,Ja,2009.08.24,,Får,,Annan,Lantras,2009.08.22,2009.08.23,Nej,0,0,0,0,0,0,0,0,1,0,2,0,0,0,0,0,0,Varg,,Bete utan stängsel,Fältkontroll - LST,Bedömd som säker,2-2326,Östra Galkåbodarna,6959768,446494,6962852,1405359,RT90,Mindre bra,2009.08.24,Nej,,Ja,2017.12.14,,2-2326,Berg (S),2-23,Jämtlands län (S)
V480148,,2009.09.05,Ja,2009.09.05,,Får,,,,2009.09.04,2009.09.05,Nej,23,0,2,0,0,0,0,0,0,0,0,0,0,0,0,0,0,Varg,,Bete innanför stängsel,Fältkontroll - LST,Bedömd som säker,2-1491,Toarp,6389202,404374,6392550,1356250,RT90,Mindre bra,2009.09.05,Nej,,Ja,2017.12.14,,2-1491,Ulricehamn (S),2-14,Västra Götalands län (S)
V480153,,2010.06.01,Ja,2010.06.01,,Nöt,,Annan,Köttdjur,2010.06.01,2010.06.01,Nej,1,0,0,2,0,0,0,0,0,0,0,0,0,0,0,0,0,Varg,,Bete innanför stängsel,Fältkontroll - LST,Bedömd som säker,2-1766,Björken,6642251,400162,6645770,1355083,RT90,Mindre bra,2010.06.01,Nej,,Ja,2017.12.14,,2-1766,Sunne (S),2-17,Värmlands län (S)
V480156,,2010.08.20,Ja,2010.08.20,,Nöt,,Annan,CighalandCattle,2010.08.14,2010.08.20,Nej,0,0,0,0,1,0,0,0,0,0,0,0,0,0,0,0,0,Varg,,Bete utan stängsel,Fältkontroll - LST,Bedömd som säker,2-2039,Sildret - Fuluälven,6825253,393529,6828938,1350696,RT90,Mindre bra,2010.08.20,Nej,,Ja,2017.12.14,,2-2039,Älvdalen (S),2-20,Dalarnas län (S)
V480157,,2010.08.26,Ja,2010.08.26,,Får,,Annan,Gotlandsfår,2010.08.25,2010.08.26,Nej,0,0,0,0,0,0,0,0,2,0,0,0,0,0,0,0,0,Varg,,Bete innanför stängsel,Fältkontroll - LST,Bedömd som säker,2-0760,Södra Rås 3:5,6315593,537841,6317330,1488898,RT90,Mindre bra,2010.08.26,Nej,,Ja,2017.12.14,,2-0760,Uppvidinge (S),2-07,Kronobergs län (S)
V480158,,2010.09.18,Ja,2010.09.18,,Får,,Annan,Gutebagge,2010.09.17,2010.09.18,Nej,0,0,0,0,0,0,0,0,1,0,0,0,0,0,0,0,0,Varg,,Bete innanför stängsel,Fältkontroll - LST,Bedömd som säker,2-0861,Klämman,6318770,581426,6319994,1532533,RT90,Mindre bra,2010.09.18,Nej,,Ja,2017.12.14,,2-0861,Mönsterås (S),2-08,Kalmar län (S)
V480163,,2011.07.02,Ja,2011.07.03,,Får,,Annan,Texel,2011.07.01,2011.07.02,Nej,0,0,0,0,1,0,0,0,7,0,0,0,0,0,0,0,0,Varg,,Bete innanför stängsel,Fältkontroll - LST,Bedömd som säker,2-0581,Bete på gården,6490403,592388,6491541,1545542,RT90,Mindre bra,2011.07.03,Nej,,Ja,2017.12.14,,2-0581,Norrköping (S),2-05,Östergötlands län (S)
V480164,,2011.07.23,Ja,2011.07.23,,Får,,Annan,Gotlänska utegångsfår,2011.07.23,2011.07.23,Nej,6,0,1,0,0,0,0,0,2,0,1,0,0,0,0,0,0,Varg,,Bete innanför stängsel,Fältkontroll - LST,Bedömd som säker,2-2039,Foskvallen,6857012,392390,6860726,1349950,RT90,Mindre bra,2011.07.23,Nej,,Ja,2017.12.14,,2-2039,Älvdalen (S),2-20,Dalarnas län (S)
V480165,,2011.08.09,Ja,2011.08.09,,Får,,Annan,Blandras,2011.08.08,2011.08.09,Nej,1,0,0,0,0,0,0,0,0,0,0,0,0,0,0,0,0,Varg,,Bete innanför stängsel,Fältkontroll - LST,Bedömd som säker,2-0581,Bete vid gärden,6481335,595359,6482435,1548405,RT90,Mindre bra,2011.08.09,Nej,,Ja,2017.12.14,,2-0581,Norrköping (S),2-05,Östergötlands län (S)
V480167,,2011.08.25,Ja,2011.08.25,,Får,,Annan,Kött/Korsning,2011.08.25,2011.08.25,Nej,11,0,1,0,0,0,0,0,0,0,0,0,0,0,0,0,0,Varg,,Bete innanför stängsel,Fältkontroll - LST,Bedömd som säker,2-2183,Vallsta,6821548,571363,6823031,1528550,RT90,Mindre bra,2011.08.25,Nej,,Ja,2017.12.14,,2-2183,Bollnäs (S),2-21,Gävleborgs län (S)
V480168,,2011.09.29,Ja,2011.09.30,,Får,,Annan,kött,2011.09.29,2011.09.29,Nej,1,0,0,2,0,0,0,0,2,0,0,3,0,0,0,0,0,Varg,,Bete innanför stängsel,Fältkontroll - LST,Bedömd som säker,2-1983,Tängsta,6607837,557001,6609435,1511563,RT90,Mindre bra,2011.09.30,Nej,,Ja,2017.12.14,,2-1983,Köping (S),2-19,Västmanlands län (S)
V480173,,2012.05.21,Ja,2012.05.21,,Får,,,,2012.05.21,2012.05.21,Nej,4,0,0,4,4,0,0,0,2,0,0,2,0,0,0,0,0,Varg,,Bete innanför stängsel,Fältkontroll - LST,Bedömd som säker,2-0382,Skållbo,6692026,664709,6692330,1620323,RT90,Mindre bra,2012.05.21,Nej,,Ja,2017.12.14,,2-0382,Östhammar (S),2-03,Uppsala län (S)
V480186,,2013.07.21,Ja,2013.07.21,,Får,,,,2013.07.20,2013.07.21,Nej,1,0,0,0,0,0,0,0,0,0,0,0,0,0,0,0,0,Varg,,Bete innanför stängsel,Fältkontroll - LST,Bedömd som säker,2-0862,Yggesryd,6292419,528099,6294264,1478879,RT90,Mindre bra,2013.07.21,Nej,,Ja,2017.12.14,,2-0862,Emmaboda (S),2-08,Kalmar län (S)
V480187,,2013.08.04,Ja,2013.08.04,,Får,,Annan,Texelkorsning,2013.08.03,2013.08.04,Nej,1,0,0,0,3,0,0,0,5,0,0,0,0,0,0,0,0,Varg,,Bete innanför stängsel,Fältkontroll - LST,Bedömd som säker,2-1266,Satsarp,6182670,420868,6185727,1370320,RT90,Mindre bra,2013.08.04,Nej,,Ja,2017.12.14,,2-1266,Hörby (S),2-12,Skåne län (S)
V480189,,2013.08.31,Ja,2013.09.01,,Nöt,,Annan,Mjölras för köttproduktion,2013.08.30,2013.08.31,Nej,0,0,1,0,0,0,0,0,0,0,0,0,0,0,0,0,0,Varg,,Bete innanför stängsel,Fältkontroll - LST,Bedömd som säker,2-1884,Ås,6597878,499219,6600174,1453642,RT90,Mindre bra,2013.09.01,Nej,,Ja,2017.12.14,,2-1884,Nora (S),2-18,Örebro län (S)
V480196,,2014.08.23,Ja,2014.08.25,,Får,,Annan,Gotländska Pälsfår,2014.08.22,2014.08.23,Nej,7,0,0,0,0,0,0,0,3,0,0,2,0,0,0,0,0,Varg,,Bete innanför stängsel,Fältkontroll - LST,Bedömd som säker,2-1462,Hjärtum,6455003,329906,6459274,1282529,RT90,Mindre bra,2014.08.25,Nej,,Ja,2017.12.14,,2-1462,LillaEdet (S),2-14,Västra Götalands län (S)
V480198,,2014.10.07,Ja,2014.10.07,,Får,,Annan,Dalapäls,2014.10.06,2014.10.07,Nej,4,0,0,0,0,0,0,0,0,0,1,0,0,0,0,0,0,Varg,,Bete innanför stängsel,Fältkontroll - LST,Bedömd som säker,2-1904,Grisnäs,6626567,536433,6628420,1491217,RT90,Mindre bra,2014.10.07,Nej,,Ja,2017.12.14,,2-1904,Skinnskatteberg (S),2-19,Västmanlands län (S)
V480336,,2015.09.02,Ja,2015.09.03,,Får,,,,2015.09.02,2015.09.02,Nej,0,0,0,0,0,0,0,0,2,0,0,0,0,0,0,0,0,Varg,,,Fältkontroll - LST,Bedömd som säker,2-2161,Letsberg,6866361,547652,6868150,1505387,RT90,Mindre bra,2015.09.03,Nej,,Ja,2017.12.14,,2-2161,Ljusdal (S),2-21,Gävleborgs län (S)
V480337,,2015.09.04,Ja,2015.09.04,,Får,,,,2015.09.03,2015.09.04,Nej,1,0,0,0,0,0,0,0,0,0,0,0,0,0,0,0,0,Varg,,,Fältkontroll - LST,Bedömd som säker,2-2161,Störsbäcken,6864663,545433,6866480,1503147,RT90,Mindre bra,2015.09.04,Nej,,Ja,2017.12.14,,2-2161,Ljusdal (S),2-21,Gävleborgs län (S)
V480338,,2015.09.07,Ja,2015.09.07,,Får,,Annan,Lantras,2015.09.06,2015.09.06,Nej,2,0,0,0,2,0,0,0,0,0,0,0,0,0,0,0,0,Varg,,,Fältkontroll - LST,Bedömd som säker,2-2121,Grängsbo,6800243,549082,6801995,1505999,RT90,Mindre bra,2015.09.07,Nej,,Ja,2017.12.14,,2-2121,Ovanåker (S),2-21,Gävleborgs län (S)
V480343,,2015.09.11,Ja,2015.09.11,,Får,,Annan,Skruvhornsfår,2015.09.08,2015.09.11,Nej,0,0,0,0,2,0,0,0,0,0,0,0,0,0,0,0,0,Varg,,,Fältkontroll - LST,Bedömd som säker,2-1435,Koxeröd/Tränget,6523613,309157,6528173,1262593,RT90,Mindre bra,2015.09.11,Nej,,Ja,2017.12.14,,2-1435,Tanum (S),2-14,Västra Götalands län (S)
V480363,,2015.12.20,Ja,2015.12.20,,Får,,Annan,Blanras,2015.12.19,2015.12.20,Nej,1,0,0,0,0,0,0,0,1,0,0,0,0,0,0,0,0,Varg,,,Fältkontroll - LST,Bedömd som säker,2-2085,Hörken,6678538,485043,6681036,1440443,RT90,Mindre bra,2015.12.20,Nej,,Ja,2017.12.14,,2-2085,Ludvika (S),2-20,Dalarnas län (S)
V480522,,2015.06.18,Ja,2015.06.19,,Får,,,,2015.06.14,2015.06.16,Nej,7,0,0,0,0,0,0,0,4,0,0,0,0,0,0,0,0,Varg,,,Fältkontroll - LST,Bedömd som säker,2-1080,Sandhamn,6216614,553309,6218139,1503208,RT90,Mindre bra,2015.06.19,Nej,,Ja,2017.12.14,,2-1080,Karlskrona (S),2-10,Blekinge län (S)
V480525,,2015.06.12,Ja,2015.06.12,,Får,,Annan,Lester+bland,2015.06.11,2015.06.12,Nej,1,0,0,0,0,0,0,0,2,0,0,0,0,0,0,0,0,Varg,,,Fältkontroll - LST,Bedömd som säker,2-1814,Västanby,6560108,490736,6562493,1444698,RT90,Mindre bra,2015.06.12,Nej,,Ja,2017.12.14,,2-1814,Lekeberg (S),2-18,Örebro län (S)
V480530,,2015.07.15,Ja,2015.07.15,,Får,,Annan,Korsning finull,2015.07.14,2015.07.15,Nej,0,0,0,0,0,0,0,0,1,0,0,0,0,0,0,0,0,Varg,,,Fältkontroll - LST,Bedömd som säker,2-1380,"Hertered, Simlångsdalen",6288670,380793,6292248,1331467,RT90,Mindre bra,2015.07.15,Nej,,Ja,2017.12.14,,2-1380,Halmstad (S),2-13,Hallands län (S)
V480531,,2015.07.14,Ja,2015.07.15,,Nöt,,Annan,Kött,2015.07.13,2015.07.14,Nej,1,0,0,0,1,0,0,0,0,0,0,0,0,0,0,0,0,Varg,,,Fältkontroll - LST,Bedömd som säker,2-1783,Näs,6674006,417000,6677334,1372317,RT90,Mindre bra,2015.07.15,Nej,,Ja,2017.12.14,,2-1783,Hagfors (S),2-17,Värmlands län (S)
V480533,,2015.08.12,Ja,2015.08.12,,Får,,Annan,Gotlandsfår pälsfår,2015.08.11,2015.08.12,Nej,0,0,0,0,1,0,0,0,0,0,0,0,0,0,0,0,0,Varg,,,Fältkontroll - LST,Bedömd som säker,2-0125,Almnäset,6575765,658322,6576127,1612520,RT90,Mindre bra,2015.08.12,Nej,,Ja,2017.12.14,,2-0125,Ekerö (S),2-01,Stockholms län (S)
V480534,,2015.08.11,Ja,2015.08.12,,Får,,Annan,Vet ej,2015.08.10,2015.08.11,Nej,0,0,0,0,0,0,0,1,3,0,0,0,0,0,0,0,0,Varg,,,Fältkontroll - LST,Bedömd som säker,2-1438,Ulvön Nössemark,6555380,316002,6559875,1269825,RT90,Mindre bra,2015.08.12,Nej,,Ja,2017.12.14,,2-1438,Dals-Ed (S),2-14,Västra Götalands län (S)
V480536,,2015.06.19,Ja,2015.06.25,,Får,,Annan,Texel,2015.06.17,2015.06.19,Nej,8,0,3,0,7,0,0,0,12,0,5,0,0,0,0,0,0,Varg,,,Fältkontroll - LST,Bedömd som säker,2-0181,Molstaberg,6550446,636473,6551067,1590360,RT90,Mindre bra,2015.06.25,Nej,,Ja,2017.12.14,,2-0181,Södertälje (S),2-01,Stockholms län (S)
V480537,,2015.06.17,Ja,2015.06.17,,Får,,Annan,Gotlandsfår,2015.06.16,2015.06.17,Nej,3,0,0,0,0,0,0,0,0,0,0,0,0,0,0,0,0,Varg,,,Fältkontroll - LST,Bedömd som säker,2-0125,Stenby,6584554,643828,6585093,1598129,RT90,Mindre bra,2015.06.17,Nej,,Ja,2017.12.14,,2-0125,Ekerö (S),2-01,Stockholms län (S)
V480558,,2015.09.14,Ja,2015.09.15,,Får,,Annan,Kött,2015.09.13,2015.09.14,Nej,0,0,0,0,8,0,1,0,0,0,0,0,0,0,0,0,0,Varg,,,Fältkontroll - LST,Bedömd som säker,2-2182,Bergviken,6791346,595916,6792517,1552736,RT90,Mindre bra,2015.09.15,Nej,,Ja,2017.12.14,,2-2182,Söderhamn (S),2-21,Gävleborgs län (S)
V480563,,2015.09.22,Ja,2015.09.22,,Får,,,,2015.09.22,2015.09.22,Nej,0,0,0,0,0,0,0,0,9,0,0,0,0,0,0,0,0,Varg,,,Fältkontroll - LST,Bedömd som säker,2-2161,Ålock,6865859,548761,6867635,1506490,RT90,Mindre bra,2015.09.22,Nej,,Ja,2017.12.14,,2-2161,Ljusdal (S),2-21,Gävleborgs län (S)
V480590,,2015.10.12,Ja,2015.10.12,,Får,,,,2015.09.27,2015.09.27,Nej,0,0,0,0,0,0,0,0,1,0,0,0,0,0,0,0,0,Varg,,,Fältkontroll - LST,Bedömd som säker,2-2161,Ålock,6865845,548804,6867620,1506533,RT90,Mindre bra,2015.10.12,Nej,,Ja,2017.12.14,,2-2161,Ljusdal (S),2-21,Gävleborgs län (S)
V480594,,2015.10.09,Ja,2015.10.09,,Får,,Annan,Bland,2015.10.08,2015.10.09,Nej,0,0,0,0,0,0,0,0,2,0,0,1,0,0,0,0,0,Varg,,,Fältkontroll - LST,Bedömd som säker,2-2029,Hjulbäck,6740429,494966,6742828,1451128,RT90,Mindre bra,2015.10.09,Nej,,Ja,2017.12.14,,2-2029,Leksand (S),2-20,Dalarnas län (S)
V480600,,2015.09.03,Ja,2015.09.03,,Får,,Annan,Blandras,2015.09.03,2015.09.03,Nej,3,0,0,0,0,0,0,0,6,0,0,0,0,0,0,0,0,Varg,,,Fältkontroll - LST,Bedömd som säker,2-0181,Broby,6546746,646275,6547248,1600120,RT90,Mindre bra,2015.09.03,Nej,,Ja,2017.12.14,,2-0181,Södertälje (S),2-01,Stockholms län (S)
V480610,,2015.11.04,Ja,2015.11.04,,Får,,Annan,Texel,2015.11.03,2015.11.04,Nej,2,0,0,0,0,0,0,0,2,0,0,0,0,0,0,0,0,Varg,,,Fältkontroll - LST,Bedömd som säker,2-0181,Mölnbo,6549104,636344,6549726,1590215,RT90,Mindre bra,2015.11.04,Nej,,Ja,2017.12.14,,2-0181,Södertälje (S),2-01,Stockholms län (S)
V480611,,2015.11.05,Ja,2015.11.05,,Får,,Annan,Texel,2015.11.04,2015.11.05,Nej,1,0,0,0,0,0,0,0,0,0,0,0,0,0,0,0,0,Varg,,,Fältkontroll - LST,Bedömd som säker,2-0181,Mölnbo,6548966,636397,6549588,1590266,RT90,Mindre bra,2015.11.05,Nej,,Ja,2017.12.14,,2-0181,Södertälje (S),2-01,Stockholms län (S)
V480612,,2015.11.08,Ja,2015.11.08,,Får,,Annan,Texel,2015.11.07,2015.11.08,Nej,1,0,0,2,0,0,0,0,0,0,0,0,0,0,0,0,0,Varg,,,Fältkontroll - LST,Bedömd som säker,2-0181,Mölnbo,6549360,636633,6549979,1590507,RT90,Mindre bra,2015.11.08,Nej,,Ja,2017.12.14,,2-0181,Södertälje (S),2-01,Stockholms län (S)
V480613,,2015.09.17,Ja,2015.09.17,,Får,,Annan,Texel,2015.09.16,2015.09.17,Nej,0,0,0,0,0,0,0,0,1,0,0,0,0,0,0,0,0,Varg,,,Fältkontroll - LST,Bedömd som säker,2-0181,Mölnbo,6550224,635985,6550851,1589869,RT90,Mindre bra,2015.09.17,Nej,,Ja,2017.12.14,,2-0181,Södertälje (S),2-01,Stockholms län (S)
V480614,,2015.09.16,Ja,2015.09.16,,Får,,Annan,Texel,2015.09.15,2015.09.16,Nej,0,0,0,0,0,0,0,0,1,0,0,1,0,0,0,0,0,Varg,,,Fältkontroll - LST,Bedömd som säker,2-0181,Mölnbo,6550224,635985,6550851,1589869,RT90,Mindre bra,2015.09.16,Nej,,Ja,2017.12.14,,2-0181,Södertälje (S),2-01,Stockholms län (S)
V480615,,2015.11.10,Ja,2015.11.10,,Får,,Annan,Texel,2015.11.09,2015.11.10,Nej,1,0,0,0,0,0,0,0,0,0,0,0,0,0,0,0,0,Varg,,,Fältkontroll - LST,Bedömd som säker,2-0181,Molstaberg,6549186,636291,6549809,1590163,RT90,Mindre bra,2015.11.10,Nej,,Ja,2017.12.14,,2-0181,Södertälje (S),2-01,Stockholms län (S)
V480618,,2015.11.11,Ja,2015.11.11,,Får,,Annan,Texel,2015.11.10,2015.11.11,Nej,0,0,0,0,0,0,0,0,2,0,0,0,0,0,0,0,0,Varg,,,Fältkontroll - LST,Bedömd som säker,2-0181,Molstaberg,6549186,636291,6549809,1590163,RT90,Mindre bra,2015.11.11,Nej,,Ja,2017.12.14,,2-0181,Södertälje (S),2-01,Stockholms län (S)
V480694,,2014.10.09,Ja,2014.10.09,,Får,,,,2014.10.08,2014.10.09,Nej,1,0,0,0,4,0,0,0,0,0,0,0,0,0,0,0,0,Varg,,Bete innanför stängsel,Fältkontroll - LST,Bedömd som säker,2-1962,Bråfors,6656382,540929,6658190,1496077,RT90,Mindre bra,2014.10.09,Nej,,Ja,2017.12.14,,2-1962,Norberg (S),2-19,Västmanlands län (S)
V480695,,2014.10.14,Ja,2014.10.15,,Får,,Annan,Finull/blandras,2014.10.13,2014.10.14,Nej,2,0,0,0,1,0,0,0,1,0,0,0,0,0,0,0,0,Varg,,Bete innanför stängsel,Fältkontroll - LST,Bedömd som säker,2-1785,Björbyn,6567346,363354,6571275,1317348,RT90,Mindre bra,2014.10.15,Nej,,Ja,2017.12.14,,2-1785,Säffle (S),2-17,Värmlands län (S)
V480699,,2014.08.03,Ja,2014.08.03,,Får,,Annan,Blandras,2014.08.02,2014.08.03,Nej,11,0,1,0,0,0,0,0,5,0,1,0,0,0,0,0,0,Varg,,Bete innanför stängsel,Fältkontroll - LST,Bedömd som säker,2-1273,Boalt,6252025,421836,6255103,1372099,RT90,Mindre bra,2014.08.03,Nej,,Ja,2017.12.14,,2-1273,Osby (S),2-12,Skåne län (S)
V480700,,2014.10.24,Ja,2014.10.24,,Får,,Annan,blandras,2014.10.24,2014.10.24,Nej,1,0,0,0,0,0,0,0,1,0,0,0,0,0,0,0,0,Varg,,Bete innanför stängsel,Fältkontroll - LST,Bedömd som säker,2-1781,Västanås,6571021,453205,6573864,1407285,RT90,Mindre bra,2014.10.24,Nej,,Ja,2017.12.14,,2-1781,Kristinehamn (S),2-17,Värmlands län (S)
V480705,,2014.08.01,Ja,2014.08.01,,Får,,Annan,Pälsfår,2014.07.31,2014.08.01,Nej,14,0,1,0,1,0,0,0,8,0,1,0,0,0,0,0,0,Varg,,Bete innanför stängsel,Fältkontroll - LST,Bedömd som säker,2-1293,Lönsholma,6245770,413087,6248947,1363273,RT90,Mindre bra,2014.08.01,Nej,,Ja,2017.12.14,,2-1293,Hässleholm (S),2-12,Skåne län (S)
V480707,,2014.09.24,Ja,2014.09.24,,Får,,Annan,Pläsfår,2014.09.24,2014.09.24,Nej,1,0,0,0,0,0,0,0,0,0,0,0,0,0,0,0,0,Varg,,Bete innanför stängsel,Fältkontroll - LST,Bedömd som säker,2-1293,Lönsholma,6245770,413087,6248947,1363273,RT90,Mindre bra,2014.09.24,Nej,,Ja,2017.12.14,,2-1293,Hässleholm (S),2-12,Skåne län (S)
V480724,,2015.05.22,Ja,2015.05.22,,Får,,Annan,Gutefår,2015.05.21,2015.05.22,Nej,0,0,0,0,0,0,0,0,1,0,0,0,0,0,0,0,0,Varg,,,Fältkontroll - LST,Bedömd som säker,2-1315,Drosphult,6315758,405885,6319053,1356891,RT90,Mindre bra,2015.05.22,Nej,,Ja,2017.12.14,,2-1315,Hylte (S),2-13,Hallands län (S)
V480728,,2015.05.22,Ja,2015.05.22,,Get,,,,2015.05.22,2015.05.22,Nej,0,0,0,0,0,0,0,0,1,0,0,1,0,0,0,0,0,Varg,,,Fältkontroll - LST,Bedömd som säker,2-2029,Bäckberg,6728373,513710,6730537,1469730,RT90,Mindre bra,2015.05.22,Nej,,Ja,2017.12.14,,2-2029,Leksand (S),2-20,Dalarnas län (S)
V480731,,2015.05.27,Ja,2015.05.31,,Får,,Annan,Texel,2015.05.26,2015.05.27,Nej,1,0,0,0,0,0,0,0,1,0,0,0,0,0,0,0,0,Varg,,,Fältkontroll - LST,Bedömd som säker,2-1465,Boda Örsås,6364326,384606,6367897,1336177,RT90,Mindre bra,2015.05.31,Nej,,Ja,2017.12.14,,2-1465,Svenljunga (S),2-14,Västra Götalands län (S)
V480733,,2015.06.03,Ja,2015.06.04,,Nöt,,Annan,SRB mjölk eko,2015.06.02,2015.06.02,Nej,1,0,1,0,0,0,0,0,0,0,0,0,0,0,0,0,0,Varg,,,Fältkontroll - LST,Bedömd som säker,2-0764,Grönhult/ Stahultn 1:3,6279801,464764,6282387,1415372,RT90,Mindre bra,2015.06.04,Nej,,Ja,2017.12.14,,2-0764,Alvesta (S),2-07,Kronobergs län (S)
V480748,,2015.06.04,Ja,2015.06.04,,Får,,Annan,finull/kött,2015.06.03,2015.06.04,Nej,4,0,0,0,3,0,0,0,3,0,0,0,0,0,0,0,0,Varg,,,Fältkontroll - LST,Bedömd som säker,2-1981,Nordanåker 2,6662629,582860,6663927,1538097,RT90,Mindre bra,2015.06.04,Nej,,Ja,2017.12.14,,2-1981,Sala (S),2-19,Västmanlands län (S)
V480753,,2015.07.11,Ja,2015.07.11,,Får,,,,2015.07.10,2015.07.11,Nej,1,0,0,0,0,0,0,0,0,0,0,0,0,0,0,0,0,Varg,,,Fältkontroll - LST,Bedömd som säker,2-2161,Näsvall,6862841,541747,6864703,1499437,RT90,Mindre bra,2015.07.11,Nej,,Ja,2017.12.14,,2-2161,Ljusdal (S),2-21,Gävleborgs län (S)
V480755,,2015.07.18,Ja,2015.07.18,,Får,,Annan,Texel,2015.07.18,2015.07.18,Nej,0,0,0,0,0,0,0,0,7,0,0,0,0,0,0,0,0,Varg,,,Fältkontroll - LST,Bedömd som säker,2-0181,Molstaberg,6550417,636207,6551041,1590094,RT90,Mindre bra,2015.07.18,Nej,,Ja,2017.12.14,,2-0181,Södertälje (S),2-01,Stockholms län (S)
V480756,,2015.07.17,Ja,2015.07.17,,Får,,,,2015.07.17,2015.07.17,Nej,8,0,0,0,0,0,0,0,1,0,0,0,0,0,0,0,0,Varg,,,Fältkontroll - LST,Bedömd som säker,2-2029,Helgbo,6725238,510802,6727437,1466783,RT90,Mindre bra,2015.07.17,Nej,,Ja,2017.12.14,,2-2029,Leksand (S),2-20,Dalarnas län (S)
V480757,,2015.07.05,Ja,2015.07.07,,Får,,,,2015.07.04,2015.07.05,Nej,0,0,0,0,0,0,0,0,4,0,0,1,0,0,0,0,0,Varg,,,Fältkontroll - LST,Bedömd som säker,2-1438,Rindstad,6522663,318910,6527105,1272340,RT90,Mindre bra,2015.07.07,Nej,,Ja,2017.12.14,,2-1438,Dals-Ed (S),2-14,Västra Götalands län (S)
V480762,,2015.07.06,Ja,2015.07.06,,Nöt,,,,2015.07.04,2015.07.06,Nej,1,0,0,0,0,0,0,0,0,0,0,0,0,0,0,0,0,Varg,,,Fältkontroll - LST,Bedömd som säker,2-1383,Horred,6358087,342988,6362149,1294463,RT90,Mindre bra,2015.07.06,Nej,,Ja,2017.12.14,,2-1383,Varberg (S),2-13,Hallands län (S)
V480763,,2015.07.25,Ja,2015.07.25,,Får,,,,2015.07.25,2015.07.25,Nej,18,0,0,5,0,0,0,0,6,0,0,0,0,0,0,0,0,Varg,,,Fältkontroll - LST,Bedömd som säker,2-2029,Solarvet,6727063,517524,6729180,1473530,RT90,Mindre bra,2015.07.25,Nej,,Ja,2017.12.14,,2-2029,Leksand (S),2-20,Dalarnas län (S)
V480769,,2015.10.03,Ja,2015.10.05,,Får,,,,2015.10.02,2015.10.03,Nej,3,0,0,0,0,0,0,0,4,0,0,0,0,0,0,0,0,Varg,,,Fältkontroll - LST,Bedömd som säker,2-2281,Baggböle,6945622,600657,6946773,1559395,RT90,Mindre bra,2015.10.05,Nej,,Ja,2017.12.14,,2-2281,Sundsvall (S),2-22,Västernorrlands län (S)
V480774,,2015.07.26,Ja,2015.07.26,,Får,,,,2015.07.26,2015.07.26,Nej,5,0,0,2,0,0,0,0,5,0,0,0,0,0,0,0,0,Varg,,,Fältkontroll - LST,Bedömd som säker,2-2029,Östra Insjön,6726777,509191,6728996,1465190,RT90,Mindre bra,2015.07.26,Nej,,Ja,2017.12.14,,2-2029,Leksand (S),2-20,Dalarnas län (S)
V480779,,2015.07.11,Ja,2015.07.11,,Får,,Annan,Finull,2015.07.11,2015.07.11,Nej,0,0,0,0,1,0,0,0,0,0,0,0,0,0,0,0,0,Varg,,,Fältkontroll - LST,Bedömd som säker,2-1863,Havsjö,6637069,487935,6639516,1442830,RT90,Mindre bra,2015.07.11,Nej,,Ja,2017.12.14,,2-1863,Hällefors (S),2-18,Örebro län (S)
V480783,,2015.08.01,Ja,2015.08.02,,Får,,,,2015.07.31,2015.08.01,Nej,0,0,0,0,0,0,0,0,2,0,0,0,0,0,0,0,0,Varg,,,Fältkontroll - LST,Bedömd som säker,2-1781,Bottsviken,6569359,457030,6572155,1411091,RT90,Mindre bra,2015.08.02,Nej,,Ja,2017.12.14,,2-1781,Kristinehamn (S),2-17,Värmlands län (S)
V480787,,2015.08.17,Ja,2015.08.17,,Nöt,,,,2015.08.13,2015.08.14,Nej,2,0,0,0,0,0,0,0,0,0,0,0,0,0,0,0,0,Varg,,,Fältkontroll - LST,Bedömd som säker,2-1862,Solberga,6564695,469469,6567339,1423479,RT90,Mindre bra,2015.08.17,Nej,,Ja,2017.12.14,,2-1862,Degerfors (S),2-18,Örebro län (S)
V480788,,2015.07.28,Ja,2015.07.28,,Get,,,,2015.07.27,2015.07.28,Nej,0,0,0,0,0,0,0,0,2,0,0,0,0,0,0,0,0,Varg,,,Fältkontroll - LST,Bedömd som säker,2-2161,Näsvall,6862868,541717,6864730,1499407,RT90,Mindre bra,2015.07.28,Nej,,Ja,2017.12.14,,2-2161,Ljusdal (S),2-21,Gävleborgs län (S)
V480791,,2015.08.19,Ja,2015.08.19,,Får,,Annan,finull,2015.08.17,2015.08.19,Nej,0,0,0,0,0,0,0,0,1,0,0,0,0,0,0,0,0,Varg,,,Fältkontroll - LST,Bedömd som säker,2-0330,Berga Vassunda,6620830,654980,6621240,1609724,RT90,Mindre bra,2015.08.19,Nej,,Ja,2017.12.14,,2-0330,Knivsta (S),2-03,Uppsala län (S)
V480794,,2015.05.25,Ja,2015.05.25,,Får,,Annan,Suffolk,2015.05.23,2015.05.25,Nej,1,0,0,0,0,0,0,0,0,0,0,0,0,0,0,0,0,Varg,,,Fältkontroll - LST,Bedömd som säker,2-0380,Järlåsa,6639534,620284,6640370,1575248,RT90,Mindre bra,2015.05.25,Nej,,Ja,2017.12.14,,2-0380,Uppsala (S),2-03,Uppsala län (S)
V480795,,2015.08.21,Ja,2015.08.21,,Får,,Annan,Leicster,2015.08.19,2015.08.21,Nej,6,0,2,2,1,0,0,0,1,0,0,0,0,0,0,0,0,Varg,,,Fältkontroll - LST,Bedömd som säker,2-0380,Rasbo,6646254,658337,6646628,1613391,RT90,Mindre bra,2015.08.21,Nej,,Ja,2017.12.14,,2-0380,Uppsala (S),2-03,Uppsala län (S)
V480799,,2015.08.18,Ja,2015.08.18,,Får,,,,2015.08.18,2015.08.18,Nej,1,0,0,0,0,0,0,0,0,0,0,0,0,0,0,0,0,Varg,,,Fältkontroll - LST,Bedömd som säker,2-2161,Näsvall,6862848,541727,6864710,1499417,RT90,Mindre bra,2015.08.18,Nej,,Ja,2017.12.14,,2-2161,Ljusdal (S),2-21,Gävleborgs län (S)
V480808,,2015.11.01,Ja,2015.11.02,,Får,,Annan,Blandras,2015.11.01,2015.11.01,Nej,0,0,0,0,0,0,0,0,0,0,1,0,0,0,0,0,0,Varg,,,Fältkontroll - LST,Bedömd som säker,2-1782,Rämmen,6654441,450391,6657353,1405483,RT90,Mindre bra,2015.11.02,Nej,,Ja,2017.12.14,,2-1782,Filipstad (S),2-17,Värmlands län (S)
V480813,,2015.08.23,Ja,2015.08.24,,Nöt,,Annan,Hereford,2015.08.22,2015.08.23,Nej,1,0,0,0,0,0,0,0,0,0,0,0,0,0,0,0,0,Varg,,,Fältkontroll - LST,Bedömd som säker,2-0662,St. Götsbo,6342035,397697,6345440,1349010,RT90,Mindre bra,2015.08.24,Nej,,Ja,2017.12.14,,2-0662,Gislaved (S),2-06,Jönköpings län (S)
V480818,,2015.07.02,Ja,2015.07.02,,Får,,Annan,Texel,2015.06.30,2015.07.01,Nej,0,0,0,0,0,0,0,0,8,0,0,0,0,0,0,0,0,Varg,,,Fältkontroll - LST,Bedömd som säker,2-0181,Mölnbo,6550414,635984,6551041,1589871,RT90,Mindre bra,2015.07.02,Nej,,Ja,2017.12.14,,2-0181,Södertälje (S),2-01,Stockholms län (S)
V480819,,2015.07.28,Ja,2015.07.28,,Får,,Annan,Finull,2015.07.27,2015.07.27,Nej,0,0,0,0,0,0,0,0,1,0,0,0,0,0,0,0,0,Varg,,,Fältkontroll - LST,Bedömd som säker,2-0181,Molstaberg,6551411,636561,6552031,1590460,RT90,Mindre bra,2015.07.28,Nej,,Ja,2017.12.14,,2-0181,Södertälje (S),2-01,Stockholms län (S)
V480821,,2015.08.08,Ja,2015.08.08,,Får,,Annan,Texel,2015.08.08,2015.08.08,Nej,0,0,0,0,0,0,0,0,7,0,0,0,0,0,0,0,0,Varg,,,Fältkontroll - LST,Bedömd som säker,2-0181,Mölnbo,6547509,636319,6548131,1590171,RT90,Mindre bra,2015.08.08,Nej,,Ja,2017.12.14,,2-0181,Södertälje (S),2-01,Stockholms län (S)
V480822,,2015.08.27,Ja,2015.08.27,,Nöt,,Annan,Highland Cattle,2015.08.26,2015.08.27,Nej,0,0,0,0,1,0,0,0,0,0,0,0,0,0,0,0,0,Varg,,,Fältkontroll - LST,Bedömd som säker,2-2181,"Järbo, Kalvmarksvägen",6734302,586001,6735581,1542116,RT90,Mindre bra,2015.08.27,Nej,,Ja,2017.12.14,,2-2181,Sandviken (S),2-21,Gävleborgs län (S)
V480823,,2014.05.08,Ja,2014.05.08,,Får,,Annan,Texel,2014.05.08,2014.05.08,Nej,0,0,0,0,0,0,0,0,2,0,1,0,0,0,0,0,0,Varg,,Bete innanför stängsel,Fältkontroll - LST,Bedömd som säker,2-1880,Suttarboda,6573320,493922,6575671,1448045,RT90,Mindre bra,2014.05.08,Nej,,Ja,2017.12.14,,2-1880,Örebro (S),2-18,Örebro län (S)
V480825,,2014.05.11,Ja,2014.05.11,,Får,,Annan,Gutefår,2014.05.11,2014.05.11,Nej,0,0,0,0,0,0,0,0,1,0,0,0,0,0,0,0,0,Varg,,Bete innanför stängsel,Fältkontroll - LST,Bedömd som säker,2-1763,"Börn, Butorp",6621538,418690,6624821,1373368,RT90,Mindre bra,2014.05.11,Nej,,Ja,2017.12.14,,2-1763,Forshaga (S),2-17,Värmlands län (S)
V480826,,2014.05.13,Ja,2014.05.13,,Får,,,,2014.05.12,2014.05.13,Nej,0,0,5,0,1,0,2,0,6,0,8,0,0,0,0,0,0,Varg,,Bete innanför stängsel,Fältkontroll - LST,Bedömd som säker,2-1880,Filipshyttan 507,6576823,499199,6579111,1453367,RT90,Mindre bra,2014.05.13,Nej,,Ja,2017.12.14,,2-1880,Örebro (S),2-18,Örebro län (S)
V480835,,2014.06.24,Ja,2014.06.24,,Får,,Annan,Värmlandsfår,2014.06.23,2014.06.24,Nej,9,0,0,0,0,0,0,0,2,0,0,0,0,0,0,0,0,Varg,,Bete innanför stängsel,Fältkontroll - LST,Bedömd som säker,2-1737,Lekvattnet,6672606,372708,6676474,1327987,RT90,Mindre bra,2014.06.24,Nej,,Ja,2017.12.14,,2-1737,Torsby (S),2-17,Värmlands län (S)
V480838,,2014.06.21,Ja,2014.06.21,,Nöt,,Annan,SRB,2014.06.19,2014.06.20,Nej,1,0,0,8,0,0,0,0,0,0,0,0,0,0,0,0,0,Varg,,Bete innanför stängsel,Fältkontroll - LST,Bedömd som säker,2-1763,Hedås,6604709,420941,6607958,1375415,RT90,Mindre bra,2014.06.21,Nej,,Ja,2017.12.14,,2-1763,Forshaga (S),2-17,Värmlands län (S)
V480843,,2014.07.16,Ja,2014.07.16,,Får,,Annan,Köttras,2014.07.15,2014.07.16,Nej,0,0,0,0,37,0,0,0,1,0,0,0,0,0,0,0,0,Varg,,Bete innanför stängsel,Fältkontroll - LST,Bedömd som säker,2-1430,Kåtebol,6510096,319415,6514524,1272694,RT90,Mindre bra,2014.07.16,Nej,,Ja,2017.12.14,,2-1430,Munkedal (S),2-14,Västra Götalands län (S)
V480870,,2015.09.27,Ja,2015.09.27,,Får,,,,2015.09.27,2015.09.27,Nej,0,0,0,0,5,0,0,0,0,0,0,0,0,0,0,0,0,Varg,,,Fältkontroll - LST,Bedömd som säker,2-2161,Ålock,6865858,548804,6867633,1506533,RT90,Mindre bra,2015.09.27,Nej,,Ja,2017.12.14,,2-2161,Ljusdal (S),2-21,Gävleborgs län (S)
V480872,,2014.08.21,Ja,2014.08.22,,Får,,Annan,gute,2014.08.20,2014.08.21,Nej,0,0,0,0,0,0,0,0,2,0,0,0,0,0,0,0,0,Varg,,Bete innanför stängsel,Fältkontroll - LST,Bedömd som säker,2-0767,Ulvaryd,6256129,415549,6259282,1365858,RT90,Mindre bra,2014.08.22,Nej,,Ja,2017.12.14,,2-0767,Markaryd (S),2-07,Kronobergs län (S)
V480875,,2014.08.29,Ja,2014.08.29,,Får,,Annan,Vet ej,2014.08.28,2014.08.29,Nej,0,0,0,0,0,0,0,0,5,0,0,0,0,0,0,0,0,Varg,,Bete innanför stängsel,Fältkontroll - LST,Bedömd som säker,2-1439,Högsäter,6504384,330228,6508679,1283444,RT90,Mindre bra,2014.08.29,Nej,,Ja,2017.12.14,,2-1439,Färgelanda (S),2-14,Västra Götalands län (S)
V480880,,2014.08.30,Ja,2014.08.30,,Får,,Annan,blandras,2014.08.30,2014.08.30,Nej,1,0,0,0,0,0,0,0,1,0,0,0,0,0,0,0,0,Varg,,Bete innanför stängsel,Fältkontroll - LST,Bedömd som säker,2-0765,Årbrohult,6260665,434093,6263603,1384463,RT90,Mindre bra,2014.08.30,Nej,,Ja,2017.12.14,,2-0765,Älmhult (S),2-07,Kronobergs län (S)
V480882,,2014.09.25,Ja,2014.09.25,,Får,,Annan,finull,2014.09.25,2014.09.25,Nej,0,0,0,0,0,0,0,0,1,0,1,0,0,0,0,0,0,Varg,,Bete innanför stängsel,Fältkontroll - LST,Bedömd som säker,2-1760,Kväggeshyttan,6580385,459012,6583162,1413207,RT90,Mindre bra,2014.09.25,Nej,,Ja,2017.12.14,,2-1760,Storfors (S),2-17,Värmlands län (S)
V480883,,2014.09.26,Ja,2014.09.26,,Får,,,,2014.09.26,2014.09.26,Nej,0,0,0,0,0,0,0,0,2,0,0,0,0,0,0,0,0,Varg,,Bete innanför stängsel,Fältkontroll - LST,Bedömd som säker,2-1257,Stora Frösboholma,6235179,391469,6238604,1341520,RT90,Mindre bra,2014.09.26,Nej,,Ja,2017.12.14,,2-1257,Örkelljunga (S),2-12,Skåne län (S)
V480884,,2014.09.29,Ja,2014.09.29,,Får,,Annan,Blandras mest Texel,2014.09.29,2014.09.29,Nej,0,0,0,0,0,0,0,0,1,0,0,0,0,0,0,0,0,Varg,,Bete innanför stängsel,Fältkontroll - LST,Bedömd som säker,2-1293,"Verum, postadress Vittsjö",6248228,425658,6251259,1375879,RT90,Mindre bra,2014.09.29,Nej,,Ja,2017.12.14,,2-1293,Hässleholm (S),2-12,Skåne län (S)
V480885,,2014.09.05,Ja,2014.09.05,,Får,,Annan,Bland,2014.09.04,2014.09.05,Nej,0,0,0,0,1,0,0,0,0,0,0,0,0,0,0,0,0,Varg,,Bete innanför stängsel,Fältkontroll - LST,Bedömd som säker,2-2021,Rotån,6707117,461297,6709916,1417037,RT90,Mindre bra,2014.09.05,Nej,,Ja,2017.12.14,,2-2021,Vansbro (S),2-20,Dalarnas län (S)
V480899,,2015.08.31,Ja,2015.08.31,,Får,,,,2015.08.31,2015.08.31,Nej,4,0,0,0,0,0,0,0,0,0,0,0,0,0,0,0,0,Varg,,,Fältkontroll - LST,Bedömd som säker,2-2309,Ö.Nygården. Aspås,7025980,475410,7028726,1435117,RT90,Mindre bra,2015.08.31,Nej,,Ja,2017.12.14,,2-2309,Krokom (S),2-23,Jämtlands län (S)
V480901,,2015.07.30,Ja,2015.07.30,,Nöt,,Annan,Lågland_ mjölk,2015.07.29,2015.07.30,Nej,1,0,0,0,0,0,0,0,0,0,0,0,0,0,0,0,0,Varg,,,Fältkontroll - LST,Bedömd som säker,2-1863,Älvestorps,6610817,475562,6613405,1430133,RT90,Mindre bra,2015.07.30,Nej,,Ja,2017.12.14,,2-1863,Hällefors (S),2-18,Örebro län (S)
V480907,,2014.10.27,Ja,2014.10.28,,Får,,Annan,Bland,2014.10.27,2014.10.27,Nej,0,0,0,0,0,0,0,0,1,0,0,0,0,0,0,0,0,Varg,,Bete innanför stängsel,Fältkontroll - LST,Bedömd som säker,2-2082,Tyskbo,6698664,542281,6700469,1497947,RT90,Mindre bra,2014.10.28,Nej,,Ja,2017.12.14,,2-2082,Säter (S),2-20,Dalarnas län (S)
V480909,,2014.11.06,Ja,2014.11.06,,Får,,Annan,Finull/Dorset,2014.11.02,2014.11.06,Nej,3,0,0,0,0,0,0,0,0,0,0,0,0,0,0,0,0,Varg,,Bete innanför stängsel,Fältkontroll - LST,Bedömd som säker,2-1785,Skeppenäs,6564881,357986,6568874,1311947,RT90,Mindre bra,2014.11.06,Nej,,Ja,2017.12.14,,2-1785,Säffle (S),2-17,Värmlands län (S)
V480916,,2014.09.19,Ja,2014.09.19,,Får,,Annan,Blandras,2014.09.18,2014.09.19,Nej,1,0,0,0,1,0,1,0,1,0,0,0,0,0,0,0,0,Varg,,Bete innanför stängsel,Fältkontroll - LST,Bedömd som säker,2-1862,Åtorp,6554531,464312,6557233,1418197,RT90,Mindre bra,2014.09.19,Nej,,Ja,2017.12.14,,2-1862,Degerfors (S),2-18,Örebro län (S)
V480918,,2014.12.30,Ja,2014.12.30,,Får,,Annan,Gotlandsfår,2014.12.30,2014.12.30,Nej,0,0,0,0,0,0,0,0,1,0,0,0,0,0,0,0,0,Varg,,Bete innanför stängsel,Fältkontroll - LST,Bedömd som säker,2-1490,Sandared,6402136,367011,6405936,1319022,RT90,Mindre bra,2014.12.30,Nej,,Ja,2017.12.14,,2-1490,Borås (S),2-14,Västra Götalands län (S)
V480920,,2015.01.03,Ja,2015.01.04,,Får,,Annan,Klövsjöfår,2015.01.02,2015.01.03,Nej,0,0,0,0,0,0,0,0,1,0,0,0,0,0,0,0,0,Varg,,Bete innanför stängsel,Fältkontroll - LST,Bedömd som säker,2-1488,Koberg,6448029,349622,6452061,1302172,RT90,Mindre bra,2015.01.04,Nej,,Ja,2017.12.14,,2-1488,Trollhättan (S),2-14,Västra Götalands län (S)
V480929,,2015.08.10,Ja,2015.08.10,,Får,,Annan,Finullsfår,2015.08.09,2015.08.10,Nej,0,0,0,0,0,0,0,0,3,0,0,1,0,0,0,0,0,Varg,,,Fältkontroll - LST,Bedömd som säker,2-2029,Hackmora,6732033,512785,6734210,1468850,RT90,Mindre bra,2015.08.10,Nej,,Ja,2017.12.14,,2-2029,Leksand (S),2-20,Dalarnas län (S)
V480936,,2014.06.07,Ja,2014.06.07,,Får,,,,2014.06.07,2014.06.07,Nej,0,0,0,0,1,0,0,0,1,0,0,0,0,0,0,0,0,Varg,,Bete innanför stängsel,Fältkontroll - LST,Bedömd som säker,2-2161,Korskrogen,6852070,538298,6853971,1495853,RT90,Mindre bra,2014.06.07,Nej,,Ja,2017.12.14,,2-2161,Ljusdal (S),2-21,Gävleborgs län (S)
V480960,,2015.06.06,Ja,2015.06.07,,Får,,,,2015.06.05,2015.06.06,Nej,21,0,0,1,0,0,0,0,6,0,0,0,0,0,0,0,0,Varg,,,Fältkontroll - LST,Bedömd som säker,2-1782,Snednäset,6652266,450081,6655180,1405146,RT90,Mindre bra,2015.06.07,Nej,,Ja,2017.12.14,,2-1782,Filipstad (S),2-17,Värmlands län (S)
V480977,,2015.04.22,Ja,2015.04.22,,Får,,Annan,korsning/kött,2015.04.21,2015.04.22,Nej,0,0,0,0,0,0,0,0,1,0,0,0,0,0,0,0,0,Varg,,,Fältkontroll - LST,Bedömd som säker,2-0382,Ågalma,6691010,682830,6691093,1638435,RT90,Mindre bra,2015.04.22,Nej,,Ja,2017.12.14,,2-0382,Östhammar (S),2-03,Uppsala län (S)
V480994,,2013.08.14,Ja,2013.08.14,,Får,,Annan,Lantkorsning,2013.08.13,2013.08.15,Nej,2,0,0,0,0,0,0,0,2,0,0,0,0,0,0,0,0,Varg,,Bete innanför stängsel,Fältkontroll - LST,Bedömd som säker,2-1265,Fränninge 18:19,6175379,428829,6178340,1378200,RT90,Mindre bra,2013.08.14,Nej,,Ja,2017.12.14,,2-1265,Sjöbo (S),2-12,Skåne län (S)
V480997,,2013.09.06,Ja,2013.09.07,,Får,,Annan,Korsning,2013.09.05,2013.09.06,Nej,0,0,0,0,0,0,0,0,1,0,0,0,0,0,0,0,0,Varg,,Bete innanför stängsel,Fältkontroll - LST,Bedömd som säker,2-1270,Djurrödsgården,6171745,434552,6174637,1383883,RT90,Mindre bra,2013.09.07,Nej,,Ja,2017.12.14,,2-1270,Tomelilla (S),2-12,Skåne län (S)
V480998,,2013.09.12,Ja,2013.09.15,,Får,,,,2013.09.11,2013.09.12,Nej,2,0,4,0,0,0,1,0,0,0,0,0,0,0,0,0,0,Varg,,Bete innanför stängsel,Fältkontroll - LST,Bedömd som säker,2-0665,Ålaryd,6365122,436578,6368077,1388183,RT90,Mindre bra,2013.09.15,Nej,,Ja,2017.12.14,,2-0665,Vaggeryd (S),2-06,Jönköpings län (S)
V480999,,2013.10.06,Ja,2013.10.06,,Får,,,,2013.10.05,2013.10.06,Nej,0,0,0,1,0,0,0,0,1,0,0,0,0,0,0,0,0,Varg,,Bete utan stängsel,Fältkontroll - LST,Bedömd som säker,2-1860,Östra Sågen,6539304,483192,6541772,1436900,RT90,Mindre bra,2013.10.06,Nej,,Ja,2017.12.14,,2-1860,Laxå (S),2-18,Örebro län (S)
V481003,,2013.08.09,Ja,2013.08.10,,Get,,,,2013.08.03,2013.08.09,Nej,0,0,0,1,0,0,0,0,3,0,0,2,0,0,0,0,0,Varg,,Bete utan stängsel,Fältkontroll - LST,Bedömd som säker,2-2326,Östra Arådalen,6976888,433576,6980141,1392650,RT90,Mindre bra,2013.08.10,Nej,,Ja,2017.12.14,,2-2326,Berg (S),2-23,Jämtlands län (S)
V481007,,2013.09.24,Ja,2013.10.23,,Får,,Annan,Hälsingefår,2013.09.23,2013.09.24,Nej,0,0,0,0,0,0,0,0,2,0,0,0,0,0,0,0,0,Varg,,Bete innanför stängsel,Fältkontroll - LST,Bedömd som säker,2-1884,"Kåfallstorp, Klacka-Lerberg",6607957,495656,6610300,1450200,RT90,Mindre bra,2013.10.23,Nej,,Ja,2017.12.14,,2-1884,Nora (S),2-18,Örebro län (S)
V481008,,2013.10.21,Ja,2013.10.21,,Får,,Annan,Gutefår,2013.10.21,2013.10.21,Nej,5,0,0,0,0,0,0,0,7,0,0,0,0,0,0,0,0,Varg,,Bete innanför stängsel,Fältkontroll - LST,Bedömd som säker,2-1885,Torphyttan Karlslund,6604684,510043,6606851,1464552,RT90,Mindre bra,2013.10.21,Nej,,Ja,2017.12.14,,2-1885,Lindesberg (S),2-18,Örebro län (S)
V481016,,2014.08.28,Ja,2014.08.29,,Får,,,,2014.08.26,2014.08.28,Nej,1,0,0,1,0,0,0,0,0,0,0,0,0,0,0,0,0,Varg,,Bete innanför stängsel,Fältkontroll - LST,Bedömd som säker,2-1782,Paradishyttan 1:19,6620035,436596,6623100,1391263,RT90,Mindre bra,2014.08.29,Nej,,Ja,2017.12.14,,2-1782,Filipstad (S),2-17,Värmlands län (S)
V481035,,2015.07.02,Ja,2015.07.02,,Får,,,,2015.07.02,2015.07.02,Nej,1,0,0,1,0,0,0,0,1,0,0,0,0,0,0,0,0,Varg,,,Fältkontroll - LST,Bedömd som säker,2-2029,Sätergläntan Insjön,6724888,506690,6727137,1462665,RT90,Mindre bra,2015.07.02,Nej,,Ja,2017.12.14,,2-2029,Leksand (S),2-20,Dalarnas län (S)
V481038,,2015.07.04,Ja,2015.07.04,,Får,,,,2015.07.03,2015.07.04,Nej,0,0,0,0,0,0,0,0,2,0,0,0,0,0,0,0,0,Varg,,,Fältkontroll - LST,Bedömd som säker,2-2062,Sollerön,6755444,478262,6758054,1434602,RT90,Mindre bra,2015.07.04,Nej,,Ja,2017.12.14,,2-2062,Mora (S),2-20,Dalarnas län (S)
V481039,,2015.07.04,Ja,2015.07.05,,Får,,,,2015.07.03,2015.07.04,Nej,1,0,0,0,0,0,0,0,0,0,0,0,0,0,0,0,0,Varg,,,Fältkontroll - LST,Bedömd som säker,2-2161,Näsvall,6862831,541697,6864693,1499387,RT90,Mindre bra,2015.07.05,Nej,,Ja,2017.12.14,,2-2161,Ljusdal (S),2-21,Gävleborgs län (S)
V481044,,2014.06.06,Ja,2014.06.06,,Får,,Annan,Blandras,2014.06.06,2014.06.06,Nej,0,0,0,0,0,0,0,0,1,0,0,1,0,0,0,0,0,Varg,,Bete utan stängsel,Fältkontroll - LST,Bedömd som säker,2-1293,Vittsjö,6214300,424177,6217333,1374000,RT90,Mindre bra,2014.06.06,Nej,,Ja,2017.12.14,,2-1293,Hässleholm (S),2-12,Skåne län (S)
V481047,,2014.07.04,Ja,2014.07.05,,Nöt,,Annan,SLB,2014.06.23,2014.07.01,Nej,0,0,0,0,1,0,0,0,0,0,0,0,0,0,0,0,0,Varg,,Bete utan stängsel,Fältkontroll - LST,Bedömd som säker,2-1884,Lindesby,6614769,492239,6617156,1446864,RT90,Mindre bra,2014.07.05,Nej,,Ja,2017.12.14,,2-1884,Nora (S),2-18,Örebro län (S)
V481050,,2014.08.02,Ja,2014.08.02,,Får,,,,2014.08.02,2014.08.02,Nej,0,0,0,0,0,0,0,0,1,0,0,0,0,0,0,0,0,Varg,,Bete innanför stängsel,Fältkontroll - LST,Bedömd som säker,2-1461,Stränge gård,6507941,343898,6512074,1297164,RT90,Mindre bra,2014.08.02,Nej,,Ja,2017.12.14,,2-1461,Mellerud (S),2-14,Västra Götalands län (S)
V481066,,2014.07.28,Ja,2014.07.28,,Får,,Annan,Gottland,2014.07.27,2014.07.28,Nej,1,0,0,0,0,0,0,0,1,0,0,0,0,0,0,0,0,Varg,,Bete innanför stängsel,Fältkontroll - LST,Bedömd som säker,2-2085,österviken 1,6670658,499258,6672979,1454567,RT90,Mindre bra,2014.07.28,Nej,,Ja,2017.12.14,,2-2085,Ludvika (S),2-20,Dalarnas län (S)
V481069,,2014.08.08,Ja,2014.08.08,,Får,,,,2014.08.07,2014.08.08,Nej,2,0,0,0,0,0,0,0,3,0,0,0,0,0,0,0,0,Varg,,Bete innanför stängsel,Fältkontroll - LST,Bedömd som säker,2-1435,Naverstadshagen,6520146,308735,6524709,1262129,RT90,Mindre bra,2014.08.08,Nej,,Ja,2017.12.14,,2-1435,Tanum (S),2-14,Västra Götalands län (S)
V481072,,2014.08.16,Ja,2014.08.17,,Får,,Annan,Värmlandsfår,2014.08.15,2014.08.16,Nej,0,0,0,0,0,0,0,0,7,0,0,0,0,0,0,0,0,Varg,,Bete innanför stängsel,Fältkontroll - LST,Bedömd som säker,2-1737,Utterbyn,6671014,389821,6674672,1345088,RT90,Mindre bra,2014.08.17,Nej,,Ja,2017.12.14,,2-1737,Torsby (S),2-17,Värmlands län (S)
V481073,,2014.08.12,Ja,2014.08.13,,Får,,Annan,Bland,2014.08.12,2014.08.12,Nej,0,0,0,0,0,0,0,0,3,0,0,1,0,0,0,0,0,Varg,,Bete utan stängsel,Fältkontroll - LST,Bedömd som säker,2-2085,Stockgropens fäbodar,6694292,503803,6696566,1459402,RT90,Mindre bra,2014.08.13,Nej,,Ja,2017.12.14,,2-2085,Ludvika (S),2-20,Dalarnas län (S)
V481078,,2014.08.31,Ja,2014.08.31,,Får,,,,2014.08.31,2014.08.31,Nej,1,0,0,0,0,0,0,0,1,0,0,0,0,0,0,0,0,Varg,,Bete innanför stängsel,Fältkontroll - LST,Bedömd som säker,2-1766,Bogerud,6626236,406254,6629673,1360983,RT90,Mindre bra,2014.08.31,Nej,,Ja,2017.12.14,,2-1766,Sunne (S),2-17,Värmlands län (S)
V481086,,2014.10.04,Ja,2014.10.04,,Får,,Annan,Blandras,2014.10.04,2014.10.04,Nej,0,0,0,0,0,0,0,0,8,0,0,0,0,0,0,0,0,Varg,,Bete innanför stängsel,Fältkontroll - LST,Bedömd som säker,2-2083,Spjutbo,6698046,570484,6699505,1526150,RT90,Mindre bra,2014.10.04,Nej,,Ja,2017.12.14,,2-2083,Hedemora (S),2-20,Dalarnas län (S)
V481089,,2014.09.28,Ja,2014.09.28,,Får,,Annan,Kött,2014.09.28,2014.09.28,Nej,4,0,0,0,0,0,0,0,0,0,0,0,0,0,0,0,0,Varg,,Bete innanför stängsel,Fältkontroll - LST,Bedömd som säker,2-1293,Vittsjö,6214425,434838,6217333,1384667,RT90,Mindre bra,2014.09.28,Nej,,Ja,2017.12.14,,2-1293,Hässleholm (S),2-12,Skåne län (S)
V481091,,2014.10.08,Ja,2014.10.08,,Får,,Annan,Bland,2014.10.07,2014.10.08,Nej,1,0,0,0,0,0,0,0,4,0,0,0,0,0,0,0,0,Varg,,Bete innanför stängsel,Fältkontroll - LST,Bedömd som säker,2-2029,Helgbo,6725222,510902,6727420,1466883,RT90,Mindre bra,2014.10.08,Nej,,Ja,2017.12.14,,2-2029,Leksand (S),2-20,Dalarnas län (S)
V481096,,2014.10.10,Ja,2014.10.10,,Får,,Annan,Blandras,2014.10.10,2014.10.10,Nej,0,0,0,0,2,0,0,0,6,0,1,0,0,0,0,0,0,Varg,,Bete innanför stängsel,Fältkontroll - LST,Bedömd som säker,2-2085,Saxhyttan,6684525,500893,6686831,1456372,RT90,Mindre bra,2014.10.10,Nej,,Ja,2017.12.14,,2-2085,Ludvika (S),2-20,Dalarnas län (S)
V481098,,2014.09.06,Ja,2014.09.07,,Får,,Annan,finull,2014.09.04,2014.09.06,Nej,3,0,0,0,0,0,0,0,5,0,0,0,0,0,0,0,0,Varg,,Bete innanför stängsel,Fältkontroll - LST,Bedömd som säker,2-1781,Skottlanda,6551236,457460,6554019,1411302,RT90,Mindre bra,2014.09.07,Nej,,Ja,2017.12.14,,2-1781,Kristinehamn (S),2-17,Värmlands län (S)
V481100,,2014.06.17,Ja,2014.06.17,,Får,,,,2014.06.17,2014.06.17,Nej,0,0,0,0,0,0,0,0,1,0,0,0,0,0,0,0,0,Varg,,Bete innanför stängsel,Fältkontroll - LST,Bedömd som säker,2-1864,Eskilstorp,6647131,498941,6649448,1453963,RT90,Mindre bra,2014.06.17,Nej,,Ja,2017.12.14,,2-1864,Ljusnarsberg (S),2-18,Örebro län (S)
V481101,,2014.08.16,Ja,2014.08.16,,Häst,,Annan,Minishetlandsponny,2014.08.15,2014.08.16,Nej,1,0,0,0,0,0,0,0,1,0,0,0,0,0,0,0,0,Varg,,Bete innanför stängsel,Fältkontroll - LST,Bedömd som säker,2-1885,Nyhyttan,6617658,524783,6619650,1479455,RT90,Mindre bra,2014.08.16,Nej,,Ja,2017.12.14,,2-1885,Lindesberg (S),2-18,Örebro län (S)
V481102,,2014.07.22,Ja,2014.07.23,,Får,,,,2014.07.21,2014.07.23,Nej,0,0,0,0,0,0,0,0,1,0,0,0,0,0,0,0,0,Varg,,Bete innanför stängsel,Fältkontroll - LST,Bedömd som säker,2-1864,Rällen,6628494,503660,6630747,1458456,RT90,Mindre bra,2014.07.23,Nej,,Ja,2017.12.14,,2-1864,Ljusnarsberg (S),2-18,Örebro län (S)
V481103,,2014.09.24,Ja,2014.09.24,,Får,,,,2014.09.23,2014.09.24,Nej,0,0,0,0,0,0,0,0,1,0,0,0,0,0,0,0,0,Varg,,Bete innanför stängsel,Fältkontroll - LST,Bedömd som säker,2-1880,Egersta,6573211,499355,6575496,1453479,RT90,Mindre bra,2014.09.24,Nej,,Ja,2017.12.14,,2-1880,Örebro (S),2-18,Örebro län (S)
V481104,,2014.10.31,Ja,2014.10.31,,Får,,Annan,Värmlandsfår,2014.10.30,2014.10.31,Nej,1,0,0,0,0,0,0,0,0,0,0,0,0,0,0,0,0,Varg,,Bete innanför stängsel,Fältkontroll - LST,Bedömd som säker,2-1882,Sandbäcken Skogshagen,6528854,495983,6531164,1449570,RT90,Mindre bra,2014.10.31,Nej,,Ja,2017.12.14,,2-1882,Askersund (S),2-18,Örebro län (S)
V481108,,2014.09.10,Ja,2014.09.10,,Får,,Annan,finull,2014.09.09,2014.09.10,Nej,0,0,0,0,0,0,0,0,22,0,7,0,0,0,0,0,0,Varg,,Bete innanför stängsel,Fältkontroll - LST,Bedömd som säker,2-1780,Bäckelid,6602805,437018,6605858,1391476,RT90,Mindre bra,2014.09.10,Nej,,Ja,2017.12.14,,2-1780,Karlstad (S),2-17,Värmlands län (S)
V481109,,2014.09.12,Ja,2014.09.12,,Får,,Annan,gute,2014.08.11,2014.09.12,Nej,0,0,0,0,0,0,0,0,2,0,0,0,0,0,0,0,0,Varg,,Bete innanför stängsel,Fältkontroll - LST,Bedömd som säker,2-0767,Ulvaryd,6256138,415573,6259291,1365882,RT90,Mindre bra,2014.09.12,Nej,,Ja,2017.12.14,,2-0767,Markaryd (S),2-07,Kronobergs län (S)
V481110,,2014.09.13,Ja,2014.09.14,,Får,,Annan,Lantras,2014.09.13,2014.09.13,Nej,0,0,0,0,0,0,0,0,2,0,0,0,0,0,0,0,0,Varg,,Bete innanför stängsel,Fältkontroll - LST,Bedömd som säker,2-0767,Tjushult Södra,6264881,423523,6267945,1373938,RT90,Mindre bra,2014.09.14,Nej,,Ja,2017.12.14,,2-0767,Markaryd (S),2-07,Kronobergs län (S)
V481119,,2014.11.03,Ja,2014.11.03,,Får,,Annan,Blandat,2014.11.01,2014.11.03,Nej,0,0,0,0,0,0,0,0,2,0,0,0,0,0,0,0,0,Varg,,Bete innanför stängsel,Fältkontroll - LST,Bedömd som säker,2-1461,Dalskog,6513647,342930,6517794,1296264,RT90,Mindre bra,2014.11.03,Nej,,Ja,2017.12.14,,2-1461,Mellerud (S),2-14,Västra Götalands län (S)
V481120,,2014.11.06,Ja,2014.11.06,,Får,,Annan,Blandat,2014.11.05,2014.11.06,Nej,0,0,0,0,0,0,0,0,1,0,0,0,0,0,0,0,0,Varg,,Bete innanför stängsel,Fältkontroll - LST,Bedömd som säker,2-1461,Dalskog,6513647,342930,6517794,1296264,RT90,Mindre bra,2014.11.06,Nej,,Ja,2017.12.14,,2-1461,Mellerud (S),2-14,Västra Götalands län (S)
V481121,,2014.11.10,Ja,2014.11.10,,Får,,Annan,Blandat,2014.11.09,2014.11.10,Nej,4,0,0,0,0,0,0,0,6,0,0,0,0,0,0,0,0,Varg,,Bete innanför stängsel,Fältkontroll - LST,Bedömd som säker,2-1461,Dalskog,6513647,342930,6517794,1296264,RT90,Mindre bra,2014.11.10,Nej,,Ja,2017.12.14,,2-1461,Mellerud (S),2-14,Västra Götalands län (S)
V481122,,2014.11.10,Ja,2014.11.10,,Får,,,,2014.11.07,2014.11.10,Nej,0,0,0,0,2,0,0,0,0,0,0,0,0,0,0,0,0,Varg,,Bete innanför stängsel,Fältkontroll - LST,Bedömd som säker,2-1435,Tränget,6523618,309227,6528177,1262663,RT90,Mindre bra,2014.11.10,Nej,,Ja,2017.12.14,,2-1435,Tanum (S),2-14,Västra Götalands län (S)
V481123,,2014.09.28,Ja,2014.09.28,,Får,,Annan,Köttras,2014.09.28,2014.09.28,Nej,4,0,0,0,0,0,0,0,0,0,0,0,0,0,0,0,0,Varg,,Bete innanför stängsel,Fältkontroll - LST,Bedömd som säker,2-1293,"Hyngarp, Vittsjö",6249883,418410,6253000,1368647,RT90,Mindre bra,2014.09.28,Nej,,Ja,2017.12.14,,2-1293,Hässleholm (S),2-12,Skåne län (S)
V481132,,2013.07.22,Ja,2013.07.22,,Får,,,,2013.07.22,2013.07.22,Nej,2,0,1,1,0,0,0,0,3,0,0,0,0,0,0,0,0,Varg,,Bete innanför stängsel,Fältkontroll - LST,Bedömd som säker,2-1438,Håbol,6544440,326703,6548800,1280400,RT90,Mindre bra,2013.07.22,Nej,,Ja,2017.12.14,,2-1438,Dals-Ed (S),2-14,Västra Götalands län (S)
V481134,,2013.07.12,Ja,2013.07.12,,Får,,Annan,Lantras,2013.07.11,2013.07.12,Nej,3,0,0,4,0,0,0,0,2,0,0,0,0,0,0,0,0,Varg,,Bete utan stängsel,Fältkontroll - LST,Bedömd som säker,2-2023,Momyckelberget,6736320,429654,6739520,1385740,RT90,Mindre bra,2013.07.12,Nej,,Ja,2017.12.14,,2-2023,Malung (S),2-20,Dalarnas län (S)
V481141,,2013.07.25,Ja,2013.07.27,,Får,,,,2013.07.25,2013.07.25,Nej,0,0,0,0,0,0,0,0,2,0,0,0,0,0,0,0,0,Varg,,Bete innanför stängsel,Fältkontroll - LST,Bedömd som säker,2-2482,Södra Stensjön,7220063,787542,7218895,1749778,RT90,Mindre bra,2013.07.27,Nej,,Ja,2017.12.14,,2-2482,Skellefteå (S),2-24,Västerbottens län (S)
V481142,,2013.08.06,Ja,2013.08.06,,Får,,Annan,Texel,2013.08.05,2013.08.06,Nej,0,0,0,0,2,0,0,0,4,0,0,0,0,0,0,0,0,Varg,,Bete innanför stängsel,Fältkontroll - LST,Bedömd som säker,2-1265,Heingebergsvägen 223,6175229,427044,6178210,1376413,RT90,Mindre bra,2013.08.06,Nej,,Ja,2017.12.14,,2-1265,Sjöbo (S),2-12,Skåne län (S)
V481144,,2013.08.01,Ja,2013.08.01,,Får,,,,2013.07.27,2013.08.31,Nej,3,0,0,1,0,0,0,0,2,0,0,3,0,0,0,0,0,Varg,,Bete utan stängsel,Fältkontroll - LST,Bedömd som säker,2-2034,V.Grunuberg,6772639,490585,6775103,1447142,RT90,Mindre bra,2013.08.01,Nej,,Ja,2017.12.14,,2-2034,Orsa (S),2-20,Dalarnas län (S)
V481154,,2013.08.30,Ja,2013.08.30,,Får,,,,2013.08.29,2013.08.30,Nej,0,0,0,0,0,0,0,0,1,0,0,0,0,0,0,0,0,Varg,,Bete utan stängsel,Fältkontroll - LST,Bedömd som säker,2-2023,Lidsälen,6733107,415890,6736475,1371930,RT90,Mindre bra,2013.08.30,Nej,,Ja,2017.12.14,,2-2023,Malung (S),2-20,Dalarnas län (S)
V481155,,2013.07.09,Ja,2013.07.09,,Får,,Annan,Värmlänsk,2013.07.08,2013.07.09,Nej,0,0,0,0,0,0,0,1,0,0,1,0,0,0,0,0,0,Varg,,Bete utan stängsel,Fältkontroll - LST,Bedömd som säker,2-2031,Prästbodarna,6756447,530760,6758411,1487131,RT90,Mindre bra,2013.07.09,Nej,,Ja,2017.12.14,,2-2031,Rättvik (S),2-20,Dalarnas län (S)
V481167,,2013.10.11,Ja,2013.10.11,,Får,,Annan,Vet ej,2013.10.11,2013.10.11,Nej,0,0,0,0,0,0,0,0,9,0,2,0,0,0,0,0,0,Varg,,Bete innanför stängsel,Fältkontroll - LST,Bedömd som säker,2-1439,Högsäter,6503439,324699,6507800,1277900,RT90,Mindre bra,2013.10.11,Nej,,Ja,2017.12.14,,2-1439,Färgelanda (S),2-14,Västra Götalands län (S)
V481168,,2013.09.29,Ja,2013.09.29,,Får,,Annan,Pälsfår,2013.09.29,2013.09.29,Nej,3,0,1,0,0,0,0,0,0,0,0,0,0,0,0,0,0,Varg,,Bete innanför stängsel,Fältkontroll - LST,Bedömd som säker,2-2161,Veckebo,6853210,538893,6855104,1496462,RT90,Mindre bra,2013.09.29,Nej,,Ja,2017.12.14,,2-2161,Ljusdal (S),2-21,Gävleborgs län (S)
V481169,,2013.10.10,Ja,2013.10.11,,Får,,,,2013.10.09,2013.10.10,Nej,0,0,0,0,0,0,0,0,2,0,1,0,0,0,0,0,0,Varg,,Bete innanför stängsel,Fältkontroll - LST,Bedömd som säker,2-0665,Bissefäll,6365153,438829,6368081,1390435,RT90,Mindre bra,2013.10.11,Nej,,Ja,2017.12.14,,2-0665,Vaggeryd (S),2-06,Jönköpings län (S)
V481172,,2013.10.20,Ja,2013.10.21,,Får,,,,2013.10.18,2013.10.19,Nej,3,0,0,2,0,0,0,0,0,0,0,0,0,0,0,0,0,Varg,,Bete innanför stängsel,Fältkontroll - LST,Bedömd som säker,2-1460,Torrskog,6565836,327344,6570200,1281300,RT90,Mindre bra,2013.10.21,Nej,,Ja,2017.12.14,,2-1460,Bengtsfors (S),2-14,Västra Götalands län (S)
V481173,,2013.09.11,Ja,2013.09.11,,Får,,,,2013.09.10,2013.09.11,Nej,10,0,0,0,0,0,0,0,8,0,0,0,0,0,0,0,0,Varg,,Bete innanför stängsel,Fältkontroll - LST,Bedömd som säker,2-1438,Gunnarsbyn,6542143,310240,6546700,1263900,RT90,Mindre bra,2013.09.11,Nej,,Ja,2017.12.14,,2-1438,Dals-Ed (S),2-14,Västra Götalands län (S)
V481175,,2013.09.03,Ja,2013.09.03,,Får,,Annan,Kött_ suffolk,2013.09.02,2013.09.03,Nej,7,0,0,0,0,0,1,0,0,0,0,0,0,0,0,0,0,Varg,,Bete innanför stängsel,Fältkontroll - LST,Bedömd som säker,2-1270,Andrarum,6173580,436779,6176447,1386133,RT90,Mindre bra,2013.09.03,Nej,,Ja,2017.12.14,,2-1270,Tomelilla (S),2-12,Skåne län (S)
V481176,,2013.09.13,Ja,2013.09.13,,Får,,,,2013.09.13,2013.09.13,Nej,0,0,0,0,0,0,0,0,1,0,0,0,0,0,0,0,0,Varg,,Bete innanför stängsel,Fältkontroll - LST,Bedömd som säker,2-1461,Dalskog,6520662,343981,6524800,1297400,RT90,Mindre bra,2013.09.13,Nej,,Ja,2017.12.14,,2-1461,Mellerud (S),2-14,Västra Götalands län (S)
V481178,,2013.09.14,Ja,2013.09.15,,Nöt,,Annan,Charolais,2013.09.14,2013.09.14,Nej,0,0,0,0,1,0,0,0,0,0,0,0,0,0,0,0,0,Varg,,Bete innanför stängsel,Fältkontroll - LST,Bedömd som säker,2-1780,Ängarna,6587465,404612,6590904,1358869,RT90,Mindre bra,2013.09.15,Nej,,Ja,2017.12.14,,2-1780,Karlstad (S),2-17,Värmlands län (S)
V481181,,2013.11.12,Ja,2013.11.12,,Får,,,,2013.11.11,2013.11.12,Nej,0,0,0,0,0,0,0,0,1,0,0,0,0,0,0,0,0,Varg,,Bete utan stängsel,Fältkontroll - LST,Bedömd som säker,2-2081,Gyllbergen,6698530,511170,6700715,1466824,RT90,Mindre bra,2013.11.12,Nej,,Ja,2017.12.14,,2-2081,Borlänge (S),2-20,Dalarnas län (S)
V481187,,2013.11.19,Ja,2013.11.19,,Får,,,,2013.11.18,2013.11.19,Nej,0,0,0,0,0,0,0,0,2,0,0,0,0,0,0,0,0,Varg,,Bete innanför stängsel,Fältkontroll - LST,Bedömd som säker,2-1430,Hedekas,6514911,314953,6519396,1268287,RT90,Mindre bra,2013.11.19,Nej,,Ja,2017.12.14,,2-1430,Munkedal (S),2-14,Västra Götalands län (S)
V481194,,2014.08.08,Ja,2014.08.19,,Får,,,,2014.08.07,2014.08.09,Nej,0,0,0,0,0,0,0,0,1,0,0,1,0,0,0,0,0,Varg,,Bete utan stängsel,Fältkontroll - LST,Bedömd som säker,2-2039,Vålbergs fäb.,6784624,444090,6787666,1400777,RT90,Mindre bra,2014.08.19,Nej,,Ja,2017.12.14,,2-2039,Älvdalen (S),2-20,Dalarnas län (S)
V481196,,2014.08.04,Ja,2014.08.04,,Får,,,,2014.08.02,2014.08.04,Nej,18,0,0,0,0,0,0,0,7,0,0,0,0,0,0,0,0,Varg,,Bete utan stängsel,Fältkontroll - LST,Bedömd som säker,2-1907,Seglingsberg,6632580,563869,6634101,1518734,RT90,Mindre bra,2014.08.04,Nej,,Ja,2017.12.14,,2-1907,Surahammar (S),2-19,Västmanlands län (S)
V481205,,2013.12.29,Ja,2013.12.29,,Får,,Annan,blandras,2013.12.28,2013.12.29,Nej,0,0,0,0,0,0,0,0,3,0,1,0,0,0,0,0,0,Varg,,Bete innanför stängsel,Fältkontroll - LST,Bedömd som säker,2-0763,Brorsmåla,6258521,483019,6260884,1433385,RT90,Mindre bra,2013.12.29,Nej,,Ja,2017.12.14,,2-0763,Tingsryd (S),2-07,Kronobergs län (S)
V481211,,2014.07.05,Ja,2014.07.05,,Får,,,,2014.07.04,2014.07.05,Nej,2,0,2,0,0,0,0,0,4,0,1,0,0,0,0,0,0,Varg,,Bete innanför stängsel,Fältkontroll - LST,Bedömd som säker,2-0665,Ålaryd,6365937,436252,6368896,1387866,RT90,Mindre bra,2014.07.05,Nej,,Ja,2017.12.14,,2-0665,Vaggeryd (S),2-06,Jönköpings län (S)
V481214,,2014.07.08,Ja,2014.07.08,,Får,,Annan,Finull,2014.07.07,2014.07.08,Nej,7,0,15,0,0,0,0,0,0,0,0,0,0,0,0,0,0,Varg,,Bete innanför stängsel,Fältkontroll - LST,Bedömd som säker,2-1780,Öst Glumserud,6593992,435820,6597055,1390171,RT90,Mindre bra,2014.07.08,Nej,,Ja,2017.12.14,,2-1780,Karlstad (S),2-17,Värmlands län (S)
V481216,,2014.07.07,Ja,2014.07.07,,Får,,Annan,Gute,2014.07.06,2014.07.07,Nej,1,0,0,0,1,0,0,0,1,0,0,0,0,0,0,0,0,Varg,,Bete innanför stängsel,Fältkontroll - LST,Bedömd som säker,2-1904,Fors Gård,6627184,529966,6629116,1484755,RT90,Mindre bra,2014.07.07,Nej,,Ja,2017.12.14,,2-1904,Skinnskatteberg (S),2-19,Västmanlands län (S)
V481217,,2014.07.10,Ja,2014.07.11,,Får,,Annan,Blandras,2014.07.09,2014.07.10,Nej,4,0,0,0,0,0,0,0,2,0,0,0,0,0,0,0,0,Varg,,Bete innanför stängsel,Fältkontroll - LST,Bedömd som säker,2-1380,Timrilt,6292404,386391,6295918,1337112,RT90,Mindre bra,2014.07.11,Nej,,Ja,2017.12.14,,2-1380,Halmstad (S),2-13,Hallands län (S)
V481219,,2013.10.12,Ja,2013.10.15,,Får,,Annan,Korsning,2013.10.11,2013.10.12,Nej,6,0,0,0,0,0,0,0,1,0,0,0,0,0,0,0,0,Varg,,Bete innanför stängsel,Fältkontroll - LST,Bedömd som säker,2-1273,Boalt,6253148,422583,6256217,1372860,RT90,Mindre bra,2013.10.15,Nej,,Ja,2017.12.14,,2-1273,Osby (S),2-12,Skåne län (S)
V481223,,2013.10.14,Ja,2013.10.14,,Får,,Annan,Texel-finull,2013.10.14,2013.10.14,Nej,1,0,1,0,0,0,1,0,1,0,0,0,0,0,0,0,0,Varg,,Bete innanför stängsel,Fältkontroll - LST,Bedömd som säker,2-0767,Södra Århult,6255146,414812,6258308,1365109,RT90,Mindre bra,2013.10.14,Nej,,Ja,2017.12.14,,2-0767,Markaryd (S),2-07,Kronobergs län (S)
V481226,,2014.01.07,Ja,2014.01.08,,Nöt,,,,2014.01.06,2014.01.07,Nej,0,0,0,0,0,0,0,18,0,0,0,0,0,0,0,0,0,Varg,,Bete innanför stängsel,Fältkontroll - LST,Bedömd som säker,2-1882,S Torpa,6535114,491007,6537486,1444667,RT90,Mindre bra,2014.01.08,Nej,,Ja,2017.12.14,,2-1882,Askersund (S),2-18,Örebro län (S)
V481227,,2014.01.21,Ja,2014.01.21,,Får,,Annan,Texel finull,2014.01.20,2014.01.21,Nej,0,0,0,0,0,0,0,0,3,0,1,0,0,0,0,0,0,Varg,,Bete innanför stängsel,Fältkontroll - LST,Bedömd som säker,2-1766,Sunne,6630658,402252,6634146,1357033,RT90,Mindre bra,2014.01.21,Nej,,Ja,2017.12.14,,2-1766,Sunne (S),2-17,Värmlands län (S)
V481237,,2014.03.21,Ja,2014.03.22,,Får,,Annan,blandras,2014.03.21,2014.03.21,Nej,1,0,0,2,0,0,0,0,0,0,0,0,0,0,0,0,0,Varg,,Bete innanför stängsel,Fältkontroll - LST,Bedömd som säker,2-1760,Väst Nässundet,6592099,455975,6594917,1410311,RT90,Mindre bra,2014.03.22,Nej,,Ja,2017.12.14,,2-1760,Storfors (S),2-17,Värmlands län (S)
V481246,,2014.06.02,Ja,2014.06.02,,Får,,Annan,Blandras,2014.06.01,2014.06.02,Nej,6,0,1,0,0,0,0,0,0,0,0,0,0,0,0,0,0,Varg,,Bete innanför stängsel,Fältkontroll - LST,Bedömd som säker,2-1781,Visnums Kils kyrka,6553152,445466,6556081,1399326,RT90,Mindre bra,2014.06.02,Nej,,Ja,2017.12.14,,2-1781,Kristinehamn (S),2-17,Värmlands län (S)
V481251,,2014.06.05,Ja,2014.06.05,,Får,,,,2014.06.04,2014.06.05,Nej,5,0,1,0,0,0,0,0,4,0,1,0,0,0,0,0,0,Varg,,Bete innanför stängsel,Fältkontroll - LST,Bedömd som säker,2-1435,Rabbalshede,6501161,297072,6505853,1250230,RT90,Mindre bra,2014.06.05,Nej,,Ja,2017.12.14,,2-1435,Tanum (S),2-14,Västra Götalands län (S)
V481257,,2014.06.03,Ja,2014.06.04,,Får,,Annan,Pälsfår,2014.06.02,2014.06.04,Nej,0,0,0,0,4,0,0,0,1,0,0,0,0,0,0,0,0,Varg,,Bete innanför stängsel,Fältkontroll - LST,Bedömd som säker,2-1781,Myrhult,6550514,443854,6553462,1397682,RT90,Mindre bra,2014.06.04,Nej,,Ja,2017.12.14,,2-1781,Kristinehamn (S),2-17,Värmlands län (S)
V481262,,2014.03.22,Ja,2014.03.23,,Får,,,,2014.03.21,2014.03.22,Nej,0,0,0,2,0,0,0,0,0,0,1,0,0,0,0,0,0,Varg,,Bete innanför stängsel,Fältkontroll - LST,Bedömd som säker,2-0665,Grytås Byarum,6371811,441451,6374711,1393137,RT90,Mindre bra,2014.03.23,Nej,,Ja,2017.12.14,,2-0665,Vaggeryd (S),2-06,Jönköpings län (S)
V481270,,2013.05.27,Ja,2013.05.27,,Får,,Annan,Korningar,2013.05.26,2013.05.27,Nej,4,0,1,0,0,0,0,0,9,0,0,0,0,0,0,0,0,Varg,,Bete innanför stängsel,Fältkontroll - LST,Bedömd som säker,2-0883,Gölpefall,6384503,581764,6385740,1533650,RT90,Mindre bra,2013.05.27,Nej,,Ja,2017.12.14,,2-0883,Västervik (S),2-08,Kalmar län (S)
V481278,,2012.12.23,Ja,2012.12.23,,Får,,,,2012.12.22,2012.12.23,Nej,0,0,0,0,2,0,0,0,1,0,0,0,0,0,0,0,0,Varg,,Bete utan stängsel,Fältkontroll - LST,Bedömd som säker,2-1273,Strönhult,6239862,460313,6242483,1410451,RT90,Mindre bra,2012.12.23,Nej,,Ja,2017.12.14,,2-1273,Osby (S),2-12,Skåne län (S)
V481279,,2013.01.06,Ja,2013.01.06,,Får,,,,2013.01.05,2013.01.06,Nej,1,0,0,0,0,0,0,0,0,0,0,0,0,0,0,0,0,Varg,,Bete innanför stängsel,Fältkontroll - LST,Bedömd som säker,2-1230,Swinarpegården,6164802,395935,6168140,1345167,RT90,Mindre bra,2013.01.06,Nej,,Ja,2017.12.14,,2-1230,Staffanstorp (S),2-12,Skåne län (S)
V481287,,2013.01.12,Ja,2013.01.12,,Får,,,,2013.01.11,2013.01.12,Nej,2,0,0,0,0,0,0,0,1,0,0,0,0,0,0,0,0,Varg,,Bete innanför stängsel,Fältkontroll - LST,Bedömd som säker,2-1278,Kattvik,6260430,360868,6264227,1311200,RT90,Mindre bra,2013.01.12,Nej,,Ja,2017.12.14,,2-1278,Båstad (S),2-12,Skåne län (S)
V481291,,2013.03.02,Ja,2013.03.02,,Får,,Annan,Gute,2013.03.02,2013.03.02,Nej,0,0,0,0,2,0,0,0,0,0,0,0,0,0,0,0,0,Varg,,Bete innanför stängsel,Fältkontroll - LST,Bedömd som säker,2-0188,Djupgärd,6637836,685897,6637873,1640853,RT90,Mindre bra,2013.03.02,Nej,,Ja,2017.12.14,,2-0188,Norrtälje (S),2-01,Stockholms län (S)
V481295,,2013.03.08,Ja,2013.03.08,,Får,,Annan,värmland,2013.03.07,2013.03.08,Nej,0,0,0,0,0,0,0,0,1,0,0,0,0,0,0,0,0,Varg,,Bete innanför stängsel,Fältkontroll - LST,Bedömd som säker,2-0763,Binnareboda,6264007,518680,6265953,1469123,RT90,Mindre bra,2013.03.08,Nej,,Ja,2017.12.14,,2-0763,Tingsryd (S),2-07,Kronobergs län (S)
V481306,,2013.06.15,Ja,2013.06.15,,Får,,,,2013.06.14,2013.06.15,Nej,0,0,2,0,6,0,6,0,0,0,0,0,0,0,0,0,0,Varg,,Bete innanför stängsel,Fältkontroll - LST,Bedömd som säker,2-0665,Ålaryd,6365122,436578,6368077,1388183,RT90,Mindre bra,2013.06.15,Nej,,Ja,2017.12.14,,2-0665,Vaggeryd (S),2-06,Jönköpings län (S)
V481309,,2013.08.18,Ja,2013.08.20,,Häst,,Annan,Shetlandsponny,2013.08.08,2013.08.09,Nej,0,0,0,0,0,0,0,0,0,0,2,2,0,0,0,0,0,Varg,,Bete utan stängsel,Fältkontroll - LST,Bedömd som säker,2-2023,Åsjärnbergets fäb,6706329,436672,6709430,1392393,RT90,Mindre bra,2013.08.20,Nej,,Ja,2017.12.14,,2-2023,Malung (S),2-20,Dalarnas län (S)
V481310,,2013.06.15,Ja,2013.06.15,,Får,,Annan,Gottland,2013.06.15,2013.06.15,Nej,0,0,0,0,1,0,0,0,0,0,0,0,0,0,0,0,0,Varg,,Bete utan stängsel,Fältkontroll - LST,Bedömd som säker,2-2039,Billingbodarna fäbod,6792374,414900,6795780,1371670,RT90,Mindre bra,2013.06.15,Nej,,Ja,2017.12.14,,2-2039,Älvdalen (S),2-20,Dalarnas län (S)
V481311,,2013.08.08,Ja,2013.08.08,,Får,,Annan,Gotlandsfår,2013.08.07,2013.08.08,Nej,0,0,0,0,0,0,0,0,2,0,0,0,0,0,0,0,0,Varg,,Bete innanför stängsel,Fältkontroll - LST,Bedömd som säker,2-1884,Gyttorp,6590021,489490,6592432,1443814,RT90,Mindre bra,2013.08.08,Nej,,Ja,2017.12.14,,2-1884,Nora (S),2-18,Örebro län (S)
V481322,,2013.06.28,Ja,2013.06.29,,Får,,Annan,texel/finull,2013.06.24,2013.06.28,Nej,0,0,0,0,0,0,0,0,7,0,3,1,0,0,0,0,0,Varg,,Bete innanför stängsel,Fältkontroll - LST,Bedömd som säker,2-1272,Västanå,6226780,468485,6229300,1418473,RT90,Mindre bra,2013.06.29,Nej,,Ja,2017.12.14,,2-1272,Bromölla (S),2-12,Skåne län (S)
V481325,,2014.06.12,Ja,2014.06.12,,Får,,,,2014.06.12,2014.06.12,Nej,0,0,0,0,0,0,0,0,1,0,0,0,0,0,0,0,0,Varg,,Bete innanför stängsel,Fältkontroll - LST,Bedömd som säker,2-1439,Illesäter,6509230,332525,6513500,1285800,RT90,Mindre bra,2014.06.12,Nej,,Ja,2017.12.14,,2-1439,Färgelanda (S),2-14,Västra Götalands län (S)
V481339,,2013.08.10,Ja,2013.08.10,,Får,,,,2013.08.09,2013.08.10,Nej,3,0,1,0,0,0,0,0,1,0,0,0,0,0,0,0,0,Varg,,Bete innanför stängsel,Fältkontroll - LST,Bedömd som säker,2-1286,Ingelstorp,6141134,440251,6143947,1389230,RT90,Mindre bra,2013.08.10,Nej,,Ja,2017.12.14,,2-1286,Ystad (S),2-12,Skåne län (S)
V481340,,2013.08.11,Ja,2013.08.11,,Får,,Annan,Värmländsk utegångsfår,2013.08.10,2013.08.11,Nej,3,0,0,0,0,0,0,0,3,0,0,0,0,0,0,0,0,Varg,,Bete innanför stängsel,Fältkontroll - LST,Bedömd som säker,2-0862,Yggesryd,6291977,528103,6293822,1478878,RT90,Mindre bra,2013.08.11,Nej,,Ja,2017.12.14,,2-0862,Emmaboda (S),2-08,Kalmar län (S)
V481341,,2013.08.20,Ja,2013.08.20,,Får,,Annan,Finull,2013.08.19,2013.08.20,Nej,0,0,0,0,1,0,0,0,1,0,0,0,0,0,0,0,0,Varg,,Bete innanför stängsel,Fältkontroll - LST,Bedömd som säker,2-1439,Illesäter,6509230,332525,6513500,1285800,RT90,Mindre bra,2013.08.20,Nej,,Ja,2017.12.14,,2-1439,Färgelanda (S),2-14,Västra Götalands län (S)
V481350,,2013.08.16,Ja,2013.08.16,,Får,,Annan,Lantras,2013.08.15,2013.08.16,Nej,1,0,0,0,0,0,0,0,0,0,0,0,0,0,0,0,0,Varg,,Bete innanför stängsel,Fältkontroll - LST,Bedömd som säker,2-1266,Trulshärad,6180099,431572,6183030,1380999,RT90,Mindre bra,2013.08.16,Nej,,Ja,2017.12.14,,2-1266,Hörby (S),2-12,Skåne län (S)
V481355,,2014.04.20,Ja,2014.04.20,,Får,,Annan,Gutefår,2014.04.20,2014.04.20,Nej,0,0,0,1,0,0,1,0,0,0,0,0,0,0,0,0,0,Varg,,Bete innanför stängsel,Fältkontroll - LST,Bedömd som säker,2-1273,Gräsljung 1405 Visseltofta,6253889,432219,6256846,1382509,RT90,Mindre bra,2014.04.20,Nej,,Ja,2017.12.14,,2-1273,Osby (S),2-12,Skåne län (S)
V481358,,2014.05.01,Ja,2014.05.02,,Får,,Annan,Blandras,2014.04.30,2014.05.01,Nej,0,0,0,0,1,0,0,1,0,0,0,0,0,0,0,0,0,Varg,,Bete innanför stängsel,Fältkontroll - LST,Bedömd som säker,2-1760,Östra Klennoret,6591994,456009,6594812,1410344,RT90,Mindre bra,2014.05.02,Nej,,Ja,2017.12.14,,2-1760,Storfors (S),2-17,Värmlands län (S)
V481360,,2013.08.23,Ja,2013.08.23,,Får,,Annan,Gotlands. o Texel,2013.08.22,2013.08.23,Nej,0,0,0,0,0,0,0,0,12,0,5,0,0,0,0,0,0,Varg,,Bete innanför stängsel,Fältkontroll - LST,Bedömd som säker,2-1785,Ölserud,6542759,393589,6546310,1347300,RT90,Mindre bra,2013.08.23,Nej,,Ja,2017.12.14,,2-1785,Säffle (S),2-17,Värmlands län (S)
V481370,,2013.09.01,Ja,2013.09.01,,Får,,Annan,Texel-blandning,2013.08.31,2013.09.01,Nej,10,0,0,0,0,0,0,0,8,0,0,0,0,0,0,0,0,Varg,,Bete innanför stängsel,Fältkontroll - LST,Bedömd som säker,2-1430,Gunnarsbo,6502555,309418,6507100,1262600,RT90,Mindre bra,2013.09.01,Nej,,Ja,2017.12.14,,2-1430,Munkedal (S),2-14,Västra Götalands län (S)
V481371,,2013.09.11,Ja,2013.09.11,,Får,,Annan,Läster,2013.09.11,2013.09.11,Nej,1,0,0,0,0,0,0,0,0,0,0,0,0,0,0,0,0,Varg,,Bete innanför stängsel,Fältkontroll - LST,Bedömd som säker,2-2080,Lundbergs fäbodar,6730135,529153,6732110,1485200,RT90,Mindre bra,2013.09.11,Nej,,Ja,2017.12.14,,2-2080,Falun (S),2-20,Dalarnas län (S)
V481374,,2013.09.16,Ja,2013.09.16,,Får,,,,2013.09.15,2013.09.16,Nej,2,0,0,0,0,0,0,0,5,0,0,0,0,0,0,0,0,Varg,,Bete innanför stängsel,Fältkontroll - LST,Bedömd som säker,2-1430,Munkedal,6488942,311313,6493456,1264332,RT90,Mindre bra,2013.09.16,Nej,,Ja,2017.12.14,,2-1430,Munkedal (S),2-14,Västra Götalands län (S)
V481380,,2013.09.17,Ja,2013.09.18,,Får,,,,2013.09.16,2013.09.17,Nej,4,0,0,0,0,0,0,0,0,0,0,0,0,0,0,0,0,Varg,,Bete innanför stängsel,Fältkontroll - LST,Bedömd som säker,2-1435,Kville,6501111,289047,6505900,1242200,RT90,Mindre bra,2013.09.18,Nej,,Ja,2017.12.14,,2-1435,Tanum (S),2-14,Västra Götalands län (S)
V481387,,2013.10.14,Ja,2013.10.14,,Får,,Annan,Gute,2013.10.13,2013.10.14,Nej,0,0,0,0,0,0,0,0,1,0,0,0,0,0,0,0,0,Varg,,Bete utan stängsel,Fältkontroll - LST,Bedömd som säker,2-1882,Ältetorp 325,6527001,492076,6529357,1445639,RT90,Mindre bra,2013.10.14,Nej,,Ja,2017.12.14,,2-1882,Askersund (S),2-18,Örebro län (S)
V481388,,2013.10.29,Ja,2013.10.29,,Får,,Annan,Gute,2013.10.29,2013.10.29,Nej,0,0,0,0,0,0,0,0,0,0,1,0,0,0,0,0,0,Varg,,Bete innanför stängsel,Fältkontroll - LST,Bedömd som säker,2-1785,Ö.  Lofterud,6583355,358705,6587348,1312890,RT90,Mindre bra,2013.10.29,Nej,,Ja,2017.12.14,,2-1785,Säffle (S),2-17,Värmlands län (S)
V481391,,2013.09.17,Ja,2013.09.18,,Får,,,,2013.09.15,2013.09.16,Nej,0,0,0,0,0,0,0,0,2,0,0,0,0,0,0,0,0,Varg,,Bete innanför stängsel,Fältkontroll - LST,Bedömd som säker,2-1435,Tanum,6514240,283792,6519100,1237100,RT90,Mindre bra,2013.09.18,Nej,,Ja,2017.12.14,,2-1435,Tanum (S),2-14,Västra Götalands län (S)
V481401,,2013.09.18,Ja,2013.09.18,,Får,,,,2013.09.16,2013.09.17,Nej,1,0,0,0,0,0,0,0,0,0,0,0,0,0,0,0,0,Varg,,Bete innanför stängsel,Fältkontroll - LST,Bedömd som säker,2-1781,Sågartorpet,6577007,452990,6579855,1407142,RT90,Mindre bra,2013.09.18,Nej,,Ja,2017.12.14,,2-1781,Kristinehamn (S),2-17,Värmlands län (S)
V481403,,2013.09.20,Ja,2013.09.20,,Får,,Annan,Texel,2013.09.19,2013.09.20,Nej,2,0,0,0,3,0,0,0,9,0,0,0,0,0,0,0,0,Varg,,Bete innanför stängsel,Fältkontroll - LST,Bedömd som säker,2-1435,Kville,6494738,287856,6499537,1240931,RT90,Mindre bra,2013.09.20,Nej,,Ja,2017.12.14,,2-1435,Tanum (S),2-14,Västra Götalands län (S)
V481404,,2013.09.15,Ja,2013.09.15,,Får,,,,2013.09.14,2013.09.15,Nej,0,0,0,0,1,0,1,0,0,0,0,0,0,0,0,0,0,Varg,,Bete innanför stängsel,Fältkontroll - LST,Bedömd som säker,2-1435,Rabbalshede,6501161,297072,6505853,1250230,RT90,Mindre bra,2013.09.15,Nej,,Ja,2017.12.14,,2-1435,Tanum (S),2-14,Västra Götalands län (S)
V481409,,2013.09.23,Ja,2013.09.23,,Får,,Annan,Gotlandsfår,2013.09.21,2013.09.23,Nej,0,0,0,0,0,0,0,0,2,0,0,0,0,0,0,0,0,Varg,,Bete innanför stängsel,Fältkontroll - LST,Bedömd som säker,2-1882,Mariedamm,6523323,511172,6525448,1464698,RT90,Mindre bra,2013.09.23,Nej,,Ja,2017.12.14,,2-1882,Askersund (S),2-18,Örebro län (S)
V481424,,2012.08.28,Ja,2012.08.28,,Nöt,,Annan,Fjällko,2012.08.26,2012.08.28,Nej,0,0,0,0,1,0,0,1,1,0,0,0,0,0,0,0,0,Varg,,Bete utan stängsel,Fältkontroll - LST,Bedömd som säker,2-2023,Öjskogsfjället,6797605,391261,6801305,1348085,RT90,Mindre bra,2012.08.28,Nej,,Ja,2017.12.14,,2-2023,Malung (S),2-20,Dalarnas län (S)
V481429,,2012.09.10,Ja,2012.09.10,,Får,,Annan,Texel / afrikansk dvärg,2012.09.10,2012.09.10,Nej,1,0,0,0,0,0,0,0,1,0,0,0,0,0,0,0,0,Varg,,Bete innanför stängsel,Fältkontroll - LST,Bedömd som säker,2-2061,Resmoren,6664381,539331,6666211,1494576,RT90,Mindre bra,2012.09.10,Nej,,Ja,2017.12.14,,2-2061,Smedjebacken (S),2-20,Dalarnas län (S)
V481430,,2012.09.10,Ja,2012.09.10,,Får,,Annan,Gottlands får,2012.09.09,2012.09.10,Nej,1,0,0,0,0,0,0,0,2,0,0,0,0,0,0,0,0,Varg,,Bete innanför stängsel,Fältkontroll - LST,Bedömd som säker,2-2080,Övertänger,6748037,541129,6749871,1497400,RT90,Mindre bra,2012.09.10,Nej,,Ja,2017.12.14,,2-2080,Falun (S),2-20,Dalarnas län (S)
V481445,,2013.06.01,Ja,2013.06.01,,Får,,Annan,Svärdsjöfår,2013.05.31,2013.06.01,Nej,0,0,0,0,0,0,0,0,4,0,0,0,0,0,0,0,0,Varg,,Bete innanför stängsel,Fältkontroll - LST,Bedömd som säker,2-0883,Långvik,6393472,596234,6394540,1548230,RT90,Mindre bra,2013.06.01,Nej,,Ja,2017.12.14,,2-0883,Västervik (S),2-08,Kalmar län (S)
V481448,,2012.09.24,Ja,2012.09.24,,Får,,Annan,korsn,2012.09.24,2012.09.24,Nej,2,0,0,1,0,0,0,0,0,0,0,0,0,0,0,0,0,Varg,,Bete innanför stängsel,Fältkontroll - LST,Bedömd som säker,2-0380,Ubby Dalby,6628615,639068,6629220,1593903,RT90,Mindre bra,2012.09.24,Nej,,Ja,2017.12.14,,2-0380,Uppsala (S),2-03,Uppsala län (S)
V481456,,2012.08.03,Ja,2012.08.03,,Får,,Annan,Gotländskt pälsfår,2012.08.01,2012.08.02,Nej,0,0,0,0,2,0,0,1,3,0,3,1,0,0,0,0,0,Varg,,Bete innanför stängsel,Fältkontroll - LST,Bedömd som säker,2-1885,Björkhyttan 135,6609776,513728,6611900,1468300,RT90,Mindre bra,2012.08.03,Nej,,Ja,2017.12.14,,2-1885,Lindesberg (S),2-18,Örebro län (S)
V481457,,2012.07.01,Ja,2012.07.01,,Får,,Annan,Blandras,2012.06.29,2012.06.30,Nej,0,0,0,0,0,0,0,0,7,0,0,2,0,0,0,0,0,Varg,,Bete innanför stängsel,Fältkontroll - LST,Bedömd som säker,2-1884,"Bondbyn, Holmen 104",6595415,508304,6597600,1462700,RT90,Mindre bra,2012.07.01,Nej,,Ja,2017.12.14,,2-1884,Nora (S),2-18,Örebro län (S)
V481469,,2013.01.19,Ja,2013.01.19,,Get,,,,2013.01.18,2013.01.19,Nej,0,0,0,0,0,0,0,0,1,0,0,0,0,0,0,0,0,Varg,,Bete utan stängsel,Fältkontroll - LST,Bedömd som säker,2-1384,Gröna Bur,6381337,321894,6385662,1273633,RT90,Mindre bra,2013.01.19,Nej,,Ja,2017.12.14,,2-1384,Kungsbacka (S),2-13,Hallands län (S)
V481470,,2013.01.17,Ja,2013.01.17,,Får,,,,2013.01.16,2013.01.17,Nej,0,0,0,0,0,0,0,0,5,0,1,0,0,0,0,0,0,Varg,,Bete innanför stängsel,Fältkontroll - LST,Bedömd som säker,2-1480,Billdal,6385405,319136,6389765,1270922,RT90,Mindre bra,2013.01.17,Nej,,Ja,2017.12.14,,2-1480,Göteborg (S),2-14,Västra Götalands län (S)
V481475,,2013.08.09,Ja,2013.08.09,,Häst,,Annan,Shetlandsponny,2013.08.08,2013.08.08,Nej,0,0,0,0,0,0,0,0,1,0,0,0,0,0,0,0,0,Varg,,Bete utan stängsel,Fältkontroll - LST,Bedömd som säker,2-2023,Åtjärnbergets fäb,6706329,436672,6709430,1392393,RT90,Mindre bra,2013.08.09,Nej,,Ja,2017.12.14,,2-2023,Malung (S),2-20,Dalarnas län (S)
V481480,,2013.08.12,Ja,2013.08.13,,Får,,,,2013.08.12,2013.08.12,Nej,0,0,0,0,0,0,0,0,0,0,1,1,0,0,0,0,0,Varg,,Bete utan stängsel,Fältkontroll - LST,Bedömd som säker,2-2023,Liselen,6732808,415973,6736174,1372010,RT90,Mindre bra,2013.08.13,Nej,,Ja,2017.12.14,,2-2023,Malung (S),2-20,Dalarnas län (S)
V481481,,2013.08.16,Ja,2013.08.16,,Får,,,,2013.08.15,2013.08.16,Nej,4,0,0,0,0,0,0,0,1,0,0,0,0,0,0,0,0,Varg,,Bete innanför stängsel,Fältkontroll - LST,Bedömd som säker,2-1907,Fermansbo,6631753,564422,6633267,1519277,RT90,Mindre bra,2013.08.16,Nej,,Ja,2017.12.14,,2-1907,Surahammar (S),2-19,Västmanlands län (S)
V481482,,2013.09.05,Ja,2013.09.05,,Får,,Annan,Texel + Finull,2013.09.05,2013.09.05,Nej,1,0,0,0,0,0,0,0,0,0,0,0,0,0,0,0,0,Varg,,Bete innanför stängsel,Fältkontroll - LST,Bedömd som säker,2-1781,Ölme,6583960,445638,6586900,1399871,RT90,Mindre bra,2013.09.05,Nej,,Ja,2017.12.14,,2-1781,Kristinehamn (S),2-17,Värmlands län (S)
V481492,,2013.03.17,Ja,2013.03.17,,Får,,Annan,blandras,2013.03.15,2013.03.17,Nej,0,0,0,0,0,0,0,0,1,0,0,0,0,0,0,0,0,Varg,,Bete innanför stängsel,Fältkontroll - LST,Bedömd som säker,2-0763,Lidanäs,6264519,519939,6266450,1470389,RT90,Mindre bra,2013.03.17,Nej,,Ja,2017.12.14,,2-0763,Tingsryd (S),2-07,Kronobergs län (S)
V481495,,2013.02.26,Ja,2013.02.26,,Får,,Annan,Gotlandsfår,2013.02.26,2013.02.26,Nej,0,0,0,0,0,0,0,0,2,0,0,0,0,0,0,0,0,Varg,,Bete innanför stängsel,Fältkontroll - LST,Bedömd som säker,2-1880,Rånnesta 405,6578605,503940,6580837,1458131,RT90,Mindre bra,2013.02.26,Nej,,Ja,2017.12.14,,2-1880,Örebro (S),2-18,Örebro län (S)
V481496,,2013.02.28,Ja,2013.02.28,,Får,,Annan,blandras,2013.02.28,2013.02.28,Nej,2,0,1,0,0,0,0,0,0,0,0,0,0,0,0,0,0,Varg,,Bete innanför stängsel,Fältkontroll - LST,Bedömd som säker,2-1880,Gräve 454,6571702,504718,6573922,1458825,RT90,Mindre bra,2013.02.28,Nej,,Ja,2017.12.14,,2-1880,Örebro (S),2-18,Örebro län (S)
V481497,,2013.03.03,Ja,2013.03.03,,Får,,Annan,blandras,2013.03.03,2013.03.03,Nej,0,0,0,0,0,0,1,0,1,0,1,0,0,0,0,0,0,Varg,,Bete innanför stängsel,Fältkontroll - LST,Bedömd som säker,2-1880,Balsna 218,6579152,520157,6581187,1474360,RT90,Mindre bra,2013.03.03,Nej,,Ja,2017.12.14,,2-1880,Örebro (S),2-18,Örebro län (S)
V481499,,2013.04.18,Ja,2013.04.18,,Får,,,,2013.04.17,2013.04.18,Nej,1,0,0,1,0,0,0,0,0,0,2,0,0,0,0,0,0,Varg,,Bete innanför stängsel,Fältkontroll - LST,Bedömd som säker,2-1463,Sätila,6380139,344723,6384192,1296461,RT90,Mindre bra,2013.04.18,Nej,,Ja,2017.12.14,,2-1463,Mark (S),2-14,Västra Götalands län (S)
V481500,,2013.04.18,Ja,2013.04.18,,Får,,,,2013.04.17,2013.04.18,Nej,0,0,0,0,0,0,0,0,5,0,2,0,0,0,0,0,0,Varg,,Bete innanför stängsel,Fältkontroll - LST,Bedömd som säker,2-1463,Sätila,6378532,344655,6382585,1296373,RT90,Mindre bra,2013.04.18,Nej,,Ja,2017.12.14,,2-1463,Mark (S),2-14,Västra Götalands län (S)
V481512,,2013.04.25,Ja,2013.04.25,,Annat djur,Alpacka,,,2013.04.24,2013.04.25,Nej,1,0,1,0,0,0,0,0,5,0,0,0,0,0,0,0,0,Varg,,Bete innanför stängsel,Fältkontroll - LST,Bedömd som säker,2-1780,Smedstad,6595088,402596,6598555,1356945,RT90,Mindre bra,2013.04.25,Nej,,Ja,2017.12.14,,2-1780,Karlstad (S),2-17,Värmlands län (S)
V481513,,2013.02.28,Ja,2013.02.28,,Får,,Annan,Blandras,2013.02.28,2013.02.28,Nej,2,0,1,0,0,0,0,0,0,0,0,0,0,0,0,0,0,Varg,,Bete innanför stängsel,Fältkontroll - LST,Bedömd som säker,2-1880,Gräve 454,6571702,504718,6573922,1458825,RT90,Mindre bra,2013.02.28,Nej,,Ja,2017.12.14,,2-1880,Örebro (S),2-18,Örebro län (S)
V481520,,2013.05.13,Ja,2013.05.13,,Får,,,,2013.05.12,2013.05.13,Nej,0,0,0,0,0,0,0,0,5,0,0,0,0,0,0,0,0,Varg,,Bete innanför stängsel,Fältkontroll - LST,Bedömd som säker,2-1273,V.Gisslaboda,6247268,458301,6249916,1408525,RT90,Mindre bra,2013.05.13,Nej,,Ja,2017.12.14,,2-1273,Osby (S),2-12,Skåne län (S)
V481521,,2013.05.14,Ja,2013.05.14,,Får,,,,2013.05.13,2013.05.14,Nej,0,0,0,2,0,0,0,0,2,0,1,0,0,0,0,0,0,Varg,,Bete innanför stängsel,Fältkontroll - LST,Bedömd som säker,2-0834,Djursvik,6255194,568489,6256553,1518844,RT90,Mindre bra,2013.05.14,Nej,,Ja,2017.12.14,,2-0834,Torsås (S),2-08,Kalmar län (S)
V481522,,2013.05.26,Ja,2013.05.26,,Får,,Annan,x,2013.05.25,2013.05.26,Nej,0,0,0,0,0,0,0,0,1,0,0,0,0,0,0,0,0,Varg,,Bete innanför stängsel,Fältkontroll - LST,Bedömd som säker,2-1737,Bada,6660611,393428,6664220,1348570,RT90,Mindre bra,2013.05.26,Nej,,Ja,2017.12.14,,2-1737,Torsby (S),2-17,Värmlands län (S)
V481531,,2013.06.04,Ja,2013.06.04,,Får,,Annan,Korsningar,2013.06.03,2013.06.04,Nej,3,0,2,1,0,0,0,0,1,0,0,0,0,0,0,0,0,Varg,,Bete innanför stängsel,Fältkontroll - LST,Bedömd som säker,2-0883,Gölpefall,6384503,581764,6385740,1533650,RT90,Mindre bra,2013.06.04,Nej,,Ja,2017.12.14,,2-0883,Västervik (S),2-08,Kalmar län (S)
V481534,,2013.07.06,Ja,2013.07.07,,Nöt,,Annan,Blandras_ köttdjur,2013.07.05,2013.07.06,Nej,1,0,0,0,0,0,0,0,0,0,0,0,0,0,0,0,0,Varg,,Bete innanför stängsel,Fältkontroll - LST,Bedömd som säker,2-1783,"Näs, norr Ekshärad",6673518,417205,6676843,1372516,RT90,Mindre bra,2013.07.07,Nej,,Ja,2017.12.14,,2-1783,Hagfors (S),2-17,Värmlands län (S)
V481535,,2013.07.08,Ja,2013.07.09,,Får,,Annan,Vet ej,2013.07.06,2013.07.07,Nej,1,0,0,0,0,0,0,0,0,0,0,0,0,0,0,0,0,Varg,,Bete innanför stängsel,Fältkontroll - LST,Bedömd som säker,2-1439,Färgelanda,6494151,325310,6498500,1278400,RT90,Mindre bra,2013.07.09,Nej,,Ja,2017.12.14,,2-1439,Färgelanda (S),2-14,Västra Götalands län (S)
V481536,,2013.07.05,Ja,2013.07.05,,Får,,Annan,Gutefår,2013.07.04,2013.07.05,Nej,5,0,0,0,0,0,0,0,3,0,0,0,0,0,0,0,0,Varg,,Bete innanför stängsel,Fältkontroll - LST,Bedömd som säker,2-1884,Järnboås,6611525,493114,6613900,1447700,RT90,Mindre bra,2013.07.05,Nej,,Ja,2017.12.14,,2-1884,Nora (S),2-18,Örebro län (S)
V481537,,2013.07.15,Ja,2013.07.15,,Nöt,,Annan,Charolais,2013.07.14,2013.07.15,Nej,1,0,0,0,0,0,0,0,0,0,0,0,0,0,0,0,0,Varg,,Bete innanför stängsel,Fältkontroll - LST,Bedömd som säker,2-1780,Brakerud,6587907,404238,6591351,1358501,RT90,Mindre bra,2013.07.15,Nej,,Ja,2017.12.14,,2-1780,Karlstad (S),2-17,Värmlands län (S)
V481539,,2013.03.08,Ja,2013.03.08,,Får,,Annan,Oxfordown,2013.03.05,2013.03.08,Nej,1,0,0,0,0,0,0,0,1,0,0,0,0,0,0,0,0,Varg,,Bete innanför stängsel,Fältkontroll - LST,Bedömd som säker,2-0764,"Strömhult, Alvesta kommun",6329983,461581,6332627,1412780,RT90,Mindre bra,2013.03.08,Nej,,Ja,2017.12.14,,2-0764,Alvesta (S),2-07,Kronobergs län (S)
V481549,,2013.06.10,Ja,2013.06.10,,Får,,Annan,Texel,2013.06.09,2013.06.10,Nej,0,0,0,0,0,0,0,0,1,0,0,0,0,0,0,0,0,Varg,,Bete innanför stängsel,Fältkontroll - LST,Bedömd som säker,2-0882,Bråhult,6357194,570296,6358560,1521855,RT90,Mindre bra,2013.06.10,Nej,,Ja,2017.12.14,,2-0882,Oskarshamn (S),2-08,Kalmar län (S)
V481550,,2013.06.08,Ja,2013.06.08,,Får,,Annan,korsning,2013.06.08,2013.06.08,Nej,0,0,0,0,0,0,0,0,2,0,2,0,0,0,0,0,0,Varg,,Bete innanför stängsel,Fältkontroll - LST,Bedömd som säker,2-0763,Bäckaskog,6259582,488872,6261876,1439252,RT90,Mindre bra,2013.06.08,Nej,,Ja,2017.12.14,,2-0763,Tingsryd (S),2-07,Kronobergs län (S)
V481555,,2013.06.06,Ja,2013.06.06,,Får,,Annan,Blandras,2013.05.06,2013.06.06,Nej,0,0,0,0,0,0,0,0,1,0,0,0,0,0,0,0,0,Varg,,Bete innanför stängsel,Fältkontroll - LST,Bedömd som säker,2-0188,Gryta 5:19,6643106,716573,6642770,1671597,RT90,Mindre bra,2013.06.06,Nej,,Ja,2017.12.14,,2-0188,Norrtälje (S),2-01,Stockholms län (S)
V481568,,2012.06.26,Ja,2012.06.26,,Får,,Annan,Blandras,2012.06.25,2012.06.26,Nej,12,0,0,1,2,0,0,0,2,0,0,0,0,0,0,0,0,Varg,,Bete innanför stängsel,Fältkontroll - LST,Bedömd som säker,2-2029,Tällberg,6728649,517619,6730766,1473644,RT90,Mindre bra,2012.06.26,Nej,,Ja,2017.12.14,,2-2029,Leksand (S),2-20,Dalarnas län (S)
V481570,,2012.06.21,Ja,2012.06.21,,Får,,Annan,korsning,2012.06.19,2012.06.21,Nej,12,0,0,0,0,0,0,0,7,0,0,1,0,0,0,0,0,Varg,,Bete utan stängsel,Fältkontroll - LST,Bedömd som säker,2-0382,Lilla Risten Gräsö,6694481,697396,6694386,1653045,RT90,Mindre bra,2012.06.21,Nej,,Ja,2017.12.14,,2-0382,Östhammar (S),2-03,Uppsala län (S)
V481573,,2012.07.01,Ja,2012.07.01,,Får,,Annan,Blandras_ kött,2012.06.29,2012.06.30,Nej,0,0,0,0,0,0,0,0,3,0,4,2,0,0,0,0,0,Varg,,Bete innanför stängsel,Fältkontroll - LST,Bedömd som säker,2-1884,Östanbergshyttan,6595415,508304,6597600,1462700,RT90,Mindre bra,2012.07.01,Nej,,Ja,2017.12.14,,2-1884,Nora (S),2-18,Örebro län (S)
V481583,,2012.07.29,Ja,2012.07.29,,Får,,Annan,Lås,2012.07.27,2012.07.29,Nej,9,0,0,1,2,0,0,0,6,0,0,2,0,0,0,0,0,Varg,,Bete innanför stängsel,Fältkontroll - LST,Bedömd som säker,2-2080,Alderbacka fäb,6751282,546587,6753050,1502900,RT90,Mindre bra,2012.07.29,Nej,,Ja,2017.12.14,,2-2080,Falun (S),2-20,Dalarnas län (S)
V481592,,2013.05.16,Ja,2013.05.17,,Får,,Annan,Gute,2013.05.15,2013.05.16,Nej,0,0,0,1,1,0,0,0,2,0,0,0,0,0,0,0,0,Varg,,Bete innanför stängsel,Fältkontroll - LST,Bedömd som säker,2-1430,Fisketorp,6498840,312081,6503350,1265220,RT90,Mindre bra,2013.05.17,Nej,,Ja,2017.12.14,,2-1430,Munkedal (S),2-14,Västra Götalands län (S)
V481605,,2013.05.17,Ja,2013.05.17,,Får,,Annan,Texel-finull2,2013.05.15,2013.05.17,Nej,2,0,0,1,0,0,0,0,3,0,0,0,0,0,0,0,0,Varg,,Bete innanför stängsel,Fältkontroll - LST,Bedömd som säker,2-0765,Väster Bromåla Häradsbäck,6262847,463609,6265439,1414018,RT90,Mindre bra,2013.05.17,Nej,,Ja,2017.12.14,,2-0765,Älmhult (S),2-07,Kronobergs län (S)
V481612,,2012.09.06,Ja,2012.09.06,,Får,,Annan,Gutefår,2012.09.05,2012.09.06,Nej,0,0,0,0,0,0,0,0,4,0,1,0,0,0,0,0,0,Varg,,Bete innanför stängsel,Fältkontroll - LST,Bedömd som säker,2-2080,Övertänger,6748981,541609,6750809,1497892,RT90,Mindre bra,2012.09.06,Nej,,Ja,2017.12.14,,2-2080,Falun (S),2-20,Dalarnas län (S)
V481617,,2012.09.07,Ja,2012.09.07,,Får,,Annan,Kött,2012.09.06,2012.09.07,Nej,0,0,0,0,0,0,0,0,1,0,0,0,0,0,0,0,0,Varg,,Bete innanför stängsel,Fältkontroll - LST,Bedömd som säker,2-2101,"Nybacka, norr om Ockelb",6757556,590280,6758788,1546682,RT90,Mindre bra,2012.09.07,Nej,,Ja,2017.12.14,,2-2101,Ockelbo (S),2-21,Gävleborgs län (S)
V481625,,2012.09.30,Ja,2012.09.30,,Får,,,,2012.09.29,2012.09.30,Nej,0,0,0,0,0,0,0,0,6,0,2,0,0,0,0,0,0,Varg,,Bete innanför stängsel,Fältkontroll - LST,Bedömd som säker,2-0761,Arnaskruv,6293424,526718,6295285,1477510,RT90,Mindre bra,2012.09.30,Nej,,Ja,2017.12.14,,2-0761,Lessebo (S),2-07,Kronobergs län (S)
V481632,,2012.09.24,Ja,2012.09.24,,Får,,Annan,Blandat,2012.09.24,2012.09.24,Nej,1,0,0,0,0,0,0,0,0,0,0,0,0,0,0,0,0,Varg,,Bete innanför stängsel,Fältkontroll - LST,Bedömd som säker,2-2083,Sjulsbo,6675185,554453,6676834,1509835,RT90,Mindre bra,2012.09.24,Nej,,Ja,2017.12.14,,2-2083,Hedemora (S),2-20,Dalarnas län (S)
V481635,,2013.06.06,Ja,2013.06.06,,Får,,Annan,Finull,2013.06.06,2013.06.06,Nej,0,0,0,0,0,0,1,0,0,0,0,0,0,0,0,0,0,Varg,,Bete innanför stängsel,Fältkontroll - LST,Bedömd som säker,2-0665,Gislaköp,6367828,437104,6370778,1388741,RT90,Mindre bra,2013.06.06,Nej,,Ja,2017.12.14,,2-0665,Vaggeryd (S),2-06,Jönköpings län (S)
V481636,,2013.06.09,Ja,2013.06.09,,Får,,,,2013.06.08,2013.06.09,Nej,12,0,2,0,9,0,2,0,0,0,0,0,0,0,0,0,0,Varg,,Bete innanför stängsel,Fältkontroll - LST,Bedömd som säker,2-0662,Hallforsen,6374899,430742,6377927,1382460,RT90,Mindre bra,2013.06.09,Nej,,Ja,2017.12.14,,2-0662,Gislaved (S),2-06,Jönköpings län (S)
V481638,,2013.06.15,Ja,2013.06.15,,Får,,,,2013.06.14,2013.06.15,Nej,5,0,2,0,0,0,0,0,3,0,0,0,0,0,0,0,0,Varg,,Bete innanför stängsel,Fältkontroll - LST,Bedömd som säker,2-0761,Backa,6281950,518213,6283908,1468867,RT90,Mindre bra,2013.06.15,Nej,,Ja,2017.12.14,,2-0761,Lessebo (S),2-07,Kronobergs län (S)
V481640,,2012.10.06,Ja,2012.10.06,,Får,,,,2012.10.05,2012.10.06,Nej,1,0,0,0,0,0,0,0,0,0,0,0,0,0,0,0,0,Varg,,Bete innanför stängsel,Fältkontroll - LST,Bedömd som säker,2-1381,Vippentorpet,6263467,391608,6266905,1341991,RT90,Mindre bra,2012.10.06,Nej,,Ja,2017.12.14,,2-1381,Laholm (S),2-13,Hallands län (S)
V481652,,2012.11.08,Ja,2012.11.08,,Får,,,,2012.11.07,2012.11.08,Nej,0,0,0,0,0,0,0,0,0,0,1,0,0,0,0,0,0,Varg,,Bete innanför stängsel,Fältkontroll - LST,Bedömd som säker,2-1499,Munkabo 3,6462667,430412,6465738,1383177,RT90,Mindre bra,2012.11.08,Nej,,Ja,2017.12.14,,2-1499,Falköping (S),2-14,Västra Götalands län (S)
V481655,,2012.11.03,Ja,2012.11.03,,Får,,Annan,Kött/skinn,2012.11.02,2012.11.03,Nej,0,0,0,0,0,0,0,0,30,0,0,10,0,0,0,0,0,Varg,,Bete innanför stängsel,Fältkontroll - LST,Bedömd som säker,2-1880,Ervalla,6587717,516494,6589800,1470800,RT90,Mindre bra,2012.11.03,Nej,,Ja,2017.12.14,,2-1880,Örebro (S),2-18,Örebro län (S)
V481661,,2012.11.02,Ja,2012.11.03,,Får,,,,2012.11.02,2012.11.03,Nej,0,0,0,0,0,0,0,0,0,0,8,0,0,0,0,0,0,Varg,,Bete innanför stängsel,Fältkontroll - LST,Bedömd som säker,2-1880,Halvbackens gård,6587717,516494,6589800,1470800,RT90,Mindre bra,2012.11.03,Nej,,Ja,2017.12.14,,2-1880,Örebro (S),2-18,Örebro län (S)
V481666,,2012.08.26,Ja,2012.08.26,,Får,,,,2012.08.26,2012.08.26,Nej,3,0,0,0,0,0,0,0,8,0,0,0,0,0,0,0,0,Varg,,Bete innanför stängsel,Fältkontroll - LST,Bedömd som säker,2-2121,Ovanåker,6799450,557465,6801098,1514374,RT90,Mindre bra,2012.08.26,Nej,,Ja,2017.12.14,,2-2121,Ovanåker (S),2-21,Gävleborgs län (S)
V481671,,2013.03.14,Ja,2013.03.15,,Får,,Annan,x,2013.03.14,2013.03.14,Nej,0,0,0,0,0,0,0,0,1,0,0,0,0,0,0,0,0,Varg,,Bete innanför stängsel,Fältkontroll - LST,Bedömd som säker,2-1784,Strand,6609336,383667,6613040,1338180,RT90,Mindre bra,2013.03.15,Nej,,Ja,2017.12.14,,2-1784,Arvika (S),2-17,Värmlands län (S)
V481677,,2013.03.28,Ja,2013.03.28,,Får,,,,2013.03.27,2013.03.28,Nej,0,0,0,0,0,0,0,0,6,0,0,0,0,0,0,0,0,Varg,,Bete innanför stängsel,Fältkontroll - LST,Bedömd som säker,2-1485,Laneberg,6470573,311001,6475080,1263800,RT90,Mindre bra,2013.03.28,Nej,,Ja,2017.12.14,,2-1485,Uddevalla (S),2-14,Västra Götalands län (S)
V481687,,2012.10.30,Ja,2012.10.30,,Får,,,,2012.10.29,2012.10.30,Nej,7,0,0,0,0,0,0,0,4,0,0,0,0,0,0,0,0,Varg,,Bete innanför stängsel,Fältkontroll - LST,Bedömd som säker,2-1291,Älmhult 28,6164967,447149,6167710,1396407,RT90,Mindre bra,2012.10.30,Nej,,Ja,2017.12.14,,2-1291,Simrishamn (S),2-12,Skåne län (S)
V481695,,2012.10.24,Ja,2012.11.03,,Får,,,,2012.10.23,2012.10.24,Nej,2,0,0,0,1,0,0,0,20,0,15,0,0,0,0,0,0,Varg,,Bete innanför stängsel,Fältkontroll - LST,Bedömd som säker,2-1291,Ravlunda skjutfält,6178054,448806,6180783,1398217,RT90,Mindre bra,2012.11.03,Nej,,Ja,2017.12.14,,2-1291,Simrishamn (S),2-12,Skåne län (S)
V481699,,2011.10.23,Ja,2011.10.23,,Får,,Annan,Blandras,2011.10.22,2011.10.23,Nej,1,0,0,0,0,0,0,0,0,0,0,0,0,0,0,0,0,Varg,,Bete innanför stängsel,Fältkontroll - LST,Bedömd som säker,2-2121,Skräddrabo,6784264,547584,6786030,1504303,RT90,Mindre bra,2011.10.23,Nej,,Ja,2017.12.14,,2-2121,Ovanåker (S),2-21,Gävleborgs län (S)
V481700,,2011.10.18,Ja,2011.10.19,,Får,,Annan,Skogsfår / blandning,2011.10.17,2011.10.18,Nej,9,0,2,0,0,0,0,0,16,0,4,0,0,0,0,0,0,Varg,,Bete innanför stängsel,Fältkontroll - LST,Bedömd som säker,2-2023,Bölet Vallerås Malung,6731719,423693,6734990,1379720,RT90,Mindre bra,2011.10.19,Nej,,Ja,2017.12.14,,2-2023,Malung (S),2-20,Dalarnas län (S)
V481701,,2011.10.25,Ja,2011.10.25,,Får,,Annan,Kött,2011.10.25,2011.10.25,Nej,0,0,0,0,0,0,0,0,1,0,0,0,0,0,0,0,0,Varg,,Bete innanför stängsel,Fältkontroll - LST,Bedömd som säker,2-2181,Hagmuren,6725488,578586,6726855,1534591,RT90,Mindre bra,2011.10.25,Nej,,Ja,2017.12.14,,2-2181,Sandviken (S),2-21,Gävleborgs län (S)
V481711,,2011.12.14,Ja,2011.12.14,,Fjäderfä,,,,2011.12.14,2011.12.14,Nej,4,0,0,0,1,0,0,0,3,0,2,0,0,0,0,0,0,Varg,,Bete innanför stängsel,Fältkontroll - LST,Bedömd som säker,2-1401,Ålyckevägen 18,6396911,336450,6401072,1288383,RT90,Mindre bra,2011.12.14,Nej,,Ja,2017.12.14,,2-1401,Härryda (S),2-14,Västra Götalands län (S)
V481716,,2013.01.31,Ja,2013.01.31,,Får,,,,2013.01.30,2013.01.31,Nej,0,0,0,0,0,0,0,0,3,0,2,0,0,0,0,0,0,Varg,,Bete innanför stängsel,Fältkontroll - LST,Bedömd som säker,2-1421,Svanesund,6451739,306931,6456284,1259502,RT90,Mindre bra,2013.01.31,Nej,,Ja,2017.12.14,,2-1421,Orust (S),2-14,Västra Götalands län (S)
V481718,,2013.02.03,Ja,2013.02.03,,Get,,,,2013.02.02,2013.02.03,Nej,1,0,0,0,0,0,0,0,1,0,0,0,0,0,0,0,0,Varg,,Bete innanför stängsel,Fältkontroll - LST,Bedömd som säker,2-1884,Älvhyttan,6589586,489182,6592000,1443500,RT90,Mindre bra,2013.02.03,Nej,,Ja,2017.12.14,,2-1884,Nora (S),2-18,Örebro län (S)
V481719,,2013.02.08,Ja,2013.02.08,,Får,,,,2013.02.07,2013.02.08,Nej,0,0,0,0,1,0,1,0,0,0,0,0,0,0,0,0,0,Varg,,Bete innanför stängsel,Fältkontroll - LST,Bedömd som säker,2-1291,Ravlunda skjutfält,6179347,446815,6182100,1396240,RT90,Mindre bra,2013.02.08,Nej,,Ja,2017.12.14,,2-1291,Simrishamn (S),2-12,Skåne län (S)
V481722,,2012.04.22,Ja,2012.04.22,,Får,,Annan,Vet ej,2012.04.22,2012.04.22,Nej,0,0,0,0,0,0,0,0,2,0,0,0,0,0,0,0,0,Varg,,Bete innanför stängsel,Fältkontroll - LST,Bedömd som säker,2-1460,Gustavsfors,6562132,335085,6566400,1289000,RT90,Mindre bra,2012.04.22,Nej,,Ja,2017.12.14,,2-1460,Bengtsfors (S),2-14,Västra Götalands län (S)
V481724,,2012.04.25,Ja,2012.04.25,,Får,,Annan,Texel - Finull,2012.04.25,2012.04.25,Nej,5,0,0,2,0,0,0,0,2,0,0,1,0,0,0,0,0,Varg,,Bete innanför stängsel,Fältkontroll - LST,Bedömd som säker,2-2080,Bengtsheden,6728205,547856,6729950,1503885,RT90,Mindre bra,2012.04.25,Nej,,Ja,2017.12.14,,2-2080,Falun (S),2-20,Dalarnas län (S)
V481732,,2012.01.17,Ja,2012.01.17,,Får,,Annan,x,2012.01.16,2012.01.17,Nej,0,0,0,0,0,0,0,0,1,0,0,0,0,0,0,0,0,Varg,,Bete innanför stängsel,Fältkontroll - LST,Bedömd som säker,2-1730,Bondestorp,6610209,346412,6614366,1300917,RT90,Mindre bra,2012.01.17,Nej,,Ja,2017.12.14,,2-1730,Eda (S),2-17,Värmlands län (S)
V481742,,2012.02.24,Ja,2012.02.24,,Nöt,,,,2012.02.23,2012.02.24,Nej,1,0,0,0,0,0,0,0,0,0,0,0,0,0,0,0,0,Varg,,Bete innanför stängsel,Fältkontroll - LST,Bedömd som säker,2-1492,Sandbol,6536014,357288,6540000,1310900,RT90,Mindre bra,2012.02.24,Nej,,Ja,2017.12.14,,2-1492,Åmål (S),2-14,Västra Götalands län (S)
V481750,,2012.05.27,Ja,2012.05.28,,Får,,Annan,Gutefår,2012.05.27,2012.05.27,Nej,0,0,0,0,0,0,0,0,2,0,0,0,0,0,0,0,0,Varg,,Bete innanför stängsel,Fältkontroll - LST,Bedömd som säker,2-0360,Skaten Hållnäs,6706232,669587,6706479,1625376,RT90,Mindre bra,2012.05.28,Nej,,Ja,2017.12.14,,2-0360,Tierp (S),2-03,Uppsala län (S)
V481751,,2012.05.18,Ja,2012.05.19,,Får,,,,2012.05.17,2012.05.18,Nej,1,0,0,0,0,0,0,0,0,0,0,0,0,0,0,0,0,Varg,,Bete innanför stängsel,Fältkontroll - LST,Bedömd som säker,2-2182,Skogs Böle,6783986,598803,6785120,1555533,RT90,Mindre bra,2012.05.19,Nej,,Ja,2017.12.14,,2-2182,Söderhamn (S),2-21,Gävleborgs län (S)
V481757,,2012.10.24,Ja,2012.12.02,,Får,,,,2012.10.23,2012.10.24,Nej,2,0,0,0,1,0,0,0,23,0,14,0,0,0,0,0,0,Varg,,Bete innanför stängsel,Fältkontroll - LST,Bedömd som säker,2-1291,Ravlunda skjutfält,6178054,448806,6180783,1398217,RT90,Mindre bra,2012.12.02,Nej,,Ja,2017.12.14,,2-1291,Simrishamn (S),2-12,Skåne län (S)
V481762,,2012.05.19,Ja,2012.05.19,,Får,,Annan,x,2012.05.19,2012.05.19,Nej,1,0,0,0,0,0,0,0,2,0,1,0,0,0,0,0,0,Varg,,Bete innanför stängsel,Fältkontroll - LST,Bedömd som säker,2-1737,Rattsjöberg,6693259,385962,6696975,1341500,RT90,Mindre bra,2012.05.19,Nej,,Ja,2017.12.14,,2-1737,Torsby (S),2-17,Värmlands län (S)
V481768,,2012.11.27,Ja,2012.11.28,,Får,,Annan,Finull,2012.11.26,2012.11.27,Nej,9,0,0,0,0,0,0,0,4,0,0,0,0,0,0,0,0,Varg,,Bete innanför stängsel,Fältkontroll - LST,Bedömd som säker,2-1381,Knäred,6268760,395635,6272153,1346082,RT90,Mindre bra,2012.11.28,Nej,,Ja,2017.12.14,,2-1381,Laholm (S),2-13,Hallands län (S)
V481771,,2012.11.26,Ja,2012.11.27,,Får,,Annan,Blandras,2012.11.25,2012.11.26,Nej,1,0,1,0,0,0,0,0,5,0,1,0,0,0,0,0,0,Varg,,Bete innanför stängsel,Fältkontroll - LST,Bedömd som säker,2-0765,"Tvivelstorp, Pjätteryd",6282743,444268,6285571,1394902,RT90,Mindre bra,2012.11.27,Nej,,Ja,2017.12.14,,2-0765,Älmhult (S),2-07,Kronobergs län (S)
V481775,,2012.05.11,Ja,2012.05.16,,Får,,Annan,Blandras,2012.05.11,2012.05.11,Nej,0,0,0,0,0,0,0,0,1,0,0,0,0,0,0,0,0,Varg,,Bete utan stängsel,Fältkontroll - LST,Bedömd som säker,2-1885,Ösarhyttan 431,6622218,515051,6624330,1469775,RT90,Mindre bra,2012.05.16,Nej,,Ja,2017.12.14,,2-1885,Lindesberg (S),2-18,Örebro län (S)
V481785,,2012.10.10,Ja,2012.10.10,,Får,,,,2012.10.10,2012.10.10,Nej,0,0,0,0,30,0,0,0,0,0,0,0,0,0,0,0,0,Varg,,Bete innanför stängsel,Fältkontroll - LST,Bedömd som säker,2-1287,Näsbyholms gods,6147716,401600,6150980,1350637,RT90,Mindre bra,2012.10.10,Nej,,Ja,2017.12.14,,2-1287,Trelleborg (S),2-12,Skåne län (S)
V481800,,2012.07.08,Ja,2012.07.09,,Får,,Annan,Gutefår,2012.07.07,2012.07.08,Nej,0,0,0,1,1,0,0,0,0,0,0,0,0,0,0,0,0,Varg,,Bete utan stängsel,Fältkontroll - LST,Bedömd som säker,2-2080,Kurbergets fäb,6751917,544577,6753710,1500897,RT90,Mindre bra,2012.07.09,Nej,,Ja,2017.12.14,,2-2080,Falun (S),2-20,Dalarnas län (S)
V481809,,2012.08.08,Ja,2012.08.08,,Får,,,,2012.08.07,2012.08.08,Nej,2,0,0,0,4,0,0,0,1,0,0,0,0,0,0,0,0,Varg,,Bete innanför stängsel,Fältkontroll - LST,Bedömd som säker,2-2080,Grejsans fäb.,6765999,539706,6767856,1496198,RT90,Mindre bra,2012.08.08,Nej,,Ja,2017.12.14,,2-2080,Falun (S),2-20,Dalarnas län (S)
V481810,,2012.08.05,Ja,2012.08.07,,Nöt,,Annan,blandras,2012.08.04,2012.08.05,Nej,0,0,1,0,0,0,0,0,0,0,0,0,0,0,0,0,0,Varg,,Bete utan stängsel,Fältkontroll - LST,Bedömd som säker,2-2361,Juklaberg,6847057,432246,6850272,1389700,RT90,Mindre bra,2012.08.07,Nej,,Ja,2017.12.14,,2-2361,Härjedalen (S),2-23,Jämtlands län (S)
V481811,,2012.08.10,Ja,2012.08.11,,Får,,,,2012.08.09,2012.08.10,Nej,0,0,0,0,2,0,0,0,2,0,0,0,0,0,0,0,0,Varg,,Bete innanför stängsel,Fältkontroll - LST,Bedömd som säker,2-2080,Nysjöns fäb.,6756836,552240,6758536,1508623,RT90,Mindre bra,2012.08.11,Nej,,Ja,2017.12.14,,2-2080,Falun (S),2-20,Dalarnas län (S)
V481818,,2012.09.21,Ja,2012.09.21,,Får,,Annan,Gottland,2012.09.20,2012.09.21,Nej,0,0,0,0,0,0,0,0,2,0,0,0,0,0,0,0,0,Varg,,Bete innanför stängsel,Fältkontroll - LST,Bedömd som säker,2-2061,Ställverksvägen,6666751,519928,6668819,1475196,RT90,Mindre bra,2012.09.21,Nej,,Ja,2017.12.14,,2-2061,Smedjebacken (S),2-20,Dalarnas län (S)
V481823,,2012.08.03,Ja,2012.08.03,,Får,,Annan,korsn,2012.08.03,2012.08.03,Nej,10,0,3,0,0,0,0,0,21,0,2,0,0,0,0,0,0,Varg,,Bete innanför stängsel,Fältkontroll - LST,Bedömd som säker,2-0117,Virboda,6609669,699074,6609542,1653689,RT90,Mindre bra,2012.08.03,Nej,,Ja,2017.12.14,,2-0117,Österåker (S),2-01,Stockholms län (S)
V481829,,2012.08.11,Ja,2012.08.12,,Får,,Annan,Gästrike får,2012.08.10,2012.08.11,Nej,1,0,0,0,0,0,0,0,0,0,0,0,0,0,0,0,0,Varg,,Bete innanför stängsel,Fältkontroll - LST,Bedömd som säker,2-2183,Finnfara,6793224,568415,6794735,1525251,RT90,Mindre bra,2012.08.12,Nej,,Ja,2017.12.14,,2-2183,Bollnäs (S),2-21,Gävleborgs län (S)
V481831,,2012.08.06,Ja,2012.08.07,,Får,,Annan,Gotlandsfår,2012.06.08,2012.06.08,Nej,0,0,0,0,0,0,0,0,1,0,0,0,0,0,0,0,0,Varg,,Bete innanför stängsel,Fältkontroll - LST,Bedömd som säker,2-1885,Björnhammarn,6609408,518194,6611477,1472763,RT90,Mindre bra,2012.08.07,Nej,,Ja,2017.12.14,,2-1885,Lindesberg (S),2-18,Örebro län (S)
V481837,,2012.08.26,Ja,2012.08.26,,Får,,Annan,Kött,2012.08.25,2012.08.26,Nej,3,0,0,0,0,0,0,0,8,0,0,0,0,0,0,0,0,Varg,,Bete innanför stängsel,Fältkontroll - LST,Bedömd som säker,2-2121,Södra Kyrkbyn,6799523,557543,6801170,1514453,RT90,Mindre bra,2012.08.26,Nej,,Ja,2017.12.14,,2-2121,Ovanåker (S),2-21,Gävleborgs län (S)
V481843,,2011.08.15,Ja,2011.08.15,,Får,,Annan,Blandras,2011.08.14,2011.08.15,Nej,3,0,0,0,3,0,0,0,6,0,0,0,0,0,0,0,0,Varg,,Bete innanför stängsel,Fältkontroll - LST,Bedömd som säker,2-0581,Bete på gården,6479824,598167,6480890,1551195,RT90,Mindre bra,2011.08.15,Nej,,Ja,2017.12.14,,2-0581,Norrköping (S),2-05,Östergötlands län (S)
V481846,,2011.07.20,Ja,2011.07.20,,Får,,Annan,Lantras,2011.07.19,2011.07.20,Nej,5,0,8,1,0,0,0,0,2,0,0,0,0,0,0,0,0,Varg,,Bete innanför stängsel,Fältkontroll - LST,Bedömd som säker,2-2161,Stavsätra,6832904,542517,6834747,1499836,RT90,Mindre bra,2011.07.20,Nej,,Ja,2017.12.14,,2-2161,Ljusdal (S),2-21,Gävleborgs län (S)
V481848,,2011.07.28,Ja,2011.07.29,,Får,,Annan,Blandras_ kött,2011.07.28,2011.07.28,Nej,1,0,0,0,0,0,0,0,0,0,0,0,0,0,0,0,0,Varg,,Bete innanför stängsel,Fältkontroll - LST,Bedömd som säker,2-1814,Kälkesta,6561089,491056,6563470,1445030,RT90,Mindre bra,2011.07.29,Nej,,Ja,2017.12.14,,2-1814,Lekeberg (S),2-18,Örebro län (S)
V481851,,2011.07.27,Ja,2011.07.28,,Får,,Annan,Finull / Lester-Texel,2011.07.25,2011.07.26,Nej,1,0,0,0,0,0,0,0,0,0,1,0,0,0,0,0,0,Varg,,Bete utan stängsel,Fältkontroll - LST,Bedömd som säker,2-2023,Råbergets fäbod Malungsfors,6743132,421104,6746440,1377270,RT90,Mindre bra,2011.07.28,Nej,,Ja,2017.12.14,,2-2023,Malung (S),2-20,Dalarnas län (S)
V481862,,2011.08.18,Ja,2011.08.18,,Får,,Annan, och en get,2011.08.17,2011.08.18,Nej,1,0,0,0,0,0,0,0,2,0,0,0,0,0,0,0,0,Varg,,Bete utan stängsel,Fältkontroll - LST,Bedömd som säker,2-2080,Lumshedens Fäbod,6735228,573917,6736655,1530040,RT90,Mindre bra,2011.08.18,Nej,,Ja,2017.12.14,,2-2080,Falun (S),2-20,Dalarnas län (S)
V481866,,2011.09.22,Ja,2011.09.23,,Nöt,,Annan,SLB,2011.09.21,2011.09.22,Nej,1,0,0,0,0,0,0,0,0,0,0,0,0,0,0,0,0,Varg,,Bete innanför stängsel,Fältkontroll - LST,Bedömd som säker,2-0883,Kolsebro,6441870,574982,6443204,1527550,RT90,Mindre bra,2011.09.23,Nej,,Ja,2017.12.14,,2-0883,Västervik (S),2-08,Kalmar län (S)
V481892,,2012.08.31,Ja,2012.08.31,,Får,,Annan,Värmländska skogsfår,2012.08.30,2012.08.31,Nej,4,0,0,0,0,0,0,0,2,0,0,0,0,0,0,0,0,Varg,,Bete innanför stängsel,Fältkontroll - LST,Bedömd som säker,2-1462,Tösslanda,6452043,330997,6456300,1283585,RT90,Mindre bra,2012.08.31,Nej,,Ja,2017.12.14,,2-1462,LillaEdet (S),2-14,Västra Götalands län (S)
V481916,,2012.06.08,Ja,2012.06.08,,Får,,Annan,x,2012.06.07,2012.06.08,Nej,0,0,0,0,0,0,0,0,1,0,0,0,0,0,0,0,0,Varg,,Bete innanför stängsel,Fältkontroll - LST,Bedömd som säker,2-1765,Byn,6578028,349090,6582135,1303205,RT90,Mindre bra,2012.06.08,Nej,,Ja,2017.12.14,,2-1765,Årjäng (S),2-17,Värmlands län (S)
V481932,,2011.08.25,Ja,2011.08.25,,Får,,,,2011.08.24,2011.08.25,Nej,11,0,1,0,0,0,0,0,0,0,0,0,0,0,0,0,0,Varg,,Bete innanför stängsel,Fältkontroll - LST,Bedömd som säker,2-2183,Vallsta,6821548,571363,6823031,1528550,RT90,Mindre bra,2011.08.25,Nej,,Ja,2017.12.14,,2-2183,Bollnäs (S),2-21,Gävleborgs län (S)
V481935,,2012.04.20,Ja,2012.04.21,,Får,,Annan,Vet ej,2012.04.20,2012.04.20,Nej,0,0,0,0,0,0,0,0,1,0,0,0,0,0,0,0,0,Varg,,Bete innanför stängsel,Fältkontroll - LST,Bedömd som säker,2-1460,Koperud,6562845,336175,6567100,1290100,RT90,Mindre bra,2012.04.21,Nej,,Ja,2017.12.14,,2-1460,Bengtsfors (S),2-14,Västra Götalands län (S)
V481939,,2012.04.24,Ja,2012.04.24,,Får,,Annan,Lantras,2012.04.10,2012.04.24,Nej,0,0,0,0,0,0,0,0,3,0,0,0,0,0,0,0,0,Varg,,Bete innanför stängsel,Fältkontroll - LST,Bedömd som säker,2-2121,Kammahav,6793582,547526,6795351,1504360,RT90,Mindre bra,2012.04.24,Nej,,Ja,2017.12.14,,2-2121,Ovanåker (S),2-21,Gävleborgs län (S)
V481940,,2012.05.01,Ja,2012.05.01,,Får,,Annan,korsn,2012.05.01,2012.05.01,Nej,0,0,0,0,0,0,0,0,2,0,0,0,0,0,0,0,0,Varg,,Bete innanför stängsel,Fältkontroll - LST,Bedömd som säker,2-0380,Sätrarna N Jumkil,6653176,628093,6653920,1583225,RT90,Mindre bra,2012.05.01,Nej,,Ja,2017.12.14,,2-0380,Uppsala (S),2-03,Uppsala län (S)
V481979,,2011.05.06,Ja,2011.05.06,,Får,,Annan,Gotland,2011.05.05,2011.05.06,Nej,0,0,0,0,1,0,0,0,1,0,0,0,0,0,0,0,0,Varg,,Bete innanför stängsel,Fältkontroll - LST,Bedömd som säker,2-0883,Klintemåla,6383023,574598,6384345,1526464,RT90,Mindre bra,2011.05.06,Nej,,Ja,2017.12.14,,2-0883,Västervik (S),2-08,Kalmar län (S)
V481980,,2011.05.07,Ja,2011.05.08,,Får,,Annan,Korsningsfår,2011.05.07,2011.05.07,Nej,6,0,2,0,0,0,0,0,0,0,2,0,0,0,0,0,0,Varg,,Bete innanför stängsel,Fältkontroll - LST,Bedömd som säker,2-0883,Viborg 1,6381519,576602,6382817,1528451,RT90,Mindre bra,2011.05.08,Nej,,Ja,2017.12.14,,2-0883,Västervik (S),2-08,Kalmar län (S)
V481982,,2011.05.13,Ja,2011.05.13,,Får,,Annan,Texel- blandras.,2011.05.12,2011.05.13,Nej,0,0,0,0,0,0,0,0,4,0,2,0,0,0,0,0,0,Varg,,Bete innanför stängsel,Fältkontroll - LST,Bedömd som säker,2-0563,Bete på gården,6447726,587111,6448916,1539752,RT90,Mindre bra,2011.05.13,Nej,,Ja,2017.12.14,,2-0563,Valdemarsvik (S),2-05,Östergötlands län (S)
V481987,,2012.07.14,Ja,2012.07.14,,Get,,,,2012.07.13,2012.07.14,Nej,0,0,0,0,0,0,0,0,1,0,0,0,0,0,0,0,0,Varg,,Bete utan stängsel,Fältkontroll - LST,Bedömd som säker,2-2080,Lumshedens norra fäbodar,6735080,574069,6736505,1530190,RT90,Mindre bra,2012.07.14,Nej,,Ja,2017.12.14,,2-2080,Falun (S),2-20,Dalarnas län (S)
V481989,,2012.07.13,Ja,2012.07.14,,Får,,Annan,Blandras,2012.07.12,2012.07.13,Nej,2,0,0,0,0,0,0,0,2,0,0,0,0,0,0,0,0,Varg,,Bete innanför stängsel,Fältkontroll - LST,Bedömd som säker,2-2021,Skålö,6716518,462224,6719310,1418080,RT90,Mindre bra,2012.07.14,Nej,,Ja,2017.12.14,,2-2021,Vansbro (S),2-20,Dalarnas län (S)
V481994,,2011.07.22,Ja,2011.07.22,,Får,,Annan,Texel,2011.07.21,2011.07.22,Nej,6,0,0,2,0,0,0,0,7,0,4,0,0,0,0,0,0,Varg,,Bete innanför stängsel,Fältkontroll - LST,Bedömd som säker,2-0562,Bete längs ån.,6508236,534102,6510080,1487454,RT90,Mindre bra,2011.07.22,Nej,,Ja,2017.12.14,,2-0562,Finspång (S),2-05,Östergötlands län (S)
V481996,,2011.07.14,Ja,2011.07.14,,Annat djur,Katt,Annan, Katt  Helig burma,2011.07.12,2011.07.14,Nej,0,0,0,0,0,0,0,1,0,0,0,0,0,0,0,0,0,Varg,,Bete utan stängsel,Fältkontroll - LST,Bedömd som säker,2-2080,Djubo1:2,6713312,525270,6715330,1481110,RT90,Mindre bra,2011.07.14,Nej,,Ja,2017.12.14,,2-2080,Falun (S),2-20,Dalarnas län (S)
V481997,,2011.08.25,Ja,2011.08.25,,Får,,Annan,Finull,2011.08.24,2011.08.25,Nej,0,0,0,0,0,0,0,0,1,0,0,0,0,0,0,0,0,Varg,,Bete innanför stängsel,Fältkontroll - LST,Bedömd som säker,2-0781,"Haghult, Ljungby kommun",6290212,434177,6293162,1384895,RT90,Mindre bra,2011.08.25,Nej,,Ja,2017.12.14,,2-0781,Ljungby (S),2-07,Kronobergs län (S)
V482014,,2011.06.22,Ja,2011.06.22,,Får,,,,2011.06.21,2011.06.22,Nej,1,0,0,0,0,0,0,0,0,0,0,0,0,0,0,0,0,Varg,,Bete utan stängsel,Fältkontroll - LST,Bedömd som säker,2-2085,Nyhammar,6683954,499101,6686282,1454572,RT90,Mindre bra,2011.06.22,Nej,,Ja,2017.12.14,,2-2085,Ludvika (S),2-20,Dalarnas län (S)
V482016,,2010.07.24,Ja,2010.08.19,,Nöt,,,,2010.07.23,2010.07.24,Nej,0,0,1,0,0,0,0,0,0,0,0,0,0,0,0,0,0,Varg,,Bete utan stängsel,Fältkontroll - LST,Bedömd som säker,2-2361,Sätravallen,6844856,453651,6847805,1411087,RT90,Mindre bra,2010.08.19,Nej,,Ja,2017.12.14,,2-2361,Härjedalen (S),2-23,Jämtlands län (S)
V482018,,2011.07.15,Ja,2011.07.16,,Får,,Annan,Blandras,2011.07.13,2011.07.15,Nej,0,0,0,0,0,0,0,0,3,0,1,1,0,0,0,0,0,Varg,,Bete innanför stängsel,Fältkontroll - LST,Bedömd som säker,2-1383,Skällinge,6342103,346802,6346111,1298089,RT90,Mindre bra,2011.07.16,Nej,,Ja,2017.12.14,,2-1383,Varberg (S),2-13,Hallands län (S)
V482024,,2011.08.17,Ja,2011.08.17,,Får,,Annan,Pälsfår,2011.08.17,2011.08.17,Nej,0,0,0,0,0,0,0,0,2,0,0,2,0,0,0,0,0,Varg,,Bete utan stängsel,Fältkontroll - LST,Bedömd som säker,2-2039,Nya Vasselvallen,6857281,410535,6860770,1368106,RT90,Mindre bra,2011.08.17,Nej,,Ja,2017.12.14,,2-2039,Älvdalen (S),2-20,Dalarnas län (S)
V482030,,2011.07.28,Ja,2011.07.29,,Får,,Annan,Gute,2011.07.28,2011.07.29,Nej,0,0,0,4,0,0,0,0,0,0,0,0,0,0,0,0,0,Varg,,Bete utan stängsel,Fältkontroll - LST,Bedömd som säker,2-2080,Kurberget,6748956,544367,6750750,1500650,RT90,Mindre bra,2011.07.29,Nej,,Ja,2017.12.14,,2-2080,Falun (S),2-20,Dalarnas län (S)
V482032,,2011.09.03,Ja,2011.09.03,,Fjäderfä,,,,2011.09.03,2011.09.03,Nej,0,0,0,0,0,0,0,0,2,0,0,0,0,0,0,0,0,Varg,,Bete innanför stängsel,Fältkontroll - LST,Bedömd som säker,2-1492,Tösse,6541358,361122,6545300,1314800,RT90,Mindre bra,2011.09.03,Nej,,Ja,2017.12.14,,2-1492,Åmål (S),2-14,Västra Götalands län (S)
V482034,,2011.09.02,Ja,2011.09.02,,Får,,Annan,Blandras,2011.09.01,2011.09.02,Nej,0,0,0,0,0,0,0,0,1,0,0,0,0,0,0,0,0,Varg,,Bete innanför stängsel,Fältkontroll - LST,Bedömd som säker,2-2121,Homnanäset,6813323,548538,6815086,1505616,RT90,Mindre bra,2011.09.02,Nej,,Ja,2017.12.14,,2-2121,Ovanåker (S),2-21,Gävleborgs län (S)
V482036,,2012.05.12,Ja,2012.05.12,,Får,,,,2012.05.11,2012.05.12,Nej,0,0,0,1,1,0,0,0,0,0,0,0,0,0,0,0,0,Varg,,Bete utan stängsel,Fältkontroll - LST,Bedömd som säker,2-0761,Korsanäs,6289440,520312,6291375,1471055,RT90,Mindre bra,2012.05.12,Nej,,Ja,2017.12.14,,2-0761,Lessebo (S),2-07,Kronobergs län (S)
V482046,,2011.09.08,Ja,2011.09.08,,Får,,Annan,Blandras,2011.09.06,2011.09.08,Nej,0,0,0,0,0,0,0,0,1,0,1,0,0,0,0,0,0,Varg,,Bete innanför stängsel,Fältkontroll - LST,Bedömd som säker,2-0581,Bete vid gården,6481925,595362,6483025,1548415,RT90,Mindre bra,2011.09.08,Nej,,Ja,2017.12.14,,2-0581,Norrköping (S),2-05,Östergötlands län (S)
V482049,,2011.09.09,Ja,2011.09.10,,Får,,Annan,Blandras,2011.09.08,2011.09.09,Nej,2,0,0,0,0,0,0,0,3,0,0,0,0,0,0,0,0,Varg,,Bete innanför stängsel,Fältkontroll - LST,Bedömd som säker,2-0581,Bete på gården,6481172,595059,6482276,1548103,RT90,Mindre bra,2011.09.10,Nej,,Ja,2017.12.14,,2-0581,Norrköping (S),2-05,Östergötlands län (S)
V482054,,2011.09.30,Ja,2011.09.30,,Får,,Annan,Finull,2011.09.29,2011.09.30,Nej,0,0,0,0,0,0,0,0,3,0,0,0,0,0,0,0,0,Varg,,Bete innanför stängsel,Fältkontroll - LST,Bedömd som säker,2-0781,Bohok Hamneda,6278419,429315,6281421,1379892,RT90,Mindre bra,2011.09.30,Nej,,Ja,2017.12.14,,2-0781,Ljungby (S),2-07,Kronobergs län (S)
V482055,,2011.10.09,Ja,2011.10.09,,Får,,Annan,Blanras,2011.10.08,2011.10.09,Nej,0,0,0,0,0,0,0,0,1,0,0,0,0,0,0,0,0,Varg,,Bete innanför stängsel,Fältkontroll - LST,Bedömd som säker,2-0581,Bete vid gården,6481982,595459,6483081,1548513,RT90,Mindre bra,2011.10.09,Nej,,Ja,2017.12.14,,2-0581,Norrköping (S),2-05,Östergötlands län (S)
V482058,,2011.10.08,Ja,2011.10.08,,Får,,Annan,Blandras,2011.10.07,2011.10.08,Nej,6,0,0,1,4,0,0,0,6,0,0,0,0,0,0,0,0,Varg,,Bete innanför stängsel,Fältkontroll - LST,Bedömd som säker,2-2029,Helgbo,6725211,510779,6727410,1466760,RT90,Mindre bra,2011.10.08,Nej,,Ja,2017.12.14,,2-2029,Leksand (S),2-20,Dalarnas län (S)
V482059,,2011.10.11,Ja,2011.10.11,,Får,,Annan,Landras,2011.10.10,2011.10.11,Nej,0,0,0,0,0,0,0,0,4,0,0,0,0,0,0,0,0,Varg,,Bete innanför stängsel,Fältkontroll - LST,Bedömd som säker,2-0581,Bete på gården,6481742,595297,6482843,1548348,RT90,Mindre bra,2011.10.11,Nej,,Ja,2017.12.14,,2-0581,Norrköping (S),2-05,Östergötlands län (S)
V482063,,2011.10.08,Ja,2011.10.08,,Får,,Annan,X,2011.10.07,2011.10.08,Nej,0,0,0,0,0,0,0,0,1,0,0,0,0,0,0,0,0,Varg,,Bete innanför stängsel,Fältkontroll - LST,Bedömd som säker,2-1737,Sörmark,6679229,380936,6683000,1336300,RT90,Mindre bra,2011.10.08,Nej,,Ja,2017.12.14,,2-1737,Torsby (S),2-17,Värmlands län (S)
V482064,,2011.10.03,Ja,2011.10.03,,Får,,Annan,kött+päls,2011.10.02,2011.10.03,Nej,13,0,6,0,0,0,0,0,2,0,1,0,0,0,0,0,0,Varg,,Bete innanför stängsel,Fältkontroll - LST,Bedömd som säker,2-1981,Rörbo gård,6633360,572382,6634778,1527259,RT90,Mindre bra,2011.10.03,Nej,,Ja,2017.12.14,,2-1981,Sala (S),2-19,Västmanlands län (S)
V482065,,2011.10.11,Ja,2011.10.11,,Får,,Annan,Finull,2011.10.09,2011.10.11,Nej,0,0,0,0,0,0,0,0,1,0,1,0,0,0,0,0,0,Varg,,Bete innanför stängsel,Fältkontroll - LST,Bedömd som säker,2-0781,Stockhult Älmtåsa,6286914,445024,6289735,1395708,RT90,Mindre bra,2011.10.11,Nej,,Ja,2017.12.14,,2-0781,Ljungby (S),2-07,Kronobergs län (S)
V482071,,2011.09.20,Ja,2011.09.20,,Nöt,,Annan,Fjällko,2011.09.19,2011.09.20,Nej,1,0,0,0,0,0,0,0,0,0,0,0,0,0,0,0,0,Varg,,Bete innanför stängsel,Fältkontroll - LST,Bedömd som säker,2-2023,Hammarsbyn Lima,6763675,409067,6767140,1365480,RT90,Mindre bra,2011.09.20,Nej,,Ja,2017.12.14,,2-2023,Malung (S),2-20,Dalarnas län (S)
V482072,,2011.10.08,Ja,2011.10.08,,Får,,Annan,Blandras,2011.10.07,2011.10.08,Nej,0,0,0,0,0,0,0,0,1,0,0,1,0,0,0,0,0,Varg,,Bete innanför stängsel,Fältkontroll - LST,Bedömd som säker,2-0781,"Ivla Eskilsgård, Hamneda",6286422,436376,6289344,1387050,RT90,Mindre bra,2011.10.08,Nej,,Ja,2017.12.14,,2-0781,Ljungby (S),2-07,Kronobergs län (S)
V482079,,2011.10.12,Ja,2011.10.12,,Får,,Annan,Finull,2011.10.11,2011.10.12,Nej,1,0,0,0,0,0,0,0,0,0,0,0,0,0,0,0,0,Varg,,Bete innanför stängsel,Fältkontroll - LST,Bedömd som säker,2-1781,"Ölme, no Stolpen",6583590,445467,6586532,1399696,RT90,Mindre bra,2011.10.12,Nej,,Ja,2017.12.14,,2-1781,Kristinehamn (S),2-17,Värmlands län (S)
V482080,,2011.10.09,Ja,2011.10.09,,Får,,Annan,finull,2011.10.08,2011.10.09,Nej,8,0,5,1,0,0,0,0,3,0,0,0,0,0,0,0,0,Varg,,Bete innanför stängsel,Fältkontroll - LST,Bedömd som säker,2-0781,Läsaryd,6288531,438543,6291429,1389243,RT90,Mindre bra,2011.10.09,Nej,,Ja,2017.12.14,,2-0781,Ljungby (S),2-07,Kronobergs län (S)
V482085,,2011.07.19,Ja,2011.10.02,,Får,,,,2011.07.19,2011.09.29,Nej,1,0,0,0,0,0,0,0,0,0,0,0,0,0,0,0,0,Varg,,Bete innanför stängsel,Fältkontroll - LST,Bedömd som säker,2-0581,Rävsholmens naturreservat,6478177,598084,6479244,1551093,RT90,Mindre bra,2011.10.02,Nej,,Ja,2017.12.14,,2-0581,Norrköping (S),2-05,Östergötlands län (S)
V482101,,2011.11.06,Ja,2011.11.06,,Får,,Annan,Gute + blandras,2011.11.05,2011.11.06,Nej,0,0,0,0,0,0,0,0,1,0,1,0,0,0,0,0,0,Varg,,Bete utan stängsel,Fältkontroll - LST,Bedömd som säker,2-0764,Skulatorp Lönnebo,6282708,471817,6285212,1422462,RT90,Mindre bra,2011.11.06,Nej,,Ja,2017.12.14,,2-0764,Alvesta (S),2-07,Kronobergs län (S)
V482102,,2011.11.17,Ja,2011.11.17,,Får,,Annan,Gute,2011.11.16,2011.11.17,Nej,0,0,0,1,0,0,0,0,2,0,0,0,0,0,0,0,0,Varg,,Bete innanför stängsel,Fältkontroll - LST,Bedömd som säker,2-1461,Dalskog,6513653,342966,6517800,1296300,RT90,Mindre bra,2011.11.17,Nej,,Ja,2017.12.14,,2-1461,Mellerud (S),2-14,Västra Götalands län (S)
V482103,,2011.11.09,Ja,2011.11.20,,Får,,Annan,Roslagsfår,2011.11.08,2011.11.09,Nej,1,0,0,1,0,0,1,0,1,0,2,0,0,0,0,0,0,Varg,,Bete utan stängsel,Fältkontroll - LST,Bedömd som säker,2-0765,Yxnäs,6282615,444974,6285435,1395607,RT90,Mindre bra,2011.11.20,Nej,,Ja,2017.12.14,,2-0765,Älmhult (S),2-07,Kronobergs län (S)
V482109,,2011.11.22,Ja,2011.11.22,,Får,,Annan,Texelkorsningar,2011.11.21,2011.11.22,Nej,9,0,4,0,0,0,0,0,1,0,0,0,0,0,0,0,0,Varg,,Bete innanför stängsel,Fältkontroll - LST,Bedömd som säker,2-0821,Kristinedal,6345436,567304,6346834,1518723,RT90,Mindre bra,2011.11.22,Nej,,Ja,2017.12.14,,2-0821,Högsby (S),2-08,Kalmar län (S)
V482113,,2011.11.22,Ja,2011.11.23,,Får,,Annan,Finull,2011.11.21,2011.11.22,Nej,1,0,0,0,0,0,0,0,0,0,0,0,0,0,0,0,0,Varg,,Bete innanför stängsel,Fältkontroll - LST,Bedömd som säker,2-0821,Kristinedal,6345436,567304,6346834,1518723,RT90,Mindre bra,2011.11.23,Nej,,Ja,2017.12.14,,2-0821,Högsby (S),2-08,Kalmar län (S)
V482119,,2010.08.27,Ja,2010.08.27,,Får,,Annan,vämländska skogsfår,2010.08.26,2010.08.27,Nej,0,0,0,0,0,0,0,0,1,0,0,0,0,0,0,0,0,Varg,,Bete innanför stängsel,Fältkontroll - LST,Bedömd som säker,2-1715,Fjällsäter,6614377,391659,6617986,1346237,RT90,Mindre bra,2010.08.27,Nej,,Ja,2017.12.14,,2-1715,Kil (S),2-17,Värmlands län (S)
V482125,,2010.08.23,Ja,2010.08.23,,Får,,Annan,Kött,2010.08.22,2010.08.23,Nej,0,0,0,0,1,0,0,0,0,0,0,0,0,0,0,0,0,Varg,,Bete innanför stängsel,Fältkontroll - LST,Bedömd som säker,2-1862,Ölsdalen,6566094,472622,6568700,1426650,RT90,Mindre bra,2010.08.23,Nej,,Ja,2017.12.14,,2-1862,Degerfors (S),2-18,Örebro län (S)
V482126,,2010.08.11,Ja,2010.08.11,,Får,,Annan,x,2010.08.10,2010.08.11,Nej,0,0,0,0,0,0,0,0,1,0,0,0,0,0,0,0,0,Varg,,Bete innanför stängsel,Fältkontroll - LST,Bedömd som säker,2-1760,Kväggeshyttan,6580418,458931,6583196,1413127,RT90,Mindre bra,2010.08.11,Nej,,Ja,2017.12.14,,2-1760,Storfors (S),2-17,Värmlands län (S)
V482133,,2010.09.16,Ja,2010.09.17,,Får,,Annan,x,2010.09.15,2010.09.16,Nej,0,0,0,2,0,0,0,0,1,0,0,0,0,0,0,0,0,Varg,,Bete innanför stängsel,Fältkontroll - LST,Bedömd som säker,2-1766,Elofstorp,6647068,374632,6650900,1329600,RT90,Mindre bra,2010.09.17,Nej,,Ja,2017.12.14,,2-1766,Sunne (S),2-17,Värmlands län (S)
V482135,,2010.09.21,Ja,2010.09.21,,Får,,,,2010.09.20,2010.09.21,Nej,2,0,0,2,0,0,0,0,0,0,0,0,0,0,0,0,0,Varg,,Bete innanför stängsel,Fältkontroll - LST,Bedömd som säker,2-1737,Svenneby,6663273,388775,6666940,1343947,RT90,Mindre bra,2010.09.21,Nej,,Ja,2017.12.14,,2-1737,Torsby (S),2-17,Värmlands län (S)
V482147,,2010.09.14,Ja,2010.09.15,,Får,,Annan,Texel,2010.09.13,2010.09.14,Nej,1,0,0,0,0,0,0,0,2,0,0,0,0,0,0,0,0,Varg,,Bete innanför stängsel,Fältkontroll - LST,Bedömd som säker,2-1737,Bergsidan,6688090,372949,6691963,1328417,RT90,Mindre bra,2010.09.15,Nej,,Ja,2017.12.14,,2-1737,Torsby (S),2-17,Värmlands län (S)
V482149,,2010.06.28,Ja,2010.06.28,,Får,,,,2010.06.27,2010.06.28,Nej,4,0,0,5,0,0,0,0,0,0,0,0,0,0,0,0,0,Varg,,Bete innanför stängsel,Fältkontroll - LST,Bedömd som säker,2-1730,Hallebol,6624340,347900,6628486,1302577,RT90,Mindre bra,2010.06.28,Nej,,Ja,2017.12.14,,2-1730,Eda (S),2-17,Värmlands län (S)
V482152,,2010.06.27,Ja,2010.06.27,,Får,,,,2010.06.27,2010.06.27,Nej,0,0,0,0,0,0,0,0,1,0,0,0,0,0,0,0,0,Varg,,Bete innanför stängsel,Fältkontroll - LST,Bedömd som säker,2-1981,Östervad,6658041,585419,6659307,1540600,RT90,Mindre bra,2010.06.27,Nej,,Ja,2017.12.14,,2-1981,Sala (S),2-19,Västmanlands län (S)
V482154,,2010.07.12,Ja,2010.07.12,,Får,,,,2010.07.11,2010.07.12,Nej,2,0,0,0,0,0,0,0,1,0,0,0,0,0,0,0,0,Varg,,Bete innanför stängsel,Fältkontroll - LST,Bedömd som säker,2-1904,Getbro,6626324,546894,6628050,1501678,RT90,Mindre bra,2010.07.12,Nej,,Ja,2017.12.14,,2-1904,Skinnskatteberg (S),2-19,Västmanlands län (S)
V482155,,2010.07.14,Ja,2010.07.14,,Får,,,,2010.07.10,2010.07.14,Nej,7,0,0,0,0,0,0,0,6,0,0,1,0,0,0,0,0,Varg,,Bete innanför stängsel,Fältkontroll - LST,Bedömd som säker,2-1904,Vreten,6628588,549510,6630283,1504322,RT90,Mindre bra,2010.07.14,Nej,,Ja,2017.12.14,,2-1904,Skinnskatteberg (S),2-19,Västmanlands län (S)
V482156,,2010.08.14,Ja,2010.08.15,,Får,,,,2010.08.13,2010.08.14,Nej,0,0,0,0,1,0,0,0,0,0,0,0,0,0,0,0,0,Varg,,Bete innanför stängsel,Fältkontroll - LST,Bedömd som säker,2-1907,Skinnartorp,6622550,561710,6624095,1516453,RT90,Mindre bra,2010.08.15,Nej,,Ja,2017.12.14,,2-1907,Surahammar (S),2-19,Västmanlands län (S)
V482159,,2010.09.17,Ja,2010.09.17,,Får,,,,2010.09.16,2010.09.17,Nej,1,0,0,0,0,0,0,0,0,0,0,0,0,0,0,0,0,Varg,,Bete innanför stängsel,Fältkontroll - LST,Bedömd som säker,2-1980,Romfartuna,6624627,584229,6625898,1539003,RT90,Mindre bra,2010.09.17,Nej,,Ja,2017.12.14,,2-1980,Västerås (S),2-19,Västmanlands län (S)
V482169,,2011.10.17,Ja,2011.10.17,,Får,,Annan,Finull,2011.10.17,2011.10.17,Nej,0,0,0,0,0,0,0,0,4,0,3,0,0,0,0,0,0,Varg,,Bete innanför stängsel,Fältkontroll - LST,Bedömd som säker,2-2181,Jäderfors,6725991,591924,6727195,1547938,RT90,Mindre bra,2011.10.17,Nej,,Ja,2017.12.14,,2-2181,Sandviken (S),2-21,Gävleborgs län (S)
V482171,,2011.05.16,Ja,2011.05.16,,Nöt,,Annan,korsning köttras,2011.05.16,2011.05.16,Nej,0,0,1,0,0,0,0,0,0,0,0,0,0,0,0,0,0,Varg,,Bete innanför stängsel,Fältkontroll - LST,Bedömd som säker,2-0115,Kumla Brottby,6612079,686902,6612100,1641545,RT90,Mindre bra,2011.05.16,Nej,,Ja,2017.12.14,,2-0115,Vallentuna (S),2-01,Stockholms län (S)
V482172,,2011.05.15,Ja,2011.05.15,,Får,,Annan,Texel,2011.05.14,2011.05.15,Nej,5,0,2,0,0,0,2,0,0,0,0,0,0,0,0,0,0,Varg,,Bete innanför stängsel,Fältkontroll - LST,Bedömd som säker,2-0880,Gunnarsborg,6307750,579803,6308990,1530780,RT90,Mindre bra,2011.05.15,Nej,,Ja,2017.12.14,,2-0880,Kalmar (S),2-08,Kalmar län (S)
V482178,,2011.05.19,Ja,2011.05.20,,Nöt,,Annan,Rost 99,2011.05.18,2011.05.19,Nej,1,0,0,0,0,0,0,0,0,0,0,0,0,0,0,0,0,Varg,,Bete innanför stängsel,Fältkontroll - LST,Bedömd som säker,2-0582,Bete på gården,6472245,600011,6473287,1552949,RT90,Mindre bra,2011.05.20,Nej,,Ja,2017.12.14,,2-0582,Söderköping (S),2-05,Östergötlands län (S)
V482190,,2011.06.13,Ja,2011.06.13,,Får,,Annan,Päls,2011.06.13,2011.06.13,Nej,0,0,0,0,0,0,0,0,1,0,0,0,0,0,0,0,0,Varg,,Bete innanför stängsel,Fältkontroll - LST,Bedömd som säker,2-1766,Ås,6625618,401198,6629116,1355917,RT90,Mindre bra,2011.06.13,Nej,,Ja,2017.12.14,,2-1766,Sunne (S),2-17,Värmlands län (S)
V482197,,2011.07.07,Ja,2011.07.07,,Får,,Annan,x,2011.07.06,2011.07.07,Nej,8,0,0,1,0,0,0,0,1,0,0,0,0,0,0,0,0,Varg,,Bete innanför stängsel,Fältkontroll - LST,Bedömd som säker,2-1765,Byn,6579643,349512,6583746,1303647,RT90,Mindre bra,2011.07.07,Nej,,Ja,2017.12.14,,2-1765,Årjäng (S),2-17,Värmlands län (S)
V482199,,2011.07.19,Ja,2011.07.20,,Får,,Annan,Texel,2011.07.18,2011.07.19,Nej,3,0,0,0,0,0,0,0,5,0,0,0,0,0,0,0,0,Varg,,Bete innanför stängsel,Fältkontroll - LST,Bedömd som säker,2-0581,Bete på gården.,6479949,599488,6480999,1552518,RT90,Mindre bra,2011.07.20,Nej,,Ja,2017.12.14,,2-0581,Norrköping (S),2-05,Östergötlands län (S)
V482203,,2011.08.19,Ja,2011.08.25,,Får,,Annan,Suffolk,2011.08.18,2011.08.19,Nej,0,0,1,5,2,0,0,0,0,0,0,0,0,0,0,0,0,Varg,,Bete innanför stängsel,Fältkontroll - LST,Bedömd som säker,2-0883,Odensvi,6419923,570418,6421305,1522723,RT90,Mindre bra,2011.08.25,Nej,,Ja,2017.12.14,,2-0883,Västervik (S),2-08,Kalmar län (S)
V482220,,2011.09.26,Ja,2011.09.26,,Får,,Annan,Gotland samt leicester,2011.09.22,2011.09.26,Nej,0,0,0,0,0,0,1,0,2,0,0,0,0,0,0,0,0,Varg,,Bete innanför stängsel,Fältkontroll - LST,Bedömd som säker,2-0765,Bjerhult,6271725,434490,6274663,1384991,RT90,Mindre bra,2011.09.26,Nej,,Ja,2017.12.14,,2-0765,Älmhult (S),2-07,Kronobergs län (S)
V482222,,2011.10.02,Ja,2011.10.02,,Får,,Annan,Gotlandsfår+blandras,2011.10.01,2011.10.01,Nej,0,0,0,0,3,0,0,0,1,0,0,0,0,0,0,0,0,Varg,,Bete utan stängsel,Fältkontroll - LST,Bedömd som säker,2-1981,Olarsgården,6638755,575040,6640142,1529984,RT90,Mindre bra,2011.10.02,Nej,,Ja,2017.12.14,,2-1981,Sala (S),2-19,Västmanlands län (S)
V482223,,2011.09.26,Ja,2011.10.13,,Får,,Annan,Blandning Lantras-Gotland,2011.09.26,2011.10.11,Nej,0,0,0,0,0,0,0,0,16,0,0,16,0,0,0,0,0,Varg,,Bete innanför stängsel,Fältkontroll - LST,Bedömd som säker,2-2183,Ljusberget,6822955,558300,6824600,1515500,RT90,Mindre bra,2011.10.13,Nej,,Ja,2017.12.14,,2-2183,Bollnäs (S),2-21,Gävleborgs län (S)
V482224,,2011.10.19,Ja,2011.10.19,,Får,,Annan,Lantras,2011.10.19,2011.10.19,Nej,4,0,0,0,0,0,0,0,5,0,0,0,0,0,0,0,0,Varg,,Bete innanför stängsel,Fältkontroll - LST,Bedömd som säker,2-2121,Uppegårds,6784091,547546,6785857,1504263,RT90,Mindre bra,2011.10.19,Nej,,Ja,2017.12.14,,2-2121,Ovanåker (S),2-21,Gävleborgs län (S)
V482228,,2011.07.11,Ja,2011.07.11,,Får,,Annan,päls och Xfår,2011.07.09,2011.07.11,Nej,4,0,0,0,2,0,0,0,8,0,0,2,0,0,0,0,0,Varg,,Bete innanför stängsel,Fältkontroll - LST,Bedömd som säker,2-1814,Mullhyttan,6558889,478603,6561420,1432546,RT90,Mindre bra,2011.07.11,Nej,,Ja,2017.12.14,,2-1814,Lekeberg (S),2-18,Örebro län (S)
V482231,,2011.08.05,Ja,2011.08.05,,Får,,Annan,Finull,2011.08.04,2011.08.05,Nej,0,0,0,0,0,0,0,0,4,0,1,0,0,0,0,0,0,Varg,,Bete innanför stängsel,Fältkontroll - LST,Bedömd som säker,2-0781,"Haghult Västangård, 341 91 Ljungby",6289737,434044,6292688,1384756,RT90,Mindre bra,2011.08.05,Nej,,Ja,2017.12.14,,2-0781,Ljungby (S),2-07,Kronobergs län (S)
V482233,,2011.08.07,Ja,2011.08.08,,Får,,Annan,Texel,2011.08.06,2011.08.07,Nej,3,0,0,0,2,0,0,0,1,0,0,0,0,0,0,0,0,Varg,,Bete innanför stängsel,Fältkontroll - LST,Bedömd som säker,2-0581,Bete,6479945,599326,6480997,1552356,RT90,Mindre bra,2011.08.08,Nej,,Ja,2017.12.14,,2-0581,Norrköping (S),2-05,Östergötlands län (S)
V482235,,2011.09.30,Ja,2011.09.30,,Får,,Annan,Blandras,2011.09.29,2011.09.30,Nej,2,0,0,0,0,0,0,0,4,0,0,0,0,0,0,0,0,Varg,,Bete innanför stängsel,Fältkontroll - LST,Bedömd som säker,2-0581,Bete på gården,6481985,595376,6483085,1548430,RT90,Mindre bra,2011.09.30,Nej,,Ja,2017.12.14,,2-0581,Norrköping (S),2-05,Östergötlands län (S)
V482237,,2011.10.01,Ja,2011.10.02,,Får,,Annan,Blandras,2011.09.30,2011.10.01,Nej,7,0,0,3,0,0,0,0,20,0,0,3,0,0,0,0,0,Varg,,Bete utan stängsel,Fältkontroll - LST,Bedömd som säker,2-0581,Rävsholmen,6478177,598084,6479244,1551093,RT90,Mindre bra,2011.10.02,Nej,,Ja,2017.12.14,,2-0581,Norrköping (S),2-05,Östergötlands län (S)
V482239,,2011.09.24,Ja,2011.09.24,,Får,,,,2011.09.23,2011.09.24,Nej,1,0,0,0,1,0,0,0,0,0,0,0,0,0,0,0,0,Varg,,Bete utan stängsel,Fältkontroll - LST,Bedömd som säker,2-2023,Momyckelberg,6736268,429698,6739467,1385783,RT90,Mindre bra,2011.09.24,Nej,,Ja,2017.12.14,,2-2023,Malung (S),2-20,Dalarnas län (S)
V482257,,2011.09.18,Ja,2011.09.19,,Får,,Annan,Gestrike får,2011.09.17,2011.09.18,Nej,0,0,0,0,0,0,0,0,1,0,0,0,0,0,0,0,0,Varg,,Bete innanför stängsel,Fältkontroll - LST,Bedömd som säker,2-2181,Dalsäng,6725343,591081,6726557,1547087,RT90,Mindre bra,2011.09.19,Nej,,Ja,2017.12.14,,2-2181,Sandviken (S),2-21,Gävleborgs län (S)
V482266,,2010.07.24,Ja,2010.07.24,,Nöt,,Annan,Blandras,2010.07.22,2010.07.23,Nej,0,0,1,0,0,0,0,0,0,0,0,0,0,0,0,0,0,Varg,,Bete utan stängsel,Fältkontroll - LST,Bedömd som säker,2-2361,Sätravallen,6844856,453651,6847805,1411087,RT90,Mindre bra,2010.07.24,Nej,,Ja,2017.12.14,,2-2361,Härjedalen (S),2-23,Jämtlands län (S)
V482267,,2010.08.27,Ja,2010.08.27,,Får,,,,2010.08.27,2010.08.27,Nej,1,0,0,0,0,0,0,0,0,0,0,0,0,0,0,0,0,Varg,,Bete innanför stängsel,Fältkontroll - LST,Bedömd som säker,2-2021,Ilbäcken,6712309,461048,6715114,1416852,RT90,Mindre bra,2010.08.27,Nej,,Ja,2017.12.14,,2-2021,Vansbro (S),2-20,Dalarnas län (S)
V482269,,2010.10.03,Ja,2010.10.03,,Nöt,,Annan,Highland Cattle,2010.10.02,2010.10.03,Nej,1,0,0,0,0,0,0,0,0,0,0,0,0,0,0,0,0,Varg,,Bete utan stängsel,Fältkontroll - LST,Bedömd som säker,2-2023,"Väster Nilsbo. 1,5 km från Stycketgården",6811885,396608,6815526,1353611,RT90,Mindre bra,2010.10.03,Nej,,Ja,2017.12.14,,2-2023,Malung (S),2-20,Dalarnas län (S)
V482270,,2010.10.26,Ja,2010.10.26,,Får,,Annan,Texel,2010.10.25,2010.10.26,Nej,0,0,0,0,0,0,0,0,5,0,1,0,0,0,0,0,0,Varg,,Bete innanför stängsel,Fältkontroll - LST,Bedömd som säker,2-0834,Ebbelångsö,6243346,560837,6244791,1511051,RT90,Mindre bra,2010.10.26,Nej,,Ja,2017.12.14,,2-0834,Torsås (S),2-08,Kalmar län (S)
V482277,,2010.04.23,Ja,2010.04.24,,Får,,,,2010.04.21,2010.04.23,Nej,0,0,0,0,0,0,0,0,15,0,2,0,0,0,0,0,0,Varg,,Bete innanför stängsel,Fältkontroll - LST,Bedömd som säker,2-1462,Hjärtum,6457245,333074,6461480,1285725,RT90,Mindre bra,2010.04.24,Nej,,Ja,2017.12.14,,2-1462,LillaEdet (S),2-14,Västra Götalands län (S)
V482294,,2010.07.26,Ja,2010.07.26,,Får,,Annan,Värmländska skogsfår,2010.07.25,2010.07.26,Nej,0,0,0,0,5,0,1,0,2,0,0,0,0,0,0,0,0,Varg,,Bete innanför stängsel,Fältkontroll - LST,Bedömd som säker,2-1737,Lekvattnet,6672789,372479,6676660,1327760,RT90,Mindre bra,2010.07.26,Nej,,Ja,2017.12.14,,2-1737,Torsby (S),2-17,Värmlands län (S)
V482295,,2010.07.29,Ja,2010.07.29,,Får,,Annan,x,2010.07.28,2010.07.29,Nej,0,0,0,0,0,0,0,0,1,0,0,0,0,0,0,0,0,Varg,,Bete innanför stängsel,Fältkontroll - LST,Bedömd som säker,2-1760,Rönningen,6580418,458931,6583196,1413127,RT90,Mindre bra,2010.07.29,Nej,,Ja,2017.12.14,,2-1760,Storfors (S),2-17,Värmlands län (S)
V482300,,2010.09.02,Ja,2010.09.03,,Får,,Annan,Blandras,2010.08.30,2010.09.02,Nej,0,0,0,0,0,0,0,0,6,0,0,0,0,0,0,0,0,Varg,,Bete innanför stängsel,Fältkontroll - LST,Bedömd som säker,2-1438,Sannerud,6547626,327332,6551980,1281068,RT90,Mindre bra,2010.09.03,Nej,,Ja,2017.12.14,,2-1438,Dals-Ed (S),2-14,Västra Götalands län (S)
V482301,,2010.09.06,Ja,2010.09.06,,Får,,Annan,Gutefår,2010.09.05,2010.09.06,Nej,0,0,0,0,1,0,0,0,0,0,0,0,0,0,0,0,0,Varg,,Bete innanför stängsel,Fältkontroll - LST,Bedömd som säker,2-1461,Dalskog,6520562,343982,6524700,1297400,RT90,Mindre bra,2010.09.06,Nej,,Ja,2017.12.14,,2-1461,Mellerud (S),2-14,Västra Götalands län (S)
V482305,,2010.08.20,Ja,2010.08.20,,Får,,,,2010.08.19,2010.08.20,Nej,1,0,0,0,1,0,0,0,0,0,0,0,0,0,0,0,0,Varg,,Bete utan stängsel,Fältkontroll - LST,Bedömd som säker,2-2034,V.Grunuberg,6772641,490633,6775105,1447190,RT90,Mindre bra,2010.08.20,Nej,,Ja,2017.12.14,,2-2034,Orsa (S),2-20,Dalarnas län (S)
V482310,,2010.09.25,Ja,2010.09.26,,Får,,Annan,x,2010.09.25,2010.09.25,Nej,1,0,0,0,0,0,0,0,0,0,0,0,0,0,0,0,0,Varg,,Bete innanför stängsel,Fältkontroll - LST,Bedömd som säker,2-1782,Laggsundet,6662068,455860,6664916,1411047,RT90,Mindre bra,2010.09.26,Nej,,Ja,2017.12.14,,2-1782,Filipstad (S),2-17,Värmlands län (S)
V482314,,2010.09.16,Ja,2010.09.17,,Nöt,,Annan,Cighaland Cattle,2010.09.01,2010.09.15,Nej,0,0,0,0,1,0,0,0,0,0,0,0,0,0,0,0,0,Varg,,Bete utan stängsel,Fältkontroll - LST,Bedömd som säker,2-2039,Sildret,6824088,394468,6827761,1351621,RT90,Mindre bra,2010.09.17,Nej,,Ja,2017.12.14,,2-2039,Älvdalen (S),2-20,Dalarnas län (S)
V482315,,2010.10.08,Ja,2010.10.08,,Får,,,,2010.10.07,2010.10.08,Nej,0,0,0,0,0,0,0,0,6,0,5,1,0,0,0,0,0,Varg,,Bete innanför stängsel,Fältkontroll - LST,Bedömd som säker,2-1439,Brasäter,6503686,324923,6508045,1278128,RT90,Mindre bra,2010.10.08,Nej,,Ja,2017.12.14,,2-1439,Färgelanda (S),2-14,Västra Götalands län (S)
V482319,,2010.10.10,Ja,2010.10.11,,Nöt,,Annan,Highland Cattle,2010.10.09,2010.10.11,Nej,0,0,0,0,1,0,0,0,0,0,0,0,0,0,0,0,0,Varg,,Bete utan stängsel,Fältkontroll - LST,Bedömd som säker,2-2023,Ö. Hägnåsen,6816838,395856,6820490,1352920,RT90,Mindre bra,2010.10.11,Nej,,Ja,2017.12.14,,2-2023,Malung (S),2-20,Dalarnas län (S)
V482333,,2010.10.27,Ja,2010.10.27,,Får,,Annan,Texel,2010.10.26,2010.10.27,Nej,0,0,0,0,0,0,0,0,2,0,1,0,0,0,0,0,0,Varg,,Bete innanför stängsel,Fältkontroll - LST,Bedömd som säker,2-0834,Ingö,6241715,561367,6243153,1511562,RT90,Mindre bra,2010.10.27,Nej,,Ja,2017.12.14,,2-0834,Torsås (S),2-08,Kalmar län (S)
V482358,,2011.06.10,Ja,2011.06.10,,Får,,,,2011.06.10,2011.06.10,Nej,0,0,1,0,0,0,0,0,0,0,0,0,0,0,0,0,0,Varg,,Bete innanför stängsel,Fältkontroll - LST,Bedömd som säker,2-2085,Saxhyttan,6684150,500576,6686460,1456050,RT90,Mindre bra,2011.06.10,Nej,,Ja,2017.12.14,,2-2085,Ludvika (S),2-20,Dalarnas län (S)
V482376,,2011.05.19,Ja,2011.05.19,,Får,,Annan,korsning,2011.05.18,2011.05.19,Nej,6,0,0,1,0,0,0,0,0,0,0,0,0,0,0,0,0,Varg,,Bete innanför stängsel,Fältkontroll - LST,Bedömd som säker,2-1081,Hässledalen,6237851,502438,6239978,1452569,RT90,Mindre bra,2011.05.19,Nej,,Ja,2017.12.14,,2-1081,Ronneby (S),2-10,Blekinge län (S)
V482385,,2011.05.25,Ja,2011.05.25,,Får,,Annan,Rya,2011.05.24,2011.05.25,Nej,0,0,0,0,0,0,0,0,1,0,0,0,0,0,0,0,0,Varg,,Bete innanför stängsel,Fältkontroll - LST,Bedömd som säker,2-1763,Butorp,6622238,420554,6625499,1375241,RT90,Mindre bra,2011.05.25,Nej,,Ja,2017.12.14,,2-1763,Forshaga (S),2-17,Värmlands län (S)
V482392,,2010.09.20,Ja,2010.09.20,,Get,,Annan,Skogsget,2010.09.19,2010.09.20,Nej,0,0,0,0,0,0,0,0,1,0,0,0,0,0,0,0,0,Varg,,Bete utan stängsel,Fältkontroll - LST,Bedömd som säker,2-2031,Prästbodarna,6756653,530999,6758614,1487373,RT90,Mindre bra,2010.09.20,Nej,,Ja,2017.12.14,,2-2031,Rättvik (S),2-20,Dalarnas län (S)
V482400,,2010.05.10,Ja,2010.05.10,,Annat djur,Katt,Annan,katt / Blandras,2010.05.10,2010.05.10,Nej,0,0,0,0,0,0,0,0,1,0,0,1,0,0,0,0,0,Varg,,Bete utan stängsel,Fältkontroll - LST,Bedömd som säker,2-2082,Nisshyttevägen 75,6688343,543263,6690132,1498802,RT90,Mindre bra,2010.05.10,Nej,,Ja,2017.12.14,,2-2082,Säter (S),2-20,Dalarnas län (S)
V482402,,2010.08.02,Ja,2010.08.02,,Får,,Annan,värmländska skogsfår,2010.08.01,2010.08.02,Nej,0,0,0,0,1,0,0,0,0,0,0,0,0,0,0,0,0,Varg,,Bete innanför stängsel,Fältkontroll - LST,Bedömd som säker,2-1737,Lekvattnet,6671912,372987,6675776,1328257,RT90,Mindre bra,2010.08.02,Nej,,Ja,2017.12.14,,2-1737,Torsby (S),2-17,Värmlands län (S)
V482403,,2010.09.06,Ja,2010.09.06,,Får,,,,2010.09.03,2010.09.06,Nej,0,0,0,7,1,0,0,3,0,0,0,0,0,0,0,0,0,Varg,,Bete utan stängsel,Fältkontroll - LST,Bedömd som säker,2-2034,V. Grunuberg,6772813,490341,6775280,1446900,RT90,Mindre bra,2010.09.06,Nej,,Ja,2017.12.14,,2-2034,Orsa (S),2-20,Dalarnas län (S)
V482413,,2009.09.09,Ja,2009.09.10,,Får,,,,2009.09.09,2009.09.09,Nej,1,0,0,0,0,0,0,0,0,0,0,0,0,0,0,0,0,Varg,,Bete innanför stängsel,Fältkontroll - LST,Bedömd som säker,2-2283,Yttersel,7019259,610837,7020300,1570500,RT90,Mindre bra,2009.09.10,Nej,,Ja,2017.12.14,,2-2283,Sollefteå (S),2-22,Västernorrlands län (S)
V482414,,2009.12.06,Ja,2009.12.06,,Får,,Annan,Hälsingefår,2009.12.06,2009.12.06,Nej,0,0,1,0,0,0,0,0,0,0,0,0,0,0,0,0,0,Varg,,Bete innanför stängsel,Fältkontroll - LST,Bedömd som säker,2-0331,Bjurvalla Östervåla,6671162,617509,6672039,1572858,RT90,Mindre bra,2009.12.06,Nej,,Ja,2017.12.14,,2-0331,Heby (S),2-03,Uppsala län (S)
V482418,,2009.10.30,Ja,2009.10.30,,Får,,Annan,Blandras,2009.10.29,2009.10.30,Nej,10,0,0,0,0,0,0,0,11,0,2,0,0,0,0,0,0,Varg,,Bete innanför stängsel,Fältkontroll - LST,Bedömd som säker,2-1293,Norra Sandby,6226578,433017,6229513,1382987,RT90,Mindre bra,2009.10.30,Nej,,Ja,2017.12.14,,2-1293,Hässleholm (S),2-12,Skåne län (S)
V482437,,2010.06.24,Ja,2010.06.24,,Nöt,,Annan,Cighland Cattle,2010.06.18,2010.06.23,Nej,1,0,0,0,0,0,0,0,0,0,0,0,0,0,0,0,0,Varg,,Bete utan stängsel,Fältkontroll - LST,Bedömd som säker,2-2039,Silderåsen,6823552,393198,6827241,1350343,RT90,Mindre bra,2010.06.24,Nej,,Ja,2017.12.14,,2-2039,Älvdalen (S),2-20,Dalarnas län (S)
V482438,,2010.06.03,Ja,2010.06.04,,Får,,Annan,x,2010.06.02,2010.06.03,Nej,4,0,0,0,0,0,0,0,0,0,0,0,0,0,0,0,0,Varg,,Bete innanför stängsel,Fältkontroll - LST,Bedömd som säker,2-1784,Lyckan,6641188,368194,6645096,1323087,RT90,Mindre bra,2010.06.04,Nej,,Ja,2017.12.14,,2-1784,Arvika (S),2-17,Värmlands län (S)
V482441,,2011.03.07,Ja,2011.03.08,,Får,,,,2011.03.06,2011.03.07,Nej,0,0,0,0,0,0,0,0,1,0,0,0,0,0,0,0,0,Varg,,Bete innanför stängsel,Fältkontroll - LST,Bedömd som säker,2-1860,Mosshult,6522408,478148,6524930,1431650,RT90,Mindre bra,2011.03.08,Nej,,Ja,2017.12.14,,2-1860,Laxå (S),2-18,Örebro län (S)
V482467,,2010.08.03,Ja,2010.08.03,,Nöt,,Annan,Simental/SRB korsn,2010.08.03,2010.08.03,Nej,1,0,0,0,0,0,0,0,0,0,0,0,0,0,0,0,0,Varg,,Bete innanför stängsel,Fältkontroll - LST,Bedömd som säker,2-0188,Beateberg,6618442,692643,6618394,1647364,RT90,Mindre bra,2010.08.03,Nej,,Ja,2017.12.14,,2-0188,Norrtälje (S),2-01,Stockholms län (S)
V482469,,2010.07.14,Ja,2010.07.14,,Får,,,,2010.07.13,2010.07.14,Nej,2,0,2,0,0,0,0,0,4,0,0,0,0,0,0,0,0,Varg,,Bete innanför stängsel,Fältkontroll - LST,Bedömd som säker,2-1782,Örlingen,6638684,467108,6641385,1422015,RT90,Mindre bra,2010.07.14,Nej,,Ja,2017.12.14,,2-1782,Filipstad (S),2-17,Värmlands län (S)
V482472,,2010.11.16,Ja,2010.11.17,,Får,,Annan,åsen Får,2010.11.16,2010.11.16,Nej,0,0,0,0,0,0,0,0,1,0,0,0,0,0,0,0,0,Varg,,Bete innanför stängsel,Fältkontroll - LST,Bedömd som säker,2-2082,Bondhyttan,6685287,529412,6687245,1484910,RT90,Mindre bra,2010.11.17,Nej,,Ja,2017.12.14,,2-2082,Säter (S),2-20,Dalarnas län (S)
V482483,,2010.08.11,Ja,2010.08.11,,Nöt,,Annan,Cighaland Cattle,2010.08.04,2010.08.11,Nej,0,0,0,0,1,0,0,0,0,0,0,0,0,0,0,0,0,Varg,,Bete utan stängsel,Fältkontroll - LST,Bedömd som säker,2-2039,Särksjövägen,6822610,392432,6826308,1349565,RT90,Mindre bra,2010.08.11,Nej,,Ja,2017.12.14,,2-2039,Älvdalen (S),2-20,Dalarnas län (S)
V482485,,2010.09.04,Ja,2010.09.04,,Får,,,,2010.09.03,2010.09.04,Nej,3,0,0,0,0,0,0,0,0,0,0,0,0,0,0,0,0,Varg,,Bete utan stängsel,Fältkontroll - LST,Bedömd som säker,2-2034,Ö Grunuberg,6772211,491028,6774670,1447580,RT90,Mindre bra,2010.09.04,Nej,,Ja,2017.12.14,,2-2034,Orsa (S),2-20,Dalarnas län (S)
V482489,,2010.09.02,Ja,2010.09.04,,Får,,Annan,Texel,2010.08.31,2010.09.02,Nej,8,0,0,0,0,0,0,0,7,0,0,0,0,0,0,0,0,Varg,,Bete innanför stängsel,Fältkontroll - LST,Bedömd som säker,2-0821,Sinnernäs,6327979,563315,6329419,1514526,RT90,Mindre bra,2010.09.04,Nej,,Ja,2017.12.14,,2-0821,Högsby (S),2-08,Kalmar län (S)
V482520,,2009.07.13,Ja,2009.07.13,,Får,,Annan,Ostries mjölk,2009.07.12,2009.07.13,Nej,1,0,0,10,0,0,0,0,6,0,2,0,0,0,0,0,0,Varg,,Bete innanför stängsel,Fältkontroll - LST,Bedömd som säker,2-2326,Häggen,6984503,465443,6987359,1424625,RT90,Mindre bra,2009.07.13,Nej,,Ja,2017.12.14,,2-2326,Berg (S),2-23,Jämtlands län (S)
V482525,,2009.07.19,Ja,2009.07.20,,Får,,Annan,lantras,2009.07.18,2009.07.19,Nej,0,0,0,0,1,0,0,0,0,0,0,0,0,0,0,0,0,Varg,,Bete innanför stängsel,Fältkontroll - LST,Bedömd som säker,2-2361,Lillhärdal,6856862,453426,6859818,1411010,RT90,Mindre bra,2009.07.20,Nej,,Ja,2017.12.14,,2-2361,Härjedalen (S),2-23,Jämtlands län (S)
V482533,,2009.08.13,Ja,2009.08.13,,Får,,Annan,Mjölkfår,2009.08.12,2009.08.13,Nej,0,0,0,0,0,0,0,0,3,0,4,0,0,0,0,0,0,Varg,,Bete innanför stängsel,Fältkontroll - LST,Bedömd som säker,2-1080,Öljersjö,6228218,544877,6229845,1494909,RT90,Mindre bra,2009.08.13,Nej,,Ja,2017.12.14,,2-1080,Karlskrona (S),2-10,Blekinge län (S)
V482536,,2009.07.11,Ja,2009.07.12,,Får,,Annan,Pälsfår / Finullsfår,2009.07.09,2009.07.11,Nej,0,0,0,1,0,0,0,0,1,0,0,0,0,0,0,0,0,Varg,,Bete utan stängsel,Fältkontroll - LST,Bedömd som säker,2-2039,Gessebodarna fäbod,6796204,421604,6799529,1378424,RT90,Mindre bra,2009.07.12,Nej,,Ja,2017.12.14,,2-2039,Älvdalen (S),2-20,Dalarnas län (S)
V482540,,2009.08.24,Ja,2009.08.25,,Får,,Annan,Blandras,2009.08.21,2009.08.23,Nej,0,0,0,0,3,0,0,0,0,0,1,0,0,0,0,0,0,Varg,,Bete innanför stängsel,Fältkontroll - LST,Bedömd som säker,2-1885,Rockhammar,6598854,521579,6600879,1476021,RT90,Mindre bra,2009.08.25,Nej,,Ja,2017.12.14,,2-1885,Lindesberg (S),2-18,Örebro län (S)
V482541,,2009.08.31,Ja,2009.08.31,,Får,,Annan,Pälskorsning,2009.08.30,2009.08.31,Nej,0,0,0,0,0,0,0,0,0,0,1,0,0,0,0,0,0,Varg,,Bete innanför stängsel,Fältkontroll - LST,Bedömd som säker,2-0665,Häradsö,6352674,440269,6355580,1391728,RT90,Mindre bra,2009.08.31,Nej,,Ja,2017.12.14,,2-0665,Vaggeryd (S),2-06,Jönköpings län (S)
V482549,,2011.05.23,Ja,2011.05.23,,Får,,,,2011.05.22,2011.05.23,Nej,3,0,5,6,0,0,0,0,3,0,3,1,0,0,0,0,0,Varg,,Bete innanför stängsel,Fältkontroll - LST,Bedömd som säker,2-2023,V. Bredsjönäs,6677958,438861,6681020,1394235,RT90,Mindre bra,2011.05.23,Nej,,Ja,2017.12.14,,2-2023,Malung (S),2-20,Dalarnas län (S)
V482578,,2010.09.09,Ja,2010.09.09,,Får,,,,2010.09.08,2010.09.09,Nej,5,0,0,0,0,0,0,0,4,0,0,0,0,0,0,0,0,Varg,,Bete innanför stängsel,Fältkontroll - LST,Bedömd som säker,2-1782,Notberg,6622228,439938,6625253,1394633,RT90,Mindre bra,2010.09.09,Nej,,Ja,2017.12.14,,2-1782,Filipstad (S),2-17,Värmlands län (S)
V482584,,2009.10.04,Ja,2009.10.04,,Får,,,,2009.10.03,2009.10.04,Nej,0,0,0,0,0,0,0,0,1,0,0,0,0,0,0,0,0,Varg,,Bete innanför stängsel,Fältkontroll - LST,Bedömd som säker,2-1737,Ängarna,6672490,372606,6676359,1327883,RT90,Mindre bra,2009.10.04,Nej,,Ja,2017.12.14,,2-1737,Torsby (S),2-17,Värmlands län (S)
V482588,,2009.07.13,Ja,2009.07.13,,Får,,,,2009.07.12,2009.07.13,Nej,6,0,0,0,0,0,0,0,1,0,0,0,0,0,0,0,0,Varg,,Bete innanför stängsel,Fältkontroll - LST,Bedömd som säker,2-1904,Sunnanfors,6638617,534270,6640500,1489200,RT90,Mindre bra,2009.07.13,Nej,,Ja,2017.12.14,,2-1904,Skinnskatteberg (S),2-19,Västmanlands län (S)
V482589,,2009.07.18,Ja,2009.07.18,,Får,,,,2009.07.17,2009.07.18,Nej,1,0,0,0,0,0,0,0,0,0,0,0,0,0,0,0,0,Varg,,Bete innanför stängsel,Fältkontroll - LST,Bedömd som säker,2-1904,Sunnanfors,6638916,534267,6640800,1489200,RT90,Mindre bra,2009.07.18,Nej,,Ja,2017.12.14,,2-1904,Skinnskatteberg (S),2-19,Västmanlands län (S)
V482630,,2010.07.09,Ja,2010.07.09,,Får,,Annan,Vet ej,2010.07.07,2010.07.08,Nej,1,0,0,0,0,0,0,0,0,0,0,0,0,0,0,0,0,Varg,,Bete innanför stängsel,Fältkontroll - LST,Bedömd som säker,2-1439,Bronäset,6518942,325711,6523300,1279100,RT90,Mindre bra,2010.07.09,Nej,,Ja,2017.12.14,,2-1439,Färgelanda (S),2-14,Västra Götalands län (S)
V482634,,2010.08.09,Ja,2010.08.09,,Får,,,,2010.08.08,2010.08.09,Nej,2,0,0,0,0,0,0,0,0,0,0,0,0,0,0,0,0,Varg,,Bete innanför stängsel,Fältkontroll - LST,Bedömd som säker,2-1760,Kväggeshyttan,6580422,458904,6583200,1413100,RT90,Mindre bra,2010.08.09,Nej,,Ja,2017.12.14,,2-1760,Storfors (S),2-17,Värmlands län (S)
V482635,,2010.08.14,Ja,2010.08.14,,Får,,,,2010.08.13,2010.08.14,Nej,0,0,0,0,0,0,0,0,4,0,0,2,0,0,0,0,0,Varg,,Bete utan stängsel,Fältkontroll - LST,Bedömd som säker,2-2034,Kruppa fäbod,6779301,497842,6781678,1454484,RT90,Mindre bra,2010.08.14,Nej,,Ja,2017.12.14,,2-2034,Orsa (S),2-20,Dalarnas län (S)
V482636,,2010.07.15,Ja,2010.07.16,,Får,,Annan,Åsenfår,2010.07.14,2010.07.15,Nej,5,0,0,0,18,0,0,0,0,0,0,0,0,0,0,0,0,Varg,,Bete innanför stängsel,Fältkontroll - LST,Bedömd som säker,2-1885,Yxe,6600062,509890,6602229,1464343,RT90,Mindre bra,2010.07.16,Nej,,Ja,2017.12.14,,2-1885,Lindesberg (S),2-18,Örebro län (S)
V482652,,2009.06.24,Ja,2009.06.24,,Får,,Annan,Blandras,2009.06.22,2009.06.24,Nej,5,0,2,5,2,0,0,0,0,0,0,0,0,0,0,0,0,Varg,,Bete utan stängsel,Fältkontroll - LST,Bedömd som säker,2-0484,"Sundbyholmsarkipilagen, Hummelholmen",6594028,593982,6595173,1548387,RT90,Mindre bra,2009.06.24,Nej,,Ja,2017.12.14,,2-0484,Eskilstuna (S),2-04,Södermanlands län (S)
V482660,,2009.06.27,Ja,2009.06.28,,Får,,,,2009.06.27,2009.06.27,Nej,0,0,0,0,1,0,1,0,0,0,0,0,0,0,0,0,0,Varg,,Bete innanför stängsel,Fältkontroll - LST,Bedömd som säker,2-2034,Skattungbyn,6782777,490988,6785240,1447670,RT90,Mindre bra,2009.06.28,Nej,,Ja,2017.12.14,,2-2034,Orsa (S),2-20,Dalarnas län (S)
V482684,,2009.06.02,Ja,2009.06.02,,Får,,Annan,Blandras,2009.06.01,2009.06.02,Nej,1,0,0,0,0,0,0,0,9,0,2,0,0,0,0,0,0,Varg,,Bete innanför stängsel,Fältkontroll - LST,Bedömd som säker,2-1760,S Myren,6602490,448781,6605400,1403240,RT90,Mindre bra,2009.06.02,Nej,,Ja,2017.12.14,,2-1760,Storfors (S),2-17,Värmlands län (S)
V482687,,2009.07.10,Ja,2009.07.11,,Får,,Annan,Blandras,2009.07.09,2009.07.10,Nej,2,0,0,1,1,0,0,0,3,0,0,0,0,0,0,0,0,Varg,,Bete innanför stängsel,Fältkontroll - LST,Bedömd som säker,2-1415,Svartedalen,6434124,323299,6438463,1275668,RT90,Mindre bra,2009.07.11,Nej,,Ja,2017.12.14,,2-1415,Stenungsund (S),2-14,Västra Götalands län (S)
V482688,,2009.07.22,Ja,2009.07.23,,Får,,,,2009.07.18,2009.07.23,Nej,0,0,0,0,0,0,0,0,9,0,3,4,0,0,0,0,0,Varg,,Bete utan stängsel,Fältkontroll - LST,Bedömd som säker,2-2034,Kruppa Fäbodar,6779481,497980,6781857,1454624,RT90,Mindre bra,2009.07.23,Nej,,Ja,2017.12.14,,2-2034,Orsa (S),2-20,Dalarnas län (S)
V482695,,2009.07.23,Ja,2009.07.24,,Får,,Annan,Pälsfår,2009.07.22,2009.07.23,Nej,4,0,0,0,0,0,0,0,3,0,0,4,0,0,0,0,0,Varg,,Bete utan stängsel,Fältkontroll - LST,Bedömd som säker,2-2023,Råbergets fäb.,6742904,421419,6746208,1377582,RT90,Mindre bra,2009.07.24,Nej,,Ja,2017.12.14,,2-2023,Malung (S),2-20,Dalarnas län (S)
V482699,,2009.07.24,Ja,2009.07.25,,Får,,Annan,Pälsfår,2009.07.22,2009.07.24,Nej,5,0,0,0,0,0,0,0,1,0,3,0,0,0,0,0,0,Varg,,Bete innanför stängsel,Fältkontroll - LST,Bedömd som säker,2-2021,Äppelbo,6704222,445483,6707214,1401182,RT90,Mindre bra,2009.07.25,Nej,,Ja,2017.12.14,,2-2021,Vansbro (S),2-20,Dalarnas län (S)
V482700,,2009.07.26,Ja,2009.07.26,,Får,,Annan,Lantras (bland),2009.07.26,2009.07.26,Nej,1,0,0,0,0,0,0,0,0,0,0,0,0,0,0,0,0,Varg,,Bete innanför stängsel,Fältkontroll - LST,Bedömd som säker,2-1885,"Ö. Hagen,  Gusselhyttan",6612590,516616,6614680,1471223,RT90,Mindre bra,2009.07.26,Nej,,Ja,2017.12.14,,2-1885,Lindesberg (S),2-18,Örebro län (S)
V482702,,2009.08.07,Ja,2009.08.07,,Får,,,,2009.08.06,2009.08.07,Nej,5,0,1,2,0,0,0,0,4,0,1,1,0,0,0,0,0,Varg,,Bete innanför stängsel,Fältkontroll - LST,Bedömd som säker,2-1080,Sandhamn,6217194,553075,6218722,1502981,RT90,Mindre bra,2009.08.07,Nej,,Ja,2017.12.14,,2-1080,Karlskrona (S),2-10,Blekinge län (S)
V482704,,2009.10.11,Ja,2009.10.12,,Får,,,,2009.10.09,2009.10.11,Nej,0,0,0,0,0,0,0,0,1,0,0,0,0,0,0,0,0,Varg,,Bete innanför stängsel,Fältkontroll - LST,Bedömd som säker,2-1447,Håkankila 13,6524091,452123,6526928,1405635,RT90,Mindre bra,2009.10.12,Nej,,Ja,2017.12.14,,2-1447,Gullspång (S),2-14,Västra Götalands län (S)
V482706,,2009.06.12,Ja,2009.06.12,,Får,,,,2009.06.11,2009.06.12,Nej,5,0,5,6,0,0,0,0,6,0,12,9,0,0,0,0,0,Varg,,Bete innanför stängsel,Fältkontroll - LST,Bedömd som säker,2-2281,Stöde-Östanå,6918569,581062,6919957,1539457,RT90,Mindre bra,2009.06.12,Nej,,Ja,2017.12.14,,2-2281,Sundsvall (S),2-22,Västernorrlands län (S)
V482707,,2009.10.13,Ja,2009.10.13,,Får,,Annan,lantras,2009.10.12,2009.10.13,Nej,3,0,8,0,0,0,0,0,0,0,0,0,0,0,0,0,0,Varg,,Bete innanför stängsel,Fältkontroll - LST,Bedömd som säker,2-2313,Andersnäset,7108568,557242,7110309,1518018,RT90,Mindre bra,2009.10.13,Nej,,Ja,2017.12.14,,2-2313,Strömsund (S),2-23,Jämtlands län (S)
V482708,,2009.10.13,Ja,2009.10.13,,Får,,,,2009.10.12,2009.10.13,Nej,2,0,0,0,0,0,1,0,0,0,0,0,0,0,0,0,0,Varg,,Bete innanför stängsel,Fältkontroll - LST,Bedömd som säker,2-0765,Eneryda,6281373,458069,6284038,1408693,RT90,Mindre bra,2009.10.13,Nej,,Ja,2017.12.14,,2-0765,Älmhult (S),2-07,Kronobergs län (S)
V482715,,2009.08.12,Ja,2009.08.13,,Får,,Annan,X-gruppen,2009.08.09,2009.08.12,Nej,2,0,0,14,2,0,0,4,2,0,0,2,0,0,0,0,0,Varg,,Bete utan stängsel,Fältkontroll - LST,Bedömd som säker,2-2361,Rottenhållan,6841518,432123,6844732,1389508,RT90,Mindre bra,2009.08.13,Nej,,Ja,2017.12.14,,2-2361,Härjedalen (S),2-23,Jämtlands län (S)
V482716,,2009.08.19,Ja,2009.08.19,,Nöt,,Annan,Simmentahl,2009.08.18,2009.08.19,Nej,1,0,0,0,0,0,0,0,0,0,0,0,0,0,0,0,0,Varg,,Bete utan stängsel,Fältkontroll - LST,Bedömd som säker,2-2361,Mölingen-näset,6844836,440550,6847947,1397980,RT90,Mindre bra,2009.08.19,Nej,,Ja,2017.12.14,,2-2361,Härjedalen (S),2-23,Jämtlands län (S)
V482723,,2009.09.02,Ja,2009.09.02,,Får,,Annan,Texel,2009.09.02,2009.09.02,Nej,0,0,0,0,0,0,0,0,1,0,0,0,0,0,0,0,0,Varg,,Bete innanför stängsel,Fältkontroll - LST,Bedömd som säker,2-1430,Kvarmehogen,6514401,313773,6518900,1267100,RT90,Mindre bra,2009.09.02,Nej,,Ja,2017.12.14,,2-1430,Munkedal (S),2-14,Västra Götalands län (S)
V482730,,2009.10.17,Ja,2009.10.17,,Får,,Annan,Texel,2009.10.16,2009.10.17,Nej,0,0,0,0,0,0,0,0,1,0,0,0,0,0,0,0,0,Varg,,Bete innanför stängsel,Fältkontroll - LST,Bedömd som säker,2-1383,"Toarp, Valinge",6341281,343066,6345332,1294341,RT90,Mindre bra,2009.10.17,Nej,,Ja,2017.12.14,,2-1383,Varberg (S),2-13,Hallands län (S)
V482731,,2009.10.18,Ja,2009.10.19,,Får,,Annan,Päls-Suffolk,2009.10.16,2009.10.18,Nej,1,0,0,0,0,0,0,0,0,0,0,0,0,0,0,0,0,Varg,,Bete innanför stängsel,Fältkontroll - LST,Bedömd som säker,2-1463,"Ekås, Fotskäl",6369146,344340,6373198,1295947,RT90,Mindre bra,2009.10.19,Nej,,Ja,2017.12.14,,2-1463,Mark (S),2-14,Västra Götalands län (S)
V482732,,2009.10.16,Ja,2009.10.18,,Får,,Annan,Texel,2009.10.15,2009.10.16,Nej,1,0,0,0,0,0,0,0,1,0,0,0,0,0,0,0,0,Varg,,Bete innanför stängsel,Fältkontroll - LST,Bedömd som säker,2-1482,Romelanda,6426129,322332,6430475,1274605,RT90,Mindre bra,2009.10.18,Nej,,Ja,2017.12.14,,2-1482,Kungälv (S),2-14,Västra Götalands län (S)
V482736,,2009.09.12,Ja,2009.09.13,,Nöt,,,,2009.09.11,2009.09.12,Nej,1,0,0,0,0,0,0,0,0,0,0,0,0,0,0,0,0,Varg,,Bete innanför stängsel,Fältkontroll - LST,Bedömd som säker,2-1435,Bullaren,6516757,303455,6521382,1256805,RT90,Mindre bra,2009.09.13,Nej,,Ja,2017.12.14,,2-1435,Tanum (S),2-14,Västra Götalands län (S)
V482740,,2009.09.13,Ja,2009.09.14,,Får,,,,2009.09.01,2009.09.10,Nej,0,0,0,0,0,0,0,0,1,0,0,0,0,0,0,0,0,Varg,,Bete innanför stängsel,Fältkontroll - LST,Bedömd som säker,2-1491,Bystadsjön,6389607,405779,6392939,1357660,RT90,Mindre bra,2009.09.14,Nej,,Ja,2017.12.14,,2-1491,Ulricehamn (S),2-14,Västra Götalands län (S)
V482751,,2009.10.27,Ja,2009.10.27,,Får,,Annan,Spelsau,2009.10.25,2009.10.27,Nej,3,0,0,0,0,0,0,0,2,0,0,0,0,0,0,0,0,Varg,,Bete innanför stängsel,Fältkontroll - LST,Bedömd som säker,2-1762,Ransberg,6629030,411834,6632400,1366600,RT90,Mindre bra,2009.10.27,Nej,,Ja,2017.12.14,,2-1762,Munkfors (S),2-17,Värmlands län (S)
V482754,,2009.11.26,Ja,2009.11.27,,Får,,,,2009.11.26,2009.11.26,Nej,0,0,0,0,0,0,0,0,1,0,0,0,0,0,0,0,0,Varg,,Bete innanför stängsel,Fältkontroll - LST,Bedömd som säker,2-1493,Sundsmarken,6516952,437118,6519966,1390538,RT90,Mindre bra,2009.11.27,Nej,,Ja,2017.12.14,,2-1493,Mariestad (S),2-14,Västra Götalands län (S)
V482758,,2009.09.29,Ja,2009.09.30,,Får,,Annan,Leicester,2009.09.29,2009.09.29,Nej,0,0,0,0,0,0,0,0,1,0,0,0,0,0,0,0,0,Varg,,Bete innanför stängsel,Fältkontroll - LST,Bedömd som säker,2-1293,Rävninge,6235420,433513,6238353,1383587,RT90,Mindre bra,2009.09.30,Nej,,Ja,2017.12.14,,2-1293,Hässleholm (S),2-12,Skåne län (S)
V482776,,2010.09.12,Ja,2010.09.14,,Får,,Annan,Blandras,2010.09.11,2010.09.12,Nej,0,0,0,0,1,0,0,0,1,0,0,0,0,0,0,0,0,Varg,,Bete innanför stängsel,Fältkontroll - LST,Bedömd som säker,2-1737,Smedserud,6674343,381896,6678100,1337200,RT90,Mindre bra,2010.09.14,Nej,,Ja,2017.12.14,,2-1737,Torsby (S),2-17,Värmlands län (S)
V482777,,2010.09.18,Ja,2010.09.18,,Får,,,,2010.09.17,2010.09.18,Nej,0,0,0,0,1,0,0,0,0,0,0,0,0,0,0,0,0,Varg,,Bete innanför stängsel,Fältkontroll - LST,Bedömd som säker,2-1737,Smeddserud,6674202,381709,6677961,1337012,RT90,Mindre bra,2010.09.18,Nej,,Ja,2017.12.14,,2-1737,Torsby (S),2-17,Värmlands län (S)
V482779,,2008.08.20,Ja,2008.08.20,,Får,,,,2008.08.18,2008.08.20,Nej,1,0,0,14,0,0,0,0,0,0,0,3,0,0,0,0,0,Varg,,Bete utan stängsel,Fältkontroll - LST,Bedömd som säker,2-2034,V.Grunuberg,6771838,490753,6774300,1447300,RT90,Mindre bra,2008.08.20,Nej,,Ja,2017.12.14,,2-2034,Orsa (S),2-20,Dalarnas län (S)
V482780,,2008.08.20,Ja,2008.08.20,,Får,,Annan,Gotlandsfår,2008.08.19,2008.08.20,Nej,0,0,0,0,0,0,0,0,0,0,1,0,0,0,0,0,0,Varg,,Bete innanför stängsel,Fältkontroll - LST,Bedömd som säker,2-1485,Fökeröd,6455309,321164,6459685,1273786,RT90,Mindre bra,2008.08.20,Nej,,Ja,2017.12.14,,2-1485,Uddevalla (S),2-14,Västra Götalands län (S)
V482781,,2008.08.26,Ja,2008.08.26,,Får,,,,2008.08.25,2008.08.26,Nej,7,0,0,0,1,0,0,0,1,0,0,0,0,0,0,0,0,Varg,,Bete innanför stängsel,Fältkontroll - LST,Bedömd som säker,2-1462,Hjärtum,6454945,330378,6459211,1283000,RT90,Mindre bra,2008.08.26,Nej,,Ja,2017.12.14,,2-1462,LillaEdet (S),2-14,Västra Götalands län (S)
V482783,,2008.08.31,Ja,2008.08.31,,Nöt,,,,2008.08.24,2008.08.29,Nej,0,0,1,0,0,0,0,0,0,0,0,0,0,0,0,0,0,Varg,,Bete utan stängsel,Fältkontroll - LST,Bedömd som säker,2-2034,V.Grunuberg,6772782,490282,6775250,1446840,RT90,Mindre bra,2008.08.31,Nej,,Ja,2017.12.14,,2-2034,Orsa (S),2-20,Dalarnas län (S)
V482801,,2008.10.09,Ja,2008.10.10,,Får,,Annan,korsning,2008.10.09,2008.10.09,Nej,2,0,0,0,0,0,0,0,0,0,1,0,0,0,0,0,0,Varg,,Bete innanför stängsel,Fältkontroll - LST,Bedömd som säker,2-0188,Sättermossen Riala,6613640,693009,6613587,1647672,RT90,Mindre bra,2008.10.10,Nej,,Ja,2017.12.14,,2-0188,Norrtälje (S),2-01,Stockholms län (S)
V482811,,2010.10.21,Ja,2010.10.22,,Får,,Annan,Päls,2010.10.20,2010.10.21,Nej,1,0,0,0,0,0,0,0,0,0,0,0,0,0,0,0,0,Varg,,Bete innanför stängsel,Fältkontroll - LST,Bedömd som säker,2-2181,berga,6708244,598318,6709365,1554116,RT90,Mindre bra,2010.10.22,Nej,,Ja,2017.12.14,,2-2181,Sandviken (S),2-21,Gävleborgs län (S)
V482820,,2008.10.25,Ja,2008.10.25,,Får,,Annan,x,2008.10.24,2008.10.25,Nej,1,0,0,0,0,0,0,0,0,0,0,0,0,0,0,0,0,Varg,,Bete innanför stängsel,Fältkontroll - LST,Bedömd som säker,2-1737,Vadje,6682136,390093,6685796,1345497,RT90,Mindre bra,2008.10.25,Nej,,Ja,2017.12.14,,2-1737,Torsby (S),2-17,Värmlands län (S)
V482823,,2009.01.18,Ja,2009.01.18,,Får,,Annan,Pälsfår,2009.01.17,2009.01.18,Nej,0,0,0,0,0,0,0,0,2,0,1,0,0,0,0,0,0,Varg,,Bete innanför stängsel,Fältkontroll - LST,Bedömd som säker,2-1766,Brandsbol,6651901,381097,6655657,1336127,RT90,Mindre bra,2009.01.18,Nej,,Ja,2017.12.14,,2-1766,Sunne (S),2-17,Värmlands län (S)
V482828,,2008.09.21,Ja,2008.09.21,,Får,,,,2008.09.20,2008.09.21,Nej,3,0,0,0,0,0,0,0,2,0,0,0,0,0,0,0,0,Varg,,Bete innanför stängsel,Fältkontroll - LST,Bedömd som säker,2-1904,Sunnanfors,6638618,534370,6640500,1489300,RT90,Mindre bra,2008.09.21,Nej,,Ja,2017.12.14,,2-1904,Skinnskatteberg (S),2-19,Västmanlands län (S)
V482829,,2008.09.22,Ja,2008.09.22,,Får,,,,2008.09.21,2008.09.22,Nej,1,0,0,0,0,0,0,0,0,0,0,0,0,0,0,0,0,Varg,,Bete innanför stängsel,Fältkontroll - LST,Bedömd som säker,2-1904,Sunnanfors,6638617,534270,6640500,1489200,RT90,Mindre bra,2008.09.22,Nej,,Ja,2017.12.14,,2-1904,Skinnskatteberg (S),2-19,Västmanlands län (S)
V482835,,2009.01.15,Ja,2009.01.16,,Får,,,,2009.01.12,2009.01.15,Nej,3,0,1,1,0,0,0,0,0,0,0,0,0,0,0,0,0,Varg,,Bete innanför stängsel,Fältkontroll - LST,Bedömd som säker,2-1485,Backamo,6452937,323011,6457290,1275605,RT90,Mindre bra,2009.01.16,Nej,,Ja,2017.12.14,,2-1485,Uddevalla (S),2-14,Västra Götalands län (S)
V482848,,2009.07.28,Ja,2009.07.28,,Får,,,,2009.07.28,2009.07.28,Nej,1,0,0,0,0,0,0,0,0,0,0,0,0,0,0,0,0,Varg,,Bete utan stängsel,Fältkontroll - LST,Bedömd som säker,2-1737,Trång,6690669,392818,6694300,1348327,RT90,Mindre bra,2009.07.28,Nej,,Ja,2017.12.14,,2-1737,Torsby (S),2-17,Värmlands län (S)
V482857,,2009.05.01,Ja,2009.05.02,,Får,,Annan,X,2009.05.01,2009.05.01,Nej,0,0,0,0,0,0,0,0,1,0,0,0,0,0,0,0,0,Varg,,Bete innanför stängsel,Fältkontroll - LST,Bedömd som säker,2-1784,Gullsbyn,6618872,381279,6622609,1335907,RT90,Mindre bra,2009.05.02,Nej,,Ja,2017.12.14,,2-1784,Arvika (S),2-17,Värmlands län (S)
V482862,,2009.05.22,Ja,2009.05.22,,Får,,,,2009.05.21,2009.05.22,Nej,0,0,0,0,11,0,16,0,5,0,6,2,0,0,0,0,0,Varg,,Bete innanför stängsel,Fältkontroll - LST,Bedömd som säker,2-0482,Yngersdal,6529951,591500,6531110,1545130,RT90,Mindre bra,2009.05.22,Nej,,Ja,2017.12.14,,2-0482,Flen (S),2-04,Södermanlands län (S)
V482871,,2009.05.19,Ja,2009.05.19,,Nöt,,Annan,Bland,2009.05.18,2009.05.19,Nej,0,0,0,0,0,0,1,0,0,0,0,0,0,0,0,0,0,Varg,,Bete innanför stängsel,Fältkontroll - LST,Bedömd som säker,2-0480,Stigtomta,6520432,600466,6521480,1553983,RT90,Mindre bra,2009.05.19,Nej,,Ja,2017.12.14,,2-0480,Nyköping (S),2-04,Södermanlands län (S)
V482872,,2009.05.29,Ja,2009.05.30,,Får,,Annan,lantras,2009.05.28,2009.05.29,Nej,0,0,0,0,0,0,0,0,0,0,1,0,0,0,0,0,0,Varg,,Bete innanför stängsel,Fältkontroll - LST,Bedömd som säker,2-2361,Kölvallen,6914269,419414,6917672,1377699,RT90,Mindre bra,2009.05.30,Nej,,Ja,2017.12.14,,2-2361,Härjedalen (S),2-23,Jämtlands län (S)
V482884,,2009.06.13,Ja,2009.06.14,,Får,,Annan,Skogsfår Åsen,2009.06.11,2009.06.13,Nej,24,0,1,7,0,0,0,0,11,0,0,0,0,0,0,0,0,Varg,,Bete innanför stängsel,Fältkontroll - LST,Bedömd som säker,2-2023,S. Djuptjärn,6812678,398137,6816300,1355150,RT90,Mindre bra,2009.06.14,Nej,,Ja,2017.12.14,,2-2023,Malung (S),2-20,Dalarnas län (S)
V482891,,2009.06.30,Ja,2009.07.01,,Får,,Annan,Pälsfår,2009.06.30,2009.06.30,Nej,0,0,0,0,2,0,0,0,0,0,0,0,0,0,0,0,0,Varg,,Bete utan stängsel,Fältkontroll - LST,Bedömd som säker,2-2039,Hållvallen,6821848,400883,6825441,1358011,RT90,Mindre bra,2009.07.01,Nej,,Ja,2017.12.14,,2-2039,Älvdalen (S),2-20,Dalarnas län (S)
V482895,,2009.07.27,Ja,2009.07.28,,Får,,,,2009.07.26,2009.07.27,Nej,2,0,0,0,0,0,0,0,0,0,0,0,0,0,0,0,0,Varg,,Bete innanför stängsel,Fältkontroll - LST,Bedömd som säker,2-1080,Blåningsmåla,6245349,526460,6247197,1476687,RT90,Mindre bra,2009.07.28,Nej,,Ja,2017.12.14,,2-1080,Karlskrona (S),2-10,Blekinge län (S)
V482896,,2009.07.27,Ja,2009.07.28,,Får,,Annan,Blandfår,2009.07.26,2009.07.26,Nej,0,0,0,0,0,0,0,0,1,0,0,0,0,0,0,0,0,Varg,,Bete utan stängsel,Fältkontroll - LST,Bedömd som säker,2-2031,Karl Tövåsen,6760530,502994,6762837,1459406,RT90,Mindre bra,2009.07.28,Nej,,Ja,2017.12.14,,2-2031,Rättvik (S),2-20,Dalarnas län (S)
V482897,,2009.07.30,Ja,2009.07.30,,Får,,,,2009.07.29,2009.07.30,Nej,4,0,0,7,0,0,0,0,17,0,0,0,0,0,0,0,0,Varg,,Bete innanför stängsel,Fältkontroll - LST,Bedömd som säker,2-1737,Torsby,6668499,387019,6672190,1342254,RT90,Mindre bra,2009.07.30,Nej,,Ja,2017.12.14,,2-1737,Torsby (S),2-17,Värmlands län (S)
V482900,,2009.07.31,Ja,2009.07.31,,Får,,,,2009.07.30,2009.07.31,Nej,5,0,0,1,0,0,0,0,3,0,0,0,0,0,0,0,0,Varg,,Bete innanför stängsel,Fältkontroll - LST,Bedömd som säker,2-1737,Ganterud,6675958,381729,6679718,1337053,RT90,Mindre bra,2009.07.31,Nej,,Ja,2017.12.14,,2-1737,Torsby (S),2-17,Värmlands län (S)
V482906,,2009.07.22,Ja,2009.07.24,,Får,,Annan,X,2009.07.22,2009.07.23,Nej,1,0,0,0,0,0,0,0,0,0,0,0,0,0,0,0,0,Varg,,Bete utan stängsel,Fältkontroll - LST,Bedömd som säker,2-1737,Trång,6690649,392677,6694282,1348186,RT90,Mindre bra,2009.07.24,Nej,,Ja,2017.12.14,,2-1737,Torsby (S),2-17,Värmlands län (S)
V482913,,2008.08.18,Ja,2008.08.18,,Får,,,,2008.08.17,2008.08.18,Nej,2,0,5,0,0,0,0,0,1,0,2,0,0,0,0,0,0,Varg,,Bete innanför stängsel,Fältkontroll - LST,Bedömd som säker,2-0188,"Strand , Rumsättra",6609744,695206,6609664,1649822,RT90,Mindre bra,2008.08.18,Nej,,Ja,2017.12.14,,2-0188,Norrtälje (S),2-01,Stockholms län (S)
V482914,,2008.08.28,Ja,2008.08.28,,Får,,Annan,Blandras,2008.08.28,2008.08.28,Nej,1,0,0,1,0,0,0,0,1,0,0,0,0,0,0,0,0,Varg,,Bete utan stängsel,Fältkontroll - LST,Bedömd som säker,2-2031,Gärdsgården,6760383,502190,6762700,1458600,RT90,Mindre bra,2008.08.28,Nej,,Ja,2017.12.14,,2-2031,Rättvik (S),2-20,Dalarnas län (S)
V482921,,2009.06.13,Ja,2009.06.15,,Får,,Annan,Skogsfår Åsen,2009.06.11,2009.06.13,Nej,24,0,4,7,0,0,0,0,11,0,0,0,0,0,0,0,0,Varg,,Bete innanför stängsel,Fältkontroll - LST,Bedömd som säker,2-2023,S.Djuptjärn,6812678,398137,6816300,1355150,RT90,Mindre bra,2009.06.15,Nej,,Ja,2017.12.14,,2-2023,Malung (S),2-20,Dalarnas län (S)
V482929,,2008.05.29,Ja,2008.05.30,,Nöt,,Annan,Hereford,2008.05.28,2008.05.29,Nej,1,0,0,0,0,0,0,0,0,0,0,0,0,0,0,0,0,Varg,,Bete innanför stängsel,Fältkontroll - LST,Bedömd som säker,2-2132,Vik,6874167,619989,6875060,1577840,RT90,Mindre bra,2008.05.30,Nej,,Ja,2017.12.14,,2-2132,Nordanstig (S),2-21,Gävleborgs län (S)
V482939,,2008.07.12,Ja,2008.07.13,,Nöt,,Annan,Lågland,2008.07.11,2008.07.12,Nej,1,0,0,0,0,0,0,0,0,0,0,0,0,0,0,0,0,Varg,,Bete innanför stängsel,Fältkontroll - LST,Bedömd som säker,2-1439,Bäckefors,6520528,332888,6524800,1286300,RT90,Mindre bra,2008.07.13,Nej,,Ja,2017.12.14,,2-1439,Färgelanda (S),2-14,Västra Götalands län (S)
V482947,,2008.08.14,Ja,2008.08.14,,Får,,Annan,Lester-Gotlandsfår,2008.08.13,2008.08.14,Nej,1,0,0,0,4,0,0,0,0,0,0,0,0,0,0,0,0,Varg,,Bete innanför stängsel,Fältkontroll - LST,Bedömd som säker,2-1485,Svenshögen,6450845,319929,6455234,1272496,RT90,Mindre bra,2008.08.14,Nej,,Ja,2017.12.14,,2-1485,Uddevalla (S),2-14,Västra Götalands län (S)
V482950,,2008.08.30,Ja,2008.08.30,,Får,,,,2008.08.26,2008.08.28,Nej,0,0,0,0,0,0,0,0,5,0,5,2,0,0,0,0,0,Varg,,Bete utan stängsel,Fältkontroll - LST,Bedömd som säker,2-1864,Stjärnfors,6632412,500904,6634700,1455747,RT90,Mindre bra,2008.08.30,Nej,,Ja,2017.12.14,,2-1864,Ljusnarsberg (S),2-18,Örebro län (S)
V482952,,2008.08.04,Ja,2008.08.04,,Får,,Annan,Ullfår,2008.08.04,2008.08.04,Nej,6,0,2,0,2,0,0,0,2,0,0,0,0,0,0,0,0,Varg,,Bete innanför stängsel,Fältkontroll - LST,Bedömd som säker,2-1487,Bruket (Laxfisket),6482639,331215,6486910,1284170,RT90,Mindre bra,2008.08.04,Nej,,Ja,2017.12.14,,2-1487,Vänersborg (S),2-14,Västra Götalands län (S)
V482957,,2009.08.20,Ja,2009.08.22,,Får,,Annan,Blandras,2009.08.18,2009.08.20,Nej,0,0,0,0,0,0,0,0,19,0,0,8,0,0,0,0,0,Varg,,Bete innanför stängsel,Fältkontroll - LST,Bedömd som säker,2-1462,Hjärtum,6456622,332713,6460861,1285357,RT90,Mindre bra,2009.08.22,Nej,,Ja,2017.12.14,,2-1462,LillaEdet (S),2-14,Västra Götalands län (S)
V482958,,2009.08.23,Ja,2009.08.23,,Får,,,,2009.08.22,2009.08.23,Nej,0,0,0,0,0,0,0,0,1,0,0,0,0,0,0,0,0,Varg,,Bete innanför stängsel,Fältkontroll - LST,Bedömd som säker,2-1737,Lekvattnet,6672789,372479,6676660,1327760,RT90,Mindre bra,2009.08.23,Nej,,Ja,2017.12.14,,2-1737,Torsby (S),2-17,Värmlands län (S)
V482960,,2009.08.21,Ja,2009.08.21,,Får,,,,2009.08.20,2009.08.21,Nej,0,0,0,0,0,0,0,0,1,0,0,0,0,0,0,0,0,Varg,,Bete innanför stängsel,Fältkontroll - LST,Bedömd som säker,2-0763,Slättamåla,6269490,496603,6271697,1447103,RT90,Mindre bra,2009.08.21,Nej,,Ja,2017.12.14,,2-0763,Tingsryd (S),2-07,Kronobergs län (S)
V482961,,2009.08.24,Ja,2009.08.24,,Får,,,,2009.08.22,2009.08.24,Nej,0,0,0,0,3,0,0,0,1,0,0,0,0,0,0,0,0,Varg,,Bete innanför stängsel,Fältkontroll - LST,Bedömd som säker,2-0764,Huseby,6292557,474977,6295027,1425740,RT90,Mindre bra,2009.08.24,Nej,,Ja,2017.12.14,,2-0764,Alvesta (S),2-07,Kronobergs län (S)
V482964,,2009.08.26,Ja,2009.08.26,,Nöt,,Annan,SRB,2009.08.20,2009.08.24,Nej,1,0,0,0,0,0,0,0,0,0,0,0,0,0,0,0,0,Varg,,Bete innanför stängsel,Fältkontroll - LST,Bedömd som säker,2-1491,Humla,6424148,411581,6427427,1363877,RT90,Mindre bra,2009.08.26,Nej,,Ja,2017.12.14,,2-1491,Ulricehamn (S),2-14,Västra Götalands län (S)
V482965,,2008.09.22,Ja,2008.09.22,,Får,,Annan,korsning,2008.09.22,2008.09.22,Nej,1,0,0,0,0,0,0,0,0,0,0,0,0,0,0,0,0,Varg,,Bete innanför stängsel,Fältkontroll - LST,Bedömd som säker,2-0188,Strand,6609602,695330,6609520,1649944,RT90,Mindre bra,2008.09.22,Nej,,Ja,2017.12.14,,2-0188,Norrtälje (S),2-01,Stockholms län (S)
V482969,,2008.09.24,Ja,2008.09.25,,Får,,Annan,Finull,2008.09.24,2008.09.24,Nej,0,0,0,0,0,0,0,0,1,0,0,0,0,0,0,0,0,Varg,,Bete innanför stängsel,Fältkontroll - LST,Bedömd som säker,2-1737,Skansen,6680038,390475,6683693,1345853,RT90,Mindre bra,2008.09.25,Nej,,Ja,2017.12.14,,2-1737,Torsby (S),2-17,Värmlands län (S)
V482971,,2008.09.27,Ja,2008.09.27,,Får,,,,2008.09.27,2008.09.27,Nej,1,0,0,0,0,0,0,0,0,0,0,0,0,0,0,0,0,Varg,,Bete innanför stängsel,Fältkontroll - LST,Bedömd som säker,2-1737,Åsteby,6681777,391593,6685419,1346993,RT90,Mindre bra,2008.09.27,Nej,,Ja,2017.12.14,,2-1737,Torsby (S),2-17,Värmlands län (S)
V482972,,2008.09.24,Ja,2008.09.25,,Får,,,,2008.09.23,2008.09.24,Nej,2,0,0,0,0,0,0,0,0,0,0,0,0,0,0,0,0,Varg,,Bete innanför stängsel,Fältkontroll - LST,Bedömd som säker,2-2121,Parses,6807003,547193,6808780,1504193,RT90,Mindre bra,2008.09.25,Nej,,Ja,2017.12.14,,2-2121,Ovanåker (S),2-21,Gävleborgs län (S)
V482973,,2008.09.28,Ja,2008.09.28,,Får,,Annan,Gotlandsfår,2008.09.26,2008.09.27,Nej,1,0,0,0,0,0,0,0,0,0,0,0,0,0,0,0,0,Varg,,Bete innanför stängsel,Fältkontroll - LST,Bedömd som säker,2-1439,Färgelanda,6499105,321652,6503500,1274800,RT90,Mindre bra,2008.09.28,Nej,,Ja,2017.12.14,,2-1439,Färgelanda (S),2-14,Västra Götalands län (S)
V482985,,2009.07.31,Ja,2009.07.31,,Nöt,,,,2009.07.30,2009.07.31,Nej,0,0,1,0,0,0,0,0,0,0,1,0,0,0,0,0,0,Varg,,Bete innanför stängsel,Fältkontroll - LST,Bedömd som säker,2-1080,Strömsberg,6244299,541024,6245976,1491243,RT90,Mindre bra,2009.07.31,Nej,,Ja,2017.12.14,,2-1080,Karlskrona (S),2-10,Blekinge län (S)
V482986,,2009.08.03,Ja,2009.08.03,,Får,,,,2009.08.01,2009.08.03,Nej,3,0,1,0,0,0,0,0,0,0,0,0,0,0,0,0,0,Varg,,Bete innanför stängsel,Fältkontroll - LST,Bedömd som säker,2-1080,Orranäs,6227163,559477,6228619,1509501,RT90,Mindre bra,2009.08.03,Nej,,Ja,2017.12.14,,2-1080,Karlskrona (S),2-10,Blekinge län (S)
V482988,,2009.08.04,Ja,2009.08.05,,Får,,Annan,Gutefår-Pälsfår,2009.08.03,2009.08.04,Nej,0,0,0,0,0,0,0,0,1,0,0,0,0,0,0,0,0,Varg,,Bete utan stängsel,Fältkontroll - LST,Bedömd som säker,2-2039,Brindberg,6800790,442552,6803858,1399438,RT90,Mindre bra,2009.08.05,Nej,,Ja,2017.12.14,,2-2039,Älvdalen (S),2-20,Dalarnas län (S)
V482989,,2009.07.28,Ja,2009.07.29,,Får,,Annan,Gutefår,2009.07.27,2009.07.28,Nej,2,0,0,0,0,0,0,0,0,0,1,0,0,0,0,0,0,Varg,,Bete innanför stängsel,Fältkontroll - LST,Bedömd som säker,2-0188,Tuttboda,6619666,696184,6619575,1650920,RT90,Mindre bra,2009.07.29,Nej,,Ja,2017.12.14,,2-0188,Norrtälje (S),2-01,Stockholms län (S)
V482990,,2009.08.07,Ja,2009.08.07,,Får,,,,2009.08.06,2009.08.07,Nej,0,0,0,0,0,0,0,0,5,0,2,2,0,0,0,0,0,Varg,,Bete innanför stängsel,Fältkontroll - LST,Bedömd som säker,2-1080,Sandhamn,6217641,554029,6219158,1503940,RT90,Mindre bra,2009.08.07,Nej,,Ja,2017.12.14,,2-1080,Karlskrona (S),2-10,Blekinge län (S)
V482996,,2008.10.24,Ja,2008.10.24,,Får,,,,2008.10.23,2008.10.24,Nej,0,0,0,1,0,0,0,0,1,0,0,0,0,0,0,0,0,Varg,,Bete innanför stängsel,Fältkontroll - LST,Bedömd som säker,2-1737,Smedserud,6674304,381949,6678060,1337253,RT90,Mindre bra,2008.10.24,Nej,,Ja,2017.12.14,,2-1737,Torsby (S),2-17,Värmlands län (S)
V482997,,2008.10.17,Ja,2008.10.26,,Får,,,,2008.10.17,2008.10.17,Nej,0,0,0,0,0,0,0,0,1,0,0,0,0,0,0,0,0,Varg,,Bete innanför stängsel,Fältkontroll - LST,Bedömd som säker,2-1863,Grängshyttan,6620659,487905,6623100,1442600,RT90,Mindre bra,2008.10.26,Nej,,Ja,2017.12.14,,2-1863,Hällefors (S),2-18,Örebro län (S)
V483023,,2009.06.09,Ja,2009.06.09,,Får,,Annan,Suffolk div korsn,2009.06.08,2009.06.09,Nej,1,0,0,0,2,0,0,0,0,0,0,0,0,0,0,0,0,Varg,,Bete innanför stängsel,Fältkontroll - LST,Bedömd som säker,2-0381,NV Teda prästgård,6605970,607851,6606950,1562404,RT90,Mindre bra,2009.06.09,Nej,,Ja,2017.12.14,,2-0381,Enköping (S),2-03,Uppsala län (S)
V483045,,2007.10.01,Ja,2007.10.01,,Får,,,,2007.10.01,2007.10.01,Nej,1,0,0,0,0,0,0,0,0,0,0,0,0,0,0,0,0,Varg,,Bete innanför stängsel,Fältkontroll - LST,Bedömd som säker,2-1485,Ängebacken,6471311,326986,6475627,1279803,RT90,Mindre bra,2007.10.01,Nej,,Ja,2017.12.14,,2-1485,Uddevalla (S),2-14,Västra Götalands län (S)
V483046,,2007.09.22,Ja,2007.10.03,,Får,,,,2007.09.21,2007.09.22,Nej,0,0,0,0,0,0,0,0,1,0,0,0,0,0,0,0,0,Varg,,Bete innanför stängsel,Fältkontroll - LST,Bedömd som säker,2-1485,Ängebacken,6471307,326980,6475623,1279797,RT90,Mindre bra,2007.10.03,Nej,,Ja,2017.12.14,,2-1485,Uddevalla (S),2-14,Västra Götalands län (S)
V483052,,2007.10.02,Ja,2007.10.03,,Nöt,,Annan,ChXSim,2007.10.01,2007.10.02,Nej,0,0,0,0,0,0,0,0,0,0,1,0,0,0,0,0,0,Varg,,Bete innanför stängsel,Fältkontroll - LST,Bedömd som säker,2-1785,Kohlsäter,6576886,369405,6580746,1323517,RT90,Mindre bra,2007.10.03,Nej,,Ja,2017.12.14,,2-1785,Säffle (S),2-17,Värmlands län (S)
V483055,,2007.10.06,Ja,2007.10.06,,Får,,Annan,Texel/Finull,2007.10.06,2007.10.06,Nej,1,0,0,0,0,0,0,0,0,0,0,0,0,0,0,0,0,Varg,,Bete innanför stängsel,Fältkontroll - LST,Bedömd som säker,2-1485,Ängebacken,6471186,327085,6475500,1279900,RT90,Mindre bra,2007.10.06,Nej,,Ja,2017.12.14,,2-1485,Uddevalla (S),2-14,Västra Götalands län (S)
V483057,,2009.05.25,Ja,2009.05.25,,Får,,,,2009.05.24,2009.05.25,Nej,0,0,0,0,0,0,0,0,5,0,0,0,0,0,0,0,0,Varg,,Bete innanför stängsel,Fältkontroll - LST,Bedömd som säker,2-0483,Björkvik,6526725,586731,6527940,1540320,RT90,Mindre bra,2009.05.25,Nej,,Ja,2017.12.14,,2-0483,Katrineholm (S),2-04,Södermanlands län (S)
V483069,,2008.07.18,Ja,2008.07.18,,Häst,,Annan,Shetlandsponny,2008.07.17,2008.07.18,Nej,0,0,0,0,0,0,0,0,0,0,1,0,0,0,0,0,0,Varg,,Bete innanför stängsel,Fältkontroll - LST,Bedömd som säker,2-1439,Högsäter,6507934,332840,6512200,1286100,RT90,Mindre bra,2008.07.18,Nej,,Ja,2017.12.14,,2-1439,Färgelanda (S),2-14,Västra Götalands län (S)
V483071,,2008.07.20,Ja,2008.07.20,,Får,,Annan,Pälsfår,2008.07.19,2008.07.20,Nej,2,0,0,0,4,0,1,0,5,0,0,0,0,0,0,0,0,Varg,,Bete innanför stängsel,Fältkontroll - LST,Bedömd som säker,2-1462,Utby,6455654,331831,6459903,1284463,RT90,Mindre bra,2008.07.20,Nej,,Ja,2017.12.14,,2-1462,LillaEdet (S),2-14,Västra Götalands län (S)
V483079,,2007.11.29,Ja,2007.11.29,,Får,,,,2007.11.28,2007.11.29,Nej,0,0,0,0,0,0,0,0,2,0,1,1,0,0,0,0,0,Varg,,Bete innanför stängsel,Fältkontroll - LST,Bedömd som säker,2-1473,Halna Torp,6501570,456997,6504339,1410240,RT90,Mindre bra,2007.11.29,Nej,,Ja,2017.12.14,,2-1473,Töreboda (S),2-14,Västra Götalands län (S)
V483091,,2008.06.12,Ja,2008.06.12,,Nöt,,Annan,korsn limosine-blondie,2008.06.11,2008.06.12,Nej,3,0,1,0,0,0,0,0,0,0,0,0,0,0,0,0,0,Varg,,Bete innanför stängsel,Fältkontroll - LST,Bedömd som säker,2-1383,"Stråksjö, Veddige",6358349,342667,6362415,1294145,RT90,Mindre bra,2008.06.12,Nej,,Ja,2017.12.14,,2-1383,Varberg (S),2-13,Hallands län (S)
V483098,,2008.06.20,Ja,2008.06.20,,Får,,,,2008.06.19,2008.06.20,Nej,1,0,1,0,0,0,0,0,3,0,3,0,0,0,0,0,0,Varg,,Bete innanför stängsel,Fältkontroll - LST,Bedömd som säker,2-1415,Tönneröd,6444649,322355,6449005,1274850,RT90,Mindre bra,2008.06.20,Nej,,Ja,2017.12.14,,2-1415,Stenungsund (S),2-14,Västra Götalands län (S)
V483117,,2008.07.21,Ja,2008.07.21,,Får,,Annan,Pälsfår,2008.07.20,2008.07.21,Nej,0,0,0,0,0,0,0,0,1,0,0,0,0,0,0,0,0,Varg,,Bete utan stängsel,Fältkontroll - LST,Bedömd som säker,2-2023,Lidsel,6732842,415886,6736209,1371923,RT90,Mindre bra,2008.07.21,Nej,,Ja,2017.12.14,,2-2023,Malung (S),2-20,Dalarnas län (S)
V483118,,2008.08.15,Ja,2008.08.15,,Nöt,,Annan,Charolais,2008.08.15,2008.08.15,Nej,0,0,0,0,0,0,0,0,0,0,1,0,0,0,0,0,0,Varg,,Bete innanför stängsel,Fältkontroll - LST,Bedömd som säker,2-1485,Svenshögen,6450845,319929,6455234,1272496,RT90,Mindre bra,2008.08.15,Nej,,Ja,2017.12.14,,2-1485,Uddevalla (S),2-14,Västra Götalands län (S)
V483119,,2008.06.21,Ja,2008.06.21,,Får,,,,2008.06.20,2008.06.21,Nej,4,0,0,5,0,0,0,0,6,0,0,0,0,0,0,0,0,Varg,,Bete innanför stängsel,Fältkontroll - LST,Bedömd som säker,2-1485,Käll,6458574,320290,6462963,1272950,RT90,Mindre bra,2008.06.21,Nej,,Ja,2017.12.14,,2-1485,Uddevalla (S),2-14,Västra Götalands län (S)
V483120,,2008.06.24,Ja,2008.06.24,,Får,,Annan,Rya,2008.06.23,2008.06.24,Nej,3,0,0,0,0,0,0,0,2,0,0,0,0,0,0,0,0,Varg,,Bete innanför stängsel,Fältkontroll - LST,Bedömd som säker,2-1485,"Backamo, Ljungskile",6453505,323677,6457850,1276278,RT90,Mindre bra,2008.06.24,Nej,,Ja,2017.12.14,,2-1485,Uddevalla (S),2-14,Västra Götalands län (S)
V483124,,2008.06.27,Ja,2008.06.27,,Nöt,,,,2008.06.22,2008.06.25,Nej,1,0,0,0,0,0,0,0,0,0,0,0,0,0,0,0,0,Varg,,Bete innanför stängsel,Fältkontroll - LST,Bedömd som säker,2-1463,"Skogsåkra, HORRED",6358589,346029,6362615,1297511,RT90,Mindre bra,2008.06.27,Nej,,Ja,2017.12.14,,2-1463,Mark (S),2-14,Västra Götalands län (S)
V483125,,2008.05.28,Ja,2008.05.29,,Nöt,,Annan,Hereford,2008.05.27,2008.05.28,Nej,1,0,0,0,0,0,0,0,0,0,0,0,0,0,0,0,0,Varg,,Bete innanför stängsel,Fältkontroll - LST,Bedömd som säker,2-1438,Botiltorp,6524914,315345,6529400,1268800,RT90,Mindre bra,2008.05.29,Nej,,Ja,2017.12.14,,2-1438,Dals-Ed (S),2-14,Västra Götalands län (S)
V483132,,2008.10.27,Ja,2008.10.27,,Får,,,,2008.10.26,2008.10.27,Nej,1,0,0,0,0,0,0,0,1,0,0,0,0,0,0,0,0,Varg,,Bete innanför stängsel,Fältkontroll - LST,Bedömd som säker,2-0117,Undal,6606748,693727,6606685,1648306,RT90,Mindre bra,2008.10.27,Nej,,Ja,2017.12.14,,2-0117,Österåker (S),2-01,Stockholms län (S)
V483136,,2008.07.21,Ja,2008.07.22,,Får,,Annan,Gute,2008.07.20,2008.07.21,Nej,1,0,0,0,0,0,0,0,0,0,0,0,0,0,0,0,0,Varg,,Bete innanför stängsel,Fältkontroll - LST,Bedömd som säker,2-1439,Färgelanda,6502605,321810,6507000,1275000,RT90,Mindre bra,2008.07.22,Nej,,Ja,2017.12.14,,2-1439,Färgelanda (S),2-14,Västra Götalands län (S)
V483138,,2008.06.08,Ja,2008.06.08,,Får,,,,2008.06.05,2008.06.08,Nej,3,0,3,8,0,0,0,0,0,0,0,0,0,0,0,0,0,Varg,,Bete innanför stängsel,Fältkontroll - LST,Bedömd som säker,2-1904,Sunnanfors,6638618,534370,6640500,1489300,RT90,Mindre bra,2008.06.08,Nej,,Ja,2017.12.14,,2-1904,Skinnskatteberg (S),2-19,Västmanlands län (S)
V483139,,2008.07.22,Ja,2008.07.24,,Får,,Annan,Blandras,2008.07.21,2008.07.22,Nej,4,0,0,0,0,0,0,0,4,0,0,0,0,0,0,0,0,Varg,,Bete innanför stängsel,Fältkontroll - LST,Bedömd som säker,2-0484,Stora Sundby,6570953,564170,6572453,1518287,RT90,Mindre bra,2008.07.24,Nej,,Ja,2017.12.14,,2-0484,Eskilstuna (S),2-04,Södermanlands län (S)
V483142,,2008.08.04,Ja,2008.08.05,,Får,,Annan,Allmoge,2008.08.03,2008.08.04,Nej,0,0,0,1,0,0,0,0,1,0,0,0,0,0,0,0,0,Varg,,Bete innanför stängsel,Fältkontroll - LST,Bedömd som säker,2-2161,Karlsberg,6838982,511749,6841208,1469133,RT90,Mindre bra,2008.08.05,Nej,,Ja,2017.12.14,,2-2161,Ljusdal (S),2-21,Gävleborgs län (S)
V483147,,2008.08.20,Ja,2008.08.20,,Får,,,,2008.08.19,2008.08.20,Nej,0,0,0,0,0,0,0,0,1,0,0,0,0,0,0,0,0,Varg,,Bete innanför stängsel,Fältkontroll - LST,Bedömd som säker,2-1737,Lekvattnet,6672503,372595,6676373,1327872,RT90,Mindre bra,2008.08.20,Nej,,Ja,2017.12.14,,2-1737,Torsby (S),2-17,Värmlands län (S)
V483152,,2008.09.30,Ja,2008.09.30,,Får,,,,2008.09.29,2008.09.30,Nej,0,0,0,0,1,0,0,0,1,0,1,0,0,0,0,0,0,Varg,,Bete innanför stängsel,Fältkontroll - LST,Bedömd som säker,2-1737,Buråsen,6682339,394060,6685951,1349468,RT90,Mindre bra,2008.09.30,Nej,,Ja,2017.12.14,,2-1737,Torsby (S),2-17,Värmlands län (S)
V483156,,2008.08.21,Ja,2008.08.25,,Får,,Annan,Gotlandsfår,2008.08.20,2008.08.21,Nej,0,0,0,0,2,0,0,0,12,0,0,0,0,0,0,0,0,Varg,,Bete innanför stängsel,Fältkontroll - LST,Bedömd som säker,2-1485,Ljungskile,6455309,321164,6459685,1273786,RT90,Mindre bra,2008.08.25,Nej,,Ja,2017.12.14,,2-1485,Uddevalla (S),2-14,Västra Götalands län (S)
V483161,,2008.08.24,Ja,2008.08.24,,Får,,,,2008.08.23,2008.08.24,Nej,2,0,0,1,0,0,0,0,2,0,0,0,0,0,0,0,0,Varg,,Bete innanför stängsel,Fältkontroll - LST,Bedömd som säker,2-1487,Sillered,6468512,331528,6472772,1284314,RT90,Mindre bra,2008.08.24,Nej,,Ja,2017.12.14,,2-1487,Vänersborg (S),2-14,Västra Götalands län (S)
V483162,,2008.08.23,Ja,2008.08.25,,Får,,Annan,Gute,2008.08.20,2008.08.22,Nej,0,0,0,0,0,0,0,0,1,0,0,0,0,0,0,0,0,Varg,,Bete innanför stängsel,Fältkontroll - LST,Bedömd som säker,2-1384,"Tåmosse Stättared, Veddige",6358196,339466,6362300,1290940,RT90,Mindre bra,2008.08.25,Nej,,Ja,2017.12.14,,2-1384,Kungsbacka (S),2-13,Hallands län (S)
V483163,,2008.08.18,Ja,2008.08.20,,Får,,Annan,Värmländsk skogsfår,2008.08.16,2008.08.17,Nej,2,0,1,0,0,0,0,0,1,0,0,0,0,0,0,0,0,Varg,,Bete utan stängsel,Fältkontroll - LST,Bedömd som säker,2-2031,Prästbodarna,6756293,530658,6758258,1487027,RT90,Mindre bra,2008.08.20,Nej,,Ja,2017.12.14,,2-2031,Rättvik (S),2-20,Dalarnas län (S)
V483165,,2007.08.22,Ja,2007.08.22,,Får,,Annan,Blandras,2007.08.22,2007.08.22,Nej,4,0,2,5,13,0,1,0,0,0,0,0,0,0,0,0,0,Varg,,Bete innanför stängsel,Fältkontroll - LST,Bedömd som säker,2-1781,Skogagården,6564096,456203,6566900,1410200,RT90,Mindre bra,2007.08.22,Nej,,Ja,2017.12.14,,2-1781,Kristinehamn (S),2-17,Värmlands län (S)
V483176,,2007.05.20,Ja,2007.05.22,,Får,,Annan,Lantraskorsning,2007.05.19,2007.05.20,Nej,0,0,0,0,0,0,0,0,1,0,0,0,0,0,0,0,0,Varg,,Bete innanför stängsel,Fältkontroll - LST,Bedömd som säker,2-0380,Sätrarna,6653204,627895,6653951,1583028,RT90,Mindre bra,2007.05.22,Nej,,Ja,2017.12.14,,2-0380,Uppsala (S),2-03,Uppsala län (S)
V483182,,2007.05.26,Ja,2007.05.26,,Får,,Annan,Köttras,2007.05.25,2007.05.26,Nej,2,0,1,0,0,0,0,0,1,0,1,0,0,0,0,0,0,Varg,,Bete innanför stängsel,Fältkontroll - LST,Bedömd som säker,2-1485,Fällan (Skråröd),6476031,331124,6480300,1284000,RT90,Mindre bra,2007.05.26,Nej,,Ja,2017.12.14,,2-1485,Uddevalla (S),2-14,Västra Götalands län (S)
V483186,,2007.06.17,Ja,2007.06.18,,Får,,Annan,Blandras,2007.06.16,2007.06.17,Nej,1,0,3,0,0,0,0,0,0,0,0,0,0,0,0,0,0,Varg,,Bete utan stängsel,Fältkontroll - LST,Bedömd som säker,2-2021,Blöta åkern,6686197,458894,6689018,1414377,RT90,Mindre bra,2007.06.18,Nej,,Ja,2017.12.14,,2-2021,Vansbro (S),2-20,Dalarnas län (S)
V483191,,2007.06.22,Ja,2007.06.22,,Får,,Annan,päls,2007.06.21,2007.06.22,Nej,1,0,0,1,0,0,0,0,0,0,0,0,0,0,0,0,0,Varg,,Bete innanför stängsel,Fältkontroll - LST,Bedömd som säker,2-1764,Gansbyn,6595830,382939,6599536,1337288,RT90,Mindre bra,2007.06.22,Nej,,Ja,2017.12.14,,2-1764,Grums (S),2-17,Värmlands län (S)
V483192,,2007.06.28,Ja,2007.06.28,,Får,,Annan,Blandras,2007.06.28,2007.06.28,Nej,0,0,0,0,0,0,0,0,2,0,0,0,0,0,0,0,0,Varg,,Bete utan stängsel,Fältkontroll - LST,Bedömd som säker,2-2021,Syd väst om gården,6686052,458578,6688876,1414059,RT90,Mindre bra,2007.06.28,Nej,,Ja,2017.12.14,,2-2021,Vansbro (S),2-20,Dalarnas län (S)
V483198,,2007.07.12,Ja,2007.07.12,,Nöt,,,,2007.07.12,2007.07.12,Nej,0,0,1,0,0,0,0,0,0,0,0,0,0,0,0,0,0,Varg,,Bete utan stängsel,Fältkontroll - LST,Bedömd som säker,2-2031,Prästbodarna,6756635,530712,6758600,1487085,RT90,Mindre bra,2007.07.12,Nej,,Ja,2017.12.14,,2-2031,Rättvik (S),2-20,Dalarnas län (S)
V483202,,2007.10.04,Ja,2007.10.05,,Får,,Annan,Oxford-Down,2007.10.03,2007.10.04,Nej,0,0,0,0,0,0,0,0,1,0,0,0,0,0,0,0,0,Varg,,Bete innanför stängsel,Fältkontroll - LST,Bedömd som säker,2-1465,Hällabäck,6348893,393173,6352355,1344565,RT90,Mindre bra,2007.10.05,Nej,,Ja,2017.12.14,,2-1465,Svenljunga (S),2-14,Västra Götalands län (S)
V483207,,2007.10.08,Ja,2007.10.08,,Får,,,,2007.10.07,2007.10.08,Nej,0,0,0,0,0,0,0,0,2,0,0,0,0,0,0,0,0,Varg,,Bete innanför stängsel,Fältkontroll - LST,Bedömd som säker,2-1485,Ängebacken,6471284,326984,6475600,1279800,RT90,Mindre bra,2007.10.08,Nej,,Ja,2017.12.14,,2-1485,Uddevalla (S),2-14,Västra Götalands län (S)
V483212,,2008.01.01,Ja,2008.01.02,,Nöt,,Annan,SRB,2008.01.01,2008.01.01,Nej,0,0,0,0,0,0,0,0,4,0,1,0,0,0,0,0,0,Varg,,Bete innanför stängsel,Fältkontroll - LST,Bedömd som säker,2-1382,"Kogstorp, Ullared",6332955,359942,6336802,1311128,RT90,Mindre bra,2008.01.02,Nej,,Ja,2017.12.14,,2-1382,Falkenberg (S),2-13,Hallands län (S)
V483217,,2007.10.27,Ja,2007.10.29,,Annan hund,,Annan,Finsk stövare,2007.10.27,2007.10.27,Nej,0,0,0,0,0,0,0,0,0,0,1,0,0,0,0,0,0,Varg,,Bete utan stängsel,Fältkontroll - LST,Bedömd som säker,2-2481,Nyby,7138377,669619,7138700,1630800,RT90,Mindre bra,2007.10.29,Nej,,Ja,2017.12.14,,2-2481,Lycksele (S),2-24,Västerbottens län (S)
V483238,,2008.07.11,Ja,2008.07.11,,Får,,,,2008.07.11,2008.07.11,Nej,0,0,0,0,7,0,0,0,0,0,0,0,0,0,0,0,0,Varg,,Bete innanför stängsel,Fältkontroll - LST,Bedömd som säker,2-1438,Ringstad,6522555,318672,6527000,1272100,RT90,Mindre bra,2008.07.11,Nej,,Ja,2017.12.14,,2-1438,Dals-Ed (S),2-14,Västra Götalands län (S)
V483240,,2008.08.11,Ja,2008.08.11,,Får,,Annan,x,2008.08.11,2008.08.11,Nej,0,0,0,0,0,0,0,0,1,0,0,0,0,0,0,0,0,Varg,,Bete innanför stängsel,Fältkontroll - LST,Bedömd som säker,2-1737,Trång,6690754,392697,6694386,1348207,RT90,Mindre bra,2008.08.11,Nej,,Ja,2017.12.14,,2-1737,Torsby (S),2-17,Värmlands län (S)
V483249,,2008.07.26,Ja,2008.07.27,,Får,,Annan,rya,2008.07.23,2008.07.23,Nej,3,0,0,1,1,0,1,0,2,0,0,0,0,0,0,0,0,Varg,,Bete innanför stängsel,Fältkontroll - LST,Bedömd som säker,2-2481,Kroksjö,7157546,643881,7158200,1605300,RT90,Mindre bra,2008.07.27,Nej,,Ja,2017.12.14,,2-2481,Lycksele (S),2-24,Västerbottens län (S)
V483253,,2008.07.31,Ja,2008.07.31,,Häst,,Annan,Shetlandsponny,2008.07.30,2008.07.31,Nej,0,0,0,0,0,0,0,0,1,0,0,0,0,0,0,0,0,Varg,,Bete utan stängsel,Fältkontroll - LST,Bedömd som säker,2-1782,Linnerhöjden,6663876,448599,6666813,1403805,RT90,Mindre bra,2008.07.31,Nej,,Ja,2017.12.14,,2-1782,Filipstad (S),2-17,Värmlands län (S)
V483255,,2008.09.08,Ja,2008.09.09,,Får,,Annan,Blandras,2008.09.06,2008.09.07,Nej,4,0,0,2,0,0,0,0,5,0,0,0,0,0,0,0,0,Varg,,Bete innanför stängsel,Fältkontroll - LST,Bedömd som säker,2-0117,Wiren,6609676,699100,6609548,1653715,RT90,Mindre bra,2008.09.09,Nej,,Ja,2017.12.14,,2-0117,Österåker (S),2-01,Stockholms län (S)
V483256,,2008.09.07,Ja,2008.09.08,,Får,,Annan,Finull,2008.09.06,2008.09.07,Nej,0,0,0,0,0,0,0,0,0,0,2,0,0,0,0,0,0,Varg,,Bete innanför stängsel,Fältkontroll - LST,Bedömd som säker,2-1463,Horred,6363698,368872,6367456,1320427,RT90,Mindre bra,2008.09.08,Nej,,Ja,2017.12.14,,2-1463,Mark (S),2-14,Västra Götalands län (S)
V483257,,2008.09.04,Ja,2008.09.04,,Get,,,,2008.09.04,2008.09.04,Nej,0,0,0,0,0,0,0,0,0,0,1,3,0,0,0,0,0,Varg,,Bete utan stängsel,Fältkontroll - LST,Bedömd som säker,2-2034,Ö. Grunuberg,6774589,492948,6777025,1449530,RT90,Mindre bra,2008.09.04,Nej,,Ja,2017.12.14,,2-2034,Orsa (S),2-20,Dalarnas län (S)
V483263,,2008.07.02,Ja,2008.07.03,,Nöt,,Annan,Charolais,2008.06.29,2008.07.02,Nej,1,0,0,0,0,0,0,0,0,0,0,0,0,0,0,0,0,Varg,,Bete innanför stängsel,Fältkontroll - LST,Bedömd som säker,2-1463,Brattås BJÖRKETORP,6365222,345098,6369263,1296659,RT90,Mindre bra,2008.07.03,Nej,,Ja,2017.12.14,,2-1463,Mark (S),2-14,Västra Götalands län (S)
V483266,,2008.08.25,Ja,2008.08.26,,Nöt,,Annan,SLB,2008.08.21,2008.08.24,Nej,0,0,0,0,1,0,0,0,0,0,0,0,0,0,0,0,0,Varg,,Bete innanför stängsel,Fältkontroll - LST,Bedömd som säker,2-1463,"Bosgården, Horred",6357838,345969,6361864,1297442,RT90,Mindre bra,2008.08.26,Nej,,Ja,2017.12.14,,2-1463,Mark (S),2-14,Västra Götalands län (S)
V483280,,2008.07.02,Ja,2008.07.05,,Får,,Annan,Pälsfår,2008.06.20,2008.07.02,Nej,2,0,0,12,1,0,0,0,2,0,2,1,0,0,0,0,0,Varg,,Bete innanför stängsel,Fältkontroll - LST,Bedömd som säker,2-1439,"Bronäset, Råggärd",6519042,325710,6523400,1279100,RT90,Mindre bra,2008.07.05,Nej,,Ja,2017.12.14,,2-1439,Färgelanda (S),2-14,Västra Götalands län (S)
V483286,,2006.09.08,Ja,2006.09.28,,Får,,,,2006.09.08,2006.09.08,Nej,0,0,0,0,0,0,0,0,1,0,0,0,0,0,0,0,0,Varg,,Bete innanför stängsel,Fältkontroll - LST,Bedömd som säker,2-1862,Lämås,6542307,464663,6545000,1418400,RT90,Mindre bra,2006.09.28,Nej,,Ja,2017.12.14,,2-1862,Degerfors (S),2-18,Örebro län (S)
V483303,,2006.11.17,Ja,2006.11.20,,Får,,Annan,Blandras,2006.11.15,2006.11.16,Nej,2,0,0,0,0,0,0,0,1,0,1,0,0,0,0,0,0,Varg,,Bete innanför stängsel,Fältkontroll - LST,Bedömd som säker,2-0767,Svenshult,6271210,412216,6274410,1362700,RT90,Mindre bra,2006.11.20,Nej,,Ja,2017.12.14,,2-0767,Markaryd (S),2-07,Kronobergs län (S)
V483304,,2006.11.16,Ja,2006.11.17,,Får,,Annan,Texel-Finull,2006.11.16,2006.11.16,Nej,0,0,0,0,0,0,0,0,1,0,0,0,0,0,0,0,0,Varg,,Bete innanför stängsel,Fältkontroll - LST,Bedömd som säker,2-0881,Köl,6289553,561770,6291000,1512527,RT90,Mindre bra,2006.11.17,Nej,,Ja,2017.12.14,,2-0881,Nybro (S),2-08,Kalmar län (S)
V483308,,2006.11.27,Ja,2006.11.28,,Får,,Annan,Blandras,2006.11.26,2006.11.27,Nej,0,0,0,0,0,0,0,0,1,0,0,0,0,0,0,0,0,Varg,,Bete innanför stängsel,Fältkontroll - LST,Bedömd som säker,2-0580,Bete vid Sörgården,6490376,535263,6492200,1488400,RT90,Mindre bra,2006.11.28,Nej,,Ja,2017.12.14,,2-0580,Linköping (S),2-05,Östergötlands län (S)
V483317,,2008.08.07,Ja,2008.08.08,,Får,,,,2008.08.02,2008.08.05,Nej,0,0,0,0,0,0,0,0,2,0,0,4,0,0,0,0,0,Varg,,Bete utan stängsel,Fältkontroll - LST,Bedömd som säker,2-2034,Kruppa fäb,6779416,497853,6781793,1454496,RT90,Mindre bra,2008.08.08,Nej,,Ja,2017.12.14,,2-2034,Orsa (S),2-20,Dalarnas län (S)
V483327,,2007.03.22,Ja,2007.03.22,,Får,,Annan,Gutefår,2007.03.22,2007.03.22,Nej,8,0,0,0,1,0,0,0,6,0,0,0,0,0,0,0,0,Varg,,Bete innanför stängsel,Fältkontroll - LST,Bedömd som säker,2-1460,Reginebergs Gård,6517812,339717,6522000,1293100,RT90,Mindre bra,2007.03.22,Nej,,Ja,2017.12.14,,2-1460,Bengtsfors (S),2-14,Västra Götalands län (S)
V483334,,2006.07.25,Ja,2006.07.25,,Får,,,,2006.07.24,2006.07.24,Nej,1,0,0,0,0,0,0,0,0,0,1,0,0,0,0,0,0,Varg,,Bete utan stängsel,Fältkontroll - LST,Bedömd som säker,2-2080,Lumshedens fäbodar,6735023,573992,6736449,1530113,RT90,Mindre bra,2006.07.25,Nej,,Ja,2017.12.14,,2-2080,Falun (S),2-20,Dalarnas län (S)
V483337,,2007.06.01,Ja,2007.06.01,,Nöt,,Annan,Blandras,2007.05.29,2007.05.30,Nej,1,0,0,0,0,0,0,0,0,0,0,0,0,0,0,0,0,Varg,,Bete innanför stängsel,Fältkontroll - LST,Bedömd som säker,2-1439,Järbo,6510105,333034,6514370,1286320,RT90,Mindre bra,2007.06.01,Nej,,Ja,2017.12.14,,2-1439,Färgelanda (S),2-14,Västra Götalands län (S)
V483338,,2007.06.03,Ja,2007.06.03,,Får,,Annan,Korsning,2007.06.02,2007.06.03,Nej,0,0,0,1,0,0,0,0,0,0,0,0,0,0,0,0,0,Varg,,Bete innanför stängsel,Fältkontroll - LST,Bedömd som säker,2-0380,Sätrarna,6653120,627917,6653866,1583049,RT90,Mindre bra,2007.06.03,Nej,,Ja,2017.12.14,,2-0380,Uppsala (S),2-03,Uppsala län (S)
V483341,,2007.06.14,Ja,2007.06.14,,Får,,Annan,Köttras,2007.06.13,2007.06.14,Nej,2,0,0,0,0,0,0,0,0,0,0,0,0,0,0,0,0,Varg,,Bete innanför stängsel,Fältkontroll - LST,Bedömd som säker,2-1485,"Håven, Lane Ryr",6475026,330637,6479300,1283500,RT90,Mindre bra,2007.06.14,Nej,,Ja,2017.12.14,,2-1485,Uddevalla (S),2-14,Västra Götalands län (S)
V483342,,2008.05.14,Ja,2008.05.14,,Får,,Annan,x,2008.05.13,2008.05.14,Nej,3,0,0,0,0,0,0,0,0,0,1,0,0,0,0,0,0,Varg,,Bete innanför stängsel,Fältkontroll - LST,Bedömd som säker,2-1730,N. Fjäll,6638760,356214,6642812,1311071,RT90,Mindre bra,2008.05.14,Nej,,Ja,2017.12.14,,2-1730,Eda (S),2-17,Värmlands län (S)
V483353,,2007.06.21,Ja,2007.06.21,,Får,,Annan,Blandras,2007.06.16,2007.06.17,Nej,3,0,0,0,0,0,0,0,1,0,0,0,0,0,0,0,0,Varg,,Bete utan stängsel,Fältkontroll - LST,Bedömd som säker,2-2021,Vid gården,6686084,458635,6688908,1414117,RT90,Mindre bra,2007.06.21,Nej,,Ja,2017.12.14,,2-2021,Vansbro (S),2-20,Dalarnas län (S)
V483360,,2007.08.04,Ja,2007.08.04,,Får,,Annan,Päls o köttfår,2007.08.03,2007.08.04,Nej,0,0,0,0,0,0,0,0,6,0,4,1,0,0,0,0,0,Varg,,Bete utan stängsel,Fältkontroll - LST,Bedömd som säker,2-2023,Råberget fäb.,6743185,421089,6746493,1377255,RT90,Mindre bra,2007.08.04,Nej,,Ja,2017.12.14,,2-2023,Malung (S),2-20,Dalarnas län (S)
V483382,,2007.09.01,Ja,2007.09.01,,Får,,,,2007.09.01,2007.09.01,Nej,3,0,1,0,0,0,0,0,2,0,0,0,0,0,0,0,0,Varg,,Bete innanför stängsel,Fältkontroll - LST,Bedömd som säker,2-1737,Sollnäs,6685960,392136,6689597,1347587,RT90,Mindre bra,2007.09.01,Nej,,Ja,2017.12.14,,2-1737,Torsby (S),2-17,Värmlands län (S)
V483396,,2007.10.20,Ja,2007.11.04,,Får,,Annan,Lantras,2007.10.06,2007.10.07,Nej,1,0,0,1,0,0,0,0,1,0,0,1,0,0,0,0,0,Varg,,Bete innanför stängsel,Fältkontroll - LST,Bedömd som säker,2-2029,I hage vid gården i Tibble,6732348,501629,6734662,1457694,RT90,Mindre bra,2007.11.04,Nej,,Ja,2017.12.14,,2-2029,Leksand (S),2-20,Dalarnas län (S)
V483399,,2007.09.02,Ja,2007.09.03,,Får,,,,2007.09.01,2007.09.01,Nej,3,0,0,4,0,0,0,0,1,0,0,0,0,0,0,0,0,Varg,,Bete utan stängsel,Fältkontroll - LST,Bedömd som säker,2-2034,Täcktsberg fäb,6779890,502302,6782213,1458952,RT90,Mindre bra,2007.09.03,Nej,,Ja,2017.12.14,,2-2034,Orsa (S),2-20,Dalarnas län (S)
V483400,,2007.10.27,Ja,2007.10.27,,Får,,Annan,Finull,2007.10.26,2007.10.27,Nej,2,0,1,0,0,0,0,0,8,0,0,0,0,0,0,0,0,Varg,,Bete innanför stängsel,Fältkontroll - LST,Bedömd som säker,2-1461,Funnebo,6520662,343981,6524800,1297400,RT90,Mindre bra,2007.10.27,Nej,,Ja,2017.12.14,,2-1461,Mellerud (S),2-14,Västra Götalands län (S)
V483408,,2007.06.16,Ja,2007.06.16,,Får,,,,2007.06.15,2007.06.16,Nej,3,0,0,3,0,0,0,0,7,0,0,0,0,0,0,0,0,Varg,,Bete innanför stängsel,Fältkontroll - LST,Bedömd som säker,2-1781,Valunda Mossen,6553959,450531,6556827,1404403,RT90,Mindre bra,2007.06.16,Nej,,Ja,2017.12.14,,2-1781,Kristinehamn (S),2-17,Värmlands län (S)
V483418,,2006.08.09,Ja,2006.08.09,,Får,,Annan,Texel,2006.08.08,2006.08.09,Nej,9,0,1,0,3,0,0,0,3,0,0,0,0,0,0,0,0,Varg,,Bete innanför stängsel,Fältkontroll - LST,Bedömd som säker,2-2080,Björkboda,6744310,536486,6746200,1492710,RT90,Mindre bra,2006.08.09,Nej,,Ja,2017.12.14,,2-2080,Falun (S),2-20,Dalarnas län (S)
V483429,,2006.07.26,Ja,2006.07.26,,Får,,Annan,Vet ej,2006.07.25,2006.07.26,Nej,3,0,0,0,0,0,0,0,0,0,1,0,0,0,0,0,0,Varg,,Bete innanför stängsel,Fältkontroll - LST,Bedömd som säker,2-1438,Stora Säm,6561012,316908,6565500,1270800,RT90,Mindre bra,2006.07.26,Nej,,Ja,2017.12.14,,2-1438,Dals-Ed (S),2-14,Västra Götalands län (S)
V483433,,2006.07.25,Ja,2006.07.26,,Får,,,,2006.07.24,2006.07.25,Nej,0,0,0,0,0,0,0,0,9,0,2,0,0,0,0,0,0,Varg,,Bete innanför stängsel,Fältkontroll - LST,Bedömd som säker,2-1493,Siggaruds gård 1,6522675,448765,6525552,1402259,RT90,Mindre bra,2006.07.26,Nej,,Ja,2017.12.14,,2-1493,Mariestad (S),2-14,Västra Götalands län (S)
V483440,,2006.08.29,Ja,2006.08.29,,Får,,Annan,Lantras,2006.08.28,2006.08.29,Nej,2,0,0,0,0,0,0,0,0,0,0,0,0,0,0,0,0,Varg,,Bete innanför stängsel,Fältkontroll - LST,Bedömd som säker,2-2080,Självbo,6736231,521680,6738300,1477800,RT90,Mindre bra,2006.08.29,Nej,,Ja,2017.12.14,,2-2080,Falun (S),2-20,Dalarnas län (S)
V483443,,2006.08.31,Ja,2006.09.01,,Får,,Annan,Blandras,2006.08.30,2006.08.31,Nej,1,0,0,0,0,0,0,0,1,0,0,0,0,0,0,0,0,Varg,,Bete innanför stängsel,Fältkontroll - LST,Bedömd som säker,2-2080,Skärbacken,6730341,522353,6732400,1478400,RT90,Mindre bra,2006.09.01,Nej,,Ja,2017.12.14,,2-2080,Falun (S),2-20,Dalarnas län (S)
V483448,,2007.04.14,Ja,2007.04.14,,Får,,Annan,Gute,2007.04.13,2007.04.14,Nej,0,0,0,0,0,0,0,0,1,0,0,0,0,0,0,0,0,Varg,,Bete innanför stängsel,Fältkontroll - LST,Bedömd som säker,2-0486,Härad,6581721,608478,6582687,1562737,RT90,Mindre bra,2007.04.14,Nej,,Ja,2017.12.14,,2-0486,Strängnäs (S),2-04,Södermanlands län (S)
V483452,,2007.09.14,Ja,2007.09.14,,Får,,Annan,Texel-Doreset,2007.09.14,2007.09.14,Nej,0,0,0,0,2,0,0,0,2,0,0,0,0,0,0,0,0,Varg,,Bete innanför stängsel,Fältkontroll - LST,Bedömd som säker,2-1439,Flatebyn,6514117,323371,6518500,1276700,RT90,Mindre bra,2007.09.14,Nej,,Ja,2017.12.14,,2-1439,Färgelanda (S),2-14,Västra Götalands län (S)
V483458,,2006.09.25,Ja,2006.09.26,,Får,,,,2006.09.25,2006.09.25,Nej,3,0,0,0,0,0,0,0,0,0,0,0,0,0,0,0,0,Varg,,Bete innanför stängsel,Fältkontroll - LST,Bedömd som säker,2-1730,Nyhem,6614175,338365,6618432,1292914,RT90,Mindre bra,2006.09.26,Nej,,Ja,2017.12.14,,2-1730,Eda (S),2-17,Värmlands län (S)
V483463,,2007.09.11,Ja,2007.09.17,,Får,,Annan,Gotlandsfår,2007.09.07,2007.09.11,Nej,0,0,1,0,0,0,0,0,3,0,0,0,0,0,0,0,0,Varg,,Bete innanför stängsel,Fältkontroll - LST,Bedömd som säker,2-1439,Bronäset,6519113,325756,6523470,1279147,RT90,Mindre bra,2007.09.17,Nej,,Ja,2017.12.14,,2-1439,Färgelanda (S),2-14,Västra Götalands län (S)
V483466,,2007.08.31,Ja,2007.08.31,,Får,,,,2007.08.31,2007.08.31,Nej,1,0,0,0,0,0,0,0,0,0,0,0,0,0,0,0,0,Varg,,Bete utan stängsel,Fältkontroll - LST,Bedömd som säker,2-1737,Trång,6690655,392667,6694288,1348176,RT90,Mindre bra,2007.08.31,Nej,,Ja,2017.12.14,,2-1737,Torsby (S),2-17,Värmlands län (S)
V483467,,2007.09.05,Ja,2007.09.05,,Får,,,,2007.09.05,2007.09.05,Nej,0,0,0,0,0,0,0,0,1,0,0,0,0,0,0,0,0,Varg,,Bete utan stängsel,Fältkontroll - LST,Bedömd som säker,2-1737,Trång,6690655,392667,6694288,1348176,RT90,Mindre bra,2007.09.05,Nej,,Ja,2017.12.14,,2-1737,Torsby (S),2-17,Värmlands län (S)
V483480,,2006.12.15,Ja,2006.12.15,,Får,,Annan,Texel,2006.12.15,2006.12.15,Nej,1,0,0,0,0,0,0,0,0,0,0,0,0,0,0,0,0,Varg,,Bete innanför stängsel,Fältkontroll - LST,Bedömd som säker,2-0580,Bete vid gården,6492015,538542,6493800,1491700,RT90,Mindre bra,2006.12.15,Nej,,Ja,2017.12.14,,2-0580,Linköping (S),2-05,Östergötlands län (S)
V483484,,2006.12.23,Ja,2006.12.24,,Nöt,,Annan,Highland Cattle.,2006.12.23,2006.12.23,Nej,0,0,0,1,0,0,0,0,0,0,0,0,0,0,0,0,0,Varg,,Bete innanför stängsel,Fältkontroll - LST,Bedömd som säker,2-0583,Bete vid gården.,6498284,511176,6500400,1464400,RT90,Mindre bra,2006.12.24,Nej,,Ja,2017.12.14,,2-0583,Motala (S),2-05,Östergötlands län (S)
V483488,,2006.12.29,Ja,2006.12.31,,Får,,Annan,Blandras,2006.12.28,2006.12.29,Nej,1,0,0,3,0,0,0,0,1,0,0,0,0,0,0,0,0,Varg,,Bete innanför stängsel,Fältkontroll - LST,Bedömd som säker,2-1439,Ed,6496704,329777,6501000,1282900,RT90,Mindre bra,2006.12.31,Nej,,Ja,2017.12.14,,2-1439,Färgelanda (S),2-14,Västra Götalands län (S)
V483492,,2007.08.14,Ja,2007.08.15,,Nöt,,Annan,Fjäll ras,2007.08.14,2007.08.14,Nej,1,0,2,0,0,0,0,0,0,0,0,0,0,0,0,0,0,Varg,,Bete utan stängsel,Fältkontroll - LST,Bedömd som säker,2-2031,Nyberget,6752219,529281,6754200,1485600,RT90,Mindre bra,2007.08.15,Nej,,Ja,2017.12.14,,2-2031,Rättvik (S),2-20,Dalarnas län (S)
V483493,,2007.08.12,Ja,2007.08.12,,Nöt,,Annan,Fjällras,2007.08.12,2007.08.12,Nej,0,0,1,0,0,0,0,0,0,0,0,0,0,0,0,0,0,Varg,,Bete utan stängsel,Fältkontroll - LST,Bedömd som säker,2-2031,Nyberget,6753106,528271,6755100,1484600,RT90,Mindre bra,2007.08.12,Nej,,Ja,2017.12.14,,2-2031,Rättvik (S),2-20,Dalarnas län (S)
V483494,,2007.08.15,Ja,2007.08.16,,Får,,Annan,korsning,2007.08.14,2007.08.15,Nej,1,0,0,0,0,0,0,0,0,0,0,0,0,0,0,0,0,Varg,,Bete innanför stängsel,Fältkontroll - LST,Bedömd som säker,2-0380,Sätrarna,6653169,628103,6653913,1583235,RT90,Mindre bra,2007.08.16,Nej,,Ja,2017.12.14,,2-0380,Uppsala (S),2-03,Uppsala län (S)
V483496,,2006.11.26,Ja,2006.11.26,,Nöt,,Annan,Hereford,2006.11.25,2006.11.26,Nej,0,0,1,0,0,0,0,0,0,0,0,0,0,0,0,0,0,Varg,,Bete innanför stängsel,Fältkontroll - LST,Bedömd som säker,2-1862,Östra Kärne,6570891,472514,6573500,1426600,RT90,Mindre bra,2006.11.26,Nej,,Ja,2017.12.14,,2-1862,Degerfors (S),2-18,Örebro län (S)
V483497,,2006.09.19,Ja,2006.09.19,,Får,,,,2006.09.18,2006.09.19,Nej,1,0,2,0,0,0,0,0,0,0,0,0,0,0,0,0,0,Varg,,Bete innanför stängsel,Fältkontroll - LST,Bedömd som säker,2-1783,Västansjö,6670227,410889,6673628,1366157,RT90,Mindre bra,2006.09.19,Nej,,Ja,2017.12.14,,2-1783,Hagfors (S),2-17,Värmlands län (S)
V483509,,2007.04.15,Ja,2007.04.17,,Får,,Annan,Något dyrt,2007.04.14,2007.04.15,Nej,0,0,0,0,1,0,0,0,2,0,0,0,0,0,0,0,0,Varg,,Bete innanför stängsel,Fältkontroll - LST,Bedömd som säker,2-0486,Bergshammar Fogdö,6587183,606875,6588170,1561200,RT90,Mindre bra,2007.04.17,Nej,,Ja,2017.12.14,,2-0486,Strängnäs (S),2-04,Södermanlands län (S)
V483518,,2007.06.13,Ja,2007.06.16,,Får,,Annan,korsning Finull o Texel,2007.06.12,2007.06.13,Nej,1,0,0,0,0,0,0,0,0,0,1,0,0,0,0,0,0,Varg,,Bete innanför stängsel,Fältkontroll - LST,Bedömd som säker,2-0380,nere vid ån Brotorpet,6649958,631906,6650655,1587000,RT90,Mindre bra,2007.06.16,Nej,,Ja,2017.12.14,,2-0380,Uppsala (S),2-03,Uppsala län (S)
V483521,,2006.09.14,Ja,2006.09.15,,Får,,,,2006.09.13,2006.09.14,Nej,0,0,0,0,0,0,0,0,3,0,0,0,0,0,0,0,0,Varg,,Bete utan stängsel,Fältkontroll - LST,Bedömd som säker,2-2080,Lumshedens fäbod,6735023,573992,6736449,1530113,RT90,Mindre bra,2006.09.15,Nej,,Ja,2017.12.14,,2-2080,Falun (S),2-20,Dalarnas län (S)
V483529,,2007.05.02,Ja,2007.05.02,,Får,,Annan,Texelkorsning,2007.05.01,2007.05.02,Nej,0,0,0,0,0,0,0,0,1,0,0,0,0,0,0,0,0,Varg,,Bete innanför stängsel,Fältkontroll - LST,Bedömd som säker,2-0380,Eka gård Hagby,6631364,632893,6632045,1587761,RT90,Mindre bra,2007.05.02,Nej,,Ja,2017.12.14,,2-0380,Uppsala (S),2-03,Uppsala län (S)
V483539,,2007.06.29,Ja,2007.06.29,,Får,,Annan,Pälsfår,2007.06.28,2007.06.29,Nej,0,0,0,0,3,0,2,0,0,0,0,0,0,0,0,0,0,Varg,,Bete innanför stängsel,Fältkontroll - LST,Bedömd som säker,2-2104,Torsåker,6710215,579992,6711561,1535810,RT90,Mindre bra,2007.06.29,Nej,,Ja,2017.12.14,,2-2104,Hofors (S),2-21,Gävleborgs län (S)
V483552,,2000.07.05,Ja,2000.07.05,,Får,,Annan,Dala pälsfår,2000.07.05,2000.07.05,Nej,0,0,0,0,1,0,0,0,0,0,0,0,0,0,0,0,0,Varg,,Bete innanför stängsel,Fältkontroll - LST,Bedömd som säker,2-2023,"Bu, öster om gården",6751791,413231,6755200,1369500,RT90,Mindre bra,2000.07.05,Nej,,Ja,2017.12.14,,2-2023,Malung (S),2-20,Dalarnas län (S)
V483561,,1999.09.15,Ja,1999.09.15,,Får,,,,1999.09.13,1999.09.15,Nej,0,0,0,0,0,0,0,0,7,0,0,2,0,0,0,0,0,Varg,,Bete utan stängsel,Fältkontroll - LST,Bedömd som säker,2-2085,No. Stockgropen,6694127,503903,6696400,1459500,RT90,Mindre bra,1999.09.15,Nej,,Ja,2017.12.14,,2-2085,Ludvika (S),2-20,Dalarnas län (S)
V483581,,2007.07.15,Ja,2007.07.15,,Ren,,,,2007.07.12,2007.07.13,Nej,0,0,0,1,0,0,0,0,1,0,0,0,0,0,0,0,0,Varg,,Bete utan stängsel,Fältkontroll - LST,Bedömd som säker,2-2031,prästbodarna,6756585,530672,6758550,1487045,RT90,Mindre bra,2007.07.15,Nej,,Ja,2017.12.14,,2-2031,Rättvik (S),2-20,Dalarnas län (S)
V483595,,2006.06.14,Ja,2006.06.14,,Får,,,,2006.06.13,2006.06.14,Nej,0,0,0,2,0,0,0,0,1,0,0,0,0,0,0,0,0,Varg,,Bete utan stängsel,Fältkontroll - LST,Bedömd som säker,2-1783,Patriktorp,6660712,406361,6664163,1361510,RT90,Mindre bra,2006.06.14,Nej,,Ja,2017.12.14,,2-1783,Hagfors (S),2-17,Värmlands län (S)
V483601,,2006.09.02,Ja,2006.09.02,,Får,,Annan,Blandras,2006.09.01,2006.09.02,Nej,0,0,0,0,1,0,0,0,1,0,0,0,0,0,0,0,0,Varg,,Bete innanför stängsel,Fältkontroll - LST,Bedömd som säker,2-2080,Skärbacken,6730332,521653,6732400,1477700,RT90,Mindre bra,2006.09.02,Nej,,Ja,2017.12.14,,2-2080,Falun (S),2-20,Dalarnas län (S)
V483602,,2006.09.29,Ja,2006.09.29,,Får,,Annan,Värmlänska skogsfår,2006.09.27,2006.09.27,Nej,0,0,0,0,0,0,0,0,1,0,0,0,0,0,0,0,0,Varg,,Bete utan stängsel,Fältkontroll - LST,Bedömd som säker,2-2031,Lisskog,6749175,516177,6751316,1472454,RT90,Mindre bra,2006.09.29,Nej,,Ja,2017.12.14,,2-2031,Rättvik (S),2-20,Dalarnas län (S)
V483603,,2006.09.15,Ja,2006.09.15,,Får,,,,2006.09.14,2006.09.15,Nej,2,0,5,0,0,0,0,0,0,0,0,0,0,0,0,0,0,Varg,,Bete innanför stängsel,Fältkontroll - LST,Bedömd som säker,2-1461,Ed,6508257,343030,6512400,1296300,RT90,Mindre bra,2006.09.15,Nej,,Ja,2017.12.14,,2-1461,Mellerud (S),2-14,Västra Götalands län (S)
V483609,,2006.07.03,Ja,2006.07.03,,Nöt,,,,2006.06.27,2006.06.30,Nej,1,0,0,1,0,0,0,0,0,0,0,0,0,0,0,0,0,Varg,,Bete innanför stängsel,Fältkontroll - LST,Bedömd som säker,2-1781,Prästön - Linsön,6550538,446545,6553453,1400374,RT90,Mindre bra,2006.07.03,Nej,,Ja,2017.12.14,,2-1781,Kristinehamn (S),2-17,Värmlands län (S)
V483616,,2005.10.21,Ja,2005.10.22,,Får,,,,2005.10.20,2005.10.21,Nej,2,0,0,0,0,0,0,0,0,0,0,0,0,0,0,0,0,Varg,,Bete innanför stängsel,Fältkontroll - LST,Bedömd som säker,2-1737,"Lämbacken, Östmark",6687645,372761,6691520,1328224,RT90,Mindre bra,2005.10.22,Nej,,Ja,2017.12.14,,2-1737,Torsby (S),2-17,Värmlands län (S)
V483626,,2006.07.10,Ja,2006.07.10,,Får,,,,2006.07.09,2006.07.10,Nej,0,0,0,0,0,0,0,0,1,0,0,0,0,0,0,0,0,Varg,,Bete innanför stängsel,Fältkontroll - LST,Bedömd som säker,2-1737,Lekvattnet,6672061,372827,6675927,1328099,RT90,Mindre bra,2006.07.10,Nej,,Ja,2017.12.14,,2-1737,Torsby (S),2-17,Värmlands län (S)
V483638,,2006.08.06,Ja,2006.08.08,,Får,,Annan,Gute,2006.07.31,2006.08.01,Nej,1,0,0,1,0,0,0,0,0,0,0,0,0,0,0,0,0,Varg,,Bete utan stängsel,Fältkontroll - LST,Bedömd som säker,2-2080,Kurbergets fäbod,6752012,544979,6753800,1501300,RT90,Mindre bra,2006.08.08,Nej,,Ja,2017.12.14,,2-2080,Falun (S),2-20,Dalarnas län (S)
V483642,,2006.10.28,Ja,2006.10.28,,Får,,Annan,Blandras,2006.10.27,2006.10.28,Nej,0,0,0,0,0,0,0,0,1,0,0,0,0,0,0,0,0,Varg,,Bete innanför stängsel,Fältkontroll - LST,Bedömd som säker,2-1438,Rot-Haget,6525647,326430,6530000,1279900,RT90,Mindre bra,2006.10.28,Nej,,Ja,2017.12.14,,2-1438,Dals-Ed (S),2-14,Västra Götalands län (S)
V483643,,2006.10.05,Ja,2006.10.05,,Får,,,,2006.10.05,2006.10.05,Nej,0,0,0,0,0,0,0,0,1,0,0,0,0,0,0,0,0,Varg,,Bete innanför stängsel,Fältkontroll - LST,Bedömd som säker,2-0331,Rödmossa 198,6660669,601652,6661737,1556870,RT90,Mindre bra,2006.10.05,Nej,,Ja,2017.12.14,,2-0331,Heby (S),2-03,Uppsala län (S)
V483673,,2006.10.04,Ja,2006.10.05,,Nöt,,Annan,AaHf,2006.10.03,2006.10.04,Nej,1,0,0,0,0,0,0,0,0,0,0,0,0,0,0,0,0,Varg,,Bete innanför stängsel,Fältkontroll - LST,Bedömd som säker,2-1780,Norenberg,6603497,441132,6606500,1395600,RT90,Mindre bra,2006.10.05,Nej,,Ja,2017.12.14,,2-1780,Karlstad (S),2-17,Värmlands län (S)
V483675,,2006.10.05,Ja,2006.10.06,,Får,,Annan,Finull_ Texel.,2006.10.04,2006.10.05,Nej,0,0,0,0,0,0,0,0,1,0,3,0,0,0,0,0,0,Varg,,Bete innanför stängsel,Fältkontroll - LST,Bedömd som säker,2-0580,Bete vid gården,6490718,530460,6492600,1483600,RT90,Mindre bra,2006.10.06,Nej,,Ja,2017.12.14,,2-0580,Linköping (S),2-05,Östergötlands län (S)
V483683,,2006.09.08,Ja,2006.09.08,,Får,,Annan,Blandras,2006.09.07,2006.09.08,Nej,1,0,0,0,0,0,0,0,0,0,0,0,0,0,0,0,0,Varg,,Bete innanför stängsel,Fältkontroll - LST,Bedömd som säker,2-2080,Backabro,6731658,540031,6733500,1496100,RT90,Mindre bra,2006.09.08,Nej,,Ja,2017.12.14,,2-2080,Falun (S),2-20,Dalarnas län (S)
V483684,,2006.09.09,Ja,2006.09.09,,Får,,Annan,Svea,2006.09.09,2006.09.09,Nej,5,0,0,0,2,0,0,0,4,0,0,0,0,0,0,0,0,Varg,,Bete innanför stängsel,Fältkontroll - LST,Bedömd som säker,2-2080,Björsberg,6737877,525459,6739900,1481600,RT90,Mindre bra,2006.09.09,Nej,,Ja,2017.12.14,,2-2080,Falun (S),2-20,Dalarnas län (S)
V483686,,2006.09.11,Ja,2006.09.11,,Får,,Annan,Blandras,2006.09.10,2006.09.11,Nej,2,0,0,0,0,0,0,0,0,0,0,0,0,0,0,0,0,Varg,,Bete innanför stängsel,Fältkontroll - LST,Bedömd som säker,2-2080,Bjursås,6734339,522303,6736400,1478400,RT90,Mindre bra,2006.09.11,Nej,,Ja,2017.12.14,,2-2080,Falun (S),2-20,Dalarnas län (S)
V483696,,2005.01.01,Ja,2005.01.02,,Får,,,,2005.01.01,2005.01.01,Nej,0,0,0,0,0,0,0,0,4,0,0,0,0,0,0,0,0,Varg,,Bete innanför stängsel,Fältkontroll - LST,Bedömd som säker,2-0181,Edhamra Gård,6542628,643982,6543157,1597776,RT90,Mindre bra,2005.01.02,Nej,,Ja,2017.12.14,,2-0181,Södertälje (S),2-01,Stockholms län (S)
V483704,,1995.10.01,Ja,1995.10.01,,Får,,,,1995.10.01,1995.10.01,Nej,2,0,0,2,0,0,0,0,7,0,3,1,0,0,0,0,0,Varg,,Bete utan stängsel,Fältkontroll - LST,Bedömd som säker,2-2023,Kråkbrickan,6773789,389471,6777500,1346000,RT90,Mindre bra,1995.10.01,Nej,,Ja,2017.12.14,,2-2023,Malung (S),2-20,Dalarnas län (S)
V483708,,2005.05.03,Ja,2005.05.08,,Nöt,,,,2005.05.02,2005.05.03,Nej,0,0,1,0,0,0,0,0,0,0,0,0,0,0,0,0,0,Varg,,Bete innanför stängsel,Fältkontroll - LST,Bedömd som säker,2-1782,Bengtstorp,6607723,447501,6610650,1402023,RT90,Mindre bra,2005.05.08,Nej,,Ja,2017.12.14,,2-1782,Filipstad (S),2-17,Värmlands län (S)
V483710,,2005.05.05,Ja,2005.05.05,,Får,,,,2005.05.01,2005.05.05,Nej,1,0,0,0,1,0,0,0,0,0,0,0,0,0,0,0,0,Varg,,Bete innanför stängsel,Fältkontroll - LST,Bedömd som säker,2-1460,Svarttjärn,6557956,343957,6562115,1297827,RT90,Mindre bra,2005.05.05,Nej,,Ja,2017.12.14,,2-1460,Bengtsfors (S),2-14,Västra Götalands län (S)
V483720,,2005.07.30,Ja,2005.07.30,,Får,,,,2005.07.30,2005.07.30,Nej,0,0,0,0,0,0,0,0,1,0,0,0,0,0,0,0,0,Varg,,Bete utan stängsel,Fältkontroll - LST,Bedömd som säker,2-1783,Patrikstorp,6660768,406195,6664222,1361345,RT90,Mindre bra,2005.07.30,Nej,,Ja,2017.12.14,,2-1783,Hagfors (S),2-17,Värmlands län (S)
V483728,,2005.09.11,Ja,2005.09.11,,Får,,,,2005.09.09,2005.09.10,Nej,0,0,0,1,0,0,0,0,1,0,0,1,0,0,0,0,0,Varg,,Bete innanför stängsel,Fältkontroll - LST,Bedömd som säker,2-2031,Dådran,6755425,529842,6757400,1486200,RT90,Mindre bra,2005.09.11,Nej,,Ja,2017.12.14,,2-2031,Rättvik (S),2-20,Dalarnas län (S)
V483729,,2005.09.05,Ja,2005.09.06,,Får,,Annan,blandras,2005.08.30,2005.09.05,Nej,1,0,0,1,0,0,0,0,1,0,0,0,0,0,0,0,0,Varg,,Bete innanför stängsel,Fältkontroll - LST,Bedömd som säker,2-1864,Utanäng,6633548,503889,6635800,1458747,RT90,Mindre bra,2005.09.06,Nej,,Ja,2017.12.14,,2-1864,Ljusnarsberg (S),2-18,Örebro län (S)
V483731,,2001.08.27,Ja,2001.08.28,,Får,,Annan,Rya,2001.08.27,2001.08.27,Nej,0,0,0,0,1,0,0,0,0,0,0,0,0,0,0,0,0,Varg,,Bete innanför stängsel,Fältkontroll - LST,Bedömd som säker,2-2085,Låsen,6673526,472133,6676180,1427467,RT90,Mindre bra,2001.08.28,Nej,,Ja,2017.12.14,,2-2085,Ludvika (S),2-20,Dalarnas län (S)
V483736,,2006.06.23,Ja,2006.06.23,,Får,,,,2006.06.22,2006.06.23,Nej,4,0,1,0,0,0,0,0,1,0,1,0,0,0,0,0,0,Varg,,Bete innanför stängsel,Fältkontroll - LST,Bedömd som säker,2-1737,Metbäcken,6688448,376168,6692282,1331642,RT90,Mindre bra,2006.06.23,Nej,,Ja,2017.12.14,,2-1737,Torsby (S),2-17,Värmlands län (S)
V483753,,2006.08.26,Ja,2006.08.26,,Får,,Annan,Gute,2006.08.24,2006.08.26,Nej,0,0,0,0,0,0,0,0,1,0,0,0,0,0,0,0,0,Varg,,Bete innanför stängsel,Fältkontroll - LST,Bedömd som säker,2-1490,"Nilsagården, Vämmenhult, Bredared",6412077,370576,6415839,1322708,RT90,Mindre bra,2006.08.26,Nej,,Ja,2017.12.14,,2-1490,Borås (S),2-14,Västra Götalands län (S)
V483755,,2006.08.12,Ja,2006.08.12,,Får,,Annan,Lantras,2006.08.03,2006.08.12,Nej,0,0,0,0,0,0,0,0,1,0,0,1,0,0,0,0,0,Varg,,Bete utan stängsel,Fältkontroll - LST,Bedömd som säker,2-2080,Alderbacka fäbodar,6751333,546687,6753100,1503000,RT90,Mindre bra,2006.08.12,Nej,,Ja,2017.12.14,,2-2080,Falun (S),2-20,Dalarnas län (S)
V483757,,2006.08.25,Ja,2006.08.25,,Får,,,,2006.08.24,2006.08.25,Nej,0,0,3,2,0,0,0,0,2,0,2,2,0,0,0,0,0,Varg,,Bete innanför stängsel,Fältkontroll - LST,Bedömd som säker,2-1447,"Gullspång, Lökstad",6540117,449137,6542996,1402841,RT90,Mindre bra,2006.08.25,Nej,,Ja,2017.12.14,,2-1447,Gullspång (S),2-14,Västra Götalands län (S)
V483758,,2006.08.26,Ja,2006.08.26,,Får,,,,2006.08.24,2006.08.26,Nej,0,0,1,0,0,0,0,0,0,0,1,0,0,0,0,0,0,Varg,,Bete innanför stängsel,Fältkontroll - LST,Bedömd som säker,2-1447,Lökstad. Gullspång,6540302,449163,6543181,1402870,RT90,Mindre bra,2006.08.26,Nej,,Ja,2017.12.14,,2-1447,Gullspång (S),2-14,Västra Götalands län (S)
V483761,,1997.07.27,Ja,1997.07.27,,Nöt,,Annan,Charole/SRB,1997.07.26,1997.07.27,Nej,0,0,0,1,0,0,0,0,0,0,0,0,0,0,0,0,0,Varg,,Bete innanför stängsel,Fältkontroll - LST,Bedömd som säker,2-2083,Ivarshyttan 17,6689348,554545,6691000,1510100,RT90,Mindre bra,1997.07.27,Nej,,Ja,2017.12.14,,2-2083,Hedemora (S),2-20,Dalarnas län (S)
V483780,,2006.08.10,Ja,2006.08.10,,Får,,,,2006.08.10,2006.08.10,Nej,1,0,1,0,0,0,0,1,0,0,0,0,0,0,0,0,0,Varg,,Bete innanför stängsel,Fältkontroll - LST,Bedömd som säker,2-1439,Järbo,6513463,335472,6517700,1288800,RT90,Mindre bra,2006.08.10,Nej,,Ja,2017.12.14,,2-1439,Färgelanda (S),2-14,Västra Götalands län (S)
V483781,,2006.08.11,Ja,2006.08.11,,Får,,,,2006.08.10,2006.08.11,Nej,2,0,0,0,0,0,0,0,3,0,0,0,0,0,0,0,0,Varg,,Bete innanför stängsel,Fältkontroll - LST,Bedömd som säker,2-1765,Bön,6615814,323195,6620256,1277755,RT90,Mindre bra,2006.08.11,Nej,,Ja,2017.12.14,,2-1765,Årjäng (S),2-17,Värmlands län (S)
V483791,,2005.05.13,Ja,2005.05.14,,Får,,Annan,Gotlandsfår,2005.05.12,2005.05.13,Nej,1,0,0,0,0,0,0,0,0,0,0,0,0,0,0,0,0,Varg,,Bete innanför stängsel,Fältkontroll - LST,Bedömd som säker,2-2281,"Nyland, Kvissleby",6909116,625302,6909950,1583590,RT90,Mindre bra,2005.05.14,Nej,,Ja,2017.12.14,,2-2281,Sundsvall (S),2-22,Västernorrlands län (S)
V483794,,2001.08.28,Ja,2001.08.29,,Får,,Annan,Svensk Lantras,2001.08.12,2001.08.28,Nej,3,0,0,6,0,0,0,1,1,0,0,3,0,0,0,0,0,Varg,,Bete utan stängsel,Fältkontroll - LST,Bedömd som säker,2-2021,Brudskogens fäbod,6693415,445684,6696400,1401250,RT90,Mindre bra,2001.08.29,Nej,,Ja,2017.12.14,,2-2021,Vansbro (S),2-20,Dalarnas län (S)
V483808,,2005.04.29,Ja,2006.04.29,,Får,,,,2005.04.28,2005.04.29,Nej,0,0,0,0,0,0,0,0,3,0,0,0,0,0,0,0,0,Varg,,Bete utan stängsel,Fältkontroll - LST,Bedömd som säker,2-1783,Patriktorp,6660700,406375,6664151,1361524,RT90,Mindre bra,2006.04.29,Nej,,Ja,2017.12.14,,2-1783,Hagfors (S),2-17,Värmlands län (S)
V483811,,2004.05.14,Ja,2004.05.14,,Får,,,,2004.05.13,2004.05.14,Nej,2,0,0,0,0,0,0,0,0,0,0,0,0,0,0,0,0,Varg,,Bete utan stängsel,Fältkontroll - LST,Bedömd som säker,2-1783,Patriktorp,6661020,406138,6664474,1361291,RT90,Mindre bra,2004.05.14,Nej,,Ja,2017.12.14,,2-1783,Hagfors (S),2-17,Värmlands län (S)
V483815,,2006.07.15,Ja,2006.07.15,,Får,,Annan,X-ras,2006.07.15,2006.07.15,Nej,0,0,0,0,0,0,0,0,5,0,0,0,0,0,0,0,0,Varg,,Bete innanför stängsel,Fältkontroll - LST,Bedömd som säker,2-2080,Björsberg,6738597,525467,6740620,1481617,RT90,Mindre bra,2006.07.15,Nej,,Ja,2017.12.14,,2-2080,Falun (S),2-20,Dalarnas län (S)
V483833,,2004.09.13,Ja,2004.09.13,,Får,,,,2004.08.15,2004.08.15,Nej,0,0,0,0,0,0,1,0,0,0,0,0,0,0,0,0,0,Varg,,Bete innanför stängsel,Fältkontroll - LST,Bedömd som säker,2-0380,"Korsängen, Gavel 2:1",6639640,682891,6639714,1637868,RT90,Mindre bra,2004.09.13,Nej,,Ja,2017.12.14,,2-0380,Uppsala (S),2-03,Uppsala län (S)
V483849,,2004.10.16,Ja,2004.10.16,,Får,,,,2004.10.15,2004.10.16,Nej,0,0,0,0,0,0,0,0,1,0,0,0,0,0,0,0,0,Varg,,Bete innanför stängsel,Fältkontroll - LST,Bedömd som säker,2-1495,N. om Varnhem,6473925,421631,6477107,1374527,RT90,Mindre bra,2004.10.16,Nej,,Ja,2017.12.14,,2-1495,Skara (S),2-14,Västra Götalands län (S)
V483851,,2006.04.19,Ja,2006.04.19,,Får,,,,2006.04.18,2006.04.19,Nej,1,0,0,0,0,0,0,0,1,0,0,0,0,0,0,0,0,Varg,,Bete utan stängsel,Fältkontroll - LST,Bedömd som säker,2-1783,Björklångsberg,6660612,406287,6664064,1361435,RT90,Mindre bra,2006.04.19,Nej,,Ja,2017.12.14,,2-1783,Hagfors (S),2-17,Värmlands län (S)
V483857,,2006.06.01,Ja,2006.06.01,,Får,,,,2006.05.31,2006.06.01,Nej,3,0,0,0,18,0,2,0,0,0,0,0,0,0,0,0,0,Varg,,Bete innanför stängsel,Fältkontroll - LST,Bedömd som säker,2-1781,Kolerud,6549780,456849,6552570,1410673,RT90,Mindre bra,2006.06.01,Nej,,Ja,2017.12.14,,2-1781,Kristinehamn (S),2-17,Värmlands län (S)
V483860,,2005.05.11,Ja,2005.05.12,,Nöt,,,,2005.05.03,2005.05.11,Nej,1,0,0,0,0,0,0,0,0,0,0,0,0,0,0,0,0,Varg,,Bete innanför stängsel,Fältkontroll - LST,Bedömd som säker,2-1782,Bengtstorp,6607720,447511,6610647,1402033,RT90,Mindre bra,2005.05.12,Nej,,Ja,2017.12.14,,2-1782,Filipstad (S),2-17,Värmlands län (S)
V483861,,2005.07.04,Ja,2005.07.04,,Får,,Annan,x,2005.07.03,2005.07.04,Nej,0,0,0,0,0,0,0,0,1,0,0,0,0,0,0,0,0,Varg,,Bete innanför stängsel,Fältkontroll - LST,Bedömd som säker,2-1765,Svensbyn,6609928,319800,6614408,1274287,RT90,Mindre bra,2005.07.04,Nej,,Ja,2017.12.14,,2-1765,Årjäng (S),2-17,Värmlands län (S)
V483866,,2006.01.29,Ja,2006.04.17,,Får,,,,2006.01.28,2006.01.29,Nej,9,0,0,0,0,0,0,0,2,0,0,0,0,0,0,0,0,Varg,,Bete innanför stängsel,Fältkontroll - LST,Bedömd som säker,2-1880,Fårhägn i Suttarboda,6573748,493872,6576100,1448000,RT90,Mindre bra,2006.04.17,Nej,,Ja,2017.12.14,,2-1880,Örebro (S),2-18,Örebro län (S)
V483870,,2005.01.14,Ja,2005.01.14,,Får,,,,2005.01.13,2005.01.14,Nej,1,0,0,0,0,0,0,0,1,0,0,0,0,0,0,0,0,Varg,,Bete utan stängsel,Fältkontroll - LST,Bedömd som säker,2-1737,Trång,6690566,392592,6694200,1348100,RT90,Mindre bra,2005.01.14,Nej,,Ja,2017.12.14,,2-1737,Torsby (S),2-17,Värmlands län (S)
V483886,,2005.05.11,Ja,2005.05.12,,Nöt,,,,2005.05.01,2005.05.11,Nej,0,0,1,0,0,0,0,0,0,0,0,0,0,0,0,0,0,Varg,,Bete innanför stängsel,Fältkontroll - LST,Bedömd som säker,2-1782,Bengtstorp,6607730,447535,6610657,1402057,RT90,Mindre bra,2005.05.12,Nej,,Ja,2017.12.14,,2-1782,Filipstad (S),2-17,Värmlands län (S)
V483887,,2005.05.15,Ja,2005.05.15,,Får,,,,2005.05.15,2005.05.15,Nej,8,0,0,1,0,0,0,0,5,0,0,0,0,0,0,0,0,Varg,,Bete innanför stängsel,Fältkontroll - LST,Bedömd som säker,2-1782,Norra Mosserud,6608116,443898,6611087,1398423,RT90,Mindre bra,2005.05.15,Nej,,Ja,2017.12.14,,2-1782,Filipstad (S),2-17,Värmlands län (S)
V483889,,2005.05.17,Ja,2005.05.17,,Får,,,,2005.05.16,2005.05.17,Nej,10,0,0,0,0,0,0,0,8,0,0,0,0,0,0,0,0,Varg,,Bete innanför stängsel,Fältkontroll - LST,Bedömd som säker,2-1782,Norra Mosserud,6608148,444101,6611117,1398627,RT90,Mindre bra,2005.05.17,Nej,,Ja,2017.12.14,,2-1782,Filipstad (S),2-17,Värmlands län (S)
V483897,,2005.07.28,Ja,2005.07.28,,Får,,,,2005.07.26,2005.07.28,Nej,5,0,0,0,0,0,0,0,3,0,0,0,0,0,0,0,0,Varg,,Bete innanför stängsel,Fältkontroll - LST,Bedömd som säker,2-1864,SV Bångbro,6634090,503463,6636347,1458327,RT90,Mindre bra,2005.07.28,Nej,,Ja,2017.12.14,,2-1864,Ljusnarsberg (S),2-18,Örebro län (S)
V483900,,2005.08.07,Ja,2005.08.07,,Får,,Annan,Blandras,2005.08.06,2005.08.07,Nej,3,0,0,0,0,0,0,0,3,0,0,0,0,0,0,0,0,Varg,,Bete innanför stängsel,Fältkontroll - LST,Bedömd som säker,2-1864,Gustavsdal,6633928,503658,6636183,1458520,RT90,Mindre bra,2005.08.07,Nej,,Ja,2017.12.14,,2-1864,Ljusnarsberg (S),2-18,Örebro län (S)
V483907,,2006.01.30,Ja,2006.01.30,,Får,,,,2006.01.29,2006.01.30,Nej,3,0,0,0,0,0,0,0,1,0,0,0,0,0,0,0,0,Varg,,Bete innanför stängsel,Fältkontroll - LST,Bedömd som säker,2-1880,Fårhägn vid Suttarboda,6573748,493872,6576100,1448000,RT90,Mindre bra,2006.01.30,Nej,,Ja,2017.12.14,,2-1880,Örebro (S),2-18,Örebro län (S)
V483914,,2005.08.13,Ja,2005.08.16,,Får,,,,2005.08.12,2005.08.13,Nej,0,0,0,0,6,0,0,4,0,0,0,0,0,0,0,0,0,Varg,,Bete utan stängsel,Fältkontroll - LST,Bedömd som säker,2-2034,Kruppa,6779906,498004,6782282,1454653,RT90,Mindre bra,2005.08.16,Nej,,Ja,2017.12.14,,2-2034,Orsa (S),2-20,Dalarnas län (S)
V483915,,2005.08.14,Ja,2005.08.14,,Får,,,,2005.08.14,2005.08.14,Nej,1,0,0,0,3,0,0,1,0,0,0,0,0,0,0,0,0,Varg,,Bete innanför stängsel,Fältkontroll - LST,Bedömd som säker,2-2034,Täktsberg,6779898,502370,6782220,1459020,RT90,Mindre bra,2005.08.14,Nej,,Ja,2017.12.14,,2-2034,Orsa (S),2-20,Dalarnas län (S)
V483924,,2005.09.20,Ja,2005.09.20,,Får,,,,2005.09.19,2005.09.20,Nej,0,0,0,0,0,0,0,0,1,0,0,0,0,0,0,0,0,Varg,,Bete utan stängsel,Fältkontroll - LST,Bedömd som säker,2-1737,"Metbäcken, Östmark",6689969,376407,6693800,1331900,RT90,Mindre bra,2005.09.20,Nej,,Ja,2017.12.14,,2-1737,Torsby (S),2-17,Värmlands län (S)
V483925,,2005.09.10,Ja,2005.09.11,,Får,,Annan,Texel,2005.09.10,2005.09.12,Nej,2,0,1,0,0,0,1,0,4,0,0,0,0,0,0,0,0,Varg,,Bete innanför stängsel,Fältkontroll - LST,Bedömd som säker,2-2121,Kammahav,6793531,547567,6795300,1504400,RT90,Mindre bra,2005.09.11,Nej,,Ja,2017.12.14,,2-2121,Ovanåker (S),2-21,Gävleborgs län (S)
V483935,,2005.10.27,Ja,2005.10.31,,Får,,,,2005.10.27,2005.10.27,Nej,1,0,0,0,0,0,0,0,2,0,0,0,0,0,0,0,0,Varg,,Bete innanför stängsel,Fältkontroll - LST,Bedömd som säker,2-1860,Skagersholm,6535268,464761,6537957,1418413,RT90,Mindre bra,2005.10.31,Nej,,Ja,2017.12.14,,2-1860,Laxå (S),2-18,Örebro län (S)
V483942,,2005.08.31,Ja,2005.08.31,,Får,,Annan,Texel fin ull,2005.08.31,2005.08.31,Nej,0,0,0,0,3,0,0,0,0,0,0,0,0,0,0,0,0,Varg,,Bete innanför stängsel,Fältkontroll - LST,Bedömd som säker,2-2121,Skalen,6796106,545535,6797900,1502400,RT90,Mindre bra,2005.08.31,Nej,,Ja,2017.12.14,,2-2121,Ovanåker (S),2-21,Gävleborgs län (S)
V483959,,2005.09.27,Ja,2005.09.27,,Får,,,,2005.09.26,2005.09.27,Nej,0,0,0,0,1,0,0,0,0,0,0,0,0,0,0,0,0,Varg,,Bete innanför stängsel,Fältkontroll - LST,Bedömd som säker,2-1782,Bålbäcken,6609574,447655,6612500,1402200,RT90,Mindre bra,2005.09.27,Nej,,Ja,2017.12.14,,2-1782,Filipstad (S),2-17,Värmlands län (S)
V483960,,2005.09.27,Ja,2005.09.27,,Får,,Annan,X,2005.09.26,2005.09.27,Nej,0,0,0,0,0,0,0,0,1,0,0,0,0,0,0,0,0,Varg,,Bete utan stängsel,Fältkontroll - LST,Bedömd som säker,2-1737,Trång,6690395,392514,6694030,1348020,RT90,Mindre bra,2005.09.27,Nej,,Ja,2017.12.14,,2-1737,Torsby (S),2-17,Värmlands län (S)
V483961,,2005.09.30,Ja,2005.10.01,,Får,,Annan,X,2005.09.29,2005.09.30,Nej,2,0,0,0,0,0,0,0,1,0,0,0,0,0,0,0,0,Varg,,Bete utan stängsel,Fältkontroll - LST,Bedömd som säker,2-1737,Trång,6690396,392524,6694030,1348030,RT90,Mindre bra,2005.10.01,Nej,,Ja,2017.12.14,,2-1737,Torsby (S),2-17,Värmlands län (S)
V483971,,2002.08.10,Ja,2002.08.10,,Får,,Annan,Pälsfår,2002.08.10,2002.08.10,Nej,1,0,0,0,0,0,0,0,1,0,0,0,0,0,0,0,0,Varg,,Bete innanför stängsel,Fältkontroll - LST,Bedömd som säker,2-2023,Södra Löten 1:16. Vid gården,6764134,384692,6767900,1341100,RT90,Mindre bra,2002.08.10,Nej,,Ja,2017.12.14,,2-2023,Malung (S),2-20,Dalarnas län (S)
V483974,,2004.06.03,Ja,2004.06.05,,Får,,Annan,pälsfår,2004.06.03,2004.06.03,Nej,11,0,0,1,0,0,0,0,7,0,2,0,0,0,0,0,0,Varg,,Bete innanför stängsel,Fältkontroll - LST,Bedömd som säker,2-1380,"Jonstorp, Eldsberga",6280357,380057,6283939,1330633,RT90,Mindre bra,2004.06.05,Nej,,Ja,2017.12.14,,2-1380,Halmstad (S),2-13,Hallands län (S)
V483980,,2004.06.11,Ja,2004.06.11,,Får,,Annan,Pälsfår,2004.06.10,2004.06.11,Nej,1,0,0,0,0,0,0,0,1,0,0,0,0,0,0,0,0,Varg,,Bete innanför stängsel,Fältkontroll - LST,Bedömd som säker,2-1460,Torrskog,6565334,328670,6569682,1282621,RT90,Mindre bra,2004.06.11,Nej,,Ja,2017.12.14,,2-1460,Bengtsfors (S),2-14,Västra Götalands län (S)
V483988,,2004.08.05,Ja,2004.08.05,,Får,,,,2004.08.04,2004.08.05,Nej,3,0,0,0,0,0,0,0,0,0,0,0,0,0,0,0,0,Varg,,Bete innanför stängsel,Fältkontroll - LST,Bedömd som säker,2-1737,Arnsjön,6687555,369067,6691475,1324527,RT90,Mindre bra,2004.08.05,Nej,,Ja,2017.12.14,,2-1737,Torsby (S),2-17,Värmlands län (S)
V483989,,2004.07.23,Ja,2004.07.23,,Får,,,,2004.07.22,2007.07.23,Nej,1,0,0,0,0,0,0,0,0,0,0,0,0,0,0,0,0,Varg,,Bete innanför stängsel,Fältkontroll - LST,Bedömd som säker,2-2121,Homna,6801360,533874,6803300,1490800,RT90,Mindre bra,2004.07.23,Nej,,Ja,2017.12.14,,2-2121,Ovanåker (S),2-21,Gävleborgs län (S)
V484004,,2004.08.17,Ja,2004.08.17,,Får,,Annan,LANTRAS,2004.08.15,2004.08.17,Nej,1,0,0,0,0,0,0,0,1,0,0,0,0,0,0,0,0,Varg,,Bete utan stängsel,Fältkontroll - LST,Bedömd som säker,2-2034,TÄKTSBERG,6780077,502247,6782400,1458900,RT90,Mindre bra,2004.08.17,Nej,,Ja,2017.12.14,,2-2034,Orsa (S),2-20,Dalarnas län (S)
V484005,,2004.08.19,Ja,2004.08.19,,Nöt,,,,2004.08.18,2004.08.19,Nej,1,0,1,1,0,0,0,0,0,0,0,0,0,0,0,0,0,Varg,,Bete utan stängsel,Fältkontroll - LST,Bedömd som säker,2-2031,ÄRTERÅREN,6790128,506722,6792400,1463500,RT90,Mindre bra,2004.08.19,Nej,,Ja,2017.12.14,,2-2031,Rättvik (S),2-20,Dalarnas län (S)
V484007,,2002.07.03,Ja,2002.08.16,,Får,,Annan,Oxrördan/Texel,2002.07.02,2002.08.03,Nej,0,0,0,0,9,0,0,0,0,0,0,0,0,0,0,0,0,Varg,,Bete innanför stängsel,Fältkontroll - LST,Bedömd som säker,2-1438,Törmon,6531451,310469,6536000,1264000,RT90,Mindre bra,2002.08.16,Nej,,Ja,2017.12.14,,2-1438,Dals-Ed (S),2-14,Västra Götalands län (S)
V484008,,2002.08.01,Ja,2002.08.01,,Får,,,,2002.07.31,2002.08.01,Nej,2,0,0,0,0,0,0,0,4,0,0,0,0,0,0,0,0,Varg,,Bete innanför stängsel,Fältkontroll - LST,Bedömd som säker,2-1438,Delefors,6522554,318572,6527000,1272000,RT90,Mindre bra,2002.08.01,Nej,,Ja,2017.12.14,,2-1438,Dals-Ed (S),2-14,Västra Götalands län (S)
V484010,,2001.09.15,Ja,2001.09.15,,Får,,,,2001.09.14,2001.09.15,Nej,1,0,0,0,0,0,0,0,0,0,0,0,0,0,0,0,0,Varg,,Bete innanför stängsel,Fältkontroll - LST,Bedömd som säker,2-1492,Strand,6554966,354161,6559000,1308000,RT90,Mindre bra,2001.09.15,Nej,,Ja,2017.12.14,,2-1492,Åmål (S),2-14,Västra Götalands län (S)
V484012,,2004.08.22,Ja,2004.08.22,,Får,,Annan,blandras,2004.08.20,2004.08.21,Nej,2,0,0,0,0,0,0,0,0,0,0,0,0,0,0,0,0,Varg,,Bete innanför stängsel,Fältkontroll - LST,Bedömd som säker,2-1782,Hålbäcken,6623020,452517,6625893,1407227,RT90,Mindre bra,2004.08.22,Nej,,Ja,2017.12.14,,2-1782,Filipstad (S),2-17,Värmlands län (S)
V484014,,2001.10.07,Ja,2002.10.10,,Får,,Annan,Texel x finull,2001.10.06,2001.10.07,Nej,0,0,0,0,0,0,0,0,12,0,0,0,0,0,0,0,0,Varg,,Bete innanför stängsel,Fältkontroll - LST,Bedömd som säker,2-1440,Nödinge,6415770,323747,6420093,1275897,RT90,Mindre bra,2002.10.10,Nej,,Ja,2017.12.14,,2-1440,Ale (S),2-14,Västra Götalands län (S)
V484017,,2004.05.26,Ja,2004.05.26,,Får,,Annan,Finull,2004.05.25,2004.05.26,Nej,2,0,3,0,6,0,1,0,0,0,0,0,0,0,0,0,0,Varg,,Bete innanför stängsel,Fältkontroll - LST,Bedömd som säker,2-1884,Yxsjötorp,6615824,493162,6618200,1447800,RT90,Mindre bra,2004.05.26,Nej,,Ja,2017.12.14,,2-1884,Nora (S),2-18,Örebro län (S)
V484020,,2005.08.11,Ja,2005.08.11,,Får,,,,2005.08.11,2005.08.11,Nej,1,0,1,0,0,0,0,0,0,0,0,0,0,0,0,0,0,Varg,,Bete innanför stängsel,Fältkontroll - LST,Bedömd som säker,2-1737,Åsteby,6681836,391257,6685482,1346657,RT90,Mindre bra,2005.08.11,Nej,,Ja,2017.12.14,,2-1737,Torsby (S),2-17,Värmlands län (S)
V484022,,2004.09.17,Ja,2004.09.18,,Får,,,,2004.09.16,2004.09.17,Nej,6,0,0,0,0,0,0,0,2,0,0,0,0,0,0,0,0,Varg,,Bete innanför stängsel,Fältkontroll - LST,Bedömd som säker,2-1782,Lersjöed,6626834,451531,6629720,1406287,RT90,Mindre bra,2004.09.18,Nej,,Ja,2017.12.14,,2-1782,Filipstad (S),2-17,Värmlands län (S)
V484023,,2004.09.03,Ja,2004.09.03,,Får,,,,2004.09.01,2004.09.02,Nej,2,0,0,0,0,0,0,0,1,0,0,0,0,0,0,0,0,Varg,,Bete innanför stängsel,Fältkontroll - LST,Bedömd som säker,2-1760,Ackkärr,6597461,452497,6600323,1406897,RT90,Mindre bra,2004.09.03,Nej,,Ja,2017.12.14,,2-1760,Storfors (S),2-17,Värmlands län (S)
V484026,,2004.09.21,Ja,2004.09.21,,Får,,,,2004.09.20,2004.09.21,Nej,0,0,0,0,0,0,0,0,1,0,0,0,0,0,0,0,0,Varg,,Bete innanför stängsel,Fältkontroll - LST,Bedömd som säker,2-2034,Skattungbyn,6783827,491496,6786284,1448191,RT90,Mindre bra,2004.09.21,Nej,,Ja,2017.12.14,,2-2034,Orsa (S),2-20,Dalarnas län (S)
V484040,,2004.10.11,Ja,2004.10.11,,Får,,,,2004.10.10,2004.10.11,Nej,0,0,0,0,0,0,0,0,1,0,0,0,0,0,0,0,0,Varg,,Bete innanför stängsel,Fältkontroll - LST,Bedömd som säker,2-1814,Bäckatorp,6554992,480404,6557500,1434300,RT90,Mindre bra,2004.10.11,Nej,,Ja,2017.12.14,,2-1814,Lekeberg (S),2-18,Örebro län (S)
V484044,,2004.08.18,Ja,2004.08.18,,Får,,,,2004.08.18,2004.08.18,Nej,1,0,0,0,0,0,0,0,0,0,0,0,0,0,0,0,0,Varg,,Bete innanför stängsel,Fältkontroll - LST,Bedömd som säker,2-1883,Immen,6596247,469708,6598900,1424100,RT90,Mindre bra,2004.08.18,Nej,,Ja,2017.12.14,,2-1883,Karlskoga (S),2-18,Örebro län (S)
V484045,,2004.09.16,Ja,2004.09.16,,Får,,,,2004.09.15,2004.09.16,Nej,1,0,0,1,0,0,0,0,1,0,0,0,0,0,0,0,0,Varg,,Bete innanför stängsel,Fältkontroll - LST,Bedömd som säker,2-1883,Granbergsdal,6596247,469708,6598900,1424100,RT90,Mindre bra,2004.09.16,Nej,,Ja,2017.12.14,,2-1883,Karlskoga (S),2-18,Örebro län (S)
V484071,,2005.06.07,Ja,2005.06.08,,Får,,,,2005.06.06,2005.06.07,Nej,1,0,0,0,0,0,0,0,0,0,0,0,0,0,0,0,0,Varg,,Bete innanför stängsel,Fältkontroll - LST,Bedömd som säker,2-1492,Rådetorp,6548788,356806,6552786,1310572,RT90,Mindre bra,2005.06.08,Nej,,Ja,2017.12.14,,2-1492,Åmål (S),2-14,Västra Götalands län (S)
V484080,,2005.08.23,Ja,2005.08.23,,Får,,,,2005.08.23,2005.08.23,Nej,1,0,0,0,0,0,0,0,1,0,0,6,0,0,0,0,0,Varg,,Bete utan stängsel,Fältkontroll - LST,Bedömd som säker,2-2034,Östra Grunuberg,6774616,492699,6777055,1449281,RT90,Mindre bra,2005.08.23,Nej,,Ja,2017.12.14,,2-2034,Orsa (S),2-20,Dalarnas län (S)
V484083,,2005.08.03,Ja,2005.08.03,,Nöt,,,,2005.07.31,2005.08.02,Nej,0,0,0,0,1,0,0,0,0,0,0,0,0,0,0,0,0,Varg,,Bete innanför stängsel,Fältkontroll - LST,Bedömd som säker,2-2281,"Sörnedansjö, Stöde",6917105,596530,6918300,1554910,RT90,Mindre bra,2005.08.03,Nej,,Ja,2017.12.14,,2-2281,Sundsvall (S),2-22,Västernorrlands län (S)
V484089,,2005.10.07,Ja,2005.10.07,,Får,,,,2005.10.06,2005.10.07,Nej,0,0,0,0,0,0,0,0,1,0,0,0,0,0,0,0,0,Varg,,Bete innanför stängsel,Fältkontroll - LST,Bedömd som säker,2-1864,Rällen,6628553,503566,6630807,1458363,RT90,Mindre bra,2005.10.07,Nej,,Ja,2017.12.14,,2-1864,Ljusnarsberg (S),2-18,Örebro län (S)
V484095,,2005.11.05,Ja,2005.11.05,,Får,,,,2005.11.04,2005.11.05,Nej,1,0,0,0,1,0,0,1,3,0,3,0,0,0,0,0,0,Varg,,Bete innanför stängsel,Fältkontroll - LST,Bedömd som säker,2-2031,Nedre Gärdsjö,6754814,512655,6757000,1469000,RT90,Mindre bra,2005.11.05,Nej,,Ja,2017.12.14,,2-2031,Rättvik (S),2-20,Dalarnas län (S)
V484101,,2000.06.05,Ja,2000.06.06,,Får,,,,2000.06.03,2000.06.05,Nej,0,0,0,1,0,0,0,0,1,0,0,1,0,0,0,0,0,Varg,,Bete utan stängsel,Fältkontroll - LST,Bedömd som säker,2-2361,Morvallen,6943348,416553,6946800,1375200,RT90,Mindre bra,2000.06.06,Nej,,Ja,2017.12.14,,2-2361,Härjedalen (S),2-23,Jämtlands län (S)
V484105,,1999.10.04,Ja,1999.10.04,,Får,,,,1999.10.03,1999.10.04,Nej,2,0,0,0,0,0,0,0,0,0,0,0,0,0,0,0,0,Varg,,Bete innanför stängsel,Fältkontroll - LST,Bedömd som säker,2-2305,Grimnäs,6971352,513566,6973600,1472600,RT90,Mindre bra,1999.10.04,Nej,,Ja,2017.12.14,,2-2305,Bräcke (S),2-23,Jämtlands län (S)
V484122,,2005.06.20,Ja,2005.06.21,,Får,,,,2005.06.18,2005.06.19,Nej,1,0,0,0,0,0,0,0,0,0,0,0,0,0,0,0,0,Varg,,Bete innanför stängsel,Fältkontroll - LST,Bedömd som säker,2-1497,Löpareskogen,6460806,448756,6463657,1401507,RT90,Mindre bra,2005.06.21,Nej,,Ja,2017.12.14,,2-1497,Hjo (S),2-14,Västra Götalands län (S)
V484130,,2003.07.07,Ja,2004.09.23,,Nöt,,Annan,Korsning,2003.07.05,2003.07.06,Nej,1,0,0,0,0,0,0,0,0,0,0,0,0,0,0,0,0,Varg,,Bete innanför stängsel,Fältkontroll - LST,Bedömd som säker,2-1382,Slöinge,6306827,365020,6310600,1315900,RT90,Mindre bra,2004.09.23,Nej,,Ja,2017.12.14,,2-1382,Falkenberg (S),2-13,Hallands län (S)
V484137,,2002.03.25,Ja,2002.03.25,,Annat djur,,Annan,Alpacka,2002.03.25,2002.03.25,Nej,1,0,0,0,0,0,0,0,1,0,0,0,0,0,0,0,0,Varg,,Bete innanför stängsel,Fältkontroll - LST,Bedömd som säker,2-0382,Väddika,6679609,678973,6679737,1634437,RT90,Mindre bra,2002.03.25,Nej,,Ja,2017.12.14,,2-0382,Östhammar (S),2-03,Uppsala län (S)
V484139,,2003.08.28,Ja,2003.08.29,,Får,,,,2003.08.26,2003.08.28,Nej,1,0,0,0,0,0,0,0,0,0,0,0,0,0,0,0,0,Varg,,Bete innanför stängsel,Fältkontroll - LST,Bedömd som säker,2-1860,"Tolsgården, Finnerödja",6528056,468233,6530700,1421800,RT90,Mindre bra,2003.08.29,Nej,,Ja,2017.12.14,,2-1860,Laxå (S),2-18,Örebro län (S)
V484155,,2004.05.03,Ja,2004.05.03,,Får,,,,2004.05.03,2004.05.03,Nej,1,0,0,0,0,0,0,0,1,0,0,0,0,0,0,0,0,Varg,,Bete innanför stängsel,Fältkontroll - LST,Bedömd som säker,2-1766,Näveråsen,6636565,384160,6640276,1339004,RT90,Mindre bra,2004.05.03,Nej,,Ja,2017.12.14,,2-1766,Sunne (S),2-17,Värmlands län (S)
V484165,,2004.06.22,Ja,2004.06.22,,Nöt,,Annan,aberdeen angus,2004.06.20,2004.06.22,Nej,1,0,0,0,0,0,0,0,0,0,0,0,0,0,0,0,0,Varg,,Bete innanför stängsel,Fältkontroll - LST,Bedömd som säker,2-1382,Maa,6342582,364261,6346383,1315563,RT90,Mindre bra,2004.06.22,Nej,,Ja,2017.12.14,,2-1382,Falkenberg (S),2-13,Hallands län (S)
V484176,,2002.06.12,Ja,2002.06.12,,Annan hund,,Annan,Blandras Tax-Drever ,2002.06.12,2002.06.12,Nej,0,0,0,0,0,0,0,0,0,0,1,0,0,0,0,0,0,Varg,,Bete utan stängsel,Fältkontroll - LST,Bedömd som säker,2-1430,Bråmarken,6501661,307189,6506232,1260359,RT90,Mindre bra,2002.06.12,Nej,,Ja,2017.12.14,,2-1430,Munkedal (S),2-14,Västra Götalands län (S)
V484177,,2002.10.09,Ja,2002.10.09,,Får,,,,2002.10.09,2002.10.09,Nej,0,0,0,0,0,0,0,0,1,0,0,0,0,0,0,0,0,Varg,,Bete utan stängsel,Fältkontroll - LST,Bedömd som säker,2-1460,Lingen,6555079,346963,6559200,1300800,RT90,Mindre bra,2002.10.09,Nej,,Ja,2017.12.14,,2-1460,Bengtsfors (S),2-14,Västra Götalands län (S)
V484179,,2004.08.15,Ja,2004.08.15,,Får,,,,2004.08.13,2004.08.15,Nej,0,0,0,0,0,0,0,0,1,0,0,0,0,0,0,0,0,Varg,,Bete innanför stängsel,Fältkontroll - LST,Bedömd som säker,2-1860,Undevi - Tived,6511265,471481,6513863,1424847,RT90,Mindre bra,2004.08.15,Nej,,Ja,2017.12.14,,2-1860,Laxå (S),2-18,Örebro län (S)
V484188,,1999.08.25,Ja,1999.08.26,,Får,,Annan,Svensk lantras,1999.08.25,1999.08.25,Nej,0,0,0,0,0,0,0,0,1,0,0,0,0,0,0,0,0,Varg,,Bete utan stängsel,Fältkontroll - LST,Bedömd som säker,2-2085,"Stockgropen, Gagnef",6694526,503798,6696800,1459400,RT90,Mindre bra,1999.08.26,Nej,,Ja,2017.12.14,,2-2085,Ludvika (S),2-20,Dalarnas län (S)
V484201,,2004.08.25,Ja,2004.08.25,,Får,,,,2004.08.24,2004.08.25,Nej,4,0,1,0,0,0,0,0,6,0,1,0,0,0,0,0,0,Varg,,Bete innanför stängsel,Fältkontroll - LST,Bedömd som säker,2-1760,Ackkärr,6597458,452527,6600320,1406927,RT90,Mindre bra,2004.08.25,Nej,,Ja,2017.12.14,,2-1760,Storfors (S),2-17,Värmlands län (S)
V484203,,2004.08.15,Ja,2004.08.15,,Får,,Annan,"Texel, Finull, Rya",2004.08.15,2004.08.15,Nej,1,0,0,0,1,0,0,0,6,0,0,0,0,0,0,0,0,Varg,,Bete innanför stängsel,Fältkontroll - LST,Bedömd som säker,2-0380,Korsängen,6639640,682891,6639714,1637868,RT90,Mindre bra,2004.08.15,Nej,,Ja,2017.12.14,,2-0380,Uppsala (S),2-03,Uppsala län (S)
V484209,,2003.07.04,Ja,2003.07.06,,Nöt,,Annan,SRB,2003.07.03,2003.07.04,Nej,1,0,0,0,0,0,0,0,0,0,0,0,0,0,0,0,0,Varg,,Bete innanför stängsel,Fältkontroll - LST,Bedömd som säker,2-1382,Vessigebro,6320784,353561,6324700,1304600,RT90,Mindre bra,2003.07.06,Nej,,Ja,2017.12.14,,2-1382,Falkenberg (S),2-13,Hallands län (S)
V484238,,2005.06.25,Ja,2005.06.25,,Får,,,,2005.06.24,2005.06.25,Nej,0,0,0,1,0,0,0,0,1,0,0,0,0,0,0,0,0,Varg,,Bete utan stängsel,Fältkontroll - LST,Bedömd som säker,2-1783,Björklångsberg,6660728,406350,6664180,1361500,RT90,Mindre bra,2005.06.25,Nej,,Ja,2017.12.14,,2-1783,Hagfors (S),2-17,Värmlands län (S)
V484248,,2005.10.21,Ja,2005.10.22,,Får,,Annan,texel X,2005.10.20,2005.10.21,Nej,3,0,0,0,0,0,0,0,1,0,1,0,0,0,0,0,0,Varg,,Bete innanför stängsel,Fältkontroll - LST,Bedömd som säker,2-1737,Lämbacken Östmark,6687645,372761,6691520,1328224,RT90,Mindre bra,2005.10.22,Nej,,Ja,2017.12.14,,2-1737,Torsby (S),2-17,Värmlands län (S)
V484249,,2005.10.23,Ja,2005.10.23,,Får,,,,2005.10.22,2005.10.23,Nej,1,0,0,0,0,0,0,0,0,0,2,0,0,0,0,0,0,Varg,,Bete innanför stängsel,Fältkontroll - LST,Bedömd som säker,2-2031,Lenåsen,6762056,513362,6764236,1469796,RT90,Mindre bra,2005.10.23,Nej,,Ja,2017.12.14,,2-2031,Rättvik (S),2-20,Dalarnas län (S)
V484250,,2005.10.25,Ja,2005.10.26,,Får,,Annan,X,2005.10.24,2005.10.25,Nej,1,0,0,1,1,0,0,0,1,0,0,0,0,0,0,0,0,Varg,,Bete utan stängsel,Fältkontroll - LST,Bedömd som säker,2-1737,Trång,6690396,392524,6694030,1348030,RT90,Mindre bra,2005.10.26,Nej,,Ja,2017.12.14,,2-1737,Torsby (S),2-17,Värmlands län (S)
V484251,,2005.10.21,Ja,2005.10.21,,Får,,Annan,blandras,2005.10.20,2005.10.20,Nej,2,0,0,0,0,0,0,0,3,0,0,0,0,0,0,0,0,Varg,,Bete innanför stängsel,Fältkontroll - LST,Bedömd som säker,2-1783,Lakheden,6650308,423993,6653540,1379023,RT90,Mindre bra,2005.10.21,Nej,,Ja,2017.12.14,,2-1783,Hagfors (S),2-17,Värmlands län (S)
V484274,,2003.10.15,Ja,2003.10.17,,Får,,,,2003.10.15,2003.10.15,Nej,0,0,0,0,1,0,0,0,0,0,0,0,0,0,0,0,0,Varg,,Bete innanför stängsel,Fältkontroll - LST,Bedömd som säker,2-2034,Skattungbyn,6783101,491532,6785558,1448218,RT90,Mindre bra,2003.10.17,Nej,,Ja,2017.12.14,,2-2034,Orsa (S),2-20,Dalarnas län (S)
V484276,,2003.10.19,Ja,2003.10.19,,Får,,Annan,Norskt skogsfår,2003.10.18,2003.10.19,Nej,1,0,0,0,0,0,0,0,0,0,0,0,0,0,0,0,0,Varg,,Bete innanför stängsel,Fältkontroll - LST,Bedömd som säker,2-2085,Holmtjärn,6656979,484767,6659472,1439903,RT90,Mindre bra,2003.10.19,Nej,,Ja,2017.12.14,,2-2085,Ludvika (S),2-20,Dalarnas län (S)
V484277,,2002.06.26,Ja,2002.06.26,,Får,,,,2002.06.24,2002.06.26,Nej,0,0,0,0,0,0,0,0,1,0,0,0,0,0,0,0,0,Varg,,Bete innanför stängsel,Fältkontroll - LST,Bedömd som säker,2-1080,Torhamns udde,6226363,543990,6228000,1494000,RT90,Mindre bra,2002.06.26,Nej,,Ja,2017.12.14,,2-1080,Karlskrona (S),2-10,Blekinge län (S)
V484280,,2002.07.03,Ja,2002.07.04,,Får,,Annan,Gute,2002.07.02,2002.07.03,Nej,0,0,0,0,2,0,1,0,0,0,0,0,0,0,0,0,0,Varg,,Bete utan stängsel,Fältkontroll - LST,Bedömd som säker,2-1080,Stubbemåla 1:3,6238228,565225,6239620,1515381,RT90,Mindre bra,2002.07.04,Nej,,Ja,2017.12.14,,2-1080,Karlskrona (S),2-10,Blekinge län (S)
V484287,,2002.06.03,Ja,2002.06.27,,Får,,,,2002.06.02,2002.06.03,Nej,0,0,1,0,0,0,0,0,0,0,0,0,0,0,0,0,0,Varg,,Bete innanför stängsel,Fältkontroll - LST,Bedömd som säker,2-0360,Larsbo,6696350,650923,6696824,1606587,RT90,Mindre bra,2002.06.27,Nej,,Ja,2017.12.14,,2-0360,Tierp (S),2-03,Uppsala län (S)
V484288,,2002.07.01,Ja,2002.07.01,,Får,,,,2002.06.30,2002.07.01,Nej,2,0,2,1,2,0,0,0,1,0,1,0,0,0,0,0,0,Varg,,Bete innanför stängsel,Fältkontroll - LST,Bedömd som säker,2-0382,Skållbo,6692132,664697,6692437,1620312,RT90,Mindre bra,2002.07.01,Nej,,Ja,2017.12.14,,2-0382,Östhammar (S),2-03,Uppsala län (S)
V484289,,2003.11.02,Ja,2003.11.02,,Får,,Annan,lantras,2003.11.01,2003.11.02,Nej,0,0,0,0,1,0,0,0,0,0,0,0,0,0,0,0,0,Varg,,Bete innanför stängsel,Fältkontroll - LST,Bedömd som säker,2-2161,Ålock 1685,6865819,548820,6867594,1506549,RT90,Mindre bra,2003.11.02,Nej,,Ja,2017.12.14,,2-2161,Ljusdal (S),2-21,Gävleborgs län (S)
V484303,,2005.06.29,Ja,2005.06.29,,Får,,Annan,Texel,2005.06.28,2005.06.29,Nej,3,0,0,2,0,0,0,0,2,0,0,0,0,0,0,0,0,Varg,,Bete innanför stängsel,Fältkontroll - LST,Bedömd som säker,2-2121,Mållångsstuga,6782851,540800,6784700,1497500,RT90,Mindre bra,2005.06.29,Nej,,Ja,2017.12.14,,2-2121,Ovanåker (S),2-21,Gävleborgs län (S)
V484304,,2002.10.07,Ja,2003.12.23,,Får,,,,2002.10.07,2002.10.07,Nej,0,0,0,0,0,0,0,0,1,0,0,0,0,0,0,0,0,Varg,,Bete innanför stängsel,Fältkontroll - LST,Bedömd som säker,2-1737,utanför stugan,6682003,391198,6685650,1346600,RT90,Mindre bra,2003.12.23,Nej,,Ja,2017.12.14,,2-1737,Torsby (S),2-17,Värmlands län (S)
V484340,,2002.10.19,Ja,2002.10.21,,Får,,,,2002.10.18,2002.10.19,Nej,0,0,0,0,1,0,0,0,0,0,0,0,0,0,0,0,0,Varg,,Bete innanför stängsel,Fältkontroll - LST,Bedömd som säker,2-1882,"Ängen, Askersunds kn",6531034,491389,6533400,1445000,RT90,Mindre bra,2002.10.21,Nej,,Ja,2017.12.14,,2-1882,Askersund (S),2-18,Örebro län (S)
V484350,,2002.05.19,Ja,2004.02.26,,Får,,,,2002.05.18,2002.05.19,Nej,0,0,0,0,0,0,0,0,1,0,0,0,0,0,0,0,0,Varg,,Bete innanför stängsel,Fältkontroll - LST,Bedömd som säker,2-1484,Brastad,6478501,295415,6483200,1248300,RT90,Mindre bra,2004.02.26,Nej,,Ja,2017.12.14,,2-1484,Lysekil (S),2-14,Västra Götalands län (S)
V484369,,2004.06.20,Ja,2004.06.21,,Får,,Annan,Blandras,2004.06.19,2004.06.20,Nej,1,0,0,0,0,0,0,0,0,0,0,0,0,0,0,0,0,Varg,,Bete innanför stängsel,Fältkontroll - LST,Bedömd som säker,2-1430,Hedekas,6514204,313975,6518700,1267300,RT90,Mindre bra,2004.06.21,Nej,,Ja,2017.12.14,,2-1430,Munkedal (S),2-14,Västra Götalands län (S)
V484370,,2004.06.16,Ja,2004.06.16,,Får,,,,2004.06.15,2004.06.16,Nej,3,0,12,1,0,0,0,0,0,0,1,0,0,0,0,0,0,Varg,,Bete innanför stängsel,Fältkontroll - LST,Bedömd som säker,2-1496,öst om Stöpen,6482941,434643,6485970,1387653,RT90,Mindre bra,2004.06.16,Nej,,Ja,2017.12.14,,2-1496,Skövde (S),2-14,Västra Götalands län (S)
V484377,,2004.06.23,Ja,2004.08.10,,Nöt,,Annan,Hereford-Sinnental,2004.06.21,2004.06.22,Nej,1,0,0,0,0,0,0,0,0,0,1,0,0,0,0,0,0,Varg,,Bete innanför stängsel,Fältkontroll - LST,Bedömd som säker,2-1430,Kynnefjäll,6514001,313778,6518500,1267100,RT90,Mindre bra,2004.08.10,Nej,,Ja,2017.12.14,,2-1430,Munkedal (S),2-14,Västra Götalands län (S)
V484404,,2002.10.05,Ja,2002.10.05,,Får,,Annan,Gutefår,2002.10.04,2002.10.05,Nej,2,0,0,2,0,0,0,0,2,0,0,0,0,0,0,0,0,Varg,,Bete innanför stängsel,Fältkontroll - LST,Bedömd som säker,2-1438,Udden,6546785,318029,6551251,1271749,RT90,Mindre bra,2002.10.05,Nej,,Ja,2017.12.14,,2-1438,Dals-Ed (S),2-14,Västra Götalands län (S)
V484407,,2002.08.05,Ja,2002.08.05,,Får,,,,2002.08.05,2002.08.05,Nej,0,0,0,0,0,0,0,0,1,0,1,0,0,0,0,0,0,Varg,,Bete innanför stängsel,Fältkontroll - LST,Bedömd som säker,2-1438,Västra Fjälla Stommen,6519549,317958,6524000,1271350,RT90,Mindre bra,2002.08.05,Nej,,Ja,2017.12.14,,2-1438,Dals-Ed (S),2-14,Västra Götalands län (S)
V484409,,2002.06.01,Ja,2002.08.18,,Får,,Annan,Pälsfår,2002.05.31,2002.06.01,Nej,1,0,1,3,0,0,0,0,3,0,2,1,0,0,0,0,0,Varg,,Bete innanför stängsel,Fältkontroll - LST,Bedömd som säker,2-1435,Älgemon,6521146,309494,6525700,1262900,RT90,Mindre bra,2002.08.18,Nej,,Ja,2017.12.14,,2-1435,Tanum (S),2-14,Västra Götalands län (S)
V484412,,2003.09.11,Ja,2003.09.11,,Får,,Annan,Skogsfår,2003.09.10,2003.09.11,Nej,1,0,0,0,0,0,0,0,0,0,0,0,0,0,0,0,0,Varg,,Bete utan stängsel,Fältkontroll - LST,Bedömd som säker,2-1783,Björklångsberg,6660982,406106,6664437,1361259,RT90,Mindre bra,2003.09.11,Nej,,Ja,2017.12.14,,2-1783,Hagfors (S),2-17,Värmlands län (S)
V484422,,2001.09.23,Ja,2001.09.25,,Får,,,,2001.09.22,2001.09.23,Nej,2,0,0,0,0,0,0,0,1,0,0,0,0,0,0,0,0,Varg,,Bete innanför stängsel,Fältkontroll - LST,Bedömd som säker,2-0382,Charlottendal,6668504,679383,6668625,1634712,RT90,Mindre bra,2001.09.25,Nej,,Ja,2017.12.14,,2-0382,Östhammar (S),2-03,Uppsala län (S)
V484424,,2002.04.16,Ja,2002.04.17,,Får,,,,2002.04.16,2002.04.16,Nej,0,0,0,0,0,0,0,0,2,0,0,0,0,0,0,0,0,Varg,,Bete innanför stängsel,Fältkontroll - LST,Bedömd som säker,2-1060,Olofström Skrubbeboda 1:6,6241849,480476,6244235,1430645,RT90,Mindre bra,2002.04.17,Nej,,Ja,2017.12.14,,2-1060,Olofström (S),2-10,Blekinge län (S)
V484426,,2002.12.09,Ja,2002.12.10,,Get,,Annan,Afrikansk dvärgget,2002.12.09,2002.12.09,Nej,0,0,0,0,1,0,0,0,0,0,0,0,0,0,0,0,0,Varg,,Bete innanför stängsel,Fältkontroll - LST,Bedömd som säker,2-1438,Fagernäs,6538433,309285,6543000,1262900,RT90,Mindre bra,2002.12.10,Nej,,Ja,2017.12.14,,2-1438,Dals-Ed (S),2-14,Västra Götalands län (S)
V484430,,2002.05.11,Ja,2002.05.12,,Får,,Annan,Rya och päls,2002.05.11,2002.05.11,Nej,0,0,0,0,0,0,0,0,1,0,0,0,0,0,0,0,0,Varg,,Bete innanför stängsel,Fältkontroll - LST,Bedömd som säker,2-0360,Larsbo,6696263,650949,6696737,1606612,RT90,Mindre bra,2002.05.12,Nej,,Ja,2017.12.14,,2-0360,Tierp (S),2-03,Uppsala län (S)
V484432,,2002.05.20,Ja,2002.05.20,,Får,,Annan,Finull och bladras,2002.05.19,2002.05.20,Nej,2,0,3,7,1,0,0,0,0,0,2,2,0,0,0,0,0,Varg,,Bete innanför stängsel,Fältkontroll - LST,Bedömd som säker,2-0382,Skållbo,6692058,664736,6692362,1620350,RT90,Mindre bra,2002.05.20,Nej,,Ja,2017.12.14,,2-0382,Östhammar (S),2-03,Uppsala län (S)
V484433,,2002.06.03,Ja,2002.06.03,,Får,,,,2002.06.02,2002.06.03,Nej,16,0,0,0,0,0,0,0,1,0,0,0,0,0,0,0,0,Varg,,Bete innanför stängsel,Fältkontroll - LST,Bedömd som säker,2-0360,Larsbo,6696350,650923,6696824,1606587,RT90,Mindre bra,2002.06.03,Nej,,Ja,2017.12.14,,2-0360,Tierp (S),2-03,Uppsala län (S)
V484437,,1995.12.29,Ja,1995.12.30,,Får,,Annan,Lantras,1995.12.28,1995.12.29,Nej,0,0,0,0,2,0,0,0,3,0,0,0,0,0,0,0,0,Varg,,Bete innanför stängsel,Fältkontroll - LST,Bedömd som säker,2-1081,Hjortabråne,6233985,511911,6236000,1462000,RT90,Mindre bra,1995.12.30,Nej,,Ja,2017.12.14,,2-1081,Ronneby (S),2-10,Blekinge län (S)
V484442,,2002.06.25,Ja,2002.06.26,,Får,,,,2002.06.24,2002.06.25,Nej,3,0,0,0,0,0,0,0,0,0,0,0,0,0,0,0,0,Varg,,Bete utan stängsel,Fältkontroll - LST,Bedömd som säker,2-1080,Torhamns udde,6215317,552551,6216850,1502435,RT90,Mindre bra,2002.06.26,Nej,,Ja,2017.12.14,,2-1080,Karlskrona (S),2-10,Blekinge län (S)
V484450,,2001.06.01,Ja,2001.06.01,,Svin,,,,2001.05.31,2001.06.01,Nej,0,0,0,0,0,0,0,0,1,0,0,0,0,0,0,0,0,Varg,,Bete innanför stängsel,Fältkontroll - LST,Bedömd som säker,2-2121,Vargåsen,6802047,532866,6804000,1489800,RT90,Mindre bra,2001.06.01,Nej,,Ja,2017.12.14,,2-2121,Ovanåker (S),2-21,Gävleborgs län (S)
V484458,,2004.09.04,Ja,2004.09.04,,Får,,,,2004.09.03,2004.09.04,Nej,3,0,0,0,0,0,0,0,0,0,0,0,0,0,0,0,0,Varg,,Bete innanför stängsel,Fältkontroll - LST,Bedömd som säker,2-1438,Brunnberg,6525473,320236,6529900,1273700,RT90,Mindre bra,2004.09.04,Nej,,Ja,2017.12.14,,2-1438,Dals-Ed (S),2-14,Västra Götalands län (S)
V484466,,2004.10.05,Ja,2004.10.05,,Får,,,,2004.10.04,2004.10.05,Nej,8,0,0,1,0,0,0,0,1,0,0,0,0,0,0,0,0,Varg,,Bete innanför stängsel,Fältkontroll - LST,Bedömd som säker,2-1737,Metbäcken,6688286,376210,6692119,1331682,RT90,Mindre bra,2004.10.05,Nej,,Ja,2017.12.14,,2-1737,Torsby (S),2-17,Värmlands län (S)
V484470,,2004.08.19,Ja,2004.10.08,,Nöt,,,,2004.08.18,2004.08.19,Nej,1,0,1,0,0,0,0,0,0,0,0,0,0,0,0,0,0,Varg,,Bete utan stängsel,Fältkontroll - LST,Bedömd som säker,2-2031,Ärteråsen,6790128,506722,6792400,1463500,RT90,Mindre bra,2004.10.08,Nej,,Ja,2017.12.14,,2-2031,Rättvik (S),2-20,Dalarnas län (S)
V484489,,2003.07.20,Ja,2003.08.01,,Får,,Annan,Korsning,2003.07.17,2003.07.18,Nej,0,0,0,0,1,0,0,0,0,0,0,0,0,0,0,0,0,Varg,,Bete innanför stängsel,Fältkontroll - LST,Bedömd som säker,2-1384,Kungsbacka,6363123,333471,6367300,1285000,RT90,Mindre bra,2003.08.01,Nej,,Ja,2017.12.14,,2-1384,Kungsbacka (S),2-13,Hallands län (S)
V484494,,2003.07.04,Ja,2003.07.06,,Nöt,,Annan,SRB,2003.07.03,2003.07.04,Nej,1,0,0,0,0,0,0,3,0,0,0,0,0,0,0,0,0,Varg,,Bete innanför stängsel,Fältkontroll - LST,Bedömd som säker,2-1382,Vessigebro,6320784,353561,6324700,1304600,RT90,Mindre bra,2003.07.06,Nej,,Ja,2017.12.14,,2-1382,Falkenberg (S),2-13,Hallands län (S)
V484496,,2002.08.09,Ja,2002.08.09,,Får,,,,2002.08.09,2002.08.09,Nej,21,0,0,0,0,0,0,0,0,0,0,0,0,0,0,0,0,Varg,,Bete innanför stängsel,Fältkontroll - LST,Bedömd som säker,2-0360,Valparbo Österlövsta,6695524,650746,6696000,1606400,RT90,Mindre bra,2002.08.09,Nej,,Ja,2017.12.14,,2-0360,Tierp (S),2-03,Uppsala län (S)
V484497,,2002.08.05,Ja,2002.08.05,,Får,,Annan,Lantras Finull,2002.08.05,2002.08.05,Nej,6,0,0,0,4,0,0,0,4,0,0,0,0,0,0,0,0,Varg,,Bete innanför stängsel,Fältkontroll - LST,Bedömd som säker,2-0360,Skämsta,6691494,640097,6692100,1595700,RT90,Mindre bra,2002.08.05,Nej,,Ja,2017.12.14,,2-0360,Tierp (S),2-03,Uppsala län (S)
V484498,,2002.09.29,Ja,2002.09.29,,Får,,Annan,Lantras Finull mm,2002.09.29,2002.09.29,Nej,3,0,0,0,1,0,0,0,3,0,0,0,0,0,0,0,0,Varg,,Bete innanför stängsel,Fältkontroll - LST,Bedömd som säker,2-0360,Skämsta,6690788,639546,6691400,1595140,RT90,Mindre bra,2002.09.29,Nej,,Ja,2017.12.14,,2-0360,Tierp (S),2-03,Uppsala län (S)
V484499,,2002.08.26,Ja,2002.08.27,,Får,,,,2002.08.23,2002.08.24,Nej,1,0,0,0,0,0,0,0,4,0,0,0,0,0,0,0,0,Varg,,Bete innanför stängsel,Fältkontroll - LST,Bedömd som säker,2-0382,Rosten Gräsö,6697674,695712,6697600,1651400,RT90,Mindre bra,2002.08.27,Nej,,Ja,2017.12.14,,2-0382,Östhammar (S),2-03,Uppsala län (S)
V484500,,2002.08.25,Ja,2002.08.25,,Får,,Annan,Roslagsfår,2002.08.22,2002.08.23,Nej,1,0,0,0,0,0,0,0,0,0,0,0,0,0,0,0,0,Varg,,Bete innanför stängsel,Fältkontroll - LST,Bedömd som säker,2-0382,Yttersby Börstil,6682771,695294,6682700,1650800,RT90,Mindre bra,2002.08.25,Nej,,Ja,2017.12.14,,2-0382,Östhammar (S),2-03,Uppsala län (S)
V484501,,2002.08.25,Ja,2002.08.25,,Får,,,,2002.08.24,2002.08.25,Nej,1,0,0,0,0,0,0,0,3,0,0,0,0,0,0,0,0,Varg,,Bete innanför stängsel,Fältkontroll - LST,Bedömd som säker,2-0382,Norrboda,6708759,686478,6708800,1642300,RT90,Mindre bra,2002.08.25,Nej,,Ja,2017.12.14,,2-0382,Östhammar (S),2-03,Uppsala län (S)
V484504,,2003.10.12,Ja,2003.10.12,,Får,,Annan,Shopshire,2003.10.11,2003.10.12,Nej,1,0,0,0,0,0,0,0,0,0,0,0,0,0,0,0,0,Varg,,Bete innanför stängsel,Fältkontroll - LST,Bedömd som säker,2-1981,Invid gården,6639087,581151,6640400,1536100,RT90,Mindre bra,2003.10.12,Nej,,Ja,2017.12.14,,2-1981,Sala (S),2-19,Västmanlands län (S)
V484511,,2004.05.17,Ja,2004.05.17,,Får,,Annan,Dala-Finull,2004.05.16,2004.05.17,Nej,1,0,0,1,0,0,0,0,1,0,0,0,0,0,0,0,0,Varg,,Bete innanför stängsel,Fältkontroll - LST,Bedömd som säker,2-1766,Elvnäs,6635716,384093,6639427,1338927,RT90,Mindre bra,2004.05.17,Nej,,Ja,2017.12.14,,2-1766,Sunne (S),2-17,Värmlands län (S)
V484518,,2003.05.08,Ja,2003.05.09,,Får,,,,2003.05.08,2003.05.08,Nej,3,0,0,0,0,0,0,0,0,0,0,0,0,0,0,0,0,Varg,,Bete innanför stängsel,Fältkontroll - LST,Bedömd som säker,2-1883,Rådehult 1:17,6583476,479959,6586000,1434200,RT90,Mindre bra,2003.05.09,Nej,,Ja,2017.12.14,,2-1883,Karlskoga (S),2-18,Örebro län (S)
V484519,,2003.05.20,Ja,2003.05.23,,Får,,,,2003.05.19,2003.05.20,Nej,0,0,0,1,1,0,1,1,0,0,0,1,0,0,0,0,0,Varg,,Bete innanför stängsel,Fältkontroll - LST,Bedömd som säker,2-1883,Nolby 1:2,6596247,469708,6598900,1424100,RT90,Mindre bra,2003.05.23,Nej,,Ja,2017.12.14,,2-1883,Karlskoga (S),2-18,Örebro län (S)
V484520,,2003.06.07,Ja,2003.06.07,,Får,,,,2003.06.07,2003.06.07,Nej,0,0,0,0,0,0,0,0,0,0,10,7,0,0,0,0,0,Varg,,Bete innanför stängsel,Fältkontroll - LST,Bedömd som säker,2-1883,"Mossberga 65934/14289, Hållsjötorp 65965/14275",6590808,474572,6593400,1428900,RT90,Mindre bra,2003.06.07,Nej,,Ja,2017.12.14,,2-1883,Karlskoga (S),2-18,Örebro län (S)
V484521,,2002.02.28,Ja,2002.02.28,,Häst,,Annan,svenskt halvblod,2002.02.28,2002.02.28,Nej,0,0,0,0,0,0,0,0,0,0,1,0,0,0,0,0,0,Varg,,Bete innanför stängsel,Fältkontroll - LST,Bedömd som säker,2-1880,"(obs - platsen ej lokaliserbar i kartan, koordinat sitter på sockenkyrkan",6588783,513682,6590900,1468000,RT90,Mindre bra,2002.02.28,Nej,,Ja,2017.12.14,,2-1880,Örebro (S),2-18,Örebro län (S)
V484526,,2002.10.08,Ja,2002.10.08,,Får,,Annan,Texel_ korsning,2002.10.08,2002.10.08,Nej,0,0,0,0,0,0,0,0,1,0,0,0,0,0,0,0,0,Varg,,Bete innanför stängsel,Fältkontroll - LST,Bedömd som säker,2-1465,Bäck,6358421,392096,6361900,1343600,RT90,Mindre bra,2002.10.08,Nej,,Ja,2017.12.14,,2-1465,Svenljunga (S),2-14,Västra Götalands län (S)
V484532,,2003.11.14,Ja,2003.11.16,,Får,,,,2003.11.14,2003.11.14,Nej,0,0,0,0,0,0,1,0,0,0,0,0,0,0,0,0,0,Varg,,Bete innanför stängsel,Fältkontroll - LST,Bedömd som säker,2-1737,Långsjöhöjden,6677793,366164,6681744,1321503,RT90,Mindre bra,2003.11.16,Nej,,Ja,2017.12.14,,2-1737,Torsby (S),2-17,Värmlands län (S)
V484535,,2002.09.15,Ja,2002.09.15,,Får,,Annan,Gotlandsfår,2002.09.15,2002.09.15,Nej,26,0,0,0,1,0,0,0,1,0,0,0,0,0,0,0,0,Varg,,Bete innanför stängsel,Fältkontroll - LST,Bedömd som säker,2-0382,Karö Fårhagen,6692002,673385,6692200,1629000,RT90,Mindre bra,2002.09.15,Nej,,Ja,2017.12.14,,2-0382,Östhammar (S),2-03,Uppsala län (S)
V484536,,2002.09.16,Ja,2002.09.17,,Får,,Annan,Finull,2002.09.16,2002.09.16,Nej,0,0,0,0,0,0,1,0,3,0,7,0,0,0,0,0,0,Varg,,Bete innanför stängsel,Fältkontroll - LST,Bedömd som säker,2-0382,Väsby,6666957,669392,6667200,1624700,RT90,Mindre bra,2002.09.17,Nej,,Ja,2017.12.14,,2-0382,Östhammar (S),2-03,Uppsala län (S)
V484542,,2003.11.14,Ja,2003.11.16,,Får,,,,2003.11.14,2003.11.14,Nej,0,0,0,0,0,0,0,0,2,0,0,0,0,0,0,0,0,Varg,,Bete utan stängsel,Fältkontroll - LST,Bedömd som säker,2-1737,Smedsrud 91,6674267,381840,6678024,1337143,RT90,Mindre bra,2003.11.16,Nej,,Ja,2017.12.14,,2-1737,Torsby (S),2-17,Värmlands län (S)
V484553,,2002.08.14,Ja,2002.08.20,,Får,,,,2002.08.14,2002.08.14,Nej,0,0,0,0,0,0,0,0,3,0,0,1,0,0,0,0,0,Varg,,Bete innanför stängsel,Fältkontroll - LST,Bedömd som säker,2-1760,Storfors,6593127,459750,6595900,1414100,RT90,Mindre bra,2002.08.20,Nej,,Ja,2017.12.14,,2-1760,Storfors (S),2-17,Värmlands län (S)
V484560,,2002.05.15,Ja,2002.05.16,,Får,,Annan,Blandras,2002.05.14,2002.05.15,Nej,4,0,0,0,0,0,0,0,2,0,0,0,0,0,0,0,0,Varg,,Bete innanför stängsel,Fältkontroll - LST,Bedömd som säker,2-0582,Bete på gårdsplan,6471604,595471,6472700,1548400,RT90,Mindre bra,2002.05.16,Nej,,Ja,2017.12.14,,2-0582,Söderköping (S),2-05,Östergötlands län (S)
V484567,,2003.06.05,Ja,2003.06.06,,Nöt,,Annan,Charole-SLB,2003.06.03,2003.06.05,Nej,1,0,0,0,0,0,0,0,0,0,0,0,0,0,0,0,0,Varg,,Bete innanför stängsel,Fältkontroll - LST,Bedömd som säker,2-2061,Beteshage Nyfors,6649598,516232,6651705,1471290,RT90,Mindre bra,2003.06.06,Nej,,Ja,2017.12.14,,2-2061,Smedjebacken (S),2-20,Dalarnas län (S)
V484571,,2003.07.25,Ja,2003.07.26,,Får,,Annan,gutefår,2003.07.25,2003.07.25,Nej,1,0,0,0,0,0,0,0,5,0,0,0,0,0,0,0,0,Varg,,Bete innanför stängsel,Fältkontroll - LST,Bedömd som säker,2-1884,"200 m NNO om Hammartorp, mellan Rastälven och vägen",6611625,493113,6614000,1447700,RT90,Mindre bra,2003.07.26,Nej,,Ja,2017.12.14,,2-1884,Nora (S),2-18,Örebro län (S)
V484572,,2003.08.01,Ja,2003.08.01,,Får,,Annan,Spelsau,2003.08.01,2003.08.01,Nej,5,0,0,0,0,0,0,0,7,0,0,0,0,0,0,0,0,Varg,,Bete innanför stängsel,Fältkontroll - LST,Bedömd som säker,2-1860,"Limmingsviken, Grythyttan",6505463,476402,6508000,1429700,RT90,Mindre bra,2003.08.01,Nej,,Ja,2017.12.14,,2-1860,Laxå (S),2-18,Örebro län (S)
V484573,,2003.08.10,Ja,2003.08.11,,Får,,,,2003.08.09,2003.08.10,Nej,3,0,0,4,0,0,0,0,6,0,0,0,0,0,0,0,0,Varg,,Bete utan stängsel,Fältkontroll - LST,Bedömd som säker,2-2421,"Vid Joranträsk, ca 10 km väst Grundfors",7206834,612360,7207900,1574400,RT90,Mindre bra,2003.08.11,Nej,,Ja,2017.12.14,,2-2421,Storuman (S),2-24,Västerbottens län (S)
V484576,,2003.06.27,Ja,2003.06.27,,Får,,,,2003.06.26,2003.06.27,Nej,9,0,1,0,0,0,0,0,5,0,0,1,0,0,0,0,0,Varg,,Bete innanför stängsel,Fältkontroll - LST,Bedömd som säker,2-1884,"Lindesby, Järnboås",6613907,491685,6616300,1446300,RT90,Mindre bra,2003.06.27,Nej,,Ja,2017.12.14,,2-1884,Nora (S),2-18,Örebro län (S)
V484577,,2003.10.10,Ja,2003.10.10,,Får,,,,2003.10.09,2003.10.10,Nej,0,0,0,0,0,0,0,0,1,0,0,0,0,0,0,0,0,Varg,,Bete innanför stängsel,Fältkontroll - LST,Bedömd som säker,2-1863,"Björnfallet, Hällefors",6629732,469601,6632400,1424400,RT90,Mindre bra,2003.10.10,Nej,,Ja,2017.12.14,,2-1863,Hällefors (S),2-18,Örebro län (S)
V484584,,2002.07.29,Ja,2002.08.03,,Får,,Annan,Korsning,2002.07.28,2002.07.29,Nej,0,0,0,0,0,0,0,0,2,0,2,0,0,0,0,0,0,Varg,,Bete innanför stängsel,Fältkontroll - LST,Bedömd som säker,2-0581,Mönnerums gård,6486795,603387,6487800,1556500,RT90,Mindre bra,2002.08.03,Nej,,Ja,2017.12.14,,2-0581,Norrköping (S),2-05,Östergötlands län (S)
V484585,,2003.03.20,Ja,2003.03.20,,Får,,,,2003.03.03,2003.03.03,Nej,0,0,0,0,0,0,0,0,1,0,0,0,0,0,0,0,0,Varg,,Bete innanför stängsel,Fältkontroll - LST,Bedömd som säker,2-1438,Nössemarks-Dalen,6565625,318152,6570100,1272100,RT90,Mindre bra,2003.03.20,Nej,,Ja,2017.12.14,,2-1438,Dals-Ed (S),2-14,Västra Götalands län (S)
V484586,,2003.05.09,Ja,2003.05.09,,Får,,,,2003.05.08,2003.05.09,Nej,0,0,0,0,0,0,0,0,0,0,9,1,0,0,0,0,0,Varg,,Bete innanför stängsel,Fältkontroll - LST,Bedömd som säker,2-1438,Uddalen,6525257,318939,6529700,1272400,RT90,Mindre bra,2003.05.09,Nej,,Ja,2017.12.14,,2-1438,Dals-Ed (S),2-14,Västra Götalands län (S)
V484587,,2003.05.12,Ja,2003.05.12,,Får,,,,2003.05.12,2003.05.12,Nej,0,0,0,0,0,0,0,0,2,0,1,0,0,0,0,0,0,Varg,,Bete innanför stängsel,Fältkontroll - LST,Bedömd som säker,2-1438,Brunnberg,6525174,320339,6529600,1273800,RT90,Mindre bra,2003.05.12,Nej,,Ja,2017.12.14,,2-1438,Dals-Ed (S),2-14,Västra Götalands län (S)
V484609,,1999.10.26,Ja,1999.10.26,,Får,,Annan,Gute korsning,1999.10.25,1999.10.26,Nej,4,0,0,0,0,0,0,0,0,0,0,0,0,0,0,0,0,Varg,,Bete innanför stängsel,Fältkontroll - LST,Bedömd som säker,2-0331,Sälja,6682413,608715,6683400,1564200,RT90,Mindre bra,1999.10.26,Nej,,Ja,2017.12.14,,2-0331,Heby (S),2-03,Uppsala län (S)
V484617,,2003.01.27,Ja,2003.01.27,,Får,,,,2003.01.26,2003.01.27,Nej,0,0,0,0,2,0,4,0,0,0,0,0,0,0,0,0,0,Varg,,Bete innanför stängsel,Fältkontroll - LST,Bedömd som säker,2-0382,Gräsbo,6689931,663511,6690250,1619099,RT90,Mindre bra,2003.01.27,Nej,,Ja,2017.12.14,,2-0382,Östhammar (S),2-03,Uppsala län (S)
V484641,,2017.12.14,Ja,2017.12.19,,Ren,,,,2017.12.01,2017.12.10,Ja,2,0,0,0,0,0,0,0,0,0,0,0,0,0,0,0,0,Varg,,,Fältkontroll - LST,Bedömd som säker,2-2505,"Hundträsk, Vaksemjaur",7294929,676343,7295194,1639524,SWEREF99 TM,Mycket bra,2017.12.19,Senare,2018.01.10,Nej,,2017.12.19,2-2505,Arvidsjaur (S),2-25,Norrbottens län (S)
V484642,,2017.12.05,Nej,,2017.12.14,Ren,,,,2017.12.01,2017.12.05,Ja,1,0,0,0,0,0,0,0,1,0,0,0,0,0,0,0,0,Varg,,,Inte kontrollerad,Osäker,2-2505,Njallejaur,7289562,679399,7289787,1642511,WGS84-UTM Zon 33,Mindre bra,2018.05.24,Ja,,Nej,,2018.05.24,2-2505,Arvidsjaur (S),2-25,Norrbottens län (S)
V484650,,2017.12.20,Ja,2017.12.20,,Jakthund,,Annan,Korsning mellan Smålandsstövare och Hamiltonstövar,2017.12.20,2017.12.20,Nej,0,0,0,0,0,0,0,0,1,0,0,0,0,0,0,0,0,Varg,,,Fältkontroll - LST,Dokumenterad,2-2021,Starklindan,6683544,473858,6686180,1429315,RT90,Mycket bra,2017.12.21,Nej,,Nej,,2022.04.04,2-2021,Vansbro (S),2-20,Dalarnas län (S)
V484654,,2017.12.24,Ja,2017.12.25,,Får,,,,2017.12.23,2017.12.24,Nej,0,0,0,0,0,0,0,0,1,0,0,0,0,0,0,0,0,Varg,,Bete utan stängsel,Fältkontroll - LST,Bedömd som säker,2-1983,Hemlinge,6613752,560181,6615313,1514816,RT90,Mycket bra,2017.12.27,Nej,,Nej,,2017.12.27,2-1983,Köping (S),2-19,Västmanlands län (S)
V485526,,2018.03.07,Ja,2018.03.07,,Jakthund,,,jämthund,2018.03.06,2018.03.07,Nej,0,0,0,0,0,0,0,0,1,0,0,0,0,0,0,0,0,Varg,,,Fältkontroll - LST,Dokumenterad,2-1784,Fångnäs Ängen,6617931,382507,6621653,1337124,WGS84-UTM Zon 33,Mycket bra,2018.03.07,Nej,,Nej,,2018.03.12,2-1784,Arvika (S),2-17,Värmlands län (S)
V486347,,2018.05.05,Ja,2018.05.05,,Får,,Texel,,2018.05.04,2018.05.05,Nej,0,0,0,0,18,0,22,0,0,0,0,0,0,0,0,0,0,Varg,,Bete med rovdjursavvisande stängsel,Fältkontroll - LST,Dokumenterad,2-0181,Molstaberg,6549700,636023,6550326,1589901,RT90,Exakt,2018.05.08,Nej,,Nej,,2018.05.11,2-0181,Södertälje (S),2-01,Stockholms län (S)
V486361,,2018.05.08,Ja,2018.05.08,,Får,,,,2018.05.07,2018.05.08,Nej,0,0,0,0,0,0,0,0,10,0,0,0,0,0,0,0,0,Varg,,Bete innanför stängsel,Fältkontroll - LST,Dokumenterad,2-2084,Knallasbenning,6671006,559737,6672589,1515070,RT90,Exakt,2018.05.08,Nej,,Nej,,2020.01.13,2-2084,Avesta (S),2-20,Dalarnas län (S)
V486374,,2018.05.02,Ja,2018.05.03,,Får,,Texel,,2018.05.01,2018.05.02,Nej,0,0,0,0,0,0,0,0,41,0,0,0,0,0,0,0,0,Varg,,Bete innanför stängsel,Fältkontroll - LST,Dokumenterad,2-0181,Molstaberg,6550305,636012,6550931,1589897,WGS84-UTM Zon 33,Mycket bra,2018.05.11,Nej,,Nej,,2018.05.11,2-0181,Södertälje (S),2-01,Stockholms län (S)
V486595,,2018.05.25,Ja,2018.05.25,,Får,,Finullsfår,,2018.05.24,2018.05.25,Nej,1,0,0,0,0,0,0,0,0,0,0,0,0,0,0,0,0,Varg,,Bete innanför stängsel,Fältkontroll - LST,Dokumenterad,2-0617,Göhestra torp,6362015,419505,6365171,1371065,RT90,Mycket bra,2018.05.27,Nej,,Nej,,2018.10.26,2-0617,Gnosjö (S),2-06,Jönköpings län (S)
V486960,,2018.05.31,Ja,2018.05.31,,Get,,,,2018.05.31,2018.05.31,Nej,0,0,0,0,0,0,0,0,1,1,0,0,0,0,0,0,0,Varg,,Bete innanför stängsel,Fältkontroll - LST,Dokumenterad,2-0140,Långängens gård,6564774,628562,6565493,1582621,RT90,Exakt,2018.06.12,Nej,,Nej,,2018.06.12,2-0140,Nykvarn (S),2-01,Stockholms län (S)
V486965,,2018.06.12,Ja,2018.06.12,,Annan hund,,Annan,Shihuahua,2018.06.12,2018.06.12,Nej,0,0,0,0,0,0,0,0,1,0,0,0,0,0,0,0,0,Varg,,,Fältkontroll - LST,Bedömd som säker,2-2083,Djörkhyttan 203,6679024,552312,6680700,1507740,SWEREF99 TM,Mycket bra,2018.06.12,Nej,,Nej,,2018.06.12,2-2083,Hedemora (S),2-20,Dalarnas län (S)
V487005,,2018.06.13,Ja,2018.06.13,,Får,,,,2018.06.13,2018.06.13,Nej,1,0,0,0,0,0,0,0,2,0,0,0,0,0,0,0,0,Varg,,Bete innanför stängsel,Fältkontroll - LST,Bedömd som säker,2-2083,Nås 196 Hedemora,6678798,554417,6680448,1509843,SWEREF99 TM,Mycket bra,2018.06.13,Nej,,Nej,,2018.06.13,2-2083,Hedemora (S),2-20,Dalarnas län (S)
V487412,,2018.06.21,Ja,2018.06.21,,Får,,,,2018.06.20,2018.06.21,Nej,7,2,0,1,0,0,0,0,1,0,0,0,0,0,0,0,0,Varg,,Bete innanför stängsel,Fältkontroll - LST,Dokumenterad,2-1764,Ståckåkers Gård,6583372,393110,6586948,1347312,SWEREF99 TM,Mindre bra,2018.06.21,Nej,,Nej,,2018.06.25,2-1764,Grums (S),2-17,Värmlands län (S)
V487940,,2018.07.06,Ja,2018.07.07,,Nöt,,,,2018.06.22,2018.06.25,Ja,0,1,0,0,0,0,0,0,0,0,0,0,0,0,0,0,0,Varg,,Bete innanför stängsel,Fältkontroll - LST,Bedömd som säker,2-1862,Billinge,6555017,462905,6557736,1416795,RT90,Mindre bra,2018.07.10,Nej,,Nej,,2018.07.10,2-1862,Degerfors (S),2-18,Örebro län (S)
V488188,,2018.07.22,Ja,2018.07.22,,Får,,,,2018.07.21,2018.07.22,Nej,0,0,0,0,0,0,0,0,2,0,3,1,0,0,0,0,0,Varg,,Bete innanför stängsel,Fältkontroll - LST,Dokumenterad,2-1461,Upperud,6521083,352445,6525120,1305874,RT90,Mindre bra,2018.07.23,Nej,,Nej,,2018.07.30,2-1461,Mellerud (S),2-14,Västra Götalands län (S)
V488632,,2018.08.08,Ja,2018.08.09,,Får,,Gotlandsfår,,2018.08.07,2018.08.08,Nej,2,0,0,0,0,0,0,0,0,0,0,0,0,0,0,0,0,Varg,,Bete innanför stängsel,Fältkontroll - LST,Dokumenterad,2-1491,Bokeberget,6403916,402936,6407289,1354986,RT90,Mindre bra,2018.08.10,Nej,,Nej,,2018.08.22,2-1491,Ulricehamn (S),2-14,Västra Götalands län (S)
V488702,,2018.08.10,Ja,2018.08.13,,Nöt,,,,2018.08.09,2018.08.10,Nej,0,0,0,0,0,0,0,0,0,1,0,0,0,0,0,0,0,Varg,,Bete utan stängsel,Fältkontroll - LST,Dokumenterad,2-1783,N. Loffstrandssätern,6677929,401265,6681451,1356622,RT90,Mindre bra,2018.08.13,Nej,,Nej,,2018.08.13,2-1783,Hagfors (S),2-17,Värmlands län (S)
V488971,,2018.08.21,Ja,2018.08.22,,Jakthund,,Annan,Jämthund,2018.08.21,2018.08.21,Nej,0,0,0,0,0,0,0,0,0,0,1,0,0,0,0,0,0,Varg,,,Fältkontroll - LST,Bedömd som säker,2-2026,Bastberget,6693653,496155,6696020,1451744,RT90,Exakt,2018.08.22,Nej,,Nej,,2018.08.23,2-2026,Gagnef (S),2-20,Dalarnas län (S)
V489171,,2018.08.27,Ja,2018.08.27,,Får,,Köttraskorsningar,,2018.08.26,2018.08.27,Nej,0,0,0,0,0,0,0,0,22,6,0,0,0,0,0,0,0,Varg,,Bete med rovdjursavvisande stängsel,Fältkontroll - LST,Dokumenterad,2-1882,,6526895,489009,6529288,1442570,WGS84-UTM Zon 33,Mindre bra,2018.08.29,Nej,,Nej,,2018.08.29,2-1882,Askersund (S),2-18,Örebro län (S)
V489231,,2018.08.31,Ja,2018.08.31,,Får,,Finullsfår,,2018.08.31,2018.08.31,Nej,0,0,0,0,0,0,0,0,1,0,0,0,0,0,0,0,0,Varg,,Bete innanför stängsel,Fältkontroll - LST,Dokumenterad,2-2181,Kungsberget,6737238,580345,6738587,1536495,RT90,Exakt,2018.08.31,Nej,,Nej,,2018.11.15,2-2181,Sandviken (S),2-21,Gävleborgs län (S)
V489659,,2018.09.15,Ja,2018.09.15,,Jakthund,,Annan,Hamiltonstövare,2018.09.15,2018.09.15,Nej,0,0,0,0,0,0,0,0,0,0,1,0,0,0,0,0,0,Varg,,,Fältkontroll - LST,Bedömd som säker,2-2085,SO Håvberget,6680626,480491,6683180,1435915,RT90,Mycket bra,2018.09.17,Nej,,Nej,,2018.09.17,2-2085,Ludvika (S),2-20,Dalarnas län (S)
V489834,,2018.09.16,Ja,2018.09.16,,Får,,Finullsfår,,2018.09.15,2018.09.16,Nej,0,0,0,0,3,0,0,0,0,0,0,0,0,0,0,0,0,Varg,,Bete innanför stängsel,Fältkontroll - LST,Dokumenterad,2-2181,Bro,6719685,582264,6721006,1538199,RT90,Mindre bra,2018.09.24,Nej,,Nej,,2018.11.15,2-2181,Sandviken (S),2-21,Gävleborgs län (S)
V490065,,2018.10.02,Ja,2018.10.05,,Jakthund,,Annan,Jämthund,2018.10.02,2018.10.02,Nej,0,0,0,0,0,0,0,0,0,0,1,0,0,0,0,0,0,Varg,,,Fältkontroll - LST,Bedömd som säker,2-1737,Örån,6746061,373106,6749961,1329285,RT90,Mindre bra,2018.10.05,Nej,,Nej,,2018.10.05,2-1737,Torsby (S),2-17,Värmlands län (S)
V490132,,2018.10.05,Ja,2018.10.05,,Får,,,,2018.10.05,2018.10.05,Nej,0,0,0,0,0,0,0,0,1,0,0,0,0,0,0,0,0,Varg,,Bete innanför stängsel,Fältkontroll - LST,Dokumenterad,2-1981,"Bår 100, Möklinta",6663109,579837,6664444,1535079,SWEREF99 TM,Mycket bra,2018.10.05,Nej,,Nej,,2018.10.11,2-1981,Sala (S),2-19,Västmanlands län (S)
V490199,,2018.10.14,Ja,2018.10.14,,Får,,Annan,Gutefår,2018.10.11,2018.10.11,Nej,3,0,0,0,1,0,0,0,1,0,0,0,0,0,0,0,0,Varg,,Bete med rovdjursavvisande stängsel,Fältkontroll - LST,Dokumenterad,2-1760,Kväggen Väsby 1:8,6585113,458665,6587896,1412917,WGS84-UTM Zon 33,Mycket bra,2018.10.14,Nej,,Nej,,2018.10.22,2-1760,Storfors (S),2-17,Värmlands län (S)
V490331,,2018.10.18,Ja,2018.10.19,,Ren,,,,2018.10.17,2018.10.18,Nej,1,0,0,0,0,0,0,0,0,0,0,0,0,0,0,0,0,Varg,,,Fältkontroll - LST,Dokumenterad,2-2422,Stor Åine,7317385,585437,7318823,1548886,SWEREF99 TM,Mycket bra,2018.10.19,Ja,,Nej,,2018.10.25,2-2422,Sorsele (S),2-24,Västerbottens län (S)
V490416,,2018.10.24,Ja,2018.10.25,,Får,,,,2018.10.23,2018.10.24,Nej,1,0,0,0,0,0,0,0,0,0,0,0,0,0,0,0,0,Varg,,Bete innanför stängsel,Fältkontroll - LST,Dokumenterad,2-1860,Skarbyholm 6,6539676,482006,6542159,1435718,RT90,Mindre bra,2018.10.26,Nej,,Nej,,2019.02.15,2-1860,Laxå (S),2-18,Örebro län (S)
V490418,,2018.10.23,Ja,2018.10.25,,Ren,,,,2018.10.20,2018.10.22,Ja,1,0,0,0,0,0,0,0,0,0,0,0,0,0,0,0,0,Varg,,,Fältkontroll - LST,Bedömd som säker,2-2506,Svarran,7326154,574969,7327729,1538528,SWEREF99 TM,Mycket bra,2018.10.26,Nej,,Nej,,2019.05.21,2-2506,Arjeplog (S),2-25,Norrbottens län (S)
V490464,,2018.10.27,Ja,2018.10.28,,Ren,,,,2018.10.25,2018.10.26,Nej,0,0,0,0,0,0,0,0,2,0,0,0,0,0,0,0,0,Varg,,,Fältkontroll - LST,Bedömd som säker,2-2506,,7320439,604663,7321631,1568156,SWEREF99 TM,Mindre bra,2018.10.29,Nej,,Nej,,2018.10.29,2-2506,Arjeplog (S),2-25,Norrbottens län (S)
V490563,,2018.11.03,Ja,2018.11.03,,Får,,,,2018.11.02,2018.11.03,Nej,3,0,0,1,0,0,0,0,0,0,0,0,0,0,0,0,0,Varg,,Bete innanför stängsel,Fältkontroll - LST,Dokumenterad,2-0761,Ryd- Kosta,6298290,520813,6300223,1471660,RT90,Mindre bra,2018.11.05,Nej,,Nej,,2019.05.10,2-0761,Lessebo (S),2-07,Kronobergs län (S)
V490657,,2018.11.02,Nej,,2018.11.02,Ren,,,,2018.10.30,2018.11.01,Nej,1,0,0,0,0,0,0,0,0,0,0,0,0,0,0,0,0,Varg,,,Fältkontroll - LST,Osäker,2-2422,Varåive,7303090,591191,7304451,1554458,SWEREF99 TM,Mindre bra,2018.11.18,Nej,,Nej,,2022.04.04,2-2422,Sorsele (S),2-24,Västerbottens län (S)
V490658,,2018.11.02,Nej,,2018.11.02,Ren,,,,2018.10.31,2018.11.01,Nej,1,0,0,0,0,0,0,0,0,0,0,0,0,0,0,0,0,Varg,,,Fältkontroll - Sameby,Osäker,2-2422,Varåive,7303087,590470,7304457,1553737,SWEREF99 TM,Mindre bra,2018.11.18,Nej,,Nej,,2018.12.20,2-2422,Sorsele (S),2-24,Västerbottens län (S)
V490660,,2018.11.17,Ja,2018.11.17,,Jakthund,,Annan,Gråhund,2018.11.17,2018.11.17,Nej,0,0,0,0,1,0,0,0,0,0,0,0,0,0,0,0,0,Varg,,,Fältkontroll - LST,Bedömd som säker,2-2029,Koltjärn / Andersbo,6740586,523861,6742630,1480035,RT90,Mycket bra,2018.11.19,Nej,,Nej,,2018.11.19,2-2029,Leksand (S),2-20,Dalarnas län (S)
V490690,,2018.11.20,Ja,2018.11.21,,Ren,,,,2018.11.19,2018.11.20,Nej,1,0,0,0,0,0,0,0,0,0,0,0,0,0,0,0,0,Varg,,,Fältkontroll - LST,Dokumenterad,2-2422,Akersträskberget,7280411,608757,7281541,1571737,SWEREF99 TM,Exakt,2018.11.22,Nej,,Nej,,2018.11.23,2-2422,Sorsele (S),2-24,Västerbottens län (S)
V490702,,2018.11.24,Ja,2018.11.24,,Jakthund,,Annan,Gråhund,2018.11.24,2018.11.24,Nej,0,0,0,0,0,0,0,0,1,0,0,0,0,0,0,0,0,Varg,,,Fältkontroll - LST,Dokumenterad,2-1737,Stöllsäterberget,6703813,415227,6707176,1370908,RT90,Mindre bra,2018.11.24,Nej,,Nej,,2018.11.25,2-1737,Torsby (S),2-17,Värmlands län (S)
V490816,,2018.12.17,Ja,2018.12.17,,Ren,,,,2018.12.16,2018.12.17,Nej,0,0,0,0,0,0,0,0,1,0,0,0,0,0,0,0,0,Varg,,,Fältkontroll - LST,Dokumenterad,2-2422,Laisheden beteshage,7280072,620801,7281047,1583780,WGS84-UTM Zon 33,Mycket bra,,Nej,,Nej,,2018.12.19,2-2422,Sorsele (S),2-24,Västerbottens län (S)
V490851,,2019.01.03,Ja,2019.01.03,,Ren,,,,2019.01.03,2019.01.03,Nej,0,0,0,0,0,0,0,0,1,0,0,0,0,0,0,0,0,Varg,,,Fältkontroll - LST,Dokumenterad,2-2422,Sjöbonäs,7282478,609908,7283593,1572915,SWEREF99 TM,Exakt,2019.01.03,Nej,,Nej,,2019.01.03,2-2422,Sorsele (S),2-24,Västerbottens län (S)
V490856,,2019.01.05,Ja,2019.01.05,,Ren,,,,2019.01.05,2019.01.05,Nej,1,0,0,0,0,0,0,0,0,0,0,0,0,0,0,0,0,Varg,,,Fältkontroll - LST,Dokumenterad,2-2422,Guorbenåive,7276065,608255,7277200,1571179,SWEREF99 TM,Exakt,2019.01.05,Nej,,Nej,,2019.01.05,2-2422,Sorsele (S),2-24,Västerbottens län (S)
V490872,,2019.01.07,Ja,2019.01.08,,Ren,,,,2019.01.06,2019.01.07,Nej,0,0,0,0,1,0,0,0,0,0,0,0,0,0,0,0,0,Varg,,,Fältkontroll - LST,Dokumenterad,2-2422,Sergeberget,7271564,608032,7272701,1570899,RT90,Exakt,2019.01.08,Nej,,Nej,,2019.01.08,2-2422,Sorsele (S),2-24,Västerbottens län (S)
V490875,,2018.12.09,Ja,2018.12.11,,Jakthund,,Annan,75 % Karelsk Björnhund och 25 % plott,2018.12.09,2018.12.09,Nej,0,0,0,0,0,0,0,0,0,0,1,0,0,0,0,0,0,Varg,,,Fältkontroll - LST,Dokumenterad,2-1430,Brattöns vindkraftpark,6501803,315210,6506277,1268386,WGS84-UTM Zon 33,Mindre bra,2019.01.09,Nej,,Nej,,2019.01.09,2-1430,Munkedal (S),2-14,Västra Götalands län (S)
V490897,,2019.01.13,Ja,2019.01.13,,Ren,,,,2019.01.13,2019.01.13,Nej,0,0,0,0,0,0,0,0,1,0,0,0,0,0,0,0,0,Varg,,,Fältkontroll - LST,Dokumenterad,2-2326,Tjänneråsen,6911973,478061,6914644,1436341,RT90,Mycket bra,2019.01.13,Ja,,Nej,,2019.01.13,2-2326,Berg (S),2-23,Jämtlands län (S)
V490901,,2019.01.12,Ja,2019.01.12,,Ren,,,,2019.01.07,2019.01.12,Nej,0,0,0,0,0,0,0,0,1,0,0,0,0,0,0,0,0,Varg,,,Fältkontroll - LST,Bedömd som säker,2-2422,S Gelisen,7253645,611994,7254727,1574632,WGS84-UTM Zon 33,Mycket bra,2019.01.12,Nej,,Nej,,2019.01.14,2-2422,Sorsele (S),2-24,Västerbottens län (S)
V490902,,2019.01.12,Ja,2019.01.12,,Ren,,,,2019.01.10,2019.01.12,Nej,0,0,0,0,0,0,0,0,1,0,0,0,0,0,0,0,0,Varg,,,Fältkontroll - LST,Bedömd som säker,2-2422,S Blattnicksele,7247602,618309,7248601,1580871,WGS84-UTM Zon 33,Mycket bra,2019.01.12,Nej,,Nej,,2019.01.14,2-2422,Sorsele (S),2-24,Västerbottens län (S)
V490903,,2019.01.12,Ja,2019.01.12,,Ren,,,,2019.01.11,2019.01.12,Nej,0,0,0,0,1,0,0,0,0,0,0,0,0,0,0,0,0,Varg,,,Fältkontroll - LST,Bedömd som säker,2-2422,Skravelliden,7242713,616099,7243740,1578598,WGS84-UTM Zon 33,Mycket bra,2019.01.12,Nej,,Nej,,2019.01.14,2-2422,Sorsele (S),2-24,Västerbottens län (S)
V490954,,2019.01.15,Ja,2019.01.15,,Ren,,,,2019.01.14,2019.01.15,Nej,1,0,0,0,0,0,0,0,0,0,0,0,0,0,0,0,0,Varg,,,Fältkontroll - LST,Bedömd som säker,2-2326,Sörtjärn,6912993,479656,6915644,1437949,WGS84-UTM Zon 33,Mindre bra,2019.01.19,Nej,,Nej,,2019.01.19,2-2326,Berg (S),2-23,Jämtlands län (S)
V491020,,2019.01.29,Ja,2019.01.29,,Jakthund,,Annan,Drever,2019.01.29,2019.01.29,Nej,0,0,0,0,1,0,0,0,0,0,0,0,0,0,0,0,0,Varg,,,Fältkontroll - LST,Dokumenterad,2-1780,Gillermyren Mellby,6599975,437198,6603024,1391622,RT90,Exakt,2019.01.29,Nej,,Nej,,2019.01.29,2-1780,Karlstad (S),2-17,Värmlands län (S)
V491040,,2019.01.31,Ja,2019.01.31,,Jakthund,,,bigel,2019.01.31,2019.01.31,Nej,0,0,0,0,0,0,0,0,1,0,0,0,0,0,0,0,0,Varg,,Bete utan stängsel,Fältkontroll - LST,Dokumenterad,2-0821,Hornsö,6318940,568087,6320321,1519192,WGS84-UTM Zon 33,Exakt,2019.01.31,Nej,,Nej,,2019.02.04,2-0821,Högsby (S),2-08,Kalmar län (S)
V491445,,2019.03.15,Ja,2019.03.16,,Jakthund,,Annan,Schillerstövare,2019.03.15,2019.03.15,Nej,0,0,0,0,0,0,0,0,0,0,1,0,0,0,0,0,0,Varg,,,Fältkontroll - LST,Dokumenterad,2-1438,Klevmarken,6538936,319690,6543378,1273317,WGS84-UTM Zon 33,Mycket bra,2019.03.18,Nej,,Nej,,2019.03.18,2-1438,Dals-Ed (S),2-14,Västra Götalands län (S)
V491687,,2019.04.12,Ja,2019.04.12,,Ren,,,,2019.04.12,2019.04.12,Nej,0,0,0,0,0,0,0,0,1,0,0,0,0,0,0,0,0,Varg,,,Fältkontroll - LST,Bedömd som säker,2-2523,Raurakamyran,7394230,811021,7392772,1775498,SWEREF99 TM,Exakt,2019.04.12,Nej,,Nej,,2019.04.12,2-2523,Gällivare (S),2-25,Norrbottens län (S)
V491772,,2019.04.16,Ja,2019.04.16,,Ren,,,,2019.04.10,2019.04.13,Ja,0,0,0,0,0,0,0,0,1,0,0,0,0,0,0,0,0,Varg,,,Fältkontroll - LST,Bedömd som säker,2-2582,Råntju,7379844,810302,7378394,1774593,WGS84-UTM Zon 33,Mindre bra,,Ja,,Nej,,2019.04.24,2-2582,Boden (S),2-25,Norrbottens län (S)
V491773,,2019.04.17,Nej,,,Ren,,,,2019.04.04,2019.04.10,Ja,0,0,0,0,0,0,0,0,1,0,0,0,0,0,0,0,0,Varg,,,Fältkontroll - LST,Bedömd som säker,2-2513,Stormyran riktidockas,7382189,813138,7380703,1777459,WGS84-UTM Zon 33,Mindre bra,2019.04.17,Nej,,Nej,,2019.04.24,2-2513,Överkalix (S),2-25,Norrbottens län (S)
V491818,,2019.04.27,Ja,2019.04.27,,Får,,,,2019.04.26,2019.04.27,Nej,0,0,0,1,0,0,0,0,2,0,0,0,0,0,0,0,0,Varg,,Bete innanför stängsel,Fältkontroll - LST,Dokumenterad,2-1882,Lilla Bergshult 466,6525948,481375,6528433,1434921,SWEREF99 TM,Exakt,2019.04.27,Nej,,Nej,,2019.04.30,2-1882,Askersund (S),2-18,Örebro län (S)
V491863,,2019.05.02,Ja,2019.05.02,,Annan hund,,,Curly coated retriver,2019.04.30,2019.05.01,Nej,0,0,0,0,1,0,0,0,1,0,0,0,0,0,0,0,0,Varg,,,Fältkontroll - LST,Bedömd som säker,2-1763,Sydöst Ulvstorp,6609889,419139,6613162,1373675,RT90,Mindre bra,,Nej,,Nej,,2019.05.03,2-1763,Forshaga (S),2-17,Värmlands län (S)
V491904,,2019.05.06,Ja,2019.05.06,,Får,,,,2019.05.05,2019.05.06,Nej,1,5,0,0,1,0,0,0,1,0,0,0,0,0,0,0,0,Varg,,Bete innanför stängsel,Fältkontroll - LST,Dokumenterad,2-0580,Högsäter,6490773,530170,6492658,1483310,RT90,Exakt,2019.05.06,Nej,,Nej,,2019.09.16,2-0580,Linköping (S),2-05,Östergötlands län (S)
V491906,,2019.05.06,Ja,2019.05.06,,Får,,,,2019.05.05,2019.05.06,Nej,2,1,0,0,0,0,0,0,1,0,0,0,0,0,0,0,0,Varg,,Bete innanför stängsel,Fältkontroll - LST,Dokumenterad,2-1904,Kalvänge,6639031,541211,6640830,1496148,WGS84-UTM Zon 33,Mindre bra,2019.05.07,Nej,,Nej,,2019.05.07,2-1904,Skinnskatteberg (S),2-19,Västmanlands län (S)
V491991,UI405149 G100-15 V591,2019.05.12,Ja,2019.05.13,,Får,,Köttraskorsningar,,2019.05.11,2019.05.12,Nej,0,0,0,0,0,0,0,0,6,2,1,2,0,0,0,0,0,Varg,,Bete innanför stängsel,Fältkontroll - LST,Dokumenterad,2-0780,"Växjö, Almshult",6309525,500245,6311704,1451217,SWEREF99 TM,Mycket bra,2019.05.13,Nej,,Nej,,2022.12.05,2-0780,Växjö (S),2-07,Kronobergs län (S)
V492005,,2019.05.14,Ja,2019.05.14,,Får,,Annan,Blandras,2019.05.14,2019.05.14,Nej,0,0,0,0,0,0,0,0,4,0,0,5,0,0,0,0,0,Varg,,Bete innanför stängsel,Fältkontroll - LST,Dokumenterad,2-1764,Vålåsen,6598689,387844,6602337,1342230,WGS84-UTM Zon 33,Mycket bra,2019.05.14,Nej,,Nej,,2019.05.15,2-1764,Grums (S),2-17,Värmlands län (S)
V492248,,2019.05.27,Ja,2019.05.27,,Får,,Köttraskorsningar,,2019.05.26,2019.05.27,Nej,1,0,0,2,0,0,1,0,1,0,1,0,0,0,0,0,0,Varg,,Bete innanför stängsel,Fältkontroll - LST,Dokumenterad,2-1491,Lönnarp,6418427,415362,6421658,1367591,RT90,Mindre bra,2019.05.28,Nej,,Nej,,2019.06.04,2-1491,Ulricehamn (S),2-14,Västra Götalands län (S)
V492343,,2019.05.30,Ja,2019.06.01,,Får,,Gotlandsfår,,2019.05.29,2019.05.30,Nej,2,1,1,2,0,0,0,0,0,0,0,0,0,0,0,0,0,Varg,,Bete innanför stängsel,Fältkontroll - LST,Dokumenterad,2-1491,Botorp,6420050,423548,6423184,1375800,RT90,Mindre bra,2019.06.02,Nej,,Nej,,2019.06.24,2-1491,Ulricehamn (S),2-14,Västra Götalands län (S)
V492497,,2019.06.05,Ja,2019.06.05,,Nöt,,,,2019.06.01,2019.06.03,Ja,0,0,0,0,1,0,0,0,0,0,0,0,0,0,0,0,0,Varg,,Bete innanför stängsel,Fältkontroll - LST,Dokumenterad,2-1862,Sinnerud,6544778,462964,6547492,1416730,RT90,Mycket bra,2019.06.10,Nej,,Nej,,2020.01.29,2-1862,Degerfors (S),2-18,Örebro län (S)
V492816,,2019.06.22,Ja,2019.06.22,,Får,,,,2019.06.20,2019.06.22,Nej,3,1,0,2,0,0,0,0,3,0,0,1,0,0,0,0,0,Varg,,Bete innanför stängsel,Fältkontroll - LST,Dokumenterad,2-0188,Ängsgården,6656299,712289,6656017,1667474,WGS84-UTM Zon 33,Mindre bra,2019.08.05,Nej,,Nej,,2019.08.05,2-0188,Norrtälje (S),2-01,Stockholms län (S)
V492839,,2019.06.23,Ja,2019.06.23,,Får,,Gotlandsfår,,2019.05.29,2019.06.23,Nej,0,1,0,0,0,0,0,0,0,0,0,0,0,0,0,0,0,Varg,,Bete innanför stängsel,Fältkontroll - LST,Dokumenterad,2-1491,Tidan,6419849,423494,6422984,1375744,WGS84-UTM Zon 33,Mindre bra,2019.08.20,Nej,,Nej,,2019.08.20,2-1491,Ulricehamn (S),2-14,Västra Götalands län (S)
V493059,,2019.07.02,Ja,2019.07.02,,Får,,Annan,Blandras,2019.06.30,2019.07.02,Nej,0,0,0,0,1,0,0,2,0,0,0,0,0,0,0,0,0,Varg,,Bete innanför stängsel,Fältkontroll - LST,Bedömd som säker,2-0662,Långevik,6369013,422680,6372134,1374324,RT90,Exakt,2019.07.02,Nej,,Nej,,2022.05.19,2-0662,Gislaved (S),2-06,Jönköpings län (S)
V493079,,2019.07.03,Ja,2019.07.03,,Får,,Annan,Köttraskorsning,2019.07.02,2019.07.03,Nej,0,0,0,0,0,0,0,0,2,0,0,0,0,0,0,0,0,Varg,,Bete utan stängsel,Fältkontroll - LST,Dokumenterad,2-0764,Linnerdyd Hjorgtsberga,6311409,468610,6313962,1419592,RT90,Exakt,2019.07.03,Nej,,Nej,,2019.07.04,2-0764,Alvesta (S),2-07,Kronobergs län (S)
V493902,,2019.08.03,Ja,2019.08.03,,Får,,,,2019.07.31,2019.08.03,Nej,7,3,0,0,0,0,0,0,4,0,0,0,0,0,0,0,0,Varg,,Bete innanför stängsel,Fältkontroll - LST,Dokumenterad,2-0562,Kroken,6506279,534017,6508123,1487345,RT90,Mindre bra,2019.08.03,Nej,,Nej,,2019.09.16,2-0562,Finspång (S),2-05,Östergötlands län (S)
V493987,,2019.08.06,Ja,2019.08.06,,Får,,Finullsfår,,2019.08.05,2019.08.06,Nej,1,0,0,0,0,0,0,0,0,0,0,0,0,0,0,0,0,Varg,,Bete innanför stängsel,Fältkontroll - LST,Dokumenterad,2-0461,Årbytorp,6557370,612693,6558280,1566659,WGS84-UTM Zon 33,Mindre bra,2019.08.10,Nej,,Nej,,2019.08.13,2-0461,Gnesta (S),2-04,Södermanlands län (S)
V494031,,2019.08.06,Ja,2019.08.07,,Får,,Annan,Gestrikefår,2019.08.06,2019.08.06,Nej,2,0,0,0,0,0,0,0,0,0,0,0,0,0,0,0,0,Varg,,Bete innanför stängsel,Fältkontroll - LST,Bedömd som säker,2-2101,"Norrgården, Lingbo",6769068,592398,6770277,1548942,SWEREF99 TM,Mycket bra,2019.08.08,Nej,,Nej,,2019.08.08,2-2101,Ockelbo (S),2-21,Gävleborgs län (S)
V494071,,2019.08.08,Ja,2019.08.08,,Får,,Finullsfår,,2019.08.07,2019.08.08,Nej,0,0,0,0,0,0,0,0,2,0,0,0,0,0,0,0,0,Varg,,Bete innanför stängsel,Fältkontroll - LST,Dokumenterad,2-0461,Åstugan,6559045,612673,6559955,1566659,WGS84-UTM Zon 33,Mindre bra,2019.08.10,Nej,,Nej,,2019.08.13,2-0461,Gnesta (S),2-04,Södermanlands län (S)
V494081,,2019.08.08,Ja,2019.08.08,,Ren,,,,2019.08.07,2019.08.08,Nej,0,0,0,0,0,0,0,0,1,0,0,0,0,0,0,0,0,Varg,,,Fältkontroll - LST,Dokumenterad,2-2505,Continentals testbana ,7282820,694402,7282852,1657430,WGS84-UTM Zon 33,Mindre bra,2019.08.09,Nej,,Nej,,2019.08.09,2-2505,Arvidsjaur (S),2-25,Norrbottens län (S)
V494295,,2019.08.14,Ja,2019.08.14,,Får,,Allmogefår,,2019.08.14,2019.08.14,Nej,0,0,0,0,0,0,0,0,1,0,0,0,0,0,0,0,0,Varg,,Bete innanför stängsel,Fältkontroll - LST,Dokumenterad,2-2161,,6862893,541690,6864755,1499380,WGS84-UTM Zon 33,Mindre bra,2019.08.16,Nej,,Nej,,2022.04.04,2-2161,Ljusdal (S),2-21,Gävleborgs län (S)
V494847,,2019.09.08,Ja,2019.09.08,,Jakthund,,Annan,Finnstövare,2019.09.08,2019.09.08,Nej,0,0,0,0,0,0,0,0,0,0,1,0,0,0,0,0,0,Varg,,,Fältkontroll - LST,Dokumenterad,2-2031,S .Ockran,6765741,514370,6767910,1470850,RT90,Mindre bra,2019.09.09,Nej,,Nej,,2022.04.04,2-2031,Rättvik (S),2-20,Dalarnas län (S)
V494944,,2019.09.11,Ja,2019.09.12,,Får,,Annan,Annan,2019.09.11,2019.09.11,Nej,0,0,0,0,2,0,0,0,0,0,0,0,0,0,0,0,0,Varg,,Bete innanför stängsel,Fältkontroll - LST,Dokumenterad,2-2121,Gäddvik122,6804813,561940,6806407,1518917,RT90,Mindre bra,2019.09.12,Nej,,Nej,,2019.09.12,2-2121,Ovanåker (S),2-21,Gävleborgs län (S)
V495041,,2019.09.12,Ja,2019.09.13,,Får,,Gotlandsfår,,2019.09.11,2019.09.12,Nej,4,0,0,0,0,0,0,0,4,0,0,0,0,0,0,0,0,Varg,,Bete innanför stängsel,Fältkontroll - LST,Dokumenterad,2-2183,Västansjö ,6786649,580222,6788013,1536980,RT90,Mindre bra,2019.09.16,Nej,,Nej,,2019.09.16,2-2183,Bollnäs (S),2-21,Gävleborgs län (S)
V495115,,2019.09.18,Ja,2019.09.18,,Nöt,,,,2019.09.17,2019.09.18,Nej,1,0,0,0,0,0,0,0,0,0,0,0,0,0,0,0,0,Varg,,Bete innanför stängsel,Fältkontroll - LST,Bedömd som säker,2-0580,Säldekärr,6491806,533051,6493657,1486205,RT90,Mindre bra,2019.09.18,Nej,,Nej,,2019.09.26,2-0580,Linköping (S),2-05,Östergötlands län (S)
V495133,,2019.08.28,Ja,2019.09.19,,Vallhund,,Annan,Australisk Terrier,2019.08.27,2019.08.27,Nej,0,0,0,0,0,0,0,0,0,0,1,0,0,0,0,0,0,Varg,,,Fältkontroll - LST,Dokumenterad,2-2121,Lillbo/Edsbyn,6804009,543033,6805837,1499994,RT90,Mindre bra,2019.09.19,Nej,,Nej,,2019.09.19,2-2121,Ovanåker (S),2-21,Gävleborgs län (S)
V495135,,2019.09.18,Ja,2019.09.18,,Får,,Annan,Blandning,2019.09.18,2019.09.18,Nej,1,0,0,0,0,0,0,0,0,0,0,0,0,0,0,0,0,Varg,,Bete innanför stängsel,Fältkontroll - LST,Dokumenterad,2-1492,Låbyn,6557860,365670,6561756,1319550,RT90,Mindre bra,2019.09.19,Nej,,Nej,,2019.09.19,2-1492,Åmål (S),2-14,Västra Götalands län (S)
V495173,,2019.09.20,Ja,2019.09.20,,Får,,Gotlandsfår,,2019.09.19,2019.09.20,Nej,1,2,0,0,0,0,0,0,0,0,1,0,0,0,0,0,0,Varg,,Bete innanför stängsel,Fältkontroll - LST,Dokumenterad,2-1885,Sjölunda,6604515,529386,6606447,1483900,WGS84-UTM Zon 33,Mindre bra,2019.09.20,Nej,,Nej,,2019.09.20,2-1885,Lindesberg (S),2-18,Örebro län (S)
V495213,,2019.09.22,Ja,2019.09.22,,Får,,Texel,,2019.09.21,2019.09.21,Nej,0,0,0,0,0,0,0,0,2,1,0,0,0,0,0,0,0,Varg,,Bete innanför stängsel,Fältkontroll - LST,Dokumenterad,2-2183,Röste,6808430,574559,6809869,1531584,WGS84-UTM Zon 33,Mindre bra,2019.09.22,Nej,,Nej,,2019.10.27,2-2183,Bollnäs (S),2-21,Gävleborgs län (S)
V495279,,2019.09.22,Ja,2019.09.24,,Får,,Allmogefår,,2019.09.20,2019.09.21,Nej,0,0,0,0,0,0,0,0,2,0,0,2,0,0,0,0,0,Varg,,Bete utan stängsel,Fältkontroll - LST,Osäker,2-2326,Östra Galåbodarna,6959836,446554,6962919,1405419,SWEREF99 TM,Mindre bra,2019.09.24,Nej,,Nej,,2019.10.05,2-2326,Berg (S),2-23,Jämtlands län (S)
V495310,,2019.09.21,Ja,2019.09.21,,Får,,Annan,Blandras,2019.09.20,2019.09.21,Nej,0,0,0,0,4,0,0,0,4,2,0,0,0,0,0,0,0,Varg,,Bete innanför stängsel,Fältkontroll - LST,Dokumenterad,2-1962,Bråtfors,6656059,540771,6657869,1495915,SWEREF99 TM,Mindre bra,2019.09.25,Nej,,Nej,,2019.09.25,2-1962,Norberg (S),2-19,Västmanlands län (S)
V495312,,2019.09.23,Ja,2019.09.24,,Får,,Annan,Värmlandsfår,2019.09.22,2019.09.23,Nej,0,0,0,0,0,0,0,0,2,0,0,0,0,0,0,0,0,Varg,,Bete innanför stängsel,Fältkontroll - LST,Dokumenterad,2-1766,Humletorp,6617898,407295,6621318,1361923,WGS84-UTM Zon 33,Mindre bra,2019.09.24,Nej,,Nej,,2019.09.25,2-1766,Sunne (S),2-17,Värmlands län (S)
V495325,,2019.09.25,Ja,2019.09.25,,Får,,,,2019.09.24,2019.09.24,Nej,1,1,0,0,0,0,0,0,1,0,0,1,0,0,0,0,0,Varg,,Bete innanför stängsel,Fältkontroll - LST,Dokumenterad,2-2061,saxhammar,6664699,529780,6666646,1485026,WGS84-UTM Zon 33,Mindre bra,2019.09.25,Nej,,Nej,,2019.10.05,2-2061,Smedjebacken (S),2-20,Dalarnas län (S)
V495368,,2019.09.22,Ja,2019.09.22,,Får,,,,2019.09.21,2019.09.22,Nej,2,0,0,0,0,0,0,0,3,0,0,0,0,0,0,0,0,Varg,,Bete innanför stängsel,Fältkontroll - LST,Dokumenterad,2-2305,,6969994,508726,6972302,1467742,SWEREF99 TM,Mindre bra,2019.09.30,Nej,,Nej,,2019.09.30,2-2305,Bräcke (S),2-23,Jämtlands län (S)
V495401,,2019.10.01,Ja,2019.10.01,,Jakthund,,,Beagle,2019.10.01,2019.10.01,Nej,0,0,0,0,1,0,0,0,0,0,0,0,0,0,0,0,0,Varg,,,Fältkontroll - LST,Bedömd som säker,2-1780,Skyberget,6600223,417991,6603505,1372409,RT90,Mindre bra,2019.10.01,Nej,,Nej,,2019.10.01,2-1780,Karlstad (S),2-17,Värmlands län (S)
V495421,,2019.09.30,Ja,2019.10.02,,Jakthund,,Annan,Hamilton,2019.09.30,2019.09.30,Nej,0,0,0,0,0,0,0,0,0,0,1,0,0,0,0,0,0,Varg,,,Fältkontroll - LST,Bedömd som säker,2-2121,,6809973,563234,6811553,1520275,SWEREF99 TM,Mindre bra,2019.10.02,Nej,,Nej,,2019.10.02,2-2121,Ovanåker (S),2-21,Gävleborgs län (S)
V495453,,2019.10.04,Ja,2019.10.04,,Får,,Leicster,,2019.10.03,2019.10.04,Nej,0,0,0,0,0,0,0,0,3,0,0,0,0,0,0,0,0,Varg,,Bete innanför stängsel,Fältkontroll - LST,Dokumenterad,2-2026,"LOKÄNGE, hagen Dala Floda",6705362,491944,6707785,1447675,RT90,Mindre bra,2019.10.05,Nej,,Nej,,2019.10.07,2-2026,Gagnef (S),2-20,Dalarnas län (S)
V495458,,2019.10.03,Ja,2019.10.05,,Får,,Annan,Blandras,2019.10.03,2019.10.03,Nej,0,0,0,0,0,1,0,0,0,0,0,0,0,0,0,0,0,Varg,,Bete innanför stängsel,Fältkontroll - LST,Dokumenterad,2-2084,färjan 3,6671462,582469,6672767,1537813,RT90,Mindre bra,2019.10.03,Nej,,Nej,,2019.10.05,2-2084,Avesta (S),2-20,Dalarnas län (S)
V495460,,2019.10.05,Ja,2019.10.05,,Får,,Annan,Blandras,2019.10.04,2019.10.05,Nej,7,4,0,0,0,0,0,0,0,0,0,0,0,0,0,0,0,Varg,,Bete innanför stängsel,Fältkontroll - LST,Dokumenterad,2-1885,n allmänningbo 103,6623254,528641,6625201,1483382,WGS84-UTM Zon 33,Mindre bra,2019.10.06,Nej,,Nej,,2019.10.21,2-1885,Lindesberg (S),2-18,Örebro län (S)
V495473,,2019.10.04,Ja,2019.10.04,,Nöt,,,,2019.10.04,2019.10.04,Nej,0,0,0,0,0,0,0,0,0,0,0,3,0,0,0,0,0,Varg,,Bete innanför stängsel,Fältkontroll - LST,Osäker,2-0583,Västerängen,6507763,522834,6509742,1476176,RT90,Mindre bra,2019.10.07,Nej,,Nej,,2019.10.07,2-0583,Motala (S),2-05,Östergötlands län (S)
V495475,,2019.10.06,Ja,2019.10.06,,Ren,,,,2019.10.05,2019.10.05,Nej,0,0,0,0,1,0,0,0,0,0,0,0,0,0,0,0,0,Varg,,,Fältkontroll - LST,Dokumenterad,2-2326,Valskaftet,6974495,439553,6977672,1398599,SWEREF99 TM,Mindre bra,2019.10.07,Ja,,Nej,,2019.10.07,2-2326,Berg (S),2-23,Jämtlands län (S)
V495476,,2019.10.06,Ja,2019.10.06,,Ren,,,,2019.10.04,2019.10.05,Nej,0,0,0,0,0,0,0,0,1,0,0,0,0,0,0,0,0,Varg,,,Fältkontroll - LST,Dokumenterad,2-2326,Storfjället,6988325,440033,6991501,1399253,SWEREF99 TM,Mindre bra,2019.10.07,Ja,,Nej,,2019.10.07,2-2326,Berg (S),2-23,Jämtlands län (S)
V495477,,2019.10.06,Ja,2019.10.06,,Ren,,,,2019.10.04,2019.10.04,Nej,1,0,0,0,0,0,0,0,0,0,0,0,0,0,0,0,0,Varg,,,Fältkontroll - LST,Dokumenterad,2-2326,Storfjället,6982107,442865,6985245,1402008,SWEREF99 TM,Mindre bra,2019.10.07,Ja,,Nej,,2019.10.07,2-2326,Berg (S),2-23,Jämtlands län (S)
V495479,,2019.10.06,Ja,2019.10.06,,Ren,,,,2019.10.04,2019.10.04,Nej,0,0,0,0,0,0,0,0,1,0,0,0,0,0,0,0,0,Varg,,,Fältkontroll - LST,Dokumenterad,2-2326,Storfjället,6986750,441510,6989907,1400711,SWEREF99 TM,Mindre bra,2019.10.07,Ja,,Nej,,2019.10.07,2-2326,Berg (S),2-23,Jämtlands län (S)
V495493,,2019.10.05,Ja,2019.10.07,,Jakthund,,Annan,Drever,2019.10.05,2019.10.05,Nej,0,0,0,0,1,0,0,0,0,0,0,0,0,0,0,0,0,Varg,,,Fältkontroll - LST,Dokumenterad,2-2101,,6758147,591251,6759367,1547660,RT90,Mindre bra,2019.10.08,Nej,,Nej,,2019.10.21,2-2101,Ockelbo (S),2-21,Gävleborgs län (S)
V495547,,2019.10.06,Ja,2019.10.07,,Jakthund,,Annan,Jämthund,2019.10.06,2019.10.06,Nej,0,0,0,0,0,0,0,0,0,0,1,0,0,0,0,0,0,Varg,,,Fältkontroll - LST,Bedömd som säker,2-2031,L. Gäddtjärnen,6753586,519172,6755692,1475504,RT90,Mindre bra,2019.10.10,Nej,,Nej,,2019.10.10,2-2031,Rättvik (S),2-20,Dalarnas län (S)
V495548,,2019.10.10,Ja,2019.10.10,,Jakthund,,,drever,2019.10.09,2019.10.09,Nej,0,1,0,0,0,0,0,0,0,0,0,0,0,0,0,0,0,Varg,,,Fältkontroll - LST,Dokumenterad,2-2080,kurberget,6752104,544738,6753895,1501060,RT90,Mindre bra,2019.10.10,Nej,,Nej,,2020.02.06,2-2080,Falun (S),2-20,Dalarnas län (S)
V495562,,2019.10.12,Ja,2019.10.12,,Jakthund,,,Jämthund,2019.10.12,2019.10.12,Nej,0,0,0,0,0,0,0,0,1,0,0,0,0,0,0,0,0,Varg,,,Fältkontroll - LST,Dokumenterad,2-2161,Björna,6843080,530059,6845081,1487500,WGS84-UTM Zon 33,Mindre bra,2019.10.12,Nej,,Nej,,2019.10.12,2-2161,Ljusdal (S),2-21,Gävleborgs län (S)
V495566,,2019.10.12,Ja,2019.10.12,,Får,,Köttraskorsningar,,2019.10.09,2019.10.12,Ja,0,0,0,0,0,0,0,0,7,0,1,1,0,0,0,0,0,Varg,,Bete innanför stängsel,Fältkontroll - LST,Dokumenterad,2-0461,Stora Åsa,6559786,616409,6560651,1570405,WGS84-UTM Zon 33,Mindre bra,2019.10.19,Nej,,Nej,,2019.10.19,2-0461,Gnesta (S),2-04,Södermanlands län (S)
V495572,,2019.10.13,Ja,2019.10.13,,Jakthund,,Annan,Drever,2019.10.13,2019.10.13,Nej,0,0,0,0,0,0,1,0,0,0,0,0,0,0,0,0,0,Varg,,,Fältkontroll - LST,Bedömd som säker,2-2121,Pålsbo,6804434,537752,6806327,1494717,SWEREF99 TM,Mindre bra,2019.10.13,Nej,,Nej,,2019.10.13,2-2121,Ovanåker (S),2-21,Gävleborgs län (S)
V495616,,2019.10.14,Ja,2019.10.14,,Får,,,,2019.10.14,2019.10.14,Nej,5,0,0,0,0,0,0,0,0,0,0,0,0,0,0,0,0,Varg,,Bete innanför stängsel,Fältkontroll - LST,Dokumenterad,2-2080,Linghed,6739427,546829,6741188,1502996,RT90,Mindre bra,2019.10.16,Nej,,Nej,,2019.10.16,2-2080,Falun (S),2-20,Dalarnas län (S)
V495688,,2019.10.19,Ja,2019.10.20,,Får,,Texel,,2019.10.18,2019.10.19,Nej,0,0,0,0,0,1,0,0,0,0,0,0,0,0,0,0,0,Varg,,Bete innanför stängsel,Fältkontroll - LST,Dokumenterad,2-0604,,6413127,499514,6415352,1451715,WGS84-UTM Zon 33,Mindre bra,2019.10.20,Nej,,Nej,,2022.05.19,2-0604,Aneby (S),2-06,Jönköpings län (S)
V495779,,2019.10.26,Ja,2019.10.27,,Jakthund,,,Jämthund,2019.10.26,2019.10.26,Nej,0,0,0,0,0,0,0,0,1,0,0,0,0,0,0,0,0,Varg,,,Fältkontroll - LST,Dokumenterad,2-2161,Örasjön,6882009,527257,6884057,1485180,RT90,Mindre bra,2019.10.27,Nej,,Nej,,2019.10.27,2-2161,Ljusdal (S),2-21,Gävleborgs län (S)
V495806,,2019.10.28,Ja,2019.10.28,,Ren,,,,2019.10.27,2019.10.28,Nej,0,0,0,0,2,0,0,0,0,0,0,0,0,0,0,0,0,Varg,,,Fältkontroll - LST,Dokumenterad,2-2505,Abmoheden,7316632,700669,7316589,1664133,SWEREF99 TM,Mindre bra,2019.10.28,Nej,,Nej,,2019.10.28,2-2505,Arvidsjaur (S),2-25,Norrbottens län (S)
V495835,,2019.10.25,Ja,2019.10.25,,Ren,,,,2019.10.24,2019.10.25,Nej,0,0,0,0,0,0,0,0,1,0,0,0,0,0,0,0,0,Varg,,,Fältkontroll - LST,Dokumenterad,2-2039,Svartåsen,6860336,404954,6863896,1362561,RT90,Mindre bra,2019.10.30,Ja,,Nej,,2019.10.30,2-2039,Älvdalen (S),2-20,Dalarnas län (S)
V495836,,2019.10.30,Ja,2019.10.30,,Annat djur,Älg,,,2019.10.30,2019.10.30,Nej,1,0,0,0,0,0,0,0,0,0,0,0,0,0,0,0,0,Varg,,Bete utan stängsel,Fältkontroll - LST,Dokumenterad,2-2510,Kuri,7331524,717391,7331268,1681049,RT90,Mindre bra,2019.10.30,Nej,,Nej,,2019.10.30,2-2510,Jokkmokk (S),2-25,Norrbottens län (S)
V495870,,2019.11.01,Ja,2019.11.01,,Ren,,,,2019.10.31,2019.11.01,Nej,1,0,0,0,0,0,0,0,0,0,0,0,0,0,0,0,0,Varg,,,Fältkontroll - LST,Dokumenterad,2-2505,Renträsket,7281037,706786,7280909,1669793,WGS84-UTM Zon 33,Mindre bra,2019.11.01,Ja,,Nej,,2019.11.01,2-2505,Arvidsjaur (S),2-25,Norrbottens län (S)
V495887,,2019.11.02,Ja,2019.11.02,,Ren,,,,2019.10.31,2019.11.01,Nej,0,0,0,0,0,0,0,0,1,0,0,0,0,0,0,0,0,Varg,,,Fältkontroll - LST,Dokumenterad,2-2505,Renträsk,7280736,707429,7280600,1670433,SWEREF99 TM,Mindre bra,2019.11.04,Nej,,Nej,,2019.11.04,2-2505,Arvidsjaur (S),2-25,Norrbottens län (S)
V495929,,2019.10.27,Ja,2019.11.07,,Jakthund,,,Gråhund,2019.10.27,2019.10.27,Nej,0,0,0,0,0,0,0,0,1,0,0,0,0,0,0,0,0,Varg,,,Fältkontroll - LST,Dokumenterad,2-2161,Kumsjön,6886085,553030,6887813,1511012,WGS84-UTM Zon 33,Mindre bra,2019.11.07,Nej,,Nej,,2019.11.07,2-2161,Ljusdal (S),2-21,Gävleborgs län (S)
V495930,,2019.10.30,Ja,2019.10.30,,Ren,,,,2019.10.26,2019.10.29,Ja,0,1,0,0,0,0,0,0,0,0,0,0,0,0,0,0,0,Varg,,,Fältkontroll - LST,Bedömd som säker,2-2505,Njallejaur,7287326,681506,7287524,1644590,SWEREF99 TM,Mycket bra,2019.11.07,Nej,,Nej,,2019.11.07,2-2505,Arvidsjaur (S),2-25,Norrbottens län (S)
V495931,,2019.11.01,Ja,2019.11.01,,Ren,,,,2019.10.31,2019.10.31,Nej,0,0,0,0,0,0,0,0,0,1,0,0,0,0,0,0,0,Varg,,,Fältkontroll - Sameby,Bedömd som säker,2-2326,Klaxåsnybodarna,6912342,466867,6915153,1425147,RT90,Mindre bra,2019.11.08,Ja,,Nej,,2022.04.04,2-2326,Berg (S),2-23,Jämtlands län (S)
V495965,,2019.11.10,Ja,2019.11.10,,Ren,,,,2019.11.08,2019.11.09,Ja,0,0,0,0,0,0,0,0,1,0,0,0,0,0,0,0,0,Varg,,,Fältkontroll - LST,Bedömd som säker,2-2505,Tjäckerträsket,7256385,721759,7256062,1684453,SWEREF99 TM,Mindre bra,2019.11.11,Nej,,Nej,,2019.11.11,2-2505,Arvidsjaur (S),2-25,Norrbottens län (S)
V495966,,2019.11.08,Ja,2019.11.08,,Ren,,,,2019.11.04,2019.11.06,Ja,0,0,0,0,0,0,0,0,1,0,0,0,0,0,0,0,0,Varg,,,Fältkontroll - Sameby,Dokumenterad,2-2581,"Klubbfors, Fagerheden",7247854,774448,7246855,1737038,SWEREF99 TM,Mindre bra,2019.11.11,Ja,,Nej,,2019.11.11,2-2581,Piteå (S),2-25,Norrbottens län (S)
V496014,,2019.11.09,Ja,2019.11.09,,Får,,Annan,Annan ,2019.11.07,2019.11.08,Nej,1,0,0,0,2,0,0,0,0,0,0,0,0,0,0,0,0,Varg,,Bete innanför stängsel,Fältkontroll - LST,Dokumenterad,2-2101,Svartandal,6760121,576902,6761518,1533332,SWEREF99 TM,Mindre bra,2019.11.15,Nej,,Nej,,2019.11.15,2-2101,Ockelbo (S),2-21,Gävleborgs län (S)
V496068,,2019.11.23,Nej,,2019.11.23,Ren,,,,2019.11.23,2019.11.23,Nej,0,0,0,0,0,0,0,0,1,0,0,0,0,0,0,0,0,Varg,,,Fältkontroll - Sameby,Dokumenterad,2-2326,,6941102,487014,6943672,1445661,RT90,Mindre bra,2019.11.25,Ja,,Nej,,2019.11.25,2-2326,Berg (S),2-23,Jämtlands län (S)
V496069,,2019.11.23,Ja,2019.11.24,,Jakthund,,Annan,Jämthund,2019.11.23,2019.11.23,Nej,0,0,0,0,0,0,0,0,1,0,0,0,0,0,0,0,0,Varg,,,Fältkontroll - LST,Dokumenterad,2-2121,Flygfältet/Homna,6803698,530419,6805681,1487373,SWEREF99 TM,Mindre bra,2019.11.25,Nej,,Nej,,2019.11.25,2-2121,Ovanåker (S),2-21,Gävleborgs län (S)
V496078,,2019.11.20,Ja,2019.11.25,,Ren,,,,2019.11.19,2019.11.20,Nej,0,0,0,0,0,0,0,0,1,0,0,0,0,0,0,0,0,Varg,,,Fältkontroll - LST,Dokumenterad,2-2326,Långvattnet,6941102,487014,6943672,1445661,RT90,Mindre bra,2019.11.25,Ja,,Nej,,2022.04.04,2-2326,Berg (S),2-23,Jämtlands län (S)
V496079,,2019.11.08,Ja,2019.11.08,,Ren,,,,2019.11.01,2019.11.03,Ja,0,0,0,0,1,0,0,0,0,0,0,0,0,0,0,0,0,Varg,,,Fältkontroll - LST,Bedömd som säker,2-2505,Jillievare ,7280312,706207,7280192,1669205,WGS84-UTM Zon 33,Mindre bra,,Ja,,Nej,,2019.11.26,2-2505,Arvidsjaur (S),2-25,Norrbottens län (S)
V496085,,2019.11.26,Ja,2019.11.26,,Ren,,,,2019.11.25,2019.11.26,Nej,0,0,0,0,0,0,0,0,1,0,0,0,0,0,0,0,0,Varg,,,Fältkontroll - Sameby,Dokumenterad,2-2326,NV Långvattnet,6942141,486360,6944719,1445019,RT90,Mindre bra,2019.11.26,Ja,,Nej,,2019.12.02,2-2326,Berg (S),2-23,Jämtlands län (S)
V496089,,2019.11.27,Ja,2019.11.27,,Ren,,,,2019.11.24,2019.11.26,Nej,0,0,0,0,0,0,0,0,1,0,0,0,0,0,0,0,0,Varg,,,Fältkontroll - Sameby,Dokumenterad,2-2326,Losjön,6945476,484110,6948084,1442810,RT90,Mindre bra,2019.11.27,Ja,,Nej,,2019.12.02,2-2326,Berg (S),2-23,Jämtlands län (S)
V496099,,2019.11.24,Ja,2019.11.27,,Jakthund,,Annan,Laika,2019.11.24,2019.11.24,Nej,0,0,0,0,0,0,1,0,0,0,0,0,0,0,0,0,0,Varg,,,Fältkontroll - LST,Dokumenterad,2-1783,Grävlingberget Höje,6641926,421195,6645188,1376122,WGS84-UTM Zon 33,Mindre bra,2019.11.27,Nej,,Nej,,2022.04.04,2-1783,Hagfors (S),2-17,Värmlands län (S)
V496111,,2019.11.27,Ja,2019.12.02,,Ren,,,,2019.11.24,2019.11.26,Nej,0,0,0,0,0,0,0,0,1,0,0,0,0,0,0,0,0,Varg,,,Fältkontroll - LST,Dokumenterad,2-2326,Losjön,6945476,484110,6948084,1442810,RT90,Mindre bra,2019.12.02,Ja,,Nej,,2019.12.02,2-2326,Berg (S),2-23,Jämtlands län (S)
V496112,,2019.11.28,Ja,2019.12.02,,Ren,,,,2019.11.24,2019.11.26,Nej,0,0,0,0,0,0,0,0,1,0,0,0,0,0,0,0,0,Varg,,,Fältkontroll - LST,Dokumenterad,2-2326,Losjön,6945414,484258,6948020,1442957,RT90,Mindre bra,2019.12.02,Ja,,Nej,,2019.12.02,2-2326,Berg (S),2-23,Jämtlands län (S)
V496113,,2019.11.29,Ja,2019.12.02,,Ren,,,,2019.11.24,2019.11.26,Nej,0,0,0,0,0,0,0,0,1,0,0,0,0,0,0,0,0,Varg,,,Fältkontroll - LST,Dokumenterad,2-2326,Losjön,6944341,484417,6946944,1443103,RT90,Mindre bra,2019.12.02,Ja,,Nej,,2019.12.02,2-2326,Berg (S),2-23,Jämtlands län (S)
V496114,,2019.11.28,Ja,2019.12.02,,Ren,,,,2019.11.24,2019.11.26,Nej,0,0,0,0,0,0,0,0,1,0,0,0,0,0,0,0,0,Varg,,,Fältkontroll - LST,Dokumenterad,2-2326,Losjön,6943543,484619,6946144,1443295,RT90,Mindre bra,2019.12.02,Ja,,Nej,,2019.12.02,2-2326,Berg (S),2-23,Jämtlands län (S)
V496115,,2019.11.26,Ja,2019.12.02,,Ren,,,,2019.11.24,2019.11.26,Nej,0,0,0,0,0,0,0,0,1,0,0,0,0,0,0,0,0,Varg,,,Fältkontroll - LST,Dokumenterad,2-2326,Losjön,6942141,486360,6944719,1445019,RT90,Mindre bra,2019.12.02,Ja,,Nej,,2019.12.02,2-2326,Berg (S),2-23,Jämtlands län (S)
V496116,,2019.11.29,Ja,2019.12.02,,Ren,,,,2019.11.24,2019.11.26,Nej,0,0,0,0,0,0,0,0,1,0,0,0,0,0,0,0,0,Varg,,,Fältkontroll - LST,Dokumenterad,2-2326,Losjön,6944048,485465,6946638,1444148,RT90,Mindre bra,2019.12.02,Ja,,Nej,,2019.12.02,2-2326,Berg (S),2-23,Jämtlands län (S)
V496117,,2019.12.02,Ja,2019.12.02,,Ren,,,,2019.11.24,2019.11.26,Nej,0,0,0,0,0,0,0,0,1,0,0,0,0,0,0,0,0,Varg,,,Fältkontroll - LST,Dokumenterad,2-2326,Losjön,6945157,484938,6947754,1443634,RT90,Mindre bra,2019.12.02,Ja,,Nej,,2019.12.02,2-2326,Berg (S),2-23,Jämtlands län (S)
V496118,,2019.12.02,Ja,2019.12.02,,Ren,,,,2019.11.24,2019.11.26,Nej,1,0,0,0,0,0,0,0,0,0,0,0,0,0,0,0,0,Varg,,,Fältkontroll - LST,Dokumenterad,2-2326,Losjön,6946030,484030,6948639,1442737,RT90,Mindre bra,2019.12.02,Ja,,Nej,,2019.12.02,2-2326,Berg (S),2-23,Jämtlands län (S)
V496119,,2019.11.25,Ja,2019.11.25,,Ren,,,,2019.11.24,2019.11.25,Nej,0,0,0,0,0,0,0,0,1,0,0,0,0,0,0,0,0,Varg,,,Fältkontroll - LST,Dokumenterad,2-2326,Långvattnet,6941102,487014,6943672,1445661,RT90,Mindre bra,2019.12.02,Ja,,Nej,,2019.12.02,2-2326,Berg (S),2-23,Jämtlands län (S)
V496120,,2019.11.25,Ja,2019.11.25,,Ren,,,,2019.11.24,2019.11.24,Nej,0,0,0,0,0,0,0,0,0,0,2,0,0,0,0,0,0,Varg,,,Fältkontroll - LST,Dokumenterad,2-2326,Losjön,6940960,486544,6943536,1445189,RT90,Mindre bra,2019.12.02,Ja,,Nej,,2019.12.02,2-2326,Berg (S),2-23,Jämtlands län (S)
V496136,,2019.12.03,Ja,2019.12.03,,Ren,,,,2019.11.24,2019.11.26,Nej,1,0,0,0,0,0,0,0,0,0,0,0,0,0,0,0,0,Varg,,,Fältkontroll - Sameby,Dokumenterad,2-2326,Losjön,6947872,483039,6950494,1441769,RT90,Mindre bra,2019.12.03,Ja,,Nej,,2019.12.03,2-2326,Berg (S),2-23,Jämtlands län (S)
V496137,,2019.11.30,Ja,2019.12.03,,Jakthund,,Annan,Strävhårig tax,2019.11.30,2019.11.30,Nej,0,0,0,0,0,0,0,0,0,1,0,0,0,0,0,0,0,Varg,,,Fältkontroll - LST,Dokumenterad,2-0684,"Hultsjö, Ammatorp",6350589,481681,6353003,1433132,RT90,Mindre bra,2019.12.03,Nej,,Nej,,2019.12.04,2-0684,Sävsjö (S),2-06,Jönköpings län (S)
V496155,,2019.12.06,Ja,2019.12.06,,Ren,,,,2019.11.24,2019.11.26,Nej,0,0,0,0,0,0,0,0,0,1,0,0,0,0,0,0,0,Varg,,,Fältkontroll - Sameby,Dokumenterad,2-2326,Losjön,6941087,485715,6943673,1444361,RT90,Mindre bra,2019.12.10,Ja,,Nej,,2019.12.10,2-2326,Berg (S),2-23,Jämtlands län (S)
V496167,,2019.12.12,Ja,2019.12.12,,Nöt,,,,2019.12.12,2019.12.12,Nej,0,0,8,0,0,0,0,0,0,0,0,0,0,0,0,0,0,Varg,,Bete innanför stängsel,Fältkontroll - LST,Osäker,2-0581,Vånga Lada,6500274,539558,6502050,1492816,RT90,Mindre bra,2019.12.12,Nej,,Nej,,2019.12.12,2-0581,Norrköping (S),2-05,Östergötlands län (S)
V496170,,2019.12.13,Ja,2019.12.13,,Ren,,,,2019.11.24,2019.11.26,Nej,0,0,0,0,0,0,0,0,1,0,0,0,0,0,0,0,0,Varg,,,Fältkontroll - Sameby,Dokumenterad,2-2326,Losjön,6945541,484119,6948149,1442820,RT90,Mindre bra,2019.12.13,Ja,,Nej,,2019.12.13,2-2326,Berg (S),2-23,Jämtlands län (S)
V496211,,2019.12.14,Ja,2019.12.14,,Ren,,,,2019.11.24,2019.11.26,Nej,0,0,0,0,0,0,0,0,1,0,0,0,0,0,0,0,0,Varg,,,Fältkontroll - Sameby,Dokumenterad,2-2326,Losjön,6943358,484778,6945957,1443452,RT90,Mindre bra,2019.12.17,Ja,,Nej,,2019.12.17,2-2326,Berg (S),2-23,Jämtlands län (S)
V496212,,2019.12.14,Ja,2019.12.14,,Ren,,,,2019.11.24,2019.11.26,Nej,0,0,0,0,0,0,0,0,1,0,0,0,0,0,0,0,0,Varg,,,Fältkontroll - Sameby,Dokumenterad,2-2326,Losjön,6943351,485279,6945943,1443953,RT90,Mindre bra,2019.12.17,Ja,,Nej,,2019.12.17,2-2326,Berg (S),2-23,Jämtlands län (S)
V496275,,2020.01.02,Ja,2020.01.03,,Ren,,,,2020.01.01,2020.01.01,Nej,0,0,0,0,0,0,0,0,1,0,0,0,0,0,0,0,0,Varg,,,Fältkontroll - LST,Osäker,2-2361,Snösarna,6903718,456657,6906653,1414825,RT90,Exakt,2020.01.02,Ja,,Nej,,2020.01.03,2-2361,Härjedalen (S),2-23,Jämtlands län (S)
V496284,,2019.12.30,Ja,2020.01.02,,Jakthund,,Annan,Hamiltonstövare,2019.12.30,2019.12.30,Nej,0,0,0,0,0,0,0,0,0,0,1,0,0,0,0,0,0,Varg,,,Fältkontroll - LST,Dokumenterad,2-1884,,6617331,495619,6619677,1450277,SWEREF99 TM,Mindre bra,2020.01.03,Nej,,Nej,,2020.01.29,2-1884,Nora (S),2-18,Örebro län (S)
V496316,,2019.12.29,Ja,2019.12.31,,Häst,,,,2019.12.28,2019.12.29,Nej,0,0,0,0,0,0,0,0,1,1,0,0,0,0,0,0,0,Varg,,Bete innanför stängsel,Fältkontroll - LST,Dokumenterad,2-2183,Arbrå,6816857,572437,6818325,1529566,SWEREF99 TM,Mindre bra,2020.01.08,Nej,,Nej,,2022.01.19,2-2183,Bollnäs (S),2-21,Gävleborgs län (S)
V496318,,2020.01.01,Ja,2020.01.02,,Jakthund,,Annan,Korsning jämte /Laika,2019.12.31,2020.01.01,Nej,0,0,0,0,0,0,0,0,0,1,0,0,0,0,0,0,0,Varg,,,Fältkontroll - LST,Dokumenterad,2-2181,Järbo,6733969,586661,6735239,1542772,SWEREF99 TM,Mindre bra,2020.01.08,Nej,,Nej,,2020.01.08,2-2181,Sandviken (S),2-21,Gävleborgs län (S)
V496380,,2020.01.11,Ja,2020.01.12,,Jakthund,,Annan,jämthund,2020.01.11,2020.01.11,Nej,0,0,0,0,0,0,0,0,1,0,0,0,0,0,0,0,0,Varg,,,Fältkontroll - LST,Dokumenterad,2-1863,Sandsjöhöjden,6640975,481256,6643505,1436196,RT90,Mindre bra,2020.01.13,Nej,,Nej,,2020.02.11,2-1863,Hällefors (S),2-18,Örebro län (S)
V496428,,2020.01.17,Nej,,2020.01.18,Ren,,,,2020.01.16,2020.01.17,Nej,0,0,0,0,0,0,0,0,1,0,0,0,0,0,0,0,0,Varg,,,Fältkontroll - Sameby,Bedömd som säker,2-2361,Äxesmorarna,6901717,460239,6904606,1418384,RT90,Exakt,2020.01.19,Ja,,Nej,,2020.01.19,2-2361,Härjedalen (S),2-23,Jämtlands län (S)
V496429,,2020.01.17,Nej,,2020.01.18,Ren,,,,2020.01.16,2020.01.17,Nej,0,0,0,0,0,0,0,0,1,0,0,0,0,0,0,0,0,Varg,,,Fältkontroll - Sameby,Bedömd som säker,2-2361,Lillåsbäcken,6902087,459959,6904980,1418108,RT90,Exakt,2020.01.19,Ja,,Nej,,2020.01.19,2-2361,Härjedalen (S),2-23,Jämtlands län (S)
V496435,,2020.01.18,Ja,2020.01.19,,Jakthund,,Annan,Jämthund / gråhund korsning,2020.01.18,2020.01.18,Nej,0,0,0,0,0,0,0,0,0,0,1,0,0,0,0,0,0,Varg,,,Fältkontroll - LST,Osäker,2-0512,Marek,6424876,515330,6426917,1467676,RT90,Mindre bra,2020.01.20,Nej,,Nej,,2020.01.20,2-0512,Ydre (S),2-05,Östergötlands län (S)
V496469,,2020.01.19,Ja,2020.01.19,,Ren,,,,2020.01.17,2020.01.18,Nej,1,0,0,0,0,0,0,0,0,0,0,0,0,0,0,0,0,Varg,,,Fältkontroll - LST,Dokumenterad,2-2482,,7231257,750696,7230561,1713072,RT90,Mindre bra,2020.01.19,Nej,,Nej,,2020.01.21,2-2482,Skellefteå (S),2-24,Västerbottens län (S)
V496470,,2020.01.20,Ja,2020.01.20,,Ren,,,,2020.01.19,2020.01.20,Nej,1,0,0,0,0,0,0,0,0,0,0,0,0,0,0,0,0,Varg,,,Fältkontroll - LST,Dokumenterad,2-2482,,7230911,750587,7230216,1712958,RT90,Mindre bra,2020.01.20,Nej,,Nej,,2020.01.23,2-2482,Skellefteå (S),2-24,Västerbottens län (S)
V496471,,2020.01.21,Ja,2020.01.21,,Ren,,,,2020.01.19,2020.01.20,Nej,1,0,0,0,0,0,0,0,0,0,0,0,0,0,0,0,0,Varg,,,Fältkontroll - LST,Dokumenterad,2-2482,,7230018,750541,7229323,1712901,RT90,Mindre bra,2020.01.21,Nej,,Nej,,2020.01.23,2-2482,Skellefteå (S),2-24,Västerbottens län (S)
V496472,,2020.01.21,Ja,2020.01.21,,Ren,,,,2020.01.20,2020.01.21,Nej,0,0,0,0,0,0,0,0,1,0,0,0,0,0,0,0,0,Varg,,,Fältkontroll - LST,Dokumenterad,2-2482,,7233665,749401,7232985,1711807,RT90,Mindre bra,2020.01.21,Nej,,Nej,,2020.01.23,2-2482,Skellefteå (S),2-24,Västerbottens län (S)
V496477,,2020.01.19,Nej,,2020.01.22,Ren,,,,2020.01.13,2020.01.19,Ja,1,0,0,0,0,0,0,0,0,0,0,0,0,0,0,0,0,Varg,,,Fältkontroll - Sameby,Bedömd som säker,2-2361,Tönningsten,6903666,458117,6906582,1416285,RT90,Mindre bra,2020.01.22,Ja,,Nej,,2020.01.22,2-2361,Härjedalen (S),2-23,Jämtlands län (S)
V496482,,2019.12.29,Nej,,2020.01.22,Ren,,,,2019.12.27,2019.12.29,Nej,0,0,0,0,0,0,0,0,1,0,0,0,0,0,0,0,0,Varg,,,Fältkontroll - Sameby,Bedömd som säker,2-2361,Vemhån,6909832,452867,6912816,1411110,RT90,Exakt,2020.01.22,Ja,,Nej,,2020.01.22,2-2361,Härjedalen (S),2-23,Jämtlands län (S)
V496532,,2020.01.25,Ja,2020.01.25,,Jakthund,,,Gråhund,2020.01.25,2020.01.25,Nej,0,0,0,0,0,0,0,0,1,0,0,0,0,0,0,0,0,Varg,,,Fältkontroll - LST,Dokumenterad,2-2121,Blommaberg,6810263,518403,6812397,1475434,SWEREF99 TM,Mindre bra,2020.01.27,Nej,,Nej,,2020.01.29,2-2121,Ovanåker (S),2-21,Gävleborgs län (S)
V496551,,2020.01.29,Ja,2020.01.29,,Ren,,,,2020.01.27,2020.01.29,Nej,0,0,0,0,0,0,0,0,1,0,0,0,0,0,0,0,0,Varg,,,Fältkontroll - Sameby,Bedömd som säker,2-2161,Över myran,6855928,489227,6858439,1446813,RT90,Mindre bra,2020.01.31,Ja,,Nej,,2020.01.31,2-2161,Ljusdal (S),2-21,Gävleborgs län (S)
V496553,,2020.01.30,Ja,2020.01.30,,Ren,,,,2020.01.27,2020.01.30,Nej,0,0,0,0,0,0,0,0,1,0,0,0,0,0,0,0,0,Varg,,,Fältkontroll - Sameby,Bedömd som säker,2-2361,,6865180,483909,6867761,1441608,RT90,Mindre bra,2020.01.31,Ja,,Nej,,2020.01.31,2-2361,Härjedalen (S),2-23,Jämtlands län (S)
V496558,,2020.02.02,Nej,,2020.02.02,Ren,,,,2020.02.01,2020.02.02,Nej,0,0,0,0,0,0,0,0,1,0,0,0,0,0,0,0,0,Varg,,,Fältkontroll - Sameby,Dokumenterad,2-2361,Bjärtholmen,6895589,458288,6898500,1416356,RT90,Exakt,2020.02.02,Ja,,Nej,,2020.02.02,2-2361,Härjedalen (S),2-23,Jämtlands län (S)
V496613,,2019.06.24,Ja,2019.06.24,,Nöt,,,,2019.06.23,2019.06.24,Nej,0,0,0,41,0,0,0,0,0,0,0,0,0,0,0,0,0,Varg,,Bete innanför stängsel,Fältkontroll - LST,Bedömd som säker,2-1882,,6526140,492722,6528488,1446275,SWEREF99 TM,Mindre bra,2020.02.06,Nej,,Nej,,2020.02.11,2-1882,Askersund (S),2-18,Örebro län (S)
V496631,,2020.02.05,Ja,2020.02.07,,Annan hund,,Annan,Sebirian Husky,2020.02.05,2020.02.05,Nej,0,0,0,0,0,0,0,0,0,0,1,0,0,0,0,0,0,Varg,,,Fältkontroll - LST,Bedömd som säker,2-2062,Vika,6756980,469955,6759693,1426311,RT90,Mindre bra,2020.02.08,Nej,,Nej,,2020.02.08,2-2062,Mora (S),2-20,Dalarnas län (S)
V496793,,2020.02.20,Ja,2020.02.20,,Jakthund,,Annan,Drever,2020.02.20,2020.02.20,Nej,1,0,0,0,0,0,0,0,0,0,0,0,0,0,0,0,0,Varg,,,Fältkontroll - LST,Dokumenterad,2-1863,Nätsjön,6640272,470704,6642930,1425631,SWEREF99 TM,Mindre bra,2020.02.20,Nej,,Nej,,2022.04.04,2-1863,Hällefors (S),2-18,Örebro län (S)
V496864,,2020.02.25,Ja,2020.02.25,,Jakthund,,,Beagle,2020.02.25,2020.02.25,Nej,0,0,0,0,0,0,0,0,1,0,0,0,0,0,0,0,0,Varg,,,Fältkontroll - LST,Dokumenterad,2-2101,Trätåsberget,6752201,567325,6753714,1523655,WGS84-UTM Zon 33,Mindre bra,2020.02.25,Nej,,Nej,,2020.06.02,2-2101,Ockelbo (S),2-21,Gävleborgs län (S)
V497083,,2020.03.11,Ja,2020.03.11,,Ren,,,,2020.03.07,2020.03.08,Nej,0,0,0,0,1,0,0,0,0,0,0,0,0,0,0,0,0,Varg,,,Fältkontroll - LST,Bedömd som säker,2-2305,,6967836,549332,6969635,1508334,SWEREF99 TM,Mindre bra,2020.03.12,Ja,,Nej,,2020.03.12,2-2305,Bräcke (S),2-23,Jämtlands län (S)
V497583,,2020.04.20,Ja,2020.04.20,,Får,,Annan,Blandraser,2020.04.19,2020.04.20,Nej,0,0,0,0,0,0,0,0,1,0,0,0,0,0,0,0,0,Varg,,Bete innanför stängsel,Fältkontroll - LST,Dokumenterad,2-1765,Byn,6578115,348889,6582225,1303005,RT90,Exakt,2020.04.21,Nej,,Nej,,2020.04.21,2-1765,Årjäng (S),2-17,Värmlands län (S)
V497584,,2020.04.20,Ja,2020.04.20,,Får,,Annan,Pälsfårblandning bagge Gotlandsfår,2020.04.19,2020.04.20,Nej,3,4,0,0,2,0,0,0,6,3,1,0,0,0,0,0,0,Varg,,Bete innanför stängsel,Fältkontroll - LST,Dokumenterad,2-1765,Bysjön,6577943,349100,6582050,1303214,RT90,Mindre bra,2020.04.20,Nej,,Nej,,2020.04.22,2-1765,Årjäng (S),2-17,Värmlands län (S)
V497932,,2020.05.09,Ja,2020.05.09,,Ren,,,,2020.05.09,2020.05.09,Nej,0,0,0,0,0,0,0,0,1,0,0,0,0,0,0,0,0,Varg,,,Fältkontroll - LST,Dokumenterad,2-2321,Baune,7008144,391099,7011944,1350547,WGS84-UTM Zon 33,Mindre bra,2020.05.10,Ja,,Nej,,2020.05.10,2-2321,Åre (S),2-23,Jämtlands län (S)
V497982,,2020.05.11,Ja,2020.05.11,,Annat djur,Älg,,,2020.05.08,2020.05.10,Nej,0,0,0,0,1,0,0,0,0,0,0,0,0,0,0,0,0,Varg,,Bete utan stängsel,Fältkontroll - LST,Osäker,2-2321,Ånnsjön,7020989,380771,7024924,1340375,WGS84-UTM Zon 33,Mindre bra,,Nej,,Nej,,2020.05.11,2-2321,Åre (S),2-23,Jämtlands län (S)
V498052,,2020.05.10,Ja,2020.05.10,,Får,,,,2020.05.09,2020.05.10,Nej,6,1,0,3,0,1,0,0,4,8,0,1,0,0,0,0,0,Varg,,Bete med rovdjursavvisande stängsel,Fältkontroll - LST,Dokumenterad,2-1860,Barrud Tolsgården,6522427,467111,6525082,1420609,RT90,Mindre bra,2020.05.14,Nej,,Nej,,2020.10.02,2-1860,Laxå (S),2-18,Örebro län (S)
V498056,,2020.04.07,Nej,,2020.04.08,Annan hund,,Annan,Blandras,2020.04.07,2020.04.07,Nej,0,0,0,0,0,0,0,0,0,0,1,0,0,0,0,0,0,Varg,,,Fotodokumentation,Bedömd som säker,2-2283,Långskog,6988642,599912,6989813,1559188,SWEREF99 TM,Mindre bra,2020.05.14,Nej,,Nej,,2020.05.14,2-2283,Sollefteå (S),2-22,Västernorrlands län (S)
V498390,,2020.05.24,Ja,2020.05.24,,Får,,Texel,,2020.05.24,2020.05.24,Nej,1,0,0,0,0,0,0,0,0,0,0,0,0,0,0,0,0,Varg,,Bete innanför stängsel,Fältkontroll - LST,Dokumenterad,2-1383,Strömma,6326597,344442,6330624,1295544,SWEREF99 TM,Mindre bra,2020.05.24,Nej,,Nej,,2020.10.21,2-1383,Varberg (S),2-13,Hallands län (S)
V498423,,2020.05.23,Ja,2020.05.24,,Får,,Gotlandsfår,,2020.05.22,2020.05.23,Nej,2,0,0,0,0,0,0,0,3,0,0,0,0,0,0,0,0,Varg,,Bete innanför stängsel,Fältkontroll - LST,Dokumenterad,2-1491,Botorp,6419870,423429,6423006,1375679,RT90,Mindre bra,2020.05.25,Nej,,Nej,,2020.06.25,2-1491,Ulricehamn (S),2-14,Västra Götalands län (S)
V498975,,2020.06.04,Ja,,,Nöt,,,,2020.06.03,2020.06.03,Nej,0,0,0,1,0,0,0,0,0,0,0,0,0,0,0,0,0,Varg,,Bete innanför stängsel,Fältkontroll - LST,Dokumenterad,2-0580,Sibborp,6492859,526488,6494789,1479652,RT90,Mycket bra,2020.06.04,Nej,,Nej,,2020.06.04,2-0580,Linköping (S),2-05,Östergötlands län (S)
V499196,,2020.06.10,Ja,2020.06.10,,Nöt,,,,2020.06.09,2020.06.10,Nej,2,0,0,0,0,0,0,0,0,0,0,0,0,0,0,0,0,Varg,,Bete innanför stängsel,Fältkontroll - LST,Dokumenterad,2-0580,Säldekärr,6491717,533061,6493568,1486214,RT90,Exakt,2020.06.10,Nej,,Nej,,2020.06.10,2-0580,Linköping (S),2-05,Östergötlands län (S)
V499399,,2020.06.17,Ja,2020.06.17,,Får,,,,2020.06.16,2020.06.17,Nej,2,4,0,0,0,0,0,0,3,2,0,0,0,0,0,0,0,Varg,,Bete innanför stängsel,Fältkontroll - LST,Dokumenterad,2-1494,,6477269,365551,6481125,1318460,RT90,Mindre bra,2020.06.19,Nej,,Nej,,2020.06.25,2-1494,Lidköping (S),2-14,Västra Götalands län (S)
V499487,,2020.06.21,Ja,2020.06.22,,Får,,Gotlandsfår,,2020.06.21,2020.06.21,Nej,1,0,0,0,0,0,0,0,0,0,0,0,0,0,0,0,0,Varg,,Bete innanför stängsel,Fältkontroll - LST,Dokumenterad,2-1491,Botorp,6419867,423398,6423003,1375648,RT90,Mindre bra,2020.06.23,Nej,,Nej,,2020.06.25,2-1491,Ulricehamn (S),2-14,Västra Götalands län (S)
V499510,,2020.06.24,Ja,2020.06.24,,Får,,Finullsfår,,2020.06.23,2020.06.24,Nej,0,0,0,0,10,9,0,0,0,0,0,0,0,0,0,0,0,Varg,,Bete med rovdjursavvisande stängsel,Fältkontroll - LST,Dokumenterad,2-1765,Furukullen,6585331,354460,6589377,1308667,WGS84-UTM Zon 33,Exakt,,Nej,,Nej,,2020.06.24,2-1765,Årjäng (S),2-17,Värmlands län (S)
V499543,,2020.06.25,Ja,2020.06.25,,Får,,Gotlandsfår,,2020.06.24,2020.06.25,Nej,0,0,0,1,0,0,0,0,1,3,0,0,0,0,0,0,0,Varg,,Bete innanför stängsel,Fältkontroll - LST,Dokumenterad,2-1489,Ödenäs,6409257,355273,6413200,1307363,SWEREF99 TM,Mindre bra,2020.06.26,Nej,,Nej,,2020.08.31,2-1489,Alingsås (S),2-14,Västra Götalands län (S)
V499619,,2020.06.28,Ja,2020.06.28,,Får,,,,2020.06.26,2020.06.27,Nej,0,0,0,0,0,0,0,0,1,0,0,0,0,0,0,0,0,Varg,,Bete innanför stängsel,Fältkontroll - LST,Dokumenterad,2-2183,Storrönningen /Arbrå,6813529,569829,6815028,1526916,RT90,Mindre bra,2020.06.29,Nej,,Nej,,2020.07.06,2-2183,Bollnäs (S),2-21,Gävleborgs län (S)
V499621,,2020.06.27,Ja,2020.06.27,,Får,,,,2020.06.26,2020.06.27,Nej,0,0,0,0,0,0,0,0,1,0,0,0,0,0,0,0,0,Varg,,Bete innanför stängsel,Fältkontroll - LST,Dokumenterad,2-2121,Gäddvik,6804678,561983,6806272,1518958,RT90,Mycket bra,2020.06.29,Nej,,Nej,,2020.09.24,2-2121,Ovanåker (S),2-21,Gävleborgs län (S)
V499778,,2020.07.02,Ja,2020.07.02,,Får,,Köttraskorsningar,,2020.07.01,2020.07.02,Nej,2,4,0,0,0,0,0,0,0,0,0,0,0,0,0,0,0,Varg,,Bete innanför stängsel,Fältkontroll - LST,Dokumenterad,2-1491,Hökerum,6409700,395565,6413163,1347681,SWEREF99 TM,Mycket bra,2020.07.03,Nej,,Nej,,2020.08.31,2-1491,Ulricehamn (S),2-14,Västra Götalands län (S)
V499783,,2020.07.03,Ja,2020.07.03,,Får,,Köttraskorsningar,,2020.07.02,2020.07.03,Nej,0,2,0,0,0,0,0,0,0,16,0,0,0,0,0,0,0,Varg,,Bete innanför stängsel,Fältkontroll - LST,Dokumenterad,2-1491,Hökerum,6409920,395434,6413385,1347552,SWEREF99 TM,Mycket bra,2020.07.04,Nej,,Nej,,2020.08.31,2-1491,Ulricehamn (S),2-14,Västra Götalands län (S)
V499807,,2020.07.04,Ja,2020.07.04,,Får,,Annan,Blandras,2020.07.04,2020.07.04,Nej,0,2,0,0,0,0,0,0,1,3,0,0,0,0,0,0,0,Varg,,Bete innanför stängsel,Fältkontroll - LST,Dokumenterad,2-0461,Kalvsätter,6558410,617999,6559256,1571979,WGS84-UTM Zon 33,Mindre bra,2020.07.06,Nej,,Nej,,2020.07.06,2-0461,Gnesta (S),2-04,Södermanlands län (S)
V499841,,2020.07.04,Ja,2020.07.04,,Får,,Annan,Gotland och Pälsfår,2020.07.04,2020.07.04,Nej,0,0,0,0,0,1,2,0,0,1,0,1,0,0,0,0,0,Varg,,Bete innanför stängsel,Fältkontroll - LST,Dokumenterad,2-0461,Kåretorp,6556481,617987,6557327,1571943,SWEREF99 TM,Exakt,2020.07.06,Nej,,Nej,,2020.07.28,2-0461,Gnesta (S),2-04,Södermanlands län (S)
V499852,,2020.07.05,Ja,2020.07.06,,Nöt,,,,2020.07.05,2020.07.05,Nej,0,0,0,0,0,0,0,1,0,0,0,0,0,0,0,0,0,Varg,,Bete innanför stängsel,Fältkontroll - LST,Bedömd som säker,2-0580,Gottorp,6491697,527062,6493620,1480212,SWEREF99 TM,Mindre bra,2020.07.06,Nej,,Nej,,2020.07.06,2-0580,Linköping (S),2-05,Östergötlands län (S)
V499912,,2020.07.08,Ja,2020.07.09,,Nöt,,,,2020.07.08,2020.07.08,Nej,0,0,0,0,0,0,0,1,0,0,0,0,0,0,0,0,0,Varg,,Bete innanför stängsel,Fältkontroll - LST,Bedömd som säker,2-0580,Klasbäck,6492981,524465,6494936,1477630,SWEREF99 TM,Mindre bra,2020.07.09,Nej,,Nej,,2020.07.09,2-0580,Linköping (S),2-05,Östergötlands län (S)
V499924,,2020.07.09,Ja,2020.07.09,,Får,,Annan,Blandras,2020.07.06,2020.07.09,Ja,3,0,0,0,0,0,0,0,2,0,0,0,0,0,0,0,0,Varg,,Bete innanför stängsel,Fältkontroll - LST,Dokumenterad,2-2183,Knisselbo,6786225,577579,6787621,1534331,RT90,Mindre bra,2020.07.10,Nej,,Nej,,2020.07.16,2-2183,Bollnäs (S),2-21,Gävleborgs län (S)
V499996,,2020.07.10,Ja,2020.07.13,,Får,,,,2020.07.04,2020.07.10,Nej,0,0,0,0,0,0,0,0,3,0,0,0,0,0,0,0,0,Varg,,Bete med rovdjursavvisande stängsel,Fältkontroll - LST,Dokumenterad,2-1766,Humletorp,6617463,407421,6620882,1362044,RT90,Mindre bra,2020.07.13,Nej,,Nej,,2020.07.13,2-1766,Sunne (S),2-17,Värmlands län (S)
V500107,,2020.07.16,Ja,2020.07.16,,Får,,Gotlandsfår,,2020.07.16,2020.07.16,Nej,0,0,0,0,0,0,0,0,1,0,0,0,0,0,0,0,0,Varg,,Bete innanför stängsel,Fältkontroll - LST,Dokumenterad,2-0461,Ellaboda,6558086,627733,6558814,1581711,RT90,Exakt,2020.07.17,Nej,,Nej,,2020.07.28,2-0461,Gnesta (S),2-04,Södermanlands län (S)
V500261,,2020.07.21,Ja,2020.07.21,,Får,,,,2020.07.18,2020.07.21,Ja,6,1,10,0,0,0,0,0,0,0,0,0,0,0,0,0,0,Varg,,Bete innanför stängsel,Fältkontroll - LST,Dokumenterad,2-1383,Bringsgärde,6346216,344179,6350257,1295514,SWEREF99 TM,Mycket bra,2020.07.21,Nej,,Nej,,2020.10.21,2-1383,Varberg (S),2-13,Hallands län (S)
V500281,,2020.07.21,Ja,2020.07.21,,Får,,Annan,Värmlandsfår,2020.07.20,2020.07.21,Nej,0,0,0,0,1,0,0,1,0,0,0,0,0,0,0,0,0,Varg,,Bete innanför stängsel,Fältkontroll - LST,Dokumenterad,2-0617,,6354882,422910,6357994,1374387,SWEREF99 TM,Mycket bra,2020.07.22,Nej,,Nej,,2020.08.26,2-0617,Gnosjö (S),2-06,Jönköpings län (S)
V500294,,2020.07.22,Ja,2020.07.22,,Får,,,,2020.07.21,2020.07.22,Nej,0,0,0,0,0,0,0,0,8,1,4,0,0,0,0,0,0,Varg,,Bete utan stängsel,Fältkontroll - LST,Dokumenterad,2-2404,Fäboden,7128363,720354,7128041,1681416,SWEREF99 TM,Mycket bra,2020.07.23,Nej,,Nej,,2020.07.23,2-2404,Vindeln (S),2-24,Västerbottens län (S)
V500318,UI413930 G200-19 +,2020.07.23,Ja,2020.07.23,,Får,,,,2020.07.22,2020.07.23,Nej,0,0,0,1,0,0,0,0,1,0,2,0,0,0,0,0,0,Varg,,Bete innanför stängsel,Fältkontroll - LST,Dokumenterad,2-0617,,6358072,419363,6361228,1370876,SWEREF99 TM,Mindre bra,2020.07.23,Nej,,Nej,,2020.10.28,2-0617,Gnosjö (S),2-06,Jönköpings län (S)
V500438,,2020.07.25,Ja,2020.07.25,,Får,,Texel,,2020.07.25,2020.07.25,Nej,0,0,0,0,0,0,0,0,1,0,0,0,0,0,0,0,0,Varg,,Bete innanför stängsel,Fältkontroll - LST,Dokumenterad,2-2121,Gäddvik,6804865,561962,6806459,1518940,WGS84-UTM Zon 33,Mindre bra,2020.07.27,Nej,,Nej,,2020.07.27,2-2121,Ovanåker (S),2-21,Gävleborgs län (S)
V500448,,2020.07.27,Ja,2020.07.27,,Får,,,,2020.07.27,2020.07.27,Nej,0,0,0,0,0,0,0,0,1,0,0,0,0,0,0,0,0,Varg,,Bete innanför stängsel,Fältkontroll - LST,Dokumenterad,2-1864,,6629647,503527,6631902,1458337,RT90,Mindre bra,2020.07.27,Nej,,Nej,,2020.10.02,2-1864,Ljusnarsberg (S),2-18,Örebro län (S)
V500468,,2020.07.25,Ja,2020.07.27,,Får,,Annan,Gutefår,2020.07.24,2020.07.25,Nej,0,0,0,0,0,0,0,0,1,0,0,0,0,0,0,0,0,Varg,,Bete innanför stängsel,Fältkontroll - LST,Dokumenterad,2-1452,Lövåsen,6363405,409255,6366683,1360827,WGS84-UTM Zon 33,Mindre bra,2020.07.28,Nej,,Nej,,2020.08.31,2-1452,Tranemo (S),2-14,Västra Götalands län (S)
V500482,,2020.07.28,Ja,2020.07.28,,Får,,Annan,Hälsinge Får,2020.07.28,2020.07.28,Nej,1,0,0,0,0,0,0,0,1,0,0,0,0,0,0,0,0,Varg,,Bete innanför stängsel,Fältkontroll - LST,Dokumenterad,2-0662,,6365246,411446,6368499,1363041,SWEREF99 TM,Mycket bra,2020.07.28,Nej,,Nej,,2020.08.26,2-0662,Gislaved (S),2-06,Jönköpings län (S)
V500623,,2020.08.02,Ja,2020.08.03,,Får,,Köttraskorsningar,,2020.08.01,2020.08.02,Nej,0,0,0,0,0,0,1,0,4,4,2,0,0,0,0,0,0,Varg,,Bete innanför stängsel,Fältkontroll - LST,Dokumenterad,2-1766,Domarsätter,6647583,400034,6651106,1355020,RT90,Mindre bra,2020.08.03,Nej,,Nej,,2020.08.04,2-1766,Sunne (S),2-17,Värmlands län (S)
V500634,,2020.07.31,Ja,2020.07.31,,Får,,Allmogefår,,2020.07.31,2020.07.31,Nej,2,0,0,0,1,0,0,0,2,0,0,0,0,0,0,0,0,Varg,,Bete innanför stängsel,Fältkontroll - LST,Dokumenterad,2-2101,Lingbo,6769148,592395,6770357,1548940,RT90,Mindre bra,2020.08.04,Nej,,Nej,,2022.04.04,2-2101,Ockelbo (S),2-21,Gävleborgs län (S)
V500746,,2020.08.07,Ja,2020.08.07,,Får,,,,2020.08.06,2020.08.07,Nej,0,0,0,0,0,0,0,0,2,4,0,2,0,0,0,0,0,Varg,,Bete innanför stängsel,Fältkontroll - LST,Dokumenterad,2-0662,,6362628,412048,6365873,1363612,SWEREF99 TM,Exakt,2020.08.07,Nej,,Nej,,2020.10.15,2-0662,Gislaved (S),2-06,Jönköpings län (S)
V500868,,2020.08.06,Ja,2020.08.06,,Får,,,,2020.08.05,2020.08.06,Nej,6,0,0,0,0,0,0,0,1,2,0,0,0,0,0,0,0,Varg,,Bete innanför stängsel,Fältkontroll - LST,Dokumenterad,2-0380,Östfora ,6653212,627876,6653959,1583009,SWEREF99 TM,Mindre bra,,Nej,,Nej,,2020.08.13,2-0380,Uppsala (S),2-03,Uppsala län (S)
V500956,,2020.08.16,Ja,2020.08.16,,Får,,,,2020.08.15,2020.08.16,Nej,0,0,0,0,0,0,0,0,3,0,0,0,0,0,0,0,0,Varg,,Bete innanför stängsel,Fältkontroll - LST,Dokumenterad,2-0617,,6354937,423737,6358039,1375215,SWEREF99 TM,Mycket bra,2020.08.16,Nej,,Nej,,2020.09.18,2-0617,Gnosjö (S),2-06,Jönköpings län (S)
V500984,,2020.08.05,Ja,2020.08.06,,Får,,Gotlandsfår,,2020.08.04,2020.08.05,Nej,0,0,0,0,5,0,0,0,0,0,0,0,0,0,0,0,0,Varg,,Bete innanför stängsel,Fältkontroll - LST,Dokumenterad,2-0181,Nådhammar,6544278,639876,6544857,1593689,RT90,Mycket bra,2020.08.18,Nej,,Nej,,2020.08.24,2-0181,Södertälje (S),2-01,Stockholms län (S)
V501004,,2020.08.18,Ja,2020.08.18,,Får,,,,2020.08.16,2020.08.18,Nej,4,0,0,1,0,0,0,0,0,0,0,0,0,0,0,0,0,Varg,,Bete innanför stängsel,Fältkontroll - LST,Dokumenterad,2-0684,"Hylletofta, Ruggarp",6369276,469269,6371844,1420937,SWEREF99 TM,Mycket bra,2020.08.19,Nej,,Nej,,2020.09.08,2-0684,Sävsjö (S),2-06,Jönköpings län (S)
V501007,,2020.08.13,Ja,2020.08.13,,Får,,,,2020.08.12,2020.08.13,Nej,1,0,0,0,0,0,0,0,0,0,0,0,0,0,0,0,0,Varg,,Bete innanför stängsel,Fältkontroll - LST,Dokumenterad,2-0665,"Sanden, Klevshult",6358392,444445,6361250,1395973,SWEREF99 TM,Mindre bra,2020.08.19,Nej,,Nej,,2021.03.30,2-0665,Vaggeryd (S),2-06,Jönköpings län (S)
V501107,UI414084 G9-20 V964 +,2020.08.22,Ja,2020.08.22,,Får,,,,2020.08.21,2020.08.22,Nej,2,1,4,0,0,0,0,0,0,0,0,0,0,0,0,0,0,Varg,,Bete innanför stängsel,Fältkontroll - LST,Dokumenterad,2-0665,,6364753,436631,6367707,1388231,SWEREF99 TM,Mycket bra,2020.08.23,Nej,,Nej,,2020.10.28,2-0665,Vaggeryd (S),2-06,Jönköpings län (S)
V501210,,2020.08.26,Ja,2020.08.27,,Får,,Annan,Korsning,2020.08.25,2020.08.26,Nej,0,0,0,0,1,0,0,0,3,0,0,0,0,0,0,0,0,Varg,,Bete innanför stängsel,Fältkontroll - LST,Dokumenterad,2-0380,,6651462,623977,6652256,1579087,SWEREF99 TM,Mindre bra,,Nej,,Nej,,2020.08.27,2-0380,Uppsala (S),2-03,Uppsala län (S)
V501247,,2020.08.30,Ja,2020.08.30,,Får,,,,2020.08.29,2020.08.30,Nej,4,19,0,0,0,0,0,0,0,0,0,0,0,0,0,0,0,Varg,,Bete innanför stängsel,Fältkontroll - LST,Dokumenterad,2-1383,,6346240,344182,6350281,1295517,SWEREF99 TM,Mindre bra,2020.08.30,Nej,,Nej,,2020.10.21,2-1383,Varberg (S),2-13,Hallands län (S)
V501272,UI414084 G9-20 V964 +,2020.08.31,Ja,2020.08.31,,Får,,,,2020.08.30,2020.08.31,Nej,5,8,0,0,0,0,0,0,0,0,0,0,0,0,0,0,0,Varg,,Bete innanför stängsel,Fältkontroll - LST,Dokumenterad,2-1383,,6346357,344393,6350396,1295729,SWEREF99 TM,Mindre bra,2020.08.31,Nej,,Nej,,2020.10.28,2-1383,Varberg (S),2-13,Hallands län (S)
V501273,,2020.08.29,Ja,2020.08.30,,Får,,Finullsfår,,2020.08.28,2020.08.29,Nej,1,0,0,0,0,0,0,0,0,0,0,0,0,0,0,0,0,Varg,,Bete innanför stängsel,Fältkontroll - LST,Dokumenterad,2-2182,stråtjära,6782296,600160,6783413,1556869,RT90,Mindre bra,2020.08.31,Nej,,Nej,,2020.09.24,2-2182,Söderhamn (S),2-21,Gävleborgs län (S)
V501302,,2020.09.01,Ja,2020.09.01,,Jakthund,,Annan,Hamiltonstövare,2020.09.01,2020.09.01,Nej,0,0,0,0,0,0,0,0,0,0,1,0,0,0,0,0,0,Varg,,,Fältkontroll - LST,Bedömd som säker,2-2061,Blåkullberget,6673495,531067,6675429,1486421,SWEREF99 TM,Mycket bra,2020.09.02,Nej,,Nej,,2020.09.02,2-2061,Smedjebacken (S),2-20,Dalarnas län (S)
V501316,,2020.09.01,Ja,2020.09.02,,Får,,Köttraskorsningar,,2020.08.31,2020.09.01,Nej,0,0,0,0,0,0,0,0,2,3,0,0,0,0,0,0,0,Varg,,Bete innanför stängsel,Fältkontroll - LST,Dokumenterad,2-0765,"Stockhult, Älmhults kommun",6279056,438509,6281950,1389097,RT90,Exakt,2020.09.02,Nej,,Nej,,2020.09.04,2-0765,Älmhult (S),2-07,Kronobergs län (S)
V501365,,2020.09.04,Ja,2020.09.04,,Får,,Annan,blandras,2020.09.03,2020.09.04,Ja,0,0,0,0,1,0,0,0,0,0,0,0,0,0,0,0,0,Varg,,Bete innanför stängsel,Fältkontroll - LST,Bedömd som säker,2-2080,Grejsans fäbod,6765991,539717,6767848,1496208,WGS84-UTM Zon 33,Mindre bra,2020.09.04,Nej,,Nej,,2020.09.04,2-2080,Falun (S),2-20,Dalarnas län (S)
V501402,,2020.09.05,Ja,2020.09.05,,Får,,Finullsfår,,2020.09.05,2020.09.05,Nej,0,0,0,0,0,0,0,0,2,1,1,0,0,0,0,0,0,Varg,,Bete innanför stängsel,Fältkontroll - LST,Dokumenterad,2-1273,Bomstället,6253818,432119,6256776,1382408,RT90,Mindre bra,2020.09.07,Nej,,Nej,,2020.09.07,2-1273,Osby (S),2-12,Skåne län (S)
V501406,,2020.09.05,Ja,2020.09.07,,Får,,Annan,"Blandras gotlandsfår, värmlandsfår och finull",2020.09.04,2020.09.05,Nej,0,0,0,0,0,0,0,0,2,2,2,0,0,0,0,0,0,Varg,,Bete innanför stängsel,Fältkontroll - LST,Bedömd som säker,2-1715,Forsnäs,6610428,397958,6613958,1352491,WGS84-UTM Zon 33,Mindre bra,,Nej,,Nej,,2020.09.10,2-1715,Kil (S),2-17,Värmlands län (S)
V501415,,2020.09.06,Ja,2020.09.06,,Får,,Finullsfår,,2020.09.06,2020.09.06,Nej,1,0,0,0,0,0,0,0,0,1,1,0,0,0,0,0,0,Varg,,Bete innanför stängsel,Fältkontroll - LST,Dokumenterad,2-1273,,6251841,439142,6254716,1389411,RT90,Mindre bra,2020.09.07,Nej,,Nej,,2020.09.07,2-1273,Osby (S),2-12,Skåne län (S)
V501421,,2020.09.07,Ja,2020.09.07,,Får,,Finullsfår,,2020.09.07,2020.09.07,Nej,0,0,0,0,0,0,0,0,1,0,0,0,0,0,0,0,0,Varg,,Bete innanför stängsel,Fältkontroll - LST,Dokumenterad,2-1273,,6249708,441495,6252554,1391740,RT90,Mindre bra,2020.09.07,Nej,,Nej,,2020.09.07,2-1273,Osby (S),2-12,Skåne län (S)
V501490,,2020.09.10,Ja,2020.09.10,,Får,,,,2020.08.31,2020.09.09,Ja,0,0,0,0,0,0,0,0,5,1,3,4,0,0,0,0,0,Varg,,Bete innanför stängsel,Fältkontroll - LST,Dokumenterad,2-1384,,6368600,336815,6372741,1288411,SWEREF99 TM,Mycket bra,2020.09.10,Nej,,Nej,,2020.10.21,2-1384,Kungsbacka (S),2-13,Hallands län (S)
V501514,,2020.09.11,Ja,2020.09.11,,Får,,,,2020.09.11,2020.09.11,Nej,0,0,0,0,0,0,0,0,2,1,0,0,0,0,0,0,0,Varg,,Bete innanför stängsel,Fältkontroll - LST,Dokumenterad,2-1383,,6346216,344179,6350257,1295514,SWEREF99 TM,Mindre bra,2020.09.12,Nej,,Nej,,2020.10.21,2-1383,Varberg (S),2-13,Hallands län (S)
V501568,,2020.09.12,Ja,2020.09.14,,Jakthund,,Annan,Jämthund,2020.09.12,2020.09.12,Nej,0,0,0,0,0,0,1,0,0,0,0,0,0,0,0,0,0,Varg,,,Fältkontroll - LST,Bedömd som säker,2-2361,Ursjöberget,6895987,519198,6898140,1477293,SWEREF99 TM,Mycket bra,2020.09.15,Nej,,Nej,,2020.09.16,2-2361,Härjedalen (S),2-23,Jämtlands län (S)
V501569,UI413930 G200-19 +,2020.09.14,Ja,2020.09.14,,Får,,,,2020.09.13,2020.09.14,Nej,0,1,7,0,0,0,0,0,1,0,0,0,0,0,0,0,0,Varg,,Bete innanför stängsel,Fältkontroll - LST,Dokumenterad,2-1290,,6228946,456555,6231607,1406563,SWEREF99 TM,Mycket bra,2020.09.15,Nej,,Nej,,2020.11.09,2-1290,Kristianstad (S),2-12,Skåne län (S)
V501582,,2020.09.15,Ja,2020.09.15,,Får,,Finullsfår,,2020.09.12,2020.09.14,Nej,0,0,0,0,0,0,0,0,1,0,0,0,0,0,0,0,0,Varg,,Bete innanför stängsel,Fältkontroll - LST,Dokumenterad,2-1272,Sibbarp,6228373,468974,6230888,1418981,RT90,Mindre bra,2020.09.15,Nej,,Nej,,2020.09.15,2-1272,Bromölla (S),2-12,Skåne län (S)
V501625,,2020.09.17,Ja,2020.09.17,,Annat djur,4 st döda lamor,,,2020.09.15,2020.09.17,Nej,0,0,0,0,1,0,0,0,3,0,0,0,0,0,0,0,0,Varg,,Bete innanför stängsel,Fältkontroll - LST,Dokumenterad,2-2183,Håkanbo,6778806,588933,6780060,1545596,RT90,Exakt,2020.09.17,Nej,,Nej,,2020.09.24,2-2183,Bollnäs (S),2-21,Gävleborgs län (S)
V501666,,2020.09.19,Ja,2020.09.19,,Får,,Annan,Gutefår,2020.09.16,2020.09.19,Nej,1,0,0,0,0,0,0,0,1,0,0,0,0,0,0,0,0,Varg,,Bete innanför stängsel,Fältkontroll - LST,Dokumenterad,2-0765,"Kornberga, Hallaryd",6258749,431410,6261717,1381757,RT90,Exakt,2020.09.19,Nej,,Nej,,2020.09.20,2-0765,Älmhult (S),2-07,Kronobergs län (S)
V501700,,2020.09.21,Ja,2020.09.21,,Får,,Finullsfår,,2020.09.18,2020.09.19,Nej,4,0,0,0,0,0,0,0,0,0,0,0,0,0,0,0,0,Varg,,Bete innanför stängsel,Fältkontroll - LST,Dokumenterad,2-2183,Tönsen,6778741,583095,6780067,1539756,WGS84-UTM Zon 33,Mindre bra,2020.09.24,Nej,,Nej,,2020.09.24,2-2183,Bollnäs (S),2-21,Gävleborgs län (S)
V501789,,2020.09.23,Ja,2020.09.23,,Får,,Texel,,2020.09.22,2020.09.23,Nej,0,0,0,0,1,0,0,0,0,0,0,0,0,0,0,0,0,Varg,,Bete innanför stängsel,Fältkontroll - LST,Dokumenterad,2-2121,Gäddvik,6804891,561929,6806485,1518907,WGS84-UTM Zon 33,Mindre bra,2020.09.24,Nej,,Nej,,2020.09.24,2-2121,Ovanåker (S),2-21,Gävleborgs län (S)
V501801,,2020.09.20,Ja,2020.09.20,,Får,,Allmogefår,,2020.09.19,2020.09.20,Nej,0,0,0,0,2,0,0,0,0,0,0,0,0,0,0,0,0,Varg,,Bete utan stängsel,Fältkontroll - LST,Dokumenterad,2-0380,Kullviken,6655212,626345,6655978,1581502,SWEREF99 TM,Exakt,2020.09.25,Nej,,Nej,,2020.09.25,2-0380,Uppsala (S),2-03,Uppsala län (S)
V501814,,2020.09.25,Ja,2020.09.25,,Jakthund,,Annan,Drever,2020.09.25,2020.09.25,Nej,0,0,0,0,0,0,0,0,0,0,1,0,0,0,0,0,0,Varg,,,Fältkontroll - LST,Bedömd som säker,2-1883,,6588421,470880,6591057,1425177,RT90,Mindre bra,2020.09.27,Nej,,Nej,,2020.10.02,2-1883,Karlskoga (S),2-18,Örebro län (S)
V501829,,2020.09.27,Ja,2020.09.27,,Jakthund,,Annan,Gråhund,2020.09.27,2020.09.27,Nej,0,0,0,0,0,0,0,0,0,0,1,0,0,0,0,0,0,Varg,,,Fältkontroll - LST,Bedömd som säker,2-2080,Hillersboda,6732294,551984,6733990,1508065,RT90,Mycket bra,2020.09.28,Nej,,Nej,,2020.09.28,2-2080,Falun (S),2-20,Dalarnas län (S)
V501837,,2020.09.26,Ja,2020.09.27,,Get,,,,2020.09.25,2020.09.26,Nej,0,0,0,0,0,0,0,0,1,0,0,0,0,0,0,0,0,Varg,,Bete innanför stängsel,Fältkontroll - LST,Bedömd som säker,2-1885,Bjrkö,6619373,529865,6621304,1484559,SWEREF99 TM,Mycket bra,2020.09.28,Nej,,Nej,,2020.09.28,2-1885,Lindesberg (S),2-18,Örebro län (S)
V501853,,2020.09.27,Ja,2020.09.27,,Får,,,,2020.09.27,2020.09.27,Nej,0,0,0,0,0,0,0,0,4,1,0,0,0,0,0,0,0,Varg,,Bete innanför stängsel,Fältkontroll - LST,Dokumenterad,2-0486,"Rönntorp 1, Strängnäs",6567608,612002,6568528,1566091,RT90,Mycket bra,2020.09.29,Nej,,Nej,,2020.09.30,2-0486,Strängnäs (S),2-04,Södermanlands län (S)
V501871,,2020.10.01,Ja,2020.10.01,,Får,,Finullsfår,,2020.09.30,2020.10.01,Nej,1,0,0,0,0,0,0,0,0,0,0,0,0,0,0,0,0,Varg,,Bete innanför stängsel,Fältkontroll - LST,Dokumenterad,2-2183,Tönsen,6778740,583058,6780066,1539719,WGS84-UTM Zon 33,Mindre bra,2020.10.01,Nej,,Nej,,2020.10.22,2-2183,Bollnäs (S),2-21,Gävleborgs län (S)
V501897,,2020.10.03,Ja,2020.10.03,,Får,,Köttraskorsningar,,2020.10.02,2020.10.03,Nej,0,0,0,0,0,0,0,0,6,6,2,0,0,0,0,0,0,Varg,,Bete innanför stängsel,Fältkontroll - LST,Dokumenterad,2-0461,,6559081,612647,6559992,1566633,SWEREF99 TM,Mindre bra,2020.10.15,Nej,,Nej,,2020.10.15,2-0461,Gnesta (S),2-04,Södermanlands län (S)
V501930,,2020.10.04,Ja,2020.10.05,,Får,,,,2020.10.03,2020.10.04,Nej,4,0,0,1,0,0,0,0,3,0,0,1,0,0,0,0,0,Varg,,Bete innanför stängsel,Fältkontroll - LST,Dokumenterad,2-1784,Söpple,6595174,368432,6599056,1322765,RT90,Mindre bra,2020.10.05,Nej,,Nej,,2020.10.05,2-1784,Arvika (S),2-17,Värmlands län (S)
V501993,UI413930 G200-19 +,2020.10.08,Ja,2020.10.08,,Får,,,,2020.10.05,2020.10.08,Nej,5,1,7,1,0,0,0,0,0,0,0,0,0,0,0,0,0,Varg,,Bete innanför stängsel,Fältkontroll - LST,Dokumenterad,2-0662,,6372237,421189,6375378,1372871,RT90,Exakt,2020.10.09,Nej,,Nej,,2021.03.24,2-0662,Gislaved (S),2-06,Jönköpings län (S)
V502024,UI413930 G200-19 +,2020.10.12,Ja,2020.10.12,,Får,,,,2020.10.11,2020.10.12,Nej,0,0,0,0,1,0,0,0,0,3,0,0,0,0,0,0,0,Varg,,Bete innanför stängsel,Fältkontroll - LST,Dokumenterad,2-1382,,6350579,367907,6354341,1319306,SWEREF99 TM,Mycket bra,2020.10.12,Nej,,Nej,,2020.10.28,2-1382,Falkenberg (S),2-13,Hallands län (S)
V502027,,2020.10.12,Ja,2020.10.12,,Jakthund,,Annan,Jämthund,2020.10.12,2020.10.12,Nej,0,0,0,0,0,0,0,0,1,0,0,0,0,0,0,0,0,Varg,,,Fältkontroll - LST,Dokumenterad,2-1783,"Grusmon, Sörby",6648348,411511,6651731,1366512,RT90,Exakt,2020.10.13,Nej,,Nej,,2020.10.13,2-1783,Hagfors (S),2-17,Värmlands län (S)
V502050,UI413930 G200-19 +,2020.10.14,Ja,2020.10.14,,Får,,,,2020.10.13,2020.10.14,Nej,0,0,0,0,0,0,0,0,3,3,0,0,0,0,0,0,0,Varg,,Bete innanför stängsel,Fältkontroll - LST,Dokumenterad,2-1383,,6349266,355698,6353172,1307075,SWEREF99 TM,Mycket bra,2020.10.14,Nej,,Nej,,2020.10.28,2-1383,Varberg (S),2-13,Hallands län (S)
V502057,,2020.10.14,Ja,2020.10.15,,Jakthund,,,Vitälghund,2020.10.14,2020.10.14,Nej,0,0,0,0,0,0,0,0,0,0,1,0,0,0,0,0,0,Varg,,,Fältkontroll - LST,Dokumenterad,2-1880,Bredsjö,6577886,510653,6580036,1464837,WGS84-UTM Zon 33,Mindre bra,,Nej,,Nej,,2020.10.15,2-1880,Örebro (S),2-18,Örebro län (S)
V502083,UI413930 G200-19 +,2020.10.17,Ja,2020.10.17,,Får,,Gotlandsfår,,2020.10.16,2020.10.17,Nej,0,0,0,0,0,0,0,0,1,0,0,0,0,0,0,0,0,Varg,,Bete innanför stängsel,Fältkontroll - LST,Dokumenterad,2-1383,,6348038,340129,6352128,1291483,SWEREF99 TM,Mindre bra,2020.10.18,Nej,,Nej,,2020.10.28,2-1383,Varberg (S),2-13,Hallands län (S)
V502093,UI413930 G200-19 +,2020.10.18,Ja,2020.10.18,,Får,,,,2020.10.17,2020.10.18,Nej,0,0,0,0,0,0,0,0,1,1,0,0,0,0,0,0,0,Varg,,Bete innanför stängsel,Fältkontroll - LST,Dokumenterad,2-1383,,6337906,344198,6341942,1295434,SWEREF99 TM,Mycket bra,2020.10.18,Nej,,Nej,,2020.10.28,2-1383,Varberg (S),2-13,Hallands län (S)
V502123,,2020.10.14,Ja,2020.10.14,,Får,,Annan,Klövsjö,2020.10.13,2020.10.14,Nej,0,0,0,0,0,0,0,0,1,0,0,0,0,0,0,0,0,Varg,,Bete innanför stängsel,Fältkontroll - LST,Bedömd som säker,2-1482,Ödsmål,6423586,309740,6428081,1261975,WGS84-UTM Zon 33,Mindre bra,2020.10.20,Nej,,Nej,,2020.10.20,2-1482,Kungälv (S),2-14,Västra Götalands län (S)
V502128,,2020.10.20,Ja,2020.10.20,,Får,,,,2020.10.19,2020.10.20,Nej,0,2,0,0,0,0,0,0,0,0,0,0,0,0,0,0,0,Varg,,Bete innanför stängsel,Fältkontroll - LST,Dokumenterad,2-1382,,6348610,369908,6352347,1321285,SWEREF99 TM,Mindre bra,2020.10.21,Nej,,Nej,,2020.10.21,2-1382,Falkenberg (S),2-13,Hallands län (S)
V502192,,2020.10.25,Ja,2020.10.26,,Annan hund,,,Dvärgpincher,2020.10.25,2020.10.25,Nej,0,0,0,0,0,0,0,0,1,0,0,0,0,0,0,0,0,Varg,,,Fältkontroll - LST,Dokumenterad,2-1766,Bössviken 22 ,6616127,403293,6619595,1357898,WGS84-UTM Zon 33,Mindre bra,2020.10.26,Nej,,Nej,,2020.10.26,2-1766,Sunne (S),2-17,Värmlands län (S)
V502193,,2020.10.25,Ja,2020.10.25,,Får,,,,2020.10.24,2020.10.25,Nej,0,0,0,0,0,0,0,0,1,0,3,0,0,0,0,0,0,Varg,,Bete innanför stängsel,Fältkontroll - LST,Dokumenterad,2-0765,Virestad,6271783,456861,6274458,1407372,RT90,Mindre bra,2020.10.26,Nej,,Nej,,2020.10.26,2-0765,Älmhult (S),2-07,Kronobergs län (S)
V502194,,2020.10.23,Ja,2020.10.23,,Ren,,,,2020.10.22,2020.10.23,Nej,0,0,0,0,0,0,0,0,1,0,1,0,0,0,0,0,0,Varg,,Bete utan stängsel,Fältkontroll - LST,Dokumenterad,2-2309,Häbbergsflyarna,7099087,478393,7101823,1439024,SWEREF99 TM,Mycket bra,2020.10.26,Ja,,Ja,2020.11.04,2020.11.04,2-2309,Krokom (S),2-23,Jämtlands län (S)
V502316,,2020.11.03,Ja,2020.11.04,,Jakthund,,Annan,Tax,2020.11.03,2020.11.03,Nej,0,0,0,0,1,0,0,0,0,0,0,0,0,0,0,0,0,Varg,,,Fältkontroll - LST,Bedömd som säker,2-2081,Borlänge / Tjärnan,6706639,520062,6708718,1475818,RT90,Mycket bra,2020.11.05,Nej,,Nej,,2020.11.20,2-2081,Borlänge (S),2-20,Dalarnas län (S)
V502324,,2020.11.07,Ja,2020.11.07,,Får,,Texel,,2020.11.06,2020.11.07,Nej,0,0,0,0,0,0,1,0,1,0,0,1,0,0,0,0,0,Varg,,Bete innanför stängsel,Fältkontroll - LST,Dokumenterad,2-1293,,6218787,415933,6221918,1365804,SWEREF99 TM,Mycket bra,2020.11.08,Nej,,Nej,,2020.11.08,2-1293,Hässleholm (S),2-12,Skåne län (S)
V502338,,2020.11.10,Ja,2020.11.10,,Får,,Gotlandsfår,,2020.11.09,2020.11.10,Nej,1,0,0,0,0,0,0,0,3,6,0,0,0,0,0,0,0,Varg,,Bete innanför stängsel,Fältkontroll - LST,Dokumenterad,2-1291,Ravlunda skjutfält,6177678,447127,6180427,1396533,RT90,Mycket bra,2020.11.10,Nej,,Nej,,2020.11.10,2-1291,Simrishamn (S),2-12,Skåne län (S)
V502341,,2020.11.11,Ja,2020.11.11,,Ren,,,,2020.11.10,2020.11.11,Nej,0,0,0,0,0,0,0,0,1,0,0,0,1,0,0,0,0,Varg,,,Fältkontroll - Sameby,Dokumenterad,2-2326,Röjån,6928030,468716,6930824,1427192,RT90,Mindre bra,2020.11.11,Ja,,Nej,,2020.11.11,2-2326,Berg (S),2-23,Jämtlands län (S)
V502345,,2020.11.12,Ja,2020.11.12,,Får,,Gotlandsfår,,2020.11.09,2020.11.12,Nej,0,0,0,0,3,3,0,0,0,0,0,0,0,0,0,0,0,Varg,,Bete innanför stängsel,Fältkontroll - LST,Dokumenterad,2-0665,,6361708,439939,6364621,1391504,SWEREF99 TM,Mycket bra,2020.11.12,Nej,,Nej,,2022.05.19,2-0665,Vaggeryd (S),2-06,Jönköpings län (S)
V502351,,2020.11.15,Ja,2020.11.15,,Jakthund,,,Jämthund ,2020.11.14,2020.11.15,Ja,0,0,0,0,0,0,0,0,0,1,0,0,0,0,0,0,0,Varg,,,Fältkontroll - LST,Dokumenterad,2-1863,,6645475,465043,6648204,1420032,WGS84-UTM Zon 33,Mindre bra,2020.12.14,Nej,,Nej,,2020.12.15,2-1863,Hällefors (S),2-18,Örebro län (S)
V502364,,2020.11.14,Ja,2020.11.15,,Jakthund,,,Gråhund,2020.11.14,2020.11.14,Nej,0,0,0,0,0,0,0,0,1,0,0,0,0,0,0,0,0,Varg,,,Fältkontroll - LST,Dokumenterad,2-2161,Remmakölen,6885298,557006,6886977,1514980,WGS84-UTM Zon 33,Mindre bra,2020.11.30,Nej,,Nej,,2020.11.30,2-2161,Ljusdal (S),2-21,Gävleborgs län (S)
V502365,,2020.11.14,Ja,2020.11.14,,Får,,Allmogefår,,2020.11.13,2020.11.14,Nej,0,0,0,0,0,0,0,0,1,0,0,0,0,0,0,0,0,Varg,,Bete utan stängsel,Fältkontroll - LST,Dokumenterad,2-1885,Sunnankärr ,6600873,518818,6602932,1473284,WGS84-UTM Zon 33,Mindre bra,,Nej,,Nej,,2020.11.16,2-1885,Lindesberg (S),2-18,Örebro län (S)
V502367,,2020.11.15,Ja,2020.11.16,,Jakthund,,,Schillerstövare,2020.11.15,2020.11.15,Nej,0,0,0,0,0,0,0,0,0,0,1,0,0,0,0,0,0,Varg,,,Fältkontroll - LST,Dokumenterad,2-1782,Skarptorp,6605296,467865,6607975,1422366,RT90,Mindre bra,2020.11.16,Nej,,Nej,,2021.09.21,2-1782,Filipstad (S),2-17,Värmlands län (S)
V502402,,2020.11.23,Ja,2020.11.23,,Jakthund,,,Drever,2020.11.23,2020.11.23,Nej,0,0,0,0,0,0,0,0,0,0,1,0,0,0,0,0,0,Varg,,,Fältkontroll - LST,Dokumenterad,2-2061,Stora bjursjön,6653292,530919,6655221,1486027,WGS84-UTM Zon 33,Mindre bra,2020.11.23,Nej,,Nej,,2020.11.24,2-2061,Smedjebacken (S),2-20,Dalarnas län (S)
V502406,,2020.11.24,Ja,2020.11.24,,Ren,,,,2020.11.24,2020.11.24,Nej,0,0,0,0,1,0,0,0,0,0,0,0,0,0,0,0,0,Varg,,,Fältkontroll - LST,Bedömd som säker,2-2361,Skorvdalen,6917869,448410,6920912,1406752,SWEREF99 TM,Exakt,2020.11.24,Ja,,Nej,,2020.11.24,2-2361,Härjedalen (S),2-23,Jämtlands län (S)
V502421,,2020.11.29,Nej,,2020.11.29,Ren,,,,2020.11.28,2020.11.29,Nej,1,0,0,0,0,0,0,0,0,0,0,0,0,0,0,0,0,Varg,,,Intervju/brev,Bedömd som säker,2-2361,Skorvdalsfjället,6922598,450067,6925622,1408468,SWEREF99 TM,Mycket bra,2020.11.30,Nej,,Nej,,2020.11.30,2-2361,Härjedalen (S),2-23,Jämtlands län (S)
V502431,,2020.12.02,Ja,2020.12.02,,Ren,,,,2020.12.01,2020.12.02,Nej,0,0,0,0,0,0,0,0,1,0,0,0,0,0,0,0,0,Varg,,,Fältkontroll - LST,Dokumenterad,2-2404,Krycklan,7130145,734746,7129640,1695832,RT90,Exakt,2020.12.02,Nej,,Nej,,2020.12.02,2-2404,Vindeln (S),2-24,Västerbottens län (S)
V502436,,2020.11.25,Ja,2020.11.25,,Ren,,,,2020.11.24,2020.11.25,Nej,0,1,0,0,0,0,0,0,1,0,0,0,0,0,0,0,0,Varg,,Bete utan stängsel,Fältkontroll - LST,Dokumenterad,2-2523,Slättheden,7372550,785774,7371417,1749969,WGS84-UTM Zon 33,Mindre bra,2020.11.25,Ja,,Nej,,2020.12.04,2-2523,Gällivare (S),2-25,Norrbottens län (S)
V502437,,2020.12.02,Ja,2020.12.02,,Ren,,,,2020.11.30,2020.12.01,Ja,1,0,0,0,0,0,0,0,0,0,0,0,0,0,0,0,0,Varg,,Bete utan stängsel,Fältkontroll - LST,Osäker,2-2523,Kaptik,7387402,776988,7386383,1741374,WGS84-UTM Zon 33,Mindre bra,2020.12.02,Ja,,Nej,,2020.12.03,2-2523,Gällivare (S),2-25,Norrbottens län (S)
V502438,,2020.12.02,Ja,2020.12.02,,Ren,,,,2020.11.24,2020.11.26,Ja,1,0,0,0,0,0,0,0,0,0,0,0,0,0,0,0,0,Varg,,Bete utan stängsel,Fältkontroll - LST,Dokumenterad,2-2523,Slättheden ,7369426,786404,7368284,1750558,WGS84-UTM Zon 33,Mindre bra,2020.12.02,Ja,,Nej,,2020.12.03,2-2523,Gällivare (S),2-25,Norrbottens län (S)
V502443,,2020.12.05,Ja,2020.12.05,,Jakthund,,,Jämthund,2020.12.05,2020.12.05,Nej,0,0,0,0,0,0,0,0,1,0,0,0,0,0,0,0,0,Varg,,,Fältkontroll - LST,Dokumenterad,2-2161,Habovall,6850878,521359,6852989,1478894,SWEREF99 TM,Exakt,2020.12.16,Nej,,Nej,,2020.12.16,2-2161,Ljusdal (S),2-21,Gävleborgs län (S)
V502450,,2020.12.08,Ja,2020.12.08,,Ren,,,,2020.12.05,2020.12.06,Nej,0,0,0,0,0,0,0,0,1,0,0,0,0,0,0,0,0,Varg,,,Fältkontroll - LST,Dokumenterad,2-2521,Kaunistieva,7442837,838172,7441030,1803280,WGS84-UTM Zon 33,Mindre bra,2020.12.08,Nej,,Nej,,2021.01.08,2-2521,Pajala (S),2-25,Norrbottens län (S)
V502451,,2020.12.08,Ja,2020.12.08,,Ren,,,,2020.12.05,2020.12.06,Nej,0,0,0,0,1,0,0,0,0,0,0,0,0,0,0,0,0,Varg,,,Fältkontroll - LST,Dokumenterad,2-2521,Kaunistieva,7443060,838494,7441249,1803605,WGS84-UTM Zon 33,Mindre bra,2020.12.08,Nej,,Nej,,2020.12.08,2-2521,Pajala (S),2-25,Norrbottens län (S)
V502452,,2020.12.08,Ja,2020.12.08,,Ren,,,,2020.12.06,2020.12.07,Nej,1,0,0,0,0,0,0,0,0,0,0,0,0,0,0,0,0,Varg,,,Fältkontroll - LST,Dokumenterad,2-2521,Kaunistieva,7442945,837908,7441141,1803017,WGS84-UTM Zon 33,Mindre bra,2020.12.08,Nej,,Nej,,2020.12.08,2-2521,Pajala (S),2-25,Norrbottens län (S)
V502454,,2020.12.09,Nej,,,Ren,,,,2020.12.07,2020.12.08,Nej,1,0,0,0,0,0,0,0,0,0,0,0,0,0,0,0,0,Varg,,,Fältkontroll - LST,Dokumenterad,2-2513,Äijävaara,7397170,859703,7395082,1824220,WGS84-UTM Zon 33,Mindre bra,2021.05.22,Senare,2020.12.23,Nej,,2021.05.22,2-2513,Överkalix (S),2-25,Norrbottens län (S)
V502455,,2020.12.08,Ja,2020.12.08,,Ren,,,,2020.12.01,2020.12.05,Nej,1,0,0,0,0,0,0,0,0,0,0,0,0,0,0,0,0,Varg,,,Fältkontroll - LST,Osäker,2-2518,Voumajärvi,7365493,889948,7363014,1854056,WGS84-UTM Zon 33,Mindre bra,2020.12.09,Nej,,Nej,,2020.12.09,2-2518,Övertorneå (S),2-25,Norrbottens län (S)
V502460,,2020.12.10,Ja,2020.12.10,,Ren,,,,2020.12.09,2020.12.10,Nej,1,0,0,0,0,0,0,0,0,0,0,0,0,0,0,0,0,Varg,,,Fältkontroll - LST,Dokumenterad,2-2513,Mjölaskatan,7399142,847697,7397210,1812239,SWEREF99 TM,Mindre bra,2021.05.22,Ja,,Nej,,2021.05.22,2-2513,Överkalix (S),2-25,Norrbottens län (S)
V502462,,2020.12.09,Ja,2020.12.09,,Nöt,,,,2020.12.08,2020.12.08,Nej,0,0,0,2,0,0,0,6,0,0,0,0,0,0,0,0,0,Varg,,Bete innanför stängsel,Fältkontroll - LST,Dokumenterad,2-0562,Rösjö,6505769,528767,6507676,1482087,SWEREF99 TM,Mindre bra,2020.12.10,Nej,,Nej,,2020.12.11,2-0562,Finspång (S),2-05,Östergötlands län (S)
V502470,,2020.12.12,Ja,2020.12.12,,Ren,,,,2020.12.11,2020.12.12,Nej,0,1,0,0,0,0,0,0,0,0,0,0,0,0,0,0,0,Varg,,,Fältkontroll - LST,Dokumenterad,2-2521,Ämmesjärvi,7439152,850451,7437185,1815512,SWEREF99 TM,Exakt,2021.05.22,Ja,,Nej,,2021.05.22,2-2521,Pajala (S),2-25,Norrbottens län (S)
V502471,,2020.12.13,Ja,2020.12.13,,Ren,,,,2020.12.13,2020.12.13,Nej,0,0,0,0,1,0,0,0,0,0,0,0,0,0,0,0,0,Varg,,,Fältkontroll - LST,Dokumenterad,2-2513,Hukkavaara,7415769,820882,7414185,1785638,WGS84-UTM Zon 33,Mindre bra,2020.12.13,Senare,2021.02.02,Nej,,2020.12.13,2-2513,Överkalix (S),2-25,Norrbottens län (S)
V502479,,2020.12.14,Ja,2020.12.14,,Ren,,,,2020.12.14,2020.12.14,Nej,1,0,0,0,0,0,0,0,0,0,0,0,0,0,0,0,0,Varg,,,Fältkontroll - LST,Dokumenterad,2-2521,Torinen,7459469,877899,7457146,1843224,WGS84-UTM Zon 33,Mindre bra,2020.12.14,Nej,,Nej,,2020.12.14,2-2521,Pajala (S),2-25,Norrbottens län (S)
V502483,,2020.12.15,Ja,2020.12.15,,Ren,,,,2020.12.14,2020.12.15,Nej,1,0,0,0,0,0,0,0,0,0,0,0,0,0,0,0,0,Varg,,,Fältkontroll - LST,Dokumenterad,2-2521,Kardis,7459424,878191,7457098,1843516,WGS84-UTM Zon 33,Mindre bra,2020.12.15,Senare,2020.12.31,Nej,,2020.12.15,2-2521,Pajala (S),2-25,Norrbottens län (S)
V502489,,2020.12.14,Ja,2020.12.15,,Jakthund,,Annan,Stövare,2020.12.12,2020.12.12,Nej,0,0,0,0,0,0,0,0,0,0,1,0,0,0,0,0,0,Varg,,,Fältkontroll - LST,Dokumenterad,2-2181,Gäddtjärn,6724596,571821,6726046,1527813,SWEREF99 TM,Mindre bra,2020.12.16,Nej,,Nej,,2020.12.16,2-2181,Sandviken (S),2-21,Gävleborgs län (S)
V502493,,2020.12.16,Ja,2020.12.16,,Ren,,,,2020.12.10,2020.12.14,Ja,0,0,0,0,0,0,0,0,1,0,0,0,0,0,0,0,0,Varg,,,Fältkontroll - Sameby,Bedömd som säker,2-2361,Nordköltelet,6919358,454688,6922323,1413051,RT90,Mindre bra,2020.12.16,Ja,,Nej,,2020.12.16,2-2361,Härjedalen (S),2-23,Jämtlands län (S)
V502497,,2020.12.18,Ja,2020.12.18,,Ren,,,,2020.12.18,2020.12.18,Nej,0,0,0,0,0,0,0,0,1,0,0,0,0,0,0,0,0,Varg,,,Fältkontroll - LST,Dokumenterad,2-2514,Stråkanäs,7326273,867033,7324089,1830635,SWEREF99 TM,Exakt,2020.12.18,Senare,2020.12.31,Nej,,2020.12.18,2-2514,Kalix (S),2-25,Norrbottens län (S)
V502498,,2020.12.18,Ja,2020.12.18,,Ren,,,,2020.12.07,2020.12.18,Ja,3,0,0,0,0,0,0,0,6,0,0,0,0,0,0,0,0,Varg,,,Fältkontroll - LST,Dokumenterad,2-2039,Stormyran,6864021,405878,6867571,1363531,RT90,Mycket bra,2020.12.19,Ja,,Nej,,2020.12.19,2-2039,Älvdalen (S),2-20,Dalarnas län (S)
V502499,,2020.12.19,Ja,2020.12.19,,Ren,,,,2020.12.19,2020.12.19,Nej,1,0,0,0,0,0,0,0,0,0,0,0,0,0,0,0,0,Varg,,,Fältkontroll - LST,Dokumenterad,2-2523,Kulujänkka,7414916,767526,7414023,1732267,WGS84-UTM Zon 33,Mycket bra,2020.12.19,Ja,,Nej,,2020.12.19,2-2523,Gällivare (S),2-25,Norrbottens län (S)
V502501,,2020.12.19,Ja,2020.12.19,,Ren,,,,2020.12.19,2020.12.19,Nej,0,0,0,0,1,0,0,0,0,0,0,0,0,0,0,0,0,Varg,,,Intervju/brev,Osäker,2-2523,Venetrova,7408903,769387,7407985,1734050,SWEREF99 TM,Mindre bra,2020.12.19,Ja,,Nej,,2020.12.19,2-2523,Gällivare (S),2-25,Norrbottens län (S)
V502503,,2020.12.20,Ja,2020.12.20,,Ren,,,,2020.12.20,2020.12.20,Nej,0,0,0,0,0,0,0,0,1,0,0,0,0,0,0,0,0,Varg,,Bete utan stängsel,Fältkontroll - LST,Dokumenterad,2-2523,Muorkaape,7394274,773303,7393304,1737777,WGS84-UTM Zon 33,Mindre bra,2020.12.20,Ja,,Nej,,2020.12.20,2-2523,Gällivare (S),2-25,Norrbottens län (S)
V502520,,2020.12.27,Ja,2020.12.28,,Jakthund,,Annan,Smålandstövare,2020.12.27,2020.12.27,Nej,0,0,0,0,0,0,0,0,0,0,1,0,0,0,0,0,0,Varg,,,Fältkontroll - LST,Bedömd som säker,2-1863,Norrsjöreviret,6641915,480097,6644459,1435048,SWEREF99 TM,Mindre bra,2020.12.28,Nej,,Nej,,2021.03.09,2-1863,Hällefors (S),2-18,Örebro län (S)
V502532,,2021.01.02,Ja,2021.01.03,,Jakthund,,,Amerikanska Foxhund,2021.01.02,2021.01.02,Ja,0,0,0,0,1,0,0,0,0,0,0,0,0,0,0,0,0,Varg,,,Fältkontroll - LST,Dokumenterad,2-2161,Sidskogen,6829642,547248,6831425,1504528,WGS84-UTM Zon 33,Mindre bra,2021.01.03,Nej,,Nej,,2021.05.31,2-2161,Ljusdal (S),2-21,Gävleborgs län (S)
V502613,,2021.01.16,Ja,2021.01.16,,Får,,Gotlandsfår,,2021.01.15,2021.01.16,Nej,0,0,0,0,0,0,0,0,1,0,0,0,0,0,0,0,0,Varg,,Bete innanför stängsel,Fältkontroll - LST,Bedömd som säker,2-1267,,6204040,408709,6207249,1358405,RT90,Mycket bra,2021.01.17,Nej,,Nej,,2021.01.17,2-1267,Höör (S),2-12,Skåne län (S)
V502880,,2021.02.12,Ja,2021.02.12,,Ren,,,,2021.02.10,2021.02.11,Nej,0,0,0,0,0,0,0,0,1,0,0,0,0,0,0,0,0,Varg,,,Fältkontroll - LST,Dokumenterad,2-2580,Klasgrönnan,7276106,845076,7274204,1808033,WGS84-UTM Zon 33,Mindre bra,2021.05.22,Ja,,Nej,,2021.05.22,2-2580,Luleå (S),2-25,Norrbottens län (S)
V502881,,2021.02.12,Ja,2021.02.12,,Ren,,,,2021.02.10,2021.02.11,Nej,0,0,0,0,0,0,0,0,1,0,0,0,0,0,0,0,0,Varg,,,Fältkontroll - LST,Dokumenterad,2-2580,Junkön ,7279124,840374,7277282,1803369,WGS84-UTM Zon 33,Mindre bra,2021.02.12,Ja,,Nej,,2021.02.12,2-2580,Luleå (S),2-25,Norrbottens län (S)
V502928,,2021.02.18,Ja,2021.02.18,,Ren,,,,2021.02.08,2021.02.14,Nej,0,0,0,0,1,0,0,0,0,0,0,0,0,0,0,0,0,Varg,,,Fältkontroll - LST,Dokumenterad,2-2583,Sandskär,7300041,902081,7297407,1865345,WGS84-UTM Zon 33,Mindre bra,,Senare,2021.03.04,Nej,,2021.02.18,2-2583,Haparanda (S),2-25,Norrbottens län (S)
V502929,,2021.02.18,Ja,2021.02.18,,Ren,,,,2021.02.08,2021.02.14,Nej,0,0,0,0,1,0,0,0,0,0,0,0,0,0,0,0,0,Varg,,,Fältkontroll - LST,Dokumenterad,2-2583,Sandskär,7299554,902885,7296909,1866143,WGS84-UTM Zon 33,Mindre bra,,Senare,2021.03.04,Nej,,2021.02.18,2-2583,Haparanda (S),2-25,Norrbottens län (S)
V502930,,2021.02.18,Ja,2021.02.18,,Ren,,,,2021.02.10,2021.02.14,Nej,0,0,0,0,0,0,0,0,1,0,0,0,0,0,0,0,0,Varg,,,Fältkontroll - LST,Bedömd som säker,2-2583,Hepokari,7306405,915096,7303603,1878441,WGS84-UTM Zon 33,Mindre bra,,Senare,2021.03.04,Nej,,2021.02.18,2-2583,Haparanda (S),2-25,Norrbottens län (S)
V502987,,2021.02.19,Ja,2021.02.20,,Får,,Annan,Blandras,2021.02.19,2021.02.19,Nej,0,0,0,0,0,0,0,0,1,0,0,0,0,0,0,0,0,Varg,,Bete innanför stängsel,Fältkontroll - LST,Dokumenterad,2-1492,Skackerud,6553475,353358,6557518,1307179,WGS84-UTM Zon 33,Mindre bra,2021.02.23,Nej,,Nej,,2021.02.23,2-1492,Åmål (S),2-14,Västra Götalands län (S)
V502988,,2021.02.20,Ja,2021.02.21,,Får,,Annan,Blandras,2021.02.19,2021.02.19,Nej,0,0,0,0,0,0,0,0,0,1,0,0,0,0,0,0,0,Varg,,Bete innanför stängsel,Fältkontroll - LST,Dokumenterad,2-1492,Skackerud,6553607,353416,6557649,1307238,WGS84-UTM Zon 33,Mindre bra,2021.02.23,Nej,,Nej,,2022.04.04,2-1492,Åmål (S),2-14,Västra Götalands län (S)
V503020,,2021.02.24,Ja,2021.02.24,,Jakthund,,,Finsk støver,2021.02.24,2021.02.24,Nej,0,0,0,0,0,0,0,0,1,0,0,0,0,0,0,0,0,Varg,,Bete utan stängsel,Fältkontroll - SNO,Dokumenterad,2-1737,Posåsen,6738377,357444,6742465,1313521,WGS84-UTM Zon 33,Mindre bra,,Nej,,Nej,,2021.02.25,2-1737,Torsby (S),2-17,Värmlands län (S)
V503107,,2021.03.04,Ja,2021.03.06,,Ren,,,,2021.03.03,2021.03.04,Nej,0,0,0,0,0,0,0,0,1,0,0,0,0,0,0,0,0,Varg,,,Fältkontroll - LST,Bedömd som säker,2-2361,Målingen,6873175,481664,6875787,1439462,RT90,Mindre bra,2021.03.06,Ja,,Nej,,2021.03.11,2-2361,Härjedalen (S),2-23,Jämtlands län (S)
V503108,,2020.10.29,Ja,2020.10.29,,Ren,,,,2020.10.26,2020.10.29,Nej,0,0,0,0,1,0,0,0,0,0,0,0,0,0,0,0,0,Varg,,,Fältkontroll - Sameby,Bedömd som säker,2-2326,Rammberget,6949666,460666,6952569,1419410,SWEREF99 TM,Exakt,2021.03.05,Ja,,Nej,,2021.03.05,2-2326,Berg (S),2-23,Jämtlands län (S)
V503109,,2020.10.22,Ja,2020.10.22,,Ren,,,,2020.10.14,2020.10.22,Ja,1,0,0,0,0,0,0,0,0,0,0,0,0,0,0,0,0,Varg,,,Fältkontroll - Sameby,Bedömd som säker,2-2326,,6951094,460408,6954000,1419169,RT90,Mindre bra,2021.03.05,Ja,,Nej,,2022.04.04,2-2326,Berg (S),2-23,Jämtlands län (S)
V503110,,2020.11.25,Ja,2020.11.25,,Ren,,,,2020.11.12,2020.11.25,Nej,1,0,0,0,0,0,0,0,0,0,0,0,0,0,0,0,0,Varg,,,Fältkontroll - Sameby,Bedömd som säker,2-2326,,6954180,461217,6957077,1420017,RT90,Mindre bra,2021.03.05,Ja,,Nej,,2021.03.05,2-2326,Berg (S),2-23,Jämtlands län (S)
V503111,,2020.12.04,Ja,2020.12.04,,Ren,,,,2020.11.30,2020.12.04,Nej,1,0,0,0,0,0,0,0,0,0,0,0,0,0,0,0,0,Varg,,,Fältkontroll - Sameby,Bedömd som säker,2-2326,,6953898,461936,6956786,1420733,RT90,Mindre bra,2021.03.05,Ja,,Nej,,2021.03.05,2-2326,Berg (S),2-23,Jämtlands län (S)
V503130,,2021.03.08,Ja,2021.03.08,,Ren,,,,2021.03.07,2021.03.08,Nej,0,0,0,0,0,0,0,0,1,0,0,0,0,0,0,0,0,Varg,,,Fältkontroll - Sameby,Bedömd som säker,2-2361,Fisklöstjärn,6869892,483814,6872476,1441572,RT90,Mindre bra,2021.03.08,Ja,,Nej,,2021.03.08,2-2361,Härjedalen (S),2-23,Jämtlands län (S)
V503176,,2021.03.06,Ja,2021.03.06,,Ren,,,,2021.03.05,2021.03.06,Nej,0,0,0,0,0,0,0,0,1,0,0,0,0,0,0,0,0,Varg,,,Fältkontroll - LST,Dokumenterad,2-2361,Målingen,6869873,482811,6872469,1440568,SWEREF99 TM,Mindre bra,2021.03.11,Ja,,Nej,,2021.03.11,2-2361,Härjedalen (S),2-23,Jämtlands län (S)
V503202,,2021.03.13,Ja,2021.03.13,,Ren,,,,2021.03.12,2021.03.13,Nej,1,0,0,0,0,0,0,0,0,0,0,0,0,0,0,0,0,Varg,,,Fältkontroll - LST,Dokumenterad,2-2361,Rensjöremmet,6849185,461977,6852032,1419469,WGS84-UTM Zon 33,Mindre bra,2021.03.13,Nej,,Nej,,2021.03.13,2-2361,Härjedalen (S),2-23,Jämtlands län (S)
V503207,,2021.03.13,Ja,2021.03.13,,Jakthund,,,Finskstövare,2021.03.13,2021.03.13,Nej,0,0,0,0,0,0,0,0,0,0,1,0,0,0,0,0,0,Varg,,,Fältkontroll - LST,Dokumenterad,2-2181,Lumsheden,6729305,572434,6730749,1528484,WGS84-UTM Zon 33,Mycket bra,2021.08.11,Nej,,Nej,,2021.08.16,2-2181,Sandviken (S),2-21,Gävleborgs län (S)
V503265,,2021.03.15,Ja,2021.03.16,,Jakthund,,Annan,Finnstövare,2021.03.15,2021.03.15,Nej,0,0,0,0,0,0,1,0,0,0,0,0,0,0,0,0,0,Varg,,,Fältkontroll - LST,Dokumenterad,2-2021,Roslamstjärn,6682608,476451,6685212,1431897,SWEREF99 TM,Mindre bra,2021.03.16,Nej,,Nej,,2021.03.16,2-2021,Vansbro (S),2-20,Dalarnas län (S)
V503268,,2021.03.13,Ja,2021.03.15,,Ren,,,,2021.03.12,2021.03.13,Nej,1,0,0,0,0,0,0,0,0,0,0,0,0,0,0,0,0,Varg,,,Fältkontroll - LST,Bedömd som säker,2-2361,Rensjön,6850364,462006,6853211,1419513,SWEREF99 TM,Mindre bra,2021.03.15,Ja,,Nej,,2021.03.16,2-2361,Härjedalen (S),2-23,Jämtlands län (S)
V503398,,2021.03.23,Ja,2021.03.23,,Ren,,,,2021.03.21,2021.03.22,Nej,0,0,0,0,0,0,0,0,1,0,0,0,0,0,0,0,0,Varg,,Bete utan stängsel,Fältkontroll - LST,Dokumenterad,2-2326,Hjorten ,6917869,486068,6920442,1444424,WGS84-UTM Zon 33,Mindre bra,2021.03.23,Ja,,Nej,,2021.03.23,2-2326,Berg (S),2-23,Jämtlands län (S)
V503399,,2021.03.23,Ja,2021.03.23,,Ren,,,,2021.03.22,2021.03.23,Nej,0,0,0,0,0,0,0,0,1,0,0,0,0,0,0,0,0,Varg,,,Fältkontroll - LST,Dokumenterad,2-2326,Lillberget,6920215,483332,6922823,1441716,WGS84-UTM Zon 33,Mindre bra,2021.03.23,Ja,,Nej,,2021.03.23,2-2326,Berg (S),2-23,Jämtlands län (S)
V503509,,2021.04.02,Ja,2021.04.02,,Ren,,,,2021.04.02,2021.04.02,Nej,0,0,0,0,0,0,0,0,1,0,0,0,0,0,0,0,0,Varg,,,Fältkontroll - LST,Dokumenterad,2-2309,Mellsjön,7056032,440831,7059226,1400903,WGS84-UTM Zon 33,Mindre bra,2021.04.03,Ja,,Nej,,2021.04.06,2-2309,Krokom (S),2-23,Jämtlands län (S)
V503572,,2021.04.10,Ja,2021.04.10,,Annat djur,Frilevande dovhjort,,,2021.04.09,2021.04.10,Nej,0,0,0,0,1,0,0,0,0,0,0,0,0,0,0,0,0,Varg,,Bete utan stängsel,Fältkontroll - LST,Bedömd som säker,2-1290,,6191420,440715,6194249,1390278,RT90,Mindre bra,2021.04.10,Nej,,Nej,,2021.04.13,2-1290,Kristianstad (S),2-12,Skåne län (S)
V503881,,2021.05.15,Ja,2021.05.15,,Får,,Köttraskorsningar,,2021.05.14,2021.05.15,Nej,0,0,0,0,0,0,0,0,3,5,0,0,0,0,0,0,0,Varg,,Bete innanför stängsel,Fältkontroll - LST,Dokumenterad,2-0331,Stigängen,6669743,610492,6670706,1565822,SWEREF99 TM,Mindre bra,2021.05.15,Nej,,Nej,,2021.08.18,2-0331,Heby (S),2-03,Uppsala län (S)
V504016,,2021.05.22,Ja,2021.05.22,,Nöt,,,,2021.05.22,2021.05.22,Nej,0,0,0,0,0,0,0,11,0,0,0,0,0,0,0,0,0,Varg,,Bete innanför stängsel,Fältkontroll - LST,Dokumenterad,2-1862,,6546056,464262,6548755,1418044,WGS84-UTM Zon 33,Mindre bra,2021.05.24,Nej,,Nej,,2021.10.06,2-1862,Degerfors (S),2-18,Örebro län (S)
V504197,,2021.05.28,Ja,2021.05.28,,Får,,Texel,,2021.05.26,2021.05.27,Nej,1,0,0,0,0,0,0,0,6,0,0,0,0,0,0,0,0,Varg,,Bete innanför stängsel,Fältkontroll - LST,Dokumenterad,2-2482,Lövsele ,7147708,802621,7146343,1763936,WGS84-UTM Zon 33,Mindre bra,2021.05.30,Nej,,Nej,,2021.06.28,2-2482,Skellefteå (S),2-24,Västerbottens län (S)
V504307,,2021.06.02,Ja,2021.06.02,,Nöt,,,,2021.06.01,2021.06.02,Nej,0,0,0,1,0,0,0,1,0,0,0,1,0,0,0,0,0,Varg,,Bete innanför stängsel,Fältkontroll - LST,Bedömd som säker,2-0562,Gultebo,6524643,532938,6526506,1486487,SWEREF99 TM,Mindre bra,2021.06.03,Nej,,Nej,,2021.08.04,2-0562,Finspång (S),2-05,Östergötlands län (S)
V504476,,2021.06.11,Ja,2021.06.11,,Får,,Köttraskorsningar,,2021.06.11,2021.06.11,Nej,4,1,0,0,0,0,0,0,4,2,0,0,0,0,0,0,0,Varg,,Bete innanför stängsel,Fältkontroll - LST,Dokumenterad,2-1766,Humletorp,6617318,407343,6620738,1361964,WGS84-UTM Zon 33,Mindre bra,,Nej,,Nej,,2021.06.22,2-1766,Sunne (S),2-17,Värmlands län (S)
V505031,,2021.07.05,Ja,2021.07.05,,Får,,Köttraskorsningar,,2021.07.04,2021.07.05,Nej,1,9,0,0,0,0,0,0,1,2,0,0,0,0,0,0,0,Varg,,Bete innanför stängsel,Fältkontroll - LST,Dokumenterad,2-1421,Holm,6447183,298570,6451825,1251081,WGS84-UTM Zon 33,Mycket bra,2021.07.06,Nej,,Nej,,2021.08.27,2-1421,Orust (S),2-14,Västra Götalands län (S)
V505201,,2021.07.13,Ja,2021.07.14,,Får,,Texel,,2021.07.11,2021.07.12,Nej,0,0,0,0,2,0,0,0,1,0,0,0,0,0,0,0,0,Varg,,Bete innanför stängsel,Fältkontroll - LST,Dokumenterad,2-0883,Yxneviks naturreservat,6391796,595342,6392874,1547318,RT90,Mindre bra,2021.07.14,Nej,,Nej,,2021.07.14,2-0883,Västervik (S),2-08,Kalmar län (S)
V505243,,2021.07.15,Ja,2021.07.15,,Får,,Gotlandsfår,,2021.07.14,2021.07.15,Nej,2,0,0,0,0,0,0,0,2,1,0,0,0,0,0,0,0,Varg,,Bete innanför stängsel,Fältkontroll - LST,Dokumenterad,2-1421,Orust,6459924,313936,6464390,1266609,SWEREF99 TM,Mycket bra,2021.07.16,Nej,,Nej,,2021.11.30,2-1421,Orust (S),2-14,Västra Götalands län (S)
V505291,,2021.07.18,Ja,2021.07.18,,Får,,Köttraskorsningar,,2021.07.17,2021.07.18,Nej,2,4,0,0,0,0,0,0,1,0,0,0,0,0,0,0,0,Varg,,Bete innanför stängsel,Fältkontroll - LST,Dokumenterad,2-1421,Holm,6447710,299156,6452345,1251674,WGS84-UTM Zon 33,Mycket bra,2021.07.18,Nej,,Nej,,2021.08.27,2-1421,Orust (S),2-14,Västra Götalands län (S)
V505465,,2021.07.25,Ja,2021.07.25,,Får,,Köttraskorsningar,,2021.07.23,2021.07.25,Nej,2,0,0,0,0,0,0,0,0,0,0,0,0,0,0,0,0,Varg,,Bete innanför stängsel,Fältkontroll - LST,Bedömd som säker,2-1421,Lyr Bö,6443208,295322,6447887,1247783,WGS84-UTM Zon 33,Mindre bra,2021.07.26,Nej,,Nej,,2021.07.26,2-1421,Orust (S),2-14,Västra Götalands län (S)
V505553,,2021.07.29,Ja,2021.07.29,,Får,,Köttraskorsningar,,2021.07.27,2021.07.29,Nej,3,5,0,0,0,1,0,0,0,3,0,0,0,0,0,0,0,Varg,,Bete innanför stängsel,Fältkontroll - LST,Dokumenterad,2-1419,Kållered,6434797,302847,6439381,1255212,SWEREF99 TM,Mycket bra,2021.07.30,Nej,,Nej,,2021.11.30,2-1419,Tjörn (S),2-14,Västra Götalands län (S)
V505807,,2021.08.08,Ja,2021.08.08,,Får,,Gotlandsfår,,2021.08.07,2021.08.08,Nej,5,1,0,0,0,0,0,0,2,3,0,0,0,0,0,0,0,Varg,,Bete innanför stängsel,Fältkontroll - LST,Dokumenterad,2-1421,Svanesund Orust,6447285,309525,6451796,1262044,SWEREF99 TM,Mycket bra,2021.08.09,Nej,,Nej,,2021.11.30,2-1421,Orust (S),2-14,Västra Götalands län (S)
V505808,,2021.08.06,Ja,2021.08.06,,Ren,,,,2021.08.05,2021.08.06,Nej,1,0,0,0,0,0,0,0,0,0,0,0,0,0,0,0,0,Varg,,,Fältkontroll - LST,Bedömd som säker,2-2326,Fiskåvägen,6952071,452027,6955083,1410797,RT90,Exakt,2021.08.09,Ja,,Nej,,2021.08.09,2-2326,Berg (S),2-23,Jämtlands län (S)
V505884,,2021.08.11,Ja,2021.08.11,,Får,,Finullsfår,,2021.08.10,2021.08.11,Nej,0,0,0,0,0,0,0,0,3,0,0,0,0,0,0,0,0,Varg,,Bete innanför stängsel,Fältkontroll - LST,Dokumenterad,2-1421,Allmag,6456447,313289,6460918,1265920,WGS84-UTM Zon 33,Mycket bra,2021.08.11,Nej,,Nej,,2021.08.11,2-1421,Orust (S),2-14,Västra Götalands län (S)
V505914,,2021.08.12,Ja,2021.08.12,,Får,,,,2021.08.11,2021.08.12,Nej,0,0,0,0,2,1,0,0,0,0,0,0,0,0,0,0,0,Varg,,Bete innanför stängsel,Fältkontroll - LST,Dokumenterad,2-1473,Fägre Askegården 45,6499991,449131,6502854,1402352,RT90,Mindre bra,2021.08.12,Nej,,Nej,,2021.11.30,2-1473,Töreboda (S),2-14,Västra Götalands län (S)
V505993,,2021.08.12,Ja,2021.08.12,,Får,,,,2021.08.12,2021.08.12,Nej,1,0,0,0,0,0,0,0,1,0,0,0,0,0,0,0,0,Varg,,Bete innanför stängsel,Fältkontroll - LST,Dokumenterad,2-2181,"Hosjön, Storvik",6720072,582454,6721390,1538393,SWEREF99 TM,Mycket bra,2021.08.16,Nej,,Nej,,2021.09.21,2-2181,Sandviken (S),2-21,Gävleborgs län (S)
V506090,,2021.08.16,Ja,2021.08.17,,Får,,Gotlandsfår,,2021.08.15,2021.08.16,Nej,0,0,0,0,0,0,0,0,1,0,0,0,0,0,0,0,0,Varg,,Bete innanför stängsel,Fältkontroll - LST,Dokumenterad,2-0331,Delbo gård,6662321,614397,6663234,1569638,SWEREF99 TM,Exakt,2021.08.19,Nej,,Nej,,2021.08.19,2-0331,Heby (S),2-03,Uppsala län (S)
V506115,,2021.08.18,Ja,2021.08.19,,Får,,Köttraskorsningar,,2021.08.18,2021.08.18,Nej,0,0,0,0,1,0,0,0,3,14,0,0,0,0,0,0,0,Varg,,Bete innanför stängsel,Fältkontroll - LST,Dokumenterad,2-0331,,6670101,610642,6671062,1565977,SWEREF99 TM,Exakt,2021.08.19,Nej,,Nej,,2022.04.19,2-0331,Heby (S),2-03,Uppsala län (S)
V506126,,2021.08.13,Ja,2021.08.13,,Får,,,,2021.08.12,2021.08.13,Nej,3,0,0,0,0,0,0,0,0,0,0,0,0,0,0,0,0,Varg,,Bete innanför stängsel,Fältkontroll - LST,Dokumenterad,2-2031,Matsbodarna,6760819,508347,6763060,1464764,RT90,Exakt,2021.08.20,Nej,,Nej,,2021.08.20,2-2031,Rättvik (S),2-20,Dalarnas län (S)
V506154,,2021.08.20,Ja,2021.08.21,,Får,,,,2021.08.20,2021.08.20,Nej,10,8,0,0,0,0,0,0,1,0,0,0,0,0,0,0,0,Varg,,Bete utan stängsel,Fältkontroll - LST,Dokumenterad,2-0181,,6558464,642317,6559016,1596302,RT90,Mycket bra,2021.08.23,Nej,,Nej,,2021.08.25,2-0181,Södertälje (S),2-01,Stockholms län (S)
V506155,,2021.08.21,Ja,2021.08.21,,Får,,,,2021.08.19,2021.08.21,Ja,0,0,0,0,0,0,0,0,7,0,0,0,0,0,0,0,0,Varg,,Bete innanför stängsel,Fältkontroll - LST,Dokumenterad,2-0140,,6558368,641988,6558924,1595972,RT90,Mycket bra,2021.08.23,Nej,,Nej,,2021.08.23,2-0140,Nykvarn (S),2-01,Stockholms län (S)
V506165,,2021.08.22,Ja,2021.08.21,,Jakthund,,Annan,smålands stövare,2021.08.21,2021.08.21,Nej,0,0,0,0,0,0,0,0,0,1,0,0,0,0,0,0,0,Varg,,,Fältkontroll - LST,Dokumenterad,2-2080,Masbäck Hillersboda,6728272,554034,6729941,1510066,RT90,Mycket bra,2021.08.23,Nej,,Nej,,2021.08.23,2-2080,Falun (S),2-20,Dalarnas län (S)
V506201,,2021.08.22,Ja,2021.08.23,,Jakthund,,,Jämthund,2021.08.22,2021.08.22,Nej,0,0,0,0,0,0,0,0,0,0,1,0,0,0,0,0,0,Varg,,Bete utan stängsel,Fältkontroll - LST,Dokumenterad,2-1737,Nyvägen Sörmark,6679073,378242,6682877,1333602,WGS84-UTM Zon 33,Mindre bra,2021.08.23,Nej,,Nej,,2021.08.24,2-1737,Torsby (S),2-17,Värmlands län (S)
V506248,,2021.08.22,Ja,2021.08.22,,Ren,,,,2021.08.21,2021.08.22,Nej,0,0,0,0,1,0,0,0,0,0,0,0,0,0,0,0,0,Varg,,,Fältkontroll - Sameby,Bedömd som säker,2-2326,Grubbodarna,6950911,456649,6953864,1415407,RT90,Mindre bra,2021.08.26,Ja,,Nej,,2021.08.26,2-2326,Berg (S),2-23,Jämtlands län (S)
V506336,,2021.08.27,Ja,2021.08.27,,Får,,Annan,Blandras,2021.08.26,2021.08.27,Ja,7,0,0,0,0,0,0,4,20,0,0,0,0,0,0,0,0,Varg,,Bete innanför stängsel,Fältkontroll - LST,Dokumenterad,2-0331,Björken,6662011,624261,6662804,1579500,SWEREF99 TM,Exakt,2021.08.29,Nej,,Nej,,2022.04.19,2-0331,Heby (S),2-03,Uppsala län (S)
V506337,,2021.08.28,Ja,2021.08.28,,Får,,,,2021.08.27,2021.08.28,Nej,6,0,2,0,2,0,0,0,6,0,0,0,0,0,0,0,0,Varg,,Bete innanför stängsel,Fältkontroll - LST,Dokumenterad,2-0380,,6665666,633402,6666348,1588688,SWEREF99 TM,Mindre bra,2021.08.29,Nej,,Nej,,2022.04.19,2-0380,Uppsala (S),2-03,Uppsala län (S)
V506353,,2021.08.28,Ja,2021.08.28,,Får,,Köttraskorsningar,,2021.08.27,2021.08.28,Nej,1,1,0,0,0,0,0,0,0,0,0,0,0,0,0,0,0,Varg,,Bete innanför stängsel,Fältkontroll - LST,Dokumenterad,2-2080,Krassbo,6721231,546003,6722997,1501946,SWEREF99 TM,Mindre bra,2021.08.28,Nej,,Nej,,2021.08.30,2-2080,Falun (S),2-20,Dalarnas län (S)
V506385,,2021.08.30,Ja,2021.08.30,,Får,,,,2021.08.29,2021.08.30,Nej,0,0,0,0,3,0,0,0,0,0,0,0,0,0,0,0,0,Varg,,Bete innanför stängsel,Fältkontroll - LST,Dokumenterad,2-1473,Krustorp Ekeskog,6496839,450612,6499683,1403796,RT90,Mindre bra,2021.11.30,Nej,,Nej,,2021.11.30,2-1473,Töreboda (S),2-14,Västra Götalands län (S)
V506415,,2021.08.31,Ja,2021.08.31,,Jakthund,,,Finsk stövare,2021.08.31,2021.08.31,Nej,0,0,0,0,0,0,0,0,1,0,0,0,0,0,0,0,0,Varg,,,Fältkontroll - LST,Dokumenterad,2-1737,Stölletsjön,6700479,409736,6703907,1365373,WGS84-UTM Zon 33,Mindre bra,2021.08.31,Nej,,Nej,,2021.08.31,2-1737,Torsby (S),2-17,Värmlands län (S)
V506489,,2021.09.02,Ja,2021.09.02,,Jakthund,,Annan,Jämthund,2021.09.02,2021.09.02,Nej,0,0,0,0,0,0,0,0,0,0,1,0,0,0,0,0,0,Varg,,,Fältkontroll - LST,Dokumenterad,2-2029,Sörmyra,6720843,509984,6723051,1465911,RT90,Mycket bra,2021.09.02,Nej,,Nej,,2022.02.09,2-2029,Leksand (S),2-20,Dalarnas län (S)
V506506,,2021.09.01,Ja,2021.09.02,,Får,,,,2021.09.01,2021.09.01,Nej,0,0,0,0,2,0,0,0,0,1,0,0,0,0,0,0,0,Varg,,Bete innanför stängsel,Fältkontroll - LST,Dokumenterad,2-0331,,6667472,613864,6668393,1569167,SWEREF99 TM,Mycket bra,2021.09.03,Nej,,Nej,,2022.04.19,2-0331,Heby (S),2-03,Uppsala län (S)
V506527,,2021.09.03,Ja,2021.09.04,,Får,,Annan,"Värmlandsfår ett st, ett lantras",2021.09.02,2021.09.03,Nej,0,0,0,0,0,0,0,0,1,1,0,0,0,0,0,0,0,Varg,,Bete innanför stängsel,Fältkontroll - LST,Dokumenterad,2-1382,,6306004,356789,6309874,1307655,SWEREF99 TM,Mindre bra,2021.09.05,Nej,,Nej,,2022.02.10,2-1382,Falkenberg (S),2-13,Hallands län (S)
V506542,,2021.09.05,Ja,2021.09.05,,Jakthund,,Annan,Finsk stövare,2021.09.05,2021.09.05,Nej,0,0,0,0,0,0,0,0,0,0,1,0,0,0,0,0,0,Varg,,,Fältkontroll - LST,Bedömd som säker,2-2080,Karlsbyn fäbod,6723319,551282,6725021,1507252,RT90,Mycket bra,2021.09.06,Nej,,Nej,,2021.10.13,2-2080,Falun (S),2-20,Dalarnas län (S)
V506560,,2021.09.03,Ja,2021.09.03,,Får,,Annan,Roslagsfår,2021.09.02,2021.09.03,Nej,0,0,0,1,1,0,0,0,4,0,0,0,0,0,0,0,0,Varg,,Bete innanför stängsel,Fältkontroll - LST,Dokumenterad,2-0461,Garskog,6561052,622780,6561841,1576793,RT90,Mycket bra,2021.09.06,Nej,,Nej,,2021.09.06,2-0461,Gnesta (S),2-04,Södermanlands län (S)
V506629,,2021.09.07,Ja,2021.09.07,,Jakthund,,Annan,Finsk stövare,2021.09.07,2021.09.07,Nej,0,0,0,0,0,0,0,0,0,0,1,0,0,0,0,0,0,Varg,,,Fältkontroll - LST,Dokumenterad,2-2061,Kanpptjärn Grustag,6671656,534513,6673547,1489846,RT90,Mycket bra,2021.09.07,Nej,,Nej,,2021.09.07,2-2061,Smedjebacken (S),2-20,Dalarnas län (S)
V506635,,2021.08.21,Ja,2021.09.07,,Jakthund,,Annan,hamiltonstövare,2021.08.21,2021.08.21,Nej,0,0,0,0,0,0,0,0,0,0,1,0,0,0,0,0,0,Varg,,,Fältkontroll - LST,Dokumenterad,2-1864,,6655841,492001,6658246,1447126,SWEREF99 TM,Mindre bra,2021.09.08,Nej,,Nej,,2021.09.10,2-1864,Ljusnarsberg (S),2-18,Örebro län (S)
V506674,,2021.09.08,Ja,2021.09.09,,Jakthund,,,Finsk spets,2021.09.08,2021.09.08,Nej,0,0,0,0,0,0,0,0,0,0,1,0,0,0,0,0,0,Varg,,,Fältkontroll - LST,Bedömd som säker,2-1782,Ögsjövägen,6645052,445887,6648015,1400863,WGS84-UTM Zon 33,Mindre bra,2021.09.09,Nej,,Nej,,2021.09.09,2-1782,Filipstad (S),2-17,Värmlands län (S)
V506752,,2021.09.11,Ja,2021.09.11,,Får,,Annan,Blandras kött och päls,2021.09.10,2021.09.11,Nej,0,4,7,2,3,1,0,0,18,2,11,0,0,0,0,0,0,Varg,,Bete innanför stängsel,Fältkontroll - LST,Dokumenterad,2-0461,Hammersta,6556740,625860,6557490,1579821,RT90,Mycket bra,2021.09.12,Nej,,Nej,,2021.09.13,2-0461,Gnesta (S),2-04,Södermanlands län (S)
V506769,,2021.09.12,Ja,2021.09.12,,Jakthund,,Annan,Gråhund,2021.09.12,2021.09.12,Nej,0,0,0,0,0,0,0,0,0,0,1,0,0,0,0,0,0,Varg,,,Fältkontroll - LST,Dokumenterad,2-1783,Solbergsmossen,6682903,424865,6686138,1380294,RT90,Exakt,2021.09.12,Nej,,Nej,,2021.10.03,2-1783,Hagfors (S),2-17,Värmlands län (S)
V506771,,2021.09.12,Ja,2021.09.12,,Får,,,,2021.09.11,2021.09.12,Nej,0,0,0,0,1,0,0,0,4,0,0,0,0,0,0,0,0,Varg,,Bete innanför stängsel,Fältkontroll - LST,Dokumenterad,2-0331,,6667768,614068,6668687,1569375,SWEREF99 TM,Mindre bra,2021.09.13,Nej,,Nej,,2022.04.19,2-0331,Heby (S),2-03,Uppsala län (S)
V506920,,2021.09.10,Ja,2021.09.15,,Jakthund,,Annan,Gråhund  Hane 5 år,2021.09.10,2021.09.10,Nej,0,0,0,0,0,0,0,0,0,0,1,0,0,0,0,0,0,Varg,,,Fältkontroll - LST,Bedömd som säker,2-2361,Gammelbodarna,6912192,423814,6915540,1382075,SWEREF99 TM,Mycket bra,2021.09.20,Nej,,Nej,,2022.04.04,2-2361,Härjedalen (S),2-23,Jämtlands län (S)
V506972,,2021.09.19,Ja,2021.09.20,,Jakthund,,,Smålandsstövare,2021.09.19,2021.09.19,Nej,0,0,0,0,0,0,1,0,0,0,0,0,0,0,0,0,0,Varg,,,Fältkontroll - LST,Dokumenterad,2-1782,Bosjötorp,6633545,437855,6636601,1392687,RT90,Mindre bra,2021.09.20,Nej,,Nej,,2021.09.21,2-1782,Filipstad (S),2-17,Värmlands län (S)
V507022,,2021.09.19,Ja,2021.09.20,,Jakthund,,Annan,jämthund,2021.09.18,2021.09.18,Nej,0,0,0,0,0,0,0,0,0,0,1,0,0,0,0,0,0,Varg,,,Fältkontroll - LST,Osäker,2-0562,,6502399,528661,6504306,1481941,SWEREF99 TM,Mindre bra,2021.09.22,Nej,,Nej,,2021.09.22,2-0562,Finspång (S),2-05,Östergötlands län (S)
V507033,,2021.09.13,Ja,2021.09.13,,Ren,,,,2021.09.11,2021.09.12,Nej,1,0,0,0,0,0,0,0,0,0,0,0,0,0,0,0,0,Varg,,,Fältkontroll - LST,Dokumenterad,2-2326,Sven-Jakobs,6967551,429840,6970847,1388795,WGS84-UTM Zon 33,Mindre bra,2021.09.23,Ja,,Nej,,2021.09.23,2-2326,Berg (S),2-23,Jämtlands län (S)
V507054,,2021.09.24,Ja,2021.09.24,,Får,,Köttraskorsningar,,2021.09.24,2021.09.24,Nej,3,31,6,7,0,0,0,0,0,0,0,0,0,0,0,0,0,Varg,,Bete innanför stängsel,Fältkontroll - LST,Dokumenterad,2-0461,Barrsätter,6559291,621524,6560094,1575515,RT90,Mycket bra,2021.09.25,Nej,,Nej,,2021.09.25,2-0461,Gnesta (S),2-04,Södermanlands län (S)
V507065,,2021.09.04,Ja,2021.09.05,,Jakthund,,Annan,Jämthund,2021.09.04,2021.09.04,Nej,0,0,0,0,0,0,0,0,0,0,1,0,0,0,0,0,0,Varg,,,Intervju/brev,Bedömd som säker,2-2161,Örsasjön,6893758,543107,6895612,1501182,SWEREF99 TM,Mycket bra,2021.09.06,Nej,,Nej,,2021.09.27,2-2161,Ljusdal (S),2-21,Gävleborgs län (S)
V507106,,2021.09.28,Ja,2021.09.28,,Får,,,,2021.09.28,2021.09.28,Nej,1,1,0,0,0,0,0,0,0,0,0,0,0,0,0,0,0,Varg,,Bete innanför stängsel,Fältkontroll - LST,Dokumenterad,2-0562,Sätersborg,6508547,533153,6510402,1486508,RT90,Mindre bra,2021.09.28,Nej,,Nej,,2021.09.28,2-0562,Finspång (S),2-05,Östergötlands län (S)
V507126,,2021.09.28,Ja,2021.09.28,,Ren,,,,2021.09.28,2021.09.28,Nej,1,0,0,0,0,0,0,0,0,0,0,0,0,0,0,0,0,Varg,,,Fältkontroll - Sameby,Bedömd som säker,2-2326,Storsjön,6960347,436177,6963560,1395045,RT90,Mycket bra,2021.09.30,Ja,,Nej,,2021.09.30,2-2326,Berg (S),2-23,Jämtlands län (S)
V507128,,2021.09.23,Ja,2021.09.23,,Ren,,,,2021.09.22,2021.09.23,Nej,0,0,0,0,0,0,0,0,1,0,0,0,0,0,0,0,0,Varg,,,Fältkontroll - Sameby,Bedömd som säker,2-2326,Anjebodfloarna,6976670,447671,6979746,1406748,RT90,Mindre bra,2021.09.30,Ja,,Nej,,2021.09.30,2-2326,Berg (S),2-23,Jämtlands län (S)
V507146,,2021.09.30,Ja,2021.09.30,,Jakthund,,Annan,Smålands stövare,2021.09.30,2021.09.30,Nej,0,0,0,0,0,0,0,0,0,0,1,0,0,0,0,0,0,Varg,,,Fältkontroll - LST,Bedömd som säker,2-2031,Björnberget,6791003,513289,6793194,1470080,RT90,Mycket bra,2021.10.01,Nej,,Nej,,2022.04.04,2-2031,Rättvik (S),2-20,Dalarnas län (S)
V507170,,2021.10.02,Ja,2021.10.03,,Jakthund,,Annan,Jämthund,2021.10.02,2021.10.02,Nej,0,0,0,0,0,0,0,0,1,0,0,0,0,0,0,0,0,Varg,,,Fältkontroll - LST,Dokumenterad,2-2181,NO Hyn,6720844,567556,6722345,1523501,SWEREF99 TM,Mycket bra,2021.10.04,Nej,,Nej,,2022.04.04,2-2181,Sandviken (S),2-21,Gävleborgs län (S)
V507174,,2021.09.29,Nej,,2021.10.05,Ren,,,,2021.09.28,2021.09.29,Nej,0,0,0,0,0,0,0,0,1,0,0,0,0,0,0,0,0,Varg,,,Fältkontroll - Sameby,Osäker,2-2506,Svarra,7327868,570903,7329496,1534483,SWEREF99 TM,Mindre bra,2021.10.05,Nej,,Nej,,2021.10.05,2-2506,Arjeplog (S),2-25,Norrbottens län (S)
V507187,,2021.10.05,Ja,2021.10.05,,Ren,,,,2021.10.01,2021.10.04,Ja,0,0,0,0,0,0,0,0,1,0,0,0,0,0,0,0,0,Varg,,,Fältkontroll - Sameby,Bedömd som säker,2-2326,Kvisseln,6963701,435521,6966924,1394430,RT90,Mindre bra,2021.10.06,Ja,,Nej,,2021.10.06,2-2326,Berg (S),2-23,Jämtlands län (S)
V507239,,2021.10.07,Ja,2021.10.07,,Får,,Annan,Blandning Texel mm,2021.10.06,2021.10.07,Nej,3,0,0,0,0,0,0,0,2,0,0,0,0,0,0,0,0,Varg,,Bete med rovdjursavvisande stängsel,Fältkontroll - LST,Dokumenterad,2-1737,Haga,6687630,372653,6691506,1328115,WGS84-UTM Zon 33,Mindre bra,2021.10.07,Nej,,Nej,,2021.10.07,2-1737,Torsby (S),2-17,Värmlands län (S)
V507242,,2021.10.08,Ja,2021.10.08,,Jakthund,,,Schiller,2021.10.08,2021.10.08,Nej,0,0,0,0,0,0,0,0,0,0,1,0,0,0,0,0,0,Varg,,,Fältkontroll - LST,Dokumenterad,2-2161,Finnsjö,6848831,534564,6850778,1492078,SWEREF99 TM,Mindre bra,2021.10.08,Nej,,Nej,,2021.10.08,2-2161,Ljusdal (S),2-21,Gävleborgs län (S)
V507330,,2021.10.16,Ja,2021.10.16,,Jakthund,,Annan,blandras,2021.10.16,2021.10.16,Nej,0,0,0,0,0,0,0,0,0,0,1,0,0,0,0,0,0,Varg,,,Fältkontroll - LST,Bedömd som säker,2-0562,Pershyttan,6500971,533660,6502818,1486924,SWEREF99 TM,Mindre bra,2021.10.16,Nej,,Nej,,2021.10.16,2-0562,Finspång (S),2-05,Östergötlands län (S)
V507440,,2021.10.09,Ja,2021.10.22,,Jakthund,,,Jämthund,2021.10.09,2021.10.09,Nej,0,0,0,0,0,0,0,0,0,0,1,0,0,0,0,0,0,Varg,,Bete utan stängsel,Fältkontroll - LST,Bedömd som säker,2-2031,Broboberget,6779571,511484,6781780,1468134,WGS84-UTM Zon 33,Mindre bra,2021.10.26,Nej,,Nej,,2021.10.26,2-2031,Rättvik (S),2-20,Dalarnas län (S)
V507505,,2021.10.30,Ja,2021.10.30,,Jakthund,,Annan,Jämthund,2021.10.30,2021.10.30,Nej,0,0,0,0,0,0,0,0,1,0,0,0,0,0,0,0,0,Varg,,,Fältkontroll - LST,Dokumenterad,2-2181,"Grundsjön, Stocksbo",6726406,573513,6727836,1529528,SWEREF99 TM,Mycket bra,2021.11.01,Nej,,Nej,,2021.11.01,2-2181,Sandviken (S),2-21,Gävleborgs län (S)
V507559,,2021.11.06,Ja,2021.11.08,,Jakthund,,Annan,Gråhund,2021.11.06,2021.11.06,Nej,0,0,0,0,0,0,0,0,0,0,1,0,0,0,0,0,0,Varg,,,Fältkontroll - LST,Dokumenterad,2-1862,Trunhatten,6547267,466423,6549941,1420221,WGS84-UTM Zon 33,Mycket bra,2021.11.08,Nej,,Nej,,2021.12.07,2-1862,Degerfors (S),2-18,Örebro län (S)
V507591,,2021.11.10,Ja,2021.11.11,,Får,,,,2021.11.09,2021.11.10,Nej,0,0,0,0,0,0,0,0,17,2,0,3,0,0,0,0,0,Varg,,Bete utan stängsel,Fältkontroll - LST,Dokumenterad,2-1880,Björkön,6572807,530985,6574709,1485115,WGS84-UTM Zon 33,Mycket bra,2021.11.12,Nej,,Nej,,2022.04.19,2-1880,Örebro (S),2-18,Örebro län (S)
V507594,,2021.11.13,Ja,2021.11.13,,Jakthund,,Annan,Jämthund,2021.11.13,2021.11.13,Nej,0,0,0,0,0,0,0,0,1,0,0,0,0,0,0,0,0,Varg,,,Fältkontroll - LST,Dokumenterad,2-2161,Timmerberget,6883265,533764,6885232,1491705,SWEREF99 TM,Exakt,2021.11.13,Nej,,Nej,,2021.11.13,2-2161,Ljusdal (S),2-21,Gävleborgs län (S)
V507596,,2021.11.09,Ja,2021.11.09,,Jakthund,,,Jämte,2021.11.06,2021.11.06,Nej,0,0,0,0,0,0,0,0,0,0,1,0,0,0,0,0,0,Varg,,,Fältkontroll - LST,Bedömd som säker,2-2121,Masen,6771255,549902,6772988,1506461,WGS84-UTM Zon 33,Mindre bra,2021.11.15,Nej,,Nej,,2022.11.14,2-2121,Ovanåker (S),2-21,Gävleborgs län (S)
V507599,,2021.11.13,Ja,2021.11.13,,Annat djur,Alpacka samt får,,,2021.11.12,2021.11.13,Nej,0,0,0,2,0,0,1,0,1,0,1,0,0,0,0,0,0,Varg,,Bete innanför stängsel,Fältkontroll - LST,Dokumenterad,2-1460,Bäckens gård,6519146,338419,6523351,1291817,RT90,Mycket bra,2021.11.15,Nej,,Nej,,2021.11.15,2-1460,Bengtsfors (S),2-14,Västra Götalands län (S)
V507603,,2021.11.15,Ja,2021.11.15,,Annat djur,Alpacka samt får,,,2021.11.12,2021.11.13,Nej,0,0,0,0,0,0,0,0,1,1,8,0,0,0,0,0,0,Varg,,Bete innanför stängsel,Fältkontroll - LST,Dokumenterad,2-1460,Bäcken,6519146,338419,6523351,1291817,RT90,Mycket bra,2021.11.15,Nej,,Nej,,2021.11.30,2-1460,Bengtsfors (S),2-14,Västra Götalands län (S)
V507605,,2021.11.14,Ja,2021.11.14,,Ren,,,,2021.11.10,2021.11.12,Ja,0,0,0,0,0,0,0,0,1,0,0,0,0,0,0,0,0,Varg,,,Fältkontroll - Sameby,Bedömd som säker,2-2326,Båthustjärnen,6961949,434344,6965186,1393231,RT90,Mindre bra,2021.11.16,Ja,,Nej,,2021.11.16,2-2326,Berg (S),2-23,Jämtlands län (S)
V507622,,2021.11.18,Ja,2021.11.19,,Ren,,,,2021.11.09,2021.11.12,Nej,0,0,0,0,0,0,0,0,1,0,0,0,0,0,0,0,0,Varg,,,Fältkontroll - LST,Dokumenterad,2-2482,Torrberget,7238291,729178,7237871,1691641,SWEREF99 TM,Exakt,2021.11.29,Ja,,Nej,,2021.11.29,2-2482,Skellefteå (S),2-24,Västerbottens län (S)
V507627,,2021.11.19,Ja,2021.11.19,,Jakthund,,Annan,Drever,2021.11.19,2021.11.19,Nej,0,0,0,0,0,0,0,0,1,0,0,0,0,0,0,0,0,Varg,,,Fältkontroll - LST,Bedömd som säker,2-2101,Lurbo,6761414,585846,6762702,1542294,SWEREF99 TM,Mycket bra,2021.11.22,Nej,,Nej,,2021.11.22,2-2101,Ockelbo (S),2-21,Gävleborgs län (S)
V507698,,2021.11.27,Ja,2021.12.02,,Ren,,,,2021.11.20,2021.11.25,Ja,0,0,0,0,0,0,0,0,1,0,0,0,0,0,0,0,0,Varg,,,Fältkontroll - LST,Dokumenterad,2-2482,Bjurtjärn,7219834,731214,7219385,1693441,SWEREF99 TM,Exakt,2021.12.03,Nej,,Nej,,2021.12.03,2-2482,Skellefteå (S),2-24,Västerbottens län (S)
V507751,,2021.12.11,Nej,,2021.12.13,Jakthund,,Annan,Jämthund,2021.12.11,2021.12.11,Nej,0,0,0,0,0,0,0,0,1,0,0,0,0,0,0,0,0,Varg,,,Fältkontroll - LST,Bedömd som säker,2-1784,Lomsen,6667111,363628,6671087,1318835,RT90,Mindre bra,2021.12.14,Nej,,Nej,,2022.04.04,2-1784,Arvika (S),2-17,Värmlands län (S)
V507765,,2021.12.15,Ja,2021.12.16,,Får,,Köttraskorsningar,,2021.12.11,2021.12.12,Ja,0,0,0,0,0,0,0,0,1,0,0,0,0,0,0,0,0,Varg,,Bete utan stängsel,Fältkontroll - LST,Dokumenterad,2-1461,Dalskog,6520408,344029,6524546,1297445,SWEREF99 TM,Mycket bra,2021.12.17,Nej,,Nej,,2022.01.05,2-1461,Mellerud (S),2-14,Västra Götalands län (S)
V507774,,2021.12.21,Ja,2021.12.21,,Ren,,,,2021.12.18,2021.12.20,Nej,1,0,0,0,0,0,0,0,0,0,0,0,0,0,0,0,0,Varg,,,Fältkontroll - LST,Dokumenterad,2-2518,Perttuli,7404514,881392,7402146,1846004,WGS84-UTM Zon 33,Mindre bra,2021.12.21,Senare,2022.01.04,Nej,,2021.12.21,2-2518,Övertorneå (S),2-25,Norrbottens län (S)
V507783,,2021.12.22,Ja,2021.12.22,,Ren,,,,2021.12.19,2021.12.20,Nej,1,0,0,0,0,0,0,0,0,0,0,0,0,0,0,0,0,Varg,,,Fältkontroll - LST,Bedömd som säker,2-2518,Joksengi ,7410540,890287,7408056,1854977,WGS84-UTM Zon 33,Mindre bra,2022.05.13,Nej,,Nej,,2022.05.13,2-2518,Övertorneå (S),2-25,Norrbottens län (S)
V507786,,2021.12.21,Ja,2021.12.22,,Ren,,,,2021.12.16,2021.12.18,Nej,1,0,0,0,0,0,0,0,0,0,0,0,0,0,0,0,0,Varg,,,Fältkontroll - LST,Bedömd som säker,2-2513,Långforsberget,7390856,841113,7389009,1805548,SWEREF99 TM,Mindre bra,2022.05.13,Senare,2022.01.05,Nej,,2022.05.13,2-2513,Överkalix (S),2-25,Norrbottens län (S)
V507793,,2021.12.23,Ja,2021.12.25,,Jakthund,,Annan,Drever,2021.12.23,2021.12.23,Nej,1,0,0,0,0,0,0,0,0,0,0,0,0,0,0,0,0,Varg,,,Fältkontroll - LST,Dokumenterad,2-1465,Tocknarås,6361473,373638,6365173,1325169,SWEREF99 TM,Mycket bra,2021.12.23,Nej,,Nej,,2022.01.05,2-1465,Svenljunga (S),2-14,Västra Götalands län (S)
V507811,,2021.12.26,Ja,2021.12.27,,Jakthund,,Annan,Tax,2021.12.26,2021.12.26,Nej,0,0,0,0,0,0,1,0,0,0,0,0,0,0,0,0,0,Varg,,,Fältkontroll - LST,Dokumenterad,2-1981,Jugansbo,6651764,595220,6652909,1550327,SWEREF99 TM,Exakt,2021.12.28,Nej,,Nej,,2022.04.04,2-1981,Sala (S),2-19,Västmanlands län (S)
V507841,,2021.12.29,Ja,2021.12.30,,Annan hund,,,Pincher,2021.12.29,2021.12.29,Nej,0,0,0,0,0,0,0,0,1,0,0,0,0,0,0,0,0,Varg,,,Fältkontroll - LST,Dokumenterad,2-1983,Värmbo,6606488,558844,6608063,1513391,WGS84-UTM Zon 33,Mindre bra,,Nej,,Nej,,2022.01.04,2-1983,Köping (S),2-19,Västmanlands län (S)
V507885,,2022.01.08,Ja,2022.01.10,,Jakthund,,,Smålandstövare,2022.01.08,2022.01.08,Nej,0,0,0,0,0,0,0,0,0,0,1,0,0,0,0,0,0,Varg,,,Fältkontroll - LST,Bedömd som säker,2-1780,Mellbyn,6600654,438820,6603684,1393253,WGS84-UTM Zon 33,Mindre bra,2022.01.10,Nej,,Nej,,2022.01.10,2-1780,Karlstad (S),2-17,Värmlands län (S)
V507974,,2022.01.11,Ja,2022.01.11,,Jakthund,,Annan,Armerikansk foxhound,2022.01.10,2022.01.11,Nej,0,0,0,0,0,0,0,0,0,0,1,0,0,0,0,0,0,Varg,,,Fältkontroll - LST,Dokumenterad,2-1881,Besiktningsplats,6553677,504256,6555896,1458145,RT90,Mindre bra,2022.01.21,Nej,,Nej,,2022.01.21,2-1881,Kumla (S),2-18,Örebro län (S)
V508121,,2022.02.01,Nej,,,Jakthund,,Annan,Drever,2022.02.01,2022.02.01,Nej,0,0,0,0,0,0,0,0,1,0,0,0,0,0,0,0,0,Varg,,,Fältkontroll - LST,Dokumenterad,2-1383,,6350079,357551,6353964,1308939,SWEREF99 TM,Mindre bra,2022.02.01,Nej,,Nej,,2022.02.04,2-1383,Varberg (S),2-13,Hallands län (S)
V508149,,2022.02.02,Ja,2022.02.02,,Jakthund,,,Hamilton,2022.02.02,2022.02.02,Nej,0,0,1,0,0,0,0,0,0,0,0,0,0,0,0,0,0,Varg,,,Fältkontroll - LST,Dokumenterad,2-1766,Sydost Björntjärn,6633870,405951,6637314,1360773,SWEREF99 TM,Mindre bra,2022.02.02,Nej,,Nej,,2022.02.04,2-1766,Sunne (S),2-17,Värmlands län (S)
V508261,,2022.02.12,Ja,2022.02.12,,Get,,,,2022.02.11,2022.02.12,Nej,0,0,0,0,0,0,0,0,1,0,0,0,0,0,0,0,0,Varg,,Bete innanför stängsel,Fältkontroll - LST,Bedömd som säker,2-1273,,6257170,459639,6259806,1409979,SWEREF99 TM,Mycket bra,2022.02.13,Nej,,Nej,,2022.02.13,2-1273,Osby (S),2-12,Skåne län (S)
V508336,,2022.02.16,Ja,2022.02.16,,Får,,Annan,korsning Leicester/Gotlandsfår,2022.02.15,2022.02.16,Nej,0,0,0,0,1,0,0,0,0,0,0,0,0,0,0,0,0,Varg,,Bete innanför stängsel,Fältkontroll - LST,Dokumenterad,2-1281,Humlamaden,6164170,407127,6167378,1356358,WGS84-UTM Zon 33,Mindre bra,2022.02.16,Nej,,Nej,,2022.02.16,2-1281,Lund (S),2-12,Skåne län (S)
V508436,,2022.02.22,Nej,,2022.02.22,Jakthund,,Annan,Stövare,2022.02.22,2022.02.22,Nej,0,0,0,0,0,0,1,0,0,0,0,0,0,0,0,0,0,Varg,,,Intervju/brev,Bedömd som säker,2-2181,Högbo,6728957,596603,6730104,1552655,SWEREF99 TM,Mycket bra,2022.02.24,Nej,,Nej,,2022.04.04,2-2181,Sandviken (S),2-21,Gävleborgs län (S)
V508463,,2022.02.25,Ja,2022.02.25,,Ren,,,,2022.02.24,2022.02.25,Nej,0,0,0,0,0,0,0,0,1,0,0,0,0,0,0,0,0,Varg,,,Fältkontroll - LST,Dokumenterad,2-2361,Torrberget ,6895636,420991,6899012,1379044,WGS84-UTM Zon 33,Mindre bra,2022.02.25,Ja,,Nej,,2022.02.26,2-2361,Härjedalen (S),2-23,Jämtlands län (S)
V508648,,2022.03.08,Ja,2022.03.09,,Get,,,,2022.03.08,2022.03.08,Nej,0,0,0,0,0,0,0,0,1,0,0,0,0,0,0,0,0,Varg,,Bete innanför stängsel,Fältkontroll - LST,Dokumenterad,2-2080,Botolfsbo / Vika,6706349,540197,6708181,1495956,SWEREF99 TM,Mycket bra,2022.03.09,Nej,,Nej,,2022.03.09,2-2080,Falun (S),2-20,Dalarnas län (S)
V508850,,2022.03.17,Ja,2022.03.17,,Får,,,,2022.03.16,2022.03.17,Nej,0,0,0,0,0,0,0,0,1,0,0,0,0,0,0,0,0,Varg,,Bete innanför stängsel,Fältkontroll - LST,Dokumenterad,2-0581,Skogen,6501921,542107,6503667,1495385,RT90,Mindre bra,2022.03.17,Nej,,Nej,,2022.03.17,2-0581,Norrköping (S),2-05,Östergötlands län (S)
V508871,,2022.03.19,Ja,2022.03.19,,Ren,,,,2022.03.18,2022.03.19,Nej,0,0,0,0,0,0,0,0,1,0,0,0,0,0,0,0,0,Varg,,,Fältkontroll - LST,Dokumenterad,2-2361,Munktjärnflon,6893184,460796,6896063,1418835,WGS84-UTM Zon 33,Mindre bra,2022.03.19,Ja,,Nej,,2022.03.19,2-2361,Härjedalen (S),2-23,Jämtlands län (S)
V508907,,2022.03.21,Ja,2022.03.21,,Dovhjort i hägn,,,,2022.03.20,2022.03.21,Nej,0,0,0,0,0,2,2,0,0,5,0,0,0,0,0,0,0,Varg,,Bete innanför stängsel,Fältkontroll - LST,Dokumenterad,2-1470,Stacketorp 1,6453884,400303,6457312,1352949,RT90,Mindre bra,2022.03.22,Nej,,Nej,,2022.05.03,2-1470,Vara (S),2-14,Västra Götalands län (S)
V508908,,2022.03.22,Ja,2022.03.22,,Ren,,,,2022.03.21,2022.03.22,Nej,0,0,0,0,0,0,0,0,1,0,0,0,0,0,0,0,0,Varg,,,Fältkontroll - LST,Dokumenterad,2-2361,Rosstjärnberget ,6891001,464565,6893832,1422578,SWEREF99 TM,Mindre bra,2022.03.22,Ja,,Nej,,2022.03.22,2-2361,Härjedalen (S),2-23,Jämtlands län (S)
V508972,,2022.03.23,Ja,2022.03.23,,Får,,Allmogefår,,2022.03.22,2022.03.23,Nej,0,0,0,0,2,0,0,0,5,0,0,1,0,0,0,0,0,Varg,,Bete innanför stängsel,Fältkontroll - LST,Dokumenterad,2-1460,Nyböllet,6562272,335065,6566541,1288982,RT90,Mycket bra,2022.03.25,Nej,,Nej,,2022.03.25,2-1460,Bengtsfors (S),2-14,Västra Götalands län (S)
V508975,,2022.03.23,Ja,2022.03.25,,Får,,Gotlandsfår,,2022.03.23,2022.03.23,Nej,0,0,0,0,1,0,0,0,0,0,0,0,0,0,0,0,0,Varg,,Bete innanför stängsel,Fältkontroll - LST,Osäker,2-1381,,6265547,398209,6268908,1348620,SWEREF99 TM,Exakt,2022.03.27,Nej,,Nej,,2022.05.03,2-1381,Laholm (S),2-13,Hallands län (S)
V509069,,2022.03.30,Ja,2022.03.30,,Ren,,,,2022.03.28,2022.03.29,Nej,0,0,0,0,0,0,0,0,1,0,0,0,0,0,0,0,0,Varg,,,Fältkontroll - Sameby,Bedömd som säker,2-2361,Andåsen ,6890904,485038,6893480,1443058,RT90,Mindre bra,2022.04.04,Ja,,Nej,,2022.04.04,2-2361,Härjedalen (S),2-23,Jämtlands län (S)
V509118,,2022.04.10,Ja,2022.04.10,,Får,,Annan,Korsning,2022.04.09,2022.04.10,Nej,0,0,0,0,1,0,0,1,0,0,0,0,0,0,0,0,0,Varg,,Bete innanför stängsel,Fältkontroll - LST,Dokumenterad,2-1473,Herrängen ,6494847,452221,6497670,1405381,WGS84-UTM Zon 33,Mindre bra,2022.05.03,Nej,,Nej,,2022.05.03,2-1473,Töreboda (S),2-14,Västra Götalands län (S)
V509207,,2022.04.18,Ja,2022.04.19,,Nöt,,,,2022.04.18,2022.04.18,Nej,0,0,1,0,0,0,0,0,0,0,0,0,0,0,0,0,0,Varg,,Bete innanför stängsel,Fältkontroll - LST,Dokumenterad,2-1443,Kvibacken 30,6415127,366365,6418941,1318531,WGS84-UTM Zon 33,Mindre bra,2022.05.03,Nej,,Nej,,2022.05.03,2-1443,Bollebygd (S),2-14,Västra Götalands län (S)
V509234,,2022.04.15,Ja,2022.04.15,,Får,,Annan,Värmlandsfår,2022.04.14,2022.04.15,Nej,0,0,0,0,1,0,1,0,0,0,0,0,0,0,0,0,0,Varg,,Bete utan stängsel,Fältkontroll - LST,Bedömd som säker,2-1281,,6167038,407272,6170245,1356536,SWEREF99 TM,Mindre bra,2022.04.21,Nej,,Nej,,2022.04.21,2-1281,Lund (S),2-12,Skåne län (S)
V509397,,2022.04.27,Ja,2022.04.28,,Får,,Texel,,2022.04.26,2022.04.27,Nej,0,0,0,0,0,0,0,0,1,0,0,0,0,0,0,0,0,Varg,,Bete innanför stängsel,Fältkontroll - LST,Dokumenterad,2-1438,Töftedal,6527231,314388,6531730,1267870,RT90,Mindre bra,2022.05.03,Nej,,Nej,,2022.05.03,2-1438,Dals-Ed (S),2-14,Västra Götalands län (S)
V509487,,2022.05.10,Ja,2022.05.10,,Får,,,,2022.05.09,2022.05.10,Nej,0,2,2,0,0,0,0,0,0,0,0,0,0,0,0,0,0,Varg,,Bete innanför stängsel,Fältkontroll - LST,Dokumenterad,2-0580,Högsäter,6490787,530178,6492672,1483319,RT90,Mindre bra,2022.05.10,Nej,,Nej,,2022.05.10,2-0580,Linköping (S),2-05,Östergötlands län (S)
V509502,,2022.05.10,Ja,2022.05.10,,Nöt,,,,2022.05.09,2022.05.10,Nej,0,0,0,0,0,0,0,1,0,0,0,0,0,0,0,0,0,Varg,,Bete innanför stängsel,Fältkontroll - LST,Osäker,2-0580,Kottorp,6489888,529652,6491779,1482782,SWEREF99 TM,Mindre bra,2022.05.12,Nej,,Nej,,2022.05.12,2-0580,Linköping (S),2-05,Östergötlands län (S)
V509510,,2022.05.12,Ja,2022.05.12,,Ren,,,,2022.05.12,2022.05.12,Nej,2,0,0,0,0,0,0,0,0,0,0,0,0,0,0,0,0,Varg,,,Fältkontroll - Sameby,Bedömd som säker,2-2326,Pliehkie,6986051,432416,6989322,1391604,RT90,Mindre bra,2022.05.13,Ja,,Nej,,2022.05.13,2-2326,Berg (S),2-23,Jämtlands län (S)
V509623,,2022.05.13,Ja,2022.05.13,,Ren,,,,2022.05.12,2022.05.13,Nej,1,0,0,0,0,0,0,0,0,0,0,0,0,0,0,0,0,Varg,,,Fältkontroll - Sameby,Bedömd som säker,2-2326,Lillvisjön,6986807,434219,6990056,1393417,SWEREF99 TM,Exakt,2022.05.19,Ja,,Nej,,2022.05.19,2-2326,Berg (S),2-23,Jämtlands län (S)
V509624,,2022.05.13,Ja,2022.05.13,,Ren,,,,2022.05.12,2022.05.13,Nej,1,0,0,0,0,0,0,0,0,0,0,0,0,0,0,0,0,Varg,,,Fältkontroll - Sameby,Bedömd som säker,2-2326,Lillvisjön,6986807,434219,6990056,1393417,SWEREF99 TM,Exakt,2022.05.19,Ja,,Nej,,2022.05.19,2-2326,Berg (S),2-23,Jämtlands län (S)
V509627,,2022.05.13,Ja,2022.05.13,,Ren,,,,2022.05.12,2022.05.13,Nej,2,0,0,0,0,0,0,0,0,0,0,0,0,0,0,0,0,Varg,,,Fältkontroll - Sameby,Bedömd som säker,2-2326,Lillvisjön,6988154,434187,6991404,1393402,SWEREF99 TM,Exakt,2022.05.19,Ja,,Nej,,2022.05.19,2-2326,Berg (S),2-23,Jämtlands län (S)
V509628,,2022.05.13,Ja,2022.05.13,,Ren,,,,2022.05.12,2022.05.13,Nej,1,0,0,0,0,0,0,0,0,0,0,0,0,0,0,0,0,Varg,,,Fältkontroll - Sameby,Bedömd som säker,2-2326,Fleten,6992381,428750,6995701,1388016,WGS 84 (Lat/Long),Exakt,2022.05.19,Ja,,Nej,,2022.05.19,2-2326,Berg (S),2-23,Jämtlands län (S)
V509698,,2022.05.20,Ja,2022.05.21,,Får,,Dorper,,2022.05.20,2022.05.20,Nej,1,0,0,0,3,1,0,0,0,0,0,0,0,0,0,0,0,Varg,,Bete innanför stängsel,Fältkontroll - LST,Dokumenterad,2-1442,Klinten,6427638,371804,6431394,1324122,RT90,Mindre bra,2022.05.23,Nej,,Nej,,2022.09.23,2-1442,Vårgårda (S),2-14,Västra Götalands län (S)
V509719,,2022.05.18,Ja,2022.05.18,,Annan hund,,Annan,Blandras,2022.05.18,2022.05.18,Nej,0,0,0,0,0,0,0,0,0,0,1,0,0,0,0,0,0,Varg,,,Fältkontroll - LST,Dokumenterad,2-0181,Järna,6552121,647315,6552611,1601225,RT90,Mindre bra,2022.05.23,Nej,,Nej,,2022.05.23,2-0181,Södertälje (S),2-01,Stockholms län (S)
V509841,,2022.05.23,Ja,2022.05.23,,Får,,,,2022.05.22,2022.05.23,Nej,0,0,0,0,0,0,0,0,7,0,5,0,0,0,0,0,0,Varg,,Bete innanför stängsel,Fältkontroll - LST,Dokumenterad,2-0560,Bålnäs,6430985,515128,6433031,1467547,RT90,Exakt,2022.05.26,Nej,,Nej,,2022.05.26,2-0560,Boxholm (S),2-05,Östergötlands län (S)
V510141,,2022.06.02,Ja,2022.06.03,,Får,,Köttraskorsningar,,2022.06.01,2022.06.02,Nej,4,0,1,1,0,0,0,0,0,0,0,0,0,0,0,0,0,Varg,,Bete innanför stängsel,Fältkontroll - LST,Dokumenterad,2-1499,Brandsbygget,6429568,423684,6432705,1376050,RT90,Mindre bra,2022.06.07,Nej,,Nej,,2022.09.23,2-1499,Falköping (S),2-14,Västra Götalands län (S)
V510155,,2022.06.03,Ja,2022.06.03,,Får,,,,2022.06.03,2022.06.03,Nej,0,0,0,0,0,0,0,0,0,1,0,0,0,0,0,0,0,Varg,,Bete innanför stängsel,Fältkontroll - LST,Dokumenterad,2-0461,Trön,6543625,632218,6544296,1586022,RT90,Mindre bra,2022.06.08,Nej,,Nej,,2022.06.09,2-0461,Gnesta (S),2-04,Södermanlands län (S)
V510273,,2022.06.14,Ja,2022.06.14,,Får,,,,2022.06.12,2022.06.14,Nej,0,1,0,2,0,0,0,0,2,0,0,0,0,0,0,0,0,Varg,,Bete innanför stängsel,Fältkontroll - LST,Dokumenterad,2-0583,Öna,6506761,526089,6508701,1479420,RT90,Mindre bra,2022.06.14,Nej,,Nej,,2022.06.14,2-0583,Motala (S),2-05,Östergötlands län (S)
V510289,,2022.06.13,Ja,2022.06.13,,Get,,,,2022.06.12,2022.06.13,Nej,0,0,0,0,0,0,0,0,1,0,0,0,0,0,0,0,0,Varg,,Bete utan stängsel,Fältkontroll - LST,Dokumenterad,2-1864,Ladbacken 101,6640373,503566,6642631,1458507,RT90,Mindre bra,2022.06.15,Nej,,Nej,,2022.06.15,2-1864,Ljusnarsberg (S),2-18,Örebro län (S)
V510371,,2022.06.09,Ja,2022.06.09,,Får,,,,2022.06.08,2022.06.09,Nej,0,0,0,0,0,0,0,0,3,3,2,1,0,0,0,0,0,Varg,,Bete utan stängsel,Fältkontroll - LST,Dokumenterad,2-2023,Råberget,6743195,421130,6746503,1377297,RT90,Mycket bra,2022.06.20,Nej,,Nej,,2022.07.13,2-2023,Malung (S),2-20,Dalarnas län (S)
V510433,,2022.06.22,Ja,2022.06.22,,Får,,,,2022.06.19,2022.06.22,Nej,1,6,0,0,0,0,0,0,3,13,0,0,0,0,0,0,0,Varg,,Bete innanför stängsel,Fältkontroll - LST,Dokumenterad,2-2482,Lövsele ,7147727,802546,7146363,1763861,WGS84-UTM Zon 33,Mindre bra,2022.06.22,Nej,,Nej,,2022.06.23,2-2482,Skellefteå (S),2-24,Västerbottens län (S)
V510456,,2022.06.24,Ja,2022.06.24,,Får,,,,2022.06.23,2022.06.24,Nej,1,0,0,0,0,0,0,0,2,0,0,0,0,0,0,0,0,Varg,,Bete innanför stängsel,Fältkontroll - LST,Dokumenterad,2-1446,Perstorp Rödjan 1,6494371,470745,6496972,1423907,RT90,Mindre bra,2022.06.25,Nej,,Nej,,2022.09.23,2-1446,Karlsborg (S),2-14,Västra Götalands län (S)
V510458,,2022.06.25,Ja,2022.06.25,,Får,,Köttraskorsningar,,2022.06.23,2022.06.24,Nej,2,2,0,0,0,0,0,0,2,0,0,0,0,0,0,0,0,Varg,,Bete innanför stängsel,Fältkontroll - LST,Dokumenterad,2-1214,Långaröd,6208162,395328,6211529,1345065,RT90,Mycket bra,2022.06.25,Nej,,Nej,,2022.06.27,2-1214,Svalöv (S),2-12,Skåne län (S)
V510484,,2022.06.26,Ja,2022.06.26,,Får,,Köttraskorsningar,,2022.06.26,2022.06.26,Nej,0,1,0,0,0,0,0,0,0,0,0,0,0,0,0,0,0,Varg,,Bete innanför stängsel,Fältkontroll - LST,Dokumenterad,2-1214,,6207869,395649,6211232,1345383,RT90,Mindre bra,2022.06.27,Nej,,Nej,,2022.06.27,2-1214,Svalöv (S),2-12,Skåne län (S)
V510491,,2022.06.23,Ja,2022.06.23,,Får,,Gotlandsfår,,2022.06.23,2022.06.23,Nej,2,0,1,0,0,0,0,0,1,1,0,0,0,0,0,0,0,Varg,,Bete med rovdjursavvisande stängsel,Fältkontroll - LST,Dokumenterad,2-2085,Håen,6672029,468690,6674724,1424004,WGS84-UTM Zon 33,Mindre bra,2022.06.23,Nej,,Nej,,2022.06.27,2-2085,Ludvika (S),2-20,Dalarnas län (S)
V510688,,2022.07.08,Ja,2022.07.08,,Får,,Annan,"1 Gotlandsfår och 5 blandfår, (finullsfår)",2022.07.07,2022.07.08,Nej,0,0,0,0,2,0,0,0,4,0,0,0,0,0,0,0,0,Varg,,Bete med rovdjursavvisande stängsel,Fältkontroll - LST,Dokumenterad,2-0140,Källsvik,6559609,633283,6560270,1587280,SWEREF99 TM,Exakt,2022.07.08,Nej,,Nej,,2022.07.14,2-0140,Nykvarn (S),2-01,Stockholms län (S)
V510734,,2022.07.11,Ja,2022.07.11,,Får,,Gotlandsfår,,2022.07.07,2022.07.08,Nej,1,4,3,2,0,0,0,0,5,2,1,0,0,0,0,0,0,Varg,,Bete innanför stängsel,Fältkontroll - LST,Dokumenterad,2-1814,Lilla Väsby,6558205,497911,6560502,1451853,WGS84-UTM Zon 33,Mindre bra,2022.12.21,Nej,,Nej,,2022.12.21,2-1814,Lekeberg (S),2-18,Örebro län (S)
V510776,,2022.07.11,Ja,2022.07.11,,Annan hund,,,Pinscher ,2022.07.09,2022.07.09,Nej,0,0,0,0,0,0,0,0,0,0,1,0,0,0,0,0,0,Varg,,,Fältkontroll - LST,Dokumenterad,2-1762,"Tjärne, Ransäter ",6629335,414801,6632669,1369572,WGS84-UTM Zon 33,Mindre bra,2022.07.11,Nej,,Nej,,2022.07.12,2-1762,Munkfors (S),2-17,Värmlands län (S)
V510777,,2022.06.20,Ja,2022.06.20,,Nöt,,,,2022.06.19,2022.06.20,Nej,1,0,0,0,0,0,0,0,0,0,0,0,0,0,0,0,0,Varg,,Bete innanför stängsel,Fältkontroll - LST,Dokumenterad,2-1780,Barsjötorp,6599300,433894,6602389,1388308,WGS84-UTM Zon 33,Mindre bra,,Nej,,Nej,,2022.11.18,2-1780,Karlstad (S),2-17,Värmlands län (S)
V510839,,2022.07.13,Ja,2022.07.14,,Får,,Dorper,,2022.07.12,2022.07.13,Nej,0,0,0,0,0,0,0,0,4,1,0,0,0,0,0,0,0,Varg,,Bete innanför stängsel,Fältkontroll - LST,Dokumenterad,2-2061,Simmersjön,6652484,513872,6654621,1468964,RT90,Mycket bra,2022.07.14,Nej,,Nej,,2022.07.19,2-2061,Smedjebacken (S),2-20,Dalarnas län (S)
V510899,UI415486 G110-21,2022.07.16,Ja,2022.07.16,,Nöt,,,,2022.07.15,2022.07.16,Nej,1,0,0,0,0,0,0,0,0,0,0,0,0,0,0,0,0,Varg,,Bete innanför stängsel,Fältkontroll - LST,Dokumenterad,2-0781,"Ljungby, Berghem",6296147,432240,6299122,1383027,SWEREF99 TM,Mycket bra,2022.07.16,Nej,,Nej,,2022.11.30,2-0781,Ljungby (S),2-07,Kronobergs län (S)
V511215,UI415486 G110-21,2022.07.28,Ja,2022.07.28,,Får,,Köttraskorsningar,,2022.07.27,2022.07.28,Nej,0,0,0,0,0,0,0,0,2,0,0,0,0,0,0,0,0,Varg,,Bete innanför stängsel,Fältkontroll - LST,Dokumenterad,2-0765,Linnefalla,6262588,433216,6265537,1383609,RT90,Exakt,2022.07.30,Nej,,Nej,,2022.09.05,2-0765,Älmhult (S),2-07,Kronobergs län (S)
V511270,,2022.08.01,Ja,2022.08.01,,Får,,,,2022.08.01,2022.08.01,Nej,1,0,0,0,0,0,0,0,0,0,0,0,0,0,0,0,0,Varg,,Bete innanför stängsel,Fotodokumentation,Bedömd som säker,2-1266,,6192962,427735,6195943,1377310,RT90,Mindre bra,2022.08.01,Nej,,Nej,,2022.08.03,2-1266,Hörby (S),2-12,Skåne län (S)
V511276,,2022.08.01,Ja,2022.08.01,,Får,,,,2022.08.01,2022.08.01,Nej,0,0,0,0,0,0,0,0,1,0,0,0,0,0,0,0,0,Varg,,Bete innanför stängsel,Fotodokumentation,Bedömd som säker,2-1273,,6255627,438698,6258508,1389011,RT90,Mindre bra,2022.08.01,Nej,,Nej,,2022.08.03,2-1273,Osby (S),2-12,Skåne län (S)
V511278,,2022.08.01,Ja,2022.08.02,,Får,,Dorset,,2022.07.31,2022.08.01,Nej,0,0,0,0,0,0,0,0,3,0,2,0,0,0,0,0,0,Varg,,Bete innanför stängsel,Fältkontroll - LST,Bedömd som säker,2-1257,,6233018,391250,6236445,1341276,RT90,Mycket bra,2022.08.02,Nej,,Nej,,2022.08.02,2-1257,Örkelljunga (S),2-12,Skåne län (S)
V511376,,2022.08.06,Ja,2022.08.06,,Nöt,,,,2022.08.05,2022.08.06,Nej,0,0,0,0,0,0,1,0,0,0,0,0,0,0,0,0,0,Varg,,Bete innanför stängsel,Fältkontroll - LST,Bedömd som säker,2-1472,Spethult 32,6485050,461133,6487762,1414179,RT90,Mindre bra,2022.08.06,Nej,,Nej,,2022.09.23,2-1472,Tibro (S),2-14,Västra Götalands län (S)
V511411,,2022.08.08,Ja,2022.08.08,,Får,,Gotlandsfår,,2022.08.07,2022.08.08,Nej,0,0,0,0,0,0,0,0,2,0,2,0,0,0,0,0,0,Varg,,Bete innanför stängsel,Fältkontroll - LST,Dokumenterad,2-0686,"Hult, Råstorp",6390379,508107,6392494,1460040,SWEREF99 TM,Mycket bra,2022.08.08,Nej,,Nej,,2022.09.02,2-0686,Eksjö (S),2-06,Jönköpings län (S)
V511428,,2022.08.06,Ja,2022.08.06,,Får,,Köttraskorsningar,,2022.08.05,2022.08.06,Nej,4,9,2,0,0,0,0,0,2,0,0,0,0,0,0,0,0,Varg,,Bete innanför stängsel,Fältkontroll - LST,Dokumenterad,2-0461,Skeppsta,6559514,620907,6560325,1574901,RT90,Mindre bra,2022.08.09,Nej,,Nej,,2022.08.09,2-0461,Gnesta (S),2-04,Södermanlands län (S)
V511486,,2022.08.09,Ja,2022.08.09,,Får,,Gotlandsfår,,2022.08.04,2022.08.09,Ja,6,0,0,0,0,0,0,0,0,0,0,0,0,0,0,0,0,Varg,,Bete innanför stängsel,Fältkontroll - LST,Dokumenterad,2-0188,Järingevägen 70,6660320,698342,6660209,1653574,WGS84-UTM Zon 33,Mindre bra,2022.08.10,Nej,,Nej,,2022.08.17,2-0188,Norrtälje (S),2-01,Stockholms län (S)
V511611,,2022.08.10,Ja,2022.08.10,,Får,,Annan,Blandat gotlandsfår och korsning,2022.08.09,2022.08.10,Nej,2,0,5,0,0,0,0,0,0,0,0,0,0,0,0,0,0,Varg,,Bete innanför stängsel,Fältkontroll - LST,Dokumenterad,2-0188,Järinge,6655244,697547,6655142,1652717,RT90,Mycket bra,2022.08.15,Nej,,Nej,,2022.08.15,2-0188,Norrtälje (S),2-01,Stockholms län (S)
V511612,,2022.08.11,Ja,2022.08.11,,Får,,Annan,Blandat gotlandsfår och korsning,2022.08.10,2022.08.11,Nej,0,0,0,0,0,0,0,0,9,0,1,0,0,0,0,0,0,Varg,,Bete utan stängsel,Fältkontroll - LST,Dokumenterad,2-0188,Harbroholm,6653479,700065,6653346,1655214,RT90,Exakt,2022.08.15,Nej,,Nej,,2022.08.15,2-0188,Norrtälje (S),2-01,Stockholms län (S)
V511670,,2022.08.15,Ja,2022.08.16,,Får,,,,2022.08.15,2022.08.15,Nej,0,0,0,0,0,0,0,0,1,0,0,0,0,0,0,0,0,Varg,,Bete utan stängsel,Fältkontroll - LST,Dokumenterad,2-2034,Östra Grunuberg  Orsa,6774428,492887,6776865,1449467,RT90,Mycket bra,2022.08.16,Nej,,Nej,,2022.08.19,2-2034,Orsa (S),2-20,Dalarnas län (S)
V511767,,2022.08.17,Ja,2022.08.17,,Får,,,,2022.08.17,2022.08.17,Nej,0,0,0,0,0,0,0,0,1,0,0,4,0,0,0,0,0,Varg,,Bete utan stängsel,Fältkontroll - LST,Dokumenterad,2-2034,Ö.Grunuberg,6774428,492887,6776865,1449467,RT90,Mycket bra,2022.08.19,Nej,,Nej,,2022.08.19,2-2034,Orsa (S),2-20,Dalarnas län (S)
V511768,,2022.08.17,Ja,2022.08.17,,Get,,,,2022.08.17,2022.08.17,Nej,0,0,0,0,0,0,0,0,1,0,0,0,0,0,0,0,0,Varg,,Bete utan stängsel,Fältkontroll - LST,Dokumenterad,2-2034,Grunuberg,6774428,492887,6776865,1449467,RT90,Mycket bra,2022.08.19,Nej,,Nej,,2022.08.19,2-2034,Orsa (S),2-20,Dalarnas län (S)
V511886,,2022.08.24,Ja,2022.08.24,,Får,,,,2022.08.23,2022.08.24,Nej,0,0,0,0,0,0,0,0,4,1,0,0,0,0,0,0,0,Varg,,Bete innanför stängsel,Fältkontroll - LST,Dokumenterad,2-1498,Kullebo ,6455101,447306,6457967,1399988,RT90,Mindre bra,2022.08.24,Nej,,Nej,,2022.09.23,2-1498,Tidaholm (S),2-14,Västra Götalands län (S)
V511890,,2022.08.23,Ja,2022.08.24,,Får,,Annan,Gutefår,2022.08.23,2022.08.23,Nej,0,0,0,0,0,0,0,0,2,0,0,0,0,0,0,0,0,Varg,,Bete innanför stängsel,Fältkontroll - LST,Dokumenterad,2-2080,Övertänger,6748975,541647,6750803,1497930,RT90,Mycket bra,2022.08.25,Nej,,Nej,,2022.08.25,2-2080,Falun (S),2-20,Dalarnas län (S)
V511898,,2022.08.25,Ja,2022.08.25,,Jakthund,,Annan,Vit älghund,2022.08.25,2022.08.25,Nej,0,0,0,0,0,0,0,0,0,1,0,0,0,0,0,0,0,Varg,,,Fältkontroll - LST,Dokumenterad,2-2084,Nickarvet,6679898,571520,6681339,1526965,SWEREF99 TM,Mycket bra,2022.08.25,Nej,,Nej,,2022.08.26,2-2084,Avesta (S),2-20,Dalarnas län (S)
V511915,,2022.08.24,Ja,2022.08.25,,Nöt,,,,2022.08.23,2022.08.24,Ja,1,0,0,0,0,0,0,0,0,0,0,0,0,0,0,0,0,Varg,,Bete innanför stängsel,Fältkontroll - LST,Bedömd som säker,2-1814,Saltorp,6558846,481453,6561342,1435396,WGS84-UTM Zon 33,Mycket bra,2022.08.26,Nej,,Nej,,2022.08.29,2-1814,Lekeberg (S),2-18,Örebro län (S)
V511964,,2022.08.20,Ja,2022.08.20,,Får,,Gotlandsfår,,2022.08.20,2022.08.20,Nej,0,0,0,0,2,0,0,0,0,0,0,0,0,0,0,0,0,Varg,,Bete innanför stängsel,Fältkontroll - LST,Dokumenterad,2-0461,Gnesta kommun,6561525,618291,6562368,1572308,WGS84-UTM Zon 33,Mindre bra,2022.08.31,Nej,,Nej,,2022.08.31,2-0461,Gnesta (S),2-04,Södermanlands län (S)
V512026,,2022.09.01,Ja,2022.09.01,,Får,,Allmogefår,,2022.09.01,2022.09.01,Nej,0,0,0,0,0,0,0,0,1,0,0,0,0,0,0,0,0,Varg,,Bete innanför stängsel,Fältkontroll - LST,Dokumenterad,2-2161,Färila,6851510,542908,6853354,1500458,WGS84-UTM Zon 33,Mycket bra,2022.09.01,Nej,,Nej,,2022.09.01,2-2161,Ljusdal (S),2-21,Gävleborgs län (S)
V512041,,2022.08.31,Ja,2022.09.01,,Får,,Gotlandsfår,,2022.08.27,2022.08.29,Ja,0,0,0,0,0,0,0,0,1,1,0,0,0,0,0,0,0,Varg,,Bete innanför stängsel,Fältkontroll - LST,Bedömd som säker,2-0684,ApplehultSöråker,6343211,466707,6345799,1418065,WGS84-UTM Zon 33,Mycket bra,2022.09.02,Nej,,Nej,,2022.10.13,2-0684,Sävsjö (S),2-06,Jönköpings län (S)
V512126,,2022.09.06,Ja,2022.09.06,,Jakthund,,Annan,Jämthund,2022.09.06,2022.09.06,Nej,0,0,0,0,0,0,0,0,1,0,0,0,0,0,0,0,0,Varg,,,Fältkontroll - LST,Dokumenterad,2-1737,Sysslebäck,6742619,390022,6746309,1346167,RT90,Mycket bra,2022.09.06,Nej,,Nej,,2022.09.12,2-1737,Torsby (S),2-17,Värmlands län (S)
V512225,,2022.09.11,Ja,2022.09.12,,Får,,Allmogefår,,2022.09.10,2022.09.11,Nej,1,0,0,0,0,0,0,0,0,0,0,0,0,0,0,0,0,Varg,,Bete innanför stängsel,Fältkontroll - LST,Dokumenterad,2-2161,Björkhaga,6851325,543445,6853162,1500992,SWEREF99 TM,Mycket bra,2022.09.12,Nej,,Nej,,2022.09.12,2-2161,Ljusdal (S),2-21,Gävleborgs län (S)
V512263,,2022.09.11,Ja,2022.09.12,,Får,,,,2022.09.10,2022.09.11,Nej,5,0,0,0,0,0,0,0,0,0,0,0,0,0,0,0,0,Varg,,Bete innanför stängsel,Fältkontroll - LST,Dokumenterad,2-2482,Lövsele,7147664,802330,7146303,1763645,WGS84-UTM Zon 33,Mycket bra,2022.09.13,Nej,,Nej,,2022.09.13,2-2482,Skellefteå (S),2-24,Västerbottens län (S)
V512291,,2022.09.11,Ja,2022.09.11,,Får,,Finullsfår,,2022.09.10,2022.09.11,Nej,1,0,0,0,0,0,0,0,6,0,0,0,0,0,0,0,0,Varg,,Bete innanför stängsel,Fältkontroll - LST,Dokumenterad,2-1381,,6273775,383160,6277317,1333660,SWEREF99 TM,Mindre bra,2022.09.13,Nej,,Nej,,2022.10.31,2-1381,Laholm (S),2-13,Hallands län (S)
V512311,,2022.09.10,Ja,2022.09.14,,Får,,Allmogefår,,2022.09.10,2022.09.10,Nej,1,0,0,0,0,0,0,0,0,0,0,0,0,0,0,0,0,Varg,,Bete innanför stängsel,Fältkontroll - LST,Bedömd som säker,2-2181,Stocksbo,6728066,574082,6729489,1530117,WGS84-UTM Zon 33,Mindre bra,2022.09.15,Nej,,Nej,,2022.09.15,2-2181,Sandviken (S),2-21,Gävleborgs län (S)
V512328,,2022.09.16,Ja,2022.09.16,,Får,,,,2022.09.16,2022.09.16,Nej,1,1,0,0,0,0,0,0,2,1,0,0,0,0,0,0,0,Varg,,Bete innanför stängsel,Fältkontroll - LST,Dokumenterad,2-0583,Skönnarbo,6518715,521133,6520718,1474606,RT90,Mindre bra,2022.09.16,Nej,,Nej,,2022.09.19,2-0583,Motala (S),2-05,Östergötlands län (S)
V512382,,2022.09.17,Ja,2022.09.17,,Får,,,,2022.09.17,2022.09.17,Nej,0,1,0,0,0,0,0,0,4,0,0,0,0,0,0,0,0,Varg,,Bete innanför stängsel,Fältkontroll - LST,Dokumenterad,2-0583,Skönnarbo,6518715,521133,6520718,1474606,RT90,Mindre bra,2022.09.19,Nej,,Nej,,2022.09.19,2-0583,Motala (S),2-05,Östergötlands län (S)
V512385,,2022.09.18,Ja,2022.09.19,,Jakthund,,,Gråhund ,2022.09.18,2022.09.18,Nej,0,0,0,0,0,0,0,0,1,0,0,0,0,0,0,0,0,Varg,,,Fältkontroll - LST,Dokumenterad,2-1737,Röjdens vvo,6720387,370542,6724306,1326404,WGS 84 (Lat/Long),Mycket bra,,Nej,,Nej,,2022.09.19,2-1737,Torsby (S),2-17,Värmlands län (S)
V512411,,2022.09.20,Ja,2022.09.20,,Får,,Köttraskorsningar,,2022.09.19,2022.09.20,Nej,3,2,2,0,1,0,0,0,6,0,0,0,0,0,0,0,0,Varg,,Bete innanför stängsel,Fältkontroll - LST,Bedömd som säker,2-1290,Huaröd,6185785,432850,6188704,1382344,RT90,Mycket bra,2022.09.20,Nej,,Nej,,2022.10.04,2-1290,Kristianstad (S),2-12,Skåne län (S)
V512412,,2022.09.20,Ja,2022.09.20,,Annat djur,Alpacka ,,,2022.09.19,2022.09.20,Nej,0,0,0,0,0,0,0,0,1,0,0,0,0,0,0,0,0,Varg,,Bete med rovdjursavvisande stängsel,GPS/Radiopejling,Dokumenterad,2-2101,Västerbo/Åmot,6759553,577819,6760939,1534243,WGS 84 (Lat/Long),Mindre bra,2022.09.20,Nej,,Nej,,2022.09.22,2-2101,Ockelbo (S),2-21,Gävleborgs län (S)
V512488,,2022.09.25,Ja,2022.09.25,,Jakthund,,,Jämte,2022.09.25,2022.09.25,Nej,0,0,0,0,0,0,0,0,1,0,0,0,0,0,0,0,0,Varg,,,Fältkontroll - LST,Dokumenterad,2-2183,Stugubacken ,6776820,575332,6778241,1531967,WGS 84 (Lat/Long),Mindre bra,2022.09.25,Nej,,Nej,,2022.09.25,2-2183,Bollnäs (S),2-21,Gävleborgs län (S)
V512493,,2022.09.23,Ja,2022.09.26,,Får,,Allmogefår,,2022.09.22,2022.09.23,Nej,1,0,0,0,0,0,0,0,0,0,0,0,0,0,0,0,0,Varg,,Bete innanför stängsel,Fältkontroll - LST,Bedömd som säker,2-2181,Stocksbo,6728037,574059,6729461,1530094,SWEREF99 TM,Mycket bra,2022.09.26,Nej,,Nej,,2022.09.27,2-2181,Sandviken (S),2-21,Gävleborgs län (S)
V512554,,2022.09.30,Ja,2022.09.30,,Jakthund,,Annan,stövare,2022.09.30,2022.09.30,Nej,0,0,0,0,0,0,0,0,1,0,0,0,0,0,0,0,0,Varg,,,Fältkontroll - LST,Dokumenterad,2-2082,Olov Johansson stuga,6683019,532162,6684942,1487633,RT90,Mycket bra,2022.09.30,Nej,,Nej,,2022.10.19,2-2082,Säter (S),2-20,Dalarnas län (S)
V512561,,2022.10.01,Ja,2022.10.01,,Jakthund,,Annan,Terrier,2022.10.01,2022.10.01,Nej,0,0,0,0,0,0,0,0,0,0,1,0,0,0,0,0,0,Varg,,,Fältkontroll - LST,Dokumenterad,2-2029,Kyrkbol,6731331,510984,6733530,1467040,SWEREF99 TM,Mycket bra,2022.10.02,Nej,,Nej,,2022.10.19,2-2029,Leksand (S),2-20,Dalarnas län (S)
V512577,,2022.10.03,Ja,2022.10.03,,Jakthund,,,Drever,2022.10.02,2022.10.03,Nej,0,0,0,0,0,0,0,0,1,0,0,0,0,0,0,0,0,Varg,,,Fältkontroll - LST,Dokumenterad,2-2183,Mevassen,6793144,569428,6794642,1526263,WGS 84 (Lat/Long),Mindre bra,2022.10.03,Nej,,Nej,,2022.10.04,2-2183,Bollnäs (S),2-21,Gävleborgs län (S)
V512620,UI415486 G110-21,2022.10.03,Ja,2022.10.03,,Får,,Texel,,2022.10.02,2022.10.03,Nej,0,0,0,0,0,0,0,0,2,0,1,0,0,0,0,0,0,Varg,,Bete innanför stängsel,Fältkontroll - LST,Dokumenterad,2-0767,Snällsböke,6272482,414243,6275658,1364743,RT90,Mindre bra,2022.10.07,Nej,,Nej,,2022.11.03,2-0767,Markaryd (S),2-07,Kronobergs län (S)
V512645,,2022.10.08,Ja,2022.10.10,,Får,,Gotlandsfår,,2022.10.07,2022.10.08,Nej,0,0,0,2,0,0,0,0,1,0,0,0,0,0,0,0,0,Varg,,Bete innanför stängsel,Fältkontroll - LST,Bedömd som säker,2-2480,Nyhem,7104190,758277,7103384,1719037,WGS84-UTM Zon 33,Exakt,2022.10.10,Nej,,Nej,,2022.10.16,2-2480,Umeå (S),2-24,Västerbottens län (S)
V512672,UI415486 G110-21,2022.10.12,Ja,2022.10.12,,Får,,Annan,Blandras,2022.10.11,2022.10.12,Nej,2,0,0,0,0,0,0,0,3,1,1,0,0,0,0,0,0,Varg,,Bete innanför stängsel,Fältkontroll - LST,Dokumenterad,2-1381,,6270340,403114,6273646,1353584,RT90,Mindre bra,2022.10.12,Nej,,Nej,,2022.10.31,2-1381,Laholm (S),2-13,Hallands län (S)
V512677,,2022.10.12,Ja,2022.10.13,,Får,,,,2022.10.10,2022.10.12,Ja,1,0,0,0,2,0,0,0,1,0,0,0,0,0,0,0,0,Varg,,Bete innanför stängsel,Fältkontroll - LST,Dokumenterad,2-1907,Broforstorp,6615968,559703,6617535,1514365,SWEREF99 TM,Mycket bra,2022.10.14,Nej,,Nej,,2022.10.14,2-1907,Surahammar (S),2-19,Västmanlands län (S)
V512706,,2022.10.08,Ja,2022.10.13,,Jakthund,,Annan,Jämthund,2022.10.08,2022.10.08,Nej,0,0,0,0,0,0,0,0,0,0,1,0,0,0,0,0,0,Varg,,,Fältkontroll - LST,Dokumenterad,2-0360,Nymden,6690785,657401,6691179,1612998,SWEREF99 TM,Mindre bra,2022.10.17,Nej,,Nej,,2022.12.08,2-0360,Tierp (S),2-03,Uppsala län (S)
V512707,,2022.10.10,Ja,2022.10.17,,Jakthund,,Annan,Östsibirisk laika,2022.10.10,2022.10.10,Nej,0,0,0,0,0,0,0,0,0,0,1,0,0,0,0,0,0,Varg,,,Fältkontroll - LST,Bedömd som säker,2-2031,Råberget,6750623,514278,6752788,1470572,SWEREF99 TM,Mindre bra,2022.10.17,Nej,,Nej,,2022.10.18,2-2031,Rättvik (S),2-20,Dalarnas län (S)
V512760,,2022.10.21,Ja,2022.10.21,,Får,,Finullsfår,,2022.10.17,2022.10.21,Ja,0,0,0,0,0,0,0,0,1,0,0,0,0,0,0,0,0,Varg,,Bete innanför stängsel,Fältkontroll - LST,Dokumenterad,2-1471,Hultet ,6483537,417701,6486770,1370711,WGS 84 (Lat/Long),Mycket bra,2022.11.08,Nej,,Nej,,2022.11.08,2-1471,Götene (S),2-14,Västra Götalands län (S)
V512805,,2022.10.19,Ja,2022.10.24,,Jakthund,,Annan,Gråhund,2022.10.19,2022.10.19,Nej,0,0,0,0,0,0,0,0,0,0,1,0,0,0,0,0,0,Varg,,,Fältkontroll - LST,Bedömd som säker,2-2031,Ljusacksberget,6752445,522330,6754512,1478649,SWEREF99 TM,Mycket bra,2022.10.26,Nej,,Nej,,2022.11.07,2-2031,Rättvik (S),2-20,Dalarnas län (S)
V512817,,2022.10.21,Ja,2022.10.26,,Får,,,,2022.10.20,2022.10.21,Nej,0,0,0,0,0,0,0,0,1,0,0,0,0,0,0,0,0,Varg,,Bete innanför stängsel,Fältkontroll - LST,Dokumenterad,2-2284,Jakobsskatan 105,7053362,699657,7053291,1659767,SWEREF99 TM,Mycket bra,2022.10.27,Nej,,Nej,,2022.10.27,2-2284,Örnsköldsvik (S),2-22,Västernorrlands län (S)
V512909,,2022.11.01,Ja,2022.11.01,,Får,,Dorset,,2022.11.01,2022.11.01,Nej,1,0,0,0,0,0,0,0,2,0,0,0,0,0,0,0,0,Varg,,Bete innanför stängsel,Fältkontroll - LST,Dokumenterad,2-0765,Lindås,6263545,441116,6266402,1391523,RT90,Exakt,2022.11.02,Nej,,Nej,,2022.11.15,2-0765,Älmhult (S),2-07,Kronobergs län (S)
V512933,,2022.11.08,Ja,2022.11.08,,Jakthund,,,Smålandsstövare,2022.11.08,2022.11.08,Nej,0,0,0,0,0,0,0,0,1,0,0,0,0,0,0,0,0,Varg,,Bete utan stängsel,Fältkontroll - LST,Bedömd som säker,2-2121,Rävafly,6799880,538294,6801765,1495203,WGS 84 (Lat/Long),Mindre bra,,Nej,,Nej,,2022.11.08,2-2121,Ovanåker (S),2-21,Gävleborgs län (S)
V512943,,2022.11.11,Ja,2022.11.11,,Jakthund,,,Gråhund,2022.11.11,2022.11.11,Nej,0,0,0,0,0,0,0,0,1,0,0,0,0,0,0,0,0,Varg,,,Fältkontroll - LST,Dokumenterad,2-2260,Naggen/Myra,6908193,552356,6909936,1510613,RT90,Mindre bra,2022.11.11,Nej,,Nej,,2022.11.11,2-2260,Ånge (S),2-22,Västernorrlands län (S)
V512946,,2022.11.13,Ja,2022.11.13,,Får,,Köttraskorsningar,,2022.11.13,2022.11.13,Nej,0,0,0,0,0,0,0,0,5,0,1,0,0,0,0,0,0,Varg,,Bete innanför stängsel,Fältkontroll - LST,Dokumenterad,2-1266,,6189006,425385,6192013,1374913,RT90,Exakt,2022.11.13,Nej,,Nej,,2022.11.23,2-1266,Hörby (S),2-12,Skåne län (S)
V512956,,2022.11.12,Ja,2022.11.12,,Jakthund,,Annan,Tax,2022.11.12,2022.11.12,Nej,0,0,0,0,0,0,0,0,1,0,0,0,0,0,0,0,0,Varg,,,Fältkontroll - LST,Dokumenterad,2-2181,"Råmuren, Åshammar",6727218,584356,6728515,1540384,SWEREF99 TM,Mycket bra,2022.11.14,Nej,,Nej,,2022.11.25,2-2181,Sandviken (S),2-21,Gävleborgs län (S)
V512966,,2022.11.13,Ja,2022.11.14,,Får,,Köttraskorsningar,,2022.11.13,2022.11.13,Nej,0,0,0,0,0,0,0,0,1,0,0,0,0,0,0,0,0,Varg,,Bete innanför stängsel,Fältkontroll - LST,Dokumenterad,2-0767,Snällsböke,6272343,414130,6275521,1364628,RT90,Exakt,2022.11.16,Nej,,Nej,,2022.11.16,2-0767,Markaryd (S),2-07,Kronobergs län (S)
V512982,,2022.11.17,Ja,2022.11.18,,Får,,Texel,,2022.11.16,2022.11.17,Nej,0,0,0,0,0,0,0,0,2,2,1,0,0,0,0,0,0,Varg,,Bete innanför stängsel,Fältkontroll - LST,Bedömd som säker,2-1266,Killhult,6192870,427664,6195852,1377238,RT90,Mycket bra,2022.11.18,Nej,,Nej,,2022.11.18,2-1266,Hörby (S),2-12,Skåne län (S)
V512988,,2022.11.20,Ja,2022.11.20,,Jakthund,,,Smålandsstövare,2022.11.20,2022.11.20,Nej,0,0,0,0,0,0,0,0,1,0,0,0,0,0,0,0,0,Varg,,,Fältkontroll - LST,Bedömd som säker,2-1737,Ormliden,6683029,409988,6686446,1365412,WGS 84 (Lat/Long),Mindre bra,2022.11.20,Nej,,Nej,,2022.11.21,2-1737,Torsby (S),2-17,Värmlands län (S)
V512993,,2022.11.20,Ja,2022.11.20,,Ren,,,,2022.11.19,2022.11.20,Nej,0,0,0,0,0,0,0,0,1,0,0,0,0,0,0,0,0,Varg,,,Fältkontroll - Sameby,Bedömd som säker,2-2326,Rullbotjärn,6960527,422384,6963913,1381248,RT90,Mindre bra,2022.11.21,Ja,,Nej,,2022.11.21,2-2326,Berg (S),2-23,Jämtlands län (S)
V513071,,2022.12.01,Ja,2022.12.02,,Får,,Köttraskorsningar,,2022.11.30,2022.12.01,Nej,1,0,0,0,0,0,0,0,3,6,0,0,0,0,0,0,0,Varg,,Bete innanför stängsel,Fältkontroll - LST,Dokumenterad,2-1491,Botorp,6420728,423638,6423862,1375898,RT90,Mindre bra,2022.12.03,Nej,,Nej,,2022.12.15,2-1491,Ulricehamn (S),2-14,Västra Götalands län (S)
V513101,,2022.12.02,Ja,2022.12.02,,Ren,,,,2022.11.29,2022.11.30,Nej,0,0,0,0,1,0,0,0,0,0,0,0,0,0,0,0,0,Varg,,,Fältkontroll - LST,Bedömd som säker,2-2321,Hottögsfjället,7004159,419705,7007597,1379115,SWEREF99 TM,Exakt,2022.12.10,Ja,,Nej,,2022.12.10,2-2321,Åre (S),2-23,Jämtlands län (S)
V513126,,2022.12.14,Ja,2022.12.14,,Ren,,,,2022.12.13,2022.12.14,Nej,3,0,0,0,1,0,0,0,13,0,0,0,0,0,0,0,0,Varg,,,Fältkontroll - LST,Dokumenterad,2-2521,,7564702,843183,7562836,1809879,SWEREF99 TM,Mycket bra,2022.12.28,Nej,,Nej,,2023.01.03,2-2521,Pajala (S),2-25,Norrbottens län (S)
V513140,,2022.12.17,Ja,2022.12.17,,Ren,,,,2022.12.16,2022.12.16,Nej,0,0,0,0,0,0,0,0,1,0,0,0,0,0,0,0,0,Varg,,,Fältkontroll - LST,Bedömd som säker,2-2321,Håckren,7010856,416853,7014333,1376346,RT90,Mindre bra,2022.12.17,Ja,,Nej,,2022.12.17,2-2321,Åre (S),2-23,Jämtlands län (S)
V513153,,2022.12.22,Ja,2022.12.22,,Ren,,,,2022.12.19,2022.12.20,Nej,0,0,0,0,0,0,0,0,1,0,0,0,0,0,0,0,0,Varg,,,Fältkontroll - Sameby,Bedömd som säker,2-2326,Glen ,6980221,429566,6983525,1388680,WGS 84 (Lat/Long),Mindre bra,2022.12.22,Ja,,Nej,,2022.12.22,2-2326,Berg (S),2-23,Jämtlands län (S)
V513166,,2022.12.24,Ja,2022.12.25,,Annan hund,,Annan,Terrier,2022.12.24,2022.12.24,Nej,0,0,0,0,0,0,0,0,0,0,1,0,0,0,0,0,0,Varg,,,Fältkontroll - LST,Bedömd som säker,2-1446,Kashult,6495109,461781,6497818,1414948,RT90,Mindre bra,2022.12.27,Nej,,Nej,,2023.01.08,2-1446,Karlsborg (S),2-14,Västra Götalands län (S)
V513229,,2023.01.03,Ja,2023.01.04,,Ren,,,,2023.01.01,2023.01.02,Nej,0,0,0,0,0,0,0,0,1,0,0,0,0,0,0,0,0,Varg,,,Fältkontroll - LST,Dokumenterad,2-2482,Grankälen,7233118,736208,7232607,1698606,SWEREF99 TM,Exakt,2023.01.09,Ja,,Nej,,2023.01.09,2-2482,Skellefteå (S),2-24,Västerbottens län (S)
V513230,,2023.01.03,Ja,2023.01.04,,Ren,,,,2023.01.01,2023.01.02,Nej,1,0,0,0,0,0,0,0,0,0,0,0,0,0,0,0,0,Varg,,,Fältkontroll - LST,Dokumenterad,2-2482,Mossarotträsk,7225393,735464,7224891,1697763,SWEREF99 TM,Exakt,2023.01.09,Ja,,Nej,,2023.01.09,2-2482,Skellefteå (S),2-24,Västerbottens län (S)
V513231,,2023.01.05,Ja,2023.01.05,,Ren,,,,2022.12.31,2023.01.02,Nej,1,0,0,0,0,0,0,0,0,0,0,0,0,0,0,0,0,Varg,,,Fältkontroll - LST,Dokumenterad,2-2482,Hobergsträsk,7248009,736974,7247490,1699562,SWEREF99 TM,Exakt,2023.01.09,Ja,,Nej,,2023.01.09,2-2482,Skellefteå (S),2-24,Västerbottens län (S)
V513236,,2023.01.09,Ja,2023.01.09,,Ren,,,,2023.01.03,2023.01.04,Nej,0,0,0,0,0,0,0,0,0,1,3,0,0,0,0,0,0,Varg,,,Fältkontroll - LST,Dokumenterad,2-2404,Kvarnlund,7128485,741959,7127889,1703025,WGS 84 (Lat/Long),Mindre bra,,Ja,,Nej,,2023.01.10,2-2404,Vindeln (S),2-24,Västerbottens län (S)
V513237,,2023.01.09,Ja,2023.01.09,,Ren,,,,2023.01.03,2023.01.04,Nej,0,0,0,0,0,0,0,0,0,1,0,0,0,0,0,0,0,Varg,,Bete utan stängsel,Fältkontroll - LST,Dokumenterad,2-2480,Orrberget,7121262,745626,7120618,1706601,WGS 84 (Lat/Long),Mindre bra,,Ja,,Nej,,2023.01.10,2-2480,Umeå (S),2-24,Västerbottens län (S)
V513271,,2023.01.13,Ja,2023.01.13,,Ren,,,,2023.01.13,2023.01.13,Nej,0,0,0,0,0,0,0,0,0,0,3,0,0,0,0,0,0,Varg,,,Fältkontroll - LST,Dokumenterad,2-2409,Flarken,7148159,784326,7147026,1745645,WGS 84 (Lat/Long),Mindre bra,,Ja,,Nej,,2023.01.13,2-2409,Robertsfors (S),2-24,Västerbottens län (S)
V513451,,2023.01.29,Ja,2023.01.30,,Jakthund,,Annan,Blandras tax/drever,2023.01.29,2023.01.29,Nej,0,0,0,0,0,0,0,0,1,0,0,0,0,0,0,0,0,Varg,,,Fältkontroll - LST,Dokumenterad,2-1499,Jäla,6431011,403373,6434391,1355747,RT90,Mindre bra,2023.01.31,Nej,,Nej,,2023.01.31,2-1499,Falköping (S),2-14,Västra Götalands län (S)
