Country,HändelseID,Fynddatum,Undersökt,Undersökt datum,Skada på,Ras,Ange ras,"Skadedatum, från","Skadedatum, till",Osäkert skadedatum,Kön,Alder,Antall,Tilstand,Antal döda under 1 år,Antal avlivade under 1 år,Antal skadade under 1 år,Antal saknade under 1 år,Antal döda 1 till 2 år,Antal avlivade 1 till 2 år,Antal skadade 1 till 2 år,Antal saknade 1 till 2 år,Antal döda över 2 år,Antal avlivade över 2 år,Antal skadade över 2 år,Antal saknade över 2 år,Skadeorsak,Betestyp,Kontrolltyp,Bedömning,KommunID,Fyndplats,Nord (UTM33/SWEREF99 TM),Öst (UTM33/SWEREF99 TM),Nord (RT90),Öst (RT90),Koordinatsystem,Platskvalitet,Godkänd datum,Låst,Låst datum,Senast sparad datum,Kommunenummer,Kommune,Fylkenummer,Fylke
Sweden,V466918,2016.01.02,Ja,2016.01.02,Jakthund,Annan,Gråhund,2016.01.02,2016.01.02,Nej,NA,Över 2 år,1,Död,0,0,0,0,0,0,0,0,1,0,0,0,Varg,,Fältkontroll - LST,Bedömd som säker,2-2083,Långmora,6701901,553201,6703573,1508909,RT90,Mycket bra,2016.01.03,Ja,2017.12.18,2016.02.11,2-2083,Hedemora (S),2-20,Dalarnas län (S)
Sweden,V466973,2016.01.04,Ja,2016.01.04,Jakthund,Annan,Drever,2016.01.04,2016.01.04,Nej,NA,Över 2 år,1,Skadad,0,0,0,0,0,0,0,0,0,0,1,0,Varg,,Fältkontroll - LST,Dokumenterad,2-1460,,6569302,341613,6573495,1295619,WGS84-UTM Zon 33,Mindre bra,2016.01.09,Ja,2017.12.18,2016.01.11,2-1460,Bengtsfors (S),2-14,Västra Götalands län (S)
Sweden,V467013,2016.01.09,Ja,2016.01.10,Jakthund,Annan,Jämthund,2016.01.09,2016.01.09,Nej,NA,Över 2 år,1,Skadad,0,0,0,0,0,0,0,0,0,0,1,0,Varg,,Fältkontroll - LST,Dokumenterad,2-1763,Lundbyberget,6618994,422010,6622236,1376658,RT90,Mycket bra,2016.01.14,Ja,2017.12.18,2016.01.18,2-1763,Forshaga (S),2-17,Värmlands län (S)
Sweden,V470981,2016.08.28,Ja,2016.08.28,Jakthund,Annan,Beagle,2016.08.28,2016.08.28,Nej,NA,Över 2 år,1,Död,0,0,0,0,0,0,0,0,1,0,0,0,Varg,,Fältkontroll - LST,Dokumenterad,2-1737,Storåsen,6661691,395529,6665275,1350685,RT90,Mycket bra,2016.08.28,Ja,2017.12.18,2016.08.28,2-1737,Torsby (S),2-17,Värmlands län (S)
Sweden,V471412,2016.09.08,Ja,2016.09.08,Jakthund,Annan,Norsk älghund grå,2016.09.08,2016.09.08,Nej,NA,Över 2 år,1,Död,0,0,0,0,0,0,0,0,1,0,0,0,Varg,,Fältkontroll - LST,Dokumenterad,2-1737,Storskär Långflon,6769354,369422,6773310,1325886,WGS84-UTM Zon 33,Mindre bra,2016.09.08,Ja,2017.12.18,2016.10.11,2-1737,Torsby (S),2-17,Värmlands län (S)
Sweden,V471547,2016.09.06,Ja,2016.09.06,Jakthund,Annan,Jämthund,2016.09.06,2016.09.06,Nej,NA,Över 2 år,1,Skadad,0,0,0,0,0,0,0,0,0,0,1,0,Varg,,Fältkontroll - LST,Dokumenterad,2-2281,Kråktorpet,6962770,580051,6964183,1538998,RT90,Mycket bra,2016.09.06,Ja,2017.12.18,2016.09.15,2-2281,Sundsvall (S),2-22,Västernorrlands län (S)
Sweden,V471639,2015.10.19,Ja,2015.10.19,Jakthund,Annan,Hamiltonstövare,2015.10.19,2015.10.19,Nej,NA,Över 2 år,1,Avlivad,0,0,0,0,0,0,0,0,0,1,0,0,Varg,,Fältkontroll - LST,Bedömd som säker,2-2580,,7318644,834922,7316874,1798425,RT90,Mindre bra,2016.09.20,Nej,,2016.09.20,2-2580,Luleå (S),2-25,Norrbottens län (S)
Sweden,V471829,2016.09.24,Ja,2016.09.24,Jakthund,Annan,Gråhund,2016.09.24,2016.09.24,Nej,NA,Under 1 år,1,Skadad,0,0,1,0,0,0,0,0,0,0,0,0,Varg,,Fältkontroll - LST,Bedömd som säker,2-2029,Hinsberget,6715984,496967,6718350,1452830,RT90,Mycket bra,2016.09.27,Ja,2017.12.18,2016.10.25,2-2029,Leksand (S),2-20,Dalarnas län (S)
Sweden,V472125,2016.10.10,Ja,2016.10.10,Jakthund,Annan,Jämthund,2016.10.10,2016.10.10,Nej,NA,Över 2 år,1,Död,0,0,0,0,0,0,0,0,1,0,0,0,Varg,,Fältkontroll - LST,Dokumenterad,2-2121,Skallen,6789308,556601,6790964,1513385,WGS84-UTM Zon 33,Mindre bra,2016.10.11,Ja,2017.12.18,2016.10.11,2-2121,Ovanåker (S),2-21,Gävleborgs län (S)
Sweden,V472206,2016.10.14,Ja,2016.10.14,Jakthund,Annan,Finnstövare,2016.10.14,2016.10.14,Nej,NA,Över 2 år,1,Död,0,0,0,0,0,0,0,0,1,0,0,0,Varg,,Fältkontroll - LST,Dokumenterad,2-2183,Stugsjöbo,6778677,566965,6780202,1523621,RT90,Mycket bra,2016.10.17,Ja,2017.12.18,2016.10.17,2-2183,Bollnäs (S),2-21,Gävleborgs län (S)
Sweden,V472210,2016.10.16,Ja,2016.10.16,Jakthund,Annan,Petit basset griffon vendéen,2016.10.16,2016.10.16,Nej,NA,1 till 2 år,1,Död,0,0,0,0,1,0,0,0,0,0,0,0,Varg,,Fältkontroll - LST,Dokumenterad,2-1783,Gastberget,6654992,425384,6658209,1380472,RT90,Exakt,2016.10.16,Ja,2017.12.18,2016.10.17,2-1783,Hagfors (S),2-17,Värmlands län (S)
Sweden,V472321,2016.10.10,Ja,2016.10.11,Jakthund,Annan,Stövare och Drever   (Blandras),2016.10.10,2016.10.10,Nej,NA,Över 2 år,1,Skadad,0,0,0,0,0,0,0,0,0,0,1,0,Varg,,Fältkontroll - LST,Dokumenterad,2-2029,Stormyren norr om Rexbo,6726829,515735,6728968,1471737,RT90,Mycket bra,2016.10.25,Ja,2017.12.18,2016.10.31,2-2029,Leksand (S),2-20,Dalarnas län (S)
Sweden,V472458,2016.10.29,Ja,2016.10.29,Jakthund,Annan,Jämthund,2016.10.29,2016.10.29,Nej,NA,Över 2 år,1,Skadad,0,0,0,0,0,0,0,0,0,0,1,0,Varg,,Fältkontroll - LST,Dokumenterad,2-1763,Öst Olsäter,6621600,416372,6624912,1371049,RT90,Mindre bra,2016.10.31,Ja,2017.12.18,2016.11.01,2-1763,Forshaga (S),2-17,Värmlands län (S)
Sweden,V472473,2016.10.29,Ja,2016.10.30,Jakthund,Annan,Schillerstövare,2016.10.29,2016.10.29,Nej,NA,Över 2 år,1,Skadad,0,0,0,0,0,0,0,0,0,0,1,0,Varg,,Fältkontroll - LST,Dokumenterad,2-1784,"N Lövnäs, Treskog",6638827,367741,6642739,1322605,RT90,Dålig,2016.10.31,Ja,2017.12.18,2016.11.01,2-1784,Arvika (S),2-17,Värmlands län (S)
Sweden,V472475,2016.10.29,Ja,2016.10.30,Jakthund,Annan,Gråhund,2016.10.29,2016.10.29,Nej,NA,Över 2 år,1,Död,0,0,0,0,0,0,0,0,1,0,0,0,Varg,,Fältkontroll - LST,Dokumenterad,2-2029,Väster om Olarsbodarna (Jerkersbodberget),6721811,481727,6724366,1437655,RT90,Exakt,2016.10.31,Ja,2017.12.18,2016.11.01,2-2029,Leksand (S),2-20,Dalarnas län (S)
Sweden,V472478,2016.10.15,Ja,2016.10.15,Jakthund,Annan,Gråhund,2016.10.15,2016.10.15,Nej,NA,Över 2 år,1,Död,0,0,0,0,0,0,0,0,1,0,0,0,Varg,,Fältkontroll - LST,Dokumenterad,2-1766,Erik-Bengtstorp,6644081,373935,6647920,1328866,RT90,Mycket bra,2016.11.01,Ja,2017.12.18,2016.11.01,2-1766,Sunne (S),2-17,Värmlands län (S)
Sweden,V472543,2016.11.10,Ja,2016.11.10,Jakthund,Annan,Drever,2016.11.10,2016.11.10,Nej,NA,Över 2 år,1,Skadad,0,0,0,0,0,0,0,0,0,0,1,0,Varg,,Fältkontroll - LST,Dokumenterad,2-1783,"Byn, öster om Ekshärad",6672444,418892,6675748,1374190,WGS84-UTM Zon 33,Mindre bra,2016.11.10,Ja,2017.12.18,2016.11.10,2-1783,Hagfors (S),2-17,Värmlands län (S)
Sweden,V472547,2016.11.07,Ja,2016.11.08,Jakthund,Annan,Finnstövare,2016.11.07,2016.11.07,Nej,NA,Över 2 år,1,Skadad,0,0,0,0,0,0,0,0,0,0,1,0,Varg,,Fältkontroll - LST,Dokumenterad,2-2401,Högåker,7069732,708230,7069555,1668548,RT90,Mycket bra,2016.11.08,Ja,2017.12.18,2016.11.11,2-2401,Nordmaling (S),2-24,Västerbottens län (S)
Sweden,V472618,2016.12.04,Ja,2016.12.04,Jakthund,Annan,Tax,2016.12.04,2016.12.04,Nej,NA,Över 2 år,1,Död,0,0,0,0,0,0,0,0,1,0,0,0,Varg,,Fältkontroll - LST,Dokumenterad,2-1783,Trögåsberget,6642370,417328,6645679,1372259,RT90,Mycket bra,2016.12.04,Ja,2017.12.18,2016.12.29,2-1783,Hagfors (S),2-17,Värmlands län (S)
Sweden,V472623,2016.12.04,Ja,2016.12.04,Jakthund,Annan,Plotthund,2016.12.04,2016.12.04,Nej,NA,Över 2 år,1,Död,0,0,0,0,0,0,0,0,1,0,0,0,Varg,,Fältkontroll - LST,Dokumenterad,2-2161,Backarvall - Skrottmyran,6865069,538372,6866973,1496088,RT90,Exakt,2016.12.05,Ja,2017.12.18,2016.12.05,2-2161,Ljusdal (S),2-21,Gävleborgs län (S)
Sweden,V472648,2016.12.09,Ja,2016.12.09,Jakthund,Annan,Finsk spets,2016.12.09,2016.12.09,Nej,NA,Över 2 år,1,Död,0,0,0,0,0,0,0,0,1,0,0,0,Varg,,Fältkontroll - LST,Bedömd som säker,2-2085,Hån / Nordhöjden,6674602,469334,6677290,1424680,RT90,Mycket bra,2016.12.10,Ja,2017.12.18,2016.12.12,2-2085,Ludvika (S),2-20,Dalarnas län (S)
Sweden,V472666,2007.09.15,Ja,2007.09.15,Annan hund,Annan,Jämte-Wachtel X,2007.09.15,2007.09.15,Nej,NA,Över 2 år,1,Skadad,0,0,0,0,0,0,0,0,0,0,1,0,Varg,,Fältkontroll - LST,Bedömd som säker,2-1737,Böhönen,6713680,370959,6717590,1326740,RT90,Mindre bra,2007.09.15,Nej,,2016.12.14,2-1737,Torsby (S),2-17,Värmlands län (S)
Sweden,V472684,2016.12.17,Ja,2016.12.17,Vallhund,Annan,Border Collie,2016.12.17,2016.12.17,Nej,NA,Över 2 år,1,Skadad,0,0,0,0,0,0,0,0,0,0,1,0,Varg,,Fältkontroll - LST,Dokumenterad,2-1762,Bogerud Munkfors,6635945,419658,6639223,1374511,RT90,Exakt,2016.12.17,Ja,2017.12.18,2016.12.20,2-1762,Munkfors (S),2-17,Värmlands län (S)
Sweden,V472685,2016.12.18,Ja,2016.12.17,Jakthund,Annan,Karelare,2016.12.17,2016.12.17,Nej,NA,Över 2 år,1,Död,0,0,0,0,0,0,0,0,1,0,0,0,Varg,,Fältkontroll - LST,Bedömd som säker,2-2183,Drängbergsbo ,6780952,570072,6782439,1526757,RT90,Mindre bra,2016.12.18,Ja,2022.04.04,2022.04.04,2-2183,Bollnäs (S),2-21,Gävleborgs län (S)
Sweden,V472853,2017.01.14,Ja,2017.01.14,Jakthund,Annan,Engelsk springer spaniel,2017.01.14,2017.01.14,Nej,NA,Över 2 år,1,Död,0,0,0,0,0,0,0,0,1,0,0,0,Varg,,Fältkontroll - LST,Dokumenterad,2-0181,Ogan,6552348,639411,6552934,1593322,RT90,Mindre bra,2017.01.16,Nej,,2017.01.20,2-0181,Södertälje (S),2-01,Stockholms län (S)
Sweden,V472888,2017.01.21,Ja,2017.01.21,Jakthund,Annan,Tysk jaktterrier,2017.01.21,2017.01.21,Nej,NA,Under 1 år,1,Skadad,0,0,1,0,0,0,0,0,0,0,0,0,Varg,,Fältkontroll - LST,Dokumenterad,2-1737,Tarvtorp Rinn Öster om Torsby,6670819,397715,6674381,1352984,WGS84-UTM Zon 33,Mindre bra,2017.01.21,Nej,,2022.04.04,2-1737,Torsby (S),2-17,Värmlands län (S)
Sweden,V473161,2003.01.19,Ja,2003.01.19,Annan hund,Annan,Basset Griffon Vendin Petit,2003.01.19,2003.01.19,Nej,NA,Över 2 år,1,Död,0,0,0,0,0,0,0,0,1,0,0,0,Varg,,Fältkontroll - LST,Bedömd som säker,2-1439,Dagsholm,6489364,326167,6493700,1279200,RT90,Mycket bra,2003.01.19,Ja,2017.02.13,,2-1439,Färgelanda (S),2-14,Västra Götalands län (S)
Sweden,V473164,1999.06.17,Ja,1999.06.20,Annan hund,Annan,Borderterrier,1999.06.17,1999.06.17,Nej,NA,Över 2 år,1,Skadad,0,0,0,0,0,0,0,0,0,0,1,0,Varg,,Fältkontroll - LST,Bedömd som säker,2-0331,Kerstinbo gård,6680901,607734,6681900,1563200,RT90,Mycket bra,1999.06.20,Ja,2017.02.13,,2-0331,Heby (S),2-03,Uppsala län (S)
Sweden,V473165,2003.09.09,Ja,2003.09.09,Annan hund,Annan,Dunkerstövare,2003.09.09,2003.09.09,Nej,NA,Över 2 år,1,Död,0,0,0,0,0,0,0,0,1,0,0,0,Varg,,Fältkontroll - LST,Bedömd som säker,2-2361,Mullberget,6902819,514109,6905037,1472287,RT90,Mycket bra,2003.09.09,Ja,2017.02.13,,2-2361,Härjedalen (S),2-23,Jämtlands län (S)
Sweden,V473167,2003.09.17,Ja,2003.09.18,Annan hund,Annan,Hamiltonstövare,2003.09.17,2003.09.17,Nej,NA,Över 2 år,1,Skadad,0,0,0,0,0,0,0,0,0,0,1,0,Varg,,Fältkontroll - LST,Bedömd som säker,2-2361,Fåssjödal_ Kölsjön_ Hästberget,6892584,514049,6894800,1472100,RT90,Mycket bra,2003.09.18,Ja,2017.02.13,,2-2361,Härjedalen (S),2-23,Jämtlands län (S)
Sweden,V473169,2003.09.14,Ja,2003.09.24,Annan hund,Annan,Hamiltonstövare,2003.09.14,2003.09.14,Nej,NA,Över 2 år,1,Skadad,0,0,0,0,0,0,0,0,0,0,1,0,Varg,,Fältkontroll - LST,Bedömd som säker,2-1780,Forsås,6592450,441016,6595450,1395350,RT90,Mycket bra,2003.09.24,Ja,2017.02.13,,2-1780,Karlstad (S),2-17,Värmlands län (S)
Sweden,V473178,2003.09.28,Ja,2003.10.23,Annan hund,Annan,Drever,2003.09.28,2003.09.28,Nej,NA,Över 2 år,1,Död,0,0,0,0,0,0,0,0,1,0,0,0,Varg,,Fältkontroll - LST,Bedömd som säker,2-1438,Rävmarken,6551997,315218,6556500,1269000,RT90,Mycket bra,2003.10.23,Ja,2017.02.13,,2-1438,Dals-Ed (S),2-14,Västra Götalands län (S)
Sweden,V473179,2003.12.22,Ja,2003.12.23,Annan hund,Annan,Tysk Jaktterrier,2003.12.22,2003.12.22,Nej,NA,1 till 2 år,1,Död,0,0,0,0,1,0,0,0,0,0,0,0,Varg,,Fältkontroll - LST,Bedömd som säker,2-1784,Brunsberg,6609157,384519,6612850,1339030,RT90,Mycket bra,2003.12.23,Ja,2017.02.13,,2-1784,Arvika (S),2-17,Värmlands län (S)
Sweden,V473180,2002.11.15,Ja,2002.11.15,Annan hund,Annan,Wachtelhund,2002.11.13,2002.11.13,Nej,NA,Över 2 år,1,Död,0,0,0,0,0,0,0,0,1,0,0,0,Varg,,Fältkontroll - LST,Bedömd som säker,2-1430,Holteröd,6518981,313138,6523490,1266520,RT90,Mycket bra,2002.11.15,Ja,2017.02.13,,2-1430,Munkedal (S),2-14,Västra Götalands län (S)
Sweden,V473183,2003.10.24,Ja,2003.10.24,Annan hund,Annan,Norsk älghund grå,2003.10.23,2003.10.24,Nej,NA,Över 2 år,1,Död,0,0,0,0,0,0,0,0,1,0,0,0,Varg,,Fältkontroll - LST,Bedömd som säker,2-2031,Björnberget,6789399,513239,6791590,1470010,RT90,Mycket bra,2003.10.24,Ja,2017.02.13,,2-2031,Rättvik (S),2-20,Dalarnas län (S)
Sweden,V473184,2003.10.21,Ja,2003.10.22,Annan hund,Annan,Beagle,2003.10.21,2003.10.21,Nej,NA,Över 2 år,1,Död,0,0,0,0,0,0,0,0,1,0,0,0,Varg,,Fältkontroll - LST,Bedömd som säker,2-1780,Ängebäck,6602204,437524,6605250,1391975,RT90,Mycket bra,2003.10.22,Ja,2017.02.13,,2-1780,Karlstad (S),2-17,Värmlands län (S)
Sweden,V473185,2003.10.24,Ja,2003.11.03,Annan hund,Annan,Finsk stövare,2003.10.24,2003.10.24,Nej,NA,Över 2 år,1,Skadad,0,0,0,0,0,0,0,0,0,0,1,0,Varg,,Fältkontroll - LST,Bedömd som säker,2-1782,Nordmark,6632977,448757,6635900,1403587,RT90,Mycket bra,2003.11.03,Ja,2017.02.13,,2-1782,Filipstad (S),2-17,Värmlands län (S)
Sweden,V473187,1999.11.07,Ja,1999.11.07,Annan hund,Annan,Drever,1999.11.06,1999.11.07,Nej,NA,Över 2 år,1,Död,0,0,0,0,0,0,0,0,1,0,0,0,Varg,,Fältkontroll - LST,Bedömd som säker,2-1081,Ronneby Tararp 1:8,6236264,507204,6238335,1457318,RT90,Mycket bra,1999.11.07,Ja,2017.02.13,,2-1081,Ronneby (S),2-10,Blekinge län (S)
Sweden,V473191,2003.11.15,Ja,2003.11.17,Annan hund,Annan,Gråhund,2003.11.15,2003.11.15,Nej,NA,Över 2 år,1,Avlivad,0,0,0,0,0,0,0,0,0,1,0,0,Varg,,Fältkontroll - LST,Bedömd som säker,2-2034,Tenningsjön,6794087,497749,6796471,1454573,RT90,Mycket bra,2003.11.17,Ja,2017.02.13,,2-2034,Orsa (S),2-20,Dalarnas län (S)
Sweden,V473192,2003.11.15,Ja,2003.11.17,Annan hund,Annan,Finsk stövare,2003.11.15,2003.11.15,Nej,NA,Över 2 år,1,Skadad,0,0,0,0,0,0,0,0,0,0,1,0,Varg,,Fältkontroll - LST,Bedömd som säker,2-2031,Lenåsen,6765028,514129,6767200,1470600,RT90,Mycket bra,2003.11.17,Ja,2017.02.13,,2-2031,Rättvik (S),2-20,Dalarnas län (S)
Sweden,V473193,2003.11.21,Ja,2003.11.25,Annan hund,Annan,Jämthund,2003.11.21,2003.11.21,Nej,NA,Över 2 år,1,Skadad,0,0,0,0,0,0,0,0,0,0,1,0,Varg,,Fältkontroll - LST,Bedömd som säker,2-1782,Brushöjden,6649821,449827,6652737,1404862,RT90,Mycket bra,2003.11.25,Ja,2017.02.13,,2-1782,Filipstad (S),2-17,Värmlands län (S)
Sweden,V473194,2003.11.09,Ja,2003.11.15,Annan hund,Annan,Gråhund,2003.11.09,2003.11.09,Nej,NA,Över 2 år,1,Skadad,0,0,0,0,0,0,0,0,0,0,1,0,Varg,,Fältkontroll - LST,Bedömd som säker,2-2183,Arbrå vvo,6814662,566700,6816200,1523800,RT90,Mycket bra,2003.11.15,Ja,2017.02.13,,2-2183,Bollnäs (S),2-21,Gävleborgs län (S)
Sweden,V473198,2003.11.25,Ja,2003.11.27,Annan hund,Annan,Finsk Stövare,2003.11.25,2003.11.25,Nej,NA,Över 2 år,1,Skadad,0,0,0,0,0,0,0,0,0,0,1,0,Varg,,Fältkontroll - LST,Bedömd som säker,2-1783,Hjortberg,6677562,430584,6680725,1385950,RT90,Mycket bra,2003.11.27,Ja,2017.02.13,,2-1783,Hagfors (S),2-17,Värmlands län (S)
Sweden,V473200,2003.09.13,Ja,2003.09.13,Annan hund,Annan,Hamiltonstövare,2003.09.13,2003.09.13,Nej,NA,Över 2 år,1,Skadad,0,0,0,0,0,0,0,0,0,0,1,0,Varg,,Fältkontroll - LST,Bedömd som säker,2-1883,Svarttjärn,6588115,479521,6590646,1433818,RT90,Mycket bra,2003.09.13,Ja,2017.02.13,,2-1883,Karlskoga (S),2-18,Örebro län (S)
Sweden,V473204,2003.12.13,Ja,2003.12.13,Annan hund,Annan,Tysk jaktterrier,2003.12.13,2003.12.13,Nej,NA,1 till 2 år,1,Skadad,0,0,0,0,0,0,1,0,0,0,0,0,Varg,,Fältkontroll - LST,Bedömd som säker,2-1780,Nyeds-Bäckelid,6601364,442482,6604350,1396925,RT90,Mycket bra,2003.12.13,Ja,2017.02.13,,2-1780,Karlstad (S),2-17,Värmlands län (S)
Sweden,V473209,2002.10.06,Ja,2002.10.07,Annan hund,Annan,drever,2002.10.06,2002.10.06,Nej,NA,Över 2 år,1,Död,0,0,0,0,0,0,0,0,1,0,0,0,Varg,,Fältkontroll - LST,Bedömd som säker,2-1884,Bastabergsmossen,6586351,494519,6588700,1448800,RT90,Mycket bra,2002.10.07,Ja,2017.02.13,,2-1884,Nora (S),2-18,Örebro län (S)
Sweden,V473211,2004.01.23,Ja,2004.01.23,Annan hund,Annan,Schiller stövare,2004.01.23,2004.01.23,Nej,NA,Över 2 år,1,Död,0,0,0,0,0,0,0,0,1,0,0,0,Varg,,Fältkontroll - LST,Bedömd som säker,2-1782,Fogdhyttan,6629951,451693,6632837,1406487,RT90,Mycket bra,2004.01.23,Ja,2017.02.13,,2-1782,Filipstad (S),2-17,Värmlands län (S)
Sweden,V473212,2002.10.07,Ja,2002.10.07,Annan hund,Annan,Finsk stövare,2002.10.07,2002.10.07,Nej,NA,Över 2 år,1,Skadad,0,0,0,0,0,0,0,0,0,0,1,0,Varg,,Fältkontroll - LST,Bedömd som säker,2-1765,Sundsbyn,6570677,330983,6575000,1285000,RT90,Mycket bra,2002.10.07,Ja,2017.02.13,,2-1765,Årjäng (S),2-17,Värmlands län (S)
Sweden,V473213,2002.12.22,Ja,2002.12.22,Annan hund,Annan,Strävhårig tax,2002.12.22,2002.12.22,Nej,NA,Över 2 år,1,Död,0,0,0,0,0,0,0,0,1,0,0,0,Varg,,Fältkontroll - LST,Bedömd som säker,2-1780,Väse,6590925,442984,6593900,1397300,RT90,Mycket bra,2002.12.22,Ja,2017.02.13,,2-1780,Karlstad (S),2-17,Värmlands län (S)
Sweden,V473214,2003.09.01,Ja,2003.09.01,Annan hund,Annan,Schweitzerstövare,2003.09.01,2003.09.01,Nej,NA,Över 2 år,1,Död,0,0,0,0,0,0,0,0,1,0,0,0,Varg,,Fältkontroll - LST,Bedömd som säker,2-1884,(svårläsligt)_ enl koordinat strax SO om sjön Älvlången,6586671,487917,6589100,1442200,RT90,Mycket bra,2003.09.01,Ja,2017.02.13,,2-1884,Nora (S),2-18,Örebro län (S)
Sweden,V473218,2003.12.05,Ja,2003.12.07,Annan hund,Annan,Jämthund,2003.12.05,2003.12.05,Nej,NA,Över 2 år,1,Skadad,0,0,0,0,0,0,0,0,0,0,1,0,Varg,,Fältkontroll - LST,Bedömd som säker,2-1863,strax öster om Sörby_ 2_4 km S om Rockesholm_ Hällefors,6596960,479096,6599500,1433500,RT90,Mycket bra,2003.12.07,Ja,2017.02.13,,2-1863,Hällefors (S),2-18,Örebro län (S)
Sweden,V473220,2001.09.13,Ja,2001.10.18,Annan hund,Annan,Finsk stövare,2001.09.13,2001.09.13,Nej,NA,Över 2 år,1,Död,0,0,0,0,0,0,0,0,1,0,0,0,Varg,,Fältkontroll - LST,Bedömd som säker,2-2034,Norr Skattungbyn,6786635,490970,6789100,1447700,RT90,Mycket bra,2001.10.18,Ja,2017.02.13,,2-2034,Orsa (S),2-20,Dalarnas län (S)
Sweden,V473221,2002.06.12,Ja,2002.06.12,Annan hund,Annan,Blandras Drever-Spets,2002.06.12,2002.06.12,Nej,NA,Över 2 år,1,Skadad,0,0,0,0,0,0,0,0,0,0,1,0,Varg,,Fältkontroll - LST,Bedömd som säker,2-1430,Hedekas,6501661,307189,6506232,1260359,RT90,Mycket bra,2002.06.12,Ja,2017.02.13,,2-1430,Munkedal (S),2-14,Västra Götalands län (S)
Sweden,V473225,2004.08.18,Ja,2004.08.22,Annan hund,Annan,Bordercollie,2004.08.18,2004.08.18,Nej,NA,Över 2 år,1,Skadad,0,0,0,0,0,0,0,0,0,0,1,0,Varg,,Fältkontroll - LST,Bedömd som säker,2-1737,Svenskandersberg,6682735,371401,6686624,1326803,RT90,Mycket bra,2004.08.22,Ja,2017.02.13,,2-1737,Torsby (S),2-17,Värmlands län (S)
Sweden,V473227,2002.08.24,Ja,2002.08.24,Annan hund,Annan,Strävhårig tax,2002.08.24,2002.08.24,Nej,NA,Över 2 år,1,Död,0,0,0,0,0,0,0,0,1,0,0,0,Varg,,Fältkontroll - LST,Bedömd som säker,2-1460,Furunäs,6561423,350885,6565500,1304800,RT90,Mycket bra,2002.08.24,Ja,2017.02.13,,2-1460,Bengtsfors (S),2-14,Västra Götalands län (S)
Sweden,V473229,2001.11.10,Ja,2001.11.16,Annan hund,Annan,Strävhårig tax,2001.11.09,2001.11.10,Nej,NA,Över 2 år,1,Död,0,0,0,0,0,0,0,0,1,0,0,0,Varg,,Fältkontroll - LST,Bedömd som säker,2-1485,Norr om Uddevalla,6475495,319737,6479900,1272600,RT90,Mycket bra,2001.11.16,Ja,2017.02.13,,2-1485,Uddevalla (S),2-14,Västra Götalands län (S)
Sweden,V473230,2004.08.27,Ja,2004.08.27,Annan hund,Annan,Finsk spets,2004.08.27,2004.08.27,Nej,NA,Över 2 år,1,Skadad,0,0,0,0,0,0,0,0,0,0,1,0,Varg,,Fältkontroll - LST,Bedömd som säker,2-1737,Tarvtorp  Rinn,6670095,398257,6673650,1353517,RT90,Mycket bra,2004.08.27,Ja,2017.02.13,,2-1737,Torsby (S),2-17,Värmlands län (S)
Sweden,V473232,2004.09.15,Ja,2004.09.16,Annan hund,Annan,Stövare,2004.09.15,2004.09.15,Nej,NA,Över 2 år,1,Skadad,0,0,0,0,0,0,0,0,0,0,1,0,Varg,,Fältkontroll - LST,Bedömd som säker,2-2085,Kvarntjärnarna,6670553,462156,6673327,1417449,RT90,Mycket bra,2004.09.16,Ja,2017.02.13,,2-2085,Ludvika (S),2-20,Dalarnas län (S)
Sweden,V473235,2007.10.13,Ja,2007.10.14,Annan hund,Annan,Gråhund,2007.10.13,2007.10.13,Nej,NA,Över 2 år,1,Skadad,0,0,0,0,0,0,0,0,0,0,1,0,Varg,,Fältkontroll - LST,Bedömd som säker,2-2183,Galven,6821364,558919,6823000,1516100,RT90,Mycket bra,2007.10.14,Ja,2017.02.13,,2-2183,Bollnäs (S),2-21,Gävleborgs län (S)
Sweden,V473236,2010.10.11,Ja,2010.10.11,Annan hund,Annan,Jämthund,2010.10.11,2010.10.11,Nej,NA,Över 2 år,1,Död,0,0,0,0,0,0,0,0,1,0,0,0,Varg,,Fältkontroll - LST,Bedömd som säker,2-1737,Hästberget,6746705,387917,6750423,1344112,RT90,Mycket bra,2010.10.11,Ja,2017.02.13,,2-1737,Torsby (S),2-17,Värmlands län (S)
Sweden,V473238,2004.10.01,Ja,2004.10.02,Annan hund,Annan,Jämthund,2004.10.01,2004.10.01,Nej,NA,Över 2 år,1,Död,0,0,0,0,0,0,0,0,1,0,0,0,Varg,,Fältkontroll - LST,Bedömd som säker,2-1737,Rösberg,6697600,415290,6700959,1370894,RT90,Mycket bra,2004.10.02,Ja,2017.02.13,,2-1737,Torsby (S),2-17,Värmlands län (S)
Sweden,V473239,2004.10.02,Ja,2004.10.04,Annan hund,Annan,Jämthund,2004.10.02,2004.10.02,Nej,NA,Över 2 år,1,Skadad,0,0,0,0,0,0,0,0,0,0,1,0,Varg,,Fältkontroll - LST,Bedömd som säker,2-1737,Rösberg,6696628,415921,6699979,1371514,RT90,Mycket bra,2004.10.04,Ja,2017.02.13,,2-1737,Torsby (S),2-17,Värmlands län (S)
Sweden,V473243,2004.11.03,Ja,2004.11.03,Annan hund,Annan,Jämthund,2004.11.03,2004.11.03,Nej,NA,Över 2 år,1,Skadad,0,0,0,0,0,0,0,0,0,0,1,0,Varg,,Fältkontroll - LST,Bedömd som säker,2-1737,Lövliden,6763119,372765,6767031,1329154,RT90,Mycket bra,2004.11.03,Ja,2017.02.13,,2-1737,Torsby (S),2-17,Värmlands län (S)
Sweden,V473245,2004.11.14,Ja,2004.11.14,Annan hund,Annan,Norsk älghund grå,2004.11.13,2004.11.14,Nej,NA,Över 2 år,1,Död,0,0,0,0,0,0,0,0,1,0,0,0,Varg,,Fältkontroll - LST,Bedömd som säker,2-1737,Skärberget,6702463,393518,6706091,1349172,RT90,Mycket bra,2004.11.14,Ja,2017.02.13,,2-1737,Torsby (S),2-17,Värmlands län (S)
Sweden,V473246,2004.11.07,Ja,2004.11.09,Annan hund,Annan,Jämthund,2004.11.07,2004.11.07,Nej,NA,Över 2 år,1,Skadad,0,0,0,0,0,0,0,0,0,0,1,0,Varg,,Fältkontroll - LST,Bedömd som säker,2-2183,Blybergsbo,6785477,567260,6787000,1524000,RT90,Mycket bra,2004.11.09,Ja,2017.02.13,,2-2183,Bollnäs (S),2-21,Gävleborgs län (S)
Sweden,V473248,2004.11.20,Ja,2004.11.21,Annan hund,Annan,Finsk spets,2004.11.20,2004.11.20,Nej,NA,Över 2 år,1,Död,0,0,0,0,0,0,0,0,1,0,0,0,Varg,,Fältkontroll - LST,Bedömd som säker,2-2361,Stor-Tovåsen,6836257,434905,6839434,1392226,RT90,Mycket bra,2004.11.21,Ja,2017.02.13,,2-2361,Härjedalen (S),2-23,Jämtlands län (S)
Sweden,V473249,2004.11.27,Ja,2004.11.27,Annan hund,Annan,Hamiltonstövare,2004.11.27,2004.11.27,Nej,NA,Över 2 år,1,Död,0,0,0,0,0,0,0,0,1,0,0,0,Varg,,Fältkontroll - LST,Bedömd som säker,2-1737,V. Halltjärnarna,6658299,384391,6662017,1339501,RT90,Mycket bra,2004.11.27,Ja,2017.02.13,,2-1737,Torsby (S),2-17,Värmlands län (S)
Sweden,V473252,2004.11.25,Ja,2004.11.26,Annan hund,Annan,Drever,2004.11.25,2004.11.25,Nej,NA,Över 2 år,1,Död,0,0,0,0,0,0,0,0,1,0,0,0,Varg,,Fältkontroll - LST,Bedömd som säker,2-2121,Homna,6802062,534065,6804000,1491000,RT90,Mycket bra,2004.11.26,Ja,2017.02.13,,2-2121,Ovanåker (S),2-21,Gävleborgs län (S)
Sweden,V473253,2004.12.01,Ja,2004.12.02,Annan hund,Annan,Irländsk fårhund,2004.12.01,2004.12.01,Nej,NA,Över 2 år,1,Död,0,0,0,0,0,0,0,0,1,0,0,0,Varg,,Fältkontroll - LST,Bedömd som säker,2-2313,Ringvattnet,7117043,520890,7119247,1481763,RT90,Mycket bra,2004.12.02,Ja,2017.02.13,,2-2313,Strömsund (S),2-23,Jämtlands län (S)
Sweden,V473257,2004.12.13,Ja,2004.12.13,Annan hund,Annan,korsning border- och cairnterrier,2004.12.13,2004.12.13,Nej,NA,Över 2 år,1,Död,0,0,0,0,0,0,0,0,1,0,0,0,Varg,,Fältkontroll - LST,Bedömd som säker,2-1783,Södra Björklångsberg,6660995,406097,6664450,1361250,RT90,Mycket bra,2004.12.13,Ja,2017.02.13,,2-1783,Hagfors (S),2-17,Värmlands län (S)
Sweden,V473258,2004.12.26,Ja,2004.12.27,Annan hund,Annan,Finnstövare,2004.12.26,2004.12.26,Nej,NA,Över 2 år,1,Skadad,0,0,0,0,0,0,0,0,0,0,1,0,Varg,,Fältkontroll - LST,Bedömd som säker,2-2034,Skattungbyn  ( Dejmyrsvägen),6781983,493087,6784420,1449760,RT90,Mycket bra,2004.12.27,Ja,2017.02.13,,2-2034,Orsa (S),2-20,Dalarnas län (S)
Sweden,V473260,2005.01.16,Ja,2005.01.16,Annan hund,Annan,Drever,2005.01.16,2005.01.16,Nej,NA,Över 2 år,1,Död,0,0,0,0,0,0,0,0,1,0,0,0,Varg,,Fältkontroll - LST,Bedömd som säker,2-1762,Södra Höjden (nära sjön Småpotten),6634774,422846,6638013,1377687,RT90,Mycket bra,2005.01.16,Ja,2017.02.13,,2-1762,Munkfors (S),2-17,Värmlands län (S)
Sweden,V473262,2005.01.27,Ja,2005.01.27,Annan hund,Annan,Hamilton,2005.01.27,2005.01.27,Nej,NA,Över 2 år,1,Skadad,0,0,0,0,0,0,0,0,0,0,1,0,Varg,,Fältkontroll - LST,Bedömd som säker,2-2031,Ingelsberget,6763322,529845,6765300,1486300,RT90,Mycket bra,2005.01.27,Ja,2017.02.13,,2-2031,Rättvik (S),2-20,Dalarnas län (S)
Sweden,V473264,2005.01.31,Ja,2005.01.31,Annan hund,Annan,Stövare/Drever,2005.01.31,2005.01.31,Nej,NA,Över 2 år,1,Död,0,0,0,0,0,0,0,0,1,0,0,0,Varg,,Fältkontroll - LST,Bedömd som säker,2-1737,Åsteby,6681125,392247,6684758,1347639,RT90,Mycket bra,2005.01.31,Ja,2017.02.13,,2-1737,Torsby (S),2-17,Värmlands län (S)
Sweden,V473265,2005.02.05,Ja,2005.02.05,Annan hund,Annan,Schillerstövare,2005.02.05,2005.02.05,Nej,NA,Över 2 år,1,Död,0,0,0,0,0,0,0,0,1,0,0,0,Varg,,Fältkontroll - LST,Bedömd som säker,2-2080,Ryggen,6715189,550330,6716900,1506200,RT90,Mycket bra,2005.02.05,Ja,2017.02.13,,2-2080,Falun (S),2-20,Dalarnas län (S)
Sweden,V473266,2005.02.08,Ja,2005.02.09,Annan hund,Annan,Finnstövare,2005.02.08,2005.02.08,Nej,NA,Över 2 år,1,Skadad,0,0,0,0,0,0,0,0,0,0,1,0,Varg,,Fältkontroll - LST,Bedömd som säker,2-2121,Svartbo,6808728,531484,6810700,1488500,RT90,Mycket bra,2005.02.09,Ja,2017.02.13,,2-2121,Ovanåker (S),2-21,Gävleborgs län (S)
Sweden,V473268,2005.01.29,Ja,2005.01.30,Annan hund,Annan,Luzenerstövare,2005.01.29,2005.01.29,Nej,NA,Över 2 år,1,Skadad,0,0,0,0,0,0,0,0,0,0,1,0,Varg,,Fältkontroll - LST,Bedömd som säker,2-2062,Toktjärn  Ickmyren,6764794,492733,6767229,1449194,RT90,Mycket bra,2005.01.30,Ja,2017.02.13,,2-2062,Mora (S),2-20,Dalarnas län (S)
Sweden,V473271,2005.05.15,Ja,2005.05.17,Annan hund,Annan,Tax,2005.05.12,2005.05.15,Nej,NA,Över 2 år,1,Saknad,0,0,0,0,0,0,0,0,0,0,0,1,Varg,,Fältkontroll - LST,Bedömd som säker,2-2101,Mörtebo,6761469,596851,6762621,1553303,RT90,Mycket bra,2005.05.17,Ja,2017.02.13,,2-2101,Ockelbo (S),2-21,Gävleborgs län (S)
Sweden,V473272,2005.06.16,Ja,2005.06.16,Annan hund,Annan,Drever-Hamilton,2005.06.16,2005.06.16,Nej,NA,Över 2 år,1,Skadad,0,0,0,0,0,0,0,0,0,0,1,0,Varg,,Fältkontroll - LST,Bedömd som säker,2-1460,Herrenäs,6555333,337542,6559568,1291377,RT90,Mycket bra,2005.06.16,Ja,2017.02.13,,2-1460,Bengtsfors (S),2-14,Västra Götalands län (S)
Sweden,V473273,2005.07.24,Ja,2005.07.25,Annan hund,Annan,Finnspets,2005.07.24,2005.07.24,Nej,NA,Över 2 år,1,Död,0,0,0,0,0,0,0,0,1,0,0,0,Varg,,Fältkontroll - LST,Bedömd som säker,2-2031,Draggen Gisslarbodbrändan,6769631,504180,6771927,1460705,RT90,Mycket bra,2005.07.25,Ja,2017.02.13,,2-2031,Rättvik (S),2-20,Dalarnas län (S)
Sweden,V473274,2005.09.23,Ja,2005.09.24,Annan hund,Annan,Finsk stövare,2005.09.23,2005.09.23,Nej,NA,1 till 2 år,1,Skadad,0,0,0,0,0,0,1,0,0,0,0,0,Varg,,Fältkontroll - LST,Bedömd som säker,2-1737,Dundermyren,6720096,367862,6724047,1323720,RT90,Mycket bra,2005.09.24,Ja,2017.02.13,,2-1737,Torsby (S),2-17,Värmlands län (S)
Sweden,V473275,2005.10.21,Ja,2005.10.21,Annan hund,Annan,Jämthund,2005.10.19,2005.10.21,Nej,NA,Över 2 år,1,Död,0,0,0,0,0,0,0,0,1,0,0,0,Varg,,Fältkontroll - LST,Bedömd som säker,2-2121,Älmeskullen,6802405,537560,6804300,1494500,RT90,Mycket bra,2005.10.21,Ja,2017.02.13,,2-2121,Ovanåker (S),2-21,Gävleborgs län (S)
Sweden,V473276,2005.11.02,Ja,2005.11.02,Annan hund,Annan,Hamiltonstövare,2005.11.01,2005.11.01,Nej,NA,Över 2 år,1,Död,0,0,0,0,0,0,0,0,1,0,0,0,Varg,,Fältkontroll - LST,Bedömd som säker,2-1737,Kronhalla,6672347,366241,6676294,1321513,RT90,Mycket bra,2005.11.02,Ja,2017.02.13,,2-1737,Torsby (S),2-17,Värmlands län (S)
Sweden,V473277,2005.11.05,Ja,2005.11.06,Annan hund,Annan,Gråhund,2005.11.04,2005.11.05,Nej,NA,Över 2 år,1,Död,0,0,0,0,0,0,0,0,1,0,0,0,Varg,,Fältkontroll - LST,Bedömd som säker,2-2034,Bjusberget,6781813,476843,6784450,1433508,RT90,Mycket bra,2005.11.06,Ja,2017.02.13,,2-2034,Orsa (S),2-20,Dalarnas län (S)
Sweden,V473282,2005.09.02,Ja,2005.09.02,Annan hund,Annan,Finsk stövare,2005.09.02,2005.09.02,Nej,NA,Över 2 år,1,Död,0,0,0,0,0,0,0,0,1,0,0,0,Varg,,Fältkontroll - LST,Bedömd som säker,2-2039,Råmålsmyren,6811627,451955,6814583,1408978,RT90,Mycket bra,2005.09.02,Ja,2017.02.13,,2-2039,Älvdalen (S),2-20,Dalarnas län (S)
Sweden,V473287,2005.09.14,Ja,2005.09.14,Annan hund,Annan,Jämthund,2005.09.14,2005.09.14,Nej,NA,Över 2 år,1,Död,0,0,0,0,0,0,0,0,1,0,0,0,Varg,,Fältkontroll - LST,Bedömd som säker,2-2062,Myckelskard - Hoforskojan,6794740,460094,6797589,1416912,RT90,Mycket bra,2005.09.14,Ja,2017.02.13,,2-2062,Mora (S),2-20,Dalarnas län (S)
Sweden,V473288,2005.09.18,Ja,2005.09.19,Annan hund,Annan,Drever,2005.09.18,2005.09.18,Nej,NA,Över 2 år,1,Skadad,0,0,0,0,0,0,0,0,0,0,1,0,Varg,,Fältkontroll - LST,Bedömd som säker,2-2121,Gråssjön,6816412,546584,6818200,1503700,RT90,Mycket bra,2005.09.19,Ja,2017.02.13,,2-2121,Ovanåker (S),2-21,Gävleborgs län (S)
Sweden,V473290,2005.10.02,Ja,2005.10.02,Annan hund,Annan,Hamilton stövare,2005.10.02,2005.10.02,Nej,NA,Över 2 år,1,Död,0,0,0,0,0,0,0,0,1,0,0,0,Varg,,Fältkontroll - LST,Bedömd som säker,2-1737,Spjutberget,6749192,375014,6753070,1331233,RT90,Mycket bra,2005.10.02,Ja,2017.02.13,,2-1737,Torsby (S),2-17,Värmlands län (S)
Sweden,V473291,2005.10.08,Ja,2005.10.08,Annan hund,Annan,Hamiltonstövare,2005.10.08,2005.10.08,Nej,NA,1 till 2 år,1,Skadad,0,0,0,0,0,0,1,0,0,0,0,0,Varg,,Fältkontroll - LST,Bedömd som säker,2-2031,Tammeråsen,6759936,495965,6762330,1452367,RT90,Mycket bra,2005.10.08,Ja,2017.02.13,,2-2031,Rättvik (S),2-20,Dalarnas län (S)
Sweden,V473301,2005.11.01,Ja,2005.11.09,Annan hund,Annan,Finnstövare,2005.11.01,2005.11.01,Nej,NA,1 till 2 år,1,Skadad,0,0,0,0,0,0,1,0,0,0,0,0,Varg,,Fältkontroll - LST,Bedömd som säker,2-2023,Nyhusen,6715484,419475,6718800,1375300,RT90,Mycket bra,2005.11.09,Ja,2017.02.13,,2-2023,Malung (S),2-20,Dalarnas län (S)
Sweden,V473303,2005.11.21,Ja,2005.11.21,Annan hund,Annan,Smålands stövare,2005.11.21,2005.11.21,Nej,NA,Över 2 år,1,Död,0,0,0,0,0,0,0,0,1,0,0,0,Varg,,Fältkontroll - LST,Bedömd som säker,2-2183,Ecklingsbo,6793739,564359,6795300,1521200,RT90,Mycket bra,2005.11.21,Ja,2017.02.13,,2-2183,Bollnäs (S),2-21,Gävleborgs län (S)
Sweden,V473304,2005.11.10,Ja,2005.11.17,Annan hund,Annan,Jämthund,2005.11.10,2005.11.10,Nej,NA,Över 2 år,1,Skadad,0,0,0,0,0,0,0,0,0,0,1,0,Varg,,Fältkontroll - LST,Bedömd som säker,2-1765,Djurskog,6608698,326125,6613100,1280600,RT90,Mycket bra,2005.11.17,Ja,2017.02.13,,2-1765,Årjäng (S),2-17,Värmlands län (S)
Sweden,V473305,2005.11.18,Ja,2005.11.18,Annan hund,Annan,Hamilton,2005.11.17,2005.11.17,Nej,NA,Över 2 år,1,Död,0,0,0,0,0,0,0,0,1,0,0,0,Varg,,Fältkontroll - LST,Bedömd som säker,2-1737,Lekvattnet,6676925,364669,6680894,1319996,RT90,Mycket bra,2005.11.18,Ja,2017.02.13,,2-1737,Torsby (S),2-17,Värmlands län (S)
Sweden,V473306,2005.11.19,Ja,2005.11.25,Annan hund,Annan,Hamilton stövare,2005.11.19,2005.11.19,Nej,NA,Över 2 år,1,Skadad,0,0,0,0,0,0,0,0,0,0,1,0,Varg,,Fältkontroll - LST,Bedömd som säker,2-2121,Skallarberget,6794278,551356,6796000,1508200,RT90,Mycket bra,2005.11.25,Ja,2017.02.13,,2-2121,Ovanåker (S),2-21,Gävleborgs län (S)
Sweden,V473307,2005.11.28,Ja,2005.11.29,Annan hund,Annan,Grå hund,2005.11.26,2005.11.28,Nej,NA,Över 2 år,1,Död,0,0,0,0,0,0,0,0,1,0,0,0,Varg,,Fältkontroll - LST,Bedömd som säker,2-2183,Söråsen,6784625,571170,6786100,1527900,RT90,Mycket bra,2005.11.29,Ja,2017.02.13,,2-2183,Bollnäs (S),2-21,Gävleborgs län (S)
Sweden,V473312,2005.12.06,Ja,2005.12.07,Annan hund,Annan,Finsk Stövare,2005.12.05,2005.12.06,Nej,NA,Över 2 år,1,Död,0,0,0,0,0,0,0,0,1,0,0,0,Varg,,Fältkontroll - LST,Bedömd som säker,2-2121,Stormyran,6798023,555109,6799700,1512000,RT90,Mycket bra,2005.12.07,Ja,2017.02.13,,2-2121,Ovanåker (S),2-21,Gävleborgs län (S)
Sweden,V473315,2002.10.14,Ja,2002.10.15,Annan hund,Annan,Finsk stövare,2002.10.14,2002.10.14,Nej,NA,Över 2 år,1,Död,0,0,0,0,0,0,0,0,1,0,0,0,Varg,,Fältkontroll - LST,Bedömd som säker,2-2031,Gisslarbodarna,6750893,505426,6753167,1461720,RT90,Mycket bra,2002.10.15,Ja,2017.02.13,,2-2031,Rättvik (S),2-20,Dalarnas län (S)
Sweden,V473317,2000.10.21,Ja,2000.10.24,Annan hund,Annan,Norsk älghund,2000.10.21,2000.10.21,Nej,NA,Över 2 år,1,Skadad,0,0,0,0,0,0,0,0,0,0,1,0,Varg,,Fältkontroll - LST,Bedömd som säker,2-2031,Råmåsjöberget,6801670,510378,6803900,1467300,RT90,Mycket bra,2000.10.24,Ja,2017.02.13,,2-2031,Rättvik (S),2-20,Dalarnas län (S)
Sweden,V473318,2001.09.01,Ja,2001.09.01,Annan hund,Annan,Luzernstövare,2001.09.01,2001.09.01,Nej,NA,Över 2 år,1,Död,0,0,0,0,0,0,0,0,1,0,0,0,Varg,,Fältkontroll - LST,Bedömd som säker,2-2083,Vikarbyn,6697736,561940,6699300,1517600,RT90,Mycket bra,2001.09.01,Ja,2017.02.13,,2-2083,Hedemora (S),2-20,Dalarnas län (S)
Sweden,V473320,2001.11.16,Ja,2001.11.17,Annan hund,Annan,Blandras Bordescollie-Lapphund-Laika,2001.10.28,2001.10.28,Nej,NA,Under 1 år,1,Död,1,0,0,0,0,0,0,0,0,0,0,0,Varg,,Fältkontroll - LST,Bedömd som säker,2-2023,Nålmyren,6770623,384013,6774400,1340500,RT90,Mycket bra,2001.11.17,Ja,2017.02.13,,2-2023,Malung (S),2-20,Dalarnas län (S)
Sweden,V473321,2005.12.10,Ja,2005.12.10,Annan hund,Annan,Drever,2005.12.10,2005.12.10,Nej,NA,1 till 2 år,1,Död,0,0,0,0,1,0,0,0,0,0,0,0,Varg,,Fältkontroll - LST,Bedömd som säker,2-2062,Råssänsvägen,6760861,482398,6763422,1438807,RT90,Mycket bra,2005.12.10,Ja,2017.02.13,,2-2062,Mora (S),2-20,Dalarnas län (S)
Sweden,V473324,2000.08.13,Ja,2000.08.18,Annan hund,Annan,Finsk spets,2000.08.13,2000.08.13,Nej,NA,Under 1 år,1,Död,1,0,0,0,0,0,0,0,0,0,0,0,Varg,,Fältkontroll - LST,Bedömd som säker,2-2039,Olåsen,6877480,392686,6881200,1350500,RT90,Mycket bra,2000.08.18,Ja,2017.02.13,,2-2039,Älvdalen (S),2-20,Dalarnas län (S)
Sweden,V473325,2005.12.18,Ja,2005.12.18,Annan hund,Annan,Blandras  Jämte och finnspets,2005.12.17,2005.12.17,Nej,NA,Över 2 år,1,Död,0,0,0,0,0,0,0,0,1,0,0,0,Varg,,Fältkontroll - LST,Bedömd som säker,2-2031,Säliåsen,6786425,514046,6788605,1470781,RT90,Mycket bra,2005.12.18,Ja,2017.02.13,,2-2031,Rättvik (S),2-20,Dalarnas län (S)
Sweden,V473326,2005.12.18,Ja,2005.12.19,Annan hund,Annan,Blandras  Drever-Smålandstövare,2005.12.18,2005.12.18,Nej,NA,1 till 2 år,1,Död,0,0,0,0,1,0,0,0,0,0,0,0,Varg,,Fältkontroll - LST,Bedömd som säker,2-1435,Mörken,6506909,302088,6511544,1255318,RT90,Mycket bra,2005.12.19,Ja,2017.02.13,,2-1435,Tanum (S),2-14,Västra Götalands län (S)
Sweden,V473329,1999.08.29,Ja,1999.08.30,Annan hund,Annan,Smiller/gråhund,1999.08.29,1999.08.29,Nej,NA,Över 2 år,1,Död,0,0,0,0,0,0,0,0,1,0,0,0,Varg,,Fältkontroll - LST,Bedömd som säker,2-2023,Söder Kuulen. Uvån-Böjsjön,6709782,427241,6713000,1383000,RT90,Mycket bra,1999.08.30,Ja,2017.02.13,,2-2023,Malung (S),2-20,Dalarnas län (S)
Sweden,V473332,2006.01.02,Ja,2006.01.04,Annan hund,Annan,Finnspets,2006.01.02,2006.01.02,Nej,NA,Över 2 år,1,Skadad,0,0,0,0,0,0,0,0,0,0,1,0,Varg,,Fältkontroll - LST,Bedömd som säker,2-1765,Mölnerud,6609350,336638,6613625,1291127,RT90,Mycket bra,2006.01.04,Ja,2017.02.13,,2-1765,Årjäng (S),2-17,Värmlands län (S)
Sweden,V473339,2000.08.16,Ja,2000.08.17,Annan hund,Annan,Korsning Gråhund och Jämthund,2000.08.16,2000.08.16,Nej,NA,Över 2 år,1,Skadad,0,0,0,0,0,0,0,0,0,0,1,0,Varg,,Fältkontroll - LST,Bedömd som säker,2-2326,Nybo 1:2,6946391,467482,6949207,1426187,RT90,Mycket bra,2000.08.17,Ja,2017.02.13,,2-2326,Berg (S),2-23,Jämtlands län (S)
Sweden,V473342,2006.09.03,Ja,2006.09.05,Annan hund,Annan,Gråhund,2006.09.03,2006.09.03,Nej,NA,Över 2 år,1,Skadad,0,0,0,0,0,0,0,0,0,0,1,0,Varg,,Fältkontroll - LST,Bedömd som säker,2-2062,Indnäsberget,6778537,464948,6781320,1421568,RT90,Mycket bra,2006.09.05,Ja,2017.02.13,,2-2062,Mora (S),2-20,Dalarnas län (S)
Sweden,V473343,2006.09.17,Ja,2006.09.17,Annan hund,Annan,Schiller,2006.09.17,2006.09.17,Nej,NA,Över 2 år,1,Skadad,0,0,0,0,0,0,0,0,0,0,1,0,Varg,,Fältkontroll - LST,Bedömd som säker,2-2080,Kallesbacken,6737012,520171,6739100,1476300,RT90,Mycket bra,2006.09.17,Ja,2017.02.13,,2-2080,Falun (S),2-20,Dalarnas län (S)
Sweden,V473347,2006.02.08,Ja,2006.02.08,Annan hund,Annan,Hamiltonstövare,2006.02.08,2006.02.08,Nej,NA,1 till 2 år,1,Död,0,0,0,0,1,0,0,0,0,0,0,0,Varg,,Fältkontroll - LST,Bedömd som säker,2-2260,Karlsro,6928611,549189,6930400,1507700,RT90,Mycket bra,2006.02.08,Ja,2017.02.13,,2-2260,Ånge (S),2-22,Västernorrlands län (S)
Sweden,V473352,2006.09.04,Ja,2006.09.04,Annan hund,Annan,Finnspets,2006.09.04,2006.09.04,Nej,NA,Över 2 år,1,Död,0,0,0,0,0,0,0,0,1,0,0,0,Varg,,Fältkontroll - LST,Bedömd som säker,2-2034,Harflotsvägen,6773573,488846,6776059,1445414,RT90,Mycket bra,2006.09.04,Ja,2017.02.13,,2-2034,Orsa (S),2-20,Dalarnas län (S)
Sweden,V473356,2006.09.23,Ja,2006.09.28,Annan hund,Annan,Gråhund,2006.09.22,2006.09.23,Nej,NA,Över 2 år,1,Död,0,0,0,0,0,0,0,0,1,0,0,0,Varg,,Fältkontroll - LST,Bedömd som säker,2-1730,Mosstakan,6613584,338451,6617839,1292992,RT90,Mycket bra,2006.09.28,Ja,2017.02.13,,2-1730,Eda (S),2-17,Värmlands län (S)
Sweden,V473358,2006.12.03,Ja,2006.12.04,Annan hund,Annan,Gråhund,2006.12.03,2006.12.03,Nej,NA,Över 2 år,1,Död,0,0,0,0,0,0,0,0,1,0,0,0,Varg,,Fältkontroll - LST,Bedömd som säker,2-2121,Dalkarsbo,6802371,526664,6804400,1483600,RT90,Mycket bra,2006.12.04,Ja,2017.02.13,,2-2121,Ovanåker (S),2-21,Gävleborgs län (S)
Sweden,V473359,2006.12.08,Ja,2006.12.11,Annan hund,Annan,Hamilton,2006.12.08,2006.12.08,Nej,NA,Över 2 år,1,Skadad,0,0,0,0,0,0,0,0,0,0,1,0,Varg,,Fältkontroll - LST,Bedömd som säker,2-2080,Gopa,6733800,519111,6735900,1475200,RT90,Mycket bra,2006.12.11,Ja,2017.02.13,,2-2080,Falun (S),2-20,Dalarnas län (S)
Sweden,V473360,2006.05.22,Ja,2006.05.22,Annan hund,Annan,STRÄVHÅRIG TAX,2006.05.22,2006.05.22,Nej,NA,Över 2 år,1,Död,0,0,0,0,0,0,0,0,1,0,0,0,Varg,,Fältkontroll - LST,Bedömd som säker,2-2101,GÅRDSPLANEN,6760153,576941,6761550,1533371,RT90,Mycket bra,2006.05.22,Ja,2017.02.13,,2-2101,Ockelbo (S),2-21,Gävleborgs län (S)
Sweden,V473361,2006.10.08,Ja,2006.10.08,Annan hund,Annan,Hamilton + Schiller,2006.10.08,2006.10.08,Nej,NA,Över 2 år,1,Död,0,0,0,0,0,0,0,0,1,0,0,0,Varg,,Fältkontroll - LST,Bedömd som säker,2-2121,Loftsbo,6813834,532120,6815800,1489200,RT90,Mycket bra,2006.10.08,Ja,2017.02.13,,2-2121,Ovanåker (S),2-21,Gävleborgs län (S)
Sweden,V473362,2006.10.08,Ja,2006.10.09,Annan hund,Annan,Hamilton,2006.10.08,2006.10.08,Nej,NA,Över 2 år,1,Skadad,0,0,0,0,0,0,0,0,0,0,1,0,Varg,,Fältkontroll - LST,Bedömd som säker,2-2121,Räken,6817765,534671,6819700,1491800,RT90,Mycket bra,2006.10.09,Ja,2017.02.13,,2-2121,Ovanåker (S),2-21,Gävleborgs län (S)
Sweden,V473363,2006.10.09,Ja,2006.10.09,Annan hund,Annan,Jämthund,2006.10.09,2006.10.09,Nej,NA,1 till 2 år,1,Skadad,0,0,0,0,0,0,1,0,0,0,0,0,Varg,,Fältkontroll - LST,Bedömd som säker,2-2062,Bäckdalsberget,6797203,464350,6800000,1421200,RT90,Mycket bra,2006.10.09,Ja,2017.02.13,,2-2062,Mora (S),2-20,Dalarnas län (S)
Sweden,V473365,2006.10.13,Ja,2006.10.16,Annan hund,Annan,Jämthund,2006.10.13,2006.10.13,Nej,NA,Över 2 år,1,Skadad,0,0,0,0,0,0,0,0,0,0,1,0,Varg,,Fältkontroll - LST,Bedömd som säker,2-2361,Stor-Skärvålen,6893884,426319,6897193,1384353,RT90,Mycket bra,2006.10.16,Ja,2017.02.13,,2-2361,Härjedalen (S),2-23,Jämtlands län (S)
Sweden,V473366,2006.10.11,Ja,2006.10.12,Annan hund,Annan,Östsibirisk Laika,2006.10.11,2006.10.11,Nej,NA,1 till 2 år,1,Skadad,0,0,0,0,0,0,1,0,0,0,0,0,Varg,,Fältkontroll - LST,Bedömd som säker,2-2029,Ö Gansåsen,6746626,521553,6748700,1477800,RT90,Mycket bra,2006.10.12,Ja,2017.02.13,,2-2029,Leksand (S),2-20,Dalarnas län (S)
Sweden,V473368,2006.10.28,Ja,2006.10.29,Annan hund,Annan,Drever,2006.10.28,2006.10.28,Nej,NA,1 till 2 år,1,Död,0,0,0,0,1,0,0,0,0,0,0,0,Varg,,Fältkontroll - LST,Bedömd som säker,2-1438,Botiltorp,6524910,315045,6529400,1268500,RT90,Mycket bra,2006.10.29,Ja,2017.02.13,,2-1438,Dals-Ed (S),2-14,Västra Götalands län (S)
Sweden,V473370,2006.10.09,Ja,2006.10.09,Annan hund,Annan,Jämthund,2006.10.09,2006.10.09,Nej,NA,Över 2 år,1,Död,0,0,0,0,0,0,0,0,1,0,0,0,Varg,,Fältkontroll - LST,Bedömd som säker,2-1904,Brahe gård,6626525,534617,6628400,1489400,RT90,Mycket bra,2006.10.09,Ja,2017.02.13,,2-1904,Skinnskatteberg (S),2-19,Västmanlands län (S)
Sweden,V473374,2006.11.15,Ja,2006.11.15,Annan hund,Annan,Jämthund,2006.11.15,2006.11.15,Nej,NA,Över 2 år,1,Död,0,0,0,0,0,0,0,0,1,0,0,0,Varg,,Fältkontroll - LST,Bedömd som säker,2-2121,Loberget,6821883,520125,6824000,1477300,RT90,Mycket bra,2006.11.15,Ja,2017.02.13,,2-2121,Ovanåker (S),2-21,Gävleborgs län (S)
Sweden,V473375,2006.10.22,Ja,2006.10.23,Annan hund,Annan,Hamiltonstövare,2006.10.22,2006.10.22,Nej,NA,Över 2 år,1,Död,0,0,0,0,0,0,0,0,1,0,0,0,Varg,,Fältkontroll - LST,Bedömd som säker,2-0331,Harbo,6656148,619333,6657000,1574500,RT90,Mycket bra,2006.10.23,Ja,2017.02.13,,2-0331,Heby (S),2-03,Uppsala län (S)
Sweden,V473376,2006.11.26,Ja,2006.11.26,Annan hund,Annan,Gråhund,2006.11.25,2006.11.25,Nej,NA,Över 2 år,1,Död,0,0,0,0,0,0,0,0,1,0,0,0,Varg,,Fältkontroll - LST,Bedömd som säker,2-2080,Midsommarberget,6733467,573399,6734900,1529500,RT90,Mycket bra,2006.11.26,Ja,2017.02.13,,2-2080,Falun (S),2-20,Dalarnas län (S)
Sweden,V473379,2006.11.19,Ja,2006.11.19,Annan hund,Annan,Drever,2006.11.19,2006.11.19,Nej,NA,Över 2 år,1,Död,0,0,0,0,0,0,0,0,1,0,0,0,Varg,,Fältkontroll - LST,Bedömd som säker,2-1884,Skrekarhyttan,6590660,495366,6593000,1449700,RT90,Mycket bra,2006.11.19,Ja,2017.02.13,,2-1884,Nora (S),2-18,Örebro län (S)
Sweden,V473385,2006.12.27,Ja,2006.12.28,Annan hund,Annan,Schweisterstövare,2006.12.27,2006.12.27,Nej,NA,Över 2 år,1,Död,0,0,0,0,0,0,0,0,1,0,0,0,Varg,,Fältkontroll - LST,Bedömd som säker,2-1784,Norr Örvattnet,6625261,373199,6629100,1327900,RT90,Mycket bra,2006.12.28,Ja,2017.02.13,,2-1784,Arvika (S),2-17,Värmlands län (S)
Sweden,V473387,2006.12.25,Ja,2006.12.26,Annan hund,Annan,Gråhund,2006.12.25,2006.12.25,Nej,NA,Över 2 år,1,Död,0,0,0,0,0,0,0,0,1,0,0,0,Varg,,Fältkontroll - LST,Bedömd som säker,2-2121,Räken,6817376,535576,6819300,1492700,RT90,Mycket bra,2006.12.26,Ja,2017.02.13,,2-2121,Ovanåker (S),2-21,Gävleborgs län (S)
Sweden,V473388,2007.09.27,Ja,2007.09.27,Annan hund,Annan,Hamiltonstövare,2007.09.27,2007.09.27,Nej,NA,Över 2 år,1,Skadad,0,0,0,0,0,0,0,0,0,0,1,0,Varg,,Fältkontroll - LST,Bedömd som säker,2-2023,Räsåsätern,6806180,392379,6809871,1349309,RT90,Mycket bra,2007.09.27,Ja,2017.02.13,,2-2023,Malung (S),2-20,Dalarnas län (S)
Sweden,V473391,2007.01.06,Ja,2007.01.06,Annan hund,Annan,Drever,2007.01.06,2007.01.06,Nej,NA,Över 2 år,1,Död,0,0,0,0,0,0,0,0,1,0,0,0,Varg,,Fältkontroll - LST,Bedömd som säker,2-0331,Östermossen 6 km NO Vittinge,6647991,618401,6648852,1573468,RT90,Mycket bra,2007.01.06,Ja,2017.02.13,,2-0331,Heby (S),2-03,Uppsala län (S)
Sweden,V473392,2007.01.05,Ja,2007.01.05,Annan hund,Annan,Gråhund,2007.01.05,2007.01.05,Nej,NA,Över 2 år,1,Död,0,0,0,0,0,0,0,0,1,0,0,0,Varg,,Fältkontroll - LST,Bedömd som säker,2-1782,Ringvägen,6670175,454765,6673040,1410051,RT90,Mycket bra,2007.01.05,Ja,2017.02.13,,2-1782,Filipstad (S),2-17,Värmlands län (S)
Sweden,V473393,2006.12.31,Ja,2007.01.01,Annan hund,Annan,korthårig tax,2006.12.31,2006.12.31,Nej,NA,Över 2 år,1,Död,0,0,0,0,0,0,0,0,1,0,0,0,Varg,,Fältkontroll - LST,Bedömd som säker,2-1980,300 m norr gården Böle,6619939,584983,6621200,1539700,RT90,Mycket bra,2007.01.01,Ja,2017.02.13,,2-1980,Västerås (S),2-19,Västmanlands län (S)
Sweden,V473394,2006.12.16,Ja,2006.12.16,Annan hund,Annan,Jämthund,2006.12.16,2006.12.16,Nej,NA,Över 2 år,1,Död,0,0,0,0,0,0,0,0,1,0,0,0,Varg,,Fältkontroll - LST,Bedömd som säker,2-1439,Norr om Hallsjön,6511005,337760,6515213,1291060,RT90,Mycket bra,2006.12.16,Ja,2017.02.13,,2-1439,Färgelanda (S),2-14,Västra Götalands län (S)
Sweden,V473395,2007.01.27,Ja,2007.01.27,Annan hund,Annan,Jämthund,2007.01.27,2007.01.27,Nej,NA,1 till 2 år,1,Död,0,0,0,0,1,0,0,0,0,0,0,0,Varg,,Fältkontroll - LST,Bedömd som säker,2-2121,Stora Gångberget,6766815,550997,6768533,1507502,RT90,Mycket bra,2007.01.27,Ja,2017.02.13,,2-2121,Ovanåker (S),2-21,Gävleborgs län (S)
Sweden,V473396,2006.12.21,Ja,2006.12.22,Annan hund,Annan,Drever,2006.12.21,2006.12.21,Nej,NA,Över 2 år,1,Skadad,0,0,0,0,0,0,0,0,0,0,1,0,Varg,,Fältkontroll - LST,Bedömd som säker,2-0380,Väster Mångelbo,6661499,629553,6662227,1584787,RT90,Mycket bra,2006.12.22,Ja,2017.02.13,,2-0380,Uppsala (S),2-03,Uppsala län (S)
Sweden,V473397,2007.02.16,Ja,2007.02.16,Annan hund,Annan,Cavalier King Charles spaniel,2007.02.15,2007.02.15,Nej,NA,Över 2 år,1,Död,0,0,0,0,0,0,0,0,1,0,0,0,Varg,,Fältkontroll - LST,Bedömd som säker,2-1766,Östanbjörke 44,6642417,401772,6645916,1356696,RT90,Mycket bra,2007.02.16,Ja,2017.02.13,,2-1766,Sunne (S),2-17,Värmlands län (S)
Sweden,V473400,2007.08.26,Ja,2007.08.27,Annan hund,Annan,Jämthund,2007.08.26,2007.08.26,Nej,NA,Över 2 år,1,Död,0,0,0,0,0,0,0,0,1,0,0,0,Varg,,Fältkontroll - LST,Bedömd som säker,2-2121,Nybo,6821069,535130,6823000,1492300,RT90,Mycket bra,2007.08.27,Ja,2017.02.13,,2-2121,Ovanåker (S),2-21,Gävleborgs län (S)
Sweden,V473401,2007.09.02,Ja,2007.09.02,Annan hund,Annan,Gråhund,2007.09.01,2007.09.02,Nej,NA,Över 2 år,1,Död,0,0,0,0,0,0,0,0,1,0,0,0,Varg,,Fältkontroll - LST,Bedömd som säker,2-1784,Bortan,6648107,362603,6652086,1317577,RT90,Mycket bra,2007.09.02,Ja,2017.02.13,,2-1784,Arvika (S),2-17,Värmlands län (S)
Sweden,V473402,2007.09.08,Ja,2007.09.08,Annan hund,Annan,Finsk Stövare,2007.09.08,2007.09.08,Nej,NA,Över 2 år,1,Skadad,0,0,0,0,0,0,0,0,0,0,1,0,Varg,,Fältkontroll - LST,Bedömd som säker,2-1784,Allstakan,6642631,358651,6646656,1313557,RT90,Mycket bra,2007.09.08,Ja,2017.02.13,,2-1784,Arvika (S),2-17,Värmlands län (S)
Sweden,V473407,2007.06.26,Ja,2007.06.26,Annan hund,Annan,Drever,2007.06.26,2007.06.26,Nej,NA,Över 2 år,1,Död,0,0,0,0,0,0,0,0,1,0,0,0,Varg,,Fältkontroll - LST,Bedömd som säker,2-2101,Ulvsta,6752758,589357,6754000,1545700,RT90,Mycket bra,2007.06.26,Ja,2017.02.13,,2-2101,Ockelbo (S),2-21,Gävleborgs län (S)
Sweden,V473408,2007.08.14,Ja,2007.08.15,Annan hund,Annan,Finnspets,2007.08.14,2007.08.14,Nej,NA,Över 2 år,1,Död,0,0,0,0,0,0,0,0,1,0,0,0,Varg,,Fältkontroll - LST,Bedömd som säker,2-2026,Norr Mosselbodarna,6712522,484738,6715036,1440554,RT90,Mycket bra,2007.08.15,Ja,2017.02.13,,2-2026,Gagnef (S),2-20,Dalarnas län (S)
Sweden,V473409,2007.08.19,Ja,2007.08.20,Annan hund,Annan,Blandras Drever-Hamilton,2007.08.19,2007.08.19,Nej,NA,Över 2 år,1,Skadad,0,0,0,0,0,0,0,0,0,0,1,0,Varg,,Fältkontroll - LST,Bedömd som säker,2-1460,Ö Sockan,6554385,347372,6558500,1301200,RT90,Mycket bra,2007.08.20,Ja,2017.02.13,,2-1460,Bengtsfors (S),2-14,Västra Götalands län (S)
Sweden,V473410,2007.08.26,Ja,2007.08.26,Annan hund,Annan,Finsk stövare,2007.08.22,2007.08.22,Nej,NA,Över 2 år,1,Död,0,0,0,0,0,0,0,0,1,0,0,0,Varg,,Fältkontroll - LST,Bedömd som säker,2-1766,Östanbjörke,6641756,401931,6645253,1356847,RT90,Mycket bra,2007.08.26,Ja,2017.02.13,,2-1766,Sunne (S),2-17,Värmlands län (S)
Sweden,V473411,2007.09.01,Ja,2007.09.01,Annan hund,Annan,Finsk stövare,2007.09.01,2007.09.01,Nej,NA,1 till 2 år,1,Död,0,0,0,0,1,0,0,0,0,0,0,0,Varg,,Fältkontroll - LST,Bedömd som säker,2-1766,Framsättra_ Askerud,6643560,404171,6647030,1359110,RT90,Mycket bra,2007.09.01,Ja,2017.02.13,,2-1766,Sunne (S),2-17,Värmlands län (S)
Sweden,V473412,2007.09.03,Ja,2007.09.03,Annan hund,Annan,Finsk stövare,2007.09.03,2007.09.03,Nej,NA,Över 2 år,1,Skadad,0,0,0,0,0,0,0,0,0,0,1,0,Varg,,Fältkontroll - LST,Bedömd som säker,2-1766,Långheden_ Norra Skoga vvo,6659464,404520,6662937,1359653,RT90,Mycket bra,2007.09.03,Ja,2017.02.13,,2-1766,Sunne (S),2-17,Värmlands län (S)
Sweden,V473414,2007.09.03,Ja,2007.09.04,Annan hund,Annan,Hamiltonstövare,2007.09.03,2007.09.03,Nej,NA,1 till 2 år,1,Skadad,0,0,0,0,0,0,1,0,0,0,0,0,Varg,,Fältkontroll - LST,Bedömd som säker,2-1737,Backasätersberget,6716590,405057,6720083,1360890,RT90,Mycket bra,2007.09.04,Ja,2017.02.13,,2-1737,Torsby (S),2-17,Värmlands län (S)
Sweden,V473415,2007.09.03,Ja,2007.09.03,Annan hund,Annan,Hamiltonstövare,2007.09.03,2007.09.03,Nej,NA,Över 2 år,1,Död,0,0,0,0,0,0,0,0,1,0,0,0,Varg,,Fältkontroll - LST,Bedömd som säker,2-1784,Bogen,6662816,363363,6666793,1318517,RT90,Mycket bra,2007.09.03,Ja,2017.02.13,,2-1784,Arvika (S),2-17,Värmlands län (S)
Sweden,V473416,2007.09.21,Ja,2007.09.21,Annan hund,Annan,Drever,2007.09.21,2007.09.21,Nej,NA,Över 2 år,1,Död,0,0,0,0,0,0,0,0,1,0,0,0,Varg,,Fältkontroll - LST,Bedömd som säker,2-2161,Roskölen,6852377,526112,6854429,1483667,RT90,Mycket bra,2007.09.21,Ja,2017.02.13,,2-2161,Ljusdal (S),2-21,Gävleborgs län (S)
Sweden,V473419,2007.09.06,Ja,2007.09.06,Annan hund,Annan,Hamiltonstövare,2007.09.05,2007.09.06,Nej,NA,Över 2 år,1,Död,0,0,0,0,0,0,0,0,1,0,0,0,Varg,,Fältkontroll - LST,Bedömd som säker,2-1781,Skottlanda_ Kristinehamn,6552144,460195,6554895,1414049,RT90,Mycket bra,2007.09.06,Ja,2017.02.13,,2-1781,Kristinehamn (S),2-17,Värmlands län (S)
Sweden,V473420,2007.09.07,Ja,2007.09.07,Annan hund,Annan,Norrbottenspets,2007.09.07,2007.09.07,Nej,NA,Över 2 år,1,Död,0,0,0,0,0,0,0,0,1,0,0,0,Varg,,Fältkontroll - LST,Bedömd som säker,2-2021,Bosar-flötten Äppelbo,6700154,442976,6703175,1398624,RT90,Mycket bra,2007.09.07,Ja,2017.02.13,,2-2021,Vansbro (S),2-20,Dalarnas län (S)
Sweden,V473421,2007.09.09,Ja,2007.09.09,Annan hund,Annan,Schillerstövare,2007.09.09,2007.09.09,Nej,NA,Över 2 år,1,Död,0,0,0,0,0,0,0,0,1,0,0,0,Varg,,Fältkontroll - LST,Bedömd som säker,2-2021,Norr om Hummelberget,6701797,450663,6704725,1406334,RT90,Mycket bra,2007.09.09,Ja,2017.02.13,,2-2021,Vansbro (S),2-20,Dalarnas län (S)
Sweden,V473422,2007.09.02,Ja,2007.09.11,Annan hund,Annan,Finnstövare,2007.09.02,2007.09.02,Nej,NA,Över 2 år,1,Skadad,0,0,0,0,0,0,0,0,0,0,1,0,Varg,,Fältkontroll - LST,Bedömd som säker,2-1737,Åstransberget,6685349,411779,6688745,1367232,RT90,Mycket bra,2007.09.11,Ja,2017.02.13,,2-1737,Torsby (S),2-17,Värmlands län (S)
Sweden,V473426,2007.10.06,Ja,2007.10.06,Annan hund,Annan,Hamilton,2007.10.06,2007.10.06,Nej,NA,Över 2 år,1,Skadad,0,0,0,0,0,0,0,0,0,0,1,0,Varg,,Fältkontroll - LST,Bedömd som säker,2-1460,Vrenäsdalen,6556932,351439,6561000,1305300,RT90,Mycket bra,2007.10.06,Ja,2017.02.13,,2-1460,Bengtsfors (S),2-14,Västra Götalands län (S)
Sweden,V473427,2007.10.17,Ja,2007.10.17,Annan hund,Annan,Blandras stövare-gråhund,2007.10.16,2007.10.16,Nej,NA,Över 2 år,1,Död,0,0,0,0,0,0,0,0,1,0,0,0,Varg,,Fältkontroll - LST,Bedömd som säker,2-1862,Gökhult,6546744,463774,6549449,1417564,RT90,Mycket bra,2007.10.17,Ja,2017.02.13,,2-1862,Degerfors (S),2-18,Örebro län (S)
Sweden,V473428,2007.10.15,Ja,2007.10.16,Annan hund,Annan,Stövare,2007.10.15,2007.10.15,Nej,NA,Över 2 år,1,Död,0,0,0,0,0,0,0,0,1,0,0,0,Varg,,Fältkontroll - LST,Bedömd som säker,2-1737,Mulldusberget_norska sidan,6697484,367879,6701424,1323460,RT90,Mycket bra,2007.10.16,Ja,2017.02.13,,2-1737,Torsby (S),2-17,Värmlands län (S)
Sweden,V473431,2007.10.14,Ja,2007.10.15,Annan hund,Annan,Drever,2007.10.14,2007.10.14,Nej,NA,1 till 2 år,1,Skadad,0,0,0,0,0,0,1,0,0,0,0,0,Varg,,Fältkontroll - LST,Bedömd som säker,2-2021,S.Hummelsjön,6703010,453813,6705900,1409500,RT90,Mycket bra,2007.10.15,Ja,2017.02.13,,2-2021,Vansbro (S),2-20,Dalarnas län (S)
Sweden,V473433,2007.10.20,Ja,2007.10.20,Annan hund,Annan,Hamiltonstövare,2007.10.20,2007.10.20,Nej,NA,Över 2 år,1,Död,0,0,0,0,0,0,0,0,1,0,0,0,Varg,,Fältkontroll - LST,Bedömd som säker,2-2023,Markusberget-Yttermalung,6712035,432192,6715193,1387981,RT90,Mycket bra,2007.10.20,Ja,2017.02.13,,2-2023,Malung (S),2-20,Dalarnas län (S)
Sweden,V473434,2007.10.08,Ja,2007.10.09,Annan hund,Annan,Blandras,2007.10.08,2007.10.08,Nej,NA,Över 2 år,1,Skadad,0,0,0,0,0,0,0,0,0,0,1,0,Varg,,Fältkontroll - LST,Bedömd som säker,2-2029,Ärten,6741760,524212,6743800,1480400,RT90,Mycket bra,2007.10.09,Ja,2017.02.13,,2-2029,Leksand (S),2-20,Dalarnas län (S)
Sweden,V473435,2007.10.22,Ja,2007.10.22,Annan hund,Annan,Jämthund,2007.10.21,2007.10.21,Nej,NA,1 till 2 år,1,Död,0,0,0,0,1,0,0,0,0,0,0,0,Varg,,Fältkontroll - LST,Bedömd som säker,2-2161,Gällsjövallen,6838317,523320,6840400,1480700,RT90,Mycket bra,2007.10.22,Ja,2017.02.13,,2-2161,Ljusdal (S),2-21,Gävleborgs län (S)
Sweden,V473436,2007.10.23,Ja,2007.10.24,Annan hund,Annan,Hamiltonstövare,2007.10.23,2007.10.23,Nej,NA,Över 2 år,1,Död,0,0,0,0,0,0,0,0,1,0,0,0,Varg,,Fältkontroll - LST,Bedömd som säker,2-2260,N Korpåsen,6901598,563522,6903200,1521700,RT90,Mycket bra,2007.10.24,Ja,2017.02.13,,2-2260,Ånge (S),2-22,Västernorrlands län (S)
Sweden,V473437,2007.10.26,Ja,2007.10.26,Annan hund,Annan,Hamilton,2007.10.25,2007.10.25,Nej,NA,Över 2 år,1,Död,0,0,0,0,0,0,0,0,1,0,0,0,Varg,,Fältkontroll - LST,Bedömd som säker,2-2121,Torpet,6813884,544216,6815700,1501300,RT90,Mycket bra,2007.10.26,Ja,2017.02.13,,2-2121,Ovanåker (S),2-21,Gävleborgs län (S)
Sweden,V473438,2007.10.28,Ja,2007.10.28,Annan hund,Annan,Drever,2007.10.27,2007.10.28,Nej,NA,Över 2 år,1,Död,0,0,0,0,0,0,0,0,1,0,0,0,Varg,,Fältkontroll - LST,Bedömd som säker,2-2183,Vallsta,6822576,568002,6824100,1525200,RT90,Mycket bra,2007.10.28,Ja,2017.02.13,,2-2183,Bollnäs (S),2-21,Gävleborgs län (S)
Sweden,V473439,2007.10.30,Ja,2007.11.02,Annan hund,Annan,Hamilton,2007.10.30,2007.10.30,Nej,NA,Över 2 år,1,Död,0,0,0,0,0,0,0,0,1,0,0,0,Varg,,Fältkontroll - LST,Bedömd som säker,2-2161,Risarven,6839823,531899,6841800,1489300,RT90,Mycket bra,2007.11.02,Ja,2017.02.13,,2-2161,Ljusdal (S),2-21,Gävleborgs län (S)
Sweden,V473441,2007.11.10,Ja,2007.11.11,Annan hund,Annan,Jämthund,2007.11.10,2007.11.10,Nej,NA,Över 2 år,1,Död,0,0,0,0,0,0,0,0,1,0,0,0,Varg,,Fältkontroll - LST,Bedömd som säker,2-2083,Staktjärns Fäbodar,6715338,560875,6716920,1516750,RT90,Mycket bra,2007.11.11,Ja,2017.02.13,,2-2083,Hedemora (S),2-20,Dalarnas län (S)
Sweden,V473445,2007.11.13,Ja,2007.11.13,Annan hund,Annan,Tax,2007.11.10,2007.11.13,Nej,NA,1 till 2 år,1,Död,0,0,0,0,1,0,0,0,0,0,0,0,Varg,,Fältkontroll - LST,Bedömd som säker,2-1438,Dalen,6523017,323763,6527400,1277200,RT90,Mycket bra,2007.11.13,Ja,2017.02.13,,2-1438,Dals-Ed (S),2-14,Västra Götalands län (S)
Sweden,V473446,2007.11.17,Ja,2007.11.17,Annan hund,Annan,Schillerstövare,2007.11.17,2007.11.17,Nej,NA,Över 2 år,1,Död,0,0,0,0,0,0,0,0,1,0,0,0,Varg,,Fältkontroll - LST,Bedömd som säker,2-2021,Öster Ö.Vakern N.O. Lobergets topp 1_2 km,6694860,455132,6697730,1410720,RT90,Mycket bra,2007.11.17,Ja,2017.02.13,,2-2021,Vansbro (S),2-20,Dalarnas län (S)
Sweden,V473448,2007.10.14,Ja,2007.10.17,Annan hund,Annan,Jämthund,2007.10.14,2007.10.14,Nej,NA,Över 2 år,1,Skadad,0,0,0,0,0,0,0,0,0,0,1,0,Varg,,Fältkontroll - LST,Bedömd som säker,2-2284,Knäsjö,7074717,648689,7075293,1609060,RT90,Mycket bra,2007.10.17,Ja,2017.02.13,,2-2284,Örnsköldsvik (S),2-22,Västernorrlands län (S)
Sweden,V473450,2007.12.04,Ja,2007.12.04,Annan hund,Annan,Cairnterrier,2007.11.27,2007.11.27,Nej,NA,Över 2 år,1,Död,0,0,0,0,0,0,0,0,1,0,0,0,Varg,,Fältkontroll - LST,Bedömd som säker,2-1884,Bäcketorp  713 92 Gyttorp,6590844,485768,6593300,1440100,RT90,Mycket bra,2007.12.04,Ja,2017.02.13,,2-1884,Nora (S),2-18,Örebro län (S)
Sweden,V473451,2007.12.15,Ja,2007.12.15,Annan hund,Annan,Strävhårig tax,2007.12.15,2007.12.15,Nej,NA,1 till 2 år,1,Död,0,0,0,0,1,0,0,0,0,0,0,0,Varg,,Fältkontroll - LST,Bedömd som säker,2-1862,Runstorp,6544018,464570,6546713,1418328,RT90,Mycket bra,2007.12.15,Ja,2017.02.13,,2-1862,Degerfors (S),2-18,Örebro län (S)
Sweden,V473452,2007.12.22,Ja,2007.12.22,Annan hund,Annan,West Highland White Terrier,2007.12.21,2007.12.22,Nej,NA,Över 2 år,1,Död,0,0,0,0,0,0,0,0,1,0,0,0,Varg,,Fältkontroll - LST,Bedömd som säker,2-1783,Trädgården,6663802,413570,6667167,1368760,RT90,Mycket bra,2007.12.22,Ja,2017.02.13,,2-1783,Hagfors (S),2-17,Värmlands län (S)
Sweden,V473453,2007.12.23,Ja,2007.12.23,Annan hund,Annan,Blandras Stövare/drever,2007.12.23,2007.12.23,Nej,NA,Över 2 år,1,Död,0,0,0,0,0,0,0,0,1,0,0,0,Varg,,Fältkontroll - LST,Bedömd som säker,2-1715,Karsbol,6601109,399999,6604610,1354420,RT90,Mycket bra,2007.12.23,Ja,2017.02.13,,2-1715,Kil (S),2-17,Värmlands län (S)
Sweden,V473454,2008.01.06,Ja,2008.01.06,Annan hund,Annan,Schillerstövare,2008.01.06,2008.01.06,Nej,NA,Över 2 år,1,Skadad,0,0,0,0,0,0,0,0,0,0,1,0,Varg,,Fältkontroll - LST,Bedömd som säker,2-1462,Norr Västersjön,6443977,325659,6448293,1278147,RT90,Mycket bra,2008.01.06,Ja,2017.02.13,,2-1462,LillaEdet (S),2-14,Västra Götalands län (S)
Sweden,V473456,2007.10.27,Ja,2008.01.14,Annan hund,Annan,Finsk stövare,2007.10.27,2007.10.27,Nej,NA,Över 2 år,1,Skadad,0,0,0,0,0,0,0,0,0,0,1,0,Varg,,Fältkontroll - LST,Bedömd som säker,2-2481,Nyby,7138377,669619,7138700,1630800,RT90,Mycket bra,2008.01.14,Ja,2017.02.13,,2-2481,Lycksele (S),2-24,Västerbottens län (S)
Sweden,V473457,2006.12.21,Ja,2006.12.22,Annan hund,Annan,Drever,2006.12.21,2006.12.21,Nej,NA,Över 2 år,1,Skadad,0,0,0,0,0,0,0,0,0,0,1,0,Varg,,Fältkontroll - LST,Bedömd som säker,2-0380,Väster Mångelbo,6661499,629553,6662227,1584787,RT90,Mycket bra,2006.12.22,Ja,2017.02.13,,2-0380,Uppsala (S),2-03,Uppsala län (S)
Sweden,V473460,2008.02.04,Ja,2008.02.04,Annan hund,Annan,Finsk stövare,2008.02.04,2008.02.04,Nej,NA,Över 2 år,1,Död,0,0,0,0,0,0,0,0,1,0,0,0,Varg,,Fältkontroll - LST,Bedömd som säker,2-2121,Östra Nyasen,6808939,548576,6810700,1505600,RT90,Mycket bra,2008.02.04,Ja,2017.02.13,,2-2121,Ovanåker (S),2-21,Gävleborgs län (S)
Sweden,V473461,1995.10.23,Ja,1995.10.30,Annan hund,Annan,Jämthund,1995.10.23,1995.10.23,Nej,NA,Över 2 år,1,Skadad,0,0,0,0,0,0,0,0,0,0,1,0,Varg,,Fältkontroll - LST,Bedömd som säker,2-2085,Gäddsjöberget,6662457,464504,6665200,1419700,RT90,Mycket bra,,Ja,2017.02.13,,2-2085,Ludvika (S),2-20,Dalarnas län (S)
Sweden,V473462,2008.02.08,Ja,2008.02.10,Annan hund,Annan,Labrador retriever,2008.02.08,2008.02.08,Nej,NA,1 till 2 år,1,Skadad,0,0,0,0,0,0,1,0,0,0,0,0,Varg,,Fältkontroll - LST,Bedömd som säker,2-1884,Älvhyttan,6589246,491102,6591637,1445417,RT90,Mycket bra,2008.02.10,Ja,2017.02.13,,2-1884,Nora (S),2-18,Örebro län (S)
Sweden,V473463,2008.02.25,Ja,2008.02.25,Annan hund,Annan,Drever,2008.02.25,2008.02.25,Nej,NA,1 till 2 år,1,Död,0,0,0,0,1,0,0,0,0,0,0,0,Varg,,Fältkontroll - LST,Bedömd som säker,2-1765,Ekheden norr om,6584411,350896,6588500,1305090,RT90,Mycket bra,2008.02.25,Ja,2017.02.13,,2-1765,Årjäng (S),2-17,Värmlands län (S)
Sweden,V473464,2008.02.19,Ja,2008.02.20,Annan hund,Annan,Strävh. Tax,2008.02.19,2008.02.19,Nej,NA,Över 2 år,1,Skadad,0,0,0,0,0,0,0,0,0,0,1,0,Varg,,Fältkontroll - LST,Bedömd som säker,2-1884,Västgöthyttefors 211,6596338,485501,6598800,1439900,RT90,Mycket bra,2008.02.20,Ja,2017.02.13,,2-1884,Nora (S),2-18,Örebro län (S)
Sweden,V473466,2008.03.12,Ja,2008.03.13,Annan hund,Annan,Finnspets,2008.03.12,2008.03.12,Nej,NA,Över 2 år,1,Skadad,0,0,0,0,0,0,0,0,0,0,1,0,Varg,,Fältkontroll - LST,Bedömd som säker,2-2029,Rexbo  (Busmor),6724622,513698,6726785,1469672,RT90,Mycket bra,2008.03.13,Ja,2017.02.13,,2-2029,Leksand (S),2-20,Dalarnas län (S)
Sweden,V473467,2008.03.08,Ja,2008.03.12,Annan hund,Annan,Finsk spets,2008.03.08,2008.03.08,Nej,NA,Över 2 år,1,Död,0,0,0,0,0,0,0,0,1,0,0,0,Varg,,Fältkontroll - LST,Bedömd som säker,2-2080,Krusbo,6720773,524669,6722800,1480600,RT90,Mycket bra,2008.03.12,Ja,2017.02.13,,2-2080,Falun (S),2-20,Dalarnas län (S)
Sweden,V473471,2008.04.26,Ja,2008.04.30,Annan hund,Annan,Gråhund,2008.04.26,2008.04.26,Nej,NA,Över 2 år,1,Skadad,0,0,0,0,0,0,0,0,0,0,1,0,Varg,,Fältkontroll - LST,Bedömd som säker,2-2121,Röstabo,6812738,556627,6814400,1513700,RT90,Mycket bra,2008.04.30,Ja,2017.02.13,,2-2121,Ovanåker (S),2-21,Gävleborgs län (S)
Sweden,V473472,2008.06.14,Ja,2008.06.15,Annan hund,Annan,Dvärg Snouser,2008.06.14,2008.06.14,Nej,NA,1 till 2 år,1,Skadad,0,0,0,0,0,0,1,0,0,0,0,0,Varg,,Fältkontroll - LST,Bedömd som säker,2-1862,Storbjörboda. Svartå,6553319,475086,6555890,1428960,RT90,Mycket bra,2008.06.15,Ja,2017.02.13,,2-1862,Degerfors (S),2-18,Örebro län (S)
Sweden,V473475,2008.06.27,Ja,2008.06.27,Annan hund,Annan,Lhasa apso,2008.06.27,2008.06.27,Nej,NA,Över 2 år,1,Död,0,0,0,0,0,0,0,0,1,0,0,0,Varg,,Fältkontroll - LST,Bedömd som säker,2-1784,Årbotten,6630709,366686,6634630,1321450,RT90,Mycket bra,2008.06.27,Ja,2017.02.13,,2-1784,Arvika (S),2-17,Värmlands län (S)
Sweden,V473477,2008.08.25,Ja,2008.08.25,Annan hund,Annan,Finsk Stövare,2008.08.25,2008.08.25,Nej,NA,Över 2 år,1,Död,0,0,0,0,0,0,0,0,1,0,0,0,Varg,,Fältkontroll - LST,Bedömd som säker,2-1430,Hjältevad Hedekas,6504684,320186,6509100,1273400,RT90,Mycket bra,2008.08.25,Ja,2017.02.13,,2-1430,Munkedal (S),2-14,Västra Götalands län (S)
Sweden,V473478,2008.08.23,Ja,2008.08.25,Annan hund,Annan,Hamiltonstövare,2008.08.20,2008.08.23,Nej,NA,Över 2 år,1,Död,0,0,0,0,0,0,0,0,1,0,0,0,Varg,,Fältkontroll - LST,Bedömd som säker,2-1782,Pers Höjd,6632810,442226,6635812,1397051,RT90,Mycket bra,2008.08.25,Ja,2017.02.13,,2-1782,Filipstad (S),2-17,Värmlands län (S)
Sweden,V473480,2008.08.28,Ja,2008.08.28,Annan hund,Annan,Schwerstövare,2008.08.28,2008.08.28,Nej,NA,1 till 2 år,1,Död,0,0,0,0,1,0,0,0,0,0,0,0,Varg,,Fältkontroll - LST,Bedömd som säker,2-1860,Lindås,6537738,466247,6540410,1419930,RT90,Mycket bra,2008.08.28,Ja,2017.02.13,,2-1860,Laxå (S),2-18,Örebro län (S)
Sweden,V473484,2008.10.12,Ja,2008.10.12,Annan hund,Annan,Beagle/Hamilton,2008.10.12,2008.10.12,Nej,NA,Över 2 år,1,Död,0,0,0,0,0,0,0,0,1,0,0,0,Varg,,Fältkontroll - LST,Bedömd som säker,2-2161,Fliet,6833930,535196,6835864,1492525,RT90,Mycket bra,2008.10.12,Ja,2017.02.13,,2-2161,Ljusdal (S),2-21,Gävleborgs län (S)
Sweden,V473487,2008.09.06,Ja,2008.09.06,Annan hund,Annan,Finsk stövare,2008.09.06,2008.09.06,Nej,NA,Över 2 år,1,Död,0,0,0,0,0,0,0,0,1,0,0,0,Varg,,Fältkontroll - LST,Bedömd som säker,2-2039,Särksjön,6822111,392515,6825807,1349642,RT90,Mycket bra,2008.09.06,Ja,2017.02.13,,2-2039,Älvdalen (S),2-20,Dalarnas län (S)
Sweden,V473488,2008.09.06,Ja,2008.09.06,Annan hund,Annan,Drever,2008.09.06,2008.09.06,Nej,NA,1 till 2 år,1,Död,0,0,0,0,1,0,0,0,0,0,0,0,Varg,,Fältkontroll - LST,Bedömd som säker,2-1782,Gånglöshöjden,6636778,450586,6639680,1405463,RT90,Mycket bra,2008.09.06,Ja,2017.02.13,,2-1782,Filipstad (S),2-17,Värmlands län (S)
Sweden,V473492,2008.09.24,Ja,2008.09.24,Annan hund,Annan,Hamilton stövare,2008.09.23,2008.09.24,Nej,NA,Över 2 år,1,Död,0,0,0,0,0,0,0,0,1,0,0,0,Varg,,Fältkontroll - LST,Bedömd som säker,2-1862,Karsbo,6561719,474524,6564300,1428500,RT90,Mycket bra,2008.09.24,Ja,2017.02.13,,2-1862,Degerfors (S),2-18,Örebro län (S)
Sweden,V473493,2008.09.29,Ja,2008.09.30,Annan hund,Annan,Hamiltonstövare,2008.09.27,2008.09.27,Nej,NA,Över 2 år,1,Skadad,0,0,0,0,0,0,0,0,0,0,1,0,Varg,,Fältkontroll - LST,Bedömd som säker,2-1783,Björklångsberg,6662655,406527,6666105,1361700,RT90,Mycket bra,2008.09.30,Ja,2017.02.13,,2-1783,Hagfors (S),2-17,Värmlands län (S)
Sweden,V473495,2008.11.01,Ja,2008.11.01,Annan hund,Annan,Schillerstövare,2008.11.01,2008.11.01,Nej,NA,Över 2 år,1,Död,0,0,0,0,0,0,0,0,1,0,0,0,Varg,,Fältkontroll - LST,Bedömd som säker,2-1766,Ransby,6656177,399866,6659706,1354957,RT90,Mycket bra,2008.11.01,Ja,2017.02.13,,2-1766,Sunne (S),2-17,Värmlands län (S)
Sweden,V473496,2008.10.28,Ja,2008.10.28,Annan hund,Annan,Hamilton,2008.10.28,2008.10.28,Nej,NA,Över 2 år,1,Skadad,0,0,0,0,0,0,0,0,0,0,1,0,Varg,,Fältkontroll - LST,Bedömd som säker,2-2161,Romberg,6851175,512165,6853400,1469700,RT90,Mycket bra,2008.10.28,Ja,2017.02.13,,2-2161,Ljusdal (S),2-21,Gävleborgs län (S)
Sweden,V473497,2009.09.05,Ja,2009.09.05,Annan hund,Annan,Älghund Grå,2009.09.04,2009.09.04,Nej,NA,1 till 2 år,1,Död,0,0,0,0,1,0,0,0,0,0,0,0,Varg,,Fältkontroll - LST,Bedömd som säker,2-1462,Vesten,6459450,331923,6463700,1284600,RT90,Mycket bra,2009.09.05,Ja,2017.02.13,,2-1462,LillaEdet (S),2-14,Västra Götalands län (S)
Sweden,V473501,2008.10.01,Ja,2008.10.02,Annan hund,Annan,Hamilton,2008.10.01,2008.10.01,Nej,NA,1 till 2 år,1,Skadad,0,0,0,0,0,0,1,0,0,0,0,0,Varg,,Fältkontroll - LST,Bedömd som säker,2-2080,Grossberget,6749242,539215,6751100,1495500,RT90,Mycket bra,2008.10.02,Ja,2017.02.13,,2-2080,Falun (S),2-20,Dalarnas län (S)
Sweden,V473502,2008.10.07,Ja,2008.10.07,Annan hund,Annan,Gråhund,2008.10.07,2008.10.07,Nej,NA,1 till 2 år,1,Död,0,0,0,0,1,0,0,0,0,0,0,0,Varg,,Fältkontroll - LST,Bedömd som säker,2-1485,Bredmossen,6480576,311042,6485088,1263961,RT90,Mycket bra,2008.10.07,Ja,2017.02.13,,2-1485,Uddevalla (S),2-14,Västra Götalands län (S)
Sweden,V473503,2008.10.03,Ja,2008.10.03,Annan hund,Annan,Drever,2008.10.03,2008.10.03,Nej,NA,Över 2 år,1,Död,0,0,0,0,0,0,0,0,1,0,0,0,Varg,,Fältkontroll - LST,Bedömd som säker,2-1485,Sjöändan,6482713,323138,6487081,1276089,RT90,Mycket bra,2008.10.03,Ja,2017.02.13,,2-1485,Uddevalla (S),2-14,Västra Götalands län (S)
Sweden,V473504,2008.10.07,Ja,2008.10.08,Annan hund,Annan,Stövare,2008.10.07,2008.10.07,Nej,NA,Över 2 år,1,Skadad,0,0,0,0,0,0,0,0,0,0,1,0,Varg,,Fältkontroll - LST,Bedömd som säker,2-2303,Köttsjön,7024898,552264,7026677,1511983,RT90,Mycket bra,2008.10.08,Ja,2017.02.13,,2-2303,Ragunda (S),2-23,Jämtlands län (S)
Sweden,V473505,2008.10.08,Ja,2008.10.09,Annan hund,Annan,Hamiltonstövare,2008.10.08,2008.10.08,Nej,NA,Över 2 år,1,Död,0,0,0,0,0,0,0,0,1,0,0,0,Varg,,Fältkontroll - LST,Bedömd som säker,2-1783,Väst Motjärnshyttan,6646351,438838,6649400,1393827,RT90,Mycket bra,2008.10.09,Ja,2017.02.13,,2-1783,Hagfors (S),2-17,Värmlands län (S)
Sweden,V473506,2008.10.07,Ja,2008.10.07,Annan hund,Annan,Drever,2008.10.07,2008.10.07,Nej,NA,Över 2 år,1,Död,0,0,0,0,0,0,0,0,1,0,0,0,Varg,,Fältkontroll - LST,Bedömd som säker,2-1862,Tomasbråten,6557224,465150,6559917,1419067,RT90,Mycket bra,2008.10.07,Ja,2017.02.13,,2-1862,Degerfors (S),2-18,Örebro län (S)
Sweden,V473507,2008.10.13,Ja,2008.10.13,Annan hund,Annan,Jämthund,2008.10.13,2008.10.13,Nej,NA,Över 2 år,1,Död,0,0,0,0,0,0,0,0,1,0,0,0,Varg,,Fältkontroll - LST,Bedömd som säker,2-2463,Österstrand,7108120,625212,7109000,1586000,RT90,Mycket bra,2008.10.13,Ja,2017.02.13,,2-2463,Åsele (S),2-24,Västerbottens län (S)
Sweden,V473510,2008.10.25,Ja,2008.10.25,Annan hund,Annan,Svensk Vit Älghund,2008.10.25,2008.10.25,Nej,NA,Över 2 år,1,Död,0,0,0,0,0,0,0,0,1,0,0,0,Varg,,Fältkontroll - LST,Bedömd som säker,2-1863,Gränsjögård   (NV Bredsjö),6637088,482607,6639600,1437500,RT90,Mycket bra,2008.10.25,Ja,2017.02.13,,2-1863,Hällefors (S),2-18,Örebro län (S)
Sweden,V473511,2008.11.02,Ja,2008.11.03,Annan hund,Annan,Gråhund,2008.11.02,2008.11.02,Nej,NA,Över 2 år,1,Död,0,0,0,0,0,0,0,0,1,0,0,0,Varg,,Fältkontroll - LST,Bedömd som säker,2-2161,väster kvarnberget,6875965,516035,6878150,1473880,RT90,Mycket bra,2008.11.03,Ja,2017.02.13,,2-2161,Ljusdal (S),2-21,Gävleborgs län (S)
Sweden,V473512,2008.10.27,Ja,2008.11.03,Annan hund,Annan,Hamiltonstövare,2008.10.27,2008.10.27,Nej,NA,Över 2 år,1,Skadad,0,0,0,0,0,0,0,0,0,0,1,0,Varg,,Fältkontroll - LST,Bedömd som säker,2-2183,Vålsjöberget Källbo,6771810,559665,6773423,1516234,RT90,Mycket bra,2008.11.03,Ja,2017.02.13,,2-2183,Bollnäs (S),2-21,Gävleborgs län (S)
Sweden,V473514,2008.11.08,Ja,2008.11.09,Annan hund,Annan,Jämthund,2008.11.08,2008.11.08,Nej,NA,1 till 2 år,1,Skadad,0,0,0,0,0,0,1,0,0,0,0,0,Varg,,Fältkontroll - LST,Bedömd som säker,2-2034,Jaldängsknoppen,6804700,472904,6807395,1429850,RT90,Mycket bra,2008.11.09,Ja,2017.02.13,,2-2034,Orsa (S),2-20,Dalarnas län (S)
Sweden,V473521,2008.11.25,Ja,2008.11.26,Annan hund,Annan,Finsk stövare,2008.11.25,2008.11.25,Nej,NA,Över 2 år,1,Död,0,0,0,0,0,0,0,0,1,0,0,0,Varg,,Fältkontroll - LST,Bedömd som säker,2-1783,Gräs_ Sunnemo,6638053,430516,6641200,1385400,RT90,Mycket bra,2008.11.26,Ja,2017.02.13,,2-1783,Hagfors (S),2-17,Värmlands län (S)
Sweden,V473522,2008.11.25,Ja,2008.11.25,Annan hund,Annan,Finnstövare,2008.11.25,2008.11.25,Nej,NA,Över 2 år,1,Skadad,0,0,0,0,0,0,0,0,0,0,1,0,Varg,,Fältkontroll - LST,Bedömd som säker,2-2034,Östra Skavåsen,6770535,487372,6773038,1443902,RT90,Mycket bra,2008.11.25,Ja,2017.02.13,,2-2034,Orsa (S),2-20,Dalarnas län (S)
Sweden,V473523,2008.11.29,Ja,2008.11.29,Annan hund,Annan,Blandras,2008.11.29,2008.11.29,Nej,NA,1 till 2 år,1,Död,0,0,0,0,1,0,0,0,0,0,0,0,Varg,,Fältkontroll - LST,Bedömd som säker,2-1439,Ellenö,6484750,324723,6489100,1277700,RT90,Mycket bra,2008.11.29,Ja,2017.02.13,,2-1439,Färgelanda (S),2-14,Västra Götalands län (S)
Sweden,V473524,2008.11.29,Ja,2008.11.29,Annan hund,Annan,Jämthund,2008.11.29,2008.11.29,Nej,NA,Över 2 år,1,Död,0,0,0,0,0,0,0,0,1,0,0,0,Varg,,Fältkontroll - LST,Bedömd som säker,2-1782,Storhöjden_ Nordmark,6636991,453899,6639853,1408780,RT90,Mycket bra,2008.11.29,Ja,2017.02.13,,2-1782,Filipstad (S),2-17,Värmlands län (S)
Sweden,V473525,2008.11.29,Ja,2008.12.01,Annan hund,Annan,Bassett Petite Griffon,2008.11.29,2008.11.29,Nej,NA,Över 2 år,1,Död,0,0,0,0,0,0,0,0,1,0,0,0,Varg,,Fältkontroll - LST,Bedömd som säker,2-1381,Mästocka_ Halmstad,6275576,390856,6279029,1341381,RT90,Mycket bra,2008.12.01,Ja,2017.02.13,,2-1381,Laholm (S),2-13,Hallands län (S)
Sweden,V473529,2008.12.17,Ja,2008.12.17,Annan hund,Annan,Petit Basset Griffon Vendéen,2008.12.17,2008.12.17,Nej,NA,Över 2 år,1,Död,0,0,0,0,0,0,0,0,1,0,0,0,Varg,,Fältkontroll - LST,Bedömd som säker,2-1439,Sommarhult,6488677,318879,6493100,1271900,RT90,Mycket bra,2008.12.17,Ja,2017.02.13,,2-1439,Färgelanda (S),2-14,Västra Götalands län (S)
Sweden,V473530,2008.12.23,Ja,2008.12.23,Annan hund,Annan,Drever,2008.12.22,2008.12.22,Nej,NA,1 till 2 år,1,Död,0,0,0,0,1,0,0,0,0,0,0,0,Varg,,Fältkontroll - LST,Bedömd som säker,2-1439,Hoverängarna,6483119,319689,6487529,1272643,RT90,Mycket bra,2008.12.23,Ja,2017.02.13,,2-1439,Färgelanda (S),2-14,Västra Götalands län (S)
Sweden,V473531,2009.01.08,Ja,2009.01.08,Annan hund,Annan,Blandras,2008.11.22,2008.11.22,Nej,NA,Över 2 år,1,Död,0,0,0,0,0,0,0,0,1,0,0,0,Varg,,Fältkontroll - LST,Bedömd som säker,2-1439,Högsäter,6503857,326193,6508200,1279400,RT90,Mycket bra,2009.01.08,Ja,2017.02.13,,2-1439,Färgelanda (S),2-14,Västra Götalands län (S)
Sweden,V473532,2009.01.14,Ja,2009.01.16,Annan hund,Annan,X,2009.01.14,2009.01.14,Nej,NA,Över 2 år,1,Skadad,0,0,0,0,0,0,0,0,0,0,1,0,Varg,,Fältkontroll - LST,Bedömd som säker,2-1784,Mitandersfors,6662761,360285,6666776,1315437,RT90,Mycket bra,2009.01.16,Ja,2017.02.13,,2-1784,Arvika (S),2-17,Värmlands län (S)
Sweden,V473535,2009.01.17,Nej,,Annan hund,Annan,Parson Jack Russel,2009.01.17,2009.01.17,Nej,NA,Över 2 år,1,Saknad,0,0,0,0,0,0,0,0,0,0,0,1,Varg,,Intervju/brev,Bedömd som säker,2-1765,Stenbyn,6598611,319728,6603086,1274077,RT90,Mycket bra,2009.01.18,Ja,2017.02.13,,2-1765,Årjäng (S),2-17,Värmlands län (S)
Sweden,V473536,2009.01.16,Nej,,Annan hund,Annan,West Highland White Terrier,2009.01.16,2009.01.16,Nej,NA,Över 2 år,1,Saknad,0,0,0,0,0,0,0,0,0,0,0,1,Varg,,Intervju/brev,Bedömd som säker,2-1784,Gränssjön,6643089,363208,6647058,1318122,RT90,Mycket bra,2009.01.19,Ja,2017.02.13,,2-1784,Arvika (S),2-17,Värmlands län (S)
Sweden,V473538,2009.01.26,Ja,2009.01.26,Annan hund,Annan,Gråhund,2009.01.26,2009.01.26,Nej,NA,1 till 2 år,1,Död,0,0,0,0,1,0,0,0,0,0,0,0,Varg,,Fältkontroll - LST,Bedömd som säker,2-1783,Hamraberget,6666788,413162,6670159,1368389,RT90,Mycket bra,2009.01.26,Ja,2017.02.13,,2-1783,Hagfors (S),2-17,Värmlands län (S)
Sweden,V473539,2009.01.24,Ja,2009.01.24,Annan hund,Annan,Leonberger,2009.01.22,2009.01.24,Nej,NA,Över 2 år,1,Skadad,0,0,0,0,0,0,0,0,0,0,1,0,Varg,,Fältkontroll - LST,Bedömd som säker,2-1785,Svanskog,6563767,362850,6567700,1316800,RT90,Mycket bra,2009.01.24,Ja,2017.02.13,,2-1785,Säffle (S),2-17,Värmlands län (S)
Sweden,V473541,2009.02.01,Ja,2009.02.01,Annan hund,Annan,Hamiltonstövare,2009.01.30,2009.02.01,Nej,NA,Över 2 år,1,Död,0,0,0,0,0,0,0,0,1,0,0,0,Varg,,Fältkontroll - LST,Bedömd som säker,2-2034,Åberga,6780354,487820,6782855,1444471,RT90,Mycket bra,2009.02.01,Ja,2017.02.13,,2-2034,Orsa (S),2-20,Dalarnas län (S)
Sweden,V473543,2009.02.11,Ja,2009.02.11,Annan hund,Annan,Borderterrier,2009.02.11,2009.02.11,Nej,NA,Över 2 år,1,Död,0,0,0,0,0,0,0,0,1,0,0,0,Varg,,Fältkontroll - LST,Bedömd som säker,2-1438,Nederkasen,6540718,316454,6545200,1270100,RT90,Mycket bra,2009.02.11,Ja,2017.02.13,,2-1438,Dals-Ed (S),2-14,Västra Götalands län (S)
Sweden,V473545,2009.02.23,Ja,2009.02.24,Annan hund,Annan,Boxer,2009.02.23,2009.02.23,Nej,NA,1 till 2 år,1,Skadad,0,0,0,0,0,0,1,0,0,0,0,0,Varg,,Fältkontroll - LST,Bedömd som säker,2-1487,Gundlebo,6469712,335028,6473930,1287830,RT90,Mycket bra,2009.02.24,Ja,2017.02.13,,2-1487,Vänersborg (S),2-14,Västra Götalands län (S)
Sweden,V473551,2009.04.20,Ja,2009.04.20,Annan hund,Annan,Jack Russel terrier,2009.04.20,2009.04.20,Nej,NA,Över 2 år,1,Skadad,0,0,0,0,0,0,0,0,0,0,1,0,Varg,,Fältkontroll - LST,Bedömd som säker,2-1860,Skagersholm,6535297,464654,6537987,1418307,RT90,Mycket bra,2009.04.20,Ja,2017.02.13,,2-1860,Laxå (S),2-18,Örebro län (S)
Sweden,V473554,2009.05.30,Ja,2009.06.01,Annan hund,Annan,Alaskan Malamute,2009.05.30,2009.05.30,Nej,NA,Över 2 år,1,Skadad,0,0,0,0,0,0,0,0,0,0,1,0,Varg,,Fältkontroll - LST,Bedömd som säker,2-1782,NO Gåsborn,6641930,463043,6644682,1417988,RT90,Mycket bra,2009.06.01,Ja,2017.02.13,,2-1782,Filipstad (S),2-17,Värmlands län (S)
Sweden,V473555,2009.07.18,Ja,2009.07.18,Annan hund,Annan,Tax,2009.07.18,2009.07.18,Nej,NA,Över 2 år,1,Skadad,0,0,0,0,0,0,0,0,0,0,1,0,Varg,,Fältkontroll - LST,Bedömd som säker,2-2023,Grimsåker,6725926,431108,6729103,1387067,RT90,Mycket bra,2009.07.18,Ja,2017.02.13,,2-2023,Malung (S),2-20,Dalarnas län (S)
Sweden,V473556,2009.08.21,Ja,2009.08.21,Annan hund,Annan,Hamilton,2009.08.21,2009.08.21,Nej,NA,Över 2 år,1,Död,0,0,0,0,0,0,0,0,1,0,0,0,Varg,,Fältkontroll - LST,Bedömd som säker,2-2034,Ången,6791608,488910,6794100,1445700,RT90,Mycket bra,2009.08.21,Ja,2017.02.13,,2-2034,Orsa (S),2-20,Dalarnas län (S)
Sweden,V473559,2009.07.25,Ja,2009.07.25,Annan hund,Annan,Blandras (draghund),2009.07.25,2009.07.25,Nej,NA,Över 2 år,1,Skadad,0,0,0,0,0,0,0,0,0,0,1,0,Varg,,Fältkontroll - LST,Bedömd som säker,2-2481,Kvarnberget,7171664,679341,7171869,1640947,RT90,Mycket bra,2009.07.25,Ja,2017.02.13,,2-2481,Lycksele (S),2-24,Västerbottens län (S)
Sweden,V473560,2009.08.23,Ja,2009.08.23,Annan hund,Annan,Finsk stövare,2009.08.23,2009.08.23,Nej,NA,Över 2 år,1,Död,0,0,0,0,0,0,0,0,1,0,0,0,Varg,,Fältkontroll - LST,Bedömd som säker,2-2482,Kyrkbäcken,7181976,771452,7181010,1733201,RT90,Mycket bra,2009.08.23,Ja,2017.02.13,,2-2482,Skellefteå (S),2-24,Västerbottens län (S)
Sweden,V473562,2009.08.24,Ja,2009.08.24,Annan hund,Annan,Lusernstövare,2009.08.24,2009.08.24,Nej,NA,Över 2 år,1,Skadad,0,0,0,0,0,0,0,0,0,0,1,0,Varg,,Fältkontroll - LST,Bedömd som säker,2-2081,Gästgivarbodarna,6704172,509864,6706375,1465586,RT90,Mycket bra,2009.08.24,Ja,2017.02.13,,2-2081,Borlänge (S),2-20,Dalarnas län (S)
Sweden,V473563,2009.08.27,Ja,2009.08.27,Annan hund,Annan,Norsk Gråhund,2009.08.26,2009.08.27,Nej,NA,Över 2 år,1,Död,0,0,0,0,0,0,0,0,1,0,0,0,Varg,,Fältkontroll - LST,Bedömd som säker,2-2326,Bingsta Buberget,6955143,477039,6957843,1435857,RT90,Mycket bra,2009.08.27,Ja,2017.02.13,,2-2326,Berg (S),2-23,Jämtlands län (S)
Sweden,V473564,2009.09.12,Ja,2009.09.12,Annan hund,Annan,Gråhund,2009.09.11,2009.09.12,Nej,NA,Över 2 år,1,Skadad,0,0,0,0,0,0,0,0,0,0,1,0,Varg,,Fältkontroll - LST,Bedömd som säker,2-1763,Kägleholm,6625639,418805,6628923,1373533,RT90,Mycket bra,2009.09.12,Ja,2017.02.13,,2-1763,Forshaga (S),2-17,Värmlands län (S)
Sweden,V473565,2009.09.13,Ja,2009.09.14,Annan hund,Annan,Strävhårig Tax,2009.09.13,2009.09.13,Nej,NA,Över 2 år,1,Skadad,0,0,0,0,0,0,0,0,0,0,1,0,Varg,,Fältkontroll - LST,Bedömd som säker,2-1460,Hjortnäs,6562852,345070,6567000,1299000,RT90,Mycket bra,2009.09.14,Ja,2017.02.13,,2-1460,Bengtsfors (S),2-14,Västra Götalands län (S)
Sweden,V473566,2009.09.23,Ja,2009.09.23,Annan hund,Annan,Jämthund,2009.09.23,2009.09.23,Nej,NA,Över 2 år,1,Död,0,0,0,0,0,0,0,0,1,0,0,0,Varg,,Fältkontroll - LST,Bedömd som säker,2-2361,Lindalen,6892364,432083,6895600,1390100,RT90,Mycket bra,2009.09.23,Ja,2017.02.13,,2-2361,Härjedalen (S),2-23,Jämtlands län (S)
Sweden,V473568,2009.09.28,Ja,2009.09.28,Annan hund,Annan,Hamiltonstövare,2009.09.28,2009.09.28,Nej,NA,Över 2 år,1,Död,0,0,0,0,0,0,0,0,1,0,0,0,Varg,,Fältkontroll - LST,Bedömd som säker,2-1782,Forshyttan,6626144,439472,6629177,1394215,RT90,Mycket bra,2009.09.28,Ja,2017.02.13,,2-1782,Filipstad (S),2-17,Värmlands län (S)
Sweden,V473570,2009.09.29,Ja,2009.09.29,Annan hund,Annan,Finsk Stövare,2009.09.29,2009.09.29,Nej,NA,Över 2 år,1,Död,0,0,0,0,0,0,0,0,1,0,0,0,Varg,,Fältkontroll - LST,Bedömd som säker,2-1766,Djupdalen,6639152,380244,6642912,1335118,RT90,Mycket bra,2009.09.29,Ja,2017.02.13,,2-1766,Sunne (S),2-17,Värmlands län (S)
Sweden,V473572,2009.10.08,Ja,2009.10.08,Annan hund,Annan,Schillerstövare,2009.10.08,2009.10.08,Nej,NA,Över 2 år,1,Död,0,0,0,0,0,0,0,0,1,0,0,0,Varg,,Fältkontroll - LST,Bedömd som säker,2-1783,Sandbackarna_ Norra Skoga vvo,6659324,411645,6662710,1366780,RT90,Mycket bra,2009.10.08,Ja,2017.02.13,,2-1783,Hagfors (S),2-17,Värmlands län (S)
Sweden,V473575,2009.10.10,Ja,2009.10.10,Annan hund,Annan,Tysk Jakt terrier,2009.10.10,2009.10.10,Nej,NA,Över 2 år,1,Död,0,0,0,0,0,0,0,0,1,0,0,0,Varg,,Fältkontroll - LST,Bedömd som säker,2-1462,Hjärtum,6460929,333844,6465157,1286540,RT90,Mycket bra,2009.10.10,Ja,2017.02.13,,2-1462,LillaEdet (S),2-14,Västra Götalands län (S)
Sweden,V473577,2009.10.20,Ja,2009.10.20,Annan hund,Annan,Finnstövare,2009.10.19,2009.10.20,Nej,NA,Över 2 år,1,Död,0,0,0,0,0,0,0,0,1,0,0,0,Varg,,Fältkontroll - LST,Bedömd som säker,2-1766,sö sjön Lill-En,6642103,409248,6645511,1364172,RT90,Mycket bra,2009.10.20,Ja,2017.02.13,,2-1766,Sunne (S),2-17,Värmlands län (S)
Sweden,V473578,2009.10.10,Ja,2009.10.10,Annan hund,Annan,Beagle,2009.10.10,2009.10.10,Nej,NA,Över 2 år,1,Död,0,0,0,0,0,0,0,0,1,0,0,0,Varg,,Fältkontroll - LST,Bedömd som säker,2-2101,Gåsbo,6753863,581646,6755200,1538000,RT90,Mycket bra,2009.10.10,Ja,2017.02.13,,2-2101,Ockelbo (S),2-21,Gävleborgs län (S)
Sweden,V473579,2009.10.15,Ja,2009.10.15,Annan hund,Annan,Gråhund,2009.10.15,2009.10.15,Nej,NA,Över 2 år,1,Skadad,0,0,0,0,0,0,0,0,0,0,1,0,Varg,,Fältkontroll - LST,Bedömd som säker,2-2080,Dubblarbo,6742141,530805,6744100,1487000,RT90,Mycket bra,2009.10.15,Ja,2017.02.13,,2-2080,Falun (S),2-20,Dalarnas län (S)
Sweden,V473580,2009.10.20,Ja,2009.10.20,Annan hund,Annan,Gråhund,2009.10.19,2009.10.20,Nej,NA,1 till 2 år,1,Död,0,0,0,0,1,0,0,0,0,0,0,0,Varg,,Fältkontroll - LST,Bedömd som säker,2-2121,Räka,6807842,524497,6809900,1481500,RT90,Mycket bra,2009.10.20,Ja,2017.02.13,,2-2121,Ovanåker (S),2-21,Gävleborgs län (S)
Sweden,V473581,2009.10.24,Ja,2009.10.24,Annan hund,Annan,tax,2009.10.24,2009.10.24,Nej,NA,Över 2 år,1,Död,0,0,0,0,0,0,0,0,1,0,0,0,Varg,,Fältkontroll - LST,Bedömd som säker,2-0331,Länna N Huddunge,6661396,609889,6662364,1565117,RT90,Mycket bra,2009.10.24,Ja,2017.02.13,,2-0331,Heby (S),2-03,Uppsala län (S)
Sweden,V473582,2009.10.12,Ja,2009.10.12,Annan hund,Annan,Norsk älghund,2009.10.12,2009.10.12,Nej,NA,Över 2 år,1,Död,0,0,0,0,0,0,0,0,1,0,0,0,Varg,,Fältkontroll - LST,Bedömd som säker,2-1981,Örlinge,6666861,587810,6668100,1543100,RT90,Mycket bra,2009.10.12,Ja,2017.02.13,,2-1981,Sala (S),2-19,Västmanlands län (S)
Sweden,V473588,2009.10.30,Ja,2009.11.01,Annan hund,Annan,Tysk Jaktterrier,2009.10.30,2009.10.30,Nej,NA,1 till 2 år,1,Död,0,0,0,0,1,0,0,0,0,0,0,0,Varg,,Fältkontroll - LST,Bedömd som säker,2-2021,Kolåsen Sörombäcken Äppelbo,6701641,444049,6704650,1399715,RT90,Mycket bra,2009.11.01,Ja,2017.02.13,,2-2021,Vansbro (S),2-20,Dalarnas län (S)
Sweden,V473589,2009.11.01,Ja,2009.11.02,Annan hund,Annan,Blandhund_ Gråhund 90% / Jämte,2009.10.30,2009.10.30,Nej,NA,Över 2 år,1,Död,0,0,0,0,0,0,0,0,1,0,0,0,Varg,,Fältkontroll - LST,Bedömd som säker,2-2023,Ejskogsfjället Sälen,6792395,396788,6796025,1353550,RT90,Mycket bra,2009.11.02,Ja,2017.02.13,,2-2023,Malung (S),2-20,Dalarnas län (S)
Sweden,V473591,2009.11.03,Ja,2009.11.04,Annan hund,Annan,Ryskfläckig stövare,2009.11.03,2009.11.03,Nej,NA,Över 2 år,1,Död,0,0,0,0,0,0,0,0,1,0,0,0,Varg,,Fältkontroll - LST,Bedömd som säker,2-2039,Upp-Van,6808128,414775,6811543,1371739,RT90,Mycket bra,2009.11.04,Ja,2017.02.13,,2-2039,Älvdalen (S),2-20,Dalarnas län (S)
Sweden,V473593,2009.10.31,Ja,2009.10.31,Annan hund,Annan,Jämthund,2009.10.31,2009.10.31,Nej,NA,Över 2 år,1,Skadad,0,0,0,0,0,0,0,0,0,0,1,0,Varg,,Fältkontroll - LST,Bedömd som säker,2-1766,Höjden_ Gräsmark,6649443,384773,6653153,1339775,RT90,Mycket bra,2009.10.31,Ja,2017.02.13,,2-1766,Sunne (S),2-17,Värmlands län (S)
Sweden,V473594,2009.11.08,Ja,2009.11.11,Annan hund,Annan,Drever,2009.11.08,2009.11.08,Nej,NA,1 till 2 år,1,Död,0,0,0,0,1,0,0,0,0,0,0,0,Varg,,Fältkontroll - LST,Bedömd som säker,2-2034,Kallmora,6783031,488871,6785520,1445555,RT90,Mycket bra,2009.11.11,Ja,2017.02.13,,2-2034,Orsa (S),2-20,Dalarnas län (S)
Sweden,V473596,2009.10.22,Ja,2009.10.28,Annan hund,Annan,Hamilton,2009.10.22,2009.10.22,Nej,NA,Över 2 år,1,Död,0,0,0,0,0,0,0,0,1,0,0,0,Varg,,Fältkontroll - LST,Bedömd som säker,2-2121,Räken,6816412,530389,6818400,1487500,RT90,Mycket bra,2009.10.28,Ja,2017.02.13,,2-2121,Ovanåker (S),2-21,Gävleborgs län (S)
Sweden,V473597,2009.11.04,Ja,2009.11.04,Annan hund,Annan,Jämthund,2009.11.04,2009.11.04,Nej,NA,Över 2 år,1,Död,0,0,0,0,0,0,0,0,1,0,0,0,Varg,,Fältkontroll - LST,Bedömd som säker,2-2085,Seghöjden,6656637,478250,6659210,1433380,RT90,Mycket bra,2009.11.04,Ja,2017.02.13,,2-2085,Ludvika (S),2-20,Dalarnas län (S)
Sweden,V473598,2009.11.13,Ja,2009.11.13,Annan hund,Annan,Drever,2009.11.13,2009.11.13,Nej,NA,Över 2 år,1,Skadad,0,0,0,0,0,0,0,0,0,0,1,0,Varg,,Fältkontroll - LST,Bedömd som säker,2-0115,V Tärnan,6608910,688717,6608908,1643322,RT90,Mycket bra,2009.11.13,Ja,2017.02.13,,2-0115,Vallentuna (S),2-01,Stockholms län (S)
Sweden,V473599,2009.11.16,Ja,2009.11.16,Annan hund,Annan,Finnstövare,2009.11.16,2009.11.16,Nej,NA,1 till 2 år,1,Död,0,0,0,0,1,0,0,0,0,0,0,0,Varg,,Fältkontroll - LST,Bedömd som säker,2-2161,Hemmyrberget,6828952,517457,6831104,1474719,RT90,Mycket bra,2009.11.16,Ja,2017.02.13,,2-2161,Ljusdal (S),2-21,Gävleborgs län (S)
Sweden,V473600,2010.09.19,Ja,2010.09.19,Annan hund,Annan,Finsk stövare,2010.09.19,2010.09.19,Nej,NA,1 till 2 år,1,Död,0,0,0,0,1,0,0,0,0,0,0,0,Varg,,Fältkontroll - LST,Bedömd som säker,2-2121,Voxna,6798602,533861,6800541,1490753,RT90,Mycket bra,2010.09.19,Ja,2017.02.13,,2-2121,Ovanåker (S),2-21,Gävleborgs län (S)
Sweden,V473602,2009.11.14,Ja,2009.11.14,Annan hund,Annan,Dvärg Pinscher,2009.11.14,2009.11.14,Nej,NA,Över 2 år,1,Saknad,0,0,0,0,0,0,0,0,0,0,0,1,Varg,,Fältkontroll - LST,Bedömd som säker,2-1907,Sandtorpet,6629978,560250,6631543,1515083,RT90,Mycket bra,2009.11.14,Ja,2017.02.13,,2-1907,Surahammar (S),2-19,Västmanlands län (S)
Sweden,V473604,2009.11.20,Ja,2009.11.20,Annan hund,Annan,Tax,2009.11.19,2009.11.19,Nej,NA,Över 2 år,1,Död,0,0,0,0,0,0,0,0,1,0,0,0,Varg,,Fältkontroll - LST,Bedömd som säker,2-1493,Fåleberg Norr Mariestad,6515045,438649,6518040,1392047,RT90,Mycket bra,2009.11.20,Ja,2017.02.13,,2-1493,Mariestad (S),2-14,Västra Götalands län (S)
Sweden,V473605,2009.11.21,Ja,2009.11.21,Annan hund,Annan,Hamiltonstövare,2009.11.21,2009.11.21,Nej,NA,Över 2 år,1,Död,0,0,0,0,0,0,0,0,1,0,0,0,Varg,,Fältkontroll - LST,Bedömd som säker,2-2023,Hornåsen,6795787,403838,6799331,1360645,RT90,Mycket bra,2009.11.21,Ja,2017.02.13,,2-2023,Malung (S),2-20,Dalarnas län (S)
Sweden,V473606,2009.11.21,Ja,2009.11.21,Annan hund,Annan,Drever,2009.11.21,2009.11.21,Nej,NA,Över 2 år,1,Död,0,0,0,0,0,0,0,0,1,0,0,0,Varg,,Fältkontroll - LST,Bedömd som säker,2-2121,Uvabo,6802483,529697,6804475,1486635,RT90,Mycket bra,2009.11.21,Ja,2017.02.13,,2-2121,Ovanåker (S),2-21,Gävleborgs län (S)
Sweden,V473607,2009.10.30,Ja,2009.11.13,Annan hund,Annan,Jämthund,2009.10.30,2009.10.30,Nej,NA,Över 2 år,1,Skadad,0,0,0,0,0,0,0,0,0,0,1,0,Varg,,Fältkontroll - LST,Bedömd som säker,2-2305,Åsen,6948661,529644,6950700,1488400,RT90,Mycket bra,2009.11.13,Ja,2017.02.13,,2-2305,Bräcke (S),2-23,Jämtlands län (S)
Sweden,V473609,2009.10.31,Ja,2009.11.02,Annan hund,Annan,Tax drever,2009.10.31,2009.10.31,Nej,NA,Över 2 år,1,Skadad,0,0,0,0,0,0,0,0,0,0,1,0,Varg,,Fältkontroll - LST,Bedömd som säker,2-1293,Matteröd,6231877,427983,6234873,1378013,RT90,Mycket bra,2009.11.02,Ja,2017.02.13,,2-1293,Hässleholm (S),2-12,Skåne län (S)
Sweden,V473610,2009.11.27,Ja,2009.11.27,Annan hund,Annan,Drever,2009.11.27,2009.11.27,Nej,NA,1 till 2 år,1,Skadad,0,0,0,0,0,0,1,0,0,0,0,0,Varg,,Fältkontroll - LST,Bedömd som säker,2-1493,Hallamossen Fågelö,6518342,427515,6521473,1380947,RT90,Mycket bra,2009.11.27,Ja,2017.02.13,,2-1493,Mariestad (S),2-14,Västra Götalands län (S)
Sweden,V473613,2010.09.10,Ja,2010.09.10,Annan hund,Annan,Lucerner stövare,2010.09.10,2010.09.10,Nej,NA,Över 2 år,1,Död,0,0,0,0,0,0,0,0,1,0,0,0,Varg,,Fältkontroll - LST,Bedömd som säker,2-2121,Edsbyn,6802547,541217,6804397,1498160,RT90,Mycket bra,2010.09.10,Ja,2017.02.13,,2-2121,Ovanåker (S),2-21,Gävleborgs län (S)
Sweden,V473614,2010.09.07,Ja,2010.09.08,Annan hund,Annan,Blandhund,2010.09.07,2010.09.07,Nej,NA,Över 2 år,1,Död,0,0,0,0,0,0,0,0,1,0,0,0,Varg,,Fältkontroll - LST,Bedömd som säker,2-2062,Åsens fäb.,6751222,437001,6754338,1393273,RT90,Mycket bra,2010.09.08,Ja,2017.02.13,,2-2062,Mora (S),2-20,Dalarnas län (S)
Sweden,V473615,2009.11.29,Ja,2009.11.29,Annan hund,Annan,schillerstövare,2009.11.29,2009.11.29,Nej,NA,1 till 2 år,1,Död,0,0,0,0,1,0,0,0,0,0,0,0,Varg,,Fältkontroll - LST,Bedömd som säker,2-2085,SO Tansen,6694325,502914,6696610,1458513,RT90,Mycket bra,2009.11.29,Ja,2017.02.13,,2-2085,Ludvika (S),2-20,Dalarnas län (S)
Sweden,V473616,2009.11.27,Ja,2009.11.27,Annan hund,Annan,Finnstövare,2009.11.27,2009.11.27,Nej,NA,Över 2 år,1,Skadad,0,0,0,0,0,0,0,0,0,0,1,0,Varg,,Fältkontroll - LST,Bedömd som säker,2-0331,öster Nordmyra,6656935,605124,6657960,1560297,RT90,Mycket bra,2009.11.27,Ja,2017.02.13,,2-0331,Heby (S),2-03,Uppsala län (S)
Sweden,V473617,2009.12.06,Ja,2009.12.06,Annan hund,Annan,Släthårig tax,2009.12.06,2009.12.06,Nej,NA,Över 2 år,1,Död,0,0,0,0,0,0,0,0,1,0,0,0,Varg,,Fältkontroll - LST,Bedömd som säker,2-1862,Hasselfors,6546809,467838,6549465,1421631,RT90,Mycket bra,2009.12.06,Ja,2017.02.13,,2-1862,Degerfors (S),2-18,Örebro län (S)
Sweden,V473620,2009.12.14,Ja,2009.12.16,Annan hund,Annan,Smålandstövare,2009.12.14,2009.12.14,Nej,NA,1 till 2 år,1,Skadad,0,0,0,0,0,0,1,0,0,0,0,0,Varg,,Fältkontroll - LST,Bedömd som säker,2-2121,Roteberg,6807874,542886,6809705,1499895,RT90,Mycket bra,2009.12.16,Ja,2017.02.13,,2-2121,Ovanåker (S),2-21,Gävleborgs län (S)
Sweden,V473625,2010.02.17,Ja,2010.02.19,Annan hund,Annan,Västgötaspets,2010.02.16,2010.02.17,Nej,NA,Över 2 år,1,Död,0,0,0,0,0,0,0,0,1,0,0,0,Varg,,Fältkontroll - LST,Bedömd som säker,2-1415,Jörlanda,6430452,316114,6434875,1268435,RT90,Mycket bra,2010.02.19,Ja,2017.02.13,,2-1415,Stenungsund (S),2-14,Västra Götalands län (S)
Sweden,V473626,2010.02.02,Ja,2010.04.20,Annan hund,Annan,Strävhårig tax,2010.02.02,2010.02.02,Nej,NA,Över 2 år,1,Död,0,0,0,0,0,0,0,0,1,0,0,0,Varg,,Fältkontroll - LST,Bedömd som säker,2-1462,Nygård,6438867,338221,6443030,1290655,RT90,Mycket bra,2010.04.20,Ja,2017.02.13,,2-1462,LillaEdet (S),2-14,Västra Götalands län (S)
Sweden,V473627,2010.09.06,Ja,2010.09.06,Annan hund,Annan,Stövare,2010.09.06,2010.09.06,Nej,NA,Över 2 år,1,Död,0,0,0,0,0,0,0,0,1,0,0,0,Varg,,Fältkontroll - LST,Bedömd som säker,2-2101,Stora Björnmossen,6750288,567354,6751800,1523660,RT90,Mycket bra,2010.09.06,Ja,2017.02.13,,2-2101,Ockelbo (S),2-21,Gävleborgs län (S)
Sweden,V473628,2010.10.01,Ja,2010.10.01,Annan hund,Annan,Dunker stövare,2010.10.01,2010.10.01,Nej,NA,Över 2 år,1,Död,0,0,0,0,0,0,0,0,1,0,0,0,Varg,,Fältkontroll - LST,Bedömd som säker,2-2121,Homna,6803864,532740,6805819,1489696,RT90,Mycket bra,2010.10.01,Ja,2017.02.13,,2-2121,Ovanåker (S),2-21,Gävleborgs län (S)
Sweden,V473630,2010.05.05,Ja,2010.05.06,Annan hund,Annan,Papillon,2010.05.05,2010.05.05,Nej,NA,Över 2 år,1,Död,0,0,0,0,0,0,0,0,1,0,0,0,Varg,,Fältkontroll - LST,Bedömd som säker,2-2121,Voxnabruk,6803102,527633,6805120,1484578,RT90,Mycket bra,2010.05.06,Ja,2017.02.13,,2-2121,Ovanåker (S),2-21,Gävleborgs län (S)
Sweden,V473632,2009.12.26,Ja,2010.01.08,Annan hund,Annan,Smålandsstövare,2009.10.05,2009.12.01,Nej,NA,1 till 2 år,1,Död,0,0,0,0,1,0,0,0,0,0,0,0,Varg,,Fältkontroll - LST,Bedömd som säker,2-2026,L:a Fjärsen,6697009,502468,6699300,1458100,RT90,Mycket bra,2010.01.08,Ja,2017.02.13,,2-2026,Gagnef (S),2-20,Dalarnas län (S)
Sweden,V473633,2010.09.03,Ja,2010.09.05,Annan hund,Annan,Petit basset griffon venden,2010.09.03,2010.09.03,Nej,NA,Över 2 år,1,Död,0,0,0,0,0,0,0,0,1,0,0,0,Varg,,Fältkontroll - LST,Bedömd som säker,2-1785,Flobäcken,6539061,394666,6542597,1348333,RT90,Mycket bra,2010.09.05,Ja,2017.02.13,,2-1785,Säffle (S),2-17,Värmlands län (S)
Sweden,V473634,2010.09.11,Ja,2010.09.11,Annan hund,Annan,Wachtel,2010.09.10,2010.09.10,Nej,NA,Över 2 år,1,Död,0,0,0,0,0,0,0,0,1,0,0,0,Varg,,Fältkontroll - LST,Bedömd som säker,2-0188,Stry Ekeby Riala,6618098,697885,6617986,1652602,RT90,Mycket bra,2010.09.11,Ja,2017.02.13,,2-0188,Norrtälje (S),2-01,Stockholms län (S)
Sweden,V473635,2010.09.20,Ja,2010.09.21,Annan hund,Annan,Drever,2010.09.20,2010.09.20,Nej,NA,1 till 2 år,1,Död,0,0,0,0,1,0,0,0,0,0,0,0,Varg,,Fältkontroll - LST,Bedömd som säker,2-2180,Råhällan,6744992,607996,6746003,1564248,RT90,Mycket bra,2010.09.21,Ja,2017.02.13,,2-2180,Gävle (S),2-21,Gävleborgs län (S)
Sweden,V473636,2010.09.23,Ja,2010.09.23,Annan hund,Annan,Pappilon (stor hund_ se bifogad bild).,2010.09.23,2010.09.23,Nej,NA,Över 2 år,1,Död,0,0,0,0,0,0,0,0,1,0,0,0,Varg,,Fältkontroll - LST,Bedömd som säker,2-2039,Byggevallen- Sörberget,6837024,403568,6840590,1360885,RT90,Mycket bra,2010.09.23,Ja,2017.02.13,,2-2039,Älvdalen (S),2-20,Dalarnas län (S)
Sweden,V473637,2010.10.02,Ja,2010.10.02,Annan hund,Annan,Gråhund,2010.10.02,2010.10.02,Nej,NA,Över 2 år,1,Död,0,0,0,0,0,0,0,0,1,0,0,0,Varg,,Fältkontroll - LST,Bedömd som säker,2-2080,Rö-Bro ÅG,6736536,557073,6738171,1513207,RT90,Mycket bra,2010.10.02,Ja,2017.02.13,,2-2080,Falun (S),2-20,Dalarnas län (S)
Sweden,V473638,2010.10.02,Ja,2010.10.02,Annan hund,Annan,Drever,2010.10.02,2010.10.02,Nej,NA,Över 2 år,1,Död,0,0,0,0,0,0,0,0,1,0,0,0,Varg,,Fältkontroll - LST,Bedömd som säker,2-0117,N Vindsjön,6603933,688263,6603936,1642807,RT90,Mycket bra,2010.10.02,Ja,2017.02.13,,2-0117,Österåker (S),2-01,Stockholms län (S)
Sweden,V473641,2010.10.14,Ja,2010.10.14,Annan hund,Annan,Jämthund,2010.10.14,2010.10.14,Nej,NA,Över 2 år,1,Skadad,0,0,0,0,0,0,0,0,0,0,1,0,Varg,,Fältkontroll - LST,Bedömd som säker,2-1737,S Ennarbolssätern,6691526,412442,6694917,1367971,RT90,Mycket bra,2010.10.14,Ja,2017.02.13,,2-1737,Torsby (S),2-17,Värmlands län (S)
Sweden,V473642,2010.10.17,Ja,2010.10.17,Annan hund,Annan,Gråhund,2010.10.15,2010.10.15,Nej,NA,Över 2 år,1,Död,0,0,0,0,0,0,0,0,1,0,0,0,Varg,,Fältkontroll - LST,Bedömd som säker,2-2023,Långbergsheden,6763523,406482,6767020,1362892,RT90,Mycket bra,2010.10.17,Ja,2017.02.13,,2-2023,Malung (S),2-20,Dalarnas län (S)
Sweden,V473643,2010.10.14,Ja,2010.10.14,Annan hund,Annan,Drever,2010.10.14,2010.10.14,Nej,NA,Över 2 år,1,Död,0,0,0,0,0,0,0,0,1,0,0,0,Varg,,Fältkontroll - LST,Bedömd som säker,2-1438,Risane,6548374,329654,6552700,1283400,RT90,Mycket bra,2010.10.14,Ja,2017.02.13,,2-1438,Dals-Ed (S),2-14,Västra Götalands län (S)
Sweden,V473649,2010.11.06,Ja,2010.11.06,Annan hund,Annan,Gråhund,2010.11.06,2010.11.06,Nej,NA,Över 2 år,1,Död,0,0,0,0,0,0,0,0,1,0,0,0,Varg,,Fältkontroll - LST,Bedömd som säker,2-2023,Gvalptjärnsberget Lima,6750987,405541,6754490,1361796,RT90,Mycket bra,2010.11.06,Ja,2017.02.13,,2-2023,Malung (S),2-20,Dalarnas län (S)
Sweden,V473650,2010.11.14,Ja,2010.11.14,Annan hund,Annan,Gråhund,2010.11.13,2010.11.14,Nej,NA,Över 2 år,1,Död,0,0,0,0,0,0,0,0,1,0,0,0,Varg,,Fältkontroll - LST,Bedömd som säker,2-2031,Orberget,6759960,526241,6761981,1482654,RT90,Mycket bra,2010.11.14,Ja,2017.02.13,,2-2031,Rättvik (S),2-20,Dalarnas län (S)
Sweden,V473656,2011.03.17,Ja,2011.03.17,Annan hund,Annan,Hamiton,2011.03.17,2011.03.17,Nej,NA,Över 2 år,1,Skadad,0,0,0,0,0,0,0,0,0,0,1,0,Varg,,Fältkontroll - LST,Bedömd som säker,2-2031,Lenåsen,6762862,514937,6765023,1471382,RT90,Mycket bra,2011.03.17,Ja,2017.02.13,,2-2031,Rättvik (S),2-20,Dalarnas län (S)
Sweden,V473660,2010.12.05,Ja,2010.12.06,Annan hund,Annan,Engelsk Setter,2010.12.05,2010.12.05,Nej,NA,Över 2 år,1,Död,0,0,0,0,0,0,0,0,1,0,0,0,Varg,,Fältkontroll - LST,Bedömd som säker,2-2023,Holselen Malung,6721282,422722,6724560,1378620,RT90,Mycket bra,2010.12.06,Ja,2017.02.13,,2-2023,Malung (S),2-20,Dalarnas län (S)
Sweden,V473664,2011.03.09,Ja,2011.03.09,Annan hund,Annan,Golden retriever,2011.03.09,2011.03.09,Nej,NA,Över 2 år,1,Död,0,0,0,0,0,0,0,0,1,0,0,0,Varg,,Fältkontroll - LST,Bedömd som säker,2-1783,Åleby,6650257,412030,6653635,1367054,RT90,Mycket bra,2011.03.09,Ja,2017.02.13,,2-1783,Hagfors (S),2-17,Värmlands län (S)
Sweden,V473665,2011.03.25,Ja,2011.03.29,Annan hund,Annan,Borderterier,2011.03.25,2011.03.25,Nej,NA,Över 2 år,1,Död,0,0,0,0,0,0,0,0,1,0,0,0,Varg,,Fältkontroll - LST,Bedömd som säker,2-0115,Stångberga,6612169,687486,6612183,1642130,RT90,Mycket bra,2011.03.29,Ja,2017.02.13,,2-0115,Vallentuna (S),2-01,Stockholms län (S)
Sweden,V473666,2011.03.25,Ja,2011.03.29,Annan hund,Annan,Borderterier,2011.03.25,2011.03.25,Nej,NA,1 till 2 år,1,Saknad,0,0,0,0,0,0,0,1,0,0,0,0,Varg,,Fältkontroll - LST,Bedömd som säker,2-0115,Stångberga,6612175,687426,6612190,1642070,RT90,Mycket bra,2011.03.29,Ja,2017.02.13,,2-0115,Vallentuna (S),2-01,Stockholms län (S)
Sweden,V473667,2011.04.08,Ja,2011.04.08,Annan hund,Annan,Blandras,2011.04.08,2011.04.08,Nej,NA,Över 2 år,1,Död,0,0,0,0,0,0,0,0,1,0,0,0,Varg,,Fältkontroll - LST,Bedömd som säker,2-1781,Räverud 8,6551847,453399,6554680,1407247,RT90,Mycket bra,2011.04.08,Ja,2017.02.13,,2-1781,Kristinehamn (S),2-17,Värmlands län (S)
Sweden,V473669,2011.08.05,Ja,2011.08.06,Annan hund,Annan,Korsning,2011.08.05,2011.08.05,Nej,NA,Över 2 år,1,Saknad,0,0,0,0,0,0,0,0,0,0,0,1,Varg,,Fältkontroll - LST,Bedömd som säker,2-1765,Smolmark,6606413,338333,6610666,1292787,RT90,Mycket bra,2011.08.06,Ja,2017.02.13,,2-1765,Årjäng (S),2-17,Värmlands län (S)
Sweden,V473670,2011.08.18,Ja,2011.08.18,Annan hund,Annan,Pointer,2011.08.18,2011.08.18,Nej,NA,1 till 2 år,1,Skadad,0,0,0,0,0,0,1,0,0,0,0,0,Varg,,Fältkontroll - LST,Bedömd som säker,2-2023,Rötmorkölen,6814170,401254,6817754,1358287,RT90,Mycket bra,2011.08.18,Ja,2017.02.13,,2-2023,Malung (S),2-20,Dalarnas län (S)
Sweden,V473671,2011.04.17,Ja,2011.04.17,Annan hund,Annan,Wachtel,2011.04.17,2011.04.17,Nej,NA,Över 2 år,1,Död,0,0,0,0,0,0,0,0,1,0,0,0,Varg,,Fältkontroll - LST,Bedömd som säker,2-0188,Rörmossen,6618043,702502,6617875,1657219,RT90,Mycket bra,2011.04.17,Ja,2017.02.13,,2-0188,Norrtälje (S),2-01,Stockholms län (S)
Sweden,V473673,2011.06.29,Ja,2011.06.30,Annan hund,Annan,Papillon blandras,2011.06.29,2011.06.29,Nej,NA,Över 2 år,1,Skadad,0,0,0,0,0,0,0,0,0,0,1,0,Varg,,Fältkontroll - LST,Bedömd som säker,2-1883,Kedjeåsen,6593616,470223,6596262,1424583,RT90,Mycket bra,2011.06.30,Ja,2017.02.13,,2-1883,Karlskoga (S),2-18,Örebro län (S)
Sweden,V473674,2011.07.22,Ja,2011.07.22,Annan hund,Annan,Nova Scotia Duck Retriver,2011.07.21,2011.07.21,Nej,NA,Över 2 år,1,Skadad,0,0,0,0,0,0,0,0,0,0,1,0,Varg,,Fältkontroll - LST,Bedömd som säker,2-2062,Södra Hållan,6752868,430375,6756066,1386664,RT90,Mycket bra,2011.07.22,Ja,2017.02.13,,2-2062,Mora (S),2-20,Dalarnas län (S)
Sweden,V473675,2011.07.24,Ja,2011.07.24,Annan hund,Annan,Pumi,2011.07.24,2011.07.24,Nej,NA,Över 2 år,1,Död,0,0,0,0,0,0,0,0,1,0,0,0,Varg,,Fältkontroll - LST,Bedömd som säker,2-1981,Västerfärnebo,6646093,566159,6647590,1521189,RT90,Mycket bra,2011.07.24,Ja,2017.02.13,,2-1981,Sala (S),2-19,Västmanlands län (S)
Sweden,V473676,2011.08.06,Ja,2011.08.07,Annan hund,Annan,Finnstövare,2011.08.06,2011.08.06,Nej,NA,Över 2 år,1,Skadad,0,0,0,0,0,0,0,0,0,0,1,0,Varg,,Fältkontroll - LST,Bedömd som säker,2-2023,Öretjörnknipen Väster Löten. Lima socken,6767239,375197,6771123,1331638,RT90,Mycket bra,2011.08.07,Ja,2017.02.13,,2-2023,Malung (S),2-20,Dalarnas län (S)
Sweden,V473677,2011.08.12,Ja,2011.08.12,Annan hund,Annan,Plotthund,2011.08.12,2011.08.12,Nej,NA,Över 2 år,1,Död,0,0,0,0,0,0,0,0,1,0,0,0,Varg,,Fältkontroll - LST,Bedömd som säker,2-1438,Ängebodane,6557627,326244,6562000,1280100,RT90,Mycket bra,2011.08.12,Ja,2017.02.13,,2-1438,Dals-Ed (S),2-14,Västra Götalands län (S)
Sweden,V473678,2011.08.21,Ja,2011.08.21,Annan hund,Annan,Parson Russel Terrier,2011.08.21,2011.08.21,Nej,NA,Över 2 år,1,Död,0,0,0,0,0,0,0,0,1,0,0,0,Varg,,Fältkontroll - LST,Bedömd som säker,2-2034,Grunuflot_ väster Ämmeråsen,6775800,494273,6778220,1450870,RT90,Mycket bra,2011.08.21,Ja,2017.02.13,,2-2034,Orsa (S),2-20,Dalarnas län (S)
Sweden,V473679,2011.08.09,Ja,2011.08.10,Annan hund,Annan,Jämthund,2011.08.09,2011.08.09,Nej,NA,Över 2 år,1,Död,0,0,0,0,0,0,0,0,1,0,0,0,Varg,,Fältkontroll - LST,Bedömd som säker,2-1981,Gärdsjön,6645478,568405,6646948,1523429,RT90,Mycket bra,2011.08.10,Ja,2017.02.13,,2-1981,Sala (S),2-19,Västmanlands län (S)
Sweden,V473680,2011.08.27,Ja,2011.08.27,Annan hund,Annan,Hamiltonstövare,2011.08.27,2011.08.27,Nej,NA,Över 2 år,1,Skadad,0,0,0,0,0,0,0,0,0,0,1,0,Varg,,Fältkontroll - LST,Bedömd som säker,2-2023,Lisbetkojan Ö.Lemberget NO.Örsåsen,6727476,440423,6730540,1396405,RT90,Mycket bra,2011.08.27,Ja,2017.02.13,,2-2023,Malung (S),2-20,Dalarnas län (S)
Sweden,V473684,2011.09.17,Ja,2011.09.17,Annan hund,Annan,Finnstövare,2011.09.17,2011.09.17,Nej,NA,1 till 2 år,1,Död,0,0,0,0,1,0,0,0,0,0,0,0,Varg,,Fältkontroll - LST,Bedömd som säker,2-2031,Korpberget,6765780,518323,6767900,1474805,RT90,Mycket bra,2011.09.17,Ja,2017.02.13,,2-2031,Rättvik (S),2-20,Dalarnas län (S)
Sweden,V473685,2011.09.25,Ja,2011.09.25,Annan hund,Annan,Gråhund,2011.09.25,2011.09.25,Nej,NA,Över 2 år,1,Död,0,0,0,0,0,0,0,0,1,0,0,0,Varg,,Fältkontroll - LST,Bedömd som säker,2-2080,Hästmyren,6738992,541502,6740819,1497662,RT90,Mycket bra,2011.09.25,Ja,2017.02.13,,2-2080,Falun (S),2-20,Dalarnas län (S)
Sweden,V473686,2011.09.24,Ja,2011.09.27,Annan hund,Annan,Hamilton,2011.09.24,2011.09.24,Nej,NA,Över 2 år,1,Skadad,0,0,0,0,0,0,0,0,0,0,1,0,Varg,,Fältkontroll - LST,Bedömd som säker,2-2183,Ljustjärn,6771306,574228,6772739,1530795,RT90,Mycket bra,2011.09.27,Ja,2017.02.13,,2-2183,Bollnäs (S),2-21,Gävleborgs län (S)
Sweden,V473687,2011.09.30,Ja,2011.09.30,Annan hund,Annan,Stövare,2011.09.30,2011.09.30,Nej,NA,1 till 2 år,1,Död,0,0,0,0,1,0,0,0,0,0,0,0,Varg,,Fältkontroll - LST,Bedömd som säker,2-2080,Björsberg,6738695,526159,6740710,1482310,RT90,Mycket bra,2011.09.30,Ja,2017.02.13,,2-2080,Falun (S),2-20,Dalarnas län (S)
Sweden,V473690,2011.10.11,Ja,2011.10.12,Annan hund,Annan,Gråhund,2011.10.11,2011.10.11,Nej,NA,Över 2 år,1,Skadad,0,0,0,0,0,0,0,0,0,0,1,0,Varg,,Fältkontroll - LST,Bedömd som säker,2-2029,Sörskog,6743464,522981,6745520,1479190,RT90,Mycket bra,2011.10.12,Ja,2017.02.13,,2-2029,Leksand (S),2-20,Dalarnas län (S)
Sweden,V473691,2011.10.22,Ja,2011.10.23,Annan hund,Annan,Jämthund,2011.10.22,2011.10.22,Nej,NA,Över 2 år,1,Död,0,0,0,0,0,0,0,0,1,0,0,0,Varg,,Fältkontroll - LST,Bedömd som säker,2-2121,Mörttjäraberg,6830535,536344,6832454,1493632,RT90,Mycket bra,2011.10.23,Ja,2017.02.13,,2-2121,Ovanåker (S),2-21,Gävleborgs län (S)
Sweden,V473696,2011.10.30,Ja,2011.10.31,Annan hund,Annan,Gråhund,2011.10.30,2011.10.30,Nej,NA,Över 2 år,1,Död,0,0,0,0,0,0,0,0,1,0,0,0,Varg,,Fältkontroll - LST,Bedömd som säker,2-1780,Skjutfältet_ Älvsbacka,6620741,428928,6623900,1383600,RT90,Mycket bra,2011.10.31,Ja,2017.02.13,,2-1780,Karlstad (S),2-17,Värmlands län (S)
Sweden,V473697,2011.10.30,Ja,2011.10.30,Annan hund,Annan,Tax,2011.10.30,2011.10.30,Nej,NA,1 till 2 år,1,Död,0,0,0,0,1,0,0,0,0,0,0,0,Varg,,Fältkontroll - LST,Bedömd som säker,2-2080,Smedsbo,6715575,524497,6717603,1480364,RT90,Mycket bra,2011.10.30,Ja,2017.02.13,,2-2080,Falun (S),2-20,Dalarnas län (S)
Sweden,V473698,2011.11.05,Ja,2011.11.06,Annan hund,Annan,Gråhund,2011.11.05,2011.11.05,Nej,NA,Över 2 år,1,Död,0,0,0,0,0,0,0,0,1,0,0,0,Varg,,Fältkontroll - LST,Bedömd som säker,2-2121,Grannäs,6780858,554029,6782543,1510708,RT90,Mycket bra,2011.11.06,Ja,2017.02.13,,2-2121,Ovanåker (S),2-21,Gävleborgs län (S)
Sweden,V473699,2011.11.05,Ja,2011.11.05,Annan hund,Annan,Border Terrier,2011.11.05,2011.11.05,Nej,NA,Över 2 år,1,Död,0,0,0,0,0,0,0,0,1,0,0,0,Varg,,Fältkontroll - LST,Bedömd som säker,2-1765,Håltebyns brandfält,6608116,335826,6612400,1290300,RT90,Mycket bra,2011.11.05,Ja,2017.02.13,,2-1765,Årjäng (S),2-17,Värmlands län (S)
Sweden,V473701,2011.11.06,Ja,2011.11.06,Annan hund,Annan,Finsk stövare,2011.11.06,2011.11.06,Nej,NA,Över 2 år,1,Död,0,0,0,0,0,0,0,0,1,0,0,0,Varg,,Fältkontroll - LST,Bedömd som säker,2-1782,Svartåhöjden,6625677,436060,6628751,1390796,RT90,Mycket bra,2011.11.06,Ja,2017.02.13,,2-1782,Filipstad (S),2-17,Värmlands län (S)
Sweden,V473703,2011.11.24,Ja,2011.11.25,Annan hund,Annan,Drever,2011.11.24,2011.11.24,Nej,NA,Över 2 år,1,Skadad,0,0,0,0,0,0,0,0,0,0,1,0,Varg,,Fältkontroll - LST,Bedömd som säker,2-2061,Kattmossen_Vibberbo,6667706,530871,6669640,1486154,RT90,Mycket bra,2011.11.25,Ja,2017.02.13,,2-2061,Smedjebacken (S),2-20,Dalarnas län (S)
Sweden,V473704,2011.10.15,Ja,2011.10.16,Annan hund,Annan,Basset petit griffon,2011.10.15,2011.10.15,Nej,NA,Över 2 år,1,Död,0,0,0,0,0,0,0,0,1,0,0,0,Varg,,Fältkontroll - LST,Bedömd som säker,2-1983,Gölsta,6611122,558264,6612705,1512867,RT90,Mycket bra,2011.10.16,Ja,2017.02.13,,2-1983,Köping (S),2-19,Västmanlands län (S)
Sweden,V473705,2011.10.16,Ja,2011.10.17,Annan hund,Annan,Dansk Svensk Gådshund,2011.10.16,2011.10.16,Nej,NA,1 till 2 år,1,Skadad,0,0,0,0,0,0,1,0,0,0,0,0,Varg,,Fältkontroll - LST,Bedömd som säker,2-0484,Eskilstuna,6576195,573824,6577580,1528008,RT90,Mycket bra,2011.10.17,Ja,2017.02.13,,2-0484,Eskilstuna (S),2-04,Södermanlands län (S)
Sweden,V473706,2011.11.12,Ja,2011.11.12,Annan hund,Annan,Jämthund,2011.11.12,2011.11.12,Nej,NA,1 till 2 år,1,Död,0,0,0,0,1,0,0,0,0,0,0,0,Varg,,Fältkontroll - LST,Bedömd som säker,2-1907,Seglingsberg_ Ramnäs,6632673,560800,6634232,1515665,RT90,Mycket bra,2011.11.12,Ja,2017.02.13,,2-1907,Surahammar (S),2-19,Västmanlands län (S)
Sweden,V473708,2011.11.06,Ja,2011.11.08,Annan hund,Annan,Gråhund,2011.11.06,2011.11.06,Nej,NA,Över 2 år,1,Skadad,0,0,0,0,0,0,0,0,0,0,1,0,Varg,,Fältkontroll - LST,Bedömd som säker,2-2023,Ö Åssjön. Lisskogsåsen,6711138,417169,6714480,1372940,RT90,Mycket bra,2011.11.08,Ja,2017.02.13,,2-2023,Malung (S),2-20,Dalarnas län (S)
Sweden,V473710,2011.10.29,Ja,2011.11.01,Annan hund,Annan,Wachelhund,2011.10.29,2011.10.29,Nej,NA,1 till 2 år,1,Skadad,0,0,0,0,0,0,1,0,0,0,0,0,Varg,,Fältkontroll - LST,Bedömd som säker,2-1880,Åkerby Tyslinge,6574584,503566,6576819,1457708,RT90,Mycket bra,2011.11.01,Ja,2017.02.13,,2-1880,Örebro (S),2-18,Örebro län (S)
Sweden,V473711,2011.10.14,Ja,2011.10.18,Annan hund,Annan,Jämthund,2011.10.14,2011.10.14,Nej,NA,Över 2 år,1,Skadad,0,0,0,0,0,0,0,0,0,0,1,0,Varg,,Fältkontroll - LST,Bedömd som säker,2-1783,Torrberget,6672504,437445,6675581,1392752,RT90,Mycket bra,2011.10.18,Ja,2017.02.13,,2-1783,Hagfors (S),2-17,Värmlands län (S)
Sweden,V473712,2011.11.19,Ja,2011.11.19,Annan hund,Annan,Öst sibirisk laika,2011.11.19,2011.11.19,Nej,NA,Över 2 år,1,Död,0,0,0,0,0,0,0,0,1,0,0,0,Varg,,Fältkontroll - LST,Bedömd som säker,2-1737,NÖ Långsätern,6742556,393400,6746204,1349546,RT90,Mycket bra,2011.11.19,Ja,2017.02.13,,2-1737,Torsby (S),2-17,Värmlands län (S)
Sweden,V473714,2011.11.07,Ja,2011.11.08,Annan hund,Annan,Hamiltonstövare,2011.11.07,2011.11.07,Nej,NA,Över 2 år,1,Skadad,0,0,0,0,0,0,0,0,0,0,1,0,Varg,,Fältkontroll - LST,Bedömd som säker,2-1737,Hornvalla_ Likenäs vvo,6724102,399488,6727667,1355410,RT90,Mycket bra,2011.11.08,Ja,2017.02.13,,2-1737,Torsby (S),2-17,Värmlands län (S)
Sweden,V473715,2011.11.19,Ja,2011.11.24,Annan hund,Annan,Östsibirisk laika,2011.11.19,2011.11.19,Nej,NA,Över 2 år,1,Skadad,0,0,0,0,0,0,0,0,0,0,1,0,Varg,,Fältkontroll - LST,Bedömd som säker,2-1737,Långsätern,6742510,392931,6746164,1349076,RT90,Mycket bra,2011.11.24,Ja,2017.02.13,,2-1737,Torsby (S),2-17,Värmlands län (S)
Sweden,V473716,2011.12.11,Ja,2011.12.11,Annan hund,Annan,Schiller,2011.12.11,2011.12.11,Nej,NA,Över 2 år,1,Död,0,0,0,0,0,0,0,0,1,0,0,0,Varg,,Fältkontroll - LST,Bedömd som säker,2-2121,Slugsberget-Kammahav,6793605,544218,6795415,1501051,RT90,Mycket bra,2011.12.11,Ja,2017.02.13,,2-2121,Ovanåker (S),2-21,Gävleborgs län (S)
Sweden,V473717,2011.12.11,Ja,2011.12.11,Annan hund,Annan,Schiller,2011.12.11,2011.12.11,Nej,NA,Över 2 år,1,Skadad,0,0,0,0,0,0,0,0,0,0,1,0,Varg,,Fältkontroll - LST,Bedömd som säker,2-2121,Bornasberget,6793999,543292,6795820,1500130,RT90,Mycket bra,2011.12.11,Ja,2017.02.13,,2-2121,Ovanåker (S),2-21,Gävleborgs län (S)
Sweden,V473718,2012.01.03,Ja,2012.01.03,Annan hund,Annan,Drever,2012.01.03,2012.01.03,Nej,NA,Över 2 år,1,Död,0,0,0,0,0,0,0,0,1,0,0,0,Varg,,Fältkontroll - LST,Bedömd som säker,2-1430,Kasebo,6512866,311907,6517387,1265215,RT90,Mycket bra,2012.01.03,Ja,2017.02.13,,2-1430,Munkedal (S),2-14,Västra Götalands län (S)
Sweden,V473719,2012.01.21,Ja,2012.01.21,Annan hund,Annan,Norsk älghund grå,2012.01.21,2012.01.21,Nej,NA,Över 2 år,1,Skadad,0,0,0,0,0,0,0,0,0,0,1,0,Varg,,Fältkontroll - LST,Bedömd som säker,2-1783,Åtjärnen,6679374,409121,6682800,1364500,RT90,Mycket bra,2012.01.21,Ja,2017.02.13,,2-1783,Hagfors (S),2-17,Värmlands län (S)
Sweden,V473720,2011.10.23,Ja,2011.11.25,Annan hund,Annan,Gråhund,2011.10.23,2011.10.23,Nej,NA,Över 2 år,1,Död,0,0,0,0,0,0,0,0,1,0,0,0,Varg,,Fältkontroll - LST,Bedömd som säker,2-1766,N Annefors,6642893,408428,6646311,1363361,RT90,Mycket bra,2011.11.25,Ja,2017.02.13,,2-1766,Sunne (S),2-17,Värmlands län (S)
Sweden,V473721,2011.11.25,Ja,2011.11.25,Annan hund,Annan,Jämthund,2011.11.25,2011.11.25,Nej,NA,Över 2 år,1,Skadad,0,0,0,0,0,0,0,0,0,0,1,0,Varg,,Fältkontroll - LST,Bedömd som säker,2-1782,N Saxå,6634187,466048,6636900,1420900,RT90,Mycket bra,2011.11.25,Ja,2017.02.13,,2-1782,Filipstad (S),2-17,Värmlands län (S)
Sweden,V473722,2011.12.02,Ja,2011.12.05,Annan hund,Annan,Finsk Stövare,2011.12.02,2011.12.02,Nej,NA,Över 2 år,1,Skadad,0,0,0,0,0,0,0,0,0,0,1,0,Varg,,Fältkontroll - LST,Bedömd som säker,2-2080,Nybotjärn Lumsheden,6735569,565505,6737100,1521630,RT90,Mycket bra,2011.12.05,Ja,2017.02.13,,2-2080,Falun (S),2-20,Dalarnas län (S)
Sweden,V473724,2011.12.30,Ja,2011.12.30,Annan hund,Annan,Border Collie,2011.12.30,2011.12.30,Nej,NA,Över 2 år,1,Skadad,0,0,0,0,0,0,0,0,0,0,1,0,Varg,,Fältkontroll - LST,Bedömd som säker,2-1980,Svanå,6627295,574538,6628685,1529342,RT90,Mycket bra,2011.12.30,Ja,2017.02.13,,2-1980,Västerås (S),2-19,Västmanlands län (S)
Sweden,V473725,2012.01.03,Ja,2012.01.03,Annan hund,Annan,Gråhund,2012.01.03,2012.01.03,Nej,NA,1 till 2 år,1,Död,0,0,0,0,1,0,0,0,0,0,0,0,Varg,,Fältkontroll - LST,Bedömd som säker,2-1981,Sörhörende,6643073,563336,6644604,1518329,RT90,Mycket bra,2012.01.03,Ja,2017.02.13,,2-1981,Sala (S),2-19,Västmanlands län (S)
Sweden,V473728,2012.01.15,Ja,2012.01.16,Annan hund,Annan,Tax / Basset,2012.01.15,2012.01.15,Nej,NA,1 till 2 år,1,Skadad,0,0,0,0,0,0,1,0,0,0,0,0,Varg,,Fältkontroll - LST,Bedömd som säker,2-2104,Torsåker,6711210,582098,6712530,1537929,RT90,Mycket bra,2012.01.16,Ja,2017.02.13,,2-2104,Hofors (S),2-21,Gävleborgs län (S)
Sweden,V473732,2013.08.29,Ja,2013.08.29,Annan hund,Annan,Jämthund,2013.08.29,2013.08.29,Nej,NA,Över 2 år,1,Skadad,0,0,0,0,0,0,0,0,0,0,1,0,Varg,,Fältkontroll - LST,Bedömd som säker,2-2062,Daddbo,6766842,495495,6769244,1451982,RT90,Mycket bra,2013.08.29,Ja,2017.02.13,,2-2062,Mora (S),2-20,Dalarnas län (S)
Sweden,V473733,2014.10.31,Ja,2014.10.31,Annan hund,Annan,Beagel,2014.10.30,2014.10.30,Nej,NA,Över 2 år,1,Död,0,0,0,0,0,0,0,0,1,0,0,0,Varg,,Fältkontroll - LST,Bedömd som säker,2-1430,Bredmossen,6503534,303359,6508152,1256549,RT90,Mycket bra,2014.10.31,Ja,2017.02.13,,2-1430,Munkedal (S),2-14,Västra Götalands län (S)
Sweden,V473734,2014.09.22,Ja,2014.09.22,Annan hund,Annan,Stövarblandning,2014.09.22,2014.09.22,Nej,NA,Över 2 år,1,Död,0,0,0,0,0,0,0,0,1,0,0,0,Varg,,Fältkontroll - LST,Bedömd som säker,2-2023,Södra Löten,6762055,383076,6765840,1339457,RT90,Mycket bra,2014.09.22,Ja,2017.02.13,,2-2023,Malung (S),2-20,Dalarnas län (S)
Sweden,V473735,2014.12.31,Ja,2015.01.01,Annan hund,Annan,Finsk stövare,2014.12.31,2014.12.31,Nej,NA,Över 2 år,1,Död,0,0,0,0,0,0,0,0,1,0,0,0,Varg,,Fältkontroll - LST,Bedömd som säker,2-1737,Hulten_ Östmark,6689496,374580,6693350,1330066,RT90,Mycket bra,2015.01.01,Ja,2017.02.13,,2-1737,Torsby (S),2-17,Värmlands län (S)
Sweden,V473736,2012.02.17,Ja,2012.02.20,Annan hund,Annan,Blandras labrador80%beardercolly,2012.02.17,2012.02.17,Nej,NA,Över 2 år,1,Skadad,0,0,0,0,0,0,0,0,0,0,1,0,Varg,,Fältkontroll - LST,Bedömd som säker,2-1885,Österhammar,6596773,530734,6598686,1485154,RT90,Mycket bra,2012.02.20,Ja,2017.02.13,,2-1885,Lindesberg (S),2-18,Örebro län (S)
Sweden,V473740,2012.04.07,Ja,2012.04.07,Annan hund,Annan,Boxer,2012.04.06,2012.04.07,Nej,NA,Över 2 år,1,Död,0,0,0,0,0,0,0,0,1,0,0,0,Varg,,Fältkontroll - LST,Bedömd som säker,2-1907,Ramnäs,6631669,567671,6633144,1522526,RT90,Mycket bra,2012.04.07,Ja,2017.02.13,,2-1907,Surahammar (S),2-19,Västmanlands län (S)
Sweden,V473741,2012.04.14,Ja,2012.04.15,Annan hund,Annan,Dobermann,2012.04.03,2012.04.03,Nej,NA,Över 2 år,1,Död,0,0,0,0,0,0,0,0,1,0,0,0,Varg,,Fältkontroll - LST,Bedömd som säker,2-1782,Rubbetorp,6606810,447234,6609740,1401745,RT90,Mycket bra,2012.04.15,Ja,2017.02.13,,2-1782,Filipstad (S),2-17,Värmlands län (S)
Sweden,V473742,2012.05.03,Ja,2012.05.03,Annan hund,Annan,Blandras Hamilton-Finnstövare,2012.05.03,2012.05.03,Nej,NA,Över 2 år,1,Död,0,0,0,0,0,0,0,0,1,0,0,0,Varg,,Fältkontroll - LST,Bedömd som säker,2-2034,Labbdjurberga,6791328,493742,6793760,1450530,RT90,Mycket bra,2012.05.03,Ja,2017.02.13,,2-2034,Orsa (S),2-20,Dalarnas län (S)
Sweden,V473744,2012.08.13,Ja,2012.08.16,Annan hund,Annan,Blandras,2012.08.13,2012.08.13,Nej,NA,Över 2 år,1,Skadad,0,0,0,0,0,0,0,0,0,0,1,0,Varg,,Fältkontroll - LST,Bedömd som säker,2-2081,Loberget,6715848,516565,6717973,1472433,RT90,Mycket bra,2012.08.16,Ja,2017.02.13,,2-2081,Borlänge (S),2-20,Dalarnas län (S)
Sweden,V473745,2012.08.24,Ja,2012.08.24,Annan hund,Annan,Beagle,2012.08.24,2012.08.24,Nej,NA,Över 2 år,1,Död,0,0,0,0,0,0,0,0,1,0,0,0,Varg,,Fältkontroll - LST,Bedömd som säker,2-2023,Örsåsen fäb  Malungs kommun,6724005,438779,6727088,1394717,RT90,Mycket bra,2012.08.24,Ja,2017.02.13,,2-2023,Malung (S),2-20,Dalarnas län (S)
Sweden,V473746,2012.08.08,Ja,2012.08.08,Annan hund,Annan,Gråhund,2012.08.08,2012.08.08,Nej,NA,Över 2 år,1,Skadad,0,0,0,0,0,0,0,0,0,0,1,0,Varg,,Fältkontroll - LST,Bedömd som säker,2-2260,Lill-Mörtsjön,6917102,550582,6918870,1508950,RT90,Mycket bra,2012.08.08,Ja,2017.02.13,,2-2260,Ånge (S),2-22,Västernorrlands län (S)
Sweden,V473747,2012.07.25,Ja,2012.07.26,Annan hund,Annan,chines crested chihuahua,2012.07.25,2012.07.25,Nej,NA,1 till 2 år,1,Död,0,0,0,0,1,0,0,0,0,0,0,0,Varg,,Fältkontroll - LST,Bedömd som säker,2-2283,Västergransjö 216,7006176,594452,7007420,1553947,RT90,Mycket bra,2012.07.26,Ja,2017.02.13,,2-2283,Sollefteå (S),2-22,Västernorrlands län (S)
Sweden,V473748,2012.09.01,Ja,2012.09.01,Annan hund,Annan,Schillerstövare,2012.09.01,2012.09.01,Nej,NA,Över 2 år,1,Död,0,0,0,0,0,0,0,0,1,0,0,0,Varg,,Fältkontroll - LST,Bedömd som säker,2-2031,Prästberget,6751145,519168,6753250,1475470,RT90,Mycket bra,2012.09.01,Ja,2017.02.13,,2-2031,Rättvik (S),2-20,Dalarnas län (S)
Sweden,V473750,2012.09.05,Ja,2012.09.06,Annan hund,Annan,Blandras Jackrussel-kinesisk nakenhund,2012.09.05,2012.09.05,Nej,NA,1 till 2 år,1,Död,0,0,0,0,1,0,0,0,0,0,0,0,Varg,,Fältkontroll - LST,Bedömd som säker,2-2101,Säbyggeby,6754533,593214,6755728,1549580,RT90,Mycket bra,2012.09.06,Ja,2017.02.13,,2-2101,Ockelbo (S),2-21,Gävleborgs län (S)
Sweden,V473752,2012.09.12,Ja,2012.09.12,Annan hund,Annan,Finnspets,2012.09.12,2012.09.12,Nej,NA,Över 2 år,1,Skadad,0,0,0,0,0,0,0,0,0,0,1,0,Varg,,Fältkontroll - LST,Bedömd som säker,2-2062,N.Hållen,6747382,469252,6750100,1425490,RT90,Mycket bra,2012.09.12,Ja,2017.02.13,,2-2062,Mora (S),2-20,Dalarnas län (S)
Sweden,V473753,2012.09.09,Ja,2012.09.09,Annan hund,Annan,Rysstövare,2012.09.09,2012.09.09,Nej,NA,Över 2 år,1,Skadad,0,0,0,0,0,0,0,0,0,0,1,0,Varg,,Fältkontroll - LST,Bedömd som säker,2-2029,Insjön,6724721,507980,6726955,1463954,RT90,Mycket bra,2012.09.09,Ja,2017.02.13,,2-2029,Leksand (S),2-20,Dalarnas län (S)
Sweden,V473754,2012.09.10,Ja,2012.09.10,Annan hund,Annan,Gråhund,2012.09.10,2012.09.10,Nej,NA,Över 2 år,1,Skadad,0,0,0,0,0,0,0,0,0,0,1,0,Varg,,Fältkontroll - LST,Bedömd som säker,2-1439,Nättjebacka,6485276,326916,6489600,1279900,RT90,Mycket bra,2012.09.10,Ja,2017.02.13,,2-1439,Färgelanda (S),2-14,Västra Götalands län (S)
Sweden,V473757,2012.09.30,Ja,2012.09.30,Annan hund,Annan,Drever,2012.09.30,2012.09.30,Nej,NA,1 till 2 år,1,Skadad,0,0,0,0,0,0,1,0,0,0,0,0,Varg,,Fältkontroll - LST,Bedömd som säker,2-1765,Järperud,6570753,324866,6575150,1278880,RT90,Mycket bra,2012.09.30,Ja,2017.02.13,,2-1765,Årjäng (S),2-17,Värmlands län (S)
Sweden,V473758,2012.10.08,Ja,2012.10.09,Annan hund,Annan,Blandras Jämthund Gråhund,2012.10.08,2012.10.08,Nej,NA,1 till 2 år,1,Död,0,0,0,0,1,0,0,0,0,0,0,0,Varg,,Fältkontroll - LST,Bedömd som säker,2-2161,Simkölen,6848694,528182,6850720,1485692,RT90,Mycket bra,2012.10.09,Ja,2017.02.13,,2-2161,Ljusdal (S),2-21,Gävleborgs län (S)
Sweden,V473759,2012.10.10,Ja,2012.10.11,Annan hund,Annan,Jämthund,2012.10.10,2012.10.10,Nej,NA,Över 2 år,1,Skadad,0,0,0,0,0,0,0,0,0,0,1,0,Varg,,Fältkontroll - LST,Bedömd som säker,2-2080,Lamborn,6758640,535990,6760540,1492390,RT90,Mycket bra,2012.10.11,Ja,2017.02.13,,2-2080,Falun (S),2-20,Dalarnas län (S)
Sweden,V473760,2012.10.06,Ja,2012.10.09,Annan hund,Annan,Tysk jaktterrier,2012.10.06,2012.10.06,Nej,NA,Över 2 år,1,Skadad,0,0,0,0,0,0,0,0,0,0,1,0,Varg,,Fältkontroll - LST,Bedömd som säker,2-0680,Gunnarsö,6403830,438771,6406776,1390837,RT90,Mycket bra,2012.10.09,Ja,2017.02.13,,2-0680,Jönköping (S),2-06,Jönköpings län (S)
Sweden,V473764,2012.02.18,Ja,2012.02.18,Annan hund,Annan,Blandras,2012.02.18,2012.02.18,Nej,NA,Över 2 år,1,Skadad,0,0,0,0,0,0,0,0,0,0,1,0,Varg,,Fältkontroll - LST,Bedömd som säker,2-1885,Högåsen Järle 319,6596773,530734,6598686,1485154,RT90,Mycket bra,2012.02.18,Ja,2017.02.13,,2-1885,Lindesberg (S),2-18,Örebro län (S)
Sweden,V473767,2013.03.06,Ja,2013.03.06,Annan hund,Annan,Drever/Beagle/Terrier,2013.03.05,2013.03.05,Nej,NA,Över 2 år,1,Död,0,0,0,0,0,0,0,0,1,0,0,0,Varg,,Fältkontroll - LST,Bedömd som säker,2-2161,Åbo,6847952,543434,6849788,1500940,RT90,Mycket bra,2013.03.06,Ja,2017.02.13,,2-2161,Ljusdal (S),2-21,Gävleborgs län (S)
Sweden,V473768,2013.04.02,Ja,2013.04.02,Annan hund,Annan,Drever,2013.04.02,2013.04.02,Nej,NA,Över 2 år,1,Skadad,0,0,0,0,0,0,0,0,0,0,1,0,Varg,,Fältkontroll - LST,Bedömd som säker,2-1415,Ucklum,6438134,323939,6442467,1276357,RT90,Mycket bra,2013.04.02,Ja,2017.02.13,,2-1415,Stenungsund (S),2-14,Västra Götalands län (S)
Sweden,V473769,2013.08.23,Ja,2013.08.23,Annan hund,Annan,Hamiltonstövare,2013.08.23,2013.08.23,Nej,NA,Över 2 år,1,Skadad,0,0,0,0,0,0,0,0,0,0,1,0,Varg,,Fältkontroll - LST,Bedömd som säker,2-1737,Bredsjön 1:70,6665358,374816,6669197,1330007,RT90,Mycket bra,2013.08.23,Ja,2017.02.13,,2-1737,Torsby (S),2-17,Värmlands län (S)
Sweden,V473770,2012.11.07,Ja,2012.11.08,Annan hund,Annan,Amstaff,2012.11.07,2012.11.07,Nej,NA,Över 2 år,1,Skadad,0,0,0,0,0,0,0,0,0,0,1,0,Varg,,Fältkontroll - LST,Bedömd som säker,2-0115,Lövsättra golf,6612439,688512,6612440,1643159,RT90,Mycket bra,2012.11.08,Ja,2017.02.13,,2-0115,Vallentuna (S),2-01,Stockholms län (S)
Sweden,V473773,2012.11.18,Ja,2012.11.18,Annan hund,Annan,Gråhund,2012.11.18,2012.11.18,Nej,NA,Över 2 år,1,Skadad,0,0,0,0,0,0,0,0,0,0,1,0,Varg,,Fältkontroll - LST,Bedömd som säker,2-2029,Skinnarberget,6747798,527416,6749800,1483680,RT90,Mycket bra,2012.11.18,Ja,2017.02.13,,2-2029,Leksand (S),2-20,Dalarnas län (S)
Sweden,V473775,2012.11.17,Ja,2012.11.18,Annan hund,Annan,Blandras,2012.11.17,2012.11.17,Nej,NA,Över 2 år,1,Skadad,0,0,0,0,0,0,0,0,0,0,1,0,Varg,,Fältkontroll - LST,Bedömd som säker,2-1782,Linnängen_ Brattfors,6609168,447474,6612096,1402014,RT90,Mycket bra,2012.11.18,Ja,2017.02.13,,2-1782,Filipstad (S),2-17,Värmlands län (S)
Sweden,V473776,2012.09.25,Ja,2012.09.25,Annan hund,Annan,Gordon setter,2012.09.24,2012.09.25,Nej,NA,1 till 2 år,1,Död,0,0,0,0,1,0,0,0,0,0,0,0,Varg,,Fältkontroll - LST,Bedömd som säker,2-2121,Södra Flät 205,6773725,537889,6775607,1494475,RT90,Mycket bra,2012.09.25,Ja,2017.02.13,,2-2121,Ovanåker (S),2-21,Gävleborgs län (S)
Sweden,V473779,2012.11.26,Ja,2012.11.26,Annan hund,Annan,Bayersk Viltspårhund,2012.11.25,2012.11.25,Nej,NA,Över 2 år,1,Död,0,0,0,0,0,0,0,0,1,0,0,0,Varg,,Fältkontroll - LST,Bedömd som säker,2-2085,Drafsen,6659225,469897,6661900,1425055,RT90,Mycket bra,2012.11.26,Ja,2017.02.13,,2-2085,Ludvika (S),2-20,Dalarnas län (S)
Sweden,V473780,2012.12.16,Ja,2012.12.16,Annan hund,Annan,Gråhund,2012.12.15,2012.12.16,Nej,NA,1 till 2 år,1,Död,0,0,0,0,1,0,0,0,0,0,0,0,Varg,,Fältkontroll - LST,Bedömd som säker,2-2080,Ljusdal,6712553,527213,6714547,1483044,RT90,Mycket bra,2012.12.16,Ja,2017.02.13,,2-2080,Falun (S),2-20,Dalarnas län (S)
Sweden,V473782,2012.12.28,Ja,2012.12.30,Annan hund,Annan,Kleiner Munsterländer,2012.12.28,2012.12.28,Nej,NA,Över 2 år,1,Död,0,0,0,0,0,0,0,0,1,0,0,0,Varg,,Fältkontroll - LST,Bedömd som säker,2-1782,Saxån,6629647,464609,6632375,1419405,RT90,Mycket bra,2012.12.30,Ja,2017.02.13,,2-1782,Filipstad (S),2-17,Värmlands län (S)
Sweden,V473786,2013.03.06,Ja,2013.03.06,Annan hund,Annan,Blandras Drever/Beagle/Terrier,2013.03.05,2013.03.05,Nej,NA,Över 2 år,1,Död,0,0,0,0,0,0,0,0,1,0,0,0,Varg,,Fältkontroll - LST,Bedömd som säker,2-2161,Åbo,6847951,543398,6849788,1500904,RT90,Mycket bra,2013.03.06,Ja,2017.02.13,,2-2161,Ljusdal (S),2-21,Gävleborgs län (S)
Sweden,V473789,2012.09.25,Ja,2012.09.25,Annan hund,Annan,Gordon Setter,2012.09.24,2012.09.25,Nej,NA,1 till 2 år,1,Död,0,0,0,0,1,0,0,0,0,0,0,0,Varg,,Fältkontroll - LST,Bedömd som säker,2-2121,Ovanåker,6773789,543099,6775607,1499688,RT90,Mycket bra,2012.09.25,Ja,2017.02.13,,2-2121,Ovanåker (S),2-21,Gävleborgs län (S)
Sweden,V473794,2013.03.05,Ja,2013.03.05,Annan hund,Annan,Jack Russel,2013.03.05,2013.03.05,Nej,NA,Över 2 år,1,Död,0,0,0,0,0,0,0,0,1,0,0,0,Varg,,Fältkontroll - LST,Bedömd som säker,2-2161,Åbo,6847526,543324,6849363,1500824,RT90,Mycket bra,2013.03.05,Ja,2017.02.13,,2-2161,Ljusdal (S),2-21,Gävleborgs län (S)
Sweden,V473796,2013.04.20,Ja,2013.04.20,Annan hund,Annan,Jack russel,2013.04.20,2013.04.20,Nej,NA,Över 2 år,1,Skadad,0,0,0,0,0,0,0,0,0,0,1,0,Varg,,Fältkontroll - LST,Bedömd som säker,2-0115,N om Morsta,6612407,686506,6612433,1641153,RT90,Mycket bra,2013.04.20,Ja,2017.02.13,,2-0115,Vallentuna (S),2-01,Stockholms län (S)
Sweden,V473798,2013.09.01,Ja,2013.09.01,Annan hund,Annan,Jämthund,2013.09.01,2013.09.01,Nej,NA,Över 2 år,1,Död,0,0,0,0,0,0,0,0,1,0,0,0,Varg,,Fältkontroll - LST,Bedömd som säker,2-1737,Nötberg,6682034,394865,6685636,1350270,RT90,Mycket bra,2013.09.01,Ja,2017.02.13,,2-1737,Torsby (S),2-17,Värmlands län (S)
Sweden,V473799,2013.09.02,Ja,2013.09.02,Annan hund,Annan,Beagle,2013.09.02,2013.09.02,Nej,NA,Över 2 år,1,Skadad,0,0,0,0,0,0,0,0,0,0,1,0,Varg,,Fältkontroll - LST,Bedömd som säker,2-1763,Römossen_ sö Munkfors,6628555,419799,6631828,1374563,RT90,Mycket bra,2013.09.02,Ja,2017.02.13,,2-1763,Forshaga (S),2-17,Värmlands län (S)
Sweden,V473800,2013.09.12,Ja,2013.09.12,Annan hund,Annan,Jämthund,2013.09.12,2013.09.12,Nej,NA,Över 2 år,1,Skadad,0,0,0,0,0,0,0,0,0,0,1,0,Varg,,Fältkontroll - LST,Bedömd som säker,2-1762,Bliaberget,6631451,418395,6634743,1373193,RT90,Mycket bra,2013.09.12,Ja,2017.02.13,,2-1762,Munkfors (S),2-17,Värmlands län (S)
Sweden,V473801,2013.09.12,Ja,2013.09.12,Annan hund,Annan,Blandras . Hamilton--Beagle,2013.09.12,2013.09.12,Nej,NA,Över 2 år,1,Död,0,0,0,0,0,0,0,0,1,0,0,0,Varg,,Fältkontroll - LST,Bedömd som säker,2-2023,Digerberget,6765537,380887,6769350,1337310,RT90,Mycket bra,2013.09.12,Ja,2017.02.13,,2-2023,Malung (S),2-20,Dalarnas län (S)
Sweden,V473802,2013.09.05,Ja,2013.09.06,Annan hund,Annan,Engelsk setter,2013.09.05,2013.09.05,Nej,NA,Över 2 år,1,Död,0,0,0,0,0,0,0,0,1,0,0,0,Varg,,Fältkontroll - LST,Bedömd som säker,2-2023,Östfjällstäkten,6785950,399839,6789539,1356523,RT90,Mycket bra,2013.09.06,Ja,2017.02.13,,2-2023,Malung (S),2-20,Dalarnas län (S)
Sweden,V473803,2013.09.21,Ja,2013.09.21,Annan hund,Annan,Hamiltonstövare,2013.09.21,2013.09.21,Nej,NA,Över 2 år,1,Död,0,0,0,0,0,0,0,0,1,0,0,0,Varg,,Fältkontroll - LST,Bedömd som säker,2-1784,Älgsjön,6609808,353746,6613875,1308250,RT90,Mycket bra,2013.09.21,Ja,2017.02.13,,2-1784,Arvika (S),2-17,Värmlands län (S)
Sweden,V473804,2013.09.28,Ja,2013.09.28,Annan hund,Annan,Finnstövare,2013.09.28,2013.09.28,Nej,NA,Över 2 år,1,Död,0,0,0,0,0,0,0,0,1,0,0,0,Varg,,Fältkontroll - LST,Bedömd som säker,2-2361,Trollberget-Fåssjödal,6890941,517500,6893113,1475531,RT90,Mycket bra,2013.09.28,Ja,2017.02.13,,2-2361,Härjedalen (S),2-23,Jämtlands län (S)
Sweden,V473805,2013.10.07,Ja,2013.10.07,Annan hund,Annan,Gråhund,2013.10.07,2013.10.07,Nej,NA,Över 2 år,1,Död,0,0,0,0,0,0,0,0,1,0,0,0,Varg,,Fältkontroll - LST,Bedömd som säker,2-1737,Ö Holmberg,6696757,417907,6700084,1373502,RT90,Mycket bra,2013.10.07,Ja,2017.02.13,,2-1737,Torsby (S),2-17,Värmlands län (S)
Sweden,V473806,2013.09.29,Ja,2013.09.29,Annan hund,Annan,Drever,2013.09.29,2013.09.29,Nej,NA,Över 2 år,1,Skadad,0,0,0,0,0,0,0,0,0,0,1,0,Varg,,Fältkontroll - LST,Bedömd som säker,2-2085,Lövkullen,6665122,493319,6667514,1448558,RT90,Mycket bra,2013.09.29,Ja,2017.02.13,,2-2085,Ludvika (S),2-20,Dalarnas län (S)
Sweden,V473807,2013.10.15,Ja,2013.10.15,Annan hund,Annan,Jämthund,2013.10.15,2013.10.15,Nej,NA,1 till 2 år,1,Död,0,0,0,0,1,0,0,0,0,0,0,0,Varg,,Fältkontroll - LST,Bedömd som säker,2-1737,S om Mangen,6697997,381981,6701764,1337575,RT90,Mycket bra,2013.10.15,Ja,2017.02.13,,2-1737,Torsby (S),2-17,Värmlands län (S)
Sweden,V473808,2013.08.21,Ja,2013.08.21,Annan hund,Annan,Jämthund,2013.08.21,2013.08.21,Nej,NA,1 till 2 år,1,Skadad,0,0,0,0,0,0,1,0,0,0,0,0,Varg,,Fältkontroll - LST,Bedömd som säker,2-2121,Gammelhomna,6800868,537396,6802764,1494317,RT90,Mycket bra,2013.08.21,Ja,2017.02.13,,2-2121,Ovanåker (S),2-21,Gävleborgs län (S)
Sweden,V473809,2013.10.16,Ja,2013.10.16,Annan hund,Annan,Gråhund,2013.10.16,2013.10.16,Nej,NA,Över 2 år,1,Skadad,0,0,0,0,0,0,0,0,0,0,1,0,Varg,,Fältkontroll - LST,Bedömd som säker,2-2080,Kyrkbyns fäbodar,6732855,560926,6734441,1517016,RT90,Mycket bra,2013.10.16,Ja,2017.02.13,,2-2080,Falun (S),2-20,Dalarnas län (S)
Sweden,V473811,2013.10.20,Ja,2013.10.20,Annan hund,Annan,Jämthund,2013.10.20,2013.10.20,Nej,NA,Över 2 år,1,Död,0,0,0,0,0,0,0,0,1,0,0,0,Varg,,Fältkontroll - LST,Bedömd som säker,2-2161,Storflon,6903749,517276,6905928,1475467,RT90,Mycket bra,2013.10.20,Ja,2017.02.13,,2-2161,Ljusdal (S),2-21,Gävleborgs län (S)
Sweden,V473813,2013.11.01,Ja,2013.11.01,Annan hund,Annan,Jämthund,2013.11.01,2013.11.01,Nej,NA,Över 2 år,1,Död,0,0,0,0,0,0,0,0,1,0,0,0,Varg,,Fältkontroll - LST,Bedömd som säker,2-1766,Lunneskogen,6658063,388258,6661734,1343367,RT90,Mycket bra,2013.11.01,Ja,2017.02.13,,2-1766,Sunne (S),2-17,Värmlands län (S)
Sweden,V473814,2013.11.01,Ja,2013.11.01,Annan hund,Annan,Jämthund,2013.11.01,2013.11.01,Nej,NA,Över 2 år,1,Skadad,0,0,0,0,0,0,0,0,0,0,1,0,Varg,,Fältkontroll - LST,Bedömd som säker,2-2361,Björvasslan söder Lillhärdal,6836211,453312,6839160,1410640,RT90,Mycket bra,2013.11.01,Ja,2017.02.13,,2-2361,Härjedalen (S),2-23,Jämtlands län (S)
Sweden,V473816,2014.01.11,Ja,2014.01.11,Annan hund,Annan,Finsk Stövare,2014.01.11,2014.01.11,Nej,NA,Över 2 år,1,Död,0,0,0,0,0,0,0,0,1,0,0,0,Varg,,Fältkontroll - LST,Bedömd som säker,2-1737,Bada,6665217,397463,6668779,1352663,RT90,Mycket bra,2014.01.11,Ja,2017.02.13,,2-1737,Torsby (S),2-17,Värmlands län (S)
Sweden,V473817,2013.09.01,Ja,2013.09.02,Annan hund,Annan,Norrbottenspets,2013.09.01,2013.09.01,Nej,NA,1 till 2 år,1,Skadad,0,0,0,0,0,0,1,0,0,0,0,0,Varg,,Fältkontroll - LST,Bedömd som säker,2-2026,Täckberget,6706918,481514,6709470,1437260,RT90,Mycket bra,2013.09.02,Ja,2017.02.13,,2-2026,Gagnef (S),2-20,Dalarnas län (S)
Sweden,V473819,2013.10.21,Ja,2013.10.21,Annan hund,Annan,Jämthund,2013.10.21,2013.10.21,Nej,NA,Över 2 år,1,Död,0,0,0,0,0,0,0,0,1,0,0,0,Varg,,Fältkontroll - LST,Bedömd som säker,2-1904,Norr Ytternåla,6615581,550207,6617263,1504862,RT90,Mycket bra,2013.10.21,Ja,2017.02.13,,2-1904,Skinnskatteberg (S),2-19,Västmanlands län (S)
Sweden,V473823,2013.12.03,Ja,2013.12.03,Annan hund,Annan,Gotlandsstövare,2013.12.03,2013.12.03,Nej,NA,Över 2 år,1,Skadad,0,0,0,0,0,0,0,0,0,0,1,0,Varg,,Fältkontroll - LST,Bedömd som säker,2-1782,Storfallshöjden,6645144,449029,6648068,1404007,RT90,Mycket bra,2013.12.03,Ja,2017.02.13,,2-1782,Filipstad (S),2-17,Värmlands län (S)
Sweden,V473824,2013.12.07,Ja,2013.12.07,Annan hund,Annan,blandning Jämthund/Gråhund,2013.12.07,2013.12.07,Nej,NA,Över 2 år,1,Död,0,0,0,0,0,0,0,0,1,0,0,0,Varg,,Fältkontroll - LST,Bedömd som säker,2-1782,Grävlingstjärn,6622496,444292,6625469,1398992,RT90,Mycket bra,2013.12.07,Ja,2017.02.13,,2-1782,Filipstad (S),2-17,Värmlands län (S)
Sweden,V473825,2013.12.26,Ja,2013.12.27,Annan hund,Annan,Strävhårig tax,2013.12.26,2013.12.26,Nej,NA,Över 2 år,1,Skadad,0,0,0,0,0,0,0,0,0,0,1,0,Varg,,Fältkontroll - LST,Bedömd som säker,2-1780,Nedre Haget_ Herrån,6613675,430633,6616810,1385220,RT90,Mycket bra,2013.12.27,Ja,2017.02.13,,2-1780,Karlstad (S),2-17,Värmlands län (S)
Sweden,V473826,2013.11.15,Ja,2013.11.15,Annan hund,Annan,Hamilton,2013.11.15,2013.11.15,Nej,NA,Över 2 år,1,Skadad,0,0,0,0,0,0,0,0,0,0,1,0,Varg,,Fältkontroll - LST,Bedömd som säker,2-1766,Ö om Trehörningen,6641273,373587,6645115,1328484,RT90,Mycket bra,2013.11.15,Ja,2017.02.13,,2-1766,Sunne (S),2-17,Värmlands län (S)
Sweden,V473828,2013.11.23,Ja,2013.11.23,Annan hund,Annan,Jämthund,2013.11.23,2013.11.23,Nej,NA,1 till 2 år,1,Död,0,0,0,0,1,0,0,0,0,0,0,0,Varg,,Fältkontroll - LST,Bedömd som säker,2-2161,Järvshockeln,6901908,521920,6904029,1480089,RT90,Mycket bra,2013.11.23,Ja,2017.02.13,,2-2161,Ljusdal (S),2-21,Gävleborgs län (S)
Sweden,V473829,2014.03.05,Ja,2014.03.05,Annan hund,Annan,Chinese crested powder puff,2014.03.05,2014.03.05,Nej,NA,1 till 2 år,1,Död,0,0,0,0,1,0,0,0,0,0,0,0,Varg,,Fältkontroll - LST,Bedömd som säker,2-2085,Saxdalen,6669998,498367,6672330,1453667,RT90,Mycket bra,2014.03.05,Ja,2017.02.13,,2-2085,Ludvika (S),2-20,Dalarnas län (S)
Sweden,V473832,2014.10.31,Ja,2014.10.31,Annan hund,Annan,Tax,2014.10.31,2014.10.31,Nej,NA,Över 2 år,1,Död,0,0,0,0,0,0,0,0,1,0,0,0,Varg,,Fältkontroll - LST,Bedömd som säker,2-1764,Svanhult,6572566,381491,6576278,1335557,RT90,Mycket bra,2014.10.31,Ja,2017.02.13,,2-1764,Grums (S),2-17,Värmlands län (S)
Sweden,V473834,2014.04.18,Ja,2014.04.19,Annan hund,Annan,Lagotto Romagnolo,2014.04.18,2014.04.18,Nej,NA,Över 2 år,1,Skadad,0,0,0,0,0,0,0,0,0,0,1,0,Varg,,Fältkontroll - LST,Bedömd som säker,2-1885,Vasselhyttan 817,6624642,508963,6626829,1463714,RT90,Mycket bra,2014.04.19,Ja,2017.02.13,,2-1885,Lindesberg (S),2-18,Örebro län (S)
Sweden,V473835,2014.05.08,Ja,2014.05.08,Annan hund,Annan,Leonberger,2014.05.07,2014.05.08,Nej,NA,1 till 2 år,1,Skadad,0,0,0,0,0,0,1,0,0,0,0,0,Varg,,Fältkontroll - LST,Bedömd som säker,2-1760,Östra Klennoret,6592042,456036,6594859,1410371,RT90,Mycket bra,2014.05.08,Ja,2017.02.13,,2-1760,Storfors (S),2-17,Värmlands län (S)
Sweden,V473836,2014.07.08,Ja,2014.07.09,Annan hund,Annan,Collie (korthårig),2014.07.08,2014.07.08,Nej,NA,Över 2 år,1,Död,0,0,0,0,0,0,0,0,1,0,0,0,Varg,,Fältkontroll - LST,Bedömd som säker,2-1907,Riset Nybo 19,6614565,569116,6616017,1523764,RT90,Mycket bra,2014.07.09,Ja,2017.02.13,,2-1907,Surahammar (S),2-19,Västmanlands län (S)
Sweden,V473837,2014.08.16,Ja,2014.08.24,Annan hund,Annan,Jämthund,2014.08.16,2014.08.16,Nej,NA,Över 2 år,1,Skadad,0,0,0,0,0,0,0,0,0,0,1,0,Varg,,Fältkontroll - LST,Bedömd som säker,2-1438,Kroksjön,6535083,331567,6539379,1285154,RT90,Mycket bra,2014.08.24,Ja,2017.02.13,,2-1438,Dals-Ed (S),2-14,Västra Götalands län (S)
Sweden,V473839,2014.09.04,Ja,2014.09.04,Annan hund,Annan,Blandras  Gråhund-Borderterrier,2014.09.03,2014.09.04,Nej,NA,Över 2 år,1,Död,0,0,0,0,0,0,0,0,1,0,0,0,Varg,,Fältkontroll - LST,Bedömd som säker,2-1765,Gustavsfors,6565364,334670,6569639,1288624,RT90,Mycket bra,2014.09.04,Ja,2017.02.13,,2-1765,Årjäng (S),2-17,Värmlands län (S)
Sweden,V473842,2014.09.18,Ja,2014.09.18,Annan hund,Annan,Bland,2014.09.18,2014.09.18,Nej,NA,Över 2 år,1,Skadad,0,0,0,0,0,0,0,0,0,0,1,0,Varg,,Fältkontroll - LST,Bedömd som säker,2-1737,Kroksjön,6710618,381577,6714396,1337325,RT90,Mycket bra,2014.09.18,Ja,2017.02.13,,2-1737,Torsby (S),2-17,Värmlands län (S)
Sweden,V473844,2014.09.21,Ja,2014.09.21,Annan hund,Annan,Stävare,2014.09.21,2014.09.21,Nej,NA,1 till 2 år,1,Död,0,0,0,0,1,0,0,0,0,0,0,0,Varg,,Fältkontroll - LST,Bedömd som säker,2-2029,S.hyttsjön,6734546,514339,6736705,1470435,RT90,Mycket bra,2014.09.21,Ja,2017.02.13,,2-2029,Leksand (S),2-20,Dalarnas län (S)
Sweden,V473845,2014.09.27,Ja,2014.09.27,Annan hund,Annan,Smålandsstövare,2014.09.27,2014.09.27,Nej,NA,Över 2 år,1,Död,0,0,0,0,0,0,0,0,1,0,0,0,Varg,,Fältkontroll - LST,Bedömd som säker,2-1765,Väng,6589719,318759,6594200,1273000,RT90,Mycket bra,2014.09.27,Ja,2017.02.13,,2-1765,Årjäng (S),2-17,Värmlands län (S)
Sweden,V473848,2014.09.30,Ja,2014.09.30,Annan hund,Annan,Labrador,2014.09.30,2014.09.30,Nej,NA,Över 2 år,1,Skadad,0,0,0,0,0,0,0,0,0,0,1,0,Varg,,Fältkontroll - LST,Bedömd som säker,2-2081,Högberget,6695873,513071,6698034,1468693,RT90,Mycket bra,2014.09.30,Ja,2017.02.13,,2-2081,Borlänge (S),2-20,Dalarnas län (S)
Sweden,V473850,2014.10.15,Ja,2014.10.15,Annan hund,Annan,Gråhund,2014.10.15,2014.10.15,Nej,NA,Över 2 år,1,Skadad,0,0,0,0,0,0,0,0,0,0,1,0,Varg,,Fältkontroll - LST,Bedömd som säker,2-1783,Hinnershöjden,6660672,411753,6664058,1366904,RT90,Mycket bra,2014.10.15,Ja,2017.02.13,,2-1783,Hagfors (S),2-17,Värmlands län (S)
Sweden,V473851,2014.10.15,Ja,2014.10.15,Annan hund,Annan,Jämthund,2014.10.15,2014.10.15,Nej,NA,1 till 2 år,1,Skadad,0,0,0,0,0,0,1,0,0,0,0,0,Varg,,Fältkontroll - LST,Bedömd som säker,2-1783,Hinnershöjden,6660672,411753,6664058,1366904,RT90,Mycket bra,2014.10.15,Ja,2017.02.13,,2-1783,Hagfors (S),2-17,Värmlands län (S)
Sweden,V473852,2014.10.19,Ja,2014.10.19,Annan hund,Annan,Blandras stövare,2014.10.19,2014.10.19,Nej,NA,Över 2 år,1,Död,0,0,0,0,0,0,0,0,1,0,0,0,Varg,,Fältkontroll - LST,Bedömd som säker,2-1737,Brännknölen,6761471,372946,6765380,1329315,RT90,Mycket bra,2014.10.19,Ja,2017.02.13,,2-1737,Torsby (S),2-17,Värmlands län (S)
Sweden,V473855,2014.10.24,Ja,2014.10.24,Annan hund,Annan,Gråhund,2014.10.24,2014.10.24,Nej,NA,Över 2 år,1,Skadad,0,0,0,0,0,0,0,0,0,0,1,0,Varg,,Fältkontroll - LST,Bedömd som säker,2-1715,Lökkeneskogen,6602793,408783,6606188,1363228,RT90,Mycket bra,2014.10.24,Ja,2017.02.13,,2-1715,Kil (S),2-17,Värmlands län (S)
Sweden,V473856,2014.10.25,Ja,2014.10.25,Annan hund,Annan,DreverXBasset,2014.10.25,2014.10.25,Nej,NA,Över 2 år,1,Död,0,0,0,0,0,0,0,0,1,0,0,0,Varg,,Fältkontroll - LST,Bedömd som säker,2-1765,Lämmemyren_ Korsbyn,6601098,330725,6605440,1285110,RT90,Mycket bra,2014.10.25,Ja,2017.02.13,,2-1765,Årjäng (S),2-17,Värmlands län (S)
Sweden,V473857,2014.09.12,Ja,2014.09.12,Annan hund,Annan,hamiltonstövare,2014.09.12,2014.09.12,Nej,NA,1 till 2 år,1,Skadad,0,0,0,0,0,0,1,0,0,0,0,0,Varg,,Fältkontroll - LST,Bedömd som säker,2-2029,Grävsängarna Insjön,6728868,511481,6731060,1467507,RT90,Mycket bra,2014.09.12,Ja,2017.02.13,,2-2029,Leksand (S),2-20,Dalarnas län (S)
Sweden,V473859,2014.11.09,Ja,2014.11.10,Annan hund,Annan,Strävhårstax,2014.11.09,2014.11.09,Nej,NA,Över 2 år,1,Död,0,0,0,0,0,0,0,0,1,0,0,0,Varg,,Fältkontroll - LST,Bedömd som säker,2-1461,Söbyn,6499811,353855,6503819,1307029,RT90,Mycket bra,2014.11.10,Ja,2017.02.13,,2-1461,Mellerud (S),2-14,Västra Götalands län (S)
Sweden,V473861,2014.11.12,Ja,2014.11.12,Annan hund,Annan,Finsk stövare,2014.11.12,2014.11.12,Nej,NA,Över 2 år,1,Död,0,0,0,0,0,0,0,0,1,0,0,0,Varg,,Fältkontroll - LST,Bedömd som säker,2-1737,Rosastorp,6686381,369040,6690301,1324485,RT90,Mycket bra,2014.11.12,Ja,2017.02.13,,2-1737,Torsby (S),2-17,Värmlands län (S)
Sweden,V473862,2014.11.16,Ja,2014.11.16,Annan hund,Annan,Strävhårig tax,2014.11.16,2014.11.16,Nej,NA,Över 2 år,1,Död,0,0,0,0,0,0,0,0,1,0,0,0,Varg,,Fältkontroll - LST,Bedömd som säker,2-1765,Bostället Fölsbyn,6586931,330670,6591266,1284884,RT90,Mycket bra,2014.11.16,Ja,2017.02.13,,2-1765,Årjäng (S),2-17,Värmlands län (S)
Sweden,V473863,2014.11.17,Ja,2014.11.17,Annan hund,Annan,Hamiltonstövare,2014.11.17,2014.11.17,Nej,NA,Över 2 år,1,Skadad,0,0,0,0,0,0,0,0,0,0,1,0,Varg,,Fältkontroll - LST,Bedömd som säker,2-1765,Vännacka,6605955,336659,6610228,1291107,RT90,Mycket bra,2014.11.17,Ja,2017.02.13,,2-1765,Årjäng (S),2-17,Värmlands län (S)
Sweden,V473864,2014.11.19,Ja,2014.11.19,Annan hund,Annan,Drever,2014.11.19,2014.11.19,Nej,NA,1 till 2 år,1,Död,0,0,0,0,1,0,0,0,0,0,0,0,Varg,,Fältkontroll - LST,Bedömd som säker,2-1765,Bråten,6578913,321327,6583357,1275438,RT90,Mycket bra,2014.11.19,Ja,2017.02.13,,2-1765,Årjäng (S),2-17,Värmlands län (S)
Sweden,V473865,2014.11.21,Ja,2014.11.21,Annan hund,Annan,Drever,2014.11.21,2014.11.21,Nej,NA,Över 2 år,1,Död,0,0,0,0,0,0,0,0,1,0,0,0,Varg,,Fältkontroll - LST,Bedömd som säker,2-1438,Böle,6539248,327624,6543594,1281259,RT90,Mycket bra,2014.11.21,Ja,2017.02.13,,2-1438,Dals-Ed (S),2-14,Västra Götalands län (S)
Sweden,V473866,2014.11.21,Ja,2014.11.21,Annan hund,Annan,Jämte,2014.11.21,2014.11.21,Nej,NA,1 till 2 år,1,Död,0,0,0,0,1,0,0,0,0,0,0,0,Varg,,Fältkontroll - LST,Bedömd som säker,2-2121,Getryggen,6774697,538860,6776567,1495458,RT90,Mycket bra,2014.11.21,Ja,2017.02.13,,2-2121,Ovanåker (S),2-21,Gävleborgs län (S)
Sweden,V473867,2014.11.23,Ja,2014.11.23,Annan hund,Annan,Korthårig tax,2014.11.23,2014.11.23,Nej,NA,Över 2 år,1,Död,0,0,0,0,0,0,0,0,1,0,0,0,Varg,,Fältkontroll - LST,Bedömd som säker,2-1461,Svartebäck,6503940,362172,6507850,1315400,RT90,Mycket bra,2014.11.23,Ja,2017.02.13,,2-1461,Mellerud (S),2-14,Västra Götalands län (S)
Sweden,V473868,2014.11.23,Ja,2014.11.24,Annan hund,Annan,Norrbottenspets,2014.11.23,2014.11.23,Nej,NA,1 till 2 år,1,Skadad,0,0,0,0,0,0,1,0,0,0,0,0,Varg,,Fältkontroll - LST,Bedömd som säker,2-2031,Hattjärn,6770759,525248,6772796,1481794,RT90,Mycket bra,2014.11.24,Ja,2017.02.13,,2-2031,Rättvik (S),2-20,Dalarnas län (S)
Sweden,V473869,2014.11.29,Ja,2014.11.29,Annan hund,Annan,Gråhund,2014.11.29,2014.11.29,Nej,NA,Över 2 år,1,Död,0,0,0,0,0,0,0,0,1,0,0,0,Varg,,Fältkontroll - LST,Bedömd som säker,2-2183,Annefors,6792798,561915,6794389,1518744,RT90,Mycket bra,2014.11.29,Ja,2017.02.13,,2-2183,Bollnäs (S),2-21,Gävleborgs län (S)
Sweden,V473870,2014.12.06,Ja,2014.12.06,Annan hund,Annan,Schillerstövare,2014.12.06,2014.12.06,Nej,NA,Över 2 år,1,Död,0,0,0,0,0,0,0,0,1,0,0,0,Varg,,Fältkontroll - LST,Bedömd som säker,2-1904,Flybergen,6624770,548474,6626476,1503240,RT90,Mycket bra,2014.12.06,Ja,2017.02.13,,2-1904,Skinnskatteberg (S),2-19,Västmanlands län (S)
Sweden,V473871,2014.12.13,Ja,2014.12.14,Annan hund,Annan,Drever-Schiller,2014.12.13,2014.12.13,Nej,NA,Över 2 år,1,Skadad,0,0,0,0,0,0,0,0,0,0,1,0,Varg,,Fältkontroll - LST,Bedömd som säker,2-1439,Nubberuskullen,6512471,334884,6516715,1288200,RT90,Mycket bra,2014.12.14,Ja,2017.02.13,,2-1439,Färgelanda (S),2-14,Västra Götalands län (S)
Sweden,V473872,2014.11.29,Ja,2014.11.29,Annan hund,Annan,Basset,2014.11.29,2014.11.29,Nej,NA,Över 2 år,1,Skadad,0,0,0,0,0,0,0,0,0,0,1,0,Varg,,Fältkontroll - LST,Bedömd som säker,2-1783,Mellantjärn,6663987,417554,6667303,1372748,RT90,Mycket bra,2014.11.29,Ja,2017.02.13,,2-1783,Hagfors (S),2-17,Värmlands län (S)
Sweden,V473873,2014.11.30,Ja,2014.11.30,Annan hund,Annan,Jämthund/Gråhund,2014.11.30,2014.11.30,Nej,NA,Över 2 år,1,Skadad,0,0,0,0,0,0,0,0,0,0,1,0,Varg,,Fältkontroll - LST,Bedömd som säker,2-1737,Oleby,6666044,393309,6669657,1348517,RT90,Mycket bra,2014.11.30,Ja,2017.02.13,,2-1737,Torsby (S),2-17,Värmlands län (S)
Sweden,V473874,2014.12.21,Ja,2014.12.22,Annan hund,Annan,Schiller stövare,2014.12.21,2014.12.21,Nej,NA,Över 2 år,1,Skadad,0,0,0,0,0,0,0,0,0,0,1,0,Varg,,Fältkontroll - LST,Bedömd som säker,2-1884,Gammelhyttan,6612193,489083,6614617,1443676,RT90,Mycket bra,2014.12.22,Ja,2017.02.13,,2-1884,Nora (S),2-18,Örebro län (S)
Sweden,V473875,2014.12.27,Ja,2014.12.27,Annan hund,Annan,Vit Älghund,2014.12.27,2014.12.27,Nej,NA,Över 2 år,1,Skadad,0,0,0,0,0,0,0,0,0,0,1,0,Varg,,Fältkontroll - LST,Bedömd som säker,2-1460,Ike,6533850,333154,6538126,1286727,RT90,Mycket bra,2014.12.27,Ja,2017.02.13,,2-1460,Bengtsfors (S),2-14,Västra Götalands län (S)
Sweden,V473876,2014.12.31,Ja,2014.12.31,Annan hund,Annan,Beagle,2014.12.31,2014.12.31,Nej,NA,Över 2 år,1,Skadad,0,0,0,0,0,0,0,0,0,0,1,0,Varg,,Fältkontroll - LST,Bedömd som säker,2-1766,Fölsjön_ Östra Ämtervik,6617442,404076,6620901,1358697,RT90,Mycket bra,2014.12.31,Ja,2017.02.13,,2-1766,Sunne (S),2-17,Värmlands län (S)
Sweden,V473877,2015.01.03,Ja,2015.01.03,Annan hund,Annan,Drever,2015.01.03,2015.01.03,Nej,NA,Över 2 år,1,Död,0,0,0,0,0,0,0,0,1,0,0,0,Varg,,Fältkontroll - LST,Bedömd som säker,2-1460,Solvik,6554271,346522,6558397,1300349,RT90,Mycket bra,2015.01.03,Ja,2017.02.13,,2-1460,Bengtsfors (S),2-14,Västra Götalands län (S)
Sweden,V473881,2014.08.16,Ja,2014.08.16,Annan hund,Annan,Jämthund,2014.08.16,2014.08.16,Nej,NA,1 till 2 år,1,Död,0,0,0,0,1,0,0,0,0,0,0,0,Varg,,Fältkontroll - LST,Bedömd som säker,2-2161,Yssjön,6899080,519496,6901230,1477629,RT90,Mycket bra,2014.08.16,Ja,2017.02.13,,2-2161,Ljusdal (S),2-21,Gävleborgs län (S)
Sweden,V473883,2014.12.11,Ja,2014.12.11,Annan hund,Annan,Norrbottenspets,2014.12.11,2014.12.11,Nej,NA,Över 2 år,1,Skadad,0,0,0,0,0,0,0,0,0,0,1,0,Varg,,Fältkontroll - LST,Bedömd som säker,2-2582,Spikberg,7344125,754785,7343389,1718610,RT90,Mycket bra,2014.12.11,Ja,2017.02.13,,2-2582,Boden (S),2-25,Norrbottens län (S)
Sweden,V473884,2015.01.02,Ja,2015.01.02,Annan hund,Annan,Finsk spets,2014.12.28,2015.01.02,Nej,NA,1 till 2 år,1,Död,0,0,0,0,1,0,0,0,0,0,0,0,Varg,,Fältkontroll - LST,Bedömd som säker,2-2161,Näsvall,6862686,541631,6864549,1499319,RT90,Mycket bra,2015.01.02,Ja,2017.02.13,,2-2161,Ljusdal (S),2-21,Gävleborgs län (S)
Sweden,V473885,2015.01.25,Ja,2015.01.25,Annan hund,Annan,dansk-svensk gårdshund,2015.01.25,2015.01.25,Nej,NA,Över 2 år,1,Död,0,0,0,0,0,0,0,0,1,0,0,0,Varg,,Fältkontroll - LST,Bedömd som säker,2-1904,Knappmora,6628270,552080,6629934,1506889,RT90,Mycket bra,2015.01.25,Ja,2017.02.13,,2-1904,Skinnskatteberg (S),2-19,Västmanlands län (S)
Sweden,V473887,2014.11.12,Ja,2014.11.14,Annan hund,Annan,Finnstövare,2014.11.12,2014.11.12,Nej,NA,Över 2 år,1,Skadad,0,0,0,0,0,0,0,0,0,0,1,0,Varg,,Fältkontroll - LST,Bedömd som säker,2-2081,Nybroberget,6695838,525936,6697842,1481562,RT90,Mycket bra,2014.11.14,Ja,2017.02.13,,2-2081,Borlänge (S),2-20,Dalarnas län (S)
Sweden,V473890,2015.04.06,Ja,2015.04.06,Annan hund,Annan,Cairnterrier,2015.04.06,2015.04.06,Nej,NA,Över 2 år,1,Död,0,0,0,0,0,0,0,0,1,0,0,0,Varg,,Fältkontroll - LST,Bedömd som säker,2-1730,Hålteberg,6637634,348180,6641784,1303019,RT90,Mycket bra,2015.04.06,Ja,2017.02.13,,2-1730,Eda (S),2-17,Värmlands län (S)
Sweden,V473891,2015.08.27,Ja,2015.08.27,Annan hund,Annan,Luzern stövare,2015.08.27,2015.08.27,Nej,NA,Över 2 år,1,Död,0,0,0,0,0,0,0,0,1,0,0,0,Varg,,Fältkontroll - LST,Bedömd som säker,2-2182,Igeltjärn,6818913,593870,6820116,1551030,RT90,Mycket bra,2015.08.27,Ja,2017.02.13,,2-2182,Söderhamn (S),2-21,Gävleborgs län (S)
Sweden,V473894,2015.11.14,Ja,2015.11.14,Annan hund,Annan,Amerika Foxhound,2015.11.14,2015.11.14,Nej,NA,1 till 2 år,1,Död,0,0,0,0,1,0,0,0,0,0,0,0,Varg,,Fältkontroll - LST,Bedömd som säker,2-2039,Klitten,6797477,452991,6800415,1409840,RT90,Mycket bra,2015.11.14,Ja,2017.02.13,,2-2039,Älvdalen (S),2-20,Dalarnas län (S)
Sweden,V473895,2015.05.04,Ja,2015.05.04,Annan hund,Annan,Jack-Russel,2015.05.04,2015.05.04,Nej,NA,Över 2 år,1,Skadad,0,0,0,0,0,0,0,0,0,0,1,0,Varg,,Fältkontroll - LST,Bedömd som säker,2-1884,Bengtstorp,6593568,496090,6595900,1450459,RT90,Mycket bra,2015.05.04,Ja,2017.02.13,,2-1884,Nora (S),2-18,Örebro län (S)
Sweden,V473896,2015.06.11,Ja,2015.06.11,Annan hund,Annan,Tax,2015.06.06,2015.06.11,Nej,NA,Över 2 år,1,Död,0,0,0,0,0,0,0,0,1,0,0,0,Varg,,Fältkontroll - LST,Bedömd som säker,2-1983,Brandsta åker,6604361,554521,6605988,1509041,RT90,Mycket bra,2015.06.11,Ja,2017.02.13,,2-1983,Köping (S),2-19,Västmanlands län (S)
Sweden,V473899,2015.09.03,Ja,2015.09.03,Annan hund,Annan,Luzernstövare,2015.09.03,2015.09.03,Nej,NA,Över 2 år,1,Skadad,0,0,0,0,0,0,0,0,0,0,1,0,Varg,,Fältkontroll - LST,Bedömd som säker,2-1782,Tallåsen,6618318,445872,6621270,1400522,RT90,Mycket bra,2015.09.03,Ja,2017.02.13,,2-1782,Filipstad (S),2-17,Värmlands län (S)
Sweden,V473903,2015.09.19,Ja,2015.09.19,Annan hund,Annan,Gråhund,2015.09.19,2015.09.19,Nej,NA,Över 2 år,1,Död,0,0,0,0,0,0,0,0,1,0,0,0,Varg,,Fältkontroll - LST,Bedömd som säker,2-1737,Rattsjön,6693676,383878,6697418,1339420,RT90,Mycket bra,2015.09.19,Ja,2017.02.13,,2-1737,Torsby (S),2-17,Värmlands län (S)
Sweden,V473905,2015.09.25,Ja,2015.09.25,Annan hund,Annan,Blandras beagle/drever,2015.09.25,2015.09.25,Nej,NA,1 till 2 år,1,Skadad,0,0,0,0,0,0,1,0,0,0,0,0,Varg,,Fältkontroll - LST,Bedömd som säker,2-1762,Västanå sö Munkfors,6627750,416241,6631066,1370993,RT90,Mycket bra,2015.09.25,Ja,2017.02.13,,2-1762,Munkfors (S),2-17,Värmlands län (S)
Sweden,V473907,2015.09.30,Ja,2015.09.30,Annan hund,Annan,Jack Russel,2015.09.30,2015.09.30,Nej,NA,1 till 2 år,1,Död,0,0,0,0,1,0,0,0,0,0,0,0,Varg,,Fältkontroll - LST,Bedömd som säker,2-2181,Järbo,6731603,588110,6732855,1544192,RT90,Mycket bra,2015.09.30,Ja,2017.02.13,,2-2181,Sandviken (S),2-21,Gävleborgs län (S)
Sweden,V473908,2015.10.12,Ja,2015.10.12,Annan hund,Annan,Jämthund,2015.10.12,2015.10.12,Nej,NA,Över 2 år,1,Skadad,0,0,0,0,0,0,0,0,0,0,1,0,Varg,,Fältkontroll - LST,Bedömd som säker,2-1766,Ransjötorp öst Sunne,6634793,406655,6638229,1361489,RT90,Mycket bra,2015.10.12,Ja,2017.02.13,,2-1766,Sunne (S),2-17,Värmlands län (S)
Sweden,V473910,2015.11.15,Ja,2015.11.15,Annan hund,Annan,Jämthund,2015.11.15,2015.11.15,Nej,NA,1 till 2 år,1,Död,0,0,0,0,1,0,0,0,0,0,0,0,Varg,,Fältkontroll - LST,Bedömd som säker,2-2121,Lillmasen,6771178,552125,6772884,1508684,RT90,Mycket bra,2015.11.15,Ja,2017.02.13,,2-2121,Ovanåker (S),2-21,Gävleborgs län (S)
Sweden,V473912,2015.10.19,Ja,2015.10.19,Annan hund,Annan,Hamilton stövare,2015.10.19,2015.10.19,Nej,NA,Över 2 år,1,Död,0,0,0,0,0,0,0,0,1,0,0,0,Varg,,Fältkontroll - LST,Bedömd som säker,2-2580,Toberget,7318644,834922,7316874,1798425,RT90,Mycket bra,2015.10.19,Ja,2017.02.13,,2-2580,Luleå (S),2-25,Norrbottens län (S)
Sweden,V473913,2015.10.16,Ja,2015.10.16,Annan hund,Annan,Karelsk björnhund,2015.10.16,2015.10.16,Nej,NA,Över 2 år,1,Död,0,0,0,0,0,0,0,0,1,0,0,0,Varg,,Fältkontroll - LST,Bedömd som säker,2-1730,Tunnan,6649436,358904,6653461,1313893,RT90,Mycket bra,2015.10.16,Ja,2017.02.13,,2-1730,Eda (S),2-17,Värmlands län (S)
Sweden,V473918,2015.10.31,Ja,2015.11.02,Annan hund,Annan,Hamiltonstövare,2015.10.31,2015.10.31,Nej,NA,Över 2 år,1,Död,0,0,0,0,0,0,0,0,1,0,0,0,Varg,,Fältkontroll - LST,Bedömd som säker,2-1765,Korpeberget,6578151,339733,6582372,1293845,RT90,Mycket bra,2015.11.02,Ja,2017.02.13,,2-1765,Årjäng (S),2-17,Värmlands län (S)
Sweden,V473919,2015.11.01,Ja,2015.11.02,Annan hund,Annan,Jämthund,2015.11.01,2015.11.01,Nej,NA,Över 2 år,1,Skadad,0,0,0,0,0,0,0,0,0,0,1,0,Varg,,Fältkontroll - LST,Bedömd som säker,2-2303,N.Leddalsberget,7004196,573534,7005702,1532999,RT90,Mycket bra,2015.11.02,Ja,2017.02.13,,2-2303,Ragunda (S),2-23,Jämtlands län (S)
Sweden,V473920,2015.10.28,Ja,2015.11.03,Annan hund,Annan,Jämthund,2015.10.28,2015.10.28,Nej,NA,Över 2 år,1,Skadad,0,0,0,0,0,0,0,0,0,0,1,0,Varg,,Fältkontroll - LST,Bedömd som säker,2-2181,Kvarnmossen_ Österfärnebo,6687521,590225,6688736,1545768,RT90,Mycket bra,2015.11.03,Ja,2017.02.13,,2-2181,Sandviken (S),2-21,Gävleborgs län (S)
Sweden,V473923,2015.11.26,Ja,2015.11.26,Annan hund,Annan,Hamilton stövare,2015.11.25,2015.11.26,Nej,NA,Under 1 år,1,Död,1,0,0,0,0,0,0,0,0,0,0,0,Varg,,Fältkontroll - LST,Bedömd som säker,2-2023,Öjskogsfjället,6791301,397741,6794918,1354490,RT90,Mycket bra,2015.11.26,Ja,2017.02.13,,2-2023,Malung (S),2-20,Dalarnas län (S)
Sweden,V473924,2015.11.29,Ja,2015.11.29,Annan hund,Annan,Tysk Jakttrerrier,2015.11.29,2015.11.29,Nej,NA,1 till 2 år,1,Skadad,0,0,0,0,0,0,1,0,0,0,0,0,Varg,,Fältkontroll - LST,Bedömd som säker,2-1737,Likenäsheden,6722456,392918,6726101,1348817,RT90,Mycket bra,2015.11.29,Ja,2017.02.13,,2-1737,Torsby (S),2-17,Värmlands län (S)
Sweden,V473925,2015.11.30,Ja,2015.11.30,Annan hund,Annan,Tax,2015.11.30,2015.11.30,Nej,NA,1 till 2 år,1,Skadad,0,0,0,0,0,0,1,0,0,0,0,0,Varg,,Fältkontroll - LST,Bedömd som säker,2-2085,Nyhammar,6678906,495711,6681274,1451119,RT90,Mycket bra,2015.11.30,Ja,2017.02.13,,2-2085,Ludvika (S),2-20,Dalarnas län (S)
Sweden,V473926,2015.10.12,Ja,2015.10.12,Annan hund,Annan,Tysk Jaktterrier,2015.10.12,2015.10.12,Nej,NA,Över 2 år,1,Död,0,0,0,0,0,0,0,0,1,0,0,0,Varg,,Fältkontroll - LST,Bedömd som säker,2-1814,Hasselfors,6552151,479138,6554673,1433000,RT90,Mycket bra,2015.10.12,Ja,2017.02.13,,2-1814,Lekeberg (S),2-18,Örebro län (S)
Sweden,V473927,2015.09.10,Ja,2015.09.10,Annan hund,Annan,Hamiltonstövare,2015.09.10,2015.09.10,Nej,NA,Över 2 år,1,Död,0,0,0,0,0,0,0,0,1,0,0,0,Varg,,Fältkontroll - LST,Bedömd som säker,2-2303,Högförsen,7006033,565083,7007645,1524568,RT90,Mycket bra,2015.09.10,Ja,2017.02.13,,2-2303,Ragunda (S),2-23,Jämtlands län (S)
Sweden,V473928,2015.12.05,Ja,2015.12.05,Annan hund,Annan,jämthund,2015.12.05,2015.12.05,Nej,NA,1 till 2 år,1,Död,0,0,0,0,1,0,0,0,0,0,0,0,Varg,,Fältkontroll - LST,Bedömd som säker,2-2080,Rösjön,6720233,560540,6721820,1516475,RT90,Mycket bra,2015.12.05,Ja,2017.02.13,,2-2080,Falun (S),2-20,Dalarnas län (S)
Sweden,V473929,2015.12.12,Ja,2015.12.12,Annan hund,Annan,Tysk Jaktterrier,2015.12.12,2015.12.12,Nej,NA,1 till 2 år,1,Död,0,0,0,0,1,0,0,0,0,0,0,0,Varg,,Fältkontroll - LST,Bedömd som säker,2-2180,Lexemuren_ Hagaström,6728656,612303,6729610,1568355,RT90,Mycket bra,2015.12.12,Ja,2017.02.13,,2-2180,Gävle (S),2-21,Gävleborgs län (S)
Sweden,V473930,2015.12.16,Ja,2015.12.16,Annan hund,Annan,Drever,2015.12.16,2015.12.16,Nej,NA,Över 2 år,1,Död,0,0,0,0,0,0,0,0,1,0,0,0,Varg,,Fältkontroll - LST,Bedömd som säker,2-2183,Rickebo/Drängbergsbo,6781251,569526,6782745,1526214,RT90,Mycket bra,2015.12.16,Ja,2017.02.13,,2-2183,Bollnäs (S),2-21,Gävleborgs län (S)
Sweden,V473931,2015.12.19,Ja,2015.12.19,Annan hund,Annan,Drever,2015.12.19,2015.12.19,Nej,NA,Över 2 år,1,Död,0,0,0,0,0,0,0,0,1,0,0,0,Varg,,Fältkontroll - LST,Bedömd som säker,2-2121,Sörberget/Älvkarhed,6795684,551879,6797400,1508740,RT90,Mycket bra,2015.12.19,Ja,2017.02.13,,2-2121,Ovanåker (S),2-21,Gävleborgs län (S)
Sweden,V473935,2015.09.29,Ja,2015.10.06,Annan hund,Annan,Jämthund/Strövare,2015.09.29,2015.09.29,Nej,NA,1 till 2 år,1,Skadad,0,0,0,0,0,0,1,0,0,0,0,0,Varg,,Fältkontroll - LST,Bedömd som säker,2-2161,Akinvallen,6878190,536755,6880119,1494634,RT90,Mycket bra,2015.10.06,Ja,2017.02.13,,2-2161,Ljusdal (S),2-21,Gävleborgs län (S)
Sweden,V473936,2015.11.01,Ja,2015.11.02,Annan hund,Annan,Basset fauve de Bretagne,2015.11.01,2015.11.01,Nej,NA,1 till 2 år,1,Död,0,0,0,0,1,0,0,0,0,0,0,0,Varg,,Fältkontroll - LST,Bedömd som säker,2-2181,Järbo,6733301,585868,6734581,1541971,RT90,Mycket bra,2015.11.02,Ja,2017.02.13,,2-2181,Sandviken (S),2-21,Gävleborgs län (S)
Sweden,V474098,2017.02.22,Ja,2017.02.22,Jakthund,Annan,Jämthund,2017.02.22,2017.02.22,Nej,NA,Över 2 år,1,Död,0,0,0,0,0,0,0,0,1,0,0,0,Varg,,Fältkontroll - LST,Bedömd som säker,2-2183,Älgmyran ,6784171,571031,6785647,1527756,RT90,Exakt,2017.02.22,Nej,,2017.02.22,2-2183,Bollnäs (S),2-21,Gävleborgs län (S)
Sweden,V474478,2017.03.21,Ja,2017.03.24,Annan hund,Annan,Engelsk Setter,2017.03.21,2017.03.21,Nej,NA,1 till 2 år,1,Skadad,0,0,0,0,0,0,1,0,0,0,0,0,Varg,,Fältkontroll - LST,Dokumenterad,2-2181,Nybrogårdarna norr om Småfäbodarna,6738379,584518,6739677,1540683,SWEREF99 TM,Mycket bra,2017.03.28,Nej,,2017.03.28,2-2181,Sandviken (S),2-21,Gävleborgs län (S)
Sweden,V474585,2017.04.05,Ja,2017.04.07,Annan hund,Annan,Blandsras,2017.04.05,2017.04.05,Nej,NA,Över 2 år,1,Skadad,0,0,0,0,0,0,0,0,0,0,1,0,Varg,,Fältkontroll - LST,Bedömd som säker,2-1737,Månsgården Ennarbol,6686246,410274,6689661,1365737,RT90,Exakt,2017.04.07,Nej,,2022.04.04,2-1737,Torsby (S),2-17,Värmlands län (S)
Sweden,V475823,2017.06.06,Ja,2017.06.07,Annan hund,Annan,Dvärgpudel,2017.06.06,2017.06.06,Nej,NA,Över 2 år,1,Saknad,0,0,0,0,0,0,0,0,0,0,0,1,Varg,,Fältkontroll - LST,Bedömd som säker,2-1983,Odenvvivägen 36,6607518,548362,6609220,1502918,WGS84-UTM Zon 33,Mindre bra,2017.06.07,Nej,,2017.09.15,2-1983,Köping (S),2-19,Västmanlands län (S)
Sweden,V477192,2017.07.21,Ja,2017.07.21,Annan hund,Annan,Kleiner Munsterlander,2017.07.21,2017.07.21,Nej,NA,Över 2 år,1,Skadad,0,0,0,0,0,0,0,0,0,0,1,0,Varg,,Fältkontroll - LST,Bedömd som säker,2-2061,Västra Göberget Smedjebacken,6662275,518703,6664356,1473916,SWEREF99 TM,Exakt,2017.07.24,Nej,,2017.07.24,2-2061,Smedjebacken (S),2-20,Dalarnas län (S)
Sweden,V478077,2017.08.21,Ja,2017.08.21,Annan hund,Annan,Tysk jaktterrier,2017.08.20,2017.08.21,Nej,NA,Över 2 år,1,Död,0,0,0,0,0,0,0,0,1,0,0,0,Varg,,Fältkontroll - LST,Bedömd som säker,2-1984,,6589327,541681,6591105,1496014,WGS84-UTM Zon 33,Mindre bra,2017.08.21,Nej,,2017.08.30,2-1984,Arboga (S),2-19,Västmanlands län (S)
Sweden,V478796,2017.09.13,Ja,2017.09.13,Annan hund,Annan,Tysk spets,2017.09.13,2017.09.13,Nej,NA,Över 2 år,1,Död,0,0,0,0,0,0,0,0,1,0,0,0,Varg,,Fältkontroll - LST,Bedömd som säker,2-0188,Punskogshöjden,6615156,697359,6615050,1652041,RT90,Exakt,2017.09.14,Nej,,2017.09.14,2-0188,Norrtälje (S),2-01,Stockholms län (S)
Sweden,V478834,2017.08.28,Ja,2017.09.01,Annan hund,Annan,Labrador,2017.08.28,2017.08.28,Nej,NA,Över 2 år,1,Skadad,0,0,0,0,0,0,0,0,0,0,1,0,Varg,,Fältkontroll - LST,Bedömd som säker,2-1983,Kulinge,6606333,551379,6607998,1505922,WGS84-UTM Zon 33,Exakt,2017.09.15,Nej,,2017.09.15,2-1983,Köping (S),2-19,Västmanlands län (S)
Sweden,V478948,2017.05.17,Ja,2017.05.18,Annan hund,Annan,Tjeckisk Schäfer,2017.05.17,2017.05.17,Nej,NA,Över 2 år,1,Skadad,0,0,0,0,0,0,0,0,0,0,1,0,Varg,,Fältkontroll - LST,Bedömd som säker,2-2061,Göberget Smedjebacken,6662068,519394,6664140,1474605,RT90,Mycket bra,2017.09.20,Nej,,2017.09.20,2-2061,Smedjebacken (S),2-20,Dalarnas län (S)
Sweden,V479222,2017.09.20,Ja,2017.09.20,Annan hund,Annan,Amerikans Cockerspaniel,2017.09.20,2017.09.20,Nej,NA,Över 2 år,1,Död,0,0,0,0,0,0,0,0,1,0,0,0,Varg,,Fältkontroll - LST,Dokumenterad,2-0115,Kårsta,6616973,684375,6617025,1639077,RT90,Exakt,2017.10.03,Nej,,2017.10.03,2-0115,Vallentuna (S),2-01,Stockholms län (S)
Sweden,V479234,2017.09.30,Ja,2017.10.04,Annan hund,Annan,Jack Russel chihuahua,2017.09.30,2017.09.30,Nej,NA,Över 2 år,1,Död,0,0,0,0,0,0,0,0,1,0,0,0,Varg,,Fältkontroll - LST,Dokumenterad,2-0380,Lena Ängeby,6651926,653332,6652362,1608454,SWEREF99 TM,Exakt,2017.10.04,Nej,,2017.10.04,2-0380,Uppsala (S),2-03,Uppsala län (S)
Sweden,V479301,2017.10.09,Ja,2017.10.09,Jakthund,Annan,Jämthund,2017.10.09,2017.10.09,Nej,NA,Över 2 år,1,Skadad,0,0,0,0,0,0,0,0,0,0,1,0,Varg,,Fältkontroll - LST,Bedömd som säker,2-2026,Bastberget söder om Mockfjärd,6693750,496116,6696118,1451706,RT90,Exakt,2017.10.09,Nej,,2017.10.09,2-2026,Gagnef (S),2-20,Dalarnas län (S)
Sweden,V479311,2017.10.10,Ja,2017.10.10,Jakthund,Annan,Jämthund,2017.10.10,2017.10.10,Nej,NA,1 till 2 år,1,Skadad,0,0,0,0,0,0,1,0,0,0,0,0,Varg,,Fältkontroll - LST,Bedömd som säker,2-1737,Mosinaho,6724514,368572,6728459,1324484,WGS84-UTM Zon 33,Mindre bra,2017.10.10,Nej,,2022.04.04,2-1737,Torsby (S),2-17,Värmlands län (S)
Sweden,V479377,2017.10.15,Ja,2017.10.15,Jakthund,Annan,Gråhund,2017.10.15,2017.10.15,Nej,NA,Över 2 år,1,Skadad,0,0,0,0,0,0,0,0,0,0,1,0,Varg,,Fältkontroll - LST,Dokumenterad,2-1766,Humsjön,6633142,381604,6636882,1336406,RT90,Mycket bra,2017.10.16,Nej,,2017.10.16,2-1766,Sunne (S),2-17,Värmlands län (S)
Sweden,V479579,2017.08.17,Ja,2017.08.17,Annan hund,Annan,Cavalier king charles spaniel,2017.08.17,2017.08.17,Nej,NA,Över 2 år,1,Död,0,0,0,0,0,0,0,0,1,0,0,0,Varg,,Fältkontroll - LST,Dokumenterad,2-0115,Ekskogen,6613021,690680,6612996,1645335,RT90,Exakt,2017.08.17,Nej,,2017.10.26,2-0115,Vallentuna (S),2-01,Stockholms län (S)
Sweden,V479580,2017.10.03,Ja,2017.10.03,Annan hund,Annan,Tibetansk Spaniel,2017.10.03,2017.10.03,Nej,NA,Över 2 år,1,Död,0,0,0,0,0,0,0,0,1,0,0,0,Varg,,Fältkontroll - LST,Dokumenterad,2-0117,,6606237,691231,6606204,1645803,RT90,Mycket bra,2017.10.25,Nej,,2017.10.25,2-0117,Österåker (S),2-01,Stockholms län (S)
Sweden,V479663,2017.10.27,Ja,2017.10.27,Jakthund,Annan,Jämthund,2017.10.27,2017.10.27,Nej,NA,Över 2 år,1,Död,0,0,0,0,0,0,0,0,1,0,0,0,Varg,,Fältkontroll - LST,Bedömd som säker,2-1784,Salungen,6636220,375541,6640036,1330377,RT90,Exakt,2017.10.27,Nej,,2017.10.31,2-1784,Arvika (S),2-17,Värmlands län (S)
Sweden,V479724,2017.10.29,Ja,2017.10.30,Jakthund,Annan,Jämte ID 977200007264248,2017.10.29,2017.10.29,Nej,NA,Över 2 år,1,Skadad,0,0,0,0,0,0,0,0,0,0,1,0,Varg,,Fältkontroll - LST,Bedömd som säker,2-1492,Kristinedal,6542722,356578,6546720,1310270,RT90,Mindre bra,2017.10.31,Nej,,2018.07.30,2-1492,Åmål (S),2-14,Västra Götalands län (S)
Sweden,V479789,2017.11.04,Ja,2017.11.05,Jakthund,Annan,Jämthund,2017.11.04,2017.11.04,Nej,NA,Över 2 år,1,Skadad,0,0,0,0,0,0,0,0,0,0,1,0,Varg,,Fältkontroll - LST,Bedömd som säker,2-1737,Sätertjärnsdalen,6661351,386544,6665045,1341692,RT90,Mycket bra,2017.11.05,Nej,,2017.11.06,2-1737,Torsby (S),2-17,Värmlands län (S)
Sweden,V479826,2017.11.13,Ja,2017.11.13,Jakthund,Annan,Finnstövare,2017.11.13,2017.11.13,Nej,NA,Över 2 år,1,Död,0,0,0,0,0,0,0,0,1,0,0,0,Varg,,Fältkontroll - LST,Dokumenterad,2-1766,S Gråsjötjärnet,6623893,387697,6627555,1342389,RT90,Mycket bra,2017.11.13,Nej,,2017.11.13,2-1766,Sunne (S),2-17,Värmlands län (S)
Sweden,V479844,2017.11.14,Ja,2017.11.14,Jakthund,Annan,Gråhund,2017.11.14,2017.11.14,Nej,NA,Över 2 år,1,Död,0,0,0,0,0,0,0,0,1,0,0,0,Varg,,Fältkontroll - LST,Dokumenterad,2-2180,"800 meter nordöst om Kroktjärnen, Hagsta",6748686,608113,6749696,1564410,SWEREF99 TM,Exakt,2017.11.16,Nej,,2017.11.17,2-2180,Gävle (S),2-21,Gävleborgs län (S)
Sweden,V479861,2017.11.18,Ja,2017.11.18,Jakthund,Annan,Jämthund,2017.11.18,2017.11.18,Nej,NA,Över 2 år,1,Död,0,0,0,0,0,0,0,0,1,0,0,0,Varg,,Fältkontroll - LST,Dokumenterad,2-2121,Homnaberg,6795458,533592,6797400,1490445,RT90,Mindre bra,2017.11.18,Nej,,2017.12.06,2-2121,Ovanåker (S),2-21,Gävleborgs län (S)
Sweden,V479862,2017.11.18,Ja,2017.11.18,Jakthund,Annan,Drever,2017.11.18,2017.11.18,Nej,NA,Över 2 år,1,Skadad,0,0,0,0,0,0,0,0,0,0,1,0,Varg,,Fältkontroll - LST,Dokumenterad,2-1766,Bråten,6620498,392928,6624094,1347581,RT90,Mycket bra,2017.11.18,Nej,,2017.11.18,2-1766,Sunne (S),2-17,Värmlands län (S)
Sweden,V479863,2017.11.18,Ja,2017.11.18,Jakthund,Annan,Finnstövare,2017.11.18,2017.11.18,Nej,NA,Över 2 år,1,Skadad,0,0,0,0,0,0,0,0,0,0,1,0,Varg,,Fältkontroll - LST,Dokumenterad,2-1782,Öst Kapellsheden,6617651,442153,6620647,1396794,RT90,Mindre bra,2017.11.18,Nej,,2017.11.18,2-1782,Filipstad (S),2-17,Värmlands län (S)
Sweden,V479923,2017.11.25,Ja,2017.11.25,Jakthund,Annan,Jämte,2017.11.25,2017.11.25,Nej,NA,Över 2 år,1,Skadad,0,0,0,0,0,0,0,0,0,0,1,0,Varg,,Fältkontroll - LST,Dokumenterad,2-1883,Karlsdal,6585034,476087,6587605,1430345,WGS84-UTM Zon 33,Mindre bra,2017.12.01,Nej,,2017.12.01,2-1883,Karlskoga (S),2-18,Örebro län (S)
Sweden,V480006,2017.12.09,Ja,2017.12.09,Jakthund,Annan,Jämthund,2017.12.09,2017.12.09,Nej,NA,Över 2 år,1,Död,0,0,0,0,0,0,0,0,1,0,0,0,Varg,,Fältkontroll - LST,Dokumenterad,2-2180,"Vittersjö, Råhällavägen",6749579,607231,6750600,1563539,SWEREF99 TM,Mycket bra,2017.12.14,Nej,,2017.12.14,2-2180,Gävle (S),2-21,Gävleborgs län (S)
Sweden,V483217,2007.10.27,Ja,2007.10.29,Annan hund,Annan,Finsk stövare,2007.10.27,2007.10.27,Nej,NA,Över 2 år,1,Skadad,0,0,0,0,0,0,0,0,0,0,1,0,Varg,Bete utan stängsel,Fältkontroll - LST,Bedömd som säker,2-2481,Nyby,7138377,669619,7138700,1630800,RT90,Mindre bra,2007.10.29,Ja,2017.12.14,,2-2481,Lycksele (S),2-24,Västerbottens län (S)
Sweden,V484176,2002.06.12,Ja,2002.06.12,Annan hund,Annan,Blandras Tax-Drever ,2002.06.12,2002.06.12,Nej,NA,Över 2 år,1,Skadad,0,0,0,0,0,0,0,0,0,0,1,0,Varg,Bete utan stängsel,Fältkontroll - LST,Bedömd som säker,2-1430,Bråmarken,6501661,307189,6506232,1260359,RT90,Mindre bra,2002.06.12,Ja,2017.12.14,,2-1430,Munkedal (S),2-14,Västra Götalands län (S)
Sweden,V484650,2017.12.20,Ja,2017.12.20,Jakthund,Annan,Korsning mellan Smålandsstövare och Hamiltonstövar,2017.12.20,2017.12.20,Nej,NA,Över 2 år,1,Död,0,0,0,0,0,0,0,0,1,0,0,0,Varg,,Fältkontroll - LST,Dokumenterad,2-2021,Starklindan,6683544,473858,6686180,1429315,RT90,Mycket bra,2017.12.21,Nej,,2022.04.04,2-2021,Vansbro (S),2-20,Dalarnas län (S)
Sweden,V485526,2018.03.07,Ja,2018.03.07,Jakthund,,jämthund,2018.03.06,2018.03.07,Nej,NA,Över 2 år,1,Död,0,0,0,0,0,0,0,0,1,0,0,0,Varg,,Fältkontroll - LST,Dokumenterad,2-1784,Fångnäs Ängen,6617931,382507,6621653,1337124,WGS84-UTM Zon 33,Mycket bra,2018.03.07,Nej,,2018.03.12,2-1784,Arvika (S),2-17,Värmlands län (S)
Sweden,V486965,2018.06.12,Ja,2018.06.12,Annan hund,Annan,Shihuahua,2018.06.12,2018.06.12,Nej,NA,Över 2 år,1,Död,0,0,0,0,0,0,0,0,1,0,0,0,Varg,,Fältkontroll - LST,Bedömd som säker,2-2083,Djörkhyttan 203,6679024,552312,6680700,1507740,SWEREF99 TM,Mycket bra,2018.06.12,Nej,,2018.06.12,2-2083,Hedemora (S),2-20,Dalarnas län (S)
Sweden,V488971,2018.08.21,Ja,2018.08.22,Jakthund,Annan,Jämthund,2018.08.21,2018.08.21,Nej,NA,Över 2 år,1,Skadad,0,0,0,0,0,0,0,0,0,0,1,0,Varg,,Fältkontroll - LST,Bedömd som säker,2-2026,Bastberget,6693653,496155,6696020,1451744,RT90,Exakt,2018.08.22,Nej,,2018.08.23,2-2026,Gagnef (S),2-20,Dalarnas län (S)
Sweden,V489659,2018.09.15,Ja,2018.09.15,Jakthund,Annan,Hamiltonstövare,2018.09.15,2018.09.15,Nej,NA,Över 2 år,1,Skadad,0,0,0,0,0,0,0,0,0,0,1,0,Varg,,Fältkontroll - LST,Bedömd som säker,2-2085,SO Håvberget,6680626,480491,6683180,1435915,RT90,Mycket bra,2018.09.17,Nej,,2018.09.17,2-2085,Ludvika (S),2-20,Dalarnas län (S)
Sweden,V490065,2018.10.02,Ja,2018.10.05,Jakthund,Annan,Jämthund,2018.10.02,2018.10.02,Nej,NA,Över 2 år,1,Skadad,0,0,0,0,0,0,0,0,0,0,1,0,Varg,,Fältkontroll - LST,Bedömd som säker,2-1737,Örån,6746061,373106,6749961,1329285,RT90,Mindre bra,2018.10.05,Nej,,2018.10.05,2-1737,Torsby (S),2-17,Värmlands län (S)
Sweden,V490660,2018.11.17,Ja,2018.11.17,Jakthund,Annan,Gråhund,2018.11.17,2018.11.17,Nej,NA,1 till 2 år,1,Död,0,0,0,0,1,0,0,0,0,0,0,0,Varg,,Fältkontroll - LST,Bedömd som säker,2-2029,Koltjärn / Andersbo,6740586,523861,6742630,1480035,RT90,Mycket bra,2018.11.19,Nej,,2018.11.19,2-2029,Leksand (S),2-20,Dalarnas län (S)
Sweden,V490702,2018.11.24,Ja,2018.11.24,Jakthund,Annan,Gråhund,2018.11.24,2018.11.24,Nej,NA,Över 2 år,1,Död,0,0,0,0,0,0,0,0,1,0,0,0,Varg,,Fältkontroll - LST,Dokumenterad,2-1737,Stöllsäterberget,6703813,415227,6707176,1370908,RT90,Mindre bra,2018.11.24,Nej,,2018.11.25,2-1737,Torsby (S),2-17,Värmlands län (S)
Sweden,V490875,2018.12.09,Ja,2018.12.11,Jakthund,Annan,75 % Karelsk Björnhund och 25 % plott,2018.12.09,2018.12.09,Nej,NA,Över 2 år,1,Skadad,0,0,0,0,0,0,0,0,0,0,1,0,Varg,,Fältkontroll - LST,Dokumenterad,2-1430,Brattöns vindkraftpark,6501803,315210,6506277,1268386,WGS84-UTM Zon 33,Mindre bra,2019.01.09,Nej,,2019.01.09,2-1430,Munkedal (S),2-14,Västra Götalands län (S)
Sweden,V491020,2019.01.29,Ja,2019.01.29,Jakthund,Annan,Drever,2019.01.29,2019.01.29,Nej,NA,1 till 2 år,1,Död,0,0,0,0,1,0,0,0,0,0,0,0,Varg,,Fältkontroll - LST,Dokumenterad,2-1780,Gillermyren Mellby,6599975,437198,6603024,1391622,RT90,Exakt,2019.01.29,Nej,,2019.01.29,2-1780,Karlstad (S),2-17,Värmlands län (S)
Sweden,V491040,2019.01.31,Ja,2019.01.31,Jakthund,,bigel,2019.01.31,2019.01.31,Nej,NA,Över 2 år,1,Död,0,0,0,0,0,0,0,0,1,0,0,0,Varg,Bete utan stängsel,Fältkontroll - LST,Dokumenterad,2-0821,Hornsö,6318940,568087,6320321,1519192,WGS84-UTM Zon 33,Exakt,2019.01.31,Nej,,2019.02.04,2-0821,Högsby (S),2-08,Kalmar län (S)
Sweden,V491445,2019.03.15,Ja,2019.03.16,Jakthund,Annan,Schillerstövare,2019.03.15,2019.03.15,Nej,NA,Över 2 år,1,Skadad,0,0,0,0,0,0,0,0,0,0,1,0,Varg,,Fältkontroll - LST,Dokumenterad,2-1438,Klevmarken,6538936,319690,6543378,1273317,WGS84-UTM Zon 33,Mycket bra,2019.03.18,Nej,,2019.03.18,2-1438,Dals-Ed (S),2-14,Västra Götalands län (S)
Sweden,V491863,2019.05.02,Ja,2019.05.02,Annan hund,,Curly coated retriver,2019.04.30,2019.05.01,Nej,NA,1 till 2 år; Över 2 år,2,Död,0,0,0,0,1,0,0,0,1,0,0,0,Varg,,Fältkontroll - LST,Bedömd som säker,2-1763,Sydöst Ulvstorp,6609889,419139,6613162,1373675,RT90,Mindre bra,,Nej,,2019.05.03,2-1763,Forshaga (S),2-17,Värmlands län (S)
Sweden,V494847,2019.09.08,Ja,2019.09.08,Jakthund,Annan,Finnstövare,2019.09.08,2019.09.08,Nej,NA,Över 2 år,1,Skadad,0,0,0,0,0,0,0,0,0,0,1,0,Varg,,Fältkontroll - LST,Dokumenterad,2-2031,S .Ockran,6765741,514370,6767910,1470850,RT90,Mindre bra,2019.09.09,Nej,,2022.04.04,2-2031,Rättvik (S),2-20,Dalarnas län (S)
Sweden,V495133,2019.08.28,Ja,2019.09.19,Vallhund,Annan,Australisk Terrier,2019.08.27,2019.08.27,Nej,NA,Över 2 år,1,Skadad,0,0,0,0,0,0,0,0,0,0,1,0,Varg,,Fältkontroll - LST,Dokumenterad,2-2121,Lillbo/Edsbyn,6804009,543033,6805837,1499994,RT90,Mindre bra,2019.09.19,Nej,,2019.09.19,2-2121,Ovanåker (S),2-21,Gävleborgs län (S)
Sweden,V495401,2019.10.01,Ja,2019.10.01,Jakthund,,Beagle,2019.10.01,2019.10.01,Nej,NA,1 till 2 år,1,Död,0,0,0,0,1,0,0,0,0,0,0,0,Varg,,Fältkontroll - LST,Bedömd som säker,2-1780,Skyberget,6600223,417991,6603505,1372409,RT90,Mindre bra,2019.10.01,Nej,,2019.10.01,2-1780,Karlstad (S),2-17,Värmlands län (S)
Sweden,V495421,2019.09.30,Ja,2019.10.02,Jakthund,Annan,Hamilton,2019.09.30,2019.09.30,Nej,NA,Över 2 år,1,Skadad,0,0,0,0,0,0,0,0,0,0,1,0,Varg,,Fältkontroll - LST,Bedömd som säker,2-2121,,6809973,563234,6811553,1520275,SWEREF99 TM,Mindre bra,2019.10.02,Nej,,2019.10.02,2-2121,Ovanåker (S),2-21,Gävleborgs län (S)
Sweden,V495493,2019.10.05,Ja,2019.10.07,Jakthund,Annan,Drever,2019.10.05,2019.10.05,Nej,NA,1 till 2 år,1,Död,0,0,0,0,1,0,0,0,0,0,0,0,Varg,,Fältkontroll - LST,Dokumenterad,2-2101,,6758147,591251,6759367,1547660,RT90,Mindre bra,2019.10.08,Nej,,2019.10.21,2-2101,Ockelbo (S),2-21,Gävleborgs län (S)
Sweden,V495547,2019.10.06,Ja,2019.10.07,Jakthund,Annan,Jämthund,2019.10.06,2019.10.06,Nej,NA,Över 2 år,1,Skadad,0,0,0,0,0,0,0,0,0,0,1,0,Varg,,Fältkontroll - LST,Bedömd som säker,2-2031,L. Gäddtjärnen,6753586,519172,6755692,1475504,RT90,Mindre bra,2019.10.10,Nej,,2019.10.10,2-2031,Rättvik (S),2-20,Dalarnas län (S)
Sweden,V495548,2019.10.10,Ja,2019.10.10,Jakthund,,drever,2019.10.09,2019.10.09,Nej,NA,Under 1 år,1,Avlivad,0,1,0,0,0,0,0,0,0,0,0,0,Varg,,Fältkontroll - LST,Dokumenterad,2-2080,kurberget,6752104,544738,6753895,1501060,RT90,Mindre bra,2019.10.10,Nej,,2020.02.06,2-2080,Falun (S),2-20,Dalarnas län (S)
Sweden,V495562,2019.10.12,Ja,2019.10.12,Jakthund,,Jämthund,2019.10.12,2019.10.12,Nej,NA,Över 2 år,1,Död,0,0,0,0,0,0,0,0,1,0,0,0,Varg,,Fältkontroll - LST,Dokumenterad,2-2161,Björna,6843080,530059,6845081,1487500,WGS84-UTM Zon 33,Mindre bra,2019.10.12,Nej,,2019.10.12,2-2161,Ljusdal (S),2-21,Gävleborgs län (S)
Sweden,V495572,2019.10.13,Ja,2019.10.13,Jakthund,Annan,Drever,2019.10.13,2019.10.13,Nej,NA,1 till 2 år,1,Skadad,0,0,0,0,0,0,1,0,0,0,0,0,Varg,,Fältkontroll - LST,Bedömd som säker,2-2121,Pålsbo,6804434,537752,6806327,1494717,SWEREF99 TM,Mindre bra,2019.10.13,Nej,,2019.10.13,2-2121,Ovanåker (S),2-21,Gävleborgs län (S)
Sweden,V495779,2019.10.26,Ja,2019.10.27,Jakthund,,Jämthund,2019.10.26,2019.10.26,Nej,NA,Över 2 år,1,Död,0,0,0,0,0,0,0,0,1,0,0,0,Varg,,Fältkontroll - LST,Dokumenterad,2-2161,Örasjön,6882009,527257,6884057,1485180,RT90,Mindre bra,2019.10.27,Nej,,2019.10.27,2-2161,Ljusdal (S),2-21,Gävleborgs län (S)
Sweden,V495929,2019.10.27,Ja,2019.11.07,Jakthund,,Gråhund,2019.10.27,2019.10.27,Nej,NA,Över 2 år,1,Död,0,0,0,0,0,0,0,0,1,0,0,0,Varg,,Fältkontroll - LST,Dokumenterad,2-2161,Kumsjön,6886085,553030,6887813,1511012,WGS84-UTM Zon 33,Mindre bra,2019.11.07,Nej,,2019.11.07,2-2161,Ljusdal (S),2-21,Gävleborgs län (S)
Sweden,V496069,2019.11.23,Ja,2019.11.24,Jakthund,Annan,Jämthund,2019.11.23,2019.11.23,Nej,NA,Över 2 år,1,Död,0,0,0,0,0,0,0,0,1,0,0,0,Varg,,Fältkontroll - LST,Dokumenterad,2-2121,Flygfältet/Homna,6803698,530419,6805681,1487373,SWEREF99 TM,Mindre bra,2019.11.25,Nej,,2019.11.25,2-2121,Ovanåker (S),2-21,Gävleborgs län (S)
Sweden,V496099,2019.11.24,Ja,2019.11.27,Jakthund,Annan,Laika,2019.11.24,2019.11.24,Nej,NA,1 till 2 år,1,Skadad,0,0,0,0,0,0,1,0,0,0,0,0,Varg,,Fältkontroll - LST,Dokumenterad,2-1783,Grävlingberget Höje,6641926,421195,6645188,1376122,WGS84-UTM Zon 33,Mindre bra,2019.11.27,Nej,,2022.04.04,2-1783,Hagfors (S),2-17,Värmlands län (S)
Sweden,V496137,2019.11.30,Ja,2019.12.03,Jakthund,Annan,Strävhårig tax,2019.11.30,2019.11.30,Nej,NA,Över 2 år,1,Avlivad,0,0,0,0,0,0,0,0,0,1,0,0,Varg,,Fältkontroll - LST,Dokumenterad,2-0684,"Hultsjö, Ammatorp",6350589,481681,6353003,1433132,RT90,Mindre bra,2019.12.03,Nej,,2019.12.04,2-0684,Sävsjö (S),2-06,Jönköpings län (S)
Sweden,V496284,2019.12.30,Ja,2020.01.02,Jakthund,Annan,Hamiltonstövare,2019.12.30,2019.12.30,Nej,NA,Över 2 år,1,Skadad,0,0,0,0,0,0,0,0,0,0,1,0,Varg,,Fältkontroll - LST,Dokumenterad,2-1884,,6617331,495619,6619677,1450277,SWEREF99 TM,Mindre bra,2020.01.03,Nej,,2020.01.29,2-1884,Nora (S),2-18,Örebro län (S)
Sweden,V496318,2020.01.01,Ja,2020.01.02,Jakthund,Annan,Korsning jämte /Laika,2019.12.31,2020.01.01,Nej,NA,Över 2 år,1,Avlivad,0,0,0,0,0,0,0,0,0,1,0,0,Varg,,Fältkontroll - LST,Dokumenterad,2-2181,Järbo,6733969,586661,6735239,1542772,SWEREF99 TM,Mindre bra,2020.01.08,Nej,,2020.01.08,2-2181,Sandviken (S),2-21,Gävleborgs län (S)
Sweden,V496380,2020.01.11,Ja,2020.01.12,Jakthund,Annan,jämthund,2020.01.11,2020.01.11,Nej,NA,Över 2 år,1,Död,0,0,0,0,0,0,0,0,1,0,0,0,Varg,,Fältkontroll - LST,Dokumenterad,2-1863,Sandsjöhöjden,6640975,481256,6643505,1436196,RT90,Mindre bra,2020.01.13,Nej,,2020.02.11,2-1863,Hällefors (S),2-18,Örebro län (S)
Sweden,V496532,2020.01.25,Ja,2020.01.25,Jakthund,,Gråhund,2020.01.25,2020.01.25,Nej,NA,Över 2 år,1,Död,0,0,0,0,0,0,0,0,1,0,0,0,Varg,,Fältkontroll - LST,Dokumenterad,2-2121,Blommaberg,6810263,518403,6812397,1475434,SWEREF99 TM,Mindre bra,2020.01.27,Nej,,2020.01.29,2-2121,Ovanåker (S),2-21,Gävleborgs län (S)
Sweden,V496631,2020.02.05,Ja,2020.02.07,Annan hund,Annan,Sebirian Husky,2020.02.05,2020.02.05,Nej,NA,Över 2 år,1,Skadad,0,0,0,0,0,0,0,0,0,0,1,0,Varg,,Fältkontroll - LST,Bedömd som säker,2-2062,Vika,6756980,469955,6759693,1426311,RT90,Mindre bra,2020.02.08,Nej,,2020.02.08,2-2062,Mora (S),2-20,Dalarnas län (S)
Sweden,V496793,2020.02.20,Ja,2020.02.20,Jakthund,Annan,Drever,2020.02.20,2020.02.20,Nej,NA,Under 1 år,1,Död,1,0,0,0,0,0,0,0,0,0,0,0,Varg,,Fältkontroll - LST,Dokumenterad,2-1863,Nätsjön,6640272,470704,6642930,1425631,SWEREF99 TM,Mindre bra,2020.02.20,Nej,,2022.04.04,2-1863,Hällefors (S),2-18,Örebro län (S)
Sweden,V496864,2020.02.25,Ja,2020.02.25,Jakthund,,Beagle,2020.02.25,2020.02.25,Nej,NA,Över 2 år,1,Död,0,0,0,0,0,0,0,0,1,0,0,0,Varg,,Fältkontroll - LST,Dokumenterad,2-2101,Trätåsberget,6752201,567325,6753714,1523655,WGS84-UTM Zon 33,Mindre bra,2020.02.25,Nej,,2020.06.02,2-2101,Ockelbo (S),2-21,Gävleborgs län (S)
Sweden,V498056,2020.04.07,Nej,,Annan hund,Annan,Blandras,2020.04.07,2020.04.07,Nej,NA,Över 2 år,1,Skadad,0,0,0,0,0,0,0,0,0,0,1,0,Varg,,Fotodokumentation,Bedömd som säker,2-2283,Långskog,6988642,599912,6989813,1559188,SWEREF99 TM,Mindre bra,2020.05.14,Nej,,2020.05.14,2-2283,Sollefteå (S),2-22,Västernorrlands län (S)
Sweden,V501302,2020.09.01,Ja,2020.09.01,Jakthund,Annan,Hamiltonstövare,2020.09.01,2020.09.01,Nej,NA,Över 2 år,1,Skadad,0,0,0,0,0,0,0,0,0,0,1,0,Varg,,Fältkontroll - LST,Bedömd som säker,2-2061,Blåkullberget,6673495,531067,6675429,1486421,SWEREF99 TM,Mycket bra,2020.09.02,Nej,,2020.09.02,2-2061,Smedjebacken (S),2-20,Dalarnas län (S)
Sweden,V501568,2020.09.12,Ja,2020.09.14,Jakthund,Annan,Jämthund,2020.09.12,2020.09.12,Nej,NA,1 till 2 år,1,Skadad,0,0,0,0,0,0,1,0,0,0,0,0,Varg,,Fältkontroll - LST,Bedömd som säker,2-2361,Ursjöberget,6895987,519198,6898140,1477293,SWEREF99 TM,Mycket bra,2020.09.15,Nej,,2020.09.16,2-2361,Härjedalen (S),2-23,Jämtlands län (S)
Sweden,V501814,2020.09.25,Ja,2020.09.25,Jakthund,Annan,Drever,2020.09.25,2020.09.25,Nej,NA,Över 2 år,1,Skadad,0,0,0,0,0,0,0,0,0,0,1,0,Varg,,Fältkontroll - LST,Bedömd som säker,2-1883,,6588421,470880,6591057,1425177,RT90,Mindre bra,2020.09.27,Nej,,2020.10.02,2-1883,Karlskoga (S),2-18,Örebro län (S)
Sweden,V501829,2020.09.27,Ja,2020.09.27,Jakthund,Annan,Gråhund,2020.09.27,2020.09.27,Nej,NA,Över 2 år,1,Skadad,0,0,0,0,0,0,0,0,0,0,1,0,Varg,,Fältkontroll - LST,Bedömd som säker,2-2080,Hillersboda,6732294,551984,6733990,1508065,RT90,Mycket bra,2020.09.28,Nej,,2020.09.28,2-2080,Falun (S),2-20,Dalarnas län (S)
Sweden,V502027,2020.10.12,Ja,2020.10.12,Jakthund,Annan,Jämthund,2020.10.12,2020.10.12,Nej,NA,Över 2 år,1,Död,0,0,0,0,0,0,0,0,1,0,0,0,Varg,,Fältkontroll - LST,Dokumenterad,2-1783,"Grusmon, Sörby",6648348,411511,6651731,1366512,RT90,Exakt,2020.10.13,Nej,,2020.10.13,2-1783,Hagfors (S),2-17,Värmlands län (S)
Sweden,V502057,2020.10.14,Ja,2020.10.15,Jakthund,,Vitälghund,2020.10.14,2020.10.14,Nej,NA,Över 2 år,1,Skadad,0,0,0,0,0,0,0,0,0,0,1,0,Varg,,Fältkontroll - LST,Dokumenterad,2-1880,Bredsjö,6577886,510653,6580036,1464837,WGS84-UTM Zon 33,Mindre bra,,Nej,,2020.10.15,2-1880,Örebro (S),2-18,Örebro län (S)
Sweden,V502192,2020.10.25,Ja,2020.10.26,Annan hund,,Dvärgpincher,2020.10.25,2020.10.25,Nej,NA,Över 2 år,1,Död,0,0,0,0,0,0,0,0,1,0,0,0,Varg,,Fältkontroll - LST,Dokumenterad,2-1766,Bössviken 22 ,6616127,403293,6619595,1357898,WGS84-UTM Zon 33,Mindre bra,2020.10.26,Nej,,2020.10.26,2-1766,Sunne (S),2-17,Värmlands län (S)
Sweden,V502316,2020.11.03,Ja,2020.11.04,Jakthund,Annan,Tax,2020.11.03,2020.11.03,Nej,NA,1 till 2 år,1,Död,0,0,0,0,1,0,0,0,0,0,0,0,Varg,,Fältkontroll - LST,Bedömd som säker,2-2081,Borlänge / Tjärnan,6706639,520062,6708718,1475818,RT90,Mycket bra,2020.11.05,Nej,,2020.11.20,2-2081,Borlänge (S),2-20,Dalarnas län (S)
Sweden,V502351,2020.11.15,Ja,2020.11.15,Jakthund,,Jämthund ,2020.11.14,2020.11.15,Ja,NA,Över 2 år,1,Avlivad,0,0,0,0,0,0,0,0,0,1,0,0,Varg,,Fältkontroll - LST,Dokumenterad,2-1863,,6645475,465043,6648204,1420032,WGS84-UTM Zon 33,Mindre bra,2020.12.14,Nej,,2020.12.15,2-1863,Hällefors (S),2-18,Örebro län (S)
Sweden,V502364,2020.11.14,Ja,2020.11.15,Jakthund,,Gråhund,2020.11.14,2020.11.14,Nej,NA,Över 2 år,1,Död,0,0,0,0,0,0,0,0,1,0,0,0,Varg,,Fältkontroll - LST,Dokumenterad,2-2161,Remmakölen,6885298,557006,6886977,1514980,WGS84-UTM Zon 33,Mindre bra,2020.11.30,Nej,,2020.11.30,2-2161,Ljusdal (S),2-21,Gävleborgs län (S)
Sweden,V502367,2020.11.15,Ja,2020.11.16,Jakthund,,Schillerstövare,2020.11.15,2020.11.15,Nej,NA,Över 2 år,1,Skadad,0,0,0,0,0,0,0,0,0,0,1,0,Varg,,Fältkontroll - LST,Dokumenterad,2-1782,Skarptorp,6605296,467865,6607975,1422366,RT90,Mindre bra,2020.11.16,Nej,,2021.09.21,2-1782,Filipstad (S),2-17,Värmlands län (S)
Sweden,V502402,2020.11.23,Ja,2020.11.23,Jakthund,,Drever,2020.11.23,2020.11.23,Nej,NA,Över 2 år,1,Skadad,0,0,0,0,0,0,0,0,0,0,1,0,Varg,,Fältkontroll - LST,Dokumenterad,2-2061,Stora bjursjön,6653292,530919,6655221,1486027,WGS84-UTM Zon 33,Mindre bra,2020.11.23,Nej,,2020.11.24,2-2061,Smedjebacken (S),2-20,Dalarnas län (S)
Sweden,V502443,2020.12.05,Ja,2020.12.05,Jakthund,,Jämthund,2020.12.05,2020.12.05,Nej,NA,Över 2 år,1,Död,0,0,0,0,0,0,0,0,1,0,0,0,Varg,,Fältkontroll - LST,Dokumenterad,2-2161,Habovall,6850878,521359,6852989,1478894,SWEREF99 TM,Exakt,2020.12.16,Nej,,2020.12.16,2-2161,Ljusdal (S),2-21,Gävleborgs län (S)
Sweden,V502489,2020.12.14,Ja,2020.12.15,Jakthund,Annan,Stövare,2020.12.12,2020.12.12,Nej,NA,Över 2 år,1,Skadad,0,0,0,0,0,0,0,0,0,0,1,0,Varg,,Fältkontroll - LST,Dokumenterad,2-2181,Gäddtjärn,6724596,571821,6726046,1527813,SWEREF99 TM,Mindre bra,2020.12.16,Nej,,2020.12.16,2-2181,Sandviken (S),2-21,Gävleborgs län (S)
Sweden,V502520,2020.12.27,Ja,2020.12.28,Jakthund,Annan,Smålandstövare,2020.12.27,2020.12.27,Nej,NA,Över 2 år,1,Skadad,0,0,0,0,0,0,0,0,0,0,1,0,Varg,,Fältkontroll - LST,Bedömd som säker,2-1863,Norrsjöreviret,6641915,480097,6644459,1435048,SWEREF99 TM,Mindre bra,2020.12.28,Nej,,2021.03.09,2-1863,Hällefors (S),2-18,Örebro län (S)
Sweden,V502532,2021.01.02,Ja,2021.01.03,Jakthund,,Amerikanska Foxhund,2021.01.02,2021.01.02,Ja,NA,1 till 2 år,1,Död,0,0,0,0,1,0,0,0,0,0,0,0,Varg,,Fältkontroll - LST,Dokumenterad,2-2161,Sidskogen,6829642,547248,6831425,1504528,WGS84-UTM Zon 33,Mindre bra,2021.01.03,Nej,,2021.05.31,2-2161,Ljusdal (S),2-21,Gävleborgs län (S)
Sweden,V503020,2021.02.24,Ja,2021.02.24,Jakthund,,Finsk støver,2021.02.24,2021.02.24,Nej,NA,Över 2 år,1,Död,0,0,0,0,0,0,0,0,1,0,0,0,Varg,Bete utan stängsel,Fältkontroll - SNO,Dokumenterad,2-1737,Posåsen,6738377,357444,6742465,1313521,WGS84-UTM Zon 33,Mindre bra,,Nej,,2021.02.25,2-1737,Torsby (S),2-17,Värmlands län (S)
Sweden,V503207,2021.03.13,Ja,2021.03.13,Jakthund,,Finskstövare,2021.03.13,2021.03.13,Nej,NA,Över 2 år,1,Skadad,0,0,0,0,0,0,0,0,0,0,1,0,Varg,,Fältkontroll - LST,Dokumenterad,2-2181,Lumsheden,6729305,572434,6730749,1528484,WGS84-UTM Zon 33,Mycket bra,2021.08.11,Nej,,2021.08.16,2-2181,Sandviken (S),2-21,Gävleborgs län (S)
Sweden,V503265,2021.03.15,Ja,2021.03.16,Jakthund,Annan,Finnstövare,2021.03.15,2021.03.15,Nej,NA,1 till 2 år,1,Skadad,0,0,0,0,0,0,1,0,0,0,0,0,Varg,,Fältkontroll - LST,Dokumenterad,2-2021,Roslamstjärn,6682608,476451,6685212,1431897,SWEREF99 TM,Mindre bra,2021.03.16,Nej,,2021.03.16,2-2021,Vansbro (S),2-20,Dalarnas län (S)
Sweden,V506165,2021.08.22,Ja,2021.08.21,Jakthund,Annan,smålands stövare,2021.08.21,2021.08.21,Nej,NA,Över 2 år,1,Avlivad,0,0,0,0,0,0,0,0,0,1,0,0,Varg,,Fältkontroll - LST,Dokumenterad,2-2080,Masbäck Hillersboda,6728272,554034,6729941,1510066,RT90,Mycket bra,2021.08.23,Nej,,2021.08.23,2-2080,Falun (S),2-20,Dalarnas län (S)
Sweden,V506201,2021.08.22,Ja,2021.08.23,Jakthund,,Jämthund,2021.08.22,2021.08.22,Nej,NA,Över 2 år,1,Skadad,0,0,0,0,0,0,0,0,0,0,1,0,Varg,Bete utan stängsel,Fältkontroll - LST,Dokumenterad,2-1737,Nyvägen Sörmark,6679073,378242,6682877,1333602,WGS84-UTM Zon 33,Mindre bra,2021.08.23,Nej,,2021.08.24,2-1737,Torsby (S),2-17,Värmlands län (S)
Sweden,V506415,2021.08.31,Ja,2021.08.31,Jakthund,,Finsk stövare,2021.08.31,2021.08.31,Nej,NA,Över 2 år,1,Död,0,0,0,0,0,0,0,0,1,0,0,0,Varg,,Fältkontroll - LST,Dokumenterad,2-1737,Stölletsjön,6700479,409736,6703907,1365373,WGS84-UTM Zon 33,Mindre bra,2021.08.31,Nej,,2021.08.31,2-1737,Torsby (S),2-17,Värmlands län (S)
Sweden,V506489,2021.09.02,Ja,2021.09.02,Jakthund,Annan,Jämthund,2021.09.02,2021.09.02,Nej,NA,Över 2 år,1,Skadad,0,0,0,0,0,0,0,0,0,0,1,0,Varg,,Fältkontroll - LST,Dokumenterad,2-2029,Sörmyra,6720843,509984,6723051,1465911,RT90,Mycket bra,2021.09.02,Nej,,2022.02.09,2-2029,Leksand (S),2-20,Dalarnas län (S)
Sweden,V506542,2021.09.05,Ja,2021.09.05,Jakthund,Annan,Finsk stövare,2021.09.05,2021.09.05,Nej,NA,Över 2 år,1,Skadad,0,0,0,0,0,0,0,0,0,0,1,0,Varg,,Fältkontroll - LST,Bedömd som säker,2-2080,Karlsbyn fäbod,6723319,551282,6725021,1507252,RT90,Mycket bra,2021.09.06,Nej,,2021.10.13,2-2080,Falun (S),2-20,Dalarnas län (S)
Sweden,V506629,2021.09.07,Ja,2021.09.07,Jakthund,Annan,Finsk stövare,2021.09.07,2021.09.07,Nej,NA,Över 2 år,1,Skadad,0,0,0,0,0,0,0,0,0,0,1,0,Varg,,Fältkontroll - LST,Dokumenterad,2-2061,Kanpptjärn Grustag,6671656,534513,6673547,1489846,RT90,Mycket bra,2021.09.07,Nej,,2021.09.07,2-2061,Smedjebacken (S),2-20,Dalarnas län (S)
Sweden,V506635,2021.08.21,Ja,2021.09.07,Jakthund,Annan,hamiltonstövare,2021.08.21,2021.08.21,Nej,NA,Över 2 år,1,Skadad,0,0,0,0,0,0,0,0,0,0,1,0,Varg,,Fältkontroll - LST,Dokumenterad,2-1864,,6655841,492001,6658246,1447126,SWEREF99 TM,Mindre bra,2021.09.08,Nej,,2021.09.10,2-1864,Ljusnarsberg (S),2-18,Örebro län (S)
Sweden,V506674,2021.09.08,Ja,2021.09.09,Jakthund,,Finsk spets,2021.09.08,2021.09.08,Nej,NA,Över 2 år,1,Skadad,0,0,0,0,0,0,0,0,0,0,1,0,Varg,,Fältkontroll - LST,Bedömd som säker,2-1782,Ögsjövägen,6645052,445887,6648015,1400863,WGS84-UTM Zon 33,Mindre bra,2021.09.09,Nej,,2021.09.09,2-1782,Filipstad (S),2-17,Värmlands län (S)
Sweden,V506769,2021.09.12,Ja,2021.09.12,Jakthund,Annan,Gråhund,2021.09.12,2021.09.12,Nej,NA,Över 2 år,1,Skadad,0,0,0,0,0,0,0,0,0,0,1,0,Varg,,Fältkontroll - LST,Dokumenterad,2-1783,Solbergsmossen,6682903,424865,6686138,1380294,RT90,Exakt,2021.09.12,Nej,,2021.10.03,2-1783,Hagfors (S),2-17,Värmlands län (S)
Sweden,V506920,2021.09.10,Ja,2021.09.15,Jakthund,Annan,Gråhund  Hane 5 år,2021.09.10,2021.09.10,Nej,NA,Över 2 år,1,Skadad,0,0,0,0,0,0,0,0,0,0,1,0,Varg,,Fältkontroll - LST,Bedömd som säker,2-2361,Gammelbodarna,6912192,423814,6915540,1382075,SWEREF99 TM,Mycket bra,2021.09.20,Nej,,2022.04.04,2-2361,Härjedalen (S),2-23,Jämtlands län (S)
Sweden,V506972,2021.09.19,Ja,2021.09.20,Jakthund,,Smålandsstövare,2021.09.19,2021.09.19,Nej,NA,1 till 2 år,1,Skadad,0,0,0,0,0,0,1,0,0,0,0,0,Varg,,Fältkontroll - LST,Dokumenterad,2-1782,Bosjötorp,6633545,437855,6636601,1392687,RT90,Mindre bra,2021.09.20,Nej,,2021.09.21,2-1782,Filipstad (S),2-17,Värmlands län (S)
Sweden,V507065,2021.09.04,Ja,2021.09.05,Jakthund,Annan,Jämthund,2021.09.04,2021.09.04,Nej,NA,Över 2 år,1,Skadad,0,0,0,0,0,0,0,0,0,0,1,0,Varg,,Intervju/brev,Bedömd som säker,2-2161,Örsasjön,6893758,543107,6895612,1501182,SWEREF99 TM,Mycket bra,2021.09.06,Nej,,2021.09.27,2-2161,Ljusdal (S),2-21,Gävleborgs län (S)
Sweden,V507146,2021.09.30,Ja,2021.09.30,Jakthund,Annan,Smålands stövare,2021.09.30,2021.09.30,Nej,NA,Över 2 år,1,Skadad,0,0,0,0,0,0,0,0,0,0,1,0,Varg,,Fältkontroll - LST,Bedömd som säker,2-2031,Björnberget,6791003,513289,6793194,1470080,RT90,Mycket bra,2021.10.01,Nej,,2022.04.04,2-2031,Rättvik (S),2-20,Dalarnas län (S)
Sweden,V507170,2021.10.02,Ja,2021.10.03,Jakthund,Annan,Jämthund,2021.10.02,2021.10.02,Nej,NA,Över 2 år,1,Död,0,0,0,0,0,0,0,0,1,0,0,0,Varg,,Fältkontroll - LST,Dokumenterad,2-2181,NO Hyn,6720844,567556,6722345,1523501,SWEREF99 TM,Mycket bra,2021.10.04,Nej,,2022.04.04,2-2181,Sandviken (S),2-21,Gävleborgs län (S)
Sweden,V507242,2021.10.08,Ja,2021.10.08,Jakthund,,Schiller,2021.10.08,2021.10.08,Nej,NA,Över 2 år,1,Skadad,0,0,0,0,0,0,0,0,0,0,1,0,Varg,,Fältkontroll - LST,Dokumenterad,2-2161,Finnsjö,6848831,534564,6850778,1492078,SWEREF99 TM,Mindre bra,2021.10.08,Nej,,2021.10.08,2-2161,Ljusdal (S),2-21,Gävleborgs län (S)
Sweden,V507330,2021.10.16,Ja,2021.10.16,Jakthund,Annan,blandras,2021.10.16,2021.10.16,Nej,NA,Över 2 år,1,Skadad,0,0,0,0,0,0,0,0,0,0,1,0,Varg,,Fältkontroll - LST,Bedömd som säker,2-0562,Pershyttan,6500971,533660,6502818,1486924,SWEREF99 TM,Mindre bra,2021.10.16,Nej,,2021.10.16,2-0562,Finspång (S),2-05,Östergötlands län (S)
Sweden,V507440,2021.10.09,Ja,2021.10.22,Jakthund,,Jämthund,2021.10.09,2021.10.09,Nej,NA,Över 2 år,1,Skadad,0,0,0,0,0,0,0,0,0,0,1,0,Varg,Bete utan stängsel,Fältkontroll - LST,Bedömd som säker,2-2031,Broboberget,6779571,511484,6781780,1468134,WGS84-UTM Zon 33,Mindre bra,2021.10.26,Nej,,2021.10.26,2-2031,Rättvik (S),2-20,Dalarnas län (S)
Sweden,V507505,2021.10.30,Ja,2021.10.30,Jakthund,Annan,Jämthund,2021.10.30,2021.10.30,Nej,NA,Över 2 år,1,Död,0,0,0,0,0,0,0,0,1,0,0,0,Varg,,Fältkontroll - LST,Dokumenterad,2-2181,"Grundsjön, Stocksbo",6726406,573513,6727836,1529528,SWEREF99 TM,Mycket bra,2021.11.01,Nej,,2021.11.01,2-2181,Sandviken (S),2-21,Gävleborgs län (S)
Sweden,V507559,2021.11.06,Ja,2021.11.08,Jakthund,Annan,Gråhund,2021.11.06,2021.11.06,Nej,NA,Över 2 år,1,Skadad,0,0,0,0,0,0,0,0,0,0,1,0,Varg,,Fältkontroll - LST,Dokumenterad,2-1862,Trunhatten,6547267,466423,6549941,1420221,WGS84-UTM Zon 33,Mycket bra,2021.11.08,Nej,,2021.12.07,2-1862,Degerfors (S),2-18,Örebro län (S)
Sweden,V507594,2021.11.13,Ja,2021.11.13,Jakthund,Annan,Jämthund,2021.11.13,2021.11.13,Nej,NA,Över 2 år,1,Död,0,0,0,0,0,0,0,0,1,0,0,0,Varg,,Fältkontroll - LST,Dokumenterad,2-2161,Timmerberget,6883265,533764,6885232,1491705,SWEREF99 TM,Exakt,2021.11.13,Nej,,2021.11.13,2-2161,Ljusdal (S),2-21,Gävleborgs län (S)
Sweden,V507596,2021.11.09,Ja,2021.11.09,Jakthund,,Jämte,2021.11.06,2021.11.06,Nej,NA,Över 2 år,1,Skadad,0,0,0,0,0,0,0,0,0,0,1,0,Varg,,Fältkontroll - LST,Bedömd som säker,2-2121,Masen,6771255,549902,6772988,1506461,WGS84-UTM Zon 33,Mindre bra,2021.11.15,Nej,,2022.11.14,2-2121,Ovanåker (S),2-21,Gävleborgs län (S)
Sweden,V507627,2021.11.19,Ja,2021.11.19,Jakthund,Annan,Drever,2021.11.19,2021.11.19,Nej,NA,Över 2 år,1,Död,0,0,0,0,0,0,0,0,1,0,0,0,Varg,,Fältkontroll - LST,Bedömd som säker,2-2101,Lurbo,6761414,585846,6762702,1542294,SWEREF99 TM,Mycket bra,2021.11.22,Nej,,2021.11.22,2-2101,Ockelbo (S),2-21,Gävleborgs län (S)
Sweden,V507751,2021.12.11,Nej,,Jakthund,Annan,Jämthund,2021.12.11,2021.12.11,Nej,NA,Över 2 år,1,Död,0,0,0,0,0,0,0,0,1,0,0,0,Varg,,Fältkontroll - LST,Bedömd som säker,2-1784,Lomsen,6667111,363628,6671087,1318835,RT90,Mindre bra,2021.12.14,Nej,,2022.04.04,2-1784,Arvika (S),2-17,Värmlands län (S)
Sweden,V507793,2021.12.23,Ja,2021.12.25,Jakthund,Annan,Drever,2021.12.23,2021.12.23,Nej,NA,Under 1 år,1,Död,1,0,0,0,0,0,0,0,0,0,0,0,Varg,,Fältkontroll - LST,Dokumenterad,2-1465,Tocknarås,6361473,373638,6365173,1325169,SWEREF99 TM,Mycket bra,2021.12.23,Nej,,2022.01.05,2-1465,Svenljunga (S),2-14,Västra Götalands län (S)
Sweden,V507811,2021.12.26,Ja,2021.12.27,Jakthund,Annan,Tax,2021.12.26,2021.12.26,Nej,NA,1 till 2 år,1,Skadad,0,0,0,0,0,0,1,0,0,0,0,0,Varg,,Fältkontroll - LST,Dokumenterad,2-1981,Jugansbo,6651764,595220,6652909,1550327,SWEREF99 TM,Exakt,2021.12.28,Nej,,2022.04.04,2-1981,Sala (S),2-19,Västmanlands län (S)
Sweden,V507841,2021.12.29,Ja,2021.12.30,Annan hund,,Pincher,2021.12.29,2021.12.29,Nej,NA,Över 2 år,1,Död,0,0,0,0,0,0,0,0,1,0,0,0,Varg,,Fältkontroll - LST,Dokumenterad,2-1983,Värmbo,6606488,558844,6608063,1513391,WGS84-UTM Zon 33,Mindre bra,,Nej,,2022.01.04,2-1983,Köping (S),2-19,Västmanlands län (S)
Sweden,V507885,2022.01.08,Ja,2022.01.10,Jakthund,,Smålandstövare,2022.01.08,2022.01.08,Nej,NA,Över 2 år,1,Skadad,0,0,0,0,0,0,0,0,0,0,1,0,Varg,,Fältkontroll - LST,Bedömd som säker,2-1780,Mellbyn,6600654,438820,6603684,1393253,WGS84-UTM Zon 33,Mindre bra,2022.01.10,Nej,,2022.01.10,2-1780,Karlstad (S),2-17,Värmlands län (S)
Sweden,V507974,2022.01.11,Ja,2022.01.11,Jakthund,Annan,Armerikansk foxhound,2022.01.10,2022.01.11,Nej,NA,Över 2 år,1,Skadad,0,0,0,0,0,0,0,0,0,0,1,0,Varg,,Fältkontroll - LST,Dokumenterad,2-1881,Besiktningsplats,6553677,504256,6555896,1458145,RT90,Mindre bra,2022.01.21,Nej,,2022.01.21,2-1881,Kumla (S),2-18,Örebro län (S)
Sweden,V508121,2022.02.01,Nej,,Jakthund,Annan,Drever,2022.02.01,2022.02.01,Nej,NA,Över 2 år,1,Död,0,0,0,0,0,0,0,0,1,0,0,0,Varg,,Fältkontroll - LST,Dokumenterad,2-1383,,6350079,357551,6353964,1308939,SWEREF99 TM,Mindre bra,2022.02.01,Nej,,2022.02.04,2-1383,Varberg (S),2-13,Hallands län (S)
Sweden,V508149,2022.02.02,Ja,2022.02.02,Jakthund,,Hamilton,2022.02.02,2022.02.02,Nej,NA,Under 1 år,1,Skadad,0,0,1,0,0,0,0,0,0,0,0,0,Varg,,Fältkontroll - LST,Dokumenterad,2-1766,Sydost Björntjärn,6633870,405951,6637314,1360773,SWEREF99 TM,Mindre bra,2022.02.02,Nej,,2022.02.04,2-1766,Sunne (S),2-17,Värmlands län (S)
Sweden,V508436,2022.02.22,Nej,,Jakthund,Annan,Stövare,2022.02.22,2022.02.22,Nej,NA,1 till 2 år,1,Skadad,0,0,0,0,0,0,1,0,0,0,0,0,Varg,,Intervju/brev,Bedömd som säker,2-2181,Högbo,6728957,596603,6730104,1552655,SWEREF99 TM,Mycket bra,2022.02.24,Nej,,2022.04.04,2-2181,Sandviken (S),2-21,Gävleborgs län (S)
Sweden,V509719,2022.05.18,Ja,2022.05.18,Annan hund,Annan,Blandras,2022.05.18,2022.05.18,Nej,NA,Över 2 år,1,Skadad,0,0,0,0,0,0,0,0,0,0,1,0,Varg,,Fältkontroll - LST,Dokumenterad,2-0181,Järna,6552121,647315,6552611,1601225,RT90,Mindre bra,2022.05.23,Nej,,2022.05.23,2-0181,Södertälje (S),2-01,Stockholms län (S)
Sweden,V510776,2022.07.11,Ja,2022.07.11,Annan hund,,Pinscher ,2022.07.09,2022.07.09,Nej,NA,Över 2 år,1,Skadad,0,0,0,0,0,0,0,0,0,0,1,0,Varg,,Fältkontroll - LST,Dokumenterad,2-1762,"Tjärne, Ransäter ",6629335,414801,6632669,1369572,WGS84-UTM Zon 33,Mindre bra,2022.07.11,Nej,,2022.07.12,2-1762,Munkfors (S),2-17,Värmlands län (S)
Sweden,V511898,2022.08.25,Ja,2022.08.25,Jakthund,Annan,Vit älghund,2022.08.25,2022.08.25,Nej,NA,Över 2 år,1,Avlivad,0,0,0,0,0,0,0,0,0,1,0,0,Varg,,Fältkontroll - LST,Dokumenterad,2-2084,Nickarvet,6679898,571520,6681339,1526965,SWEREF99 TM,Mycket bra,2022.08.25,Nej,,2022.08.26,2-2084,Avesta (S),2-20,Dalarnas län (S)
Sweden,V512126,2022.09.06,Ja,2022.09.06,Jakthund,Annan,Jämthund,2022.09.06,2022.09.06,Nej,NA,Över 2 år,1,Död,0,0,0,0,0,0,0,0,1,0,0,0,Varg,,Fältkontroll - LST,Dokumenterad,2-1737,Sysslebäck,6742619,390022,6746309,1346167,RT90,Mycket bra,2022.09.06,Nej,,2022.09.12,2-1737,Torsby (S),2-17,Värmlands län (S)
Sweden,V512385,2022.09.18,Ja,2022.09.19,Jakthund,,Gråhund ,2022.09.18,2022.09.18,Nej,NA,Över 2 år,1,Död,0,0,0,0,0,0,0,0,1,0,0,0,Varg,,Fältkontroll - LST,Dokumenterad,2-1737,Röjdens vvo,6720387,370542,6724306,1326404,WGS 84 (Lat/Long),Mycket bra,,Nej,,2022.09.19,2-1737,Torsby (S),2-17,Värmlands län (S)
Sweden,V512488,2022.09.25,Ja,2022.09.25,Jakthund,,Jämte,2022.09.25,2022.09.25,Nej,NA,Över 2 år,1,Död,0,0,0,0,0,0,0,0,1,0,0,0,Varg,,Fältkontroll - LST,Dokumenterad,2-2183,Stugubacken ,6776820,575332,6778241,1531967,WGS 84 (Lat/Long),Mindre bra,2022.09.25,Nej,,2022.09.25,2-2183,Bollnäs (S),2-21,Gävleborgs län (S)
Sweden,V512554,2022.09.30,Ja,2022.09.30,Jakthund,Annan,stövare,2022.09.30,2022.09.30,Nej,NA,Över 2 år,1,Död,0,0,0,0,0,0,0,0,1,0,0,0,Varg,,Fältkontroll - LST,Dokumenterad,2-2082,Olov Johansson stuga,6683019,532162,6684942,1487633,RT90,Mycket bra,2022.09.30,Nej,,2022.10.19,2-2082,Säter (S),2-20,Dalarnas län (S)
Sweden,V512561,2022.10.01,Ja,2022.10.01,Jakthund,Annan,Terrier,2022.10.01,2022.10.01,Nej,NA,Över 2 år,1,Skadad,0,0,0,0,0,0,0,0,0,0,1,0,Varg,,Fältkontroll - LST,Dokumenterad,2-2029,Kyrkbol,6731331,510984,6733530,1467040,SWEREF99 TM,Mycket bra,2022.10.02,Nej,,2022.10.19,2-2029,Leksand (S),2-20,Dalarnas län (S)
Sweden,V512577,2022.10.03,Ja,2022.10.03,Jakthund,,Drever,2022.10.02,2022.10.03,Nej,NA,Över 2 år,1,Död,0,0,0,0,0,0,0,0,1,0,0,0,Varg,,Fältkontroll - LST,Dokumenterad,2-2183,Mevassen,6793144,569428,6794642,1526263,WGS 84 (Lat/Long),Mindre bra,2022.10.03,Nej,,2022.10.04,2-2183,Bollnäs (S),2-21,Gävleborgs län (S)
Sweden,V512706,2022.10.08,Ja,2022.10.13,Jakthund,Annan,Jämthund,2022.10.08,2022.10.08,Nej,NA,Över 2 år,1,Skadad,0,0,0,0,0,0,0,0,0,0,1,0,Varg,,Fältkontroll - LST,Dokumenterad,2-0360,Nymden,6690785,657401,6691179,1612998,SWEREF99 TM,Mindre bra,2022.10.17,Nej,,2022.12.08,2-0360,Tierp (S),2-03,Uppsala län (S)
Sweden,V512707,2022.10.10,Ja,2022.10.17,Jakthund,Annan,Östsibirisk laika,2022.10.10,2022.10.10,Nej,NA,Över 2 år,1,Skadad,0,0,0,0,0,0,0,0,0,0,1,0,Varg,,Fältkontroll - LST,Bedömd som säker,2-2031,Råberget,6750623,514278,6752788,1470572,SWEREF99 TM,Mindre bra,2022.10.17,Nej,,2022.10.18,2-2031,Rättvik (S),2-20,Dalarnas län (S)
Sweden,V512805,2022.10.19,Ja,2022.10.24,Jakthund,Annan,Gråhund,2022.10.19,2022.10.19,Nej,NA,Över 2 år,1,Skadad,0,0,0,0,0,0,0,0,0,0,1,0,Varg,,Fältkontroll - LST,Bedömd som säker,2-2031,Ljusacksberget,6752445,522330,6754512,1478649,SWEREF99 TM,Mycket bra,2022.10.26,Nej,,2022.11.07,2-2031,Rättvik (S),2-20,Dalarnas län (S)
Sweden,V512933,2022.11.08,Ja,2022.11.08,Jakthund,,Smålandsstövare,2022.11.08,2022.11.08,Nej,NA,Över 2 år,1,Död,0,0,0,0,0,0,0,0,1,0,0,0,Varg,Bete utan stängsel,Fältkontroll - LST,Bedömd som säker,2-2121,Rävafly,6799880,538294,6801765,1495203,WGS 84 (Lat/Long),Mindre bra,,Nej,,2022.11.08,2-2121,Ovanåker (S),2-21,Gävleborgs län (S)
Sweden,V512943,2022.11.11,Ja,2022.11.11,Jakthund,,Gråhund,2022.11.11,2022.11.11,Nej,NA,Över 2 år,1,Död,0,0,0,0,0,0,0,0,1,0,0,0,Varg,,Fältkontroll - LST,Dokumenterad,2-2260,Naggen/Myra,6908193,552356,6909936,1510613,RT90,Mindre bra,2022.11.11,Nej,,2022.11.11,2-2260,Ånge (S),2-22,Västernorrlands län (S)
Sweden,V512956,2022.11.12,Ja,2022.11.12,Jakthund,Annan,Tax,2022.11.12,2022.11.12,Nej,NA,Över 2 år,1,Död,0,0,0,0,0,0,0,0,1,0,0,0,Varg,,Fältkontroll - LST,Dokumenterad,2-2181,"Råmuren, Åshammar",6727218,584356,6728515,1540384,SWEREF99 TM,Mycket bra,2022.11.14,Nej,,2022.11.25,2-2181,Sandviken (S),2-21,Gävleborgs län (S)
Sweden,V512988,2022.11.20,Ja,2022.11.20,Jakthund,,Smålandsstövare,2022.11.20,2022.11.20,Nej,NA,Över 2 år,1,Död,0,0,0,0,0,0,0,0,1,0,0,0,Varg,,Fältkontroll - LST,Bedömd som säker,2-1737,Ormliden,6683029,409988,6686446,1365412,WGS 84 (Lat/Long),Mindre bra,2022.11.20,Nej,,2022.11.21,2-1737,Torsby (S),2-17,Värmlands län (S)
Sweden,V513166,2022.12.24,Ja,2022.12.25,Annan hund,Annan,Terrier,2022.12.24,2022.12.24,Nej,NA,Över 2 år,1,Skadad,0,0,0,0,0,0,0,0,0,0,1,0,Varg,,Fältkontroll - LST,Bedömd som säker,2-1446,Kashult,6495109,461781,6497818,1414948,RT90,Mindre bra,2022.12.27,Nej,,2023.01.08,2-1446,Karlsborg (S),2-14,Västra Götalands län (S)
Norway,K439344,2012.03.05,Ja,2012.03.05,Jakthund,Annan,Norsk Elghund Grå,2012.03.04,2012.03.04,Nej,Hona,Över 2 år,1,Död,,,,,,,,,,,,,Varg,Bete utan stängsel,Fältkontroll - SNO,Dokumenterad,1-0301,Lindebergåsen,6650167,270236,6655158,1225039,WGS84-UTM Zon 32,Mindre bra,2012.03.13,Ja,2016.05.31,2012.03.13,1-0301,Oslo (N),1-03,Oslo (N)
Norway,K465914,2015.08.14,Ja,2015.08.14,Jakthund,Annan,engelsk setter,2015.08.14,2015.08.14,Ja,Hona,Över 2 år,1,Skadad,,,,,,,,,,,,,Varg,Bete utan stängsel,Fältkontroll - SNO,Dokumenterad,1-0301,Enga,6650007,271887,6655094,1226834,WGS84-UTM Zon 32,Mindre bra,2015.09.24,Ja,2017.02.01,2017.02.01,1-0301,Oslo (N),1-03,Oslo (N)
Norway,K216604,2001.09.22,Ja,2001.09.22,Jakthund,Annan,drever,2001.09.21,2001.09.21,Nej,Okänt,Okänd ålder,1,Död,,,,,,,,,,,,,Varg,Bete utan stängsel,Fältkontroll - SNO,Bedömd som säker,1-3001,Nordgård,6552701,303548,6557345,1257332,WGS84-UTM Zon 33,Mindre bra,2002.09.30,Nej,,2002.11.13,1-3001,Halden (N),1-30,Viken (N)
Norway,K409271,2008.02.19,Ja,2008.02.19,Jakthund,Annan,blanding av beagle og collie,2008.02.19,2008.02.19,Ja,Okänt,Okänd ålder,1,Död,,,,,,,,,,,,,Varg,Inmark (endast Norge),Fältkontroll - SNO,Dokumenterad,1-3001,bokerød,6543538,306036,6548101,1259563,WGS84-UTM Zon 33,Mindre bra,2008.02.27,Nej,,2008.03.05,1-3001,Halden (N),1-30,Viken (N)
Norway,K415357,2008.10.06,Ja,2008.10.06,Jakthund,Annan,Jämthund,2008.10.06,2008.10.06,Ja,Hane,Över 2 år,1,Skadad,,,,,,,,,,,,,Varg,Bete utan stängsel,Fältkontroll - SNO,Dokumenterad,1-3001,Bokerød,6544534,306126,6549096,1259665,WGS84-UTM Zon 33,Mindre bra,2008.10.27,Nej,,2008.10.27,1-3001,Halden (N),1-30,Viken (N)
Norway,K415358,2008.10.23,Ja,2008.10.23,Jakthund,Annan,Drever,2008.10.23,2008.10.23,Nej,Hane,Över 2 år,1,Död,,,,,,,,,,,,,Varg,Bete utan stängsel,Fältkontroll - SNO,Dokumenterad,1-3001,Stokktjern,6554048,301961,6558665,1255613,WGS84-UTM Zon 33,Mindre bra,2008.10.27,Ja,2016.05.31,2008.10.27,1-3001,Halden (N),1-30,Viken (N)
Norway,K423323,2009.10.17,Ja,2009.10.17,Jakthund,Annan,Jämthund,2009.10.17,2009.10.17,Nej,Hane,Över 2 år,1,Död,,,,,,,,,,,,,Varg,Bete utan stängsel,Fältkontroll - SNO,Bedömd som säker,1-3001,Sætre,6540910,303992,6545497,1257486,WGS84-UTM Zon 33,Mindre bra,2009.10.23,Ja,2016.05.31,2009.10.23,1-3001,Halden (N),1-30,Viken (N)
Norway,K423578,2009.10.31,Ja,2009.10.31,Jakthund,Annan,Norsk Elghund Grå,2009.10.31,2009.10.31,Nej,Okänt,Över 2 år,1,Död,,,,,,,,,,,,,Varg,Bete utan stängsel,Fältkontroll - SNO,Dokumenterad,1-3001,Siljedalen-Ertehytta,6557570,300772,6562203,1254466,WGS84-UTM Zon 33,Mindre bra,2009.11.03,Ja,2016.05.31,2009.11.13,1-3001,Halden (N),1-30,Viken (N)
Norway,K423750,2009.11.13,Ja,2009.11.13,Jakthund,Annan,Blanding drever/beagle,2009.11.13,2009.11.13,Nej,Okänt,1 till 2 år,1,Död,,,,,,,,,,,,,Varg,Bete utan stängsel,Fältkontroll - SNO,Dokumenterad,1-3001,Sætre,6540439,303648,6545029,1257136,WGS84-UTM Zon 33,Mindre bra,2009.11.17,Ja,2016.05.31,2009.11.17,1-3001,Halden (N),1-30,Viken (N)
Norway,K424383,2010.01.30,Ja,2010.01.30,Jakthund,Annan,Dunker,2010.01.30,2010.01.30,Ja,Okänt,Över 2 år,1,Skadad,,,,,,,,,,,,,Varg,Bete utan stängsel,Fältkontroll - SNO,Dokumenterad,1-3001,Ramntjernet,6570417,294872,6575128,1248719,WGS84-UTM Zon 32,Mindre bra,2010.02.19,Nej,,2010.02.19,1-3001,Halden (N),1-30,Viken (N)
Norway,K431025,2010.10.06,Ja,2010.10.06,Jakthund,Annan,Norsk Elghund grå,2010.10.06,2010.10.06,Ja,Hona,Över 2 år,1,Skadad,,,,,,,,,,,,,Varg,Bete utan stängsel,Fältkontroll - SNO,Dokumenterad,1-3001,Lysedalen,6541444,305603,6546011,1259104,WGS84-UTM Zon 32,Mindre bra,2010.10.22,Ja,2016.05.31,2010.10.22,1-3001,Halden (N),1-30,Viken (N)
Norway,K431029,2010.10.08,Ja,2010.10.11,Jakthund,Annan,Dax,2010.10.08,2010.10.08,Ja,Hane,Över 2 år,1,Skadad,,,,,,,,,,,,,Varg,Bete utan stängsel,Fältkontroll - SNO,Bedömd som säker,1-3001,Mørk,6564654,298692,6569316,1252471,WGS84-UTM Zon 32,Mindre bra,2010.10.22,Ja,2016.05.31,2010.10.22,1-3001,Halden (N),1-30,Viken (N)
Norway,K431709,2010.12.12,Ja,2010.12.12,Jakthund,Annan,Drever,2010.12.12,2010.12.12,Ja,Hane,Över 2 år,1,Död,,,,,,,,,,,,,Varg,Bete utan stängsel,Fältkontroll - SNO,Dokumenterad,1-3001,Mebjørød,6569009,299820,6573659,1253653,WGS84-UTM Zon 32,Mindre bra,2010.12.16,Ja,2016.05.31,2010.12.16,1-3001,Halden (N),1-30,Viken (N)
Norway,K207268,2001.03.20,Ja,2001.03.20,Jakthund,Annan,,2001.03.20,2001.03.20,Nej,Hona,Över 2 år,1,Död,,,,,,,,,,,,,Varg,Bete utan stängsel,Fältkontroll - SNO,Dokumenterad,1-3003,Skauge,6587639,272551,6592680,1226739,WGS84-UTM Zon 33,Mindre bra,2001.03.28,Nej,,2001.03.28,1-3003,Sarpsborg (N),1-30,Viken (N)
Norway,K207269,2001.03.21,Ja,2001.03.22,Jakthund,Annan,,2001.03.20,2001.03.20,Nej,Hane,Över 2 år,1,Död,,,,,,,,,,,,,Varg,Bete utan stängsel,Fältkontroll - SNO,Dokumenterad,1-3003,Skauge,6587657,272351,6592700,1226539,WGS84-UTM Zon 33,Mindre bra,2001.03.28,Nej,,2001.04.06,1-3003,Sarpsborg (N),1-30,Viken (N)
Norway,K206931,2000.12.23,Ja,,Jakthund,Annan,"Drever, 11 år",2000.12.23,2000.12.23,Nej,Hane,Över 2 år,1,Död,,,,,,,,,,,,,Varg,Bete utan stängsel,Fältkontroll - SNO,Dokumenterad,1-3012,Store Blaketjern,6559544,312299,6564087,1266170,WGS84-UTM Zon 33,Mindre bra,2001.04.01,Nej,,2002.11.12,1-3012,Aremark (N),1-30,Viken (N)
Norway,K422513,2009.09.16,Ja,2009.09.18,Jakthund,Annan,Finsk Støver,2009.09.16,2009.09.16,Ja,Hona,Över 2 år,1,Skadad,,,,,,,,,,,,,Varg,Bete utan stängsel,Fältkontroll - SNO,Bedömd som säker,1-3012,Dagerød,6575811,305632,6580394,1259550,WGS84-UTM Zon 33,Mindre bra,2009.09.30,Ja,2016.05.31,2009.09.30,1-3012,Aremark (N),1-30,Viken (N)
Norway,K500551,2018.10.15,Ja,2018.10.15,Jakthund,Annan,Norsk elghund grå,2018.10.15,2018.10.15,Nej,Hane,Över 2 år,1,Död,,,,,,,,,,,,,Varg,Bete utan stängsel,Fältkontroll - Rovviltkontakt,Dokumenterad,1-3012,Holgill,6559717,313428,6564246,1267302,WGS84-UTM Zon 32,Mindre bra,2018.10.22,Ja,2018.10.22,2018.10.22,1-3012,Aremark (N),1-30,Viken (N)
Norway,K506338,2019.10.14,Nej,,Jakthund,Annan,Norsk grå elghund,2019.10.14,2019.10.14,Nej,Hane,Över 2 år,1,Skadad,,,,,,,,,,,,,Varg,Bete utan stängsel,Fotodokumentation,Dokumenterad,1-3012,,6558669,313312,6563199,1267174,WGS84-UTM Zon 32,Mycket bra,2019.10.22,Ja,2019.10.23,2019.10.23,1-3012,Aremark (N),1-30,Viken (N)
Norway,K318410,2004.11.23,Ja,2004.11.23,Jakthund,Annan,Schwiser støver,2004.11.23,2004.11.23,Nej,Hane,Över 2 år,1,Död,,,,,,,,,,,,,Varg,Bete utan stängsel,Fältkontroll - SNO,Dokumenterad,1-3013,Karlstad Gård,6603858,311984,6608430,1266393,WGS84-UTM Zon 33,Mindre bra,2004.12.06,Nej,,2005.01.05,1-3013,Marker (N),1-30,Viken (N)
Norway,K325650,2005.12.21,Ja,2005.12.21,Jakthund,Annan,blandingsrase,2005.12.21,2005.12.21,Nej,Okänt,Över 2 år,1,Död,,,,,,,,,,,,,Varg,Bete utan stängsel,Fältkontroll - SNO,Dokumenterad,1-3013,Julsrud,6600988,312628,6605550,1267002,WGS84-UTM Zon 33,Mindre bra,2006.01.02,Nej,,2006.01.19,1-3013,Marker (N),1-30,Viken (N)
Norway,K325673,2006.01.07,Ja,2006.01.07,Jakthund,Annan,Drever (navn Tinka),2006.01.07,2006.01.07,Nej,Hona,Över 2 år,1,Död,,,,,,,,,,,,,Varg,Bete utan stängsel,Fältkontroll - SNO,Dokumenterad,1-3013,Østre ulfby (ulsby),6611745,311393,6616328,1265897,WGS84-UTM Zon 33,Mindre bra,2006.01.13,Nej,,2006.01.19,1-3013,Marker (N),1-30,Viken (N)
Norway,K460037,2014.09.28,Ja,2014.10.02,Jakthund,Annan,Finsk støver,2014.09.28,2014.09.28,Ja,Hona,Över 2 år,1,Skadad,,,,,,,,,,,,,Varg,Bete utan stängsel,Fältkontroll - SNO,Dokumenterad,1-3013,Vengsfjellet,6590566,316798,6595072,1271048,WGS84-UTM Zon 32,Mindre bra,2014.10.06,Ja,2016.05.31,2014.10.06,1-3013,Marker (N),1-30,Viken (N)
Norway,K520209,2022.01.28,Ja,2022.01.29,Jakthund,,Fox terrier,2022.01.28,2022.01.28,Nej,Hona,Över 2 år,1,Skadad,,,,,,,,,,,,,Varg,Inmark (endast Norge),Fältkontroll - SNO,Bedömd som säker,1-3013,Ørje,6601734,311900,6606305,1266283,WGS84-UTM Zon 33,Mindre bra,2022.01.31,Ja,2022.06.22,2022.06.22,1-3013,Marker (N),1-30,Viken (N)
Norway,K206940,2000.12.10,Ja,2000.12.11,Jakthund,Annan,Sveitserstøver ca. 2 år,2000.12.02,2000.12.02,Nej,Hane,Över 2 år,1,Död,,,,,,,,,,,,,Varg,Bete utan stängsel,Fältkontroll - SNO,Dokumenterad,1-3014,Søndre Narvestad,6608196,261853,6613379,1216284,WGS84-UTM Zon 33,Mindre bra,2001.08.01,Nej,,2002.11.12,1-3014,Indre Østfold (N),1-30,Viken (N)
Norway,K206957,2000.09.17,Ja,2000.09.17,Jakthund,Annan,"Dunker harehund, 3 år",2000.09.17,2000.09.17,Nej,Hona,Över 2 år,1,Död,,,,,,,,,,,,,Varg,Bete utan stängsel,Fältkontroll - SNO,Dokumenterad,1-3014,,6605592,275079,6610613,1229487,WGS84-UTM Zon 33,Mindre bra,2001.08.01,Nej,,2002.11.12,1-3014,Indre Østfold (N),1-30,Viken (N)
Norway,K217106,2001.10.01,Ja,2001.10.03,Jakthund,Annan,Norsk elghund grå,2001.10.01,2001.10.01,Ja,Okänt,Okänd ålder,1,Död,,,,,,,,,,,,,Varg,Bete utan stängsel,Fältkontroll - SNO,Dokumenterad,1-3014,Råken Gård,6609465,263374,6614631,1217822,WGS84-UTM Zon 33,Mindre bra,2002.06.20,Nej,,2005.01.11,1-3014,Indre Østfold (N),1-30,Viken (N)
Norway,K506720,2019.11.24,Ja,2019.11.26,Jakthund,Annan,Strihåret dachs,2019.11.24,2019.11.24,Nej,Hona,Över 2 år,1,Skadad,,,,,,,,,,,,,Varg,Bete utan stängsel,Fältkontroll - SNO,Dokumenterad,1-3014,Knappstad,6616663,276967,6621668,1231511,WGS84-UTM Zon 33,Mindre bra,2019.11.26,Ja,2019.12.06,2019.12.06,1-3014,Indre Østfold (N),1-30,Viken (N)
Norway,K506722,2019.11.24,Ja,2019.11.24,Jakthund,Annan,"standard dachs, strihåret",2019.11.23,2019.11.23,Nej,Hona,Över 2 år,1,Död,,,,,,,,,,,,,Varg,Bete utan stängsel,Fältkontroll - SNO,Dokumenterad,1-3014,Bærøe,6609073,270154,6614156,1224601,WGS84-UTM Zon 32,Mindre bra,2019.11.26,Ja,2019.12.06,2019.12.06,1-3014,Indre Østfold (N),1-30,Viken (N)
Norway,K431672,2010.11.28,Ja,2010.11.29,Jakthund,Annan,Drever,2010.11.28,2010.11.28,Nej,Hane,Över 2 år,1,Död,,,,,,,,,,,,,Varg,Bete utan stängsel,Fältkontroll - SNO,Dokumenterad,1-3016,Sandtorp,6579932,298489,6584603,1252454,WGS84-UTM Zon 32,Mindre bra,2010.12.10,Ja,2016.05.31,2010.12.10,1-3016,Rakkestad (N),1-30,Viken (N)
Norway,K206955,2000.10.15,Ja,2000.10.15,Jakthund,Annan,"Finsk støver/Dunker,  2,5 år",2000.10.12,2000.10.12,Nej,Hona,Över 2 år,1,Död,,,,,,,,,,,,,Varg,Bete utan stängsel,Fältkontroll - SNO,Dokumenterad,1-3018,Sukkeskogen,6595692,274585,6600713,1228872,WGS84-UTM Zon 33,Mindre bra,2001.08.01,Nej,,2002.11.12,1-3018,Våler i Viken (N),1-30,Viken (N)
Norway,K206956,2000.09.16,Ja,2000.09.17,Jakthund,Annan,Finsk støver,2000.09.16,2000.09.16,Nej,Hane,Över 2 år,1,Död,,,,,,,,,,,,,Varg,Bete utan stängsel,Fältkontroll - SNO,Dokumenterad,1-3018,Fløtermosen,6601652,274220,6606681,1228580,WGS84-UTM Zon 33,Mindre bra,2001.08.01,Nej,,2002.11.12,1-3018,Våler i Viken (N),1-30,Viken (N)
Norway,K206958,2000.08.25,Ja,2000.08.25,Jakthund,Annan,,2000.08.25,2000.08.25,Nej,Hona,Över 2 år,1,Död,,,,,,,,,,,,,Varg,Bete utan stängsel,Fältkontroll - SNO,Dokumenterad,1-3018,Koiebakken,6599505,274628,6604528,1228962,WGS84-UTM Zon 33,Mindre bra,2001.08.01,Nej,,2002.11.12,1-3018,Våler i Viken (N),1-30,Viken (N)
Norway,K207270,2001.01.20,Ja,2001.01.20,Jakthund,Annan,,2001.01.19,2001.01.19,Nej,Hona,Över 2 år,1,Död,,,,,,,,,,,,,Varg,Bete utan stängsel,Fältkontroll - SNO,Dokumenterad,1-3018,Brønnerød i Våler,6594817,262049,6599990,1216318,WGS84-UTM Zon 33,Mindre bra,2001.03.28,Nej,,2001.03.28,1-3018,Våler i Viken (N),1-30,Viken (N)
Norway,K467011,2015.12.08,Ja,2015.12.08,Jakthund,Annan,Schweisserstøver,2015.12.07,2015.12.07,Nej,Hona,Över 2 år,1,Död,,,,,,,,,,,,,Varg,Bete utan stängsel,Fältkontroll - Rovviltkontakt,Dokumenterad,1-3018,Agnalt,6590845,274508,6595864,1228736,WGS84-UTM Zon 32,Mindre bra,2016.01.12,Nej,,2016.01.12,1-3018,Våler i Viken (N),1-30,Viken (N)
Norway,K206994,2000.10.20,Ja,2000.10.25,Jakthund,Annan,"Finsk Støver, 2,5 år",2000.10.20,2000.10.20,Ja,Hona,1 till 2 år,1,Död,,,,,,,,,,,,,Varg,Bete utan stängsel,Fältkontroll - SNO,Bedömd som säker,1-3026,Skattum-måsan,6634182,299869,6638918,1254640,WGS84-UTM Zon 33,Mindre bra,2001.11.01,Nej,,2002.11.12,1-3026,Aurskog-Høland (N),1-30,Viken (N)
Norway,K207002,2000.09.10,Ja,2000.09.10,Jakthund,Annan,Drever,2000.09.10,2000.09.10,Nej,Hane,Över 2 år,1,Död,,,,,,,,,,,,,Varg,Bete utan stängsel,Fältkontroll - SNO,Dokumenterad,1-3026,,6649595,309304,6654108,1264119,WGS84-UTM Zon 33,Mindre bra,2001.01.11,Nej,,2011.07.08,1-3026,Aurskog-Høland (N),1-30,Viken (N)
Norway,K305895,2002.11.01,Ja,2002.11.01,Jakthund,Annan,,2002.11.01,2002.11.01,Nej,Hane,Över 2 år,1,Död,,,,,,,,,,,,,Varg,Bete utan stängsel,Fältkontroll - SNO,Dokumenterad,1-3026,Hauketjern,6655301,301788,6660026,1256817,WGS84-UTM Zon 33,Mindre bra,2002.11.13,Nej,,2002.11.13,1-3026,Aurskog-Høland (N),1-30,Viken (N)
Norway,K305896,2002.10.21,Ja,2002.10.22,Jakthund,Annan,,2002.10.21,2002.10.21,Ja,Hane,Över 2 år,1,Skadad,,,,,,,,,,,,,Varg,Bete utan stängsel,Fältkontroll - SNO,Dokumenterad,1-3026,Vesle Risen,6621978,313726,6626539,1268356,WGS84-UTM Zon 33,Mindre bra,2002.11.13,Nej,,2002.11.13,1-3026,Aurskog-Høland (N),1-30,Viken (N)
Norway,K311922,2003.12.13,Ja,2003.12.13,Jakthund,Annan,Finsk støver,2003.12.13,2003.12.13,Nej,Hona,Över 2 år,1,Död,,,,,,,,,,,,,Varg,Bete utan stängsel,Fältkontroll - SNO,Dokumenterad,1-3026,Vestre Ertevann,6623029,317637,6627543,1272282,WGS84-UTM Zon 33,Mindre bra,2003.12.19,Nej,,2003.12.19,1-3026,Aurskog-Høland (N),1-30,Viken (N)
Norway,K311934,1998.11.15,Ja,1998.11.16,Jakthund,Annan,,1998.11.15,1998.11.15,Nej,Hona,Över 2 år,1,Död,,,,,,,,,,,,,Varg,Bete utan stängsel,Fältkontroll - SNO,Dokumenterad,1-3026,Mikkelsrud,6653906,313814,6658484,1268833,WGS84-UTM Zon 33,Mindre bra,2003.12.30,Nej,,2003.12.30,1-3026,Aurskog-Høland (N),1-30,Viken (N)
Norway,K316134,2004.09.11,Ja,2004.09.11,Jakthund,Annan,Hygen,2004.09.11,2004.09.11,Nej,Hona,Över 2 år,1,Död,,,,,,,,,,,,,Varg,Bete utan stängsel,Fältkontroll - SNO,Dokumenterad,1-3026,Knollen,6655164,314330,6659736,1269365,WGS84-UTM Zon 33,Mindre bra,2004.09.16,Nej,,2004.10.13,1-3026,Aurskog-Høland (N),1-30,Viken (N)
Norway,K318444,2004.12.12,Ja,2004.12.13,Jakthund,Annan,Schillerstøver,2004.12.13,2004.12.13,Nej,Hona,Över 2 år,1,Avlivad,,,,,,,,,,,,,Varg,Bete utan stängsel,Fältkontroll - SNO,Bedömd som säker,1-3026,Gørrtjernteigen,6652720,308082,6657367,1263083,WGS84-UTM Zon 33,Mindre bra,2004.12.17,Nej,,2005.01.19,1-3026,Aurskog-Høland (N),1-30,Viken (N)
Norway,K318445,2004.12.15,Ja,2004.12.15,Jakthund,Annan,Finsk støver,2004.12.13,2004.12.13,Nej,Hane,Över 2 år,1,Död,,,,,,,,,,,,,Varg,Bete utan stängsel,Fältkontroll - SNO,Bedömd som säker,1-3026,Vadalstjennet,6626143,313200,6630712,1267880,WGS84-UTM Zon 33,Mindre bra,2004.12.20,Nej,,2005.03.07,1-3026,Aurskog-Høland (N),1-30,Viken (N)
Norway,K318448,2004.12.17,Ja,2004.12.18,Jakthund,Annan,Norsk Elghund grå,2004.12.17,2004.12.17,Ja,Hona,Över 2 år,1,Död,,,,,,,,,,,,,Varg,Inmark (endast Norge),Fältkontroll - SNO,Bedömd som säker,1-3026,Hemnes,6626865,299707,6631599,1254388,WGS84-UTM Zon 33,Mindre bra,2004.12.22,Nej,,2005.01.05,1-3026,Aurskog-Høland (N),1-30,Viken (N)
Norway,K325603,2005.11.30,Ja,2005.11.30,Jakthund,Annan,"Finsk støver, 11 år",2005.11.29,2005.11.29,Nej,Hona,Över 2 år,1,Död,,,,,,,,,,,,,Varg,Bete utan stängsel,Fältkontroll - SNO,Dokumenterad,1-3026,Rognliheia,6631713,320434,6636197,1275186,WGS84-UTM Zon 33,Mindre bra,2005.12.02,Nej,,2005.12.15,1-3026,Aurskog-Høland (N),1-30,Viken (N)
Norway,K437548,2011.09.21,Ja,2011.09.21,Jakthund,Annan,Beagle,2011.09.21,2011.09.21,Nej,Hona,Över 2 år,1,Död,,,,,,,,,,,,,Varg,Bete utan stängsel,Fältkontroll - SNO,Dokumenterad,1-3026,Grasåsen,6636547,308118,6641068,1262774,WGS84-UTM Zon 33,Mindre bra,2011.09.27,Ja,2016.05.31,2011.09.27,1-3026,Aurskog-Høland (N),1-30,Viken (N)
Norway,K445442,2012.10.13,Ja,2012.10.13,Jakthund,Annan,Norsk Elghund grå,2012.10.13,2012.10.13,Ja,Hona,Över 2 år,1,Skadad,,,,,,,,,,,,,Varg,Bete utan stängsel,Fältkontroll - SNO,Bedömd som säker,1-3026,Sinkerud,6647387,313136,6651969,1268075,WGS84-UTM Zon 32,Mindre bra,2012.12.18,Ja,2017.02.01,2017.02.01,1-3026,Aurskog-Høland (N),1-30,Viken (N)
Norway,K460660,2014.11.21,Ja,2014.11.22,Jakthund,Annan,Jämthund,2014.11.21,2014.11.21,Nej,Hona,Över 2 år,1,Död,,,,,,,,,,,,,Varg,Bete utan stängsel,Fältkontroll - SNO,Dokumenterad,1-3026,Dalen,6654149,308064,6658797,1263083,WGS84-UTM Zon 32,Mindre bra,2014.11.27,Ja,2016.05.31,2014.11.27,1-3026,Aurskog-Høland (N),1-30,Viken (N)
Norway,K466453,2015.08.19,Ja,2015.10.19,Jakthund,Annan,Beagle,2015.08.16,2015.08.16,Nej,Hona,Över 2 år,1,Död,,,,,,,,,,,,,Varg,Bete utan stängsel,Fältkontroll - SNO,Bedömd som säker,1-3026,Gørrtjennteigen,6653241,307536,6657895,1262544,WGS84-UTM Zon 32,Mindre bra,2015.10.20,Ja,2016.05.31,2015.10.20,1-3026,Aurskog-Høland (N),1-30,Viken (N)
Norway,K473963,2017.01.31,Ja,2015.01.31,Jakthund,Annan,Langhåret Dachs,2017.01.31,2017.01.31,Nej,Hane,Över 2 år,1,Skadad,,,,,,,,,,,,,Varg,Inmark (endast Norge),Fältkontroll - Rovviltkontakt,Dokumenterad,1-3026,Lomsnes,6646672,297838,6651440,1252760,WGS84-UTM Zon 33,Mindre bra,2017.02.01,Ja,2017.02.09,2017.02.09,1-3026,Aurskog-Høland (N),1-30,Viken (N)
Norway,K452497,2013.09.07,Ja,2013.09.07,Jakthund,Annan,Norsk Elghund grå,2013.09.07,2013.09.07,Ja,Hona,Över 2 år,1,Skadad,,,,,,,,,,,,,Varg,Bete utan stängsel,Fältkontroll - SNO,Dokumenterad,1-3027,,6647848,280010,6652834,1234935,WGS84-UTM Zon 32,Mindre bra,2013.09.30,Ja,2017.02.01,2017.02.01,1-3027,Rælingen (N),1-30,Viken (N)
Norway,K439405,2012.03.17,Ja,2012.03.18,Jakthund,Annan,Dunkerblanding,2012.03.17,2012.03.17,Ja,Hona,Över 2 år,1,Död,,,,,,,,,,,,,Varg,Bete utan stängsel,Fältkontroll - SNO,Bedömd som säker,1-3028,Vangen - Pølseberget,6638918,275891,6643950,1230705,WGS84-UTM Zon 32,Mindre bra,2012.03.23,Ja,2017.02.01,2017.02.01,1-3028,Enebakk (N),1-30,Viken (N)
Norway,K505088,2019.08.22,Nej,,Jakthund,Annan,American fox hound,2019.08.22,2019.08.22,Nej,Hona,Över 2 år,1,Skadad,,,,,,,,,,,,,Varg,Bete utan stängsel,Fotodokumentation,Dokumenterad,1-3028,Dalefjerdingen,6623795,285406,6628701,1240042,WGS84-UTM Zon 32,Mindre bra,2019.08.27,Ja,2019.09.30,2019.09.30,1-3028,Enebakk (N),1-30,Viken (N)
Norway,K507053,2020.01.10,Ja,2020.01.10,Jakthund,Annan,Jämthund,2020.01.10,2020.01.10,Nej,Hane,Över 2 år,1,Död,,,,,,,,,,,,,Varg,Bete utan stängsel,Fältkontroll - SNO,Dokumenterad,1-3028,Torgåsen,6632351,279211,6637338,1233947,WGS84-UTM Zon 33,Mindre bra,2020.01.11,Ja,2020.02.07,2020.02.07,1-3028,Enebakk (N),1-30,Viken (N)
Norway,K466393,2015.10.13,Ja,2015.10.13,Jakthund,Annan,Jemthund,2015.10.13,2015.10.13,Ja,Hona,Över 2 år,1,Skadad,,,,,,,,,,,,,Varg,Bete utan stängsel,Fältkontroll - SNO,Dokumenterad,1-3029,halsjøen-tronfjellet,6645288,273603,6650351,1228493,WGS84-UTM Zon 32,Mindre bra,2015.10.15,Ja,2016.05.31,2015.10.19,1-3029,Lørenskog (N),1-30,Viken (N)
Norway,K466411,2015.09.16,Ja,2015.09.17,Jakthund,Annan,Engelsk setter,2015.09.16,2015.09.16,Nej,Hane,Över 2 år,1,Död,,,,,,,,,,,,,Varg,Bete utan stängsel,Fältkontroll - SNO,Dokumenterad,1-3030,Mjøsjøen,6645348,291944,6650187,1246846,WGS84-UTM Zon 32,Dålig,2015.10.16,Ja,2016.05.31,2015.10.16,1-3030,Lillestrøm (N),1-30,Viken (N)
Norway,K480618,2017.10.01,Ja,2017.10.01,Jakthund,Annan,Drever,2017.10.01,2017.10.01,Nej,Hona,Över 2 år,1,Skadad,,,,,,,,,,,,,Varg,Bete utan stängsel,Fältkontroll - Rovviltkontakt,Bedömd som säker,1-3033,Liamosen,6676044,290336,6680921,1245612,WGS84-UTM Zon 32,Mindre bra,2017.10.03,Ja,2017.10.17,2017.10.17,1-3033,Ullensaker (N),1-30,Viken (N)
Norway,K207166,2001.01.31,Ja,2001.01.31,Jakthund,Annan,,2001.01.31,2001.01.31,Nej,Hona,Över 2 år,1,Död,,,,,,,,,,,,,Varg,Bete utan stängsel,Fältkontroll - SNO,Dokumenterad,1-3034,,6660298,316404,6664848,1271503,WGS84-UTM Zon 33,Mindre bra,2001.02.05,Nej,,2001.02.05,1-3034,Nes (N),1-30,Viken (N)
Norway,K207168,1999.09.19,Ja,1999.09.19,Jakthund,Annan,Harehund,1999.09.19,1999.09.19,Nej,Hane,Över 2 år,1,Död,,,,,,,,,,,,,Varg,Bete utan stängsel,Fältkontroll - SNO,Dokumenterad,1-3034,Grueheia,6661095,314267,6665671,1269374,WGS84-UTM Zon 33,Mindre bra,2001.11.01,Nej,,2002.11.12,1-3034,Nes (N),1-30,Viken (N)
Norway,K207199,1999.10.07,Ja,1999.10.07,Jakthund,Annan,Karelsk bjørnehund,1999.10.07,1999.10.07,Nej,Okänt,Okänd ålder,1,Död,,,,,,,,,,,,,Varg,Bete utan stängsel,Fältkontroll - SNO,Dokumenterad,1-3034,Høgåsen,6658687,303201,6663397,1258272,WGS84-UTM Zon 33,Mindre bra,2001.05.02,Nej,,2002.11.12,1-3034,Nes (N),1-30,Viken (N)
Norway,K207200,1999.09.05,Ja,1999.09.05,Jakthund,Annan,Dunker,1999.09.04,1999.09.04,Nej,Hona,Över 2 år,1,Död,,,,,,,,,,,,,Varg,Bete utan stängsel,Fältkontroll - SNO,Bedömd som säker,1-3034,Lundbergåsen,6666828,307557,6671489,1262730,WGS84-UTM Zon 33,Mindre bra,2001.05.02,Nej,,2002.11.12,1-3034,Nes (N),1-30,Viken (N)
Norway,K309159,2003.08.16,Ja,2003.08.21,Jakthund,Annan,Finsk støver,2003.08.16,2003.08.16,Ja,Hane,Över 2 år,1,Skadad,,,,,,,,,,,,,Varg,Bete utan stängsel,Fältkontroll - SNO,Bedömd som säker,1-3034,Fallet,6660734,302784,6665450,1257880,WGS84-UTM Zon 33,Mindre bra,2003.09.02,Nej,,2003.09.02,1-3034,Nes (N),1-30,Viken (N)
Norway,K317902,2004.10.17,Nej,,Jakthund,Annan,Norsk Elghund grå,2004.10.17,2004.10.17,Nej,Hona,Över 2 år,1,Död,,,,,,,,,,,,,Varg,Bete utan stängsel,Fältkontroll - SNO,Bedömd som säker,1-3034,Lundbergbekken,6658741,313651,6663323,1268729,WGS84-UTM Zon 33,Mindre bra,2004.10.25,Nej,,2004.10.25,1-3034,Nes (N),1-30,Viken (N)
Norway,K428821,2010.08.23,Ja,2010.08.23,Jakthund,Annan,Strihåret Vorsteher,2010.08.23,2010.08.23,Ja,Hona,Över 2 år,1,Skadad,,,,,,,,,,,,,Varg,Bete utan stängsel,Fältkontroll - SNO,Dokumenterad,1-3034,Eiesetra,6665326,318374,6669793,1273389,WGS84-UTM Zon 32,Mindre bra,2010.08.27,Ja,2016.05.31,2010.09.08,1-3034,Nes (N),1-30,Viken (N)
Norway,K453107,2013.10.02,Ja,2013.10.02,Jakthund,Annan,Dachshund,2013.10.02,2013.10.02,Nej,Hane,Över 2 år,1,Död,,,,,,,,,,,,,Varg,Bete utan stängsel,Fältkontroll - SNO,Dokumenterad,1-3034,Storlia,6661920,304347,6666617,1259458,WGS84-UTM Zon 32,Mindre bra,2013.10.18,Ja,2016.05.31,2013.10.18,1-3034,Nes (N),1-30,Viken (N)
Norway,K465874,2015.09.02,Ja,2015.09.08,Jakthund,Annan,Norsk elghund grå,2015.09.02,2015.09.02,Ja,Okänt,Över 2 år,1,Skadad,,,,,,,,,,,,,Varg,Bete utan stängsel,Fältkontroll - SNO,Bedömd som säker,1-3034,Jagastahøgda,6666384,295628,6671191,1250789,WGS84-UTM Zon 32,Mindre bra,2015.09.23,Ja,2016.05.31,2015.09.23,1-3034,Nes (N),1-30,Viken (N)
Norway,K480620,2017.09.29,Ja,2017.09.29,Jakthund,Annan,Beagle,2017.09.29,2017.09.29,Nej,Hona,Under 1 år,1,Skadad,,,,,,,,,,,,,Varg,Bete utan stängsel,Fältkontroll - Rovviltkontakt,Bedömd som säker,1-3034,Brårud,6681316,295251,6686136,1250594,WGS84-UTM Zon 32,Mindre bra,2017.10.03,Ja,2017.10.17,2017.10.17,1-3034,Nes (N),1-30,Viken (N)
Norway,K513355,2020.10.10,Ja,2020.10.10,Jakthund,,Neg,2020.10.10,2020.10.10,Nej,Hona,Över 2 år,1,Död,,,,,,,,,,,,,Varg,Bete utan stängsel,Fältkontroll - SNO,Bedömd som säker,1-3034,Paradismyra ,6661170,309706,6665802,1264811,WGS84-UTM Zon 32,Mindre bra,2020.10.20,Ja,2020.10.26,2020.10.26,1-3034,Nes (N),1-30,Viken (N)
Norway,K513919,2020.11.15,Ja,2020.12.18,Jakthund,Annan,"Norsk elghund, grå",2020.11.15,2020.11.15,Nej,Hona,Över 2 år,1,Skadad,,,,,,,,,,,,,Varg,Bete utan stängsel,Fältkontroll - SNO,Bedömd som säker,1-3034,Folvelsetra,6660317,306063,6664993,1261156,WGS84-UTM Zon 33,Mindre bra,2020.12.15,Ja,2021.02.08,2021.02.08,1-3034,Nes (N),1-30,Viken (N)
Norway,K480619,2017.10.01,Ja,2017.10.01,Jakthund,Annan,Drever,2017.10.01,2017.10.01,Nej,Hane,Över 2 år,1,Skadad,,,,,,,,,,,,,Varg,Bete utan stängsel,Fältkontroll - Rovviltkontakt,Bedömd som säker,1-3035,Dahlum sør,6689714,293314,6694563,1248760,WGS84-UTM Zon 32,Mindre bra,2017.10.03,Ja,2017.10.17,2017.10.17,1-3035,Eidsvoll (N),1-30,Viken (N)
Norway,K500157,2018.10.02,Ja,2018.10.02,Jakthund,,norsk elghund grå,2018.10.02,2018.10.02,Nej,Hona,Över 2 år,1,Död,,,,,,,,,,,,,Varg,Bete utan stängsel,Fältkontroll - SNO,Dokumenterad,1-3035,engerfjellet,6704792,300005,6709567,1255638,WGS84-UTM Zon 32,Mindre bra,2018.10.10,Ja,2018.10.12,2018.10.12,1-3035,Eidsvoll (N),1-30,Viken (N)
Norway,K500332,2018.10.07,Ja,2018.10.07,Jakthund,,norsk elghund grå,2018.10.07,2018.10.07,Nej,Hona,Över 2 år,1,Skadad,,,,,,,,,,,,,Varg,Bete utan stängsel,Fältkontroll - SNO,Dokumenterad,1-3035,eidsvoll almenning,6702960,297495,6707765,1253105,WGS84-UTM Zon 32,Mindre bra,2018.10.13,Ja,2018.10.13,2018.10.13,1-3035,Eidsvoll (N),1-30,Viken (N)
Norway,K311924,1995.12.03,Ja,1995.12.03,Jakthund,Annan,,1995.12.03,1995.12.03,Nej,Hane,Över 2 år,1,Död,,,,,,,,,,,,,Varg,Bete utan stängsel,Fältkontroll - SNO,Dokumenterad,1-3401,Malmmyrene,6670654,330602,6675036,1285835,WGS84-UTM Zon 33,Mindre bra,2003.12.30,Nej,,2003.12.30,1-3401,Kongsvinger (N),1-34,Innlandet (N)
Norway,K311933,2000.01.25,Ja,,Jakthund,Annan,,2000.01.25,2000.01.25,Nej,Hane,Över 2 år,1,Död,,,,,,,,,,,,,Varg,Bete utan stängsel,Fältkontroll - SNO,Dokumenterad,1-3401,Marikollen,6675652,329752,6680047,1285046,WGS84-UTM Zon 33,Mindre bra,2003.12.30,Nej,,2003.12.30,1-3401,Kongsvinger (N),1-34,Innlandet (N)
Norway,K407918,2007.09.23,Ja,2007.09.23,Jakthund,Annan,Drever,2007.09.23,2007.09.23,Nej,Hona,Över 2 år,1,Död,,,,,,,,,,,,,Varg,Bete utan stängsel,Fältkontroll - SNO,Dokumenterad,1-3401,Vebjørnstjernet,6684900,350800,6689042,1306218,WGS84-UTM Zon 33,Mindre bra,2007.10.16,Ja,2016.05.31,2007.10.16,1-3401,Kongsvinger (N),1-34,Innlandet (N)
Norway,K408193,2007.10.17,Ja,2007.10.17,Jakthund,Annan,Finsk Støver,2007.10.17,2007.10.17,Nej,Hane,Över 2 år,1,Död,,,,,,,,,,,,,Varg,Bete utan stängsel,Fältkontroll - SNO,Dokumenterad,1-3401,Nybråten,6689900,352100,6694029,1307580,WGS84-UTM Zon 33,Mindre bra,2007.10.22,Ja,2016.05.31,2007.10.22,1-3401,Kongsvinger (N),1-34,Innlandet (N)
Norway,K408825,2007.11.15,Ja,2007.11.15,Jakthund,Annan,Finsk Spets,2007.11.15,2007.11.15,Nej,Okänt,Över 2 år,1,Död,,,,,,,,,,,,,Varg,Bete utan stängsel,Fältkontroll - SNO,Dokumenterad,1-3401,Søndre Mosevatnet,6678000,362000,6682002,1317339,WGS84-UTM Zon 33,Mindre bra,2007.11.30,Nej,,2007.11.30,1-3401,Kongsvinger (N),1-34,Innlandet (N)
Norway,K506743,2019.11.27,Ja,2019.11.27,Jakthund,Annan,beagel,2019.11.27,2019.11.27,Nej,Hona,Över 2 år,1,Skadad,,,,,,,,,,,,,Varg,Bete utan stängsel,Fältkontroll - SNO,Dokumenterad,1-3401,hokåsen,6684076,339353,6688358,1294755,WGS84-UTM Zon 33,Mindre bra,2020.03.31,Ja,2020.03.31,2020.03.31,1-3401,Kongsvinger (N),1-34,Innlandet (N)
Norway,K423894,2009.11.27,Ja,2009.11.27,Jakthund,Annan,Finskstøver,2009.11.27,2009.11.27,Ja,Hona,Över 2 år,1,Skadad,,,,,,,,,,,,,Varg,Bete utan stängsel,Fältkontroll - SNO,Bedömd som säker,1-3412,Stensåsen,6737503,312305,6742075,1268204,WGS84-UTM Zon 33,Mindre bra,2009.12.14,Ja,2016.05.31,2009.12.14,1-3412,Løten (N),1-34,Innlandet (N)
Norway,K431832,2011.01.05,Ja,2011.01.05,Jakthund,Annan,Finsk Støver,2011.01.04,2011.01.04,Nej,Hane,Över 2 år,1,Död,,,,,,,,,,,,,Varg,Bete utan stängsel,Fältkontroll - SNO,Dokumenterad,1-3414,Oksberget,6699735,320475,6704191,1275913,WGS84-UTM Zon 32,Mindre bra,2011.01.12,Nej,,2011.01.12,1-3414,Nord-Odal (N),1-34,Innlandet (N)
Norway,K218462,2001.11.24,Ja,2001.11.24,Jakthund,Annan,Sveitserstøver,2001.11.24,2001.11.24,Nej,Hona,Över 2 år,1,Död,,,,,,,,,,,,,Varg,Bete utan stängsel,Fältkontroll - SNO,Dokumenterad,1-3415,Tommesmyra,6667206,319945,6671716,1275130,WGS84-UTM Zon 33,Mindre bra,2001.12.12,Nej,,2002.02.28,1-3415,Sør-Odal (N),1-34,Innlandet (N)
Norway,K438685,2011.11.21,Ja,2011.11.21,Jakthund,Annan,Beagle,2011.11.21,2011.11.21,Nej,Hane,Över 2 år,1,Död,,,,,,,,,,,,,Varg,Bete utan stängsel,Fältkontroll - SNO,Bedömd som säker,1-3415,Storholen,6673503,328148,6677796,1283264,WGS84-UTM Zon 32,Mindre bra,2011.11.29,Ja,2016.05.31,2011.12.01,1-3415,Sør-Odal (N),1-34,Innlandet (N)
Norway,K206991,2000.11.26,Ja,2000.11.26,Jakthund,Annan,"Dachs, 4 år",2000.11.26,2000.11.26,Nej,Hona,Över 2 år,1,Död,,,,,,,,,,,,,Varg,Bete utan stängsel,Fältkontroll - SNO,Dokumenterad,1-3416,Tømmermyra,6662633,328265,6667039,1283399,WGS84-UTM Zon 33,Mindre bra,2001.11.01,Nej,,2002.11.12,1-3416,Eidskog (N),1-34,Innlandet (N)
Norway,K303765,2002.09.28,Nej,,Jakthund,Annan,drever,2002.08.27,2002.08.27,Nej,Hona,Över 2 år,1,Död,,,,,,,,,,,,,Varg,Bete utan stängsel,Fältkontroll - SNO,Bedömd som säker,1-3416,Orremosan,6653516,326933,6657933,1281955,WGS84-UTM Zon 33,Mindre bra,2002.09.24,Nej,,2002.09.24,1-3416,Eidskog (N),1-34,Innlandet (N)
Norway,K306010,1999.09.15,Ja,,Jakthund,Annan,,1999.09.15,1999.09.15,Ja,Okänt,Över 2 år,1,Död,,,,,,,,,,,,,Varg,Bete utan stängsel,Fältkontroll - SNO,Bedömd som säker,1-3416,Søndre Fjellskogen,6655535,327920,6659941,1282967,WGS84-UTM Zon 33,Mindre bra,2002.12.16,Nej,,2002.12.16,1-3416,Eidskog (N),1-34,Innlandet (N)
Norway,K306011,1999.10.22,Ja,1999.10.22,Jakthund,Annan,,1999.10.22,1999.10.22,Ja,Okänt,Över 2 år,1,Död,,,,,,,,,,,,,Varg,Bete utan stängsel,Fältkontroll - SNO,Bedömd som säker,1-3416,Reisbråtehøgda,6662968,331208,6667338,1286347,WGS84-UTM Zon 33,Mindre bra,2002.12.16,Nej,,2002.12.16,1-3416,Eidskog (N),1-34,Innlandet (N)
Norway,K311927,1998.01.07,Ja,1998.01.08,Jakthund,Annan,,1998.01.07,1998.01.07,Nej,Hona,Över 2 år,1,Död,,,,,,,,,,,,,Varg,Bete utan stängsel,Fältkontroll - SNO,Dokumenterad,1-3416,Ljønerkollen,6651461,325240,6655898,1280236,WGS84-UTM Zon 33,Mindre bra,2003.12.30,Nej,,2003.12.30,1-3416,Eidskog (N),1-34,Innlandet (N)
Norway,K311932,1999.02.20,Ja,1999.02.21,Jakthund,Annan,,1999.02.20,1999.02.20,Nej,Hona,Över 2 år,1,Död,,,,,,,,,,,,,Varg,Bete utan stängsel,Fältkontroll - SNO,Dokumenterad,1-3416,Skjervangen,6644987,322443,6649454,1277358,WGS84-UTM Zon 33,Mindre bra,2003.12.30,Nej,,2003.12.30,1-3416,Eidskog (N),1-34,Innlandet (N)
Norway,K318443,2004.09.02,Nej,,Jakthund,Annan,Drever,2004.09.01,2004.09.01,Nej,Okänt,Över 2 år,1,Död,,,,,,,,,,,,,Varg,Bete utan stängsel,Fältkontroll - SNO,Bedömd som säker,1-3416,Havsjømoen,6656603,325005,6661045,1280063,WGS84-UTM Zon 33,Mindre bra,2004.12.17,Nej,,2004.12.17,1-3416,Eidskog (N),1-34,Innlandet (N)
Norway,K318638,2005.01.19,Ja,2005.01.20,Jakthund,Annan,Dachs-Strihåret,2005.01.19,2005.01.19,Nej,Hona,Över 2 år,1,Död,,,,,,,,,,,,,Varg,Bete utan stängsel,Fältkontroll - SNO,Bedömd som säker,1-3416,Hundekollen,6655308,328201,6659711,1283245,WGS84-UTM Zon 33,Mindre bra,2005.01.28,Nej,,2005.01.28,1-3416,Eidskog (N),1-34,Innlandet (N)
Norway,K466865,2015.12.13,Ja,2015.12.16,Jakthund,Annan,Drever,2015.12.13,2015.12.13,Nej,Hane,Över 2 år,1,Död,,,,,,,,,,,,,Varg,Bete utan stängsel,Fältkontroll - SNO,Dokumenterad,1-3416,,6648606,347902,6652765,1302875,WGS84-UTM Zon 33,Mindre bra,2015.12.16,Ja,2016.05.31,2015.12.17,1-3416,Eidskog (N),1-34,Innlandet (N)
Norway,K474041,2017.02.05,Ja,2017.02.05,Jakthund,Annan,Jack russell,2017.02.04,2017.02.05,Nej,Hane,Över 2 år,1,Död,,,,,,,,,,,,,Varg,Bete utan stängsel,Fältkontroll - SNO,Dokumenterad,1-3416,Gaustadsætervegen 280,6646956,342097,6651185,1297047,WGS84-UTM Zon 33,Mindre bra,2017.02.05,Ja,2017.02.10,2017.02.10,1-3416,Eidskog (N),1-34,Innlandet (N)
Norway,K480098,2017.09.10,Ja,2017.09.11,Jakthund,Annan,Drever,2017.09.10,2017.09.10,Nej,Hane,Över 2 år,1,Död,,,,,,,,,,,,,Varg,Bete utan stängsel,Fältkontroll - SNO,Dokumenterad,1-3416,Eidskog,6651122,343245,6655339,1298246,WGS84-UTM Zon 33,Mindre bra,2017.09.11,Ja,2017.09.18,2017.09.18,1-3416,Eidskog (N),1-34,Innlandet (N)
Norway,K311757,2003.11.12,Ja,2003.11.12,Jakthund,Annan,Finskstøver,2003.11.12,2003.11.12,Nej,Hona,Över 2 år,1,Död,,,,,,,,,,,,,Varg,Bete utan stängsel,Fältkontroll - SNO,Dokumenterad,1-3417,Morttjernet,6712900,351700,6717046,1307461,WGS84-UTM Zon 33,Mindre bra,2003.11.14,Nej,,2003.11.14,1-3417,Grue (N),1-34,Innlandet (N)
Norway,K408828,2007.11.24,Ja,2007.11.27,Jakthund,Annan,Russisk Europeisk Laika,2007.11.24,2007.11.24,Ja,Okänt,Över 2 år,1,Skadad,,,,,,,,,,,,,Varg,Bete utan stängsel,Fältkontroll - SNO,Dokumenterad,1-3417,Aurbekken,6700900,342400,6705154,1298009,WGS84-UTM Zon 33,Mindre bra,2007.11.30,Nej,,2007.11.30,1-3417,Grue (N),1-34,Innlandet (N)
Norway,K322816,2005.09.03,Ja,2005.09.03,Jakthund,Annan,Luzernstøver,2005.09.03,2005.09.03,Nej,Hona,Över 2 år,1,Avlivad,,,,,,,,,,,,,Varg,Bete utan stängsel,Fältkontroll - SNO,Dokumenterad,1-3418,Haraldsåsen,6738400,340000,6742703,1296068,WGS84-UTM Zon 33,Mindre bra,2005.09.07,Nej,,2005.09.23,1-3418,Åsnes (N),1-34,Innlandet (N)
Norway,K408601,2007.11.03,Ja,2007.11.03,Jakthund,Annan,Harehund,2007.11.02,2007.11.02,Nej,Hane,Över 2 år,1,Död,,,,,,,,,,,,,Varg,Bete utan stängsel,Fältkontroll - SNO,Dokumenterad,1-3418,Kortgardsåsen,6738500,351300,6742664,1307375,WGS84-UTM Zon 33,Mindre bra,2007.11.09,Ja,2016.05.31,2007.11.09,1-3418,Åsnes (N),1-34,Innlandet (N)
Norway,K422573,2009.09.10,Ja,2009.09.25,Jakthund,Annan,Finskstøver,2009.09.10,2009.09.10,Nej,Hona,Över 2 år,1,Död,,,,,,,,,,,,,Varg,Bete utan stängsel,Fältkontroll - SNO,Dokumenterad,1-3418,Høgsjøberget,6747179,351782,6751269,1307817,WGS84-UTM Zon 33,Mindre bra,2009.10.02,Ja,2016.05.31,2009.10.02,1-3418,Åsnes (N),1-34,Innlandet (N)
Norway,K430666,2010.10.07,Ja,2010.10.07,Jakthund,Annan,Norsk Elghund Grå,2010.10.07,2010.10.07,Nej,Hane,Över 2 år,1,Död,,,,,,,,,,,,,Varg,Bete utan stängsel,Fältkontroll - SNO,Dokumenterad,1-3418,Persæterberget,6739900,341500,6744114,1297441,WGS84-UTM Zon 33,Mindre bra,2010.10.13,Ja,2016.05.31,2010.10.13,1-3418,Åsnes (N),1-34,Innlandet (N)
Norway,K499741,2018.09.11,Ja,2018.09.11,Jakthund,,NGE,2018.09.10,2018.09.10,Nej,Hona,Över 2 år,1,Skadad,,,,,,,,,,,,,Varg,Bete utan stängsel,Fältkontroll - SNO,Dokumenterad,1-3418,Svartåsen,6738410,339114,6742724,1295182,WGS84-UTM Zon 33,Mindre bra,2018.09.18,Ja,2018.09.18,2018.09.18,1-3418,Åsnes (N),1-34,Innlandet (N)
Norway,K521222,2022.03.27,Ja,2022.03.27,Jakthund,Annan,Begel,2022.03.27,2022.03.27,Nej,Hona,Över 2 år,1,Död,,,,,,,,,,,,,Varg,Bete utan stängsel,Fältkontroll - SNO,Dokumenterad,1-3418,,6721122,354605,6725236,1310469,WGS84-UTM Zon 33,Mindre bra,2022.03.27,Ja,2022.03.27,2022.03.27,1-3418,Åsnes (N),1-34,Innlandet (N)
Norway,K525227,2022.10.10,Ja,2022.10.10,Jakthund,,NGE,2022.10.10,2022.10.10,Nej,Hona,Över 2 år,1,Skadad,,,,,,,,,,,,,Varg,Inmark (endast Norge),Fältkontroll - SNO,Bedömd som säker,1-3418,Balkerasta,6733157,350616,6737327,1306625,WGS 84 (Lat/Long),Mindre bra,2022.10.13,Ja,2022.10.13,2022.10.13,1-3418,Åsnes (N),1-34,Innlandet (N)
Norway,K400511,2006.11.20,Ja,2006.11.21,Jakthund,Annan,Drever,2006.11.19,2006.11.19,Nej,Hane,Över 2 år,1,Död,,,,,,,,,,,,,Varg,Bete utan stängsel,Fältkontroll - SNO,Dokumenterad,1-3419,Ranumsberget,6736111,334071,6740485,1290108,WGS84-UTM Zon 33,Mindre bra,2006.12.04,Ja,2016.05.31,2006.12.04,1-3419,Våler i Innlandet (N),1-34,Innlandet (N)
Norway,K401047,2007.01.30,Ja,2007.01.30,Jakthund,Annan,Drever,2007.01.30,2007.01.30,Nej,Hane,Över 2 år,1,Död,,,,,,,,,,,,,Varg,Bete utan stängsel,Fältkontroll - SNO,Dokumenterad,1-3419,Ranumsberget,6736972,333447,6741355,1289494,WGS84-UTM Zon 33,Mindre bra,2007.02.21,Nej,,2007.10.17,1-3419,Våler i Innlandet (N),1-34,Innlandet (N)
Norway,K311753,2003.09.07,Ja,2003.09.07,Jakthund,Annan,,2003.09.07,2003.09.07,Ja,Hane,Över 2 år,1,Skadad,,,,,,,,,,,,,Varg,Bete utan stängsel,Fältkontroll - SNO,Bedömd som säker,1-3420,Agåsen nord,6753384,326416,6757862,1282662,WGS84-UTM Zon 33,Mindre bra,2003.11.14,Nej,,2003.11.20,1-3420,Elverum (N),1-34,Innlandet (N)
Norway,K318442,2004.11.06,Ja,2004.11.08,Jakthund,Annan,Hamiltonstøver,2004.11.06,2004.11.06,Ja,Hane,Över 2 år,1,Skadad,,,,,,,,,,,,,Varg,Bete utan stängsel,Fältkontroll - SNO,Bedömd som säker,1-3420,Korpåsen,6759896,334244,6764281,1290574,WGS84-UTM Zon 33,Mindre bra,2004.12.17,Nej,,2004.12.17,1-3420,Elverum (N),1-34,Innlandet (N)
Norway,K324542,2005.09.26,Ja,2005.09.27,Jakthund,Annan,NEG,2005.09.26,2005.09.26,Nej,Hona,Över 2 år,1,Död,,,,,,,,,,,,,Varg,Bete utan stängsel,Fältkontroll - SNO,Dokumenterad,1-3420,Godbakken sør,6767497,309432,6772192,1265842,WGS84-UTM Zon 33,Mindre bra,2005.10.12,Nej,,2005.10.26,1-3420,Elverum (N),1-34,Innlandet (N)
Norway,K324970,2005.10.09,Ja,2005.10.09,Jakthund,Annan,Smålandstøver,2005.10.09,2005.10.09,Nej,Hane,Över 2 år,1,Död,,,,,,,,,,,,,Varg,Bete utan stängsel,Fältkontroll - SNO,Dokumenterad,1-3420,Nupberget,6773446,328861,6777905,1285355,WGS84-UTM Zon 33,Mindre bra,2005.10.19,Nej,,2005.10.19,1-3420,Elverum (N),1-34,Innlandet (N)
Norway,K325003,2005.10.17,Ja,2005.10.17,Jakthund,Annan,NEG,2005.10.17,2005.10.17,Nej,Hona,Över 2 år,1,Död,,,,,,,,,,,,,Varg,Bete utan stängsel,Fältkontroll - SNO,Dokumenterad,1-3420,Vinterkjølen,6775601,319619,6780175,1276135,WGS84-UTM Zon 33,Mindre bra,2005.10.19,Nej,,2005.10.19,1-3420,Elverum (N),1-34,Innlandet (N)
Norway,K466639,2015.11.03,Ja,2015.11.03,Jakthund,Annan,Grå elghund.,2015.11.01,2015.11.01,Nej,Hona,Över 2 år,1,Död,,,,,,,,,,,,,Varg,Bete utan stängsel,Fältkontroll - SNO,Dokumenterad,1-3420,Svanåsen,6765669,311441,6770338,1267830,WGS84-UTM Zon 32,Mindre bra,2015.11.03,Ja,2016.05.31,2015.11.04,1-3420,Elverum (N),1-34,Innlandet (N)
Norway,K474011,2017.02.01,Ja,2017.02.02,Jakthund,Annan,Hamiltonstøver,2017.02.01,2017.02.01,Nej,Hane,Över 2 år,1,Skadad,,,,,,,,,,,,,Varg,Bete utan stängsel,Fältkontroll - Rovviltkontakt,Dokumenterad,1-3420,Nysætra sørøst,6754667,322560,6759193,1278819,WGS84-UTM Zon 32,Mindre bra,2017.02.02,Ja,2017.02.10,2017.02.10,1-3420,Elverum (N),1-34,Innlandet (N)
Norway,K525779,2022.12.13,Ja,2022.12.13,Jakthund,Annan,NGE,2022.12.12,2022.12.12,Nej,Hona,Över 2 år,1,Skadad,,,,,,,,,,,,,Varg,Bete utan stängsel,Fältkontroll - SNO,Dokumenterad,1-3420,Bjønåsen,6768446,314729,6773076,1271154,ED50-UTM Zon 33,Mindre bra,2022.12.19,Ja,2022.12.19,2022.12.19,1-3420,Elverum (N),1-34,Innlandet (N)
Norway,K406671,2007.09.15,Ja,2007.09.16,Jakthund,Annan,Finsk støver,2007.09.15,2007.09.15,Nej,Hane,Över 2 år,1,Död,,,,,,,,,,,,,Varg,Bete utan stängsel,Fältkontroll - SNO,Dokumenterad,1-3421,Rolvsbuberget,6784200,339100,6788538,1295732,WGS84-UTM Zon 33,Mindre bra,2007.09.19,Nej,,2007.10.17,1-3421,Trysil (N),1-34,Innlandet (N)
Norway,K431284,2010.10.29,Ja,2010.10.30,Jakthund,Annan,Norsk Elghund Grå,2010.10.29,2010.10.29,Nej,Hane,Över 2 år,1,Död,,,,,,,,,,,,,Varg,Bete utan stängsel,Fältkontroll - SNO,Dokumenterad,1-3421,Ulvsjøberget nord,6797552,339013,6801819,1295665,WGS84-UTM Zon 32,Mindre bra,2010.11.02,Ja,2016.05.31,2010.11.18,1-3421,Trysil (N),1-34,Innlandet (N)
Norway,K431520,2010.11.17,Ja,2010.11.18,Jakthund,Annan,Luzern-/Finskstøver,2010.11.17,2010.11.17,Nej,Hane,Över 2 år,1,Död,,,,,,,,,,,,,Varg,Bete utan stängsel,Fältkontroll - SNO,Dokumenterad,1-3421,Tørberget,6782053,339590,6786251,1296048,WGS84-UTM Zon 33,Mindre bra,2010.11.29,Ja,2016.05.31,2011.05.23,1-3421,Trysil (N),1-34,Innlandet (N)
Norway,K436340,2011.08.18,Nej,,Jakthund,Annan,Hamiltonstøver,2011.08.18,2011.08.18,Ja,Hona,Över 2 år,1,Död,,,,,,,,,,,,,Varg,Bete utan stängsel,Fältkontroll - SNO,Dokumenterad,1-3421,Bastberget,6779176,345066,6783305,1301490,WGS84-UTM Zon 33,Mindre bra,2011.08.25,Ja,2016.05.31,2011.09.12,1-3421,Trysil (N),1-34,Innlandet (N)
Norway,K459451,2014.09.16,Ja,2014.09.16,Jakthund,Annan,Drever,2014.09.16,2014.09.16,Nej,Hane,Över 2 år,1,Död,,,,,,,,,,,,,Varg,Bete utan stängsel,Fältkontroll - SNO,Dokumenterad,1-3421,Grøna,6778742,371365,6782679,1327946,WGS84-UTM Zon 33,Mindre bra,2014.09.16,Ja,2016.05.31,2014.09.17,1-3421,Trysil (N),1-34,Innlandet (N)
Norway,K460644,2014.11.21,Ja,2014.11.21,Jakthund,Annan,Beagel,2014.11.21,2014.11.21,Nej,Hane,Över 2 år,1,Död,,,,,,,,,,,,,Varg,Bete utan stängsel,Fältkontroll - SNO,Dokumenterad,1-3421,Tjærnmyra,6785708,329490,6790165,1286135,WGS84-UTM Zon 32,Mindre bra,2014.11.23,Ja,2016.05.31,2014.11.25,1-3421,Trysil (N),1-34,Innlandet (N)
Norway,K460674,2014.12.04,Ja,2014.12.05,Jakthund,Annan,Border Terrier,2014.12.04,2014.12.04,Nej,Hane,Över 2 år,1,Död,,,,,,,,,,,,,Varg,Bete utan stängsel,Fältkontroll - SNO,Dokumenterad,1-3421,Øiensjøfoss,6782364,346527,6786609,1303140,WGS84-UTM Zon 33,Mindre bra,2014.12.05,Ja,2016.05.31,2015.01.06,1-3421,Trysil (N),1-34,Innlandet (N)
Norway,K466553,2015.09.13,Ja,2015.09.13,Jakthund,Annan,Dunker,2015.09.13,2015.09.13,Nej,Hona,Över 2 år,1,Död,,,,,,,,,,,,,Varg,Bete utan stängsel,Fältkontroll - SNO,Dokumenterad,1-3421,Bustberget,6775279,372841,6779196,1329380,WGS84-UTM Zon 33,Exakt,2015.10.26,Ja,2016.05.31,2015.10.27,1-3421,Trysil (N),1-34,Innlandet (N)
Norway,K332240,2006.09.28,Ja,2006.09.28,Jakthund,Annan,Norsk elghund grå,2006.09.27,2006.09.27,Nej,Hona,Över 2 år,1,Död,,,,,,,,,,,,,Varg,Bete utan stängsel,Fältkontroll - SNO,Dokumenterad,1-3422,Slemdalen,6814820,318007,6819435,1275006,WGS84-UTM Zon 33,Mindre bra,2006.10.18,Nej,,2006.11.13,1-3422,Åmot (N),1-34,Innlandet (N)
Norway,K408811,2007.11.08,Ja,2007.11.08,Jakthund,Annan,Norsk elghund grå,2007.11.08,2007.11.08,Nej,Hane,Över 2 år,1,Död,,,,,,,,,,,,,Varg,Bete utan stängsel,Fältkontroll - SNO,Dokumenterad,1-3422,Østersjøen s.,6779170,309199,6783874,1265753,WGS84-UTM Zon 33,Mindre bra,2007.11.28,Ja,2016.05.31,2007.12.06,1-3422,Åmot (N),1-34,Innlandet (N)
Norway,K430962,2010.10.16,Ja,2010.10.16,Jakthund,Annan,NEG,2010.10.16,2010.10.16,Nej,Hane,Över 2 år,1,Död,,,,,,,,,,,,,Varg,Bete utan stängsel,Fältkontroll - SNO,Dokumenterad,1-3422,"Skarven, Regionfelt Østlandet.",6813247,310655,6817872,1267490,WGS84-UTM Zon 32,Mindre bra,2010.10.21,Ja,2016.05.31,2010.10.21,1-3422,Åmot (N),1-34,Innlandet (N)
Norway,K438355,2011.09.17,Ja,2011.09.17,Jakthund,Annan,Finsk spets,2011.09.17,2011.09.17,Nej,Hona,Över 2 år,1,Död,,,,,,,,,,,,,Varg,Bete utan stängsel,Fältkontroll - SNO,Dokumenterad,1-3422,Venberget,6787519,317037,6791999,1273552,WGS84-UTM Zon 32,Mycket bra,2011.10.26,Ja,2016.05.31,2011.10.28,1-3422,Åmot (N),1-34,Innlandet (N)
Norway,K439341,2012.03.03,Ja,2012.03.03,Jakthund,Annan,Norsk elghund grå,2012.03.03,2012.03.03,Nej,Hane,Över 2 år,1,Död,,,,,,,,,,,,,Varg,Bete utan stängsel,Fältkontroll - SNO,Dokumenterad,1-3422,Øgle Viken,6796747,303300,6801401,1259923,WGS84-UTM Zon 32,Mycket bra,2012.03.12,Ja,2016.05.31,2012.03.14,1-3422,Åmot (N),1-34,Innlandet (N)
Norway,K445323,2012.11.17,Ja,2012.11.18,Jakthund,Annan,Norsk elghund grå,2012.11.17,2012.11.17,Nej,Hane,Över 2 år,1,Död,,,,,,,,,,,,,Varg,Bete utan stängsel,Fältkontroll - SNO,Dokumenterad,1-3422,Løsset vestside,6814199,301904,6819013,1258887,WGS84-UTM Zon 32,Mindre bra,2012.11.25,Ja,2016.05.31,2012.11.29,1-3422,Åmot (N),1-34,Innlandet (N)
Norway,K460647,2014.11.22,Ja,2014.11.23,Jakthund,Annan,Norsk elghund grå,2014.11.22,2014.11.22,Nej,Hona,Över 2 år,1,Död,,,,,,,,,,,,,Varg,Bete utan stängsel,Fältkontroll - SNO,Dokumenterad,1-3422,Langmyra,6798923,306638,6803670,1263435,WGS84-UTM Zon 32,Mindre bra,2014.11.24,Ja,2016.05.31,2014.11.25,1-3422,Åmot (N),1-34,Innlandet (N)
Norway,K473028,2016.09.25,Ja,2016.09.25,Jakthund,Annan,Norsk elghund grå,2016.09.25,2016.09.25,Nej,Hane,Över 2 år,1,Död,,,,,,,,,,,,,Varg,Bete utan stängsel,Fältkontroll - Rovviltkontakt,Dokumenterad,1-3422,Burusjøen,6816981,320718,6821563,1277745,WGS84-UTM Zon 32,Mindre bra,2016.10.14,Ja,2016.10.17,2016.10.21,1-3422,Åmot (N),1-34,Innlandet (N)
Norway,K480242,2017.09.16,Ja,2017.09.16,Jakthund,Annan,Norsk elghund grå,2017.09.16,2017.09.16,Nej,Hane,Över 2 år,1,Död,,,,,,,,,,,,,Varg,Bete utan stängsel,Fältkontroll - Rovviltkontakt,Dokumenterad,1-3422,Gardberget,6809725,323162,6814273,1280101,WGS84-UTM Zon 32,Mindre bra,2017.09.18,Ja,2017.09.18,2017.09.18,1-3422,Åmot (N),1-34,Innlandet (N)
Norway,K480599,2017.09.29,Ja,2017.09.30,Jakthund,Annan,Jæmthund,2017.09.25,2017.09.25,Nej,Hane,Över 2 år,1,Avlivad,,,,,,,,,,,,,Varg,Bete utan stängsel,Intervju/brev,Dokumenterad,1-3422,Glesåkampen,6813161,307679,6817903,1264652,WGS84-UTM Zon 32,Dålig,2017.10.02,Ja,2017.11.06,2017.11.06,1-3422,Åmot (N),1-34,Innlandet (N)
Norway,K480970,2017.10.21,Ja,2017.10.21,Jakthund,Annan,Norsk elghund grå,2017.10.21,2017.10.21,Nej,Hane,Över 2 år,1,Död,,,,,,,,,,,,,Varg,Bete utan stängsel,Fältkontroll - Rovviltkontakt,Dokumenterad,1-3422,Storkjølen,6774938,298077,6779778,1254573,WGS84-UTM Zon 32,Mindre bra,2017.10.24,Ja,2017.11.06,2017.11.06,1-3422,Åmot (N),1-34,Innlandet (N)
Norway,K208783,2001.01.24,Ja,2001.02.01,Jakthund,Annan,Finsk støver,2001.01.24,2001.01.24,Nej,Okänt,Okänd ålder,1,Död,,,,,,,,,,,,,Varg,Bete utan stängsel,Fältkontroll - SNO,Dokumenterad,1-3423,Skårnsjøen,6829081,294079,6834000,1251242,WGS84-UTM Zon 33,Mindre bra,2001.12.05,Nej,,2001.12.05,1-3423,Stor-Elvdal (N),1-34,Innlandet (N)
Norway,K311925,1997.10.19,Ja,1997.10.19,Jakthund,Annan,,1997.10.19,1997.10.19,Nej,Hane,Över 2 år,1,Död,,,,,,,,,,,,,Varg,Bete utan stängsel,Fältkontroll - SNO,Dokumenterad,1-3423,Rokksætra,6839908,291092,6844871,1248387,WGS84-UTM Zon 33,Mindre bra,2003.12.30,Nej,,2003.12.30,1-3423,Stor-Elvdal (N),1-34,Innlandet (N)
Norway,K311926,1997.11.02,Ja,1997.11.04,Jakthund,Annan,,1997.11.02,1997.11.02,Nej,Hona,Över 2 år,1,Död,,,,,,,,,,,,,Varg,Bete utan stängsel,Fältkontroll - SNO,Dokumenterad,1-3423,Rokksætra N,6840802,292280,6845750,1249587,WGS84-UTM Zon 33,Mindre bra,2003.12.30,Nej,,2003.12.30,1-3423,Stor-Elvdal (N),1-34,Innlandet (N)
Norway,K311928,1998.09.19,Ja,1998.09.19,Jakthund,Annan,,1998.09.19,1998.09.19,Nej,Hona,Över 2 år,1,Död,,,,,,,,,,,,,Varg,Bete utan stängsel,Fältkontroll - SNO,Dokumenterad,1-3423,Tresdalen,6838262,289332,6843245,1246606,WGS84-UTM Zon 33,Mindre bra,2003.12.30,Nej,,2003.12.30,1-3423,Stor-Elvdal (N),1-34,Innlandet (N)
Norway,K311931,1998.12.29,Ja,1998.12.31,Jakthund,Annan,,1998.12.29,1998.12.29,Nej,Hane,Över 2 år,1,Död,,,,,,,,,,,,,Varg,Bete utan stängsel,Fältkontroll - SNO,Dokumenterad,1-3423,Atndalen,6859978,269638,6865219,1227170,WGS84-UTM Zon 33,Mindre bra,2003.12.30,Nej,,2003.12.30,1-3423,Stor-Elvdal (N),1-34,Innlandet (N)
Norway,K519655,2021.11.20,Ja,2021.11.20,Jakthund,,Jämthund,2021.11.20,2021.11.20,Nej,Hane,Över 2 år,1,Död,,,,,,,,,,,,,Varg,Bete utan stängsel,Fältkontroll - SNO,Dokumenterad,1-3423,Granåsen/Koppangskjølen ,6854351,286437,6859380,1243909,WGS84-UTM Zon 32,Mindre bra,2021.11.20,Ja,2021.12.14,2021.12.14,1-3423,Stor-Elvdal (N),1-34,Innlandet (N)
Norway,K206456,2000.11.17,Ja,2000.11.17,Jakthund,Annan,Drever,2000.11.16,2000.11.16,Nej,Hona,Över 2 år,1,Död,,,,,,,,,,,,,Varg,Bete utan stängsel,Fältkontroll - SNO,Bedömd som säker,1-3424,Elvål,6874296,291864,6879268,1249587,WGS84-UTM Zon 33,Mindre bra,2000.12.05,Nej,,2000.11.27,1-3424,Rendalen (N),1-34,Innlandet (N)
Norway,K208325,2001.01.20,Ja,2001.01.20,Jakthund,Annan,Elgh.,2001.01.20,2001.01.20,Nej,Hona,Över 2 år,1,Död,,,,,,,,,,,,,Varg,Bete utan stängsel,Fältkontroll - SNO,Dokumenterad,1-3424,Østagrenda,6867208,295696,6872129,1253333,WGS84-UTM Zon 33,Mindre bra,2001.12.04,Nej,,2001.12.04,1-3424,Rendalen (N),1-34,Innlandet (N)
Norway,K311929,1998.10.20,Ja,1998.10.20,Jakthund,Annan,,1998.10.20,1998.10.20,Nej,Hane,Över 2 år,1,Död,,,,,,,,,,,,,Varg,Bete utan stängsel,Fältkontroll - SNO,Dokumenterad,1-3424,Nysætra,6856178,294405,6861109,1251904,WGS84-UTM Zon 33,Mindre bra,2003.12.30,Nej,,2003.12.30,1-3424,Rendalen (N),1-34,Innlandet (N)
Norway,K311930,1998.12.04,Ja,1998.12.06,Jakthund,Annan,,1998.12.04,1998.12.04,Nej,Hane,Över 2 år,1,Död,,,,,,,,,,,,,Varg,Bete utan stängsel,Fältkontroll - SNO,Dokumenterad,1-3424,Hanestad V,6862313,281309,6867410,1238877,WGS84-UTM Zon 33,Mindre bra,2003.12.30,Nej,,2003.12.30,1-3424,Rendalen (N),1-34,Innlandet (N)
Norway,K408139,2007.10.10,Ja,2007.10.10,Jakthund,Annan,Støver,2007.10.10,2007.10.10,Nej,Hona,Över 2 år,1,Död,,,,,,,,,,,,,Varg,Bete utan stängsel,Fältkontroll - SNO,Dokumenterad,1-3424,Flendammen,6830496,310313,6835215,1267502,WGS84-UTM Zon 33,Mindre bra,2007.10.22,Ja,2016.05.31,2007.11.12,1-3424,Rendalen (N),1-34,Innlandet (N)
Norway,K415773,2008.11.08,Ja,2008.11.08,Jakthund,Annan,Engels setter,2008.11.08,2008.11.08,Nej,Hane,Över 2 år,1,Avlivad,,,,,,,,,,,,,Varg,Bete utan stängsel,Fältkontroll - SNO,Dokumenterad,1-3424,Drykkjedalen,6827870,310473,6832504,1267490,WGS84-UTM Zon 33,Mindre bra,2008.11.26,Ja,2016.05.31,2008.11.26,1-3424,Rendalen (N),1-34,Innlandet (N)
Norway,K415851,2008.11.30,Ja,2008.11.30,Jakthund,Annan,Finsk støver,2008.11.30,2008.11.30,Nej,Hane,Över 2 år,1,Död,,,,,,,,,,,,,Varg,Bete utan stängsel,Fältkontroll - SNO,Dokumenterad,1-3424,Nyberget,6844224,301523,6848976,1258739,WGS84-UTM Zon 32,Mindre bra,2008.12.01,Ja,2016.05.31,2009.06.12,1-3424,Rendalen (N),1-34,Innlandet (N)
Norway,K466527,2015.09.25,Ja,2015.10.03,Jakthund,Annan,Norsk grå elghund,2015.09.25,2015.09.25,Nej,Hane,Över 2 år,1,Död,,,,,,,,,,,,,Varg,Bete utan stängsel,Fältkontroll - SNO,Dokumenterad,1-3424,Vesle Byringen,6823345,312678,6828031,1269780,WGS84-UTM Zon 32,Mindre bra,2015.10.23,Ja,2016.05.31,2015.10.23,1-3424,Rendalen (N),1-34,Innlandet (N)
Norway,K466560,2015.10.17,Ja,2015.10.17,Jakthund,Annan,Jemthund,2015.10.17,2015.10.17,Nej,Hona,Över 2 år,1,Död,,,,,,,,,,,,,Varg,Bete utan stängsel,Fältkontroll - SNO,Dokumenterad,1-3424,syd vest for andtjernet,6828881,302795,6833692,1259961,WGS84-UTM Zon 32,Exakt,2015.10.27,Nej,,2015.11.04,1-3424,Rendalen (N),1-34,Innlandet (N)
Norway,K472433,2016.09.07,Nej,,Jakthund,Annan,Drever,2016.09.07,2016.09.07,Nej,Hane,Över 2 år,1,Död,,,,,,,,,,,,,Varg,Bete utan stängsel,Fotodokumentation,Dokumenterad,1-3424,Fuglåsen,6820254,307120,6825007,1264181,WGS84-UTM Zon 32,Mindre bra,2016.09.20,Ja,2017.02.10,2017.02.10,1-3424,Rendalen (N),1-34,Innlandet (N)
Norway,K473124,2016.09.29,Ja,2016.09.29,Jakthund,Annan,Jæmthund,2016.09.29,2016.09.29,Nej,Hane,Över 2 år,1,Död,,,,,,,,,,,,,Varg,Bete utan stängsel,Fältkontroll - Rovviltkontakt,Dokumenterad,1-3424,"Skramslitjønn, N. Løsset",6817385,308951,6822114,1265977,WGS84-UTM Zon 32,Mindre bra,2016.10.21,Ja,2017.02.10,2017.02.10,1-3424,Rendalen (N),1-34,Innlandet (N)
Norway,K505928,2019.09.28,Ja,2019.09.28,Jakthund,,norsk grå elghund,2019.09.26,2019.09.26,Nej,Hane,Över 2 år,1,Död,,,,,,,,,,,,,Varg,Bete utan stängsel,Fältkontroll - SNO,Dokumenterad,1-3424,Hanakammen ,6886636,295428,6891571,1253306,WGS84-UTM Zon 32,Mindre bra,2019.09.29,Ja,2019.09.30,2019.09.30,1-3424,Rendalen (N),1-34,Innlandet (N)
Norway,K519642,2021.11.17,Ja,2021.11.17,Jakthund,,Norsk grå elghund,2021.11.17,2021.11.17,Nej,Hona,Över 2 år,1,Död,,,,,,,,,,,,,Varg,Bete utan stängsel,Fältkontroll - SNO,Dokumenterad,1-3424,Storsjølia,6822833,299874,6827677,1256963,WGS84-UTM Zon 32,Mindre bra,2021.11.18,Ja,2021.11.18,2021.11.18,1-3424,Rendalen (N),1-34,Innlandet (N)
Norway,K400895,2007.01.03,Ja,2007.01.03,Jakthund,Annan,Engelsk setter,2006.12.31,2006.12.31,Nej,Hona,Över 2 år,1,Död,,,,,,,,,,,,,Varg,Bete utan stängsel,Fältkontroll - SNO,Dokumenterad,1-3425,Torbermyra,6863514,331246,6867991,1288856,WGS84-UTM Zon 33,Mindre bra,2007.02.07,Ja,2016.05.31,2007.10.25,1-3425,Engerdal (N),1-34,Innlandet (N)
Norway,K476813,2016.10.01,Ja,2016.10.01,Jakthund,Annan,Norsk grå elghund,2016.10.01,2016.10.01,Nej,Hona,Över 2 år,1,Skadad,,,,,,,,,,,,,Varg,Bete utan stängsel,Fotodokumentation,Dokumenterad,1-3425,Blakstøtlandet,6847856,344584,6852159,1302007,WGS84-UTM Zon 33,Mindre bra,2017.06.01,Nej,,2017.06.01,1-3425,Engerdal (N),1-34,Innlandet (N)
Norway,K472871,2016.10.05,Ja,2016.10.05,Jakthund,Annan,Hamilton Dunker,2016.10.05,2016.10.05,Nej,Hane,Över 2 år,1,Skadad,,,,,,,,,,,,,Varg,Bete utan stängsel,Fältkontroll - SNO,Dokumenterad,1-3448,"Hasvoldsetra, Nordsinniåsen",6762526,226803,6768237,1183102,WGS84-UTM Zon 32,Mycket bra,2016.10.05,Ja,2016.10.25,2016.10.25,1-3448,Nordre Land (N),1-34,Innlandet (N)
Norway,K460855,2015.01.07,Ja,2015.01.12,Jakthund,Annan,Drever,2015.01.05,2015.01.05,Nej,Hona,Över 2 år,1,Död,,,,,,,,,,,,,Varg,Bete utan stängsel,Fältkontroll - SNO,Dokumenterad,1-3807,Blåfjell,6595881,193564,6601886,1147801,WGS84-UTM Zon 33,Mindre bra,2015.01.15,Nej,,2015.01.15,1-3807,Skien (N),1-38,Vestfold og Telemark (N)
Norway,K409123,2007.11.12,Ja,2007.11.12,Jakthund,Annan,Gråhund,2007.11.11,2007.11.11,Nej,Hane,Över 2 år,1,Död,,,,,,,,,,,,,Varg,Bete utan stängsel,Fältkontroll - SNO,Bedömd som säker,1-3815,Korrkjønnane,6555813,154099,6562225,1107693,WGS84-UTM Zon 33,Mindre bra,2008.02.07,Nej,,2008.03.31,1-3815,Drangedal (N),1-38,Vestfold og Telemark (N)
Norway,K400638,2006.12.25,Ja,2006.12.26,Jakthund,Annan,,2006.12.22,2006.12.22,Nej,Hane,Över 2 år,1,Död,,,,,,,,,,,,,Varg,Bete utan stängsel,Fältkontroll - SNO,Bedömd som säker,1-4204,Kleivset,6466136,69509,6473540,1022080,WGS84-UTM Zon 33,Mindre bra,2006.01.05,Ja,2016.05.31,2007.01.05,1-4204,Kristiansand (N),1-42,Agder (N)
Norway,K453834,2013.12.08,Ja,2013.12.10,Jakthund,Annan,Drever,2013.12.08,2013.12.08,Ja,Hane,Över 2 år,1,Avlivad,,,,,,,,,,,,,Varg,Bete utan stängsel,Fältkontroll - SNO,Dokumenterad,1-4217,Berås,6520054,121217,6526879,1074481,WGS84-UTM Zon 33,Mindre bra,2014.01.03,Ja,2016.05.31,2014.01.03,1-4217,Åmli (N),1-42,Agder (N)
Norway,K465030,2015.08.23,Ja,2015.08.23,Annan hund,Annan,Husky,2015.08.23,2015.08.23,Nej,Hona,Över 2 år,1,Död,,,,,,,,,,,,,Varg,Bete utan stängsel,Fältkontroll - SNO,Bedömd som säker,1-3001,"Jersengen, Kornsjø",6544132,307462,6548725,1261144,WGS84-UTM Zon 32,Mindre bra,2015.08.24,Ja,2017.02.01,2017.02.01,1-3001,Halden (N),1-30,Viken (N)
Norway,K467902,2016.03.13,Ja,2016.03.13,Annan hund,Annan,Dansk-svensk gårdshund,2016.03.12,2016.03.12,Nej,Okänt,Över 2 år,1,Död,,,,,,,,,,,,,Varg,Inmark (endast Norge),Fältkontroll - Rovviltkontakt,Dokumenterad,1-3014,Vang,6606966,262325,6612143,1216742,WGS84-UTM Zon 32,Mindre bra,2016.03.17,Ja,2016.04.15,2016.04.15,1-3014,Indre Østfold (N),1-30,Viken (N)
Norway,K496244,2018.04.27,Nej,,Annan hund,Annan,Pomeranian,2018.04.27,2018.04.27,Nej,Okänt,Okänd ålder,1,Skadad,,,,,,,,,,,,,Varg,Bete utan stängsel,Intervju/brev,Bedömd som säker,1-3030,Fetveien 1857,6634566,289211,6639432,1243980,WGS84-UTM Zon 33,Mindre bra,2018.05.02,Ja,2018.05.08,2018.05.08,1-3030,Lillestrøm (N),1-30,Viken (N)
Norway,K506625,2019.11.12,Ja,2019.11.13,Annan hund,,Dansk-svensk gårdshund,2019.11.12,2019.11.12,Nej,Hane,Över 2 år,1,Skadad,,,,,,,,,,,,,Varg,Inmark (endast Norge),Fältkontroll - SNO,Bedömd som säker,1-3419,Sæter,6730301,325064,6734783,1281025,WGS84-UTM Zon 33,Mindre bra,2019.11.20,Ja,2019.11.20,2019.11.20,1-3419,Våler i Innlandet (N),1-34,Innlandet (N)
Norway,K519955,2022.01.09,Ja,2022.01.09,Annan hund,,Tibitansk spaniel,2022.01.09,2022.01.09,Nej,Hane,Över 2 år,1,Död,,,,,,,,,,,,,Varg,Bete utan stängsel,Fältkontroll - SNO,Dokumenterad,1-3419,Nordhagen,6737449,326408,6741918,1282457,WGS84-UTM Zon 33,Mindre bra,2022.01.07,Ja,2022.01.09,2022.01.09,1-3419,Våler i Innlandet (N),1-34,Innlandet (N)
Norway,K474932,2017.02.09,Ja,2017.02.10,Annan hund,Annan,Chihuahua,2017.02.02,2017.02.02,Nej,Hane,Över 2 år,1,Död,,,,,,,,,,,,,Varg,Inmark (endast Norge),Fältkontroll - Rovviltkontakt,Dokumenterad,1-3421,Nordbrenna,6781447,337710,6785801,1294307,WGS84-UTM Zon 33,Mindre bra,2017.02.11,Ja,2017.03.09,2017.03.09,1-3421,Trysil (N),1-34,Innlandet (N)
,,,,,,,,,,,,,,,,,,,,,,,,,,,,,,,,,,,,,,,,,,,,,,
,,,,,,,,,,,,,,,,,,,,,,,,,,,,,,,,,,,,,,,,,,,,,,
